timestamp,price
2026-04-02 06:15:49+00:00,0.9995
2026-04-02 06:16:44+00:00,0.9995
2026-04-02 06:17:47+00:00,0.9995
2026-04-02 06:18:46+00:00,0.9995
2026-04-02 06:19:59+00:00,0.9995
2026-04-02 06:20:54+00:00,0.9995
2026-04-02 06:21:44+00:00,0.9995
2026-04-02 06:22:42+00:00,0.9995
2026-04-02 06:23:47+00:00,0.9995
2026-04-02 06:24:43+00:00,0.9995
2026-04-02 06:26:07+00:00,0.9995
2026-04-02 06:26:55+00:00,0.9995
2026-04-02 06:27:48+00:00,0.9995
2026-04-02 06:28:55+00:00,0.9995
2026-04-02 06:29:48+00:00,0.9995
2026-04-02 06:30:59+00:00,0.9995
2026-04-02 06:31:47+00:00,0.9995
2026-04-02 06:32:41+00:00,0.9995
2026-04-02 06:33:52+00:00,0.9995
2026-04-02 06:34:56+00:00,0.9995
2026-04-02 06:36:00+00:00,0.9995
2026-04-02 06:36:51+00:00,0.9995
2026-04-02 06:37:43+00:00,0.9995
2026-04-02 06:38:41+00:00,0.9995
2026-04-02 06:39:42+00:00,0.9995
2026-04-02 06:40:45+00:00,0.9995
2026-04-02 06:41:41+00:00,0.9995
2026-04-02 06:42:54+00:00,0.9995
2026-04-02 06:43:41+00:00,0.9995
2026-04-02 06:44:42+00:00,0.9995
2026-04-02 06:45:44+00:00,0.9995
2026-04-02 06:46:41+00:00,0.9995
2026-04-02 06:47:43+00:00,0.9995
2026-04-02 06:48:41+00:00,0.9995
2026-04-02 06:49:42+00:00,0.9995
2026-04-02 06:50:43+00:00,0.9995
2026-04-02 06:51:42+00:00,0.9995
2026-04-02 06:52:41+00:00,0.9995
2026-04-02 06:53:40+00:00,0.9995
2026-04-02 06:54:42+00:00,0.9995
2026-04-02 06:55:44+00:00,0.9995
2026-04-02 06:56:42+00:00,0.9995
2026-04-02 06:57:42+00:00,0.9995
2026-04-02 06:58:41+00:00,0.9995
2026-04-02 06:59:42+00:00,0.9995
2026-04-02 07:00:50+00:00,0.9995
2026-04-02 07:01:54+00:00,0.9995
2026-04-02 07:02:46+00:00,0.9995
2026-04-02 07:03:42+00:00,0.9995
2026-04-02 07:04:41+00:00,0.9995
2026-04-02 07:05:52+00:00,0.9995
2026-04-02 07:06:41+00:00,0.9995
2026-04-02 07:07:41+00:00,0.9995
2026-04-02 07:08:54+00:00,0.9995
2026-04-02 07:09:42+00:00,0.9995
2026-04-02 07:10:44+00:00,0.9995
2026-04-02 07:11:40+00:00,0.9995
2026-04-02 07:12:41+00:00,0.9995
2026-04-02 07:13:41+00:00,0.9995
2026-04-02 07:14:42+00:00,0.9995
2026-04-02 07:15:43+00:00,0.9995
2026-04-02 07:16:57+00:00,0.9995
2026-04-02 07:17:48+00:00,0.9995
2026-04-02 07:18:41+00:00,0.9995
2026-04-02 07:19:41+00:00,0.9995
2026-04-02 07:20:46+00:00,0.9995
2026-04-02 07:21:42+00:00,0.9995
2026-04-02 07:22:42+00:00,0.9995
2026-04-02 07:23:41+00:00,0.9995
2026-04-02 07:24:42+00:00,0.9995
2026-04-02 07:25:44+00:00,0.9995
2026-04-02 07:26:41+00:00,0.9995
2026-04-02 07:27:55+00:00,0.9995
2026-04-02 07:28:46+00:00,0.9995
2026-04-02 07:29:42+00:00,0.9995
2026-04-02 07:30:52+00:00,0.9995
2026-04-02 07:31:41+00:00,0.9995
2026-04-02 07:32:41+00:00,0.9995
2026-04-02 07:33:41+00:00,0.9995
2026-04-02 07:34:43+00:00,0.9995
2026-04-02 07:35:44+00:00,0.9995
2026-04-02 07:36:46+00:00,0.9995
2026-04-02 07:37:54+00:00,0.9995
2026-04-02 07:38:45+00:00,0.9995
2026-04-02 07:39:42+00:00,0.9995
2026-04-02 07:40:52+00:00,0.9995
2026-04-02 07:41:45+00:00,0.9995
2026-04-02 07:42:41+00:00,0.9995
2026-04-02 07:43:41+00:00,0.9995
2026-04-02 07:44:42+00:00,0.9995
2026-04-02 07:45:44+00:00,0.9995
2026-04-02 07:46:41+00:00,0.9995
2026-04-02 07:47:52+00:00,0.9995
2026-04-02 07:48:41+00:00,0.9995
2026-04-02 07:49:56+00:00,0.9995
2026-04-02 07:50:47+00:00,0.9995
2026-04-02 07:51:44+00:00,0.9995
2026-04-02 07:52:41+00:00,0.9995
2026-04-02 07:53:41+00:00,0.9995
2026-04-02 07:54:43+00:00,0.9995
2026-04-02 07:55:59+00:00,0.9995
2026-04-02 07:56:45+00:00,0.9995
2026-04-02 07:57:42+00:00,0.9995
2026-04-02 07:58:42+00:00,0.9995
2026-04-02 07:59:43+00:00,0.9995
2026-04-02 08:00:50+00:00,0.9995
2026-04-02 08:01:43+00:00,0.9995
2026-04-02 08:02:41+00:00,0.9995
2026-04-02 08:03:53+00:00,0.9995
2026-04-02 08:04:45+00:00,0.9995
2026-04-02 08:05:59+00:00,0.9995
2026-04-02 08:06:46+00:00,0.9995
2026-04-02 08:07:41+00:00,0.9995
2026-04-02 08:08:41+00:00,0.9995
2026-04-02 08:09:42+00:00,0.9995
2026-04-02 08:10:45+00:00,0.9995
2026-04-02 08:11:42+00:00,0.9995
2026-04-02 08:12:41+00:00,0.9995
2026-04-02 08:13:41+00:00,0.9995
2026-04-02 08:14:55+00:00,0.9995
2026-04-02 08:15:44+00:00,0.9995
2026-04-02 08:16:41+00:00,0.9995
2026-04-02 08:17:41+00:00,0.9995
2026-04-02 08:18:41+00:00,0.9995
2026-04-02 08:19:42+00:00,0.9995
2026-04-02 08:21:10+00:00,0.9995
2026-04-02 08:22:03+00:00,0.9995
2026-04-02 08:22:48+00:00,0.9995
2026-04-02 08:23:41+00:00,0.9995
2026-04-02 08:24:42+00:00,0.9995
2026-04-02 08:25:46+00:00,0.9995
2026-04-02 08:26:41+00:00,0.9995
2026-04-02 08:27:42+00:00,0.9995
2026-04-02 08:28:41+00:00,0.9995
2026-04-02 08:29:42+00:00,0.9995
2026-04-02 08:30:47+00:00,0.9995
2026-04-02 08:31:40+00:00,0.9995
2026-04-02 08:32:41+00:00,0.9995
2026-04-02 08:33:41+00:00,0.9995
2026-04-02 08:34:42+00:00,0.9995
2026-04-02 08:35:43+00:00,0.9995
2026-04-02 08:36:41+00:00,0.9995
2026-04-02 08:37:54+00:00,0.9995
2026-04-02 08:38:42+00:00,0.9995
2026-04-02 08:39:41+00:00,0.9995
2026-04-02 08:40:45+00:00,0.9995
2026-04-02 08:41:42+00:00,0.9995
2026-04-02 08:42:40+00:00,0.9995
2026-04-02 08:43:41+00:00,0.9995
2026-04-02 08:44:42+00:00,0.9995
2026-04-02 08:45:59+00:00,0.9995
2026-04-02 08:46:58+00:00,0.9995
2026-04-02 08:47:48+00:00,0.9995
2026-04-02 08:48:41+00:00,0.9995
2026-04-02 08:49:42+00:00,0.9995
2026-04-02 08:50:54+00:00,0.9995
2026-04-02 08:51:43+00:00,0.9995
2026-04-02 08:52:41+00:00,0.9995
2026-04-02 08:53:44+00:00,0.9995
2026-04-02 08:54:43+00:00,0.9995
2026-04-02 08:55:44+00:00,0.9995
2026-04-02 08:56:42+00:00,0.9995
2026-04-02 08:57:42+00:00,0.9995
2026-04-02 08:58:55+00:00,0.9995
2026-04-02 08:59:42+00:00,0.9995
2026-04-02 09:00:53+00:00,0.9995
2026-04-02 09:01:42+00:00,0.9995
2026-04-02 09:02:42+00:00,0.9995
2026-04-02 09:03:54+00:00,0.9995
2026-04-02 09:04:42+00:00,0.9995
2026-04-02 09:05:58+00:00,0.9995
2026-04-02 09:06:45+00:00,0.9995
2026-04-02 09:07:42+00:00,0.9995
2026-04-02 09:08:41+00:00,0.9995
2026-04-02 09:09:41+00:00,0.9995
2026-04-02 09:10:44+00:00,0.9995
2026-04-02 09:11:42+00:00,0.9995
2026-04-02 09:12:54+00:00,0.9995
2026-04-02 09:13:46+00:00,0.9995
2026-04-02 09:14:42+00:00,0.9995
2026-04-02 09:15:48+00:00,0.9995
2026-04-02 09:16:42+00:00,0.9995
2026-04-02 09:17:41+00:00,0.9995
2026-04-02 09:18:42+00:00,0.9995
2026-04-02 09:19:41+00:00,0.9995
2026-04-02 09:20:45+00:00,0.9995
2026-04-02 09:21:42+00:00,0.9995
2026-04-02 09:22:42+00:00,0.9995
2026-04-02 09:23:43+00:00,0.9995
2026-04-02 09:24:42+00:00,0.9995
2026-04-02 09:25:45+00:00,0.9995
2026-04-02 09:26:44+00:00,0.9995
2026-04-02 09:27:43+00:00,0.9995
2026-04-02 09:28:44+00:00,0.9995
2026-04-02 09:29:42+00:00,0.9995
2026-04-02 09:30:50+00:00,0.9995
2026-04-02 09:31:43+00:00,0.9995
2026-04-02 09:32:42+00:00,0.9995
2026-04-02 09:33:42+00:00,0.9995
2026-04-02 09:34:42+00:00,0.9995
2026-04-02 09:35:45+00:00,0.9995
2026-04-02 09:36:41+00:00,0.9995
2026-04-02 09:37:42+00:00,0.9995
2026-04-02 09:38:55+00:00,0.9995
2026-04-02 09:39:46+00:00,0.9995
2026-04-02 09:40:53+00:00,0.9995
2026-04-02 09:41:44+00:00,0.9995
2026-04-02 09:42:57+00:00,0.9995
2026-04-02 09:43:46+00:00,0.9995
2026-04-02 09:44:55+00:00,0.9995
2026-04-02 09:45:45+00:00,0.9995
2026-04-02 09:46:43+00:00,0.9995
2026-04-02 09:47:43+00:00,0.9995
2026-04-02 09:48:43+00:00,0.9995
2026-04-02 09:49:42+00:00,0.9995
2026-04-02 09:50:45+00:00,0.9995
2026-04-02 09:51:54+00:00,0.9995
2026-04-02 09:52:41+00:00,0.9995
2026-04-02 09:53:41+00:00,0.9995
2026-04-02 09:54:42+00:00,0.9995
2026-04-02 09:55:44+00:00,0.9995
2026-04-02 09:56:42+00:00,0.9995
2026-04-02 09:57:42+00:00,0.9995
2026-04-02 09:58:42+00:00,0.9995
2026-04-02 09:59:43+00:00,0.9995
2026-04-02 10:00:49+00:00,0.9995
2026-04-02 10:01:41+00:00,0.9995
2026-04-02 10:02:44+00:00,0.9995
2026-04-02 10:03:42+00:00,0.9995
2026-04-02 10:04:54+00:00,0.9995
2026-04-02 10:05:56+00:00,0.9995
2026-04-02 10:06:48+00:00,0.9995
2026-04-02 10:07:56+00:00,0.9995
2026-04-02 10:08:44+00:00,0.9995
2026-04-02 10:09:42+00:00,0.9995
2026-04-02 10:10:45+00:00,0.9995
2026-04-02 10:11:54+00:00,0.9995
2026-04-02 10:12:43+00:00,0.9995
2026-04-02 10:13:42+00:00,0.9995
2026-04-02 10:14:43+00:00,0.9995
2026-04-02 10:15:49+00:00,0.9995
2026-04-02 10:16:44+00:00,0.9995
2026-04-02 10:17:45+00:00,0.9995
2026-04-02 10:18:42+00:00,0.9995
2026-04-02 10:19:42+00:00,0.9995
2026-04-02 10:20:45+00:00,0.9995
2026-04-02 10:21:42+00:00,0.9995
2026-04-02 10:22:42+00:00,0.9995
2026-04-02 10:23:43+00:00,0.9995
2026-04-02 10:24:43+00:00,0.9995
2026-04-02 10:25:45+00:00,0.9995
2026-04-02 10:26:44+00:00,0.9995
2026-04-02 10:27:43+00:00,0.9995
2026-04-02 10:28:43+00:00,0.9995
2026-04-02 10:29:43+00:00,0.9995
2026-04-02 10:30:51+00:00,0.9995
2026-04-02 10:31:43+00:00,0.9995
2026-04-02 10:32:42+00:00,0.9995
2026-04-02 10:33:41+00:00,0.9995
2026-04-02 10:34:43+00:00,0.9995
2026-04-02 10:35:45+00:00,0.9995
2026-04-02 10:36:42+00:00,0.9995
2026-04-02 10:37:55+00:00,0.9995
2026-04-02 10:38:46+00:00,0.9995
2026-04-02 10:39:42+00:00,0.9995
2026-04-02 10:40:49+00:00,0.9995
2026-04-02 10:41:44+00:00,0.9995
2026-04-02 10:42:42+00:00,0.9995
2026-04-02 10:43:43+00:00,0.9995
2026-04-02 10:44:43+00:00,0.9995
2026-04-02 10:45:46+00:00,0.9995
2026-04-02 10:46:42+00:00,0.9995
2026-04-02 10:47:42+00:00,0.9995
2026-04-02 10:48:43+00:00,0.9995
2026-04-02 10:49:43+00:00,0.9995
2026-04-02 10:50:46+00:00,0.9995
2026-04-02 10:51:43+00:00,0.9995
2026-04-02 10:52:43+00:00,0.9995
2026-04-02 10:53:42+00:00,0.9995
2026-04-02 10:54:44+00:00,0.9995
2026-04-02 10:55:45+00:00,0.9995
2026-04-02 10:56:55+00:00,0.9995
2026-04-02 10:57:47+00:00,0.9995
2026-04-02 10:58:58+00:00,0.9995
2026-04-02 10:59:46+00:00,0.9995
2026-04-02 11:00:55+00:00,0.9995
2026-04-02 11:01:45+00:00,0.9995
2026-04-02 11:02:43+00:00,0.9995
2026-04-02 11:03:43+00:00,0.9995
2026-04-02 11:04:43+00:00,0.9995
2026-04-02 11:05:45+00:00,0.9995
2026-04-02 11:06:43+00:00,0.9995
2026-04-02 11:07:43+00:00,0.9995
2026-04-02 11:08:43+00:00,0.9995
2026-04-02 11:09:43+00:00,0.9995
2026-04-02 11:10:46+00:00,0.9995
2026-04-02 11:11:56+00:00,0.9995
2026-04-02 11:12:43+00:00,0.9995
2026-04-02 11:13:42+00:00,0.9995
2026-04-02 11:14:43+00:00,0.9995
2026-04-02 11:15:44+00:00,0.9995
2026-04-02 11:16:43+00:00,0.9995
2026-04-02 11:17:43+00:00,0.9995
2026-04-02 11:18:44+00:00,0.9995
2026-04-02 11:19:46+00:00,0.9995
2026-04-02 11:20:53+00:00,0.9995
2026-04-02 11:21:45+00:00,0.9995
2026-04-02 11:22:57+00:00,0.9995
2026-04-02 11:23:50+00:00,0.9995
2026-04-02 11:24:46+00:00,0.9995
2026-04-02 11:25:56+00:00,0.9995
2026-04-02 11:26:48+00:00,0.9995
2026-04-02 11:27:58+00:00,0.9995
2026-04-02 11:28:45+00:00,0.9995
2026-04-02 11:29:45+00:00,0.9995
2026-04-02 11:30:52+00:00,0.9995
2026-04-02 11:31:44+00:00,0.9995
2026-04-02 11:32:42+00:00,0.9995
2026-04-02 11:33:42+00:00,0.9995
2026-04-02 11:34:42+00:00,0.9995
2026-04-02 11:35:45+00:00,0.9995
2026-04-02 11:37:08+00:00,0.9995
2026-04-02 11:38:00+00:00,0.9995
2026-04-02 11:38:48+00:00,0.9995
2026-04-02 11:39:44+00:00,0.9995
2026-04-02 11:40:49+00:00,0.9995
2026-04-02 11:41:43+00:00,0.9995
2026-04-02 11:42:42+00:00,0.9995
2026-04-02 11:43:42+00:00,0.9995
2026-04-02 11:44:54+00:00,0.9995
2026-04-02 11:45:46+00:00,0.9995
2026-04-02 11:46:43+00:00,0.9995
2026-04-02 11:47:42+00:00,0.9995
2026-04-02 11:48:42+00:00,0.9995
2026-04-02 11:49:43+00:00,0.9995
2026-04-02 11:50:45+00:00,0.9995
2026-04-02 11:51:55+00:00,0.9995
2026-04-02 11:52:49+00:00,0.9995
2026-04-02 11:53:42+00:00,0.9995
2026-04-02 11:54:45+00:00,0.9995
2026-04-02 11:55:49+00:00,0.9995
2026-04-02 11:56:42+00:00,0.9995
2026-04-02 11:57:43+00:00,0.9995
2026-04-02 11:58:43+00:00,0.9995
2026-04-02 11:59:44+00:00,0.9995
2026-04-02 12:01:02+00:00,0.9995
2026-04-02 12:01:57+00:00,0.9995
2026-04-02 12:02:57+00:00,0.9995
2026-04-02 12:03:49+00:00,0.9995
2026-04-02 12:04:48+00:00,0.9995
2026-04-02 12:05:47+00:00,0.9995
2026-04-02 12:06:50+00:00,0.9995
2026-04-02 12:07:48+00:00,0.9995
2026-04-02 12:09:22+00:00,0.9995
2026-04-02 12:10:16+00:00,0.9995
2026-04-02 12:11:08+00:00,0.9995
2026-04-02 12:12:03+00:00,0.9995
2026-04-02 12:12:58+00:00,0.9995
2026-04-02 12:13:54+00:00,0.9995
2026-04-02 12:14:50+00:00,0.9995
2026-04-02 12:15:52+00:00,0.9995
2026-04-02 12:16:49+00:00,0.9995
2026-04-02 12:18:01+00:00,0.9995
2026-04-02 12:18:59+00:00,0.9995
2026-04-02 12:19:49+00:00,0.9995
2026-04-02 12:20:56+00:00,0.9995
2026-04-02 12:21:55+00:00,0.9995
2026-04-02 12:22:51+00:00,0.9995
2026-04-02 12:23:46+00:00,0.9995
2026-04-02 12:24:45+00:00,0.9995
2026-04-02 12:25:48+00:00,0.9995
2026-04-02 12:26:45+00:00,0.9995
2026-04-02 12:27:47+00:00,0.9995
2026-04-02 12:28:52+00:00,0.9995
2026-04-02 12:29:50+00:00,0.9995
2026-04-02 12:31:04+00:00,0.9995
2026-04-02 12:31:54+00:00,0.9995
2026-04-02 12:32:55+00:00,0.9995
2026-04-02 12:33:57+00:00,0.9995
2026-04-02 12:34:55+00:00,0.9995
2026-04-02 12:35:57+00:00,0.9995
2026-04-02 12:36:56+00:00,0.9995
2026-04-02 12:37:54+00:00,0.9995
2026-04-02 12:39:02+00:00,0.9995
2026-04-02 12:40:02+00:00,0.9995
2026-04-02 12:41:01+00:00,0.9995
2026-04-02 12:41:50+00:00,0.9995
2026-04-02 12:42:47+00:00,0.9995
2026-04-02 12:44:01+00:00,0.9995
2026-04-02 12:44:56+00:00,0.9995
2026-04-02 12:45:57+00:00,0.9995
2026-04-02 12:46:55+00:00,0.9995
2026-04-02 12:47:45+00:00,0.9995
2026-04-02 12:48:52+00:00,0.9995
2026-04-02 12:49:49+00:00,0.9995
2026-04-02 12:50:54+00:00,0.9995
2026-04-02 12:51:51+00:00,0.9995
2026-04-02 12:52:48+00:00,0.9995
2026-04-02 12:53:49+00:00,0.9995
2026-04-02 12:54:52+00:00,0.9995
2026-04-02 12:55:54+00:00,0.9995
2026-04-02 12:56:51+00:00,0.9995
2026-04-02 12:57:52+00:00,0.9995
2026-04-02 12:58:51+00:00,0.9995
2026-04-02 12:59:50+00:00,0.9995
2026-04-02 13:01:05+00:00,0.9995
2026-04-02 13:02:03+00:00,0.9995
2026-04-02 13:02:59+00:00,0.9995
2026-04-02 13:03:55+00:00,0.9995
2026-04-02 13:04:52+00:00,0.9995
2026-04-02 13:05:56+00:00,0.9995
2026-04-02 13:06:49+00:00,0.9995
2026-04-02 13:07:47+00:00,0.9995
2026-04-02 13:08:53+00:00,0.9995
2026-04-02 13:10:06+00:00,0.9995
2026-04-02 13:11:08+00:00,0.9995
2026-04-02 13:12:04+00:00,0.9995
2026-04-02 13:13:03+00:00,0.9995
2026-04-02 13:13:54+00:00,0.9995
2026-04-02 13:14:49+00:00,0.9995
2026-04-02 13:15:58+00:00,0.9995
2026-04-02 13:16:53+00:00,0.9995
2026-04-02 13:17:53+00:00,0.9995
2026-04-02 13:18:54+00:00,0.9995
2026-04-02 13:19:52+00:00,0.9995
2026-04-02 13:20:57+00:00,0.9995
2026-04-02 13:21:55+00:00,0.9995
2026-04-02 13:22:48+00:00,0.9995
2026-04-02 13:23:53+00:00,0.9995
2026-04-02 13:24:52+00:00,0.9995
2026-04-02 13:25:56+00:00,0.9995
2026-04-02 13:26:54+00:00,0.9995
2026-04-02 13:28:06+00:00,0.9995
2026-04-02 13:29:03+00:00,0.9995
2026-04-02 13:29:59+00:00,0.9995
2026-04-02 13:31:11+00:00,0.9995
2026-04-02 13:32:11+00:00,0.9995
2026-04-02 13:33:10+00:00,0.9995
2026-04-02 13:34:03+00:00,0.9995
2026-04-02 13:34:57+00:00,0.9995
2026-04-02 13:36:09+00:00,0.9995
2026-04-02 13:37:13+00:00,0.9995
2026-04-02 13:38:11+00:00,0.9995
2026-04-02 13:39:08+00:00,0.9995
2026-04-02 13:40:02+00:00,0.9995
2026-04-02 13:41:03+00:00,0.9995
2026-04-02 13:41:59+00:00,0.9995
2026-04-02 13:42:51+00:00,0.9995
2026-04-02 13:43:52+00:00,0.9995
2026-04-02 13:44:51+00:00,0.9995
2026-04-02 13:45:53+00:00,0.9995
2026-04-02 13:46:50+00:00,0.9995
2026-04-02 13:47:47+00:00,0.9995
2026-04-02 13:48:49+00:00,0.9995
2026-04-02 13:49:50+00:00,0.9995
2026-04-02 13:50:55+00:00,0.9995
2026-04-02 13:51:55+00:00,0.9995
2026-04-02 13:52:54+00:00,0.9995
2026-04-02 13:53:50+00:00,0.9995
2026-04-02 13:54:49+00:00,0.9995
2026-04-02 13:55:51+00:00,0.9995
2026-04-02 13:56:51+00:00,0.9995
2026-04-02 13:58:05+00:00,0.9995
2026-04-02 13:59:03+00:00,0.9995
2026-04-02 13:59:56+00:00,0.9995
2026-04-02 14:01:05+00:00,0.9995
2026-04-02 14:02:20+00:00,0.9995
2026-04-02 14:03:15+00:00,0.9995
2026-04-02 14:04:06+00:00,0.9995
2026-04-02 14:05:00+00:00,0.9995
2026-04-02 14:06:06+00:00,0.9995
2026-04-02 14:06:57+00:00,0.9995
2026-04-02 14:07:47+00:00,0.9995
2026-04-02 14:08:46+00:00,0.9995
2026-04-02 14:09:46+00:00,0.9995
2026-04-02 14:10:51+00:00,0.9995
2026-04-02 14:11:51+00:00,0.9995
2026-04-02 14:12:49+00:00,0.9995
2026-04-02 14:13:51+00:00,0.9995
2026-04-02 14:14:48+00:00,0.9995
2026-04-02 14:15:50+00:00,0.9995
2026-04-02 14:16:52+00:00,0.9995
2026-04-02 14:17:47+00:00,0.9995
2026-04-02 14:18:52+00:00,0.9995
2026-04-02 14:19:47+00:00,0.9995
2026-04-02 14:20:52+00:00,0.9995
2026-04-02 14:21:46+00:00,0.9995
2026-04-02 14:22:46+00:00,0.9995
2026-04-02 14:23:56+00:00,0.9995
2026-04-02 14:24:50+00:00,0.9995
2026-04-02 14:25:49+00:00,0.9995
2026-04-02 14:26:51+00:00,0.9995
2026-04-02 14:27:59+00:00,0.9995
2026-04-02 14:29:03+00:00,0.9995
2026-04-02 14:29:54+00:00,0.9995
2026-04-02 14:31:01+00:00,0.9995
2026-04-02 14:31:51+00:00,0.9995
2026-04-02 14:32:50+00:00,0.9995
2026-04-02 14:36:00+00:00,0.9995
2026-04-02 14:37:05+00:00,0.9995
2026-04-02 14:37:59+00:00,0.9995
2026-04-02 14:38:53+00:00,0.9995
2026-04-02 14:39:50+00:00,0.9995
2026-04-02 14:40:57+00:00,0.9995
2026-04-02 14:41:56+00:00,0.9995
2026-04-02 14:42:50+00:00,0.9995
2026-04-02 14:43:54+00:00,0.9995
2026-04-02 14:44:47+00:00,0.9995
2026-04-02 14:46:10+00:00,0.9995
2026-04-02 14:47:07+00:00,0.9995
2026-04-02 14:48:02+00:00,0.9995
2026-04-02 14:49:09+00:00,0.9995
2026-04-02 14:50:10+00:00,0.9995
2026-04-02 14:51:08+00:00,0.9995
2026-04-02 14:52:04+00:00,0.9995
2026-04-02 14:53:01+00:00,0.9995
2026-04-02 14:53:58+00:00,0.9995
2026-04-02 14:54:56+00:00,0.9995
2026-04-02 14:55:59+00:00,0.9995
2026-04-02 14:57:01+00:00,0.9995
2026-04-02 14:58:04+00:00,0.9995
2026-04-02 14:59:02+00:00,0.9995
2026-04-02 15:00:04+00:00,0.9995
2026-04-02 15:01:12+00:00,0.9995
2026-04-02 15:02:14+00:00,0.9995
2026-04-02 15:03:06+00:00,0.9995
2026-04-02 15:04:05+00:00,0.9995
2026-04-02 15:05:02+00:00,0.9995
2026-04-02 15:06:04+00:00,0.9995
2026-04-02 15:07:02+00:00,0.9995
2026-04-02 15:07:58+00:00,0.9995
2026-04-02 15:08:56+00:00,0.9995
2026-04-02 15:09:55+00:00,0.9995
2026-04-02 15:10:57+00:00,0.9995
2026-04-02 15:11:57+00:00,0.9995
2026-04-02 15:12:54+00:00,0.9995
2026-04-02 15:13:53+00:00,0.9995
2026-04-02 15:15:04+00:00,0.9995
2026-04-02 15:16:05+00:00,0.9995
2026-04-02 15:17:02+00:00,0.9995
2026-04-02 15:18:00+00:00,0.9995
2026-04-02 15:18:59+00:00,0.9995
2026-04-02 15:19:58+00:00,0.9995
2026-04-02 15:21:01+00:00,0.9995
2026-04-02 15:22:02+00:00,0.9995
2026-04-02 15:23:00+00:00,0.9995
2026-04-02 15:23:59+00:00,0.9995
2026-04-02 15:24:56+00:00,0.9995
2026-04-02 15:25:58+00:00,0.9995
2026-04-02 15:26:58+00:00,0.9995
2026-04-02 15:27:51+00:00,0.9995
2026-04-02 15:28:55+00:00,0.9995
2026-04-02 15:29:49+00:00,0.9995
2026-04-02 15:31:04+00:00,0.9995
2026-04-02 15:32:05+00:00,0.9995
2026-04-02 15:33:00+00:00,0.9995
2026-04-02 15:33:59+00:00,0.9995
2026-04-02 15:34:54+00:00,0.9995
2026-04-02 15:35:59+00:00,0.9995
2026-04-02 15:36:55+00:00,0.9995
2026-04-02 15:37:54+00:00,0.9995
2026-04-02 15:38:52+00:00,0.9995
2026-04-02 15:39:51+00:00,0.9995
2026-04-02 15:41:07+00:00,0.9995
2026-04-02 15:42:02+00:00,0.9995
2026-04-02 15:42:56+00:00,0.9995
2026-04-02 15:43:50+00:00,0.9995
2026-04-02 15:44:47+00:00,0.9995
2026-04-02 15:45:57+00:00,0.9995
2026-04-02 15:46:52+00:00,0.9995
2026-04-02 15:47:49+00:00,0.9995
2026-04-02 15:48:54+00:00,0.9995
2026-04-02 15:49:52+00:00,0.9995
2026-04-02 15:50:56+00:00,0.9995
2026-04-02 15:51:51+00:00,0.9995
2026-04-02 15:53:02+00:00,0.9995
2026-04-02 15:53:59+00:00,0.9995
2026-04-02 15:54:58+00:00,0.9995
2026-04-02 15:56:00+00:00,0.9995
2026-04-02 15:57:11+00:00,0.9995
2026-04-02 15:58:07+00:00,0.9995
2026-04-02 15:59:02+00:00,0.9995
2026-04-02 16:00:09+00:00,0.9995
2026-04-02 16:01:14+00:00,0.9995
2026-04-02 16:02:12+00:00,0.9995
2026-04-02 16:03:12+00:00,0.9995
2026-04-02 16:04:08+00:00,0.9995
2026-04-02 16:05:10+00:00,0.9995
2026-04-02 16:06:09+00:00,0.9995
2026-04-02 16:07:10+00:00,0.9995
2026-04-02 16:08:07+00:00,0.9995
2026-04-02 16:09:03+00:00,0.9995
2026-04-02 16:10:02+00:00,0.9995
2026-04-02 16:11:04+00:00,0.9995
2026-04-02 16:12:04+00:00,0.9995
2026-04-02 16:13:02+00:00,0.9995
2026-04-02 16:13:58+00:00,0.9995
2026-04-02 16:14:52+00:00,0.9995
2026-04-02 16:15:59+00:00,0.9995
2026-04-02 16:16:58+00:00,0.9995
2026-04-02 16:17:54+00:00,0.9995
2026-04-02 16:18:55+00:00,0.9995
2026-04-02 16:19:48+00:00,0.9995
2026-04-02 16:20:59+00:00,0.9995
2026-04-02 16:21:57+00:00,0.9995
2026-04-02 16:23:07+00:00,0.9995
2026-04-02 16:24:15+00:00,0.9995
2026-04-02 16:25:20+00:00,0.9995
2026-04-02 16:26:22+00:00,0.9995
2026-04-02 16:27:20+00:00,0.9995
2026-04-02 16:28:20+00:00,0.9995
2026-04-02 16:29:13+00:00,0.9995
2026-04-02 16:30:13+00:00,0.9995
2026-04-02 16:31:09+00:00,0.9995
2026-04-02 16:32:11+00:00,0.9995
2026-04-02 16:33:10+00:00,0.9995
2026-04-02 16:34:08+00:00,0.9995
2026-04-02 16:35:06+00:00,0.9995
2026-04-02 16:36:07+00:00,0.9995
2026-04-02 16:37:07+00:00,0.9995
2026-04-02 16:38:05+00:00,0.9995
2026-04-02 16:39:02+00:00,0.9995
2026-04-02 16:39:58+00:00,0.9995
2026-04-02 16:40:58+00:00,0.9995
2026-04-02 16:41:57+00:00,0.9995
2026-04-02 16:42:58+00:00,0.9995
2026-04-02 16:43:56+00:00,0.9995
2026-04-02 16:44:52+00:00,0.9995
2026-04-02 16:45:58+00:00,0.9995
2026-04-02 16:47:00+00:00,0.9995
2026-04-02 16:47:55+00:00,0.9995
2026-04-02 16:48:56+00:00,0.9995
2026-04-02 16:50:15+00:00,0.9995
2026-04-02 16:51:13+00:00,0.9995
2026-04-02 16:52:14+00:00,0.9995
2026-04-02 16:53:16+00:00,0.9995
2026-04-02 16:54:15+00:00,0.9995
2026-04-02 16:55:18+00:00,0.9995
2026-04-02 16:56:22+00:00,0.9995
2026-04-02 16:57:24+00:00,0.9995
2026-04-02 16:58:21+00:00,0.9995
2026-04-02 16:59:15+00:00,0.9995
2026-04-02 17:00:22+00:00,0.9995
2026-04-02 17:01:25+00:00,0.9995
2026-04-02 17:02:25+00:00,0.9995
2026-04-02 17:03:37+00:00,0.9995
2026-04-02 17:04:34+00:00,0.9995
2026-04-02 17:05:35+00:00,0.9995
2026-04-02 17:06:29+00:00,0.9995
2026-04-02 17:07:25+00:00,0.9995
2026-04-02 17:08:22+00:00,0.9995
2026-04-02 17:09:19+00:00,0.9995
2026-04-02 17:10:15+00:00,0.9995
2026-04-02 17:11:16+00:00,0.9995
2026-04-02 17:12:16+00:00,0.9995
2026-04-02 17:13:15+00:00,0.9995
2026-04-02 17:14:14+00:00,0.9995
2026-04-02 17:15:27+00:00,0.9995
2026-04-02 17:16:33+00:00,0.9995
2026-04-02 17:17:31+00:00,0.9995
2026-04-02 17:18:30+00:00,0.9995
2026-04-02 17:19:27+00:00,0.9995
2026-04-02 17:20:24+00:00,0.9995
2026-04-02 17:21:20+00:00,0.9995
2026-04-02 17:22:19+00:00,0.9995
2026-04-02 17:23:19+00:00,0.9995
2026-04-02 17:24:16+00:00,0.9995
2026-04-02 17:25:14+00:00,0.9995
2026-04-02 17:26:12+00:00,0.9995
2026-04-02 17:27:11+00:00,0.9995
2026-04-02 17:28:25+00:00,0.9995
2026-04-02 17:29:27+00:00,0.9995
2026-04-02 17:30:37+00:00,0.9995
2026-04-02 17:31:34+00:00,0.9995
2026-04-02 17:32:27+00:00,0.9995
2026-04-02 17:33:28+00:00,0.9995
2026-04-02 17:34:25+00:00,0.9995
2026-04-02 17:35:29+00:00,0.9995
2026-04-02 17:36:22+00:00,0.9995
2026-04-02 17:37:19+00:00,0.9995
2026-04-02 17:38:19+00:00,0.9995
2026-04-02 17:39:15+00:00,0.9995
2026-04-02 17:40:13+00:00,0.9995
2026-04-02 17:41:08+00:00,0.9995
2026-04-02 17:41:59+00:00,0.9995
2026-04-02 17:42:48+00:00,0.9995
2026-04-02 17:43:44+00:00,0.9995
2026-04-02 17:44:44+00:00,0.9995
2026-04-02 17:45:46+00:00,0.9995
2026-04-02 17:46:46+00:00,0.9995
2026-04-02 17:47:45+00:00,0.9995
2026-04-02 17:48:43+00:00,0.9995
2026-04-02 17:49:44+00:00,0.9995
2026-04-02 17:50:47+00:00,0.9995
2026-04-02 17:51:43+00:00,0.9995
2026-04-02 17:52:43+00:00,0.9995
2026-04-02 17:53:54+00:00,0.9995
2026-04-02 17:54:47+00:00,0.9995
2026-04-02 17:55:49+00:00,0.9995
2026-04-02 17:56:44+00:00,0.9995
2026-04-02 17:57:44+00:00,0.9995
2026-04-02 17:58:43+00:00,0.9995
2026-04-02 17:59:44+00:00,0.9995
2026-04-02 18:00:56+00:00,0.9995
2026-04-02 18:01:47+00:00,0.9995
2026-04-02 18:02:43+00:00,0.9995
2026-04-02 18:03:44+00:00,0.9995
2026-04-02 18:04:44+00:00,0.9995
2026-04-02 18:05:46+00:00,0.9995
2026-04-02 18:06:43+00:00,0.9995
2026-04-02 18:07:43+00:00,0.9995
2026-04-02 18:08:42+00:00,0.9995
2026-04-02 18:09:44+00:00,0.9995
2026-04-02 18:10:50+00:00,0.9995
2026-04-02 18:11:43+00:00,0.9995
2026-04-02 18:12:44+00:00,0.9995
2026-04-02 18:13:42+00:00,0.9995
2026-04-02 18:14:44+00:00,0.9995
2026-04-02 18:15:46+00:00,0.9995
2026-04-02 18:16:44+00:00,0.9995
2026-04-02 18:17:44+00:00,0.9995
2026-04-02 18:18:45+00:00,0.9995
2026-04-02 18:19:56+00:00,0.9995
2026-04-02 18:20:54+00:00,0.9995
2026-04-02 18:21:45+00:00,0.9995
2026-04-02 18:22:43+00:00,0.9995
2026-04-02 18:23:43+00:00,0.9995
2026-04-02 18:24:43+00:00,0.9995
2026-04-02 18:25:46+00:00,0.9995
2026-04-02 18:26:43+00:00,0.9995
2026-04-02 18:27:43+00:00,0.9995
2026-04-02 18:28:42+00:00,0.9995
2026-04-02 18:29:44+00:00,0.9995
2026-04-02 18:30:50+00:00,0.9995
2026-04-02 18:31:43+00:00,0.9995
2026-04-02 18:32:44+00:00,0.9995
2026-04-02 18:33:43+00:00,0.9995
2026-04-02 18:34:43+00:00,0.9995
2026-04-02 18:35:45+00:00,0.9995
2026-04-02 18:36:44+00:00,0.9995
2026-04-02 18:37:44+00:00,0.9995
2026-04-02 18:38:44+00:00,0.9995
2026-04-02 18:39:46+00:00,0.9995
2026-04-02 18:40:45+00:00,0.9995
2026-04-02 18:41:43+00:00,0.9995
2026-04-02 18:42:42+00:00,0.9995
2026-04-02 18:43:44+00:00,0.9995
2026-04-02 18:44:44+00:00,0.9995
2026-04-02 18:46:18+00:00,0.9995
2026-04-02 18:47:17+00:00,0.9995
2026-04-02 18:48:05+00:00,0.9995
2026-04-02 18:48:54+00:00,0.9995
2026-04-02 18:49:46+00:00,0.9995
2026-04-02 18:50:47+00:00,0.9995
2026-04-02 18:51:42+00:00,0.9995
2026-04-02 18:52:56+00:00,0.9995
2026-04-02 18:53:46+00:00,0.9995
2026-04-02 18:54:45+00:00,0.9995
2026-04-02 18:55:46+00:00,0.9995
2026-04-02 18:56:43+00:00,0.9995
2026-04-02 18:57:43+00:00,0.9995
2026-04-02 18:58:43+00:00,0.9995
2026-04-02 18:59:45+00:00,0.9995
2026-04-02 19:00:50+00:00,0.9995
2026-04-02 19:01:42+00:00,0.9995
2026-04-02 19:02:43+00:00,0.9995
2026-04-02 19:03:43+00:00,0.9995
2026-04-02 19:04:43+00:00,0.9995
2026-04-02 19:05:46+00:00,0.9995
2026-04-02 19:06:43+00:00,0.9995
2026-04-02 19:07:56+00:00,0.9995
2026-04-02 19:08:44+00:00,0.9995
2026-04-02 19:09:45+00:00,0.9995
2026-04-02 19:10:47+00:00,0.9995
2026-04-02 19:11:58+00:00,0.9995
2026-04-02 19:12:53+00:00,0.9995
2026-04-02 19:13:47+00:00,0.9995
2026-04-02 19:14:47+00:00,0.9995
2026-04-02 19:15:50+00:00,0.9995
2026-04-02 19:16:44+00:00,0.9995
2026-04-02 19:17:45+00:00,0.9995
2026-04-02 19:18:56+00:00,0.9995
2026-04-02 19:19:45+00:00,0.9995
2026-04-02 19:20:46+00:00,0.9995
2026-04-02 19:21:44+00:00,0.9995
2026-04-02 19:22:43+00:00,0.9995
2026-04-02 19:23:43+00:00,0.9995
2026-04-02 19:24:44+00:00,0.9995
2026-04-02 19:25:47+00:00,0.9995
2026-04-02 19:26:46+00:00,0.9995
2026-04-02 19:27:57+00:00,0.9995
2026-04-02 19:29:01+00:00,0.9995
2026-04-02 19:29:54+00:00,0.9995
2026-04-02 19:30:53+00:00,0.9995
2026-04-02 19:31:45+00:00,0.9995
2026-04-02 19:32:46+00:00,0.9995
2026-04-02 19:33:44+00:00,0.9995
2026-04-02 19:34:46+00:00,0.9995
2026-04-02 19:35:49+00:00,0.9995
2026-04-02 19:36:43+00:00,0.9995
2026-04-02 19:37:59+00:00,0.9995
2026-04-02 19:38:55+00:00,0.9995
2026-04-02 19:39:45+00:00,0.9995
2026-04-02 19:40:49+00:00,0.9995
2026-04-02 19:41:44+00:00,0.9995
2026-04-02 19:42:42+00:00,0.9995
2026-04-02 19:43:43+00:00,0.9995
2026-04-02 19:44:44+00:00,0.9995
2026-04-02 19:45:47+00:00,0.9995
2026-04-02 19:46:43+00:00,0.9995
2026-04-02 19:47:44+00:00,0.9995
2026-04-02 19:48:47+00:00,0.9995
2026-04-02 19:49:44+00:00,0.9995
2026-04-02 19:50:47+00:00,0.9995
2026-04-02 19:51:45+00:00,0.9995
2026-04-02 19:52:57+00:00,0.9995
2026-04-02 19:53:54+00:00,0.9995
2026-04-02 19:54:44+00:00,0.9995
2026-04-02 19:55:49+00:00,0.9995
2026-04-02 19:56:43+00:00,0.9995
2026-04-02 19:57:48+00:00,0.9995
2026-04-02 19:58:43+00:00,0.9995
2026-04-02 19:59:44+00:00,0.9995
2026-04-02 20:00:53+00:00,0.9995
2026-04-02 20:01:46+00:00,0.9995
2026-04-02 20:02:48+00:00,0.9995
2026-04-02 20:04:00+00:00,0.9995
2026-04-02 20:04:52+00:00,0.9995
2026-04-02 20:05:48+00:00,0.9995
2026-04-02 20:06:44+00:00,0.9995
2026-04-02 20:07:44+00:00,0.9995
2026-04-02 20:08:46+00:00,0.9995
2026-04-02 20:09:44+00:00,0.9995
2026-04-02 20:10:47+00:00,0.9995
2026-04-02 20:11:44+00:00,0.9995
2026-04-02 20:12:44+00:00,0.9995
2026-04-02 20:13:45+00:00,0.9995
2026-04-02 20:14:45+00:00,0.9995
2026-04-02 20:15:47+00:00,0.9995
2026-04-02 20:16:45+00:00,0.9995
2026-04-02 20:17:47+00:00,0.9995
2026-04-02 20:18:56+00:00,0.9995
2026-04-02 20:19:51+00:00,0.9995
2026-04-02 20:20:51+00:00,0.9995
2026-04-02 20:21:44+00:00,0.9995
2026-04-02 20:22:46+00:00,0.9995
2026-04-02 20:23:47+00:00,0.9995
2026-04-02 20:24:44+00:00,0.9995
2026-04-02 20:25:49+00:00,0.9995
2026-04-02 20:26:45+00:00,0.9995
2026-04-02 20:27:44+00:00,0.9995
2026-04-02 20:28:45+00:00,0.9995
2026-04-02 20:29:44+00:00,0.9995
2026-04-02 20:30:55+00:00,0.9995
2026-04-02 20:31:46+00:00,0.9995
2026-04-02 20:32:45+00:00,0.9995
2026-04-02 20:33:45+00:00,0.9995
2026-04-02 20:34:45+00:00,0.9995
2026-04-02 20:35:47+00:00,0.9995
2026-04-02 20:36:45+00:00,0.9995
2026-04-02 20:37:44+00:00,0.9995
2026-04-02 20:38:59+00:00,0.9995
2026-04-02 20:39:49+00:00,0.9995
2026-04-02 20:40:47+00:00,0.9995
2026-04-02 20:41:44+00:00,0.9995
2026-04-02 20:42:48+00:00,0.9995
2026-04-02 20:43:45+00:00,0.9995
2026-04-02 20:44:56+00:00,0.9995
2026-04-02 20:45:56+00:00,0.9995
2026-04-02 20:46:47+00:00,0.9995
2026-04-02 20:47:45+00:00,0.9995
2026-04-02 20:48:45+00:00,0.9995
2026-04-02 20:49:45+00:00,0.9995
2026-04-02 20:50:49+00:00,0.9995
2026-04-02 20:51:47+00:00,0.9995
2026-04-02 20:53:07+00:00,0.9995
2026-04-02 20:54:12+00:00,0.9995
2026-04-02 20:55:04+00:00,0.9995
2026-04-02 20:56:01+00:00,0.9995
2026-04-02 20:56:50+00:00,0.9995
2026-04-02 20:57:46+00:00,0.9995
2026-04-02 20:58:46+00:00,0.9995
2026-04-02 20:59:45+00:00,0.9995
2026-04-02 21:01:05+00:00,0.9995
2026-04-02 21:01:56+00:00,0.9995
2026-04-02 21:02:45+00:00,0.9995
2026-04-02 21:03:45+00:00,0.9995
2026-04-02 21:04:45+00:00,0.9995
2026-04-02 21:05:51+00:00,0.9995
2026-04-02 21:06:45+00:00,0.9995
2026-04-02 21:07:45+00:00,0.9995
2026-04-02 21:08:44+00:00,0.9995
2026-04-02 21:09:45+00:00,0.9995
2026-04-02 21:10:48+00:00,0.9995
2026-04-02 21:11:44+00:00,0.9995
2026-04-02 21:12:46+00:00,0.9995
2026-04-02 21:13:43+00:00,0.9995
2026-04-02 21:14:45+00:00,0.9995
2026-04-02 21:15:49+00:00,0.9995
2026-04-02 21:16:44+00:00,0.9995
2026-04-02 21:17:43+00:00,0.9995
2026-04-02 21:18:54+00:00,0.9995
2026-04-02 21:19:52+00:00,0.9995
2026-04-02 21:20:49+00:00,0.9995
2026-04-02 21:21:46+00:00,0.9995
2026-04-02 21:22:45+00:00,0.9995
2026-04-02 21:24:00+00:00,0.9995
2026-04-02 21:24:51+00:00,0.9995
2026-04-02 21:25:53+00:00,0.9995
2026-04-02 21:26:43+00:00,0.9995
2026-04-02 21:27:57+00:00,0.9995
2026-04-02 21:28:45+00:00,0.9995
2026-04-02 21:29:47+00:00,0.9995
2026-04-02 21:30:51+00:00,0.9995
2026-04-02 21:31:43+00:00,0.9995
2026-04-02 21:32:45+00:00,0.9995
2026-04-02 21:33:45+00:00,0.9995
2026-04-02 21:34:46+00:00,0.9995
2026-04-02 21:35:48+00:00,0.9995
2026-04-02 21:36:44+00:00,0.9995
2026-04-02 21:37:43+00:00,0.9995
2026-04-02 21:38:46+00:00,0.9995
2026-04-02 21:39:45+00:00,0.9995
2026-04-02 21:40:50+00:00,0.9995
2026-04-02 21:41:44+00:00,0.9995
2026-04-02 21:42:43+00:00,0.9995
2026-04-02 21:43:43+00:00,0.9995
2026-04-02 21:44:53+00:00,0.9995
2026-04-02 21:45:55+00:00,0.9995
2026-04-02 21:46:46+00:00,0.9995
2026-04-02 21:47:56+00:00,0.9995
2026-04-02 21:48:50+00:00,0.9995
2026-04-02 21:49:45+00:00,0.9995
2026-04-02 21:50:50+00:00,0.9995
2026-04-02 21:51:44+00:00,0.9995
2026-04-02 21:52:48+00:00,0.9995
2026-04-02 21:53:45+00:00,0.9995
2026-04-02 21:54:58+00:00,0.9995
2026-04-02 21:55:53+00:00,0.9995
2026-04-02 21:56:45+00:00,0.9995
2026-04-02 21:57:46+00:00,0.9995
2026-04-02 21:58:44+00:00,0.9995
2026-04-02 21:59:48+00:00,0.9995
2026-04-02 22:00:56+00:00,0.9995
2026-04-02 22:01:47+00:00,0.9995
2026-04-02 22:02:45+00:00,0.9995
2026-04-02 22:03:43+00:00,0.9995
2026-04-02 22:04:45+00:00,0.9995
2026-04-02 22:05:50+00:00,0.9995
2026-04-02 22:06:45+00:00,0.9995
2026-04-02 22:07:44+00:00,0.9995
2026-04-02 22:08:45+00:00,0.9995
2026-04-02 22:09:45+00:00,0.9995
2026-04-02 22:10:48+00:00,0.9995
2026-04-02 22:11:45+00:00,0.9995
2026-04-02 22:12:59+00:00,0.9995
2026-04-02 22:14:03+00:00,0.9995
2026-04-02 22:15:00+00:00,0.9995
2026-04-02 22:15:57+00:00,0.9995
2026-04-02 22:16:47+00:00,0.9995
2026-04-02 22:17:44+00:00,0.9995
2026-04-02 22:18:46+00:00,0.9995
2026-04-02 22:19:47+00:00,0.9995
2026-04-02 22:20:48+00:00,0.9995
2026-04-02 22:21:46+00:00,0.9995
2026-04-02 22:22:46+00:00,0.9995
2026-04-02 22:23:44+00:00,0.9995
2026-04-02 22:24:44+00:00,0.9995
2026-04-02 22:25:51+00:00,0.9995
2026-04-02 22:26:45+00:00,0.9995
2026-04-02 22:27:46+00:00,0.9995
2026-04-02 22:28:45+00:00,0.9995
2026-04-02 22:29:46+00:00,0.9995
2026-04-02 22:30:53+00:00,0.9995
2026-04-02 22:31:45+00:00,0.9995
2026-04-02 22:32:43+00:00,0.9995
2026-04-02 22:33:57+00:00,0.9995
2026-04-02 22:34:47+00:00,0.9995
2026-04-02 22:35:46+00:00,0.9995
2026-04-02 22:36:44+00:00,0.9995
2026-04-02 22:37:44+00:00,0.9995
2026-04-02 22:38:48+00:00,0.9995
2026-04-02 22:39:59+00:00,0.9995
2026-04-02 22:41:03+00:00,0.9995
2026-04-02 22:41:53+00:00,0.9995
2026-04-02 22:42:46+00:00,0.9995
2026-04-02 22:43:44+00:00,0.9995
2026-04-02 22:44:44+00:00,0.9995
2026-04-02 22:46:00+00:00,0.9995
2026-04-02 22:46:49+00:00,0.9995
2026-04-02 22:47:44+00:00,0.9995
2026-04-02 22:48:46+00:00,0.9995
2026-04-02 22:49:46+00:00,0.9995
2026-04-02 22:50:47+00:00,0.9995
2026-04-02 22:51:46+00:00,0.9995
2026-04-02 22:52:56+00:00,0.9995
2026-04-02 22:53:49+00:00,0.9995
2026-04-02 22:54:44+00:00,0.9995
2026-04-02 22:55:56+00:00,0.9995
2026-04-02 22:56:46+00:00,0.9995
2026-04-02 22:57:44+00:00,0.9995
2026-04-02 22:58:44+00:00,0.9995
2026-04-02 22:59:45+00:00,0.9995
2026-04-02 23:00:51+00:00,0.9995
2026-04-02 23:01:44+00:00,0.9995
2026-04-02 23:02:47+00:00,0.9995
2026-04-02 23:03:46+00:00,0.9995
2026-04-02 23:04:43+00:00,0.9995
2026-04-02 23:05:48+00:00,0.9995
2026-04-02 23:06:45+00:00,0.9995
2026-04-02 23:07:45+00:00,0.9995
2026-04-02 23:08:46+00:00,0.9995
2026-04-02 23:09:44+00:00,0.9995
2026-04-02 23:10:46+00:00,0.9995
2026-04-02 23:11:43+00:00,0.9995
2026-04-02 23:12:45+00:00,0.9995
2026-04-02 23:13:58+00:00,0.9995
2026-04-02 23:14:52+00:00,0.9995
2026-04-02 23:15:50+00:00,0.9995
2026-04-02 23:16:46+00:00,0.9995
2026-04-02 23:17:56+00:00,0.9995
2026-04-02 23:18:45+00:00,0.9995
2026-04-02 23:19:45+00:00,0.9995
2026-04-02 23:20:48+00:00,0.9995
2026-04-02 23:21:46+00:00,0.9995
2026-04-02 23:23:00+00:00,0.9995
2026-04-02 23:23:52+00:00,0.9995
2026-04-02 23:24:44+00:00,0.9995
2026-04-02 23:25:47+00:00,0.9995
2026-04-02 23:26:46+00:00,0.9995
2026-04-02 23:27:44+00:00,0.9995
2026-04-02 23:28:44+00:00,0.9995
2026-04-02 23:29:47+00:00,0.9995
2026-04-02 23:30:51+00:00,0.9995
2026-04-02 23:31:49+00:00,0.9995
2026-04-02 23:32:46+00:00,0.9995
2026-04-02 23:33:45+00:00,0.9995
2026-04-02 23:34:44+00:00,0.9995
2026-04-02 23:35:48+00:00,0.9995
2026-04-02 23:36:43+00:00,0.9995
2026-04-02 23:37:44+00:00,0.9995
2026-04-02 23:38:44+00:00,0.9995
2026-04-02 23:40:14+00:00,0.9995
2026-04-02 23:41:10+00:00,0.9995
2026-04-02 23:42:02+00:00,0.9995
2026-04-02 23:42:54+00:00,0.9995
2026-04-02 23:43:46+00:00,0.9995
2026-04-02 23:44:45+00:00,0.9995
2026-04-02 23:45:48+00:00,0.9995
2026-04-02 23:46:44+00:00,0.9995
2026-04-02 23:47:46+00:00,0.9995
2026-04-02 23:48:45+00:00,0.9995
2026-04-02 23:49:55+00:00,0.9995
2026-04-02 23:50:48+00:00,0.9995
2026-04-02 23:51:59+00:00,0.9995
2026-04-02 23:52:53+00:00,0.9995
2026-04-02 23:53:45+00:00,0.9995
2026-04-02 23:54:46+00:00,0.9995
2026-04-02 23:55:47+00:00,0.9995
2026-04-02 23:56:45+00:00,0.9995
2026-04-02 23:57:45+00:00,0.9995
2026-04-02 23:58:59+00:00,0.9995
2026-04-02 23:59:49+00:00,0.9995
2026-04-03 00:01:05+00:00,0.9995
2026-04-03 00:01:55+00:00,0.9995
2026-04-03 00:02:46+00:00,0.9995
2026-04-03 00:03:44+00:00,0.9995
2026-04-03 00:04:44+00:00,0.9995
2026-04-03 00:05:49+00:00,0.9995
2026-04-03 00:06:44+00:00,0.9995
2026-04-03 00:07:44+00:00,0.9995
2026-04-03 00:08:43+00:00,0.9995
2026-04-03 00:09:44+00:00,0.9995
2026-04-03 00:10:47+00:00,0.9995
2026-04-03 00:11:44+00:00,0.9995
2026-04-03 00:12:44+00:00,0.9995
2026-04-03 00:13:44+00:00,0.9995
2026-04-03 00:14:44+00:00,0.9995
2026-04-03 00:15:45+00:00,0.9995
2026-04-03 00:16:45+00:00,0.9995
2026-04-03 00:17:57+00:00,0.9995
2026-04-03 00:18:50+00:00,0.9995
2026-04-03 00:19:44+00:00,0.9995
2026-04-03 00:20:48+00:00,0.9995
2026-04-03 00:21:56+00:00,0.9995
2026-04-03 00:22:46+00:00,0.9995
2026-04-03 00:23:45+00:00,0.9995
2026-04-03 00:24:45+00:00,0.9995
2026-04-03 00:25:46+00:00,0.9995
2026-04-03 00:26:44+00:00,0.9995
2026-04-03 00:27:44+00:00,0.9995
2026-04-03 00:28:44+00:00,0.9995
2026-04-03 00:29:45+00:00,0.9995
2026-04-03 00:30:54+00:00,0.9995
2026-04-03 00:31:51+00:00,0.9995
2026-04-03 00:32:46+00:00,0.9995
2026-04-03 00:33:45+00:00,0.9995
2026-04-03 00:34:44+00:00,0.9995
2026-04-03 00:35:44+00:00,0.9995
2026-04-03 00:36:43+00:00,0.9995
2026-04-03 00:37:55+00:00,0.9995
2026-04-03 00:38:55+00:00,0.9995
2026-04-03 00:39:43+00:00,0.9995
2026-04-03 00:40:44+00:00,0.9995
2026-04-03 00:41:42+00:00,0.9995
2026-04-03 00:42:42+00:00,0.9995
2026-04-03 00:43:43+00:00,0.9995
2026-04-03 00:44:43+00:00,0.9995
2026-04-03 00:45:47+00:00,0.9995
2026-04-03 00:46:43+00:00,0.9995
2026-04-03 00:47:43+00:00,0.9995
2026-04-03 00:49:00+00:00,0.9995
2026-04-03 00:49:48+00:00,0.9995
2026-04-03 00:50:46+00:00,0.9995
2026-04-03 00:51:42+00:00,0.9995
2026-04-03 00:52:42+00:00,0.9995
2026-04-03 00:53:43+00:00,0.9995
2026-04-03 00:54:54+00:00,0.9995
2026-04-03 00:55:45+00:00,0.9995
2026-04-03 00:56:42+00:00,0.9995
2026-04-03 00:58:02+00:00,0.9995
2026-04-03 00:58:52+00:00,0.9995
2026-04-03 00:59:49+00:00,0.9995
2026-04-03 01:00:51+00:00,0.9995
2026-04-03 01:01:55+00:00,0.9995
2026-04-03 01:02:43+00:00,0.9995
2026-04-03 01:03:43+00:00,0.9995
2026-04-03 01:04:43+00:00,0.9995
2026-04-03 01:05:45+00:00,0.9995
2026-04-03 01:06:42+00:00,0.9995
2026-04-03 01:07:42+00:00,0.9995
2026-04-03 01:08:43+00:00,0.9995
2026-04-03 01:09:54+00:00,0.9995
2026-04-03 01:10:45+00:00,0.9995
2026-04-03 01:11:44+00:00,0.9995
2026-04-03 01:12:43+00:00,0.9995
2026-04-03 01:13:43+00:00,0.9995
2026-04-03 01:14:43+00:00,0.9995
2026-04-03 01:15:48+00:00,0.9995
2026-04-03 01:16:51+00:00,0.9995
2026-04-03 01:17:46+00:00,0.9995
2026-04-03 01:18:58+00:00,0.9995
2026-04-03 01:19:48+00:00,0.9995
2026-04-03 01:20:47+00:00,0.9995
2026-04-03 01:21:45+00:00,0.9995
2026-04-03 01:22:44+00:00,0.9995
2026-04-03 01:23:44+00:00,0.9995
2026-04-03 01:24:44+00:00,0.9995
2026-04-03 01:25:48+00:00,0.9995
2026-04-03 01:26:47+00:00,0.9995
2026-04-03 01:27:45+00:00,0.9995
2026-04-03 01:28:46+00:00,0.9995
2026-04-03 01:29:44+00:00,0.9995
2026-04-03 01:30:55+00:00,0.9995
2026-04-03 01:31:47+00:00,0.9995
2026-04-03 01:32:47+00:00,0.9995
2026-04-03 01:33:46+00:00,0.9995
2026-04-03 01:34:45+00:00,0.9995
2026-04-03 01:35:48+00:00,0.9995
2026-04-03 01:37:02+00:00,0.9995
2026-04-03 01:37:55+00:00,0.9995
2026-04-03 01:38:56+00:00,0.9995
2026-04-03 01:39:45+00:00,0.9995
2026-04-03 01:41:03+00:00,0.9995
2026-04-03 01:41:54+00:00,0.9995
2026-04-03 01:42:51+00:00,0.9995
2026-04-03 01:43:45+00:00,0.9995
2026-04-03 01:44:45+00:00,0.9995
2026-04-03 01:45:46+00:00,0.9995
2026-04-03 01:46:44+00:00,0.9995
2026-04-03 01:47:43+00:00,0.9995
2026-04-03 01:48:44+00:00,0.9995
2026-04-03 01:49:43+00:00,0.9995
2026-04-03 01:50:47+00:00,0.9995
2026-04-03 01:51:45+00:00,0.9995
2026-04-03 01:52:45+00:00,0.9995
2026-04-03 01:54:00+00:00,0.9995
2026-04-03 01:54:50+00:00,0.9995
2026-04-03 01:55:48+00:00,0.9995
2026-04-03 01:56:45+00:00,0.9995
2026-04-03 01:57:46+00:00,0.9995
2026-04-03 01:58:44+00:00,0.9995
2026-04-03 01:59:45+00:00,0.9995
2026-04-03 02:00:55+00:00,0.9995
2026-04-03 02:01:48+00:00,0.9995
2026-04-03 02:02:45+00:00,0.9995
2026-04-03 02:03:45+00:00,0.9995
2026-04-03 02:04:46+00:00,0.9995
2026-04-03 02:05:50+00:00,0.9995
2026-04-03 02:06:45+00:00,0.9995
2026-04-03 02:07:47+00:00,0.9995
2026-04-03 02:08:54+00:00,0.9995
2026-04-03 02:09:48+00:00,0.9995
2026-04-03 02:10:51+00:00,0.9995
2026-04-03 02:11:45+00:00,0.9995
2026-04-03 02:12:45+00:00,0.9995
2026-04-03 02:13:49+00:00,0.9995
2026-04-03 02:14:47+00:00,0.9995
2026-04-03 02:15:48+00:00,0.9995
2026-04-03 02:16:45+00:00,0.9995
2026-04-03 02:17:46+00:00,0.9995
2026-04-03 02:18:46+00:00,0.9995
2026-04-03 02:19:45+00:00,0.9995
2026-04-03 02:20:49+00:00,0.9995
2026-04-03 02:21:46+00:00,0.9995
2026-04-03 02:22:45+00:00,0.9995
2026-04-03 02:23:44+00:00,0.9995
2026-04-03 02:24:44+00:00,0.9995
2026-04-03 02:25:51+00:00,0.9995
2026-04-03 02:26:48+00:00,0.9995
2026-04-03 02:27:46+00:00,0.9995
2026-04-03 02:28:45+00:00,0.9995
2026-04-03 02:29:45+00:00,0.9995
2026-04-03 02:30:53+00:00,0.9995
2026-04-03 02:31:44+00:00,0.9995
2026-04-03 02:32:45+00:00,0.9995
2026-04-03 02:33:44+00:00,0.9995
2026-04-03 02:34:55+00:00,0.9995
2026-04-03 02:35:53+00:00,0.9995
2026-04-03 02:36:45+00:00,0.9995
2026-04-03 02:37:45+00:00,0.9995
2026-04-03 02:38:44+00:00,0.9995
2026-04-03 02:39:45+00:00,0.9995
2026-04-03 02:40:47+00:00,0.9995
2026-04-03 02:41:45+00:00,0.9995
2026-04-03 02:42:46+00:00,0.9995
2026-04-03 02:43:45+00:00,0.9995
2026-04-03 02:44:46+00:00,0.9995
2026-04-03 02:46:00+00:00,0.9995
2026-04-03 02:46:54+00:00,0.9995
2026-04-03 02:47:46+00:00,0.9995
2026-04-03 02:48:44+00:00,0.9995
2026-04-03 02:50:03+00:00,0.9995
2026-04-03 02:50:57+00:00,0.9995
2026-04-03 02:51:48+00:00,0.9995
2026-04-03 02:52:45+00:00,0.9995
2026-04-03 02:53:46+00:00,0.9995
2026-04-03 02:54:45+00:00,0.9995
2026-04-03 02:56:00+00:00,0.9995
2026-04-03 02:56:50+00:00,0.9995
2026-04-03 02:57:46+00:00,0.9995
2026-04-03 02:58:45+00:00,0.9995
2026-04-03 02:59:56+00:00,0.9995
2026-04-03 03:01:06+00:00,0.9995
2026-04-03 03:01:55+00:00,0.9995
2026-04-03 03:02:45+00:00,0.9995
2026-04-03 03:03:44+00:00,0.9995
2026-04-03 03:04:44+00:00,0.9995
2026-04-03 03:05:47+00:00,0.9995
2026-04-03 03:06:44+00:00,0.9995
2026-04-03 03:07:44+00:00,0.9995
2026-04-03 03:08:43+00:00,0.9995
2026-04-03 03:09:44+00:00,0.9995
2026-04-03 03:11:22+00:00,0.9995
2026-04-03 03:12:19+00:00,0.9995
2026-04-03 03:13:08+00:00,0.9995
2026-04-03 03:13:57+00:00,0.9995
2026-04-03 03:14:47+00:00,0.9995
2026-04-03 03:15:48+00:00,0.9995
2026-04-03 03:16:44+00:00,0.9995
2026-04-03 03:17:56+00:00,0.9995
2026-04-03 03:18:47+00:00,0.9995
2026-04-03 03:19:44+00:00,0.9995
2026-04-03 03:20:46+00:00,0.9995
2026-04-03 03:21:59+00:00,0.9995
2026-04-03 03:22:48+00:00,0.9995
2026-04-03 03:23:44+00:00,0.9995
2026-04-03 03:24:44+00:00,0.9995
2026-04-03 03:25:50+00:00,0.9995
2026-04-03 03:26:58+00:00,0.9995
2026-04-03 03:27:48+00:00,0.9995
2026-04-03 03:28:43+00:00,0.9995
2026-04-03 03:29:44+00:00,0.9995
2026-04-03 03:30:52+00:00,0.9995
2026-04-03 03:31:59+00:00,0.9995
2026-04-03 03:32:47+00:00,0.9995
2026-04-03 03:33:43+00:00,0.9995
2026-04-03 03:34:44+00:00,0.9995
2026-04-03 03:35:47+00:00,0.9995
2026-04-03 03:36:44+00:00,0.9995
2026-04-03 03:37:43+00:00,0.9995
2026-04-03 03:38:43+00:00,0.9995
2026-04-03 03:39:44+00:00,0.9995
2026-04-03 03:40:59+00:00,0.9995
2026-04-03 03:41:48+00:00,0.9995
2026-04-03 03:42:43+00:00,0.9995
2026-04-03 03:43:53+00:00,0.9995
2026-04-03 03:44:47+00:00,0.9995
2026-04-03 03:45:51+00:00,0.9995
2026-04-03 03:46:44+00:00,0.9995
2026-04-03 03:47:44+00:00,0.9995
2026-04-03 03:48:44+00:00,0.9995
2026-04-03 03:49:44+00:00,0.9995
2026-04-03 03:50:46+00:00,0.9995
2026-04-03 03:51:44+00:00,0.9995
2026-04-03 03:52:58+00:00,0.9995
2026-04-03 03:53:47+00:00,0.9995
2026-04-03 03:54:44+00:00,0.9995
2026-04-03 03:55:47+00:00,0.9995
2026-04-03 03:56:44+00:00,0.9995
2026-04-03 03:57:44+00:00,0.9995
2026-04-03 03:58:44+00:00,0.9995
2026-04-03 03:59:44+00:00,0.9995
2026-04-03 04:00:51+00:00,0.9995
2026-04-03 04:01:46+00:00,0.9995
2026-04-03 04:02:45+00:00,0.9995
2026-04-03 04:03:44+00:00,0.9995
2026-04-03 04:04:43+00:00,0.9995
2026-04-03 04:05:47+00:00,0.9995
2026-04-03 04:06:50+00:00,0.9995
2026-04-03 04:07:51+00:00,0.9995
2026-04-03 04:08:44+00:00,0.9995
2026-04-03 04:09:44+00:00,0.9995
2026-04-03 04:10:48+00:00,0.9995
2026-04-03 04:11:46+00:00,0.9995
2026-04-03 04:12:45+00:00,0.9995
2026-04-03 04:13:45+00:00,0.9995
2026-04-03 04:14:45+00:00,0.9995
2026-04-03 04:15:48+00:00,0.9995
2026-04-03 04:16:45+00:00,0.9995
2026-04-03 04:17:45+00:00,0.9995
2026-04-03 04:18:44+00:00,0.9995
2026-04-03 04:19:45+00:00,0.9995
2026-04-03 04:20:48+00:00,0.9995
2026-04-03 04:21:44+00:00,0.9995
2026-04-03 04:22:44+00:00,0.9995
2026-04-03 04:23:45+00:00,0.9995
2026-04-03 04:24:44+00:00,0.9995
2026-04-03 04:25:47+00:00,0.9995
2026-04-03 04:26:45+00:00,0.9995
2026-04-03 04:27:45+00:00,0.9995
2026-04-03 04:28:44+00:00,0.9995
2026-04-03 04:29:58+00:00,0.9995
2026-04-03 04:30:55+00:00,0.9995
2026-04-03 04:31:46+00:00,0.9995
2026-04-03 04:33:09+00:00,0.9995
2026-04-03 04:34:02+00:00,0.9995
2026-04-03 04:34:53+00:00,0.9995
2026-04-03 04:35:49+00:00,0.9995
2026-04-03 04:36:45+00:00,0.9995
2026-04-03 04:37:43+00:00,0.9995
2026-04-03 04:38:43+00:00,0.9995
2026-04-03 04:39:45+00:00,0.9995
2026-04-03 04:40:46+00:00,0.9995
2026-04-03 04:41:44+00:00,0.9995
2026-04-03 04:42:43+00:00,0.9995
2026-04-03 04:43:43+00:00,0.9995
2026-04-03 04:44:44+00:00,0.9995
2026-04-03 04:45:46+00:00,0.9995
2026-04-03 04:46:44+00:00,0.9995
2026-04-03 04:47:45+00:00,0.9995
2026-04-03 04:48:43+00:00,0.9995
2026-04-03 04:49:57+00:00,0.9995
2026-04-03 04:50:51+00:00,0.9995
2026-04-03 04:51:59+00:00,0.9995
2026-04-03 04:52:48+00:00,0.9995
2026-04-03 04:53:43+00:00,0.9995
2026-04-03 04:54:44+00:00,0.9995
2026-04-03 04:55:48+00:00,0.9995
2026-04-03 04:56:44+00:00,0.9995
2026-04-03 04:57:45+00:00,0.9995
2026-04-03 04:59:08+00:00,0.9995
2026-04-03 05:00:04+00:00,0.9995
2026-04-03 05:01:02+00:00,0.9995
2026-04-03 05:01:51+00:00,0.9995
2026-04-03 05:02:44+00:00,0.9995
2026-04-03 05:03:44+00:00,0.9995
2026-04-03 05:04:44+00:00,0.9995
2026-04-03 05:05:48+00:00,0.9995
2026-04-03 05:06:44+00:00,0.9995
2026-04-03 05:07:43+00:00,0.9995
2026-04-03 05:08:57+00:00,0.9995
2026-04-03 05:09:57+00:00,0.9995
2026-04-03 05:10:55+00:00,0.9995
2026-04-03 05:11:44+00:00,0.9995
2026-04-03 05:12:47+00:00,0.9995
2026-04-03 05:13:44+00:00,0.9995
2026-04-03 05:14:47+00:00,0.9995
2026-04-03 05:15:49+00:00,0.9995
2026-04-03 05:16:43+00:00,0.9995
2026-04-03 05:17:57+00:00,0.9995
2026-04-03 05:18:47+00:00,0.9995
2026-04-03 05:19:46+00:00,0.9995
2026-04-03 05:20:46+00:00,0.9995
2026-04-03 05:21:44+00:00,0.9995
2026-04-03 05:22:44+00:00,0.9995
2026-04-03 05:23:44+00:00,0.9995
2026-04-03 05:24:46+00:00,0.9995
2026-04-03 05:25:49+00:00,0.9995
2026-04-03 05:26:45+00:00,0.9995
2026-04-03 05:27:45+00:00,0.9995
2026-04-03 05:28:44+00:00,0.9995
2026-04-03 05:29:45+00:00,0.9995
2026-04-03 05:31:03+00:00,0.9995
2026-04-03 05:31:52+00:00,0.9995
2026-04-03 05:32:59+00:00,0.9995
2026-04-03 05:33:50+00:00,0.9995
2026-04-03 05:34:44+00:00,0.9995
2026-04-03 05:35:59+00:00,0.9995
2026-04-03 05:36:52+00:00,0.9995
2026-04-03 05:37:45+00:00,0.9995
2026-04-03 05:38:44+00:00,0.9995
2026-04-03 05:39:44+00:00,0.9995
2026-04-03 05:40:45+00:00,0.9995
2026-04-03 05:41:44+00:00,0.9995
2026-04-03 05:42:44+00:00,0.9995
2026-04-03 05:43:43+00:00,0.9995
2026-04-03 05:44:45+00:00,0.9995
2026-04-03 05:45:47+00:00,0.9995
2026-04-03 05:46:44+00:00,0.9995
2026-04-03 05:47:45+00:00,0.9995
2026-04-03 05:48:45+00:00,0.9995
2026-04-03 05:49:45+00:00,0.9995
2026-04-03 05:50:48+00:00,0.9995
2026-04-03 05:51:45+00:00,0.9995
2026-04-03 05:52:44+00:00,0.9995
2026-04-03 05:53:44+00:00,0.9995
2026-04-03 05:54:44+00:00,0.9995
2026-04-03 05:55:46+00:00,0.9995
2026-04-03 05:56:44+00:00,0.9995
2026-04-03 05:57:44+00:00,0.9995
2026-04-03 05:58:44+00:00,0.9995
2026-04-03 05:59:44+00:00,0.9995
2026-04-03 06:01:20+00:00,0.9995
2026-04-03 06:02:14+00:00,0.9995
2026-04-03 06:03:04+00:00,0.9995
2026-04-03 06:03:54+00:00,0.9995
2026-04-03 06:04:47+00:00,0.9995
2026-04-03 06:05:49+00:00,0.9995
2026-04-03 06:06:46+00:00,0.9995
2026-04-03 06:07:45+00:00,0.9995
2026-04-03 06:08:48+00:00,0.9995
2026-04-03 06:09:46+00:00,0.9995
2026-04-03 06:10:48+00:00,0.9995
2026-04-03 06:11:44+00:00,0.9995
2026-04-03 06:12:45+00:00,0.9995
2026-04-03 06:13:59+00:00,0.9995
2026-04-03 06:14:50+00:00,0.9995
2026-04-03 06:15:49+00:00,0.9995
2026-04-03 06:16:46+00:00,0.9995
2026-04-03 06:17:46+00:00,0.9995
2026-04-03 06:18:46+00:00,0.9995
2026-04-03 06:19:47+00:00,0.9995
2026-04-03 06:20:47+00:00,0.9995
2026-04-03 06:21:44+00:00,0.9995
2026-04-03 06:22:44+00:00,0.9995
2026-04-03 06:23:43+00:00,0.9995
2026-04-03 06:24:45+00:00,0.9995
2026-04-03 06:25:48+00:00,0.9995
2026-04-03 06:26:46+00:00,0.9995
2026-04-03 06:28:05+00:00,0.9995
2026-04-03 06:29:03+00:00,0.9995
2026-04-03 06:29:54+00:00,0.9995
2026-04-03 06:31:01+00:00,0.9995
2026-04-03 06:31:54+00:00,0.9995
2026-04-03 06:32:46+00:00,0.9995
2026-04-03 06:33:44+00:00,0.9995
2026-04-03 06:34:46+00:00,0.9995
2026-04-03 06:36:01+00:00,0.9995
2026-04-03 06:36:56+00:00,0.9995
2026-04-03 06:37:48+00:00,0.9995
2026-04-03 06:38:45+00:00,0.9995
2026-04-03 06:39:47+00:00,0.9995
2026-04-03 06:40:49+00:00,0.9995
2026-04-03 06:41:45+00:00,0.9995
2026-04-03 06:42:45+00:00,0.9995
2026-04-03 06:43:45+00:00,0.9995
2026-04-03 06:44:45+00:00,0.9995
2026-04-03 06:46:17+00:00,0.9995
2026-04-03 06:47:17+00:00,0.9995
2026-04-03 06:48:05+00:00,0.9995
2026-04-03 06:48:55+00:00,0.9995
2026-04-03 06:49:57+00:00,0.9995
2026-04-03 06:50:49+00:00,0.9995
2026-04-03 06:51:44+00:00,0.9995
2026-04-03 06:52:43+00:00,0.9995
2026-04-03 06:53:44+00:00,0.9995
2026-04-03 06:54:45+00:00,0.9995
2026-04-03 06:55:45+00:00,0.9995
2026-04-03 06:56:44+00:00,0.9995
2026-04-03 06:57:44+00:00,0.9995
2026-04-03 06:58:43+00:00,0.9995
2026-04-03 06:59:45+00:00,0.9995
2026-04-03 07:00:53+00:00,0.9995
2026-04-03 07:01:45+00:00,0.9995
2026-04-03 07:02:45+00:00,0.9995
2026-04-03 07:03:45+00:00,0.9995
2026-04-03 07:04:45+00:00,0.9995
2026-04-03 07:05:46+00:00,0.9995
2026-04-03 07:06:44+00:00,0.9995
2026-04-03 07:07:43+00:00,0.9995
2026-04-03 07:08:43+00:00,0.9995
2026-04-03 07:09:44+00:00,0.9995
2026-04-03 07:10:46+00:00,0.9995
2026-04-03 07:11:56+00:00,0.9995
2026-04-03 07:12:49+00:00,0.9995
2026-04-03 07:13:43+00:00,0.9995
2026-04-03 07:14:44+00:00,0.9995
2026-04-03 07:15:49+00:00,0.9995
2026-04-03 07:16:48+00:00,0.9995
2026-04-03 07:17:44+00:00,0.9995
2026-04-03 07:18:43+00:00,0.9995
2026-04-03 07:19:45+00:00,0.9995
2026-04-03 07:20:46+00:00,0.9995
2026-04-03 07:21:43+00:00,0.9995
2026-04-03 07:22:56+00:00,0.9995
2026-04-03 07:23:46+00:00,0.9995
2026-04-03 07:24:46+00:00,0.9995
2026-04-03 07:25:47+00:00,0.9995
2026-04-03 07:26:44+00:00,0.9995
2026-04-03 07:27:45+00:00,0.9995
2026-04-03 07:28:45+00:00,0.9995
2026-04-03 07:29:44+00:00,0.9995
2026-04-03 07:30:51+00:00,0.9995
2026-04-03 07:31:43+00:00,0.9995
2026-04-03 07:32:44+00:00,0.9995
2026-04-03 07:33:44+00:00,0.9995
2026-04-03 07:34:45+00:00,0.9995
2026-04-03 07:35:46+00:00,0.9995
2026-04-03 07:36:44+00:00,0.9995
2026-04-03 07:37:57+00:00,0.9995
2026-04-03 07:38:53+00:00,0.9995
2026-04-03 07:39:45+00:00,0.9995
2026-04-03 07:40:53+00:00,0.9995
2026-04-03 07:41:48+00:00,0.9995
2026-04-03 07:42:43+00:00,0.9995
2026-04-03 07:44:10+00:00,0.9995
2026-04-03 07:45:06+00:00,0.9995
2026-04-03 07:46:00+00:00,0.9995
2026-04-03 07:46:49+00:00,0.9995
2026-04-03 07:47:57+00:00,0.9995
2026-04-03 07:48:45+00:00,0.9995
2026-04-03 07:49:58+00:00,0.9995
2026-04-03 07:50:53+00:00,0.9995
2026-04-03 07:51:45+00:00,0.9995
2026-04-03 07:52:43+00:00,0.9995
2026-04-03 07:53:45+00:00,0.9995
2026-04-03 07:54:44+00:00,0.9995
2026-04-03 07:55:48+00:00,0.9995
2026-04-03 07:56:45+00:00,0.9995
2026-04-03 07:57:44+00:00,0.9995
2026-04-03 07:58:44+00:00,0.9995
2026-04-03 07:59:45+00:00,0.9995
2026-04-03 08:00:53+00:00,0.9995
2026-04-03 08:01:45+00:00,0.9995
2026-04-03 08:02:59+00:00,0.9995
2026-04-03 08:03:49+00:00,0.9995
2026-04-03 08:04:45+00:00,0.9995
2026-04-03 08:05:48+00:00,0.9995
2026-04-03 08:06:44+00:00,0.9995
2026-04-03 08:07:44+00:00,0.9995
2026-04-03 08:08:43+00:00,0.9995
2026-04-03 08:09:56+00:00,0.9995
2026-04-03 08:10:53+00:00,0.9995
2026-04-03 08:11:43+00:00,0.9995
2026-04-03 08:12:45+00:00,0.9995
2026-04-03 08:13:44+00:00,0.9995
2026-04-03 08:14:44+00:00,0.9995
2026-04-03 08:15:46+00:00,0.9995
2026-04-03 08:16:43+00:00,0.9995
2026-04-03 08:17:45+00:00,0.9995
2026-04-03 08:18:45+00:00,0.9995
2026-04-03 08:19:45+00:00,0.9995
2026-04-03 08:20:46+00:00,0.9995
2026-04-03 08:21:43+00:00,0.9995
2026-04-03 08:22:43+00:00,0.9995
2026-04-03 08:23:44+00:00,0.9995
2026-04-03 08:24:45+00:00,0.9995
2026-04-03 08:25:48+00:00,0.9995
2026-04-03 08:27:05+00:00,0.9995
2026-04-03 08:27:55+00:00,0.9995
2026-04-03 08:28:44+00:00,0.9995
2026-04-03 08:29:44+00:00,0.9995
2026-04-03 08:30:52+00:00,0.9995
2026-04-03 08:31:44+00:00,0.9995
2026-04-03 08:32:43+00:00,0.9995
2026-04-03 08:33:46+00:00,0.9995
2026-04-03 08:34:45+00:00,0.9995
2026-04-03 08:35:46+00:00,0.9995
2026-04-03 08:36:44+00:00,0.9995
2026-04-03 08:37:44+00:00,0.9995
2026-04-03 08:38:44+00:00,0.9995
2026-04-03 08:39:44+00:00,0.9995
2026-04-03 08:40:45+00:00,0.9995
2026-04-03 08:41:44+00:00,0.9995
2026-04-03 08:42:44+00:00,0.9995
2026-04-03 08:43:43+00:00,0.9995
2026-04-03 08:44:44+00:00,0.9995
2026-04-03 08:45:58+00:00,0.9995
2026-04-03 08:46:48+00:00,0.9995
2026-04-03 08:47:45+00:00,0.9995
2026-04-03 08:48:44+00:00,0.9995
2026-04-03 08:49:45+00:00,0.9995
2026-04-03 08:50:57+00:00,0.9995
2026-04-03 08:51:50+00:00,0.9995
2026-04-03 08:52:53+00:00,0.9995
2026-04-03 08:53:48+00:00,0.9995
2026-04-03 08:54:45+00:00,0.9995
2026-04-03 08:55:51+00:00,0.9995
2026-04-03 08:56:45+00:00,0.9995
2026-04-03 08:57:44+00:00,0.9995
2026-04-03 08:58:45+00:00,0.9995
2026-04-03 08:59:45+00:00,0.9995
2026-04-03 09:01:00+00:00,0.9995
2026-04-03 09:01:48+00:00,0.9995
2026-04-03 09:02:44+00:00,0.9995
2026-04-03 09:03:47+00:00,0.9995
2026-04-03 09:04:44+00:00,0.9995
2026-04-03 09:05:46+00:00,0.9995
2026-04-03 09:06:43+00:00,0.9995
2026-04-03 09:08:00+00:00,0.9995
2026-04-03 09:08:51+00:00,0.9995
2026-04-03 09:09:56+00:00,0.9995
2026-04-03 09:10:47+00:00,0.9995
2026-04-03 09:11:55+00:00,0.9995
2026-04-03 09:12:44+00:00,0.9995
2026-04-03 09:13:44+00:00,0.9995
2026-04-03 09:14:45+00:00,0.9995
2026-04-03 09:15:46+00:00,0.9995
2026-04-03 09:16:44+00:00,0.9995
2026-04-03 09:17:45+00:00,0.9995
2026-04-03 09:18:57+00:00,0.9995
2026-04-03 09:19:46+00:00,0.9995
2026-04-03 09:20:49+00:00,0.9995
2026-04-03 09:21:44+00:00,0.9995
2026-04-03 09:22:44+00:00,0.9995
2026-04-03 09:23:45+00:00,0.9995
2026-04-03 09:24:45+00:00,0.9995
2026-04-03 09:25:47+00:00,0.9995
2026-04-03 09:26:45+00:00,0.9995
2026-04-03 09:27:45+00:00,0.9995
2026-04-03 09:28:46+00:00,0.9995
2026-04-03 09:29:45+00:00,0.9995
2026-04-03 09:30:54+00:00,0.9995
2026-04-03 09:31:46+00:00,0.9995
2026-04-03 09:32:43+00:00,0.9995
2026-04-03 09:33:45+00:00,0.9995
2026-04-03 09:34:45+00:00,0.9995
2026-04-03 09:35:47+00:00,0.9995
2026-04-03 09:36:43+00:00,0.9995
2026-04-03 09:37:45+00:00,0.9995
2026-04-03 09:38:44+00:00,0.9995
2026-04-03 09:39:57+00:00,0.9995
2026-04-03 09:40:49+00:00,0.9995
2026-04-03 09:41:44+00:00,0.9995
2026-04-03 09:42:51+00:00,0.9995
2026-04-03 09:43:46+00:00,0.9995
2026-04-03 09:44:55+00:00,0.9995
2026-04-03 09:45:52+00:00,0.9995
2026-04-03 09:46:44+00:00,0.9995
2026-04-03 09:47:45+00:00,0.9995
2026-04-03 09:48:46+00:00,0.9995
2026-04-03 09:49:44+00:00,0.9995
2026-04-03 09:51:00+00:00,0.9995
2026-04-03 09:51:49+00:00,0.9995
2026-04-03 09:52:44+00:00,0.9995
2026-04-03 09:53:44+00:00,0.9995
2026-04-03 09:54:45+00:00,0.9995
2026-04-03 09:55:47+00:00,0.9995
2026-04-03 09:56:57+00:00,0.9995
2026-04-03 09:57:50+00:00,0.9995
2026-04-03 09:58:43+00:00,0.9995
2026-04-03 09:59:45+00:00,0.9995
2026-04-03 10:00:54+00:00,0.9995
2026-04-03 10:01:45+00:00,0.9995
2026-04-03 10:02:44+00:00,0.9995
2026-04-03 10:03:45+00:00,0.9995
2026-04-03 10:04:49+00:00,0.9995
2026-04-03 10:05:47+00:00,0.9995
2026-04-03 10:06:49+00:00,0.9995
2026-04-03 10:07:49+00:00,0.9995
2026-04-03 10:09:02+00:00,0.9995
2026-04-03 10:09:51+00:00,0.9995
2026-04-03 10:10:47+00:00,0.9995
2026-04-03 10:11:44+00:00,0.9995
2026-04-03 10:12:44+00:00,0.9995
2026-04-03 10:13:44+00:00,0.9995
2026-04-03 10:14:44+00:00,0.9995
2026-04-03 10:15:47+00:00,0.9995
2026-04-03 10:16:47+00:00,0.9995
2026-04-03 10:17:46+00:00,0.9995
2026-04-03 10:18:45+00:00,0.9995
2026-04-03 10:19:45+00:00,0.9995
2026-04-03 10:20:48+00:00,0.9995
2026-04-03 10:21:45+00:00,0.9995
2026-04-03 10:22:57+00:00,0.9995
2026-04-03 10:23:50+00:00,0.9995
2026-04-03 10:24:46+00:00,0.9995
2026-04-03 10:25:50+00:00,0.9995
2026-04-03 10:26:44+00:00,0.9995
2026-04-03 10:27:46+00:00,0.9995
2026-04-03 10:28:45+00:00,0.9995
2026-04-03 10:29:45+00:00,0.9995
2026-04-03 10:30:58+00:00,0.9995
2026-04-03 10:31:49+00:00,0.9995
2026-04-03 10:32:45+00:00,0.9995
2026-04-03 10:33:46+00:00,0.9995
2026-04-03 10:34:45+00:00,0.9995
2026-04-03 10:35:48+00:00,0.9995
2026-04-03 10:36:46+00:00,0.9995
2026-04-03 10:37:45+00:00,0.9995
2026-04-03 10:38:45+00:00,0.9995
2026-04-03 10:39:45+00:00,0.9995
2026-04-03 10:40:48+00:00,0.9995
2026-04-03 10:41:43+00:00,0.9995
2026-04-03 10:42:45+00:00,0.9995
2026-04-03 10:43:45+00:00,0.9995
2026-04-03 10:44:44+00:00,0.9995
2026-04-03 10:45:47+00:00,0.9995
2026-04-03 10:46:45+00:00,0.9995
2026-04-03 10:47:45+00:00,0.9995
2026-04-03 10:48:56+00:00,0.9995
2026-04-03 10:49:50+00:00,0.9995
2026-04-03 10:50:54+00:00,0.9995
2026-04-03 10:51:46+00:00,0.9995
2026-04-03 10:52:44+00:00,0.9995
2026-04-03 10:53:45+00:00,0.9995
2026-04-03 10:54:46+00:00,0.9995
2026-04-03 10:55:48+00:00,0.9995
2026-04-03 10:56:44+00:00,0.9995
2026-04-03 10:57:45+00:00,0.9995
2026-04-03 10:58:45+00:00,0.9995
2026-04-03 10:59:45+00:00,0.9995
2026-04-03 11:00:52+00:00,0.9995
2026-04-03 11:01:58+00:00,0.9995
2026-04-03 11:02:49+00:00,0.9995
2026-04-03 11:03:45+00:00,0.9995
2026-04-03 11:04:46+00:00,0.9995
2026-04-03 11:05:48+00:00,0.9995
2026-04-03 11:06:46+00:00,0.9995
2026-04-03 11:07:46+00:00,0.9995
2026-04-03 11:08:44+00:00,0.9995
2026-04-03 11:09:45+00:00,0.9995
2026-04-03 11:10:48+00:00,0.9995
2026-04-03 11:11:45+00:00,0.9995
2026-04-03 11:12:45+00:00,0.9995
2026-04-03 11:13:44+00:00,0.9995
2026-04-03 11:14:58+00:00,0.9995
2026-04-03 11:15:59+00:00,0.9995
2026-04-03 11:16:48+00:00,0.9995
2026-04-03 11:17:45+00:00,0.9995
2026-04-03 11:18:44+00:00,0.9995
2026-04-03 11:19:51+00:00,0.9995
2026-04-03 11:20:46+00:00,0.9995
2026-04-03 11:21:44+00:00,0.9995
2026-04-03 11:22:44+00:00,0.9995
2026-04-03 11:23:46+00:00,0.9995
2026-04-03 11:24:45+00:00,0.9995
2026-04-03 11:26:01+00:00,0.9995
2026-04-03 11:26:52+00:00,0.9995
2026-04-03 11:27:45+00:00,0.9995
2026-04-03 11:28:45+00:00,0.9995
2026-04-03 11:29:48+00:00,0.9995
2026-04-03 11:30:53+00:00,0.9995
2026-04-03 11:31:44+00:00,0.9995
2026-04-03 11:32:44+00:00,0.9995
2026-04-03 11:33:44+00:00,0.9995
2026-04-03 11:34:45+00:00,0.9995
2026-04-03 11:35:46+00:00,0.9995
2026-04-03 11:36:44+00:00,0.9995
2026-04-03 11:37:45+00:00,0.9995
2026-04-03 11:38:45+00:00,0.9995
2026-04-03 11:39:45+00:00,0.9995
2026-04-03 11:41:13+00:00,0.9995
2026-04-03 11:42:07+00:00,0.9995
2026-04-03 11:42:57+00:00,0.9995
2026-04-03 11:43:46+00:00,0.9995
2026-04-03 11:44:45+00:00,0.9995
2026-04-03 11:45:49+00:00,0.9995
2026-04-03 11:46:45+00:00,0.9995
2026-04-03 11:47:45+00:00,0.9995
2026-04-03 11:48:45+00:00,0.9995
2026-04-03 11:49:45+00:00,0.9995
2026-04-03 11:50:48+00:00,0.9995
2026-04-03 11:51:45+00:00,0.9995
2026-04-03 11:52:46+00:00,0.9995
2026-04-03 11:53:45+00:00,0.9995
2026-04-03 11:54:47+00:00,0.9995
2026-04-03 11:55:48+00:00,0.9995
2026-04-03 11:56:46+00:00,0.9995
2026-04-03 11:57:58+00:00,0.9995
2026-04-03 11:58:48+00:00,0.9995
2026-04-03 11:59:45+00:00,0.9995
2026-04-03 12:01:03+00:00,0.9995
2026-04-03 12:01:52+00:00,0.9995
2026-04-03 12:02:44+00:00,0.9995
2026-04-03 12:03:45+00:00,0.9995
2026-04-03 12:04:45+00:00,0.9995
2026-04-03 12:05:47+00:00,0.9995
2026-04-03 12:06:57+00:00,0.9995
2026-04-03 12:07:52+00:00,0.9995
2026-04-03 12:08:51+00:00,0.9995
2026-04-03 12:09:45+00:00,0.9995
2026-04-03 12:10:50+00:00,0.9995
2026-04-03 12:11:44+00:00,0.9995
2026-04-03 12:12:44+00:00,0.9995
2026-04-03 12:13:44+00:00,0.9995
2026-04-03 12:14:46+00:00,0.9995
2026-04-03 12:15:47+00:00,0.9995
2026-04-03 12:16:45+00:00,0.9995
2026-04-03 12:17:46+00:00,0.9995
2026-04-03 12:18:45+00:00,0.9995
2026-04-03 12:19:45+00:00,0.9995
2026-04-03 12:20:48+00:00,0.9995
2026-04-03 12:21:46+00:00,0.9995
2026-04-03 12:22:46+00:00,0.9995
2026-04-03 12:23:46+00:00,0.9995
2026-04-03 12:24:46+00:00,0.9995
2026-04-03 12:25:47+00:00,0.9995
2026-04-03 12:26:45+00:00,0.9995
2026-04-03 12:27:45+00:00,0.9995
2026-04-03 12:28:58+00:00,0.9995
2026-04-03 12:29:49+00:00,0.9995
2026-04-03 12:31:01+00:00,0.9995
2026-04-03 12:31:51+00:00,0.9995
2026-04-03 12:33:02+00:00,0.9995
2026-04-03 12:34:03+00:00,0.9995
2026-04-03 12:34:56+00:00,0.9995
2026-04-03 12:35:55+00:00,0.9995
2026-04-03 12:36:48+00:00,0.9995
2026-04-03 12:37:46+00:00,0.9995
2026-04-03 12:39:01+00:00,0.9995
2026-04-03 12:39:54+00:00,0.9995
2026-04-03 12:41:01+00:00,0.9995
2026-04-03 12:41:54+00:00,0.9995
2026-04-03 12:43:01+00:00,0.9995
2026-04-03 12:43:57+00:00,0.9995
2026-04-03 12:44:50+00:00,0.9995
2026-04-03 12:45:51+00:00,0.9995
2026-04-03 12:46:45+00:00,0.9995
2026-04-03 12:47:57+00:00,0.9995
2026-04-03 12:48:48+00:00,0.9995
2026-04-03 12:49:45+00:00,0.9995
2026-04-03 12:50:46+00:00,0.9995
2026-04-03 12:51:45+00:00,0.9995
2026-04-03 12:52:44+00:00,0.9995
2026-04-03 12:53:44+00:00,0.9995
2026-04-03 12:54:46+00:00,0.9995
2026-04-03 12:55:49+00:00,0.9995
2026-04-03 12:56:45+00:00,0.9995
2026-04-03 12:57:46+00:00,0.9995
2026-04-03 12:58:56+00:00,0.9995
2026-04-03 12:59:50+00:00,0.9995
2026-04-03 13:01:02+00:00,0.9995
2026-04-03 13:01:53+00:00,0.9995
2026-04-03 13:02:45+00:00,0.9995
2026-04-03 13:03:45+00:00,0.9995
2026-04-03 13:04:45+00:00,0.9995
2026-04-03 13:05:49+00:00,0.9995
2026-04-03 13:06:45+00:00,0.9995
2026-04-03 13:07:45+00:00,0.9995
2026-04-03 13:08:47+00:00,0.9995
2026-04-03 13:09:48+00:00,0.9995
2026-04-03 13:10:50+00:00,0.9995
2026-04-03 13:11:46+00:00,0.9995
2026-04-03 13:12:49+00:00,0.9995
2026-04-03 13:13:47+00:00,0.9995
2026-04-03 13:14:47+00:00,0.9995
2026-04-03 13:15:50+00:00,0.9995
2026-04-03 13:16:48+00:00,0.9995
2026-04-03 13:17:47+00:00,0.9995
2026-04-03 13:18:47+00:00,0.9995
2026-04-03 13:20:02+00:00,0.9995
2026-04-03 13:20:58+00:00,0.9995
2026-04-03 13:22:03+00:00,0.9995
2026-04-03 13:22:59+00:00,0.9995
2026-04-03 13:23:50+00:00,0.9995
2026-04-03 13:24:46+00:00,0.9995
2026-04-03 13:25:58+00:00,0.9995
2026-04-03 13:26:50+00:00,0.9995
2026-04-03 13:27:47+00:00,0.9995
2026-04-03 13:28:50+00:00,0.9995
2026-04-03 13:29:48+00:00,0.9995
2026-04-03 13:30:58+00:00,0.9995
2026-04-03 13:31:51+00:00,0.9995
2026-04-03 13:32:47+00:00,0.9995
2026-04-03 13:33:47+00:00,0.9995
2026-04-03 13:35:00+00:00,0.9995
2026-04-03 13:35:58+00:00,0.9995
2026-04-03 13:36:52+00:00,0.9995
2026-04-03 13:37:47+00:00,0.9995
2026-04-03 13:38:48+00:00,0.9995
2026-04-03 13:39:47+00:00,0.9995
2026-04-03 13:41:04+00:00,0.9995
2026-04-03 13:41:55+00:00,0.9995
2026-04-03 13:42:47+00:00,0.9995
2026-04-03 13:43:46+00:00,0.9995
2026-04-03 13:44:47+00:00,0.9995
2026-04-03 13:45:55+00:00,0.9995
2026-04-03 13:46:50+00:00,0.9995
2026-04-03 13:47:59+00:00,0.9995
2026-04-03 13:48:56+00:00,0.9995
2026-04-03 13:49:49+00:00,0.9995
2026-04-03 13:50:51+00:00,0.9995
2026-04-03 13:51:49+00:00,0.9995
2026-04-03 13:52:46+00:00,0.9995
2026-04-03 13:53:45+00:00,0.9995
2026-04-03 13:54:47+00:00,0.9995
2026-04-03 13:55:51+00:00,0.9995
2026-04-03 13:56:47+00:00,0.9995
2026-04-03 13:57:47+00:00,0.9995
2026-04-03 13:58:46+00:00,0.9995
2026-04-03 13:59:47+00:00,0.9995
2026-04-03 14:00:59+00:00,0.9995
2026-04-03 14:01:53+00:00,0.9995
2026-04-03 14:02:47+00:00,0.9995
2026-04-03 14:03:47+00:00,0.9995
2026-04-03 14:04:47+00:00,0.9995
2026-04-03 14:05:50+00:00,0.9995
2026-04-03 14:06:48+00:00,0.9995
2026-04-03 14:07:47+00:00,0.9995
2026-04-03 14:08:49+00:00,0.9995
2026-04-03 14:09:48+00:00,0.9995
2026-04-03 14:10:48+00:00,0.9995
2026-04-03 14:11:46+00:00,0.9995
2026-04-03 14:12:47+00:00,0.9995
2026-04-03 14:14:00+00:00,0.9995
2026-04-03 14:14:59+00:00,0.9995
2026-04-03 14:15:58+00:00,0.9995
2026-04-03 14:16:52+00:00,0.9995
2026-04-03 14:17:49+00:00,0.9995
2026-04-03 14:18:47+00:00,0.9995
2026-04-03 14:20:02+00:00,0.9995
2026-04-03 14:21:05+00:00,0.9995
2026-04-03 14:21:56+00:00,0.9995
2026-04-03 14:22:48+00:00,0.9995
2026-04-03 14:23:47+00:00,0.9995
2026-04-03 14:24:47+00:00,0.9995
2026-04-03 14:25:50+00:00,0.9995
2026-04-03 14:26:46+00:00,0.9995
2026-04-03 14:27:46+00:00,0.9995
2026-04-03 14:28:46+00:00,0.9995
2026-04-03 14:29:47+00:00,0.9995
2026-04-03 14:30:53+00:00,0.9995
2026-04-03 14:31:49+00:00,0.9995
2026-04-03 14:32:47+00:00,0.9995
2026-04-03 14:33:46+00:00,0.9995
2026-04-03 14:34:55+00:00,0.9995
2026-04-03 14:35:53+00:00,0.9995
2026-04-03 14:36:47+00:00,0.9995
2026-04-03 14:37:46+00:00,0.9995
2026-04-03 14:38:47+00:00,0.9995
2026-04-03 14:39:47+00:00,0.9995
2026-04-03 14:40:51+00:00,0.9995
2026-04-03 14:41:46+00:00,0.9995
2026-04-03 14:42:47+00:00,0.9995
2026-04-03 14:44:01+00:00,0.9995
2026-04-03 14:44:53+00:00,0.9995
2026-04-03 14:46:06+00:00,0.9995
2026-04-03 14:47:04+00:00,0.9995
2026-04-03 14:47:57+00:00,0.9995
2026-04-03 14:48:51+00:00,0.9995
2026-04-03 14:49:46+00:00,0.9995
2026-04-03 14:50:49+00:00,0.9995
2026-04-03 14:51:46+00:00,0.9995
2026-04-03 14:52:45+00:00,0.9995
2026-04-03 14:53:46+00:00,0.9995
2026-04-03 14:54:46+00:00,0.9995
2026-04-03 14:55:49+00:00,0.9995
2026-04-03 14:56:51+00:00,0.9995
2026-04-03 14:57:47+00:00,0.9995
2026-04-03 14:58:49+00:00,0.9995
2026-04-03 14:59:50+00:00,0.9995
2026-04-03 15:01:03+00:00,0.9995
2026-04-03 15:01:53+00:00,0.9995
2026-04-03 15:02:44+00:00,0.9995
2026-04-03 15:03:46+00:00,0.9995
2026-04-03 15:04:46+00:00,0.9995
2026-04-03 15:05:48+00:00,0.9995
2026-04-03 15:06:47+00:00,0.9995
2026-04-03 15:07:47+00:00,0.9995
2026-04-03 15:08:47+00:00,0.9995
2026-04-03 15:09:48+00:00,0.9995
2026-04-03 15:10:47+00:00,0.9995
2026-04-03 15:11:57+00:00,0.9995
2026-04-03 15:12:52+00:00,0.9995
2026-04-03 15:13:48+00:00,0.9995
2026-04-03 15:14:48+00:00,0.9995
2026-04-03 15:15:51+00:00,0.9995
2026-04-03 15:16:45+00:00,0.9995
2026-04-03 15:17:46+00:00,0.9995
2026-04-03 15:18:47+00:00,0.9995
2026-04-03 15:19:46+00:00,0.9995
2026-04-03 15:20:49+00:00,0.9995
2026-04-03 15:21:45+00:00,0.9995
2026-04-03 15:23:00+00:00,0.9995
2026-04-03 15:23:50+00:00,0.9995
2026-04-03 15:24:46+00:00,0.9995
2026-04-03 15:26:02+00:00,0.9995
2026-04-03 15:26:52+00:00,0.9995
2026-04-03 15:27:45+00:00,0.9995
2026-04-03 15:28:48+00:00,0.9995
2026-04-03 15:29:44+00:00,0.9995
2026-04-03 15:30:58+00:00,0.9995
2026-04-03 15:31:50+00:00,0.9995
2026-04-03 15:33:00+00:00,0.9995
2026-04-03 15:33:52+00:00,0.9995
2026-04-03 15:34:45+00:00,0.9995
2026-04-03 15:36:01+00:00,0.9995
2026-04-03 15:36:51+00:00,0.9995
2026-04-03 15:38:11+00:00,0.9995
2026-04-03 15:39:06+00:00,0.9995
2026-04-03 15:39:59+00:00,0.9995
2026-04-03 15:40:55+00:00,0.9995
2026-04-03 15:41:46+00:00,0.9995
2026-04-03 15:42:46+00:00,0.9995
2026-04-03 15:43:45+00:00,0.9995
2026-04-03 15:44:46+00:00,0.9995
2026-04-03 15:45:50+00:00,0.9995
2026-04-03 15:46:46+00:00,0.9995
2026-04-03 15:47:48+00:00,0.9995
2026-04-03 15:48:46+00:00,0.9995
2026-04-03 15:49:46+00:00,0.9995
2026-04-03 15:50:49+00:00,0.9995
2026-04-03 15:51:45+00:00,0.9995
2026-04-03 15:52:45+00:00,0.9995
2026-04-03 15:53:45+00:00,0.9995
2026-04-03 15:54:46+00:00,0.9995
2026-04-03 15:55:48+00:00,0.9995
2026-04-03 15:56:45+00:00,0.9995
2026-04-03 15:57:45+00:00,0.9995
2026-04-03 15:58:47+00:00,0.9995
2026-04-03 15:59:45+00:00,0.9995
2026-04-03 16:00:53+00:00,0.9995
2026-04-03 16:01:48+00:00,0.9995
2026-04-03 16:02:45+00:00,0.9995
2026-04-03 16:03:59+00:00,0.9995
2026-04-03 16:04:55+00:00,0.9995
2026-04-03 16:06:04+00:00,0.9995
2026-04-03 16:07:00+00:00,0.9995
2026-04-03 16:07:52+00:00,0.9995
2026-04-03 16:08:47+00:00,0.9995
2026-04-03 16:09:48+00:00,0.9995
2026-04-03 16:11:02+00:00,0.9995
2026-04-03 16:11:59+00:00,0.9995
2026-04-03 16:12:52+00:00,0.9995
2026-04-03 16:13:59+00:00,0.9995
2026-04-03 16:14:51+00:00,0.9995
2026-04-03 16:16:01+00:00,0.9995
2026-04-03 16:16:54+00:00,0.9995
2026-04-03 16:17:48+00:00,0.9995
2026-04-03 16:18:46+00:00,0.9995
2026-04-03 16:19:47+00:00,0.9995
2026-04-03 16:20:51+00:00,0.9995
2026-04-03 16:21:49+00:00,0.9995
2026-04-03 16:22:58+00:00,0.9995
2026-04-03 16:23:51+00:00,0.9995
2026-04-03 16:24:47+00:00,0.9995
2026-04-03 16:25:49+00:00,0.9995
2026-04-03 16:26:58+00:00,0.9995
2026-04-03 16:27:51+00:00,0.9995
2026-04-03 16:28:48+00:00,0.9995
2026-04-03 16:30:05+00:00,0.9995
2026-04-03 16:31:06+00:00,0.9995
2026-04-03 16:32:10+00:00,0.9995
2026-04-03 16:33:07+00:00,0.9995
2026-04-03 16:34:01+00:00,0.9995
2026-04-03 16:34:53+00:00,0.9995
2026-04-03 16:35:53+00:00,0.9995
2026-04-03 16:36:49+00:00,0.9995
2026-04-03 16:37:47+00:00,0.9995
2026-04-03 16:38:48+00:00,0.9995
2026-04-03 16:39:46+00:00,0.9995
2026-04-03 16:40:49+00:00,0.9995
2026-04-03 16:41:47+00:00,0.9995
2026-04-03 16:42:47+00:00,0.9995
2026-04-03 16:43:48+00:00,0.9995
2026-04-03 16:44:51+00:00,0.9995
2026-04-03 16:45:49+00:00,0.9995
2026-04-03 16:46:48+00:00,0.9995
2026-04-03 16:47:48+00:00,0.9995
2026-04-03 16:48:47+00:00,0.9995
2026-04-03 16:49:51+00:00,0.9995
2026-04-03 16:50:55+00:00,0.9995
2026-04-03 16:51:48+00:00,0.9995
2026-04-03 16:52:51+00:00,0.9995
2026-04-03 16:53:48+00:00,0.9995
2026-04-03 16:54:50+00:00,0.9995
2026-04-03 16:55:55+00:00,0.9995
2026-04-03 16:56:53+00:00,0.9995
2026-04-03 16:58:02+00:00,0.9995
2026-04-03 16:59:03+00:00,0.9995
2026-04-03 16:59:58+00:00,0.9995
2026-04-03 17:01:12+00:00,0.9995
2026-04-03 17:02:09+00:00,0.9995
2026-04-03 17:03:09+00:00,0.9995
2026-04-03 17:04:05+00:00,0.9995
2026-04-03 17:05:07+00:00,0.9995
2026-04-03 17:06:05+00:00,0.9995
2026-04-03 17:07:00+00:00,0.9995
2026-04-03 17:08:02+00:00,0.9995
2026-04-03 17:08:57+00:00,0.9995
2026-04-03 17:09:53+00:00,0.9995
2026-04-03 17:10:52+00:00,0.9995
2026-04-03 17:11:47+00:00,0.9995
2026-04-03 17:12:55+00:00,0.9995
2026-04-03 17:13:49+00:00,0.9995
2026-04-03 17:14:50+00:00,0.9995
2026-04-03 17:15:54+00:00,0.9995
2026-04-03 17:16:59+00:00,0.9995
2026-04-03 17:18:00+00:00,0.9995
2026-04-03 17:18:57+00:00,0.9995
2026-04-03 17:19:54+00:00,0.9995
2026-04-03 17:20:55+00:00,0.9995
2026-04-03 17:21:56+00:00,0.9995
2026-04-03 17:22:57+00:00,0.9995
2026-04-03 17:24:05+00:00,0.9995
2026-04-03 17:25:17+00:00,0.9995
2026-04-03 17:26:20+00:00,0.9995
2026-04-03 17:27:18+00:00,0.9995
2026-04-03 17:28:15+00:00,0.9995
2026-04-03 17:29:08+00:00,0.9995
2026-04-03 17:30:31+00:00,0.9995
2026-04-03 17:31:35+00:00,0.9995
2026-04-03 17:32:38+00:00,0.9995
2026-04-03 17:33:35+00:00,0.9995
2026-04-03 17:34:30+00:00,0.9995
2026-04-03 17:35:34+00:00,0.9995
2026-04-03 17:36:34+00:00,0.9995
2026-04-03 17:37:31+00:00,0.9995
2026-04-03 17:38:25+00:00,0.9995
2026-04-03 17:39:22+00:00,0.9995
2026-04-03 17:40:19+00:00,0.9995
2026-04-03 17:41:15+00:00,0.9995
2026-04-03 17:42:13+00:00,0.9995
2026-04-03 17:43:08+00:00,0.9995
2026-04-03 17:44:03+00:00,0.9995
2026-04-03 17:44:58+00:00,0.9995
2026-04-03 17:46:02+00:00,0.9995
2026-04-03 17:46:56+00:00,0.9995
2026-04-03 17:47:52+00:00,0.9995
2026-04-03 17:48:55+00:00,0.9995
2026-04-03 17:49:57+00:00,0.9995
2026-04-03 17:50:58+00:00,0.9995
2026-04-03 17:52:00+00:00,0.9995
2026-04-03 17:52:56+00:00,0.9995
2026-04-03 17:53:51+00:00,0.9995
2026-04-03 17:54:54+00:00,0.9995
2026-04-03 17:56:10+00:00,0.9995
2026-04-03 17:57:08+00:00,0.9995
2026-04-03 17:58:04+00:00,0.9995
2026-04-03 17:59:01+00:00,0.9995
2026-04-03 18:00:20+00:00,0.9995
2026-04-03 18:01:22+00:00,0.9995
2026-04-03 18:02:23+00:00,0.9995
2026-04-03 18:03:23+00:00,0.9995
2026-04-03 18:04:16+00:00,0.9995
2026-04-03 18:05:20+00:00,0.9995
2026-04-03 18:06:19+00:00,0.9995
2026-04-03 18:07:12+00:00,0.9995
2026-04-03 18:08:07+00:00,0.9995
2026-04-03 18:09:04+00:00,0.9995
2026-04-03 18:09:58+00:00,0.9995
2026-04-03 18:10:54+00:00,0.9995
2026-04-03 18:11:49+00:00,0.9995
2026-04-03 18:12:52+00:00,0.9995
2026-04-03 18:13:56+00:00,0.9995
2026-04-03 18:14:52+00:00,0.9995
2026-04-03 18:15:59+00:00,0.9995
2026-04-03 18:16:58+00:00,0.9995
2026-04-03 18:17:57+00:00,0.9995
2026-04-03 18:18:55+00:00,0.9995
2026-04-03 18:19:51+00:00,0.9995
2026-04-03 18:20:50+00:00,0.9995
2026-04-03 18:21:56+00:00,0.9995
2026-04-03 18:22:55+00:00,0.9995
2026-04-03 18:23:48+00:00,0.9995
2026-04-03 18:24:56+00:00,0.9995
2026-04-03 18:26:08+00:00,0.9995
2026-04-03 18:27:08+00:00,0.9995
2026-04-03 18:28:07+00:00,0.9995
2026-04-03 18:29:03+00:00,0.9995
2026-04-03 18:29:56+00:00,0.9995
2026-04-03 18:31:03+00:00,0.9995
2026-04-03 18:31:55+00:00,0.9995
2026-04-03 18:32:51+00:00,0.9995
2026-04-03 18:33:51+00:00,0.9995
2026-04-03 18:34:52+00:00,0.9995
2026-04-03 18:35:58+00:00,0.9995
2026-04-03 18:36:58+00:00,0.9995
2026-04-03 18:38:02+00:00,0.9995
2026-04-03 18:38:59+00:00,0.9995
2026-04-03 18:39:53+00:00,0.9995
2026-04-03 18:40:57+00:00,0.9995
2026-04-03 18:41:57+00:00,0.9995
2026-04-03 18:42:55+00:00,0.9995
2026-04-03 18:43:55+00:00,0.9995
2026-04-03 18:44:54+00:00,0.9995
2026-04-03 18:45:51+00:00,0.9995
2026-04-03 18:46:48+00:00,0.9995
2026-04-03 18:47:49+00:00,0.9995
2026-04-03 18:48:54+00:00,0.9995
2026-04-03 18:49:48+00:00,0.9995
2026-04-03 18:50:57+00:00,0.9995
2026-04-03 18:52:06+00:00,0.9995
2026-04-03 18:53:08+00:00,0.9995
2026-04-03 18:54:04+00:00,0.9995
2026-04-03 18:54:58+00:00,0.9995
2026-04-03 18:55:58+00:00,0.9995
2026-04-03 18:56:53+00:00,0.9995
2026-04-03 18:58:06+00:00,0.9995
2026-04-03 18:59:09+00:00,0.9995
2026-04-03 19:00:17+00:00,0.9995
2026-04-03 19:01:23+00:00,0.9995
2026-04-03 19:02:23+00:00,0.9995
2026-04-03 19:03:23+00:00,0.9995
2026-04-03 19:04:20+00:00,0.9995
2026-04-03 19:05:21+00:00,0.9995
2026-04-03 19:06:18+00:00,0.9995
2026-04-03 19:07:10+00:00,0.9995
2026-04-03 19:08:09+00:00,0.9995
2026-04-03 19:09:07+00:00,0.9995
2026-04-03 19:10:09+00:00,0.9995
2026-04-03 19:11:10+00:00,0.9995
2026-04-03 19:12:08+00:00,0.9995
2026-04-03 19:13:09+00:00,0.9995
2026-04-03 19:14:09+00:00,0.9995
2026-04-03 19:15:15+00:00,0.9995
2026-04-03 19:16:15+00:00,0.9995
2026-04-03 19:17:12+00:00,0.9995
2026-04-03 19:18:12+00:00,0.9995
2026-04-03 19:19:11+00:00,0.9995
2026-04-03 19:20:12+00:00,0.9995
2026-04-03 19:21:07+00:00,0.9995
2026-04-03 19:22:00+00:00,0.9995
2026-04-03 19:22:59+00:00,0.9995
2026-04-03 19:24:06+00:00,0.9995
2026-04-03 19:25:10+00:00,0.9995
2026-04-03 19:26:10+00:00,0.9995
2026-04-03 19:27:15+00:00,0.9995
2026-04-03 19:28:17+00:00,0.9995
2026-04-03 19:29:16+00:00,0.9995
2026-04-03 19:30:40+00:00,0.9995
2026-04-03 19:31:43+00:00,0.9995
2026-04-03 19:32:42+00:00,0.9995
2026-04-03 19:33:40+00:00,0.9995
2026-04-03 19:34:39+00:00,0.9995
2026-04-03 19:35:40+00:00,0.9995
2026-04-03 19:36:38+00:00,0.9995
2026-04-03 19:37:32+00:00,0.9995
2026-04-03 19:38:31+00:00,0.9995
2026-04-03 19:39:28+00:00,0.9995
2026-04-03 19:40:45+00:00,0.9995
2026-04-03 19:41:48+00:00,0.9995
2026-04-03 19:42:51+00:00,0.9995
2026-04-03 19:43:46+00:00,0.9995
2026-04-03 19:44:52+00:00,0.9995
2026-04-03 19:45:55+00:00,0.9995
2026-04-03 19:46:50+00:00,0.9995
2026-04-03 19:47:54+00:00,0.9995
2026-04-03 19:48:53+00:00,0.9995
2026-04-03 19:49:58+00:00,0.9995
2026-04-03 19:50:59+00:00,0.9995
2026-04-03 19:52:01+00:00,0.9995
2026-04-03 19:53:07+00:00,0.9995
2026-04-03 19:54:08+00:00,0.9995
2026-04-03 19:55:00+00:00,0.9995
2026-04-03 19:55:57+00:00,0.9995
2026-04-03 19:56:51+00:00,0.9995
2026-04-03 19:57:48+00:00,0.9995
2026-04-03 19:58:52+00:00,0.9995
2026-04-03 19:59:48+00:00,0.9995
2026-04-03 20:01:02+00:00,0.9995
2026-04-03 20:02:01+00:00,0.9995
2026-04-03 20:02:55+00:00,0.9995
2026-04-03 20:03:55+00:00,0.9995
2026-04-03 20:04:48+00:00,0.9995
2026-04-03 20:05:50+00:00,0.9995
2026-04-03 20:07:04+00:00,0.9995
2026-04-03 20:08:04+00:00,0.9995
2026-04-03 20:09:00+00:00,0.9995
2026-04-03 20:09:59+00:00,0.9995
2026-04-03 20:11:03+00:00,0.9995
2026-04-03 20:12:00+00:00,0.9995
2026-04-03 20:12:51+00:00,0.9995
2026-04-03 20:13:47+00:00,0.9995
2026-04-03 20:14:48+00:00,0.9995
2026-04-03 20:15:56+00:00,0.9995
2026-04-03 20:16:49+00:00,0.9995
2026-04-03 20:17:52+00:00,0.9995
2026-04-03 20:18:47+00:00,0.9995
2026-04-03 20:20:04+00:00,0.9995
2026-04-03 20:21:09+00:00,0.9995
2026-04-03 20:22:06+00:00,0.9995
2026-04-03 20:23:05+00:00,0.9995
2026-04-03 20:24:03+00:00,0.9995
2026-04-03 20:24:56+00:00,0.9995
2026-04-03 20:25:53+00:00,0.9995
2026-04-03 20:26:53+00:00,0.9995
2026-04-03 20:27:53+00:00,0.9995
2026-04-03 20:28:52+00:00,0.9995
2026-04-03 20:29:47+00:00,0.9995
2026-04-03 20:31:00+00:00,0.9995
2026-04-03 20:31:53+00:00,0.9995
2026-04-03 20:32:45+00:00,0.9995
2026-04-03 20:33:52+00:00,0.9995
2026-04-03 20:34:51+00:00,0.9995
2026-04-03 20:35:54+00:00,0.9995
2026-04-03 20:36:46+00:00,0.9995
2026-04-03 20:37:54+00:00,0.9995
2026-04-03 20:38:51+00:00,0.9995
2026-04-03 20:39:54+00:00,0.9995
2026-04-03 20:40:55+00:00,0.9995
2026-04-03 20:41:47+00:00,0.9995
2026-04-03 20:42:51+00:00,0.9995
2026-04-03 20:43:47+00:00,0.9995
2026-04-03 20:44:47+00:00,0.9995
2026-04-03 20:46:09+00:00,0.9995
2026-04-03 20:47:10+00:00,0.9995
2026-04-03 20:48:08+00:00,0.9995
2026-04-03 20:49:05+00:00,0.9995
2026-04-03 20:50:02+00:00,0.9995
2026-04-03 20:51:04+00:00,0.9995
2026-04-03 20:52:01+00:00,0.9995
2026-04-03 20:52:59+00:00,0.9995
2026-04-03 20:53:58+00:00,0.9995
2026-04-03 20:54:55+00:00,0.9995
2026-04-03 20:55:55+00:00,0.9995
2026-04-03 20:56:54+00:00,0.9995
2026-04-03 20:57:52+00:00,0.9995
2026-04-03 20:58:50+00:00,0.9995
2026-04-03 21:00:03+00:00,0.9995
2026-04-03 21:01:06+00:00,0.9995
2026-04-03 21:02:05+00:00,0.9995
2026-04-03 21:03:01+00:00,0.9995
2026-04-03 21:03:57+00:00,0.9995
2026-04-03 21:05:00+00:00,0.9995
2026-04-03 21:06:01+00:00,0.9995
2026-04-03 21:06:53+00:00,0.9995
2026-04-03 21:07:50+00:00,0.9995
2026-04-03 21:09:03+00:00,0.9995
2026-04-03 21:10:02+00:00,0.9995
2026-04-03 21:11:04+00:00,0.9995
2026-04-03 21:12:01+00:00,0.9995
2026-04-03 21:12:52+00:00,0.9995
2026-04-03 21:13:45+00:00,0.9995
2026-04-03 21:14:53+00:00,0.9995
2026-04-03 21:15:55+00:00,0.9995
2026-04-03 21:16:54+00:00,0.9995
2026-04-03 21:17:53+00:00,0.9995
2026-04-03 21:18:50+00:00,0.9995
2026-04-03 21:19:46+00:00,0.9995
2026-04-03 21:20:55+00:00,0.9995
2026-04-03 21:21:54+00:00,0.9995
2026-04-03 21:22:51+00:00,0.9995
2026-04-03 21:23:46+00:00,0.9995
2026-04-03 21:24:53+00:00,0.9995
2026-04-03 21:25:48+00:00,0.9995
2026-04-03 21:26:51+00:00,0.9995
2026-04-03 21:27:47+00:00,0.9995
2026-04-03 21:28:46+00:00,0.9995
2026-04-03 21:29:46+00:00,0.9995
2026-04-03 21:31:05+00:00,0.9995
2026-04-03 21:31:56+00:00,0.9995
2026-04-03 21:32:47+00:00,0.9995
2026-04-03 21:33:59+00:00,0.9995
2026-04-03 21:35:13+00:00,0.9995
2026-04-03 21:36:15+00:00,0.9995
2026-04-03 21:37:27+00:00,0.9995
2026-04-03 21:38:31+00:00,0.9995
2026-04-03 21:39:28+00:00,0.9995
2026-04-03 21:40:41+00:00,0.9995
2026-04-03 21:41:44+00:00,0.9995
2026-04-03 21:42:42+00:00,0.9995
2026-04-03 21:43:40+00:00,0.9995
2026-04-03 21:44:38+00:00,0.9995
2026-04-03 21:45:40+00:00,0.9995
2026-04-03 21:46:40+00:00,0.9995
2026-04-03 21:47:41+00:00,0.9995
2026-04-03 21:48:39+00:00,0.9995
2026-04-03 21:49:41+00:00,0.9995
2026-04-03 21:50:42+00:00,0.9995
2026-04-03 21:51:40+00:00,0.9995
2026-04-03 21:52:36+00:00,0.9995
2026-04-03 21:53:33+00:00,0.9995
2026-04-03 21:54:35+00:00,0.9995
2026-04-03 21:55:39+00:00,0.9995
2026-04-03 21:56:39+00:00,0.9995
2026-04-03 21:57:36+00:00,0.9995
2026-04-03 21:58:36+00:00,0.9995
2026-04-03 21:59:36+00:00,0.9995
2026-04-03 22:01:02+00:00,0.9995
2026-04-03 22:02:02+00:00,0.9995
2026-04-03 22:03:01+00:00,0.9995
2026-04-03 22:04:15+00:00,0.9995
2026-04-03 22:05:19+00:00,0.9995
2026-04-03 22:06:22+00:00,0.9995
2026-04-03 22:07:20+00:00,0.9995
2026-04-03 22:08:18+00:00,0.9995
2026-04-03 22:09:17+00:00,0.9995
2026-04-03 22:10:18+00:00,0.9995
2026-04-03 22:11:20+00:00,0.9995
2026-04-03 22:12:23+00:00,0.9995
2026-04-03 22:13:15+00:00,0.9995
2026-04-03 22:14:06+00:00,0.9995
2026-04-03 22:14:56+00:00,0.9995
2026-04-03 22:15:50+00:00,0.9995
2026-04-03 22:16:50+00:00,0.9995
2026-04-03 22:17:47+00:00,0.9995
2026-04-03 22:18:51+00:00,0.9995
2026-04-03 22:19:51+00:00,0.9995
2026-04-03 22:20:49+00:00,0.9995
2026-04-03 22:21:46+00:00,0.9995
2026-04-03 22:22:47+00:00,0.9995
2026-04-03 22:23:47+00:00,0.9995
2026-04-03 22:24:47+00:00,0.9995
2026-04-03 22:25:49+00:00,0.9995
2026-04-03 22:26:47+00:00,0.9995
2026-04-03 22:27:47+00:00,0.9995
2026-04-03 22:28:49+00:00,0.9995
2026-04-03 22:30:08+00:00,0.9995
2026-04-03 22:31:16+00:00,0.9995
2026-04-03 22:32:08+00:00,0.9995
2026-04-03 22:33:01+00:00,0.9995
2026-04-03 22:33:54+00:00,0.9995
2026-04-03 22:34:48+00:00,0.9995
2026-04-03 22:35:58+00:00,0.9995
2026-04-03 22:36:51+00:00,0.9995
2026-04-03 22:37:46+00:00,0.9995
2026-04-03 22:38:46+00:00,0.9995
2026-04-03 22:39:46+00:00,0.9995
2026-04-03 22:40:50+00:00,0.9995
2026-04-03 22:41:48+00:00,0.9995
2026-04-03 22:42:47+00:00,0.9995
2026-04-03 22:43:46+00:00,0.9995
2026-04-03 22:44:47+00:00,0.9995
2026-04-03 22:45:51+00:00,0.9995
2026-04-03 22:46:45+00:00,0.9995
2026-04-03 22:47:48+00:00,0.9995
2026-04-03 22:48:47+00:00,0.9995
2026-04-03 22:49:57+00:00,0.9995
2026-04-03 22:50:52+00:00,0.9995
2026-04-03 22:51:46+00:00,0.9995
2026-04-03 22:52:46+00:00,0.9995
2026-04-03 22:53:46+00:00,0.9995
2026-04-03 22:54:47+00:00,0.9995
2026-04-03 22:56:04+00:00,0.9995
2026-04-03 22:56:59+00:00,0.9995
2026-04-03 22:57:50+00:00,0.9995
2026-04-03 22:58:46+00:00,0.9995
2026-04-03 22:59:47+00:00,0.9995
2026-04-03 23:01:05+00:00,0.9995
2026-04-03 23:01:57+00:00,0.9995
2026-04-03 23:02:48+00:00,0.9995
2026-04-03 23:03:47+00:00,0.9995
2026-04-03 23:04:46+00:00,0.9995
2026-04-03 23:05:52+00:00,0.9995
2026-04-03 23:06:49+00:00,0.9995
2026-04-03 23:07:48+00:00,0.9995
2026-04-03 23:08:47+00:00,0.9995
2026-04-03 23:09:46+00:00,0.9995
2026-04-03 23:10:51+00:00,0.9995
2026-04-03 23:11:45+00:00,0.9995
2026-04-03 23:12:45+00:00,0.9995
2026-04-03 23:13:46+00:00,0.9995
2026-04-03 23:14:46+00:00,0.9995
2026-04-03 23:15:48+00:00,0.9995
2026-04-03 23:16:47+00:00,0.9995
2026-04-03 23:17:46+00:00,0.9995
2026-04-03 23:18:47+00:00,0.9995
2026-04-03 23:19:47+00:00,0.9995
2026-04-03 23:20:51+00:00,0.9995
2026-04-03 23:21:58+00:00,0.9995
2026-04-03 23:22:54+00:00,0.9995
2026-04-03 23:23:48+00:00,0.9995
2026-04-03 23:24:47+00:00,0.9995
2026-04-03 23:25:59+00:00,0.9995
2026-04-03 23:26:50+00:00,0.9995
2026-04-03 23:27:46+00:00,0.9995
2026-04-03 23:28:46+00:00,0.9995
2026-04-03 23:29:47+00:00,0.9995
2026-04-03 23:31:05+00:00,0.9995
2026-04-03 23:32:00+00:00,0.9995
2026-04-03 23:32:53+00:00,0.9995
2026-04-03 23:33:47+00:00,0.9995
2026-04-03 23:34:47+00:00,0.9995
2026-04-03 23:35:49+00:00,0.9995
2026-04-03 23:36:45+00:00,0.9995
2026-04-03 23:37:47+00:00,0.9995
2026-04-03 23:38:46+00:00,0.9995
2026-04-03 23:40:00+00:00,0.9995
2026-04-03 23:40:56+00:00,0.9995
2026-04-03 23:41:51+00:00,0.9995
2026-04-03 23:43:01+00:00,0.9995
2026-04-03 23:43:54+00:00,0.9995
2026-04-03 23:44:49+00:00,0.9995
2026-04-03 23:45:55+00:00,0.9995
2026-04-03 23:46:54+00:00,0.9995
2026-04-03 23:48:05+00:00,0.9995
2026-04-03 23:49:08+00:00,0.9995
2026-04-03 23:50:09+00:00,0.9995
2026-04-03 23:51:10+00:00,0.9995
2026-04-03 23:52:01+00:00,0.9995
2026-04-03 23:52:53+00:00,0.9995
2026-04-03 23:53:51+00:00,0.9995
2026-04-03 23:54:58+00:00,0.9995
2026-04-03 23:55:57+00:00,0.9995
2026-04-03 23:56:55+00:00,0.9995
2026-04-03 23:57:46+00:00,0.9995
2026-04-03 23:58:47+00:00,0.9995
2026-04-03 23:59:47+00:00,0.9995
2026-04-04 00:01:06+00:00,0.9995
2026-04-04 00:02:04+00:00,0.9995
2026-04-04 00:02:56+00:00,0.9995
2026-04-04 00:03:50+00:00,0.9995
2026-04-04 00:04:52+00:00,0.9995
2026-04-04 00:05:49+00:00,0.9995
2026-04-04 00:06:49+00:00,0.9995
2026-04-04 00:07:48+00:00,0.9995
2026-04-04 00:08:52+00:00,0.9995
2026-04-04 00:09:51+00:00,0.9995
2026-04-04 00:10:50+00:00,0.9995
2026-04-04 00:11:47+00:00,0.9995
2026-04-04 00:12:52+00:00,0.9995
2026-04-04 00:14:01+00:00,0.9995
2026-04-04 00:15:06+00:00,0.9995
2026-04-04 00:16:05+00:00,0.9995
2026-04-04 00:16:59+00:00,0.9995
2026-04-04 00:17:58+00:00,0.9995
2026-04-04 00:18:53+00:00,0.9995
2026-04-04 00:19:51+00:00,0.9995
2026-04-04 00:20:54+00:00,0.9995
2026-04-04 00:21:50+00:00,0.9995
2026-04-04 00:22:49+00:00,0.9995
2026-04-04 00:23:52+00:00,0.9995
2026-04-04 00:24:52+00:00,0.9995
2026-04-04 00:25:55+00:00,0.9995
2026-04-04 00:26:55+00:00,0.9995
2026-04-04 00:27:50+00:00,0.9995
2026-04-04 00:28:47+00:00,0.9995
2026-04-04 00:36:35+00:00,0.9995
2026-04-04 00:55:26+00:00,0.9995
2026-04-04 00:56:20+00:00,0.9995
2026-04-04 00:57:08+00:00,0.9995
2026-04-04 00:57:57+00:00,0.9995
2026-04-04 00:58:46+00:00,0.9995
2026-04-04 00:59:44+00:00,0.9995
2026-04-04 01:01:04+00:00,0.9995
2026-04-04 01:01:53+00:00,0.9995
2026-04-04 01:02:44+00:00,0.9995
2026-04-04 01:03:44+00:00,0.9995
2026-04-04 01:04:45+00:00,0.9995
2026-04-04 01:06:00+00:00,0.9995
2026-04-04 01:06:56+00:00,0.9995
2026-04-04 01:07:47+00:00,0.9995
2026-04-04 01:08:46+00:00,0.9995
2026-04-04 01:09:46+00:00,0.9995
2026-04-04 01:10:48+00:00,0.9995
2026-04-04 01:11:44+00:00,0.9995
2026-04-04 01:12:46+00:00,0.9995
2026-04-04 01:13:44+00:00,0.9995
2026-04-04 01:14:44+00:00,0.9995
2026-04-04 01:15:47+00:00,0.9995
2026-04-04 01:16:44+00:00,0.9995
2026-04-04 01:17:44+00:00,0.9995
2026-04-04 01:18:46+00:00,0.9995
2026-04-04 01:19:45+00:00,0.9995
2026-04-04 01:20:47+00:00,0.9995
2026-04-04 01:21:45+00:00,0.9995
2026-04-04 01:22:46+00:00,0.9995
2026-04-04 01:23:44+00:00,0.9995
2026-04-04 01:24:58+00:00,0.9995
2026-04-04 01:25:49+00:00,0.9995
2026-04-04 01:26:59+00:00,0.9995
2026-04-04 01:27:49+00:00,0.9995
2026-04-04 01:28:45+00:00,0.9995
2026-04-04 01:29:45+00:00,0.9995
2026-04-04 01:31:09+00:00,0.9995
2026-04-04 01:32:02+00:00,0.9995
2026-04-04 01:32:51+00:00,0.9995
2026-04-04 01:33:45+00:00,0.9995
2026-04-04 01:34:45+00:00,0.9995
2026-04-04 01:35:53+00:00,0.9995
2026-04-04 01:36:45+00:00,0.9995
2026-04-04 01:37:45+00:00,0.9995
2026-04-04 01:38:45+00:00,0.9995
2026-04-04 01:39:44+00:00,0.9995
2026-04-04 01:40:48+00:00,0.9995
2026-04-04 01:41:44+00:00,0.9995
2026-04-04 01:42:44+00:00,0.9995
2026-04-04 01:43:44+00:00,0.9995
2026-04-04 01:44:45+00:00,0.9995
2026-04-04 01:45:48+00:00,0.9995
2026-04-04 01:46:44+00:00,0.9995
2026-04-04 01:47:58+00:00,0.9995
2026-04-04 01:48:57+00:00,0.9995
2026-04-04 01:49:49+00:00,0.9995
2026-04-04 01:51:04+00:00,0.9995
2026-04-04 01:51:54+00:00,0.9995
2026-04-04 01:52:45+00:00,0.9995
2026-04-04 01:53:45+00:00,0.9995
2026-04-04 01:55:00+00:00,0.9995
2026-04-04 01:55:57+00:00,0.9995
2026-04-04 01:56:47+00:00,0.9995
2026-04-04 01:57:44+00:00,0.9995
2026-04-04 01:58:45+00:00,0.9995
2026-04-04 01:59:45+00:00,0.9995
2026-04-04 02:01:00+00:00,0.9995
2026-04-04 02:01:50+00:00,0.9995
2026-04-04 02:02:45+00:00,0.9995
2026-04-04 02:03:45+00:00,0.9995
2026-04-04 02:04:44+00:00,0.9995
2026-04-04 02:05:47+00:00,0.9995
2026-04-04 02:06:44+00:00,0.9995
2026-04-04 02:07:58+00:00,0.9995
2026-04-04 02:08:47+00:00,0.9995
2026-04-04 02:09:44+00:00,0.9995
2026-04-04 02:10:48+00:00,0.9995
2026-04-04 02:11:45+00:00,0.9995
2026-04-04 02:12:45+00:00,0.9995
2026-04-04 02:13:59+00:00,0.9995
2026-04-04 02:15:00+00:00,0.9995
2026-04-04 02:16:00+00:00,0.9995
2026-04-04 02:16:49+00:00,0.9995
2026-04-04 02:17:46+00:00,0.9995
2026-04-04 02:18:45+00:00,0.9995
2026-04-04 02:19:45+00:00,0.9995
2026-04-04 02:20:48+00:00,0.9995
2026-04-04 02:21:47+00:00,0.9995
2026-04-04 02:22:46+00:00,0.9995
2026-04-04 02:23:45+00:00,0.9995
2026-04-04 02:24:59+00:00,0.9995
2026-04-04 02:25:51+00:00,0.9995
2026-04-04 02:26:45+00:00,0.9995
2026-04-04 02:27:45+00:00,0.9995
2026-04-04 02:28:44+00:00,0.9995
2026-04-04 02:29:45+00:00,0.9995
2026-04-04 02:31:11+00:00,0.9995
2026-04-04 02:32:03+00:00,0.9995
2026-04-04 02:32:52+00:00,0.9995
2026-04-04 02:33:57+00:00,0.9995
2026-04-04 02:34:47+00:00,0.9995
2026-04-04 02:35:49+00:00,0.9995
2026-04-04 02:36:43+00:00,0.9995
2026-04-04 02:37:46+00:00,0.9995
2026-04-04 02:38:43+00:00,0.9995
2026-04-04 02:39:45+00:00,0.9995
2026-04-04 02:41:01+00:00,0.9995
2026-04-04 02:41:51+00:00,0.9995
2026-04-04 02:42:44+00:00,0.9995
2026-04-04 02:43:44+00:00,0.9995
2026-04-04 02:44:45+00:00,0.9995
2026-04-04 02:46:01+00:00,0.9995
2026-04-04 02:46:50+00:00,0.9995
2026-04-04 02:47:45+00:00,0.9995
2026-04-04 02:48:45+00:00,0.9995
2026-04-04 02:49:47+00:00,0.9995
2026-04-04 02:50:47+00:00,0.9995
2026-04-04 02:51:44+00:00,0.9995
2026-04-04 02:52:45+00:00,0.9995
2026-04-04 02:53:45+00:00,0.9995
2026-04-04 02:54:58+00:00,0.9995
2026-04-04 02:55:51+00:00,0.9995
2026-04-04 02:56:51+00:00,0.9995
2026-04-04 02:57:53+00:00,0.9995
2026-04-04 02:58:45+00:00,0.9995
2026-04-04 02:59:44+00:00,0.9995
2026-04-04 03:01:01+00:00,0.9995
2026-04-04 03:01:50+00:00,0.9995
2026-04-04 03:02:55+00:00,0.9995
2026-04-04 03:03:44+00:00,0.9995
2026-04-04 03:04:45+00:00,0.9995
2026-04-04 03:06:07+00:00,0.9995
2026-04-04 03:07:14+00:00,0.9995
2026-04-04 03:08:04+00:00,0.9995
2026-04-04 03:08:54+00:00,0.9995
2026-04-04 03:09:45+00:00,0.9995
2026-04-04 03:10:59+00:00,0.9995
2026-04-04 03:11:51+00:00,0.9995
2026-04-04 03:12:44+00:00,0.9995
2026-04-04 03:13:45+00:00,0.9995
2026-04-04 03:14:46+00:00,0.9995
2026-04-04 03:15:48+00:00,0.9995
2026-04-04 03:16:45+00:00,0.9995
2026-04-04 03:17:47+00:00,0.9995
2026-04-04 03:18:45+00:00,0.9995
2026-04-04 03:19:45+00:00,0.9995
2026-04-04 03:21:00+00:00,0.9995
2026-04-04 03:21:50+00:00,0.9995
2026-04-04 03:22:45+00:00,0.9995
2026-04-04 03:24:01+00:00,0.9995
2026-04-04 03:24:52+00:00,0.9995
2026-04-04 03:26:00+00:00,0.9995
2026-04-04 03:26:49+00:00,0.9995
2026-04-04 03:27:46+00:00,0.9995
2026-04-04 03:28:44+00:00,0.9995
2026-04-04 03:29:44+00:00,0.9995
2026-04-04 03:31:05+00:00,0.9995
2026-04-04 03:31:55+00:00,0.9995
2026-04-04 03:33:00+00:00,0.9995
2026-04-04 03:33:54+00:00,0.9995
2026-04-04 03:34:58+00:00,0.9995
2026-04-04 03:35:57+00:00,0.9995
2026-04-04 03:36:48+00:00,0.9995
2026-04-04 03:37:43+00:00,0.9995
2026-04-04 03:38:44+00:00,0.9995
2026-04-04 03:39:57+00:00,0.9995
2026-04-04 03:40:57+00:00,0.9995
2026-04-04 03:41:47+00:00,0.9995
2026-04-04 03:42:59+00:00,0.9995
2026-04-04 03:43:48+00:00,0.9995
2026-04-04 03:44:46+00:00,0.9995
2026-04-04 03:45:47+00:00,0.9995
2026-04-04 03:46:46+00:00,0.9995
2026-04-04 03:47:45+00:00,0.9995
2026-04-04 03:48:44+00:00,0.9995
2026-04-04 03:49:45+00:00,0.9995
2026-04-04 03:50:48+00:00,0.9995
2026-04-04 03:51:45+00:00,0.9995
2026-04-04 03:52:45+00:00,0.9995
2026-04-04 03:53:43+00:00,0.9995
2026-04-04 03:54:45+00:00,0.9995
2026-04-04 03:55:47+00:00,0.9995
2026-04-04 03:56:45+00:00,0.9995
2026-04-04 03:57:45+00:00,0.9995
2026-04-04 03:58:44+00:00,0.9995
2026-04-04 03:59:57+00:00,0.9995
2026-04-04 04:01:07+00:00,0.9995
2026-04-04 04:01:56+00:00,0.9995
2026-04-04 04:02:45+00:00,0.9995
2026-04-04 04:03:44+00:00,0.9995
2026-04-04 04:04:58+00:00,0.9995
2026-04-04 04:06:05+00:00,0.9995
2026-04-04 04:06:59+00:00,0.9995
2026-04-04 04:07:50+00:00,0.9995
2026-04-04 04:08:46+00:00,0.9995
2026-04-04 04:09:59+00:00,0.9995
2026-04-04 04:10:55+00:00,0.9995
2026-04-04 04:11:47+00:00,0.9995
2026-04-04 04:13:01+00:00,0.9995
2026-04-04 04:13:51+00:00,0.9995
2026-04-04 04:14:59+00:00,0.9995
2026-04-04 04:15:52+00:00,0.9995
2026-04-04 04:16:45+00:00,0.9995
2026-04-04 04:17:45+00:00,0.9995
2026-04-04 04:18:46+00:00,0.9995
2026-04-04 04:19:56+00:00,0.9995
2026-04-04 04:20:48+00:00,0.9995
2026-04-04 04:21:45+00:00,0.9995
2026-04-04 04:22:59+00:00,0.9995
2026-04-04 04:23:50+00:00,0.9995
2026-04-04 04:24:46+00:00,0.9995
2026-04-04 04:25:50+00:00,0.9995
2026-04-04 04:26:45+00:00,0.9995
2026-04-04 04:27:44+00:00,0.9995
2026-04-04 04:28:45+00:00,0.9995
2026-04-04 04:29:46+00:00,0.9995
2026-04-04 04:31:12+00:00,0.9995
2026-04-04 04:32:22+00:00,0.9995
2026-04-04 04:33:13+00:00,0.9995
2026-04-04 04:34:04+00:00,0.9995
2026-04-04 04:34:54+00:00,0.9995
2026-04-04 04:35:57+00:00,0.9995
2026-04-04 04:36:50+00:00,0.9995
2026-04-04 04:37:46+00:00,0.9995
2026-04-04 04:38:45+00:00,0.9995
2026-04-04 04:39:44+00:00,0.9995
2026-04-04 04:41:01+00:00,0.9995
2026-04-04 04:41:51+00:00,0.9995
2026-04-04 04:42:46+00:00,0.9995
2026-04-04 04:43:45+00:00,0.9995
2026-04-04 04:44:45+00:00,0.9995
2026-04-04 04:45:49+00:00,0.9995
2026-04-04 04:46:46+00:00,0.9995
2026-04-04 04:47:47+00:00,0.9995
2026-04-04 04:48:44+00:00,0.9995
2026-04-04 04:49:45+00:00,0.9995
2026-04-04 04:50:48+00:00,0.9995
2026-04-04 04:51:44+00:00,0.9995
2026-04-04 04:52:45+00:00,0.9995
2026-04-04 04:53:45+00:00,0.9995
2026-04-04 04:54:45+00:00,0.9995
2026-04-04 04:55:48+00:00,0.9995
2026-04-04 04:56:46+00:00,0.9995
2026-04-04 04:57:59+00:00,0.9995
2026-04-04 04:58:54+00:00,0.9995
2026-04-04 04:59:45+00:00,0.9995
2026-04-04 05:01:03+00:00,0.9995
2026-04-04 05:01:54+00:00,0.9995
2026-04-04 05:02:47+00:00,0.9995
2026-04-04 05:03:45+00:00,0.9995
2026-04-04 05:04:58+00:00,0.9995
2026-04-04 05:05:56+00:00,0.9995
2026-04-04 05:06:49+00:00,0.9995
2026-04-04 05:07:45+00:00,0.9995
2026-04-04 05:08:45+00:00,0.9995
2026-04-04 05:09:46+00:00,0.9995
2026-04-04 05:10:50+00:00,0.9995
2026-04-04 05:11:46+00:00,0.9995
2026-04-04 05:12:46+00:00,0.9995
2026-04-04 05:13:46+00:00,0.9995
2026-04-04 05:15:00+00:00,0.9995
2026-04-04 05:15:55+00:00,0.9995
2026-04-04 05:16:47+00:00,0.9995
2026-04-04 05:17:57+00:00,0.9995
2026-04-04 05:18:48+00:00,0.9995
2026-04-04 05:19:47+00:00,0.9995
2026-04-04 05:20:50+00:00,0.9995
2026-04-04 05:21:47+00:00,0.9995
2026-04-04 05:22:47+00:00,0.9995
2026-04-04 05:23:58+00:00,0.9995
2026-04-04 05:24:55+00:00,0.9995
2026-04-04 05:25:57+00:00,0.9995
2026-04-04 05:26:49+00:00,0.9995
2026-04-04 05:27:45+00:00,0.9995
2026-04-04 05:28:59+00:00,0.9995
2026-04-04 05:29:50+00:00,0.9995
2026-04-04 05:31:03+00:00,0.9995
2026-04-04 05:31:54+00:00,0.9995
2026-04-04 05:32:46+00:00,0.9995
2026-04-04 05:34:01+00:00,0.9995
2026-04-04 05:34:54+00:00,0.9995
2026-04-04 05:35:50+00:00,0.9995
2026-04-04 05:36:49+00:00,0.9995
2026-04-04 05:37:46+00:00,0.9995
2026-04-04 05:38:47+00:00,0.9995
2026-04-04 05:39:48+00:00,0.9995
2026-04-04 05:40:49+00:00,0.9995
2026-04-04 05:41:46+00:00,0.9995
2026-04-04 05:42:47+00:00,0.9995
2026-04-04 05:43:45+00:00,0.9995
2026-04-04 05:44:47+00:00,0.9995
2026-04-04 05:45:48+00:00,0.9995
2026-04-04 05:46:46+00:00,0.9995
2026-04-04 05:47:59+00:00,0.9995
2026-04-04 05:48:51+00:00,0.9995
2026-04-04 05:50:17+00:00,0.9995
2026-04-04 05:51:15+00:00,0.9995
2026-04-04 05:52:07+00:00,0.9995
2026-04-04 05:52:58+00:00,0.9995
2026-04-04 05:53:48+00:00,0.9995
2026-04-04 05:54:46+00:00,0.9995
2026-04-04 05:56:04+00:00,0.9995
2026-04-04 05:56:55+00:00,0.9995
2026-04-04 05:57:46+00:00,0.9995
2026-04-04 05:58:49+00:00,0.9995
2026-04-04 05:59:47+00:00,0.9995
2026-04-04 06:01:05+00:00,0.9995
2026-04-04 06:01:58+00:00,0.9995
2026-04-04 06:02:49+00:00,0.9995
2026-04-04 06:03:46+00:00,0.9995
2026-04-04 06:04:47+00:00,0.9995
2026-04-04 06:05:49+00:00,0.9995
2026-04-04 06:07:02+00:00,0.9995
2026-04-04 06:07:54+00:00,0.9995
2026-04-04 06:08:47+00:00,0.9995
2026-04-04 06:09:58+00:00,0.9995
2026-04-04 06:10:51+00:00,0.9995
2026-04-04 06:11:47+00:00,0.9995
2026-04-04 06:12:45+00:00,0.9995
2026-04-04 06:13:46+00:00,0.9995
2026-04-04 06:14:46+00:00,0.9995
2026-04-04 06:16:13+00:00,0.9995
2026-04-04 06:17:08+00:00,0.9995
2026-04-04 06:18:00+00:00,0.9995
2026-04-04 06:18:51+00:00,0.9995
2026-04-04 06:19:48+00:00,0.9995
2026-04-04 06:20:54+00:00,0.9995
2026-04-04 06:21:47+00:00,0.9995
2026-04-04 06:22:47+00:00,0.9995
2026-04-04 06:23:47+00:00,0.9995
2026-04-04 06:24:46+00:00,0.9995
2026-04-04 06:25:48+00:00,0.9995
2026-04-04 06:26:45+00:00,0.9995
2026-04-04 06:27:46+00:00,0.9995
2026-04-04 06:28:45+00:00,0.9995
2026-04-04 06:29:46+00:00,0.9995
2026-04-04 06:31:05+00:00,0.9995
2026-04-04 06:31:56+00:00,0.9995
2026-04-04 06:32:47+00:00,0.9995
2026-04-04 06:33:46+00:00,0.9995
2026-04-04 06:34:46+00:00,0.9995
2026-04-04 06:36:01+00:00,0.9995
2026-04-04 06:36:59+00:00,0.9995
2026-04-04 06:37:51+00:00,0.9995
2026-04-04 06:38:45+00:00,0.9995
2026-04-04 06:39:47+00:00,0.9995
2026-04-04 06:41:04+00:00,0.9995
2026-04-04 06:41:57+00:00,0.9995
2026-04-04 06:42:48+00:00,0.9995
2026-04-04 06:43:46+00:00,0.9995
2026-04-04 06:45:01+00:00,0.9995
2026-04-04 06:45:56+00:00,0.9995
2026-04-04 06:46:48+00:00,0.9995
2026-04-04 06:47:47+00:00,0.9995
2026-04-04 06:48:48+00:00,0.9995
2026-04-04 06:49:47+00:00,0.9995
2026-04-04 06:50:51+00:00,0.9995
2026-04-04 06:51:49+00:00,0.9995
2026-04-04 06:52:46+00:00,0.9995
2026-04-04 06:53:45+00:00,0.9995
2026-04-04 06:54:59+00:00,0.9995
2026-04-04 06:55:53+00:00,0.9995
2026-04-04 06:56:45+00:00,0.9995
2026-04-04 06:57:46+00:00,0.9995
2026-04-04 06:58:45+00:00,0.9995
2026-04-04 06:59:46+00:00,0.9995
2026-04-04 07:00:56+00:00,0.9995
2026-04-04 07:01:49+00:00,0.9995
2026-04-04 07:02:47+00:00,0.9995
2026-04-04 07:03:47+00:00,0.9995
2026-04-04 07:04:47+00:00,0.9995
2026-04-04 07:05:50+00:00,0.9995
2026-04-04 07:06:59+00:00,0.9995
2026-04-04 07:07:55+00:00,0.9995
2026-04-04 07:08:46+00:00,0.9995
2026-04-04 07:09:47+00:00,0.9995
2026-04-04 07:10:54+00:00,0.9995
2026-04-04 07:11:46+00:00,0.9995
2026-04-04 07:12:46+00:00,0.9995
2026-04-04 07:13:47+00:00,0.9995
2026-04-04 07:14:47+00:00,0.9995
2026-04-04 07:15:49+00:00,0.9995
2026-04-04 07:16:57+00:00,0.9995
2026-04-04 07:17:47+00:00,0.9995
2026-04-04 07:18:46+00:00,0.9995
2026-04-04 07:19:45+00:00,0.9995
2026-04-04 07:20:49+00:00,0.9995
2026-04-04 07:21:45+00:00,0.9995
2026-04-04 07:22:45+00:00,0.9995
2026-04-04 07:23:46+00:00,0.9995
2026-04-04 07:24:48+00:00,0.9995
2026-04-04 07:26:04+00:00,0.9995
2026-04-04 07:26:58+00:00,0.9995
2026-04-04 07:27:49+00:00,0.9995
2026-04-04 07:28:46+00:00,0.9995
2026-04-04 07:29:47+00:00,0.9995
2026-04-04 07:31:04+00:00,0.9995
2026-04-04 07:31:56+00:00,0.9995
2026-04-04 07:33:02+00:00,0.9995
2026-04-04 07:33:53+00:00,0.9995
2026-04-04 07:34:47+00:00,0.9995
2026-04-04 07:35:54+00:00,0.9995
2026-04-04 07:37:01+00:00,0.9995
2026-04-04 07:37:53+00:00,0.9995
2026-04-04 07:38:46+00:00,0.9995
2026-04-04 07:39:46+00:00,0.9995
2026-04-04 07:40:55+00:00,0.9995
2026-04-04 07:41:48+00:00,0.9995
2026-04-04 07:42:45+00:00,0.9995
2026-04-04 07:43:57+00:00,0.9995
2026-04-04 07:44:52+00:00,0.9995
2026-04-04 07:45:54+00:00,0.9995
2026-04-04 07:46:48+00:00,0.9995
2026-04-04 07:47:46+00:00,0.9995
2026-04-04 07:48:47+00:00,0.9995
2026-04-04 07:49:46+00:00,0.9995
2026-04-04 07:51:03+00:00,0.9995
2026-04-04 07:51:54+00:00,0.9995
2026-04-04 07:53:01+00:00,0.9995
2026-04-04 07:53:51+00:00,0.9995
2026-04-04 07:54:47+00:00,0.9995
2026-04-04 07:55:48+00:00,0.9995
2026-04-04 07:56:46+00:00,0.9995
2026-04-04 07:57:47+00:00,0.9995
2026-04-04 07:58:47+00:00,0.9995
2026-04-04 07:59:47+00:00,0.9995
2026-04-04 08:00:58+00:00,0.9995
2026-04-04 08:01:50+00:00,0.9995
2026-04-04 08:02:48+00:00,0.9995
2026-04-04 08:03:46+00:00,0.9995
2026-04-04 08:04:49+00:00,0.9995
2026-04-04 08:05:52+00:00,0.9995
2026-04-04 08:06:58+00:00,0.9995
2026-04-04 08:07:50+00:00,0.9995
2026-04-04 08:08:46+00:00,0.9995
2026-04-04 08:09:59+00:00,0.9995
2026-04-04 08:11:00+00:00,0.9995
2026-04-04 08:11:51+00:00,0.9995
2026-04-04 08:12:46+00:00,0.9995
2026-04-04 08:13:59+00:00,0.9995
2026-04-04 08:14:52+00:00,0.9995
2026-04-04 08:15:50+00:00,0.9995
2026-04-04 08:16:46+00:00,0.9995
2026-04-04 08:17:47+00:00,0.9995
2026-04-04 08:18:46+00:00,0.9995
2026-04-04 08:19:47+00:00,0.9995
2026-04-04 08:21:00+00:00,0.9995
2026-04-04 08:21:50+00:00,0.9995
2026-04-04 08:22:46+00:00,0.9995
2026-04-04 08:23:46+00:00,0.9995
2026-04-04 08:25:04+00:00,0.9995
2026-04-04 08:25:59+00:00,0.9995
2026-04-04 08:26:51+00:00,0.9995
2026-04-04 08:27:49+00:00,0.9995
2026-04-04 08:28:46+00:00,0.9995
2026-04-04 08:29:46+00:00,0.9995
2026-04-04 08:31:11+00:00,0.9995
2026-04-04 08:32:06+00:00,0.9995
2026-04-04 08:32:56+00:00,0.9995
2026-04-04 08:33:48+00:00,0.9995
2026-04-04 08:34:47+00:00,0.9995
2026-04-04 08:36:02+00:00,0.9995
2026-04-04 08:36:53+00:00,0.9995
2026-04-04 08:37:47+00:00,0.9995
2026-04-04 08:38:45+00:00,0.9995
2026-04-04 08:39:47+00:00,0.9995
2026-04-04 08:40:49+00:00,0.9995
2026-04-04 08:41:46+00:00,0.9995
2026-04-04 08:42:59+00:00,0.9995
2026-04-04 08:43:50+00:00,0.9995
2026-04-04 08:44:47+00:00,0.9995
2026-04-04 08:45:49+00:00,0.9995
2026-04-04 08:46:45+00:00,0.9995
2026-04-04 08:47:46+00:00,0.9995
2026-04-04 08:48:47+00:00,0.9995
2026-04-04 08:49:46+00:00,0.9995
2026-04-04 08:50:48+00:00,0.9995
2026-04-04 08:51:45+00:00,0.9995
2026-04-04 08:52:46+00:00,0.9995
2026-04-04 08:53:46+00:00,0.9995
2026-04-04 08:54:46+00:00,0.9995
2026-04-04 08:55:49+00:00,0.9995
2026-04-04 08:56:58+00:00,0.9995
2026-04-04 08:57:55+00:00,0.9995
2026-04-04 08:58:48+00:00,0.9995
2026-04-04 08:59:46+00:00,0.9995
2026-04-04 09:01:04+00:00,0.9995
2026-04-04 09:01:55+00:00,0.9995
2026-04-04 09:02:46+00:00,0.9995
2026-04-04 09:03:47+00:00,0.9995
2026-04-04 09:04:47+00:00,0.9995
2026-04-04 09:06:03+00:00,0.9995
2026-04-04 09:06:53+00:00,0.9995
2026-04-04 09:07:46+00:00,0.9995
2026-04-04 09:08:47+00:00,0.9995
2026-04-04 09:09:47+00:00,0.9995
2026-04-04 09:10:50+00:00,0.9995
2026-04-04 09:11:46+00:00,0.9995
2026-04-04 09:13:01+00:00,0.9995
2026-04-04 09:13:53+00:00,0.9995
2026-04-04 09:14:46+00:00,0.9995
2026-04-04 09:16:01+00:00,0.9995
2026-04-04 09:16:52+00:00,0.9995
2026-04-04 09:17:51+00:00,0.9995
2026-04-04 09:18:46+00:00,0.9995
2026-04-04 09:19:46+00:00,0.9995
2026-04-04 09:20:49+00:00,0.9995
2026-04-04 09:22:00+00:00,0.9995
2026-04-04 09:23:03+00:00,0.9995
2026-04-04 09:23:57+00:00,0.9995
2026-04-04 09:24:49+00:00,0.9995
2026-04-04 09:26:04+00:00,0.9995
2026-04-04 09:26:56+00:00,0.9995
2026-04-04 09:28:00+00:00,0.9995
2026-04-04 09:28:55+00:00,0.9995
2026-04-04 09:29:48+00:00,0.9995
2026-04-04 09:31:04+00:00,0.9995
2026-04-04 09:31:55+00:00,0.9995
2026-04-04 09:32:46+00:00,0.9995
2026-04-04 09:33:45+00:00,0.9995
2026-04-04 09:34:45+00:00,0.9995
2026-04-04 09:35:49+00:00,0.9995
2026-04-04 09:36:46+00:00,0.9995
2026-04-04 09:37:46+00:00,0.9995
2026-04-04 09:38:46+00:00,0.9995
2026-04-04 09:39:48+00:00,0.9995
2026-04-04 09:40:49+00:00,0.9995
2026-04-04 09:41:46+00:00,0.9995
2026-04-04 09:42:45+00:00,0.9995
2026-04-04 09:43:57+00:00,0.9995
2026-04-04 09:44:49+00:00,0.9995
2026-04-04 09:45:52+00:00,0.9995
2026-04-04 09:46:46+00:00,0.9995
2026-04-04 09:48:01+00:00,0.9995
2026-04-04 09:48:51+00:00,0.9995
2026-04-04 09:49:47+00:00,0.9995
2026-04-04 09:50:50+00:00,0.9995
2026-04-04 09:51:47+00:00,0.9995
2026-04-04 09:52:47+00:00,0.9995
2026-04-04 09:53:58+00:00,0.9995
2026-04-04 09:54:55+00:00,0.9995
2026-04-04 09:55:56+00:00,0.9995
2026-04-04 09:56:49+00:00,0.9995
2026-04-04 09:57:45+00:00,0.9995
2026-04-04 09:58:47+00:00,0.9995
2026-04-04 09:59:45+00:00,0.9995
2026-04-04 10:01:06+00:00,0.9995
2026-04-04 10:01:57+00:00,0.9995
2026-04-04 10:02:49+00:00,0.9995
2026-04-04 10:03:47+00:00,0.9995
2026-04-04 10:05:00+00:00,0.9995
2026-04-04 10:05:54+00:00,0.9995
2026-04-04 10:06:51+00:00,0.9995
2026-04-04 10:07:47+00:00,0.9995
2026-04-04 10:08:46+00:00,0.9995
2026-04-04 10:09:47+00:00,0.9995
2026-04-04 10:10:48+00:00,0.9995
2026-04-04 10:11:46+00:00,0.9995
2026-04-04 10:12:48+00:00,0.9995
2026-04-04 10:13:46+00:00,0.9995
2026-04-04 10:14:47+00:00,0.9995
2026-04-04 10:15:56+00:00,0.9995
2026-04-04 10:16:58+00:00,0.9995
2026-04-04 10:17:49+00:00,0.9995
2026-04-04 10:18:47+00:00,0.9995
2026-04-04 10:19:46+00:00,0.9995
2026-04-04 10:21:01+00:00,0.9995
2026-04-04 10:21:51+00:00,0.9995
2026-04-04 10:22:46+00:00,0.9995
2026-04-04 10:23:46+00:00,0.9995
2026-04-04 10:24:46+00:00,0.9995
2026-04-04 10:25:50+00:00,0.9995
2026-04-04 10:26:45+00:00,0.9995
2026-04-04 10:27:46+00:00,0.9995
2026-04-04 10:28:47+00:00,0.9995
2026-04-04 10:29:46+00:00,0.9995
2026-04-04 10:31:05+00:00,0.9995
2026-04-04 10:31:59+00:00,0.9995
2026-04-04 10:32:51+00:00,0.9995
2026-04-04 10:33:45+00:00,0.9995
2026-04-04 10:34:47+00:00,0.9995
2026-04-04 10:35:49+00:00,0.9995
2026-04-04 10:36:46+00:00,0.9995
2026-04-04 10:37:59+00:00,0.9995
2026-04-04 10:38:50+00:00,0.9995
2026-04-04 10:39:46+00:00,0.9995
2026-04-04 10:41:02+00:00,0.9995
2026-04-04 10:42:07+00:00,0.9995
2026-04-04 10:43:01+00:00,0.9995
2026-04-04 10:43:51+00:00,0.9995
2026-04-04 10:44:45+00:00,0.9995
2026-04-04 10:45:52+00:00,0.9995
2026-04-04 10:46:49+00:00,0.9995
2026-04-04 10:47:47+00:00,0.9995
2026-04-04 10:48:45+00:00,0.9995
2026-04-04 10:49:45+00:00,0.9995
2026-04-04 10:50:51+00:00,0.9995
2026-04-04 10:51:49+00:00,0.9995
2026-04-04 10:52:47+00:00,0.9995
2026-04-04 10:53:46+00:00,0.9995
2026-04-04 10:54:45+00:00,0.9995
2026-04-04 10:55:48+00:00,0.9995
2026-04-04 10:56:45+00:00,0.9995
2026-04-04 10:58:06+00:00,0.9995
2026-04-04 10:59:07+00:00,0.9995
2026-04-04 10:59:57+00:00,0.9995
2026-04-04 11:01:05+00:00,0.9995
2026-04-04 11:01:55+00:00,0.9995
2026-04-04 11:02:46+00:00,0.9995
2026-04-04 11:03:47+00:00,0.9995
2026-04-04 11:04:45+00:00,0.9995
2026-04-04 11:06:03+00:00,0.9995
2026-04-04 11:06:53+00:00,0.9995
2026-04-04 11:07:46+00:00,0.9995
2026-04-04 11:08:45+00:00,0.9995
2026-04-04 11:09:45+00:00,0.9995
2026-04-04 11:10:50+00:00,0.9995
2026-04-04 11:11:45+00:00,0.9995
2026-04-04 11:12:45+00:00,0.9995
2026-04-04 11:13:46+00:00,0.9995
2026-04-04 11:14:47+00:00,0.9995
2026-04-04 11:15:50+00:00,0.9995
2026-04-04 11:16:45+00:00,0.9995
2026-04-04 11:17:46+00:00,0.9995
2026-04-04 11:19:01+00:00,0.9995
2026-04-04 11:19:52+00:00,0.9995
2026-04-04 11:20:49+00:00,0.9995
2026-04-04 11:21:46+00:00,0.9995
2026-04-04 11:22:46+00:00,0.9995
2026-04-04 11:23:45+00:00,0.9995
2026-04-04 11:24:58+00:00,0.9995
2026-04-04 11:25:59+00:00,0.9995
2026-04-04 11:26:50+00:00,0.9995
2026-04-04 11:27:46+00:00,0.9995
2026-04-04 11:28:46+00:00,0.9995
2026-04-04 11:29:46+00:00,0.9995
2026-04-04 11:31:03+00:00,0.9995
2026-04-04 11:31:54+00:00,0.9995
2026-04-04 11:32:45+00:00,0.9995
2026-04-04 11:33:45+00:00,0.9995
2026-04-04 11:34:46+00:00,0.9995
2026-04-04 11:35:47+00:00,0.9995
2026-04-04 11:36:46+00:00,0.9995
2026-04-04 11:37:45+00:00,0.9995
2026-04-04 11:38:46+00:00,0.9995
2026-04-04 11:39:45+00:00,0.9995
2026-04-04 11:40:48+00:00,0.9995
2026-04-04 11:41:45+00:00,0.9995
2026-04-04 11:42:45+00:00,0.9995
2026-04-04 11:44:00+00:00,0.9995
2026-04-04 11:44:56+00:00,0.9995
2026-04-04 11:45:52+00:00,0.9995
2026-04-04 11:46:46+00:00,0.9995
2026-04-04 11:47:46+00:00,0.9995
2026-04-04 11:48:46+00:00,0.9995
2026-04-04 11:49:46+00:00,0.9995
2026-04-04 11:50:49+00:00,0.9995
2026-04-04 11:51:45+00:00,0.9995
2026-04-04 11:52:46+00:00,0.9995
2026-04-04 11:53:47+00:00,0.9995
2026-04-04 11:54:46+00:00,0.9995
2026-04-04 11:55:48+00:00,0.9995
2026-04-04 11:56:57+00:00,0.9995
2026-04-04 11:57:49+00:00,0.9995
2026-04-04 11:58:45+00:00,0.9995
2026-04-04 11:59:45+00:00,0.9995
2026-04-04 12:01:06+00:00,0.9995
2026-04-04 12:01:57+00:00,0.9995
2026-04-04 12:02:49+00:00,0.9995
2026-04-04 12:03:47+00:00,0.9995
2026-04-04 12:04:46+00:00,0.9995
2026-04-04 12:05:51+00:00,0.9995
2026-04-04 12:06:46+00:00,0.9995
2026-04-04 12:07:46+00:00,0.9995
2026-04-04 12:08:46+00:00,0.9995
2026-04-04 12:09:59+00:00,0.9995
2026-04-04 12:11:00+00:00,0.9995
2026-04-04 12:11:50+00:00,0.9995
2026-04-04 12:12:45+00:00,0.9995
2026-04-04 12:13:46+00:00,0.9995
2026-04-04 12:14:45+00:00,0.9995
2026-04-04 12:15:49+00:00,0.9995
2026-04-04 12:16:46+00:00,0.9995
2026-04-04 12:17:54+00:00,0.9995
2026-04-04 12:18:57+00:00,0.9995
2026-04-04 12:19:48+00:00,0.9995
2026-04-04 12:21:02+00:00,0.9995
2026-04-04 12:21:53+00:00,0.9995
2026-04-04 12:22:46+00:00,0.9995
2026-04-04 12:23:44+00:00,0.9995
2026-04-04 12:24:46+00:00,0.9995
2026-04-04 12:25:49+00:00,0.9995
2026-04-04 12:26:45+00:00,0.9995
2026-04-04 12:27:47+00:00,0.9995
2026-04-04 12:28:45+00:00,0.9995
2026-04-04 12:29:46+00:00,0.9995
2026-04-04 12:31:03+00:00,0.9995
2026-04-04 12:31:53+00:00,0.9995
2026-04-04 12:32:51+00:00,0.9995
2026-04-04 12:33:46+00:00,0.9995
2026-04-04 12:35:02+00:00,0.9995
2026-04-04 12:35:57+00:00,0.9995
2026-04-04 12:36:48+00:00,0.9995
2026-04-04 12:37:46+00:00,0.9995
2026-04-04 12:38:46+00:00,0.9995
2026-04-04 12:40:00+00:00,0.9995
2026-04-04 12:40:55+00:00,0.9995
2026-04-04 12:41:46+00:00,0.9995
2026-04-04 12:42:44+00:00,0.9995
2026-04-04 12:43:51+00:00,0.9995
2026-04-04 12:44:52+00:00,0.9995
2026-04-04 12:45:52+00:00,0.9995
2026-04-04 12:46:46+00:00,0.9995
2026-04-04 12:48:00+00:00,0.9995
2026-04-04 12:48:51+00:00,0.9995
2026-04-04 12:49:46+00:00,0.9995
2026-04-04 12:50:49+00:00,0.9995
2026-04-04 12:51:57+00:00,0.9995
2026-04-04 12:52:47+00:00,0.9995
2026-04-04 12:53:46+00:00,0.9995
2026-04-04 12:54:48+00:00,0.9995
2026-04-04 12:55:48+00:00,0.9995
2026-04-04 12:56:49+00:00,0.9995
2026-04-04 12:58:03+00:00,0.9995
2026-04-04 12:58:56+00:00,0.9995
2026-04-04 12:59:49+00:00,0.9995
2026-04-04 13:01:03+00:00,0.9995
2026-04-04 13:01:54+00:00,0.9995
2026-04-04 13:02:57+00:00,0.9995
2026-04-04 13:03:49+00:00,0.9995
2026-04-04 13:04:46+00:00,0.9995
2026-04-04 13:05:50+00:00,0.9995
2026-04-04 13:06:47+00:00,0.9995
2026-04-04 13:07:48+00:00,0.9995
2026-04-04 13:08:45+00:00,0.9995
2026-04-04 13:10:19+00:00,0.9995
2026-04-04 13:11:16+00:00,0.9995
2026-04-04 13:12:09+00:00,0.9995
2026-04-04 13:13:01+00:00,0.9995
2026-04-04 13:13:53+00:00,0.9995
2026-04-04 13:14:59+00:00,0.9995
2026-04-04 13:15:58+00:00,0.9995
2026-04-04 13:16:54+00:00,0.9995
2026-04-04 13:17:48+00:00,0.9995
2026-04-04 13:18:49+00:00,0.9995
2026-04-04 13:19:49+00:00,0.9995
2026-04-04 13:20:50+00:00,0.9995
2026-04-04 13:21:45+00:00,0.9995
2026-04-04 13:22:44+00:00,0.9995
2026-04-04 13:23:46+00:00,0.9995
2026-04-04 13:24:46+00:00,0.9995
2026-04-04 13:26:02+00:00,0.9995
2026-04-04 13:26:52+00:00,0.9995
2026-04-04 13:27:46+00:00,0.9995
2026-04-04 13:28:46+00:00,0.9995
2026-04-04 13:29:46+00:00,0.9995
2026-04-04 13:31:06+00:00,0.9995
2026-04-04 13:31:57+00:00,0.9995
2026-04-04 13:32:48+00:00,0.9995
2026-04-04 13:33:45+00:00,0.9995
2026-04-04 13:34:46+00:00,0.9995
2026-04-04 13:36:00+00:00,0.9995
2026-04-04 13:36:58+00:00,0.9995
2026-04-04 13:37:50+00:00,0.9995
2026-04-04 13:38:45+00:00,0.9995
2026-04-04 13:39:46+00:00,0.9995
2026-04-04 13:40:53+00:00,0.9995
2026-04-04 13:41:48+00:00,0.9995
2026-04-04 13:42:45+00:00,0.9995
2026-04-04 13:43:47+00:00,0.9995
2026-04-04 13:44:59+00:00,0.9995
2026-04-04 13:45:53+00:00,0.9995
2026-04-04 13:46:46+00:00,0.9995
2026-04-04 13:47:47+00:00,0.9995
2026-04-04 13:48:47+00:00,0.9995
2026-04-04 13:49:47+00:00,0.9995
2026-04-04 13:50:51+00:00,0.9995
2026-04-04 13:51:47+00:00,0.9995
2026-04-04 13:52:57+00:00,0.9995
2026-04-04 13:53:48+00:00,0.9995
2026-04-04 13:54:46+00:00,0.9995
2026-04-04 13:55:48+00:00,0.9995
2026-04-04 13:56:46+00:00,0.9995
2026-04-04 13:57:46+00:00,0.9995
2026-04-04 13:58:46+00:00,0.9995
2026-04-04 13:59:58+00:00,0.9995
2026-04-04 14:01:19+00:00,0.9995
2026-04-04 14:02:11+00:00,0.9995
2026-04-04 14:03:02+00:00,0.9995
2026-04-04 14:03:53+00:00,0.9995
2026-04-04 14:04:47+00:00,0.9995
2026-04-04 14:05:52+00:00,0.9995
2026-04-04 14:06:47+00:00,0.9995
2026-04-04 14:07:46+00:00,0.9995
2026-04-04 14:08:46+00:00,0.9995
2026-04-04 14:09:50+00:00,0.9995
2026-04-04 14:10:50+00:00,0.9995
2026-04-04 14:11:46+00:00,0.9995
2026-04-04 14:12:58+00:00,0.9995
2026-04-04 14:13:49+00:00,0.9995
2026-04-04 14:14:46+00:00,0.9995
2026-04-04 14:15:50+00:00,0.9995
2026-04-04 14:16:47+00:00,0.9995
2026-04-04 14:17:46+00:00,0.9995
2026-04-04 14:18:46+00:00,0.9995
2026-04-04 14:19:48+00:00,0.9995
2026-04-04 14:20:50+00:00,0.9995
2026-04-04 14:21:59+00:00,0.9995
2026-04-04 14:22:50+00:00,0.9995
2026-04-04 14:23:46+00:00,0.9995
2026-04-04 14:24:46+00:00,0.9995
2026-04-04 14:26:12+00:00,0.9995
2026-04-04 14:27:08+00:00,0.9995
2026-04-04 14:28:00+00:00,0.9995
2026-04-04 14:28:51+00:00,0.9995
2026-04-04 14:29:47+00:00,0.9995
2026-04-04 14:31:02+00:00,0.9995
2026-04-04 14:31:54+00:00,0.9995
2026-04-04 14:32:47+00:00,0.9995
2026-04-04 14:33:46+00:00,0.9995
2026-04-04 14:34:47+00:00,0.9995
2026-04-04 14:36:04+00:00,0.9995
2026-04-04 14:37:00+00:00,0.9995
2026-04-04 14:37:52+00:00,0.9995
2026-04-04 14:38:46+00:00,0.9995
2026-04-04 14:39:46+00:00,0.9995
2026-04-04 14:40:51+00:00,0.9995
2026-04-04 14:41:47+00:00,0.9995
2026-04-04 14:42:46+00:00,0.9995
2026-04-04 14:43:46+00:00,0.9995
2026-04-04 14:44:49+00:00,0.9995
2026-04-04 14:45:49+00:00,0.9995
2026-04-04 14:46:47+00:00,0.9995
2026-04-04 14:48:02+00:00,0.9995
2026-04-04 14:48:53+00:00,0.9995
2026-04-04 14:49:46+00:00,0.9995
2026-04-04 14:50:59+00:00,0.9995
2026-04-04 14:51:50+00:00,0.9995
2026-04-04 14:53:02+00:00,0.9995
2026-04-04 14:53:55+00:00,0.9995
2026-04-04 14:54:47+00:00,0.9995
2026-04-04 14:55:49+00:00,0.9995
2026-04-04 14:56:47+00:00,0.9995
2026-04-04 14:57:46+00:00,0.9995
2026-04-04 14:58:53+00:00,0.9995
2026-04-04 14:59:46+00:00,0.9995
2026-04-04 15:01:05+00:00,0.9995
2026-04-04 15:02:09+00:00,0.9995
2026-04-04 15:03:06+00:00,0.9995
2026-04-04 15:03:59+00:00,0.9995
2026-04-04 15:04:53+00:00,0.9995
2026-04-04 15:05:53+00:00,0.9995
2026-04-04 15:06:47+00:00,0.9995
2026-04-04 15:07:47+00:00,0.9995
2026-04-04 15:08:47+00:00,0.9995
2026-04-04 15:09:47+00:00,0.9995
2026-04-04 15:11:03+00:00,0.9995
2026-04-04 15:11:52+00:00,0.9995
2026-04-04 15:12:45+00:00,0.9995
2026-04-04 15:13:58+00:00,0.9995
2026-04-04 15:14:54+00:00,0.9995
2026-04-04 15:16:04+00:00,0.9995
2026-04-04 15:16:55+00:00,0.9995
2026-04-04 15:17:47+00:00,0.9995
2026-04-04 15:18:46+00:00,0.9995
2026-04-04 15:19:58+00:00,0.9995
2026-04-04 15:20:57+00:00,0.9995
2026-04-04 15:21:48+00:00,0.9995
2026-04-04 15:22:49+00:00,0.9995
2026-04-04 15:24:03+00:00,0.9995
2026-04-04 15:24:56+00:00,0.9995
2026-04-04 15:25:49+00:00,0.9995
2026-04-04 15:26:47+00:00,0.9995
2026-04-04 15:27:47+00:00,0.9995
2026-04-04 15:28:59+00:00,0.9995
2026-04-04 15:29:50+00:00,0.9995
2026-04-04 15:31:04+00:00,0.9995
2026-04-04 15:31:55+00:00,0.9995
2026-04-04 15:32:47+00:00,0.9995
2026-04-04 15:33:46+00:00,0.9995
2026-04-04 15:34:47+00:00,0.9995
2026-04-04 15:35:51+00:00,0.9995
2026-04-04 15:36:45+00:00,0.9995
2026-04-04 15:37:47+00:00,0.9995
2026-04-04 15:38:58+00:00,0.9995
2026-04-04 15:40:02+00:00,0.9995
2026-04-04 15:41:03+00:00,0.9995
2026-04-04 15:41:55+00:00,0.9995
2026-04-04 15:42:49+00:00,0.9995
2026-04-04 15:43:44+00:00,0.9995
2026-04-04 15:44:48+00:00,0.9995
2026-04-04 15:45:52+00:00,0.9995
2026-04-04 15:46:46+00:00,0.9995
2026-04-04 15:47:46+00:00,0.9995
2026-04-04 15:48:48+00:00,0.9995
2026-04-04 15:49:47+00:00,0.9995
2026-04-04 15:51:01+00:00,0.9995
2026-04-04 15:51:51+00:00,0.9995
2026-04-04 15:52:46+00:00,0.9995
2026-04-04 15:53:45+00:00,0.9995
2026-04-04 15:54:47+00:00,0.9995
2026-04-04 15:56:03+00:00,0.9995
2026-04-04 15:57:00+00:00,0.9995
2026-04-04 15:57:52+00:00,0.9995
2026-04-04 15:58:47+00:00,0.9995
2026-04-04 15:59:47+00:00,0.9995
2026-04-04 16:01:03+00:00,0.9995
2026-04-04 16:01:54+00:00,0.9995
2026-04-04 16:02:57+00:00,0.9995
2026-04-04 16:03:49+00:00,0.9995
2026-04-04 16:04:47+00:00,0.9995
2026-04-04 16:05:50+00:00,0.9995
2026-04-04 16:06:48+00:00,0.9995
2026-04-04 16:07:48+00:00,0.9995
2026-04-04 16:08:45+00:00,0.9995
2026-04-04 16:09:45+00:00,0.9995
2026-04-04 16:10:50+00:00,0.9995
2026-04-04 16:11:46+00:00,0.9995
2026-04-04 16:12:46+00:00,0.9995
2026-04-04 16:13:45+00:00,0.9995
2026-04-04 16:14:46+00:00,0.9995
2026-04-04 16:15:49+00:00,0.9995
2026-04-04 16:16:47+00:00,0.9995
2026-04-04 16:17:47+00:00,0.9995
2026-04-04 16:18:46+00:00,0.9995
2026-04-04 16:19:45+00:00,0.9995
2026-04-04 16:20:49+00:00,0.9995
2026-04-04 16:21:57+00:00,0.9995
2026-04-04 16:22:52+00:00,0.9995
2026-04-04 16:23:46+00:00,0.9995
2026-04-04 16:24:47+00:00,0.9995
2026-04-04 16:25:57+00:00,0.9995
2026-04-04 16:26:59+00:00,0.9995
2026-04-04 16:28:00+00:00,0.9995
2026-04-04 16:28:56+00:00,0.9995
2026-04-04 16:29:50+00:00,0.9995
2026-04-04 16:31:05+00:00,0.9995
2026-04-04 16:31:59+00:00,0.9995
2026-04-04 16:32:51+00:00,0.9995
2026-04-04 16:33:47+00:00,0.9995
2026-04-04 16:34:53+00:00,0.9995
2026-04-04 16:35:59+00:00,0.9995
2026-04-04 16:36:53+00:00,0.9995
2026-04-04 16:37:48+00:00,0.9995
2026-04-04 16:38:48+00:00,0.9995
2026-04-04 16:39:53+00:00,0.9995
2026-04-04 16:40:52+00:00,0.9995
2026-04-04 16:41:52+00:00,0.9995
2026-04-04 16:42:48+00:00,0.9995
2026-04-04 16:44:01+00:00,0.9995
2026-04-04 16:44:54+00:00,0.9995
2026-04-04 16:45:53+00:00,0.9995
2026-04-04 16:46:48+00:00,0.9995
2026-04-04 16:48:00+00:00,0.9995
2026-04-04 16:49:06+00:00,0.9995
2026-04-04 16:49:59+00:00,0.9995
2026-04-04 16:51:04+00:00,0.9995
2026-04-04 16:51:58+00:00,0.9995
2026-04-04 16:52:49+00:00,0.9995
2026-04-04 16:54:01+00:00,0.9995
2026-04-04 16:54:52+00:00,0.9995
2026-04-04 16:55:50+00:00,0.9995
2026-04-04 16:56:45+00:00,0.9995
2026-04-04 16:57:48+00:00,0.9995
2026-04-04 16:58:45+00:00,0.9995
2026-04-04 17:00:10+00:00,0.9995
2026-04-04 17:01:09+00:00,0.9995
2026-04-04 17:02:13+00:00,0.9995
2026-04-04 17:03:06+00:00,0.9995
2026-04-04 17:03:56+00:00,0.9995
2026-04-04 17:04:47+00:00,0.9995
2026-04-04 17:05:53+00:00,0.9995
2026-04-04 17:06:46+00:00,0.9995
2026-04-04 17:07:46+00:00,0.9995
2026-04-04 17:08:47+00:00,0.9995
2026-04-04 17:09:57+00:00,0.9995
2026-04-04 17:10:52+00:00,0.9995
2026-04-04 17:11:46+00:00,0.9995
2026-04-04 17:12:46+00:00,0.9995
2026-04-04 17:13:46+00:00,0.9995
2026-04-04 17:14:47+00:00,0.9995
2026-04-04 17:15:50+00:00,0.9995
2026-04-04 17:16:45+00:00,0.9995
2026-04-04 17:17:46+00:00,0.9995
2026-04-04 17:18:46+00:00,0.9995
2026-04-04 17:19:47+00:00,0.9995
2026-04-04 17:20:51+00:00,0.9995
2026-04-04 17:21:46+00:00,0.9995
2026-04-04 17:22:47+00:00,0.9995
2026-04-04 17:23:46+00:00,0.9995
2026-04-04 17:24:53+00:00,0.9995
2026-04-04 17:25:50+00:00,0.9995
2026-04-04 17:26:46+00:00,0.9995
2026-04-04 17:28:12+00:00,0.9995
2026-04-04 17:29:08+00:00,0.9995
2026-04-04 17:30:03+00:00,0.9995
2026-04-04 17:31:08+00:00,0.9995
2026-04-04 17:31:59+00:00,0.9995
2026-04-04 17:32:50+00:00,0.9995
2026-04-04 17:33:45+00:00,0.9995
2026-04-04 17:34:47+00:00,0.9995
2026-04-04 17:35:50+00:00,0.9995
2026-04-04 17:36:46+00:00,0.9995
2026-04-04 17:37:46+00:00,0.9995
2026-04-04 17:38:46+00:00,0.9995
2026-04-04 17:39:57+00:00,0.9995
2026-04-04 17:40:50+00:00,0.9995
2026-04-04 17:41:46+00:00,0.9995
2026-04-04 17:42:47+00:00,0.9995
2026-04-04 17:43:59+00:00,0.9995
2026-04-04 17:44:54+00:00,0.9995
2026-04-04 17:45:53+00:00,0.9995
2026-04-04 17:46:47+00:00,0.9995
2026-04-04 17:47:47+00:00,0.9995
2026-04-04 17:49:04+00:00,0.9995
2026-04-04 17:49:58+00:00,0.9995
2026-04-04 17:50:54+00:00,0.9995
2026-04-04 17:51:59+00:00,0.9995
2026-04-04 17:52:50+00:00,0.9995
2026-04-04 17:53:59+00:00,0.9995
2026-04-04 17:54:51+00:00,0.9995
2026-04-04 17:55:48+00:00,0.9995
2026-04-04 17:56:57+00:00,0.9995
2026-04-04 17:57:48+00:00,0.9995
2026-04-04 17:58:47+00:00,0.9995
2026-04-04 17:59:48+00:00,0.9995
2026-04-04 18:01:04+00:00,0.9995
2026-04-04 18:01:54+00:00,0.9995
2026-04-04 18:02:45+00:00,0.9995
2026-04-04 18:03:46+00:00,0.9995
2026-04-04 18:04:46+00:00,0.9995
2026-04-04 18:05:48+00:00,0.9995
2026-04-04 18:06:46+00:00,0.9995
2026-04-04 18:07:45+00:00,0.9995
2026-04-04 18:09:10+00:00,0.9995
2026-04-04 18:10:12+00:00,0.9995
2026-04-04 18:11:07+00:00,0.9995
2026-04-04 18:11:59+00:00,0.9995
2026-04-04 18:12:51+00:00,0.9995
2026-04-04 18:13:46+00:00,0.9995
2026-04-04 18:14:46+00:00,0.9995
2026-04-04 18:16:01+00:00,0.9995
2026-04-04 18:16:52+00:00,0.9995
2026-04-04 18:17:47+00:00,0.9995
2026-04-04 18:18:45+00:00,0.9995
2026-04-04 18:19:45+00:00,0.9995
2026-04-04 18:20:51+00:00,0.9995
2026-04-04 18:21:46+00:00,0.9995
2026-04-04 18:22:46+00:00,0.9995
2026-04-04 18:23:46+00:00,0.9995
2026-04-04 18:24:45+00:00,0.9995
2026-04-04 18:25:48+00:00,0.9995
2026-04-04 18:27:00+00:00,0.9995
2026-04-04 18:27:50+00:00,0.9995
2026-04-04 18:28:45+00:00,0.9995
2026-04-04 18:29:45+00:00,0.9995
2026-04-04 18:31:06+00:00,0.9995
2026-04-04 18:31:58+00:00,0.9995
2026-04-04 18:32:48+00:00,0.9995
2026-04-04 18:33:47+00:00,0.9995
2026-04-04 18:34:47+00:00,0.9995
2026-04-04 18:36:04+00:00,0.9995
2026-04-04 18:36:59+00:00,0.9995
2026-04-04 18:37:48+00:00,0.9995
2026-04-04 18:38:58+00:00,0.9995
2026-04-04 18:39:54+00:00,0.9995
2026-04-04 18:40:51+00:00,0.9995
2026-04-04 18:41:44+00:00,0.9995
2026-04-04 18:42:59+00:00,0.9995
2026-04-04 18:43:50+00:00,0.9995
2026-04-04 18:45:01+00:00,0.9995
2026-04-04 18:45:53+00:00,0.9995
2026-04-04 18:46:44+00:00,0.9995
2026-04-04 18:47:44+00:00,0.9995
2026-04-04 18:48:56+00:00,0.9995
2026-04-04 18:49:46+00:00,0.9995
2026-04-04 18:50:48+00:00,0.9995
2026-04-04 18:51:44+00:00,0.9995
2026-04-04 18:52:45+00:00,0.9995
2026-04-04 18:53:45+00:00,0.9995
2026-04-04 18:54:46+00:00,0.9995
2026-04-04 18:55:46+00:00,0.9995
2026-04-04 18:56:46+00:00,0.9995
2026-04-04 18:57:45+00:00,0.9995
2026-04-04 18:58:45+00:00,0.9995
2026-04-04 19:00:05+00:00,0.9995
2026-04-04 19:01:07+00:00,0.9995
2026-04-04 19:02:00+00:00,0.9995
2026-04-04 19:02:50+00:00,0.9995
2026-04-04 19:03:56+00:00,0.9995
2026-04-04 19:05:03+00:00,0.9995
2026-04-04 19:06:03+00:00,0.9995
2026-04-04 19:06:53+00:00,0.9995
2026-04-04 19:07:46+00:00,0.9995
2026-04-04 19:08:45+00:00,0.9995
2026-04-04 19:09:45+00:00,0.9995
2026-04-04 19:10:48+00:00,0.9995
2026-04-04 19:11:46+00:00,0.9995
2026-04-04 19:12:46+00:00,0.9995
2026-04-04 19:14:00+00:00,0.9995
2026-04-04 19:14:51+00:00,0.9995
2026-04-04 19:16:01+00:00,0.9995
2026-04-04 19:16:51+00:00,0.9995
2026-04-04 19:17:57+00:00,0.9995
2026-04-04 19:18:55+00:00,0.9995
2026-04-04 19:19:45+00:00,0.9995
2026-04-04 19:20:57+00:00,0.9995
2026-04-04 19:21:48+00:00,0.9995
2026-04-04 19:22:44+00:00,0.9995
2026-04-04 19:23:55+00:00,0.9995
2026-04-04 19:24:54+00:00,0.9995
2026-04-04 19:25:55+00:00,0.9995
2026-04-04 19:26:54+00:00,0.9995
2026-04-04 19:27:46+00:00,0.9995
2026-04-04 19:28:44+00:00,0.9995
2026-04-04 19:29:46+00:00,0.9995
2026-04-04 19:31:28+00:00,0.9995
2026-04-04 19:32:29+00:00,0.9995
2026-04-04 19:33:18+00:00,0.9995
2026-04-04 19:34:09+00:00,0.9995
2026-04-04 19:35:22+00:00,0.9995
2026-04-04 19:36:15+00:00,0.9995
2026-04-04 19:37:06+00:00,0.9995
2026-04-04 19:37:56+00:00,0.9995
2026-04-04 19:38:46+00:00,0.9995
2026-04-04 19:39:45+00:00,0.9995
2026-04-04 19:40:49+00:00,0.9995
2026-04-04 19:41:45+00:00,0.9995
2026-04-04 19:42:45+00:00,0.9995
2026-04-04 19:43:45+00:00,0.9995
2026-04-04 19:44:44+00:00,0.9995
2026-04-04 19:45:48+00:00,0.9995
2026-04-04 19:46:44+00:00,0.9995
2026-04-04 19:47:44+00:00,0.9995
2026-04-04 19:48:45+00:00,0.9995
2026-04-04 19:49:57+00:00,0.9995
2026-04-04 19:50:55+00:00,0.9995
2026-04-04 19:51:48+00:00,0.9995
2026-04-04 19:52:45+00:00,0.9995
2026-04-04 19:53:45+00:00,0.9995
2026-04-04 19:54:57+00:00,0.9995
2026-04-04 19:55:51+00:00,0.9995
2026-04-04 19:56:46+00:00,0.9995
2026-04-04 19:57:45+00:00,0.9995
2026-04-04 19:58:46+00:00,0.9995
2026-04-04 19:59:45+00:00,0.9995
2026-04-04 20:01:26+00:00,0.9995
2026-04-04 20:02:27+00:00,0.9995
2026-04-04 20:03:18+00:00,0.9995
2026-04-04 20:04:08+00:00,0.9995
2026-04-04 20:04:59+00:00,0.9995
2026-04-04 20:05:54+00:00,0.9995
2026-04-04 20:06:56+00:00,0.9995
2026-04-04 20:07:46+00:00,0.9995
2026-04-04 20:08:45+00:00,0.9995
2026-04-04 20:09:46+00:00,0.9995
2026-04-04 20:10:48+00:00,0.9995
2026-04-04 20:11:45+00:00,0.9995
2026-04-04 20:12:46+00:00,0.9995
2026-04-04 20:13:45+00:00,0.9995
2026-04-04 20:14:47+00:00,0.9995
2026-04-04 20:15:49+00:00,0.9995
2026-04-04 20:16:45+00:00,0.9995
2026-04-04 20:17:45+00:00,0.9995
2026-04-04 20:19:01+00:00,0.9995
2026-04-04 20:19:51+00:00,0.9995
2026-04-04 20:20:47+00:00,0.9995
2026-04-04 20:21:44+00:00,0.9995
2026-04-04 20:22:45+00:00,0.9995
2026-04-04 20:23:44+00:00,0.9995
2026-04-04 20:24:47+00:00,0.9995
2026-04-04 20:25:49+00:00,0.9995
2026-04-04 20:27:12+00:00,0.9995
2026-04-04 20:28:13+00:00,0.9995
2026-04-04 20:29:04+00:00,0.9995
2026-04-04 20:29:56+00:00,0.9995
2026-04-04 20:31:07+00:00,0.9995
2026-04-04 20:31:58+00:00,0.9995
2026-04-04 20:32:49+00:00,0.9995
2026-04-04 20:33:46+00:00,0.9995
2026-04-04 20:34:48+00:00,0.9995
2026-04-04 20:35:51+00:00,0.9995
2026-04-04 20:36:48+00:00,0.9995
2026-04-04 20:37:46+00:00,0.9995
2026-04-04 20:38:46+00:00,0.9995
2026-04-04 20:39:46+00:00,0.9995
2026-04-04 20:40:49+00:00,0.9995
2026-04-04 20:41:45+00:00,0.9995
2026-04-04 20:42:45+00:00,0.9995
2026-04-04 20:43:59+00:00,0.9995
2026-04-04 20:44:49+00:00,0.9995
2026-04-04 20:46:00+00:00,0.9995
2026-04-04 20:46:52+00:00,0.9995
2026-04-04 20:47:45+00:00,0.9995
2026-04-04 20:48:51+00:00,0.9995
2026-04-04 20:49:45+00:00,0.9995
2026-04-04 20:50:46+00:00,0.9995
2026-04-04 20:52:00+00:00,0.9995
2026-04-04 20:53:01+00:00,0.9995
2026-04-04 20:53:54+00:00,0.9995
2026-04-04 20:54:45+00:00,0.9995
2026-04-04 20:55:52+00:00,0.9995
2026-04-04 20:56:44+00:00,0.9995
2026-04-04 20:57:45+00:00,0.9995
2026-04-04 20:58:46+00:00,0.9995
2026-04-04 20:59:45+00:00,0.9995
2026-04-04 21:01:05+00:00,0.9995
2026-04-04 21:01:56+00:00,0.9995
2026-04-04 21:02:45+00:00,0.9995
2026-04-04 21:03:46+00:00,0.9995
2026-04-04 21:04:45+00:00,0.9995
2026-04-04 21:05:59+00:00,0.9995
2026-04-04 21:06:49+00:00,0.9995
2026-04-04 21:07:59+00:00,0.9995
2026-04-04 21:08:49+00:00,0.9995
2026-04-04 21:09:46+00:00,0.9995
2026-04-04 21:10:49+00:00,0.9995
2026-04-04 21:11:45+00:00,0.9995
2026-04-04 21:12:46+00:00,0.9995
2026-04-04 21:13:45+00:00,0.9995
2026-04-04 21:14:44+00:00,0.9995
2026-04-04 21:15:48+00:00,0.9995
2026-04-04 21:16:44+00:00,0.9995
2026-04-04 21:17:45+00:00,0.9995
2026-04-04 21:18:57+00:00,0.9995
2026-04-04 21:19:52+00:00,0.9995
2026-04-04 21:20:52+00:00,0.9995
2026-04-04 21:21:45+00:00,0.9995
2026-04-04 21:22:45+00:00,0.9995
2026-04-04 21:23:45+00:00,0.9995
2026-04-04 21:24:46+00:00,0.9995
2026-04-04 21:25:47+00:00,0.9995
2026-04-04 21:26:46+00:00,0.9995
2026-04-04 21:27:48+00:00,0.9995
2026-04-04 21:28:46+00:00,0.9995
2026-04-04 21:29:45+00:00,0.9995
2026-04-04 21:31:03+00:00,0.9995
2026-04-04 21:31:52+00:00,0.9995
2026-04-04 21:32:45+00:00,0.9995
2026-04-04 21:33:44+00:00,0.9995
2026-04-04 21:34:46+00:00,0.9995
2026-04-04 21:35:48+00:00,0.9995
2026-04-04 21:36:46+00:00,0.9995
2026-04-04 21:37:47+00:00,0.9995
2026-04-04 21:38:44+00:00,0.9995
2026-04-04 21:39:46+00:00,0.9995
2026-04-04 21:40:47+00:00,0.9995
2026-04-04 21:41:45+00:00,0.9995
2026-04-04 21:42:44+00:00,0.9995
2026-04-04 21:43:45+00:00,0.9995
2026-04-04 21:45:16+00:00,0.9995
2026-04-04 21:46:18+00:00,0.9995
2026-04-04 21:47:08+00:00,0.9995
2026-04-04 21:48:00+00:00,0.9995
2026-04-04 21:48:49+00:00,0.9995
2026-04-04 21:49:47+00:00,0.9995
2026-04-04 21:50:51+00:00,0.9995
2026-04-04 21:51:45+00:00,0.9995
2026-04-04 21:52:44+00:00,0.9995
2026-04-04 21:53:45+00:00,0.9995
2026-04-04 21:54:46+00:00,0.9995
2026-04-04 21:56:02+00:00,0.9995
2026-04-04 21:56:53+00:00,0.9995
2026-04-04 21:57:46+00:00,0.9995
2026-04-04 21:58:46+00:00,0.9995
2026-04-04 21:59:47+00:00,0.9995
2026-04-04 22:01:06+00:00,0.9995
2026-04-04 22:01:58+00:00,0.9995
2026-04-04 22:02:50+00:00,0.9995
2026-04-04 22:03:46+00:00,0.9995
2026-04-04 22:04:46+00:00,0.9995
2026-04-04 22:05:48+00:00,0.9995
2026-04-04 22:06:56+00:00,0.9995
2026-04-04 22:07:52+00:00,0.9995
2026-04-04 22:08:45+00:00,0.9995
2026-04-04 22:09:45+00:00,0.9995
2026-04-04 22:10:58+00:00,0.9995
2026-04-04 22:11:49+00:00,0.9995
2026-04-04 22:12:44+00:00,0.9995
2026-04-04 22:13:56+00:00,0.9995
2026-04-04 22:14:46+00:00,0.9995
2026-04-04 22:15:48+00:00,0.9995
2026-04-04 22:16:49+00:00,0.9995
2026-04-04 22:17:45+00:00,0.9995
2026-04-04 22:19:00+00:00,0.9995
2026-04-04 22:19:51+00:00,0.9995
2026-04-04 22:20:59+00:00,0.9995
2026-04-04 22:21:51+00:00,0.9995
2026-04-04 22:22:45+00:00,0.9995
2026-04-04 22:23:45+00:00,0.9995
2026-04-04 22:24:46+00:00,0.9995
2026-04-04 22:25:49+00:00,0.9995
2026-04-04 22:26:57+00:00,0.9995
2026-04-04 22:27:48+00:00,0.9995
2026-04-04 22:28:46+00:00,0.9995
2026-04-04 22:29:46+00:00,0.9995
2026-04-04 22:31:04+00:00,0.9995
2026-04-04 22:31:54+00:00,0.9995
2026-04-04 22:32:56+00:00,0.9995
2026-04-04 22:33:53+00:00,0.9995
2026-04-04 22:34:46+00:00,0.9995
2026-04-04 22:36:03+00:00,0.9995
2026-04-04 22:36:55+00:00,0.9995
2026-04-04 22:37:58+00:00,0.9995
2026-04-04 22:38:55+00:00,0.9995
2026-04-04 22:39:47+00:00,0.9995
2026-04-04 22:41:06+00:00,0.9995
2026-04-04 22:42:02+00:00,0.9995
2026-04-04 22:42:52+00:00,0.9995
2026-04-04 22:43:45+00:00,0.9995
2026-04-04 22:44:46+00:00,0.9995
2026-04-04 22:46:03+00:00,0.9995
2026-04-04 22:46:53+00:00,0.9995
2026-04-04 22:47:46+00:00,0.9995
2026-04-04 22:48:45+00:00,0.9995
2026-04-04 22:49:46+00:00,0.9995
2026-04-04 22:50:54+00:00,0.9995
2026-04-04 22:51:50+00:00,0.9995
2026-04-04 22:52:45+00:00,0.9995
2026-04-04 22:53:45+00:00,0.9995
2026-04-04 22:54:45+00:00,0.9995
2026-04-04 22:55:49+00:00,0.9995
2026-04-04 22:56:47+00:00,0.9995
2026-04-04 22:57:57+00:00,0.9995
2026-04-04 22:58:48+00:00,0.9995
2026-04-04 22:59:46+00:00,0.9995
2026-04-04 23:01:09+00:00,0.9995
2026-04-04 23:02:00+00:00,0.9995
2026-04-04 23:02:52+00:00,0.9995
2026-04-04 23:03:58+00:00,0.9995
2026-04-04 23:04:54+00:00,0.9995
2026-04-04 23:05:59+00:00,0.9995
2026-04-04 23:06:49+00:00,0.9995
2026-04-04 23:07:57+00:00,0.9995
2026-04-04 23:08:49+00:00,0.9995
2026-04-04 23:09:46+00:00,0.9995
2026-04-04 23:11:03+00:00,0.9995
2026-04-04 23:11:52+00:00,0.9995
2026-04-04 23:12:47+00:00,0.9995
2026-04-04 23:13:45+00:00,0.9995
2026-04-04 23:14:46+00:00,0.9995
2026-04-04 23:15:48+00:00,0.9995
2026-04-04 23:16:48+00:00,0.9995
2026-04-04 23:17:46+00:00,0.9995
2026-04-04 23:18:46+00:00,0.9995
2026-04-04 23:19:45+00:00,0.9995
2026-04-04 23:20:48+00:00,0.9995
2026-04-04 23:21:46+00:00,0.9995
2026-04-04 23:22:45+00:00,0.9995
2026-04-04 23:23:45+00:00,0.9995
2026-04-04 23:24:47+00:00,0.9995
2026-04-04 23:25:50+00:00,0.9995
2026-04-04 23:26:46+00:00,0.9995
2026-04-04 23:27:45+00:00,0.9995
2026-04-04 23:28:59+00:00,0.9995
2026-04-04 23:30:07+00:00,0.9995
2026-04-04 23:31:13+00:00,0.9995
2026-04-04 23:32:03+00:00,0.9995
2026-04-04 23:32:52+00:00,0.9995
2026-04-04 23:33:46+00:00,0.9995
2026-04-04 23:34:58+00:00,0.9995
2026-04-04 23:35:55+00:00,0.9995
2026-04-04 23:36:47+00:00,0.9995
2026-04-04 23:37:46+00:00,0.9995
2026-04-04 23:38:46+00:00,0.9995
2026-04-04 23:39:58+00:00,0.9995
2026-04-04 23:40:51+00:00,0.9995
2026-04-04 23:41:46+00:00,0.9995
2026-04-04 23:42:59+00:00,0.9995
2026-04-04 23:43:51+00:00,0.9995
2026-04-04 23:44:59+00:00,0.9995
2026-04-04 23:45:54+00:00,0.9995
2026-04-04 23:46:46+00:00,0.9995
2026-04-04 23:47:46+00:00,0.9995
2026-04-04 23:48:46+00:00,0.9995
2026-04-04 23:49:46+00:00,0.9995
2026-04-04 23:50:49+00:00,0.9995
2026-04-04 23:51:44+00:00,0.9995
2026-04-04 23:52:45+00:00,0.9995
2026-04-04 23:53:49+00:00,0.9995
2026-04-04 23:54:45+00:00,0.9995
2026-04-04 23:56:02+00:00,0.9995
2026-04-04 23:56:57+00:00,0.9995
2026-04-04 23:57:49+00:00,0.9995
2026-04-04 23:58:59+00:00,0.9995
2026-04-05 00:00:10+00:00,0.9995
2026-04-05 00:01:13+00:00,0.9995
2026-04-05 00:02:02+00:00,0.9995
2026-04-05 00:02:50+00:00,0.9995
2026-04-05 00:03:44+00:00,0.9995
2026-04-05 00:04:45+00:00,0.9995
2026-04-05 00:05:47+00:00,0.9995
2026-04-05 00:06:45+00:00,0.9995
2026-04-05 00:07:44+00:00,0.9995
2026-04-05 00:08:44+00:00,0.9995
2026-04-05 00:09:44+00:00,0.9995
2026-04-05 00:10:49+00:00,0.9995
2026-04-05 00:11:45+00:00,0.9995
2026-04-05 00:12:44+00:00,0.9995
2026-04-05 00:13:45+00:00,0.9995
2026-04-05 00:14:46+00:00,0.9995
2026-04-05 00:15:49+00:00,0.9995
2026-04-05 00:16:44+00:00,0.9995
2026-04-05 00:17:45+00:00,0.9995
2026-04-05 00:18:45+00:00,0.9995
2026-04-05 00:19:49+00:00,0.9995
2026-04-05 00:20:49+00:00,0.9995
2026-04-05 00:21:45+00:00,0.9995
2026-04-05 00:22:44+00:00,0.9995
2026-04-05 00:23:44+00:00,0.9995
2026-04-05 00:24:46+00:00,0.9995
2026-04-05 00:25:47+00:00,0.9995
2026-04-05 00:26:44+00:00,0.9995
2026-04-05 00:27:45+00:00,0.9995
2026-04-05 00:29:01+00:00,0.9995
2026-04-05 00:29:52+00:00,0.9995
2026-04-05 00:31:04+00:00,0.9995
2026-04-05 00:31:54+00:00,0.9995
2026-04-05 00:32:46+00:00,0.9995
2026-04-05 00:33:45+00:00,0.9995
2026-04-05 00:34:44+00:00,0.9995
2026-04-05 00:35:46+00:00,0.9995
2026-04-05 00:36:44+00:00,0.9995
2026-04-05 00:37:45+00:00,0.9995
2026-04-05 00:38:45+00:00,0.9995
2026-04-05 00:39:44+00:00,0.9995
2026-04-05 00:40:59+00:00,0.9995
2026-04-05 00:41:49+00:00,0.9995
2026-04-05 00:42:45+00:00,0.9995
2026-04-05 00:43:44+00:00,0.9995
2026-04-05 00:44:45+00:00,0.9995
2026-04-05 00:45:53+00:00,0.9995
2026-04-05 00:46:45+00:00,0.9995
2026-04-05 00:47:45+00:00,0.9995
2026-04-05 00:49:00+00:00,0.9995
2026-04-05 00:49:49+00:00,0.9995
2026-04-05 00:50:48+00:00,0.9995
2026-04-05 00:51:45+00:00,0.9995
2026-04-05 00:52:44+00:00,0.9995
2026-04-05 00:53:45+00:00,0.9995
2026-04-05 00:54:56+00:00,0.9995
2026-04-05 00:55:47+00:00,0.9995
2026-04-05 00:56:58+00:00,0.9995
2026-04-05 00:57:48+00:00,0.9995
2026-04-05 00:58:46+00:00,0.9995
2026-04-05 00:59:58+00:00,0.9995
2026-04-05 01:01:02+00:00,0.9995
2026-04-05 01:01:52+00:00,0.9995
2026-04-05 01:02:44+00:00,0.9995
2026-04-05 01:03:45+00:00,0.9995
2026-04-05 01:04:46+00:00,0.9995
2026-04-05 01:05:47+00:00,0.9995
2026-04-05 01:06:44+00:00,0.9995
2026-04-05 01:07:59+00:00,0.9995
2026-04-05 01:08:49+00:00,0.9995
2026-04-05 01:09:45+00:00,0.9995
2026-04-05 01:10:46+00:00,0.9995
2026-04-05 01:11:51+00:00,0.9995
2026-04-05 01:12:44+00:00,0.9995
2026-04-05 01:13:43+00:00,0.9995
2026-04-05 01:14:45+00:00,0.9995
2026-04-05 01:16:00+00:00,0.9995
2026-04-05 01:16:49+00:00,0.9995
2026-04-05 01:17:44+00:00,0.9995
2026-04-05 01:18:44+00:00,0.9995
2026-04-05 01:19:45+00:00,0.9995
2026-04-05 01:20:49+00:00,0.9995
2026-04-05 01:21:44+00:00,0.9995
2026-04-05 01:22:44+00:00,0.9995
2026-04-05 01:23:43+00:00,0.9995
2026-04-05 01:24:45+00:00,0.9995
2026-04-05 01:25:45+00:00,0.9995
2026-04-05 01:26:48+00:00,0.9995
2026-04-05 01:27:44+00:00,0.9995
2026-04-05 01:28:44+00:00,0.9995
2026-04-05 01:29:46+00:00,0.9995
2026-04-05 01:31:00+00:00,0.9995
2026-04-05 01:31:48+00:00,0.9995
2026-04-05 01:32:55+00:00,0.9995
2026-04-05 01:33:45+00:00,0.9995
2026-04-05 01:34:44+00:00,0.9995
2026-04-05 01:35:46+00:00,0.9995
2026-04-05 01:36:47+00:00,0.9995
2026-04-05 01:37:53+00:00,0.9995
2026-04-05 01:38:45+00:00,0.9995
2026-04-05 01:39:44+00:00,0.9995
2026-04-05 01:40:47+00:00,0.9995
2026-04-05 01:41:45+00:00,0.9995
2026-04-05 01:42:45+00:00,0.9995
2026-04-05 01:43:45+00:00,0.9995
2026-04-05 01:44:44+00:00,0.9995
2026-04-05 01:45:47+00:00,0.9995
2026-04-05 01:46:45+00:00,0.9995
2026-04-05 01:47:44+00:00,0.9995
2026-04-05 01:48:59+00:00,0.9995
2026-04-05 01:49:49+00:00,0.9995
2026-04-05 01:50:46+00:00,0.9995
2026-04-05 01:51:55+00:00,0.9995
2026-04-05 01:52:46+00:00,0.9995
2026-04-05 01:53:45+00:00,0.9995
2026-04-05 01:54:45+00:00,0.9995
2026-04-05 01:55:47+00:00,0.9995
2026-04-05 01:56:43+00:00,0.9995
2026-04-05 01:57:43+00:00,0.9995
2026-04-05 01:58:44+00:00,0.9995
2026-04-05 01:59:45+00:00,0.9995
2026-04-05 02:01:07+00:00,0.9995
2026-04-05 02:01:57+00:00,0.9995
2026-04-05 02:02:45+00:00,0.9995
2026-04-05 02:03:54+00:00,0.9995
2026-04-05 02:04:45+00:00,0.9995
2026-04-05 02:05:47+00:00,0.9995
2026-04-05 02:06:44+00:00,0.9995
2026-04-05 02:07:44+00:00,0.9995
2026-04-05 02:09:04+00:00,0.9995
2026-04-05 02:09:54+00:00,0.9995
2026-04-05 02:10:48+00:00,0.9995
2026-04-05 02:11:42+00:00,0.9995
2026-04-05 02:12:44+00:00,0.9995
2026-04-05 02:13:43+00:00,0.9995
2026-04-05 02:14:45+00:00,0.9995
2026-04-05 02:15:47+00:00,0.9995
2026-04-05 02:16:43+00:00,0.9995
2026-04-05 02:17:43+00:00,0.9995
2026-04-05 02:18:44+00:00,0.9995
2026-04-05 02:19:43+00:00,0.9995
2026-04-05 02:20:48+00:00,0.9995
2026-04-05 02:21:44+00:00,0.9995
2026-04-05 02:22:45+00:00,0.9995
2026-04-05 02:23:43+00:00,0.9995
2026-04-05 02:24:44+00:00,0.9995
2026-04-05 02:25:47+00:00,0.9995
2026-04-05 02:26:56+00:00,0.9995
2026-04-05 02:27:45+00:00,0.9995
2026-04-05 02:28:44+00:00,0.9995
2026-04-05 02:29:55+00:00,0.9995
2026-04-05 02:31:03+00:00,0.9995
2026-04-05 02:31:51+00:00,0.9995
2026-04-05 02:32:55+00:00,0.9995
2026-04-05 02:33:44+00:00,0.9995
2026-04-05 02:34:54+00:00,0.9995
2026-04-05 02:35:49+00:00,0.9995
2026-04-05 02:36:44+00:00,0.9995
2026-04-05 02:37:44+00:00,0.9995
2026-04-05 02:38:43+00:00,0.9995
2026-04-05 02:39:44+00:00,0.9995
2026-04-05 02:40:47+00:00,0.9995
2026-04-05 02:41:43+00:00,0.9995
2026-04-05 02:42:56+00:00,0.9995
2026-04-05 02:43:43+00:00,0.9995
2026-04-05 02:44:44+00:00,0.9995
2026-04-05 02:45:48+00:00,0.9995
2026-04-05 02:46:43+00:00,0.9995
2026-04-05 02:47:44+00:00,0.9995
2026-04-05 02:48:54+00:00,0.9995
2026-04-05 02:49:46+00:00,0.9995
2026-04-05 02:50:47+00:00,0.9995
2026-04-05 02:51:44+00:00,0.9995
2026-04-05 02:52:56+00:00,0.9995
2026-04-05 02:53:45+00:00,0.9995
2026-04-05 02:54:44+00:00,0.9995
2026-04-05 02:55:58+00:00,0.9995
2026-04-05 02:56:51+00:00,0.9995
2026-04-05 02:57:59+00:00,0.9995
2026-04-05 02:58:49+00:00,0.9995
2026-04-05 02:59:45+00:00,0.9995
2026-04-05 03:01:07+00:00,0.9995
2026-04-05 03:01:55+00:00,0.9995
2026-04-05 03:02:44+00:00,0.9995
2026-04-05 03:03:45+00:00,0.9995
2026-04-05 03:04:43+00:00,0.9995
2026-04-05 03:06:00+00:00,0.9995
2026-04-05 03:06:48+00:00,0.9995
2026-04-05 03:07:44+00:00,0.9995
2026-04-05 03:08:44+00:00,0.9995
2026-04-05 03:09:43+00:00,0.9995
2026-04-05 03:10:48+00:00,0.9995
2026-04-05 03:11:44+00:00,0.9995
2026-04-05 03:12:43+00:00,0.9995
2026-04-05 03:13:44+00:00,0.9995
2026-04-05 03:14:45+00:00,0.9995
2026-04-05 03:15:59+00:00,0.9995
2026-04-05 03:16:47+00:00,0.9995
2026-04-05 03:17:43+00:00,0.9995
2026-04-05 03:18:43+00:00,0.9995
2026-04-05 03:19:44+00:00,0.9995
2026-04-05 03:20:45+00:00,0.9995
2026-04-05 03:21:54+00:00,0.9995
2026-04-05 03:22:48+00:00,0.9995
2026-04-05 03:23:44+00:00,0.9995
2026-04-05 03:24:44+00:00,0.9995
2026-04-05 03:25:46+00:00,0.9995
2026-04-05 03:26:55+00:00,0.9995
2026-04-05 03:27:43+00:00,0.9995
2026-04-05 03:28:43+00:00,0.9995
2026-04-05 03:29:44+00:00,0.9995
2026-04-05 03:31:00+00:00,0.9995
2026-04-05 03:31:48+00:00,0.9995
2026-04-05 03:32:43+00:00,0.9995
2026-04-05 03:33:44+00:00,0.9995
2026-04-05 03:34:44+00:00,0.9995
2026-04-05 03:35:46+00:00,0.9995
2026-04-05 03:36:43+00:00,0.9995
2026-04-05 03:37:43+00:00,0.9995
2026-04-05 03:38:42+00:00,0.9995
2026-04-05 03:39:43+00:00,0.9995
2026-04-05 03:40:45+00:00,0.9995
2026-04-05 03:41:43+00:00,0.9995
2026-04-05 03:42:42+00:00,0.9995
2026-04-05 03:43:43+00:00,0.9995
2026-04-05 03:44:44+00:00,0.9995
2026-04-05 03:45:46+00:00,0.9995
2026-04-05 03:46:56+00:00,0.9995
2026-04-05 03:47:56+00:00,0.9995
2026-04-05 03:48:49+00:00,0.9995
2026-04-05 03:49:43+00:00,0.9995
2026-04-05 03:50:47+00:00,0.9995
2026-04-05 03:51:42+00:00,0.9995
2026-04-05 03:52:45+00:00,0.9995
2026-04-05 03:53:43+00:00,0.9995
2026-04-05 03:54:56+00:00,0.9995
2026-04-05 03:55:47+00:00,0.9995
2026-04-05 03:56:43+00:00,0.9995
2026-04-05 03:57:44+00:00,0.9995
2026-04-05 03:58:44+00:00,0.9995
2026-04-05 03:59:43+00:00,0.9995
2026-04-05 04:00:57+00:00,0.9995
2026-04-05 04:01:49+00:00,0.9995
2026-04-05 04:02:43+00:00,0.9995
2026-04-05 04:03:44+00:00,0.9995
2026-04-05 04:04:43+00:00,0.9995
2026-04-05 04:06:00+00:00,0.9995
2026-04-05 04:06:48+00:00,0.9995
2026-04-05 04:07:42+00:00,0.9995
2026-04-05 04:08:43+00:00,0.9995
2026-04-05 04:09:44+00:00,0.9995
2026-04-05 04:10:46+00:00,0.9995
2026-04-05 04:11:44+00:00,0.9995
2026-04-05 04:12:43+00:00,0.9995
2026-04-05 04:13:54+00:00,0.9995
2026-04-05 04:14:47+00:00,0.9995
2026-04-05 04:15:48+00:00,0.9995
2026-04-05 04:16:43+00:00,0.9995
2026-04-05 04:17:44+00:00,0.9995
2026-04-05 04:18:43+00:00,0.9995
2026-04-05 04:19:43+00:00,0.9995
2026-04-05 04:20:47+00:00,0.9995
2026-04-05 04:21:56+00:00,0.9995
2026-04-05 04:22:45+00:00,0.9995
2026-04-05 04:23:56+00:00,0.9995
2026-04-05 04:24:45+00:00,0.9995
2026-04-05 04:25:46+00:00,0.9995
2026-04-05 04:26:56+00:00,0.9995
2026-04-05 04:27:46+00:00,0.9995
2026-04-05 04:28:59+00:00,0.9995
2026-04-05 04:29:50+00:00,0.9995
2026-04-05 04:30:58+00:00,0.9995
2026-04-05 04:31:48+00:00,0.9995
2026-04-05 04:32:58+00:00,0.9995
2026-04-05 04:33:48+00:00,0.9995
2026-04-05 04:34:44+00:00,0.9995
2026-04-05 04:36:00+00:00,0.9995
2026-04-05 04:36:50+00:00,0.9995
2026-04-05 04:37:43+00:00,0.9995
2026-04-05 04:38:43+00:00,0.9995
2026-04-05 04:39:52+00:00,0.9995
2026-04-05 04:40:50+00:00,0.9995
2026-04-05 04:41:44+00:00,0.9995
2026-04-05 04:42:44+00:00,0.9995
2026-04-05 04:43:44+00:00,0.9995
2026-04-05 04:44:43+00:00,0.9995
2026-04-05 04:45:47+00:00,0.9995
2026-04-05 04:46:45+00:00,0.9995
2026-04-05 04:47:44+00:00,0.9995
2026-04-05 04:48:45+00:00,0.9995
2026-04-05 04:49:44+00:00,0.9995
2026-04-05 04:50:49+00:00,0.9995
2026-04-05 04:51:44+00:00,0.9995
2026-04-05 04:52:44+00:00,0.9995
2026-04-05 04:53:44+00:00,0.9995
2026-04-05 04:54:44+00:00,0.9995
2026-04-05 04:55:46+00:00,0.9995
2026-04-05 04:56:57+00:00,0.9995
2026-04-05 04:57:45+00:00,0.9995
2026-04-05 04:58:44+00:00,0.9995
2026-04-05 04:59:43+00:00,0.9995
2026-04-05 05:01:01+00:00,0.9995
2026-04-05 05:01:50+00:00,0.9995
2026-04-05 05:02:44+00:00,0.9995
2026-04-05 05:03:45+00:00,0.9995
2026-04-05 05:04:44+00:00,0.9995
2026-04-05 05:06:01+00:00,0.9995
2026-04-05 05:06:54+00:00,0.9995
2026-04-05 05:07:44+00:00,0.9995
2026-04-05 05:08:45+00:00,0.9995
2026-04-05 05:09:44+00:00,0.9995
2026-04-05 05:11:00+00:00,0.9995
2026-04-05 05:11:49+00:00,0.9995
2026-04-05 05:12:44+00:00,0.9995
2026-04-05 05:13:44+00:00,0.9995
2026-04-05 05:14:47+00:00,0.9995
2026-04-05 05:15:50+00:00,0.9995
2026-04-05 05:16:44+00:00,0.9995
2026-04-05 05:17:45+00:00,0.9995
2026-04-05 05:18:45+00:00,0.9995
2026-04-05 05:19:44+00:00,0.9995
2026-04-05 05:20:48+00:00,0.9995
2026-04-05 05:21:44+00:00,0.9995
2026-04-05 05:22:56+00:00,0.9995
2026-04-05 05:23:50+00:00,0.9995
2026-04-05 05:24:44+00:00,0.9995
2026-04-05 05:25:50+00:00,0.9995
2026-04-05 05:26:58+00:00,0.9995
2026-04-05 05:27:47+00:00,0.9995
2026-04-05 05:28:45+00:00,0.9995
2026-04-05 05:29:45+00:00,0.9995
2026-04-05 05:31:02+00:00,0.9995
2026-04-05 05:31:52+00:00,0.9995
2026-04-05 05:32:45+00:00,0.9995
2026-04-05 05:33:45+00:00,0.9995
2026-04-05 05:34:45+00:00,0.9995
2026-04-05 05:35:48+00:00,0.9995
2026-04-05 05:36:46+00:00,0.9995
2026-04-05 05:37:45+00:00,0.9995
2026-04-05 05:38:46+00:00,0.9995
2026-04-05 05:39:47+00:00,0.9995
2026-04-05 05:40:49+00:00,0.9995
2026-04-05 05:41:58+00:00,0.9995
2026-04-05 05:42:48+00:00,0.9995
2026-04-05 05:43:45+00:00,0.9995
2026-04-05 05:44:46+00:00,0.9995
2026-04-05 05:45:47+00:00,0.9995
2026-04-05 05:46:44+00:00,0.9995
2026-04-05 05:47:46+00:00,0.9995
2026-04-05 05:48:56+00:00,0.9995
2026-04-05 05:49:50+00:00,0.9995
2026-04-05 05:50:49+00:00,0.9995
2026-04-05 05:51:45+00:00,0.9995
2026-04-05 05:52:44+00:00,0.9995
2026-04-05 05:53:44+00:00,0.9995
2026-04-05 05:54:44+00:00,0.9995
2026-04-05 05:55:46+00:00,0.9995
2026-04-05 05:56:45+00:00,0.9995
2026-04-05 05:57:44+00:00,0.9995
2026-04-05 05:58:43+00:00,0.9995
2026-04-05 05:59:45+00:00,0.9995
2026-04-05 06:01:05+00:00,0.9995
2026-04-05 06:01:55+00:00,0.9995
2026-04-05 06:02:46+00:00,0.9995
2026-04-05 06:03:44+00:00,0.9995
2026-04-05 06:04:57+00:00,0.9995
2026-04-05 06:05:48+00:00,0.9995
2026-04-05 06:06:45+00:00,0.9995
2026-04-05 06:07:43+00:00,0.9995
2026-04-05 06:08:43+00:00,0.9995
2026-04-05 06:09:45+00:00,0.9995
2026-04-05 06:10:47+00:00,0.9995
2026-04-05 06:11:57+00:00,0.9995
2026-04-05 06:12:52+00:00,0.9995
2026-04-05 06:13:44+00:00,0.9995
2026-04-05 06:14:45+00:00,0.9995
