timestamp,price
2026-02-25 09:32:14+00:00,0.115
2026-02-25 09:33:15+00:00,0.115
2026-02-25 09:34:15+00:00,0.115
2026-02-25 09:35:14+00:00,0.115
2026-02-25 09:36:16+00:00,0.115
2026-02-25 09:37:18+00:00,0.115
2026-02-25 09:38:14+00:00,0.115
2026-02-25 09:39:15+00:00,0.115
2026-02-25 09:40:14+00:00,0.115
2026-02-25 09:41:14+00:00,0.115
2026-02-25 09:42:15+00:00,0.115
2026-02-25 09:43:15+00:00,0.115
2026-02-25 09:44:16+00:00,0.115
2026-02-25 09:45:16+00:00,0.115
2026-02-25 09:46:15+00:00,0.115
2026-02-25 09:47:15+00:00,0.115
2026-02-25 09:48:27+00:00,0.115
2026-02-25 09:49:16+00:00,0.115
2026-02-25 09:50:17+00:00,0.115
2026-02-25 09:51:14+00:00,0.115
2026-02-25 09:52:15+00:00,0.115
2026-02-25 09:53:15+00:00,0.115
2026-02-25 09:54:15+00:00,0.115
2026-02-25 09:55:16+00:00,0.115
2026-02-25 09:56:16+00:00,0.115
2026-02-25 09:57:15+00:00,0.115
2026-02-25 09:58:15+00:00,0.115
2026-02-25 09:59:16+00:00,0.115
2026-02-25 10:00:16+00:00,0.115
2026-02-25 10:01:17+00:00,0.115
2026-02-25 10:02:29+00:00,0.115
2026-02-25 10:03:15+00:00,0.115
2026-02-25 10:04:15+00:00,0.115
2026-02-25 10:05:16+00:00,0.115
2026-02-25 10:06:16+00:00,0.115
2026-02-25 10:07:16+00:00,0.115
2026-02-25 10:08:15+00:00,0.115
2026-02-25 10:09:15+00:00,0.115
2026-02-25 10:10:17+00:00,0.115
2026-02-25 10:11:19+00:00,0.115
2026-02-25 10:12:15+00:00,0.115
2026-02-25 10:13:14+00:00,0.115
2026-02-25 10:14:15+00:00,0.115
2026-02-25 10:15:14+00:00,0.115
2026-02-25 10:16:16+00:00,0.115
2026-02-25 10:17:15+00:00,0.115
2026-02-25 10:18:16+00:00,0.115
2026-02-25 10:19:16+00:00,0.115
2026-02-25 10:20:14+00:00,0.115
2026-02-25 10:21:16+00:00,0.115
2026-02-25 10:22:15+00:00,0.115
2026-02-25 10:23:14+00:00,0.115
2026-02-25 10:24:15+00:00,0.115
2026-02-25 10:25:15+00:00,0.115
2026-02-25 10:26:14+00:00,0.115
2026-02-25 10:27:16+00:00,0.115
2026-02-25 10:28:15+00:00,0.115
2026-02-25 10:29:17+00:00,0.115
2026-02-25 10:30:16+00:00,0.115
2026-02-25 10:31:14+00:00,0.115
2026-02-25 10:32:15+00:00,0.115
2026-02-25 10:33:15+00:00,0.115
2026-02-25 10:34:15+00:00,0.115
2026-02-25 10:35:14+00:00,0.115
2026-02-25 10:36:15+00:00,0.115
2026-02-25 10:37:14+00:00,0.115
2026-02-25 10:38:16+00:00,0.115
2026-02-25 10:39:15+00:00,0.115
2026-02-25 10:40:15+00:00,0.115
2026-02-25 10:41:16+00:00,0.115
2026-02-25 10:42:16+00:00,0.115
2026-02-25 10:43:15+00:00,0.115
2026-02-25 10:44:15+00:00,0.115
2026-02-25 10:45:16+00:00,0.115
2026-02-25 10:46:14+00:00,0.115
2026-02-25 10:47:15+00:00,0.115
2026-02-25 10:48:14+00:00,0.115
2026-02-25 10:49:15+00:00,0.125
2026-02-25 10:50:19+00:00,0.125
2026-02-25 10:51:15+00:00,0.125
2026-02-25 10:52:14+00:00,0.125
2026-02-25 10:53:16+00:00,0.125
2026-02-25 10:54:15+00:00,0.125
2026-02-25 10:55:15+00:00,0.125
2026-02-25 10:56:29+00:00,0.125
2026-02-25 10:57:15+00:00,0.125
2026-02-25 10:58:14+00:00,0.125
2026-02-25 10:59:15+00:00,0.125
2026-02-25 11:00:17+00:00,0.125
2026-02-25 11:01:15+00:00,0.125
2026-02-25 11:02:16+00:00,0.125
2026-02-25 11:03:15+00:00,0.125
2026-02-25 11:04:16+00:00,0.125
2026-02-25 11:05:16+00:00,0.125
2026-02-25 11:06:18+00:00,0.125
2026-02-25 11:07:14+00:00,0.125
2026-02-25 11:08:16+00:00,0.125
2026-02-25 11:09:16+00:00,0.125
2026-02-25 11:12:19+00:00,0.125
2026-02-25 11:12:43+00:00,0.125
2026-02-25 11:13:14+00:00,0.125
2026-02-25 11:14:15+00:00,0.125
2026-02-25 11:15:14+00:00,0.12
2026-02-25 11:16:15+00:00,0.12
2026-02-25 11:17:17+00:00,0.12
2026-02-25 11:18:16+00:00,0.12
2026-02-25 11:19:14+00:00,0.12
2026-02-25 11:20:15+00:00,0.12
2026-02-25 11:21:14+00:00,0.12
2026-02-25 11:22:16+00:00,0.125
2026-02-25 11:23:15+00:00,0.125
2026-02-25 11:24:15+00:00,0.125
2026-02-25 11:25:15+00:00,0.125
2026-02-25 11:26:15+00:00,0.125
2026-02-25 11:27:15+00:00,0.125
2026-02-25 11:28:16+00:00,0.125
2026-02-25 11:29:15+00:00,0.125
2026-02-25 11:30:15+00:00,0.125
2026-02-25 11:33:16+00:00,0.125
2026-02-25 11:33:41+00:00,0.125
2026-02-25 11:34:14+00:00,0.125
2026-02-25 11:35:14+00:00,0.125
2026-02-25 11:36:15+00:00,0.115
2026-02-25 11:37:14+00:00,0.115
2026-02-25 11:38:29+00:00,0.115
2026-02-25 11:39:15+00:00,0.115
2026-02-25 11:40:27+00:00,0.115
2026-02-25 11:41:16+00:00,0.115
2026-02-25 11:42:15+00:00,0.115
2026-02-25 11:43:15+00:00,0.115
2026-02-25 11:44:16+00:00,0.125
2026-02-25 11:45:16+00:00,0.115
2026-02-25 11:46:15+00:00,0.115
2026-02-25 11:47:15+00:00,0.115
2026-02-25 11:48:15+00:00,0.125
2026-02-25 11:49:14+00:00,0.125
2026-02-25 11:50:14+00:00,0.125
2026-02-25 11:51:25+00:00,0.125
2026-02-25 11:52:17+00:00,0.125
2026-02-25 11:53:17+00:00,0.125
2026-02-25 11:54:16+00:00,0.125
2026-02-25 11:55:16+00:00,0.125
2026-02-25 11:56:15+00:00,0.125
2026-02-25 11:57:15+00:00,0.125
2026-02-25 11:58:16+00:00,0.125
2026-02-25 11:59:15+00:00,0.125
2026-02-25 12:00:23+00:00,0.125
2026-02-25 12:01:19+00:00,0.125
2026-02-25 12:02:15+00:00,0.125
2026-02-25 12:03:16+00:00,0.125
2026-02-25 12:04:16+00:00,0.125
2026-02-25 12:05:16+00:00,0.125
2026-02-25 12:06:16+00:00,0.125
2026-02-25 12:07:16+00:00,0.125
2026-02-25 12:08:16+00:00,0.125
2026-02-25 12:09:17+00:00,0.125
2026-02-25 12:10:16+00:00,0.125
2026-02-25 12:11:16+00:00,0.125
2026-02-25 12:12:15+00:00,0.125
2026-02-25 12:13:15+00:00,0.125
2026-02-25 12:14:15+00:00,0.125
2026-02-25 12:15:14+00:00,0.125
2026-02-25 12:16:16+00:00,0.115
2026-02-25 12:17:17+00:00,0.115
2026-02-25 12:18:16+00:00,0.115
2026-02-25 12:19:16+00:00,0.115
2026-02-25 12:20:18+00:00,0.115
2026-02-25 12:21:22+00:00,0.115
2026-02-25 12:22:17+00:00,0.115
2026-02-25 12:23:15+00:00,0.115
2026-02-25 12:24:15+00:00,0.115
2026-02-25 12:25:16+00:00,0.115
2026-02-25 12:26:16+00:00,0.115
2026-02-25 12:27:15+00:00,0.115
2026-02-25 12:28:14+00:00,0.115
2026-02-25 12:29:16+00:00,0.115
2026-02-25 12:30:19+00:00,0.115
2026-02-25 12:31:16+00:00,0.115
2026-02-25 12:32:16+00:00,0.115
2026-02-25 12:33:16+00:00,0.115
2026-02-25 12:34:17+00:00,0.115
2026-02-25 12:35:16+00:00,0.115
2026-02-25 12:36:15+00:00,0.115
2026-02-25 12:37:16+00:00,0.115
2026-02-25 12:38:15+00:00,0.115
2026-02-25 12:39:18+00:00,0.115
2026-02-25 12:40:16+00:00,0.115
2026-02-25 12:41:15+00:00,0.115
2026-02-25 12:42:15+00:00,0.115
2026-02-25 12:43:17+00:00,0.115
2026-02-25 12:44:15+00:00,0.115
2026-02-25 12:45:15+00:00,0.115
2026-02-25 12:46:15+00:00,0.115
2026-02-25 12:47:15+00:00,0.115
2026-02-25 12:48:15+00:00,0.115
2026-02-25 12:49:16+00:00,0.115
2026-02-25 12:50:16+00:00,0.115
2026-02-25 12:51:14+00:00,0.115
2026-02-25 12:52:16+00:00,0.115
2026-02-25 12:53:14+00:00,0.115
2026-02-25 12:54:15+00:00,0.115
2026-02-25 12:55:16+00:00,0.115
2026-02-25 12:56:28+00:00,0.115
2026-02-25 12:57:15+00:00,0.115
2026-02-25 12:58:15+00:00,0.115
2026-02-25 12:59:15+00:00,0.115
2026-02-25 13:00:15+00:00,0.115
2026-02-25 13:01:15+00:00,0.115
2026-02-25 13:02:15+00:00,0.115
2026-02-25 13:03:16+00:00,0.115
2026-02-25 13:04:15+00:00,0.115
2026-02-25 13:05:17+00:00,0.115
2026-02-25 13:06:17+00:00,0.115
2026-02-25 13:07:16+00:00,0.115
2026-02-25 13:08:16+00:00,0.115
2026-02-25 13:09:17+00:00,0.115
2026-02-25 13:10:17+00:00,0.115
2026-02-25 13:11:31+00:00,0.115
2026-02-25 13:12:15+00:00,0.115
2026-02-25 13:13:15+00:00,0.105
2026-02-25 13:14:15+00:00,0.105
2026-02-25 13:15:16+00:00,0.105
2026-02-25 13:16:14+00:00,0.105
2026-02-25 13:17:16+00:00,0.105
2026-02-25 13:18:15+00:00,0.105
2026-02-25 13:19:16+00:00,0.105
2026-02-25 13:20:15+00:00,0.105
2026-02-25 13:21:16+00:00,0.105
2026-02-25 13:22:15+00:00,0.105
2026-02-25 13:23:15+00:00,0.105
2026-02-25 13:24:17+00:00,0.115
2026-02-25 13:25:17+00:00,0.115
2026-02-25 13:26:15+00:00,0.115
2026-02-25 13:27:16+00:00,0.105
2026-02-25 13:28:16+00:00,0.105
2026-02-25 13:29:15+00:00,0.105
2026-02-25 13:30:15+00:00,0.105
2026-02-25 13:31:17+00:00,0.105
2026-02-25 13:32:15+00:00,0.105
2026-02-25 13:33:15+00:00,0.105
2026-02-25 13:34:15+00:00,0.105
2026-02-25 13:35:17+00:00,0.105
2026-02-25 13:36:14+00:00,0.105
2026-02-25 13:37:16+00:00,0.105
2026-02-25 13:38:14+00:00,0.105
2026-02-25 13:39:16+00:00,0.105
2026-02-25 13:40:16+00:00,0.105
2026-02-25 13:41:14+00:00,0.105
2026-02-25 13:42:15+00:00,0.105
2026-02-25 13:43:14+00:00,0.105
2026-02-25 13:44:15+00:00,0.105
2026-02-25 13:45:15+00:00,0.105
2026-02-25 13:46:14+00:00,0.105
2026-02-25 13:47:16+00:00,0.105
2026-02-25 13:48:15+00:00,0.105
2026-02-25 13:49:16+00:00,0.105
2026-02-25 13:50:14+00:00,0.105
2026-02-25 13:51:15+00:00,0.115
2026-02-25 13:52:14+00:00,0.115
2026-02-25 13:53:31+00:00,0.115
2026-02-25 13:54:15+00:00,0.115
2026-02-25 13:55:16+00:00,0.105
2026-02-25 13:56:29+00:00,0.11
2026-02-25 13:57:17+00:00,0.11
2026-02-25 13:58:14+00:00,0.105
2026-02-25 13:59:15+00:00,0.105
2026-02-25 14:00:18+00:00,0.105
2026-02-25 14:01:16+00:00,0.105
2026-02-25 14:02:15+00:00,0.105
2026-02-25 14:03:16+00:00,0.105
2026-02-25 14:04:15+00:00,0.105
2026-02-25 14:05:15+00:00,0.105
2026-02-25 14:06:16+00:00,0.105
2026-02-25 14:07:15+00:00,0.105
2026-02-25 14:08:15+00:00,0.105
2026-02-25 14:09:17+00:00,0.105
2026-02-25 14:10:16+00:00,0.105
2026-02-25 14:11:15+00:00,0.105
2026-02-25 14:12:14+00:00,0.105
2026-02-25 14:13:15+00:00,0.105
2026-02-25 14:14:15+00:00,0.105
2026-02-25 14:15:16+00:00,0.105
2026-02-25 14:16:14+00:00,0.105
2026-02-25 14:17:17+00:00,0.105
2026-02-25 14:18:15+00:00,0.105
2026-02-25 14:19:27+00:00,0.105
2026-02-25 14:20:16+00:00,0.105
2026-02-25 14:21:15+00:00,0.105
2026-02-25 14:22:14+00:00,0.105
2026-02-25 14:23:16+00:00,0.105
2026-02-25 14:24:16+00:00,0.105
2026-02-25 14:25:17+00:00,0.105
2026-02-25 14:26:14+00:00,0.105
2026-02-25 14:27:15+00:00,0.105
2026-02-25 14:28:14+00:00,0.105
2026-02-25 14:29:16+00:00,0.105
2026-02-25 14:30:17+00:00,0.105
2026-02-25 14:31:15+00:00,0.105
2026-02-25 14:32:17+00:00,0.105
2026-02-25 14:33:16+00:00,0.105
2026-02-25 14:34:15+00:00,0.105
2026-02-25 14:35:16+00:00,0.105
2026-02-25 14:36:15+00:00,0.105
2026-02-25 14:37:16+00:00,0.105
2026-02-25 14:38:15+00:00,0.105
2026-02-25 14:39:16+00:00,0.105
2026-02-25 14:40:17+00:00,0.105
2026-02-25 14:41:16+00:00,0.105
2026-02-25 14:42:16+00:00,0.105
2026-02-25 14:43:14+00:00,0.105
2026-02-25 14:44:16+00:00,0.105
2026-02-25 14:45:17+00:00,0.105
2026-02-25 14:46:15+00:00,0.105
2026-02-25 14:47:16+00:00,0.105
2026-02-25 14:48:15+00:00,0.105
2026-02-25 14:49:16+00:00,0.105
2026-02-25 14:50:15+00:00,0.105
2026-02-25 14:51:14+00:00,0.105
2026-02-25 14:52:15+00:00,0.105
2026-02-25 14:53:14+00:00,0.105
2026-02-25 14:54:16+00:00,0.105
2026-02-25 14:55:16+00:00,0.105
2026-02-25 14:56:17+00:00,0.105
2026-02-25 14:57:15+00:00,0.105
2026-02-25 14:58:15+00:00,0.105
2026-02-25 14:59:16+00:00,0.105
2026-02-25 15:00:19+00:00,0.105
2026-02-25 15:01:16+00:00,0.105
2026-02-25 15:02:16+00:00,0.105
2026-02-25 15:03:16+00:00,0.105
2026-02-25 15:04:16+00:00,0.105
2026-02-25 15:05:17+00:00,0.105
2026-02-25 15:06:14+00:00,0.105
2026-02-25 15:07:14+00:00,0.105
2026-02-25 15:08:15+00:00,0.105
2026-02-25 15:09:16+00:00,0.105
2026-02-25 15:10:16+00:00,0.105
2026-02-25 15:11:16+00:00,0.105
2026-02-25 15:12:16+00:00,0.105
2026-02-25 15:13:17+00:00,0.11
2026-02-25 15:14:15+00:00,0.115
2026-02-25 15:17:32+00:00,0.115
2026-02-25 15:17:57+00:00,0.105
2026-02-25 15:18:23+00:00,0.105
2026-02-25 15:19:15+00:00,0.105
2026-02-25 15:20:16+00:00,0.105
2026-02-25 15:21:16+00:00,0.105
2026-02-25 15:22:16+00:00,0.105
2026-02-25 15:23:15+00:00,0.105
2026-02-25 15:24:15+00:00,0.105
2026-02-25 15:25:31+00:00,0.105
2026-02-25 15:26:15+00:00,0.105
2026-02-25 15:27:16+00:00,0.105
2026-02-25 15:28:18+00:00,0.105
2026-02-25 15:29:16+00:00,0.105
2026-02-25 15:30:18+00:00,0.105
2026-02-25 15:31:15+00:00,0.105
2026-02-25 15:32:16+00:00,0.105
2026-02-25 15:33:15+00:00,0.105
2026-02-25 15:34:15+00:00,0.105
2026-02-25 15:35:16+00:00,0.105
2026-02-25 15:36:30+00:00,0.105
2026-02-25 15:37:27+00:00,0.105
2026-02-25 15:38:16+00:00,0.105
2026-02-25 15:39:31+00:00,0.105
2026-02-25 15:40:16+00:00,0.105
2026-02-25 15:41:16+00:00,0.105
2026-02-25 15:42:15+00:00,0.105
2026-02-25 15:43:16+00:00,0.105
2026-02-25 15:44:15+00:00,0.105
2026-02-25 15:45:17+00:00,0.105
2026-02-25 15:46:16+00:00,0.105
2026-02-25 15:47:17+00:00,0.105
2026-02-25 15:48:15+00:00,0.105
2026-02-25 15:49:17+00:00,0.105
2026-02-25 15:50:16+00:00,0.105
2026-02-25 15:51:16+00:00,0.105
2026-02-25 15:52:15+00:00,0.105
2026-02-25 15:53:17+00:00,0.105
2026-02-25 15:54:15+00:00,0.105
2026-02-25 15:55:16+00:00,0.105
2026-02-25 15:56:15+00:00,0.105
2026-02-25 15:57:15+00:00,0.105
2026-02-25 15:58:14+00:00,0.105
2026-02-25 15:59:16+00:00,0.105
2026-02-25 16:00:16+00:00,0.105
2026-02-25 16:01:14+00:00,0.105
2026-02-25 16:02:16+00:00,0.105
2026-02-25 16:03:15+00:00,0.105
2026-02-25 16:04:15+00:00,0.105
2026-02-25 16:05:14+00:00,0.105
2026-02-25 16:06:17+00:00,0.105
2026-02-25 16:07:16+00:00,0.105
2026-02-25 16:08:16+00:00,0.105
2026-02-25 16:09:17+00:00,0.105
2026-02-25 16:10:16+00:00,0.105
2026-02-25 16:11:16+00:00,0.105
2026-02-25 16:12:17+00:00,0.105
2026-02-25 16:13:15+00:00,0.105
2026-02-25 16:14:16+00:00,0.105
2026-02-25 16:15:16+00:00,0.105
2026-02-25 16:16:15+00:00,0.105
2026-02-25 16:17:17+00:00,0.105
2026-02-25 16:18:15+00:00,0.105
2026-02-25 16:19:17+00:00,0.105
2026-02-25 16:20:14+00:00,0.105
2026-02-25 16:21:26+00:00,0.105
2026-02-25 16:22:16+00:00,0.105
2026-02-25 16:23:16+00:00,0.105
2026-02-25 16:24:16+00:00,0.105
2026-02-25 16:25:18+00:00,0.105
2026-02-25 16:26:15+00:00,0.105
2026-02-25 16:27:18+00:00,0.105
2026-02-25 16:28:15+00:00,0.105
2026-02-25 16:29:16+00:00,0.105
2026-02-25 16:30:17+00:00,0.105
2026-02-25 16:31:15+00:00,0.105
2026-02-25 16:32:16+00:00,0.105
2026-02-25 16:33:16+00:00,0.105
2026-02-25 16:34:16+00:00,0.105
2026-02-25 16:35:16+00:00,0.105
2026-02-25 16:36:16+00:00,0.105
2026-02-25 16:37:16+00:00,0.105
2026-02-25 16:38:16+00:00,0.105
2026-02-25 16:39:16+00:00,0.105
2026-02-25 16:40:16+00:00,0.105
2026-02-25 16:41:17+00:00,0.105
2026-02-25 16:42:17+00:00,0.105
2026-02-25 16:43:16+00:00,0.105
2026-02-25 16:44:17+00:00,0.105
2026-02-25 16:45:18+00:00,0.105
2026-02-25 16:46:17+00:00,0.105
2026-02-25 16:47:16+00:00,0.105
2026-02-25 16:48:16+00:00,0.105
2026-02-25 16:49:15+00:00,0.105
2026-02-25 16:50:15+00:00,0.105
2026-02-25 16:51:15+00:00,0.105
2026-02-25 16:52:16+00:00,0.105
2026-02-25 16:53:17+00:00,0.105
2026-02-25 16:54:17+00:00,0.105
2026-02-25 16:55:16+00:00,0.105
2026-02-25 16:56:16+00:00,0.105
2026-02-25 16:57:15+00:00,0.105
2026-02-25 16:58:15+00:00,0.105
2026-02-25 16:59:17+00:00,0.105
2026-02-25 17:00:16+00:00,0.105
2026-02-25 17:01:18+00:00,0.105
2026-02-25 17:02:16+00:00,0.105
2026-02-25 17:03:18+00:00,0.105
2026-02-25 17:04:16+00:00,0.105
2026-02-25 17:05:16+00:00,0.105
2026-02-25 17:06:16+00:00,0.105
2026-02-25 17:07:15+00:00,0.105
2026-02-25 17:08:16+00:00,0.105
2026-02-25 17:09:17+00:00,0.105
2026-02-25 17:10:16+00:00,0.105
2026-02-25 17:11:19+00:00,0.105
2026-02-25 17:12:15+00:00,0.105
2026-02-25 17:13:16+00:00,0.105
2026-02-25 17:14:15+00:00,0.105
2026-02-25 17:15:16+00:00,0.105
2026-02-25 17:16:16+00:00,0.105
2026-02-25 17:17:17+00:00,0.105
2026-02-25 17:18:17+00:00,0.105
2026-02-25 17:19:16+00:00,0.105
2026-02-25 17:20:16+00:00,0.105
2026-02-25 17:21:16+00:00,0.105
2026-02-25 17:22:16+00:00,0.105
2026-02-25 17:23:18+00:00,0.105
2026-02-25 17:24:17+00:00,0.105
2026-02-25 17:25:17+00:00,0.105
2026-02-25 17:26:17+00:00,0.105
2026-02-25 17:27:17+00:00,0.105
2026-02-25 17:28:17+00:00,0.105
2026-02-25 17:29:16+00:00,0.105
2026-02-25 17:30:18+00:00,0.105
2026-02-25 17:31:15+00:00,0.105
2026-02-25 17:32:17+00:00,0.105
2026-02-25 17:33:17+00:00,0.105
2026-02-25 17:34:16+00:00,0.105
2026-02-25 17:35:17+00:00,0.105
2026-02-25 17:36:16+00:00,0.105
2026-02-25 17:37:18+00:00,0.105
2026-02-25 17:38:16+00:00,0.105
2026-02-25 17:39:16+00:00,0.105
2026-02-25 17:40:17+00:00,0.105
2026-02-25 17:41:16+00:00,0.105
2026-02-25 17:42:16+00:00,0.105
2026-02-25 17:43:16+00:00,0.105
2026-02-25 17:44:17+00:00,0.105
2026-02-25 17:45:15+00:00,0.105
2026-02-25 17:46:16+00:00,0.105
2026-02-25 17:47:16+00:00,0.105
2026-02-25 17:48:17+00:00,0.105
2026-02-25 17:49:17+00:00,0.105
2026-02-25 17:50:17+00:00,0.105
2026-02-25 17:51:19+00:00,0.105
2026-02-25 17:52:16+00:00,0.105
2026-02-25 17:53:16+00:00,0.105
2026-02-25 17:54:17+00:00,0.105
2026-02-25 17:55:18+00:00,0.105
2026-02-25 17:56:15+00:00,0.105
2026-02-25 17:57:15+00:00,0.095
2026-02-25 17:58:16+00:00,0.095
2026-02-25 17:59:17+00:00,0.095
2026-02-25 18:00:18+00:00,0.095
2026-02-25 18:01:17+00:00,0.095
2026-02-25 18:02:16+00:00,0.095
2026-02-25 18:03:17+00:00,0.095
2026-02-25 18:04:17+00:00,0.095
2026-02-25 18:05:16+00:00,0.095
2026-02-25 18:06:17+00:00,0.095
2026-02-25 18:07:18+00:00,0.095
2026-02-25 18:08:18+00:00,0.095
2026-02-25 18:09:16+00:00,0.095
2026-02-25 18:10:15+00:00,0.095
2026-02-25 18:11:16+00:00,0.095
2026-02-25 18:12:15+00:00,0.095
2026-02-25 18:13:17+00:00,0.095
2026-02-25 18:14:17+00:00,0.095
2026-02-25 18:15:16+00:00,0.095
2026-02-25 18:16:17+00:00,0.095
2026-02-25 18:17:18+00:00,0.095
2026-02-25 18:18:16+00:00,0.095
2026-02-25 18:19:17+00:00,0.095
2026-02-25 18:20:17+00:00,0.095
2026-02-25 18:21:16+00:00,0.095
2026-02-25 18:22:16+00:00,0.095
2026-02-25 18:23:16+00:00,0.095
2026-02-25 18:24:16+00:00,0.095
2026-02-25 18:25:17+00:00,0.095
2026-02-25 18:27:54+00:00,0.095
2026-02-25 18:28:19+00:00,0.095
2026-02-25 18:29:15+00:00,0.095
2026-02-25 18:30:16+00:00,0.095
2026-02-25 18:31:15+00:00,0.095
2026-02-25 18:32:15+00:00,0.095
2026-02-25 18:33:16+00:00,0.095
2026-02-25 18:34:16+00:00,0.095
2026-02-25 18:35:15+00:00,0.095
2026-02-25 18:36:17+00:00,0.095
2026-02-25 18:37:15+00:00,0.095
2026-02-25 18:38:17+00:00,0.095
2026-02-25 18:39:16+00:00,0.095
2026-02-25 18:40:18+00:00,0.095
2026-02-25 18:41:16+00:00,0.095
2026-02-25 18:42:17+00:00,0.095
2026-02-25 18:43:16+00:00,0.095
2026-02-25 18:44:18+00:00,0.095
2026-02-25 18:45:16+00:00,0.095
2026-02-25 18:46:16+00:00,0.095
2026-02-25 18:47:16+00:00,0.095
2026-02-25 18:48:17+00:00,0.095
2026-02-25 18:49:15+00:00,0.095
2026-02-25 18:50:16+00:00,0.095
2026-02-25 18:51:16+00:00,0.095
2026-02-25 18:52:17+00:00,0.095
2026-02-25 18:53:17+00:00,0.1
2026-02-25 18:54:17+00:00,0.105
2026-02-25 18:55:18+00:00,0.105
2026-02-25 18:56:17+00:00,0.105
2026-02-25 18:57:17+00:00,0.105
2026-02-25 18:58:16+00:00,0.105
2026-02-25 18:59:16+00:00,0.105
2026-02-25 19:00:19+00:00,0.105
2026-02-25 19:01:18+00:00,0.105
2026-02-25 19:02:16+00:00,0.105
2026-02-25 19:03:18+00:00,0.105
2026-02-25 19:04:18+00:00,0.105
2026-02-25 19:05:19+00:00,0.105
2026-02-25 19:06:17+00:00,0.105
2026-02-25 19:07:17+00:00,0.105
2026-02-25 19:08:15+00:00,0.105
2026-02-25 19:09:18+00:00,0.105
2026-02-25 19:10:15+00:00,0.105
2026-02-25 19:11:15+00:00,0.105
2026-02-25 19:12:15+00:00,0.105
2026-02-25 19:13:16+00:00,0.105
2026-02-25 19:14:16+00:00,0.105
2026-02-25 19:15:15+00:00,0.105
2026-02-25 19:16:17+00:00,0.105
2026-02-25 19:17:15+00:00,0.105
2026-02-25 19:18:16+00:00,0.105
2026-02-25 19:19:27+00:00,0.105
2026-02-25 19:20:16+00:00,0.105
2026-02-25 19:21:16+00:00,0.105
2026-02-25 19:22:17+00:00,0.105
2026-02-25 19:23:17+00:00,0.105
2026-02-25 19:24:17+00:00,0.105
2026-02-25 19:25:17+00:00,0.105
2026-02-25 19:26:17+00:00,0.105
2026-02-25 19:27:15+00:00,0.105
2026-02-25 19:28:15+00:00,0.105
2026-02-25 19:29:16+00:00,0.105
2026-02-25 19:30:20+00:00,0.105
2026-02-25 19:31:40+00:00,0.105
2026-02-25 19:32:16+00:00,0.105
2026-02-25 19:33:16+00:00,0.105
2026-02-25 19:34:17+00:00,0.105
2026-02-25 19:35:16+00:00,0.105
2026-02-25 19:36:17+00:00,0.105
2026-02-25 19:37:17+00:00,0.105
2026-02-25 19:38:17+00:00,0.105
2026-02-25 19:39:17+00:00,0.105
2026-02-25 19:40:17+00:00,0.105
2026-02-25 19:41:16+00:00,0.105
2026-02-25 19:42:16+00:00,0.105
2026-02-25 19:43:16+00:00,0.105
2026-02-25 19:44:16+00:00,0.105
2026-02-25 19:45:17+00:00,0.105
2026-02-25 19:46:17+00:00,0.105
2026-02-25 19:47:16+00:00,0.105
2026-02-25 19:48:15+00:00,0.105
2026-02-25 19:49:16+00:00,0.105
2026-02-25 19:50:16+00:00,0.105
2026-02-25 19:51:19+00:00,0.105
2026-02-25 19:52:15+00:00,0.105
2026-02-25 19:53:15+00:00,0.105
2026-02-25 19:54:17+00:00,0.105
2026-02-25 19:55:16+00:00,0.105
2026-02-25 19:56:19+00:00,0.105
2026-02-25 19:57:16+00:00,0.105
2026-02-25 19:58:17+00:00,0.105
2026-02-25 19:59:18+00:00,0.105
2026-02-25 20:00:17+00:00,0.105
2026-02-25 20:01:17+00:00,0.105
2026-02-25 20:02:15+00:00,0.105
2026-02-25 20:03:17+00:00,0.105
2026-02-25 20:04:17+00:00,0.105
2026-02-25 20:05:16+00:00,0.105
2026-02-25 20:06:15+00:00,0.105
2026-02-25 20:07:16+00:00,0.105
2026-02-25 20:08:16+00:00,0.105
2026-02-25 20:09:18+00:00,0.105
2026-02-25 20:10:17+00:00,0.105
2026-02-25 20:11:15+00:00,0.105
2026-02-25 20:12:15+00:00,0.105
2026-02-25 20:13:17+00:00,0.105
2026-02-25 20:14:15+00:00,0.105
2026-02-25 20:15:18+00:00,0.105
2026-02-25 20:16:16+00:00,0.105
2026-02-25 20:17:16+00:00,0.105
2026-02-25 20:18:16+00:00,0.105
2026-02-25 20:19:16+00:00,0.105
2026-02-25 20:20:16+00:00,0.105
2026-02-25 20:21:17+00:00,0.105
2026-02-25 20:22:18+00:00,0.105
2026-02-25 20:23:28+00:00,0.105
2026-02-25 20:24:16+00:00,0.105
2026-02-25 20:25:17+00:00,0.105
2026-02-25 20:26:16+00:00,0.105
2026-02-25 20:27:16+00:00,0.105
2026-02-25 20:28:16+00:00,0.105
2026-02-25 20:29:18+00:00,0.105
2026-02-25 20:30:18+00:00,0.105
2026-02-25 20:31:17+00:00,0.105
2026-02-25 20:32:17+00:00,0.105
2026-02-25 20:33:15+00:00,0.105
2026-02-25 20:34:16+00:00,0.105
2026-02-25 20:35:17+00:00,0.105
2026-02-25 20:36:16+00:00,0.105
2026-02-25 20:37:16+00:00,0.105
2026-02-25 20:38:17+00:00,0.105
2026-02-25 20:39:16+00:00,0.105
2026-02-25 20:40:16+00:00,0.105
2026-02-25 20:41:17+00:00,0.105
2026-02-25 20:42:16+00:00,0.105
2026-02-25 20:43:15+00:00,0.105
2026-02-25 20:44:17+00:00,0.105
2026-02-25 20:45:18+00:00,0.105
2026-02-25 20:46:17+00:00,0.105
2026-02-25 20:47:15+00:00,0.105
2026-02-25 20:48:17+00:00,0.105
2026-02-25 20:49:18+00:00,0.105
2026-02-25 20:50:18+00:00,0.105
2026-02-25 20:51:17+00:00,0.105
2026-02-25 20:52:17+00:00,0.105
2026-02-25 20:53:17+00:00,0.105
2026-02-25 20:54:18+00:00,0.105
2026-02-25 20:55:18+00:00,0.105
2026-02-25 20:56:15+00:00,0.105
2026-02-25 20:57:18+00:00,0.105
2026-02-25 20:58:16+00:00,0.105
2026-02-25 20:59:17+00:00,0.105
2026-02-25 21:00:19+00:00,0.095
2026-02-25 21:01:16+00:00,0.095
2026-02-25 21:02:16+00:00,0.095
2026-02-25 21:03:17+00:00,0.095
2026-02-25 21:04:16+00:00,0.095
2026-02-25 21:05:17+00:00,0.095
2026-02-25 21:06:18+00:00,0.095
2026-02-25 21:07:17+00:00,0.095
2026-02-25 21:08:17+00:00,0.095
2026-02-25 21:09:16+00:00,0.095
2026-02-25 21:10:17+00:00,0.095
2026-02-25 21:11:17+00:00,0.095
2026-02-25 21:12:17+00:00,0.095
2026-02-25 21:13:18+00:00,0.095
2026-02-25 21:14:19+00:00,0.095
2026-02-25 21:15:18+00:00,0.095
2026-02-25 21:16:17+00:00,0.095
2026-02-25 21:17:17+00:00,0.095
2026-02-25 21:18:18+00:00,0.095
2026-02-25 21:19:17+00:00,0.095
2026-02-25 21:20:17+00:00,0.095
2026-02-25 21:21:16+00:00,0.095
2026-02-25 21:22:18+00:00,0.095
2026-02-25 21:23:16+00:00,0.095
2026-02-25 21:24:16+00:00,0.095
2026-02-25 21:25:17+00:00,0.095
2026-02-25 21:26:18+00:00,0.095
2026-02-25 21:27:19+00:00,0.095
2026-02-25 21:28:17+00:00,0.095
2026-02-25 21:29:15+00:00,0.095
2026-02-25 21:30:17+00:00,0.095
2026-02-25 21:31:16+00:00,0.095
2026-02-25 21:32:17+00:00,0.095
2026-02-25 21:33:17+00:00,0.095
2026-02-25 21:34:18+00:00,0.095
2026-02-25 21:35:17+00:00,0.095
2026-02-25 21:36:15+00:00,0.095
2026-02-25 21:37:16+00:00,0.095
2026-02-25 21:38:16+00:00,0.095
2026-02-25 21:39:17+00:00,0.095
2026-02-25 21:40:16+00:00,0.095
2026-02-25 21:41:18+00:00,0.095
2026-02-25 21:42:16+00:00,0.095
2026-02-25 21:43:18+00:00,0.095
2026-02-25 21:44:17+00:00,0.095
2026-02-25 21:45:16+00:00,0.105
2026-02-25 21:46:18+00:00,0.105
2026-02-25 21:47:16+00:00,0.1
2026-02-25 21:48:16+00:00,0.105
2026-02-25 21:49:16+00:00,0.095
2026-02-25 21:50:17+00:00,0.095
2026-02-25 21:51:17+00:00,0.095
2026-02-25 21:52:17+00:00,0.095
2026-02-25 21:53:17+00:00,0.095
2026-02-25 21:54:17+00:00,0.095
2026-02-25 21:55:18+00:00,0.095
2026-02-25 21:56:18+00:00,0.095
2026-02-25 21:57:17+00:00,0.095
2026-02-25 21:58:16+00:00,0.095
2026-02-25 21:59:17+00:00,0.095
2026-02-25 22:00:17+00:00,0.095
2026-02-25 22:01:17+00:00,0.095
2026-02-25 22:02:16+00:00,0.095
2026-02-25 22:03:18+00:00,0.095
2026-02-25 22:04:17+00:00,0.095
2026-02-25 22:05:16+00:00,0.095
2026-02-25 22:06:16+00:00,0.095
2026-02-25 22:09:31+00:00,0.095
2026-02-25 22:10:34+00:00,0.095
2026-02-25 22:11:17+00:00,0.095
2026-02-25 22:12:15+00:00,0.095
2026-02-25 22:13:17+00:00,0.095
2026-02-25 22:14:17+00:00,0.095
2026-02-25 22:15:17+00:00,0.095
2026-02-25 22:16:17+00:00,0.095
2026-02-25 22:17:16+00:00,0.095
2026-02-25 22:18:17+00:00,0.095
2026-02-25 22:19:17+00:00,0.095
2026-02-25 22:20:18+00:00,0.095
2026-02-25 22:21:16+00:00,0.095
2026-02-25 22:22:15+00:00,0.095
2026-02-25 22:23:17+00:00,0.095
2026-02-25 22:24:17+00:00,0.095
2026-02-25 22:25:15+00:00,0.095
2026-02-25 22:26:16+00:00,0.095
2026-02-25 22:27:17+00:00,0.095
2026-02-25 22:28:16+00:00,0.095
2026-02-25 22:29:17+00:00,0.095
2026-02-25 22:30:18+00:00,0.095
2026-02-25 22:31:18+00:00,0.095
2026-02-25 22:32:16+00:00,0.095
2026-02-25 22:33:17+00:00,0.095
2026-02-25 22:34:17+00:00,0.095
2026-02-25 22:35:19+00:00,0.095
2026-02-25 22:36:23+00:00,0.095
2026-02-25 22:37:18+00:00,0.095
2026-02-25 22:38:15+00:00,0.095
2026-02-25 22:39:17+00:00,0.095
2026-02-25 22:40:16+00:00,0.095
2026-02-25 22:41:15+00:00,0.095
2026-02-25 22:42:17+00:00,0.095
2026-02-25 22:43:16+00:00,0.095
2026-02-25 22:44:16+00:00,0.095
2026-02-25 22:45:15+00:00,0.095
2026-02-25 22:46:16+00:00,0.095
2026-02-25 22:47:17+00:00,0.095
2026-02-25 22:48:17+00:00,0.095
2026-02-25 22:49:17+00:00,0.095
2026-02-25 22:50:18+00:00,0.095
2026-02-25 22:51:16+00:00,0.095
2026-02-25 22:52:16+00:00,0.095
2026-02-25 22:53:16+00:00,0.095
2026-02-25 22:54:17+00:00,0.095
2026-02-25 22:55:16+00:00,0.095
2026-02-25 22:56:16+00:00,0.095
2026-02-25 22:57:16+00:00,0.095
2026-02-25 22:58:17+00:00,0.095
2026-02-25 22:59:17+00:00,0.095
2026-02-25 23:00:18+00:00,0.095
2026-02-25 23:01:19+00:00,0.095
2026-02-25 23:02:18+00:00,0.095
2026-02-25 23:03:18+00:00,0.095
2026-02-25 23:04:18+00:00,0.095
2026-02-25 23:05:20+00:00,0.095
2026-02-25 23:06:25+00:00,0.095
2026-02-25 23:07:17+00:00,0.095
2026-02-25 23:08:16+00:00,0.095
2026-02-25 23:09:17+00:00,0.095
2026-02-25 23:10:17+00:00,0.095
2026-02-25 23:11:16+00:00,0.095
2026-02-25 23:12:18+00:00,0.095
2026-02-25 23:13:16+00:00,0.095
2026-02-25 23:14:17+00:00,0.095
2026-02-25 23:15:17+00:00,0.095
2026-02-25 23:16:17+00:00,0.095
2026-02-25 23:17:18+00:00,0.095
2026-02-25 23:18:19+00:00,0.095
2026-02-25 23:19:17+00:00,0.095
2026-02-25 23:20:18+00:00,0.095
2026-02-25 23:21:17+00:00,0.095
2026-02-25 23:22:17+00:00,0.095
2026-02-25 23:23:17+00:00,0.095
2026-02-25 23:24:17+00:00,0.095
2026-02-25 23:25:17+00:00,0.095
2026-02-25 23:26:18+00:00,0.095
2026-02-25 23:27:17+00:00,0.095
2026-02-25 23:28:17+00:00,0.095
2026-02-25 23:29:17+00:00,0.095
2026-02-25 23:30:18+00:00,0.095
2026-02-25 23:31:18+00:00,0.095
2026-02-25 23:32:21+00:00,0.095
2026-02-25 23:33:17+00:00,0.095
2026-02-25 23:34:17+00:00,0.095
2026-02-25 23:35:17+00:00,0.095
2026-02-25 23:36:16+00:00,0.095
2026-02-25 23:37:17+00:00,0.095
2026-02-25 23:38:18+00:00,0.095
2026-02-25 23:39:18+00:00,0.095
2026-02-25 23:40:18+00:00,0.095
2026-02-25 23:41:17+00:00,0.095
2026-02-25 23:42:16+00:00,0.095
2026-02-25 23:43:17+00:00,0.095
2026-02-25 23:44:16+00:00,0.095
2026-02-25 23:45:17+00:00,0.095
2026-02-25 23:46:18+00:00,0.095
2026-02-25 23:47:18+00:00,0.095
2026-02-25 23:48:16+00:00,0.095
2026-02-25 23:49:17+00:00,0.095
2026-02-25 23:50:18+00:00,0.1
2026-02-25 23:51:18+00:00,0.095
2026-02-25 23:52:15+00:00,0.095
2026-02-25 23:53:17+00:00,0.1
2026-02-25 23:54:17+00:00,0.1
2026-02-25 23:55:18+00:00,0.1
2026-02-25 23:56:17+00:00,0.1
2026-02-25 23:57:17+00:00,0.1
2026-02-25 23:58:18+00:00,0.1
2026-02-25 23:59:17+00:00,0.1
2026-02-26 00:00:18+00:00,0.095
2026-02-26 00:01:17+00:00,0.095
2026-02-26 00:02:17+00:00,0.095
2026-02-26 00:03:16+00:00,0.095
2026-02-26 00:04:17+00:00,0.095
2026-02-26 00:05:18+00:00,0.095
2026-02-26 00:06:19+00:00,0.095
2026-02-26 00:07:17+00:00,0.095
2026-02-26 00:08:17+00:00,0.095
2026-02-26 00:09:16+00:00,0.095
2026-02-26 00:10:17+00:00,0.095
2026-02-26 00:11:16+00:00,0.095
2026-02-26 00:12:18+00:00,0.095
2026-02-26 00:13:16+00:00,0.095
2026-02-26 00:14:18+00:00,0.095
2026-02-26 00:15:17+00:00,0.095
2026-02-26 00:16:16+00:00,0.095
2026-02-26 00:17:17+00:00,0.095
2026-02-26 00:18:19+00:00,0.095
2026-02-26 00:19:17+00:00,0.095
2026-02-26 00:20:18+00:00,0.095
2026-02-26 00:21:17+00:00,0.095
2026-02-26 00:22:16+00:00,0.095
2026-02-26 00:27:36+00:00,0.095
2026-02-26 00:28:16+00:00,0.095
2026-02-26 00:29:18+00:00,0.095
2026-02-26 00:30:16+00:00,0.095
2026-02-26 00:31:17+00:00,0.095
2026-02-26 00:32:19+00:00,0.095
2026-02-26 00:33:17+00:00,0.095
2026-02-26 00:34:17+00:00,0.095
2026-02-26 00:35:18+00:00,0.095
2026-02-26 00:36:17+00:00,0.095
2026-02-26 00:37:16+00:00,0.095
2026-02-26 00:38:17+00:00,0.095
2026-02-26 00:39:16+00:00,0.095
2026-02-26 00:40:18+00:00,0.095
2026-02-26 00:41:17+00:00,0.095
2026-02-26 00:42:19+00:00,0.095
2026-02-26 00:43:18+00:00,0.095
2026-02-26 00:44:18+00:00,0.095
2026-02-26 00:45:17+00:00,0.095
2026-02-26 00:46:18+00:00,0.095
2026-02-26 00:47:16+00:00,0.095
2026-02-26 00:48:16+00:00,0.095
2026-02-26 00:49:16+00:00,0.095
2026-02-26 00:50:18+00:00,0.095
2026-02-26 00:51:17+00:00,0.095
2026-02-26 00:52:16+00:00,0.095
2026-02-26 00:53:18+00:00,0.095
2026-02-26 00:54:19+00:00,0.095
2026-02-26 00:55:16+00:00,0.095
2026-02-26 00:56:18+00:00,0.095
2026-02-26 00:57:15+00:00,0.095
2026-02-26 00:58:16+00:00,0.095
2026-02-26 00:59:16+00:00,0.095
2026-02-26 01:00:17+00:00,0.095
2026-02-26 01:01:16+00:00,0.095
2026-02-26 01:02:18+00:00,0.095
2026-02-26 01:03:17+00:00,0.095
2026-02-26 01:04:19+00:00,0.095
2026-02-26 01:05:18+00:00,0.095
2026-02-26 01:06:18+00:00,0.095
2026-02-26 01:07:17+00:00,0.095
2026-02-26 01:08:19+00:00,0.095
2026-02-26 01:09:19+00:00,0.095
2026-02-26 01:10:17+00:00,0.095
2026-02-26 01:11:18+00:00,0.095
2026-02-26 01:12:19+00:00,0.095
2026-02-26 01:13:18+00:00,0.095
2026-02-26 01:14:19+00:00,0.095
2026-02-26 01:15:18+00:00,0.095
2026-02-26 01:16:17+00:00,0.095
2026-02-26 01:17:17+00:00,0.095
2026-02-26 01:18:19+00:00,0.095
2026-02-26 01:19:18+00:00,0.095
2026-02-26 01:20:18+00:00,0.095
2026-02-26 01:21:17+00:00,0.095
2026-02-26 01:22:30+00:00,0.095
2026-02-26 01:23:18+00:00,0.095
2026-02-26 01:24:17+00:00,0.095
2026-02-26 01:25:17+00:00,0.095
2026-02-26 01:26:16+00:00,0.095
2026-02-26 01:27:17+00:00,0.095
2026-02-26 01:28:17+00:00,0.095
2026-02-26 01:29:16+00:00,0.095
2026-02-26 01:30:17+00:00,0.095
2026-02-26 01:31:18+00:00,0.095
2026-02-26 01:32:17+00:00,0.095
2026-02-26 01:33:17+00:00,0.095
2026-02-26 01:34:17+00:00,0.095
2026-02-26 01:35:18+00:00,0.095
2026-02-26 01:36:18+00:00,0.095
2026-02-26 01:37:19+00:00,0.095
2026-02-26 01:38:19+00:00,0.095
2026-02-26 01:39:18+00:00,0.095
2026-02-26 01:40:18+00:00,0.095
2026-02-26 01:41:30+00:00,0.095
2026-02-26 01:42:17+00:00,0.095
2026-02-26 01:43:16+00:00,0.095
2026-02-26 01:44:17+00:00,0.095
2026-02-26 01:45:18+00:00,0.095
2026-02-26 01:46:17+00:00,0.095
2026-02-26 01:47:17+00:00,0.095
2026-02-26 01:48:16+00:00,0.095
2026-02-26 01:49:18+00:00,0.095
2026-02-26 01:50:17+00:00,0.095
2026-02-26 01:51:17+00:00,0.095
2026-02-26 01:52:16+00:00,0.095
2026-02-26 01:53:16+00:00,0.095
2026-02-26 01:54:17+00:00,0.095
2026-02-26 01:55:17+00:00,0.095
2026-02-26 01:56:18+00:00,0.095
2026-02-26 01:57:16+00:00,0.095
2026-02-26 01:58:17+00:00,0.095
2026-02-26 01:59:16+00:00,0.095
2026-02-26 02:00:18+00:00,0.095
2026-02-26 02:01:17+00:00,0.095
2026-02-26 02:02:18+00:00,0.095
2026-02-26 02:03:16+00:00,0.095
2026-02-26 02:04:18+00:00,0.095
2026-02-26 02:05:19+00:00,0.095
2026-02-26 02:06:17+00:00,0.095
2026-02-26 02:07:18+00:00,0.095
2026-02-26 02:08:19+00:00,0.095
2026-02-26 02:09:19+00:00,0.095
2026-02-26 02:10:17+00:00,0.095
2026-02-26 02:11:17+00:00,0.095
2026-02-26 02:12:18+00:00,0.095
2026-02-26 02:13:16+00:00,0.095
2026-02-26 02:14:17+00:00,0.095
2026-02-26 02:15:18+00:00,0.095
2026-02-26 02:16:18+00:00,0.095
2026-02-26 02:17:18+00:00,0.095
2026-02-26 02:18:18+00:00,0.09
2026-02-26 02:19:18+00:00,0.085
2026-02-26 02:20:16+00:00,0.085
2026-02-26 02:21:18+00:00,0.085
2026-02-26 02:22:18+00:00,0.085
2026-02-26 02:23:17+00:00,0.085
2026-02-26 02:24:19+00:00,0.085
2026-02-26 02:25:17+00:00,0.085
2026-02-26 02:26:17+00:00,0.085
2026-02-26 02:27:18+00:00,0.09
2026-02-26 02:28:17+00:00,0.085
2026-02-26 02:29:19+00:00,0.085
2026-02-26 02:30:18+00:00,0.085
2026-02-26 02:31:15+00:00,0.085
2026-02-26 02:32:18+00:00,0.085
2026-02-26 02:33:17+00:00,0.085
2026-02-26 02:34:17+00:00,0.085
2026-02-26 02:35:17+00:00,0.085
2026-02-26 02:36:16+00:00,0.085
2026-02-26 02:37:18+00:00,0.085
2026-02-26 02:38:17+00:00,0.085
2026-02-26 02:39:18+00:00,0.085
2026-02-26 02:40:17+00:00,0.085
2026-02-26 02:41:17+00:00,0.085
2026-02-26 02:42:17+00:00,0.085
2026-02-26 02:43:16+00:00,0.085
2026-02-26 02:44:18+00:00,0.085
2026-02-26 02:45:18+00:00,0.085
2026-02-26 02:46:17+00:00,0.085
2026-02-26 02:47:17+00:00,0.085
2026-02-26 02:48:16+00:00,0.085
2026-02-26 02:49:18+00:00,0.085
2026-02-26 02:50:16+00:00,0.085
2026-02-26 02:51:17+00:00,0.085
2026-02-26 02:52:18+00:00,0.085
2026-02-26 02:53:17+00:00,0.085
2026-02-26 02:54:18+00:00,0.085
2026-02-26 02:55:17+00:00,0.085
2026-02-26 02:56:17+00:00,0.085
2026-02-26 02:57:16+00:00,0.085
2026-02-26 02:58:17+00:00,0.085
2026-02-26 02:59:16+00:00,0.085
2026-02-26 03:00:21+00:00,0.085
2026-02-26 03:01:24+00:00,0.085
2026-02-26 03:02:28+00:00,0.085
2026-02-26 03:03:16+00:00,0.085
2026-02-26 03:04:19+00:00,0.085
2026-02-26 03:05:18+00:00,0.085
2026-02-26 03:06:17+00:00,0.085
2026-02-26 03:07:17+00:00,0.085
2026-02-26 03:08:15+00:00,0.085
2026-02-26 03:09:16+00:00,0.085
2026-02-26 03:10:18+00:00,0.085
2026-02-26 03:11:18+00:00,0.085
2026-02-26 03:12:17+00:00,0.085
2026-02-26 03:13:18+00:00,0.085
2026-02-26 03:14:18+00:00,0.085
2026-02-26 03:15:17+00:00,0.085
2026-02-26 03:16:15+00:00,0.085
2026-02-26 03:17:17+00:00,0.085
2026-02-26 03:18:17+00:00,0.085
2026-02-26 03:19:17+00:00,0.085
2026-02-26 03:20:17+00:00,0.085
2026-02-26 03:21:16+00:00,0.085
2026-02-26 03:22:15+00:00,0.085
2026-02-26 03:23:16+00:00,0.085
2026-02-26 03:24:18+00:00,0.085
2026-02-26 03:25:17+00:00,0.085
2026-02-26 03:26:17+00:00,0.085
2026-02-26 03:27:17+00:00,0.085
2026-02-26 03:28:16+00:00,0.085
2026-02-26 03:29:17+00:00,0.085
2026-02-26 03:30:18+00:00,0.085
2026-02-26 03:31:21+00:00,0.085
2026-02-26 03:32:16+00:00,0.085
2026-02-26 03:33:19+00:00,0.085
2026-02-26 03:34:17+00:00,0.085
2026-02-26 03:35:17+00:00,0.085
2026-02-26 03:36:17+00:00,0.085
2026-02-26 03:37:16+00:00,0.085
2026-02-26 03:38:18+00:00,0.085
2026-02-26 03:39:17+00:00,0.085
2026-02-26 03:40:17+00:00,0.085
2026-02-26 03:41:15+00:00,0.085
2026-02-26 03:44:26+00:00,0.085
2026-02-26 03:44:51+00:00,0.085
2026-02-26 03:45:17+00:00,0.085
2026-02-26 03:46:14+00:00,0.085
2026-02-26 03:47:29+00:00,0.085
2026-02-26 03:48:15+00:00,0.085
2026-02-26 03:49:17+00:00,0.085
2026-02-26 03:50:30+00:00,0.085
2026-02-26 03:51:16+00:00,0.085
2026-02-26 03:52:16+00:00,0.085
2026-02-26 03:53:17+00:00,0.085
2026-02-26 03:54:17+00:00,0.085
2026-02-26 03:55:16+00:00,0.085
2026-02-26 03:56:17+00:00,0.085
2026-02-26 03:57:15+00:00,0.085
2026-02-26 03:58:16+00:00,0.085
2026-02-26 03:59:19+00:00,0.085
2026-02-26 04:00:28+00:00,0.085
2026-02-26 04:01:16+00:00,0.085
2026-02-26 04:02:17+00:00,0.085
2026-02-26 04:03:16+00:00,0.085
2026-02-26 04:04:16+00:00,0.085
2026-02-26 04:05:16+00:00,0.095
2026-02-26 04:06:17+00:00,0.095
2026-02-26 04:07:16+00:00,0.095
2026-02-26 04:08:16+00:00,0.095
2026-02-26 04:09:16+00:00,0.095
2026-02-26 04:10:15+00:00,0.095
2026-02-26 04:11:16+00:00,0.095
2026-02-26 04:12:16+00:00,0.095
2026-02-26 04:13:16+00:00,0.095
2026-02-26 04:14:17+00:00,0.095
2026-02-26 04:15:16+00:00,0.095
2026-02-26 04:16:16+00:00,0.095
2026-02-26 04:17:16+00:00,0.095
2026-02-26 04:18:17+00:00,0.095
2026-02-26 04:19:17+00:00,0.095
2026-02-26 04:20:18+00:00,0.095
2026-02-26 04:21:17+00:00,0.095
2026-02-26 04:22:16+00:00,0.095
2026-02-26 04:23:15+00:00,0.095
2026-02-26 04:24:16+00:00,0.095
2026-02-26 04:25:21+00:00,0.095
2026-02-26 04:26:22+00:00,0.095
2026-02-26 04:27:17+00:00,0.095
2026-02-26 04:28:17+00:00,0.095
2026-02-26 04:29:17+00:00,0.095
2026-02-26 04:30:17+00:00,0.095
2026-02-26 04:31:18+00:00,0.095
2026-02-26 04:32:17+00:00,0.095
2026-02-26 04:33:15+00:00,0.095
2026-02-26 04:34:16+00:00,0.085
2026-02-26 04:35:16+00:00,0.085
2026-02-26 04:36:17+00:00,0.085
2026-02-26 04:37:17+00:00,0.095
2026-02-26 04:38:17+00:00,0.095
2026-02-26 04:39:18+00:00,0.095
2026-02-26 04:40:17+00:00,0.095
2026-02-26 04:41:17+00:00,0.095
2026-02-26 04:42:17+00:00,0.095
2026-02-26 04:43:16+00:00,0.095
2026-02-26 04:44:16+00:00,0.095
2026-02-26 04:45:15+00:00,0.095
2026-02-26 04:46:16+00:00,0.095
2026-02-26 04:47:17+00:00,0.095
2026-02-26 04:48:16+00:00,0.085
2026-02-26 04:49:17+00:00,0.085
2026-02-26 04:50:18+00:00,0.085
2026-02-26 04:51:16+00:00,0.085
2026-02-26 04:52:17+00:00,0.085
2026-02-26 04:53:17+00:00,0.085
2026-02-26 04:54:16+00:00,0.085
2026-02-26 04:55:17+00:00,0.085
2026-02-26 04:56:17+00:00,0.085
2026-02-26 04:57:17+00:00,0.085
2026-02-26 04:58:17+00:00,0.085
2026-02-26 04:59:16+00:00,0.085
2026-02-26 05:00:16+00:00,0.085
2026-02-26 05:01:16+00:00,0.085
2026-02-26 05:02:16+00:00,0.085
2026-02-26 05:03:16+00:00,0.085
2026-02-26 05:04:17+00:00,0.085
2026-02-26 05:05:17+00:00,0.085
2026-02-26 05:06:16+00:00,0.085
2026-02-26 05:07:17+00:00,0.085
2026-02-26 05:08:17+00:00,0.085
2026-02-26 05:09:17+00:00,0.085
2026-02-26 05:10:18+00:00,0.085
2026-02-26 05:11:17+00:00,0.085
2026-02-26 05:12:18+00:00,0.085
2026-02-26 05:13:17+00:00,0.085
2026-02-26 05:14:16+00:00,0.085
2026-02-26 05:15:18+00:00,0.085
2026-02-26 05:16:16+00:00,0.085
2026-02-26 05:17:18+00:00,0.085
2026-02-26 05:18:17+00:00,0.085
2026-02-26 05:19:18+00:00,0.085
2026-02-26 05:20:16+00:00,0.085
2026-02-26 05:21:16+00:00,0.085
2026-02-26 05:22:16+00:00,0.085
2026-02-26 05:23:16+00:00,0.085
2026-02-26 05:24:18+00:00,0.085
2026-02-26 05:25:16+00:00,0.085
2026-02-26 05:26:16+00:00,0.085
2026-02-26 05:27:17+00:00,0.085
2026-02-26 05:28:16+00:00,0.085
2026-02-26 05:29:16+00:00,0.085
2026-02-26 05:30:17+00:00,0.085
2026-02-26 05:31:17+00:00,0.085
2026-02-26 05:32:17+00:00,0.085
2026-02-26 05:33:16+00:00,0.085
2026-02-26 05:34:16+00:00,0.085
2026-02-26 05:35:15+00:00,0.085
2026-02-26 05:36:18+00:00,0.085
2026-02-26 05:37:17+00:00,0.085
2026-02-26 05:38:17+00:00,0.085
2026-02-26 05:39:17+00:00,0.085
2026-02-26 05:40:17+00:00,0.085
2026-02-26 05:41:15+00:00,0.085
2026-02-26 05:42:17+00:00,0.085
2026-02-26 05:43:17+00:00,0.085
2026-02-26 05:44:15+00:00,0.085
2026-02-26 05:45:16+00:00,0.085
2026-02-26 05:46:16+00:00,0.085
2026-02-26 05:47:16+00:00,0.085
2026-02-26 05:48:17+00:00,0.085
2026-02-26 05:49:16+00:00,0.085
2026-02-26 05:50:16+00:00,0.085
2026-02-26 05:51:15+00:00,0.085
2026-02-26 05:52:15+00:00,0.085
2026-02-26 05:53:15+00:00,0.085
2026-02-26 05:54:16+00:00,0.085
2026-02-26 05:55:16+00:00,0.085
2026-02-26 05:56:15+00:00,0.085
2026-02-26 05:57:16+00:00,0.085
2026-02-26 05:58:15+00:00,0.085
2026-02-26 05:59:16+00:00,0.085
2026-02-26 06:00:18+00:00,0.085
2026-02-26 06:01:16+00:00,0.085
2026-02-26 06:02:15+00:00,0.085
2026-02-26 06:03:15+00:00,0.085
2026-02-26 06:04:15+00:00,0.085
2026-02-26 06:05:17+00:00,0.085
2026-02-26 06:06:16+00:00,0.085
2026-02-26 06:07:16+00:00,0.085
2026-02-26 06:08:16+00:00,0.085
2026-02-26 06:09:17+00:00,0.085
2026-02-26 06:10:17+00:00,0.085
2026-02-26 06:11:16+00:00,0.085
2026-02-26 06:12:16+00:00,0.085
2026-02-26 06:13:16+00:00,0.085
2026-02-26 06:14:17+00:00,0.085
2026-02-26 06:15:15+00:00,0.085
2026-02-26 06:16:16+00:00,0.085
2026-02-26 06:17:16+00:00,0.085
2026-02-26 06:18:17+00:00,0.085
2026-02-26 06:19:15+00:00,0.085
2026-02-26 06:20:16+00:00,0.085
2026-02-26 06:21:16+00:00,0.085
2026-02-26 06:22:16+00:00,0.085
2026-02-26 06:23:16+00:00,0.085
2026-02-26 06:24:17+00:00,0.085
2026-02-26 06:25:16+00:00,0.085
2026-02-26 06:26:16+00:00,0.085
2026-02-26 06:27:16+00:00,0.085
2026-02-26 06:28:16+00:00,0.085
2026-02-26 06:29:17+00:00,0.085
2026-02-26 06:30:18+00:00,0.085
2026-02-26 06:31:17+00:00,0.085
2026-02-26 06:32:19+00:00,0.085
2026-02-26 06:33:16+00:00,0.085
2026-02-26 06:34:18+00:00,0.085
2026-02-26 06:35:20+00:00,0.085
2026-02-26 06:36:21+00:00,0.085
2026-02-26 06:37:18+00:00,0.085
2026-02-26 06:38:17+00:00,0.085
2026-02-26 06:39:15+00:00,0.085
2026-02-26 06:40:16+00:00,0.085
2026-02-26 06:41:17+00:00,0.085
2026-02-26 06:42:16+00:00,0.085
2026-02-26 06:43:16+00:00,0.085
2026-02-26 06:44:16+00:00,0.085
2026-02-26 06:45:16+00:00,0.085
2026-02-26 06:46:15+00:00,0.085
2026-02-26 06:47:18+00:00,0.085
2026-02-26 06:48:16+00:00,0.085
2026-02-26 06:49:16+00:00,0.085
2026-02-26 06:50:16+00:00,0.085
2026-02-26 06:51:14+00:00,0.085
2026-02-26 06:52:15+00:00,0.085
2026-02-26 06:53:16+00:00,0.085
2026-02-26 06:54:17+00:00,0.085
2026-02-26 06:55:16+00:00,0.085
2026-02-26 06:56:31+00:00,0.085
2026-02-26 06:57:29+00:00,0.085
2026-02-26 06:58:16+00:00,0.085
2026-02-26 06:59:16+00:00,0.085
2026-02-26 07:00:17+00:00,0.085
2026-02-26 07:01:16+00:00,0.085
2026-02-26 07:02:16+00:00,0.085
2026-02-26 07:03:17+00:00,0.085
2026-02-26 07:04:16+00:00,0.085
2026-02-26 07:05:17+00:00,0.085
2026-02-26 07:06:16+00:00,0.085
2026-02-26 07:07:15+00:00,0.085
2026-02-26 07:08:16+00:00,0.085
2026-02-26 07:09:16+00:00,0.085
2026-02-26 07:10:18+00:00,0.085
2026-02-26 07:11:15+00:00,0.085
2026-02-26 07:12:16+00:00,0.085
2026-02-26 07:13:16+00:00,0.085
2026-02-26 07:14:16+00:00,0.085
2026-02-26 07:15:16+00:00,0.085
2026-02-26 07:16:17+00:00,0.085
2026-02-26 07:17:17+00:00,0.085
2026-02-26 07:18:17+00:00,0.085
2026-02-26 07:19:17+00:00,0.085
2026-02-26 07:20:16+00:00,0.085
2026-02-26 07:21:18+00:00,0.085
2026-02-26 07:22:29+00:00,0.085
2026-02-26 07:23:21+00:00,0.085
2026-02-26 07:24:17+00:00,0.085
2026-02-26 07:25:16+00:00,0.085
2026-02-26 07:26:15+00:00,0.085
2026-02-26 07:27:16+00:00,0.085
2026-02-26 07:28:17+00:00,0.085
2026-02-26 07:29:18+00:00,0.085
2026-02-26 07:30:16+00:00,0.085
2026-02-26 07:31:15+00:00,0.085
2026-02-26 07:32:15+00:00,0.085
2026-02-26 07:33:19+00:00,0.085
2026-02-26 07:34:17+00:00,0.085
2026-02-26 07:35:16+00:00,0.085
2026-02-26 07:36:15+00:00,0.085
2026-02-26 07:37:16+00:00,0.085
2026-02-26 07:38:16+00:00,0.085
2026-02-26 07:39:16+00:00,0.085
2026-02-26 07:40:17+00:00,0.085
2026-02-26 07:41:17+00:00,0.085
2026-02-26 07:42:18+00:00,0.085
2026-02-26 07:43:17+00:00,0.085
2026-02-26 07:44:16+00:00,0.085
2026-02-26 07:45:18+00:00,0.085
2026-02-26 07:46:16+00:00,0.085
2026-02-26 07:47:15+00:00,0.085
2026-02-26 07:48:16+00:00,0.085
2026-02-26 07:49:17+00:00,0.085
2026-02-26 07:50:16+00:00,0.085
2026-02-26 07:51:16+00:00,0.085
2026-02-26 07:52:16+00:00,0.085
2026-02-26 07:53:15+00:00,0.085
2026-02-26 07:56:21+00:00,0.085
2026-02-26 07:56:46+00:00,0.085
2026-02-26 07:57:15+00:00,0.085
2026-02-26 07:58:15+00:00,0.085
2026-02-26 07:59:16+00:00,0.085
2026-02-26 08:00:18+00:00,0.085
2026-02-26 08:01:16+00:00,0.085
2026-02-26 08:02:18+00:00,0.085
2026-02-26 08:03:16+00:00,0.085
2026-02-26 08:04:17+00:00,0.085
2026-02-26 08:05:17+00:00,0.085
2026-02-26 08:06:17+00:00,0.085
2026-02-26 08:07:16+00:00,0.085
2026-02-26 08:08:15+00:00,0.085
2026-02-26 08:09:15+00:00,0.085
2026-02-26 08:10:17+00:00,0.085
2026-02-26 08:11:17+00:00,0.095
2026-02-26 08:12:15+00:00,0.095
2026-02-26 08:13:15+00:00,0.09
2026-02-26 08:14:16+00:00,0.095
2026-02-26 08:15:16+00:00,0.095
2026-02-26 08:16:16+00:00,0.085
2026-02-26 08:17:16+00:00,0.085
2026-02-26 08:18:17+00:00,0.085
2026-02-26 08:19:17+00:00,0.085
2026-02-26 08:20:17+00:00,0.09
2026-02-26 08:21:16+00:00,0.09
2026-02-26 08:22:17+00:00,0.09
2026-02-26 08:23:16+00:00,0.09
2026-02-26 08:24:17+00:00,0.095
2026-02-26 08:25:19+00:00,0.095
2026-02-26 08:26:19+00:00,0.095
2026-02-26 08:27:17+00:00,0.085
2026-02-26 08:28:17+00:00,0.085
2026-02-26 08:29:15+00:00,0.085
2026-02-26 08:30:16+00:00,0.085
2026-02-26 08:31:17+00:00,0.085
2026-02-26 08:32:17+00:00,0.085
2026-02-26 08:33:16+00:00,0.085
2026-02-26 08:34:18+00:00,0.095
2026-02-26 08:35:17+00:00,0.085
2026-02-26 08:36:15+00:00,0.085
2026-02-26 08:39:45+00:00,0.085
2026-02-26 08:40:10+00:00,0.085
2026-02-26 08:40:37+00:00,0.085
2026-02-26 08:41:15+00:00,0.085
2026-02-26 08:42:15+00:00,0.085
2026-02-26 08:43:16+00:00,0.085
2026-02-26 08:44:16+00:00,0.085
2026-02-26 08:45:16+00:00,0.085
2026-02-26 08:46:17+00:00,0.085
2026-02-26 08:47:16+00:00,0.085
2026-02-26 08:48:15+00:00,0.085
2026-02-26 08:49:15+00:00,0.085
2026-02-26 08:50:16+00:00,0.085
2026-02-26 08:51:18+00:00,0.085
2026-02-26 08:52:17+00:00,0.085
2026-02-26 08:53:17+00:00,0.085
2026-02-26 08:54:15+00:00,0.085
2026-02-26 08:55:16+00:00,0.085
2026-02-26 08:56:16+00:00,0.085
2026-02-26 08:57:17+00:00,0.085
2026-02-26 08:58:17+00:00,0.085
2026-02-26 08:59:17+00:00,0.085
2026-02-26 09:00:19+00:00,0.085
2026-02-26 09:01:17+00:00,0.085
2026-02-26 09:02:16+00:00,0.085
2026-02-26 09:03:17+00:00,0.085
2026-02-26 09:04:17+00:00,0.085
2026-02-26 09:05:17+00:00,0.085
2026-02-26 09:06:16+00:00,0.085
2026-02-26 09:07:15+00:00,0.085
2026-02-26 09:08:16+00:00,0.085
2026-02-26 09:10:49+00:00,0.085
2026-02-26 09:11:16+00:00,0.085
2026-02-26 09:12:16+00:00,0.085
2026-02-26 09:13:15+00:00,0.085
2026-02-26 09:14:16+00:00,0.085
2026-02-26 09:15:18+00:00,0.085
2026-02-26 09:16:17+00:00,0.085
2026-02-26 09:17:16+00:00,0.085
2026-02-26 09:18:15+00:00,0.085
2026-02-26 09:19:17+00:00,0.085
2026-02-26 09:20:17+00:00,0.085
2026-02-26 09:21:15+00:00,0.085
2026-02-26 09:22:15+00:00,0.085
2026-02-26 09:23:15+00:00,0.095
2026-02-26 09:24:18+00:00,0.095
2026-02-26 09:25:16+00:00,0.095
2026-02-26 09:26:16+00:00,0.095
2026-02-26 09:27:17+00:00,0.095
2026-02-26 09:28:15+00:00,0.095
2026-02-26 09:29:16+00:00,0.095
2026-02-26 09:30:17+00:00,0.095
2026-02-26 09:31:16+00:00,0.095
2026-02-26 09:32:16+00:00,0.095
2026-02-26 09:33:16+00:00,0.095
2026-02-26 09:34:15+00:00,0.095
2026-02-26 09:35:16+00:00,0.095
2026-02-26 09:36:16+00:00,0.095
2026-02-26 09:37:16+00:00,0.095
2026-02-26 09:38:15+00:00,0.095
2026-02-26 09:39:16+00:00,0.095
2026-02-26 09:40:15+00:00,0.095
2026-02-26 09:41:17+00:00,0.095
2026-02-26 09:42:28+00:00,0.095
2026-02-26 09:43:16+00:00,0.095
2026-02-26 09:44:30+00:00,0.095
2026-02-26 09:45:31+00:00,0.095
2026-02-26 09:46:16+00:00,0.095
2026-02-26 09:47:17+00:00,0.095
2026-02-26 09:48:17+00:00,0.095
2026-02-26 09:49:15+00:00,0.095
2026-02-26 09:50:20+00:00,0.095
2026-02-26 09:51:26+00:00,0.095
2026-02-26 09:52:16+00:00,0.095
2026-02-26 09:53:17+00:00,0.095
2026-02-26 09:54:30+00:00,0.095
2026-02-26 09:55:16+00:00,0.095
2026-02-26 09:56:16+00:00,0.095
2026-02-26 09:57:17+00:00,0.095
2026-02-26 09:58:16+00:00,0.085
2026-02-26 09:59:17+00:00,0.085
2026-02-26 10:00:17+00:00,0.085
2026-02-26 10:01:16+00:00,0.085
2026-02-26 10:02:15+00:00,0.085
2026-02-26 10:03:28+00:00,0.085
2026-02-26 10:04:16+00:00,0.09
2026-02-26 10:05:18+00:00,0.09
2026-02-26 10:06:15+00:00,0.09
2026-02-26 10:07:29+00:00,0.085
2026-02-26 10:08:15+00:00,0.085
2026-02-26 10:09:17+00:00,0.085
2026-02-26 10:10:17+00:00,0.085
2026-02-26 10:11:17+00:00,0.085
2026-02-26 10:12:18+00:00,0.085
2026-02-26 10:13:16+00:00,0.085
2026-02-26 10:14:18+00:00,0.085
2026-02-26 10:15:18+00:00,0.085
2026-02-26 10:16:17+00:00,0.09
2026-02-26 10:17:17+00:00,0.09
2026-02-26 10:18:17+00:00,0.09
2026-02-26 10:19:18+00:00,0.09
2026-02-26 10:20:17+00:00,0.09
2026-02-26 10:21:15+00:00,0.09
2026-02-26 10:22:30+00:00,0.09
2026-02-26 10:23:17+00:00,0.09
2026-02-26 10:24:31+00:00,0.09
2026-02-26 10:25:17+00:00,0.09
2026-02-26 10:26:14+00:00,0.09
2026-02-26 10:27:15+00:00,0.095
2026-02-26 10:28:18+00:00,0.085
2026-02-26 10:29:18+00:00,0.085
2026-02-26 10:30:18+00:00,0.085
2026-02-26 10:31:16+00:00,0.085
2026-02-26 10:32:18+00:00,0.085
2026-02-26 10:33:15+00:00,0.085
2026-02-26 10:34:17+00:00,0.085
2026-02-26 10:35:16+00:00,0.085
2026-02-26 10:36:15+00:00,0.085
2026-02-26 10:37:17+00:00,0.085
2026-02-26 10:38:16+00:00,0.085
2026-02-26 10:39:17+00:00,0.085
2026-02-26 10:40:18+00:00,0.085
2026-02-26 10:41:15+00:00,0.085
2026-02-26 10:42:17+00:00,0.085
2026-02-26 10:43:17+00:00,0.085
2026-02-26 10:44:16+00:00,0.085
2026-02-26 10:45:17+00:00,0.085
2026-02-26 10:46:15+00:00,0.085
2026-02-26 10:47:16+00:00,0.085
2026-02-26 10:48:16+00:00,0.085
2026-02-26 10:49:16+00:00,0.085
2026-02-26 10:50:27+00:00,0.085
2026-02-26 10:51:15+00:00,0.085
2026-02-26 10:52:15+00:00,0.085
2026-02-26 10:53:17+00:00,0.085
2026-02-26 10:54:16+00:00,0.085
2026-02-26 10:55:17+00:00,0.085
2026-02-26 10:56:17+00:00,0.085
2026-02-26 10:57:16+00:00,0.085
2026-02-26 10:58:15+00:00,0.085
2026-02-26 10:59:17+00:00,0.085
2026-02-26 11:00:16+00:00,0.085
2026-02-26 11:01:17+00:00,0.085
2026-02-26 11:02:15+00:00,0.085
2026-02-26 11:03:16+00:00,0.085
2026-02-26 11:04:16+00:00,0.085
2026-02-26 11:05:17+00:00,0.085
2026-02-26 11:06:17+00:00,0.085
2026-02-26 11:07:16+00:00,0.085
2026-02-26 11:08:17+00:00,0.085
2026-02-26 11:09:16+00:00,0.085
2026-02-26 11:10:17+00:00,0.085
2026-02-26 11:11:17+00:00,0.085
2026-02-26 11:12:17+00:00,0.085
2026-02-26 11:13:15+00:00,0.085
2026-02-26 11:14:15+00:00,0.085
2026-02-26 11:15:16+00:00,0.085
2026-02-26 11:16:17+00:00,0.085
2026-02-26 11:17:17+00:00,0.085
2026-02-26 11:18:16+00:00,0.085
2026-02-26 11:19:18+00:00,0.085
2026-02-26 11:20:16+00:00,0.085
2026-02-26 11:21:19+00:00,0.085
2026-02-26 11:22:15+00:00,0.085
2026-02-26 11:23:18+00:00,0.085
2026-02-26 11:24:17+00:00,0.085
2026-02-26 11:25:16+00:00,0.085
2026-02-26 11:26:17+00:00,0.085
2026-02-26 11:27:16+00:00,0.085
2026-02-26 11:28:17+00:00,0.085
2026-02-26 11:29:27+00:00,0.085
2026-02-26 11:30:17+00:00,0.085
2026-02-26 11:31:16+00:00,0.085
2026-02-26 11:32:16+00:00,0.085
2026-02-26 11:33:17+00:00,0.085
2026-02-26 11:34:16+00:00,0.085
2026-02-26 11:35:17+00:00,0.085
2026-02-26 11:36:17+00:00,0.085
2026-02-26 11:37:27+00:00,0.085
2026-02-26 11:38:16+00:00,0.095
2026-02-26 11:39:16+00:00,0.095
2026-02-26 11:40:17+00:00,0.095
2026-02-26 11:41:15+00:00,0.095
2026-02-26 11:42:33+00:00,0.095
2026-02-26 11:43:17+00:00,0.095
2026-02-26 11:44:16+00:00,0.095
2026-02-26 11:45:16+00:00,0.095
2026-02-26 11:46:18+00:00,0.095
2026-02-26 11:47:18+00:00,0.095
2026-02-26 11:48:15+00:00,0.095
2026-02-26 11:49:16+00:00,0.095
2026-02-26 11:50:18+00:00,0.095
2026-02-26 11:51:17+00:00,0.095
2026-02-26 11:52:15+00:00,0.095
2026-02-26 11:53:16+00:00,0.095
2026-02-26 11:54:16+00:00,0.095
2026-02-26 11:55:16+00:00,0.095
2026-02-26 11:56:15+00:00,0.095
2026-02-26 11:57:15+00:00,0.095
2026-02-26 11:58:16+00:00,0.095
2026-02-26 11:59:18+00:00,0.095
2026-02-26 12:00:22+00:00,0.095
2026-02-26 12:01:23+00:00,0.095
2026-02-26 12:02:18+00:00,0.095
2026-02-26 12:03:17+00:00,0.095
2026-02-26 12:04:17+00:00,0.095
2026-02-26 12:05:17+00:00,0.095
2026-02-26 12:06:16+00:00,0.09
2026-02-26 12:07:16+00:00,0.09
2026-02-26 12:08:16+00:00,0.09
2026-02-26 12:09:17+00:00,0.095
2026-02-26 12:10:16+00:00,0.095
2026-02-26 12:11:17+00:00,0.095
2026-02-26 12:12:17+00:00,0.095
2026-02-26 12:13:17+00:00,0.095
2026-02-26 12:14:15+00:00,0.085
2026-02-26 12:15:16+00:00,0.095
2026-02-26 12:16:19+00:00,0.09
2026-02-26 12:17:25+00:00,0.085
2026-02-26 12:18:17+00:00,0.085
2026-02-26 12:19:15+00:00,0.085
2026-02-26 12:20:18+00:00,0.085
2026-02-26 12:21:18+00:00,0.085
2026-02-26 12:22:18+00:00,0.085
2026-02-26 12:23:18+00:00,0.085
2026-02-26 12:24:17+00:00,0.085
2026-02-26 12:25:17+00:00,0.085
2026-02-26 12:26:17+00:00,0.085
2026-02-26 12:27:16+00:00,0.095
2026-02-26 12:28:17+00:00,0.09
2026-02-26 12:29:17+00:00,0.09
2026-02-26 12:30:18+00:00,0.09
2026-02-26 12:31:16+00:00,0.09
2026-02-26 12:32:18+00:00,0.09
2026-02-26 12:33:16+00:00,0.09
2026-02-26 12:34:18+00:00,0.09
2026-02-26 12:35:16+00:00,0.09
2026-02-26 12:36:16+00:00,0.09
2026-02-26 12:37:17+00:00,0.095
2026-02-26 12:38:17+00:00,0.095
2026-02-26 12:39:16+00:00,0.095
2026-02-26 12:40:19+00:00,0.095
2026-02-26 12:41:31+00:00,0.095
2026-02-26 12:42:16+00:00,0.095
2026-02-26 12:43:16+00:00,0.095
2026-02-26 12:44:15+00:00,0.095
2026-02-26 12:45:18+00:00,0.095
2026-02-26 12:46:17+00:00,0.09
2026-02-26 12:47:16+00:00,0.09
2026-02-26 12:48:30+00:00,0.095
2026-02-26 12:49:16+00:00,0.095
2026-02-26 12:50:16+00:00,0.095
2026-02-26 12:51:17+00:00,0.095
2026-02-26 12:52:16+00:00,0.095
2026-02-26 12:53:16+00:00,0.09
2026-02-26 12:54:16+00:00,0.095
2026-02-26 12:55:15+00:00,0.095
2026-02-26 12:56:16+00:00,0.095
2026-02-26 12:57:17+00:00,0.095
2026-02-26 12:58:17+00:00,0.095
2026-02-26 12:59:17+00:00,0.095
2026-02-26 13:00:18+00:00,0.095
2026-02-26 13:01:15+00:00,0.095
2026-02-26 13:02:17+00:00,0.095
2026-02-26 13:03:17+00:00,0.095
2026-02-26 13:04:17+00:00,0.095
2026-02-26 13:05:31+00:00,0.095
2026-02-26 13:06:18+00:00,0.095
2026-02-26 13:07:17+00:00,0.095
2026-02-26 13:08:17+00:00,0.09
2026-02-26 13:09:17+00:00,0.095
2026-02-26 13:10:31+00:00,0.095
2026-02-26 13:11:17+00:00,0.095
2026-02-26 13:12:31+00:00,0.095
2026-02-26 13:13:17+00:00,0.095
2026-02-26 13:14:31+00:00,0.095
2026-02-26 13:15:16+00:00,0.095
2026-02-26 13:16:16+00:00,0.095
2026-02-26 13:17:17+00:00,0.095
2026-02-26 13:18:18+00:00,0.095
2026-02-26 13:19:17+00:00,0.095
2026-02-26 13:20:19+00:00,0.095
2026-02-26 13:21:16+00:00,0.095
2026-02-26 13:25:00+00:00,0.095
2026-02-26 13:26:05+00:00,0.095
2026-02-26 13:26:33+00:00,0.095
2026-02-26 13:27:18+00:00,0.095
2026-02-26 13:28:17+00:00,0.095
2026-02-26 13:29:16+00:00,0.095
2026-02-26 13:30:19+00:00,0.095
2026-02-26 13:31:30+00:00,0.095
2026-02-26 13:32:18+00:00,0.095
2026-02-26 13:33:18+00:00,0.095
2026-02-26 13:34:19+00:00,0.09
2026-02-26 13:35:18+00:00,0.09
2026-02-26 13:36:19+00:00,0.085
2026-02-26 13:37:18+00:00,0.085
2026-02-26 13:38:18+00:00,0.085
2026-02-26 13:39:17+00:00,0.085
2026-02-26 13:40:20+00:00,0.085
2026-02-26 13:41:17+00:00,0.085
2026-02-26 13:42:19+00:00,0.085
2026-02-26 13:43:16+00:00,0.085
2026-02-26 13:44:19+00:00,0.085
2026-02-26 13:45:19+00:00,0.085
2026-02-26 13:46:19+00:00,0.085
2026-02-26 13:47:19+00:00,0.085
2026-02-26 13:48:35+00:00,0.085
2026-02-26 13:49:36+00:00,0.085
2026-02-26 13:50:20+00:00,0.085
2026-02-26 13:51:19+00:00,0.085
2026-02-26 13:52:18+00:00,0.085
2026-02-26 13:53:19+00:00,0.085
2026-02-26 13:54:18+00:00,0.085
2026-02-26 13:55:20+00:00,0.085
2026-02-26 13:56:18+00:00,0.085
2026-02-26 13:57:18+00:00,0.085
2026-02-26 13:58:18+00:00,0.085
2026-02-26 13:59:19+00:00,0.085
2026-02-26 14:00:21+00:00,0.085
2026-02-26 14:01:17+00:00,0.085
2026-02-26 14:02:18+00:00,0.085
2026-02-26 14:03:19+00:00,0.085
2026-02-26 14:04:19+00:00,0.085
2026-02-26 14:05:20+00:00,0.085
2026-02-26 14:06:20+00:00,0.085
2026-02-26 14:07:19+00:00,0.085
2026-02-26 14:08:17+00:00,0.085
2026-02-26 14:09:18+00:00,0.085
2026-02-26 14:10:21+00:00,0.085
2026-02-26 14:11:20+00:00,0.085
2026-02-26 14:12:20+00:00,0.085
2026-02-26 14:13:17+00:00,0.085
2026-02-26 14:14:20+00:00,0.085
2026-02-26 14:15:24+00:00,0.085
2026-02-26 14:16:19+00:00,0.085
2026-02-26 14:17:32+00:00,0.085
2026-02-26 14:18:18+00:00,0.085
2026-02-26 14:19:19+00:00,0.085
2026-02-26 14:20:32+00:00,0.085
2026-02-26 14:21:17+00:00,0.085
2026-02-26 14:22:20+00:00,0.085
2026-02-26 14:23:18+00:00,0.085
2026-02-26 14:24:19+00:00,0.085
2026-02-26 14:25:18+00:00,0.085
2026-02-26 14:26:18+00:00,0.085
2026-02-26 14:27:17+00:00,0.085
2026-02-26 14:28:20+00:00,0.085
2026-02-26 14:29:20+00:00,0.085
2026-02-26 14:30:18+00:00,0.085
2026-02-26 14:31:18+00:00,0.085
2026-02-26 14:32:18+00:00,0.085
2026-02-26 14:33:19+00:00,0.085
2026-02-26 14:34:19+00:00,0.085
2026-02-26 14:35:20+00:00,0.085
2026-02-26 14:36:20+00:00,0.085
2026-02-26 14:37:21+00:00,0.085
2026-02-26 14:38:21+00:00,0.085
2026-02-26 14:39:23+00:00,0.085
2026-02-26 14:40:22+00:00,0.085
2026-02-26 14:41:19+00:00,0.085
2026-02-26 14:42:21+00:00,0.085
2026-02-26 14:43:20+00:00,0.085
2026-02-26 14:44:23+00:00,0.085
2026-02-26 14:45:30+00:00,0.085
2026-02-26 14:46:22+00:00,0.085
2026-02-26 14:47:20+00:00,0.085
2026-02-26 14:48:20+00:00,0.085
2026-02-26 14:49:20+00:00,0.085
2026-02-26 14:50:19+00:00,0.085
2026-02-26 14:51:21+00:00,0.085
2026-02-26 14:52:21+00:00,0.085
2026-02-26 14:53:20+00:00,0.085
2026-02-26 14:54:21+00:00,0.085
2026-02-26 14:55:20+00:00,0.085
2026-02-26 14:56:20+00:00,0.085
2026-02-26 14:57:20+00:00,0.085
2026-02-26 14:58:20+00:00,0.085
2026-02-26 14:59:19+00:00,0.085
2026-02-26 15:00:22+00:00,0.085
2026-02-26 15:01:21+00:00,0.085
2026-02-26 15:02:20+00:00,0.085
2026-02-26 15:03:20+00:00,0.085
2026-02-26 15:04:20+00:00,0.085
2026-02-26 15:05:20+00:00,0.085
2026-02-26 15:06:20+00:00,0.085
2026-02-26 15:07:19+00:00,0.085
2026-02-26 15:08:20+00:00,0.085
2026-02-26 15:09:19+00:00,0.085
2026-02-26 15:10:20+00:00,0.085
2026-02-26 15:11:23+00:00,0.085
2026-02-26 15:12:21+00:00,0.085
2026-02-26 15:13:20+00:00,0.085
2026-02-26 15:14:20+00:00,0.085
2026-02-26 15:15:22+00:00,0.085
2026-02-26 15:16:21+00:00,0.085
2026-02-26 15:17:20+00:00,0.085
2026-02-26 15:18:20+00:00,0.085
2026-02-26 15:19:22+00:00,0.085
2026-02-26 15:20:23+00:00,0.085
2026-02-26 15:21:21+00:00,0.085
2026-02-26 15:22:20+00:00,0.085
2026-02-26 15:23:17+00:00,0.085
2026-02-26 15:25:38+00:00,0.085
2026-02-26 15:26:09+00:00,0.085
2026-02-26 15:26:38+00:00,0.085
2026-02-26 15:27:21+00:00,0.085
2026-02-26 15:28:20+00:00,0.085
2026-02-26 15:29:20+00:00,0.085
2026-02-26 15:30:18+00:00,0.085
2026-02-26 15:31:20+00:00,0.085
2026-02-26 15:32:19+00:00,0.085
2026-02-26 15:33:20+00:00,0.09
2026-02-26 15:34:21+00:00,0.095
2026-02-26 15:35:19+00:00,0.095
2026-02-26 15:36:20+00:00,0.095
2026-02-26 15:37:20+00:00,0.095
2026-02-26 15:38:19+00:00,0.095
2026-02-26 15:39:18+00:00,0.095
2026-02-26 15:40:19+00:00,0.095
2026-02-26 15:41:19+00:00,0.095
2026-02-26 15:42:19+00:00,0.095
2026-02-26 15:43:20+00:00,0.095
2026-02-26 15:44:19+00:00,0.095
2026-02-26 15:45:22+00:00,0.095
2026-02-26 15:46:28+00:00,0.095
2026-02-26 15:47:21+00:00,0.095
2026-02-26 15:48:23+00:00,0.095
2026-02-26 15:49:20+00:00,0.095
2026-02-26 15:50:21+00:00,0.1
2026-02-26 15:51:19+00:00,0.095
2026-02-26 15:52:22+00:00,0.095
2026-02-26 15:53:19+00:00,0.095
2026-02-26 15:54:21+00:00,0.095
2026-02-26 15:55:20+00:00,0.095
2026-02-26 15:56:20+00:00,0.095
2026-02-26 15:57:20+00:00,0.095
2026-02-26 15:58:31+00:00,0.095
2026-02-26 15:59:18+00:00,0.095
2026-02-26 16:00:36+00:00,0.095
2026-02-26 16:01:20+00:00,0.095
2026-02-26 16:02:21+00:00,0.095
2026-02-26 16:03:20+00:00,0.095
2026-02-26 16:04:21+00:00,0.095
2026-02-26 16:05:20+00:00,0.095
2026-02-26 16:06:35+00:00,0.095
2026-02-26 16:07:20+00:00,0.095
2026-02-26 16:10:26+00:00,0.095
2026-02-26 16:11:00+00:00,0.095
2026-02-26 16:12:02+00:00,0.095
2026-02-26 16:12:33+00:00,0.095
2026-02-26 16:13:19+00:00,0.095
2026-02-26 16:14:20+00:00,0.095
2026-02-26 16:15:20+00:00,0.095
2026-02-26 16:16:18+00:00,0.095
2026-02-26 16:17:18+00:00,0.095
2026-02-26 16:18:18+00:00,0.095
2026-02-26 16:19:18+00:00,0.095
2026-02-26 16:20:19+00:00,0.095
2026-02-26 16:21:18+00:00,0.095
2026-02-26 16:22:18+00:00,0.095
2026-02-26 16:23:20+00:00,0.095
2026-02-26 16:24:19+00:00,0.095
2026-02-26 16:25:32+00:00,0.105
2026-02-26 16:26:18+00:00,0.105
2026-02-26 16:27:18+00:00,0.105
2026-02-26 16:28:18+00:00,0.105
2026-02-26 16:29:18+00:00,0.105
2026-02-26 16:30:20+00:00,0.105
2026-02-26 16:31:18+00:00,0.105
2026-02-26 16:32:19+00:00,0.105
2026-02-26 16:33:19+00:00,0.105
2026-02-26 16:34:18+00:00,0.105
2026-02-26 16:35:21+00:00,0.105
2026-02-26 16:36:28+00:00,0.105
2026-02-26 16:37:18+00:00,0.105
2026-02-26 16:38:19+00:00,0.105
2026-02-26 16:39:20+00:00,0.105
2026-02-26 16:40:30+00:00,0.115
2026-02-26 16:41:18+00:00,0.115
2026-02-26 16:42:19+00:00,0.115
2026-02-26 16:43:18+00:00,0.115
2026-02-26 16:44:18+00:00,0.115
2026-02-26 16:45:19+00:00,0.11
2026-02-26 16:46:18+00:00,0.105
2026-02-26 16:47:18+00:00,0.105
2026-02-26 16:48:33+00:00,0.105
2026-02-26 16:49:18+00:00,0.105
2026-02-26 16:50:20+00:00,0.115
2026-02-26 16:51:18+00:00,0.105
2026-02-26 16:52:17+00:00,0.105
2026-02-26 16:53:17+00:00,0.105
2026-02-26 16:54:18+00:00,0.105
2026-02-26 16:55:29+00:00,0.105
2026-02-26 16:56:19+00:00,0.105
2026-02-26 16:57:18+00:00,0.105
2026-02-26 16:58:16+00:00,0.115
2026-02-26 16:59:19+00:00,0.115
2026-02-26 17:00:24+00:00,0.115
2026-02-26 17:01:23+00:00,0.115
2026-02-26 17:02:28+00:00,0.115
2026-02-26 17:03:19+00:00,0.115
2026-02-26 17:04:22+00:00,0.115
2026-02-26 17:05:23+00:00,0.115
2026-02-26 17:06:20+00:00,0.115
2026-02-26 17:07:20+00:00,0.115
2026-02-26 17:08:19+00:00,0.115
2026-02-26 17:09:21+00:00,0.115
2026-02-26 17:10:21+00:00,0.115
2026-02-26 17:11:21+00:00,0.115
2026-02-26 17:12:28+00:00,0.115
2026-02-26 17:13:18+00:00,0.115
2026-02-26 17:14:19+00:00,0.115
2026-02-26 17:15:19+00:00,0.115
2026-02-26 17:16:20+00:00,0.115
2026-02-26 17:17:20+00:00,0.115
2026-02-26 17:18:21+00:00,0.115
2026-02-26 17:19:20+00:00,0.12
2026-02-26 17:20:20+00:00,0.12
2026-02-26 17:21:21+00:00,0.12
2026-02-26 17:22:21+00:00,0.125
2026-02-26 17:23:20+00:00,0.12
2026-02-26 17:24:21+00:00,0.12
2026-02-26 17:25:19+00:00,0.12
2026-02-26 17:26:20+00:00,0.12
2026-02-26 17:27:22+00:00,0.115
2026-02-26 17:28:26+00:00,0.115
2026-02-26 17:29:19+00:00,0.115
2026-02-26 17:30:21+00:00,0.115
2026-02-26 17:31:21+00:00,0.12
2026-02-26 17:32:21+00:00,0.125
2026-02-26 17:33:19+00:00,0.125
2026-02-26 17:34:32+00:00,0.125
2026-02-26 17:35:22+00:00,0.125
2026-02-26 17:36:20+00:00,0.125
2026-02-26 17:37:19+00:00,0.125
2026-02-26 17:38:19+00:00,0.125
2026-02-26 17:39:19+00:00,0.125
2026-02-26 17:40:20+00:00,0.125
2026-02-26 17:41:25+00:00,0.125
2026-02-26 17:42:20+00:00,0.125
2026-02-26 17:43:18+00:00,0.125
2026-02-26 17:44:21+00:00,0.125
2026-02-26 17:45:20+00:00,0.125
2026-02-26 17:46:21+00:00,0.135
2026-02-26 17:47:20+00:00,0.13
2026-02-26 17:48:20+00:00,0.135
2026-02-26 17:49:20+00:00,0.135
2026-02-26 17:50:19+00:00,0.135
2026-02-26 17:51:35+00:00,0.135
2026-02-26 17:52:19+00:00,0.135
2026-02-26 17:53:18+00:00,0.135
2026-02-26 17:54:20+00:00,0.135
2026-02-26 17:55:19+00:00,0.135
2026-02-26 17:56:20+00:00,0.135
2026-02-26 17:57:19+00:00,0.135
2026-02-26 17:58:20+00:00,0.14
2026-02-26 17:59:20+00:00,0.135
2026-02-26 18:00:21+00:00,0.135
2026-02-26 18:01:23+00:00,0.135
2026-02-26 18:02:20+00:00,0.135
2026-02-26 18:03:19+00:00,0.135
2026-02-26 18:04:20+00:00,0.145
2026-02-26 18:05:19+00:00,0.135
2026-02-26 18:06:20+00:00,0.14
2026-02-26 18:07:35+00:00,0.14
2026-02-26 18:08:18+00:00,0.135
2026-02-26 18:09:30+00:00,0.14
2026-02-26 18:10:36+00:00,0.145
2026-02-26 18:11:20+00:00,0.145
2026-02-26 18:12:18+00:00,0.145
2026-02-26 18:13:20+00:00,0.145
2026-02-26 18:14:19+00:00,0.145
2026-02-26 18:15:20+00:00,0.145
2026-02-26 18:16:20+00:00,0.145
2026-02-26 18:17:20+00:00,0.145
2026-02-26 18:18:19+00:00,0.145
2026-02-26 18:19:20+00:00,0.145
2026-02-26 18:20:21+00:00,0.145
2026-02-26 18:21:32+00:00,0.155
2026-02-26 18:22:19+00:00,0.15
2026-02-26 18:23:20+00:00,0.155
2026-02-26 18:24:19+00:00,0.155
2026-02-26 18:25:19+00:00,0.155
2026-02-26 18:26:21+00:00,0.155
2026-02-26 18:27:18+00:00,0.16
2026-02-26 18:28:19+00:00,0.155
2026-02-26 18:29:18+00:00,0.165
2026-02-26 18:30:20+00:00,0.155
2026-02-26 18:31:21+00:00,0.155
2026-02-26 18:32:19+00:00,0.155
2026-02-26 18:33:17+00:00,0.16
2026-02-26 18:34:18+00:00,0.155
2026-02-26 18:35:19+00:00,0.155
2026-02-26 18:36:20+00:00,0.15
2026-02-26 18:37:20+00:00,0.125
2026-02-26 18:38:21+00:00,0.115
2026-02-26 18:39:31+00:00,0.105
2026-02-26 18:40:20+00:00,0.105
2026-02-26 18:41:19+00:00,0.095
2026-02-26 18:42:20+00:00,0.105
2026-02-26 18:43:18+00:00,0.105
2026-02-26 18:44:22+00:00,0.095
2026-02-26 18:45:20+00:00,0.095
2026-02-26 18:46:20+00:00,0.095
2026-02-26 18:47:25+00:00,0.105
2026-02-26 18:48:21+00:00,0.095
2026-02-26 18:49:20+00:00,0.095
2026-02-26 18:50:20+00:00,0.095
2026-02-26 18:51:20+00:00,0.105
2026-02-26 18:52:19+00:00,0.105
2026-02-26 18:53:20+00:00,0.095
2026-02-26 18:54:20+00:00,0.095
2026-02-26 18:55:18+00:00,0.095
2026-02-26 18:56:18+00:00,0.105
2026-02-26 18:57:20+00:00,0.105
2026-02-26 18:58:20+00:00,0.095
2026-02-26 18:59:21+00:00,0.095
2026-02-26 19:00:22+00:00,0.095
2026-02-26 19:01:22+00:00,0.105
2026-02-26 19:02:21+00:00,0.105
2026-02-26 19:03:21+00:00,0.105
2026-02-26 19:04:24+00:00,0.105
2026-02-26 19:05:20+00:00,0.105
2026-02-26 19:06:31+00:00,0.105
2026-02-26 19:07:20+00:00,0.105
2026-02-26 19:08:19+00:00,0.105
2026-02-26 19:09:20+00:00,0.105
2026-02-26 19:10:20+00:00,0.105
2026-02-26 19:11:18+00:00,0.105
2026-02-26 19:12:19+00:00,0.105
2026-02-26 19:13:20+00:00,0.105
2026-02-26 19:14:18+00:00,0.105
2026-02-26 19:15:21+00:00,0.105
2026-02-26 19:16:19+00:00,0.105
2026-02-26 19:17:19+00:00,0.105
2026-02-26 19:18:20+00:00,0.095
2026-02-26 19:19:20+00:00,0.095
2026-02-26 19:20:20+00:00,0.105
2026-02-26 19:21:18+00:00,0.105
2026-02-26 19:22:32+00:00,0.105
2026-02-26 19:23:19+00:00,0.1
2026-02-26 19:24:19+00:00,0.095
2026-02-26 19:25:20+00:00,0.095
2026-02-26 19:26:19+00:00,0.095
2026-02-26 19:27:18+00:00,0.095
2026-02-26 19:28:18+00:00,0.095
2026-02-26 19:29:20+00:00,0.095
2026-02-26 19:30:28+00:00,0.095
2026-02-26 19:31:17+00:00,0.095
2026-02-26 19:32:20+00:00,0.095
2026-02-26 19:33:19+00:00,0.095
2026-02-26 19:34:19+00:00,0.095
2026-02-26 19:35:19+00:00,0.095
2026-02-26 19:36:18+00:00,0.095
2026-02-26 19:37:20+00:00,0.095
2026-02-26 19:38:25+00:00,0.095
2026-02-26 19:39:20+00:00,0.095
2026-02-26 19:40:20+00:00,0.095
2026-02-26 19:41:18+00:00,0.095
2026-02-26 19:42:18+00:00,0.095
2026-02-26 19:43:18+00:00,0.095
2026-02-26 19:44:19+00:00,0.085
2026-02-26 19:45:19+00:00,0.085
2026-02-26 19:46:17+00:00,0.085
2026-02-26 19:47:19+00:00,0.085
2026-02-26 19:48:18+00:00,0.085
2026-02-26 19:49:17+00:00,0.095
2026-02-26 19:50:21+00:00,0.09
2026-02-26 19:51:32+00:00,0.085
2026-02-26 19:52:19+00:00,0.085
2026-02-26 19:53:21+00:00,0.085
2026-02-26 19:54:19+00:00,0.085
2026-02-26 19:55:22+00:00,0.085
2026-02-26 19:56:32+00:00,0.085
2026-02-26 19:57:18+00:00,0.085
2026-02-26 19:58:20+00:00,0.085
2026-02-26 19:59:20+00:00,0.085
2026-02-26 20:00:20+00:00,0.09
2026-02-26 20:01:23+00:00,0.095
2026-02-26 20:02:36+00:00,0.095
2026-02-26 20:03:18+00:00,0.095
2026-02-26 20:04:19+00:00,0.095
2026-02-26 20:05:21+00:00,0.095
2026-02-26 20:06:19+00:00,0.095
2026-02-26 20:07:22+00:00,0.085
2026-02-26 20:08:19+00:00,0.085
2026-02-26 20:09:21+00:00,0.085
2026-02-26 20:10:31+00:00,0.085
2026-02-26 20:11:20+00:00,0.085
2026-02-26 20:12:30+00:00,0.085
2026-02-26 20:13:20+00:00,0.085
2026-02-26 20:14:20+00:00,0.085
2026-02-26 20:15:19+00:00,0.085
2026-02-26 20:16:19+00:00,0.085
2026-02-26 20:17:19+00:00,0.085
2026-02-26 20:18:20+00:00,0.085
2026-02-26 20:19:19+00:00,0.085
2026-02-26 20:20:20+00:00,0.085
2026-02-26 20:21:19+00:00,0.085
2026-02-26 20:22:19+00:00,0.085
2026-02-26 20:23:21+00:00,0.085
2026-02-26 20:24:19+00:00,0.085
2026-02-26 20:25:18+00:00,0.085
2026-02-26 20:26:17+00:00,0.085
2026-02-26 20:27:19+00:00,0.085
2026-02-26 20:28:17+00:00,0.085
2026-02-26 20:29:21+00:00,0.085
2026-02-26 20:30:20+00:00,0.085
2026-02-26 20:31:19+00:00,0.085
2026-02-26 20:32:19+00:00,0.085
2026-02-26 20:33:20+00:00,0.085
2026-02-26 20:34:20+00:00,0.085
2026-02-26 20:35:18+00:00,0.085
2026-02-26 20:36:19+00:00,0.085
2026-02-26 20:37:19+00:00,0.085
2026-02-26 20:38:19+00:00,0.085
2026-02-26 20:39:18+00:00,0.085
2026-02-26 20:40:19+00:00,0.085
2026-02-26 20:41:18+00:00,0.085
2026-02-26 20:42:18+00:00,0.085
2026-02-26 20:43:18+00:00,0.085
2026-02-26 20:44:19+00:00,0.085
2026-02-26 20:45:20+00:00,0.085
2026-02-26 20:46:21+00:00,0.085
2026-02-26 20:47:23+00:00,0.085
2026-02-26 20:48:21+00:00,0.085
2026-02-26 20:49:18+00:00,0.085
2026-02-26 20:50:21+00:00,0.085
2026-02-26 20:51:19+00:00,0.085
2026-02-26 20:52:18+00:00,0.085
2026-02-26 20:53:18+00:00,0.085
2026-02-26 20:54:19+00:00,0.085
2026-02-26 20:55:19+00:00,0.085
2026-02-26 20:56:18+00:00,0.085
2026-02-26 20:57:19+00:00,0.085
2026-02-26 20:58:20+00:00,0.075
2026-02-26 20:59:20+00:00,0.075
2026-02-26 21:00:20+00:00,0.075
2026-02-26 21:01:19+00:00,0.075
2026-02-26 21:02:18+00:00,0.075
2026-02-26 21:03:19+00:00,0.075
2026-02-26 21:04:20+00:00,0.075
2026-02-26 21:05:19+00:00,0.075
2026-02-26 21:06:19+00:00,0.075
2026-02-26 21:07:20+00:00,0.075
2026-02-26 21:08:19+00:00,0.075
2026-02-26 21:09:19+00:00,0.075
2026-02-26 21:10:19+00:00,0.075
2026-02-26 21:11:17+00:00,0.085
2026-02-26 21:12:19+00:00,0.085
2026-02-26 21:13:21+00:00,0.085
2026-02-26 21:14:21+00:00,0.085
2026-02-26 21:15:18+00:00,0.08
2026-02-26 21:16:20+00:00,0.085
2026-02-26 21:17:18+00:00,0.08
2026-02-26 21:18:19+00:00,0.075
2026-02-26 21:19:18+00:00,0.075
2026-02-26 21:20:20+00:00,0.075
2026-02-26 21:21:31+00:00,0.075
2026-02-26 21:22:31+00:00,0.075
2026-02-26 21:23:18+00:00,0.075
2026-02-26 21:24:18+00:00,0.075
2026-02-26 21:25:31+00:00,0.075
2026-02-26 21:26:17+00:00,0.075
2026-02-26 21:27:20+00:00,0.075
2026-02-26 21:28:20+00:00,0.08
2026-02-26 21:29:18+00:00,0.085
2026-02-26 21:30:20+00:00,0.085
2026-02-26 21:31:20+00:00,0.085
2026-02-26 21:32:18+00:00,0.085
2026-02-26 21:33:17+00:00,0.085
2026-02-26 21:34:30+00:00,0.085
2026-02-26 21:35:18+00:00,0.085
2026-02-26 21:36:18+00:00,0.085
2026-02-26 21:37:20+00:00,0.085
2026-02-26 21:38:18+00:00,0.085
2026-02-26 21:39:20+00:00,0.085
2026-02-26 21:40:20+00:00,0.085
2026-02-26 21:41:18+00:00,0.085
2026-02-26 21:42:19+00:00,0.085
2026-02-26 21:43:19+00:00,0.085
2026-02-26 21:44:17+00:00,0.095
2026-02-26 21:45:17+00:00,0.095
2026-02-26 21:46:20+00:00,0.095
2026-02-26 21:47:25+00:00,0.095
2026-02-26 21:48:18+00:00,0.095
2026-02-26 21:49:18+00:00,0.09
2026-02-26 21:50:18+00:00,0.095
2026-02-26 21:51:18+00:00,0.095
2026-02-26 21:52:33+00:00,0.095
2026-02-26 21:53:17+00:00,0.095
2026-02-26 21:54:19+00:00,0.095
2026-02-26 21:55:19+00:00,0.095
2026-02-26 21:56:17+00:00,0.095
2026-02-26 21:57:17+00:00,0.095
2026-02-26 21:58:17+00:00,0.095
2026-02-26 21:59:17+00:00,0.085
2026-02-26 22:00:19+00:00,0.085
2026-02-26 22:01:32+00:00,0.085
2026-02-26 22:02:16+00:00,0.085
2026-02-26 22:03:18+00:00,0.085
2026-02-26 22:04:23+00:00,0.085
2026-02-26 22:05:18+00:00,0.085
2026-02-26 22:06:18+00:00,0.085
2026-02-26 22:07:17+00:00,0.085
2026-02-26 22:08:20+00:00,0.085
2026-02-26 22:09:18+00:00,0.085
2026-02-26 22:10:19+00:00,0.085
2026-02-26 22:11:19+00:00,0.085
2026-02-26 22:12:18+00:00,0.085
2026-02-26 22:13:18+00:00,0.085
2026-02-26 22:14:18+00:00,0.085
2026-02-26 22:15:20+00:00,0.085
2026-02-26 22:16:18+00:00,0.09
2026-02-26 22:17:18+00:00,0.085
2026-02-26 22:18:18+00:00,0.085
2026-02-26 22:19:18+00:00,0.095
2026-02-26 22:20:20+00:00,0.095
2026-02-26 22:21:17+00:00,0.095
2026-02-26 22:22:18+00:00,0.095
2026-02-26 22:23:17+00:00,0.095
2026-02-26 22:24:19+00:00,0.095
2026-02-26 22:25:19+00:00,0.095
2026-02-26 22:26:18+00:00,0.095
2026-02-26 22:27:18+00:00,0.095
2026-02-26 22:28:19+00:00,0.095
2026-02-26 22:29:19+00:00,0.095
2026-02-26 22:30:19+00:00,0.095
2026-02-26 22:31:18+00:00,0.095
2026-02-26 22:32:19+00:00,0.095
2026-02-26 22:33:19+00:00,0.095
2026-02-26 22:34:18+00:00,0.095
2026-02-26 22:35:17+00:00,0.095
2026-02-26 22:36:17+00:00,0.095
2026-02-26 22:37:21+00:00,0.095
2026-02-26 22:38:29+00:00,0.095
2026-02-26 22:39:17+00:00,0.095
2026-02-26 22:40:22+00:00,0.095
2026-02-26 22:41:19+00:00,0.095
2026-02-26 22:42:19+00:00,0.095
2026-02-26 22:43:19+00:00,0.095
2026-02-26 22:44:18+00:00,0.095
2026-02-26 22:45:19+00:00,0.095
2026-02-26 22:46:18+00:00,0.095
2026-02-26 22:47:19+00:00,0.095
2026-02-26 22:48:19+00:00,0.095
2026-02-26 22:49:20+00:00,0.095
2026-02-26 22:50:21+00:00,0.095
2026-02-26 22:51:20+00:00,0.095
2026-02-26 22:52:19+00:00,0.095
2026-02-26 22:53:18+00:00,0.095
2026-02-26 22:54:18+00:00,0.095
2026-02-26 22:55:18+00:00,0.095
2026-02-26 22:56:19+00:00,0.095
2026-02-26 22:57:17+00:00,0.095
2026-02-26 22:58:20+00:00,0.095
2026-02-26 22:59:18+00:00,0.095
2026-02-26 23:00:19+00:00,0.095
2026-02-26 23:01:18+00:00,0.095
2026-02-26 23:02:20+00:00,0.095
2026-02-26 23:03:20+00:00,0.095
2026-02-26 23:04:19+00:00,0.095
2026-02-26 23:05:21+00:00,0.095
2026-02-26 23:06:19+00:00,0.095
2026-02-26 23:07:18+00:00,0.095
2026-02-26 23:08:18+00:00,0.095
2026-02-26 23:09:18+00:00,0.095
2026-02-26 23:10:18+00:00,0.095
2026-02-26 23:11:18+00:00,0.095
2026-02-26 23:12:18+00:00,0.095
2026-02-26 23:13:17+00:00,0.095
2026-02-26 23:14:19+00:00,0.095
2026-02-26 23:15:18+00:00,0.095
2026-02-26 23:16:18+00:00,0.095
2026-02-26 23:17:31+00:00,0.095
2026-02-26 23:18:18+00:00,0.095
2026-02-26 23:19:20+00:00,0.095
2026-02-26 23:20:21+00:00,0.095
2026-02-26 23:21:17+00:00,0.095
2026-02-26 23:22:17+00:00,0.095
2026-02-26 23:23:17+00:00,0.095
2026-02-26 23:24:19+00:00,0.095
2026-02-26 23:25:18+00:00,0.095
2026-02-26 23:26:19+00:00,0.095
2026-02-26 23:27:20+00:00,0.095
2026-02-26 23:28:18+00:00,0.095
2026-02-26 23:29:19+00:00,0.095
2026-02-26 23:30:18+00:00,0.095
2026-02-26 23:31:18+00:00,0.095
2026-02-26 23:32:17+00:00,0.095
2026-02-26 23:33:17+00:00,0.095
2026-02-26 23:34:17+00:00,0.085
2026-02-26 23:35:18+00:00,0.085
2026-02-26 23:36:30+00:00,0.085
2026-02-26 23:37:35+00:00,0.085
2026-02-26 23:38:17+00:00,0.085
2026-02-26 23:39:19+00:00,0.085
2026-02-26 23:40:19+00:00,0.085
2026-02-26 23:41:18+00:00,0.085
2026-02-26 23:42:19+00:00,0.085
2026-02-26 23:43:19+00:00,0.085
2026-02-26 23:44:19+00:00,0.085
2026-02-26 23:45:21+00:00,0.085
2026-02-26 23:46:29+00:00,0.085
2026-02-26 23:47:18+00:00,0.085
2026-02-26 23:48:18+00:00,0.085
2026-02-26 23:49:18+00:00,0.085
2026-02-26 23:50:19+00:00,0.09
2026-02-26 23:51:18+00:00,0.09
2026-02-26 23:52:18+00:00,0.095
2026-02-26 23:53:18+00:00,0.095
2026-02-26 23:54:20+00:00,0.095
2026-02-26 23:55:18+00:00,0.095
2026-02-26 23:56:18+00:00,0.095
2026-02-26 23:57:18+00:00,0.095
2026-02-26 23:58:17+00:00,0.085
2026-02-26 23:59:18+00:00,0.085
2026-02-27 00:00:21+00:00,0.085
2026-02-27 00:01:20+00:00,0.085
2026-02-27 00:02:17+00:00,0.085
2026-02-27 00:03:18+00:00,0.085
2026-02-27 00:04:18+00:00,0.085
2026-02-27 00:05:18+00:00,0.085
2026-02-27 00:06:20+00:00,0.085
2026-02-27 00:07:20+00:00,0.085
2026-02-27 00:08:17+00:00,0.085
2026-02-27 00:09:19+00:00,0.085
2026-02-27 00:10:18+00:00,0.085
2026-02-27 00:11:19+00:00,0.085
2026-02-27 00:12:18+00:00,0.085
2026-02-27 00:13:20+00:00,0.085
2026-02-27 00:14:18+00:00,0.095
2026-02-27 00:15:18+00:00,0.09
2026-02-27 00:16:18+00:00,0.085
2026-02-27 00:17:20+00:00,0.085
2026-02-27 00:18:20+00:00,0.085
2026-02-27 00:19:20+00:00,0.085
2026-02-27 00:20:19+00:00,0.085
2026-02-27 00:21:21+00:00,0.085
2026-02-27 00:22:18+00:00,0.085
2026-02-27 00:23:19+00:00,0.085
2026-02-27 00:24:18+00:00,0.085
2026-02-27 00:25:18+00:00,0.085
2026-02-27 00:26:19+00:00,0.085
2026-02-27 00:27:18+00:00,0.085
2026-02-27 00:28:19+00:00,0.085
2026-02-27 00:29:19+00:00,0.085
2026-02-27 00:30:19+00:00,0.085
2026-02-27 00:31:17+00:00,0.085
2026-02-27 00:32:19+00:00,0.085
2026-02-27 00:33:19+00:00,0.085
2026-02-27 00:34:20+00:00,0.085
2026-02-27 00:35:18+00:00,0.085
2026-02-27 00:36:20+00:00,0.085
2026-02-27 00:37:21+00:00,0.085
2026-02-27 00:38:18+00:00,0.085
2026-02-27 00:39:17+00:00,0.085
2026-02-27 00:40:18+00:00,0.085
2026-02-27 00:41:19+00:00,0.085
2026-02-27 00:42:20+00:00,0.085
2026-02-27 00:43:20+00:00,0.085
2026-02-27 00:44:20+00:00,0.085
2026-02-27 00:45:20+00:00,0.085
2026-02-27 00:46:20+00:00,0.085
2026-02-27 00:47:18+00:00,0.085
2026-02-27 00:48:18+00:00,0.085
2026-02-27 00:49:19+00:00,0.085
2026-02-27 00:50:20+00:00,0.085
2026-02-27 00:51:20+00:00,0.085
2026-02-27 00:52:19+00:00,0.085
2026-02-27 00:53:19+00:00,0.085
2026-02-27 00:54:22+00:00,0.085
2026-02-27 00:55:18+00:00,0.085
2026-02-27 00:56:19+00:00,0.085
2026-02-27 00:57:18+00:00,0.085
2026-02-27 00:58:18+00:00,0.085
2026-02-27 00:59:18+00:00,0.085
2026-02-27 01:00:19+00:00,0.085
2026-02-27 01:01:21+00:00,0.085
2026-02-27 01:02:19+00:00,0.085
2026-02-27 01:03:19+00:00,0.085
2026-02-27 01:04:19+00:00,0.085
2026-02-27 01:05:20+00:00,0.085
2026-02-27 01:06:17+00:00,0.085
2026-02-27 01:07:18+00:00,0.085
2026-02-27 01:08:19+00:00,0.085
2026-02-27 01:09:20+00:00,0.085
2026-02-27 01:10:19+00:00,0.085
2026-02-27 01:11:17+00:00,0.085
2026-02-27 01:12:18+00:00,0.085
2026-02-27 01:13:19+00:00,0.085
2026-02-27 01:14:19+00:00,0.085
2026-02-27 01:15:20+00:00,0.085
2026-02-27 01:16:19+00:00,0.085
2026-02-27 01:17:21+00:00,0.085
2026-02-27 01:18:19+00:00,0.085
2026-02-27 01:19:19+00:00,0.085
2026-02-27 01:20:19+00:00,0.085
2026-02-27 01:21:18+00:00,0.085
2026-02-27 01:22:20+00:00,0.085
2026-02-27 01:23:19+00:00,0.085
2026-02-27 01:24:20+00:00,0.085
2026-02-27 01:25:19+00:00,0.085
2026-02-27 01:26:19+00:00,0.085
2026-02-27 01:27:20+00:00,0.085
2026-02-27 01:28:21+00:00,0.085
2026-02-27 01:29:21+00:00,0.085
2026-02-27 01:30:19+00:00,0.085
2026-02-27 01:31:19+00:00,0.085
2026-02-27 01:32:19+00:00,0.085
2026-02-27 01:33:18+00:00,0.085
2026-02-27 01:34:19+00:00,0.085
2026-02-27 01:35:18+00:00,0.085
2026-02-27 01:36:34+00:00,0.085
2026-02-27 01:37:19+00:00,0.085
2026-02-27 01:38:21+00:00,0.085
2026-02-27 01:39:19+00:00,0.085
2026-02-27 01:40:19+00:00,0.085
2026-02-27 01:41:18+00:00,0.085
2026-02-27 01:42:18+00:00,0.085
2026-02-27 01:43:19+00:00,0.085
2026-02-27 01:44:19+00:00,0.085
2026-02-27 01:45:33+00:00,0.085
2026-02-27 01:46:19+00:00,0.085
2026-02-27 01:47:21+00:00,0.085
2026-02-27 01:48:20+00:00,0.085
2026-02-27 01:49:21+00:00,0.085
2026-02-27 01:50:20+00:00,0.085
2026-02-27 01:51:21+00:00,0.085
2026-02-27 01:52:19+00:00,0.085
2026-02-27 01:53:18+00:00,0.085
2026-02-27 01:54:21+00:00,0.085
2026-02-27 01:55:20+00:00,0.085
2026-02-27 01:56:17+00:00,0.085
2026-02-27 01:57:19+00:00,0.085
2026-02-27 01:58:18+00:00,0.085
2026-02-27 01:59:18+00:00,0.085
2026-02-27 02:00:19+00:00,0.085
2026-02-27 02:01:29+00:00,0.085
2026-02-27 02:02:17+00:00,0.085
2026-02-27 02:03:19+00:00,0.085
2026-02-27 02:04:18+00:00,0.085
2026-02-27 02:05:18+00:00,0.085
2026-02-27 02:06:18+00:00,0.085
2026-02-27 02:07:21+00:00,0.085
2026-02-27 02:08:18+00:00,0.085
2026-02-27 02:09:19+00:00,0.085
2026-02-27 02:10:19+00:00,0.085
2026-02-27 02:11:19+00:00,0.085
2026-02-27 02:12:18+00:00,0.085
2026-02-27 02:13:21+00:00,0.085
2026-02-27 02:14:18+00:00,0.085
2026-02-27 02:15:20+00:00,0.085
2026-02-27 02:16:18+00:00,0.085
2026-02-27 02:17:19+00:00,0.085
2026-02-27 02:18:19+00:00,0.085
2026-02-27 02:19:18+00:00,0.085
2026-02-27 02:20:20+00:00,0.085
2026-02-27 02:21:19+00:00,0.085
2026-02-27 02:22:17+00:00,0.085
2026-02-27 02:23:20+00:00,0.085
2026-02-27 02:24:19+00:00,0.085
2026-02-27 02:25:19+00:00,0.085
2026-02-27 02:26:18+00:00,0.085
2026-02-27 02:27:20+00:00,0.085
2026-02-27 02:28:36+00:00,0.085
2026-02-27 02:29:19+00:00,0.085
2026-02-27 02:30:21+00:00,0.085
2026-02-27 02:31:18+00:00,0.085
2026-02-27 02:32:18+00:00,0.085
2026-02-27 02:33:18+00:00,0.085
2026-02-27 02:34:18+00:00,0.085
2026-02-27 02:35:19+00:00,0.085
2026-02-27 02:36:18+00:00,0.085
2026-02-27 02:37:18+00:00,0.085
2026-02-27 02:38:17+00:00,0.085
2026-02-27 02:39:18+00:00,0.085
2026-02-27 02:40:20+00:00,0.085
2026-02-27 02:41:33+00:00,0.085
2026-02-27 02:42:18+00:00,0.085
2026-02-27 02:43:19+00:00,0.085
2026-02-27 02:44:20+00:00,0.085
2026-02-27 02:45:19+00:00,0.085
2026-02-27 02:46:17+00:00,0.085
2026-02-27 02:47:17+00:00,0.085
2026-02-27 02:48:20+00:00,0.085
2026-02-27 02:49:20+00:00,0.085
2026-02-27 02:50:18+00:00,0.085
2026-02-27 02:51:19+00:00,0.085
2026-02-27 02:52:17+00:00,0.085
2026-02-27 02:53:19+00:00,0.085
2026-02-27 02:54:19+00:00,0.085
2026-02-27 02:55:20+00:00,0.085
2026-02-27 02:56:17+00:00,0.085
2026-02-27 02:57:18+00:00,0.085
2026-02-27 02:58:20+00:00,0.08
2026-02-27 02:59:20+00:00,0.085
2026-02-27 03:00:20+00:00,0.085
2026-02-27 03:01:18+00:00,0.075
2026-02-27 03:02:20+00:00,0.075
2026-02-27 03:03:18+00:00,0.075
2026-02-27 03:04:18+00:00,0.075
2026-02-27 03:05:19+00:00,0.075
2026-02-27 03:06:19+00:00,0.075
2026-02-27 03:07:18+00:00,0.075
2026-02-27 03:08:18+00:00,0.075
2026-02-27 03:09:20+00:00,0.075
2026-02-27 03:10:19+00:00,0.075
2026-02-27 03:11:18+00:00,0.075
2026-02-27 03:12:17+00:00,0.075
2026-02-27 03:13:18+00:00,0.075
2026-02-27 03:14:19+00:00,0.075
2026-02-27 03:15:21+00:00,0.075
2026-02-27 03:16:17+00:00,0.075
2026-02-27 03:17:19+00:00,0.075
2026-02-27 03:18:18+00:00,0.075
2026-02-27 03:19:18+00:00,0.075
2026-02-27 03:20:21+00:00,0.075
2026-02-27 03:21:18+00:00,0.075
2026-02-27 03:22:18+00:00,0.075
2026-02-27 03:23:19+00:00,0.075
2026-02-27 03:24:19+00:00,0.075
2026-02-27 03:25:18+00:00,0.075
2026-02-27 03:26:19+00:00,0.075
2026-02-27 03:27:20+00:00,0.075
2026-02-27 03:28:19+00:00,0.08
2026-02-27 03:29:18+00:00,0.08
2026-02-27 03:30:19+00:00,0.085
2026-02-27 03:31:18+00:00,0.085
2026-02-27 03:32:18+00:00,0.085
2026-02-27 03:33:19+00:00,0.085
2026-02-27 03:34:17+00:00,0.075
2026-02-27 03:35:20+00:00,0.075
2026-02-27 03:36:20+00:00,0.075
2026-02-27 03:37:17+00:00,0.075
2026-02-27 03:38:19+00:00,0.075
2026-02-27 03:39:32+00:00,0.075
2026-02-27 03:40:20+00:00,0.075
2026-02-27 03:41:17+00:00,0.075
2026-02-27 03:42:19+00:00,0.075
2026-02-27 03:43:19+00:00,0.075
2026-02-27 03:44:19+00:00,0.075
2026-02-27 03:45:19+00:00,0.075
2026-02-27 03:46:18+00:00,0.075
2026-02-27 03:47:19+00:00,0.075
2026-02-27 03:48:17+00:00,0.075
2026-02-27 03:49:18+00:00,0.075
2026-02-27 03:50:18+00:00,0.075
2026-02-27 03:51:17+00:00,0.075
2026-02-27 03:52:19+00:00,0.075
2026-02-27 03:53:18+00:00,0.075
2026-02-27 03:54:21+00:00,0.075
2026-02-27 03:55:24+00:00,0.075
2026-02-27 03:56:18+00:00,0.075
2026-02-27 03:57:18+00:00,0.075
2026-02-27 03:58:18+00:00,0.075
2026-02-27 03:59:18+00:00,0.075
2026-02-27 04:00:19+00:00,0.075
2026-02-27 04:01:18+00:00,0.075
2026-02-27 04:02:18+00:00,0.075
2026-02-27 04:03:19+00:00,0.075
2026-02-27 04:04:19+00:00,0.075
2026-02-27 04:05:19+00:00,0.075
2026-02-27 04:06:17+00:00,0.075
2026-02-27 04:07:18+00:00,0.075
2026-02-27 04:08:18+00:00,0.075
2026-02-27 04:09:21+00:00,0.075
2026-02-27 04:10:20+00:00,0.075
2026-02-27 04:11:32+00:00,0.075
2026-02-27 04:12:18+00:00,0.075
2026-02-27 04:13:18+00:00,0.075
2026-02-27 04:14:31+00:00,0.075
2026-02-27 04:15:18+00:00,0.075
2026-02-27 04:16:19+00:00,0.075
2026-02-27 04:17:17+00:00,0.075
2026-02-27 04:18:19+00:00,0.075
2026-02-27 04:19:19+00:00,0.075
2026-02-27 04:20:20+00:00,0.075
2026-02-27 04:21:31+00:00,0.075
2026-02-27 04:22:16+00:00,0.075
2026-02-27 04:23:33+00:00,0.075
2026-02-27 04:24:18+00:00,0.075
2026-02-27 04:25:17+00:00,0.075
2026-02-27 04:26:18+00:00,0.075
2026-02-27 04:27:19+00:00,0.075
2026-02-27 04:28:17+00:00,0.075
2026-02-27 04:29:18+00:00,0.075
2026-02-27 04:30:19+00:00,0.075
2026-02-27 04:31:17+00:00,0.075
2026-02-27 04:32:18+00:00,0.075
2026-02-27 04:33:17+00:00,0.075
2026-02-27 04:34:17+00:00,0.075
2026-02-27 04:35:19+00:00,0.075
2026-02-27 04:36:17+00:00,0.075
2026-02-27 04:37:18+00:00,0.075
2026-02-27 04:38:18+00:00,0.075
2026-02-27 04:39:18+00:00,0.075
2026-02-27 04:40:17+00:00,0.075
2026-02-27 04:41:19+00:00,0.075
2026-02-27 04:42:19+00:00,0.075
2026-02-27 04:43:18+00:00,0.075
2026-02-27 04:44:19+00:00,0.075
2026-02-27 04:45:17+00:00,0.075
2026-02-27 04:46:20+00:00,0.075
2026-02-27 04:47:24+00:00,0.075
2026-02-27 04:48:32+00:00,0.075
2026-02-27 04:49:19+00:00,0.075
2026-02-27 04:50:19+00:00,0.075
2026-02-27 04:51:33+00:00,0.075
2026-02-27 04:52:19+00:00,0.075
2026-02-27 04:53:19+00:00,0.075
2026-02-27 04:54:20+00:00,0.075
2026-02-27 04:55:18+00:00,0.075
2026-02-27 04:56:18+00:00,0.075
2026-02-27 04:57:19+00:00,0.075
2026-02-27 04:58:18+00:00,0.075
2026-02-27 04:59:19+00:00,0.075
2026-02-27 05:00:34+00:00,0.075
2026-02-27 05:01:19+00:00,0.075
2026-02-27 05:02:17+00:00,0.075
2026-02-27 05:03:20+00:00,0.075
2026-02-27 05:04:18+00:00,0.075
2026-02-27 05:05:29+00:00,0.075
2026-02-27 05:06:19+00:00,0.075
2026-02-27 05:07:18+00:00,0.075
2026-02-27 05:08:17+00:00,0.075
2026-02-27 05:09:17+00:00,0.075
2026-02-27 05:10:19+00:00,0.075
2026-02-27 05:11:18+00:00,0.075
2026-02-27 05:12:19+00:00,0.075
2026-02-27 05:13:20+00:00,0.075
2026-02-27 05:14:18+00:00,0.075
2026-02-27 05:15:17+00:00,0.075
2026-02-27 05:16:17+00:00,0.075
2026-02-27 05:17:18+00:00,0.075
2026-02-27 05:18:17+00:00,0.075
2026-02-27 05:19:18+00:00,0.075
2026-02-27 05:20:19+00:00,0.075
2026-02-27 05:21:17+00:00,0.075
2026-02-27 05:22:17+00:00,0.075
2026-02-27 05:23:18+00:00,0.075
2026-02-27 05:24:17+00:00,0.075
2026-02-27 05:25:19+00:00,0.075
2026-02-27 05:26:24+00:00,0.075
2026-02-27 05:27:18+00:00,0.075
2026-02-27 05:28:18+00:00,0.075
2026-02-27 05:29:20+00:00,0.075
2026-02-27 05:30:17+00:00,0.075
2026-02-27 05:31:16+00:00,0.075
2026-02-27 05:32:17+00:00,0.075
2026-02-27 05:33:17+00:00,0.075
2026-02-27 05:34:19+00:00,0.075
2026-02-27 05:35:17+00:00,0.075
2026-02-27 05:36:17+00:00,0.075
2026-02-27 05:37:18+00:00,0.075
2026-02-27 05:38:17+00:00,0.075
2026-02-27 05:39:18+00:00,0.075
2026-02-27 05:40:17+00:00,0.075
2026-02-27 05:41:17+00:00,0.075
2026-02-27 05:42:16+00:00,0.075
2026-02-27 05:43:16+00:00,0.075
2026-02-27 05:44:17+00:00,0.075
2026-02-27 05:45:18+00:00,0.065
2026-02-27 05:46:17+00:00,0.065
2026-02-27 05:47:19+00:00,0.065
2026-02-27 05:48:17+00:00,0.065
2026-02-27 05:49:17+00:00,0.065
2026-02-27 05:50:19+00:00,0.065
2026-02-27 05:51:19+00:00,0.065
2026-02-27 05:52:30+00:00,0.065
2026-02-27 05:53:19+00:00,0.065
2026-02-27 05:54:17+00:00,0.065
2026-02-27 05:55:19+00:00,0.065
2026-02-27 05:56:18+00:00,0.065
2026-02-27 05:57:17+00:00,0.065
2026-02-27 05:58:17+00:00,0.065
2026-02-27 05:59:18+00:00,0.065
2026-02-27 06:00:20+00:00,0.065
2026-02-27 06:01:18+00:00,0.065
2026-02-27 06:02:17+00:00,0.065
2026-02-27 06:03:18+00:00,0.065
2026-02-27 06:04:17+00:00,0.065
2026-02-27 06:05:18+00:00,0.065
2026-02-27 06:06:16+00:00,0.065
2026-02-27 06:07:16+00:00,0.065
2026-02-27 06:08:19+00:00,0.065
2026-02-27 06:09:17+00:00,0.065
2026-02-27 06:10:17+00:00,0.065
2026-02-27 06:11:31+00:00,0.065
2026-02-27 06:12:17+00:00,0.065
2026-02-27 06:13:18+00:00,0.065
2026-02-27 06:14:17+00:00,0.065
2026-02-27 06:15:16+00:00,0.065
2026-02-27 06:16:17+00:00,0.065
2026-02-27 06:17:19+00:00,0.065
2026-02-27 06:18:18+00:00,0.065
2026-02-27 06:19:18+00:00,0.065
2026-02-27 06:20:19+00:00,0.065
2026-02-27 06:21:17+00:00,0.065
2026-02-27 06:22:18+00:00,0.065
2026-02-27 06:23:17+00:00,0.065
2026-02-27 06:24:18+00:00,0.065
2026-02-27 06:25:17+00:00,0.065
2026-02-27 06:26:19+00:00,0.065
2026-02-27 06:27:19+00:00,0.065
2026-02-27 06:28:18+00:00,0.065
2026-02-27 06:29:19+00:00,0.065
2026-02-27 06:30:22+00:00,0.065
2026-02-27 06:31:32+00:00,0.065
2026-02-27 06:32:17+00:00,0.065
2026-02-27 06:33:18+00:00,0.065
2026-02-27 06:34:18+00:00,0.065
2026-02-27 06:35:19+00:00,0.065
2026-02-27 06:36:26+00:00,0.065
2026-02-27 06:37:18+00:00,0.065
2026-02-27 06:38:18+00:00,0.065
2026-02-27 06:39:17+00:00,0.065
2026-02-27 06:40:16+00:00,0.065
2026-02-27 06:41:32+00:00,0.065
2026-02-27 06:42:17+00:00,0.065
2026-02-27 06:43:17+00:00,0.065
2026-02-27 06:44:18+00:00,0.065
2026-02-27 06:45:17+00:00,0.065
2026-02-27 06:46:18+00:00,0.065
2026-02-27 06:47:16+00:00,0.065
2026-02-27 06:48:16+00:00,0.065
2026-02-27 06:49:19+00:00,0.065
2026-02-27 06:50:18+00:00,0.065
2026-02-27 06:51:16+00:00,0.065
2026-02-27 06:52:18+00:00,0.065
2026-02-27 06:53:16+00:00,0.065
2026-02-27 06:54:17+00:00,0.065
2026-02-27 06:55:18+00:00,0.065
2026-02-27 06:56:16+00:00,0.065
2026-02-27 06:57:17+00:00,0.065
2026-02-27 06:58:17+00:00,0.065
2026-02-27 06:59:17+00:00,0.065
2026-02-27 07:00:19+00:00,0.065
2026-02-27 07:01:20+00:00,0.065
2026-02-27 07:02:19+00:00,0.065
2026-02-27 07:03:17+00:00,0.065
2026-02-27 07:04:18+00:00,0.065
2026-02-27 07:05:17+00:00,0.065
2026-02-27 07:06:16+00:00,0.065
2026-02-27 07:07:17+00:00,0.065
2026-02-27 07:08:17+00:00,0.065
2026-02-27 07:09:17+00:00,0.065
2026-02-27 07:10:17+00:00,0.065
2026-02-27 07:11:17+00:00,0.065
2026-02-27 07:12:18+00:00,0.065
2026-02-27 07:13:17+00:00,0.065
2026-02-27 07:14:17+00:00,0.065
2026-02-27 07:15:18+00:00,0.065
2026-02-27 07:16:18+00:00,0.065
2026-02-27 07:17:18+00:00,0.065
2026-02-27 07:18:16+00:00,0.065
2026-02-27 07:19:17+00:00,0.065
2026-02-27 07:20:18+00:00,0.065
2026-02-27 07:21:18+00:00,0.065
2026-02-27 07:22:16+00:00,0.065
2026-02-27 07:23:17+00:00,0.065
2026-02-27 07:24:18+00:00,0.065
2026-02-27 07:25:16+00:00,0.065
2026-02-27 07:26:17+00:00,0.065
2026-02-27 07:27:19+00:00,0.065
2026-02-27 07:28:19+00:00,0.065
2026-02-27 07:29:17+00:00,0.065
2026-02-27 07:30:17+00:00,0.065
2026-02-27 07:31:31+00:00,0.065
2026-02-27 07:32:16+00:00,0.065
2026-02-27 07:33:19+00:00,0.065
2026-02-27 07:34:20+00:00,0.065
2026-02-27 07:35:18+00:00,0.065
2026-02-27 07:36:16+00:00,0.065
2026-02-27 07:37:19+00:00,0.065
2026-02-27 07:38:17+00:00,0.065
2026-02-27 07:39:16+00:00,0.065
2026-02-27 07:40:18+00:00,0.065
2026-02-27 07:41:17+00:00,0.065
2026-02-27 07:42:30+00:00,0.065
2026-02-27 07:43:16+00:00,0.065
2026-02-27 07:44:18+00:00,0.065
2026-02-27 07:45:17+00:00,0.065
2026-02-27 07:46:17+00:00,0.065
2026-02-27 07:47:20+00:00,0.065
2026-02-27 07:48:17+00:00,0.065
2026-02-27 07:49:18+00:00,0.065
2026-02-27 07:50:18+00:00,0.065
2026-02-27 07:51:16+00:00,0.065
2026-02-27 07:52:17+00:00,0.065
2026-02-27 07:53:16+00:00,0.065
2026-02-27 07:54:17+00:00,0.065
2026-02-27 07:55:17+00:00,0.065
2026-02-27 07:56:16+00:00,0.065
2026-02-27 07:57:18+00:00,0.065
2026-02-27 07:58:16+00:00,0.065
2026-02-27 07:59:19+00:00,0.065
2026-02-27 08:00:19+00:00,0.065
2026-02-27 08:01:16+00:00,0.065
2026-02-27 08:02:19+00:00,0.065
2026-02-27 08:03:19+00:00,0.065
2026-02-27 08:04:17+00:00,0.065
2026-02-27 08:05:16+00:00,0.065
2026-02-27 08:06:16+00:00,0.065
2026-02-27 08:07:17+00:00,0.065
2026-02-27 08:08:18+00:00,0.065
2026-02-27 08:09:16+00:00,0.065
2026-02-27 08:10:17+00:00,0.065
2026-02-27 08:11:18+00:00,0.065
2026-02-27 08:12:17+00:00,0.065
2026-02-27 08:13:17+00:00,0.065
2026-02-27 08:14:18+00:00,0.065
2026-02-27 08:15:17+00:00,0.065
2026-02-27 08:16:17+00:00,0.065
2026-02-27 08:17:19+00:00,0.065
2026-02-27 08:18:16+00:00,0.065
2026-02-27 08:19:19+00:00,0.065
2026-02-27 08:20:17+00:00,0.065
2026-02-27 08:21:17+00:00,0.065
2026-02-27 08:22:18+00:00,0.065
2026-02-27 08:23:19+00:00,0.065
2026-02-27 08:24:18+00:00,0.065
2026-02-27 08:25:18+00:00,0.065
2026-02-27 08:26:17+00:00,0.065
2026-02-27 08:27:17+00:00,0.065
2026-02-27 08:28:17+00:00,0.065
2026-02-27 08:29:16+00:00,0.065
2026-02-27 08:30:19+00:00,0.065
2026-02-27 08:31:17+00:00,0.065
2026-02-27 08:32:17+00:00,0.065
2026-02-27 08:33:18+00:00,0.065
2026-02-27 08:34:17+00:00,0.065
2026-02-27 08:35:17+00:00,0.065
2026-02-27 08:36:17+00:00,0.065
2026-02-27 08:37:16+00:00,0.065
2026-02-27 08:38:17+00:00,0.065
2026-02-27 08:39:17+00:00,0.065
2026-02-27 08:40:16+00:00,0.065
2026-02-27 08:41:28+00:00,0.065
2026-02-27 08:42:18+00:00,0.065
2026-02-27 08:43:15+00:00,0.065
2026-02-27 08:44:18+00:00,0.065
2026-02-27 08:45:18+00:00,0.065
2026-02-27 08:46:25+00:00,0.065
2026-02-27 08:47:17+00:00,0.065
2026-02-27 08:48:18+00:00,0.065
2026-02-27 08:49:17+00:00,0.065
2026-02-27 08:50:17+00:00,0.065
2026-02-27 08:51:16+00:00,0.065
2026-02-27 08:52:16+00:00,0.065
2026-02-27 08:53:18+00:00,0.065
2026-02-27 08:54:18+00:00,0.065
2026-02-27 08:55:16+00:00,0.065
2026-02-27 08:56:18+00:00,0.065
2026-02-27 08:57:17+00:00,0.065
2026-02-27 08:58:18+00:00,0.065
2026-02-27 08:59:17+00:00,0.065
2026-02-27 09:00:26+00:00,0.065
2026-02-27 09:01:19+00:00,0.065
2026-02-27 09:02:17+00:00,0.065
2026-02-27 09:03:18+00:00,0.065
2026-02-27 09:04:19+00:00,0.065
2026-02-27 09:05:17+00:00,0.065
2026-02-27 09:06:18+00:00,0.065
2026-02-27 09:07:19+00:00,0.055
2026-02-27 09:08:19+00:00,0.055
2026-02-27 09:09:31+00:00,0.055
2026-02-27 09:10:17+00:00,0.055
2026-02-27 09:11:19+00:00,0.055
2026-02-27 09:12:17+00:00,0.055
2026-02-27 09:13:17+00:00,0.055
2026-02-27 09:14:19+00:00,0.055
2026-02-27 09:15:18+00:00,0.055
2026-02-27 09:16:17+00:00,0.055
2026-02-27 09:17:19+00:00,0.055
2026-02-27 09:18:18+00:00,0.055
2026-02-27 09:19:17+00:00,0.055
2026-02-27 09:20:18+00:00,0.055
2026-02-27 09:21:16+00:00,0.055
2026-02-27 09:22:19+00:00,0.055
2026-02-27 09:23:16+00:00,0.055
2026-02-27 09:24:18+00:00,0.055
2026-02-27 09:25:17+00:00,0.055
2026-02-27 09:26:19+00:00,0.055
2026-02-27 09:27:19+00:00,0.055
2026-02-27 09:28:17+00:00,0.065
2026-02-27 09:29:18+00:00,0.065
2026-02-27 09:30:18+00:00,0.065
2026-02-27 09:31:18+00:00,0.065
2026-02-27 09:32:17+00:00,0.065
2026-02-27 09:33:16+00:00,0.065
2026-02-27 09:34:17+00:00,0.065
2026-02-27 09:35:16+00:00,0.065
2026-02-27 09:36:16+00:00,0.065
2026-02-27 09:37:18+00:00,0.065
2026-02-27 09:38:19+00:00,0.065
2026-02-27 09:39:18+00:00,0.065
2026-02-27 09:40:19+00:00,0.065
2026-02-27 09:41:18+00:00,0.065
2026-02-27 09:42:17+00:00,0.065
2026-02-27 09:43:17+00:00,0.065
2026-02-27 09:44:28+00:00,0.065
2026-02-27 09:45:18+00:00,0.065
2026-02-27 09:46:20+00:00,0.065
2026-02-27 09:47:20+00:00,0.065
2026-02-27 09:48:18+00:00,0.065
2026-02-27 09:49:17+00:00,0.065
2026-02-27 09:50:18+00:00,0.065
2026-02-27 09:51:17+00:00,0.065
2026-02-27 09:52:18+00:00,0.065
2026-02-27 09:53:16+00:00,0.065
2026-02-27 09:54:18+00:00,0.065
2026-02-27 09:55:19+00:00,0.065
2026-02-27 09:56:17+00:00,0.065
2026-02-27 09:57:17+00:00,0.065
2026-02-27 09:58:16+00:00,0.065
2026-02-27 09:59:18+00:00,0.065
2026-02-27 10:00:20+00:00,0.07
2026-02-27 10:01:17+00:00,0.075
2026-02-27 10:02:18+00:00,0.075
2026-02-27 10:03:18+00:00,0.075
2026-02-27 10:04:19+00:00,0.075
2026-02-27 10:05:20+00:00,0.075
2026-02-27 10:06:26+00:00,0.075
2026-02-27 10:07:17+00:00,0.075
2026-02-27 10:08:18+00:00,0.075
2026-02-27 10:09:19+00:00,0.075
2026-02-27 10:10:17+00:00,0.075
2026-02-27 10:11:30+00:00,0.075
2026-02-27 10:12:18+00:00,0.075
2026-02-27 10:13:18+00:00,0.075
2026-02-27 10:14:18+00:00,0.075
2026-02-27 10:15:18+00:00,0.085
2026-02-27 10:16:19+00:00,0.085
2026-02-27 10:17:18+00:00,0.09
2026-02-27 10:18:17+00:00,0.115
2026-02-27 10:19:18+00:00,0.115
2026-02-27 10:20:18+00:00,0.1
2026-02-27 10:21:19+00:00,0.105
2026-02-27 10:22:19+00:00,0.12
2026-02-27 10:23:17+00:00,0.115
2026-02-27 10:24:17+00:00,0.115
2026-02-27 10:25:17+00:00,0.11
2026-02-27 10:26:18+00:00,0.115
2026-02-27 10:27:18+00:00,0.12
2026-02-27 10:28:17+00:00,0.12
2026-02-27 10:29:18+00:00,0.115
2026-02-27 10:30:20+00:00,0.125
2026-02-27 10:31:21+00:00,0.105
2026-02-27 10:32:18+00:00,0.115
2026-02-27 10:33:17+00:00,0.115
2026-02-27 10:34:30+00:00,0.115
2026-02-27 10:35:18+00:00,0.125
2026-02-27 10:36:18+00:00,0.125
2026-02-27 10:37:17+00:00,0.125
2026-02-27 10:38:19+00:00,0.125
2026-02-27 10:39:18+00:00,0.125
2026-02-27 10:40:32+00:00,0.125
2026-02-27 10:41:16+00:00,0.125
2026-02-27 10:42:17+00:00,0.135
2026-02-27 10:43:16+00:00,0.135
2026-02-27 10:44:19+00:00,0.135
2026-02-27 10:45:17+00:00,0.135
2026-02-27 10:46:18+00:00,0.145
2026-02-27 10:47:16+00:00,0.145
2026-02-27 10:48:17+00:00,0.155
2026-02-27 10:49:17+00:00,0.17
2026-02-27 10:50:16+00:00,0.195
2026-02-27 10:51:16+00:00,0.185
2026-02-27 10:52:18+00:00,0.165
2026-02-27 10:53:17+00:00,0.165
2026-02-27 10:54:17+00:00,0.17
2026-02-27 10:55:18+00:00,0.175
2026-02-27 10:56:17+00:00,0.185
2026-02-27 10:57:19+00:00,0.195
2026-02-27 10:58:18+00:00,0.185
2026-02-27 10:59:17+00:00,0.18
2026-02-27 11:00:18+00:00,0.175
2026-02-27 11:01:16+00:00,0.17
2026-02-27 11:02:19+00:00,0.17
2026-02-27 11:03:18+00:00,0.175
2026-02-27 11:04:18+00:00,0.175
2026-02-27 11:05:18+00:00,0.165
2026-02-27 11:06:17+00:00,0.165
2026-02-27 11:07:17+00:00,0.175
2026-02-27 11:08:20+00:00,0.16
2026-02-27 11:09:17+00:00,0.165
2026-02-27 11:10:20+00:00,0.155
2026-02-27 11:11:18+00:00,0.15
2026-02-27 11:12:19+00:00,0.15
2026-02-27 11:13:18+00:00,0.145
2026-02-27 11:14:18+00:00,0.15
2026-02-27 11:15:20+00:00,0.145
2026-02-27 11:16:18+00:00,0.145
2026-02-27 11:17:31+00:00,0.15
2026-02-27 11:18:19+00:00,0.145
2026-02-27 11:19:17+00:00,0.15
2026-02-27 11:20:19+00:00,0.155
2026-02-27 11:21:17+00:00,0.155
2026-02-27 11:22:19+00:00,0.15
2026-02-27 11:23:20+00:00,0.145
2026-02-27 11:24:21+00:00,0.135
2026-02-27 11:25:19+00:00,0.135
2026-02-27 11:26:18+00:00,0.145
2026-02-27 11:27:19+00:00,0.145
2026-02-27 11:28:18+00:00,0.145
2026-02-27 11:29:18+00:00,0.145
2026-02-27 11:30:20+00:00,0.15
2026-02-27 11:31:29+00:00,0.155
2026-02-27 11:32:18+00:00,0.185
2026-02-27 11:33:17+00:00,0.185
2026-02-27 11:34:18+00:00,0.17
2026-02-27 11:35:18+00:00,0.175
2026-02-27 11:36:16+00:00,0.17
2026-02-27 11:37:18+00:00,0.17
2026-02-27 11:38:16+00:00,0.165
2026-02-27 11:39:17+00:00,0.165
2026-02-27 11:40:18+00:00,0.165
2026-02-27 11:41:17+00:00,0.165
2026-02-27 11:42:17+00:00,0.165
2026-02-27 11:43:17+00:00,0.165
2026-02-27 11:44:18+00:00,0.165
2026-02-27 11:45:20+00:00,0.155
2026-02-27 11:46:18+00:00,0.155
2026-02-27 11:47:17+00:00,0.155
2026-02-27 11:48:28+00:00,0.155
2026-02-27 11:49:19+00:00,0.155
2026-02-27 11:50:23+00:00,0.165
2026-02-27 11:51:18+00:00,0.165
2026-02-27 11:52:19+00:00,0.165
2026-02-27 11:53:16+00:00,0.165
2026-02-27 11:54:17+00:00,0.16
2026-02-27 11:55:32+00:00,0.155
2026-02-27 11:56:17+00:00,0.155
2026-02-27 11:57:18+00:00,0.16
2026-02-27 11:58:17+00:00,0.165
2026-02-27 11:59:18+00:00,0.155
2026-02-27 12:00:34+00:00,0.165
2026-02-27 12:01:23+00:00,0.155
2026-02-27 12:02:19+00:00,0.165
2026-02-27 12:03:21+00:00,0.165
2026-02-27 12:04:18+00:00,0.175
2026-02-27 12:05:18+00:00,0.175
2026-02-27 12:06:16+00:00,0.175
2026-02-27 12:07:19+00:00,0.175
2026-02-27 12:08:21+00:00,0.175
2026-02-27 12:09:19+00:00,0.175
2026-02-27 12:10:19+00:00,0.175
2026-02-27 12:11:17+00:00,0.175
2026-02-27 12:12:17+00:00,0.175
2026-02-27 12:13:17+00:00,0.175
2026-02-27 12:14:18+00:00,0.175
2026-02-27 12:15:16+00:00,0.175
2026-02-27 12:16:17+00:00,0.175
2026-02-27 12:17:19+00:00,0.18
2026-02-27 12:18:19+00:00,0.175
2026-02-27 12:19:18+00:00,0.175
2026-02-27 12:20:19+00:00,0.185
2026-02-27 12:21:17+00:00,0.175
2026-02-27 12:22:18+00:00,0.185
2026-02-27 12:23:27+00:00,0.185
2026-02-27 12:24:18+00:00,0.185
2026-02-27 12:25:19+00:00,0.185
2026-02-27 12:26:16+00:00,0.175
2026-02-27 12:27:17+00:00,0.185
2026-02-27 12:28:19+00:00,0.175
2026-02-27 12:29:20+00:00,0.185
2026-02-27 12:30:18+00:00,0.195
2026-02-27 12:31:18+00:00,0.195
2026-02-27 12:32:17+00:00,0.195
2026-02-27 12:33:17+00:00,0.195
2026-02-27 12:34:18+00:00,0.19
2026-02-27 12:35:17+00:00,0.195
2026-02-27 12:36:17+00:00,0.185
2026-02-27 12:37:16+00:00,0.195
2026-02-27 12:38:19+00:00,0.19
2026-02-27 12:39:20+00:00,0.195
2026-02-27 12:40:18+00:00,0.19
2026-02-27 12:41:18+00:00,0.195
2026-02-27 12:42:19+00:00,0.195
2026-02-27 12:43:18+00:00,0.205
2026-02-27 12:44:17+00:00,0.205
2026-02-27 12:45:17+00:00,0.205
2026-02-27 12:46:19+00:00,0.215
2026-02-27 12:47:18+00:00,0.23
2026-02-27 12:48:19+00:00,0.245
2026-02-27 12:49:17+00:00,0.24
2026-02-27 12:50:17+00:00,0.235
2026-02-27 12:51:17+00:00,0.225
2026-02-27 12:52:17+00:00,0.205
2026-02-27 12:53:17+00:00,0.215
2026-02-27 12:54:17+00:00,0.205
2026-02-27 12:55:18+00:00,0.205
2026-02-27 12:56:18+00:00,0.205
2026-02-27 12:57:16+00:00,0.205
2026-02-27 12:58:31+00:00,0.205
2026-02-27 12:59:17+00:00,0.205
2026-02-27 13:00:18+00:00,0.205
2026-02-27 13:01:16+00:00,0.205
2026-02-27 13:02:17+00:00,0.205
2026-02-27 13:03:17+00:00,0.195
2026-02-27 13:04:18+00:00,0.195
2026-02-27 13:05:18+00:00,0.195
2026-02-27 13:06:17+00:00,0.195
2026-02-27 13:07:17+00:00,0.195
2026-02-27 13:08:17+00:00,0.195
2026-02-27 13:09:17+00:00,0.185
2026-02-27 13:10:18+00:00,0.185
2026-02-27 13:11:18+00:00,0.195
2026-02-27 13:12:17+00:00,0.185
2026-02-27 13:13:17+00:00,0.185
2026-02-27 13:14:17+00:00,0.185
2026-02-27 13:15:17+00:00,0.185
2026-02-27 13:16:19+00:00,0.185
2026-02-27 13:17:18+00:00,0.185
2026-02-27 13:18:19+00:00,0.185
2026-02-27 13:19:18+00:00,0.185
2026-02-27 13:20:18+00:00,0.185
2026-02-27 13:21:16+00:00,0.185
2026-02-27 13:22:17+00:00,0.195
2026-02-27 13:23:17+00:00,0.195
2026-02-27 13:24:19+00:00,0.195
2026-02-27 13:25:17+00:00,0.205
2026-02-27 13:26:19+00:00,0.205
2026-02-27 13:27:17+00:00,0.215
2026-02-27 13:28:16+00:00,0.225
2026-02-27 13:29:18+00:00,0.215
2026-02-27 13:30:18+00:00,0.215
2026-02-27 13:31:18+00:00,0.215
2026-02-27 13:32:18+00:00,0.215
2026-02-27 13:33:16+00:00,0.225
2026-02-27 13:34:19+00:00,0.225
2026-02-27 13:35:19+00:00,0.215
2026-02-27 13:36:18+00:00,0.225
2026-02-27 13:37:18+00:00,0.22
2026-02-27 13:38:17+00:00,0.215
2026-02-27 13:39:20+00:00,0.215
2026-02-27 13:40:21+00:00,0.215
2026-02-27 13:41:18+00:00,0.22
2026-02-27 13:42:19+00:00,0.225
2026-02-27 13:43:19+00:00,0.23
2026-02-27 13:44:18+00:00,0.235
2026-02-27 13:45:21+00:00,0.23
2026-02-27 13:46:31+00:00,0.235
2026-02-27 13:47:19+00:00,0.245
2026-02-27 13:48:19+00:00,0.235
2026-02-27 13:49:18+00:00,0.235
2026-02-27 13:50:19+00:00,0.235
2026-02-27 13:51:19+00:00,0.225
2026-02-27 13:52:18+00:00,0.235
2026-02-27 13:53:19+00:00,0.235
2026-02-27 13:54:19+00:00,0.235
2026-02-27 13:55:17+00:00,0.235
2026-02-27 13:56:17+00:00,0.235
2026-02-27 13:57:19+00:00,0.235
2026-02-27 13:58:18+00:00,0.235
2026-02-27 13:59:20+00:00,0.25
2026-02-27 14:00:20+00:00,0.255
2026-02-27 14:01:18+00:00,0.255
2026-02-27 14:02:17+00:00,0.255
2026-02-27 14:03:19+00:00,0.27
2026-02-27 14:04:19+00:00,0.265
2026-02-27 14:05:31+00:00,0.255
2026-02-27 14:06:19+00:00,0.265
2026-02-27 14:07:20+00:00,0.255
2026-02-27 14:08:18+00:00,0.275
2026-02-27 14:09:18+00:00,0.275
2026-02-27 14:10:17+00:00,0.285
2026-02-27 14:11:18+00:00,0.285
2026-02-27 14:12:30+00:00,0.285
2026-02-27 14:13:17+00:00,0.285
2026-02-27 14:14:18+00:00,0.285
2026-02-27 14:15:19+00:00,0.285
2026-02-27 14:16:20+00:00,0.275
2026-02-27 14:17:19+00:00,0.275
2026-02-27 14:18:18+00:00,0.275
2026-02-27 14:19:17+00:00,0.275
2026-02-27 14:20:18+00:00,0.275
2026-02-27 14:21:18+00:00,0.265
2026-02-27 14:22:17+00:00,0.265
2026-02-27 14:23:18+00:00,0.255
2026-02-27 14:24:18+00:00,0.265
2026-02-27 14:25:18+00:00,0.255
2026-02-27 14:26:33+00:00,0.255
2026-02-27 14:27:18+00:00,0.255
2026-02-27 14:28:19+00:00,0.255
2026-02-27 14:29:19+00:00,0.255
2026-02-27 14:30:19+00:00,0.255
2026-02-27 14:31:20+00:00,0.255
2026-02-27 14:32:20+00:00,0.255
2026-02-27 14:33:22+00:00,0.245
2026-02-27 14:34:20+00:00,0.245
2026-02-27 14:35:19+00:00,0.245
2026-02-27 14:36:18+00:00,0.245
2026-02-27 14:37:19+00:00,0.245
2026-02-27 14:38:20+00:00,0.245
2026-02-27 14:39:19+00:00,0.235
2026-02-27 14:40:18+00:00,0.245
2026-02-27 14:41:17+00:00,0.235
2026-02-27 14:42:18+00:00,0.235
2026-02-27 14:43:18+00:00,0.235
2026-02-27 14:44:18+00:00,0.235
2026-02-27 14:45:19+00:00,0.235
2026-02-27 14:46:19+00:00,0.235
2026-02-27 14:47:19+00:00,0.225
2026-02-27 14:48:17+00:00,0.225
2026-02-27 14:49:19+00:00,0.225
2026-02-27 14:50:18+00:00,0.225
2026-02-27 14:51:19+00:00,0.225
2026-02-27 14:52:18+00:00,0.225
2026-02-27 14:53:19+00:00,0.225
2026-02-27 14:54:19+00:00,0.225
2026-02-27 14:55:19+00:00,0.235
2026-02-27 14:56:18+00:00,0.235
2026-02-27 14:57:20+00:00,0.235
2026-02-27 14:58:18+00:00,0.225
2026-02-27 14:59:20+00:00,0.23
2026-02-27 15:00:21+00:00,0.235
2026-02-27 15:01:18+00:00,0.225
2026-02-27 15:02:18+00:00,0.23
2026-02-27 15:03:20+00:00,0.225
2026-02-27 15:04:20+00:00,0.225
2026-02-27 15:05:20+00:00,0.235
2026-02-27 15:06:18+00:00,0.225
2026-02-27 15:07:20+00:00,0.225
2026-02-27 15:08:18+00:00,0.225
2026-02-27 15:09:18+00:00,0.225
2026-02-27 15:10:19+00:00,0.215
2026-02-27 15:11:19+00:00,0.215
2026-02-27 15:12:19+00:00,0.215
2026-02-27 15:13:18+00:00,0.215
2026-02-27 15:14:18+00:00,0.215
2026-02-27 15:15:18+00:00,0.215
2026-02-27 15:16:20+00:00,0.215
2026-02-27 15:17:20+00:00,0.215
2026-02-27 15:18:36+00:00,0.205
2026-02-27 15:19:19+00:00,0.205
2026-02-27 15:20:20+00:00,0.205
2026-02-27 15:21:20+00:00,0.205
2026-02-27 15:22:19+00:00,0.205
2026-02-27 15:23:18+00:00,0.205
2026-02-27 15:24:19+00:00,0.205
2026-02-27 15:25:21+00:00,0.205
2026-02-27 15:26:20+00:00,0.205
2026-02-27 15:27:20+00:00,0.205
2026-02-27 15:28:20+00:00,0.195
2026-02-27 15:29:19+00:00,0.195
2026-02-27 15:30:21+00:00,0.2
2026-02-27 15:31:19+00:00,0.195
2026-02-27 15:32:19+00:00,0.195
2026-02-27 15:33:18+00:00,0.195
2026-02-27 15:34:20+00:00,0.195
2026-02-27 15:35:19+00:00,0.195
2026-02-27 15:36:32+00:00,0.195
2026-02-27 15:37:19+00:00,0.195
2026-02-27 15:38:18+00:00,0.195
2026-02-27 15:39:21+00:00,0.185
2026-02-27 15:40:34+00:00,0.185
2026-02-27 15:41:19+00:00,0.185
2026-02-27 15:42:19+00:00,0.185
2026-02-27 15:43:18+00:00,0.185
2026-02-27 15:44:18+00:00,0.175
2026-02-27 15:45:19+00:00,0.175
2026-02-27 15:46:20+00:00,0.165
2026-02-27 15:47:18+00:00,0.17
2026-02-27 15:48:18+00:00,0.175
2026-02-27 15:49:19+00:00,0.175
2026-02-27 15:50:19+00:00,0.17
2026-02-27 15:51:19+00:00,0.175
2026-02-27 15:52:18+00:00,0.175
2026-02-27 15:53:17+00:00,0.18
2026-02-27 15:54:19+00:00,0.175
2026-02-27 15:55:19+00:00,0.175
2026-02-27 15:56:18+00:00,0.18
2026-02-27 15:57:19+00:00,0.175
2026-02-27 15:58:19+00:00,0.175
2026-02-27 15:59:18+00:00,0.18
2026-02-27 16:00:32+00:00,0.185
2026-02-27 16:01:18+00:00,0.185
2026-02-27 16:02:19+00:00,0.185
2026-02-27 16:03:19+00:00,0.185
2026-02-27 16:04:18+00:00,0.185
2026-02-27 16:05:20+00:00,0.185
2026-02-27 16:06:19+00:00,0.185
2026-02-27 16:07:18+00:00,0.175
2026-02-27 16:08:18+00:00,0.175
2026-02-27 16:09:18+00:00,0.175
2026-02-27 16:10:19+00:00,0.18
2026-02-27 16:11:18+00:00,0.175
2026-02-27 16:12:18+00:00,0.185
2026-02-27 16:13:17+00:00,0.185
2026-02-27 16:14:19+00:00,0.185
2026-02-27 16:15:21+00:00,0.18
2026-02-27 16:16:28+00:00,0.18
2026-02-27 16:17:19+00:00,0.175
2026-02-27 16:18:18+00:00,0.175
2026-02-27 16:19:18+00:00,0.175
2026-02-27 16:20:20+00:00,0.175
2026-02-27 16:21:19+00:00,0.175
2026-02-27 16:22:18+00:00,0.175
2026-02-27 16:23:17+00:00,0.18
2026-02-27 16:24:19+00:00,0.175
2026-02-27 16:25:18+00:00,0.18
2026-02-27 16:26:17+00:00,0.18
2026-02-27 16:27:18+00:00,0.175
2026-02-27 16:28:19+00:00,0.175
2026-02-27 16:29:19+00:00,0.175
2026-02-27 16:30:20+00:00,0.175
2026-02-27 16:31:18+00:00,0.175
2026-02-27 16:32:19+00:00,0.175
2026-02-27 16:33:18+00:00,0.175
2026-02-27 16:34:18+00:00,0.175
2026-02-27 16:35:19+00:00,0.175
2026-02-27 16:36:26+00:00,0.175
2026-02-27 16:37:17+00:00,0.175
2026-02-27 16:38:19+00:00,0.175
2026-02-27 16:39:17+00:00,0.175
2026-02-27 16:40:19+00:00,0.175
2026-02-27 16:41:18+00:00,0.175
2026-02-27 16:42:19+00:00,0.175
2026-02-27 16:43:17+00:00,0.175
2026-02-27 16:44:17+00:00,0.175
2026-02-27 16:45:17+00:00,0.175
2026-02-27 16:46:18+00:00,0.175
2026-02-27 16:47:20+00:00,0.175
2026-02-27 16:48:18+00:00,0.175
2026-02-27 16:49:18+00:00,0.175
2026-02-27 16:50:19+00:00,0.175
2026-02-27 16:51:18+00:00,0.175
2026-02-27 16:52:19+00:00,0.175
2026-02-27 16:53:19+00:00,0.175
2026-02-27 16:54:18+00:00,0.175
2026-02-27 16:55:20+00:00,0.175
2026-02-27 16:56:18+00:00,0.175
2026-02-27 16:57:18+00:00,0.185
2026-02-27 16:58:19+00:00,0.185
2026-02-27 16:59:19+00:00,0.18
2026-02-27 17:00:21+00:00,0.185
2026-02-27 17:01:48+00:00,0.185
2026-02-27 17:02:25+00:00,0.185
2026-02-27 17:03:18+00:00,0.185
2026-02-27 17:04:20+00:00,0.185
2026-02-27 17:05:19+00:00,0.185
2026-02-27 17:06:20+00:00,0.185
2026-02-27 17:07:18+00:00,0.185
2026-02-27 17:08:18+00:00,0.185
2026-02-27 17:09:17+00:00,0.185
2026-02-27 17:10:19+00:00,0.185
2026-02-27 17:11:19+00:00,0.185
2026-02-27 17:12:18+00:00,0.185
2026-02-27 17:13:18+00:00,0.185
2026-02-27 17:14:17+00:00,0.185
2026-02-27 17:15:21+00:00,0.185
2026-02-27 17:16:19+00:00,0.185
2026-02-27 17:17:20+00:00,0.185
2026-02-27 17:18:20+00:00,0.185
2026-02-27 17:19:19+00:00,0.185
2026-02-27 17:20:19+00:00,0.185
2026-02-27 17:21:20+00:00,0.185
2026-02-27 17:22:19+00:00,0.185
2026-02-27 17:23:20+00:00,0.19
2026-02-27 17:24:20+00:00,0.185
2026-02-27 17:25:20+00:00,0.185
2026-02-27 17:26:19+00:00,0.185
2026-02-27 17:27:20+00:00,0.185
2026-02-27 17:28:19+00:00,0.185
2026-02-27 17:29:18+00:00,0.185
2026-02-27 17:30:21+00:00,0.185
2026-02-27 17:31:20+00:00,0.185
2026-02-27 17:32:20+00:00,0.185
2026-02-27 17:33:19+00:00,0.175
2026-02-27 17:34:20+00:00,0.165
2026-02-27 17:35:18+00:00,0.165
2026-02-27 17:36:18+00:00,0.155
2026-02-27 17:37:20+00:00,0.155
2026-02-27 17:38:20+00:00,0.155
2026-02-27 17:39:19+00:00,0.145
2026-02-27 17:40:18+00:00,0.145
2026-02-27 17:41:18+00:00,0.155
2026-02-27 17:42:20+00:00,0.16
2026-02-27 17:43:19+00:00,0.165
2026-02-27 17:44:18+00:00,0.165
2026-02-27 17:45:17+00:00,0.165
2026-02-27 17:46:19+00:00,0.165
2026-02-27 17:47:20+00:00,0.165
2026-02-27 17:48:19+00:00,0.165
2026-02-27 17:49:19+00:00,0.165
2026-02-27 17:50:19+00:00,0.165
2026-02-27 17:51:21+00:00,0.165
2026-02-27 17:52:20+00:00,0.165
2026-02-27 17:53:20+00:00,0.165
2026-02-27 17:54:18+00:00,0.165
2026-02-27 17:55:20+00:00,0.165
2026-02-27 17:56:19+00:00,0.165
2026-02-27 17:57:31+00:00,0.165
2026-02-27 17:58:19+00:00,0.165
2026-02-27 17:59:17+00:00,0.165
2026-02-27 18:00:28+00:00,0.165
2026-02-27 18:01:19+00:00,0.17
2026-02-27 18:02:19+00:00,0.165
2026-02-27 18:03:18+00:00,0.165
2026-02-27 18:04:19+00:00,0.165
2026-02-27 18:05:20+00:00,0.165
2026-02-27 18:06:18+00:00,0.165
2026-02-27 18:07:18+00:00,0.165
2026-02-27 18:08:19+00:00,0.165
2026-02-27 18:09:18+00:00,0.165
2026-02-27 18:10:18+00:00,0.165
2026-02-27 18:11:18+00:00,0.165
2026-02-27 18:12:19+00:00,0.155
2026-02-27 18:13:17+00:00,0.155
2026-02-27 18:14:20+00:00,0.155
2026-02-27 18:15:19+00:00,0.135
2026-02-27 18:16:18+00:00,0.145
2026-02-27 18:17:19+00:00,0.145
2026-02-27 18:18:19+00:00,0.145
2026-02-27 18:19:21+00:00,0.145
2026-02-27 18:20:18+00:00,0.145
2026-02-27 18:21:19+00:00,0.145
2026-02-27 18:22:19+00:00,0.135
2026-02-27 18:23:18+00:00,0.135
2026-02-27 18:24:18+00:00,0.135
2026-02-27 18:25:17+00:00,0.135
2026-02-27 18:26:17+00:00,0.145
2026-02-27 18:27:18+00:00,0.145
2026-02-27 18:28:18+00:00,0.15
2026-02-27 18:29:18+00:00,0.145
2026-02-27 18:30:19+00:00,0.145
2026-02-27 18:31:18+00:00,0.145
2026-02-27 18:32:18+00:00,0.145
2026-02-27 18:33:21+00:00,0.135
2026-02-27 18:34:22+00:00,0.135
2026-02-27 18:35:18+00:00,0.135
2026-02-27 18:36:20+00:00,0.135
2026-02-27 18:37:18+00:00,0.135
2026-02-27 18:38:17+00:00,0.135
2026-02-27 18:39:18+00:00,0.135
2026-02-27 18:40:18+00:00,0.135
2026-02-27 18:41:18+00:00,0.135
2026-02-27 18:42:18+00:00,0.135
2026-02-27 18:43:18+00:00,0.145
2026-02-27 18:44:18+00:00,0.145
2026-02-27 18:45:18+00:00,0.145
2026-02-27 18:46:19+00:00,0.145
2026-02-27 18:47:18+00:00,0.145
2026-02-27 18:48:18+00:00,0.145
2026-02-27 18:49:18+00:00,0.145
2026-02-27 18:50:17+00:00,0.145
2026-02-27 18:51:19+00:00,0.145
2026-02-27 18:52:19+00:00,0.145
2026-02-27 18:53:18+00:00,0.145
2026-02-27 18:54:19+00:00,0.145
2026-02-27 18:55:22+00:00,0.145
2026-02-27 18:56:33+00:00,0.145
2026-02-27 18:57:19+00:00,0.145
2026-02-27 18:58:17+00:00,0.145
2026-02-27 18:59:18+00:00,0.145
2026-02-27 19:00:20+00:00,0.145
2026-02-27 19:01:20+00:00,0.145
2026-02-27 19:02:20+00:00,0.145
2026-02-27 19:03:19+00:00,0.145
2026-02-27 19:04:34+00:00,0.145
2026-02-27 19:05:21+00:00,0.145
2026-02-27 19:06:19+00:00,0.145
2026-02-27 19:07:18+00:00,0.145
2026-02-27 19:08:20+00:00,0.145
2026-02-27 19:09:19+00:00,0.145
2026-02-27 19:10:19+00:00,0.145
2026-02-27 19:11:18+00:00,0.145
2026-02-27 19:12:18+00:00,0.145
2026-02-27 19:13:19+00:00,0.145
2026-02-27 19:14:18+00:00,0.145
2026-02-27 19:15:32+00:00,0.145
2026-02-27 19:16:18+00:00,0.145
2026-02-27 19:17:20+00:00,0.145
2026-02-27 19:18:19+00:00,0.145
2026-02-27 19:19:18+00:00,0.145
2026-02-27 19:20:20+00:00,0.145
2026-02-27 19:21:32+00:00,0.145
2026-02-27 19:22:18+00:00,0.145
2026-02-27 19:23:19+00:00,0.145
2026-02-27 19:24:18+00:00,0.145
2026-02-27 19:25:18+00:00,0.145
2026-02-27 19:26:19+00:00,0.145
2026-02-27 19:27:33+00:00,0.145
2026-02-27 19:28:20+00:00,0.145
2026-02-27 19:29:18+00:00,0.145
2026-02-27 19:30:19+00:00,0.145
2026-02-27 19:31:18+00:00,0.145
2026-02-27 19:32:20+00:00,0.145
2026-02-27 19:33:17+00:00,0.145
2026-02-27 19:34:19+00:00,0.145
2026-02-27 19:35:19+00:00,0.145
2026-02-27 19:36:19+00:00,0.145
2026-02-27 19:37:19+00:00,0.155
2026-02-27 19:38:19+00:00,0.155
2026-02-27 19:39:19+00:00,0.155
2026-02-27 19:40:19+00:00,0.155
2026-02-27 19:41:18+00:00,0.155
2026-02-27 19:42:19+00:00,0.155
2026-02-27 19:43:19+00:00,0.155
2026-02-27 19:44:18+00:00,0.155
2026-02-27 19:45:19+00:00,0.155
2026-02-27 19:46:18+00:00,0.155
2026-02-27 19:47:17+00:00,0.165
2026-02-27 19:48:19+00:00,0.165
2026-02-27 19:49:19+00:00,0.155
2026-02-27 19:50:19+00:00,0.165
2026-02-27 19:51:19+00:00,0.165
2026-02-27 19:52:19+00:00,0.165
2026-02-27 19:53:19+00:00,0.165
2026-02-27 19:54:19+00:00,0.165
2026-02-27 19:55:20+00:00,0.165
2026-02-27 19:56:19+00:00,0.165
2026-02-27 19:57:19+00:00,0.165
2026-02-27 19:58:31+00:00,0.165
2026-02-27 19:59:20+00:00,0.165
2026-02-27 20:00:21+00:00,0.165
2026-02-27 20:01:19+00:00,0.165
2026-02-27 20:02:19+00:00,0.165
2026-02-27 20:03:19+00:00,0.165
2026-02-27 20:04:19+00:00,0.165
2026-02-27 20:05:20+00:00,0.165
2026-02-27 20:06:20+00:00,0.165
2026-02-27 20:07:20+00:00,0.165
2026-02-27 20:08:18+00:00,0.165
2026-02-27 20:09:18+00:00,0.165
2026-02-27 20:10:20+00:00,0.165
2026-02-27 20:11:19+00:00,0.165
2026-02-27 20:12:18+00:00,0.165
2026-02-27 20:13:19+00:00,0.165
2026-02-27 20:14:19+00:00,0.165
2026-02-27 20:15:19+00:00,0.165
2026-02-27 20:16:20+00:00,0.165
2026-02-27 20:17:19+00:00,0.165
2026-02-27 20:18:34+00:00,0.165
2026-02-27 20:19:34+00:00,0.165
2026-02-27 20:20:32+00:00,0.165
2026-02-27 20:21:20+00:00,0.165
2026-02-27 20:22:20+00:00,0.165
2026-02-27 20:23:19+00:00,0.165
2026-02-27 20:24:20+00:00,0.165
2026-02-27 20:25:19+00:00,0.165
2026-02-27 20:26:19+00:00,0.165
2026-02-27 20:27:18+00:00,0.165
2026-02-27 20:28:18+00:00,0.165
2026-02-27 20:29:19+00:00,0.165
2026-02-27 20:30:21+00:00,0.165
2026-02-27 20:31:20+00:00,0.165
2026-02-27 20:32:20+00:00,0.165
2026-02-27 20:33:20+00:00,0.165
2026-02-27 20:34:20+00:00,0.165
2026-02-27 20:35:20+00:00,0.165
2026-02-27 20:36:21+00:00,0.165
2026-02-27 20:37:23+00:00,0.165
2026-02-27 20:38:20+00:00,0.165
2026-02-27 20:39:18+00:00,0.165
2026-02-27 20:40:20+00:00,0.165
2026-02-27 20:41:20+00:00,0.165
2026-02-27 20:42:20+00:00,0.165
2026-02-27 20:43:19+00:00,0.165
2026-02-27 20:44:20+00:00,0.165
2026-02-27 20:45:36+00:00,0.165
2026-02-27 20:46:21+00:00,0.175
2026-02-27 20:47:21+00:00,0.185
2026-02-27 20:48:21+00:00,0.185
2026-02-27 20:49:21+00:00,0.185
2026-02-27 20:50:20+00:00,0.185
2026-02-27 20:51:21+00:00,0.175
2026-02-27 20:52:20+00:00,0.175
2026-02-27 20:53:21+00:00,0.175
2026-02-27 20:54:20+00:00,0.175
2026-02-27 20:55:33+00:00,0.175
2026-02-27 20:56:21+00:00,0.175
2026-02-27 20:57:21+00:00,0.175
2026-02-27 20:58:20+00:00,0.175
2026-02-27 20:59:20+00:00,0.175
2026-02-27 21:00:22+00:00,0.175
2026-02-27 21:01:20+00:00,0.175
2026-02-27 21:02:21+00:00,0.175
2026-02-27 21:03:25+00:00,0.165
2026-02-27 21:04:20+00:00,0.175
2026-02-27 21:05:37+00:00,0.17
2026-02-27 21:06:21+00:00,0.155
2026-02-27 21:07:19+00:00,0.155
2026-02-27 21:08:20+00:00,0.165
2026-02-27 21:09:20+00:00,0.17
2026-02-27 21:10:20+00:00,0.165
2026-02-27 21:11:22+00:00,0.165
2026-02-27 21:12:27+00:00,0.165
2026-02-27 21:13:20+00:00,0.165
2026-02-27 21:14:20+00:00,0.165
2026-02-27 21:15:21+00:00,0.165
2026-02-27 21:16:20+00:00,0.165
2026-02-27 21:17:21+00:00,0.165
2026-02-27 21:18:20+00:00,0.165
2026-02-27 21:19:19+00:00,0.165
2026-02-27 21:20:20+00:00,0.165
2026-02-27 21:21:18+00:00,0.165
2026-02-27 21:22:19+00:00,0.165
2026-02-27 21:23:18+00:00,0.17
2026-02-27 21:24:20+00:00,0.175
2026-02-27 21:25:20+00:00,0.175
2026-02-27 21:26:18+00:00,0.175
2026-02-27 21:27:18+00:00,0.175
2026-02-27 21:28:20+00:00,0.175
2026-02-27 21:29:20+00:00,0.175
2026-02-27 21:30:20+00:00,0.185
2026-02-27 21:31:21+00:00,0.185
2026-02-27 21:32:19+00:00,0.185
2026-02-27 21:33:18+00:00,0.185
2026-02-27 21:34:20+00:00,0.185
2026-02-27 21:35:18+00:00,0.175
2026-02-27 21:36:20+00:00,0.175
2026-02-27 21:37:20+00:00,0.175
2026-02-27 21:38:25+00:00,0.175
2026-02-27 21:39:19+00:00,0.175
2026-02-27 21:40:20+00:00,0.175
2026-02-27 21:41:21+00:00,0.17
2026-02-27 21:42:18+00:00,0.165
2026-02-27 21:43:18+00:00,0.175
2026-02-27 21:44:19+00:00,0.175
2026-02-27 21:45:19+00:00,0.175
2026-02-27 21:46:19+00:00,0.175
2026-02-27 21:47:19+00:00,0.175
2026-02-27 21:48:20+00:00,0.175
2026-02-27 21:49:19+00:00,0.175
2026-02-27 21:50:20+00:00,0.175
2026-02-27 21:51:19+00:00,0.175
2026-02-27 21:52:35+00:00,0.175
2026-02-27 21:53:31+00:00,0.175
2026-02-27 21:54:18+00:00,0.175
2026-02-27 21:55:19+00:00,0.175
2026-02-27 21:56:20+00:00,0.175
2026-02-27 21:57:20+00:00,0.18
2026-02-27 21:58:20+00:00,0.185
2026-02-27 21:59:18+00:00,0.195
2026-02-27 22:00:22+00:00,0.195
2026-02-27 22:01:20+00:00,0.195
2026-02-27 22:02:31+00:00,0.195
2026-02-27 22:03:22+00:00,0.195
2026-02-27 22:04:19+00:00,0.195
2026-02-27 22:05:20+00:00,0.195
2026-02-27 22:06:21+00:00,0.195
2026-02-27 22:07:23+00:00,0.195
2026-02-27 22:08:19+00:00,0.215
2026-02-27 22:09:20+00:00,0.205
2026-02-27 22:10:20+00:00,0.215
2026-02-27 22:11:22+00:00,0.205
2026-02-27 22:12:20+00:00,0.205
2026-02-27 22:13:21+00:00,0.205
2026-02-27 22:14:19+00:00,0.195
2026-02-27 22:15:19+00:00,0.195
2026-02-27 22:16:21+00:00,0.195
2026-02-27 22:17:22+00:00,0.195
2026-02-27 22:18:20+00:00,0.195
2026-02-27 22:19:21+00:00,0.185
2026-02-27 22:20:21+00:00,0.185
2026-02-27 22:21:34+00:00,0.185
2026-02-27 22:22:34+00:00,0.185
2026-02-27 22:23:21+00:00,0.185
2026-02-27 22:24:21+00:00,0.185
2026-02-27 22:25:22+00:00,0.18
2026-02-27 22:26:21+00:00,0.175
2026-02-27 22:27:20+00:00,0.175
2026-02-27 22:28:21+00:00,0.175
2026-02-27 22:29:20+00:00,0.175
2026-02-27 22:30:21+00:00,0.175
2026-02-27 22:31:20+00:00,0.175
2026-02-27 22:32:23+00:00,0.175
2026-02-27 22:33:25+00:00,0.175
2026-02-27 22:34:21+00:00,0.175
2026-02-27 22:35:22+00:00,0.175
2026-02-27 22:36:21+00:00,0.175
2026-02-27 22:37:19+00:00,0.175
2026-02-27 22:38:20+00:00,0.175
2026-02-27 22:39:20+00:00,0.175
2026-02-27 22:40:23+00:00,0.175
2026-02-27 22:41:20+00:00,0.175
2026-02-27 22:42:22+00:00,0.175
2026-02-27 22:43:22+00:00,0.175
2026-02-27 22:44:21+00:00,0.185
2026-02-27 22:45:20+00:00,0.185
2026-02-27 22:46:20+00:00,0.185
2026-02-27 22:47:22+00:00,0.185
2026-02-27 22:48:22+00:00,0.185
2026-02-27 22:49:21+00:00,0.185
2026-02-27 22:50:22+00:00,0.185
2026-02-27 22:51:22+00:00,0.185
2026-02-27 22:52:21+00:00,0.185
2026-02-27 22:53:21+00:00,0.185
2026-02-27 22:54:21+00:00,0.195
2026-02-27 22:55:20+00:00,0.2
2026-02-27 22:56:34+00:00,0.195
2026-02-27 22:57:22+00:00,0.195
2026-02-27 22:58:24+00:00,0.195
2026-02-27 22:59:26+00:00,0.195
2026-02-27 23:00:23+00:00,0.195
2026-02-27 23:01:21+00:00,0.205
2026-02-27 23:02:22+00:00,0.205
2026-02-27 23:03:20+00:00,0.195
2026-02-27 23:04:20+00:00,0.195
2026-02-27 23:05:22+00:00,0.195
2026-02-27 23:06:22+00:00,0.195
2026-02-27 23:07:20+00:00,0.195
2026-02-27 23:08:20+00:00,0.195
2026-02-27 23:09:21+00:00,0.185
2026-02-27 23:10:23+00:00,0.185
2026-02-27 23:11:21+00:00,0.19
2026-02-27 23:12:21+00:00,0.195
2026-02-27 23:13:21+00:00,0.195
2026-02-27 23:14:32+00:00,0.195
2026-02-27 23:15:31+00:00,0.19
2026-02-27 23:16:21+00:00,0.185
2026-02-27 23:17:23+00:00,0.195
2026-02-27 23:18:19+00:00,0.185
2026-02-27 23:19:21+00:00,0.185
2026-02-27 23:20:23+00:00,0.185
2026-02-27 23:21:21+00:00,0.185
2026-02-27 23:22:21+00:00,0.185
2026-02-27 23:23:21+00:00,0.185
2026-02-27 23:24:23+00:00,0.185
2026-02-27 23:25:31+00:00,0.185
2026-02-27 23:26:19+00:00,0.18
2026-02-27 23:27:22+00:00,0.175
2026-02-27 23:28:21+00:00,0.175
2026-02-27 23:29:21+00:00,0.185
2026-02-27 23:30:21+00:00,0.185
2026-02-27 23:31:22+00:00,0.185
2026-02-27 23:32:19+00:00,0.185
2026-02-27 23:33:21+00:00,0.185
2026-02-27 23:34:20+00:00,0.185
2026-02-27 23:35:21+00:00,0.185
2026-02-27 23:36:21+00:00,0.185
2026-02-27 23:37:20+00:00,0.185
2026-02-27 23:38:21+00:00,0.185
2026-02-27 23:39:20+00:00,0.195
2026-02-27 23:40:20+00:00,0.195
2026-02-27 23:41:22+00:00,0.185
2026-02-27 23:42:21+00:00,0.19
2026-02-27 23:43:20+00:00,0.185
2026-02-27 23:44:20+00:00,0.185
2026-02-27 23:45:22+00:00,0.185
2026-02-27 23:46:21+00:00,0.185
2026-02-27 23:47:21+00:00,0.185
2026-02-27 23:48:20+00:00,0.185
2026-02-27 23:49:22+00:00,0.185
2026-02-27 23:50:23+00:00,0.185
2026-02-27 23:51:37+00:00,0.185
2026-02-27 23:52:21+00:00,0.185
2026-02-27 23:53:20+00:00,0.195
2026-02-27 23:54:20+00:00,0.185
2026-02-27 23:55:20+00:00,0.185
2026-02-27 23:56:21+00:00,0.195
2026-02-27 23:57:20+00:00,0.195
2026-02-27 23:58:22+00:00,0.195
2026-02-27 23:59:20+00:00,0.195
2026-02-28 00:00:24+00:00,0.195
2026-02-28 00:01:22+00:00,0.195
2026-02-28 00:02:22+00:00,0.195
2026-02-28 00:03:22+00:00,0.195
2026-02-28 00:04:23+00:00,0.195
2026-02-28 00:05:21+00:00,0.195
2026-02-28 00:06:21+00:00,0.195
2026-02-28 00:07:23+00:00,0.195
2026-02-28 00:08:21+00:00,0.205
2026-02-28 00:09:21+00:00,0.205
2026-02-28 00:10:24+00:00,0.205
2026-02-28 00:11:20+00:00,0.205
2026-02-28 00:12:22+00:00,0.205
2026-02-28 00:13:21+00:00,0.205
2026-02-28 00:14:20+00:00,0.205
2026-02-28 00:15:37+00:00,0.205
2026-02-28 00:16:22+00:00,0.205
2026-02-28 00:17:21+00:00,0.205
2026-02-28 00:18:23+00:00,0.205
2026-02-28 00:19:21+00:00,0.205
2026-02-28 00:20:20+00:00,0.205
2026-02-28 00:21:22+00:00,0.205
2026-02-28 00:22:22+00:00,0.205
2026-02-28 00:23:22+00:00,0.205
2026-02-28 00:24:21+00:00,0.205
2026-02-28 00:25:22+00:00,0.205
2026-02-28 00:26:24+00:00,0.205
2026-02-28 00:27:21+00:00,0.205
2026-02-28 00:28:22+00:00,0.205
2026-02-28 00:29:21+00:00,0.205
2026-02-28 00:30:23+00:00,0.205
2026-02-28 00:31:21+00:00,0.205
2026-02-28 00:32:21+00:00,0.205
2026-02-28 00:33:21+00:00,0.205
2026-02-28 00:34:21+00:00,0.205
2026-02-28 00:35:20+00:00,0.205
2026-02-28 00:36:22+00:00,0.195
2026-02-28 00:37:22+00:00,0.195
2026-02-28 00:38:21+00:00,0.2
2026-02-28 00:39:21+00:00,0.2
2026-02-28 00:40:22+00:00,0.195
2026-02-28 00:41:21+00:00,0.195
2026-02-28 00:42:21+00:00,0.205
2026-02-28 00:43:22+00:00,0.195
2026-02-28 00:44:21+00:00,0.205
2026-02-28 00:45:22+00:00,0.205
2026-02-28 00:46:20+00:00,0.195
2026-02-28 00:47:22+00:00,0.185
2026-02-28 00:48:23+00:00,0.185
2026-02-28 00:49:21+00:00,0.185
2026-02-28 00:50:21+00:00,0.185
2026-02-28 00:51:21+00:00,0.185
2026-02-28 00:52:23+00:00,0.185
2026-02-28 00:53:23+00:00,0.185
2026-02-28 00:54:23+00:00,0.185
2026-02-28 00:55:23+00:00,0.185
2026-02-28 00:56:22+00:00,0.195
2026-02-28 00:57:21+00:00,0.185
2026-02-28 00:58:21+00:00,0.185
2026-02-28 00:59:22+00:00,0.185
2026-02-28 01:00:22+00:00,0.185
2026-02-28 01:01:21+00:00,0.185
2026-02-28 01:02:21+00:00,0.185
2026-02-28 01:03:21+00:00,0.185
2026-02-28 01:04:22+00:00,0.185
2026-02-28 01:05:22+00:00,0.185
2026-02-28 01:06:20+00:00,0.185
2026-02-28 01:07:20+00:00,0.185
2026-02-28 01:08:20+00:00,0.185
2026-02-28 01:09:34+00:00,0.185
2026-02-28 01:10:22+00:00,0.185
2026-02-28 01:11:19+00:00,0.185
2026-02-28 01:12:22+00:00,0.185
2026-02-28 01:13:21+00:00,0.185
2026-02-28 01:14:22+00:00,0.185
2026-02-28 01:15:21+00:00,0.185
2026-02-28 01:16:21+00:00,0.185
2026-02-28 01:17:23+00:00,0.185
2026-02-28 01:18:21+00:00,0.185
2026-02-28 01:19:21+00:00,0.185
2026-02-28 01:20:23+00:00,0.185
2026-02-28 01:21:22+00:00,0.185
2026-02-28 01:22:22+00:00,0.185
2026-02-28 01:23:20+00:00,0.185
2026-02-28 01:24:22+00:00,0.185
2026-02-28 01:25:23+00:00,0.185
2026-02-28 01:26:20+00:00,0.185
2026-02-28 01:27:21+00:00,0.185
2026-02-28 01:28:23+00:00,0.185
2026-02-28 01:29:21+00:00,0.185
2026-02-28 01:30:22+00:00,0.185
2026-02-28 01:31:21+00:00,0.185
2026-02-28 01:32:37+00:00,0.185
2026-02-28 01:33:28+00:00,0.185
2026-02-28 01:34:20+00:00,0.185
2026-02-28 01:35:21+00:00,0.185
2026-02-28 01:36:21+00:00,0.185
2026-02-28 01:37:20+00:00,0.185
2026-02-28 01:38:22+00:00,0.185
2026-02-28 01:39:21+00:00,0.185
2026-02-28 01:40:21+00:00,0.185
2026-02-28 01:41:19+00:00,0.185
2026-02-28 01:42:21+00:00,0.185
2026-02-28 01:43:22+00:00,0.185
2026-02-28 01:44:21+00:00,0.185
2026-02-28 01:45:23+00:00,0.18
2026-02-28 01:46:20+00:00,0.175
2026-02-28 01:47:21+00:00,0.175
2026-02-28 01:48:20+00:00,0.175
2026-02-28 01:49:21+00:00,0.175
2026-02-28 01:50:22+00:00,0.175
2026-02-28 01:51:20+00:00,0.185
2026-02-28 01:52:22+00:00,0.185
2026-02-28 01:53:21+00:00,0.185
2026-02-28 01:54:21+00:00,0.175
2026-02-28 01:55:22+00:00,0.175
2026-02-28 01:56:22+00:00,0.175
2026-02-28 01:57:23+00:00,0.165
2026-02-28 01:58:39+00:00,0.165
2026-02-28 01:59:32+00:00,0.165
2026-02-28 02:00:26+00:00,0.165
2026-02-28 02:01:21+00:00,0.165
2026-02-28 02:02:22+00:00,0.165
2026-02-28 02:03:23+00:00,0.165
2026-02-28 02:04:21+00:00,0.165
2026-02-28 02:05:21+00:00,0.165
2026-02-28 02:06:34+00:00,0.165
2026-02-28 02:07:21+00:00,0.165
2026-02-28 02:08:20+00:00,0.165
2026-02-28 02:09:22+00:00,0.165
2026-02-28 02:10:23+00:00,0.165
2026-02-28 02:11:21+00:00,0.165
2026-02-28 02:12:37+00:00,0.165
2026-02-28 02:13:35+00:00,0.165
2026-02-28 02:14:22+00:00,0.165
2026-02-28 02:15:22+00:00,0.165
2026-02-28 02:16:21+00:00,0.165
2026-02-28 02:17:22+00:00,0.165
2026-02-28 02:18:22+00:00,0.165
2026-02-28 02:19:22+00:00,0.165
2026-02-28 02:20:22+00:00,0.165
2026-02-28 02:21:21+00:00,0.165
2026-02-28 02:22:21+00:00,0.165
2026-02-28 02:23:22+00:00,0.165
2026-02-28 02:24:21+00:00,0.165
2026-02-28 02:25:24+00:00,0.165
2026-02-28 02:26:19+00:00,0.165
2026-02-28 02:27:22+00:00,0.165
2026-02-28 02:28:22+00:00,0.165
2026-02-28 02:29:21+00:00,0.165
2026-02-28 02:30:23+00:00,0.165
2026-02-28 02:31:20+00:00,0.165
2026-02-28 02:32:22+00:00,0.165
2026-02-28 02:33:22+00:00,0.165
2026-02-28 02:34:22+00:00,0.165
2026-02-28 02:35:20+00:00,0.165
2026-02-28 02:36:21+00:00,0.165
2026-02-28 02:37:20+00:00,0.165
2026-02-28 02:38:23+00:00,0.165
2026-02-28 02:39:24+00:00,0.165
2026-02-28 02:40:22+00:00,0.165
2026-02-28 02:41:22+00:00,0.165
2026-02-28 02:42:20+00:00,0.165
2026-02-28 02:43:23+00:00,0.165
2026-02-28 02:44:21+00:00,0.165
2026-02-28 02:45:21+00:00,0.165
2026-02-28 02:46:34+00:00,0.165
2026-02-28 02:47:22+00:00,0.165
2026-02-28 02:48:36+00:00,0.165
2026-02-28 02:49:21+00:00,0.165
2026-02-28 02:50:36+00:00,0.165
2026-02-28 02:51:21+00:00,0.165
2026-02-28 02:52:21+00:00,0.165
2026-02-28 02:53:21+00:00,0.165
2026-02-28 02:54:22+00:00,0.165
2026-02-28 02:55:20+00:00,0.165
2026-02-28 02:56:20+00:00,0.165
2026-02-28 02:57:21+00:00,0.165
2026-02-28 02:58:20+00:00,0.165
2026-02-28 02:59:22+00:00,0.165
2026-02-28 03:00:22+00:00,0.165
2026-02-28 03:01:21+00:00,0.165
2026-02-28 03:02:21+00:00,0.165
2026-02-28 03:03:22+00:00,0.165
2026-02-28 03:04:23+00:00,0.165
2026-02-28 03:05:23+00:00,0.165
2026-02-28 03:06:22+00:00,0.165
2026-02-28 03:07:23+00:00,0.165
2026-02-28 03:08:22+00:00,0.165
2026-02-28 03:09:22+00:00,0.165
2026-02-28 03:10:23+00:00,0.165
2026-02-28 03:11:21+00:00,0.165
2026-02-28 03:12:20+00:00,0.165
2026-02-28 03:13:21+00:00,0.165
2026-02-28 03:14:22+00:00,0.165
2026-02-28 03:15:22+00:00,0.165
2026-02-28 03:16:21+00:00,0.165
2026-02-28 03:17:21+00:00,0.165
2026-02-28 03:18:22+00:00,0.155
2026-02-28 03:19:21+00:00,0.155
2026-02-28 03:20:21+00:00,0.155
2026-02-28 03:21:36+00:00,0.155
2026-02-28 03:22:21+00:00,0.155
2026-02-28 03:23:22+00:00,0.155
2026-02-28 03:24:21+00:00,0.155
2026-02-28 03:25:20+00:00,0.155
2026-02-28 03:26:20+00:00,0.155
2026-02-28 03:27:22+00:00,0.155
2026-02-28 03:28:26+00:00,0.155
2026-02-28 03:29:21+00:00,0.155
2026-02-28 03:30:21+00:00,0.155
2026-02-28 03:31:21+00:00,0.155
2026-02-28 03:32:21+00:00,0.155
2026-02-28 03:33:22+00:00,0.155
2026-02-28 03:34:33+00:00,0.155
2026-02-28 03:35:22+00:00,0.155
2026-02-28 03:36:32+00:00,0.145
2026-02-28 03:37:21+00:00,0.145
2026-02-28 03:38:22+00:00,0.145
2026-02-28 03:39:21+00:00,0.145
2026-02-28 03:40:21+00:00,0.145
2026-02-28 03:41:22+00:00,0.145
2026-02-28 03:42:21+00:00,0.145
2026-02-28 03:43:21+00:00,0.145
2026-02-28 03:44:20+00:00,0.145
2026-02-28 03:45:20+00:00,0.145
2026-02-28 03:46:20+00:00,0.135
2026-02-28 03:47:20+00:00,0.135
2026-02-28 03:48:19+00:00,0.135
2026-02-28 03:49:20+00:00,0.135
2026-02-28 03:50:21+00:00,0.135
2026-02-28 03:51:21+00:00,0.135
2026-02-28 03:52:22+00:00,0.145
2026-02-28 03:53:21+00:00,0.135
2026-02-28 03:54:29+00:00,0.13
2026-02-28 03:55:19+00:00,0.125
2026-02-28 03:56:20+00:00,0.13
2026-02-28 03:57:20+00:00,0.125
2026-02-28 03:58:36+00:00,0.125
2026-02-28 03:59:19+00:00,0.135
2026-02-28 04:00:23+00:00,0.135
2026-02-28 04:01:21+00:00,0.135
2026-02-28 04:02:22+00:00,0.125
2026-02-28 04:03:22+00:00,0.125
2026-02-28 04:04:20+00:00,0.125
2026-02-28 04:05:20+00:00,0.125
2026-02-28 04:06:34+00:00,0.125
2026-02-28 04:07:21+00:00,0.115
2026-02-28 04:08:21+00:00,0.115
2026-02-28 04:09:23+00:00,0.115
2026-02-28 04:10:21+00:00,0.115
2026-02-28 04:11:22+00:00,0.115
2026-02-28 04:12:32+00:00,0.115
2026-02-28 04:13:20+00:00,0.115
2026-02-28 04:14:36+00:00,0.115
2026-02-28 04:15:20+00:00,0.115
2026-02-28 04:16:20+00:00,0.115
2026-02-28 04:17:22+00:00,0.115
2026-02-28 04:18:21+00:00,0.115
2026-02-28 04:19:23+00:00,0.115
2026-02-28 04:20:34+00:00,0.115
2026-02-28 04:21:22+00:00,0.115
2026-02-28 04:22:21+00:00,0.115
2026-02-28 04:23:20+00:00,0.115
2026-02-28 04:24:21+00:00,0.115
2026-02-28 04:25:22+00:00,0.115
2026-02-28 04:26:21+00:00,0.115
2026-02-28 04:27:20+00:00,0.115
2026-02-28 04:28:22+00:00,0.115
2026-02-28 04:29:22+00:00,0.115
2026-02-28 04:30:22+00:00,0.115
2026-02-28 04:31:21+00:00,0.115
2026-02-28 04:32:21+00:00,0.115
2026-02-28 04:33:21+00:00,0.115
2026-02-28 04:34:21+00:00,0.115
2026-02-28 04:35:23+00:00,0.115
2026-02-28 04:36:20+00:00,0.115
2026-02-28 04:37:21+00:00,0.115
2026-02-28 04:38:21+00:00,0.115
2026-02-28 04:39:20+00:00,0.115
2026-02-28 04:40:21+00:00,0.115
2026-02-28 04:41:21+00:00,0.115
2026-02-28 04:42:21+00:00,0.115
2026-02-28 04:43:21+00:00,0.115
2026-02-28 04:44:24+00:00,0.115
2026-02-28 04:45:36+00:00,0.115
2026-02-28 04:46:21+00:00,0.115
2026-02-28 04:47:21+00:00,0.115
2026-02-28 04:48:22+00:00,0.115
2026-02-28 04:49:22+00:00,0.13
2026-02-28 04:50:22+00:00,0.135
2026-02-28 04:51:21+00:00,0.135
2026-02-28 04:52:21+00:00,0.135
2026-02-28 04:53:33+00:00,0.135
2026-02-28 04:54:22+00:00,0.135
2026-02-28 04:55:21+00:00,0.135
2026-02-28 04:56:20+00:00,0.135
2026-02-28 04:57:21+00:00,0.135
2026-02-28 04:58:19+00:00,0.125
2026-02-28 04:59:20+00:00,0.13
2026-02-28 05:00:22+00:00,0.135
2026-02-28 05:01:20+00:00,0.135
2026-02-28 05:02:21+00:00,0.135
2026-02-28 05:03:23+00:00,0.145
2026-02-28 05:04:22+00:00,0.145
2026-02-28 05:05:20+00:00,0.135
2026-02-28 05:06:19+00:00,0.145
2026-02-28 05:07:20+00:00,0.145
2026-02-28 05:08:34+00:00,0.155
2026-02-28 05:09:22+00:00,0.155
2026-02-28 05:10:23+00:00,0.145
2026-02-28 05:11:29+00:00,0.155
2026-02-28 05:12:20+00:00,0.165
2026-02-28 05:13:20+00:00,0.165
2026-02-28 05:14:21+00:00,0.165
2026-02-28 05:15:21+00:00,0.15
2026-02-28 05:16:20+00:00,0.155
2026-02-28 05:17:21+00:00,0.175
2026-02-28 05:18:21+00:00,0.165
2026-02-28 05:19:22+00:00,0.155
2026-02-28 05:20:22+00:00,0.165
2026-02-28 05:21:21+00:00,0.175
2026-02-28 05:22:22+00:00,0.185
2026-02-28 05:23:20+00:00,0.185
2026-02-28 05:24:21+00:00,0.195
2026-02-28 05:25:22+00:00,0.195
2026-02-28 05:26:20+00:00,0.195
2026-02-28 05:27:21+00:00,0.195
2026-02-28 05:28:24+00:00,0.175
2026-02-28 05:29:27+00:00,0.205
2026-02-28 05:30:22+00:00,0.205
2026-02-28 05:31:22+00:00,0.215
2026-02-28 05:32:35+00:00,0.205
2026-02-28 05:33:23+00:00,0.205
2026-02-28 05:34:20+00:00,0.195
2026-02-28 05:35:22+00:00,0.205
2026-02-28 05:36:21+00:00,0.205
2026-02-28 05:37:20+00:00,0.195
2026-02-28 05:38:21+00:00,0.21
2026-02-28 05:39:21+00:00,0.205
2026-02-28 05:40:21+00:00,0.215
2026-02-28 05:41:22+00:00,0.205
2026-02-28 05:42:33+00:00,0.205
2026-02-28 05:43:19+00:00,0.22
2026-02-28 05:44:20+00:00,0.205
2026-02-28 05:45:21+00:00,0.205
2026-02-28 05:46:21+00:00,0.205
2026-02-28 05:47:19+00:00,0.215
2026-02-28 05:48:20+00:00,0.215
2026-02-28 05:49:21+00:00,0.225
2026-02-28 05:50:21+00:00,0.225
2026-02-28 05:51:21+00:00,0.225
2026-02-28 05:52:21+00:00,0.215
2026-02-28 05:53:20+00:00,0.215
2026-02-28 05:54:24+00:00,0.225
2026-02-28 05:55:29+00:00,0.225
2026-02-28 05:56:20+00:00,0.24
2026-02-28 05:57:20+00:00,0.235
2026-02-28 05:58:19+00:00,0.235
2026-02-28 05:59:22+00:00,0.22
2026-02-28 06:00:26+00:00,0.215
2026-02-28 06:01:21+00:00,0.22
2026-02-28 06:02:22+00:00,0.225
2026-02-28 06:03:20+00:00,0.225
2026-02-28 06:04:21+00:00,0.225
2026-02-28 06:05:22+00:00,0.235
2026-02-28 06:06:20+00:00,0.24
2026-02-28 06:07:22+00:00,0.235
2026-02-28 06:08:22+00:00,0.235
2026-02-28 06:09:21+00:00,0.245
2026-02-28 06:10:23+00:00,0.255
2026-02-28 06:11:21+00:00,0.255
2026-02-28 06:12:22+00:00,0.255
2026-02-28 06:13:22+00:00,0.435
2026-02-28 06:14:20+00:00,0.615
2026-02-28 06:15:23+00:00,0.85
2026-02-28 06:16:20+00:00,0.87
2026-02-28 06:17:21+00:00,0.515
2026-02-28 06:18:22+00:00,0.495
2026-02-28 06:19:21+00:00,0.665
2026-02-28 06:20:24+00:00,0.69
2026-02-28 06:21:37+00:00,0.685
2026-02-28 06:22:22+00:00,0.685
2026-02-28 06:23:23+00:00,0.695
2026-02-28 06:24:21+00:00,0.655
2026-02-28 06:25:20+00:00,0.675
2026-02-28 06:26:22+00:00,0.655
2026-02-28 06:27:22+00:00,0.635
2026-02-28 06:28:21+00:00,0.535
2026-02-28 06:29:21+00:00,0.515
2026-02-28 06:30:23+00:00,0.565
2026-02-28 06:31:23+00:00,0.645
2026-02-28 06:32:22+00:00,0.675
2026-02-28 06:33:20+00:00,0.7
2026-02-28 06:34:22+00:00,0.685
2026-02-28 06:35:22+00:00,0.795
2026-02-28 06:36:25+00:00,0.825
2026-02-28 06:37:20+00:00,0.855
2026-02-28 06:38:22+00:00,0.885
2026-02-28 06:39:21+00:00,0.905
2026-02-28 06:40:21+00:00,0.875
2026-02-28 06:41:23+00:00,0.905
2026-02-28 06:42:20+00:00,0.92
2026-02-28 06:43:21+00:00,0.915
2026-02-28 06:44:20+00:00,0.785
2026-02-28 06:45:24+00:00,0.76
2026-02-28 06:46:21+00:00,0.805
2026-02-28 06:47:22+00:00,0.83
2026-02-28 06:48:20+00:00,0.865
2026-02-28 06:49:22+00:00,0.895
2026-02-28 06:50:23+00:00,0.895
2026-02-28 06:51:22+00:00,0.915
2026-02-28 06:52:23+00:00,0.91
2026-02-28 06:53:22+00:00,0.935
2026-02-28 06:54:23+00:00,0.945
2026-02-28 06:55:20+00:00,0.945
2026-02-28 06:56:24+00:00,0.955
2026-02-28 06:57:29+00:00,0.965
2026-02-28 06:58:21+00:00,0.975
2026-02-28 06:59:22+00:00,0.985
2026-02-28 07:00:24+00:00,0.985
2026-02-28 07:01:22+00:00,0.985
2026-02-28 07:02:24+00:00,0.978
2026-02-28 07:03:25+00:00,0.9775
2026-02-28 07:04:22+00:00,0.9775
2026-02-28 07:05:23+00:00,0.9785
2026-02-28 07:06:22+00:00,0.964
2026-02-28 07:07:20+00:00,0.965
2026-02-28 07:08:23+00:00,0.9435
2026-02-28 07:09:21+00:00,0.95
2026-02-28 07:10:22+00:00,0.9535
2026-02-28 07:11:24+00:00,0.956
2026-02-28 07:12:35+00:00,0.9645
2026-02-28 07:13:20+00:00,0.9665
2026-02-28 07:14:22+00:00,0.979
2026-02-28 07:15:22+00:00,0.9815
2026-02-28 07:16:23+00:00,0.977
2026-02-28 07:17:48+00:00,0.975
2026-02-28 07:18:23+00:00,0.9715
2026-02-28 07:19:21+00:00,0.981
2026-02-28 07:20:23+00:00,0.983
2026-02-28 07:21:21+00:00,0.9825
2026-02-28 07:22:23+00:00,0.9845
2026-02-28 07:23:20+00:00,0.9855
2026-02-28 07:24:21+00:00,0.9875
2026-02-28 07:25:21+00:00,0.9885
2026-02-28 07:26:22+00:00,0.987
2026-02-28 07:27:20+00:00,0.9865
2026-02-28 07:28:20+00:00,0.9865
2026-02-28 07:29:22+00:00,0.9895
2026-02-28 07:30:23+00:00,0.9905
2026-02-28 07:31:21+00:00,0.9925
2026-02-28 07:32:21+00:00,0.9945
2026-02-28 07:33:22+00:00,0.9965
2026-02-28 07:34:21+00:00,0.9975
2026-02-28 07:35:23+00:00,0.9985
2026-02-28 07:36:22+00:00,0.9975
2026-02-28 07:37:24+00:00,0.9975
2026-02-28 07:38:29+00:00,0.9985
2026-02-28 07:39:23+00:00,0.998
2026-02-28 07:40:22+00:00,0.9975
2026-02-28 07:41:23+00:00,0.9985
2026-02-28 07:42:23+00:00,0.9985
2026-02-28 07:43:20+00:00,0.9975
2026-02-28 07:44:21+00:00,0.9975
2026-02-28 07:45:22+00:00,0.9975
2026-02-28 07:46:22+00:00,0.9985
2026-02-28 07:47:21+00:00,0.998
2026-02-28 07:48:22+00:00,0.9985
2026-02-28 07:49:20+00:00,0.9985
2026-02-28 07:50:23+00:00,0.9985
2026-02-28 07:51:20+00:00,0.9985
2026-02-28 07:52:22+00:00,0.9985
2026-02-28 07:53:22+00:00,0.9985
2026-02-28 07:54:22+00:00,0.9985
2026-02-28 07:55:20+00:00,0.9985
2026-02-28 07:56:21+00:00,0.9985
2026-02-28 07:57:22+00:00,0.9985
2026-02-28 07:58:22+00:00,0.9985
2026-02-28 07:59:21+00:00,0.9985
2026-02-28 08:00:32+00:00,0.9985
2026-02-28 08:01:21+00:00,0.9985
2026-02-28 08:02:20+00:00,0.9985
2026-02-28 08:03:21+00:00,0.9985
2026-02-28 08:04:26+00:00,0.9985
2026-02-28 08:05:23+00:00,0.9985
2026-02-28 08:06:22+00:00,0.9985
2026-02-28 08:07:22+00:00,0.9985
2026-02-28 08:08:22+00:00,0.9985
2026-02-28 08:09:20+00:00,0.9985
2026-02-28 08:10:22+00:00,0.9985
2026-02-28 08:11:22+00:00,0.9985
2026-02-28 08:12:20+00:00,0.9985
2026-02-28 08:13:21+00:00,0.9985
2026-02-28 08:14:20+00:00,0.9985
2026-02-28 08:15:20+00:00,0.9985
2026-02-28 08:16:20+00:00,0.9985
2026-02-28 08:17:21+00:00,0.9985
2026-02-28 08:18:20+00:00,0.9985
2026-02-28 08:19:21+00:00,0.9985
2026-02-28 08:20:24+00:00,0.9985
2026-02-28 08:21:19+00:00,0.9995
2026-02-28 08:22:23+00:00,0.9995
2026-02-28 08:23:20+00:00,0.9995
2026-02-28 08:24:21+00:00,0.9995
2026-02-28 08:25:23+00:00,0.9995
2026-02-28 08:26:20+00:00,0.9995
2026-02-28 08:27:21+00:00,0.9995
2026-02-28 08:28:22+00:00,0.9995
2026-02-28 08:29:34+00:00,0.9995
2026-02-28 08:30:44+00:00,0.9995
2026-02-28 08:31:22+00:00,0.9995
2026-02-28 08:32:22+00:00,0.9995
2026-02-28 08:33:20+00:00,0.9995
2026-02-28 08:34:20+00:00,0.9995
2026-02-28 08:35:21+00:00,0.9995
2026-02-28 08:36:20+00:00,0.9995
2026-02-28 08:37:19+00:00,0.9995
2026-02-28 08:38:20+00:00,0.9995
2026-02-28 08:39:20+00:00,0.9995
2026-02-28 08:40:21+00:00,0.9995
2026-02-28 08:41:32+00:00,0.9985
2026-02-28 08:42:20+00:00,0.999
2026-02-28 08:43:20+00:00,0.999
2026-02-28 08:44:22+00:00,0.9995
2026-02-28 08:45:21+00:00,0.9985
2026-02-28 08:46:21+00:00,0.9985
2026-02-28 08:47:32+00:00,0.9985
2026-02-28 08:48:20+00:00,0.9985
2026-02-28 08:49:21+00:00,0.9985
2026-02-28 08:50:32+00:00,0.9985
2026-02-28 08:51:21+00:00,0.9985
2026-02-28 08:52:19+00:00,0.9985
2026-02-28 08:53:20+00:00,0.9985
2026-02-28 08:54:21+00:00,0.9985
2026-02-28 08:55:24+00:00,0.9985
2026-02-28 08:56:35+00:00,0.9985
2026-02-28 08:57:22+00:00,0.9985
2026-02-28 08:58:21+00:00,0.9985
2026-02-28 08:59:21+00:00,0.9995
2026-02-28 09:00:23+00:00,0.9995
2026-02-28 09:01:39+00:00,0.9995
2026-02-28 09:02:21+00:00,0.9995
2026-02-28 09:03:23+00:00,0.9995
2026-02-28 09:04:21+00:00,0.9995
2026-02-28 09:05:22+00:00,0.9995
2026-02-28 09:06:21+00:00,0.9995
2026-02-28 09:07:21+00:00,0.9995
2026-02-28 09:08:22+00:00,0.9995
2026-02-28 09:09:21+00:00,0.9995
2026-02-28 09:10:21+00:00,0.9995
2026-02-28 09:11:21+00:00,0.9995
2026-02-28 09:12:21+00:00,0.9995
2026-02-28 09:13:20+00:00,0.9995
2026-02-28 09:14:22+00:00,0.9995
2026-02-28 09:15:22+00:00,0.9995
2026-02-28 09:16:20+00:00,0.9995
2026-02-28 09:17:20+00:00,0.9995
2026-02-28 09:18:23+00:00,0.9995
2026-02-28 09:19:21+00:00,0.9995
2026-02-28 09:20:21+00:00,0.9995
2026-02-28 09:21:20+00:00,0.9995
2026-02-28 09:22:22+00:00,0.9995
2026-02-28 09:23:21+00:00,0.9995
2026-02-28 09:24:22+00:00,0.9995
2026-02-28 09:25:22+00:00,0.9995
2026-02-28 09:26:20+00:00,0.9995
2026-02-28 09:27:24+00:00,0.9995
2026-02-28 09:28:19+00:00,0.9995
2026-02-28 09:29:23+00:00,0.9995
2026-02-28 09:30:22+00:00,0.9995
