timestamp,price
2026-02-26 22:40:36+00:00,0.475
2026-02-26 22:41:25+00:00,0.475
2026-02-26 22:42:25+00:00,0.475
2026-02-26 22:43:25+00:00,0.475
2026-02-26 22:44:25+00:00,0.475
2026-02-26 22:45:27+00:00,0.475
2026-02-26 22:46:25+00:00,0.475
2026-02-26 22:47:26+00:00,0.475
2026-02-26 22:48:25+00:00,0.475
2026-02-26 22:49:26+00:00,0.475
2026-02-26 22:50:29+00:00,0.475
2026-02-26 22:51:26+00:00,0.475
2026-02-26 22:52:25+00:00,0.475
2026-02-26 22:53:24+00:00,0.475
2026-02-26 22:54:25+00:00,0.475
2026-02-26 22:55:27+00:00,0.475
2026-02-26 22:56:25+00:00,0.475
2026-02-26 22:57:23+00:00,0.48
2026-02-26 22:58:26+00:00,0.475
2026-02-26 22:59:25+00:00,0.475
2026-02-26 23:00:34+00:00,0.475
2026-02-26 23:01:25+00:00,0.475
2026-02-26 23:02:26+00:00,0.475
2026-02-26 23:03:54+00:00,0.475
2026-02-26 23:04:26+00:00,0.475
2026-02-26 23:05:36+00:00,0.475
2026-02-26 23:06:26+00:00,0.475
2026-02-26 23:07:25+00:00,0.475
2026-02-26 23:08:24+00:00,0.475
2026-02-26 23:09:25+00:00,0.475
2026-02-26 23:10:26+00:00,0.475
2026-02-26 23:11:25+00:00,0.475
2026-02-26 23:12:25+00:00,0.475
2026-02-26 23:13:24+00:00,0.475
2026-02-26 23:14:25+00:00,0.475
2026-02-26 23:15:27+00:00,0.475
2026-02-26 23:16:24+00:00,0.475
2026-02-26 23:17:37+00:00,0.475
2026-02-26 23:18:25+00:00,0.475
2026-02-26 23:19:55+00:00,0.475
2026-02-26 23:20:36+00:00,0.475
2026-02-26 23:21:24+00:00,0.475
2026-02-26 23:22:24+00:00,0.475
2026-02-26 23:23:24+00:00,0.475
2026-02-26 23:24:25+00:00,0.475
2026-02-26 23:25:26+00:00,0.475
2026-02-26 23:26:25+00:00,0.475
2026-02-26 23:27:26+00:00,0.475
2026-02-26 23:28:24+00:00,0.475
2026-02-26 23:29:26+00:00,0.475
2026-02-26 23:30:34+00:00,0.475
2026-02-26 23:31:25+00:00,0.475
2026-02-26 23:32:25+00:00,0.475
2026-02-26 23:33:24+00:00,0.475
2026-02-26 23:34:24+00:00,0.475
2026-02-26 23:35:26+00:00,0.475
2026-02-26 23:36:37+00:00,0.475
2026-02-26 23:37:42+00:00,0.475
2026-02-26 23:38:24+00:00,0.475
2026-02-26 23:39:25+00:00,0.475
2026-02-26 23:40:37+00:00,0.475
2026-02-26 23:41:24+00:00,0.475
2026-02-26 23:42:25+00:00,0.475
2026-02-26 23:43:25+00:00,0.475
2026-02-26 23:44:25+00:00,0.475
2026-02-26 23:46:02+00:00,0.475
2026-02-26 23:46:36+00:00,0.475
2026-02-26 23:47:25+00:00,0.475
2026-02-26 23:48:24+00:00,0.475
2026-02-26 23:49:25+00:00,0.475
2026-02-26 23:50:29+00:00,0.475
2026-02-26 23:51:25+00:00,0.475
2026-02-26 23:52:25+00:00,0.475
2026-02-26 23:53:25+00:00,0.475
2026-02-26 23:54:26+00:00,0.475
2026-02-26 23:55:26+00:00,0.475
2026-02-26 23:56:25+00:00,0.475
2026-02-26 23:57:24+00:00,0.475
2026-02-26 23:58:24+00:00,0.475
2026-02-26 23:59:24+00:00,0.475
2026-02-27 00:00:52+00:00,0.475
2026-02-27 00:01:26+00:00,0.475
2026-02-27 00:02:24+00:00,0.475
2026-02-27 00:03:24+00:00,0.475
2026-02-27 00:04:24+00:00,0.475
2026-02-27 00:05:26+00:00,0.475
2026-02-27 00:06:26+00:00,0.475
2026-02-27 00:07:26+00:00,0.475
2026-02-27 00:08:24+00:00,0.475
2026-02-27 00:09:26+00:00,0.475
2026-02-27 00:10:26+00:00,0.475
2026-02-27 00:11:42+00:00,0.475
2026-02-27 00:12:24+00:00,0.475
2026-02-27 00:13:26+00:00,0.475
2026-02-27 00:14:25+00:00,0.475
2026-02-27 00:15:34+00:00,0.475
2026-02-27 00:16:25+00:00,0.475
2026-02-27 00:17:26+00:00,0.475
2026-02-27 00:18:27+00:00,0.475
2026-02-27 00:19:27+00:00,0.475
2026-02-27 00:20:28+00:00,0.475
2026-02-27 00:21:27+00:00,0.475
2026-02-27 00:22:24+00:00,0.475
2026-02-27 00:23:25+00:00,0.475
2026-02-27 00:24:25+00:00,0.475
2026-02-27 00:25:26+00:00,0.475
2026-02-27 00:26:26+00:00,0.475
2026-02-27 00:27:24+00:00,0.475
2026-02-27 00:28:26+00:00,0.475
2026-02-27 00:29:41+00:00,0.475
2026-02-27 00:30:34+00:00,0.475
2026-02-27 00:31:24+00:00,0.475
2026-02-27 00:32:26+00:00,0.475
2026-02-27 00:33:25+00:00,0.475
2026-02-27 00:34:27+00:00,0.475
2026-02-27 00:35:26+00:00,0.475
2026-02-27 00:36:26+00:00,0.475
2026-02-27 00:37:43+00:00,0.475
2026-02-27 00:38:25+00:00,0.475
2026-02-27 00:39:24+00:00,0.475
2026-02-27 00:40:32+00:00,0.475
2026-02-27 00:41:26+00:00,0.475
2026-02-27 00:42:26+00:00,0.475
2026-02-27 00:43:26+00:00,0.475
2026-02-27 00:44:26+00:00,0.475
2026-02-27 00:45:28+00:00,0.475
2026-02-27 00:46:27+00:00,0.475
2026-02-27 00:47:25+00:00,0.475
2026-02-27 00:48:25+00:00,0.475
2026-02-27 00:49:25+00:00,0.475
2026-02-27 00:50:28+00:00,0.475
2026-02-27 00:51:27+00:00,0.475
2026-02-27 00:52:26+00:00,0.475
2026-02-27 00:53:31+00:00,0.475
2026-02-27 00:54:33+00:00,0.475
2026-02-27 00:55:26+00:00,0.475
2026-02-27 00:56:25+00:00,0.475
2026-02-27 00:57:24+00:00,0.475
2026-02-27 00:58:25+00:00,0.475
2026-02-27 00:59:25+00:00,0.475
2026-02-27 01:00:34+00:00,0.475
2026-02-27 01:01:44+00:00,0.475
2026-02-27 01:02:25+00:00,0.475
2026-02-27 01:03:26+00:00,0.475
2026-02-27 01:04:26+00:00,0.475
2026-02-27 01:05:35+00:00,0.475
2026-02-27 01:06:24+00:00,0.475
2026-02-27 01:07:25+00:00,0.475
2026-02-27 01:08:26+00:00,0.475
2026-02-27 01:09:27+00:00,0.475
2026-02-27 01:10:28+00:00,0.475
2026-02-27 01:11:24+00:00,0.475
2026-02-27 01:12:25+00:00,0.475
2026-02-27 01:13:25+00:00,0.475
2026-02-27 01:14:25+00:00,0.475
2026-02-27 01:15:28+00:00,0.475
2026-02-27 01:16:26+00:00,0.475
2026-02-27 01:17:27+00:00,0.475
2026-02-27 01:18:26+00:00,0.475
2026-02-27 01:19:25+00:00,0.475
2026-02-27 01:20:27+00:00,0.475
2026-02-27 01:21:25+00:00,0.475
2026-02-27 01:22:26+00:00,0.475
2026-02-27 01:23:25+00:00,0.475
2026-02-27 01:24:26+00:00,0.475
2026-02-27 01:25:51+00:00,0.475
2026-02-27 01:26:26+00:00,0.475
2026-02-27 01:27:26+00:00,0.475
2026-02-27 01:28:27+00:00,0.475
2026-02-27 01:29:28+00:00,0.475
2026-02-27 01:30:34+00:00,0.475
2026-02-27 01:31:25+00:00,0.475
2026-02-27 01:32:26+00:00,0.475
2026-02-27 01:33:24+00:00,0.475
2026-02-27 01:34:26+00:00,0.475
2026-02-27 01:35:26+00:00,0.475
2026-02-27 01:36:41+00:00,0.475
2026-02-27 01:37:25+00:00,0.475
2026-02-27 01:38:27+00:00,0.475
2026-02-27 01:39:26+00:00,0.475
2026-02-27 01:40:27+00:00,0.475
2026-02-27 01:41:25+00:00,0.475
2026-02-27 01:42:25+00:00,0.475
2026-02-27 01:43:25+00:00,0.475
2026-02-27 01:44:25+00:00,0.475
2026-02-27 01:45:42+00:00,0.475
2026-02-27 01:46:26+00:00,0.475
2026-02-27 01:47:27+00:00,0.475
2026-02-27 01:48:26+00:00,0.475
2026-02-27 01:49:27+00:00,0.475
2026-02-27 01:50:28+00:00,0.475
2026-02-27 01:51:49+00:00,0.475
2026-02-27 01:52:26+00:00,0.475
2026-02-27 01:53:25+00:00,0.475
2026-02-27 01:54:27+00:00,0.475
2026-02-27 01:55:34+00:00,0.475
2026-02-27 01:56:24+00:00,0.475
2026-02-27 01:57:25+00:00,0.475
2026-02-27 01:58:25+00:00,0.475
2026-02-27 01:59:25+00:00,0.475
2026-02-27 02:00:35+00:00,0.475
2026-02-27 02:01:36+00:00,0.48
2026-02-27 02:02:24+00:00,0.475
2026-02-27 02:03:25+00:00,0.475
2026-02-27 02:04:25+00:00,0.475
2026-02-27 02:05:27+00:00,0.475
2026-02-27 02:06:30+00:00,0.475
2026-02-27 02:07:27+00:00,0.475
2026-02-27 02:08:24+00:00,0.475
2026-02-27 02:09:25+00:00,0.475
2026-02-27 02:10:27+00:00,0.475
2026-02-27 02:11:25+00:00,0.475
2026-02-27 02:12:25+00:00,0.475
2026-02-27 02:13:27+00:00,0.475
2026-02-27 02:14:25+00:00,0.475
2026-02-27 02:15:28+00:00,0.475
2026-02-27 02:16:46+00:00,0.475
2026-02-27 02:17:29+00:00,0.475
2026-02-27 02:18:25+00:00,0.475
2026-02-27 02:19:25+00:00,0.475
2026-02-27 02:20:34+00:00,0.475
2026-02-27 02:21:26+00:00,0.475
2026-02-27 02:22:23+00:00,0.475
2026-02-27 02:23:27+00:00,0.475
2026-02-27 02:24:26+00:00,0.475
2026-02-27 02:25:28+00:00,0.475
2026-02-27 02:26:24+00:00,0.475
2026-02-27 02:27:26+00:00,0.475
2026-02-27 02:28:43+00:00,0.475
2026-02-27 02:29:26+00:00,0.475
2026-02-27 02:30:37+00:00,0.475
2026-02-27 02:31:25+00:00,0.475
2026-02-27 02:32:25+00:00,0.475
2026-02-27 02:33:24+00:00,0.475
2026-02-27 02:34:25+00:00,0.475
2026-02-27 02:35:27+00:00,0.475
2026-02-27 02:36:25+00:00,0.475
2026-02-27 02:37:24+00:00,0.475
2026-02-27 02:38:24+00:00,0.475
2026-02-27 02:39:25+00:00,0.475
2026-02-27 02:40:28+00:00,0.475
2026-02-27 02:41:40+00:00,0.475
2026-02-27 02:42:47+00:00,0.475
2026-02-27 02:43:30+00:00,0.475
2026-02-27 02:44:26+00:00,0.475
2026-02-27 02:45:32+00:00,0.475
2026-02-27 02:46:24+00:00,0.475
2026-02-27 02:47:24+00:00,0.475
2026-02-27 02:48:26+00:00,0.475
2026-02-27 02:49:27+00:00,0.475
2026-02-27 02:50:26+00:00,0.475
2026-02-27 02:51:25+00:00,0.475
2026-02-27 02:52:24+00:00,0.475
2026-02-27 02:53:25+00:00,0.475
2026-02-27 02:54:26+00:00,0.475
2026-02-27 02:55:43+00:00,0.475
2026-02-27 02:56:24+00:00,0.475
2026-02-27 02:57:24+00:00,0.475
2026-02-27 02:58:26+00:00,0.475
2026-02-27 02:59:26+00:00,0.475
2026-02-27 03:00:42+00:00,0.475
2026-02-27 03:01:24+00:00,0.475
2026-02-27 03:02:26+00:00,0.475
2026-02-27 03:03:25+00:00,0.475
2026-02-27 03:04:25+00:00,0.475
2026-02-27 03:05:27+00:00,0.475
2026-02-27 03:06:26+00:00,0.475
2026-02-27 03:07:25+00:00,0.475
2026-02-27 03:08:46+00:00,0.475
2026-02-27 03:09:32+00:00,0.475
2026-02-27 03:10:33+00:00,0.475
2026-02-27 03:11:25+00:00,0.475
2026-02-27 03:12:24+00:00,0.475
2026-02-27 03:13:25+00:00,0.475
2026-02-27 03:14:26+00:00,0.475
2026-02-27 03:15:30+00:00,0.475
2026-02-27 03:16:24+00:00,0.475
2026-02-27 03:17:26+00:00,0.475
2026-02-27 03:18:25+00:00,0.475
2026-02-27 03:19:29+00:00,0.475
2026-02-27 03:20:34+00:00,0.475
2026-02-27 03:21:25+00:00,0.475
2026-02-27 03:22:25+00:00,0.475
2026-02-27 03:23:26+00:00,0.475
2026-02-27 03:24:26+00:00,0.475
2026-02-27 03:25:26+00:00,0.475
2026-02-27 03:26:25+00:00,0.475
2026-02-27 03:27:26+00:00,0.475
2026-02-27 03:28:51+00:00,0.475
2026-02-27 03:29:25+00:00,0.475
2026-02-27 03:30:40+00:00,0.475
2026-02-27 03:31:24+00:00,0.475
2026-02-27 03:32:25+00:00,0.475
2026-02-27 03:33:25+00:00,0.475
2026-02-27 03:34:24+00:00,0.475
2026-02-27 03:35:28+00:00,0.475
2026-02-27 03:36:26+00:00,0.475
2026-02-27 03:37:24+00:00,0.475
2026-02-27 03:38:25+00:00,0.475
2026-02-27 03:39:39+00:00,0.475
2026-02-27 03:40:28+00:00,0.475
2026-02-27 03:41:24+00:00,0.475
2026-02-27 03:42:25+00:00,0.475
2026-02-27 03:43:26+00:00,0.475
2026-02-27 03:44:26+00:00,0.475
2026-02-27 03:45:27+00:00,0.475
2026-02-27 03:46:24+00:00,0.475
2026-02-27 03:47:26+00:00,0.475
2026-02-27 03:48:24+00:00,0.475
2026-02-27 03:49:25+00:00,0.475
2026-02-27 03:50:26+00:00,0.475
2026-02-27 03:51:23+00:00,0.475
2026-02-27 03:52:26+00:00,0.475
2026-02-27 03:53:24+00:00,0.475
2026-02-27 03:54:55+00:00,0.475
2026-02-27 03:55:38+00:00,0.475
2026-02-27 03:56:25+00:00,0.475
2026-02-27 03:57:25+00:00,0.475
2026-02-27 03:58:24+00:00,0.475
2026-02-27 03:59:24+00:00,0.475
2026-02-27 04:00:35+00:00,0.475
2026-02-27 04:01:26+00:00,0.475
2026-02-27 04:02:25+00:00,0.475
2026-02-27 04:03:26+00:00,0.475
2026-02-27 04:04:25+00:00,0.475
2026-02-27 04:05:27+00:00,0.475
2026-02-27 04:06:24+00:00,0.475
2026-02-27 04:07:25+00:00,0.475
2026-02-27 04:08:25+00:00,0.475
2026-02-27 04:09:27+00:00,0.475
2026-02-27 04:10:29+00:00,0.475
2026-02-27 04:11:38+00:00,0.475
2026-02-27 04:12:24+00:00,0.475
2026-02-27 04:13:25+00:00,0.475
2026-02-27 04:14:38+00:00,0.475
2026-02-27 04:15:26+00:00,0.475
2026-02-27 04:16:26+00:00,0.475
2026-02-27 04:17:24+00:00,0.475
2026-02-27 04:18:26+00:00,0.475
2026-02-27 04:19:25+00:00,0.475
2026-02-27 04:21:02+00:00,0.475
2026-02-27 04:21:37+00:00,0.475
2026-02-27 04:22:23+00:00,0.475
2026-02-27 04:23:40+00:00,0.475
2026-02-27 04:24:25+00:00,0.475
2026-02-27 04:25:26+00:00,0.475
2026-02-27 04:26:24+00:00,0.475
2026-02-27 04:27:26+00:00,0.475
2026-02-27 04:28:24+00:00,0.475
2026-02-27 04:29:25+00:00,0.475
2026-02-27 04:30:34+00:00,0.475
2026-02-27 04:31:23+00:00,0.475
2026-02-27 04:32:30+00:00,0.475
2026-02-27 04:33:23+00:00,0.475
2026-02-27 04:34:24+00:00,0.475
2026-02-27 04:35:28+00:00,0.475
2026-02-27 04:36:24+00:00,0.475
2026-02-27 04:37:24+00:00,0.475
2026-02-27 04:38:24+00:00,0.475
2026-02-27 04:39:25+00:00,0.475
2026-02-27 04:40:25+00:00,0.475
2026-02-27 04:41:25+00:00,0.475
2026-02-27 04:42:26+00:00,0.475
2026-02-27 04:43:24+00:00,0.475
2026-02-27 04:44:26+00:00,0.475
2026-02-27 04:45:25+00:00,0.475
2026-02-27 04:46:56+00:00,0.475
2026-02-27 04:47:30+00:00,0.475
2026-02-27 04:48:38+00:00,0.475
2026-02-27 04:49:25+00:00,0.475
2026-02-27 04:50:36+00:00,0.475
2026-02-27 04:51:39+00:00,0.475
2026-02-27 04:52:25+00:00,0.475
2026-02-27 04:53:25+00:00,0.475
2026-02-27 04:54:26+00:00,0.475
2026-02-27 04:55:26+00:00,0.475
2026-02-27 04:56:25+00:00,0.475
2026-02-27 04:57:26+00:00,0.475
2026-02-27 04:58:25+00:00,0.475
2026-02-27 04:59:25+00:00,0.475
2026-02-27 05:00:49+00:00,0.475
2026-02-27 05:01:25+00:00,0.475
2026-02-27 05:02:23+00:00,0.475
2026-02-27 05:03:27+00:00,0.475
2026-02-27 05:04:25+00:00,0.475
2026-02-27 05:05:38+00:00,0.475
2026-02-27 05:06:26+00:00,0.475
2026-02-27 05:07:25+00:00,0.475
2026-02-27 05:08:24+00:00,0.475
2026-02-27 05:09:24+00:00,0.475
2026-02-27 05:10:27+00:00,0.475
2026-02-27 05:11:24+00:00,0.475
2026-02-27 05:12:54+00:00,0.475
2026-02-27 05:13:27+00:00,0.475
2026-02-27 05:14:25+00:00,0.475
2026-02-27 05:15:32+00:00,0.475
2026-02-27 05:16:24+00:00,0.475
2026-02-27 05:17:24+00:00,0.475
2026-02-27 05:18:23+00:00,0.475
2026-02-27 05:19:24+00:00,0.475
2026-02-27 05:20:27+00:00,0.475
2026-02-27 05:21:39+00:00,0.475
2026-02-27 05:22:23+00:00,0.475
2026-02-27 05:23:25+00:00,0.475
2026-02-27 05:24:23+00:00,0.475
2026-02-27 05:25:57+00:00,0.475
2026-02-27 05:26:30+00:00,0.475
2026-02-27 05:27:24+00:00,0.475
2026-02-27 05:28:25+00:00,0.475
2026-02-27 05:29:26+00:00,0.475
2026-02-27 05:30:32+00:00,0.475
2026-02-27 05:31:23+00:00,0.475
2026-02-27 05:32:23+00:00,0.475
2026-02-27 05:33:23+00:00,0.475
2026-02-27 05:34:26+00:00,0.475
2026-02-27 05:35:25+00:00,0.475
2026-02-27 05:36:24+00:00,0.475
2026-02-27 05:37:25+00:00,0.475
2026-02-27 05:38:24+00:00,0.475
2026-02-27 05:39:25+00:00,0.475
2026-02-27 05:40:25+00:00,0.475
2026-02-27 05:41:24+00:00,0.475
2026-02-27 05:42:23+00:00,0.475
2026-02-27 05:43:22+00:00,0.475
2026-02-27 05:44:23+00:00,0.475
2026-02-27 05:45:31+00:00,0.475
2026-02-27 05:46:28+00:00,0.475
2026-02-27 05:47:25+00:00,0.475
2026-02-27 05:48:23+00:00,0.475
2026-02-27 05:49:24+00:00,0.475
2026-02-27 05:50:27+00:00,0.475
2026-02-27 05:51:50+00:00,0.475
2026-02-27 05:52:37+00:00,0.475
2026-02-27 05:53:25+00:00,0.475
2026-02-27 05:54:24+00:00,0.475
2026-02-27 05:55:33+00:00,0.475
2026-02-27 05:56:25+00:00,0.475
2026-02-27 05:57:23+00:00,0.475
2026-02-27 05:58:23+00:00,0.475
2026-02-27 05:59:25+00:00,0.48
2026-02-27 06:00:42+00:00,0.475
2026-02-27 06:01:25+00:00,0.475
2026-02-27 06:02:23+00:00,0.475
2026-02-27 06:03:25+00:00,0.475
2026-02-27 06:04:24+00:00,0.475
2026-02-27 06:05:26+00:00,0.475
2026-02-27 06:06:23+00:00,0.475
2026-02-27 06:07:23+00:00,0.475
2026-02-27 06:08:25+00:00,0.475
2026-02-27 06:09:24+00:00,0.475
2026-02-27 06:10:25+00:00,0.475
2026-02-27 06:11:37+00:00,0.475
2026-02-27 06:12:23+00:00,0.475
2026-02-27 06:13:25+00:00,0.475
2026-02-27 06:14:23+00:00,0.475
2026-02-27 06:15:24+00:00,0.475
2026-02-27 06:16:23+00:00,0.475
2026-02-27 06:17:53+00:00,0.475
2026-02-27 06:18:25+00:00,0.475
2026-02-27 06:19:25+00:00,0.475
2026-02-27 06:20:34+00:00,0.475
2026-02-27 06:21:24+00:00,0.475
2026-02-27 06:22:24+00:00,0.475
2026-02-27 06:23:24+00:00,0.475
2026-02-27 06:24:24+00:00,0.475
2026-02-27 06:25:25+00:00,0.475
2026-02-27 06:26:26+00:00,0.475
2026-02-27 06:27:30+00:00,0.475
2026-02-27 06:28:25+00:00,0.475
2026-02-27 06:29:26+00:00,0.475
2026-02-27 06:31:07+00:00,0.475
2026-02-27 06:31:39+00:00,0.475
2026-02-27 06:32:23+00:00,0.475
2026-02-27 06:33:24+00:00,0.475
2026-02-27 06:34:24+00:00,0.475
2026-02-27 06:36:01+00:00,0.475
2026-02-27 06:36:32+00:00,0.475
2026-02-27 06:37:25+00:00,0.475
2026-02-27 06:38:25+00:00,0.475
2026-02-27 06:39:24+00:00,0.475
2026-02-27 06:40:24+00:00,0.475
2026-02-27 06:41:39+00:00,0.475
2026-02-27 06:42:23+00:00,0.475
2026-02-27 06:43:23+00:00,0.475
2026-02-27 06:44:24+00:00,0.475
2026-02-27 06:45:25+00:00,0.475
2026-02-27 06:46:24+00:00,0.475
2026-02-27 06:47:23+00:00,0.475
2026-02-27 06:48:23+00:00,0.475
2026-02-27 06:49:25+00:00,0.475
2026-02-27 06:50:26+00:00,0.475
2026-02-27 06:51:23+00:00,0.475
2026-02-27 06:52:25+00:00,0.475
2026-02-27 06:53:22+00:00,0.475
2026-02-27 06:54:23+00:00,0.475
2026-02-27 06:55:26+00:00,0.475
2026-02-27 06:56:23+00:00,0.475
2026-02-27 06:57:24+00:00,0.475
2026-02-27 06:58:25+00:00,0.475
2026-02-27 06:59:24+00:00,0.475
2026-02-27 07:00:35+00:00,0.475
2026-02-27 07:01:55+00:00,0.475
2026-02-27 07:02:26+00:00,0.475
2026-02-27 07:03:24+00:00,0.475
2026-02-27 07:04:25+00:00,0.475
2026-02-27 07:05:31+00:00,0.475
2026-02-27 07:06:23+00:00,0.475
2026-02-27 07:07:23+00:00,0.475
2026-02-27 07:08:24+00:00,0.475
2026-02-27 07:09:23+00:00,0.475
2026-02-27 07:10:25+00:00,0.475
2026-02-27 07:11:23+00:00,0.475
2026-02-27 07:12:24+00:00,0.475
2026-02-27 07:13:23+00:00,0.475
2026-02-27 07:14:24+00:00,0.475
2026-02-27 07:15:26+00:00,0.475
2026-02-27 07:16:31+00:00,0.475
2026-02-27 07:17:25+00:00,0.475
2026-02-27 07:18:23+00:00,0.475
2026-02-27 07:19:23+00:00,0.475
2026-02-27 07:20:26+00:00,0.475
2026-02-27 07:21:25+00:00,0.475
2026-02-27 07:22:23+00:00,0.475
2026-02-27 07:23:24+00:00,0.475
2026-02-27 07:24:24+00:00,0.475
2026-02-27 07:25:25+00:00,0.475
2026-02-27 07:26:23+00:00,0.475
2026-02-27 07:27:53+00:00,0.475
2026-02-27 07:28:25+00:00,0.475
2026-02-27 07:29:24+00:00,0.475
2026-02-27 07:30:38+00:00,0.475
2026-02-27 07:31:38+00:00,0.48
2026-02-27 07:32:24+00:00,0.475
2026-02-27 07:33:54+00:00,0.475
2026-02-27 07:34:27+00:00,0.475
2026-02-27 07:35:33+00:00,0.475
2026-02-27 07:36:22+00:00,0.475
2026-02-27 07:37:25+00:00,0.475
2026-02-27 07:38:23+00:00,0.475
2026-02-27 07:39:23+00:00,0.475
2026-02-27 07:40:31+00:00,0.475
2026-02-27 07:41:28+00:00,0.475
2026-02-27 07:42:37+00:00,0.475
2026-02-27 07:43:23+00:00,0.475
2026-02-27 07:44:25+00:00,0.475
2026-02-27 07:45:25+00:00,0.475
2026-02-27 07:46:24+00:00,0.475
2026-02-27 07:47:40+00:00,0.475
2026-02-27 07:48:23+00:00,0.475
2026-02-27 07:49:24+00:00,0.475
2026-02-27 07:50:27+00:00,0.475
2026-02-27 07:51:24+00:00,0.475
2026-02-27 07:52:23+00:00,0.475
2026-02-27 07:53:23+00:00,0.475
2026-02-27 07:54:24+00:00,0.475
2026-02-27 07:55:26+00:00,0.475
2026-02-27 07:56:23+00:00,0.475
2026-02-27 07:57:24+00:00,0.475
2026-02-27 07:58:22+00:00,0.475
2026-02-27 07:59:50+00:00,0.475
2026-02-27 08:00:39+00:00,0.475
2026-02-27 08:01:23+00:00,0.475
2026-02-27 08:02:25+00:00,0.475
2026-02-27 08:03:26+00:00,0.475
2026-02-27 08:04:23+00:00,0.475
2026-02-27 08:05:25+00:00,0.475
2026-02-27 08:06:23+00:00,0.475
2026-02-27 08:07:24+00:00,0.475
2026-02-27 08:08:25+00:00,0.475
2026-02-27 08:09:23+00:00,0.475
2026-02-27 08:10:25+00:00,0.475
2026-02-27 08:11:30+00:00,0.475
2026-02-27 08:12:28+00:00,0.475
2026-02-27 08:13:23+00:00,0.475
2026-02-27 08:14:24+00:00,0.475
2026-02-27 08:15:25+00:00,0.475
2026-02-27 08:16:23+00:00,0.475
2026-02-27 08:17:26+00:00,0.475
2026-02-27 08:18:23+00:00,0.475
2026-02-27 08:19:50+00:00,0.475
2026-02-27 08:20:33+00:00,0.475
2026-02-27 08:21:24+00:00,0.475
2026-02-27 08:22:25+00:00,0.475
2026-02-27 08:23:25+00:00,0.475
2026-02-27 08:24:25+00:00,0.475
2026-02-27 08:25:26+00:00,0.475
2026-02-27 08:26:23+00:00,0.475
2026-02-27 08:27:24+00:00,0.475
2026-02-27 08:28:24+00:00,0.475
2026-02-27 08:29:23+00:00,0.475
2026-02-27 08:30:33+00:00,0.475
2026-02-27 08:31:24+00:00,0.475
2026-02-27 08:32:23+00:00,0.475
2026-02-27 08:33:24+00:00,0.475
2026-02-27 08:34:23+00:00,0.475
2026-02-27 08:35:25+00:00,0.475
2026-02-27 08:36:23+00:00,0.475
2026-02-27 08:37:22+00:00,0.475
2026-02-27 08:38:23+00:00,0.475
2026-02-27 08:39:24+00:00,0.475
2026-02-27 08:40:24+00:00,0.475
2026-02-27 08:41:35+00:00,0.475
2026-02-27 08:42:24+00:00,0.475
2026-02-27 08:43:22+00:00,0.475
2026-02-27 08:44:24+00:00,0.475
2026-02-27 08:45:59+00:00,0.475
2026-02-27 08:46:32+00:00,0.475
2026-02-27 08:47:24+00:00,0.475
2026-02-27 08:48:25+00:00,0.48
2026-02-27 08:49:23+00:00,0.475
2026-02-27 08:50:25+00:00,0.475
2026-02-27 08:51:22+00:00,0.475
2026-02-27 08:52:23+00:00,0.475
2026-02-27 08:53:29+00:00,0.475
2026-02-27 08:54:25+00:00,0.475
2026-02-27 08:55:24+00:00,0.475
2026-02-27 08:56:24+00:00,0.475
2026-02-27 08:57:23+00:00,0.475
2026-02-27 08:58:24+00:00,0.475
2026-02-27 08:59:23+00:00,0.475
2026-02-27 09:00:49+00:00,0.475
2026-02-27 09:01:25+00:00,0.475
2026-02-27 09:02:23+00:00,0.475
2026-02-27 09:03:25+00:00,0.475
2026-02-27 09:04:25+00:00,0.475
2026-02-27 09:05:25+00:00,0.475
2026-02-27 09:06:25+00:00,0.475
2026-02-27 09:07:25+00:00,0.475
2026-02-27 09:08:25+00:00,0.475
2026-02-27 09:09:37+00:00,0.475
2026-02-27 09:10:25+00:00,0.475
2026-02-27 09:11:53+00:00,0.475
2026-02-27 09:12:24+00:00,0.475
2026-02-27 09:13:23+00:00,0.475
2026-02-27 09:14:25+00:00,0.475
2026-02-27 09:15:33+00:00,0.475
2026-02-27 09:16:24+00:00,0.475
2026-02-27 09:17:25+00:00,0.475
2026-02-27 09:18:24+00:00,0.475
2026-02-27 09:19:24+00:00,0.475
2026-02-27 09:20:26+00:00,0.475
2026-02-27 09:21:23+00:00,0.475
2026-02-27 09:22:25+00:00,0.475
2026-02-27 09:23:23+00:00,0.475
2026-02-27 09:24:29+00:00,0.475
2026-02-27 09:25:25+00:00,0.475
2026-02-27 09:26:25+00:00,0.475
2026-02-27 09:27:25+00:00,0.475
2026-02-27 09:28:24+00:00,0.475
2026-02-27 09:29:24+00:00,0.475
2026-02-27 09:30:33+00:00,0.475
2026-02-27 09:31:24+00:00,0.475
2026-02-27 09:32:23+00:00,0.475
2026-02-27 09:33:23+00:00,0.475
2026-02-27 09:34:24+00:00,0.475
2026-02-27 09:35:24+00:00,0.475
2026-02-27 09:36:23+00:00,0.475
2026-02-27 09:37:54+00:00,0.475
2026-02-27 09:38:25+00:00,0.475
2026-02-27 09:39:24+00:00,0.475
2026-02-27 09:40:33+00:00,0.475
2026-02-27 09:41:24+00:00,0.475
2026-02-27 09:42:45+00:00,0.475
2026-02-27 09:43:23+00:00,0.475
2026-02-27 09:44:35+00:00,0.475
2026-02-27 09:45:26+00:00,0.475
2026-02-27 09:46:53+00:00,0.475
2026-02-27 09:47:26+00:00,0.475
2026-02-27 09:48:25+00:00,0.475
2026-02-27 09:49:23+00:00,0.475
2026-02-27 09:50:31+00:00,0.475
2026-02-27 09:51:23+00:00,0.475
2026-02-27 09:52:24+00:00,0.475
2026-02-27 09:53:23+00:00,0.475
2026-02-27 09:54:24+00:00,0.475
2026-02-27 09:55:27+00:00,0.475
2026-02-27 09:56:23+00:00,0.475
2026-02-27 09:57:24+00:00,0.475
2026-02-27 09:58:23+00:00,0.475
2026-02-27 09:59:25+00:00,0.475
2026-02-27 10:00:36+00:00,0.475
2026-02-27 10:01:24+00:00,0.475
2026-02-27 10:02:25+00:00,0.475
2026-02-27 10:03:25+00:00,0.475
2026-02-27 10:04:26+00:00,0.475
2026-02-27 10:06:02+00:00,0.475
2026-02-27 10:06:37+00:00,0.475
2026-02-27 10:07:28+00:00,0.475
2026-02-27 10:08:24+00:00,0.475
2026-02-27 10:09:25+00:00,0.475
2026-02-27 10:10:26+00:00,0.475
2026-02-27 10:11:37+00:00,0.475
2026-02-27 10:12:24+00:00,0.475
2026-02-27 10:13:39+00:00,0.475
2026-02-27 10:14:24+00:00,0.475
2026-02-27 10:15:26+00:00,0.475
2026-02-27 10:16:26+00:00,0.475
2026-02-27 10:17:25+00:00,0.475
2026-02-27 10:18:24+00:00,0.47
2026-02-27 10:19:25+00:00,0.47
2026-02-27 10:20:26+00:00,0.47
2026-02-27 10:21:26+00:00,0.47
2026-02-27 10:22:26+00:00,0.47
2026-02-27 10:23:24+00:00,0.47
2026-02-27 10:24:24+00:00,0.47
2026-02-27 10:25:25+00:00,0.47
2026-02-27 10:26:24+00:00,0.47
2026-02-27 10:27:24+00:00,0.47
2026-02-27 10:28:23+00:00,0.47
2026-02-27 10:29:25+00:00,0.47
2026-02-27 10:30:53+00:00,0.47
2026-02-27 10:31:48+00:00,0.47
2026-02-27 10:32:24+00:00,0.47
2026-02-27 10:33:23+00:00,0.47
2026-02-27 10:34:36+00:00,0.47
2026-02-27 10:35:31+00:00,0.47
2026-02-27 10:36:24+00:00,0.47
2026-02-27 10:37:28+00:00,0.47
2026-02-27 10:38:31+00:00,0.47
2026-02-27 10:39:24+00:00,0.47
2026-02-27 10:40:40+00:00,0.47
2026-02-27 10:41:22+00:00,0.47
2026-02-27 10:42:24+00:00,0.47
2026-02-27 10:43:23+00:00,0.47
2026-02-27 10:44:25+00:00,0.47
2026-02-27 10:45:25+00:00,0.47
2026-02-27 10:46:24+00:00,0.47
2026-02-27 10:47:23+00:00,0.47
2026-02-27 10:48:24+00:00,0.47
2026-02-27 10:49:24+00:00,0.47
2026-02-27 10:50:24+00:00,0.47
2026-02-27 10:51:23+00:00,0.47
2026-02-27 10:52:24+00:00,0.47
2026-02-27 10:53:23+00:00,0.47
2026-02-27 10:54:23+00:00,0.47
2026-02-27 10:55:26+00:00,0.47
2026-02-27 10:56:24+00:00,0.47
2026-02-27 10:57:51+00:00,0.47
2026-02-27 10:58:25+00:00,0.47
2026-02-27 10:59:23+00:00,0.47
2026-02-27 11:00:39+00:00,0.47
2026-02-27 11:01:23+00:00,0.47
2026-02-27 11:02:25+00:00,0.47
2026-02-27 11:03:25+00:00,0.47
2026-02-27 11:04:25+00:00,0.47
2026-02-27 11:05:26+00:00,0.47
2026-02-27 11:06:24+00:00,0.47
2026-02-27 11:07:24+00:00,0.47
2026-02-27 11:08:26+00:00,0.47
2026-02-27 11:09:23+00:00,0.47
2026-02-27 11:10:28+00:00,0.47
2026-02-27 11:11:25+00:00,0.47
2026-02-27 11:12:26+00:00,0.47
2026-02-27 11:13:24+00:00,0.47
2026-02-27 11:14:25+00:00,0.47
2026-02-27 11:15:28+00:00,0.47
2026-02-27 11:16:25+00:00,0.47
2026-02-27 11:17:38+00:00,0.47
2026-02-27 11:18:26+00:00,0.47
2026-02-27 11:19:28+00:00,0.47
2026-02-27 11:20:27+00:00,0.47
2026-02-27 11:21:24+00:00,0.47
2026-02-27 11:22:25+00:00,0.47
2026-02-27 11:23:54+00:00,0.47
2026-02-27 11:24:28+00:00,0.47
2026-02-27 11:25:33+00:00,0.47
2026-02-27 11:26:24+00:00,0.47
2026-02-27 11:27:25+00:00,0.47
2026-02-27 11:28:25+00:00,0.47
2026-02-27 11:29:25+00:00,0.47
2026-02-27 11:30:35+00:00,0.47
2026-02-27 11:31:35+00:00,0.47
2026-02-27 11:32:24+00:00,0.47
2026-02-27 11:33:23+00:00,0.47
2026-02-27 11:34:26+00:00,0.47
2026-02-27 11:35:26+00:00,0.47
2026-02-27 11:36:23+00:00,0.47
2026-02-27 11:37:25+00:00,0.47
2026-02-27 11:38:23+00:00,0.47
2026-02-27 11:39:23+00:00,0.47
2026-02-27 11:40:26+00:00,0.47
2026-02-27 11:41:23+00:00,0.47
2026-02-27 11:42:24+00:00,0.47
2026-02-27 11:43:23+00:00,0.47
2026-02-27 11:44:24+00:00,0.47
2026-02-27 11:45:28+00:00,0.47
2026-02-27 11:46:25+00:00,0.47
2026-02-27 11:47:23+00:00,0.47
2026-02-27 11:48:34+00:00,0.47
2026-02-27 11:49:55+00:00,0.47
2026-02-27 11:50:42+00:00,0.47
2026-02-27 11:51:24+00:00,0.47
2026-02-27 11:52:26+00:00,0.47
2026-02-27 11:53:23+00:00,0.47
2026-02-27 11:54:24+00:00,0.47
2026-02-27 11:55:40+00:00,0.47
2026-02-27 11:56:23+00:00,0.47
2026-02-27 11:57:24+00:00,0.47
2026-02-27 11:58:24+00:00,0.47
2026-02-27 11:59:24+00:00,0.47
2026-02-27 12:01:01+00:00,0.47
2026-02-27 12:01:29+00:00,0.47
2026-02-27 12:02:55+00:00,0.47
2026-02-27 12:03:27+00:00,0.47
2026-02-27 12:04:24+00:00,0.47
2026-02-27 12:05:33+00:00,0.47
2026-02-27 12:06:23+00:00,0.47
2026-02-27 12:07:25+00:00,0.47
2026-02-27 12:08:49+00:00,0.47
2026-02-27 12:09:26+00:00,0.47
2026-02-27 12:10:27+00:00,0.47
2026-02-27 12:11:23+00:00,0.47
2026-02-27 12:12:24+00:00,0.47
2026-02-27 12:13:24+00:00,0.47
2026-02-27 12:14:24+00:00,0.47
2026-02-27 12:15:25+00:00,0.47
2026-02-27 12:16:23+00:00,0.47
2026-02-27 12:17:25+00:00,0.47
2026-02-27 12:18:25+00:00,0.47
2026-02-27 12:19:24+00:00,0.47
2026-02-27 12:20:27+00:00,0.47
2026-02-27 12:21:23+00:00,0.47
2026-02-27 12:22:25+00:00,0.47
2026-02-27 12:23:34+00:00,0.47
2026-02-27 12:24:25+00:00,0.47
2026-02-27 12:25:33+00:00,0.47
2026-02-27 12:26:24+00:00,0.47
2026-02-27 12:27:24+00:00,0.47
2026-02-27 12:28:53+00:00,0.47
2026-02-27 12:29:27+00:00,0.47
2026-02-27 12:30:43+00:00,0.47
2026-02-27 12:31:25+00:00,0.47
2026-02-27 12:32:28+00:00,0.47
2026-02-27 12:33:28+00:00,0.47
2026-02-27 12:34:24+00:00,0.47
2026-02-27 12:35:26+00:00,0.47
2026-02-27 12:36:23+00:00,0.47
2026-02-27 12:37:22+00:00,0.47
2026-02-27 12:38:25+00:00,0.47
2026-02-27 12:39:40+00:00,0.47
2026-02-27 12:40:26+00:00,0.47
2026-02-27 12:41:24+00:00,0.47
2026-02-27 12:42:26+00:00,0.47
2026-02-27 12:43:25+00:00,0.47
2026-02-27 12:44:24+00:00,0.47
2026-02-27 12:45:25+00:00,0.47
2026-02-27 12:46:43+00:00,0.47
2026-02-27 12:47:32+00:00,0.47
2026-02-27 12:48:26+00:00,0.47
2026-02-27 12:49:23+00:00,0.47
2026-02-27 12:50:32+00:00,0.47
2026-02-27 12:51:23+00:00,0.47
2026-02-27 12:52:24+00:00,0.47
2026-02-27 12:53:24+00:00,0.465
2026-02-27 12:54:24+00:00,0.465
2026-02-27 12:55:27+00:00,0.465
2026-02-27 12:56:25+00:00,0.465
2026-02-27 12:57:23+00:00,0.465
2026-02-27 12:58:37+00:00,0.465
2026-02-27 12:59:24+00:00,0.465
2026-02-27 13:00:37+00:00,0.465
2026-02-27 13:01:23+00:00,0.465
2026-02-27 13:02:24+00:00,0.465
2026-02-27 13:03:28+00:00,0.465
2026-02-27 13:04:30+00:00,0.465
2026-02-27 13:05:26+00:00,0.465
2026-02-27 13:06:23+00:00,0.465
2026-02-27 13:07:23+00:00,0.465
2026-02-27 13:08:24+00:00,0.465
2026-02-27 13:09:24+00:00,0.465
2026-02-27 13:10:26+00:00,0.465
2026-02-27 13:11:25+00:00,0.465
2026-02-27 13:12:27+00:00,0.465
2026-02-27 13:13:45+00:00,0.465
2026-02-27 13:14:24+00:00,0.465
2026-02-27 13:15:32+00:00,0.465
2026-02-27 13:16:25+00:00,0.465
2026-02-27 13:17:24+00:00,0.465
2026-02-27 13:18:25+00:00,0.465
2026-02-27 13:19:25+00:00,0.465
2026-02-27 13:20:26+00:00,0.465
2026-02-27 13:21:23+00:00,0.465
2026-02-27 13:22:24+00:00,0.465
2026-02-27 13:23:23+00:00,0.465
2026-02-27 13:24:25+00:00,0.465
2026-02-27 13:25:26+00:00,0.465
2026-02-27 13:26:26+00:00,0.465
2026-02-27 13:27:24+00:00,0.465
2026-02-27 13:28:23+00:00,0.465
2026-02-27 13:29:24+00:00,0.465
2026-02-27 13:30:33+00:00,0.465
2026-02-27 13:31:25+00:00,0.465
2026-02-27 13:32:25+00:00,0.465
2026-02-27 13:33:23+00:00,0.465
2026-02-27 13:34:25+00:00,0.465
2026-02-27 13:35:27+00:00,0.465
2026-02-27 13:36:25+00:00,0.465
2026-02-27 13:37:25+00:00,0.465
2026-02-27 13:38:33+00:00,0.465
2026-02-27 13:39:44+00:00,0.465
2026-02-27 13:40:35+00:00,0.465
2026-02-27 13:41:24+00:00,0.465
2026-02-27 13:42:25+00:00,0.465
2026-02-27 13:43:25+00:00,0.465
2026-02-27 13:44:24+00:00,0.465
2026-02-27 13:46:05+00:00,0.465
2026-02-27 13:46:38+00:00,0.465
2026-02-27 13:47:25+00:00,0.465
2026-02-27 13:48:26+00:00,0.465
2026-02-27 13:49:24+00:00,0.465
2026-02-27 13:50:28+00:00,0.465
2026-02-27 13:51:25+00:00,0.465
2026-02-27 13:52:25+00:00,0.465
2026-02-27 13:53:25+00:00,0.47
2026-02-27 13:54:26+00:00,0.465
2026-02-27 13:55:26+00:00,0.465
2026-02-27 13:56:24+00:00,0.465
2026-02-27 13:57:25+00:00,0.465
2026-02-27 13:58:24+00:00,0.465
2026-02-27 13:59:27+00:00,0.465
2026-02-27 14:00:35+00:00,0.465
2026-02-27 14:01:25+00:00,0.465
2026-02-27 14:02:24+00:00,0.465
2026-02-27 14:03:26+00:00,0.465
2026-02-27 14:04:25+00:00,0.465
2026-02-27 14:05:39+00:00,0.465
2026-02-27 14:06:47+00:00,0.465
2026-02-27 14:07:35+00:00,0.465
2026-02-27 14:08:25+00:00,0.465
2026-02-27 14:09:25+00:00,0.465
2026-02-27 14:10:32+00:00,0.465
2026-02-27 14:11:25+00:00,0.465
2026-02-27 14:12:36+00:00,0.465
2026-02-27 14:13:24+00:00,0.465
2026-02-27 14:14:25+00:00,0.465
2026-02-27 14:15:28+00:00,0.465
2026-02-27 14:16:32+00:00,0.465
2026-02-27 14:17:26+00:00,0.465
2026-02-27 14:18:25+00:00,0.465
2026-02-27 14:19:24+00:00,0.465
2026-02-27 14:20:27+00:00,0.465
2026-02-27 14:21:25+00:00,0.465
2026-02-27 14:22:24+00:00,0.465
2026-02-27 14:23:24+00:00,0.465
2026-02-27 14:24:25+00:00,0.465
2026-02-27 14:25:28+00:00,0.465
2026-02-27 14:26:40+00:00,0.465
2026-02-27 14:27:24+00:00,0.465
2026-02-27 14:28:25+00:00,0.465
2026-02-27 14:29:25+00:00,0.465
2026-02-27 14:30:36+00:00,0.465
2026-02-27 14:31:27+00:00,0.465
2026-02-27 14:32:48+00:00,0.465
2026-02-27 14:33:37+00:00,0.465
2026-02-27 14:34:48+00:00,0.465
2026-02-27 14:35:32+00:00,0.465
2026-02-27 14:36:25+00:00,0.465
2026-02-27 14:37:26+00:00,0.465
2026-02-27 14:38:26+00:00,0.465
2026-02-27 14:39:25+00:00,0.465
2026-02-27 14:40:27+00:00,0.465
2026-02-27 14:41:24+00:00,0.465
2026-02-27 14:42:24+00:00,0.465
2026-02-27 14:43:24+00:00,0.465
2026-02-27 14:44:25+00:00,0.465
2026-02-27 14:45:27+00:00,0.465
2026-02-27 14:46:25+00:00,0.465
2026-02-27 14:47:26+00:00,0.465
2026-02-27 14:48:24+00:00,0.465
2026-02-27 14:49:26+00:00,0.465
2026-02-27 14:50:27+00:00,0.465
2026-02-27 14:51:26+00:00,0.465
2026-02-27 14:52:26+00:00,0.465
2026-02-27 14:53:26+00:00,0.465
2026-02-27 14:54:25+00:00,0.465
2026-02-27 14:55:28+00:00,0.465
2026-02-27 14:56:25+00:00,0.465
2026-02-27 14:57:27+00:00,0.465
2026-02-27 14:58:49+00:00,0.465
2026-02-27 14:59:40+00:00,0.465
2026-02-27 15:00:47+00:00,0.465
2026-02-27 15:01:25+00:00,0.465
2026-02-27 15:02:24+00:00,0.465
2026-02-27 15:03:26+00:00,0.465
2026-02-27 15:04:26+00:00,0.465
2026-02-27 15:05:42+00:00,0.465
2026-02-27 15:06:25+00:00,0.465
2026-02-27 15:07:26+00:00,0.465
2026-02-27 15:08:25+00:00,0.465
2026-02-27 15:09:25+00:00,0.47
2026-02-27 15:10:27+00:00,0.465
2026-02-27 15:11:25+00:00,0.465
2026-02-27 15:12:26+00:00,0.465
2026-02-27 15:13:24+00:00,0.465
2026-02-27 15:14:25+00:00,0.465
2026-02-27 15:15:27+00:00,0.465
2026-02-27 15:16:27+00:00,0.465
2026-02-27 15:17:26+00:00,0.465
2026-02-27 15:18:42+00:00,0.465
2026-02-27 15:19:25+00:00,0.465
2026-02-27 15:20:28+00:00,0.465
2026-02-27 15:21:27+00:00,0.465
2026-02-27 15:22:26+00:00,0.465
2026-02-27 15:23:26+00:00,0.465
2026-02-27 15:24:38+00:00,0.465
2026-02-27 15:25:47+00:00,0.465
2026-02-27 15:26:26+00:00,0.465
2026-02-27 15:27:27+00:00,0.465
2026-02-27 15:28:27+00:00,0.465
2026-02-27 15:29:31+00:00,0.465
2026-02-27 15:30:41+00:00,0.465
2026-02-27 15:31:25+00:00,0.465
2026-02-27 15:32:26+00:00,0.465
2026-02-27 15:33:25+00:00,0.465
2026-02-27 15:34:26+00:00,0.465
2026-02-27 15:35:28+00:00,0.465
2026-02-27 15:36:38+00:00,0.465
2026-02-27 15:37:25+00:00,0.465
2026-02-27 15:38:25+00:00,0.465
2026-02-27 15:39:28+00:00,0.465
2026-02-27 15:40:43+00:00,0.465
2026-02-27 15:41:26+00:00,0.465
2026-02-27 15:42:26+00:00,0.465
2026-02-27 15:43:24+00:00,0.465
2026-02-27 15:44:25+00:00,0.465
2026-02-27 15:45:28+00:00,0.465
2026-02-27 15:46:27+00:00,0.465
2026-02-27 15:47:24+00:00,0.465
2026-02-27 15:48:24+00:00,0.465
2026-02-27 15:49:51+00:00,0.465
2026-02-27 15:50:32+00:00,0.465
2026-02-27 15:51:25+00:00,0.465
2026-02-27 15:52:25+00:00,0.465
2026-02-27 15:53:24+00:00,0.465
2026-02-27 15:54:26+00:00,0.465
2026-02-27 15:55:28+00:00,0.465
2026-02-27 15:56:25+00:00,0.465
2026-02-27 15:57:25+00:00,0.465
2026-02-27 15:58:25+00:00,0.465
2026-02-27 15:59:25+00:00,0.465
2026-02-27 16:00:47+00:00,0.465
2026-02-27 16:01:24+00:00,0.465
2026-02-27 16:02:25+00:00,0.465
2026-02-27 16:03:26+00:00,0.465
2026-02-27 16:04:25+00:00,0.465
2026-02-27 16:05:28+00:00,0.465
2026-02-27 16:06:26+00:00,0.465
2026-02-27 16:07:24+00:00,0.465
2026-02-27 16:08:24+00:00,0.465
2026-02-27 16:09:25+00:00,0.465
2026-02-27 16:10:27+00:00,0.465
2026-02-27 16:11:29+00:00,0.465
2026-02-27 16:12:25+00:00,0.465
2026-02-27 16:13:24+00:00,0.465
2026-02-27 16:14:25+00:00,0.465
2026-02-27 16:16:01+00:00,0.465
2026-02-27 16:16:34+00:00,0.465
2026-02-27 16:17:25+00:00,0.465
2026-02-27 16:18:25+00:00,0.465
2026-02-27 16:19:25+00:00,0.465
2026-02-27 16:20:28+00:00,0.465
2026-02-27 16:21:26+00:00,0.465
2026-02-27 16:22:24+00:00,0.465
2026-02-27 16:23:23+00:00,0.465
2026-02-27 16:24:26+00:00,0.465
2026-02-27 16:25:26+00:00,0.465
2026-02-27 16:26:23+00:00,0.465
2026-02-27 16:27:25+00:00,0.465
2026-02-27 16:28:26+00:00,0.465
2026-02-27 16:29:25+00:00,0.465
2026-02-27 16:30:35+00:00,0.465
2026-02-27 16:31:24+00:00,0.465
2026-02-27 16:32:25+00:00,0.465
2026-02-27 16:33:25+00:00,0.465
2026-02-27 16:34:25+00:00,0.465
2026-02-27 16:36:01+00:00,0.465
2026-02-27 16:36:33+00:00,0.465
2026-02-27 16:37:24+00:00,0.465
2026-02-27 16:38:25+00:00,0.465
2026-02-27 16:39:24+00:00,0.465
2026-02-27 16:40:28+00:00,0.465
2026-02-27 16:41:24+00:00,0.465
2026-02-27 16:42:31+00:00,0.465
2026-02-27 16:43:24+00:00,0.465
2026-02-27 16:44:24+00:00,0.465
2026-02-27 16:45:25+00:00,0.465
2026-02-27 16:46:25+00:00,0.465
2026-02-27 16:47:26+00:00,0.465
2026-02-27 16:48:25+00:00,0.465
2026-02-27 16:49:25+00:00,0.465
2026-02-27 16:50:27+00:00,0.465
2026-02-27 16:51:25+00:00,0.465
2026-02-27 16:52:26+00:00,0.465
2026-02-27 16:53:26+00:00,0.465
2026-02-27 16:54:25+00:00,0.465
2026-02-27 16:55:28+00:00,0.465
2026-02-27 16:56:25+00:00,0.465
2026-02-27 16:57:24+00:00,0.465
2026-02-27 16:58:26+00:00,0.465
2026-02-27 16:59:25+00:00,0.465
2026-02-27 17:01:16+00:00,0.465
2026-02-27 17:02:02+00:00,0.465
2026-02-27 17:02:32+00:00,0.465
2026-02-27 17:03:24+00:00,0.465
2026-02-27 17:04:26+00:00,0.465
2026-02-27 17:05:30+00:00,0.465
2026-02-27 17:06:26+00:00,0.465
2026-02-27 17:07:25+00:00,0.465
2026-02-27 17:08:25+00:00,0.465
2026-02-27 17:09:24+00:00,0.465
2026-02-27 17:10:27+00:00,0.465
2026-02-27 17:11:25+00:00,0.465
2026-02-27 17:12:24+00:00,0.465
2026-02-27 17:13:24+00:00,0.465
2026-02-27 17:14:24+00:00,0.465
2026-02-27 17:15:29+00:00,0.465
2026-02-27 17:16:27+00:00,0.465
2026-02-27 17:17:28+00:00,0.465
2026-02-27 17:18:28+00:00,0.465
2026-02-27 17:19:26+00:00,0.465
2026-02-27 17:20:28+00:00,0.465
2026-02-27 17:21:27+00:00,0.465
2026-02-27 17:22:25+00:00,0.465
2026-02-27 17:23:27+00:00,0.465
2026-02-27 17:24:31+00:00,0.465
2026-02-27 17:25:33+00:00,0.465
2026-02-27 17:26:26+00:00,0.465
2026-02-27 17:27:53+00:00,0.465
2026-02-27 17:28:25+00:00,0.465
2026-02-27 17:29:24+00:00,0.465
2026-02-27 17:30:40+00:00,0.465
2026-02-27 17:31:41+00:00,0.465
2026-02-27 17:32:27+00:00,0.465
2026-02-27 17:33:26+00:00,0.465
2026-02-27 17:34:28+00:00,0.465
2026-02-27 17:35:27+00:00,0.465
2026-02-27 17:36:24+00:00,0.465
2026-02-27 17:37:26+00:00,0.465
2026-02-27 17:38:26+00:00,0.465
2026-02-27 17:39:25+00:00,0.465
2026-02-27 17:40:26+00:00,0.465
2026-02-27 17:41:24+00:00,0.465
2026-02-27 17:42:27+00:00,0.465
2026-02-27 17:43:26+00:00,0.465
2026-02-27 17:44:25+00:00,0.465
2026-02-27 17:45:25+00:00,0.465
2026-02-27 17:46:26+00:00,0.465
2026-02-27 17:47:27+00:00,0.465
2026-02-27 17:48:25+00:00,0.465
2026-02-27 17:49:27+00:00,0.465
2026-02-27 17:50:27+00:00,0.465
2026-02-27 17:51:28+00:00,0.465
2026-02-27 17:52:50+00:00,0.465
2026-02-27 17:53:29+00:00,0.465
2026-02-27 17:54:26+00:00,0.465
2026-02-27 17:55:39+00:00,0.465
2026-02-27 17:56:30+00:00,0.465
2026-02-27 17:57:37+00:00,0.465
2026-02-27 17:58:25+00:00,0.465
2026-02-27 17:59:24+00:00,0.465
2026-02-27 18:00:51+00:00,0.465
2026-02-27 18:01:25+00:00,0.465
2026-02-27 18:02:26+00:00,0.465
2026-02-27 18:03:24+00:00,0.465
2026-02-27 18:04:26+00:00,0.465
2026-02-27 18:05:29+00:00,0.465
2026-02-27 18:06:25+00:00,0.465
2026-02-27 18:07:25+00:00,0.465
2026-02-27 18:08:25+00:00,0.465
2026-02-27 18:09:25+00:00,0.465
2026-02-27 18:10:27+00:00,0.465
2026-02-27 18:11:24+00:00,0.465
2026-02-27 18:12:25+00:00,0.465
2026-02-27 18:13:24+00:00,0.465
2026-02-27 18:14:27+00:00,0.465
2026-02-27 18:15:27+00:00,0.465
2026-02-27 18:16:24+00:00,0.465
2026-02-27 18:17:25+00:00,0.465
2026-02-27 18:18:44+00:00,0.465
2026-02-27 18:19:36+00:00,0.465
2026-02-27 18:20:33+00:00,0.465
2026-02-27 18:21:25+00:00,0.465
2026-02-27 18:22:26+00:00,0.465
2026-02-27 18:23:24+00:00,0.465
2026-02-27 18:24:24+00:00,0.465
2026-02-27 18:25:26+00:00,0.465
2026-02-27 18:26:24+00:00,0.465
2026-02-27 18:27:25+00:00,0.465
2026-02-27 18:28:25+00:00,0.465
2026-02-27 18:29:25+00:00,0.465
2026-02-27 18:30:35+00:00,0.465
2026-02-27 18:31:24+00:00,0.465
2026-02-27 18:32:25+00:00,0.465
2026-02-27 18:33:55+00:00,0.465
2026-02-27 18:34:29+00:00,0.465
2026-02-27 18:35:32+00:00,0.465
2026-02-27 18:36:26+00:00,0.465
2026-02-27 18:37:29+00:00,0.465
2026-02-27 18:38:24+00:00,0.465
2026-02-27 18:39:25+00:00,0.465
2026-02-27 18:40:26+00:00,0.465
2026-02-27 18:41:24+00:00,0.465
2026-02-27 18:42:25+00:00,0.465
2026-02-27 18:43:24+00:00,0.465
2026-02-27 18:44:24+00:00,0.465
2026-02-27 18:45:26+00:00,0.465
2026-02-27 18:46:26+00:00,0.465
2026-02-27 18:47:26+00:00,0.465
2026-02-27 18:48:24+00:00,0.465
2026-02-27 18:49:24+00:00,0.465
2026-02-27 18:50:26+00:00,0.465
2026-02-27 18:51:25+00:00,0.465
2026-02-27 18:52:25+00:00,0.465
2026-02-27 18:53:25+00:00,0.465
2026-02-27 18:54:54+00:00,0.465
2026-02-27 18:55:36+00:00,0.465
2026-02-27 18:56:40+00:00,0.465
2026-02-27 18:57:26+00:00,0.465
2026-02-27 18:58:24+00:00,0.465
2026-02-27 18:59:24+00:00,0.465
2026-02-27 19:00:36+00:00,0.465
2026-02-27 19:01:27+00:00,0.465
2026-02-27 19:02:26+00:00,0.465
2026-02-27 19:03:26+00:00,0.465
2026-02-27 19:04:41+00:00,0.465
2026-02-27 19:05:29+00:00,0.465
2026-02-27 19:06:26+00:00,0.465
2026-02-27 19:07:25+00:00,0.465
2026-02-27 19:08:32+00:00,0.465
2026-02-27 19:09:26+00:00,0.465
2026-02-27 19:10:28+00:00,0.465
2026-02-27 19:11:25+00:00,0.465
2026-02-27 19:12:25+00:00,0.465
2026-02-27 19:13:26+00:00,0.465
2026-02-27 19:14:24+00:00,0.465
2026-02-27 19:15:40+00:00,0.465
2026-02-27 19:16:25+00:00,0.465
2026-02-27 19:17:27+00:00,0.465
2026-02-27 19:18:26+00:00,0.465
2026-02-27 19:19:24+00:00,0.465
2026-02-27 19:21:03+00:00,0.465
2026-02-27 19:21:39+00:00,0.465
2026-02-27 19:22:25+00:00,0.465
2026-02-27 19:23:26+00:00,0.465
2026-02-27 19:24:25+00:00,0.465
2026-02-27 19:25:27+00:00,0.465
2026-02-27 19:26:59+00:00,0.465
2026-02-27 19:27:56+00:00,0.465
2026-02-27 19:28:27+00:00,0.465
2026-02-27 19:29:25+00:00,0.465
2026-02-27 19:30:40+00:00,0.465
2026-02-27 19:31:25+00:00,0.465
2026-02-27 19:32:26+00:00,0.465
2026-02-27 19:33:24+00:00,0.465
2026-02-27 19:34:25+00:00,0.465
2026-02-27 19:35:27+00:00,0.465
2026-02-27 19:36:26+00:00,0.465
2026-02-27 19:37:26+00:00,0.465
2026-02-27 19:38:26+00:00,0.465
2026-02-27 19:39:26+00:00,0.465
2026-02-27 19:40:27+00:00,0.465
2026-02-27 19:41:25+00:00,0.465
2026-02-27 19:42:27+00:00,0.465
2026-02-27 19:43:26+00:00,0.465
2026-02-27 19:44:26+00:00,0.465
2026-02-27 19:45:27+00:00,0.465
2026-02-27 19:46:24+00:00,0.465
2026-02-27 19:47:24+00:00,0.465
2026-02-27 19:48:26+00:00,0.465
2026-02-27 19:49:26+00:00,0.465
2026-02-27 19:50:32+00:00,0.465
2026-02-27 19:51:30+00:00,0.465
2026-02-27 19:52:26+00:00,0.465
2026-02-27 19:53:52+00:00,0.465
2026-02-27 19:54:25+00:00,0.465
2026-02-27 19:55:34+00:00,0.465
2026-02-27 19:56:26+00:00,0.465
2026-02-27 19:57:40+00:00,0.465
2026-02-27 19:58:38+00:00,0.465
2026-02-27 19:59:26+00:00,0.465
2026-02-27 20:00:36+00:00,0.465
2026-02-27 20:01:27+00:00,0.465
2026-02-27 20:02:25+00:00,0.465
2026-02-27 20:03:26+00:00,0.465
2026-02-27 20:04:26+00:00,0.465
2026-02-27 20:05:28+00:00,0.465
2026-02-27 20:06:26+00:00,0.465
2026-02-27 20:07:26+00:00,0.465
2026-02-27 20:08:25+00:00,0.465
2026-02-27 20:09:25+00:00,0.465
2026-02-27 20:10:29+00:00,0.465
2026-02-27 20:11:26+00:00,0.465
2026-02-27 20:12:25+00:00,0.465
2026-02-27 20:13:26+00:00,0.465
2026-02-27 20:14:26+00:00,0.465
2026-02-27 20:15:29+00:00,0.465
2026-02-27 20:16:27+00:00,0.465
2026-02-27 20:17:26+00:00,0.47
2026-02-27 20:19:06+00:00,0.47
2026-02-27 20:19:42+00:00,0.47
2026-02-27 20:20:47+00:00,0.47
2026-02-27 20:21:32+00:00,0.47
2026-02-27 20:22:31+00:00,0.47
2026-02-27 20:23:26+00:00,0.47
2026-02-27 20:24:27+00:00,0.47
2026-02-27 20:25:27+00:00,0.47
2026-02-27 20:26:26+00:00,0.47
2026-02-27 20:27:25+00:00,0.47
2026-02-27 20:28:25+00:00,0.47
2026-02-27 20:29:25+00:00,0.47
2026-02-27 20:30:38+00:00,0.47
2026-02-27 20:31:27+00:00,0.47
2026-02-27 20:32:28+00:00,0.47
2026-02-27 20:33:27+00:00,0.47
2026-02-27 20:34:27+00:00,0.47
2026-02-27 20:35:28+00:00,0.47
2026-02-27 20:36:55+00:00,0.47
2026-02-27 20:37:30+00:00,0.47
2026-02-27 20:38:27+00:00,0.47
2026-02-27 20:39:25+00:00,0.47
2026-02-27 20:40:34+00:00,0.47
2026-02-27 20:41:27+00:00,0.47
2026-02-27 20:42:26+00:00,0.47
2026-02-27 20:43:26+00:00,0.47
2026-02-27 20:44:27+00:00,0.47
2026-02-27 20:45:44+00:00,0.47
2026-02-27 20:46:28+00:00,0.47
2026-02-27 20:47:27+00:00,0.47
2026-02-27 20:48:28+00:00,0.47
2026-02-27 20:49:28+00:00,0.47
2026-02-27 20:50:29+00:00,0.47
2026-02-27 20:51:27+00:00,0.47
2026-02-27 20:52:27+00:00,0.47
2026-02-27 20:53:28+00:00,0.47
2026-02-27 20:54:27+00:00,0.47
2026-02-27 20:55:42+00:00,0.47
2026-02-27 20:56:28+00:00,0.47
2026-02-27 20:57:27+00:00,0.47
2026-02-27 20:58:27+00:00,0.47
2026-02-27 20:59:27+00:00,0.47
2026-02-27 21:00:46+00:00,0.47
2026-02-27 21:01:27+00:00,0.47
2026-02-27 21:02:56+00:00,0.47
2026-02-27 21:03:37+00:00,0.47
2026-02-27 21:04:27+00:00,0.47
2026-02-27 21:05:51+00:00,0.47
2026-02-27 21:06:28+00:00,0.47
2026-02-27 21:07:26+00:00,0.47
2026-02-27 21:08:27+00:00,0.47
2026-02-27 21:09:26+00:00,0.47
2026-02-27 21:10:29+00:00,0.47
2026-02-27 21:11:56+00:00,0.47
2026-02-27 21:12:34+00:00,0.47
2026-02-27 21:13:27+00:00,0.47
2026-02-27 21:14:27+00:00,0.47
2026-02-27 21:15:36+00:00,0.47
2026-02-27 21:16:27+00:00,0.47
2026-02-27 21:17:28+00:00,0.47
2026-02-27 21:18:27+00:00,0.475
2026-02-27 21:19:26+00:00,0.47
2026-02-27 21:20:29+00:00,0.47
2026-02-27 21:21:25+00:00,0.47
2026-02-27 21:22:26+00:00,0.47
2026-02-27 21:23:25+00:00,0.47
2026-02-27 21:24:27+00:00,0.47
2026-02-27 21:25:29+00:00,0.47
2026-02-27 21:26:26+00:00,0.47
2026-02-27 21:27:25+00:00,0.47
2026-02-27 21:28:26+00:00,0.47
2026-02-27 21:29:27+00:00,0.47
2026-02-27 21:30:36+00:00,0.47
2026-02-27 21:31:28+00:00,0.47
2026-02-27 21:32:26+00:00,0.47
2026-02-27 21:33:25+00:00,0.47
2026-02-27 21:34:32+00:00,0.47
2026-02-27 21:35:27+00:00,0.47
2026-02-27 21:36:27+00:00,0.47
2026-02-27 21:37:57+00:00,0.47
2026-02-27 21:38:32+00:00,0.47
2026-02-27 21:39:26+00:00,0.47
2026-02-27 21:40:34+00:00,0.47
2026-02-27 21:41:28+00:00,0.47
2026-02-27 21:42:25+00:00,0.47
2026-02-27 21:43:25+00:00,0.47
2026-02-27 21:44:27+00:00,0.47
2026-02-27 21:45:28+00:00,0.47
2026-02-27 21:46:26+00:00,0.47
2026-02-27 21:47:26+00:00,0.47
2026-02-27 21:48:26+00:00,0.47
2026-02-27 21:49:25+00:00,0.47
2026-02-27 21:50:29+00:00,0.47
2026-02-27 21:51:26+00:00,0.47
2026-02-27 21:53:03+00:00,0.47
2026-02-27 21:53:38+00:00,0.47
2026-02-27 21:54:25+00:00,0.47
2026-02-27 21:55:28+00:00,0.47
2026-02-27 21:56:28+00:00,0.47
2026-02-27 21:57:27+00:00,0.47
2026-02-27 21:58:27+00:00,0.47
2026-02-27 21:59:25+00:00,0.47
2026-02-27 22:00:38+00:00,0.47
2026-02-27 22:01:27+00:00,0.47
2026-02-27 22:02:39+00:00,0.47
2026-02-27 22:03:56+00:00,0.47
2026-02-27 22:04:26+00:00,0.47
2026-02-27 22:05:34+00:00,0.47
2026-02-27 22:06:28+00:00,0.47
2026-02-27 22:07:30+00:00,0.47
2026-02-27 22:08:27+00:00,0.47
2026-02-27 22:09:28+00:00,0.47
2026-02-27 22:10:30+00:00,0.47
2026-02-27 22:11:29+00:00,0.47
2026-02-27 22:12:28+00:00,0.47
2026-02-27 22:13:28+00:00,0.47
2026-02-27 22:14:27+00:00,0.47
2026-02-27 22:15:29+00:00,0.47
2026-02-27 22:16:32+00:00,0.47
2026-02-27 22:17:33+00:00,0.47
2026-02-27 22:18:27+00:00,0.47
2026-02-27 22:19:28+00:00,0.47
2026-02-27 22:20:29+00:00,0.47
2026-02-27 22:21:41+00:00,0.47
2026-02-27 22:22:41+00:00,0.47
2026-02-27 22:23:43+00:00,0.47
2026-02-27 22:24:28+00:00,0.47
2026-02-27 22:25:30+00:00,0.47
2026-02-27 22:26:29+00:00,0.47
2026-02-27 22:27:28+00:00,0.47
2026-02-27 22:28:28+00:00,0.47
2026-02-27 22:29:53+00:00,0.47
2026-02-27 22:30:41+00:00,0.47
2026-02-27 22:31:27+00:00,0.47
2026-02-27 22:32:55+00:00,0.47
2026-02-27 22:33:32+00:00,0.47
2026-02-27 22:34:28+00:00,0.47
2026-02-27 22:35:37+00:00,0.47
2026-02-27 22:36:28+00:00,0.47
2026-02-27 22:37:26+00:00,0.47
2026-02-27 22:38:27+00:00,0.47
2026-02-27 22:39:27+00:00,0.47
2026-02-27 22:40:32+00:00,0.47
2026-02-27 22:41:27+00:00,0.47
2026-02-27 22:42:29+00:00,0.47
2026-02-27 22:43:29+00:00,0.47
2026-02-27 22:44:28+00:00,0.47
2026-02-27 22:45:29+00:00,0.47
2026-02-27 22:46:28+00:00,0.47
2026-02-27 22:47:33+00:00,0.47
2026-02-27 22:48:34+00:00,0.47
2026-02-27 22:49:28+00:00,0.47
2026-02-27 22:50:30+00:00,0.47
2026-02-27 22:51:29+00:00,0.47
2026-02-27 22:52:28+00:00,0.47
2026-02-27 22:53:28+00:00,0.47
2026-02-27 22:54:28+00:00,0.47
2026-02-27 22:55:28+00:00,0.47
2026-02-27 22:56:41+00:00,0.47
2026-02-27 22:57:29+00:00,0.47
2026-02-27 22:58:57+00:00,0.47
2026-02-27 22:59:33+00:00,0.47
2026-02-27 23:00:44+00:00,0.47
2026-02-27 23:01:28+00:00,0.47
2026-02-27 23:02:29+00:00,0.47
2026-02-27 23:03:27+00:00,0.47
2026-02-27 23:04:28+00:00,0.47
2026-02-27 23:05:31+00:00,0.47
2026-02-27 23:06:29+00:00,0.47
2026-02-27 23:07:27+00:00,0.47
2026-02-27 23:08:27+00:00,0.47
2026-02-27 23:09:28+00:00,0.47
2026-02-27 23:10:32+00:00,0.47
2026-02-27 23:11:28+00:00,0.47
2026-02-27 23:12:28+00:00,0.47
2026-02-27 23:13:28+00:00,0.47
2026-02-27 23:14:39+00:00,0.47
2026-02-27 23:15:40+00:00,0.47
2026-02-27 23:16:28+00:00,0.47
2026-02-27 23:17:30+00:00,0.47
2026-02-27 23:18:26+00:00,0.47
2026-02-27 23:19:28+00:00,0.47
2026-02-27 23:20:32+00:00,0.47
2026-02-27 23:21:29+00:00,0.47
2026-02-27 23:22:29+00:00,0.47
2026-02-27 23:23:28+00:00,0.47
2026-02-27 23:24:58+00:00,0.47
2026-02-27 23:25:46+00:00,0.47
2026-02-27 23:26:26+00:00,0.47
2026-02-27 23:27:29+00:00,0.47
2026-02-27 23:28:28+00:00,0.47
2026-02-27 23:29:33+00:00,0.47
2026-02-27 23:30:36+00:00,0.47
2026-02-27 23:31:29+00:00,0.47
2026-02-27 23:32:26+00:00,0.47
2026-02-27 23:33:28+00:00,0.47
2026-02-27 23:34:27+00:00,0.47
2026-02-27 23:35:30+00:00,0.47
2026-02-27 23:36:28+00:00,0.47
2026-02-27 23:37:27+00:00,0.47
2026-02-27 23:38:29+00:00,0.47
2026-02-27 23:39:28+00:00,0.47
2026-02-27 23:40:29+00:00,0.47
2026-02-27 23:41:29+00:00,0.47
2026-02-27 23:42:28+00:00,0.47
2026-02-27 23:43:27+00:00,0.47
2026-02-27 23:44:28+00:00,0.47
2026-02-27 23:45:31+00:00,0.47
2026-02-27 23:46:28+00:00,0.47
2026-02-27 23:47:28+00:00,0.47
2026-02-27 23:48:27+00:00,0.47
2026-02-27 23:49:30+00:00,0.47
2026-02-27 23:51:07+00:00,0.47
2026-02-27 23:51:44+00:00,0.465
2026-02-27 23:52:29+00:00,0.465
2026-02-27 23:53:28+00:00,0.465
2026-02-27 23:54:27+00:00,0.465
2026-02-27 23:55:31+00:00,0.465
2026-02-27 23:56:28+00:00,0.465
2026-02-27 23:57:27+00:00,0.465
2026-02-27 23:58:29+00:00,0.465
2026-02-27 23:59:27+00:00,0.465
2026-02-28 00:00:49+00:00,0.465
2026-02-28 00:01:28+00:00,0.465
2026-02-28 00:02:28+00:00,0.465
2026-02-28 00:03:29+00:00,0.465
2026-02-28 00:04:29+00:00,0.465
2026-02-28 00:05:29+00:00,0.465
2026-02-28 00:06:28+00:00,0.465
2026-02-28 00:07:29+00:00,0.465
2026-02-28 00:08:27+00:00,0.465
2026-02-28 00:09:28+00:00,0.465
2026-02-28 00:10:32+00:00,0.465
2026-02-28 00:11:26+00:00,0.465
2026-02-28 00:12:28+00:00,0.465
2026-02-28 00:13:28+00:00,0.465
2026-02-28 00:14:26+00:00,0.465
2026-02-28 00:15:54+00:00,0.465
2026-02-28 00:16:28+00:00,0.465
2026-02-28 00:17:27+00:00,0.465
2026-02-28 00:18:29+00:00,0.465
2026-02-28 00:19:28+00:00,0.465
2026-02-28 00:20:29+00:00,0.465
2026-02-28 00:21:28+00:00,0.465
2026-02-28 00:22:28+00:00,0.465
2026-02-28 00:23:29+00:00,0.465
2026-02-28 00:24:28+00:00,0.465
2026-02-28 00:25:30+00:00,0.465
2026-02-28 00:26:40+00:00,0.465
2026-02-28 00:27:28+00:00,0.465
2026-02-28 00:28:28+00:00,0.465
2026-02-28 00:29:28+00:00,0.465
2026-02-28 00:30:33+00:00,0.465
2026-02-28 00:31:28+00:00,0.465
2026-02-28 00:32:27+00:00,0.465
2026-02-28 00:33:28+00:00,0.465
2026-02-28 00:34:27+00:00,0.465
2026-02-28 00:35:29+00:00,0.465
2026-02-28 00:36:29+00:00,0.47
2026-02-28 00:37:28+00:00,0.465
2026-02-28 00:38:28+00:00,0.465
2026-02-28 00:39:28+00:00,0.465
2026-02-28 00:40:30+00:00,0.465
2026-02-28 00:41:28+00:00,0.465
2026-02-28 00:42:27+00:00,0.465
2026-02-28 00:43:28+00:00,0.465
2026-02-28 00:44:28+00:00,0.465
2026-02-28 00:45:30+00:00,0.465
2026-02-28 00:46:27+00:00,0.465
2026-02-28 00:47:28+00:00,0.465
2026-02-28 00:48:29+00:00,0.465
2026-02-28 00:49:34+00:00,0.465
2026-02-28 00:50:30+00:00,0.465
2026-02-28 00:51:28+00:00,0.465
2026-02-28 00:52:42+00:00,0.465
2026-02-28 00:53:29+00:00,0.465
2026-02-28 00:54:29+00:00,0.465
2026-02-28 00:55:32+00:00,0.465
2026-02-28 00:56:29+00:00,0.465
2026-02-28 00:57:28+00:00,0.465
2026-02-28 00:58:28+00:00,0.465
2026-02-28 00:59:28+00:00,0.465
2026-02-28 01:00:32+00:00,0.465
2026-02-28 01:01:28+00:00,0.465
2026-02-28 01:02:28+00:00,0.465
2026-02-28 01:03:28+00:00,0.465
2026-02-28 01:04:29+00:00,0.465
2026-02-28 01:05:31+00:00,0.465
2026-02-28 01:06:42+00:00,0.465
2026-02-28 01:07:27+00:00,0.465
2026-02-28 01:08:27+00:00,0.465
2026-02-28 01:09:41+00:00,0.465
2026-02-28 01:10:30+00:00,0.465
2026-02-28 01:11:26+00:00,0.465
2026-02-28 01:12:30+00:00,0.465
2026-02-28 01:13:30+00:00,0.465
2026-02-28 01:14:31+00:00,0.465
2026-02-28 01:15:29+00:00,0.465
2026-02-28 01:16:28+00:00,0.465
2026-02-28 01:17:29+00:00,0.465
2026-02-28 01:18:28+00:00,0.465
2026-02-28 01:19:28+00:00,0.465
2026-02-28 01:20:31+00:00,0.465
2026-02-28 01:21:29+00:00,0.465
2026-02-28 01:22:29+00:00,0.465
2026-02-28 01:23:27+00:00,0.465
2026-02-28 01:24:28+00:00,0.465
2026-02-28 01:25:31+00:00,0.465
2026-02-28 01:26:27+00:00,0.465
2026-02-28 01:27:28+00:00,0.465
2026-02-28 01:28:29+00:00,0.465
2026-02-28 01:29:28+00:00,0.465
2026-02-28 01:30:32+00:00,0.465
2026-02-28 01:31:28+00:00,0.465
2026-02-28 01:33:00+00:00,0.465
2026-02-28 01:33:35+00:00,0.465
2026-02-28 01:34:27+00:00,0.465
2026-02-28 01:35:30+00:00,0.465
2026-02-28 01:36:28+00:00,0.465
2026-02-28 01:37:26+00:00,0.465
2026-02-28 01:38:29+00:00,0.465
2026-02-28 01:39:27+00:00,0.465
2026-02-28 01:40:30+00:00,0.465
2026-02-28 01:41:26+00:00,0.465
2026-02-28 01:42:28+00:00,0.465
2026-02-28 01:43:28+00:00,0.465
2026-02-28 01:44:28+00:00,0.465
2026-02-28 01:45:31+00:00,0.465
2026-02-28 01:46:27+00:00,0.465
2026-02-28 01:47:28+00:00,0.465
2026-02-28 01:48:26+00:00,0.465
2026-02-28 01:49:28+00:00,0.465
2026-02-28 01:50:30+00:00,0.465
2026-02-28 01:51:27+00:00,0.465
2026-02-28 01:52:28+00:00,0.47
2026-02-28 01:53:28+00:00,0.465
2026-02-28 01:54:28+00:00,0.465
2026-02-28 01:55:30+00:00,0.465
2026-02-28 01:56:28+00:00,0.465
2026-02-28 01:57:29+00:00,0.465
2026-02-28 01:59:06+00:00,0.465
2026-02-28 01:59:39+00:00,0.465
2026-02-28 02:00:37+00:00,0.465
2026-02-28 02:01:28+00:00,0.465
2026-02-28 02:02:29+00:00,0.465
2026-02-28 02:03:29+00:00,0.465
2026-02-28 02:04:28+00:00,0.465
2026-02-28 02:05:30+00:00,0.465
2026-02-28 02:06:41+00:00,0.465
2026-02-28 02:07:28+00:00,0.465
2026-02-28 02:08:27+00:00,0.465
2026-02-28 02:09:28+00:00,0.465
2026-02-28 02:10:32+00:00,0.465
2026-02-28 02:11:28+00:00,0.465
2026-02-28 02:13:06+00:00,0.465
2026-02-28 02:13:42+00:00,0.465
2026-02-28 02:14:29+00:00,0.465
2026-02-28 02:15:31+00:00,0.465
2026-02-28 02:16:28+00:00,0.465
2026-02-28 02:17:29+00:00,0.465
2026-02-28 02:18:29+00:00,0.465
2026-02-28 02:19:28+00:00,0.465
2026-02-28 02:20:30+00:00,0.465
2026-02-28 02:21:27+00:00,0.465
2026-02-28 02:22:28+00:00,0.465
2026-02-28 02:23:29+00:00,0.465
2026-02-28 02:24:27+00:00,0.465
2026-02-28 02:25:34+00:00,0.465
2026-02-28 02:26:28+00:00,0.465
2026-02-28 02:27:29+00:00,0.465
2026-02-28 02:28:29+00:00,0.465
2026-02-28 02:29:28+00:00,0.465
2026-02-28 02:30:33+00:00,0.465
2026-02-28 02:31:26+00:00,0.465
2026-02-28 02:32:29+00:00,0.465
2026-02-28 02:33:29+00:00,0.465
2026-02-28 02:34:29+00:00,0.465
2026-02-28 02:35:29+00:00,0.465
2026-02-28 02:36:28+00:00,0.465
2026-02-28 02:37:27+00:00,0.465
2026-02-28 02:38:54+00:00,0.465
2026-02-28 02:39:31+00:00,0.465
2026-02-28 02:40:32+00:00,0.465
2026-02-28 02:41:28+00:00,0.465
2026-02-28 02:42:28+00:00,0.465
2026-02-28 02:43:29+00:00,0.465
2026-02-28 02:44:28+00:00,0.465
2026-02-28 02:45:30+00:00,0.465
2026-02-28 02:46:41+00:00,0.465
2026-02-28 02:47:28+00:00,0.465
2026-02-28 02:48:43+00:00,0.465
2026-02-28 02:49:28+00:00,0.465
2026-02-28 02:50:45+00:00,0.465
2026-02-28 02:51:27+00:00,0.465
2026-02-28 02:52:28+00:00,0.465
2026-02-28 02:53:28+00:00,0.47
2026-02-28 02:54:29+00:00,0.465
2026-02-28 02:55:29+00:00,0.465
2026-02-28 02:56:27+00:00,0.465
2026-02-28 02:57:27+00:00,0.465
2026-02-28 02:58:27+00:00,0.465
2026-02-28 02:59:29+00:00,0.465
2026-02-28 03:00:36+00:00,0.465
2026-02-28 03:01:28+00:00,0.465
2026-02-28 03:02:27+00:00,0.465
2026-02-28 03:03:29+00:00,0.465
2026-02-28 03:04:56+00:00,0.465
2026-02-28 03:05:32+00:00,0.465
2026-02-28 03:06:29+00:00,0.465
2026-02-28 03:07:30+00:00,0.465
2026-02-28 03:08:29+00:00,0.465
2026-02-28 03:09:29+00:00,0.465
2026-02-28 03:10:32+00:00,0.465
2026-02-28 03:11:28+00:00,0.465
2026-02-28 03:12:26+00:00,0.465
2026-02-28 03:13:28+00:00,0.465
2026-02-28 03:14:29+00:00,0.465
2026-02-28 03:15:37+00:00,0.465
2026-02-28 03:16:28+00:00,0.465
2026-02-28 03:17:28+00:00,0.465
2026-02-28 03:18:29+00:00,0.465
2026-02-28 03:19:28+00:00,0.465
2026-02-28 03:20:29+00:00,0.465
2026-02-28 03:21:42+00:00,0.465
2026-02-28 03:22:27+00:00,0.465
2026-02-28 03:23:29+00:00,0.465
2026-02-28 03:24:28+00:00,0.465
2026-02-28 03:25:29+00:00,0.465
2026-02-28 03:26:27+00:00,0.465
2026-02-28 03:27:57+00:00,0.465
2026-02-28 03:28:33+00:00,0.465
2026-02-28 03:29:28+00:00,0.465
2026-02-28 03:30:33+00:00,0.465
2026-02-28 03:31:28+00:00,0.465
2026-02-28 03:32:28+00:00,0.465
2026-02-28 03:33:29+00:00,0.465
2026-02-28 03:34:40+00:00,0.465
2026-02-28 03:35:30+00:00,0.465
2026-02-28 03:36:39+00:00,0.465
2026-02-28 03:37:28+00:00,0.465
2026-02-28 03:38:29+00:00,0.465
2026-02-28 03:39:30+00:00,0.465
2026-02-28 03:40:31+00:00,0.465
2026-02-28 03:41:29+00:00,0.465
2026-02-28 03:42:28+00:00,0.465
2026-02-28 03:43:28+00:00,0.465
2026-02-28 03:44:27+00:00,0.465
2026-02-28 03:45:29+00:00,0.465
2026-02-28 03:46:27+00:00,0.465
2026-02-28 03:47:27+00:00,0.465
2026-02-28 03:48:26+00:00,0.465
2026-02-28 03:49:27+00:00,0.465
2026-02-28 03:50:29+00:00,0.465
2026-02-28 03:51:28+00:00,0.465
2026-02-28 03:52:29+00:00,0.465
2026-02-28 03:53:58+00:00,0.465
2026-02-28 03:54:36+00:00,0.465
2026-02-28 03:55:29+00:00,0.465
2026-02-28 03:56:27+00:00,0.465
2026-02-28 03:57:27+00:00,0.465
2026-02-28 03:58:42+00:00,0.465
2026-02-28 03:59:26+00:00,0.475
2026-02-28 04:00:34+00:00,0.475
2026-02-28 04:01:28+00:00,0.48
2026-02-28 04:02:28+00:00,0.48
2026-02-28 04:03:29+00:00,0.48
2026-02-28 04:04:27+00:00,0.475
2026-02-28 04:05:29+00:00,0.475
2026-02-28 04:06:41+00:00,0.475
2026-02-28 04:07:27+00:00,0.475
2026-02-28 04:08:28+00:00,0.475
2026-02-28 04:09:30+00:00,0.475
2026-02-28 04:10:30+00:00,0.475
2026-02-28 04:11:29+00:00,0.475
2026-02-28 04:12:39+00:00,0.475
2026-02-28 04:13:27+00:00,0.475
2026-02-28 04:14:43+00:00,0.475
2026-02-28 04:15:29+00:00,0.475
2026-02-28 04:16:27+00:00,0.475
2026-02-28 04:17:29+00:00,0.475
2026-02-28 04:18:27+00:00,0.475
2026-02-28 04:20:03+00:00,0.475
2026-02-28 04:20:43+00:00,0.475
2026-02-28 04:21:28+00:00,0.475
2026-02-28 04:22:27+00:00,0.475
2026-02-28 04:23:27+00:00,0.475
2026-02-28 04:24:28+00:00,0.475
2026-02-28 04:25:31+00:00,0.475
2026-02-28 04:26:28+00:00,0.475
2026-02-28 04:27:27+00:00,0.475
2026-02-28 04:28:28+00:00,0.475
2026-02-28 04:29:29+00:00,0.475
2026-02-28 04:30:33+00:00,0.475
2026-02-28 04:31:28+00:00,0.475
2026-02-28 04:32:28+00:00,0.475
2026-02-28 04:33:28+00:00,0.475
2026-02-28 04:34:28+00:00,0.475
2026-02-28 04:35:32+00:00,0.475
2026-02-28 04:36:27+00:00,0.475
2026-02-28 04:37:28+00:00,0.475
2026-02-28 04:38:27+00:00,0.475
2026-02-28 04:39:27+00:00,0.475
2026-02-28 04:40:30+00:00,0.475
2026-02-28 04:41:28+00:00,0.47
2026-02-28 04:42:28+00:00,0.47
2026-02-28 04:43:28+00:00,0.47
2026-02-28 04:45:05+00:00,0.47
2026-02-28 04:45:46+00:00,0.47
2026-02-28 04:46:28+00:00,0.47
2026-02-28 04:47:28+00:00,0.47
2026-02-28 04:48:29+00:00,0.47
2026-02-28 04:49:29+00:00,0.47
2026-02-28 04:50:36+00:00,0.47
2026-02-28 04:51:28+00:00,0.47
2026-02-28 04:52:30+00:00,0.47
2026-02-28 04:53:40+00:00,0.47
2026-02-28 04:54:29+00:00,0.47
2026-02-28 04:55:29+00:00,0.47
2026-02-28 04:56:28+00:00,0.47
2026-02-28 04:57:28+00:00,0.47
2026-02-28 04:58:26+00:00,0.47
2026-02-28 04:59:27+00:00,0.47
2026-02-28 05:00:33+00:00,0.47
2026-02-28 05:01:27+00:00,0.47
2026-02-28 05:02:28+00:00,0.47
2026-02-28 05:03:29+00:00,0.47
2026-02-28 05:04:29+00:00,0.47
2026-02-28 05:05:29+00:00,0.47
2026-02-28 05:06:27+00:00,0.47
2026-02-28 05:07:27+00:00,0.47
2026-02-28 05:08:42+00:00,0.47
2026-02-28 05:09:29+00:00,0.47
2026-02-28 05:11:00+00:00,0.47
2026-02-28 05:11:36+00:00,0.47
2026-02-28 05:12:27+00:00,0.47
2026-02-28 05:13:28+00:00,0.47
2026-02-28 05:14:29+00:00,0.47
2026-02-28 05:15:30+00:00,0.47
2026-02-28 05:16:27+00:00,0.47
2026-02-28 05:17:29+00:00,0.47
2026-02-28 05:18:28+00:00,0.47
2026-02-28 05:19:29+00:00,0.47
2026-02-28 05:20:30+00:00,0.47
2026-02-28 05:21:28+00:00,0.47
2026-02-28 05:22:29+00:00,0.47
2026-02-28 05:23:28+00:00,0.47
2026-02-28 05:24:29+00:00,0.47
2026-02-28 05:25:31+00:00,0.465
2026-02-28 05:26:27+00:00,0.465
2026-02-28 05:27:27+00:00,0.465
2026-02-28 05:28:58+00:00,0.465
2026-02-28 05:29:34+00:00,0.465
2026-02-28 05:30:35+00:00,0.465
2026-02-28 05:31:29+00:00,0.465
2026-02-28 05:32:42+00:00,0.465
2026-02-28 05:33:29+00:00,0.465
2026-02-28 05:34:27+00:00,0.465
2026-02-28 05:35:31+00:00,0.465
2026-02-28 05:36:28+00:00,0.465
2026-02-28 05:37:27+00:00,0.465
2026-02-28 05:38:28+00:00,0.465
2026-02-28 05:39:28+00:00,0.465
2026-02-28 05:40:29+00:00,0.465
2026-02-28 05:41:36+00:00,0.465
2026-02-28 05:42:40+00:00,0.465
2026-02-28 05:43:26+00:00,0.465
2026-02-28 05:44:27+00:00,0.465
2026-02-28 05:45:30+00:00,0.465
2026-02-28 05:46:28+00:00,0.465
2026-02-28 05:47:26+00:00,0.465
2026-02-28 05:48:26+00:00,0.465
2026-02-28 05:49:28+00:00,0.465
2026-02-28 05:50:30+00:00,0.465
2026-02-28 05:51:28+00:00,0.465
2026-02-28 05:52:27+00:00,0.465
2026-02-28 05:53:26+00:00,0.465
2026-02-28 05:54:58+00:00,0.465
2026-02-28 05:55:40+00:00,0.465
2026-02-28 05:56:26+00:00,0.465
2026-02-28 05:57:28+00:00,0.465
2026-02-28 05:58:26+00:00,0.465
2026-02-28 05:59:29+00:00,0.465
2026-02-28 06:00:40+00:00,0.465
2026-02-28 06:01:28+00:00,0.465
2026-02-28 06:02:29+00:00,0.465
2026-02-28 06:03:27+00:00,0.465
2026-02-28 06:04:28+00:00,0.465
2026-02-28 06:05:33+00:00,0.465
2026-02-28 06:06:29+00:00,0.465
2026-02-28 06:07:29+00:00,0.465
2026-02-28 06:08:29+00:00,0.465
2026-02-28 06:09:28+00:00,0.465
2026-02-28 06:10:31+00:00,0.465
2026-02-28 06:11:28+00:00,0.465
2026-02-28 06:12:29+00:00,0.465
2026-02-28 06:13:29+00:00,0.465
2026-02-28 06:14:27+00:00,0.465
2026-02-28 06:15:32+00:00,0.465
2026-02-28 06:16:27+00:00,0.465
2026-02-28 06:17:28+00:00,0.465
2026-02-28 06:18:29+00:00,0.465
2026-02-28 06:19:29+00:00,0.465
2026-02-28 06:21:04+00:00,0.465
2026-02-28 06:21:44+00:00,0.465
2026-02-28 06:22:29+00:00,0.465
2026-02-28 06:23:30+00:00,0.465
2026-02-28 06:24:28+00:00,0.465
2026-02-28 06:25:28+00:00,0.465
2026-02-28 06:26:29+00:00,0.465
2026-02-28 06:27:32+00:00,0.465
2026-02-28 06:28:28+00:00,0.465
2026-02-28 06:29:28+00:00,0.465
2026-02-28 06:30:34+00:00,0.465
2026-02-28 06:31:30+00:00,0.465
2026-02-28 06:32:29+00:00,0.465
2026-02-28 06:33:28+00:00,0.465
2026-02-28 06:34:29+00:00,0.465
2026-02-28 06:35:42+00:00,0.465
2026-02-28 06:36:52+00:00,0.465
2026-02-28 06:37:29+00:00,0.465
2026-02-28 06:38:29+00:00,0.465
2026-02-28 06:39:28+00:00,0.465
2026-02-28 06:40:31+00:00,0.465
2026-02-28 06:41:30+00:00,0.465
2026-02-28 06:42:27+00:00,0.465
2026-02-28 06:43:28+00:00,0.465
2026-02-28 06:44:27+00:00,0.465
2026-02-28 06:45:33+00:00,0.465
2026-02-28 06:46:28+00:00,0.465
2026-02-28 06:47:29+00:00,0.465
2026-02-28 06:48:27+00:00,0.465
2026-02-28 06:49:29+00:00,0.465
2026-02-28 06:50:32+00:00,0.465
2026-02-28 06:51:29+00:00,0.465
2026-02-28 06:52:30+00:00,0.465
2026-02-28 06:53:29+00:00,0.465
2026-02-28 06:54:30+00:00,0.465
2026-02-28 06:55:30+00:00,0.465
2026-02-28 06:57:03+00:00,0.465
2026-02-28 06:57:36+00:00,0.465
2026-02-28 06:58:28+00:00,0.465
2026-02-28 06:59:29+00:00,0.465
2026-02-28 07:00:39+00:00,0.465
2026-02-28 07:01:29+00:00,0.465
2026-02-28 07:02:32+00:00,0.465
2026-02-28 07:03:32+00:00,0.465
2026-02-28 07:04:29+00:00,0.465
2026-02-28 07:05:32+00:00,0.465
2026-02-28 07:06:29+00:00,0.465
2026-02-28 07:07:27+00:00,0.465
2026-02-28 07:08:30+00:00,0.465
2026-02-28 07:09:28+00:00,0.465
2026-02-28 07:10:31+00:00,0.465
2026-02-28 07:12:05+00:00,0.465
2026-02-28 07:12:42+00:00,0.465
2026-02-28 07:13:27+00:00,0.465
2026-02-28 07:14:29+00:00,0.465
2026-02-28 07:15:33+00:00,0.465
2026-02-28 07:17:16+00:00,0.465
2026-02-28 07:17:55+00:00,0.465
2026-02-28 07:18:32+00:00,0.465
2026-02-28 07:19:28+00:00,0.465
2026-02-28 07:20:32+00:00,0.465
2026-02-28 07:21:28+00:00,0.465
2026-02-28 07:22:30+00:00,0.465
2026-02-28 07:23:28+00:00,0.465
2026-02-28 07:24:28+00:00,0.465
2026-02-28 07:25:30+00:00,0.465
2026-02-28 07:26:29+00:00,0.465
2026-02-28 07:27:26+00:00,0.465
2026-02-28 07:28:27+00:00,0.465
2026-02-28 07:29:29+00:00,0.465
2026-02-28 07:30:34+00:00,0.465
2026-02-28 07:31:28+00:00,0.465
2026-02-28 07:32:29+00:00,0.465
2026-02-28 07:33:30+00:00,0.465
2026-02-28 07:34:29+00:00,0.465
2026-02-28 07:35:32+00:00,0.465
2026-02-28 07:36:29+00:00,0.465
2026-02-28 07:38:00+00:00,0.465
2026-02-28 07:38:37+00:00,0.465
2026-02-28 07:39:31+00:00,0.465
2026-02-28 07:40:38+00:00,0.465
2026-02-28 07:41:33+00:00,0.465
2026-02-28 07:42:30+00:00,0.465
2026-02-28 07:43:27+00:00,0.465
2026-02-28 07:44:28+00:00,0.465
2026-02-28 07:45:31+00:00,0.465
2026-02-28 07:46:30+00:00,0.465
2026-02-28 07:47:28+00:00,0.465
2026-02-28 07:48:29+00:00,0.465
2026-02-28 07:49:27+00:00,0.465
2026-02-28 07:50:33+00:00,0.465
2026-02-28 07:51:28+00:00,0.465
2026-02-28 07:52:29+00:00,0.465
2026-02-28 07:53:29+00:00,0.465
2026-02-28 07:54:29+00:00,0.465
2026-02-28 07:55:29+00:00,0.465
2026-02-28 07:56:28+00:00,0.465
2026-02-28 07:57:29+00:00,0.465
2026-02-28 07:58:29+00:00,0.465
2026-02-28 07:59:28+00:00,0.465
2026-02-28 08:00:44+00:00,0.465
2026-02-28 08:01:28+00:00,0.465
2026-02-28 08:02:27+00:00,0.465
2026-02-28 08:03:57+00:00,0.465
2026-02-28 08:04:33+00:00,0.465
2026-02-28 08:05:35+00:00,0.465
2026-02-28 08:06:29+00:00,0.465
2026-02-28 08:07:36+00:00,0.465
2026-02-28 08:08:29+00:00,0.465
2026-02-28 08:09:27+00:00,0.465
2026-02-28 08:10:31+00:00,0.465
2026-02-28 08:11:29+00:00,0.465
2026-02-28 08:12:28+00:00,0.465
2026-02-28 08:13:28+00:00,0.465
2026-02-28 08:14:27+00:00,0.465
2026-02-28 08:15:28+00:00,0.465
2026-02-28 08:16:27+00:00,0.465
2026-02-28 08:17:28+00:00,0.465
2026-02-28 08:18:27+00:00,0.465
2026-02-28 08:19:28+00:00,0.465
2026-02-28 08:20:34+00:00,0.465
2026-02-28 08:21:26+00:00,0.465
2026-02-28 08:22:30+00:00,0.465
2026-02-28 08:23:27+00:00,0.465
2026-02-28 08:24:28+00:00,0.465
2026-02-28 08:25:32+00:00,0.465
2026-02-28 08:26:27+00:00,0.465
2026-02-28 08:27:28+00:00,0.465
2026-02-28 08:28:29+00:00,0.465
2026-02-28 08:30:13+00:00,0.465
2026-02-28 08:30:58+00:00,0.465
2026-02-28 08:31:31+00:00,0.465
2026-02-28 08:32:32+00:00,0.465
2026-02-28 08:33:27+00:00,0.465
2026-02-28 08:34:27+00:00,0.465
2026-02-28 08:35:29+00:00,0.465
2026-02-28 08:36:27+00:00,0.465
2026-02-28 08:37:27+00:00,0.465
2026-02-28 08:38:27+00:00,0.465
2026-02-28 08:39:27+00:00,0.465
2026-02-28 08:40:29+00:00,0.465
2026-02-28 08:41:40+00:00,0.465
2026-02-28 08:42:27+00:00,0.465
2026-02-28 08:43:27+00:00,0.465
2026-02-28 08:44:29+00:00,0.465
2026-02-28 08:45:31+00:00,0.465
2026-02-28 08:46:28+00:00,0.465
2026-02-28 08:47:39+00:00,0.465
2026-02-28 08:48:27+00:00,0.465
2026-02-28 08:49:28+00:00,0.465
2026-02-28 08:50:41+00:00,0.465
2026-02-28 08:51:29+00:00,0.465
2026-02-28 08:52:26+00:00,0.465
2026-02-28 08:53:31+00:00,0.465
2026-02-28 08:54:27+00:00,0.465
2026-02-28 08:56:06+00:00,0.465
2026-02-28 08:56:42+00:00,0.465
2026-02-28 08:57:29+00:00,0.465
2026-02-28 08:58:28+00:00,0.465
2026-02-28 08:59:28+00:00,0.465
2026-02-28 09:01:07+00:00,0.465
2026-02-28 09:01:49+00:00,0.465
2026-02-28 09:02:28+00:00,0.465
2026-02-28 09:03:32+00:00,0.465
2026-02-28 09:04:28+00:00,0.465
2026-02-28 09:05:32+00:00,0.465
2026-02-28 09:06:28+00:00,0.465
2026-02-28 09:07:28+00:00,0.465
2026-02-28 09:08:29+00:00,0.465
2026-02-28 09:09:28+00:00,0.465
2026-02-28 09:10:30+00:00,0.465
2026-02-28 09:11:28+00:00,0.465
2026-02-28 09:12:29+00:00,0.465
2026-02-28 09:13:27+00:00,0.465
2026-02-28 09:14:30+00:00,0.465
2026-02-28 09:15:31+00:00,0.465
2026-02-28 09:16:27+00:00,0.465
2026-02-28 09:17:27+00:00,0.465
2026-02-28 09:18:30+00:00,0.465
2026-02-28 09:19:28+00:00,0.465
2026-02-28 09:20:30+00:00,0.465
2026-02-28 09:21:27+00:00,0.465
2026-02-28 09:22:29+00:00,0.465
2026-02-28 09:23:27+00:00,0.465
2026-02-28 09:24:29+00:00,0.465
2026-02-28 09:25:31+00:00,0.465
2026-02-28 09:26:44+00:00,0.465
2026-02-28 09:27:50+00:00,0.465
2026-02-28 09:28:27+00:00,0.465
2026-02-28 09:29:30+00:00,0.465
2026-02-28 09:30:37+00:00,0.465
2026-02-28 09:31:27+00:00,0.465
2026-02-28 09:32:28+00:00,0.465
2026-02-28 09:33:27+00:00,0.465
2026-02-28 09:34:28+00:00,0.465
2026-02-28 09:35:40+00:00,0.465
2026-02-28 09:36:43+00:00,0.465
2026-02-28 09:37:27+00:00,0.465
2026-02-28 09:38:28+00:00,0.465
2026-02-28 09:39:28+00:00,0.465
2026-02-28 09:40:29+00:00,0.465
2026-02-28 09:41:28+00:00,0.465
2026-02-28 09:43:12+00:00,0.465
2026-02-28 09:43:50+00:00,0.465
2026-02-28 09:44:30+00:00,0.465
2026-02-28 09:45:30+00:00,0.465
2026-02-28 09:46:43+00:00,0.465
2026-02-28 09:47:28+00:00,0.465
2026-02-28 09:48:28+00:00,0.465
2026-02-28 09:49:56+00:00,0.465
2026-02-28 09:50:39+00:00,0.465
2026-02-28 09:51:27+00:00,0.465
2026-02-28 09:52:39+00:00,0.465
2026-02-28 09:53:28+00:00,0.465
2026-02-28 09:54:29+00:00,0.465
2026-02-28 09:55:30+00:00,0.465
2026-02-28 09:56:27+00:00,0.465
2026-02-28 09:57:27+00:00,0.465
2026-02-28 09:58:27+00:00,0.465
2026-02-28 09:59:29+00:00,0.465
2026-02-28 10:00:39+00:00,0.465
2026-02-28 10:01:27+00:00,0.465
2026-02-28 10:02:27+00:00,0.465
2026-02-28 10:03:40+00:00,0.465
2026-02-28 10:04:29+00:00,0.465
2026-02-28 10:05:33+00:00,0.465
2026-02-28 10:06:30+00:00,0.465
2026-02-28 10:07:32+00:00,0.465
2026-02-28 10:08:28+00:00,0.465
2026-02-28 10:09:28+00:00,0.465
2026-02-28 10:10:30+00:00,0.465
2026-02-28 10:11:28+00:00,0.465
2026-02-28 10:12:29+00:00,0.465
2026-02-28 10:13:27+00:00,0.465
2026-02-28 10:14:27+00:00,0.465
2026-02-28 10:16:01+00:00,0.465
2026-02-28 10:16:38+00:00,0.465
2026-02-28 10:17:31+00:00,0.465
2026-02-28 10:18:29+00:00,0.465
2026-02-28 10:19:29+00:00,0.465
2026-02-28 10:20:31+00:00,0.465
2026-02-28 10:21:29+00:00,0.465
2026-02-28 10:22:29+00:00,0.465
2026-02-28 10:23:28+00:00,0.465
2026-02-28 10:24:29+00:00,0.465
2026-02-28 10:25:30+00:00,0.465
2026-02-28 10:26:27+00:00,0.465
2026-02-28 10:27:28+00:00,0.465
2026-02-28 10:28:27+00:00,0.465
2026-02-28 10:29:28+00:00,0.465
2026-02-28 10:30:32+00:00,0.465
2026-02-28 10:31:27+00:00,0.465
2026-02-28 10:32:30+00:00,0.465
2026-02-28 10:33:37+00:00,0.465
2026-02-28 10:34:29+00:00,0.465
2026-02-28 10:35:30+00:00,0.465
2026-02-28 10:36:28+00:00,0.465
2026-02-28 10:37:27+00:00,0.465
2026-02-28 10:38:27+00:00,0.465
2026-02-28 10:39:28+00:00,0.465
2026-02-28 10:40:30+00:00,0.465
2026-02-28 10:41:58+00:00,0.465
2026-02-28 10:42:33+00:00,0.465
2026-02-28 10:43:28+00:00,0.465
2026-02-28 10:44:27+00:00,0.465
2026-02-28 10:45:35+00:00,0.465
2026-02-28 10:46:28+00:00,0.465
2026-02-28 10:47:27+00:00,0.465
2026-02-28 10:48:27+00:00,0.465
2026-02-28 10:49:28+00:00,0.465
2026-02-28 10:50:31+00:00,0.465
2026-02-28 10:51:28+00:00,0.465
2026-02-28 10:52:28+00:00,0.465
2026-02-28 10:53:28+00:00,0.465
2026-02-28 10:54:27+00:00,0.465
2026-02-28 10:55:30+00:00,0.465
2026-02-28 10:56:43+00:00,0.465
2026-02-28 10:57:30+00:00,0.465
2026-02-28 10:58:29+00:00,0.465
2026-02-28 10:59:26+00:00,0.475
2026-02-28 11:00:34+00:00,0.475
2026-02-28 11:01:37+00:00,0.475
2026-02-28 11:02:29+00:00,0.475
2026-02-28 11:03:29+00:00,0.475
2026-02-28 11:04:29+00:00,0.475
2026-02-28 11:05:29+00:00,0.475
2026-02-28 11:06:28+00:00,0.475
2026-02-28 11:07:59+00:00,0.475
2026-02-28 11:08:36+00:00,0.475
2026-02-28 11:09:28+00:00,0.475
2026-02-28 11:10:37+00:00,0.475
2026-02-28 11:11:30+00:00,0.475
2026-02-28 11:12:28+00:00,0.475
2026-02-28 11:13:27+00:00,0.475
2026-02-28 11:14:28+00:00,0.475
2026-02-28 11:15:30+00:00,0.475
2026-02-28 11:16:29+00:00,0.475
2026-02-28 11:17:28+00:00,0.475
2026-02-28 11:18:29+00:00,0.475
2026-02-28 11:19:32+00:00,0.475
2026-02-28 11:20:30+00:00,0.475
2026-02-28 11:21:28+00:00,0.475
2026-02-28 11:22:28+00:00,0.475
2026-02-28 11:23:27+00:00,0.475
2026-02-28 11:24:29+00:00,0.475
2026-02-28 11:25:42+00:00,0.475
2026-02-28 11:26:29+00:00,0.475
2026-02-28 11:27:28+00:00,0.475
2026-02-28 11:28:28+00:00,0.475
2026-02-28 11:29:29+00:00,0.475
2026-02-28 11:30:34+00:00,0.475
2026-02-28 11:31:29+00:00,0.475
2026-02-28 11:32:29+00:00,0.475
2026-02-28 11:34:01+00:00,0.475
2026-02-28 11:34:36+00:00,0.475
2026-02-28 11:35:35+00:00,0.475
2026-02-28 11:36:27+00:00,0.475
2026-02-28 11:37:28+00:00,0.475
2026-02-28 11:38:27+00:00,0.475
2026-02-28 11:39:27+00:00,0.475
2026-02-28 11:40:30+00:00,0.475
2026-02-28 11:41:29+00:00,0.475
2026-02-28 11:42:28+00:00,0.475
2026-02-28 11:43:27+00:00,0.475
2026-02-28 11:44:28+00:00,0.475
2026-02-28 11:45:28+00:00,0.475
2026-02-28 11:46:28+00:00,0.475
2026-02-28 11:47:28+00:00,0.475
2026-02-28 11:48:30+00:00,0.475
2026-02-28 11:49:27+00:00,0.475
2026-02-28 11:50:31+00:00,0.475
2026-02-28 11:51:27+00:00,0.475
2026-02-28 11:52:43+00:00,0.475
2026-02-28 11:53:29+00:00,0.475
2026-02-28 11:54:30+00:00,0.475
2026-02-28 11:55:30+00:00,0.475
2026-02-28 11:56:27+00:00,0.475
2026-02-28 11:57:29+00:00,0.475
2026-02-28 11:58:29+00:00,0.475
2026-02-28 12:00:05+00:00,0.475
2026-02-28 12:01:03+00:00,0.475
2026-02-28 12:01:34+00:00,0.475
2026-02-28 12:02:26+00:00,0.475
2026-02-28 12:03:28+00:00,0.475
2026-02-28 12:04:28+00:00,0.475
2026-02-28 12:05:30+00:00,0.475
2026-02-28 12:06:28+00:00,0.475
2026-02-28 12:07:28+00:00,0.475
2026-02-28 12:09:11+00:00,0.475
2026-02-28 12:09:51+00:00,0.475
2026-02-28 12:10:34+00:00,0.475
2026-02-28 12:11:27+00:00,0.475
2026-02-28 12:12:29+00:00,0.475
2026-02-28 12:13:29+00:00,0.475
2026-02-28 12:14:27+00:00,0.475
2026-02-28 12:15:30+00:00,0.475
2026-02-28 12:16:29+00:00,0.475
2026-02-28 12:17:28+00:00,0.475
2026-02-28 12:18:30+00:00,0.475
2026-02-28 12:19:28+00:00,0.475
2026-02-28 12:20:30+00:00,0.475
2026-02-28 12:21:29+00:00,0.475
2026-02-28 12:22:27+00:00,0.475
2026-02-28 12:23:27+00:00,0.475
2026-02-28 12:24:28+00:00,0.475
2026-02-28 12:26:13+00:00,0.475
2026-02-28 12:26:51+00:00,0.475
2026-02-28 12:27:28+00:00,0.475
2026-02-28 12:28:27+00:00,0.475
2026-02-28 12:29:28+00:00,0.475
2026-02-28 12:30:35+00:00,0.475
2026-02-28 12:31:28+00:00,0.475
2026-02-28 12:32:32+00:00,0.475
2026-02-28 12:33:30+00:00,0.475
2026-02-28 12:34:27+00:00,0.475
2026-02-28 12:35:30+00:00,0.475
2026-02-28 12:36:26+00:00,0.475
2026-02-28 12:37:28+00:00,0.475
2026-02-28 12:38:27+00:00,0.475
2026-02-28 12:39:29+00:00,0.475
2026-02-28 12:40:42+00:00,0.475
2026-02-28 12:41:26+00:00,0.475
2026-02-28 12:42:28+00:00,0.475
2026-02-28 12:43:30+00:00,0.475
2026-02-28 12:44:55+00:00,0.475
2026-02-28 12:45:40+00:00,0.475
2026-02-28 12:46:30+00:00,0.475
2026-02-28 12:47:30+00:00,0.475
2026-02-28 12:48:27+00:00,0.475
2026-02-28 12:49:28+00:00,0.475
2026-02-28 12:50:30+00:00,0.475
2026-02-28 12:51:42+00:00,0.475
2026-02-28 12:52:29+00:00,0.475
2026-02-28 12:53:27+00:00,0.475
2026-02-28 12:54:39+00:00,0.475
2026-02-28 12:55:29+00:00,0.475
2026-02-28 12:56:27+00:00,0.475
2026-02-28 12:57:27+00:00,0.475
2026-02-28 12:58:29+00:00,0.475
2026-02-28 12:59:33+00:00,0.475
2026-02-28 13:00:35+00:00,0.475
2026-02-28 13:01:29+00:00,0.475
2026-02-28 13:02:29+00:00,0.475
2026-02-28 13:03:28+00:00,0.475
2026-02-28 13:04:27+00:00,0.475
2026-02-28 13:05:31+00:00,0.475
2026-02-28 13:06:28+00:00,0.475
2026-02-28 13:07:27+00:00,0.475
2026-02-28 13:08:41+00:00,0.475
2026-02-28 13:09:26+00:00,0.475
2026-02-28 13:11:05+00:00,0.475
2026-02-28 13:11:40+00:00,0.475
2026-02-28 13:12:29+00:00,0.475
2026-02-28 13:13:27+00:00,0.475
2026-02-28 13:14:29+00:00,0.475
2026-02-28 13:15:30+00:00,0.475
2026-02-28 13:16:28+00:00,0.475
2026-02-28 13:17:29+00:00,0.475
2026-02-28 13:18:27+00:00,0.475
2026-02-28 13:19:29+00:00,0.475
2026-02-28 13:20:30+00:00,0.475
2026-02-28 13:21:29+00:00,0.475
2026-02-28 13:22:27+00:00,0.475
2026-02-28 13:23:30+00:00,0.475
2026-02-28 13:24:32+00:00,0.475
2026-02-28 13:25:29+00:00,0.475
2026-02-28 13:26:28+00:00,0.475
2026-02-28 13:27:41+00:00,0.475
2026-02-28 13:28:28+00:00,0.475
2026-02-28 13:29:27+00:00,0.475
2026-02-28 13:30:33+00:00,0.475
2026-02-28 13:31:27+00:00,0.475
2026-02-28 13:32:26+00:00,0.475
2026-02-28 13:33:28+00:00,0.475
2026-02-28 13:34:30+00:00,0.475
2026-02-28 13:35:29+00:00,0.475
2026-02-28 13:36:58+00:00,0.475
2026-02-28 13:37:36+00:00,0.475
2026-02-28 13:38:28+00:00,0.475
2026-02-28 13:39:29+00:00,0.475
2026-02-28 13:40:37+00:00,0.475
2026-02-28 13:41:27+00:00,0.475
2026-02-28 13:42:29+00:00,0.475
2026-02-28 13:43:27+00:00,0.475
2026-02-28 13:44:28+00:00,0.475
2026-02-28 13:45:34+00:00,0.475
2026-02-28 13:46:29+00:00,0.475
2026-02-28 13:47:29+00:00,0.475
2026-02-28 13:48:27+00:00,0.475
2026-02-28 13:49:30+00:00,0.475
2026-02-28 13:50:30+00:00,0.475
2026-02-28 13:51:39+00:00,0.475
2026-02-28 13:52:49+00:00,0.475
2026-02-28 13:53:27+00:00,0.475
2026-02-28 13:54:28+00:00,0.475
2026-02-28 13:55:39+00:00,0.475
2026-02-28 13:56:27+00:00,0.475
2026-02-28 13:57:30+00:00,0.475
2026-02-28 13:58:29+00:00,0.475
2026-02-28 13:59:30+00:00,0.475
2026-02-28 14:00:50+00:00,0.475
2026-02-28 14:01:33+00:00,0.475
2026-02-28 14:02:30+00:00,0.475
2026-02-28 14:03:30+00:00,0.475
2026-02-28 14:04:29+00:00,0.475
2026-02-28 14:05:32+00:00,0.475
2026-02-28 14:06:29+00:00,0.475
2026-02-28 14:07:30+00:00,0.475
2026-02-28 14:08:28+00:00,0.475
2026-02-28 14:09:30+00:00,0.475
2026-02-28 14:10:32+00:00,0.475
2026-02-28 14:11:29+00:00,0.475
2026-02-28 14:12:28+00:00,0.475
2026-02-28 14:13:29+00:00,0.475
2026-02-28 14:14:31+00:00,0.475
2026-02-28 14:15:30+00:00,0.475
2026-02-28 14:16:30+00:00,0.475
2026-02-28 14:17:52+00:00,0.475
2026-02-28 14:18:45+00:00,0.475
2026-02-28 14:19:29+00:00,0.475
2026-02-28 14:20:38+00:00,0.475
2026-02-28 14:21:30+00:00,0.475
2026-02-28 14:22:29+00:00,0.475
2026-02-28 14:23:28+00:00,0.475
2026-02-28 14:24:30+00:00,0.475
2026-02-28 14:25:32+00:00,0.475
2026-02-28 14:26:31+00:00,0.475
2026-02-28 14:27:30+00:00,0.475
2026-02-28 14:28:29+00:00,0.475
2026-02-28 14:29:30+00:00,0.475
2026-02-28 14:30:34+00:00,0.475
2026-02-28 14:31:30+00:00,0.475
2026-02-28 14:32:29+00:00,0.475
2026-02-28 14:33:29+00:00,0.475
2026-02-28 14:35:14+00:00,0.475
2026-02-28 14:35:57+00:00,0.475
2026-02-28 14:36:33+00:00,0.475
2026-02-28 14:37:31+00:00,0.475
2026-02-28 14:38:58+00:00,0.475
2026-02-28 14:39:36+00:00,0.475
2026-02-28 14:40:37+00:00,0.475
2026-02-28 14:41:30+00:00,0.475
2026-02-28 14:42:29+00:00,0.475
2026-02-28 14:43:29+00:00,0.475
2026-02-28 14:44:29+00:00,0.475
2026-02-28 14:45:32+00:00,0.475
2026-02-28 14:46:30+00:00,0.475
2026-02-28 14:47:30+00:00,0.475
2026-02-28 14:48:31+00:00,0.475
2026-02-28 14:49:30+00:00,0.475
2026-02-28 14:50:33+00:00,0.475
2026-02-28 14:51:30+00:00,0.475
2026-02-28 14:52:31+00:00,0.475
2026-02-28 14:53:29+00:00,0.475
2026-02-28 14:54:29+00:00,0.475
2026-02-28 14:55:32+00:00,0.475
2026-02-28 14:56:27+00:00,0.475
2026-02-28 14:57:30+00:00,0.475
2026-02-28 14:58:32+00:00,0.475
2026-02-28 14:59:33+00:00,0.475
2026-02-28 15:00:38+00:00,0.475
2026-02-28 15:01:29+00:00,0.475
2026-02-28 15:02:29+00:00,0.475
2026-02-28 15:03:29+00:00,0.475
2026-02-28 15:04:58+00:00,0.475
2026-02-28 15:05:45+00:00,0.475
2026-02-28 15:06:30+00:00,0.475
2026-02-28 15:07:29+00:00,0.465
2026-02-28 15:08:31+00:00,0.465
2026-02-28 15:09:32+00:00,0.465
2026-02-28 15:10:32+00:00,0.465
2026-02-28 15:11:29+00:00,0.465
2026-02-28 15:12:59+00:00,0.465
2026-02-28 15:13:39+00:00,0.465
2026-02-28 15:14:29+00:00,0.465
2026-02-28 15:15:37+00:00,0.465
2026-02-28 15:16:31+00:00,0.465
2026-02-28 15:17:31+00:00,0.465
2026-02-28 15:18:29+00:00,0.465
2026-02-28 15:19:29+00:00,0.465
2026-02-28 15:20:32+00:00,0.465
2026-02-28 15:21:29+00:00,0.465
2026-02-28 15:22:27+00:00,0.465
2026-02-28 15:23:29+00:00,0.465
2026-02-28 15:24:29+00:00,0.465
2026-02-28 15:25:39+00:00,0.465
2026-02-28 15:26:29+00:00,0.465
2026-02-28 15:27:29+00:00,0.465
2026-02-28 15:28:28+00:00,0.465
2026-02-28 15:29:28+00:00,0.465
2026-02-28 15:30:34+00:00,0.465
2026-02-28 15:31:30+00:00,0.465
2026-02-28 15:32:31+00:00,0.465
2026-02-28 15:33:30+00:00,0.465
2026-02-28 15:34:29+00:00,0.465
2026-02-28 15:35:31+00:00,0.465
2026-02-28 15:36:29+00:00,0.465
2026-02-28 15:37:30+00:00,0.465
2026-02-28 15:38:59+00:00,0.465
2026-02-28 15:39:39+00:00,0.465
2026-02-28 15:40:37+00:00,0.465
2026-02-28 15:41:29+00:00,0.465
2026-02-28 15:42:30+00:00,0.465
2026-02-28 15:43:29+00:00,0.465
2026-02-28 15:44:29+00:00,0.465
2026-02-28 15:45:31+00:00,0.465
2026-02-28 15:46:29+00:00,0.465
2026-02-28 15:47:29+00:00,0.465
2026-02-28 15:48:29+00:00,0.465
2026-02-28 15:49:32+00:00,0.465
2026-02-28 15:50:34+00:00,0.465
2026-02-28 15:51:28+00:00,0.465
2026-02-28 15:52:44+00:00,0.465
2026-02-28 15:53:29+00:00,0.465
2026-02-28 15:54:29+00:00,0.465
2026-02-28 15:55:30+00:00,0.465
2026-02-28 15:56:30+00:00,0.465
2026-02-28 15:57:29+00:00,0.445
2026-02-28 15:58:28+00:00,0.445
2026-02-28 15:59:30+00:00,0.445
2026-02-28 16:00:37+00:00,0.445
2026-02-28 16:01:31+00:00,0.435
2026-02-28 16:02:29+00:00,0.435
2026-02-28 16:03:31+00:00,0.435
2026-02-28 16:05:02+00:00,0.435
2026-02-28 16:05:50+00:00,0.435
2026-02-28 16:06:29+00:00,0.435
2026-02-28 16:07:29+00:00,0.435
2026-02-28 16:08:29+00:00,0.435
2026-02-28 16:09:30+00:00,0.435
2026-02-28 16:10:31+00:00,0.435
2026-02-28 16:11:35+00:00,0.435
2026-02-28 16:12:30+00:00,0.435
2026-02-28 16:13:30+00:00,0.435
2026-02-28 16:14:30+00:00,0.435
2026-02-28 16:15:31+00:00,0.435
2026-02-28 16:16:29+00:00,0.435
2026-02-28 16:17:30+00:00,0.425
2026-02-28 16:18:29+00:00,0.425
2026-02-28 16:19:32+00:00,0.425
2026-02-28 16:20:31+00:00,0.425
2026-02-28 16:21:32+00:00,0.425
2026-02-28 16:22:29+00:00,0.425
2026-02-28 16:23:28+00:00,0.425
2026-02-28 16:24:29+00:00,0.425
2026-02-28 16:25:48+00:00,0.425
2026-02-28 16:26:41+00:00,0.425
2026-02-28 16:27:29+00:00,0.425
2026-02-28 16:28:30+00:00,0.425
2026-02-28 16:29:29+00:00,0.425
2026-02-28 16:31:13+00:00,0.425
2026-02-28 16:31:50+00:00,0.425
2026-02-28 16:32:29+00:00,0.425
2026-02-28 16:33:30+00:00,0.425
2026-02-28 16:34:28+00:00,0.425
2026-02-28 16:35:33+00:00,0.425
2026-02-28 16:36:29+00:00,0.425
2026-02-28 16:37:28+00:00,0.425
2026-02-28 16:38:29+00:00,0.425
2026-02-28 16:39:29+00:00,0.425
2026-02-28 16:40:33+00:00,0.425
2026-02-28 16:41:29+00:00,0.425
2026-02-28 16:42:31+00:00,0.425
2026-02-28 16:43:30+00:00,0.425
2026-02-28 16:44:30+00:00,0.425
2026-02-28 16:46:09+00:00,0.425
2026-02-28 16:46:50+00:00,0.425
2026-02-28 16:47:29+00:00,0.425
2026-02-28 16:48:31+00:00,0.425
2026-02-28 16:49:29+00:00,0.425
2026-02-28 16:50:33+00:00,0.425
2026-02-28 16:51:29+00:00,0.425
2026-02-28 16:52:29+00:00,0.425
2026-02-28 16:53:30+00:00,0.425
2026-02-28 16:54:29+00:00,0.425
2026-02-28 16:55:30+00:00,0.425
2026-02-28 16:56:28+00:00,0.415
2026-02-28 16:57:29+00:00,0.415
2026-02-28 16:58:29+00:00,0.415
2026-02-28 16:59:30+00:00,0.415
2026-02-28 17:01:19+00:00,0.415
2026-02-28 17:01:59+00:00,0.415
2026-02-28 17:02:33+00:00,0.415
2026-02-28 17:03:30+00:00,0.415
2026-02-28 17:04:29+00:00,0.415
2026-02-28 17:05:30+00:00,0.415
2026-02-28 17:06:29+00:00,0.415
2026-02-28 17:07:30+00:00,0.415
2026-02-28 17:08:28+00:00,0.415
2026-02-28 17:09:29+00:00,0.415
2026-02-28 17:10:32+00:00,0.415
2026-02-28 17:12:00+00:00,0.415
2026-02-28 17:12:38+00:00,0.415
2026-02-28 17:13:29+00:00,0.415
2026-02-28 17:14:28+00:00,0.415
2026-02-28 17:15:38+00:00,0.415
2026-02-28 17:16:31+00:00,0.415
2026-02-28 17:17:31+00:00,0.415
2026-02-28 17:18:32+00:00,0.415
2026-02-28 17:19:30+00:00,0.415
2026-02-28 17:20:46+00:00,0.415
2026-02-28 17:21:30+00:00,0.415
2026-02-28 17:22:30+00:00,0.415
2026-02-28 17:23:31+00:00,0.415
2026-02-28 17:24:34+00:00,0.415
2026-02-28 17:25:35+00:00,0.415
2026-02-28 17:26:30+00:00,0.415
2026-02-28 17:27:28+00:00,0.415
2026-02-28 17:28:29+00:00,0.415
2026-02-28 17:29:28+00:00,0.415
2026-02-28 17:30:36+00:00,0.415
2026-02-28 17:31:30+00:00,0.415
2026-02-28 17:32:31+00:00,0.415
2026-02-28 17:33:28+00:00,0.415
2026-02-28 17:34:32+00:00,0.415
2026-02-28 17:36:07+00:00,0.415
2026-02-28 17:36:43+00:00,0.415
2026-02-28 17:37:30+00:00,0.415
2026-02-28 17:38:29+00:00,0.415
2026-02-28 17:39:29+00:00,0.415
2026-02-28 17:40:33+00:00,0.415
2026-02-28 17:41:28+00:00,0.415
2026-02-28 17:42:29+00:00,0.415
2026-02-28 17:43:28+00:00,0.415
2026-02-28 17:44:29+00:00,0.415
2026-02-28 17:45:33+00:00,0.415
2026-02-28 17:46:31+00:00,0.415
2026-02-28 17:47:29+00:00,0.415
2026-02-28 17:48:29+00:00,0.415
2026-02-28 17:49:29+00:00,0.415
2026-02-28 17:50:32+00:00,0.415
2026-02-28 17:51:34+00:00,0.415
2026-02-28 17:52:29+00:00,0.415
2026-02-28 17:53:28+00:00,0.415
2026-02-28 17:54:29+00:00,0.415
2026-02-28 17:55:29+00:00,0.415
2026-02-28 17:56:29+00:00,0.415
2026-02-28 17:57:30+00:00,0.415
2026-02-28 17:58:31+00:00,0.415
2026-02-28 17:59:29+00:00,0.415
2026-02-28 18:00:40+00:00,0.415
2026-02-28 18:02:00+00:00,0.415
2026-02-28 18:02:39+00:00,0.415
2026-02-28 18:03:29+00:00,0.415
2026-02-28 18:04:31+00:00,0.415
2026-02-28 18:05:49+00:00,0.415
2026-02-28 18:06:29+00:00,0.415
2026-02-28 18:07:29+00:00,0.415
2026-02-28 18:08:31+00:00,0.415
2026-02-28 18:09:29+00:00,0.415
2026-02-28 18:10:32+00:00,0.415
2026-02-28 18:11:29+00:00,0.415
2026-02-28 18:12:29+00:00,0.415
2026-02-28 18:13:28+00:00,0.415
2026-02-28 18:14:29+00:00,0.415
2026-02-28 18:16:09+00:00,0.415
2026-02-28 18:16:48+00:00,0.415
2026-02-28 18:17:28+00:00,0.415
2026-02-28 18:18:29+00:00,0.405
2026-02-28 18:19:30+00:00,0.405
2026-02-28 18:20:33+00:00,0.405
2026-02-28 18:21:31+00:00,0.405
2026-02-28 18:22:29+00:00,0.405
2026-02-28 18:23:28+00:00,0.405
2026-02-28 18:24:30+00:00,0.405
2026-02-28 18:25:32+00:00,0.405
2026-02-28 18:26:31+00:00,0.405
2026-02-28 18:27:30+00:00,0.405
2026-02-28 18:28:29+00:00,0.405
2026-02-28 18:29:30+00:00,0.405
2026-02-28 18:30:37+00:00,0.405
2026-02-28 18:31:30+00:00,0.405
2026-02-28 18:32:30+00:00,0.405
2026-02-28 18:33:28+00:00,0.405
2026-02-28 18:34:29+00:00,0.405
2026-02-28 18:35:31+00:00,0.405
2026-02-28 18:36:29+00:00,0.405
2026-02-28 18:37:34+00:00,0.405
2026-02-28 18:38:28+00:00,0.405
2026-02-28 18:39:29+00:00,0.405
2026-02-28 18:40:41+00:00,0.405
2026-02-28 18:42:01+00:00,0.405
2026-02-28 18:42:39+00:00,0.405
2026-02-28 18:43:30+00:00,0.405
2026-02-28 18:44:28+00:00,0.405
2026-02-28 18:45:38+00:00,0.405
2026-02-28 18:46:31+00:00,0.405
2026-02-28 18:47:30+00:00,0.405
2026-02-28 18:48:44+00:00,0.405
2026-02-28 18:49:29+00:00,0.405
2026-02-28 18:50:32+00:00,0.405
2026-02-28 18:51:30+00:00,0.405
2026-02-28 18:52:29+00:00,0.405
2026-02-28 18:53:30+00:00,0.405
2026-02-28 18:54:28+00:00,0.405
2026-02-28 18:56:09+00:00,0.405
2026-02-28 18:56:48+00:00,0.405
2026-02-28 18:57:30+00:00,0.405
2026-02-28 18:58:29+00:00,0.405
2026-02-28 18:59:28+00:00,0.405
2026-02-28 19:00:38+00:00,0.405
2026-02-28 19:01:29+00:00,0.405
2026-02-28 19:02:30+00:00,0.405
2026-02-28 19:03:31+00:00,0.405
2026-02-28 19:04:29+00:00,0.405
2026-02-28 19:05:32+00:00,0.405
2026-02-28 19:06:30+00:00,0.405
2026-02-28 19:07:29+00:00,0.405
2026-02-28 19:08:29+00:00,0.405
2026-02-28 19:09:29+00:00,0.405
2026-02-28 19:10:33+00:00,0.405
2026-02-28 19:11:29+00:00,0.405
2026-02-28 19:12:30+00:00,0.405
2026-02-28 19:13:29+00:00,0.405
2026-02-28 19:14:29+00:00,0.405
2026-02-28 19:15:32+00:00,0.405
2026-02-28 19:16:29+00:00,0.405
2026-02-28 19:17:30+00:00,0.405
2026-02-28 19:18:30+00:00,0.405
2026-02-28 19:19:29+00:00,0.405
2026-02-28 19:20:31+00:00,0.405
2026-02-28 19:22:05+00:00,0.405
2026-02-28 19:22:43+00:00,0.405
2026-02-28 19:23:29+00:00,0.405
2026-02-28 19:24:28+00:00,0.405
2026-02-28 19:25:37+00:00,0.405
2026-02-28 19:27:25+00:00,0.405
2026-02-28 19:28:03+00:00,0.405
2026-02-28 19:28:39+00:00,0.405
2026-02-28 19:29:30+00:00,0.405
2026-02-28 19:30:35+00:00,0.405
2026-02-28 19:31:29+00:00,0.405
2026-02-28 19:32:30+00:00,0.405
2026-02-28 19:33:29+00:00,0.405
2026-02-28 19:34:28+00:00,0.405
2026-02-28 19:35:31+00:00,0.405
2026-02-28 19:36:41+00:00,0.405
2026-02-28 19:37:30+00:00,0.405
2026-02-28 19:38:59+00:00,0.405
2026-02-28 19:39:36+00:00,0.405
2026-02-28 19:40:39+00:00,0.405
2026-02-28 19:41:30+00:00,0.405
2026-02-28 19:42:31+00:00,0.415
2026-02-28 19:43:31+00:00,0.415
2026-02-28 19:44:30+00:00,0.415
2026-02-28 19:45:32+00:00,0.415
2026-02-28 19:46:31+00:00,0.415
2026-02-28 19:47:30+00:00,0.415
2026-02-28 19:48:29+00:00,0.415
2026-02-28 19:49:31+00:00,0.415
2026-02-28 19:50:36+00:00,0.415
2026-02-28 19:51:32+00:00,0.415
2026-02-28 19:52:30+00:00,0.415
2026-02-28 19:53:29+00:00,0.415
2026-02-28 19:54:30+00:00,0.415
2026-02-28 19:55:30+00:00,0.415
2026-02-28 19:56:42+00:00,0.415
2026-02-28 19:57:29+00:00,0.415
2026-02-28 19:58:29+00:00,0.415
2026-02-28 19:59:28+00:00,0.415
2026-02-28 20:00:37+00:00,0.415
2026-02-28 20:01:32+00:00,0.415
2026-02-28 20:02:44+00:00,0.415
2026-02-28 20:03:30+00:00,0.415
2026-02-28 20:04:57+00:00,0.415
2026-02-28 20:05:44+00:00,0.415
2026-02-28 20:06:29+00:00,0.415
2026-02-28 20:07:28+00:00,0.415
2026-02-28 20:08:29+00:00,0.415
2026-02-28 20:09:29+00:00,0.415
2026-02-28 20:10:31+00:00,0.415
2026-02-28 20:11:30+00:00,0.415
2026-02-28 20:12:31+00:00,0.415
2026-02-28 20:13:31+00:00,0.415
2026-02-28 20:14:28+00:00,0.415
2026-02-28 20:15:33+00:00,0.415
2026-02-28 20:16:31+00:00,0.415
2026-02-28 20:17:37+00:00,0.415
2026-02-28 20:18:30+00:00,0.415
2026-02-28 20:19:30+00:00,0.415
2026-02-28 20:20:34+00:00,0.415
2026-02-28 20:21:30+00:00,0.415
2026-02-28 20:22:30+00:00,0.415
2026-02-28 20:23:28+00:00,0.415
2026-02-28 20:24:29+00:00,0.415
2026-02-28 20:25:32+00:00,0.415
2026-02-28 20:26:30+00:00,0.415
2026-02-28 20:27:28+00:00,0.415
2026-02-28 20:28:29+00:00,0.415
2026-02-28 20:29:30+00:00,0.415
2026-02-28 20:31:10+00:00,0.415
2026-02-28 20:31:47+00:00,0.415
2026-02-28 20:32:30+00:00,0.415
2026-02-28 20:33:30+00:00,0.415
2026-02-28 20:34:29+00:00,0.415
2026-02-28 20:35:33+00:00,0.415
2026-02-28 20:36:41+00:00,0.415
2026-02-28 20:37:43+00:00,0.415
2026-02-28 20:38:47+00:00,0.415
2026-02-28 20:39:29+00:00,0.415
2026-02-28 20:40:38+00:00,0.415
2026-02-28 20:41:32+00:00,0.415
2026-02-28 20:42:31+00:00,0.415
2026-02-28 20:43:28+00:00,0.415
2026-02-28 20:44:28+00:00,0.415
2026-02-28 20:45:32+00:00,0.415
2026-02-28 20:46:29+00:00,0.415
2026-02-28 20:47:29+00:00,0.415
2026-02-28 20:48:29+00:00,0.415
2026-02-28 20:49:30+00:00,0.415
2026-02-28 20:50:31+00:00,0.415
2026-02-28 20:51:28+00:00,0.415
2026-02-28 20:52:30+00:00,0.415
2026-02-28 20:53:28+00:00,0.415
2026-02-28 20:54:30+00:00,0.415
2026-02-28 20:55:31+00:00,0.415
2026-02-28 20:56:31+00:00,0.415
2026-02-28 20:57:28+00:00,0.415
2026-02-28 20:58:30+00:00,0.415
2026-02-28 20:59:29+00:00,0.415
2026-02-28 21:00:39+00:00,0.415
2026-02-28 21:01:29+00:00,0.415
2026-02-28 21:02:30+00:00,0.415
2026-02-28 21:03:52+00:00,0.415
2026-02-28 21:04:42+00:00,0.415
2026-02-28 21:05:37+00:00,0.415
2026-02-28 21:06:30+00:00,0.415
2026-02-28 21:07:30+00:00,0.415
2026-02-28 21:08:29+00:00,0.415
2026-02-28 21:09:28+00:00,0.415
2026-02-28 21:10:32+00:00,0.415
2026-02-28 21:11:29+00:00,0.415
2026-02-28 21:12:31+00:00,0.415
2026-02-28 21:13:32+00:00,0.415
2026-02-28 21:14:28+00:00,0.415
2026-02-28 21:15:31+00:00,0.415
2026-02-28 21:16:30+00:00,0.415
2026-02-28 21:17:29+00:00,0.415
2026-02-28 21:18:28+00:00,0.415
2026-02-28 21:19:42+00:00,0.415
2026-02-28 21:20:31+00:00,0.415
2026-02-28 21:21:30+00:00,0.415
2026-02-28 21:22:28+00:00,0.415
2026-02-28 21:23:27+00:00,0.415
2026-02-28 21:24:31+00:00,0.415
2026-02-28 21:25:30+00:00,0.415
2026-02-28 21:26:29+00:00,0.415
2026-02-28 21:27:28+00:00,0.415
2026-02-28 21:28:29+00:00,0.415
2026-02-28 21:29:43+00:00,0.415
2026-02-28 21:31:01+00:00,0.415
2026-02-28 21:31:33+00:00,0.415
2026-02-28 21:32:29+00:00,0.415
2026-02-28 21:33:30+00:00,0.415
2026-02-28 21:34:29+00:00,0.415
2026-02-28 21:35:30+00:00,0.415
2026-02-28 21:36:31+00:00,0.415
2026-02-28 21:37:29+00:00,0.415
2026-02-28 21:38:32+00:00,0.415
2026-02-28 21:39:29+00:00,0.415
2026-02-28 21:40:31+00:00,0.415
2026-02-28 21:41:28+00:00,0.415
2026-02-28 21:42:28+00:00,0.415
2026-02-28 21:43:28+00:00,0.415
2026-02-28 21:44:28+00:00,0.415
2026-02-28 21:45:31+00:00,0.415
2026-02-28 21:46:29+00:00,0.415
2026-02-28 21:47:28+00:00,0.415
2026-02-28 21:48:31+00:00,0.415
2026-02-28 21:49:31+00:00,0.415
2026-02-28 21:51:10+00:00,0.415
2026-02-28 21:51:48+00:00,0.415
2026-02-28 21:53:10+00:00,0.415
2026-02-28 21:53:46+00:00,0.415
2026-02-28 21:54:29+00:00,0.415
2026-02-28 21:55:33+00:00,0.415
2026-02-28 21:56:29+00:00,0.415
2026-02-28 21:57:28+00:00,0.415
2026-02-28 21:58:27+00:00,0.415
2026-02-28 21:59:28+00:00,0.415
2026-02-28 22:00:40+00:00,0.415
2026-02-28 22:01:29+00:00,0.415
2026-02-28 22:02:29+00:00,0.415
2026-02-28 22:03:42+00:00,0.415
2026-02-28 22:04:29+00:00,0.415
2026-02-28 22:05:30+00:00,0.415
2026-02-28 22:06:28+00:00,0.415
2026-02-28 22:07:27+00:00,0.415
2026-02-28 22:08:29+00:00,0.415
2026-02-28 22:09:42+00:00,0.415
2026-02-28 22:10:33+00:00,0.415
2026-02-28 22:11:30+00:00,0.415
2026-02-28 22:12:28+00:00,0.415
2026-02-28 22:13:28+00:00,0.415
2026-02-28 22:14:28+00:00,0.415
2026-02-28 22:15:31+00:00,0.415
2026-02-28 22:17:00+00:00,0.415
2026-02-28 22:17:42+00:00,0.415
2026-02-28 22:18:29+00:00,0.415
2026-02-28 22:19:30+00:00,0.415
2026-02-28 22:20:38+00:00,0.415
2026-02-28 22:21:28+00:00,0.415
2026-02-28 22:22:29+00:00,0.415
2026-02-28 22:23:27+00:00,0.415
2026-02-28 22:24:29+00:00,0.415
2026-02-28 22:25:31+00:00,0.415
2026-02-28 22:26:43+00:00,0.415
2026-02-28 22:27:30+00:00,0.415
2026-02-28 22:28:28+00:00,0.415
2026-02-28 22:29:29+00:00,0.415
2026-02-28 22:30:35+00:00,0.415
2026-02-28 22:31:28+00:00,0.415
2026-02-28 22:32:29+00:00,0.415
2026-02-28 22:33:28+00:00,0.415
2026-02-28 22:34:28+00:00,0.415
2026-02-28 22:35:30+00:00,0.415
2026-02-28 22:36:28+00:00,0.415
2026-02-28 22:37:29+00:00,0.415
2026-02-28 22:38:29+00:00,0.415
2026-02-28 22:39:55+00:00,0.415
2026-02-28 22:40:41+00:00,0.415
2026-02-28 22:41:29+00:00,0.415
2026-02-28 22:42:26+00:00,0.415
2026-02-28 22:43:33+00:00,0.415
2026-02-28 22:44:28+00:00,0.415
2026-02-28 22:45:29+00:00,0.415
2026-02-28 22:46:29+00:00,0.415
2026-02-28 22:47:28+00:00,0.415
2026-02-28 22:48:28+00:00,0.415
2026-02-28 22:49:28+00:00,0.415
2026-02-28 22:50:31+00:00,0.415
2026-02-28 22:51:27+00:00,0.415
2026-02-28 22:52:28+00:00,0.415
2026-02-28 22:53:28+00:00,0.415
2026-02-28 22:54:41+00:00,0.415
2026-02-28 22:55:30+00:00,0.415
2026-02-28 22:56:29+00:00,0.415
2026-02-28 22:57:28+00:00,0.415
2026-02-28 22:58:27+00:00,0.415
2026-02-28 22:59:27+00:00,0.415
2026-02-28 23:00:34+00:00,0.415
2026-02-28 23:01:27+00:00,0.415
2026-02-28 23:02:28+00:00,0.415
2026-02-28 23:03:28+00:00,0.415
2026-02-28 23:04:28+00:00,0.415
2026-02-28 23:06:04+00:00,0.415
2026-02-28 23:06:42+00:00,0.415
2026-02-28 23:07:31+00:00,0.415
2026-02-28 23:08:31+00:00,0.415
2026-02-28 23:09:27+00:00,0.415
2026-02-28 23:10:31+00:00,0.415
2026-02-28 23:11:27+00:00,0.415
2026-02-28 23:12:27+00:00,0.415
2026-02-28 23:13:28+00:00,0.415
2026-02-28 23:14:29+00:00,0.415
2026-02-28 23:15:32+00:00,0.415
2026-02-28 23:16:28+00:00,0.415
2026-02-28 23:17:30+00:00,0.415
2026-02-28 23:18:29+00:00,0.415
2026-02-28 23:19:27+00:00,0.415
2026-02-28 23:20:29+00:00,0.415
2026-02-28 23:21:29+00:00,0.415
2026-02-28 23:22:29+00:00,0.415
2026-02-28 23:23:27+00:00,0.415
2026-02-28 23:24:27+00:00,0.415
2026-02-28 23:25:31+00:00,0.415
2026-02-28 23:26:28+00:00,0.415
2026-02-28 23:27:27+00:00,0.415
2026-02-28 23:28:27+00:00,0.415
2026-02-28 23:29:30+00:00,0.415
2026-02-28 23:30:42+00:00,0.415
2026-02-28 23:31:50+00:00,0.415
2026-02-28 23:32:27+00:00,0.415
2026-02-28 23:33:27+00:00,0.415
2026-02-28 23:34:58+00:00,0.415
2026-02-28 23:35:47+00:00,0.415
2026-02-28 23:36:29+00:00,0.415
2026-02-28 23:37:29+00:00,0.415
2026-02-28 23:38:30+00:00,0.415
2026-02-28 23:39:30+00:00,0.415
2026-02-28 23:40:31+00:00,0.415
2026-02-28 23:41:28+00:00,0.415
2026-02-28 23:42:44+00:00,0.415
2026-02-28 23:43:29+00:00,0.415
2026-02-28 23:44:27+00:00,0.415
2026-02-28 23:45:30+00:00,0.415
2026-02-28 23:46:29+00:00,0.415
2026-02-28 23:47:28+00:00,0.415
2026-02-28 23:48:29+00:00,0.415
2026-02-28 23:49:28+00:00,0.415
2026-02-28 23:50:32+00:00,0.415
2026-02-28 23:51:28+00:00,0.415
2026-02-28 23:52:29+00:00,0.415
2026-02-28 23:53:29+00:00,0.415
2026-02-28 23:54:28+00:00,0.415
2026-02-28 23:55:30+00:00,0.415
2026-02-28 23:56:28+00:00,0.415
2026-02-28 23:57:27+00:00,0.415
2026-02-28 23:58:27+00:00,0.415
2026-02-28 23:59:28+00:00,0.415
2026-03-01 00:01:05+00:00,0.415
2026-03-01 00:01:40+00:00,0.415
2026-03-01 00:02:28+00:00,0.415
2026-03-01 00:03:28+00:00,0.415
2026-03-01 00:04:28+00:00,0.415
2026-03-01 00:05:53+00:00,0.415
2026-03-01 00:06:30+00:00,0.415
2026-03-01 00:07:27+00:00,0.415
2026-03-01 00:08:28+00:00,0.415
2026-03-01 00:09:28+00:00,0.415
2026-03-01 00:10:33+00:00,0.415
2026-03-01 00:11:26+00:00,0.415
2026-03-01 00:12:27+00:00,0.415
2026-03-01 00:13:28+00:00,0.415
2026-03-01 00:14:38+00:00,0.415
2026-03-01 00:15:42+00:00,0.415
2026-03-01 00:16:29+00:00,0.415
2026-03-01 00:17:28+00:00,0.415
2026-03-01 00:18:43+00:00,0.415
2026-03-01 00:19:29+00:00,0.415
2026-03-01 00:20:32+00:00,0.415
2026-03-01 00:21:27+00:00,0.415
2026-03-01 00:22:27+00:00,0.415
2026-03-01 00:23:42+00:00,0.415
2026-03-01 00:24:40+00:00,0.415
2026-03-01 00:25:30+00:00,0.415
2026-03-01 00:26:29+00:00,0.415
2026-03-01 00:27:29+00:00,0.415
2026-03-01 00:28:41+00:00,0.415
2026-03-01 00:29:27+00:00,0.415
2026-03-01 00:31:02+00:00,0.415
2026-03-01 00:31:43+00:00,0.415
2026-03-01 00:32:29+00:00,0.415
2026-03-01 00:33:30+00:00,0.415
2026-03-01 00:34:28+00:00,0.415
2026-03-01 00:35:34+00:00,0.415
2026-03-01 00:36:30+00:00,0.415
2026-03-01 00:37:28+00:00,0.415
2026-03-01 00:38:27+00:00,0.415
2026-03-01 00:39:28+00:00,0.415
2026-03-01 00:40:33+00:00,0.415
2026-03-01 00:41:28+00:00,0.415
2026-03-01 00:42:30+00:00,0.415
2026-03-01 00:43:30+00:00,0.415
2026-03-01 00:44:28+00:00,0.415
2026-03-01 00:45:30+00:00,0.415
2026-03-01 00:46:29+00:00,0.415
2026-03-01 00:47:29+00:00,0.415
2026-03-01 00:48:29+00:00,0.415
2026-03-01 00:53:59+00:00,0.415
2026-03-01 00:54:32+00:00,0.415
2026-03-01 00:55:31+00:00,0.415
2026-03-01 00:56:29+00:00,0.415
2026-03-01 00:57:49+00:00,0.415
2026-03-01 00:58:28+00:00,0.415
2026-03-01 00:59:28+00:00,0.415
2026-03-01 01:00:41+00:00,0.415
2026-03-01 01:01:27+00:00,0.415
2026-03-01 01:02:28+00:00,0.415
2026-03-01 01:03:27+00:00,0.415
2026-03-01 01:04:31+00:00,0.415
2026-03-01 01:05:45+00:00,0.415
2026-03-01 01:06:28+00:00,0.415
2026-03-01 01:07:27+00:00,0.415
2026-03-01 01:08:28+00:00,0.415
2026-03-01 01:09:30+00:00,0.415
2026-03-01 01:10:31+00:00,0.415
2026-03-01 01:11:29+00:00,0.415
2026-03-01 01:12:43+00:00,0.415
2026-03-01 01:13:34+00:00,0.415
2026-03-01 01:14:28+00:00,0.415
2026-03-01 01:15:32+00:00,0.415
2026-03-01 01:16:29+00:00,0.415
2026-03-01 01:17:30+00:00,0.415
2026-03-01 01:18:44+00:00,0.415
2026-03-01 01:19:27+00:00,0.415
2026-03-01 01:20:33+00:00,0.415
2026-03-01 01:21:27+00:00,0.415
2026-03-01 01:22:29+00:00,0.415
2026-03-01 01:23:49+00:00,0.415
2026-03-01 01:24:29+00:00,0.415
2026-03-01 01:25:36+00:00,0.415
2026-03-01 01:26:29+00:00,0.415
2026-03-01 01:27:32+00:00,0.415
2026-03-01 01:28:29+00:00,0.415
2026-03-01 01:29:28+00:00,0.415
2026-03-01 01:30:35+00:00,0.415
2026-03-01 01:31:28+00:00,0.415
2026-03-01 01:32:28+00:00,0.415
2026-03-01 01:33:30+00:00,0.415
2026-03-01 01:34:43+00:00,0.415
2026-03-01 01:35:30+00:00,0.415
2026-03-01 01:36:29+00:00,0.415
2026-03-01 01:37:30+00:00,0.415
2026-03-01 01:38:30+00:00,0.415
2026-03-01 01:39:28+00:00,0.415
2026-03-01 01:40:31+00:00,0.415
2026-03-01 01:41:28+00:00,0.415
2026-03-01 01:42:28+00:00,0.415
2026-03-01 01:43:27+00:00,0.415
2026-03-01 01:44:28+00:00,0.415
2026-03-01 01:45:31+00:00,0.415
2026-03-01 01:46:28+00:00,0.415
2026-03-01 01:47:29+00:00,0.415
2026-03-01 01:48:31+00:00,0.415
2026-03-01 01:49:52+00:00,0.415
2026-03-01 01:50:38+00:00,0.415
2026-03-01 01:51:28+00:00,0.415
2026-03-01 01:52:29+00:00,0.415
2026-03-01 01:53:29+00:00,0.415
2026-03-01 01:54:28+00:00,0.415
2026-03-01 01:55:32+00:00,0.415
2026-03-01 01:56:29+00:00,0.415
2026-03-01 01:57:28+00:00,0.415
2026-03-01 01:58:27+00:00,0.415
2026-03-01 01:59:31+00:00,0.415
2026-03-01 02:00:36+00:00,0.415
2026-03-01 02:01:29+00:00,0.415
2026-03-01 02:02:30+00:00,0.415
2026-03-01 02:03:29+00:00,0.415
2026-03-01 02:04:28+00:00,0.415
2026-03-01 02:05:31+00:00,0.415
2026-03-01 02:06:27+00:00,0.415
2026-03-01 02:07:30+00:00,0.415
2026-03-01 02:08:31+00:00,0.415
2026-03-01 02:09:29+00:00,0.415
2026-03-01 02:10:31+00:00,0.415
2026-03-01 02:11:29+00:00,0.415
2026-03-01 02:12:28+00:00,0.415
2026-03-01 02:13:28+00:00,0.415
2026-03-01 02:14:30+00:00,0.415
2026-03-01 02:16:03+00:00,0.415
2026-03-01 02:16:40+00:00,0.415
2026-03-01 02:17:30+00:00,0.415
2026-03-01 02:18:30+00:00,0.415
2026-03-01 02:19:32+00:00,0.415
2026-03-01 02:20:31+00:00,0.415
2026-03-01 02:21:29+00:00,0.415
2026-03-01 02:22:30+00:00,0.415
2026-03-01 02:23:28+00:00,0.415
2026-03-01 02:24:29+00:00,0.415
2026-03-01 02:25:32+00:00,0.415
2026-03-01 02:26:29+00:00,0.415
2026-03-01 02:27:30+00:00,0.415
2026-03-01 02:28:29+00:00,0.415
2026-03-01 02:29:29+00:00,0.415
2026-03-01 02:30:34+00:00,0.415
2026-03-01 02:31:30+00:00,0.415
2026-03-01 02:32:28+00:00,0.415
2026-03-01 02:33:29+00:00,0.415
2026-03-01 02:34:30+00:00,0.415
2026-03-01 02:35:32+00:00,0.415
2026-03-01 02:36:30+00:00,0.415
2026-03-01 02:37:30+00:00,0.415
2026-03-01 02:38:29+00:00,0.415
2026-03-01 02:39:28+00:00,0.415
2026-03-01 02:40:31+00:00,0.415
2026-03-01 02:41:57+00:00,0.415
2026-03-01 02:42:34+00:00,0.415
2026-03-01 02:43:29+00:00,0.415
2026-03-01 02:44:27+00:00,0.415
2026-03-01 02:45:36+00:00,0.415
2026-03-01 02:46:28+00:00,0.415
2026-03-01 02:47:30+00:00,0.415
2026-03-01 02:48:42+00:00,0.415
2026-03-01 02:49:29+00:00,0.415
2026-03-01 02:50:32+00:00,0.415
2026-03-01 02:51:29+00:00,0.415
2026-03-01 02:52:28+00:00,0.415
2026-03-01 02:53:40+00:00,0.415
2026-03-01 02:54:27+00:00,0.415
2026-03-01 02:55:30+00:00,0.415
2026-03-01 02:56:29+00:00,0.415
2026-03-01 02:57:27+00:00,0.425
2026-03-01 02:58:28+00:00,0.425
2026-03-01 02:59:29+00:00,0.425
2026-03-01 03:00:40+00:00,0.425
2026-03-01 03:01:29+00:00,0.425
2026-03-01 03:02:56+00:00,0.425
2026-03-01 03:03:34+00:00,0.425
2026-03-01 03:04:30+00:00,0.425
2026-03-01 03:05:37+00:00,0.425
2026-03-01 03:06:30+00:00,0.425
2026-03-01 03:07:28+00:00,0.425
2026-03-01 03:08:28+00:00,0.425
2026-03-01 03:09:29+00:00,0.425
2026-03-01 03:10:31+00:00,0.425
2026-03-01 03:11:28+00:00,0.425
2026-03-01 03:12:30+00:00,0.425
2026-03-01 03:13:30+00:00,0.425
2026-03-01 03:14:29+00:00,0.425
2026-03-01 03:15:31+00:00,0.425
2026-03-01 03:16:29+00:00,0.425
2026-03-01 03:17:29+00:00,0.425
2026-03-01 03:18:27+00:00,0.425
2026-03-01 03:19:30+00:00,0.425
2026-03-01 03:20:30+00:00,0.425
2026-03-01 03:21:28+00:00,0.425
2026-03-01 03:22:29+00:00,0.425
2026-03-01 03:23:29+00:00,0.425
2026-03-01 03:24:28+00:00,0.425
2026-03-01 03:25:30+00:00,0.425
2026-03-01 03:26:27+00:00,0.425
2026-03-01 03:27:29+00:00,0.425
2026-03-01 03:28:59+00:00,0.425
2026-03-01 03:29:35+00:00,0.425
2026-03-01 03:30:41+00:00,0.425
2026-03-01 03:31:28+00:00,0.425
2026-03-01 03:32:29+00:00,0.425
2026-03-01 03:33:28+00:00,0.425
2026-03-01 03:34:29+00:00,0.425
2026-03-01 03:35:31+00:00,0.425
2026-03-01 03:36:28+00:00,0.425
2026-03-01 03:37:29+00:00,0.425
2026-03-01 03:38:28+00:00,0.425
2026-03-01 03:39:35+00:00,0.425
2026-03-01 03:40:31+00:00,0.425
2026-03-01 03:41:28+00:00,0.425
2026-03-01 03:42:28+00:00,0.425
2026-03-01 03:43:29+00:00,0.425
2026-03-01 03:44:30+00:00,0.425
2026-03-01 03:45:29+00:00,0.425
2026-03-01 03:46:28+00:00,0.425
2026-03-01 03:47:30+00:00,0.425
2026-03-01 03:48:27+00:00,0.425
2026-03-01 03:49:30+00:00,0.425
2026-03-01 03:50:30+00:00,0.425
2026-03-01 03:51:28+00:00,0.425
2026-03-01 03:52:29+00:00,0.425
2026-03-01 03:53:28+00:00,0.425
2026-03-01 03:54:59+00:00,0.425
2026-03-01 03:55:46+00:00,0.425
2026-03-01 03:56:27+00:00,0.425
2026-03-01 03:57:44+00:00,0.425
2026-03-01 03:58:29+00:00,0.425
2026-03-01 03:59:27+00:00,0.425
2026-03-01 04:00:37+00:00,0.425
2026-03-01 04:01:59+00:00,0.425
2026-03-01 04:02:35+00:00,0.425
2026-03-01 04:03:30+00:00,0.425
2026-03-01 04:04:44+00:00,0.425
2026-03-01 04:05:35+00:00,0.425
2026-03-01 04:06:27+00:00,0.425
2026-03-01 04:07:28+00:00,0.425
2026-03-01 04:08:28+00:00,0.425
2026-03-01 04:09:29+00:00,0.425
2026-03-01 04:10:29+00:00,0.425
2026-03-01 04:11:42+00:00,0.425
2026-03-01 04:12:28+00:00,0.425
2026-03-01 04:13:42+00:00,0.425
2026-03-01 04:14:30+00:00,0.425
2026-03-01 04:15:30+00:00,0.425
2026-03-01 04:16:29+00:00,0.425
2026-03-01 04:17:28+00:00,0.425
2026-03-01 04:18:28+00:00,0.425
2026-03-01 04:19:29+00:00,0.425
2026-03-01 04:20:30+00:00,0.425
2026-03-01 04:22:00+00:00,0.425
2026-03-01 04:22:38+00:00,0.425
2026-03-01 04:23:28+00:00,0.425
2026-03-01 04:24:43+00:00,0.425
2026-03-01 04:25:37+00:00,0.425
2026-03-01 04:26:28+00:00,0.425
2026-03-01 04:27:27+00:00,0.425
2026-03-01 04:28:29+00:00,0.425
2026-03-01 04:29:28+00:00,0.425
2026-03-01 04:30:35+00:00,0.425
2026-03-01 04:31:27+00:00,0.425
2026-03-01 04:32:29+00:00,0.425
2026-03-01 04:33:27+00:00,0.425
2026-03-01 04:34:27+00:00,0.425
2026-03-01 04:35:31+00:00,0.425
2026-03-01 04:36:28+00:00,0.425
2026-03-01 04:37:27+00:00,0.425
2026-03-01 04:38:29+00:00,0.425
2026-03-01 04:39:28+00:00,0.425
2026-03-01 04:40:30+00:00,0.425
2026-03-01 04:41:26+00:00,0.425
2026-03-01 04:42:27+00:00,0.425
2026-03-01 04:43:27+00:00,0.425
2026-03-01 04:44:44+00:00,0.425
2026-03-01 04:45:29+00:00,0.425
2026-03-01 04:46:26+00:00,0.425
2026-03-01 04:48:01+00:00,0.425
2026-03-01 04:48:36+00:00,0.425
2026-03-01 04:49:28+00:00,0.425
2026-03-01 04:50:37+00:00,0.425
2026-03-01 04:51:27+00:00,0.425
2026-03-01 04:52:29+00:00,0.425
2026-03-01 04:53:27+00:00,0.425
2026-03-01 04:54:30+00:00,0.425
2026-03-01 04:55:28+00:00,0.425
2026-03-01 04:56:28+00:00,0.425
2026-03-01 04:57:27+00:00,0.425
2026-03-01 04:58:37+00:00,0.425
2026-03-01 04:59:29+00:00,0.425
2026-03-01 05:00:34+00:00,0.425
2026-03-01 05:01:29+00:00,0.425
2026-03-01 05:02:28+00:00,0.425
2026-03-01 05:03:28+00:00,0.425
2026-03-01 05:04:29+00:00,0.425
2026-03-01 05:05:29+00:00,0.425
2026-03-01 05:06:28+00:00,0.425
2026-03-01 05:07:29+00:00,0.425
2026-03-01 05:08:58+00:00,0.425
2026-03-01 05:09:34+00:00,0.425
2026-03-01 05:10:34+00:00,0.425
2026-03-01 05:11:27+00:00,0.425
2026-03-01 05:12:26+00:00,0.425
2026-03-01 05:13:28+00:00,0.425
2026-03-01 05:14:42+00:00,0.425
2026-03-01 05:15:30+00:00,0.425
2026-03-01 05:16:28+00:00,0.425
2026-03-01 05:17:28+00:00,0.425
2026-03-01 05:18:27+00:00,0.425
2026-03-01 05:19:26+00:00,0.425
2026-03-01 05:20:30+00:00,0.425
2026-03-01 05:21:27+00:00,0.425
2026-03-01 05:22:27+00:00,0.425
2026-03-01 05:23:27+00:00,0.425
2026-03-01 05:24:28+00:00,0.425
2026-03-01 05:25:29+00:00,0.425
2026-03-01 05:26:27+00:00,0.425
2026-03-01 05:27:27+00:00,0.425
2026-03-01 05:28:28+00:00,0.425
2026-03-01 05:29:27+00:00,0.425
2026-03-01 05:30:36+00:00,0.425
2026-03-01 05:31:28+00:00,0.425
2026-03-01 05:32:29+00:00,0.425
2026-03-01 05:33:27+00:00,0.425
2026-03-01 05:34:55+00:00,0.425
2026-03-01 05:35:38+00:00,0.425
2026-03-01 05:36:38+00:00,0.425
2026-03-01 05:37:29+00:00,0.425
2026-03-01 05:38:29+00:00,0.425
2026-03-01 05:39:27+00:00,0.425
2026-03-01 05:40:30+00:00,0.425
2026-03-01 05:41:26+00:00,0.425
2026-03-01 05:42:27+00:00,0.425
2026-03-01 05:43:27+00:00,0.425
2026-03-01 05:44:28+00:00,0.425
2026-03-01 05:45:30+00:00,0.425
2026-03-01 05:46:29+00:00,0.425
2026-03-01 05:47:27+00:00,0.425
2026-03-01 05:48:28+00:00,0.425
2026-03-01 05:49:29+00:00,0.425
2026-03-01 05:50:31+00:00,0.425
2026-03-01 05:51:27+00:00,0.425
2026-03-01 05:52:28+00:00,0.425
2026-03-01 05:53:27+00:00,0.425
2026-03-01 05:54:27+00:00,0.425
2026-03-01 05:55:30+00:00,0.425
2026-03-01 05:56:28+00:00,0.425
2026-03-01 05:57:27+00:00,0.425
2026-03-01 05:58:26+00:00,0.425
2026-03-01 05:59:27+00:00,0.425
2026-03-01 06:01:10+00:00,0.425
2026-03-01 06:01:45+00:00,0.425
2026-03-01 06:02:27+00:00,0.425
2026-03-01 06:03:28+00:00,0.425
2026-03-01 06:04:27+00:00,0.425
2026-03-01 06:05:38+00:00,0.425
2026-03-01 06:06:29+00:00,0.425
2026-03-01 06:07:28+00:00,0.425
2026-03-01 06:08:27+00:00,0.425
2026-03-01 06:09:26+00:00,0.425
2026-03-01 06:10:29+00:00,0.425
2026-03-01 06:11:28+00:00,0.425
2026-03-01 06:13:11+00:00,0.425
2026-03-01 06:13:46+00:00,0.425
2026-03-01 06:14:28+00:00,0.425
2026-03-01 06:15:37+00:00,0.425
2026-03-01 06:16:27+00:00,0.425
2026-03-01 06:17:28+00:00,0.425
2026-03-01 06:18:28+00:00,0.425
2026-03-01 06:19:41+00:00,0.425
2026-03-01 06:20:31+00:00,0.425
2026-03-01 06:21:28+00:00,0.425
2026-03-01 06:22:27+00:00,0.425
2026-03-01 06:23:28+00:00,0.425
2026-03-01 06:24:26+00:00,0.425
2026-03-01 06:25:29+00:00,0.425
2026-03-01 06:26:40+00:00,0.425
2026-03-01 06:27:27+00:00,0.425
2026-03-01 06:28:27+00:00,0.425
2026-03-01 06:29:28+00:00,0.425
2026-03-01 06:30:35+00:00,0.425
2026-03-01 06:31:29+00:00,0.425
2026-03-01 06:32:26+00:00,0.425
2026-03-01 06:33:30+00:00,0.425
2026-03-01 06:34:27+00:00,0.425
2026-03-01 06:36:04+00:00,0.425
2026-03-01 06:36:40+00:00,0.425
2026-03-01 06:37:28+00:00,0.425
2026-03-01 06:38:27+00:00,0.425
2026-03-01 06:39:27+00:00,0.425
2026-03-01 06:40:43+00:00,0.425
2026-03-01 06:41:29+00:00,0.425
2026-03-01 06:42:28+00:00,0.425
2026-03-01 06:43:29+00:00,0.425
2026-03-01 06:44:28+00:00,0.425
2026-03-01 06:45:29+00:00,0.425
2026-03-01 06:46:28+00:00,0.425
2026-03-01 06:47:26+00:00,0.425
2026-03-01 06:48:27+00:00,0.425
2026-03-01 06:49:26+00:00,0.425
2026-03-01 06:50:30+00:00,0.425
2026-03-01 06:51:28+00:00,0.425
2026-03-01 06:52:26+00:00,0.425
2026-03-01 06:53:27+00:00,0.425
2026-03-01 06:54:28+00:00,0.425
2026-03-01 06:55:29+00:00,0.425
2026-03-01 06:56:28+00:00,0.425
2026-03-01 06:57:28+00:00,0.425
2026-03-01 06:58:28+00:00,0.425
2026-03-01 06:59:27+00:00,0.425
2026-03-01 07:00:32+00:00,0.425
2026-03-01 07:02:00+00:00,0.425
2026-03-01 07:02:38+00:00,0.425
2026-03-01 07:03:28+00:00,0.425
2026-03-01 07:04:28+00:00,0.425
2026-03-01 07:05:38+00:00,0.425
2026-03-01 07:06:28+00:00,0.425
2026-03-01 07:07:28+00:00,0.425
2026-03-01 07:08:39+00:00,0.425
2026-03-01 07:09:28+00:00,0.425
2026-03-01 07:10:31+00:00,0.425
2026-03-01 07:11:27+00:00,0.425
2026-03-01 07:12:27+00:00,0.425
2026-03-01 07:13:27+00:00,0.425
2026-03-01 07:14:27+00:00,0.425
2026-03-01 07:15:32+00:00,0.425
2026-03-01 07:16:29+00:00,0.425
2026-03-01 07:17:29+00:00,0.425
2026-03-01 07:18:28+00:00,0.425
2026-03-01 07:19:28+00:00,0.425
2026-03-01 07:21:01+00:00,0.425
2026-03-01 07:21:36+00:00,0.425
2026-03-01 07:22:29+00:00,0.425
2026-03-01 07:23:26+00:00,0.425
2026-03-01 07:24:29+00:00,0.425
2026-03-01 07:25:28+00:00,0.425
2026-03-01 07:26:26+00:00,0.425
2026-03-01 07:27:59+00:00,0.425
2026-03-01 07:28:37+00:00,0.425
2026-03-01 07:29:27+00:00,0.425
2026-03-01 07:30:43+00:00,0.425
2026-03-01 07:31:28+00:00,0.425
2026-03-01 07:32:28+00:00,0.425
2026-03-01 07:33:27+00:00,0.425
2026-03-01 07:34:27+00:00,0.425
2026-03-01 07:35:32+00:00,0.425
2026-03-01 07:36:28+00:00,0.425
2026-03-01 07:37:27+00:00,0.425
2026-03-01 07:38:28+00:00,0.425
2026-03-01 07:39:26+00:00,0.425
2026-03-01 07:40:44+00:00,0.425
2026-03-01 07:41:28+00:00,0.425
2026-03-01 07:42:29+00:00,0.425
2026-03-01 07:43:29+00:00,0.425
2026-03-01 07:44:30+00:00,0.425
2026-03-01 07:45:34+00:00,0.425
2026-03-01 07:46:28+00:00,0.425
2026-03-01 07:47:25+00:00,0.425
2026-03-01 07:48:42+00:00,0.425
2026-03-01 07:49:27+00:00,0.425
2026-03-01 07:50:41+00:00,0.425
2026-03-01 07:51:27+00:00,0.425
2026-03-01 07:52:29+00:00,0.425
2026-03-01 07:53:56+00:00,0.425
2026-03-01 07:54:33+00:00,0.425
2026-03-01 07:55:36+00:00,0.425
2026-03-01 07:56:26+00:00,0.425
2026-03-01 07:57:40+00:00,0.425
2026-03-01 07:58:28+00:00,0.425
2026-03-01 07:59:39+00:00,0.425
2026-03-01 08:00:35+00:00,0.425
2026-03-01 08:01:27+00:00,0.425
2026-03-01 08:02:27+00:00,0.425
2026-03-01 08:03:38+00:00,0.425
2026-03-01 08:04:28+00:00,0.425
2026-03-01 08:05:32+00:00,0.425
2026-03-01 08:06:28+00:00,0.425
2026-03-01 08:07:29+00:00,0.425
2026-03-01 08:08:39+00:00,0.425
2026-03-01 08:09:26+00:00,0.425
2026-03-01 08:10:28+00:00,0.425
2026-03-01 08:11:28+00:00,0.425
2026-03-01 08:12:28+00:00,0.425
2026-03-01 08:13:27+00:00,0.425
2026-03-01 08:14:28+00:00,0.425
2026-03-01 08:15:30+00:00,0.425
2026-03-01 08:16:28+00:00,0.425
2026-03-01 08:17:28+00:00,0.425
2026-03-01 08:18:28+00:00,0.425
2026-03-01 08:19:58+00:00,0.425
2026-03-01 08:20:47+00:00,0.425
2026-03-01 08:21:58+00:00,0.425
2026-03-01 08:22:35+00:00,0.425
2026-03-01 08:23:28+00:00,0.425
2026-03-01 08:24:29+00:00,0.425
2026-03-01 08:25:36+00:00,0.425
2026-03-01 08:26:26+00:00,0.425
2026-03-01 08:27:26+00:00,0.425
2026-03-01 08:28:40+00:00,0.425
2026-03-01 08:29:26+00:00,0.425
2026-03-01 08:30:34+00:00,0.425
2026-03-01 08:31:34+00:00,0.425
2026-03-01 08:32:27+00:00,0.425
2026-03-01 08:33:27+00:00,0.425
2026-03-01 08:34:29+00:00,0.425
2026-03-01 08:35:29+00:00,0.425
2026-03-01 08:36:28+00:00,0.425
2026-03-01 08:37:25+00:00,0.425
2026-03-01 08:38:29+00:00,0.425
2026-03-01 08:39:27+00:00,0.425
2026-03-01 08:40:28+00:00,0.425
2026-03-01 08:41:25+00:00,0.425
2026-03-01 08:42:27+00:00,0.425
2026-03-01 08:43:26+00:00,0.425
2026-03-01 08:44:27+00:00,0.425
2026-03-01 08:45:28+00:00,0.425
2026-03-01 08:46:26+00:00,0.425
2026-03-01 08:47:59+00:00,0.425
2026-03-01 08:48:35+00:00,0.425
2026-03-01 08:49:27+00:00,0.425
2026-03-01 08:50:35+00:00,0.425
2026-03-01 08:51:26+00:00,0.425
2026-03-01 08:52:26+00:00,0.425
2026-03-01 08:53:26+00:00,0.425
2026-03-01 08:54:27+00:00,0.425
2026-03-01 08:55:31+00:00,0.425
2026-03-01 08:56:30+00:00,0.425
2026-03-01 08:57:30+00:00,0.425
2026-03-01 08:58:29+00:00,0.425
2026-03-01 08:59:43+00:00,0.425
2026-03-01 09:00:51+00:00,0.425
2026-03-01 09:01:27+00:00,0.425
2026-03-01 09:02:27+00:00,0.425
2026-03-01 09:03:29+00:00,0.425
2026-03-01 09:04:27+00:00,0.425
2026-03-01 09:05:30+00:00,0.425
2026-03-01 09:06:27+00:00,0.425
2026-03-01 09:07:29+00:00,0.425
2026-03-01 09:08:27+00:00,0.425
2026-03-01 09:09:30+00:00,0.425
2026-03-01 09:10:29+00:00,0.425
2026-03-01 09:11:26+00:00,0.425
2026-03-01 09:12:27+00:00,0.425
2026-03-01 09:13:58+00:00,0.425
2026-03-01 09:14:35+00:00,0.425
2026-03-01 09:15:37+00:00,0.425
2026-03-01 09:16:29+00:00,0.425
2026-03-01 09:17:29+00:00,0.425
2026-03-01 09:18:40+00:00,0.425
2026-03-01 09:19:28+00:00,0.425
2026-03-01 09:20:31+00:00,0.425
2026-03-01 09:21:27+00:00,0.425
2026-03-01 09:22:29+00:00,0.425
2026-03-01 09:23:29+00:00,0.425
2026-03-01 09:24:27+00:00,0.425
2026-03-01 09:25:29+00:00,0.425
2026-03-01 09:26:28+00:00,0.425
2026-03-01 09:27:27+00:00,0.425
2026-03-01 09:28:44+00:00,0.425
2026-03-01 09:29:42+00:00,0.425
2026-03-01 09:30:36+00:00,0.425
2026-03-01 09:31:28+00:00,0.425
2026-03-01 09:32:27+00:00,0.425
2026-03-01 09:33:25+00:00,0.425
2026-03-01 09:34:29+00:00,0.425
2026-03-01 09:35:29+00:00,0.425
2026-03-01 09:36:27+00:00,0.425
2026-03-01 09:37:38+00:00,0.425
2026-03-01 09:38:42+00:00,0.425
2026-03-01 09:40:17+00:00,0.425
2026-03-01 09:41:00+00:00,0.425
2026-03-01 09:41:30+00:00,0.425
2026-03-01 09:42:28+00:00,0.425
2026-03-01 09:43:27+00:00,0.425
2026-03-01 09:44:27+00:00,0.425
2026-03-01 09:45:30+00:00,0.425
2026-03-01 09:46:53+00:00,0.425
2026-03-01 09:47:28+00:00,0.425
2026-03-01 09:48:26+00:00,0.425
2026-03-01 09:49:28+00:00,0.425
2026-03-01 09:50:31+00:00,0.425
2026-03-01 09:51:27+00:00,0.425
2026-03-01 09:52:31+00:00,0.425
2026-03-01 09:53:29+00:00,0.425
2026-03-01 09:54:27+00:00,0.425
2026-03-01 09:55:29+00:00,0.425
2026-03-01 09:56:27+00:00,0.425
2026-03-01 09:57:58+00:00,0.425
2026-03-01 09:58:37+00:00,0.425
2026-03-01 09:59:28+00:00,0.425
2026-03-01 10:00:42+00:00,0.425
2026-03-01 10:01:27+00:00,0.425
2026-03-01 10:02:29+00:00,0.425
2026-03-01 10:03:28+00:00,0.425
2026-03-01 10:04:30+00:00,0.425
2026-03-01 10:05:30+00:00,0.425
2026-03-01 10:06:41+00:00,0.425
2026-03-01 10:07:28+00:00,0.425
2026-03-01 10:08:29+00:00,0.425
2026-03-01 10:09:27+00:00,0.425
2026-03-01 10:10:33+00:00,0.425
2026-03-01 10:11:31+00:00,0.425
2026-03-01 10:12:29+00:00,0.425
2026-03-01 10:13:27+00:00,0.425
2026-03-01 10:14:27+00:00,0.425
2026-03-01 10:15:30+00:00,0.425
2026-03-01 10:16:28+00:00,0.425
2026-03-01 10:17:27+00:00,0.425
2026-03-01 10:18:30+00:00,0.425
2026-03-01 10:19:27+00:00,0.425
2026-03-01 10:20:30+00:00,0.425
2026-03-01 10:21:28+00:00,0.425
2026-03-01 10:23:07+00:00,0.425
2026-03-01 10:23:42+00:00,0.425
2026-03-01 10:24:28+00:00,0.425
2026-03-01 10:25:37+00:00,0.425
2026-03-01 10:26:27+00:00,0.425
2026-03-01 10:27:28+00:00,0.425
2026-03-01 10:28:27+00:00,0.425
2026-03-01 10:29:28+00:00,0.425
2026-03-01 10:30:35+00:00,0.425
2026-03-01 10:31:29+00:00,0.425
2026-03-01 10:32:28+00:00,0.425
2026-03-01 10:33:27+00:00,0.425
2026-03-01 10:34:27+00:00,0.425
2026-03-01 10:35:30+00:00,0.425
2026-03-01 10:36:26+00:00,0.425
2026-03-01 10:37:39+00:00,0.425
2026-03-01 10:38:28+00:00,0.425
2026-03-01 10:39:29+00:00,0.425
2026-03-01 10:40:31+00:00,0.425
2026-03-01 10:41:28+00:00,0.425
2026-03-01 10:42:27+00:00,0.425
2026-03-01 10:43:28+00:00,0.425
2026-03-01 10:44:27+00:00,0.425
2026-03-01 10:45:29+00:00,0.425
2026-03-01 10:46:26+00:00,0.425
2026-03-01 10:47:26+00:00,0.425
2026-03-01 10:48:27+00:00,0.425
2026-03-01 10:49:56+00:00,0.425
2026-03-01 10:50:40+00:00,0.425
2026-03-01 10:51:27+00:00,0.425
2026-03-01 10:52:28+00:00,0.425
2026-03-01 10:53:27+00:00,0.425
2026-03-01 10:54:27+00:00,0.425
2026-03-01 10:55:27+00:00,0.425
2026-03-01 10:56:26+00:00,0.425
2026-03-01 10:57:31+00:00,0.425
2026-03-01 10:58:28+00:00,0.425
2026-03-01 10:59:27+00:00,0.425
2026-03-01 11:00:34+00:00,0.425
2026-03-01 11:01:55+00:00,0.425
2026-03-01 11:02:32+00:00,0.425
2026-03-01 11:03:28+00:00,0.425
2026-03-01 11:04:28+00:00,0.425
2026-03-01 11:05:35+00:00,0.425
2026-03-01 11:06:27+00:00,0.425
2026-03-01 11:07:39+00:00,0.425
2026-03-01 11:08:28+00:00,0.425
2026-03-01 11:09:28+00:00,0.425
2026-03-01 11:10:31+00:00,0.425
2026-03-01 11:11:26+00:00,0.425
2026-03-01 11:12:29+00:00,0.425
2026-03-01 11:13:26+00:00,0.425
2026-03-01 11:14:27+00:00,0.425
2026-03-01 11:15:32+00:00,0.425
2026-03-01 11:16:28+00:00,0.425
2026-03-01 11:17:28+00:00,0.425
2026-03-01 11:18:27+00:00,0.425
2026-03-01 11:19:26+00:00,0.425
2026-03-01 11:20:29+00:00,0.425
2026-03-01 11:21:29+00:00,0.425
2026-03-01 11:22:29+00:00,0.425
2026-03-01 11:23:31+00:00,0.425
2026-03-01 11:24:27+00:00,0.425
2026-03-01 11:25:28+00:00,0.425
2026-03-01 11:26:28+00:00,0.425
2026-03-01 11:27:58+00:00,0.425
2026-03-01 11:28:35+00:00,0.425
2026-03-01 11:29:27+00:00,0.425
2026-03-01 11:30:52+00:00,0.425
2026-03-01 11:31:26+00:00,0.425
2026-03-01 11:32:27+00:00,0.425
2026-03-01 11:33:26+00:00,0.425
2026-03-01 11:34:26+00:00,0.425
2026-03-01 11:35:29+00:00,0.425
2026-03-01 11:36:26+00:00,0.425
2026-03-01 11:37:57+00:00,0.425
2026-03-01 11:38:34+00:00,0.425
2026-03-01 11:39:26+00:00,0.425
2026-03-01 11:40:37+00:00,0.425
2026-03-01 11:41:28+00:00,0.425
2026-03-01 11:42:25+00:00,0.425
2026-03-01 11:43:27+00:00,0.425
2026-03-01 11:44:27+00:00,0.425
2026-03-01 11:45:30+00:00,0.425
2026-03-01 11:46:28+00:00,0.425
2026-03-01 11:47:25+00:00,0.425
2026-03-01 11:48:26+00:00,0.425
2026-03-01 11:49:28+00:00,0.425
2026-03-01 11:50:29+00:00,0.425
2026-03-01 11:51:28+00:00,0.425
2026-03-01 11:52:25+00:00,0.425
2026-03-01 11:53:27+00:00,0.425
2026-03-01 11:54:26+00:00,0.425
2026-03-01 11:55:29+00:00,0.425
2026-03-01 11:56:28+00:00,0.425
2026-03-01 11:57:27+00:00,0.425
2026-03-01 11:58:28+00:00,0.425
2026-03-01 11:59:27+00:00,0.425
2026-03-01 12:00:53+00:00,0.425
2026-03-01 12:01:28+00:00,0.425
2026-03-01 12:02:27+00:00,0.425
2026-03-01 12:04:01+00:00,0.425
2026-03-01 12:04:38+00:00,0.425
2026-03-01 12:05:35+00:00,0.425
2026-03-01 12:06:27+00:00,0.425
2026-03-01 12:07:26+00:00,0.425
2026-03-01 12:08:26+00:00,0.425
2026-03-01 12:09:27+00:00,0.425
2026-03-01 12:10:28+00:00,0.425
2026-03-01 12:11:27+00:00,0.425
2026-03-01 12:12:55+00:00,0.425
2026-03-01 12:13:31+00:00,0.425
2026-03-01 12:14:28+00:00,0.425
2026-03-01 12:15:28+00:00,0.425
2026-03-01 12:16:27+00:00,0.425
2026-03-01 12:17:30+00:00,0.425
2026-03-01 12:18:28+00:00,0.425
2026-03-01 12:19:27+00:00,0.425
2026-03-01 12:20:28+00:00,0.425
2026-03-01 12:21:27+00:00,0.425
2026-03-01 12:22:27+00:00,0.425
2026-03-01 12:23:27+00:00,0.425
2026-03-01 12:24:28+00:00,0.425
2026-03-01 12:25:48+00:00,0.425
2026-03-01 12:26:38+00:00,0.425
2026-03-01 12:27:28+00:00,0.425
2026-03-01 12:28:27+00:00,0.425
2026-03-01 12:29:57+00:00,0.425
2026-03-01 12:30:49+00:00,0.425
2026-03-01 12:31:26+00:00,0.425
2026-03-01 12:32:41+00:00,0.425
2026-03-01 12:33:26+00:00,0.425
2026-03-01 12:34:31+00:00,0.425
2026-03-01 12:35:31+00:00,0.425
2026-03-01 12:36:30+00:00,0.425
2026-03-01 12:37:31+00:00,0.425
2026-03-01 12:38:26+00:00,0.425
2026-03-01 12:39:28+00:00,0.425
2026-03-01 12:40:30+00:00,0.425
2026-03-01 12:41:27+00:00,0.425
2026-03-01 12:42:27+00:00,0.425
2026-03-01 12:43:24+00:00,0.425
2026-03-01 12:44:26+00:00,0.425
2026-03-01 12:45:29+00:00,0.425
2026-03-01 12:46:27+00:00,0.425
2026-03-01 12:47:27+00:00,0.425
2026-03-01 12:48:55+00:00,0.425
2026-03-01 12:49:30+00:00,0.425
2026-03-01 12:50:36+00:00,0.425
2026-03-01 12:51:26+00:00,0.425
2026-03-01 12:52:41+00:00,0.425
2026-03-01 12:53:26+00:00,0.425
2026-03-01 12:54:41+00:00,0.425
2026-03-01 12:55:28+00:00,0.425
2026-03-01 12:56:29+00:00,0.425
2026-03-01 12:57:29+00:00,0.425
2026-03-01 12:58:26+00:00,0.425
2026-03-01 12:59:26+00:00,0.425
2026-03-01 13:00:34+00:00,0.425
2026-03-01 13:01:28+00:00,0.425
2026-03-01 13:02:28+00:00,0.425
2026-03-01 13:03:28+00:00,0.425
2026-03-01 13:04:28+00:00,0.425
2026-03-01 13:05:29+00:00,0.425
2026-03-01 13:06:28+00:00,0.425
2026-03-01 13:07:30+00:00,0.425
2026-03-01 13:08:27+00:00,0.425
2026-03-01 13:09:28+00:00,0.425
2026-03-01 13:10:29+00:00,0.425
2026-03-01 13:11:29+00:00,0.425
2026-03-01 13:12:29+00:00,0.425
2026-03-01 13:13:28+00:00,0.425
2026-03-01 13:14:57+00:00,0.425
2026-03-01 13:15:44+00:00,0.425
2026-03-01 13:16:27+00:00,0.425
2026-03-01 13:17:27+00:00,0.425
2026-03-01 13:18:28+00:00,0.425
2026-03-01 13:19:27+00:00,0.425
2026-03-01 13:20:30+00:00,0.425
2026-03-01 13:21:28+00:00,0.425
2026-03-01 13:22:27+00:00,0.425
2026-03-01 13:23:32+00:00,0.425
2026-03-01 13:24:28+00:00,0.425
2026-03-01 13:25:30+00:00,0.425
2026-03-01 13:26:27+00:00,0.425
2026-03-01 13:27:27+00:00,0.425
2026-03-01 13:28:28+00:00,0.425
2026-03-01 13:29:27+00:00,0.425
2026-03-01 13:30:36+00:00,0.425
2026-03-01 13:31:26+00:00,0.425
2026-03-01 13:32:27+00:00,0.425
2026-03-01 13:33:27+00:00,0.425
2026-03-01 13:34:28+00:00,0.425
2026-03-01 13:35:30+00:00,0.425
2026-03-01 13:36:27+00:00,0.425
2026-03-01 13:37:58+00:00,0.425
2026-03-01 13:38:36+00:00,0.425
2026-03-01 13:39:29+00:00,0.425
2026-03-01 13:40:51+00:00,0.425
2026-03-01 13:41:29+00:00,0.425
2026-03-01 13:42:29+00:00,0.425
2026-03-01 13:43:27+00:00,0.425
2026-03-01 13:44:27+00:00,0.425
2026-03-01 13:45:30+00:00,0.425
2026-03-01 13:46:27+00:00,0.425
2026-03-01 13:47:30+00:00,0.425
2026-03-01 13:48:43+00:00,0.425
2026-03-01 13:49:31+00:00,0.425
2026-03-01 13:50:30+00:00,0.425
2026-03-01 13:51:28+00:00,0.425
2026-03-01 13:52:29+00:00,0.425
2026-03-01 13:53:27+00:00,0.425
2026-03-01 13:54:27+00:00,0.425
2026-03-01 13:55:29+00:00,0.425
2026-03-01 13:56:28+00:00,0.425
2026-03-01 13:57:29+00:00,0.425
2026-03-01 13:58:30+00:00,0.425
2026-03-01 13:59:27+00:00,0.425
2026-03-01 14:00:38+00:00,0.425
2026-03-01 14:01:31+00:00,0.425
2026-03-01 14:02:32+00:00,0.425
2026-03-01 14:03:59+00:00,0.425
2026-03-01 14:04:40+00:00,0.425
2026-03-01 14:05:37+00:00,0.425
2026-03-01 14:06:29+00:00,0.425
2026-03-01 14:07:28+00:00,0.425
2026-03-01 14:08:30+00:00,0.425
2026-03-01 14:09:44+00:00,0.425
2026-03-01 14:10:31+00:00,0.425
2026-03-01 14:11:30+00:00,0.425
2026-03-01 14:12:32+00:00,0.425
2026-03-01 14:13:30+00:00,0.425
2026-03-01 14:14:27+00:00,0.425
2026-03-01 14:15:31+00:00,0.425
2026-03-01 14:16:29+00:00,0.425
2026-03-01 14:17:28+00:00,0.425
2026-03-01 14:18:30+00:00,0.425
2026-03-01 14:19:29+00:00,0.425
2026-03-01 14:21:10+00:00,0.425
2026-03-01 14:21:49+00:00,0.425
2026-03-01 14:22:30+00:00,0.425
2026-03-01 14:23:29+00:00,0.425
2026-03-01 14:24:30+00:00,0.425
2026-03-01 14:25:34+00:00,0.425
2026-03-01 14:26:29+00:00,0.425
2026-03-01 14:27:29+00:00,0.425
2026-03-01 14:28:28+00:00,0.425
2026-03-01 14:29:30+00:00,0.425
2026-03-01 14:30:47+00:00,0.425
2026-03-01 14:31:29+00:00,0.425
2026-03-01 14:32:31+00:00,0.425
2026-03-01 14:33:27+00:00,0.425
2026-03-01 14:34:29+00:00,0.425
2026-03-01 14:35:31+00:00,0.425
2026-03-01 14:36:27+00:00,0.425
2026-03-01 14:37:29+00:00,0.425
2026-03-01 14:38:55+00:00,0.425
2026-03-01 14:39:30+00:00,0.425
2026-03-01 14:40:31+00:00,0.425
2026-03-01 14:41:30+00:00,0.425
2026-03-01 14:42:26+00:00,0.425
2026-03-01 14:43:28+00:00,0.425
2026-03-01 14:44:29+00:00,0.425
2026-03-01 14:45:31+00:00,0.425
2026-03-01 14:47:08+00:00,0.425
2026-03-01 14:47:46+00:00,0.425
2026-03-01 14:48:28+00:00,0.425
2026-03-01 14:49:28+00:00,0.425
2026-03-01 14:50:34+00:00,0.425
2026-03-01 14:51:41+00:00,0.425
2026-03-01 14:52:28+00:00,0.425
2026-03-01 14:53:27+00:00,0.425
2026-03-01 14:54:43+00:00,0.425
2026-03-01 14:55:31+00:00,0.425
2026-03-01 14:56:44+00:00,0.425
2026-03-01 14:57:28+00:00,0.425
2026-03-01 14:58:42+00:00,0.425
2026-03-01 14:59:27+00:00,0.425
2026-03-01 15:00:45+00:00,0.425
2026-03-01 15:01:29+00:00,0.425
2026-03-01 15:02:32+00:00,0.425
2026-03-01 15:03:32+00:00,0.425
2026-03-01 15:04:27+00:00,0.425
2026-03-01 15:05:32+00:00,0.425
2026-03-01 15:06:29+00:00,0.425
2026-03-01 15:07:28+00:00,0.425
2026-03-01 15:08:28+00:00,0.425
2026-03-01 15:09:29+00:00,0.425
2026-03-01 15:10:31+00:00,0.425
2026-03-01 15:11:28+00:00,0.425
2026-03-01 15:12:57+00:00,0.425
2026-03-01 15:13:34+00:00,0.425
2026-03-01 15:14:29+00:00,0.425
2026-03-01 15:15:38+00:00,0.425
2026-03-01 15:16:31+00:00,0.425
2026-03-01 15:17:29+00:00,0.425
2026-03-01 15:18:27+00:00,0.425
2026-03-01 15:19:29+00:00,0.435
2026-03-01 15:20:31+00:00,0.435
2026-03-01 15:21:29+00:00,0.435
2026-03-01 15:22:30+00:00,0.435
2026-03-01 15:23:31+00:00,0.435
2026-03-01 15:24:29+00:00,0.435
2026-03-01 15:25:31+00:00,0.435
2026-03-01 15:26:27+00:00,0.435
2026-03-01 15:27:29+00:00,0.435
2026-03-01 15:28:28+00:00,0.435
2026-03-01 15:29:58+00:00,0.435
2026-03-01 15:30:47+00:00,0.435
2026-03-01 15:31:41+00:00,0.435
2026-03-01 15:32:30+00:00,0.435
2026-03-01 15:33:29+00:00,0.435
2026-03-01 15:34:30+00:00,0.435
2026-03-01 15:35:31+00:00,0.435
2026-03-01 15:36:27+00:00,0.435
2026-03-01 15:37:29+00:00,0.43
2026-03-01 15:38:30+00:00,0.425
2026-03-01 15:39:28+00:00,0.425
2026-03-01 15:40:32+00:00,0.425
2026-03-01 15:41:30+00:00,0.425
2026-03-01 15:42:29+00:00,0.425
2026-03-01 15:43:28+00:00,0.425
2026-03-01 15:44:29+00:00,0.425
2026-03-01 15:45:33+00:00,0.425
2026-03-01 15:46:29+00:00,0.425
2026-03-01 15:47:29+00:00,0.425
2026-03-01 15:48:29+00:00,0.425
2026-03-01 15:49:33+00:00,0.425
2026-03-01 15:50:31+00:00,0.425
2026-03-01 15:51:29+00:00,0.425
2026-03-01 15:52:30+00:00,0.425
2026-03-01 15:53:28+00:00,0.425
2026-03-01 15:54:31+00:00,0.425
2026-03-01 15:56:05+00:00,0.425
2026-03-01 15:56:43+00:00,0.425
2026-03-01 15:57:28+00:00,0.425
2026-03-01 15:58:26+00:00,0.425
2026-03-01 15:59:29+00:00,0.425
2026-03-01 16:00:38+00:00,0.425
2026-03-01 16:01:31+00:00,0.425
2026-03-01 16:02:27+00:00,0.425
2026-03-01 16:03:29+00:00,0.425
2026-03-01 16:04:29+00:00,0.425
2026-03-01 16:05:31+00:00,0.425
2026-03-01 16:06:30+00:00,0.425
2026-03-01 16:07:30+00:00,0.425
2026-03-01 16:08:40+00:00,0.425
2026-03-01 16:09:30+00:00,0.425
2026-03-01 16:10:32+00:00,0.425
2026-03-01 16:11:28+00:00,0.425
2026-03-01 16:12:28+00:00,0.425
2026-03-01 16:13:29+00:00,0.425
2026-03-01 16:15:00+00:00,0.425
2026-03-01 16:15:49+00:00,0.425
2026-03-01 16:16:29+00:00,0.425
2026-03-01 16:17:30+00:00,0.425
2026-03-01 16:18:27+00:00,0.425
2026-03-01 16:19:28+00:00,0.425
2026-03-01 16:20:31+00:00,0.425
2026-03-01 16:21:30+00:00,0.425
2026-03-01 16:22:29+00:00,0.425
2026-03-01 16:23:29+00:00,0.425
2026-03-01 16:24:27+00:00,0.425
2026-03-01 16:25:31+00:00,0.425
2026-03-01 16:26:27+00:00,0.425
2026-03-01 16:27:28+00:00,0.425
2026-03-01 16:28:28+00:00,0.425
2026-03-01 16:29:28+00:00,0.425
2026-03-01 16:30:37+00:00,0.425
2026-03-01 16:31:28+00:00,0.425
2026-03-01 16:32:28+00:00,0.425
2026-03-01 16:33:27+00:00,0.425
2026-03-01 16:34:28+00:00,0.425
2026-03-01 16:35:32+00:00,0.425
2026-03-01 16:36:28+00:00,0.425
2026-03-01 16:37:28+00:00,0.425
2026-03-01 16:38:28+00:00,0.425
2026-03-01 16:39:28+00:00,0.425
2026-03-01 16:41:07+00:00,0.425
2026-03-01 16:41:43+00:00,0.425
2026-03-01 16:42:28+00:00,0.425
2026-03-01 16:43:26+00:00,0.425
2026-03-01 16:44:26+00:00,0.425
2026-03-01 16:45:32+00:00,0.425
2026-03-01 16:46:28+00:00,0.425
2026-03-01 16:47:28+00:00,0.425
2026-03-01 16:48:28+00:00,0.425
2026-03-01 16:49:30+00:00,0.425
2026-03-01 16:50:32+00:00,0.425
2026-03-01 16:51:27+00:00,0.425
2026-03-01 16:52:28+00:00,0.425
2026-03-01 16:53:29+00:00,0.425
2026-03-01 16:54:29+00:00,0.425
2026-03-01 16:55:29+00:00,0.425
2026-03-01 16:56:30+00:00,0.425
2026-03-01 16:57:29+00:00,0.425
2026-03-01 16:58:27+00:00,0.425
2026-03-01 16:59:28+00:00,0.425
2026-03-01 17:00:34+00:00,0.425
2026-03-01 17:01:31+00:00,0.425
2026-03-01 17:02:29+00:00,0.425
2026-03-01 17:03:30+00:00,0.425
2026-03-01 17:05:26+00:00,0.425
2026-03-01 17:06:09+00:00,0.425
2026-03-01 17:06:42+00:00,0.425
2026-03-01 17:07:29+00:00,0.425
2026-03-01 17:08:30+00:00,0.425
2026-03-01 17:09:28+00:00,0.425
2026-03-01 17:10:34+00:00,0.425
2026-03-01 17:11:29+00:00,0.425
2026-03-01 17:12:29+00:00,0.425
2026-03-01 17:13:28+00:00,0.425
2026-03-01 17:14:29+00:00,0.425
2026-03-01 17:15:30+00:00,0.425
2026-03-01 17:16:29+00:00,0.425
2026-03-01 17:17:29+00:00,0.425
2026-03-01 17:18:29+00:00,0.425
2026-03-01 17:19:29+00:00,0.425
2026-03-01 17:20:31+00:00,0.425
2026-03-01 17:21:32+00:00,0.425
2026-03-01 17:22:31+00:00,0.425
2026-03-01 17:23:29+00:00,0.425
2026-03-01 17:24:41+00:00,0.425
2026-03-01 17:25:31+00:00,0.425
2026-03-01 17:26:33+00:00,0.425
2026-03-01 17:27:29+00:00,0.425
2026-03-01 17:28:58+00:00,0.425
2026-03-01 17:29:38+00:00,0.425
2026-03-01 17:30:41+00:00,0.425
2026-03-01 17:31:28+00:00,0.425
2026-03-01 17:32:30+00:00,0.425
2026-03-01 17:33:30+00:00,0.425
2026-03-01 17:34:30+00:00,0.425
2026-03-01 17:35:29+00:00,0.425
2026-03-01 17:36:29+00:00,0.425
2026-03-01 17:37:30+00:00,0.425
2026-03-01 17:38:43+00:00,0.425
2026-03-01 17:39:29+00:00,0.425
2026-03-01 17:40:30+00:00,0.425
2026-03-01 17:41:29+00:00,0.425
2026-03-01 17:42:30+00:00,0.425
2026-03-01 17:43:26+00:00,0.425
2026-03-01 17:44:28+00:00,0.425
2026-03-01 17:45:29+00:00,0.425
2026-03-01 17:46:29+00:00,0.425
2026-03-01 17:47:28+00:00,0.425
2026-03-01 17:48:29+00:00,0.425
2026-03-01 17:49:30+00:00,0.425
2026-03-01 17:50:30+00:00,0.425
2026-03-01 17:51:28+00:00,0.425
2026-03-01 17:52:30+00:00,0.425
2026-03-01 17:53:28+00:00,0.425
2026-03-01 17:54:56+00:00,0.425
2026-03-01 17:55:43+00:00,0.425
2026-03-01 17:56:30+00:00,0.425
2026-03-01 17:57:29+00:00,0.425
2026-03-01 17:58:29+00:00,0.425
2026-03-01 17:59:29+00:00,0.425
2026-03-01 18:00:39+00:00,0.425
2026-03-01 18:01:29+00:00,0.425
2026-03-01 18:02:28+00:00,0.425
2026-03-01 18:03:28+00:00,0.425
2026-03-01 18:04:29+00:00,0.425
2026-03-01 18:05:32+00:00,0.425
2026-03-01 18:06:30+00:00,0.425
2026-03-01 18:07:27+00:00,0.425
2026-03-01 18:08:27+00:00,0.415
2026-03-01 18:09:27+00:00,0.415
2026-03-01 18:10:32+00:00,0.415
2026-03-01 18:11:30+00:00,0.42
2026-03-01 18:12:30+00:00,0.42
2026-03-01 18:13:30+00:00,0.42
2026-03-01 18:14:38+00:00,0.42
2026-03-01 18:15:36+00:00,0.42
2026-03-01 18:16:29+00:00,0.42
2026-03-01 18:17:28+00:00,0.42
2026-03-01 18:18:29+00:00,0.425
2026-03-01 18:19:29+00:00,0.425
2026-03-01 18:21:06+00:00,0.425
2026-03-01 18:21:41+00:00,0.425
2026-03-01 18:22:29+00:00,0.435
2026-03-01 18:23:29+00:00,0.435
2026-03-01 18:24:31+00:00,0.435
2026-03-01 18:25:31+00:00,0.43
2026-03-01 18:26:29+00:00,0.575
2026-03-01 18:27:31+00:00,0.575
2026-03-01 18:28:28+00:00,0.575
2026-03-01 18:29:29+00:00,0.535
2026-03-01 18:30:36+00:00,0.585
2026-03-01 18:31:29+00:00,0.595
2026-03-01 18:32:31+00:00,0.6
2026-03-01 18:33:29+00:00,0.6
2026-03-01 18:34:30+00:00,0.6
2026-03-01 18:36:03+00:00,0.6
2026-03-01 18:36:41+00:00,0.595
2026-03-01 18:37:30+00:00,0.6
2026-03-01 18:38:29+00:00,0.595
2026-03-01 18:39:29+00:00,0.6
2026-03-01 18:40:31+00:00,0.6
2026-03-01 18:41:31+00:00,0.6
2026-03-01 18:42:30+00:00,0.595
2026-03-01 18:43:30+00:00,0.6
2026-03-01 18:44:29+00:00,0.6
2026-03-01 18:45:31+00:00,0.595
2026-03-01 18:46:30+00:00,0.595
2026-03-01 18:47:30+00:00,0.595
2026-03-01 18:48:29+00:00,0.595
2026-03-01 18:49:30+00:00,0.585
2026-03-01 18:50:30+00:00,0.59
2026-03-01 18:51:29+00:00,0.595
2026-03-01 18:52:29+00:00,0.595
2026-03-01 18:53:27+00:00,0.595
2026-03-01 18:54:27+00:00,0.595
2026-03-01 18:55:30+00:00,0.595
2026-03-01 18:56:27+00:00,0.595
2026-03-01 18:57:27+00:00,0.585
2026-03-01 18:58:27+00:00,0.59
2026-03-01 18:59:30+00:00,0.595
2026-03-01 19:00:35+00:00,0.625
2026-03-01 19:02:03+00:00,0.625
2026-03-01 19:02:39+00:00,0.615
2026-03-01 19:03:27+00:00,0.8
2026-03-01 19:04:28+00:00,0.77
2026-03-01 19:05:38+00:00,0.765
2026-03-01 19:06:30+00:00,0.765
2026-03-01 19:07:28+00:00,0.765
2026-03-01 19:08:27+00:00,0.765
2026-03-01 19:09:27+00:00,0.765
2026-03-01 19:10:31+00:00,0.78
2026-03-01 19:11:27+00:00,0.8
2026-03-01 19:12:27+00:00,0.875
2026-03-01 19:13:29+00:00,0.885
2026-03-01 19:14:28+00:00,0.91
2026-03-01 19:15:30+00:00,0.925
2026-03-01 19:16:29+00:00,0.91
2026-03-01 19:17:30+00:00,0.905
2026-03-01 19:18:30+00:00,0.915
2026-03-01 19:19:30+00:00,0.915
2026-03-01 19:20:29+00:00,0.915
2026-03-01 19:21:26+00:00,0.92
2026-03-01 19:22:26+00:00,0.925
2026-03-01 19:23:26+00:00,0.925
2026-03-01 19:24:29+00:00,0.925
2026-03-01 19:25:31+00:00,0.945
2026-03-01 19:26:26+00:00,0.955
2026-03-01 19:27:52+00:00,0.94
2026-03-01 19:28:38+00:00,0.965
2026-03-01 19:29:27+00:00,0.975
2026-03-01 19:31:07+00:00,0.965
2026-03-01 19:31:42+00:00,0.975
2026-03-01 19:32:27+00:00,0.9795
2026-03-01 19:33:28+00:00,0.9835
2026-03-01 19:34:40+00:00,0.9745
2026-03-01 19:35:34+00:00,0.978
2026-03-01 19:36:29+00:00,0.984
2026-03-01 19:37:38+00:00,0.981
2026-03-01 19:38:27+00:00,0.9805
2026-03-01 19:39:30+00:00,0.988
2026-03-01 19:40:29+00:00,0.9885
2026-03-01 19:41:27+00:00,0.9885
2026-03-01 19:42:27+00:00,0.988
2026-03-01 19:43:26+00:00,0.9885
2026-03-01 19:44:28+00:00,0.988
2026-03-01 19:45:30+00:00,0.988
2026-03-01 19:46:29+00:00,0.988
2026-03-01 19:47:29+00:00,0.9885
2026-03-01 19:48:30+00:00,0.9905
2026-03-01 19:49:29+00:00,0.989
2026-03-01 19:50:45+00:00,0.9885
2026-03-01 19:51:27+00:00,0.991
2026-03-01 19:52:29+00:00,0.9915
2026-03-01 19:54:15+00:00,0.9915
2026-03-01 19:54:53+00:00,0.9915
2026-03-01 19:55:40+00:00,0.9915
2026-03-01 19:56:28+00:00,0.9925
2026-03-01 19:57:28+00:00,0.9945
2026-03-01 19:58:26+00:00,0.9965
2026-03-01 19:59:26+00:00,0.9965
2026-03-01 20:00:36+00:00,0.9955
2026-03-01 20:01:28+00:00,0.9965
2026-03-01 20:02:30+00:00,0.9965
2026-03-01 20:03:30+00:00,0.9965
2026-03-01 20:04:57+00:00,0.9965
2026-03-01 20:05:44+00:00,0.9965
2026-03-01 20:06:28+00:00,0.997
2026-03-01 20:07:30+00:00,0.997
2026-03-01 20:08:28+00:00,0.997
2026-03-01 20:09:30+00:00,0.9995
2026-03-01 20:10:32+00:00,0.9995
2026-03-01 20:11:28+00:00,0.9995
2026-03-01 20:12:27+00:00,0.9995
2026-03-01 20:13:27+00:00,0.9995
2026-03-01 20:14:30+00:00,0.9995
2026-03-01 20:15:32+00:00,0.9995
2026-03-01 20:16:28+00:00,0.9995
2026-03-01 20:17:30+00:00,0.9995
2026-03-01 20:18:28+00:00,0.9995
2026-03-01 20:19:28+00:00,0.9995
2026-03-01 20:20:29+00:00,0.9995
2026-03-01 20:21:59+00:00,0.9995
2026-03-01 20:22:37+00:00,0.9995
2026-03-01 20:23:29+00:00,0.9995
2026-03-01 20:24:30+00:00,0.9995
2026-03-01 20:25:39+00:00,0.9995
2026-03-01 20:26:29+00:00,0.9995
2026-03-01 20:27:29+00:00,0.9995
2026-03-01 20:28:30+00:00,0.9995
2026-03-01 20:29:27+00:00,0.9995
2026-03-01 20:30:36+00:00,0.9995
2026-03-01 20:31:28+00:00,0.9995
2026-03-01 20:32:28+00:00,0.9995
2026-03-01 20:33:27+00:00,0.9995
2026-03-01 20:34:27+00:00,0.9995
2026-03-01 20:35:32+00:00,0.9995
2026-03-01 20:36:30+00:00,0.9995
2026-03-01 20:37:28+00:00,0.9995
2026-03-01 20:38:29+00:00,0.9995
2026-03-01 20:39:29+00:00,0.9995
2026-03-01 20:40:34+00:00,0.9995
2026-03-01 20:41:34+00:00,0.9995
2026-03-01 20:42:28+00:00,0.9995
2026-03-01 20:43:27+00:00,0.9995
2026-03-01 20:44:28+00:00,0.9995
2026-03-01 20:45:31+00:00,0.9995
2026-03-01 20:46:30+00:00,0.9995
2026-03-01 20:47:58+00:00,0.9995
2026-03-01 20:48:35+00:00,0.9995
2026-03-01 20:49:28+00:00,0.9995
2026-03-01 20:50:37+00:00,0.9995
2026-03-01 20:51:28+00:00,0.9995
2026-03-01 20:52:28+00:00,0.9995
2026-03-01 20:53:27+00:00,0.9995
2026-03-01 20:54:28+00:00,0.9995
2026-03-01 20:55:29+00:00,0.9995
2026-03-01 20:56:28+00:00,0.9995
2026-03-01 20:57:29+00:00,0.9995
2026-03-01 20:58:29+00:00,0.9995
2026-03-01 20:59:30+00:00,0.9995
2026-03-01 21:00:45+00:00,0.9995
2026-03-01 21:01:28+00:00,0.9995
2026-03-01 21:02:28+00:00,0.9995
2026-03-01 21:03:28+00:00,0.9995
2026-03-01 21:04:29+00:00,0.9995
2026-03-01 21:05:34+00:00,0.9995
2026-03-01 21:06:30+00:00,0.9995
2026-03-01 21:07:30+00:00,0.9995
2026-03-01 21:08:42+00:00,0.9995
2026-03-01 21:09:29+00:00,0.9995
2026-03-01 21:10:29+00:00,0.9995
2026-03-01 21:11:26+00:00,0.9995
2026-03-01 21:12:29+00:00,0.9995
2026-03-01 21:13:59+00:00,0.9995
2026-03-01 21:14:35+00:00,0.9995
2026-03-01 21:15:37+00:00,0.9995
2026-03-01 21:16:29+00:00,0.9995
2026-03-01 21:17:27+00:00,0.9995
2026-03-01 21:18:29+00:00,0.9995
2026-03-01 21:19:28+00:00,0.9995
2026-03-01 21:20:32+00:00,0.9995
2026-03-01 21:21:27+00:00,0.9995
2026-03-01 21:22:29+00:00,0.9995
2026-03-01 21:23:27+00:00,0.9995
2026-03-01 21:24:28+00:00,0.9995
2026-03-01 21:25:31+00:00,0.9995
2026-03-01 21:26:27+00:00,0.9995
2026-03-01 21:27:28+00:00,0.9995
2026-03-01 21:28:27+00:00,0.9995
2026-03-01 21:30:01+00:00,0.9995
2026-03-01 21:30:56+00:00,0.9995
2026-03-01 21:31:27+00:00,0.9995
2026-03-01 21:32:27+00:00,0.9995
2026-03-01 21:33:28+00:00,0.9995
2026-03-01 21:34:27+00:00,0.9995
2026-03-01 21:35:29+00:00,0.9995
2026-03-01 21:36:26+00:00,0.9995
2026-03-01 21:37:29+00:00,0.9995
2026-03-01 21:38:26+00:00,0.9995
2026-03-01 21:39:28+00:00,0.9995
2026-03-01 21:40:31+00:00,0.9995
2026-03-01 21:41:29+00:00,0.9995
2026-03-01 21:42:30+00:00,0.9995
2026-03-01 21:43:28+00:00,0.9995
2026-03-01 21:44:41+00:00,0.9995
2026-03-01 21:45:30+00:00,0.9995
2026-03-01 21:46:28+00:00,0.9995
2026-03-01 21:47:27+00:00,0.9995
2026-03-01 21:48:28+00:00,0.9995
2026-03-01 21:49:26+00:00,0.9995
2026-03-01 21:50:30+00:00,0.9995
2026-03-01 21:51:27+00:00,0.9995
2026-03-01 21:52:27+00:00,0.9995
2026-03-01 21:53:27+00:00,0.9995
2026-03-01 21:54:26+00:00,0.9995
2026-03-01 21:56:08+00:00,0.9995
2026-03-01 21:57:09+00:00,0.9995
2026-03-01 21:57:43+00:00,0.9995
2026-03-01 21:58:27+00:00,0.9995
2026-03-01 21:59:27+00:00,0.9995
2026-03-01 22:00:39+00:00,0.9995
2026-03-01 22:01:27+00:00,0.9995
2026-03-01 22:02:27+00:00,0.9995
2026-03-01 22:03:25+00:00,0.9995
2026-03-01 22:04:26+00:00,0.9995
2026-03-01 22:05:30+00:00,0.9995
2026-03-01 22:06:27+00:00,0.9995
2026-03-01 22:07:26+00:00,0.9995
2026-03-01 22:08:28+00:00,0.9995
2026-03-01 22:09:26+00:00,0.9995
2026-03-01 22:10:30+00:00,0.9995
2026-03-01 22:11:26+00:00,0.9995
2026-03-01 22:12:27+00:00,0.9995
2026-03-01 22:13:26+00:00,0.9995
2026-03-01 22:14:39+00:00,0.9995
2026-03-01 22:15:31+00:00,0.9995
2026-03-01 22:16:40+00:00,0.9995
2026-03-01 22:17:28+00:00,0.9995
2026-03-01 22:18:31+00:00,0.9995
2026-03-01 22:19:30+00:00,0.9995
2026-03-01 22:20:37+00:00,0.9995
2026-03-01 22:21:59+00:00,0.9995
2026-03-01 22:22:32+00:00,0.9995
2026-03-01 22:23:54+00:00,0.9995
2026-03-01 22:24:28+00:00,0.9995
2026-03-01 22:25:36+00:00,0.9995
2026-03-01 22:26:30+00:00,0.9995
2026-03-01 22:27:26+00:00,0.9995
2026-03-01 22:28:27+00:00,0.9995
2026-03-01 22:29:28+00:00,0.9995
2026-03-01 22:30:35+00:00,0.9995
2026-03-01 22:31:28+00:00,0.9995
2026-03-01 22:32:28+00:00,0.9995
2026-03-01 22:33:28+00:00,0.9995
2026-03-01 22:34:27+00:00,0.9995
2026-03-01 22:35:30+00:00,0.9995
2026-03-01 22:36:28+00:00,0.9995
2026-03-01 22:37:29+00:00,0.9995
2026-03-01 22:38:27+00:00,0.9995
2026-03-01 22:39:28+00:00,0.9995
