timestamp,price
2026-02-25 19:30:48+00:00,0.525
2026-02-25 19:31:43+00:00,0.525
2026-02-25 19:32:19+00:00,0.525
2026-02-25 19:33:19+00:00,0.525
2026-02-25 19:34:20+00:00,0.525
2026-02-25 19:35:20+00:00,0.525
2026-02-25 19:36:21+00:00,0.525
2026-02-25 19:37:21+00:00,0.525
2026-02-25 19:38:20+00:00,0.525
2026-02-25 19:39:20+00:00,0.525
2026-02-25 19:40:21+00:00,0.525
2026-02-25 19:41:20+00:00,0.525
2026-02-25 19:42:20+00:00,0.525
2026-02-25 19:43:19+00:00,0.52
2026-02-25 19:44:20+00:00,0.52
2026-02-25 19:45:21+00:00,0.52
2026-02-25 19:46:20+00:00,0.52
2026-02-25 19:47:19+00:00,0.525
2026-02-25 19:48:19+00:00,0.525
2026-02-25 19:49:20+00:00,0.525
2026-02-25 19:50:24+00:00,0.525
2026-02-25 19:51:23+00:00,0.52
2026-02-25 19:52:19+00:00,0.52
2026-02-25 19:53:18+00:00,0.52
2026-02-25 19:54:23+00:00,0.525
2026-02-25 19:55:22+00:00,0.525
2026-02-25 19:56:34+00:00,0.525
2026-02-25 19:57:20+00:00,0.525
2026-02-25 19:58:20+00:00,0.525
2026-02-25 19:59:21+00:00,0.525
2026-02-25 20:00:32+00:00,0.525
2026-02-25 20:01:20+00:00,0.525
2026-02-25 20:02:18+00:00,0.525
2026-02-25 20:03:20+00:00,0.525
2026-02-25 20:04:21+00:00,0.525
2026-02-25 20:05:21+00:00,0.525
2026-02-25 20:06:19+00:00,0.525
2026-02-25 20:07:19+00:00,0.525
2026-02-25 20:08:20+00:00,0.525
2026-02-25 20:09:34+00:00,0.565
2026-02-25 20:10:24+00:00,0.61
2026-02-25 20:11:18+00:00,0.61
2026-02-25 20:12:19+00:00,0.595
2026-02-25 20:13:20+00:00,0.595
2026-02-25 20:14:20+00:00,0.595
2026-02-25 20:15:23+00:00,0.595
2026-02-25 20:16:19+00:00,0.585
2026-02-25 20:17:19+00:00,0.57
2026-02-25 20:18:19+00:00,0.61
2026-02-25 20:19:19+00:00,0.595
2026-02-25 20:20:20+00:00,0.59
2026-02-25 20:21:20+00:00,0.59
2026-02-25 20:22:34+00:00,0.59
2026-02-25 20:23:32+00:00,0.58
2026-02-25 20:24:19+00:00,0.565
2026-02-25 20:25:24+00:00,0.565
2026-02-25 20:26:19+00:00,0.55
2026-02-25 20:27:20+00:00,0.545
2026-02-25 20:28:19+00:00,0.545
2026-02-25 20:29:21+00:00,0.545
2026-02-25 20:30:24+00:00,0.545
2026-02-25 20:31:20+00:00,0.545
2026-02-25 20:32:20+00:00,0.545
2026-02-25 20:33:18+00:00,0.6
2026-02-25 20:34:19+00:00,0.61
2026-02-25 20:35:23+00:00,0.61
2026-02-25 20:36:20+00:00,0.6
2026-02-25 20:37:20+00:00,0.595
2026-02-25 20:38:20+00:00,0.6
2026-02-25 20:39:19+00:00,0.6
2026-02-25 20:40:20+00:00,0.585
2026-02-25 20:41:20+00:00,0.585
2026-02-25 20:42:20+00:00,0.595
2026-02-25 20:43:19+00:00,0.6
2026-02-25 20:44:20+00:00,0.595
2026-02-25 20:45:22+00:00,0.6
2026-02-25 20:46:21+00:00,0.59
2026-02-25 20:47:19+00:00,0.585
2026-02-25 20:48:34+00:00,0.59
2026-02-25 20:49:21+00:00,0.59
2026-02-25 20:50:24+00:00,0.585
2026-02-25 20:51:21+00:00,0.59
2026-02-25 20:52:20+00:00,0.59
2026-02-25 20:53:21+00:00,0.59
2026-02-25 20:54:21+00:00,0.585
2026-02-25 20:55:22+00:00,0.59
2026-02-25 20:56:19+00:00,0.59
2026-02-25 20:57:21+00:00,0.585
2026-02-25 20:58:20+00:00,0.59
2026-02-25 20:59:21+00:00,0.59
2026-02-25 21:00:29+00:00,0.575
2026-02-25 21:01:19+00:00,0.585
2026-02-25 21:02:20+00:00,0.6
2026-02-25 21:03:21+00:00,0.6
2026-02-25 21:04:19+00:00,0.585
2026-02-25 21:05:21+00:00,0.59
2026-02-25 21:06:21+00:00,0.58
2026-02-25 21:07:23+00:00,0.58
2026-02-25 21:08:21+00:00,0.58
2026-02-25 21:09:19+00:00,0.57
2026-02-25 21:10:21+00:00,0.58
2026-02-25 21:11:20+00:00,0.57
2026-02-25 21:12:20+00:00,0.57
2026-02-25 21:13:21+00:00,0.58
2026-02-25 21:14:35+00:00,0.55
2026-02-25 21:15:25+00:00,0.55
2026-02-25 21:16:20+00:00,0.565
2026-02-25 21:17:21+00:00,0.58
2026-02-25 21:18:21+00:00,0.58
2026-02-25 21:19:20+00:00,0.57
2026-02-25 21:20:22+00:00,0.565
2026-02-25 21:21:20+00:00,0.58
2026-02-25 21:22:21+00:00,0.58
2026-02-25 21:23:19+00:00,0.58
2026-02-25 21:24:20+00:00,0.58
2026-02-25 21:25:21+00:00,0.58
2026-02-25 21:26:36+00:00,0.58
2026-02-25 21:27:24+00:00,0.58
2026-02-25 21:28:20+00:00,0.58
2026-02-25 21:29:19+00:00,0.58
2026-02-25 21:30:27+00:00,0.57
2026-02-25 21:31:20+00:00,0.57
2026-02-25 21:32:21+00:00,0.58
2026-02-25 21:33:20+00:00,0.58
2026-02-25 21:34:21+00:00,0.58
2026-02-25 21:35:22+00:00,0.58
2026-02-25 21:36:19+00:00,0.57
2026-02-25 21:37:19+00:00,0.555
2026-02-25 21:38:19+00:00,0.555
2026-02-25 21:39:20+00:00,0.555
2026-02-25 21:40:21+00:00,0.55
2026-02-25 21:41:21+00:00,0.58
2026-02-25 21:42:20+00:00,0.58
2026-02-25 21:43:36+00:00,0.58
2026-02-25 21:44:20+00:00,0.57
2026-02-25 21:45:23+00:00,0.57
2026-02-25 21:46:21+00:00,0.57
2026-02-25 21:47:19+00:00,0.57
2026-02-25 21:48:19+00:00,0.56
2026-02-25 21:49:19+00:00,0.57
2026-02-25 21:50:21+00:00,0.55
2026-02-25 21:51:20+00:00,0.555
2026-02-25 21:52:23+00:00,0.555
2026-02-25 21:53:20+00:00,0.555
2026-02-25 21:54:21+00:00,0.555
2026-02-25 21:55:22+00:00,0.555
2026-02-25 21:56:29+00:00,0.545
2026-02-25 21:57:21+00:00,0.54
2026-02-25 21:58:19+00:00,0.54
2026-02-25 21:59:20+00:00,0.54
2026-02-25 22:00:24+00:00,0.535
2026-02-25 22:01:20+00:00,0.535
2026-02-25 22:02:19+00:00,0.535
2026-02-25 22:03:21+00:00,0.555
2026-02-25 22:04:21+00:00,0.555
2026-02-25 22:05:21+00:00,0.555
2026-02-25 22:06:20+00:00,0.555
2026-02-25 22:09:48+00:00,0.555
2026-02-25 22:10:41+00:00,0.585
2026-02-25 22:11:20+00:00,0.585
2026-02-25 22:12:19+00:00,0.585
2026-02-25 22:13:20+00:00,0.57
2026-02-25 22:14:21+00:00,0.585
2026-02-25 22:15:21+00:00,0.585
2026-02-25 22:16:20+00:00,0.585
2026-02-25 22:17:19+00:00,0.575
2026-02-25 22:18:24+00:00,0.575
2026-02-25 22:19:21+00:00,0.575
2026-02-25 22:20:23+00:00,0.575
2026-02-25 22:21:19+00:00,0.575
2026-02-25 22:22:20+00:00,0.585
2026-02-25 22:23:23+00:00,0.585
2026-02-25 22:24:20+00:00,0.575
2026-02-25 22:25:19+00:00,0.585
2026-02-25 22:26:19+00:00,0.575
2026-02-25 22:27:20+00:00,0.575
2026-02-25 22:28:20+00:00,0.575
2026-02-25 22:29:20+00:00,0.575
2026-02-25 22:30:31+00:00,0.585
2026-02-25 22:31:21+00:00,0.575
2026-02-25 22:32:20+00:00,0.575
2026-02-25 22:33:21+00:00,0.58
2026-02-25 22:34:20+00:00,0.57
2026-02-25 22:35:38+00:00,0.57
2026-02-25 22:36:26+00:00,0.57
2026-02-25 22:37:22+00:00,0.57
2026-02-25 22:38:19+00:00,0.57
2026-02-25 22:39:20+00:00,0.57
2026-02-25 22:40:20+00:00,0.57
2026-02-25 22:41:19+00:00,0.58
2026-02-25 22:42:21+00:00,0.58
2026-02-25 22:43:21+00:00,0.57
2026-02-25 22:44:20+00:00,0.57
2026-02-25 22:45:19+00:00,0.57
2026-02-25 22:46:19+00:00,0.57
2026-02-25 22:47:20+00:00,0.57
2026-02-25 22:48:20+00:00,0.57
2026-02-25 22:49:20+00:00,0.57
2026-02-25 22:50:23+00:00,0.57
2026-02-25 22:51:19+00:00,0.57
2026-02-25 22:52:19+00:00,0.57
2026-02-25 22:53:19+00:00,0.57
2026-02-25 22:54:21+00:00,0.57
2026-02-25 22:55:20+00:00,0.57
2026-02-25 22:56:19+00:00,0.57
2026-02-25 22:57:20+00:00,0.57
2026-02-25 22:58:20+00:00,0.57
2026-02-25 22:59:20+00:00,0.57
2026-02-25 23:00:24+00:00,0.56
2026-02-25 23:01:35+00:00,0.56
2026-02-25 23:02:21+00:00,0.56
2026-02-25 23:03:21+00:00,0.56
2026-02-25 23:04:22+00:00,0.56
2026-02-25 23:05:40+00:00,0.56
2026-02-25 23:06:28+00:00,0.555
2026-02-25 23:07:20+00:00,0.555
2026-02-25 23:08:19+00:00,0.555
2026-02-25 23:09:20+00:00,0.555
2026-02-25 23:10:21+00:00,0.555
2026-02-25 23:11:20+00:00,0.555
2026-02-25 23:12:21+00:00,0.555
2026-02-25 23:13:20+00:00,0.555
2026-02-25 23:14:20+00:00,0.555
2026-02-25 23:15:21+00:00,0.555
2026-02-25 23:16:20+00:00,0.555
2026-02-25 23:17:21+00:00,0.555
2026-02-25 23:18:22+00:00,0.555
2026-02-25 23:19:21+00:00,0.555
2026-02-25 23:20:22+00:00,0.555
2026-02-25 23:21:21+00:00,0.555
2026-02-25 23:22:20+00:00,0.555
2026-02-25 23:23:20+00:00,0.555
2026-02-25 23:24:21+00:00,0.555
2026-02-25 23:25:21+00:00,0.555
2026-02-25 23:26:22+00:00,0.555
2026-02-25 23:27:21+00:00,0.555
2026-02-25 23:28:21+00:00,0.555
2026-02-25 23:29:20+00:00,0.555
2026-02-25 23:30:25+00:00,0.555
2026-02-25 23:31:37+00:00,0.555
2026-02-25 23:32:29+00:00,0.555
2026-02-25 23:33:20+00:00,0.555
2026-02-25 23:34:21+00:00,0.555
2026-02-25 23:35:27+00:00,0.555
2026-02-25 23:36:20+00:00,0.555
2026-02-25 23:37:20+00:00,0.555
2026-02-25 23:38:21+00:00,0.555
2026-02-25 23:39:21+00:00,0.555
2026-02-25 23:40:23+00:00,0.555
2026-02-25 23:41:20+00:00,0.555
2026-02-25 23:42:19+00:00,0.555
2026-02-25 23:43:21+00:00,0.555
2026-02-25 23:44:19+00:00,0.555
2026-02-25 23:45:22+00:00,0.555
2026-02-25 23:46:21+00:00,0.555
2026-02-25 23:47:21+00:00,0.555
2026-02-25 23:48:20+00:00,0.555
2026-02-25 23:49:20+00:00,0.555
2026-02-25 23:50:22+00:00,0.555
2026-02-25 23:51:21+00:00,0.555
2026-02-25 23:52:19+00:00,0.555
2026-02-25 23:53:20+00:00,0.555
2026-02-25 23:54:20+00:00,0.555
2026-02-25 23:55:24+00:00,0.555
2026-02-25 23:56:20+00:00,0.555
2026-02-25 23:57:20+00:00,0.555
2026-02-25 23:58:36+00:00,0.555
2026-02-25 23:59:21+00:00,0.555
2026-02-26 00:00:33+00:00,0.555
2026-02-26 00:01:20+00:00,0.555
2026-02-26 00:02:20+00:00,0.555
2026-02-26 00:03:19+00:00,0.555
2026-02-26 00:04:20+00:00,0.555
2026-02-26 00:05:21+00:00,0.555
2026-02-26 00:06:21+00:00,0.555
2026-02-26 00:07:20+00:00,0.555
2026-02-26 00:08:20+00:00,0.555
2026-02-26 00:09:19+00:00,0.555
2026-02-26 00:10:20+00:00,0.555
2026-02-26 00:11:19+00:00,0.555
2026-02-26 00:12:21+00:00,0.555
2026-02-26 00:13:19+00:00,0.56
2026-02-26 00:14:21+00:00,0.56
2026-02-26 00:15:21+00:00,0.565
2026-02-26 00:16:19+00:00,0.565
2026-02-26 00:17:20+00:00,0.565
2026-02-26 00:18:22+00:00,0.565
2026-02-26 00:19:20+00:00,0.565
2026-02-26 00:20:22+00:00,0.565
2026-02-26 00:21:20+00:00,0.565
2026-02-26 00:22:19+00:00,0.565
2026-02-26 00:27:40+00:00,0.565
2026-02-26 00:28:19+00:00,0.565
2026-02-26 00:29:21+00:00,0.565
2026-02-26 00:30:23+00:00,0.565
2026-02-26 00:31:20+00:00,0.565
2026-02-26 00:32:22+00:00,0.565
2026-02-26 00:33:20+00:00,0.565
2026-02-26 00:34:20+00:00,0.565
2026-02-26 00:35:21+00:00,0.565
2026-02-26 00:36:20+00:00,0.565
2026-02-26 00:37:19+00:00,0.565
2026-02-26 00:38:20+00:00,0.565
2026-02-26 00:39:19+00:00,0.565
2026-02-26 00:40:22+00:00,0.565
2026-02-26 00:41:19+00:00,0.565
2026-02-26 00:42:22+00:00,0.565
2026-02-26 00:43:21+00:00,0.565
2026-02-26 00:44:21+00:00,0.565
2026-02-26 00:45:20+00:00,0.565
2026-02-26 00:46:21+00:00,0.565
2026-02-26 00:47:18+00:00,0.565
2026-02-26 00:48:19+00:00,0.565
2026-02-26 00:49:19+00:00,0.565
2026-02-26 00:50:24+00:00,0.565
2026-02-26 00:51:20+00:00,0.565
2026-02-26 00:52:19+00:00,0.565
2026-02-26 00:53:21+00:00,0.565
2026-02-26 00:54:22+00:00,0.565
2026-02-26 00:55:20+00:00,0.565
2026-02-26 00:56:21+00:00,0.565
2026-02-26 00:57:18+00:00,0.565
2026-02-26 00:58:19+00:00,0.565
2026-02-26 00:59:19+00:00,0.565
2026-02-26 01:00:24+00:00,0.565
2026-02-26 01:01:19+00:00,0.565
2026-02-26 01:02:22+00:00,0.565
2026-02-26 01:03:20+00:00,0.565
2026-02-26 01:04:22+00:00,0.565
2026-02-26 01:05:21+00:00,0.565
2026-02-26 01:06:21+00:00,0.565
2026-02-26 01:07:20+00:00,0.565
2026-02-26 01:08:22+00:00,0.565
2026-02-26 01:09:22+00:00,0.565
2026-02-26 01:10:20+00:00,0.565
2026-02-26 01:11:21+00:00,0.565
2026-02-26 01:12:22+00:00,0.565
2026-02-26 01:13:21+00:00,0.565
2026-02-26 01:14:22+00:00,0.565
2026-02-26 01:15:22+00:00,0.565
2026-02-26 01:16:26+00:00,0.565
2026-02-26 01:17:20+00:00,0.565
2026-02-26 01:18:22+00:00,0.565
2026-02-26 01:19:21+00:00,0.565
2026-02-26 01:20:22+00:00,0.56
2026-02-26 01:21:20+00:00,0.56
2026-02-26 01:22:33+00:00,0.555
2026-02-26 01:23:20+00:00,0.555
2026-02-26 01:24:19+00:00,0.555
2026-02-26 01:25:21+00:00,0.555
2026-02-26 01:26:19+00:00,0.555
2026-02-26 01:27:20+00:00,0.555
2026-02-26 01:28:20+00:00,0.555
2026-02-26 01:29:19+00:00,0.555
2026-02-26 01:30:24+00:00,0.555
2026-02-26 01:31:21+00:00,0.555
2026-02-26 01:32:20+00:00,0.555
2026-02-26 01:33:20+00:00,0.555
2026-02-26 01:34:20+00:00,0.555
2026-02-26 01:35:21+00:00,0.555
2026-02-26 01:36:21+00:00,0.555
2026-02-26 01:37:21+00:00,0.555
2026-02-26 01:38:22+00:00,0.555
2026-02-26 01:39:21+00:00,0.555
2026-02-26 01:40:23+00:00,0.555
2026-02-26 01:41:33+00:00,0.555
2026-02-26 01:42:26+00:00,0.555
2026-02-26 01:43:19+00:00,0.555
2026-02-26 01:44:19+00:00,0.555
2026-02-26 01:45:22+00:00,0.555
2026-02-26 01:46:20+00:00,0.555
2026-02-26 01:47:20+00:00,0.555
2026-02-26 01:48:19+00:00,0.555
2026-02-26 01:49:21+00:00,0.555
2026-02-26 01:50:21+00:00,0.555
2026-02-26 01:51:20+00:00,0.555
2026-02-26 01:52:19+00:00,0.555
2026-02-26 01:53:19+00:00,0.555
2026-02-26 01:54:19+00:00,0.555
2026-02-26 01:55:21+00:00,0.555
2026-02-26 01:56:21+00:00,0.555
2026-02-26 01:57:19+00:00,0.555
2026-02-26 01:58:20+00:00,0.555
2026-02-26 01:59:19+00:00,0.555
2026-02-26 02:00:24+00:00,0.555
2026-02-26 02:01:20+00:00,0.555
2026-02-26 02:02:21+00:00,0.555
2026-02-26 02:03:19+00:00,0.555
2026-02-26 02:04:21+00:00,0.555
2026-02-26 02:05:22+00:00,0.555
2026-02-26 02:06:20+00:00,0.555
2026-02-26 02:07:21+00:00,0.555
2026-02-26 02:08:31+00:00,0.555
2026-02-26 02:09:22+00:00,0.555
2026-02-26 02:10:22+00:00,0.555
2026-02-26 02:11:20+00:00,0.555
2026-02-26 02:12:21+00:00,0.555
2026-02-26 02:13:19+00:00,0.555
2026-02-26 02:14:20+00:00,0.555
2026-02-26 02:15:22+00:00,0.555
2026-02-26 02:16:21+00:00,0.555
2026-02-26 02:17:21+00:00,0.555
2026-02-26 02:18:21+00:00,0.555
2026-02-26 02:19:21+00:00,0.555
2026-02-26 02:20:20+00:00,0.555
2026-02-26 02:21:21+00:00,0.555
2026-02-26 02:22:21+00:00,0.555
2026-02-26 02:23:20+00:00,0.555
2026-02-26 02:24:22+00:00,0.555
2026-02-26 02:25:20+00:00,0.555
2026-02-26 02:26:20+00:00,0.555
2026-02-26 02:27:21+00:00,0.555
2026-02-26 02:28:20+00:00,0.555
2026-02-26 02:29:22+00:00,0.555
2026-02-26 02:30:25+00:00,0.555
2026-02-26 02:31:18+00:00,0.555
2026-02-26 02:32:21+00:00,0.555
2026-02-26 02:33:20+00:00,0.555
2026-02-26 02:34:30+00:00,0.555
2026-02-26 02:35:21+00:00,0.555
2026-02-26 02:36:19+00:00,0.555
2026-02-26 02:37:21+00:00,0.555
2026-02-26 02:38:20+00:00,0.555
2026-02-26 02:39:21+00:00,0.555
2026-02-26 02:40:21+00:00,0.555
2026-02-26 02:41:20+00:00,0.555
2026-02-26 02:42:20+00:00,0.555
2026-02-26 02:43:18+00:00,0.555
2026-02-26 02:44:21+00:00,0.555
2026-02-26 02:45:22+00:00,0.555
2026-02-26 02:46:20+00:00,0.555
2026-02-26 02:47:20+00:00,0.555
2026-02-26 02:48:19+00:00,0.555
2026-02-26 02:49:21+00:00,0.555
2026-02-26 02:50:20+00:00,0.555
2026-02-26 02:51:20+00:00,0.555
2026-02-26 02:52:21+00:00,0.555
2026-02-26 02:53:20+00:00,0.555
2026-02-26 02:54:21+00:00,0.555
2026-02-26 02:55:21+00:00,0.555
2026-02-26 02:56:20+00:00,0.555
2026-02-26 02:57:19+00:00,0.555
2026-02-26 02:58:20+00:00,0.555
2026-02-26 02:59:19+00:00,0.555
2026-02-26 03:00:42+00:00,0.555
2026-02-26 03:01:27+00:00,0.555
2026-02-26 03:02:31+00:00,0.555
2026-02-26 03:03:20+00:00,0.555
2026-02-26 03:04:32+00:00,0.555
2026-02-26 03:05:22+00:00,0.555
2026-02-26 03:06:20+00:00,0.555
2026-02-26 03:07:20+00:00,0.555
2026-02-26 03:08:18+00:00,0.555
2026-02-26 03:09:19+00:00,0.555
2026-02-26 03:10:22+00:00,0.555
2026-02-26 03:11:21+00:00,0.555
2026-02-26 03:12:20+00:00,0.555
2026-02-26 03:13:21+00:00,0.555
2026-02-26 03:14:21+00:00,0.555
2026-02-26 03:15:21+00:00,0.555
2026-02-26 03:16:19+00:00,0.555
2026-02-26 03:17:20+00:00,0.555
2026-02-26 03:18:20+00:00,0.555
2026-02-26 03:19:20+00:00,0.555
2026-02-26 03:20:21+00:00,0.555
2026-02-26 03:21:19+00:00,0.555
2026-02-26 03:22:18+00:00,0.555
2026-02-26 03:23:19+00:00,0.555
2026-02-26 03:24:21+00:00,0.555
2026-02-26 03:25:21+00:00,0.555
2026-02-26 03:26:20+00:00,0.555
2026-02-26 03:27:21+00:00,0.555
2026-02-26 03:28:19+00:00,0.555
2026-02-26 03:29:20+00:00,0.555
2026-02-26 03:30:37+00:00,0.555
2026-02-26 03:31:24+00:00,0.555
2026-02-26 03:32:19+00:00,0.555
2026-02-26 03:33:34+00:00,0.555
2026-02-26 03:34:20+00:00,0.555
2026-02-26 03:35:21+00:00,0.555
2026-02-26 03:36:20+00:00,0.555
2026-02-26 03:37:19+00:00,0.555
2026-02-26 03:38:21+00:00,0.555
2026-02-26 03:39:20+00:00,0.555
2026-02-26 03:40:21+00:00,0.555
2026-02-26 03:41:18+00:00,0.555
2026-02-26 03:44:29+00:00,0.555
2026-02-26 03:44:54+00:00,0.555
2026-02-26 03:45:20+00:00,0.555
2026-02-26 03:46:17+00:00,0.555
2026-02-26 03:47:32+00:00,0.555
2026-02-26 03:48:18+00:00,0.555
2026-02-26 03:49:20+00:00,0.555
2026-02-26 03:50:34+00:00,0.555
2026-02-26 03:51:19+00:00,0.555
2026-02-26 03:52:19+00:00,0.555
2026-02-26 03:53:20+00:00,0.555
2026-02-26 03:54:20+00:00,0.555
2026-02-26 03:55:19+00:00,0.555
2026-02-26 03:56:20+00:00,0.555
2026-02-26 03:57:18+00:00,0.555
2026-02-26 03:58:20+00:00,0.555
2026-02-26 03:59:36+00:00,0.555
2026-02-26 04:00:35+00:00,0.555
2026-02-26 04:01:19+00:00,0.555
2026-02-26 04:02:20+00:00,0.555
2026-02-26 04:03:19+00:00,0.555
2026-02-26 04:04:19+00:00,0.555
2026-02-26 04:05:20+00:00,0.555
2026-02-26 04:06:21+00:00,0.555
2026-02-26 04:07:19+00:00,0.555
2026-02-26 04:08:19+00:00,0.555
2026-02-26 04:09:19+00:00,0.555
2026-02-26 04:10:19+00:00,0.555
2026-02-26 04:11:19+00:00,0.555
2026-02-26 04:12:19+00:00,0.555
2026-02-26 04:13:19+00:00,0.555
2026-02-26 04:14:20+00:00,0.555
2026-02-26 04:15:19+00:00,0.555
2026-02-26 04:16:19+00:00,0.555
2026-02-26 04:17:19+00:00,0.555
2026-02-26 04:18:20+00:00,0.555
2026-02-26 04:19:20+00:00,0.555
2026-02-26 04:20:21+00:00,0.555
2026-02-26 04:21:20+00:00,0.555
2026-02-26 04:22:19+00:00,0.555
2026-02-26 04:23:18+00:00,0.555
2026-02-26 04:24:19+00:00,0.555
2026-02-26 04:25:39+00:00,0.555
2026-02-26 04:26:25+00:00,0.555
2026-02-26 04:27:20+00:00,0.555
2026-02-26 04:28:20+00:00,0.555
2026-02-26 04:29:20+00:00,0.555
2026-02-26 04:30:24+00:00,0.555
2026-02-26 04:31:34+00:00,0.555
2026-02-26 04:32:22+00:00,0.555
2026-02-26 04:33:18+00:00,0.555
2026-02-26 04:34:19+00:00,0.555
2026-02-26 04:35:21+00:00,0.555
2026-02-26 04:36:20+00:00,0.555
2026-02-26 04:37:20+00:00,0.555
2026-02-26 04:38:20+00:00,0.555
2026-02-26 04:39:21+00:00,0.555
2026-02-26 04:40:21+00:00,0.555
2026-02-26 04:41:21+00:00,0.555
2026-02-26 04:42:20+00:00,0.555
2026-02-26 04:43:19+00:00,0.555
2026-02-26 04:44:19+00:00,0.555
2026-02-26 04:45:19+00:00,0.555
2026-02-26 04:46:19+00:00,0.555
2026-02-26 04:47:20+00:00,0.555
2026-02-26 04:48:19+00:00,0.555
2026-02-26 04:49:20+00:00,0.555
2026-02-26 04:50:22+00:00,0.555
2026-02-26 04:51:19+00:00,0.555
2026-02-26 04:52:20+00:00,0.555
2026-02-26 04:53:20+00:00,0.555
2026-02-26 04:54:19+00:00,0.56
2026-02-26 04:55:22+00:00,0.575
2026-02-26 04:56:20+00:00,0.575
2026-02-26 04:57:25+00:00,0.575
2026-02-26 04:58:28+00:00,0.575
2026-02-26 04:59:19+00:00,0.575
2026-02-26 05:00:24+00:00,0.575
2026-02-26 05:01:19+00:00,0.575
2026-02-26 05:02:19+00:00,0.575
2026-02-26 05:03:19+00:00,0.575
2026-02-26 05:04:20+00:00,0.575
2026-02-26 05:05:21+00:00,0.575
2026-02-26 05:06:19+00:00,0.575
2026-02-26 05:07:20+00:00,0.575
2026-02-26 05:08:20+00:00,0.575
2026-02-26 05:09:20+00:00,0.575
2026-02-26 05:10:21+00:00,0.575
2026-02-26 05:11:20+00:00,0.575
2026-02-26 05:12:21+00:00,0.575
2026-02-26 05:13:20+00:00,0.575
2026-02-26 05:14:19+00:00,0.575
2026-02-26 05:15:22+00:00,0.575
2026-02-26 05:16:19+00:00,0.575
2026-02-26 05:17:21+00:00,0.575
2026-02-26 05:18:20+00:00,0.575
2026-02-26 05:19:22+00:00,0.575
2026-02-26 05:20:21+00:00,0.575
2026-02-26 05:21:19+00:00,0.575
2026-02-26 05:22:19+00:00,0.575
2026-02-26 05:23:21+00:00,0.575
2026-02-26 05:24:29+00:00,0.575
2026-02-26 05:25:21+00:00,0.575
2026-02-26 05:26:19+00:00,0.575
2026-02-26 05:27:20+00:00,0.575
2026-02-26 05:28:19+00:00,0.575
2026-02-26 05:29:19+00:00,0.575
2026-02-26 05:30:24+00:00,0.575
2026-02-26 05:31:20+00:00,0.575
2026-02-26 05:32:21+00:00,0.575
2026-02-26 05:33:19+00:00,0.575
2026-02-26 05:34:19+00:00,0.575
2026-02-26 05:35:19+00:00,0.575
2026-02-26 05:36:21+00:00,0.575
2026-02-26 05:37:20+00:00,0.575
2026-02-26 05:38:20+00:00,0.575
2026-02-26 05:39:20+00:00,0.575
2026-02-26 05:40:20+00:00,0.575
2026-02-26 05:41:18+00:00,0.575
2026-02-26 05:42:20+00:00,0.575
2026-02-26 05:43:31+00:00,0.575
2026-02-26 05:44:18+00:00,0.575
2026-02-26 05:45:21+00:00,0.575
2026-02-26 05:46:19+00:00,0.575
2026-02-26 05:47:19+00:00,0.575
2026-02-26 05:48:20+00:00,0.575
2026-02-26 05:49:19+00:00,0.575
2026-02-26 05:50:20+00:00,0.575
2026-02-26 05:51:18+00:00,0.575
2026-02-26 05:52:18+00:00,0.575
2026-02-26 05:53:18+00:00,0.575
2026-02-26 05:54:19+00:00,0.575
2026-02-26 05:55:20+00:00,0.575
2026-02-26 05:56:18+00:00,0.575
2026-02-26 05:57:19+00:00,0.575
2026-02-26 05:58:18+00:00,0.575
2026-02-26 05:59:19+00:00,0.575
2026-02-26 06:00:29+00:00,0.575
2026-02-26 06:01:19+00:00,0.575
2026-02-26 06:02:18+00:00,0.575
2026-02-26 06:03:18+00:00,0.575
2026-02-26 06:04:18+00:00,0.575
2026-02-26 06:05:21+00:00,0.575
2026-02-26 06:06:19+00:00,0.575
2026-02-26 06:07:19+00:00,0.575
2026-02-26 06:08:19+00:00,0.575
2026-02-26 06:09:33+00:00,0.575
2026-02-26 06:10:22+00:00,0.575
2026-02-26 06:11:19+00:00,0.575
2026-02-26 06:12:19+00:00,0.575
2026-02-26 06:13:19+00:00,0.575
2026-02-26 06:14:20+00:00,0.575
2026-02-26 06:15:19+00:00,0.575
2026-02-26 06:16:19+00:00,0.575
2026-02-26 06:17:19+00:00,0.575
2026-02-26 06:18:20+00:00,0.575
2026-02-26 06:19:18+00:00,0.575
2026-02-26 06:20:19+00:00,0.575
2026-02-26 06:21:19+00:00,0.575
2026-02-26 06:22:19+00:00,0.575
2026-02-26 06:23:19+00:00,0.575
2026-02-26 06:24:20+00:00,0.575
2026-02-26 06:25:20+00:00,0.575
2026-02-26 06:26:19+00:00,0.575
2026-02-26 06:27:20+00:00,0.575
2026-02-26 06:28:20+00:00,0.575
2026-02-26 06:29:19+00:00,0.575
2026-02-26 06:30:25+00:00,0.575
2026-02-26 06:31:19+00:00,0.575
2026-02-26 06:32:28+00:00,0.575
2026-02-26 06:33:19+00:00,0.575
2026-02-26 06:34:21+00:00,0.575
2026-02-26 06:35:38+00:00,0.575
2026-02-26 06:36:24+00:00,0.575
2026-02-26 06:37:21+00:00,0.575
2026-02-26 06:38:20+00:00,0.575
2026-02-26 06:39:18+00:00,0.575
2026-02-26 06:40:20+00:00,0.575
2026-02-26 06:41:20+00:00,0.575
2026-02-26 06:42:20+00:00,0.575
2026-02-26 06:43:19+00:00,0.575
2026-02-26 06:44:19+00:00,0.575
2026-02-26 06:45:20+00:00,0.575
2026-02-26 06:46:18+00:00,0.575
2026-02-26 06:47:21+00:00,0.575
2026-02-26 06:48:19+00:00,0.575
2026-02-26 06:49:19+00:00,0.575
2026-02-26 06:50:20+00:00,0.575
2026-02-26 06:51:17+00:00,0.575
2026-02-26 06:52:18+00:00,0.575
2026-02-26 06:53:19+00:00,0.575
2026-02-26 06:54:20+00:00,0.575
2026-02-26 06:55:20+00:00,0.575
2026-02-26 06:56:48+00:00,0.575
2026-02-26 06:57:32+00:00,0.575
2026-02-26 06:58:19+00:00,0.575
2026-02-26 06:59:19+00:00,0.575
2026-02-26 07:00:25+00:00,0.575
2026-02-26 07:01:19+00:00,0.575
2026-02-26 07:02:19+00:00,0.575
2026-02-26 07:03:20+00:00,0.575
2026-02-26 07:04:19+00:00,0.575
2026-02-26 07:05:21+00:00,0.575
2026-02-26 07:06:19+00:00,0.575
2026-02-26 07:07:19+00:00,0.575
2026-02-26 07:08:19+00:00,0.575
2026-02-26 07:09:19+00:00,0.575
2026-02-26 07:10:22+00:00,0.575
2026-02-26 07:11:18+00:00,0.575
2026-02-26 07:12:19+00:00,0.575
2026-02-26 07:13:19+00:00,0.575
2026-02-26 07:14:19+00:00,0.575
2026-02-26 07:15:19+00:00,0.575
2026-02-26 07:16:20+00:00,0.575
2026-02-26 07:17:20+00:00,0.575
2026-02-26 07:18:20+00:00,0.575
2026-02-26 07:19:20+00:00,0.575
2026-02-26 07:20:20+00:00,0.575
2026-02-26 07:21:37+00:00,0.575
2026-02-26 07:22:44+00:00,0.575
2026-02-26 07:23:24+00:00,0.575
2026-02-26 07:24:20+00:00,0.575
2026-02-26 07:25:21+00:00,0.575
2026-02-26 07:26:18+00:00,0.575
2026-02-26 07:27:19+00:00,0.575
2026-02-26 07:28:20+00:00,0.575
2026-02-26 07:29:21+00:00,0.575
2026-02-26 07:30:23+00:00,0.575
2026-02-26 07:31:18+00:00,0.575
2026-02-26 07:32:18+00:00,0.575
2026-02-26 07:33:35+00:00,0.575
2026-02-26 07:34:21+00:00,0.575
2026-02-26 07:35:22+00:00,0.575
2026-02-26 07:36:18+00:00,0.575
2026-02-26 07:37:19+00:00,0.575
2026-02-26 07:38:19+00:00,0.575
2026-02-26 07:39:19+00:00,0.575
2026-02-26 07:40:21+00:00,0.575
2026-02-26 07:41:20+00:00,0.575
2026-02-26 07:42:22+00:00,0.575
2026-02-26 07:43:20+00:00,0.575
2026-02-26 07:44:20+00:00,0.575
2026-02-26 07:45:29+00:00,0.575
2026-02-26 07:46:25+00:00,0.575
2026-02-26 07:47:18+00:00,0.575
2026-02-26 07:48:19+00:00,0.575
2026-02-26 07:49:21+00:00,0.575
2026-02-26 07:50:20+00:00,0.575
2026-02-26 07:51:19+00:00,0.575
2026-02-26 07:52:19+00:00,0.575
2026-02-26 07:53:18+00:00,0.575
2026-02-26 07:56:24+00:00,0.575
2026-02-26 07:56:50+00:00,0.575
2026-02-26 07:57:19+00:00,0.575
2026-02-26 07:58:18+00:00,0.575
2026-02-26 07:59:30+00:00,0.575
2026-02-26 08:00:26+00:00,0.575
2026-02-26 08:01:20+00:00,0.575
2026-02-26 08:02:21+00:00,0.575
2026-02-26 08:03:19+00:00,0.575
2026-02-26 08:04:20+00:00,0.575
2026-02-26 08:05:20+00:00,0.575
2026-02-26 08:06:20+00:00,0.575
2026-02-26 08:07:19+00:00,0.575
2026-02-26 08:08:18+00:00,0.575
2026-02-26 08:09:18+00:00,0.575
2026-02-26 08:10:21+00:00,0.575
2026-02-26 08:11:20+00:00,0.575
2026-02-26 08:12:18+00:00,0.575
2026-02-26 08:13:18+00:00,0.575
2026-02-26 08:14:19+00:00,0.575
2026-02-26 08:15:20+00:00,0.575
2026-02-26 08:16:20+00:00,0.575
2026-02-26 08:17:19+00:00,0.575
2026-02-26 08:18:20+00:00,0.575
2026-02-26 08:19:20+00:00,0.575
2026-02-26 08:20:21+00:00,0.575
2026-02-26 08:21:19+00:00,0.575
2026-02-26 08:22:20+00:00,0.575
2026-02-26 08:23:19+00:00,0.575
2026-02-26 08:24:20+00:00,0.575
2026-02-26 08:25:37+00:00,0.575
2026-02-26 08:26:22+00:00,0.575
2026-02-26 08:27:20+00:00,0.575
2026-02-26 08:28:20+00:00,0.575
2026-02-26 08:29:18+00:00,0.575
2026-02-26 08:30:23+00:00,0.575
2026-02-26 08:31:20+00:00,0.575
2026-02-26 08:32:20+00:00,0.575
2026-02-26 08:33:19+00:00,0.575
2026-02-26 08:34:21+00:00,0.575
2026-02-26 08:35:21+00:00,0.575
2026-02-26 08:36:18+00:00,0.575
2026-02-26 08:39:48+00:00,0.575
2026-02-26 08:40:14+00:00,0.575
2026-02-26 08:40:41+00:00,0.575
2026-02-26 08:41:18+00:00,0.575
2026-02-26 08:42:18+00:00,0.575
2026-02-26 08:43:19+00:00,0.575
2026-02-26 08:44:19+00:00,0.575
2026-02-26 08:45:20+00:00,0.575
2026-02-26 08:46:20+00:00,0.575
2026-02-26 08:47:19+00:00,0.575
2026-02-26 08:48:17+00:00,0.575
2026-02-26 08:49:18+00:00,0.575
2026-02-26 08:50:20+00:00,0.575
2026-02-26 08:51:35+00:00,0.575
2026-02-26 08:52:21+00:00,0.575
2026-02-26 08:53:20+00:00,0.575
2026-02-26 08:54:19+00:00,0.575
2026-02-26 08:55:22+00:00,0.575
2026-02-26 08:56:20+00:00,0.575
2026-02-26 08:57:20+00:00,0.575
2026-02-26 08:58:34+00:00,0.575
2026-02-26 08:59:20+00:00,0.575
2026-02-26 09:00:38+00:00,0.575
2026-02-26 09:01:20+00:00,0.575
2026-02-26 09:02:19+00:00,0.575
2026-02-26 09:03:20+00:00,0.575
2026-02-26 09:04:20+00:00,0.575
2026-02-26 09:05:21+00:00,0.575
2026-02-26 09:06:19+00:00,0.575
2026-02-26 09:07:18+00:00,0.575
2026-02-26 09:08:19+00:00,0.575
2026-02-26 09:10:53+00:00,0.575
2026-02-26 09:11:20+00:00,0.575
2026-02-26 09:12:19+00:00,0.575
2026-02-26 09:13:18+00:00,0.575
2026-02-26 09:14:19+00:00,0.575
2026-02-26 09:15:22+00:00,0.575
2026-02-26 09:16:20+00:00,0.575
2026-02-26 09:17:19+00:00,0.575
2026-02-26 09:18:18+00:00,0.575
2026-02-26 09:19:20+00:00,0.575
2026-02-26 09:20:21+00:00,0.575
2026-02-26 09:21:18+00:00,0.575
2026-02-26 09:22:18+00:00,0.575
2026-02-26 09:23:18+00:00,0.575
2026-02-26 09:24:35+00:00,0.575
2026-02-26 09:25:21+00:00,0.575
2026-02-26 09:26:19+00:00,0.575
2026-02-26 09:27:20+00:00,0.575
2026-02-26 09:28:18+00:00,0.575
2026-02-26 09:29:19+00:00,0.575
2026-02-26 09:30:25+00:00,0.575
2026-02-26 09:31:19+00:00,0.575
2026-02-26 09:32:19+00:00,0.575
2026-02-26 09:33:19+00:00,0.575
2026-02-26 09:34:18+00:00,0.575
2026-02-26 09:35:20+00:00,0.575
2026-02-26 09:36:19+00:00,0.575
2026-02-26 09:37:19+00:00,0.575
2026-02-26 09:38:18+00:00,0.575
2026-02-26 09:39:20+00:00,0.575
2026-02-26 09:40:19+00:00,0.575
2026-02-26 09:41:20+00:00,0.575
2026-02-26 09:42:31+00:00,0.575
2026-02-26 09:43:19+00:00,0.575
2026-02-26 09:44:47+00:00,0.575
2026-02-26 09:45:37+00:00,0.575
2026-02-26 09:46:19+00:00,0.575
2026-02-26 09:47:20+00:00,0.575
2026-02-26 09:48:20+00:00,0.575
2026-02-26 09:49:18+00:00,0.575
2026-02-26 09:50:38+00:00,0.575
2026-02-26 09:51:29+00:00,0.575
2026-02-26 09:52:19+00:00,0.575
2026-02-26 09:53:20+00:00,0.575
2026-02-26 09:54:33+00:00,0.555
2026-02-26 09:55:20+00:00,0.555
2026-02-26 09:56:19+00:00,0.555
2026-02-26 09:57:20+00:00,0.555
2026-02-26 09:58:19+00:00,0.555
2026-02-26 09:59:20+00:00,0.555
2026-02-26 10:00:25+00:00,0.555
2026-02-26 10:01:19+00:00,0.555
2026-02-26 10:02:18+00:00,0.555
2026-02-26 10:03:31+00:00,0.555
2026-02-26 10:04:19+00:00,0.555
2026-02-26 10:05:22+00:00,0.555
2026-02-26 10:06:19+00:00,0.555
2026-02-26 10:07:33+00:00,0.555
2026-02-26 10:08:19+00:00,0.555
2026-02-26 10:09:20+00:00,0.555
2026-02-26 10:10:31+00:00,0.555
2026-02-26 10:11:25+00:00,0.555
2026-02-26 10:12:21+00:00,0.555
2026-02-26 10:13:19+00:00,0.555
2026-02-26 10:14:27+00:00,0.555
2026-02-26 10:15:28+00:00,0.555
2026-02-26 10:16:20+00:00,0.555
2026-02-26 10:17:20+00:00,0.555
2026-02-26 10:18:20+00:00,0.555
2026-02-26 10:19:21+00:00,0.555
2026-02-26 10:20:21+00:00,0.555
2026-02-26 10:21:19+00:00,0.555
2026-02-26 10:22:33+00:00,0.555
2026-02-26 10:23:20+00:00,0.555
2026-02-26 10:24:35+00:00,0.555
2026-02-26 10:25:21+00:00,0.555
2026-02-26 10:26:17+00:00,0.555
2026-02-26 10:27:19+00:00,0.555
2026-02-26 10:28:21+00:00,0.555
2026-02-26 10:29:21+00:00,0.555
2026-02-26 10:30:26+00:00,0.555
2026-02-26 10:31:19+00:00,0.555
2026-02-26 10:32:21+00:00,0.555
2026-02-26 10:33:18+00:00,0.555
2026-02-26 10:34:20+00:00,0.555
2026-02-26 10:35:19+00:00,0.555
2026-02-26 10:36:18+00:00,0.555
2026-02-26 10:37:32+00:00,0.555
2026-02-26 10:38:19+00:00,0.555
2026-02-26 10:39:20+00:00,0.555
2026-02-26 10:40:24+00:00,0.555
2026-02-26 10:41:18+00:00,0.555
2026-02-26 10:42:20+00:00,0.555
2026-02-26 10:43:20+00:00,0.555
2026-02-26 10:44:19+00:00,0.555
2026-02-26 10:45:21+00:00,0.555
2026-02-26 10:46:18+00:00,0.555
2026-02-26 10:47:18+00:00,0.555
2026-02-26 10:48:19+00:00,0.555
2026-02-26 10:49:19+00:00,0.555
2026-02-26 10:50:31+00:00,0.555
2026-02-26 10:51:18+00:00,0.555
2026-02-26 10:52:18+00:00,0.555
2026-02-26 10:53:20+00:00,0.555
2026-02-26 10:54:19+00:00,0.555
2026-02-26 10:55:35+00:00,0.555
2026-02-26 10:56:21+00:00,0.555
2026-02-26 10:57:19+00:00,0.555
2026-02-26 10:58:18+00:00,0.555
2026-02-26 10:59:19+00:00,0.555
2026-02-26 11:00:23+00:00,0.555
2026-02-26 11:01:20+00:00,0.555
2026-02-26 11:02:18+00:00,0.555
2026-02-26 11:03:20+00:00,0.555
2026-02-26 11:04:19+00:00,0.555
2026-02-26 11:05:21+00:00,0.555
2026-02-26 11:06:20+00:00,0.555
2026-02-26 11:07:19+00:00,0.555
2026-02-26 11:08:20+00:00,0.555
2026-02-26 11:09:19+00:00,0.555
2026-02-26 11:10:20+00:00,0.555
2026-02-26 11:11:20+00:00,0.555
2026-02-26 11:12:20+00:00,0.555
2026-02-26 11:13:19+00:00,0.555
2026-02-26 11:14:18+00:00,0.555
2026-02-26 11:15:20+00:00,0.555
2026-02-26 11:16:20+00:00,0.555
2026-02-26 11:17:20+00:00,0.555
2026-02-26 11:18:19+00:00,0.555
2026-02-26 11:19:21+00:00,0.555
2026-02-26 11:20:20+00:00,0.555
2026-02-26 11:21:35+00:00,0.555
2026-02-26 11:22:18+00:00,0.555
2026-02-26 11:23:21+00:00,0.555
2026-02-26 11:24:20+00:00,0.555
2026-02-26 11:25:22+00:00,0.555
2026-02-26 11:26:20+00:00,0.555
2026-02-26 11:27:26+00:00,0.555
2026-02-26 11:28:19+00:00,0.555
2026-02-26 11:29:30+00:00,0.555
2026-02-26 11:30:34+00:00,0.555
2026-02-26 11:31:19+00:00,0.555
2026-02-26 11:32:19+00:00,0.555
2026-02-26 11:33:20+00:00,0.555
2026-02-26 11:34:19+00:00,0.555
2026-02-26 11:35:21+00:00,0.555
2026-02-26 11:36:20+00:00,0.555
2026-02-26 11:37:31+00:00,0.555
2026-02-26 11:38:19+00:00,0.555
2026-02-26 11:39:19+00:00,0.555
2026-02-26 11:40:21+00:00,0.555
2026-02-26 11:41:18+00:00,0.555
2026-02-26 11:42:36+00:00,0.555
2026-02-26 11:43:20+00:00,0.555
2026-02-26 11:44:19+00:00,0.555
2026-02-26 11:45:19+00:00,0.55
2026-02-26 11:46:35+00:00,0.55
2026-02-26 11:47:21+00:00,0.55
2026-02-26 11:48:18+00:00,0.55
2026-02-26 11:49:19+00:00,0.55
2026-02-26 11:50:24+00:00,0.55
2026-02-26 11:51:20+00:00,0.55
2026-02-26 11:52:19+00:00,0.55
2026-02-26 11:53:20+00:00,0.55
2026-02-26 11:54:19+00:00,0.55
2026-02-26 11:55:19+00:00,0.55
2026-02-26 11:56:18+00:00,0.55
2026-02-26 11:57:19+00:00,0.55
2026-02-26 11:58:19+00:00,0.55
2026-02-26 11:59:21+00:00,0.55
2026-02-26 12:00:47+00:00,0.55
2026-02-26 12:01:26+00:00,0.55
2026-02-26 12:02:21+00:00,0.55
2026-02-26 12:03:21+00:00,0.55
2026-02-26 12:04:20+00:00,0.55
2026-02-26 12:05:21+00:00,0.55
2026-02-26 12:06:20+00:00,0.55
2026-02-26 12:07:19+00:00,0.55
2026-02-26 12:08:19+00:00,0.55
2026-02-26 12:09:20+00:00,0.55
2026-02-26 12:10:20+00:00,0.555
2026-02-26 12:11:20+00:00,0.555
2026-02-26 12:12:35+00:00,0.555
2026-02-26 12:13:20+00:00,0.555
2026-02-26 12:14:18+00:00,0.56
2026-02-26 12:15:23+00:00,0.56
2026-02-26 12:16:36+00:00,0.56
2026-02-26 12:17:28+00:00,0.56
2026-02-26 12:18:20+00:00,0.56
2026-02-26 12:19:18+00:00,0.56
2026-02-26 12:20:21+00:00,0.56
2026-02-26 12:21:21+00:00,0.56
2026-02-26 12:22:21+00:00,0.555
2026-02-26 12:23:21+00:00,0.555
2026-02-26 12:24:20+00:00,0.555
2026-02-26 12:25:21+00:00,0.555
2026-02-26 12:26:20+00:00,0.555
2026-02-26 12:27:19+00:00,0.555
2026-02-26 12:28:20+00:00,0.555
2026-02-26 12:29:20+00:00,0.555
2026-02-26 12:30:35+00:00,0.555
2026-02-26 12:31:19+00:00,0.555
2026-02-26 12:32:21+00:00,0.555
2026-02-26 12:33:20+00:00,0.555
2026-02-26 12:34:21+00:00,0.555
2026-02-26 12:35:20+00:00,0.555
2026-02-26 12:36:19+00:00,0.555
2026-02-26 12:37:21+00:00,0.555
2026-02-26 12:38:33+00:00,0.555
2026-02-26 12:39:19+00:00,0.555
2026-02-26 12:40:43+00:00,0.555
2026-02-26 12:41:40+00:00,0.555
2026-02-26 12:42:19+00:00,0.56
2026-02-26 12:43:19+00:00,0.555
2026-02-26 12:44:18+00:00,0.555
2026-02-26 12:45:22+00:00,0.555
2026-02-26 12:46:20+00:00,0.555
2026-02-26 12:47:19+00:00,0.555
2026-02-26 12:48:33+00:00,0.555
2026-02-26 12:49:19+00:00,0.555
2026-02-26 12:50:21+00:00,0.555
2026-02-26 12:51:21+00:00,0.555
2026-02-26 12:52:19+00:00,0.555
2026-02-26 12:53:19+00:00,0.555
2026-02-26 12:54:19+00:00,0.555
2026-02-26 12:55:19+00:00,0.555
2026-02-26 12:56:19+00:00,0.555
2026-02-26 12:57:20+00:00,0.555
2026-02-26 12:58:20+00:00,0.555
2026-02-26 12:59:20+00:00,0.555
2026-02-26 13:00:25+00:00,0.555
2026-02-26 13:01:18+00:00,0.555
2026-02-26 13:02:20+00:00,0.555
2026-02-26 13:03:20+00:00,0.545
2026-02-26 13:04:20+00:00,0.545
2026-02-26 13:05:35+00:00,0.545
2026-02-26 13:06:33+00:00,0.545
2026-02-26 13:07:21+00:00,0.545
2026-02-26 13:08:20+00:00,0.545
2026-02-26 13:09:21+00:00,0.545
2026-02-26 13:10:37+00:00,0.545
2026-02-26 13:11:20+00:00,0.545
2026-02-26 13:12:34+00:00,0.545
2026-02-26 13:13:20+00:00,0.545
2026-02-26 13:14:34+00:00,0.545
2026-02-26 13:15:20+00:00,0.545
2026-02-26 13:16:19+00:00,0.56
2026-02-26 13:17:20+00:00,0.56
2026-02-26 13:18:21+00:00,0.56
2026-02-26 13:19:20+00:00,0.56
2026-02-26 13:20:23+00:00,0.56
2026-02-26 13:21:19+00:00,0.56
2026-02-26 13:25:19+00:00,0.56
2026-02-26 13:26:08+00:00,0.56
2026-02-26 13:26:36+00:00,0.56
2026-02-26 13:27:21+00:00,0.56
2026-02-26 13:28:20+00:00,0.565
2026-02-26 13:29:19+00:00,0.565
2026-02-26 13:30:26+00:00,0.565
2026-02-26 13:31:33+00:00,0.565
2026-02-26 13:32:21+00:00,0.565
2026-02-26 13:33:21+00:00,0.565
2026-02-26 13:34:22+00:00,0.565
2026-02-26 13:35:22+00:00,0.565
2026-02-26 13:36:22+00:00,0.565
2026-02-26 13:37:21+00:00,0.565
2026-02-26 13:38:22+00:00,0.565
2026-02-26 13:39:21+00:00,0.565
2026-02-26 13:40:24+00:00,0.565
2026-02-26 13:41:20+00:00,0.565
2026-02-26 13:42:22+00:00,0.565
2026-02-26 13:43:20+00:00,0.565
2026-02-26 13:44:22+00:00,0.565
2026-02-26 13:45:23+00:00,0.565
2026-02-26 13:46:22+00:00,0.565
2026-02-26 13:47:22+00:00,0.57
2026-02-26 13:48:52+00:00,0.57
2026-02-26 13:49:39+00:00,0.57
2026-02-26 13:50:26+00:00,0.57
2026-02-26 13:51:22+00:00,0.57
2026-02-26 13:52:21+00:00,0.57
2026-02-26 13:53:22+00:00,0.57
2026-02-26 13:54:22+00:00,0.57
2026-02-26 13:55:30+00:00,0.57
2026-02-26 13:56:21+00:00,0.57
2026-02-26 13:57:21+00:00,0.57
2026-02-26 13:58:21+00:00,0.57
2026-02-26 13:59:22+00:00,0.57
2026-02-26 14:00:28+00:00,0.57
2026-02-26 14:01:21+00:00,0.57
2026-02-26 14:02:22+00:00,0.57
2026-02-26 14:03:23+00:00,0.57
2026-02-26 14:04:22+00:00,0.57
2026-02-26 14:05:25+00:00,0.57
2026-02-26 14:06:23+00:00,0.57
2026-02-26 14:07:22+00:00,0.57
2026-02-26 14:08:21+00:00,0.57
2026-02-26 14:09:22+00:00,0.57
2026-02-26 14:10:25+00:00,0.57
2026-02-26 14:11:23+00:00,0.57
2026-02-26 14:12:23+00:00,0.57
2026-02-26 14:13:21+00:00,0.57
2026-02-26 14:14:37+00:00,0.57
2026-02-26 14:15:30+00:00,0.57
2026-02-26 14:16:23+00:00,0.57
2026-02-26 14:17:35+00:00,0.57
2026-02-26 14:18:21+00:00,0.57
2026-02-26 14:19:23+00:00,0.57
2026-02-26 14:20:36+00:00,0.57
2026-02-26 14:21:20+00:00,0.57
2026-02-26 14:22:23+00:00,0.57
2026-02-26 14:23:21+00:00,0.57
2026-02-26 14:24:22+00:00,0.575
2026-02-26 14:25:22+00:00,0.575
2026-02-26 14:26:21+00:00,0.575
2026-02-26 14:27:21+00:00,0.575
2026-02-26 14:28:24+00:00,0.575
2026-02-26 14:29:24+00:00,0.575
2026-02-26 14:30:26+00:00,0.575
2026-02-26 14:31:21+00:00,0.575
2026-02-26 14:32:22+00:00,0.575
2026-02-26 14:33:22+00:00,0.575
2026-02-26 14:34:22+00:00,0.575
2026-02-26 14:35:24+00:00,0.575
2026-02-26 14:36:23+00:00,0.575
2026-02-26 14:37:24+00:00,0.575
2026-02-26 14:38:24+00:00,0.575
2026-02-26 14:39:41+00:00,0.575
2026-02-26 14:40:29+00:00,0.575
2026-02-26 14:41:23+00:00,0.575
2026-02-26 14:42:25+00:00,0.575
2026-02-26 14:43:23+00:00,0.575
2026-02-26 14:44:40+00:00,0.575
2026-02-26 14:45:34+00:00,0.575
2026-02-26 14:46:25+00:00,0.575
2026-02-26 14:47:23+00:00,0.575
2026-02-26 14:48:23+00:00,0.575
2026-02-26 14:49:23+00:00,0.575
2026-02-26 14:50:23+00:00,0.575
2026-02-26 14:51:24+00:00,0.575
2026-02-26 14:52:24+00:00,0.575
2026-02-26 14:53:37+00:00,0.575
2026-02-26 14:54:25+00:00,0.575
2026-02-26 14:55:27+00:00,0.575
2026-02-26 14:56:23+00:00,0.57
2026-02-26 14:57:23+00:00,0.57
2026-02-26 14:58:23+00:00,0.57
2026-02-26 14:59:22+00:00,0.57
2026-02-26 15:00:34+00:00,0.57
2026-02-26 15:01:25+00:00,0.57
2026-02-26 15:02:24+00:00,0.57
2026-02-26 15:03:24+00:00,0.57
2026-02-26 15:04:23+00:00,0.57
2026-02-26 15:05:25+00:00,0.57
2026-02-26 15:06:24+00:00,0.57
2026-02-26 15:07:22+00:00,0.57
2026-02-26 15:08:29+00:00,0.57
2026-02-26 15:09:28+00:00,0.57
2026-02-26 15:10:24+00:00,0.57
2026-02-26 15:11:26+00:00,0.57
2026-02-26 15:12:24+00:00,0.57
2026-02-26 15:13:23+00:00,0.57
2026-02-26 15:14:23+00:00,0.57
2026-02-26 15:15:26+00:00,0.57
2026-02-26 15:16:24+00:00,0.57
2026-02-26 15:17:24+00:00,0.57
2026-02-26 15:18:24+00:00,0.57
2026-02-26 15:19:38+00:00,0.57
2026-02-26 15:20:30+00:00,0.565
2026-02-26 15:21:24+00:00,0.565
2026-02-26 15:22:23+00:00,0.565
2026-02-26 15:23:21+00:00,0.565
2026-02-26 15:25:42+00:00,0.565
2026-02-26 15:26:12+00:00,0.565
2026-02-26 15:26:42+00:00,0.565
2026-02-26 15:27:25+00:00,0.565
2026-02-26 15:28:23+00:00,0.565
2026-02-26 15:29:23+00:00,0.555
2026-02-26 15:30:28+00:00,0.555
2026-02-26 15:31:23+00:00,0.555
2026-02-26 15:32:22+00:00,0.555
2026-02-26 15:33:24+00:00,0.55
2026-02-26 15:34:24+00:00,0.57
2026-02-26 15:35:23+00:00,0.57
2026-02-26 15:36:23+00:00,0.56
2026-02-26 15:37:23+00:00,0.56
2026-02-26 15:38:22+00:00,0.56
2026-02-26 15:39:22+00:00,0.56
2026-02-26 15:40:23+00:00,0.56
2026-02-26 15:41:22+00:00,0.56
2026-02-26 15:42:22+00:00,0.56
2026-02-26 15:43:23+00:00,0.56
2026-02-26 15:44:22+00:00,0.56
2026-02-26 15:45:41+00:00,0.56
2026-02-26 15:46:32+00:00,0.56
2026-02-26 15:47:24+00:00,0.56
2026-02-26 15:48:26+00:00,0.56
2026-02-26 15:49:24+00:00,0.56
2026-02-26 15:50:25+00:00,0.56
2026-02-26 15:51:22+00:00,0.56
2026-02-26 15:52:25+00:00,0.56
2026-02-26 15:53:23+00:00,0.56
2026-02-26 15:54:24+00:00,0.56
2026-02-26 15:55:24+00:00,0.57
2026-02-26 15:56:23+00:00,0.57
2026-02-26 15:57:23+00:00,0.57
2026-02-26 15:58:34+00:00,0.57
2026-02-26 15:59:21+00:00,0.57
2026-02-26 16:00:43+00:00,0.57
2026-02-26 16:01:24+00:00,0.57
2026-02-26 16:02:25+00:00,0.57
2026-02-26 16:03:23+00:00,0.57
2026-02-26 16:04:24+00:00,0.57
2026-02-26 16:05:24+00:00,0.57
2026-02-26 16:06:39+00:00,0.57
2026-02-26 16:07:23+00:00,0.57
2026-02-26 16:10:30+00:00,0.57
2026-02-26 16:11:18+00:00,0.57
2026-02-26 16:12:05+00:00,0.57
2026-02-26 16:12:36+00:00,0.57
2026-02-26 16:13:22+00:00,0.57
2026-02-26 16:14:24+00:00,0.57
2026-02-26 16:15:27+00:00,0.57
2026-02-26 16:16:21+00:00,0.57
2026-02-26 16:17:22+00:00,0.57
2026-02-26 16:18:21+00:00,0.57
2026-02-26 16:19:22+00:00,0.57
2026-02-26 16:20:23+00:00,0.57
2026-02-26 16:21:22+00:00,0.57
2026-02-26 16:22:28+00:00,0.57
2026-02-26 16:23:23+00:00,0.57
2026-02-26 16:24:22+00:00,0.57
2026-02-26 16:25:36+00:00,0.57
2026-02-26 16:26:21+00:00,0.57
2026-02-26 16:27:21+00:00,0.57
2026-02-26 16:28:21+00:00,0.57
2026-02-26 16:29:21+00:00,0.57
2026-02-26 16:30:27+00:00,0.57
2026-02-26 16:31:21+00:00,0.57
2026-02-26 16:32:23+00:00,0.57
2026-02-26 16:33:23+00:00,0.57
2026-02-26 16:34:22+00:00,0.57
2026-02-26 16:35:41+00:00,0.57
2026-02-26 16:36:32+00:00,0.57
2026-02-26 16:37:21+00:00,0.57
2026-02-26 16:38:23+00:00,0.57
2026-02-26 16:39:23+00:00,0.57
2026-02-26 16:40:34+00:00,0.57
2026-02-26 16:41:21+00:00,0.57
2026-02-26 16:42:22+00:00,0.57
2026-02-26 16:43:21+00:00,0.57
2026-02-26 16:44:21+00:00,0.57
2026-02-26 16:45:23+00:00,0.57
2026-02-26 16:46:21+00:00,0.57
2026-02-26 16:47:22+00:00,0.57
2026-02-26 16:48:37+00:00,0.57
2026-02-26 16:49:21+00:00,0.575
2026-02-26 16:50:24+00:00,0.57
2026-02-26 16:51:21+00:00,0.57
2026-02-26 16:52:21+00:00,0.57
2026-02-26 16:53:20+00:00,0.57
2026-02-26 16:54:21+00:00,0.57
2026-02-26 16:55:34+00:00,0.57
2026-02-26 16:56:23+00:00,0.57
2026-02-26 16:57:22+00:00,0.57
2026-02-26 16:58:20+00:00,0.565
2026-02-26 16:59:23+00:00,0.565
2026-02-26 17:00:31+00:00,0.565
2026-02-26 17:01:41+00:00,0.565
2026-02-26 17:02:31+00:00,0.565
2026-02-26 17:03:22+00:00,0.565
2026-02-26 17:04:25+00:00,0.565
2026-02-26 17:05:30+00:00,0.565
2026-02-26 17:06:23+00:00,0.565
2026-02-26 17:07:24+00:00,0.565
2026-02-26 17:08:22+00:00,0.565
2026-02-26 17:09:24+00:00,0.565
2026-02-26 17:10:25+00:00,0.565
2026-02-26 17:11:38+00:00,0.565
2026-02-26 17:12:32+00:00,0.565
2026-02-26 17:13:22+00:00,0.565
2026-02-26 17:14:23+00:00,0.565
2026-02-26 17:15:23+00:00,0.565
2026-02-26 17:16:23+00:00,0.565
2026-02-26 17:17:24+00:00,0.565
2026-02-26 17:18:24+00:00,0.565
2026-02-26 17:19:23+00:00,0.565
2026-02-26 17:20:24+00:00,0.565
2026-02-26 17:21:24+00:00,0.565
2026-02-26 17:22:24+00:00,0.565
2026-02-26 17:23:24+00:00,0.565
2026-02-26 17:24:24+00:00,0.565
2026-02-26 17:25:24+00:00,0.565
2026-02-26 17:26:23+00:00,0.565
2026-02-26 17:27:40+00:00,0.565
2026-02-26 17:28:30+00:00,0.565
2026-02-26 17:29:23+00:00,0.565
2026-02-26 17:30:31+00:00,0.565
2026-02-26 17:31:24+00:00,0.565
2026-02-26 17:32:24+00:00,0.565
2026-02-26 17:33:22+00:00,0.565
2026-02-26 17:34:35+00:00,0.565
2026-02-26 17:35:32+00:00,0.565
2026-02-26 17:36:30+00:00,0.565
2026-02-26 17:37:23+00:00,0.565
2026-02-26 17:38:23+00:00,0.565
2026-02-26 17:39:23+00:00,0.565
2026-02-26 17:40:39+00:00,0.565
2026-02-26 17:41:28+00:00,0.565
2026-02-26 17:42:23+00:00,0.565
2026-02-26 17:43:21+00:00,0.565
2026-02-26 17:44:24+00:00,0.565
2026-02-26 17:45:25+00:00,0.565
2026-02-26 17:46:25+00:00,0.565
2026-02-26 17:47:24+00:00,0.565
2026-02-26 17:48:23+00:00,0.565
2026-02-26 17:49:23+00:00,0.565
2026-02-26 17:50:23+00:00,0.565
2026-02-26 17:51:38+00:00,0.565
2026-02-26 17:52:22+00:00,0.565
2026-02-26 17:53:21+00:00,0.565
2026-02-26 17:54:35+00:00,0.565
2026-02-26 17:55:26+00:00,0.565
2026-02-26 17:56:23+00:00,0.565
2026-02-26 17:57:22+00:00,0.565
2026-02-26 17:58:23+00:00,0.565
2026-02-26 17:59:23+00:00,0.565
2026-02-26 18:00:40+00:00,0.565
2026-02-26 18:01:27+00:00,0.565
2026-02-26 18:02:23+00:00,0.565
2026-02-26 18:03:23+00:00,0.565
2026-02-26 18:04:23+00:00,0.565
2026-02-26 18:05:24+00:00,0.565
2026-02-26 18:06:23+00:00,0.565
2026-02-26 18:07:38+00:00,0.565
2026-02-26 18:08:22+00:00,0.565
2026-02-26 18:09:33+00:00,0.565
2026-02-26 18:10:40+00:00,0.565
2026-02-26 18:11:24+00:00,0.565
2026-02-26 18:12:21+00:00,0.565
2026-02-26 18:13:23+00:00,0.565
2026-02-26 18:14:22+00:00,0.565
2026-02-26 18:15:24+00:00,0.565
2026-02-26 18:16:24+00:00,0.565
2026-02-26 18:17:23+00:00,0.565
2026-02-26 18:18:22+00:00,0.565
2026-02-26 18:19:24+00:00,0.565
2026-02-26 18:20:41+00:00,0.565
2026-02-26 18:21:36+00:00,0.565
2026-02-26 18:22:22+00:00,0.565
2026-02-26 18:23:23+00:00,0.565
2026-02-26 18:24:22+00:00,0.565
2026-02-26 18:25:23+00:00,0.565
2026-02-26 18:26:24+00:00,0.565
2026-02-26 18:27:21+00:00,0.565
2026-02-26 18:28:22+00:00,0.565
2026-02-26 18:29:21+00:00,0.565
2026-02-26 18:30:27+00:00,0.565
2026-02-26 18:31:24+00:00,0.565
2026-02-26 18:32:22+00:00,0.565
2026-02-26 18:33:20+00:00,0.565
2026-02-26 18:34:22+00:00,0.565
2026-02-26 18:35:23+00:00,0.565
2026-02-26 18:36:23+00:00,0.565
2026-02-26 18:37:23+00:00,0.565
2026-02-26 18:38:24+00:00,0.56
2026-02-26 18:39:34+00:00,0.56
2026-02-26 18:40:24+00:00,0.56
2026-02-26 18:41:23+00:00,0.56
2026-02-26 18:42:23+00:00,0.56
2026-02-26 18:43:22+00:00,0.56
2026-02-26 18:44:26+00:00,0.56
2026-02-26 18:45:24+00:00,0.56
2026-02-26 18:46:38+00:00,0.56
2026-02-26 18:47:28+00:00,0.56
2026-02-26 18:48:31+00:00,0.56
2026-02-26 18:49:23+00:00,0.56
2026-02-26 18:50:27+00:00,0.56
2026-02-26 18:51:23+00:00,0.56
2026-02-26 18:52:23+00:00,0.56
2026-02-26 18:53:23+00:00,0.56
2026-02-26 18:54:24+00:00,0.56
2026-02-26 18:55:22+00:00,0.56
2026-02-26 18:56:22+00:00,0.56
2026-02-26 18:57:23+00:00,0.56
2026-02-26 18:58:24+00:00,0.56
2026-02-26 18:59:24+00:00,0.56
2026-02-26 19:00:29+00:00,0.56
2026-02-26 19:01:25+00:00,0.56
2026-02-26 19:02:24+00:00,0.56
2026-02-26 19:03:39+00:00,0.56
2026-02-26 19:04:27+00:00,0.56
2026-02-26 19:05:27+00:00,0.56
2026-02-26 19:06:34+00:00,0.56
2026-02-26 19:07:24+00:00,0.56
2026-02-26 19:08:23+00:00,0.56
2026-02-26 19:09:23+00:00,0.56
2026-02-26 19:10:24+00:00,0.56
2026-02-26 19:11:22+00:00,0.56
2026-02-26 19:12:23+00:00,0.56
2026-02-26 19:13:24+00:00,0.56
2026-02-26 19:14:21+00:00,0.56
2026-02-26 19:15:25+00:00,0.56
2026-02-26 19:16:23+00:00,0.56
2026-02-26 19:17:22+00:00,0.56
2026-02-26 19:18:24+00:00,0.56
2026-02-26 19:19:23+00:00,0.56
2026-02-26 19:20:24+00:00,0.56
2026-02-26 19:21:22+00:00,0.56
2026-02-26 19:22:35+00:00,0.56
2026-02-26 19:23:23+00:00,0.56
2026-02-26 19:24:23+00:00,0.56
2026-02-26 19:25:24+00:00,0.56
2026-02-26 19:26:22+00:00,0.56
2026-02-26 19:27:22+00:00,0.56
2026-02-26 19:28:21+00:00,0.56
2026-02-26 19:29:38+00:00,0.56
2026-02-26 19:30:39+00:00,0.56
2026-02-26 19:31:21+00:00,0.56
2026-02-26 19:32:23+00:00,0.56
2026-02-26 19:33:22+00:00,0.56
2026-02-26 19:34:22+00:00,0.56
2026-02-26 19:35:24+00:00,0.56
2026-02-26 19:36:22+00:00,0.56
2026-02-26 19:37:37+00:00,0.56
2026-02-26 19:38:28+00:00,0.56
2026-02-26 19:39:23+00:00,0.56
2026-02-26 19:40:24+00:00,0.56
2026-02-26 19:41:21+00:00,0.56
2026-02-26 19:42:22+00:00,0.56
2026-02-26 19:43:21+00:00,0.565
2026-02-26 19:44:22+00:00,0.565
2026-02-26 19:45:23+00:00,0.565
2026-02-26 19:46:20+00:00,0.565
2026-02-26 19:47:22+00:00,0.565
2026-02-26 19:48:22+00:00,0.565
2026-02-26 19:49:21+00:00,0.565
2026-02-26 19:50:25+00:00,0.565
2026-02-26 19:51:35+00:00,0.565
2026-02-26 19:52:23+00:00,0.565
2026-02-26 19:53:25+00:00,0.565
2026-02-26 19:54:23+00:00,0.565
2026-02-26 19:55:43+00:00,0.565
2026-02-26 19:56:35+00:00,0.565
2026-02-26 19:57:22+00:00,0.565
2026-02-26 19:58:23+00:00,0.565
2026-02-26 19:59:24+00:00,0.565
2026-02-26 20:00:28+00:00,0.565
2026-02-26 20:01:46+00:00,0.565
2026-02-26 20:02:45+00:00,0.565
2026-02-26 20:03:21+00:00,0.565
2026-02-26 20:04:22+00:00,0.565
2026-02-26 20:05:28+00:00,0.565
2026-02-26 20:06:22+00:00,0.56
2026-02-26 20:07:25+00:00,0.56
2026-02-26 20:08:22+00:00,0.56
2026-02-26 20:09:24+00:00,0.56
2026-02-26 20:10:36+00:00,0.56
2026-02-26 20:11:24+00:00,0.56
2026-02-26 20:12:34+00:00,0.56
2026-02-26 20:13:23+00:00,0.56
2026-02-26 20:14:23+00:00,0.56
2026-02-26 20:15:24+00:00,0.56
2026-02-26 20:16:23+00:00,0.56
2026-02-26 20:17:22+00:00,0.56
2026-02-26 20:18:23+00:00,0.56
2026-02-26 20:19:23+00:00,0.56
2026-02-26 20:20:24+00:00,0.56
2026-02-26 20:21:22+00:00,0.56
2026-02-26 20:22:22+00:00,0.56
2026-02-26 20:23:24+00:00,0.56
2026-02-26 20:24:23+00:00,0.56
2026-02-26 20:25:22+00:00,0.56
2026-02-26 20:26:20+00:00,0.56
2026-02-26 20:27:35+00:00,0.56
2026-02-26 20:28:21+00:00,0.56
2026-02-26 20:29:24+00:00,0.56
2026-02-26 20:30:30+00:00,0.56
2026-02-26 20:31:23+00:00,0.56
2026-02-26 20:32:22+00:00,0.56
2026-02-26 20:33:23+00:00,0.56
2026-02-26 20:34:23+00:00,0.56
2026-02-26 20:35:22+00:00,0.56
2026-02-26 20:36:22+00:00,0.56
2026-02-26 20:37:23+00:00,0.56
2026-02-26 20:38:22+00:00,0.56
2026-02-26 20:39:21+00:00,0.56
2026-02-26 20:40:23+00:00,0.56
2026-02-26 20:41:21+00:00,0.56
2026-02-26 20:42:21+00:00,0.56
2026-02-26 20:43:21+00:00,0.56
2026-02-26 20:44:22+00:00,0.56
2026-02-26 20:45:24+00:00,0.56
2026-02-26 20:46:39+00:00,0.56
2026-02-26 20:47:27+00:00,0.56
2026-02-26 20:48:24+00:00,0.56
2026-02-26 20:49:21+00:00,0.56
2026-02-26 20:50:28+00:00,0.56
2026-02-26 20:51:22+00:00,0.56
2026-02-26 20:52:21+00:00,0.56
2026-02-26 20:53:22+00:00,0.56
2026-02-26 20:54:22+00:00,0.56
2026-02-26 20:55:23+00:00,0.56
2026-02-26 20:56:21+00:00,0.56
2026-02-26 20:57:22+00:00,0.56
2026-02-26 20:58:23+00:00,0.56
2026-02-26 20:59:23+00:00,0.56
2026-02-26 21:00:32+00:00,0.56
2026-02-26 21:01:22+00:00,0.56
2026-02-26 21:02:22+00:00,0.56
2026-02-26 21:03:22+00:00,0.56
2026-02-26 21:04:23+00:00,0.56
2026-02-26 21:05:23+00:00,0.56
2026-02-26 21:06:23+00:00,0.56
2026-02-26 21:07:24+00:00,0.56
2026-02-26 21:08:22+00:00,0.56
2026-02-26 21:09:22+00:00,0.56
2026-02-26 21:10:23+00:00,0.56
2026-02-26 21:11:20+00:00,0.56
2026-02-26 21:12:37+00:00,0.56
2026-02-26 21:13:24+00:00,0.56
2026-02-26 21:14:30+00:00,0.56
2026-02-26 21:15:25+00:00,0.56
2026-02-26 21:16:24+00:00,0.56
2026-02-26 21:17:21+00:00,0.56
2026-02-26 21:18:22+00:00,0.56
2026-02-26 21:19:21+00:00,0.56
2026-02-26 21:20:42+00:00,0.56
2026-02-26 21:21:34+00:00,0.56
2026-02-26 21:22:34+00:00,0.56
2026-02-26 21:23:21+00:00,0.56
2026-02-26 21:24:22+00:00,0.56
2026-02-26 21:25:35+00:00,0.56
2026-02-26 21:26:20+00:00,0.56
2026-02-26 21:27:23+00:00,0.56
2026-02-26 21:28:23+00:00,0.56
2026-02-26 21:29:21+00:00,0.56
2026-02-26 21:30:28+00:00,0.56
2026-02-26 21:31:23+00:00,0.56
2026-02-26 21:32:21+00:00,0.56
2026-02-26 21:33:20+00:00,0.56
2026-02-26 21:34:33+00:00,0.56
2026-02-26 21:35:22+00:00,0.56
2026-02-26 21:36:21+00:00,0.56
2026-02-26 21:37:23+00:00,0.56
2026-02-26 21:38:21+00:00,0.56
2026-02-26 21:39:23+00:00,0.56
2026-02-26 21:40:24+00:00,0.565
2026-02-26 21:41:22+00:00,0.565
2026-02-26 21:42:22+00:00,0.565
2026-02-26 21:43:22+00:00,0.565
2026-02-26 21:44:20+00:00,0.565
2026-02-26 21:45:21+00:00,0.565
2026-02-26 21:46:38+00:00,0.565
2026-02-26 21:47:29+00:00,0.565
2026-02-26 21:48:21+00:00,0.565
2026-02-26 21:49:22+00:00,0.565
2026-02-26 21:50:26+00:00,0.565
2026-02-26 21:51:21+00:00,0.565
2026-02-26 21:52:37+00:00,0.565
2026-02-26 21:53:20+00:00,0.565
2026-02-26 21:54:22+00:00,0.565
2026-02-26 21:55:23+00:00,0.565
2026-02-26 21:56:20+00:00,0.565
2026-02-26 21:57:20+00:00,0.565
2026-02-26 21:58:20+00:00,0.565
2026-02-26 21:59:21+00:00,0.56
2026-02-26 22:00:27+00:00,0.56
2026-02-26 22:01:35+00:00,0.56
2026-02-26 22:02:20+00:00,0.56
2026-02-26 22:03:35+00:00,0.56
2026-02-26 22:04:26+00:00,0.56
2026-02-26 22:05:22+00:00,0.56
2026-02-26 22:06:21+00:00,0.56
2026-02-26 22:07:20+00:00,0.56
2026-02-26 22:08:23+00:00,0.56
2026-02-26 22:09:21+00:00,0.56
2026-02-26 22:10:23+00:00,0.56
2026-02-26 22:11:36+00:00,0.56
2026-02-26 22:12:22+00:00,0.56
2026-02-26 22:13:22+00:00,0.56
2026-02-26 22:14:21+00:00,0.56
2026-02-26 22:15:27+00:00,0.56
2026-02-26 22:16:21+00:00,0.56
2026-02-26 22:17:21+00:00,0.56
2026-02-26 22:18:21+00:00,0.56
2026-02-26 22:19:22+00:00,0.56
2026-02-26 22:20:25+00:00,0.56
2026-02-26 22:21:21+00:00,0.56
2026-02-26 22:22:21+00:00,0.56
2026-02-26 22:23:21+00:00,0.56
2026-02-26 22:24:23+00:00,0.56
2026-02-26 22:25:24+00:00,0.56
2026-02-26 22:26:21+00:00,0.56
2026-02-26 22:27:27+00:00,0.56
2026-02-26 22:28:29+00:00,0.56
2026-02-26 22:29:22+00:00,0.56
2026-02-26 22:30:26+00:00,0.56
2026-02-26 22:31:22+00:00,0.56
2026-02-26 22:32:22+00:00,0.56
2026-02-26 22:33:22+00:00,0.56
2026-02-26 22:34:21+00:00,0.56
2026-02-26 22:35:21+00:00,0.56
2026-02-26 22:36:21+00:00,0.56
2026-02-26 22:37:36+00:00,0.56
2026-02-26 22:38:33+00:00,0.56
2026-02-26 22:39:21+00:00,0.56
2026-02-26 22:40:29+00:00,0.56
2026-02-26 22:41:22+00:00,0.56
2026-02-26 22:42:22+00:00,0.56
2026-02-26 22:43:22+00:00,0.56
2026-02-26 22:44:21+00:00,0.56
2026-02-26 22:45:23+00:00,0.56
2026-02-26 22:46:21+00:00,0.56
2026-02-26 22:47:22+00:00,0.56
2026-02-26 22:48:22+00:00,0.56
2026-02-26 22:49:23+00:00,0.56
2026-02-26 22:50:25+00:00,0.56
2026-02-26 22:51:23+00:00,0.56
2026-02-26 22:52:22+00:00,0.56
2026-02-26 22:53:21+00:00,0.56
2026-02-26 22:54:22+00:00,0.56
2026-02-26 22:55:23+00:00,0.56
2026-02-26 22:56:22+00:00,0.56
2026-02-26 22:57:20+00:00,0.56
2026-02-26 22:58:23+00:00,0.56
2026-02-26 22:59:21+00:00,0.56
2026-02-26 23:00:27+00:00,0.56
2026-02-26 23:01:22+00:00,0.56
2026-02-26 23:02:23+00:00,0.56
2026-02-26 23:03:36+00:00,0.56
2026-02-26 23:04:23+00:00,0.56
2026-02-26 23:05:28+00:00,0.56
2026-02-26 23:06:22+00:00,0.56
2026-02-26 23:07:22+00:00,0.56
2026-02-26 23:08:21+00:00,0.565
2026-02-26 23:09:22+00:00,0.565
2026-02-26 23:10:22+00:00,0.565
2026-02-26 23:11:22+00:00,0.565
2026-02-26 23:12:21+00:00,0.565
2026-02-26 23:13:21+00:00,0.565
2026-02-26 23:14:22+00:00,0.565
2026-02-26 23:15:22+00:00,0.565
2026-02-26 23:16:21+00:00,0.565
2026-02-26 23:17:34+00:00,0.565
2026-02-26 23:18:21+00:00,0.565
2026-02-26 23:19:37+00:00,0.565
2026-02-26 23:20:28+00:00,0.565
2026-02-26 23:21:21+00:00,0.565
2026-02-26 23:22:20+00:00,0.565
2026-02-26 23:23:21+00:00,0.565
2026-02-26 23:24:22+00:00,0.565
2026-02-26 23:25:22+00:00,0.565
2026-02-26 23:26:22+00:00,0.565
2026-02-26 23:27:23+00:00,0.565
2026-02-26 23:28:21+00:00,0.565
2026-02-26 23:29:23+00:00,0.565
2026-02-26 23:30:26+00:00,0.565
2026-02-26 23:31:22+00:00,0.565
2026-02-26 23:32:21+00:00,0.565
2026-02-26 23:33:21+00:00,0.565
2026-02-26 23:34:20+00:00,0.565
2026-02-26 23:35:22+00:00,0.565
2026-02-26 23:36:34+00:00,0.565
2026-02-26 23:37:38+00:00,0.565
2026-02-26 23:38:21+00:00,0.565
2026-02-26 23:39:22+00:00,0.565
2026-02-26 23:40:28+00:00,0.565
2026-02-26 23:41:21+00:00,0.565
2026-02-26 23:42:22+00:00,0.565
2026-02-26 23:43:22+00:00,0.565
2026-02-26 23:44:22+00:00,0.565
2026-02-26 23:45:42+00:00,0.565
2026-02-26 23:46:33+00:00,0.565
2026-02-26 23:47:22+00:00,0.565
2026-02-26 23:48:21+00:00,0.565
2026-02-26 23:49:22+00:00,0.565
2026-02-26 23:50:24+00:00,0.565
2026-02-26 23:51:22+00:00,0.565
2026-02-26 23:52:22+00:00,0.565
2026-02-26 23:53:21+00:00,0.565
2026-02-26 23:54:23+00:00,0.565
2026-02-26 23:55:22+00:00,0.565
2026-02-26 23:56:21+00:00,0.565
2026-02-26 23:57:21+00:00,0.565
2026-02-26 23:58:21+00:00,0.565
2026-02-26 23:59:21+00:00,0.565
2026-02-27 00:00:38+00:00,0.565
2026-02-27 00:01:23+00:00,0.565
2026-02-27 00:02:20+00:00,0.565
2026-02-27 00:03:21+00:00,0.565
2026-02-27 00:04:21+00:00,0.565
2026-02-27 00:05:22+00:00,0.565
2026-02-27 00:06:23+00:00,0.565
2026-02-27 00:07:23+00:00,0.565
2026-02-27 00:08:21+00:00,0.565
2026-02-27 00:09:22+00:00,0.565
2026-02-27 00:10:22+00:00,0.565
2026-02-27 00:11:31+00:00,0.565
2026-02-27 00:12:21+00:00,0.565
2026-02-27 00:13:23+00:00,0.565
2026-02-27 00:14:21+00:00,0.565
2026-02-27 00:15:26+00:00,0.565
2026-02-27 00:16:22+00:00,0.565
2026-02-27 00:17:23+00:00,0.565
2026-02-27 00:18:24+00:00,0.565
2026-02-27 00:19:24+00:00,0.565
2026-02-27 00:20:23+00:00,0.565
2026-02-27 00:21:24+00:00,0.565
2026-02-27 00:22:21+00:00,0.565
2026-02-27 00:23:22+00:00,0.565
2026-02-27 00:24:22+00:00,0.565
2026-02-27 00:25:22+00:00,0.565
2026-02-27 00:26:23+00:00,0.565
2026-02-27 00:27:21+00:00,0.565
2026-02-27 00:28:23+00:00,0.565
2026-02-27 00:29:29+00:00,0.565
2026-02-27 00:30:27+00:00,0.565
2026-02-27 00:31:21+00:00,0.565
2026-02-27 00:32:23+00:00,0.565
2026-02-27 00:33:22+00:00,0.565
2026-02-27 00:34:24+00:00,0.565
2026-02-27 00:35:22+00:00,0.565
2026-02-27 00:36:23+00:00,0.565
2026-02-27 00:37:32+00:00,0.565
2026-02-27 00:38:21+00:00,0.565
2026-02-27 00:39:20+00:00,0.565
2026-02-27 00:40:25+00:00,0.565
2026-02-27 00:41:22+00:00,0.565
2026-02-27 00:42:23+00:00,0.565
2026-02-27 00:43:23+00:00,0.565
2026-02-27 00:44:23+00:00,0.565
2026-02-27 00:45:24+00:00,0.565
2026-02-27 00:46:23+00:00,0.565
2026-02-27 00:47:22+00:00,0.565
2026-02-27 00:48:22+00:00,0.565
2026-02-27 00:49:22+00:00,0.56
2026-02-27 00:50:24+00:00,0.56
2026-02-27 00:51:23+00:00,0.56
2026-02-27 00:52:23+00:00,0.56
2026-02-27 00:53:25+00:00,0.56
2026-02-27 00:54:28+00:00,0.56
2026-02-27 00:55:22+00:00,0.56
2026-02-27 00:56:22+00:00,0.56
2026-02-27 00:57:21+00:00,0.56
2026-02-27 00:58:22+00:00,0.56
2026-02-27 00:59:22+00:00,0.56
2026-02-27 01:00:27+00:00,0.56
2026-02-27 01:01:33+00:00,0.56
2026-02-27 01:02:22+00:00,0.56
2026-02-27 01:03:23+00:00,0.56
2026-02-27 01:04:23+00:00,0.56
2026-02-27 01:05:28+00:00,0.56
2026-02-27 01:06:21+00:00,0.56
2026-02-27 01:07:22+00:00,0.56
2026-02-27 01:08:23+00:00,0.56
2026-02-27 01:09:23+00:00,0.56
2026-02-27 01:10:23+00:00,0.56
2026-02-27 01:11:21+00:00,0.56
2026-02-27 01:12:22+00:00,0.56
2026-02-27 01:13:22+00:00,0.56
2026-02-27 01:14:22+00:00,0.56
2026-02-27 01:15:24+00:00,0.56
2026-02-27 01:16:23+00:00,0.56
2026-02-27 01:17:24+00:00,0.56
2026-02-27 01:18:23+00:00,0.56
2026-02-27 01:19:22+00:00,0.56
2026-02-27 01:20:23+00:00,0.56
2026-02-27 01:21:21+00:00,0.56
2026-02-27 01:22:23+00:00,0.56
2026-02-27 01:23:22+00:00,0.56
2026-02-27 01:24:23+00:00,0.56
2026-02-27 01:25:35+00:00,0.56
2026-02-27 01:26:23+00:00,0.56
2026-02-27 01:27:23+00:00,0.56
2026-02-27 01:28:24+00:00,0.56
2026-02-27 01:29:24+00:00,0.56
2026-02-27 01:30:26+00:00,0.56
2026-02-27 01:31:22+00:00,0.56
2026-02-27 01:32:23+00:00,0.56
2026-02-27 01:33:21+00:00,0.56
2026-02-27 01:34:23+00:00,0.56
2026-02-27 01:35:22+00:00,0.56
2026-02-27 01:36:37+00:00,0.56
2026-02-27 01:37:22+00:00,0.56
2026-02-27 01:38:24+00:00,0.56
2026-02-27 01:39:23+00:00,0.56
2026-02-27 01:40:23+00:00,0.56
2026-02-27 01:41:21+00:00,0.56
2026-02-27 01:42:22+00:00,0.56
2026-02-27 01:43:22+00:00,0.56
2026-02-27 01:44:22+00:00,0.56
2026-02-27 01:45:37+00:00,0.56
2026-02-27 01:46:23+00:00,0.56
2026-02-27 01:47:24+00:00,0.56
2026-02-27 01:48:23+00:00,0.56
2026-02-27 01:49:24+00:00,0.56
2026-02-27 01:50:24+00:00,0.56
2026-02-27 01:51:35+00:00,0.56
2026-02-27 01:52:22+00:00,0.56
2026-02-27 01:53:22+00:00,0.56
2026-02-27 01:54:24+00:00,0.56
2026-02-27 01:55:27+00:00,0.56
2026-02-27 01:56:20+00:00,0.56
2026-02-27 01:57:22+00:00,0.56
2026-02-27 01:58:22+00:00,0.56
2026-02-27 01:59:22+00:00,0.56
2026-02-27 02:00:27+00:00,0.56
2026-02-27 02:01:32+00:00,0.56
2026-02-27 02:02:21+00:00,0.56
2026-02-27 02:03:22+00:00,0.56
2026-02-27 02:04:22+00:00,0.56
2026-02-27 02:05:23+00:00,0.56
2026-02-27 02:06:24+00:00,0.56
2026-02-27 02:07:24+00:00,0.56
2026-02-27 02:08:21+00:00,0.56
2026-02-27 02:09:22+00:00,0.56
2026-02-27 02:10:23+00:00,0.56
2026-02-27 02:11:22+00:00,0.56
2026-02-27 02:12:21+00:00,0.56
2026-02-27 02:13:24+00:00,0.56
2026-02-27 02:14:21+00:00,0.56
2026-02-27 02:15:24+00:00,0.56
2026-02-27 02:16:30+00:00,0.56
2026-02-27 02:17:26+00:00,0.56
2026-02-27 02:18:22+00:00,0.56
2026-02-27 02:19:21+00:00,0.56
2026-02-27 02:20:27+00:00,0.56
2026-02-27 02:21:22+00:00,0.56
2026-02-27 02:22:20+00:00,0.56
2026-02-27 02:23:23+00:00,0.56
2026-02-27 02:24:22+00:00,0.56
2026-02-27 02:25:23+00:00,0.56
2026-02-27 02:26:21+00:00,0.56
2026-02-27 02:27:23+00:00,0.56
2026-02-27 02:28:39+00:00,0.56
2026-02-27 02:29:22+00:00,0.56
2026-02-27 02:30:29+00:00,0.56
2026-02-27 02:31:22+00:00,0.56
2026-02-27 02:32:21+00:00,0.56
2026-02-27 02:33:21+00:00,0.56
2026-02-27 02:34:22+00:00,0.56
2026-02-27 02:35:23+00:00,0.56
2026-02-27 02:36:21+00:00,0.56
2026-02-27 02:37:21+00:00,0.56
2026-02-27 02:38:20+00:00,0.56
2026-02-27 02:39:22+00:00,0.56
2026-02-27 02:40:24+00:00,0.56
2026-02-27 02:41:37+00:00,0.56
2026-02-27 02:42:31+00:00,0.56
2026-02-27 02:43:27+00:00,0.56
2026-02-27 02:44:23+00:00,0.56
2026-02-27 02:45:26+00:00,0.56
2026-02-27 02:46:21+00:00,0.56
2026-02-27 02:47:21+00:00,0.56
2026-02-27 02:48:23+00:00,0.56
2026-02-27 02:49:24+00:00,0.56
2026-02-27 02:50:22+00:00,0.56
2026-02-27 02:51:22+00:00,0.56
2026-02-27 02:52:21+00:00,0.56
2026-02-27 02:53:22+00:00,0.56
2026-02-27 02:54:22+00:00,0.56
2026-02-27 02:55:31+00:00,0.56
2026-02-27 02:56:20+00:00,0.56
2026-02-27 02:57:21+00:00,0.56
2026-02-27 02:58:23+00:00,0.56
2026-02-27 02:59:23+00:00,0.56
2026-02-27 03:00:31+00:00,0.56
2026-02-27 03:01:21+00:00,0.56
2026-02-27 03:02:23+00:00,0.56
2026-02-27 03:03:22+00:00,0.56
2026-02-27 03:04:21+00:00,0.56
2026-02-27 03:05:23+00:00,0.56
2026-02-27 03:06:22+00:00,0.56
2026-02-27 03:07:22+00:00,0.56
2026-02-27 03:08:30+00:00,0.56
2026-02-27 03:09:29+00:00,0.56
2026-02-27 03:10:26+00:00,0.56
2026-02-27 03:11:21+00:00,0.56
2026-02-27 03:12:21+00:00,0.56
2026-02-27 03:13:21+00:00,0.56
2026-02-27 03:14:23+00:00,0.56
2026-02-27 03:15:26+00:00,0.56
2026-02-27 03:16:20+00:00,0.56
2026-02-27 03:17:23+00:00,0.56
2026-02-27 03:18:21+00:00,0.56
2026-02-27 03:19:24+00:00,0.56
2026-02-27 03:20:28+00:00,0.56
2026-02-27 03:21:22+00:00,0.56
2026-02-27 03:22:22+00:00,0.56
2026-02-27 03:23:22+00:00,0.56
2026-02-27 03:24:22+00:00,0.56
2026-02-27 03:25:22+00:00,0.56
2026-02-27 03:26:22+00:00,0.56
2026-02-27 03:27:23+00:00,0.56
2026-02-27 03:28:35+00:00,0.56
2026-02-27 03:29:22+00:00,0.56
2026-02-27 03:30:29+00:00,0.56
2026-02-27 03:31:21+00:00,0.56
2026-02-27 03:32:22+00:00,0.56
2026-02-27 03:33:22+00:00,0.56
2026-02-27 03:34:21+00:00,0.56
2026-02-27 03:35:24+00:00,0.56
2026-02-27 03:36:23+00:00,0.56
2026-02-27 03:37:20+00:00,0.56
2026-02-27 03:38:22+00:00,0.56
2026-02-27 03:39:36+00:00,0.56
2026-02-27 03:40:24+00:00,0.56
2026-02-27 03:41:21+00:00,0.56
2026-02-27 03:42:22+00:00,0.56
2026-02-27 03:43:22+00:00,0.56
2026-02-27 03:44:23+00:00,0.56
2026-02-27 03:45:23+00:00,0.56
2026-02-27 03:46:21+00:00,0.56
2026-02-27 03:47:22+00:00,0.56
2026-02-27 03:48:21+00:00,0.56
2026-02-27 03:49:22+00:00,0.56
2026-02-27 03:50:22+00:00,0.56
2026-02-27 03:51:20+00:00,0.56
2026-02-27 03:52:23+00:00,0.56
2026-02-27 03:53:21+00:00,0.56
2026-02-27 03:54:38+00:00,0.56
2026-02-27 03:55:31+00:00,0.56
2026-02-27 03:56:21+00:00,0.56
2026-02-27 03:57:22+00:00,0.56
2026-02-27 03:58:21+00:00,0.56
2026-02-27 03:59:21+00:00,0.56
2026-02-27 04:00:27+00:00,0.56
2026-02-27 04:01:22+00:00,0.56
2026-02-27 04:02:22+00:00,0.56
2026-02-27 04:03:23+00:00,0.56
2026-02-27 04:04:22+00:00,0.56
2026-02-27 04:05:23+00:00,0.56
2026-02-27 04:06:21+00:00,0.56
2026-02-27 04:07:22+00:00,0.56
2026-02-27 04:08:22+00:00,0.56
2026-02-27 04:09:24+00:00,0.56
2026-02-27 04:10:24+00:00,0.56
2026-02-27 04:11:35+00:00,0.56
2026-02-27 04:12:21+00:00,0.56
2026-02-27 04:13:22+00:00,0.56
2026-02-27 04:14:34+00:00,0.56
2026-02-27 04:15:22+00:00,0.56
2026-02-27 04:16:23+00:00,0.56
2026-02-27 04:17:21+00:00,0.56
2026-02-27 04:18:22+00:00,0.56
2026-02-27 04:19:22+00:00,0.56
2026-02-27 04:20:41+00:00,0.56
2026-02-27 04:21:34+00:00,0.56
2026-02-27 04:22:20+00:00,0.56
2026-02-27 04:23:36+00:00,0.56
2026-02-27 04:24:22+00:00,0.56
2026-02-27 04:25:21+00:00,0.56
2026-02-27 04:26:21+00:00,0.56
2026-02-27 04:27:23+00:00,0.56
2026-02-27 04:28:21+00:00,0.56
2026-02-27 04:29:22+00:00,0.56
2026-02-27 04:30:26+00:00,0.56
2026-02-27 04:31:20+00:00,0.56
2026-02-27 04:32:24+00:00,0.56
2026-02-27 04:33:20+00:00,0.56
2026-02-27 04:34:21+00:00,0.56
2026-02-27 04:35:24+00:00,0.56
2026-02-27 04:36:21+00:00,0.56
2026-02-27 04:37:21+00:00,0.56
2026-02-27 04:38:21+00:00,0.56
2026-02-27 04:39:21+00:00,0.56
2026-02-27 04:40:22+00:00,0.56
2026-02-27 04:41:22+00:00,0.56
2026-02-27 04:42:22+00:00,0.56
2026-02-27 04:43:21+00:00,0.56
2026-02-27 04:44:23+00:00,0.56
2026-02-27 04:45:22+00:00,0.56
2026-02-27 04:46:38+00:00,0.56
2026-02-27 04:47:27+00:00,0.56
2026-02-27 04:48:35+00:00,0.56
2026-02-27 04:49:22+00:00,0.56
2026-02-27 04:50:28+00:00,0.56
2026-02-27 04:51:36+00:00,0.56
2026-02-27 04:52:22+00:00,0.56
2026-02-27 04:53:22+00:00,0.56
2026-02-27 04:54:23+00:00,0.56
2026-02-27 04:55:22+00:00,0.56
2026-02-27 04:56:22+00:00,0.56
2026-02-27 04:57:23+00:00,0.56
2026-02-27 04:58:21+00:00,0.56
2026-02-27 04:59:22+00:00,0.56
2026-02-27 05:00:42+00:00,0.56
2026-02-27 05:01:22+00:00,0.56
2026-02-27 05:02:20+00:00,0.56
2026-02-27 05:03:24+00:00,0.56
2026-02-27 05:04:21+00:00,0.56
2026-02-27 05:05:34+00:00,0.56
2026-02-27 05:06:22+00:00,0.56
2026-02-27 05:07:22+00:00,0.56
2026-02-27 05:08:21+00:00,0.56
2026-02-27 05:09:21+00:00,0.56
2026-02-27 05:10:23+00:00,0.56
2026-02-27 05:11:21+00:00,0.56
2026-02-27 05:12:37+00:00,0.56
2026-02-27 05:13:23+00:00,0.56
2026-02-27 05:14:21+00:00,0.56
2026-02-27 05:15:24+00:00,0.56
2026-02-27 05:16:21+00:00,0.56
2026-02-27 05:17:21+00:00,0.56
2026-02-27 05:18:20+00:00,0.56
2026-02-27 05:19:21+00:00,0.56
2026-02-27 05:20:23+00:00,0.56
2026-02-27 05:21:28+00:00,0.56
2026-02-27 05:22:20+00:00,0.56
2026-02-27 05:23:22+00:00,0.56
2026-02-27 05:24:20+00:00,0.56
2026-02-27 05:25:38+00:00,0.56
2026-02-27 05:26:27+00:00,0.56
2026-02-27 05:27:21+00:00,0.56
2026-02-27 05:28:22+00:00,0.56
2026-02-27 05:29:23+00:00,0.56
2026-02-27 05:30:25+00:00,0.56
2026-02-27 05:31:20+00:00,0.56
2026-02-27 05:32:20+00:00,0.56
2026-02-27 05:33:20+00:00,0.56
2026-02-27 05:34:23+00:00,0.56
2026-02-27 05:35:22+00:00,0.56
2026-02-27 05:36:20+00:00,0.56
2026-02-27 05:37:21+00:00,0.56
2026-02-27 05:38:21+00:00,0.56
2026-02-27 05:39:21+00:00,0.56
2026-02-27 05:40:21+00:00,0.56
2026-02-27 05:41:21+00:00,0.56
2026-02-27 05:42:20+00:00,0.56
2026-02-27 05:43:19+00:00,0.56
2026-02-27 05:44:20+00:00,0.56
2026-02-27 05:45:25+00:00,0.56
2026-02-27 05:46:23+00:00,0.56
2026-02-27 05:47:22+00:00,0.56
2026-02-27 05:48:20+00:00,0.56
2026-02-27 05:49:20+00:00,0.56
2026-02-27 05:50:23+00:00,0.56
2026-02-27 05:51:35+00:00,0.56
2026-02-27 05:52:33+00:00,0.56
2026-02-27 05:53:22+00:00,0.56
2026-02-27 05:54:20+00:00,0.56
2026-02-27 05:55:26+00:00,0.56
2026-02-27 05:56:21+00:00,0.56
2026-02-27 05:57:20+00:00,0.56
2026-02-27 05:58:20+00:00,0.56
2026-02-27 05:59:21+00:00,0.56
2026-02-27 06:00:31+00:00,0.56
2026-02-27 06:01:22+00:00,0.56
2026-02-27 06:02:20+00:00,0.56
2026-02-27 06:03:21+00:00,0.56
2026-02-27 06:04:20+00:00,0.56
2026-02-27 06:05:22+00:00,0.56
2026-02-27 06:06:20+00:00,0.56
2026-02-27 06:07:20+00:00,0.56
2026-02-27 06:08:22+00:00,0.56
2026-02-27 06:09:20+00:00,0.56
2026-02-27 06:10:22+00:00,0.56
2026-02-27 06:11:34+00:00,0.56
2026-02-27 06:12:20+00:00,0.56
2026-02-27 06:13:21+00:00,0.56
2026-02-27 06:14:20+00:00,0.56
2026-02-27 06:15:20+00:00,0.56
2026-02-27 06:16:20+00:00,0.56
2026-02-27 06:17:36+00:00,0.56
2026-02-27 06:18:21+00:00,0.56
2026-02-27 06:19:21+00:00,0.56
2026-02-27 06:20:26+00:00,0.56
2026-02-27 06:21:21+00:00,0.56
2026-02-27 06:22:21+00:00,0.56
2026-02-27 06:23:20+00:00,0.56
2026-02-27 06:24:21+00:00,0.56
2026-02-27 06:25:21+00:00,0.56
2026-02-27 06:26:22+00:00,0.56
2026-02-27 06:27:25+00:00,0.56
2026-02-27 06:28:21+00:00,0.56
2026-02-27 06:29:22+00:00,0.56
2026-02-27 06:30:46+00:00,0.56
2026-02-27 06:31:35+00:00,0.56
2026-02-27 06:32:20+00:00,0.56
2026-02-27 06:33:21+00:00,0.56
2026-02-27 06:34:21+00:00,0.56
2026-02-27 06:35:39+00:00,0.56
2026-02-27 06:36:29+00:00,0.56
2026-02-27 06:37:22+00:00,0.56
2026-02-27 06:38:22+00:00,0.56
2026-02-27 06:39:20+00:00,0.56
2026-02-27 06:40:20+00:00,0.56
2026-02-27 06:41:35+00:00,0.56
2026-02-27 06:42:20+00:00,0.56
2026-02-27 06:43:20+00:00,0.56
2026-02-27 06:44:21+00:00,0.56
2026-02-27 06:45:21+00:00,0.56
2026-02-27 06:46:21+00:00,0.56
2026-02-27 06:47:20+00:00,0.56
2026-02-27 06:48:20+00:00,0.56
2026-02-27 06:49:22+00:00,0.56
2026-02-27 06:50:22+00:00,0.56
2026-02-27 06:51:20+00:00,0.56
2026-02-27 06:52:22+00:00,0.56
2026-02-27 06:53:19+00:00,0.56
2026-02-27 06:54:20+00:00,0.56
2026-02-27 06:55:22+00:00,0.56
2026-02-27 06:56:20+00:00,0.56
2026-02-27 06:57:21+00:00,0.56
2026-02-27 06:58:21+00:00,0.56
2026-02-27 06:59:21+00:00,0.56
2026-02-27 07:00:27+00:00,0.56
2026-02-27 07:01:37+00:00,0.56
2026-02-27 07:02:23+00:00,0.56
2026-02-27 07:03:21+00:00,0.56
2026-02-27 07:04:21+00:00,0.56
2026-02-27 07:05:24+00:00,0.56
2026-02-27 07:06:19+00:00,0.56
2026-02-27 07:07:20+00:00,0.56
2026-02-27 07:08:21+00:00,0.56
2026-02-27 07:09:20+00:00,0.56
2026-02-27 07:10:21+00:00,0.56
2026-02-27 07:11:20+00:00,0.56
2026-02-27 07:12:21+00:00,0.56
2026-02-27 07:13:20+00:00,0.56
2026-02-27 07:14:21+00:00,0.56
2026-02-27 07:15:22+00:00,0.56
2026-02-27 07:16:24+00:00,0.56
2026-02-27 07:17:22+00:00,0.56
2026-02-27 07:18:19+00:00,0.56
2026-02-27 07:19:20+00:00,0.56
2026-02-27 07:20:22+00:00,0.56
2026-02-27 07:21:21+00:00,0.56
2026-02-27 07:22:19+00:00,0.56
2026-02-27 07:23:21+00:00,0.56
2026-02-27 07:24:21+00:00,0.56
2026-02-27 07:25:21+00:00,0.56
2026-02-27 07:26:20+00:00,0.56
2026-02-27 07:27:36+00:00,0.56
2026-02-27 07:28:22+00:00,0.575
2026-02-27 07:29:21+00:00,0.575
2026-02-27 07:30:28+00:00,0.575
2026-02-27 07:31:35+00:00,0.575
2026-02-27 07:32:20+00:00,0.575
2026-02-27 07:33:37+00:00,0.575
2026-02-27 07:34:24+00:00,0.575
2026-02-27 07:35:26+00:00,0.575
2026-02-27 07:36:19+00:00,0.575
2026-02-27 07:37:22+00:00,0.575
2026-02-27 07:38:20+00:00,0.575
2026-02-27 07:39:20+00:00,0.575
2026-02-27 07:40:25+00:00,0.575
2026-02-27 07:41:23+00:00,0.575
2026-02-27 07:42:33+00:00,0.58
2026-02-27 07:43:20+00:00,0.58
2026-02-27 07:44:22+00:00,0.58
2026-02-27 07:45:21+00:00,0.58
2026-02-27 07:46:21+00:00,0.58
2026-02-27 07:47:29+00:00,0.58
2026-02-27 07:48:20+00:00,0.58
2026-02-27 07:49:21+00:00,0.58
2026-02-27 07:50:22+00:00,0.58
2026-02-27 07:51:20+00:00,0.58
2026-02-27 07:52:20+00:00,0.58
2026-02-27 07:53:20+00:00,0.58
2026-02-27 07:54:21+00:00,0.58
2026-02-27 07:55:22+00:00,0.58
2026-02-27 07:56:20+00:00,0.58
2026-02-27 07:57:21+00:00,0.58
2026-02-27 07:58:19+00:00,0.58
2026-02-27 07:59:35+00:00,0.58
2026-02-27 08:00:29+00:00,0.58
2026-02-27 08:01:19+00:00,0.58
2026-02-27 08:02:22+00:00,0.58
2026-02-27 08:03:23+00:00,0.58
2026-02-27 08:04:20+00:00,0.58
2026-02-27 08:05:21+00:00,0.58
2026-02-27 08:06:19+00:00,0.585
2026-02-27 08:07:21+00:00,0.585
2026-02-27 08:08:21+00:00,0.585
2026-02-27 08:09:20+00:00,0.585
2026-02-27 08:10:21+00:00,0.585
2026-02-27 08:11:25+00:00,0.59
2026-02-27 08:12:23+00:00,0.59
2026-02-27 08:13:20+00:00,0.59
2026-02-27 08:14:21+00:00,0.59
2026-02-27 08:15:21+00:00,0.59
2026-02-27 08:16:20+00:00,0.59
2026-02-27 08:17:22+00:00,0.59
2026-02-27 08:18:20+00:00,0.59
2026-02-27 08:19:35+00:00,0.59
2026-02-27 08:20:26+00:00,0.595
2026-02-27 08:21:21+00:00,0.595
2026-02-27 08:22:21+00:00,0.595
2026-02-27 08:23:22+00:00,0.595
2026-02-27 08:24:21+00:00,0.595
2026-02-27 08:25:22+00:00,0.595
2026-02-27 08:26:20+00:00,0.595
2026-02-27 08:27:20+00:00,0.585
2026-02-27 08:28:21+00:00,0.585
2026-02-27 08:29:20+00:00,0.585
2026-02-27 08:30:26+00:00,0.585
2026-02-27 08:31:20+00:00,0.585
2026-02-27 08:32:20+00:00,0.585
2026-02-27 08:33:21+00:00,0.585
2026-02-27 08:34:20+00:00,0.585
2026-02-27 08:35:21+00:00,0.585
2026-02-27 08:36:20+00:00,0.585
2026-02-27 08:37:19+00:00,0.585
2026-02-27 08:38:20+00:00,0.585
2026-02-27 08:39:20+00:00,0.585
2026-02-27 08:40:20+00:00,0.585
2026-02-27 08:41:32+00:00,0.585
2026-02-27 08:42:21+00:00,0.585
2026-02-27 08:43:19+00:00,0.585
2026-02-27 08:44:21+00:00,0.585
2026-02-27 08:45:38+00:00,0.585
2026-02-27 08:46:28+00:00,0.585
2026-02-27 08:47:21+00:00,0.59
2026-02-27 08:48:22+00:00,0.59
2026-02-27 08:49:20+00:00,0.59
2026-02-27 08:50:21+00:00,0.59
2026-02-27 08:51:19+00:00,0.59
2026-02-27 08:52:20+00:00,0.59
2026-02-27 08:53:24+00:00,0.59
2026-02-27 08:54:22+00:00,0.59
2026-02-27 08:55:20+00:00,0.59
2026-02-27 08:56:21+00:00,0.59
2026-02-27 08:57:20+00:00,0.59
2026-02-27 08:58:21+00:00,0.59
2026-02-27 08:59:20+00:00,0.59
2026-02-27 09:00:37+00:00,0.59
2026-02-27 09:01:22+00:00,0.59
2026-02-27 09:02:20+00:00,0.59
2026-02-27 09:03:21+00:00,0.59
2026-02-27 09:04:22+00:00,0.59
2026-02-27 09:05:21+00:00,0.59
2026-02-27 09:06:22+00:00,0.59
2026-02-27 09:07:22+00:00,0.59
2026-02-27 09:08:22+00:00,0.59
2026-02-27 09:09:34+00:00,0.59
2026-02-27 09:10:21+00:00,0.59
2026-02-27 09:11:36+00:00,0.59
2026-02-27 09:12:20+00:00,0.59
2026-02-27 09:13:20+00:00,0.59
2026-02-27 09:14:22+00:00,0.59
2026-02-27 09:15:25+00:00,0.59
2026-02-27 09:16:21+00:00,0.59
2026-02-27 09:17:22+00:00,0.59
2026-02-27 09:18:21+00:00,0.59
2026-02-27 09:19:21+00:00,0.59
2026-02-27 09:20:22+00:00,0.59
2026-02-27 09:21:19+00:00,0.59
2026-02-27 09:22:22+00:00,0.59
2026-02-27 09:23:20+00:00,0.59
2026-02-27 09:24:24+00:00,0.59
2026-02-27 09:25:21+00:00,0.59
2026-02-27 09:26:22+00:00,0.59
2026-02-27 09:27:22+00:00,0.59
2026-02-27 09:28:21+00:00,0.59
2026-02-27 09:29:21+00:00,0.59
2026-02-27 09:30:26+00:00,0.59
2026-02-27 09:31:21+00:00,0.59
2026-02-27 09:32:20+00:00,0.59
2026-02-27 09:33:20+00:00,0.59
2026-02-27 09:34:20+00:00,0.59
2026-02-27 09:35:20+00:00,0.59
2026-02-27 09:36:20+00:00,0.59
2026-02-27 09:37:35+00:00,0.59
2026-02-27 09:38:22+00:00,0.59
2026-02-27 09:39:21+00:00,0.59
2026-02-27 09:40:26+00:00,0.59
2026-02-27 09:41:21+00:00,0.59
2026-02-27 09:42:30+00:00,0.59
2026-02-27 09:43:20+00:00,0.59
2026-02-27 09:44:31+00:00,0.59
2026-02-27 09:45:22+00:00,0.59
2026-02-27 09:46:36+00:00,0.59
2026-02-27 09:47:23+00:00,0.59
2026-02-27 09:48:22+00:00,0.59
2026-02-27 09:49:20+00:00,0.59
2026-02-27 09:50:25+00:00,0.59
2026-02-27 09:51:20+00:00,0.59
2026-02-27 09:52:21+00:00,0.59
2026-02-27 09:53:20+00:00,0.59
2026-02-27 09:54:21+00:00,0.59
2026-02-27 09:55:23+00:00,0.59
2026-02-27 09:56:20+00:00,0.59
2026-02-27 09:57:21+00:00,0.59
2026-02-27 09:58:19+00:00,0.59
2026-02-27 09:59:22+00:00,0.59
2026-02-27 10:00:28+00:00,0.59
2026-02-27 10:01:21+00:00,0.59
2026-02-27 10:02:22+00:00,0.59
2026-02-27 10:03:21+00:00,0.59
2026-02-27 10:04:23+00:00,0.595
2026-02-27 10:05:41+00:00,0.595
2026-02-27 10:06:32+00:00,0.595
2026-02-27 10:07:23+00:00,0.595
2026-02-27 10:08:21+00:00,0.595
2026-02-27 10:09:22+00:00,0.595
2026-02-27 10:10:22+00:00,0.595
2026-02-27 10:11:34+00:00,0.595
2026-02-27 10:12:21+00:00,0.595
2026-02-27 10:13:28+00:00,0.595
2026-02-27 10:14:21+00:00,0.595
2026-02-27 10:15:22+00:00,0.595
2026-02-27 10:16:23+00:00,0.595
2026-02-27 10:17:21+00:00,0.595
2026-02-27 10:18:21+00:00,0.595
2026-02-27 10:19:21+00:00,0.595
2026-02-27 10:20:22+00:00,0.595
2026-02-27 10:21:22+00:00,0.595
2026-02-27 10:22:23+00:00,0.595
2026-02-27 10:23:21+00:00,0.595
2026-02-27 10:24:21+00:00,0.595
2026-02-27 10:25:21+00:00,0.595
2026-02-27 10:26:21+00:00,0.595
2026-02-27 10:27:21+00:00,0.595
2026-02-27 10:28:20+00:00,0.595
2026-02-27 10:29:21+00:00,0.595
2026-02-27 10:30:30+00:00,0.595
2026-02-27 10:31:37+00:00,0.595
2026-02-27 10:32:21+00:00,0.595
2026-02-27 10:33:20+00:00,0.595
2026-02-27 10:34:33+00:00,0.595
2026-02-27 10:35:25+00:00,0.595
2026-02-27 10:36:21+00:00,0.595
2026-02-27 10:37:23+00:00,0.595
2026-02-27 10:38:25+00:00,0.595
2026-02-27 10:39:21+00:00,0.595
2026-02-27 10:40:36+00:00,0.595
2026-02-27 10:41:19+00:00,0.595
2026-02-27 10:42:21+00:00,0.595
2026-02-27 10:43:20+00:00,0.595
2026-02-27 10:44:22+00:00,0.595
2026-02-27 10:45:21+00:00,0.595
2026-02-27 10:46:21+00:00,0.595
2026-02-27 10:47:19+00:00,0.595
2026-02-27 10:48:20+00:00,0.595
2026-02-27 10:49:21+00:00,0.595
2026-02-27 10:50:20+00:00,0.595
2026-02-27 10:51:19+00:00,0.595
2026-02-27 10:52:21+00:00,0.595
2026-02-27 10:53:20+00:00,0.595
2026-02-27 10:54:20+00:00,0.595
2026-02-27 10:55:22+00:00,0.595
2026-02-27 10:56:21+00:00,0.595
2026-02-27 10:57:35+00:00,0.595
2026-02-27 10:58:21+00:00,0.595
2026-02-27 10:59:20+00:00,0.585
2026-02-27 11:00:28+00:00,0.585
2026-02-27 11:01:20+00:00,0.585
2026-02-27 11:02:22+00:00,0.585
2026-02-27 11:03:22+00:00,0.585
2026-02-27 11:04:21+00:00,0.585
2026-02-27 11:05:22+00:00,0.585
2026-02-27 11:06:21+00:00,0.585
2026-02-27 11:07:20+00:00,0.585
2026-02-27 11:08:23+00:00,0.585
2026-02-27 11:09:20+00:00,0.585
2026-02-27 11:10:24+00:00,0.585
2026-02-27 11:11:21+00:00,0.585
2026-02-27 11:12:23+00:00,0.585
2026-02-27 11:13:21+00:00,0.585
2026-02-27 11:14:22+00:00,0.585
2026-02-27 11:15:24+00:00,0.585
2026-02-27 11:16:22+00:00,0.585
2026-02-27 11:17:35+00:00,0.585
2026-02-27 11:18:22+00:00,0.585
2026-02-27 11:19:23+00:00,0.585
2026-02-27 11:20:23+00:00,0.585
2026-02-27 11:21:21+00:00,0.585
2026-02-27 11:22:22+00:00,0.585
2026-02-27 11:23:37+00:00,0.585
2026-02-27 11:24:25+00:00,0.585
2026-02-27 11:25:26+00:00,0.585
2026-02-27 11:26:21+00:00,0.585
2026-02-27 11:27:22+00:00,0.585
2026-02-27 11:28:22+00:00,0.585
2026-02-27 11:29:22+00:00,0.585
2026-02-27 11:30:28+00:00,0.585
2026-02-27 11:31:32+00:00,0.585
2026-02-27 11:32:21+00:00,0.585
2026-02-27 11:33:20+00:00,0.585
2026-02-27 11:34:22+00:00,0.585
2026-02-27 11:35:22+00:00,0.585
2026-02-27 11:36:20+00:00,0.585
2026-02-27 11:37:22+00:00,0.585
2026-02-27 11:38:20+00:00,0.585
2026-02-27 11:39:20+00:00,0.585
2026-02-27 11:40:22+00:00,0.585
2026-02-27 11:41:20+00:00,0.585
2026-02-27 11:42:21+00:00,0.585
2026-02-27 11:43:20+00:00,0.585
2026-02-27 11:44:21+00:00,0.585
2026-02-27 11:45:24+00:00,0.585
2026-02-27 11:46:22+00:00,0.585
2026-02-27 11:47:20+00:00,0.585
2026-02-27 11:48:31+00:00,0.585
2026-02-27 11:49:37+00:00,0.585
2026-02-27 11:50:33+00:00,0.585
2026-02-27 11:51:21+00:00,0.585
2026-02-27 11:52:22+00:00,0.585
2026-02-27 11:53:20+00:00,0.585
2026-02-27 11:54:21+00:00,0.585
2026-02-27 11:55:36+00:00,0.585
2026-02-27 11:56:20+00:00,0.585
2026-02-27 11:57:21+00:00,0.585
2026-02-27 11:58:20+00:00,0.585
2026-02-27 11:59:21+00:00,0.585
2026-02-27 12:00:51+00:00,0.585
2026-02-27 12:01:26+00:00,0.585
2026-02-27 12:02:37+00:00,0.585
2026-02-27 12:03:24+00:00,0.585
2026-02-27 12:04:21+00:00,0.585
2026-02-27 12:05:26+00:00,0.585
2026-02-27 12:06:20+00:00,0.585
2026-02-27 12:07:22+00:00,0.585
2026-02-27 12:08:34+00:00,0.585
2026-02-27 12:09:23+00:00,0.585
2026-02-27 12:10:24+00:00,0.585
2026-02-27 12:11:20+00:00,0.585
2026-02-27 12:12:20+00:00,0.585
2026-02-27 12:13:21+00:00,0.585
2026-02-27 12:14:21+00:00,0.585
2026-02-27 12:15:21+00:00,0.585
2026-02-27 12:16:20+00:00,0.585
2026-02-27 12:17:22+00:00,0.585
2026-02-27 12:18:22+00:00,0.585
2026-02-27 12:19:21+00:00,0.585
2026-02-27 12:20:23+00:00,0.585
2026-02-27 12:21:20+00:00,0.585
2026-02-27 12:22:22+00:00,0.585
2026-02-27 12:23:31+00:00,0.585
2026-02-27 12:24:21+00:00,0.585
2026-02-27 12:25:27+00:00,0.585
2026-02-27 12:26:20+00:00,0.585
2026-02-27 12:27:20+00:00,0.585
2026-02-27 12:28:36+00:00,0.585
2026-02-27 12:29:24+00:00,0.585
2026-02-27 12:30:28+00:00,0.585
2026-02-27 12:31:21+00:00,0.585
2026-02-27 12:32:23+00:00,0.585
2026-02-27 12:33:23+00:00,0.585
2026-02-27 12:34:21+00:00,0.585
2026-02-27 12:35:21+00:00,0.585
2026-02-27 12:36:20+00:00,0.585
2026-02-27 12:37:19+00:00,0.585
2026-02-27 12:38:22+00:00,0.585
2026-02-27 12:39:29+00:00,0.585
2026-02-27 12:40:22+00:00,0.585
2026-02-27 12:41:21+00:00,0.585
2026-02-27 12:42:23+00:00,0.585
2026-02-27 12:43:22+00:00,0.585
2026-02-27 12:44:20+00:00,0.585
2026-02-27 12:45:21+00:00,0.585
2026-02-27 12:46:27+00:00,0.585
2026-02-27 12:47:29+00:00,0.585
2026-02-27 12:48:22+00:00,0.585
2026-02-27 12:49:20+00:00,0.585
2026-02-27 12:50:25+00:00,0.585
2026-02-27 12:51:20+00:00,0.585
2026-02-27 12:52:21+00:00,0.585
2026-02-27 12:53:20+00:00,0.585
2026-02-27 12:54:21+00:00,0.585
2026-02-27 12:55:22+00:00,0.585
2026-02-27 12:56:22+00:00,0.585
2026-02-27 12:57:20+00:00,0.585
2026-02-27 12:58:34+00:00,0.585
2026-02-27 12:59:20+00:00,0.585
2026-02-27 13:00:30+00:00,0.585
2026-02-27 13:01:20+00:00,0.585
2026-02-27 13:02:21+00:00,0.585
2026-02-27 13:03:23+00:00,0.585
2026-02-27 13:04:25+00:00,0.585
2026-02-27 13:05:22+00:00,0.585
2026-02-27 13:06:20+00:00,0.585
2026-02-27 13:07:20+00:00,0.585
2026-02-27 13:08:20+00:00,0.585
2026-02-27 13:09:20+00:00,0.585
2026-02-27 13:10:22+00:00,0.585
2026-02-27 13:11:21+00:00,0.585
2026-02-27 13:12:20+00:00,0.585
2026-02-27 13:13:33+00:00,0.585
2026-02-27 13:14:20+00:00,0.585
2026-02-27 13:15:25+00:00,0.585
2026-02-27 13:16:22+00:00,0.585
2026-02-27 13:17:21+00:00,0.585
2026-02-27 13:18:22+00:00,0.585
2026-02-27 13:19:22+00:00,0.585
2026-02-27 13:20:22+00:00,0.585
2026-02-27 13:21:19+00:00,0.585
2026-02-27 13:22:21+00:00,0.585
2026-02-27 13:23:20+00:00,0.585
2026-02-27 13:24:22+00:00,0.585
2026-02-27 13:25:22+00:00,0.585
2026-02-27 13:26:22+00:00,0.585
2026-02-27 13:27:21+00:00,0.585
2026-02-27 13:28:20+00:00,0.585
2026-02-27 13:29:21+00:00,0.585
2026-02-27 13:30:26+00:00,0.585
2026-02-27 13:31:22+00:00,0.585
2026-02-27 13:32:21+00:00,0.585
2026-02-27 13:33:20+00:00,0.585
2026-02-27 13:34:22+00:00,0.585
2026-02-27 13:35:23+00:00,0.585
2026-02-27 13:36:22+00:00,0.585
2026-02-27 13:37:21+00:00,0.585
2026-02-27 13:38:20+00:00,0.585
2026-02-27 13:39:37+00:00,0.585
2026-02-27 13:40:28+00:00,0.585
2026-02-27 13:41:21+00:00,0.585
2026-02-27 13:42:22+00:00,0.585
2026-02-27 13:43:22+00:00,0.585
2026-02-27 13:44:21+00:00,0.585
2026-02-27 13:45:44+00:00,0.585
2026-02-27 13:46:35+00:00,0.585
2026-02-27 13:47:22+00:00,0.585
2026-02-27 13:48:23+00:00,0.585
2026-02-27 13:49:21+00:00,0.585
2026-02-27 13:50:23+00:00,0.585
2026-02-27 13:51:22+00:00,0.585
2026-02-27 13:52:21+00:00,0.585
2026-02-27 13:53:22+00:00,0.585
2026-02-27 13:54:22+00:00,0.585
2026-02-27 13:55:22+00:00,0.585
2026-02-27 13:56:21+00:00,0.585
2026-02-27 13:57:22+00:00,0.585
2026-02-27 13:58:21+00:00,0.585
2026-02-27 13:59:23+00:00,0.585
2026-02-27 14:00:27+00:00,0.585
2026-02-27 14:01:22+00:00,0.585
2026-02-27 14:02:20+00:00,0.585
2026-02-27 14:03:22+00:00,0.585
2026-02-27 14:04:22+00:00,0.585
2026-02-27 14:05:35+00:00,0.585
2026-02-27 14:06:29+00:00,0.585
2026-02-27 14:07:32+00:00,0.585
2026-02-27 14:08:22+00:00,0.585
2026-02-27 14:09:22+00:00,0.585
2026-02-27 14:10:25+00:00,0.585
2026-02-27 14:11:22+00:00,0.585
2026-02-27 14:12:33+00:00,0.585
2026-02-27 14:13:21+00:00,0.585
2026-02-27 14:14:21+00:00,0.585
2026-02-27 14:15:23+00:00,0.585
2026-02-27 14:16:26+00:00,0.585
2026-02-27 14:17:23+00:00,0.585
2026-02-27 14:18:21+00:00,0.585
2026-02-27 14:19:21+00:00,0.585
2026-02-27 14:20:23+00:00,0.585
2026-02-27 14:21:21+00:00,0.585
2026-02-27 14:22:20+00:00,0.585
2026-02-27 14:23:21+00:00,0.585
2026-02-27 14:24:22+00:00,0.585
2026-02-27 14:25:24+00:00,0.585
2026-02-27 14:26:36+00:00,0.585
2026-02-27 14:27:21+00:00,0.585
2026-02-27 14:28:22+00:00,0.585
2026-02-27 14:29:22+00:00,0.585
2026-02-27 14:30:28+00:00,0.585
2026-02-27 14:31:24+00:00,0.585
2026-02-27 14:32:29+00:00,0.585
2026-02-27 14:33:34+00:00,0.585
2026-02-27 14:34:33+00:00,0.585
2026-02-27 14:35:25+00:00,0.585
2026-02-27 14:36:22+00:00,0.585
2026-02-27 14:37:22+00:00,0.585
2026-02-27 14:38:23+00:00,0.585
2026-02-27 14:39:22+00:00,0.585
2026-02-27 14:40:22+00:00,0.585
2026-02-27 14:41:21+00:00,0.585
2026-02-27 14:42:21+00:00,0.585
2026-02-27 14:43:21+00:00,0.585
2026-02-27 14:44:21+00:00,0.585
2026-02-27 14:45:23+00:00,0.585
2026-02-27 14:46:22+00:00,0.585
2026-02-27 14:47:23+00:00,0.585
2026-02-27 14:48:21+00:00,0.585
2026-02-27 14:49:23+00:00,0.585
2026-02-27 14:50:22+00:00,0.585
2026-02-27 14:51:23+00:00,0.585
2026-02-27 14:52:22+00:00,0.585
2026-02-27 14:53:22+00:00,0.585
2026-02-27 14:54:22+00:00,0.585
2026-02-27 14:55:24+00:00,0.585
2026-02-27 14:56:22+00:00,0.585
2026-02-27 14:57:24+00:00,0.585
2026-02-27 14:58:30+00:00,0.585
2026-02-27 14:59:35+00:00,0.585
2026-02-27 15:00:34+00:00,0.585
2026-02-27 15:01:22+00:00,0.585
2026-02-27 15:02:21+00:00,0.585
2026-02-27 15:03:23+00:00,0.585
2026-02-27 15:04:23+00:00,0.585
2026-02-27 15:05:30+00:00,0.585
2026-02-27 15:06:22+00:00,0.585
2026-02-27 15:07:23+00:00,0.585
2026-02-27 15:08:22+00:00,0.585
2026-02-27 15:09:21+00:00,0.585
2026-02-27 15:10:23+00:00,0.585
2026-02-27 15:11:22+00:00,0.585
2026-02-27 15:12:22+00:00,0.585
2026-02-27 15:13:21+00:00,0.585
2026-02-27 15:14:22+00:00,0.585
2026-02-27 15:15:23+00:00,0.585
2026-02-27 15:16:24+00:00,0.585
2026-02-27 15:17:23+00:00,0.585
2026-02-27 15:18:39+00:00,0.585
2026-02-27 15:19:22+00:00,0.585
2026-02-27 15:20:24+00:00,0.585
2026-02-27 15:21:24+00:00,0.585
2026-02-27 15:22:23+00:00,0.585
2026-02-27 15:23:22+00:00,0.585
2026-02-27 15:24:22+00:00,0.585
2026-02-27 15:25:40+00:00,0.585
2026-02-27 15:26:23+00:00,0.585
2026-02-27 15:27:23+00:00,0.585
2026-02-27 15:28:24+00:00,0.585
2026-02-27 15:29:25+00:00,0.585
2026-02-27 15:30:31+00:00,0.585
2026-02-27 15:31:22+00:00,0.585
2026-02-27 15:32:22+00:00,0.585
2026-02-27 15:33:22+00:00,0.585
2026-02-27 15:34:23+00:00,0.585
2026-02-27 15:35:24+00:00,0.585
2026-02-27 15:36:35+00:00,0.585
2026-02-27 15:37:22+00:00,0.585
2026-02-27 15:38:22+00:00,0.585
2026-02-27 15:39:24+00:00,0.585
2026-02-27 15:40:38+00:00,0.585
2026-02-27 15:41:23+00:00,0.585
2026-02-27 15:42:23+00:00,0.585
2026-02-27 15:43:21+00:00,0.585
2026-02-27 15:44:22+00:00,0.585
2026-02-27 15:45:24+00:00,0.585
2026-02-27 15:46:23+00:00,0.585
2026-02-27 15:47:21+00:00,0.585
2026-02-27 15:48:21+00:00,0.585
2026-02-27 15:49:35+00:00,0.585
2026-02-27 15:50:26+00:00,0.585
2026-02-27 15:51:22+00:00,0.585
2026-02-27 15:52:22+00:00,0.585
2026-02-27 15:53:21+00:00,0.585
2026-02-27 15:54:22+00:00,0.585
2026-02-27 15:55:24+00:00,0.585
2026-02-27 15:56:22+00:00,0.585
2026-02-27 15:57:22+00:00,0.585
2026-02-27 15:58:22+00:00,0.585
2026-02-27 15:59:22+00:00,0.585
2026-02-27 16:00:40+00:00,0.585
2026-02-27 16:01:21+00:00,0.585
2026-02-27 16:02:22+00:00,0.585
2026-02-27 16:03:23+00:00,0.585
2026-02-27 16:04:22+00:00,0.585
2026-02-27 16:05:24+00:00,0.585
2026-02-27 16:06:22+00:00,0.585
2026-02-27 16:07:21+00:00,0.585
2026-02-27 16:08:21+00:00,0.585
2026-02-27 16:09:22+00:00,0.585
2026-02-27 16:10:23+00:00,0.585
2026-02-27 16:11:24+00:00,0.585
2026-02-27 16:12:22+00:00,0.585
2026-02-27 16:13:21+00:00,0.585
2026-02-27 16:14:22+00:00,0.585
2026-02-27 16:15:41+00:00,0.585
2026-02-27 16:16:31+00:00,0.585
2026-02-27 16:17:22+00:00,0.585
2026-02-27 16:18:22+00:00,0.585
2026-02-27 16:19:21+00:00,0.585
2026-02-27 16:20:24+00:00,0.585
2026-02-27 16:21:23+00:00,0.585
2026-02-27 16:22:21+00:00,0.585
2026-02-27 16:23:20+00:00,0.585
2026-02-27 16:24:22+00:00,0.585
2026-02-27 16:25:22+00:00,0.585
2026-02-27 16:26:20+00:00,0.585
2026-02-27 16:27:21+00:00,0.585
2026-02-27 16:28:22+00:00,0.585
2026-02-27 16:29:22+00:00,0.585
2026-02-27 16:30:28+00:00,0.585
2026-02-27 16:31:21+00:00,0.585
2026-02-27 16:32:22+00:00,0.585
2026-02-27 16:33:22+00:00,0.585
2026-02-27 16:34:21+00:00,0.585
2026-02-27 16:35:41+00:00,0.585
2026-02-27 16:36:30+00:00,0.585
2026-02-27 16:37:20+00:00,0.585
2026-02-27 16:38:22+00:00,0.585
2026-02-27 16:39:21+00:00,0.585
2026-02-27 16:40:23+00:00,0.585
2026-02-27 16:41:21+00:00,0.585
2026-02-27 16:42:25+00:00,0.585
2026-02-27 16:43:21+00:00,0.585
2026-02-27 16:44:20+00:00,0.58
2026-02-27 16:45:21+00:00,0.575
2026-02-27 16:46:21+00:00,0.575
2026-02-27 16:47:23+00:00,0.575
2026-02-27 16:48:22+00:00,0.575
2026-02-27 16:49:22+00:00,0.575
2026-02-27 16:50:23+00:00,0.575
2026-02-27 16:51:21+00:00,0.575
2026-02-27 16:52:23+00:00,0.575
2026-02-27 16:53:22+00:00,0.575
2026-02-27 16:54:22+00:00,0.575
2026-02-27 16:55:24+00:00,0.575
2026-02-27 16:56:22+00:00,0.575
2026-02-27 16:57:21+00:00,0.585
2026-02-27 16:58:22+00:00,0.575
2026-02-27 16:59:22+00:00,0.57
2026-02-27 17:00:46+00:00,0.57
2026-02-27 17:01:58+00:00,0.57
2026-02-27 17:02:28+00:00,0.565
2026-02-27 17:03:21+00:00,0.565
2026-02-27 17:04:23+00:00,0.565
2026-02-27 17:05:25+00:00,0.565
2026-02-27 17:06:23+00:00,0.565
2026-02-27 17:07:21+00:00,0.565
2026-02-27 17:08:22+00:00,0.565
2026-02-27 17:09:21+00:00,0.565
2026-02-27 17:10:23+00:00,0.565
2026-02-27 17:11:22+00:00,0.565
2026-02-27 17:12:21+00:00,0.565
2026-02-27 17:13:21+00:00,0.565
2026-02-27 17:14:21+00:00,0.57
2026-02-27 17:15:25+00:00,0.57
2026-02-27 17:16:23+00:00,0.57
2026-02-27 17:17:24+00:00,0.575
2026-02-27 17:18:24+00:00,0.57
2026-02-27 17:19:22+00:00,0.575
2026-02-27 17:20:24+00:00,0.57
2026-02-27 17:21:23+00:00,0.575
2026-02-27 17:22:22+00:00,0.575
2026-02-27 17:23:23+00:00,0.575
2026-02-27 17:24:26+00:00,0.575
2026-02-27 17:25:27+00:00,0.575
2026-02-27 17:26:22+00:00,0.575
2026-02-27 17:27:36+00:00,0.575
2026-02-27 17:28:22+00:00,0.575
2026-02-27 17:29:21+00:00,0.575
2026-02-27 17:30:31+00:00,0.575
2026-02-27 17:31:30+00:00,0.575
2026-02-27 17:32:23+00:00,0.575
2026-02-27 17:33:23+00:00,0.575
2026-02-27 17:34:24+00:00,0.575
2026-02-27 17:35:23+00:00,0.575
2026-02-27 17:36:21+00:00,0.575
2026-02-27 17:37:23+00:00,0.575
2026-02-27 17:38:23+00:00,0.575
2026-02-27 17:39:22+00:00,0.575
2026-02-27 17:40:22+00:00,0.575
2026-02-27 17:41:21+00:00,0.565
2026-02-27 17:42:24+00:00,0.565
2026-02-27 17:43:23+00:00,0.57
2026-02-27 17:44:21+00:00,0.57
2026-02-27 17:45:21+00:00,0.57
2026-02-27 17:46:23+00:00,0.565
2026-02-27 17:47:23+00:00,0.565
2026-02-27 17:48:22+00:00,0.565
2026-02-27 17:49:23+00:00,0.565
2026-02-27 17:50:23+00:00,0.565
2026-02-27 17:51:25+00:00,0.565
2026-02-27 17:52:33+00:00,0.565
2026-02-27 17:53:26+00:00,0.565
2026-02-27 17:54:22+00:00,0.565
2026-02-27 17:55:30+00:00,0.565
2026-02-27 17:56:25+00:00,0.565
2026-02-27 17:57:34+00:00,0.565
2026-02-27 17:58:22+00:00,0.565
2026-02-27 17:59:21+00:00,0.565
2026-02-27 18:00:40+00:00,0.565
2026-02-27 18:01:22+00:00,0.57
2026-02-27 18:02:23+00:00,0.57
2026-02-27 18:03:21+00:00,0.57
2026-02-27 18:04:22+00:00,0.57
2026-02-27 18:05:24+00:00,0.57
2026-02-27 18:06:22+00:00,0.57
2026-02-27 18:07:21+00:00,0.57
2026-02-27 18:08:22+00:00,0.57
2026-02-27 18:09:22+00:00,0.57
2026-02-27 18:10:23+00:00,0.57
2026-02-27 18:11:21+00:00,0.57
2026-02-27 18:12:22+00:00,0.57
2026-02-27 18:13:21+00:00,0.57
2026-02-27 18:14:23+00:00,0.57
2026-02-27 18:15:23+00:00,0.57
2026-02-27 18:16:21+00:00,0.57
2026-02-27 18:17:22+00:00,0.57
2026-02-27 18:18:28+00:00,0.57
2026-02-27 18:19:33+00:00,0.57
2026-02-27 18:20:25+00:00,0.57
2026-02-27 18:21:22+00:00,0.57
2026-02-27 18:22:23+00:00,0.57
2026-02-27 18:23:21+00:00,0.57
2026-02-27 18:24:21+00:00,0.57
2026-02-27 18:25:21+00:00,0.57
2026-02-27 18:26:21+00:00,0.57
2026-02-27 18:27:21+00:00,0.57
2026-02-27 18:28:22+00:00,0.57
2026-02-27 18:29:21+00:00,0.57
2026-02-27 18:30:27+00:00,0.57
2026-02-27 18:31:21+00:00,0.57
2026-02-27 18:32:22+00:00,0.57
2026-02-27 18:33:38+00:00,0.57
2026-02-27 18:34:25+00:00,0.57
2026-02-27 18:35:25+00:00,0.57
2026-02-27 18:36:23+00:00,0.57
2026-02-27 18:37:24+00:00,0.57
2026-02-27 18:38:21+00:00,0.57
2026-02-27 18:39:21+00:00,0.57
2026-02-27 18:40:22+00:00,0.57
2026-02-27 18:41:21+00:00,0.57
2026-02-27 18:42:21+00:00,0.57
2026-02-27 18:43:21+00:00,0.57
2026-02-27 18:44:21+00:00,0.57
2026-02-27 18:45:22+00:00,0.57
2026-02-27 18:46:23+00:00,0.57
2026-02-27 18:47:22+00:00,0.57
2026-02-27 18:48:21+00:00,0.57
2026-02-27 18:49:21+00:00,0.57
2026-02-27 18:50:22+00:00,0.57
2026-02-27 18:51:22+00:00,0.57
2026-02-27 18:52:22+00:00,0.57
2026-02-27 18:53:21+00:00,0.57
2026-02-27 18:54:37+00:00,0.57
2026-02-27 18:55:29+00:00,0.57
2026-02-27 18:56:37+00:00,0.57
2026-02-27 18:57:22+00:00,0.57
2026-02-27 18:58:20+00:00,0.57
2026-02-27 18:59:21+00:00,0.57
2026-02-27 19:00:29+00:00,0.57
2026-02-27 19:01:23+00:00,0.57
2026-02-27 19:02:23+00:00,0.57
2026-02-27 19:03:22+00:00,0.57
2026-02-27 19:04:37+00:00,0.57
2026-02-27 19:05:25+00:00,0.57
2026-02-27 19:06:22+00:00,0.565
2026-02-27 19:07:22+00:00,0.565
2026-02-27 19:08:27+00:00,0.565
2026-02-27 19:09:23+00:00,0.565
2026-02-27 19:10:24+00:00,0.565
2026-02-27 19:11:21+00:00,0.565
2026-02-27 19:12:21+00:00,0.565
2026-02-27 19:13:23+00:00,0.565
2026-02-27 19:14:21+00:00,0.565
2026-02-27 19:15:36+00:00,0.565
2026-02-27 19:16:22+00:00,0.57
2026-02-27 19:17:24+00:00,0.57
2026-02-27 19:18:23+00:00,0.57
2026-02-27 19:19:21+00:00,0.57
2026-02-27 19:20:42+00:00,0.57
2026-02-27 19:21:36+00:00,0.57
2026-02-27 19:22:22+00:00,0.57
2026-02-27 19:23:23+00:00,0.57
2026-02-27 19:24:21+00:00,0.57
2026-02-27 19:25:22+00:00,0.57
2026-02-27 19:26:32+00:00,0.57
2026-02-27 19:27:50+00:00,0.57
2026-02-27 19:28:23+00:00,0.57
2026-02-27 19:29:22+00:00,0.57
2026-02-27 19:30:30+00:00,0.57
2026-02-27 19:31:22+00:00,0.57
2026-02-27 19:32:23+00:00,0.57
2026-02-27 19:33:21+00:00,0.585
2026-02-27 19:34:22+00:00,0.585
2026-02-27 19:35:23+00:00,0.585
2026-02-27 19:36:22+00:00,0.585
2026-02-27 19:37:22+00:00,0.585
2026-02-27 19:38:22+00:00,0.585
2026-02-27 19:39:22+00:00,0.585
2026-02-27 19:40:23+00:00,0.585
2026-02-27 19:41:22+00:00,0.585
2026-02-27 19:42:23+00:00,0.585
2026-02-27 19:43:23+00:00,0.585
2026-02-27 19:44:22+00:00,0.57
2026-02-27 19:45:23+00:00,0.565
2026-02-27 19:46:21+00:00,0.565
2026-02-27 19:47:21+00:00,0.565
2026-02-27 19:48:22+00:00,0.565
2026-02-27 19:49:23+00:00,0.565
2026-02-27 19:50:26+00:00,0.565
2026-02-27 19:51:25+00:00,0.565
2026-02-27 19:52:22+00:00,0.565
2026-02-27 19:53:35+00:00,0.565
2026-02-27 19:54:22+00:00,0.565
2026-02-27 19:55:27+00:00,0.565
2026-02-27 19:56:22+00:00,0.565
2026-02-27 19:57:29+00:00,0.565
2026-02-27 19:58:35+00:00,0.565
2026-02-27 19:59:23+00:00,0.565
2026-02-27 20:00:29+00:00,0.565
2026-02-27 20:01:23+00:00,0.565
2026-02-27 20:02:22+00:00,0.565
2026-02-27 20:03:22+00:00,0.565
2026-02-27 20:04:22+00:00,0.565
2026-02-27 20:05:24+00:00,0.565
2026-02-27 20:06:23+00:00,0.565
2026-02-27 20:07:23+00:00,0.565
2026-02-27 20:08:22+00:00,0.565
2026-02-27 20:09:22+00:00,0.565
2026-02-27 20:10:24+00:00,0.565
2026-02-27 20:11:22+00:00,0.565
2026-02-27 20:12:21+00:00,0.58
2026-02-27 20:13:22+00:00,0.58
2026-02-27 20:14:23+00:00,0.58
2026-02-27 20:15:24+00:00,0.58
2026-02-27 20:16:24+00:00,0.58
2026-02-27 20:17:23+00:00,0.575
2026-02-27 20:18:50+00:00,0.575
2026-02-27 20:19:39+00:00,0.575
2026-02-27 20:20:39+00:00,0.575
2026-02-27 20:21:26+00:00,0.58
2026-02-27 20:22:26+00:00,0.58
2026-02-27 20:23:23+00:00,0.58
2026-02-27 20:24:23+00:00,0.58
2026-02-27 20:25:23+00:00,0.58
2026-02-27 20:26:22+00:00,0.58
2026-02-27 20:27:22+00:00,0.58
2026-02-27 20:28:22+00:00,0.58
2026-02-27 20:29:22+00:00,0.58
2026-02-27 20:30:30+00:00,0.58
2026-02-27 20:31:23+00:00,0.58
2026-02-27 20:32:24+00:00,0.58
2026-02-27 20:33:24+00:00,0.58
2026-02-27 20:34:23+00:00,0.58
2026-02-27 20:35:24+00:00,0.58
2026-02-27 20:36:39+00:00,0.58
2026-02-27 20:37:26+00:00,0.58
2026-02-27 20:38:23+00:00,0.58
2026-02-27 20:39:22+00:00,0.58
2026-02-27 20:40:27+00:00,0.58
2026-02-27 20:41:23+00:00,0.58
2026-02-27 20:42:23+00:00,0.58
2026-02-27 20:43:22+00:00,0.58
2026-02-27 20:44:24+00:00,0.58
2026-02-27 20:45:40+00:00,0.58
2026-02-27 20:46:24+00:00,0.58
2026-02-27 20:47:24+00:00,0.58
2026-02-27 20:48:24+00:00,0.58
2026-02-27 20:49:25+00:00,0.58
2026-02-27 20:50:25+00:00,0.58
2026-02-27 20:51:24+00:00,0.58
2026-02-27 20:52:23+00:00,0.58
2026-02-27 20:53:25+00:00,0.58
2026-02-27 20:54:24+00:00,0.58
2026-02-27 20:55:37+00:00,0.58
2026-02-27 20:56:25+00:00,0.58
2026-02-27 20:57:24+00:00,0.58
2026-02-27 20:58:23+00:00,0.585
2026-02-27 20:59:24+00:00,0.585
2026-02-27 21:00:34+00:00,0.585
2026-02-27 21:01:24+00:00,0.585
2026-02-27 21:02:39+00:00,0.585
2026-02-27 21:03:31+00:00,0.585
2026-02-27 21:04:23+00:00,0.585
2026-02-27 21:05:44+00:00,0.585
2026-02-27 21:06:24+00:00,0.585
2026-02-27 21:07:22+00:00,0.585
2026-02-27 21:08:23+00:00,0.585
2026-02-27 21:09:23+00:00,0.585
2026-02-27 21:10:24+00:00,0.585
2026-02-27 21:11:39+00:00,0.585
2026-02-27 21:12:30+00:00,0.585
2026-02-27 21:13:24+00:00,0.585
2026-02-27 21:14:23+00:00,0.585
2026-02-27 21:15:29+00:00,0.585
2026-02-27 21:16:23+00:00,0.585
2026-02-27 21:17:24+00:00,0.585
2026-02-27 21:18:24+00:00,0.585
2026-02-27 21:19:23+00:00,0.585
2026-02-27 21:20:24+00:00,0.585
2026-02-27 21:21:22+00:00,0.585
2026-02-27 21:22:22+00:00,0.585
2026-02-27 21:23:22+00:00,0.585
2026-02-27 21:24:23+00:00,0.585
2026-02-27 21:25:24+00:00,0.585
2026-02-27 21:26:22+00:00,0.585
2026-02-27 21:27:22+00:00,0.585
2026-02-27 21:28:23+00:00,0.585
2026-02-27 21:29:24+00:00,0.585
2026-02-27 21:30:28+00:00,0.585
2026-02-27 21:31:24+00:00,0.585
2026-02-27 21:32:22+00:00,0.585
2026-02-27 21:33:22+00:00,0.585
2026-02-27 21:34:26+00:00,0.585
2026-02-27 21:35:22+00:00,0.585
2026-02-27 21:36:24+00:00,0.585
2026-02-27 21:37:39+00:00,0.585
2026-02-27 21:38:29+00:00,0.585
2026-02-27 21:39:22+00:00,0.585
2026-02-27 21:40:28+00:00,0.585
2026-02-27 21:41:24+00:00,0.585
2026-02-27 21:42:22+00:00,0.585
2026-02-27 21:43:21+00:00,0.585
2026-02-27 21:44:23+00:00,0.585
2026-02-27 21:45:23+00:00,0.585
2026-02-27 21:46:22+00:00,0.585
2026-02-27 21:47:23+00:00,0.585
2026-02-27 21:48:23+00:00,0.585
2026-02-27 21:49:22+00:00,0.585
2026-02-27 21:50:25+00:00,0.585
2026-02-27 21:51:23+00:00,0.585
2026-02-27 21:52:49+00:00,0.585
2026-02-27 21:53:34+00:00,0.585
2026-02-27 21:54:22+00:00,0.585
2026-02-27 21:55:23+00:00,0.585
2026-02-27 21:56:24+00:00,0.585
2026-02-27 21:57:23+00:00,0.585
2026-02-27 21:58:23+00:00,0.585
2026-02-27 21:59:21+00:00,0.585
2026-02-27 22:00:30+00:00,0.585
2026-02-27 22:01:24+00:00,0.585
2026-02-27 22:02:34+00:00,0.585
2026-02-27 22:03:40+00:00,0.585
2026-02-27 22:04:23+00:00,0.585
2026-02-27 22:05:27+00:00,0.585
2026-02-27 22:06:24+00:00,0.585
2026-02-27 22:07:27+00:00,0.585
2026-02-27 22:08:23+00:00,0.585
2026-02-27 22:09:24+00:00,0.585
2026-02-27 22:10:25+00:00,0.585
2026-02-27 22:11:25+00:00,0.585
2026-02-27 22:12:24+00:00,0.585
2026-02-27 22:13:24+00:00,0.585
2026-02-27 22:14:23+00:00,0.585
2026-02-27 22:15:24+00:00,0.585
2026-02-27 22:16:27+00:00,0.585
2026-02-27 22:17:28+00:00,0.585
2026-02-27 22:18:24+00:00,0.585
2026-02-27 22:19:25+00:00,0.585
2026-02-27 22:20:25+00:00,0.585
2026-02-27 22:21:37+00:00,0.585
2026-02-27 22:22:37+00:00,0.585
2026-02-27 22:23:31+00:00,0.585
2026-02-27 22:24:25+00:00,0.585
2026-02-27 22:25:26+00:00,0.585
2026-02-27 22:26:25+00:00,0.585
2026-02-27 22:27:24+00:00,0.585
2026-02-27 22:28:24+00:00,0.585
2026-02-27 22:29:37+00:00,0.585
2026-02-27 22:30:31+00:00,0.585
2026-02-27 22:31:24+00:00,0.585
2026-02-27 22:32:39+00:00,0.585
2026-02-27 22:33:28+00:00,0.585
2026-02-27 22:34:24+00:00,0.585
2026-02-27 22:35:29+00:00,0.585
2026-02-27 22:36:25+00:00,0.585
2026-02-27 22:37:22+00:00,0.585
2026-02-27 22:38:23+00:00,0.585
2026-02-27 22:39:23+00:00,0.585
2026-02-27 22:40:28+00:00,0.585
2026-02-27 22:41:23+00:00,0.585
2026-02-27 22:42:26+00:00,0.585
2026-02-27 22:43:25+00:00,0.585
2026-02-27 22:44:25+00:00,0.585
2026-02-27 22:45:25+00:00,0.585
2026-02-27 22:46:24+00:00,0.585
2026-02-27 22:47:28+00:00,0.585
2026-02-27 22:48:28+00:00,0.585
2026-02-27 22:49:25+00:00,0.585
2026-02-27 22:50:26+00:00,0.585
2026-02-27 22:51:25+00:00,0.585
2026-02-27 22:52:25+00:00,0.585
2026-02-27 22:53:25+00:00,0.585
2026-02-27 22:54:25+00:00,0.585
2026-02-27 22:55:24+00:00,0.585
2026-02-27 22:56:37+00:00,0.585
2026-02-27 22:57:26+00:00,0.585
2026-02-27 22:58:41+00:00,0.585
2026-02-27 22:59:30+00:00,0.585
2026-02-27 23:00:34+00:00,0.585
2026-02-27 23:01:24+00:00,0.585
2026-02-27 23:02:25+00:00,0.585
2026-02-27 23:03:24+00:00,0.585
2026-02-27 23:04:24+00:00,0.585
2026-02-27 23:05:26+00:00,0.585
2026-02-27 23:06:26+00:00,0.585
2026-02-27 23:07:24+00:00,0.585
2026-02-27 23:08:24+00:00,0.585
2026-02-27 23:09:24+00:00,0.585
2026-02-27 23:10:28+00:00,0.585
2026-02-27 23:11:24+00:00,0.585
2026-02-27 23:12:25+00:00,0.585
2026-02-27 23:13:24+00:00,0.585
2026-02-27 23:14:36+00:00,0.585
2026-02-27 23:15:35+00:00,0.585
2026-02-27 23:16:25+00:00,0.585
2026-02-27 23:17:27+00:00,0.585
2026-02-27 23:18:23+00:00,0.585
2026-02-27 23:19:25+00:00,0.585
2026-02-27 23:20:27+00:00,0.585
2026-02-27 23:21:25+00:00,0.585
2026-02-27 23:22:25+00:00,0.585
2026-02-27 23:23:25+00:00,0.585
2026-02-27 23:24:41+00:00,0.585
2026-02-27 23:25:38+00:00,0.585
2026-02-27 23:26:23+00:00,0.585
2026-02-27 23:27:25+00:00,0.585
2026-02-27 23:28:25+00:00,0.585
2026-02-27 23:29:28+00:00,0.585
2026-02-27 23:30:29+00:00,0.585
2026-02-27 23:31:25+00:00,0.585
2026-02-27 23:32:23+00:00,0.585
2026-02-27 23:33:24+00:00,0.585
2026-02-27 23:34:23+00:00,0.585
2026-02-27 23:35:26+00:00,0.585
2026-02-27 23:36:24+00:00,0.585
2026-02-27 23:37:23+00:00,0.585
2026-02-27 23:38:25+00:00,0.585
2026-02-27 23:39:24+00:00,0.585
2026-02-27 23:40:25+00:00,0.585
2026-02-27 23:41:26+00:00,0.585
2026-02-27 23:42:24+00:00,0.585
2026-02-27 23:43:23+00:00,0.585
2026-02-27 23:44:24+00:00,0.585
2026-02-27 23:45:26+00:00,0.585
2026-02-27 23:46:25+00:00,0.585
2026-02-27 23:47:24+00:00,0.585
2026-02-27 23:48:24+00:00,0.585
2026-02-27 23:49:26+00:00,0.585
2026-02-27 23:50:46+00:00,0.585
2026-02-27 23:51:40+00:00,0.585
2026-02-27 23:52:25+00:00,0.585
2026-02-27 23:53:24+00:00,0.585
2026-02-27 23:54:24+00:00,0.585
2026-02-27 23:55:25+00:00,0.585
2026-02-27 23:56:24+00:00,0.585
2026-02-27 23:57:23+00:00,0.585
2026-02-27 23:58:26+00:00,0.585
2026-02-27 23:59:24+00:00,0.585
2026-02-28 00:00:38+00:00,0.585
2026-02-28 00:01:25+00:00,0.585
2026-02-28 00:02:25+00:00,0.585
2026-02-28 00:03:25+00:00,0.585
2026-02-28 00:04:26+00:00,0.585
2026-02-28 00:05:25+00:00,0.585
2026-02-28 00:06:25+00:00,0.585
2026-02-28 00:07:26+00:00,0.585
2026-02-28 00:08:24+00:00,0.585
2026-02-28 00:09:24+00:00,0.585
2026-02-28 00:10:28+00:00,0.585
2026-02-28 00:11:23+00:00,0.585
2026-02-28 00:12:25+00:00,0.585
2026-02-28 00:13:25+00:00,0.585
2026-02-28 00:14:23+00:00,0.585
2026-02-28 00:15:46+00:00,0.585
2026-02-28 00:16:25+00:00,0.585
2026-02-28 00:17:24+00:00,0.585
2026-02-28 00:18:26+00:00,0.585
2026-02-28 00:19:25+00:00,0.585
2026-02-28 00:20:25+00:00,0.585
2026-02-28 00:21:25+00:00,0.585
2026-02-28 00:22:25+00:00,0.585
2026-02-28 00:23:26+00:00,0.585
2026-02-28 00:24:25+00:00,0.585
2026-02-28 00:25:26+00:00,0.585
2026-02-28 00:26:32+00:00,0.585
2026-02-28 00:27:25+00:00,0.585
2026-02-28 00:28:25+00:00,0.585
2026-02-28 00:29:25+00:00,0.585
2026-02-28 00:30:28+00:00,0.585
2026-02-28 00:31:25+00:00,0.585
2026-02-28 00:32:24+00:00,0.585
2026-02-28 00:33:24+00:00,0.585
2026-02-28 00:34:24+00:00,0.585
2026-02-28 00:35:24+00:00,0.585
2026-02-28 00:36:25+00:00,0.585
2026-02-28 00:37:25+00:00,0.585
2026-02-28 00:38:25+00:00,0.585
2026-02-28 00:39:24+00:00,0.585
2026-02-28 00:40:26+00:00,0.585
2026-02-28 00:41:25+00:00,0.585
2026-02-28 00:42:24+00:00,0.585
2026-02-28 00:43:25+00:00,0.585
2026-02-28 00:44:24+00:00,0.585
2026-02-28 00:45:26+00:00,0.585
2026-02-28 00:46:24+00:00,0.585
2026-02-28 00:47:25+00:00,0.585
2026-02-28 00:48:26+00:00,0.585
2026-02-28 00:49:27+00:00,0.585
2026-02-28 00:50:25+00:00,0.585
2026-02-28 00:51:25+00:00,0.585
2026-02-28 00:52:33+00:00,0.585
2026-02-28 00:53:26+00:00,0.585
2026-02-28 00:54:26+00:00,0.585
2026-02-28 00:55:27+00:00,0.585
2026-02-28 00:56:26+00:00,0.585
2026-02-28 00:57:25+00:00,0.585
2026-02-28 00:58:24+00:00,0.585
2026-02-28 00:59:25+00:00,0.585
2026-02-28 01:00:27+00:00,0.585
2026-02-28 01:01:25+00:00,0.585
2026-02-28 01:02:24+00:00,0.585
2026-02-28 01:03:24+00:00,0.585
2026-02-28 01:04:26+00:00,0.585
2026-02-28 01:05:26+00:00,0.585
2026-02-28 01:06:32+00:00,0.585
2026-02-28 01:07:23+00:00,0.585
2026-02-28 01:08:23+00:00,0.585
2026-02-28 01:09:38+00:00,0.585
2026-02-28 01:10:26+00:00,0.585
2026-02-28 01:11:22+00:00,0.585
2026-02-28 01:12:26+00:00,0.585
2026-02-28 01:13:26+00:00,0.585
2026-02-28 01:14:26+00:00,0.585
2026-02-28 01:15:25+00:00,0.585
2026-02-28 01:16:25+00:00,0.585
2026-02-28 01:17:26+00:00,0.585
2026-02-28 01:18:25+00:00,0.585
2026-02-28 01:19:24+00:00,0.585
2026-02-28 01:20:27+00:00,0.585
2026-02-28 01:21:25+00:00,0.585
2026-02-28 01:22:26+00:00,0.585
2026-02-28 01:23:24+00:00,0.585
2026-02-28 01:24:25+00:00,0.585
2026-02-28 01:25:27+00:00,0.585
2026-02-28 01:26:23+00:00,0.585
2026-02-28 01:27:25+00:00,0.585
2026-02-28 01:28:26+00:00,0.585
2026-02-28 01:29:25+00:00,0.585
2026-02-28 01:30:27+00:00,0.585
2026-02-28 01:31:24+00:00,0.585
2026-02-28 01:32:49+00:00,0.585
2026-02-28 01:33:31+00:00,0.585
2026-02-28 01:34:24+00:00,0.585
2026-02-28 01:35:25+00:00,0.585
2026-02-28 01:36:25+00:00,0.585
2026-02-28 01:37:23+00:00,0.585
2026-02-28 01:38:25+00:00,0.585
2026-02-28 01:39:24+00:00,0.585
2026-02-28 01:40:25+00:00,0.585
2026-02-28 01:41:23+00:00,0.585
2026-02-28 01:42:25+00:00,0.585
2026-02-28 01:43:25+00:00,0.585
2026-02-28 01:44:25+00:00,0.585
2026-02-28 01:45:27+00:00,0.585
2026-02-28 01:46:24+00:00,0.585
2026-02-28 01:47:25+00:00,0.585
2026-02-28 01:48:23+00:00,0.585
2026-02-28 01:49:25+00:00,0.585
2026-02-28 01:50:26+00:00,0.585
2026-02-28 01:51:23+00:00,0.585
2026-02-28 01:52:25+00:00,0.585
2026-02-28 01:53:24+00:00,0.585
2026-02-28 01:54:25+00:00,0.585
2026-02-28 01:55:26+00:00,0.585
2026-02-28 01:56:25+00:00,0.585
2026-02-28 01:57:26+00:00,0.585
2026-02-28 01:58:53+00:00,0.585
2026-02-28 01:59:36+00:00,0.585
2026-02-28 02:00:32+00:00,0.585
2026-02-28 02:01:25+00:00,0.585
2026-02-28 02:02:26+00:00,0.595
2026-02-28 02:03:26+00:00,0.595
2026-02-28 02:04:25+00:00,0.595
2026-02-28 02:05:26+00:00,0.595
2026-02-28 02:06:38+00:00,0.595
2026-02-28 02:07:24+00:00,0.595
2026-02-28 02:08:24+00:00,0.595
2026-02-28 02:09:25+00:00,0.595
2026-02-28 02:10:27+00:00,0.595
2026-02-28 02:11:25+00:00,0.595
2026-02-28 02:12:52+00:00,0.595
2026-02-28 02:13:38+00:00,0.595
2026-02-28 02:14:25+00:00,0.595
2026-02-28 02:15:27+00:00,0.595
2026-02-28 02:16:24+00:00,0.595
2026-02-28 02:17:25+00:00,0.595
2026-02-28 02:18:25+00:00,0.595
2026-02-28 02:19:25+00:00,0.595
2026-02-28 02:20:26+00:00,0.595
2026-02-28 02:21:24+00:00,0.595
2026-02-28 02:22:25+00:00,0.595
2026-02-28 02:23:26+00:00,0.595
2026-02-28 02:24:24+00:00,0.595
2026-02-28 02:25:29+00:00,0.595
2026-02-28 02:26:24+00:00,0.595
2026-02-28 02:27:25+00:00,0.595
2026-02-28 02:28:25+00:00,0.595
2026-02-28 02:29:25+00:00,0.595
2026-02-28 02:30:28+00:00,0.595
2026-02-28 02:31:23+00:00,0.595
2026-02-28 02:32:25+00:00,0.595
2026-02-28 02:33:26+00:00,0.595
2026-02-28 02:34:25+00:00,0.595
2026-02-28 02:35:24+00:00,0.595
2026-02-28 02:36:25+00:00,0.595
2026-02-28 02:37:24+00:00,0.595
2026-02-28 02:38:39+00:00,0.595
2026-02-28 02:39:27+00:00,0.595
2026-02-28 02:40:27+00:00,0.595
2026-02-28 02:41:25+00:00,0.595
2026-02-28 02:42:24+00:00,0.595
2026-02-28 02:43:26+00:00,0.595
2026-02-28 02:44:24+00:00,0.595
2026-02-28 02:45:25+00:00,0.595
2026-02-28 02:46:38+00:00,0.595
2026-02-28 02:47:25+00:00,0.595
2026-02-28 02:48:40+00:00,0.595
2026-02-28 02:49:25+00:00,0.595
2026-02-28 02:50:41+00:00,0.595
2026-02-28 02:51:24+00:00,0.595
2026-02-28 02:52:25+00:00,0.595
2026-02-28 02:53:25+00:00,0.595
2026-02-28 02:54:26+00:00,0.595
2026-02-28 02:55:25+00:00,0.595
2026-02-28 02:56:24+00:00,0.595
2026-02-28 02:57:24+00:00,0.595
2026-02-28 02:58:24+00:00,0.585
2026-02-28 02:59:26+00:00,0.585
2026-02-28 03:00:29+00:00,0.585
2026-02-28 03:01:25+00:00,0.585
2026-02-28 03:02:24+00:00,0.585
2026-02-28 03:03:26+00:00,0.585
2026-02-28 03:04:40+00:00,0.585
2026-02-28 03:05:28+00:00,0.585
2026-02-28 03:06:25+00:00,0.585
2026-02-28 03:07:26+00:00,0.585
2026-02-28 03:08:25+00:00,0.585
2026-02-28 03:09:25+00:00,0.585
2026-02-28 03:10:28+00:00,0.585
2026-02-28 03:11:24+00:00,0.585
2026-02-28 03:12:23+00:00,0.585
2026-02-28 03:13:24+00:00,0.585
2026-02-28 03:14:25+00:00,0.585
2026-02-28 03:15:29+00:00,0.585
2026-02-28 03:16:25+00:00,0.585
2026-02-28 03:17:25+00:00,0.585
2026-02-28 03:18:26+00:00,0.585
2026-02-28 03:19:24+00:00,0.585
2026-02-28 03:20:25+00:00,0.585
2026-02-28 03:21:39+00:00,0.585
2026-02-28 03:22:24+00:00,0.585
2026-02-28 03:23:26+00:00,0.585
2026-02-28 03:24:25+00:00,0.585
2026-02-28 03:25:25+00:00,0.585
2026-02-28 03:26:23+00:00,0.585
2026-02-28 03:27:40+00:00,0.585
2026-02-28 03:28:30+00:00,0.585
2026-02-28 03:29:24+00:00,0.585
2026-02-28 03:30:28+00:00,0.585
2026-02-28 03:31:24+00:00,0.585
2026-02-28 03:32:24+00:00,0.585
2026-02-28 03:33:25+00:00,0.585
2026-02-28 03:34:37+00:00,0.585
2026-02-28 03:35:26+00:00,0.585
2026-02-28 03:36:35+00:00,0.585
2026-02-28 03:37:24+00:00,0.585
2026-02-28 03:38:26+00:00,0.585
2026-02-28 03:39:26+00:00,0.585
2026-02-28 03:40:26+00:00,0.585
2026-02-28 03:41:25+00:00,0.585
2026-02-28 03:42:25+00:00,0.585
2026-02-28 03:43:25+00:00,0.585
2026-02-28 03:44:24+00:00,0.585
2026-02-28 03:45:24+00:00,0.585
2026-02-28 03:46:23+00:00,0.585
2026-02-28 03:47:23+00:00,0.585
2026-02-28 03:48:23+00:00,0.585
2026-02-28 03:49:23+00:00,0.585
2026-02-28 03:50:25+00:00,0.585
2026-02-28 03:51:25+00:00,0.585
2026-02-28 03:52:25+00:00,0.585
2026-02-28 03:53:39+00:00,0.585
2026-02-28 03:54:32+00:00,0.585
2026-02-28 03:55:25+00:00,0.585
2026-02-28 03:56:23+00:00,0.585
2026-02-28 03:57:24+00:00,0.585
2026-02-28 03:58:39+00:00,0.585
2026-02-28 03:59:22+00:00,0.585
2026-02-28 04:00:28+00:00,0.585
2026-02-28 04:01:24+00:00,0.585
2026-02-28 04:02:25+00:00,0.585
2026-02-28 04:03:26+00:00,0.585
2026-02-28 04:04:24+00:00,0.585
2026-02-28 04:05:25+00:00,0.585
2026-02-28 04:06:38+00:00,0.585
2026-02-28 04:07:24+00:00,0.585
2026-02-28 04:08:25+00:00,0.585
2026-02-28 04:09:27+00:00,0.585
2026-02-28 04:10:26+00:00,0.585
2026-02-28 04:11:25+00:00,0.585
2026-02-28 04:12:36+00:00,0.585
2026-02-28 04:13:24+00:00,0.585
2026-02-28 04:14:39+00:00,0.585
2026-02-28 04:15:25+00:00,0.585
2026-02-28 04:16:24+00:00,0.585
2026-02-28 04:17:25+00:00,0.585
2026-02-28 04:18:24+00:00,0.585
2026-02-28 04:19:42+00:00,0.585
2026-02-28 04:20:39+00:00,0.585
2026-02-28 04:21:25+00:00,0.585
2026-02-28 04:22:24+00:00,0.585
2026-02-28 04:23:23+00:00,0.585
2026-02-28 04:24:25+00:00,0.585
2026-02-28 04:25:27+00:00,0.585
2026-02-28 04:26:25+00:00,0.585
2026-02-28 04:27:23+00:00,0.585
2026-02-28 04:28:25+00:00,0.585
2026-02-28 04:29:25+00:00,0.585
2026-02-28 04:30:28+00:00,0.585
2026-02-28 04:31:25+00:00,0.585
2026-02-28 04:32:24+00:00,0.585
2026-02-28 04:33:25+00:00,0.585
2026-02-28 04:34:25+00:00,0.585
2026-02-28 04:35:28+00:00,0.585
2026-02-28 04:36:23+00:00,0.585
2026-02-28 04:37:24+00:00,0.585
2026-02-28 04:38:24+00:00,0.585
2026-02-28 04:39:24+00:00,0.585
2026-02-28 04:40:25+00:00,0.585
2026-02-28 04:41:25+00:00,0.585
2026-02-28 04:42:24+00:00,0.585
2026-02-28 04:43:24+00:00,0.585
2026-02-28 04:44:44+00:00,0.595
2026-02-28 04:45:41+00:00,0.595
2026-02-28 04:46:25+00:00,0.595
2026-02-28 04:47:24+00:00,0.595
2026-02-28 04:48:25+00:00,0.595
2026-02-28 04:49:25+00:00,0.595
2026-02-28 04:50:29+00:00,0.595
2026-02-28 04:51:25+00:00,0.595
2026-02-28 04:52:26+00:00,0.595
2026-02-28 04:53:36+00:00,0.595
2026-02-28 04:54:26+00:00,0.595
2026-02-28 04:55:25+00:00,0.595
2026-02-28 04:56:24+00:00,0.595
2026-02-28 04:57:24+00:00,0.595
2026-02-28 04:58:23+00:00,0.595
2026-02-28 04:59:24+00:00,0.595
2026-02-28 05:00:28+00:00,0.595
2026-02-28 05:01:24+00:00,0.595
2026-02-28 05:02:25+00:00,0.595
2026-02-28 05:03:26+00:00,0.59
2026-02-28 05:04:26+00:00,0.59
2026-02-28 05:05:25+00:00,0.59
2026-02-28 05:06:23+00:00,0.59
2026-02-28 05:07:24+00:00,0.59
2026-02-28 05:08:38+00:00,0.59
2026-02-28 05:09:26+00:00,0.59
2026-02-28 05:10:41+00:00,0.59
2026-02-28 05:11:32+00:00,0.59
2026-02-28 05:12:23+00:00,0.59
2026-02-28 05:13:24+00:00,0.59
2026-02-28 05:14:25+00:00,0.59
2026-02-28 05:15:25+00:00,0.59
2026-02-28 05:16:24+00:00,0.59
2026-02-28 05:17:25+00:00,0.59
2026-02-28 05:18:25+00:00,0.59
2026-02-28 05:19:26+00:00,0.59
2026-02-28 05:20:26+00:00,0.59
2026-02-28 05:21:24+00:00,0.59
2026-02-28 05:22:25+00:00,0.59
2026-02-28 05:23:24+00:00,0.59
2026-02-28 05:24:25+00:00,0.59
2026-02-28 05:25:27+00:00,0.59
2026-02-28 05:26:24+00:00,0.59
2026-02-28 05:27:24+00:00,0.585
2026-02-28 05:28:41+00:00,0.585
2026-02-28 05:29:31+00:00,0.585
2026-02-28 05:30:29+00:00,0.585
2026-02-28 05:31:26+00:00,0.585
2026-02-28 05:32:39+00:00,0.585
2026-02-28 05:33:26+00:00,0.585
2026-02-28 05:34:23+00:00,0.585
2026-02-28 05:35:27+00:00,0.585
2026-02-28 05:36:25+00:00,0.585
2026-02-28 05:37:24+00:00,0.585
2026-02-28 05:38:24+00:00,0.585
2026-02-28 05:39:24+00:00,0.585
2026-02-28 05:40:25+00:00,0.585
2026-02-28 05:41:28+00:00,0.585
2026-02-28 05:42:36+00:00,0.585
2026-02-28 05:43:23+00:00,0.585
2026-02-28 05:44:23+00:00,0.585
2026-02-28 05:45:26+00:00,0.585
2026-02-28 05:46:25+00:00,0.59
2026-02-28 05:47:22+00:00,0.59
2026-02-28 05:48:23+00:00,0.59
2026-02-28 05:49:25+00:00,0.59
2026-02-28 05:50:25+00:00,0.59
2026-02-28 05:51:25+00:00,0.59
2026-02-28 05:52:24+00:00,0.59
2026-02-28 05:53:23+00:00,0.59
2026-02-28 05:54:40+00:00,0.59
2026-02-28 05:55:35+00:00,0.585
2026-02-28 05:56:23+00:00,0.585
2026-02-28 05:57:24+00:00,0.585
2026-02-28 05:58:23+00:00,0.585
2026-02-28 05:59:26+00:00,0.585
2026-02-28 06:00:33+00:00,0.585
2026-02-28 06:01:25+00:00,0.585
2026-02-28 06:02:25+00:00,0.585
2026-02-28 06:03:24+00:00,0.585
2026-02-28 06:04:24+00:00,0.585
2026-02-28 06:05:28+00:00,0.585
2026-02-28 06:06:24+00:00,0.585
2026-02-28 06:07:25+00:00,0.585
2026-02-28 06:08:25+00:00,0.585
2026-02-28 06:09:25+00:00,0.585
2026-02-28 06:10:27+00:00,0.585
2026-02-28 06:11:24+00:00,0.585
2026-02-28 06:12:25+00:00,0.585
2026-02-28 06:13:25+00:00,0.585
2026-02-28 06:14:23+00:00,0.585
2026-02-28 06:15:27+00:00,0.585
2026-02-28 06:16:24+00:00,0.585
2026-02-28 06:17:24+00:00,0.585
2026-02-28 06:18:25+00:00,0.585
2026-02-28 06:19:25+00:00,0.59
2026-02-28 06:20:44+00:00,0.59
2026-02-28 06:21:41+00:00,0.59
2026-02-28 06:22:26+00:00,0.59
2026-02-28 06:23:27+00:00,0.595
2026-02-28 06:24:25+00:00,0.595
2026-02-28 06:25:24+00:00,0.59
2026-02-28 06:26:25+00:00,0.59
2026-02-28 06:27:28+00:00,0.59
2026-02-28 06:28:24+00:00,0.585
2026-02-28 06:29:25+00:00,0.585
2026-02-28 06:30:29+00:00,0.585
2026-02-28 06:31:26+00:00,0.585
2026-02-28 06:32:26+00:00,0.585
2026-02-28 06:33:24+00:00,0.585
2026-02-28 06:34:25+00:00,0.585
2026-02-28 06:35:26+00:00,0.59
2026-02-28 06:36:42+00:00,0.59
2026-02-28 06:37:24+00:00,0.59
2026-02-28 06:38:25+00:00,0.59
2026-02-28 06:39:25+00:00,0.59
2026-02-28 06:40:26+00:00,0.59
2026-02-28 06:41:27+00:00,0.59
2026-02-28 06:42:24+00:00,0.59
2026-02-28 06:43:25+00:00,0.59
2026-02-28 06:44:23+00:00,0.59
2026-02-28 06:45:28+00:00,0.59
2026-02-28 06:46:25+00:00,0.59
2026-02-28 06:47:25+00:00,0.59
2026-02-28 06:48:24+00:00,0.59
2026-02-28 06:49:26+00:00,0.59
2026-02-28 06:50:27+00:00,0.59
2026-02-28 06:51:26+00:00,0.59
2026-02-28 06:52:26+00:00,0.59
2026-02-28 06:53:26+00:00,0.59
2026-02-28 06:54:27+00:00,0.59
2026-02-28 06:55:24+00:00,0.59
2026-02-28 06:56:44+00:00,0.59
2026-02-28 06:57:32+00:00,0.59
2026-02-28 06:58:24+00:00,0.59
2026-02-28 06:59:25+00:00,0.595
2026-02-28 07:00:32+00:00,0.595
2026-02-28 07:01:26+00:00,0.595
2026-02-28 07:02:28+00:00,0.59
2026-02-28 07:03:28+00:00,0.59
2026-02-28 07:04:26+00:00,0.59
2026-02-28 07:05:28+00:00,0.59
2026-02-28 07:06:25+00:00,0.59
2026-02-28 07:07:24+00:00,0.59
2026-02-28 07:08:27+00:00,0.59
2026-02-28 07:09:25+00:00,0.59
2026-02-28 07:10:26+00:00,0.595
2026-02-28 07:11:44+00:00,0.595
2026-02-28 07:12:38+00:00,0.595
2026-02-28 07:13:24+00:00,0.595
2026-02-28 07:14:25+00:00,0.595
2026-02-28 07:15:28+00:00,0.595
2026-02-28 07:16:49+00:00,0.595
2026-02-28 07:17:51+00:00,0.595
2026-02-28 07:18:27+00:00,0.595
2026-02-28 07:19:24+00:00,0.595
2026-02-28 07:20:28+00:00,0.595
2026-02-28 07:21:24+00:00,0.595
2026-02-28 07:22:27+00:00,0.595
2026-02-28 07:23:24+00:00,0.595
2026-02-28 07:24:25+00:00,0.595
2026-02-28 07:25:25+00:00,0.595
2026-02-28 07:26:25+00:00,0.595
2026-02-28 07:27:23+00:00,0.595
2026-02-28 07:28:24+00:00,0.595
2026-02-28 07:29:26+00:00,0.595
2026-02-28 07:30:29+00:00,0.595
2026-02-28 07:31:24+00:00,0.595
2026-02-28 07:32:25+00:00,0.595
2026-02-28 07:33:26+00:00,0.595
2026-02-28 07:34:25+00:00,0.595
2026-02-28 07:35:27+00:00,0.595
2026-02-28 07:36:26+00:00,0.595
2026-02-28 07:37:42+00:00,0.595
2026-02-28 07:38:33+00:00,0.595
2026-02-28 07:39:27+00:00,0.595
2026-02-28 07:40:30+00:00,0.595
2026-02-28 07:41:28+00:00,0.595
2026-02-28 07:42:26+00:00,0.595
2026-02-28 07:43:23+00:00,0.595
2026-02-28 07:44:24+00:00,0.595
2026-02-28 07:45:26+00:00,0.595
2026-02-28 07:46:26+00:00,0.595
2026-02-28 07:47:25+00:00,0.595
2026-02-28 07:48:26+00:00,0.595
2026-02-28 07:49:24+00:00,0.595
2026-02-28 07:50:28+00:00,0.595
2026-02-28 07:51:24+00:00,0.595
2026-02-28 07:52:25+00:00,0.595
2026-02-28 07:53:26+00:00,0.595
2026-02-28 07:54:26+00:00,0.595
2026-02-28 07:55:25+00:00,0.595
2026-02-28 07:56:24+00:00,0.595
2026-02-28 07:57:25+00:00,0.595
2026-02-28 07:58:25+00:00,0.595
2026-02-28 07:59:24+00:00,0.595
2026-02-28 08:00:38+00:00,0.595
2026-02-28 08:01:25+00:00,0.595
2026-02-28 08:02:23+00:00,0.595
2026-02-28 08:03:39+00:00,0.595
2026-02-28 08:04:29+00:00,0.595
2026-02-28 08:05:30+00:00,0.595
2026-02-28 08:06:25+00:00,0.595
2026-02-28 08:07:29+00:00,0.595
2026-02-28 08:08:25+00:00,0.595
2026-02-28 08:09:23+00:00,0.595
2026-02-28 08:10:27+00:00,0.595
2026-02-28 08:11:25+00:00,0.595
2026-02-28 08:12:24+00:00,0.595
2026-02-28 08:13:24+00:00,0.595
2026-02-28 08:14:23+00:00,0.595
2026-02-28 08:15:24+00:00,0.595
2026-02-28 08:16:24+00:00,0.595
2026-02-28 08:17:24+00:00,0.595
2026-02-28 08:18:24+00:00,0.595
2026-02-28 08:19:25+00:00,0.595
2026-02-28 08:20:29+00:00,0.595
2026-02-28 08:21:22+00:00,0.595
2026-02-28 08:22:26+00:00,0.595
2026-02-28 08:23:24+00:00,0.595
2026-02-28 08:24:25+00:00,0.595
2026-02-28 08:25:28+00:00,0.595
2026-02-28 08:26:24+00:00,0.595
2026-02-28 08:27:24+00:00,0.595
2026-02-28 08:28:26+00:00,0.595
2026-02-28 08:29:52+00:00,0.595
2026-02-28 08:30:52+00:00,0.595
2026-02-28 08:31:27+00:00,0.595
2026-02-28 08:32:27+00:00,0.595
2026-02-28 08:33:24+00:00,0.595
2026-02-28 08:34:24+00:00,0.595
2026-02-28 08:35:25+00:00,0.595
2026-02-28 08:36:23+00:00,0.595
2026-02-28 08:37:23+00:00,0.595
2026-02-28 08:38:24+00:00,0.595
2026-02-28 08:39:23+00:00,0.595
2026-02-28 08:40:25+00:00,0.595
2026-02-28 08:41:36+00:00,0.595
2026-02-28 08:42:24+00:00,0.595
2026-02-28 08:43:23+00:00,0.595
2026-02-28 08:44:25+00:00,0.595
2026-02-28 08:45:26+00:00,0.595
2026-02-28 08:46:24+00:00,0.595
2026-02-28 08:47:36+00:00,0.595
2026-02-28 08:48:24+00:00,0.595
2026-02-28 08:49:25+00:00,0.595
2026-02-28 08:50:37+00:00,0.595
2026-02-28 08:51:25+00:00,0.595
2026-02-28 08:52:23+00:00,0.595
2026-02-28 08:53:26+00:00,0.595
2026-02-28 08:54:24+00:00,0.595
2026-02-28 08:55:44+00:00,0.595
2026-02-28 08:56:39+00:00,0.595
2026-02-28 08:57:25+00:00,0.595
2026-02-28 08:58:25+00:00,0.595
2026-02-28 08:59:24+00:00,0.595
2026-02-28 09:00:45+00:00,0.595
2026-02-28 09:01:46+00:00,0.595
2026-02-28 09:02:24+00:00,0.595
2026-02-28 09:03:27+00:00,0.595
2026-02-28 09:04:24+00:00,0.595
2026-02-28 09:05:27+00:00,0.595
2026-02-28 09:06:25+00:00,0.595
2026-02-28 09:07:25+00:00,0.595
2026-02-28 09:08:26+00:00,0.595
2026-02-28 09:09:25+00:00,0.595
2026-02-28 09:10:26+00:00,0.595
2026-02-28 09:11:24+00:00,0.595
2026-02-28 09:12:25+00:00,0.595
2026-02-28 09:13:24+00:00,0.595
2026-02-28 09:14:26+00:00,0.595
2026-02-28 09:15:27+00:00,0.595
2026-02-28 09:16:23+00:00,0.595
2026-02-28 09:17:23+00:00,0.595
2026-02-28 09:18:26+00:00,0.595
2026-02-28 09:19:24+00:00,0.595
2026-02-28 09:20:26+00:00,0.595
2026-02-28 09:21:24+00:00,0.595
2026-02-28 09:22:25+00:00,0.595
2026-02-28 09:23:24+00:00,0.595
2026-02-28 09:24:26+00:00,0.595
2026-02-28 09:25:27+00:00,0.595
2026-02-28 09:26:24+00:00,0.595
2026-02-28 09:27:46+00:00,0.595
2026-02-28 09:28:23+00:00,0.595
2026-02-28 09:29:26+00:00,0.595
2026-02-28 09:30:30+00:00,0.595
2026-02-28 09:31:23+00:00,0.595
2026-02-28 09:32:25+00:00,0.595
2026-02-28 09:33:23+00:00,0.595
2026-02-28 09:34:25+00:00,0.595
2026-02-28 09:35:36+00:00,0.595
2026-02-28 09:36:40+00:00,0.595
2026-02-28 09:37:24+00:00,0.595
2026-02-28 09:38:25+00:00,0.595
2026-02-28 09:39:25+00:00,0.595
2026-02-28 09:40:25+00:00,0.595
2026-02-28 09:41:24+00:00,0.595
2026-02-28 09:42:47+00:00,0.595
2026-02-28 09:43:47+00:00,0.595
2026-02-28 09:44:26+00:00,0.595
2026-02-28 09:45:25+00:00,0.595
2026-02-28 09:46:40+00:00,0.595
2026-02-28 09:47:25+00:00,0.595
2026-02-28 09:48:24+00:00,0.595
2026-02-28 09:49:38+00:00,0.595
2026-02-28 09:50:33+00:00,0.595
2026-02-28 09:51:23+00:00,0.595
2026-02-28 09:52:35+00:00,0.595
2026-02-28 09:53:25+00:00,0.595
2026-02-28 09:54:25+00:00,0.595
2026-02-28 09:55:25+00:00,0.595
2026-02-28 09:56:24+00:00,0.595
2026-02-28 09:57:23+00:00,0.595
2026-02-28 09:58:23+00:00,0.595
2026-02-28 09:59:25+00:00,0.595
2026-02-28 10:00:33+00:00,0.595
2026-02-28 10:01:24+00:00,0.595
2026-02-28 10:02:23+00:00,0.595
2026-02-28 10:03:37+00:00,0.595
2026-02-28 10:04:25+00:00,0.595
2026-02-28 10:05:28+00:00,0.595
2026-02-28 10:06:25+00:00,0.595
2026-02-28 10:07:27+00:00,0.595
2026-02-28 10:08:24+00:00,0.595
2026-02-28 10:09:24+00:00,0.595
2026-02-28 10:10:25+00:00,0.595
2026-02-28 10:11:25+00:00,0.595
2026-02-28 10:12:25+00:00,0.595
2026-02-28 10:13:23+00:00,0.595
2026-02-28 10:14:24+00:00,0.595
2026-02-28 10:15:42+00:00,0.595
2026-02-28 10:16:34+00:00,0.595
2026-02-28 10:17:26+00:00,0.595
2026-02-28 10:18:26+00:00,0.595
2026-02-28 10:19:25+00:00,0.595
2026-02-28 10:20:26+00:00,0.595
2026-02-28 10:21:25+00:00,0.595
2026-02-28 10:22:26+00:00,0.595
2026-02-28 10:23:24+00:00,0.595
2026-02-28 10:24:25+00:00,0.595
2026-02-28 10:25:26+00:00,0.595
2026-02-28 10:26:24+00:00,0.595
2026-02-28 10:27:25+00:00,0.595
2026-02-28 10:28:24+00:00,0.595
2026-02-28 10:29:25+00:00,0.595
2026-02-28 10:30:27+00:00,0.595
2026-02-28 10:31:24+00:00,0.595
2026-02-28 10:32:27+00:00,0.595
2026-02-28 10:33:30+00:00,0.595
2026-02-28 10:34:26+00:00,0.595
2026-02-28 10:35:25+00:00,0.595
2026-02-28 10:36:25+00:00,0.595
2026-02-28 10:37:24+00:00,0.595
2026-02-28 10:38:24+00:00,0.595
2026-02-28 10:39:24+00:00,0.595
2026-02-28 10:40:26+00:00,0.595
2026-02-28 10:41:41+00:00,0.595
2026-02-28 10:42:30+00:00,0.595
2026-02-28 10:43:24+00:00,0.595
2026-02-28 10:44:24+00:00,0.595
2026-02-28 10:45:29+00:00,0.595
2026-02-28 10:46:25+00:00,0.595
2026-02-28 10:47:23+00:00,0.595
2026-02-28 10:48:24+00:00,0.595
2026-02-28 10:49:24+00:00,0.595
2026-02-28 10:50:27+00:00,0.595
2026-02-28 10:51:24+00:00,0.595
2026-02-28 10:52:24+00:00,0.595
2026-02-28 10:53:25+00:00,0.595
2026-02-28 10:54:24+00:00,0.595
2026-02-28 10:55:26+00:00,0.595
2026-02-28 10:56:40+00:00,0.595
2026-02-28 10:57:26+00:00,0.595
2026-02-28 10:58:25+00:00,0.595
2026-02-28 10:59:23+00:00,0.595
2026-02-28 11:00:29+00:00,0.595
2026-02-28 11:01:34+00:00,0.595
2026-02-28 11:02:25+00:00,0.585
2026-02-28 11:03:26+00:00,0.585
2026-02-28 11:04:25+00:00,0.585
2026-02-28 11:05:24+00:00,0.585
2026-02-28 11:06:24+00:00,0.585
2026-02-28 11:07:41+00:00,0.585
2026-02-28 11:08:32+00:00,0.585
2026-02-28 11:09:24+00:00,0.585
2026-02-28 11:10:30+00:00,0.585
2026-02-28 11:11:26+00:00,0.585
2026-02-28 11:12:25+00:00,0.585
2026-02-28 11:13:23+00:00,0.585
2026-02-28 11:14:24+00:00,0.585
2026-02-28 11:15:25+00:00,0.585
2026-02-28 11:16:25+00:00,0.585
2026-02-28 11:17:25+00:00,0.585
2026-02-28 11:18:26+00:00,0.585
2026-02-28 11:19:27+00:00,0.585
2026-02-28 11:20:26+00:00,0.585
2026-02-28 11:21:24+00:00,0.585
2026-02-28 11:22:24+00:00,0.585
2026-02-28 11:23:24+00:00,0.585
2026-02-28 11:24:25+00:00,0.585
2026-02-28 11:25:37+00:00,0.585
2026-02-28 11:26:25+00:00,0.585
2026-02-28 11:27:24+00:00,0.595
2026-02-28 11:28:24+00:00,0.595
2026-02-28 11:29:25+00:00,0.595
2026-02-28 11:30:29+00:00,0.595
2026-02-28 11:31:25+00:00,0.595
2026-02-28 11:32:25+00:00,0.585
2026-02-28 11:33:42+00:00,0.585
2026-02-28 11:34:33+00:00,0.585
2026-02-28 11:35:29+00:00,0.585
2026-02-28 11:36:23+00:00,0.585
2026-02-28 11:37:25+00:00,0.585
2026-02-28 11:38:24+00:00,0.585
2026-02-28 11:39:23+00:00,0.595
2026-02-28 11:40:26+00:00,0.595
2026-02-28 11:41:25+00:00,0.595
2026-02-28 11:42:25+00:00,0.595
2026-02-28 11:43:24+00:00,0.595
2026-02-28 11:44:24+00:00,0.595
2026-02-28 11:45:24+00:00,0.595
2026-02-28 11:46:25+00:00,0.595
2026-02-28 11:47:25+00:00,0.595
2026-02-28 11:48:26+00:00,0.595
2026-02-28 11:49:24+00:00,0.595
2026-02-28 11:50:27+00:00,0.595
2026-02-28 11:51:23+00:00,0.595
2026-02-28 11:52:39+00:00,0.595
2026-02-28 11:53:25+00:00,0.595
2026-02-28 11:54:26+00:00,0.595
2026-02-28 11:55:25+00:00,0.595
2026-02-28 11:56:24+00:00,0.595
2026-02-28 11:57:25+00:00,0.595
2026-02-28 11:58:25+00:00,0.595
2026-02-28 11:59:42+00:00,0.595
2026-02-28 12:00:57+00:00,0.595
2026-02-28 12:01:31+00:00,0.595
2026-02-28 12:02:23+00:00,0.595
2026-02-28 12:03:24+00:00,0.595
2026-02-28 12:04:25+00:00,0.595
2026-02-28 12:05:24+00:00,0.595
2026-02-28 12:06:25+00:00,0.595
2026-02-28 12:07:24+00:00,0.595
2026-02-28 12:08:45+00:00,0.595
2026-02-28 12:09:47+00:00,0.595
2026-02-28 12:10:29+00:00,0.595
2026-02-28 12:11:23+00:00,0.595
2026-02-28 12:12:26+00:00,0.595
2026-02-28 12:13:26+00:00,0.595
2026-02-28 12:14:24+00:00,0.595
2026-02-28 12:15:26+00:00,0.595
2026-02-28 12:16:26+00:00,0.595
2026-02-28 12:17:24+00:00,0.595
2026-02-28 12:18:26+00:00,0.595
2026-02-28 12:19:25+00:00,0.595
2026-02-28 12:20:25+00:00,0.595
2026-02-28 12:21:26+00:00,0.595
2026-02-28 12:22:24+00:00,0.595
2026-02-28 12:23:24+00:00,0.595
2026-02-28 12:24:24+00:00,0.595
2026-02-28 12:25:56+00:00,0.595
2026-02-28 12:26:47+00:00,0.595
2026-02-28 12:27:24+00:00,0.595
2026-02-28 12:28:24+00:00,0.595
2026-02-28 12:29:24+00:00,0.595
2026-02-28 12:30:27+00:00,0.595
2026-02-28 12:31:24+00:00,0.595
2026-02-28 12:32:27+00:00,0.595
2026-02-28 12:33:25+00:00,0.595
2026-02-28 12:34:24+00:00,0.595
2026-02-28 12:35:26+00:00,0.595
2026-02-28 12:36:23+00:00,0.595
2026-02-28 12:37:25+00:00,0.595
2026-02-28 12:38:23+00:00,0.595
2026-02-28 12:39:26+00:00,0.595
2026-02-28 12:40:37+00:00,0.595
2026-02-28 12:41:23+00:00,0.595
2026-02-28 12:42:24+00:00,0.595
2026-02-28 12:43:25+00:00,0.595
2026-02-28 12:44:39+00:00,0.595
2026-02-28 12:45:33+00:00,0.595
2026-02-28 12:46:26+00:00,0.595
2026-02-28 12:47:27+00:00,0.595
2026-02-28 12:48:24+00:00,0.595
2026-02-28 12:49:25+00:00,0.595
2026-02-28 12:50:25+00:00,0.595
2026-02-28 12:51:39+00:00,0.595
2026-02-28 12:52:25+00:00,0.595
2026-02-28 12:53:24+00:00,0.595
2026-02-28 12:54:36+00:00,0.595
2026-02-28 12:55:25+00:00,0.605
2026-02-28 12:56:23+00:00,0.605
2026-02-28 12:57:23+00:00,0.605
2026-02-28 12:58:26+00:00,0.605
2026-02-28 12:59:27+00:00,0.605
2026-02-28 13:00:30+00:00,0.605
2026-02-28 13:01:26+00:00,0.605
2026-02-28 13:02:25+00:00,0.605
2026-02-28 13:03:25+00:00,0.605
2026-02-28 13:04:24+00:00,0.595
2026-02-28 13:05:27+00:00,0.605
2026-02-28 13:06:24+00:00,0.605
2026-02-28 13:07:24+00:00,0.605
2026-02-28 13:08:38+00:00,0.605
2026-02-28 13:09:23+00:00,0.605
2026-02-28 13:10:44+00:00,0.605
2026-02-28 13:11:37+00:00,0.605
2026-02-28 13:12:25+00:00,0.605
2026-02-28 13:13:23+00:00,0.605
2026-02-28 13:14:25+00:00,0.605
2026-02-28 13:15:25+00:00,0.605
2026-02-28 13:16:24+00:00,0.605
2026-02-28 13:17:25+00:00,0.605
2026-02-28 13:18:24+00:00,0.605
2026-02-28 13:19:26+00:00,0.605
2026-02-28 13:20:26+00:00,0.605
2026-02-28 13:21:26+00:00,0.605
2026-02-28 13:22:23+00:00,0.605
2026-02-28 13:23:26+00:00,0.605
2026-02-28 13:24:28+00:00,0.605
2026-02-28 13:25:25+00:00,0.605
2026-02-28 13:26:24+00:00,0.605
2026-02-28 13:27:37+00:00,0.605
2026-02-28 13:28:24+00:00,0.605
2026-02-28 13:29:23+00:00,0.605
2026-02-28 13:30:28+00:00,0.605
2026-02-28 13:31:23+00:00,0.605
2026-02-28 13:32:23+00:00,0.605
2026-02-28 13:33:25+00:00,0.605
2026-02-28 13:34:26+00:00,0.615
2026-02-28 13:35:24+00:00,0.655
2026-02-28 13:36:39+00:00,0.645
2026-02-28 13:37:32+00:00,0.645
2026-02-28 13:38:24+00:00,0.645
2026-02-28 13:39:25+00:00,0.645
2026-02-28 13:40:30+00:00,0.655
2026-02-28 13:41:24+00:00,0.66
2026-02-28 13:42:25+00:00,0.685
2026-02-28 13:43:23+00:00,0.725
2026-02-28 13:44:24+00:00,0.715
2026-02-28 13:45:28+00:00,0.715
2026-02-28 13:46:26+00:00,0.705
2026-02-28 13:47:26+00:00,0.69
2026-02-28 13:48:24+00:00,0.705
2026-02-28 13:49:26+00:00,0.74
2026-02-28 13:50:26+00:00,0.72
2026-02-28 13:51:24+00:00,0.755
2026-02-28 13:52:42+00:00,0.795
2026-02-28 13:53:23+00:00,0.795
2026-02-28 13:54:25+00:00,0.795
2026-02-28 13:55:32+00:00,0.785
2026-02-28 13:56:24+00:00,0.775
2026-02-28 13:57:27+00:00,0.795
2026-02-28 13:58:26+00:00,0.765
2026-02-28 13:59:27+00:00,0.775
2026-02-28 14:00:44+00:00,0.79
2026-02-28 14:01:29+00:00,0.795
2026-02-28 14:02:27+00:00,0.79
2026-02-28 14:03:27+00:00,0.785
2026-02-28 14:04:26+00:00,0.795
2026-02-28 14:05:28+00:00,0.805
2026-02-28 14:06:26+00:00,0.795
2026-02-28 14:07:27+00:00,0.795
2026-02-28 14:08:25+00:00,0.78
2026-02-28 14:09:27+00:00,0.795
2026-02-28 14:10:28+00:00,0.795
2026-02-28 14:11:26+00:00,0.8
2026-02-28 14:12:25+00:00,0.8
2026-02-28 14:13:26+00:00,0.795
2026-02-28 14:14:27+00:00,0.82
2026-02-28 14:15:26+00:00,0.815
2026-02-28 14:16:27+00:00,0.825
2026-02-28 14:17:31+00:00,0.84
2026-02-28 14:18:41+00:00,0.855
2026-02-28 14:19:26+00:00,0.855
2026-02-28 14:20:31+00:00,0.855
2026-02-28 14:21:27+00:00,0.86
2026-02-28 14:22:26+00:00,0.855
2026-02-28 14:23:24+00:00,0.855
2026-02-28 14:24:26+00:00,0.87
2026-02-28 14:25:27+00:00,0.855
2026-02-28 14:26:27+00:00,0.875
2026-02-28 14:27:26+00:00,0.895
2026-02-28 14:28:26+00:00,0.9
2026-02-28 14:29:26+00:00,0.895
2026-02-28 14:30:29+00:00,0.915
2026-02-28 14:31:26+00:00,0.91
2026-02-28 14:32:25+00:00,0.9
2026-02-28 14:33:26+00:00,0.905
2026-02-28 14:34:49+00:00,0.915
2026-02-28 14:35:52+00:00,0.925
2026-02-28 14:36:28+00:00,0.925
2026-02-28 14:37:27+00:00,0.925
2026-02-28 14:38:41+00:00,0.925
2026-02-28 14:39:32+00:00,0.92
2026-02-28 14:40:30+00:00,0.92
2026-02-28 14:41:27+00:00,0.935
2026-02-28 14:42:25+00:00,0.935
2026-02-28 14:43:25+00:00,0.935
2026-02-28 14:44:25+00:00,0.935
2026-02-28 14:45:28+00:00,0.935
2026-02-28 14:46:26+00:00,0.94
2026-02-28 14:47:26+00:00,0.955
2026-02-28 14:48:27+00:00,0.945
2026-02-28 14:49:27+00:00,0.945
2026-02-28 14:50:29+00:00,0.935
2026-02-28 14:51:26+00:00,0.93
2026-02-28 14:52:27+00:00,0.925
2026-02-28 14:53:26+00:00,0.925
2026-02-28 14:54:26+00:00,0.905
2026-02-28 14:55:27+00:00,0.915
2026-02-28 14:56:24+00:00,0.915
2026-02-28 14:57:27+00:00,0.905
2026-02-28 14:58:27+00:00,0.905
2026-02-28 14:59:28+00:00,0.915
2026-02-28 15:00:31+00:00,0.91
2026-02-28 15:01:26+00:00,0.905
2026-02-28 15:02:26+00:00,0.915
2026-02-28 15:03:26+00:00,0.92
2026-02-28 15:04:41+00:00,0.915
2026-02-28 15:05:37+00:00,0.91
2026-02-28 15:06:27+00:00,0.915
2026-02-28 15:07:26+00:00,0.9
2026-02-28 15:08:26+00:00,0.9
2026-02-28 15:09:27+00:00,0.905
2026-02-28 15:10:28+00:00,0.905
2026-02-28 15:11:26+00:00,0.89
2026-02-28 15:12:42+00:00,0.87
2026-02-28 15:13:36+00:00,0.87
2026-02-28 15:14:25+00:00,0.875
2026-02-28 15:15:30+00:00,0.86
2026-02-28 15:16:27+00:00,0.86
2026-02-28 15:17:27+00:00,0.855
2026-02-28 15:18:25+00:00,0.855
2026-02-28 15:19:25+00:00,0.865
2026-02-28 15:20:27+00:00,0.865
2026-02-28 15:21:26+00:00,0.865
2026-02-28 15:22:24+00:00,0.86
2026-02-28 15:23:25+00:00,0.855
2026-02-28 15:24:26+00:00,0.86
2026-02-28 15:25:31+00:00,0.86
2026-02-28 15:26:26+00:00,0.865
2026-02-28 15:27:26+00:00,0.865
2026-02-28 15:28:24+00:00,0.865
2026-02-28 15:29:24+00:00,0.865
2026-02-28 15:30:28+00:00,0.865
2026-02-28 15:31:26+00:00,0.865
2026-02-28 15:32:28+00:00,0.875
2026-02-28 15:33:26+00:00,0.87
2026-02-28 15:34:25+00:00,0.875
2026-02-28 15:35:27+00:00,0.875
2026-02-28 15:36:26+00:00,0.875
2026-02-28 15:37:26+00:00,0.88
2026-02-28 15:38:41+00:00,0.87
2026-02-28 15:39:35+00:00,0.865
2026-02-28 15:40:30+00:00,0.86
2026-02-28 15:41:25+00:00,0.905
2026-02-28 15:42:26+00:00,0.925
2026-02-28 15:43:26+00:00,0.935
2026-02-28 15:44:26+00:00,0.935
2026-02-28 15:45:27+00:00,0.935
2026-02-28 15:46:25+00:00,0.93
2026-02-28 15:47:26+00:00,0.915
2026-02-28 15:48:26+00:00,0.905
2026-02-28 15:49:28+00:00,0.905
2026-02-28 15:50:29+00:00,0.905
2026-02-28 15:51:24+00:00,0.905
2026-02-28 15:52:41+00:00,0.895
2026-02-28 15:53:25+00:00,0.9
2026-02-28 15:54:25+00:00,0.905
2026-02-28 15:55:25+00:00,0.885
2026-02-28 15:56:26+00:00,0.935
2026-02-28 15:57:25+00:00,0.935
2026-02-28 15:58:24+00:00,0.935
2026-02-28 15:59:26+00:00,0.945
2026-02-28 16:00:31+00:00,0.945
2026-02-28 16:01:27+00:00,0.945
2026-02-28 16:02:26+00:00,0.945
2026-02-28 16:03:27+00:00,0.945
2026-02-28 16:04:43+00:00,0.945
2026-02-28 16:05:43+00:00,0.945
2026-02-28 16:06:25+00:00,0.945
2026-02-28 16:07:25+00:00,0.945
2026-02-28 16:08:25+00:00,0.945
2026-02-28 16:09:26+00:00,0.945
2026-02-28 16:10:27+00:00,0.945
2026-02-28 16:11:30+00:00,0.945
2026-02-28 16:12:26+00:00,0.95
2026-02-28 16:13:26+00:00,0.925
2026-02-28 16:14:27+00:00,0.905
2026-02-28 16:15:27+00:00,0.915
2026-02-28 16:16:25+00:00,0.91
2026-02-28 16:17:26+00:00,0.925
2026-02-28 16:18:25+00:00,0.9
2026-02-28 16:19:28+00:00,0.895
2026-02-28 16:20:27+00:00,0.9
2026-02-28 16:21:27+00:00,0.955
2026-02-28 16:22:26+00:00,0.965
2026-02-28 16:23:25+00:00,0.965
2026-02-28 16:24:26+00:00,0.965
2026-02-28 16:25:44+00:00,0.95
2026-02-28 16:26:38+00:00,0.954
2026-02-28 16:27:25+00:00,0.9495
2026-02-28 16:28:27+00:00,0.9585
2026-02-28 16:29:26+00:00,0.953
2026-02-28 16:30:52+00:00,0.9355
2026-02-28 16:31:46+00:00,0.9645
2026-02-28 16:32:26+00:00,0.964
2026-02-28 16:33:27+00:00,0.9635
2026-02-28 16:34:25+00:00,0.9635
2026-02-28 16:35:27+00:00,0.9605
2026-02-28 16:36:26+00:00,0.982
2026-02-28 16:37:25+00:00,0.984
2026-02-28 16:38:26+00:00,0.988
2026-02-28 16:39:26+00:00,0.9885
2026-02-28 16:40:28+00:00,0.989
2026-02-28 16:41:26+00:00,0.9905
2026-02-28 16:42:27+00:00,0.9925
2026-02-28 16:43:26+00:00,0.9925
2026-02-28 16:44:26+00:00,0.9925
2026-02-28 16:45:47+00:00,0.991
2026-02-28 16:46:46+00:00,0.9855
2026-02-28 16:47:26+00:00,0.9845
2026-02-28 16:48:28+00:00,0.9865
2026-02-28 16:49:25+00:00,0.9875
2026-02-28 16:50:28+00:00,0.9815
2026-02-28 16:51:26+00:00,0.9655
2026-02-28 16:52:26+00:00,0.9645
2026-02-28 16:53:26+00:00,0.929
2026-02-28 16:54:25+00:00,0.92
2026-02-28 16:55:26+00:00,0.923
2026-02-28 16:56:24+00:00,0.9105
2026-02-28 16:57:25+00:00,0.87
2026-02-28 16:58:25+00:00,0.872
2026-02-28 16:59:26+00:00,0.8675
2026-02-28 17:00:54+00:00,0.917
2026-02-28 17:01:55+00:00,0.9405
2026-02-28 17:02:29+00:00,0.945
2026-02-28 17:03:27+00:00,0.9945
2026-02-28 17:04:26+00:00,0.986
2026-02-28 17:05:26+00:00,0.9835
2026-02-28 17:06:25+00:00,0.9905
2026-02-28 17:07:27+00:00,0.986
2026-02-28 17:08:25+00:00,0.9745
2026-02-28 17:09:25+00:00,0.9745
2026-02-28 17:10:28+00:00,0.9555
2026-02-28 17:11:42+00:00,0.981
2026-02-28 17:12:34+00:00,0.952
2026-02-28 17:13:26+00:00,0.85
2026-02-28 17:14:25+00:00,0.665
2026-02-28 17:15:31+00:00,0.8065
2026-02-28 17:16:27+00:00,0.9995
2026-02-28 17:17:27+00:00,0.9995
2026-02-28 17:18:28+00:00,0.9995
2026-02-28 17:19:26+00:00,0.9995
2026-02-28 17:20:41+00:00,0.9995
2026-02-28 17:21:26+00:00,0.9995
2026-02-28 17:22:27+00:00,0.9995
2026-02-28 17:23:27+00:00,0.9995
2026-02-28 17:24:30+00:00,0.9995
2026-02-28 17:25:30+00:00,0.9995
2026-02-28 17:26:27+00:00,0.9995
2026-02-28 17:27:25+00:00,0.9995
2026-02-28 17:28:26+00:00,0.9995
2026-02-28 17:29:25+00:00,0.9995
2026-02-28 17:30:30+00:00,0.9995
2026-02-28 17:31:26+00:00,0.9995
2026-02-28 17:32:28+00:00,0.9995
2026-02-28 17:33:24+00:00,0.9995
2026-02-28 17:34:27+00:00,0.9995
2026-02-28 17:35:47+00:00,0.9995
2026-02-28 17:36:40+00:00,0.9995
2026-02-28 17:37:27+00:00,0.9995
2026-02-28 17:38:25+00:00,0.9995
2026-02-28 17:39:26+00:00,0.9995
2026-02-28 17:40:27+00:00,0.9995
2026-02-28 17:41:25+00:00,0.9995
2026-02-28 17:42:26+00:00,0.9995
2026-02-28 17:43:25+00:00,0.9995
2026-02-28 17:44:26+00:00,0.9995
2026-02-28 17:45:28+00:00,0.9995
2026-02-28 17:46:27+00:00,0.9995
2026-02-28 17:47:25+00:00,0.9995
2026-02-28 17:48:26+00:00,0.9995
2026-02-28 17:49:26+00:00,0.9995
2026-02-28 17:50:27+00:00,0.9995
2026-02-28 17:51:27+00:00,0.9995
2026-02-28 17:52:26+00:00,0.9995
2026-02-28 17:53:24+00:00,0.9995
2026-02-28 17:54:26+00:00,0.9995
2026-02-28 17:55:25+00:00,0.9995
2026-02-28 17:56:26+00:00,0.9995
2026-02-28 17:57:26+00:00,0.9995
2026-02-28 17:58:28+00:00,0.9995
2026-02-28 17:59:25+00:00,0.9995
2026-02-28 18:00:33+00:00,0.9995
2026-02-28 18:01:42+00:00,0.9995
2026-02-28 18:02:35+00:00,0.9995
2026-02-28 18:03:26+00:00,0.9995
2026-02-28 18:04:28+00:00,0.9995
2026-02-28 18:05:42+00:00,0.9995
2026-02-28 18:06:25+00:00,0.9995
2026-02-28 18:07:25+00:00,0.9995
2026-02-28 18:08:27+00:00,0.9995
2026-02-28 18:09:26+00:00,0.9995
2026-02-28 18:10:28+00:00,0.9995
2026-02-28 18:11:25+00:00,0.9995
2026-02-28 18:12:25+00:00,0.9995
2026-02-28 18:13:25+00:00,0.9995
2026-02-28 18:14:26+00:00,0.9995
2026-02-28 18:15:47+00:00,0.9995
2026-02-28 18:16:43+00:00,0.9995
2026-02-28 18:17:25+00:00,0.9995
2026-02-28 18:18:25+00:00,0.9995
2026-02-28 18:19:26+00:00,0.9995
2026-02-28 18:20:27+00:00,0.9995
2026-02-28 18:21:27+00:00,0.9995
2026-02-28 18:22:26+00:00,0.9995
2026-02-28 18:23:24+00:00,0.9995
2026-02-28 18:24:26+00:00,0.9995
2026-02-28 18:25:27+00:00,0.9995
2026-02-28 18:26:27+00:00,0.9995
2026-02-28 18:27:27+00:00,0.9995
2026-02-28 18:28:25+00:00,0.9995
2026-02-28 18:29:25+00:00,0.9995
2026-02-28 18:30:31+00:00,0.9995
2026-02-28 18:31:27+00:00,0.9995
2026-02-28 18:32:27+00:00,0.9995
2026-02-28 18:33:24+00:00,0.9995
2026-02-28 18:34:26+00:00,0.9995
2026-02-28 18:35:26+00:00,0.9995
2026-02-28 18:36:25+00:00,0.9995
2026-02-28 18:37:29+00:00,0.9995
2026-02-28 18:38:25+00:00,0.9995
2026-02-28 18:39:26+00:00,0.9995
2026-02-28 18:40:36+00:00,0.9995
2026-02-28 18:41:43+00:00,0.9995
2026-02-28 18:42:35+00:00,0.9995
2026-02-28 18:43:26+00:00,0.9995
2026-02-28 18:44:25+00:00,0.9995
2026-02-28 18:45:30+00:00,0.9995
2026-02-28 18:46:27+00:00,0.9995
2026-02-28 18:47:26+00:00,0.9995
2026-02-28 18:48:41+00:00,0.9995
2026-02-28 18:49:26+00:00,0.9995
2026-02-28 18:50:27+00:00,0.9995
2026-02-28 18:51:27+00:00,0.9995
2026-02-28 18:52:25+00:00,0.9995
2026-02-28 18:53:27+00:00,0.9995
2026-02-28 18:54:25+00:00,0.9995
2026-02-28 18:55:47+00:00,0.9995
2026-02-28 18:56:44+00:00,0.9995
2026-02-28 18:57:27+00:00,0.9995
2026-02-28 18:58:26+00:00,0.9995
2026-02-28 18:59:24+00:00,0.9995
2026-02-28 19:00:30+00:00,0.9995
2026-02-28 19:01:26+00:00,0.9995
2026-02-28 19:02:27+00:00,0.9995
2026-02-28 19:03:27+00:00,0.9995
2026-02-28 19:04:26+00:00,0.9995
2026-02-28 19:05:27+00:00,0.9995
2026-02-28 19:06:27+00:00,0.9995
2026-02-28 19:07:25+00:00,0.9995
2026-02-28 19:08:25+00:00,0.9995
2026-02-28 19:09:25+00:00,0.9995
2026-02-28 19:10:28+00:00,0.9995
2026-02-28 19:11:25+00:00,0.9995
2026-02-28 19:12:26+00:00,0.9995
2026-02-28 19:13:26+00:00,0.9995
2026-02-28 19:14:26+00:00,0.9995
2026-02-28 19:15:27+00:00,0.9995
2026-02-28 19:16:25+00:00,0.9995
2026-02-28 19:17:27+00:00,0.9995
2026-02-28 19:18:27+00:00,0.9995
2026-02-28 19:19:26+00:00,0.9995
2026-02-28 19:20:26+00:00,0.9995
2026-02-28 19:21:44+00:00,0.9995
2026-02-28 19:22:40+00:00,0.9995
2026-02-28 19:23:25+00:00,0.9995
2026-02-28 19:24:25+00:00,0.9995
2026-02-28 19:25:30+00:00,0.9995
2026-02-28 19:27:01+00:00,0.9995
2026-02-28 19:28:00+00:00,0.9995
2026-02-28 19:28:35+00:00,0.9995
2026-02-28 19:29:26+00:00,0.9995
