timestamp,price
2026-03-27 18:44:31+00:00,0.9985
2026-03-27 18:45:28+00:00,0.9985
2026-03-27 18:46:32+00:00,0.9985
2026-03-27 18:47:29+00:00,0.9985
2026-03-27 18:48:45+00:00,0.9985
2026-03-27 18:49:27+00:00,0.9985
2026-03-27 18:50:33+00:00,0.9985
2026-03-27 18:51:27+00:00,0.9985
2026-03-27 18:52:28+00:00,0.9985
2026-03-27 18:53:46+00:00,0.9985
2026-03-27 18:54:27+00:00,0.9985
2026-03-27 18:55:29+00:00,0.9985
2026-03-27 18:56:26+00:00,0.9985
2026-03-27 18:57:30+00:00,0.9985
2026-03-27 18:58:31+00:00,0.9985
2026-03-27 18:59:28+00:00,0.9985
2026-03-27 19:00:35+00:00,0.9985
2026-03-27 19:01:27+00:00,0.9985
2026-03-27 19:02:38+00:00,0.9985
2026-03-27 19:03:38+00:00,0.9985
2026-03-27 19:04:40+00:00,0.9985
2026-03-27 19:05:29+00:00,0.9985
2026-03-27 19:06:28+00:00,0.9985
2026-03-27 19:07:27+00:00,0.9985
2026-03-27 19:08:26+00:00,0.9985
2026-03-27 19:09:28+00:00,0.9985
2026-03-27 19:10:32+00:00,0.9985
2026-03-27 19:11:28+00:00,0.9985
2026-03-27 19:12:35+00:00,0.9985
2026-03-27 19:13:27+00:00,0.9985
2026-03-27 19:14:29+00:00,0.9985
2026-03-27 19:15:31+00:00,0.9985
2026-03-27 19:16:29+00:00,0.9985
2026-03-27 19:17:27+00:00,0.9985
2026-03-27 19:18:27+00:00,0.9985
2026-03-27 19:19:28+00:00,0.9985
2026-03-27 19:20:28+00:00,0.9985
2026-03-27 19:21:28+00:00,0.9985
2026-03-27 19:22:29+00:00,0.9985
2026-03-27 19:23:31+00:00,0.9985
2026-03-27 19:24:28+00:00,0.9985
2026-03-27 19:25:28+00:00,0.9985
2026-03-27 19:26:38+00:00,0.9985
2026-03-27 19:27:30+00:00,0.9985
2026-03-27 19:28:30+00:00,0.9985
2026-03-27 19:29:30+00:00,0.9985
2026-03-27 19:30:50+00:00,0.9985
2026-03-27 19:31:37+00:00,0.9985
2026-03-27 19:32:32+00:00,0.9985
2026-03-27 19:33:27+00:00,0.9985
2026-03-27 19:34:27+00:00,0.9985
2026-03-27 19:35:31+00:00,0.9985
2026-03-27 19:36:42+00:00,0.9985
2026-03-27 19:37:27+00:00,0.9985
2026-03-27 19:38:29+00:00,0.9985
2026-03-27 19:39:29+00:00,0.9985
2026-03-27 19:40:30+00:00,0.9985
2026-03-27 19:41:30+00:00,0.9985
2026-03-27 19:42:31+00:00,0.9985
2026-03-27 19:43:28+00:00,0.9985
2026-03-27 19:44:31+00:00,0.9985
2026-03-27 19:45:30+00:00,0.9985
2026-03-27 19:46:28+00:00,0.9985
2026-03-27 19:47:37+00:00,0.9985
2026-03-27 19:48:30+00:00,0.9985
2026-03-27 19:49:34+00:00,0.9985
2026-03-27 19:50:36+00:00,0.9985
2026-03-27 19:51:28+00:00,0.9985
2026-03-27 19:52:28+00:00,0.9985
2026-03-27 19:53:35+00:00,0.9985
2026-03-27 19:54:34+00:00,0.9985
2026-03-27 19:55:37+00:00,0.9985
2026-03-27 19:56:31+00:00,0.9985
2026-03-27 19:57:44+00:00,0.9985
2026-03-27 19:58:34+00:00,0.9985
2026-03-27 19:59:31+00:00,0.9985
2026-03-27 20:00:43+00:00,0.9985
2026-03-27 20:01:36+00:00,0.9985
2026-03-27 20:02:36+00:00,0.9985
2026-03-27 20:03:33+00:00,0.9985
2026-03-27 20:04:35+00:00,0.9985
2026-03-27 20:05:34+00:00,0.9985
2026-03-27 20:06:37+00:00,0.9985
2026-03-27 20:07:36+00:00,0.9985
2026-03-27 20:08:34+00:00,0.9985
2026-03-27 20:09:33+00:00,0.9985
2026-03-27 20:10:34+00:00,0.9985
2026-03-27 20:11:32+00:00,0.9985
2026-03-27 20:12:32+00:00,0.9985
2026-03-27 20:13:33+00:00,0.9985
2026-03-27 20:14:33+00:00,0.9985
2026-03-27 20:15:35+00:00,0.9985
2026-03-27 20:16:32+00:00,0.9985
2026-03-27 20:17:35+00:00,0.9985
2026-03-27 20:18:33+00:00,0.9985
2026-03-27 20:19:35+00:00,0.9985
2026-03-27 20:20:34+00:00,0.9985
2026-03-27 20:21:33+00:00,0.9985
2026-03-27 20:22:33+00:00,0.9985
2026-03-27 20:23:32+00:00,0.9985
2026-03-27 20:24:38+00:00,0.9985
2026-03-27 20:25:35+00:00,0.9985
2026-03-27 20:26:31+00:00,0.9985
2026-03-27 20:27:32+00:00,0.9985
2026-03-27 20:28:29+00:00,0.9985
2026-03-27 20:29:28+00:00,0.9985
2026-03-27 20:30:35+00:00,0.9985
2026-03-27 20:31:31+00:00,0.9985
2026-03-27 20:32:45+00:00,0.9985
2026-03-27 20:33:29+00:00,0.9985
2026-03-27 20:34:32+00:00,0.9985
2026-03-27 20:35:30+00:00,0.9985
2026-03-27 20:36:31+00:00,0.9985
2026-03-27 20:37:30+00:00,0.9985
2026-03-27 20:38:41+00:00,0.9985
2026-03-27 20:39:31+00:00,0.9985
2026-03-27 20:40:31+00:00,0.9985
2026-03-27 20:41:42+00:00,0.9985
2026-03-27 20:42:32+00:00,0.9985
2026-03-27 20:43:32+00:00,0.9985
2026-03-27 20:44:42+00:00,0.9985
2026-03-27 20:45:32+00:00,0.9985
2026-03-27 20:46:31+00:00,0.9985
2026-03-27 20:47:33+00:00,0.9985
2026-03-27 20:48:31+00:00,0.9985
2026-03-27 20:49:31+00:00,0.9985
2026-03-27 20:50:38+00:00,0.9985
2026-03-27 20:51:31+00:00,0.9985
2026-03-27 20:52:30+00:00,0.9985
2026-03-27 20:53:32+00:00,0.9985
2026-03-27 20:54:31+00:00,0.9985
2026-03-27 20:55:32+00:00,0.9985
2026-03-27 20:56:33+00:00,0.9985
2026-03-27 20:57:33+00:00,0.9985
2026-03-27 20:58:32+00:00,0.9985
2026-03-27 20:59:30+00:00,0.9985
2026-03-27 21:00:42+00:00,0.9985
2026-03-27 21:01:32+00:00,0.9985
2026-03-27 21:02:31+00:00,0.9985
2026-03-27 21:03:33+00:00,0.9985
2026-03-27 21:04:32+00:00,0.9985
2026-03-27 21:05:40+00:00,0.9985
2026-03-27 21:06:29+00:00,0.9985
2026-03-27 21:07:28+00:00,0.9985
2026-03-27 21:08:28+00:00,0.9985
2026-03-27 21:09:28+00:00,0.9985
2026-03-27 21:10:40+00:00,0.9985
2026-03-27 21:11:28+00:00,0.9985
2026-03-27 21:12:27+00:00,0.9985
2026-03-27 21:13:27+00:00,0.9985
2026-03-27 21:14:28+00:00,0.9985
2026-03-27 21:15:29+00:00,0.9985
2026-03-27 21:16:31+00:00,0.9985
2026-03-27 21:17:28+00:00,0.9985
2026-03-27 21:18:46+00:00,0.9985
2026-03-27 21:19:30+00:00,0.9985
2026-03-27 21:20:32+00:00,0.9985
2026-03-27 21:21:29+00:00,0.9985
2026-03-27 21:22:28+00:00,0.9985
2026-03-27 21:23:29+00:00,0.9985
2026-03-27 21:24:47+00:00,0.9985
2026-03-27 21:25:29+00:00,0.9985
2026-03-27 21:26:27+00:00,0.9985
2026-03-27 21:27:27+00:00,0.9985
2026-03-27 21:28:28+00:00,0.9985
2026-03-27 21:29:28+00:00,0.9985
2026-03-27 21:30:34+00:00,0.9985
2026-03-27 21:31:29+00:00,0.9985
2026-03-27 21:32:30+00:00,0.9985
2026-03-27 21:33:31+00:00,0.9985
2026-03-27 21:34:30+00:00,0.9985
2026-03-27 21:35:33+00:00,0.9985
2026-03-27 21:36:31+00:00,0.9985
2026-03-27 21:37:34+00:00,0.9985
2026-03-27 21:38:31+00:00,0.9985
2026-03-27 21:39:29+00:00,0.9985
2026-03-27 21:40:34+00:00,0.9985
2026-03-27 21:41:29+00:00,0.9985
2026-03-27 21:42:33+00:00,0.9985
2026-03-27 21:43:41+00:00,0.9985
2026-03-27 21:44:32+00:00,0.9985
2026-03-27 21:45:33+00:00,0.9985
2026-03-27 21:46:30+00:00,0.9985
2026-03-27 21:47:32+00:00,0.9985
2026-03-27 21:48:47+00:00,0.9985
2026-03-27 21:49:29+00:00,0.9985
2026-03-27 21:50:31+00:00,0.9985
2026-03-27 21:51:30+00:00,0.9985
2026-03-27 21:52:36+00:00,0.9985
2026-03-27 21:53:28+00:00,0.9985
2026-03-27 21:54:24+00:00,0.9985
2026-03-27 21:55:33+00:00,0.9985
2026-03-27 21:56:30+00:00,0.9985
2026-03-27 21:57:28+00:00,0.9985
2026-03-27 21:58:45+00:00,0.9985
2026-03-27 21:59:30+00:00,0.9985
2026-03-27 22:00:34+00:00,0.9985
2026-03-27 22:01:31+00:00,0.9985
2026-03-27 22:02:28+00:00,0.9985
2026-03-27 22:03:33+00:00,0.9985
2026-03-27 22:04:28+00:00,0.9985
2026-03-27 22:05:43+00:00,0.9985
2026-03-27 22:06:29+00:00,0.9985
2026-03-27 22:07:28+00:00,0.9985
2026-03-27 22:08:27+00:00,0.9985
2026-03-27 22:09:29+00:00,0.9985
2026-03-27 22:10:30+00:00,0.9985
2026-03-27 22:11:30+00:00,0.9985
2026-03-27 22:12:27+00:00,0.9985
2026-03-27 22:13:36+00:00,0.9985
2026-03-27 22:14:28+00:00,0.9985
2026-03-27 22:15:29+00:00,0.9985
2026-03-27 22:16:29+00:00,0.9985
2026-03-27 22:17:33+00:00,0.9985
2026-03-27 22:18:29+00:00,0.9985
2026-03-27 22:19:28+00:00,0.9985
2026-03-27 22:20:37+00:00,0.9985
2026-03-27 22:21:28+00:00,0.9985
2026-03-27 22:22:31+00:00,0.9985
2026-03-27 22:23:32+00:00,0.9985
2026-03-27 22:24:33+00:00,0.9985
2026-03-27 22:25:29+00:00,0.9985
2026-03-27 22:26:32+00:00,0.9985
2026-03-27 22:27:30+00:00,0.9985
2026-03-27 22:28:28+00:00,0.9985
2026-03-27 22:29:28+00:00,0.9985
2026-03-27 22:30:34+00:00,0.9985
2026-03-27 22:31:29+00:00,0.9985
2026-03-27 22:32:31+00:00,0.9985
2026-03-27 22:33:29+00:00,0.9985
2026-03-27 22:34:30+00:00,0.9985
2026-03-27 22:35:32+00:00,0.9985
2026-03-27 22:36:28+00:00,0.9985
2026-03-27 22:37:30+00:00,0.9985
2026-03-27 22:38:33+00:00,0.9985
2026-03-27 22:39:30+00:00,0.9985
2026-03-27 22:40:45+00:00,0.9985
2026-03-27 22:41:31+00:00,0.9985
2026-03-27 22:42:32+00:00,0.9985
2026-03-27 22:43:30+00:00,0.9985
2026-03-27 22:44:30+00:00,0.9985
2026-03-27 22:45:30+00:00,0.9985
2026-03-27 22:46:37+00:00,0.9985
2026-03-27 22:47:32+00:00,0.9985
2026-03-27 22:48:32+00:00,0.9985
2026-03-27 22:49:30+00:00,0.9985
2026-03-27 22:50:34+00:00,0.9985
2026-03-27 22:51:30+00:00,0.9985
2026-03-27 22:52:28+00:00,0.9985
2026-03-27 22:53:34+00:00,0.9985
2026-03-27 22:54:31+00:00,0.9985
2026-03-27 22:55:33+00:00,0.9985
2026-03-27 22:56:32+00:00,0.9985
2026-03-27 22:57:30+00:00,0.9985
2026-03-27 22:58:30+00:00,0.9985
2026-03-27 22:59:31+00:00,0.9985
2026-03-27 23:00:48+00:00,0.9985
2026-03-27 23:01:35+00:00,0.9985
2026-03-27 23:02:32+00:00,0.9985
2026-03-27 23:03:34+00:00,0.9985
2026-03-27 23:04:32+00:00,0.9985
2026-03-27 23:05:34+00:00,0.9985
2026-03-27 23:06:31+00:00,0.9985
2026-03-27 23:07:29+00:00,0.9985
2026-03-27 23:08:29+00:00,0.9985
2026-03-27 23:09:28+00:00,0.9985
2026-03-27 23:10:29+00:00,0.9985
2026-03-27 23:11:31+00:00,0.9985
2026-03-27 23:12:33+00:00,0.9985
2026-03-27 23:13:33+00:00,0.9985
2026-03-27 23:14:30+00:00,0.9985
2026-03-27 23:15:48+00:00,0.9985
2026-03-27 23:16:31+00:00,0.9985
2026-03-27 23:17:30+00:00,0.9985
2026-03-27 23:18:28+00:00,0.9985
2026-03-27 23:19:36+00:00,0.9985
2026-03-27 23:20:35+00:00,0.9985
2026-03-27 23:21:34+00:00,0.9985
2026-03-27 23:22:30+00:00,0.9985
2026-03-27 23:23:34+00:00,0.9985
2026-03-27 23:24:30+00:00,0.9985
2026-03-27 23:25:31+00:00,0.9985
2026-03-27 23:26:28+00:00,0.9985
2026-03-27 23:27:46+00:00,0.9985
2026-03-27 23:28:30+00:00,0.9985
2026-03-27 23:29:33+00:00,0.9985
2026-03-27 23:30:31+00:00,0.9985
2026-03-27 23:31:43+00:00,0.9985
2026-03-27 23:32:28+00:00,0.9985
2026-03-27 23:33:29+00:00,0.9985
2026-03-27 23:34:28+00:00,0.9985
2026-03-27 23:35:34+00:00,0.9985
2026-03-27 23:36:31+00:00,0.9985
2026-03-27 23:37:34+00:00,0.9985
2026-03-27 23:38:32+00:00,0.9985
2026-03-27 23:39:29+00:00,0.9985
2026-03-27 23:40:33+00:00,0.9985
2026-03-27 23:41:29+00:00,0.9985
2026-03-27 23:42:28+00:00,0.9985
2026-03-27 23:43:30+00:00,0.9985
2026-03-27 23:44:31+00:00,0.9985
2026-03-27 23:45:32+00:00,0.9985
2026-03-27 23:46:44+00:00,0.9985
2026-03-27 23:47:32+00:00,0.9985
2026-03-27 23:48:28+00:00,0.9985
2026-03-27 23:49:28+00:00,0.9985
2026-03-27 23:50:34+00:00,0.9985
2026-03-27 23:51:32+00:00,0.9985
2026-03-27 23:52:32+00:00,0.9985
2026-03-27 23:53:32+00:00,0.9985
2026-03-27 23:54:28+00:00,0.9985
2026-03-27 23:55:30+00:00,0.9985
2026-03-27 23:56:30+00:00,0.9985
2026-03-27 23:57:30+00:00,0.9985
2026-03-27 23:58:29+00:00,0.9985
2026-03-27 23:59:32+00:00,0.9985
2026-03-28 00:00:44+00:00,0.9985
2026-03-28 00:01:32+00:00,0.9985
2026-03-28 00:02:28+00:00,0.9985
2026-03-28 00:03:31+00:00,0.9985
2026-03-28 00:04:27+00:00,0.9985
2026-03-28 00:05:29+00:00,0.9985
2026-03-28 00:06:28+00:00,0.9985
2026-03-28 00:07:28+00:00,0.9985
2026-03-28 00:08:34+00:00,0.9985
2026-03-28 00:09:44+00:00,0.9985
2026-03-28 00:10:29+00:00,0.9985
2026-03-28 00:11:31+00:00,0.9985
2026-03-28 00:12:28+00:00,0.9985
2026-03-28 00:13:30+00:00,0.9985
2026-03-28 00:14:30+00:00,0.9985
2026-03-28 00:15:33+00:00,0.9985
2026-03-28 00:16:30+00:00,0.9985
2026-03-28 00:17:27+00:00,0.9985
2026-03-28 00:18:32+00:00,0.9985
2026-03-28 00:19:29+00:00,0.9985
2026-03-28 00:20:32+00:00,0.9985
2026-03-28 00:21:30+00:00,0.9985
2026-03-28 00:22:30+00:00,0.9985
2026-03-28 00:23:29+00:00,0.9985
2026-03-28 00:24:29+00:00,0.9985
2026-03-28 00:25:35+00:00,0.9985
2026-03-28 00:26:38+00:00,0.9985
2026-03-28 00:27:36+00:00,0.9985
2026-03-28 00:28:29+00:00,0.9985
2026-03-28 00:29:36+00:00,0.9985
2026-03-28 00:30:32+00:00,0.9985
2026-03-28 00:31:43+00:00,0.9985
2026-03-28 00:32:28+00:00,0.9985
2026-03-28 00:33:49+00:00,0.9985
2026-03-28 00:34:28+00:00,0.9985
2026-03-28 00:35:29+00:00,0.9985
2026-03-28 00:36:29+00:00,0.9985
2026-03-28 00:37:30+00:00,0.9985
2026-03-28 00:38:27+00:00,0.9985
2026-03-28 00:39:32+00:00,0.9985
2026-03-28 00:40:31+00:00,0.9985
2026-03-28 00:41:28+00:00,0.9985
2026-03-28 00:42:31+00:00,0.9985
2026-03-28 00:43:28+00:00,0.9985
2026-03-28 00:44:28+00:00,0.9985
2026-03-28 00:45:34+00:00,0.9985
2026-03-28 00:46:31+00:00,0.9985
2026-03-28 00:47:28+00:00,0.9985
2026-03-28 00:48:30+00:00,0.9985
2026-03-28 00:49:28+00:00,0.9985
2026-03-28 00:50:28+00:00,0.9985
2026-03-28 00:51:28+00:00,0.9985
2026-03-28 00:52:28+00:00,0.9985
2026-03-28 00:53:32+00:00,0.9985
2026-03-28 00:54:29+00:00,0.9985
2026-03-28 00:55:41+00:00,0.9985
2026-03-28 00:56:28+00:00,0.9985
2026-03-28 00:57:29+00:00,0.9985
2026-03-28 00:58:30+00:00,0.9985
2026-03-28 00:59:28+00:00,0.9985
2026-03-28 01:00:36+00:00,0.9985
2026-03-28 01:01:33+00:00,0.9985
2026-03-28 01:02:31+00:00,0.9985
2026-03-28 01:03:31+00:00,0.9985
2026-03-28 01:04:31+00:00,0.9985
2026-03-28 01:05:32+00:00,0.9985
2026-03-28 01:06:29+00:00,0.9985
2026-03-28 01:07:27+00:00,0.9985
2026-03-28 01:08:33+00:00,0.9985
2026-03-28 01:09:31+00:00,0.9985
2026-03-28 01:10:31+00:00,0.9985
2026-03-28 01:11:32+00:00,0.9985
2026-03-28 01:12:32+00:00,0.9985
2026-03-28 01:13:29+00:00,0.9985
2026-03-28 01:14:30+00:00,0.9985
2026-03-28 01:15:34+00:00,0.9985
2026-03-28 01:16:33+00:00,0.9985
2026-03-28 01:17:43+00:00,0.9985
2026-03-28 01:18:31+00:00,0.9985
2026-03-28 01:19:44+00:00,0.9985
2026-03-28 01:20:35+00:00,0.9985
2026-03-28 01:21:34+00:00,0.9985
2026-03-28 01:22:31+00:00,0.9985
2026-03-28 01:23:29+00:00,0.9985
2026-03-28 01:24:44+00:00,0.9985
2026-03-28 01:25:29+00:00,0.9985
2026-03-28 01:26:28+00:00,0.9985
2026-03-28 01:27:34+00:00,0.9985
2026-03-28 01:28:31+00:00,0.9985
2026-03-28 01:29:29+00:00,0.9985
2026-03-28 01:30:34+00:00,0.9985
2026-03-28 01:31:31+00:00,0.9985
2026-03-28 01:32:28+00:00,0.9985
2026-03-28 01:33:29+00:00,0.9985
2026-03-28 01:34:28+00:00,0.9985
2026-03-28 01:35:29+00:00,0.9985
2026-03-28 01:36:46+00:00,0.9985
2026-03-28 01:37:31+00:00,0.9985
2026-03-28 01:38:31+00:00,0.9985
2026-03-28 01:39:31+00:00,0.9985
2026-03-28 01:40:33+00:00,0.9985
2026-03-28 01:41:42+00:00,0.9985
2026-03-28 01:42:29+00:00,0.9985
2026-03-28 01:43:28+00:00,0.9985
2026-03-28 01:44:31+00:00,0.9985
2026-03-28 01:45:30+00:00,0.9985
2026-03-28 01:46:27+00:00,0.9985
2026-03-28 01:47:35+00:00,0.9985
2026-03-28 01:48:40+00:00,0.9985
2026-03-28 01:49:31+00:00,0.9985
2026-03-28 01:50:31+00:00,0.9985
2026-03-28 01:51:31+00:00,0.9985
2026-03-28 01:52:32+00:00,0.9985
2026-03-28 01:53:28+00:00,0.9985
2026-03-28 01:54:30+00:00,0.9985
2026-03-28 01:55:33+00:00,0.9985
2026-03-28 01:56:35+00:00,0.9985
2026-03-28 01:57:33+00:00,0.9985
2026-03-28 01:58:31+00:00,0.9985
2026-03-28 01:59:30+00:00,0.9985
2026-03-28 02:00:35+00:00,0.9985
2026-03-28 02:01:30+00:00,0.9985
2026-03-28 02:02:28+00:00,0.9985
2026-03-28 02:03:32+00:00,0.9985
2026-03-28 02:04:47+00:00,0.9985
2026-03-28 02:05:34+00:00,0.9985
2026-03-28 02:06:42+00:00,0.9985
2026-03-28 02:07:32+00:00,0.9985
2026-03-28 02:08:27+00:00,0.9985
2026-03-28 02:09:30+00:00,0.9985
2026-03-28 02:10:33+00:00,0.9985
2026-03-28 02:11:27+00:00,0.9985
2026-03-28 02:12:28+00:00,0.9985
2026-03-28 02:13:28+00:00,0.9985
2026-03-28 02:14:31+00:00,0.9985
2026-03-28 02:15:30+00:00,0.9985
2026-03-28 02:16:30+00:00,0.9985
2026-03-28 02:17:32+00:00,0.9985
2026-03-28 02:18:29+00:00,0.9985
2026-03-28 02:19:30+00:00,0.9985
2026-03-28 02:20:28+00:00,0.9985
2026-03-28 02:21:29+00:00,0.9985
2026-03-28 02:22:32+00:00,0.9985
2026-03-28 02:23:28+00:00,0.9985
2026-03-28 02:24:28+00:00,0.9985
2026-03-28 02:25:31+00:00,0.9985
2026-03-28 02:26:29+00:00,0.9985
2026-03-28 02:27:28+00:00,0.9985
2026-03-28 02:28:31+00:00,0.9985
2026-03-28 02:29:33+00:00,0.9985
2026-03-28 02:30:35+00:00,0.9985
2026-03-28 02:31:29+00:00,0.9985
2026-03-28 02:32:27+00:00,0.9985
2026-03-28 02:33:29+00:00,0.9985
2026-03-28 02:34:28+00:00,0.9985
2026-03-28 02:35:31+00:00,0.9985
2026-03-28 02:36:29+00:00,0.9985
2026-03-28 02:37:29+00:00,0.9985
2026-03-28 02:38:29+00:00,0.9985
2026-03-28 02:39:44+00:00,0.9985
2026-03-28 02:40:29+00:00,0.9985
2026-03-28 02:41:27+00:00,0.9985
2026-03-28 02:42:27+00:00,0.9985
2026-03-28 02:43:28+00:00,0.9985
2026-03-28 02:44:27+00:00,0.9985
2026-03-28 02:45:28+00:00,0.9985
2026-03-28 02:46:29+00:00,0.9985
2026-03-28 02:47:27+00:00,0.9985
2026-03-28 02:48:33+00:00,0.9985
2026-03-28 02:49:28+00:00,0.9985
2026-03-28 02:50:29+00:00,0.9985
2026-03-28 02:51:31+00:00,0.9985
2026-03-28 02:52:28+00:00,0.9985
2026-03-28 02:53:28+00:00,0.9985
2026-03-28 02:54:28+00:00,0.9985
2026-03-28 02:55:30+00:00,0.9985
2026-03-28 02:56:32+00:00,0.9985
2026-03-28 02:57:33+00:00,0.9985
2026-03-28 02:58:27+00:00,0.9985
2026-03-28 02:59:28+00:00,0.9985
2026-03-28 03:00:38+00:00,0.9985
2026-03-28 03:01:29+00:00,0.9985
2026-03-28 03:02:29+00:00,0.9985
2026-03-28 03:03:41+00:00,0.9985
2026-03-28 03:04:42+00:00,0.9985
2026-03-28 03:05:34+00:00,0.9985
2026-03-28 03:06:28+00:00,0.9985
2026-03-28 03:07:27+00:00,0.9985
2026-03-28 03:08:28+00:00,0.9985
2026-03-28 03:09:28+00:00,0.9985
2026-03-28 03:10:30+00:00,0.9985
2026-03-28 03:11:27+00:00,0.9985
2026-03-28 03:12:43+00:00,0.9985
2026-03-28 03:13:31+00:00,0.9985
2026-03-28 03:14:33+00:00,0.9985
2026-03-28 03:15:31+00:00,0.9985
2026-03-28 03:16:28+00:00,0.9985
2026-03-28 03:17:27+00:00,0.9985
2026-03-28 03:18:27+00:00,0.9985
2026-03-28 03:19:28+00:00,0.9985
2026-03-28 03:20:28+00:00,0.9985
2026-03-28 03:21:27+00:00,0.9985
2026-03-28 03:22:27+00:00,0.9985
2026-03-28 03:23:29+00:00,0.9985
2026-03-28 03:24:41+00:00,0.9985
2026-03-28 03:25:31+00:00,0.9985
2026-03-28 03:26:27+00:00,0.9985
2026-03-28 03:27:29+00:00,0.9985
2026-03-28 03:28:28+00:00,0.9985
2026-03-28 03:29:28+00:00,0.9985
2026-03-28 03:30:33+00:00,0.9985
2026-03-28 03:31:27+00:00,0.9985
2026-03-28 03:32:27+00:00,0.9985
2026-03-28 03:33:27+00:00,0.9985
2026-03-28 03:34:28+00:00,0.9985
2026-03-28 03:35:29+00:00,0.9985
2026-03-28 03:36:27+00:00,0.9985
2026-03-28 03:37:31+00:00,0.9985
2026-03-28 03:38:28+00:00,0.9985
2026-03-28 03:39:31+00:00,0.9985
2026-03-28 03:40:40+00:00,0.9985
2026-03-28 03:41:27+00:00,0.9985
2026-03-28 03:42:28+00:00,0.9985
2026-03-28 03:43:27+00:00,0.9985
2026-03-28 03:44:27+00:00,0.9985
2026-03-28 03:45:29+00:00,0.9985
2026-03-28 03:46:28+00:00,0.9985
2026-03-28 03:47:29+00:00,0.9985
2026-03-28 03:48:29+00:00,0.9985
2026-03-28 03:49:28+00:00,0.9985
2026-03-28 03:50:30+00:00,0.9985
2026-03-28 03:51:27+00:00,0.9985
2026-03-28 03:52:27+00:00,0.9985
2026-03-28 03:53:32+00:00,0.9985
2026-03-28 03:54:28+00:00,0.9985
2026-03-28 03:55:28+00:00,0.9985
2026-03-28 03:56:28+00:00,0.9985
2026-03-28 03:57:28+00:00,0.9985
2026-03-28 03:58:32+00:00,0.9985
2026-03-28 03:59:27+00:00,0.9985
2026-03-28 04:00:35+00:00,0.9985
2026-03-28 04:01:27+00:00,0.9985
2026-03-28 04:02:28+00:00,0.9985
2026-03-28 04:03:28+00:00,0.9985
2026-03-28 04:04:29+00:00,0.9985
2026-03-28 04:05:29+00:00,0.9985
2026-03-28 04:06:34+00:00,0.9985
2026-03-28 04:07:42+00:00,0.9985
2026-03-28 04:08:28+00:00,0.9985
2026-03-28 04:09:30+00:00,0.9985
2026-03-28 04:10:30+00:00,0.9985
2026-03-28 04:11:47+00:00,0.9985
2026-03-28 04:12:30+00:00,0.9985
2026-03-28 04:13:29+00:00,0.9985
2026-03-28 04:14:28+00:00,0.9985
2026-03-28 04:15:42+00:00,0.9985
2026-03-28 04:16:28+00:00,0.9985
2026-03-28 04:17:28+00:00,0.9985
2026-03-28 04:18:30+00:00,0.9985
2026-03-28 04:19:30+00:00,0.9985
2026-03-28 04:20:33+00:00,0.9985
2026-03-28 04:21:32+00:00,0.9985
2026-03-28 04:22:28+00:00,0.9985
2026-03-28 04:23:30+00:00,0.9985
2026-03-28 04:24:32+00:00,0.9985
2026-03-28 04:25:43+00:00,0.9985
2026-03-28 04:26:28+00:00,0.9985
2026-03-28 04:27:28+00:00,0.9985
2026-03-28 04:28:32+00:00,0.9985
2026-03-28 04:29:30+00:00,0.9985
2026-03-28 04:30:35+00:00,0.9985
2026-03-28 04:31:29+00:00,0.9985
2026-03-28 04:32:36+00:00,0.9985
2026-03-28 04:33:33+00:00,0.9985
2026-03-28 04:34:30+00:00,0.9985
2026-03-28 04:35:30+00:00,0.9985
2026-03-28 04:36:30+00:00,0.9985
2026-03-28 04:37:28+00:00,0.9985
2026-03-28 04:38:28+00:00,0.9985
2026-03-28 04:39:47+00:00,0.9985
2026-03-28 04:40:34+00:00,0.9985
2026-03-28 04:41:27+00:00,0.9985
2026-03-28 04:42:28+00:00,0.9985
2026-03-28 04:43:27+00:00,0.9985
2026-03-28 04:44:28+00:00,0.9985
2026-03-28 04:45:30+00:00,0.9985
2026-03-28 04:46:28+00:00,0.9985
2026-03-28 04:47:31+00:00,0.9985
2026-03-28 04:48:28+00:00,0.9985
2026-03-28 04:49:31+00:00,0.9985
2026-03-28 04:50:35+00:00,0.9985
2026-03-28 04:51:29+00:00,0.9985
2026-03-28 04:52:30+00:00,0.9985
2026-03-28 04:53:29+00:00,0.9985
2026-03-28 04:54:29+00:00,0.9985
2026-03-28 04:55:31+00:00,0.9985
2026-03-28 04:56:29+00:00,0.9985
2026-03-28 04:57:29+00:00,0.9985
2026-03-28 04:58:42+00:00,0.9985
2026-03-28 04:59:28+00:00,0.9985
2026-03-28 05:00:32+00:00,0.9985
2026-03-28 05:01:44+00:00,0.9985
2026-03-28 05:02:31+00:00,0.9985
2026-03-28 05:03:27+00:00,0.9985
2026-03-28 05:04:28+00:00,0.9985
2026-03-28 05:05:53+00:00,0.9985
2026-03-28 05:06:38+00:00,0.9985
2026-03-28 05:07:28+00:00,0.9985
2026-03-28 05:08:31+00:00,0.9985
2026-03-28 05:09:29+00:00,0.9985
2026-03-28 05:10:29+00:00,0.9985
2026-03-28 05:11:29+00:00,0.9985
2026-03-28 05:12:41+00:00,0.9985
2026-03-28 05:13:43+00:00,0.9985
2026-03-28 05:14:29+00:00,0.9985
2026-03-28 05:15:33+00:00,0.9985
2026-03-28 05:16:28+00:00,0.9985
2026-03-28 05:17:34+00:00,0.9985
2026-03-28 05:18:30+00:00,0.9985
2026-03-28 05:19:29+00:00,0.9985
2026-03-28 05:20:34+00:00,0.9985
2026-03-28 05:21:30+00:00,0.9985
2026-03-28 05:22:29+00:00,0.9985
2026-03-28 05:23:30+00:00,0.9985
2026-03-28 05:24:30+00:00,0.9985
2026-03-28 05:25:34+00:00,0.9985
2026-03-28 05:26:28+00:00,0.9985
2026-03-28 05:27:29+00:00,0.9985
2026-03-28 05:28:33+00:00,0.9985
2026-03-28 05:29:28+00:00,0.9985
2026-03-28 05:30:43+00:00,0.9985
2026-03-28 05:31:32+00:00,0.9985
2026-03-28 05:32:28+00:00,0.9985
2026-03-28 05:33:30+00:00,0.9985
2026-03-28 05:34:30+00:00,0.9985
2026-03-28 05:35:33+00:00,0.9985
2026-03-28 05:36:31+00:00,0.9985
2026-03-28 05:37:28+00:00,0.9985
2026-03-28 05:38:31+00:00,0.9985
2026-03-28 05:39:29+00:00,0.9985
2026-03-28 05:40:28+00:00,0.9985
2026-03-28 05:41:44+00:00,0.9985
2026-03-28 05:42:29+00:00,0.9985
2026-03-28 05:43:37+00:00,0.9985
2026-03-28 05:44:29+00:00,0.9985
2026-03-28 05:45:30+00:00,0.9985
2026-03-28 05:46:28+00:00,0.9985
2026-03-28 05:47:30+00:00,0.9985
2026-03-28 05:48:33+00:00,0.9985
2026-03-28 05:49:29+00:00,0.9985
2026-03-28 05:50:44+00:00,0.9985
2026-03-28 05:51:29+00:00,0.9985
2026-03-28 05:52:28+00:00,0.9985
2026-03-28 05:53:28+00:00,0.9985
2026-03-28 05:54:29+00:00,0.9985
2026-03-28 05:55:30+00:00,0.9985
2026-03-28 05:56:27+00:00,0.9985
2026-03-28 05:57:32+00:00,0.9985
2026-03-28 05:58:30+00:00,0.9985
2026-03-28 05:59:31+00:00,0.9985
2026-03-28 06:00:42+00:00,0.9985
2026-03-28 06:01:32+00:00,0.9985
2026-03-28 06:02:31+00:00,0.9985
2026-03-28 06:03:30+00:00,0.9985
2026-03-28 06:04:29+00:00,0.9985
2026-03-28 06:05:31+00:00,0.9985
2026-03-28 06:06:28+00:00,0.9985
2026-03-28 06:07:28+00:00,0.9985
2026-03-28 06:08:43+00:00,0.9985
2026-03-28 06:09:38+00:00,0.9985
2026-03-28 06:10:32+00:00,0.9985
2026-03-28 06:11:28+00:00,0.9985
2026-03-28 06:12:28+00:00,0.9985
2026-03-28 06:13:28+00:00,0.9985
2026-03-28 06:14:30+00:00,0.9985
2026-03-28 06:15:31+00:00,0.9985
2026-03-28 06:16:30+00:00,0.9985
2026-03-28 06:17:30+00:00,0.9985
2026-03-28 06:18:31+00:00,0.9985
2026-03-28 06:19:29+00:00,0.9985
2026-03-28 06:20:30+00:00,0.9985
2026-03-28 06:21:28+00:00,0.9985
2026-03-28 06:22:33+00:00,0.9985
2026-03-28 06:23:28+00:00,0.9985
2026-03-28 06:24:29+00:00,0.9985
2026-03-28 06:25:29+00:00,0.9985
2026-03-28 06:26:27+00:00,0.9985
2026-03-28 06:27:29+00:00,0.9985
2026-03-28 06:28:28+00:00,0.9985
2026-03-28 06:29:33+00:00,0.9985
2026-03-28 06:30:37+00:00,0.9985
2026-03-28 06:31:27+00:00,0.9985
2026-03-28 06:32:29+00:00,0.9985
2026-03-28 06:33:43+00:00,0.9985
2026-03-28 06:34:28+00:00,0.9985
2026-03-28 06:35:36+00:00,0.9985
2026-03-28 06:36:35+00:00,0.9985
2026-03-28 06:37:35+00:00,0.9985
2026-03-28 06:38:29+00:00,0.9985
2026-03-28 06:39:29+00:00,0.9985
2026-03-28 06:40:34+00:00,0.9985
2026-03-28 06:41:28+00:00,0.9985
2026-03-28 06:42:29+00:00,0.9985
2026-03-28 06:43:28+00:00,0.9985
2026-03-28 06:44:32+00:00,0.9985
2026-03-28 06:45:31+00:00,0.9985
2026-03-28 06:46:31+00:00,0.9985
2026-03-28 06:47:33+00:00,0.9985
2026-03-28 06:48:32+00:00,0.9985
2026-03-28 06:49:30+00:00,0.9985
2026-03-28 06:50:32+00:00,0.9985
2026-03-28 06:51:28+00:00,0.9985
2026-03-28 06:52:31+00:00,0.9985
2026-03-28 06:53:46+00:00,0.9985
2026-03-28 06:54:29+00:00,0.9985
2026-03-28 06:55:31+00:00,0.9985
2026-03-28 06:56:31+00:00,0.9985
2026-03-28 06:57:30+00:00,0.9985
2026-03-28 06:58:32+00:00,0.9985
2026-03-28 06:59:40+00:00,0.9985
2026-03-28 07:00:34+00:00,0.9985
2026-03-28 07:01:29+00:00,0.9985
2026-03-28 07:02:28+00:00,0.9985
2026-03-28 07:03:36+00:00,0.9985
2026-03-28 07:04:30+00:00,0.9985
2026-03-28 07:05:31+00:00,0.9985
2026-03-28 07:06:31+00:00,0.9985
2026-03-28 07:07:28+00:00,0.9985
2026-03-28 07:08:28+00:00,0.9985
2026-03-28 07:09:28+00:00,0.9985
2026-03-28 07:10:30+00:00,0.9985
2026-03-28 07:11:29+00:00,0.9985
2026-03-28 07:12:31+00:00,0.9985
2026-03-28 07:13:28+00:00,0.9985
2026-03-28 07:14:39+00:00,0.9985
2026-03-28 07:15:31+00:00,0.9985
2026-03-28 07:16:42+00:00,0.9985
2026-03-28 07:17:39+00:00,0.9985
2026-03-28 07:18:46+00:00,0.9985
2026-03-28 07:19:33+00:00,0.9985
2026-03-28 07:20:31+00:00,0.9985
2026-03-28 07:21:32+00:00,0.9985
2026-03-28 07:22:28+00:00,0.9985
2026-03-28 07:23:29+00:00,0.9985
2026-03-28 07:24:30+00:00,0.9985
2026-03-28 07:25:29+00:00,0.9985
2026-03-28 07:26:29+00:00,0.9985
2026-03-28 07:27:29+00:00,0.9985
2026-03-28 07:28:30+00:00,0.9985
2026-03-28 07:29:41+00:00,0.9985
2026-03-28 07:30:35+00:00,0.9985
2026-03-28 07:31:31+00:00,0.9985
2026-03-28 07:32:29+00:00,0.9985
2026-03-28 07:33:28+00:00,0.9985
2026-03-28 07:34:32+00:00,0.9985
2026-03-28 07:35:34+00:00,0.9985
2026-03-28 07:36:27+00:00,0.9985
2026-03-28 07:37:27+00:00,0.9985
2026-03-28 07:38:29+00:00,0.9985
2026-03-28 07:39:29+00:00,0.9985
2026-03-28 07:40:30+00:00,0.9985
2026-03-28 07:41:28+00:00,0.9985
2026-03-28 07:42:27+00:00,0.9985
2026-03-28 07:43:47+00:00,0.9985
2026-03-28 07:44:28+00:00,0.9985
2026-03-28 07:45:41+00:00,0.9985
2026-03-28 07:46:28+00:00,0.9985
2026-03-28 07:47:29+00:00,0.9985
2026-03-28 07:48:27+00:00,0.9985
2026-03-28 07:49:28+00:00,0.9985
2026-03-28 07:50:34+00:00,0.9985
2026-03-28 07:51:29+00:00,0.9985
2026-03-28 07:52:29+00:00,0.9985
2026-03-28 07:53:28+00:00,0.9985
2026-03-28 07:54:28+00:00,0.9985
2026-03-28 07:55:30+00:00,0.9985
2026-03-28 07:56:27+00:00,0.9985
2026-03-28 07:57:37+00:00,0.9985
2026-03-28 07:58:27+00:00,0.9985
2026-03-28 07:59:29+00:00,0.9985
2026-03-28 08:00:38+00:00,0.9985
2026-03-28 08:01:27+00:00,0.9985
2026-03-28 08:02:28+00:00,0.9985
2026-03-28 08:03:44+00:00,0.9985
2026-03-28 08:04:29+00:00,0.9985
2026-03-28 08:05:31+00:00,0.9985
2026-03-28 08:06:38+00:00,0.9985
2026-03-28 08:07:27+00:00,0.9985
2026-03-28 08:08:41+00:00,0.9985
2026-03-28 08:09:29+00:00,0.9985
2026-03-28 08:10:30+00:00,0.9985
2026-03-28 08:11:27+00:00,0.9985
2026-03-28 08:12:33+00:00,0.9985
2026-03-28 08:13:30+00:00,0.9985
2026-03-28 08:14:31+00:00,0.9985
2026-03-28 08:15:33+00:00,0.9985
2026-03-28 08:16:31+00:00,0.9985
2026-03-28 08:17:31+00:00,0.9985
2026-03-28 08:18:31+00:00,0.9985
2026-03-28 08:19:31+00:00,0.9985
2026-03-28 08:20:32+00:00,0.9985
2026-03-28 08:21:30+00:00,0.9985
2026-03-28 08:22:27+00:00,0.9985
2026-03-28 08:23:27+00:00,0.9985
2026-03-28 08:24:28+00:00,0.9985
2026-03-28 08:25:31+00:00,0.9985
2026-03-28 08:26:27+00:00,0.9985
2026-03-28 08:27:29+00:00,0.9985
2026-03-28 08:28:31+00:00,0.9985
2026-03-28 08:29:28+00:00,0.9985
2026-03-28 08:30:50+00:00,0.9985
2026-03-28 08:31:31+00:00,0.9985
2026-03-28 08:32:31+00:00,0.9985
2026-03-28 08:33:30+00:00,0.9985
2026-03-28 08:34:32+00:00,0.9985
2026-03-28 08:35:28+00:00,0.9985
2026-03-28 08:36:27+00:00,0.9985
2026-03-28 08:37:28+00:00,0.9985
2026-03-28 08:38:35+00:00,0.9985
2026-03-28 08:39:31+00:00,0.9985
2026-03-28 08:40:33+00:00,0.9985
2026-03-28 08:41:30+00:00,0.9985
2026-03-28 08:42:29+00:00,0.9985
2026-03-28 08:43:28+00:00,0.9985
2026-03-28 08:44:28+00:00,0.9985
2026-03-28 08:45:28+00:00,0.9985
2026-03-28 08:46:30+00:00,0.9985
2026-03-28 08:47:28+00:00,0.9985
2026-03-28 08:48:28+00:00,0.9985
2026-03-28 08:49:32+00:00,0.9985
2026-03-28 08:50:29+00:00,0.9985
2026-03-28 08:51:27+00:00,0.9985
2026-03-28 08:52:28+00:00,0.9985
2026-03-28 08:53:29+00:00,0.9985
2026-03-28 08:54:28+00:00,0.9985
2026-03-28 08:55:31+00:00,0.9985
2026-03-28 08:56:28+00:00,0.9985
2026-03-28 08:57:29+00:00,0.9985
2026-03-28 08:58:27+00:00,0.9985
2026-03-28 08:59:28+00:00,0.9985
2026-03-28 09:00:41+00:00,0.9985
2026-03-28 09:01:30+00:00,0.9985
2026-03-28 09:02:31+00:00,0.9985
2026-03-28 09:03:30+00:00,0.9985
2026-03-28 09:04:34+00:00,0.9985
2026-03-28 09:05:35+00:00,0.9985
2026-03-28 09:06:28+00:00,0.9985
2026-03-28 09:07:28+00:00,0.9985
2026-03-28 09:08:31+00:00,0.9985
2026-03-28 09:09:32+00:00,0.9985
2026-03-28 09:10:34+00:00,0.9985
2026-03-28 09:11:27+00:00,0.9985
2026-03-28 09:12:27+00:00,0.9985
2026-03-28 09:13:49+00:00,0.9985
2026-03-28 09:14:35+00:00,0.9985
2026-03-28 09:15:31+00:00,0.9985
2026-03-28 09:16:28+00:00,0.9985
2026-03-28 09:17:31+00:00,0.9985
2026-03-28 09:18:28+00:00,0.9985
2026-03-28 09:19:28+00:00,0.9985
2026-03-28 09:20:33+00:00,0.9985
2026-03-28 09:21:29+00:00,0.9985
2026-03-28 09:22:28+00:00,0.9985
2026-03-28 09:23:30+00:00,0.9985
2026-03-28 09:24:41+00:00,0.9985
2026-03-28 09:25:30+00:00,0.9985
2026-03-28 09:26:43+00:00,0.9985
2026-03-28 09:27:45+00:00,0.9985
2026-03-28 09:28:28+00:00,0.9985
2026-03-28 09:29:28+00:00,0.9985
2026-03-28 09:30:34+00:00,0.9985
2026-03-28 09:31:31+00:00,0.9985
2026-03-28 09:32:29+00:00,0.9985
2026-03-28 09:33:27+00:00,0.9985
2026-03-28 09:34:29+00:00,0.9985
2026-03-28 09:35:30+00:00,0.9985
2026-03-28 09:36:27+00:00,0.9985
2026-03-28 09:37:31+00:00,0.9985
2026-03-28 09:38:28+00:00,0.9985
2026-03-28 09:39:28+00:00,0.9985
2026-03-28 09:40:38+00:00,0.9985
2026-03-28 09:41:28+00:00,0.9985
2026-03-28 09:42:40+00:00,0.9985
2026-03-28 09:43:35+00:00,0.9985
2026-03-28 09:44:28+00:00,0.9985
2026-03-28 09:45:32+00:00,0.9985
2026-03-28 09:46:27+00:00,0.9985
2026-03-28 09:47:28+00:00,0.9985
2026-03-28 09:48:27+00:00,0.9985
2026-03-28 09:49:29+00:00,0.9985
2026-03-28 09:50:29+00:00,0.9985
2026-03-28 09:51:30+00:00,0.9985
2026-03-28 09:52:27+00:00,0.9985
2026-03-28 09:53:28+00:00,0.9985
2026-03-28 09:54:35+00:00,0.9985
2026-03-28 09:55:32+00:00,0.9985
2026-03-28 09:56:31+00:00,0.9985
2026-03-28 09:57:31+00:00,0.9985
2026-03-28 09:58:28+00:00,0.9985
2026-03-28 09:59:30+00:00,0.9985
2026-03-28 10:00:39+00:00,0.9985
2026-03-28 10:01:30+00:00,0.9985
2026-03-28 10:02:28+00:00,0.9985
2026-03-28 10:03:28+00:00,0.9985
2026-03-28 10:04:30+00:00,0.9985
2026-03-28 10:05:34+00:00,0.9985
2026-03-28 10:06:29+00:00,0.9985
2026-03-28 10:07:29+00:00,0.9985
2026-03-28 10:08:32+00:00,0.9985
2026-03-28 10:09:29+00:00,0.9985
2026-03-28 10:10:32+00:00,0.9985
2026-03-28 10:11:29+00:00,0.9985
2026-03-28 10:12:28+00:00,0.9985
2026-03-28 10:13:30+00:00,0.9985
2026-03-28 10:14:33+00:00,0.9985
2026-03-28 10:15:34+00:00,0.9985
2026-03-28 10:16:31+00:00,0.9985
2026-03-28 10:17:30+00:00,0.9985
2026-03-28 10:18:28+00:00,0.9985
2026-03-28 10:19:42+00:00,0.9985
2026-03-28 10:20:39+00:00,0.9985
2026-03-28 10:21:32+00:00,0.9985
2026-03-28 10:22:29+00:00,0.9985
2026-03-28 10:23:34+00:00,0.9985
2026-03-28 10:24:29+00:00,0.9985
2026-03-28 10:25:31+00:00,0.9985
2026-03-28 10:26:46+00:00,0.9985
2026-03-28 10:27:31+00:00,0.9985
2026-03-28 10:28:29+00:00,0.9985
2026-03-28 10:29:29+00:00,0.9985
2026-03-28 10:30:34+00:00,0.9985
2026-03-28 10:31:42+00:00,0.9985
2026-03-28 10:32:30+00:00,0.9985
2026-03-28 10:33:29+00:00,0.9985
2026-03-28 10:34:30+00:00,0.9985
2026-03-28 10:35:33+00:00,0.9985
2026-03-28 10:36:29+00:00,0.9985
2026-03-28 10:37:31+00:00,0.9985
2026-03-28 10:38:30+00:00,0.9985
2026-03-28 10:39:30+00:00,0.9985
2026-03-28 10:40:30+00:00,0.9985
2026-03-28 10:41:28+00:00,0.9985
2026-03-28 10:42:29+00:00,0.9985
2026-03-28 10:43:29+00:00,0.9985
2026-03-28 10:44:32+00:00,0.9985
2026-03-28 10:45:33+00:00,0.9985
2026-03-28 10:46:39+00:00,0.9985
2026-03-28 10:47:29+00:00,0.9985
2026-03-28 10:48:28+00:00,0.9985
2026-03-28 10:49:28+00:00,0.9985
2026-03-28 10:50:31+00:00,0.9985
2026-03-28 10:51:31+00:00,0.9985
2026-03-28 10:52:28+00:00,0.9985
2026-03-28 10:53:30+00:00,0.9985
2026-03-28 10:54:28+00:00,0.9985
2026-03-28 10:55:30+00:00,0.9985
2026-03-28 10:56:32+00:00,0.9985
2026-03-28 10:57:29+00:00,0.9985
2026-03-28 10:58:46+00:00,0.9985
2026-03-28 10:59:30+00:00,0.9985
2026-03-28 11:00:46+00:00,0.9985
2026-03-28 11:01:29+00:00,0.9985
2026-03-28 11:02:31+00:00,0.9985
2026-03-28 11:03:32+00:00,0.9985
2026-03-28 11:04:30+00:00,0.9985
2026-03-28 11:05:34+00:00,0.9985
2026-03-28 11:06:28+00:00,0.9985
2026-03-28 11:07:28+00:00,0.9985
2026-03-28 11:08:28+00:00,0.9985
2026-03-28 11:09:29+00:00,0.9985
2026-03-28 11:10:31+00:00,0.9985
2026-03-28 11:11:28+00:00,0.9985
2026-03-28 11:12:34+00:00,0.9985
2026-03-28 11:13:29+00:00,0.9985
2026-03-28 11:14:29+00:00,0.9985
2026-03-28 11:15:31+00:00,0.9985
2026-03-28 11:16:28+00:00,0.9985
2026-03-28 11:17:31+00:00,0.9985
2026-03-28 11:18:30+00:00,0.9985
2026-03-28 11:19:32+00:00,0.9985
2026-03-28 11:20:30+00:00,0.9985
2026-03-28 11:21:28+00:00,0.9985
2026-03-28 11:22:33+00:00,0.9985
2026-03-28 11:23:35+00:00,0.9985
2026-03-28 11:24:29+00:00,0.9985
2026-03-28 11:25:33+00:00,0.9985
2026-03-28 11:26:33+00:00,0.9985
2026-03-28 11:27:30+00:00,0.9985
2026-03-28 11:28:28+00:00,0.9985
2026-03-28 11:29:35+00:00,0.9985
2026-03-28 11:30:37+00:00,0.9985
2026-03-28 11:31:28+00:00,0.9985
2026-03-28 11:32:42+00:00,0.9985
2026-03-28 11:33:29+00:00,0.9985
2026-03-28 11:34:30+00:00,0.9985
2026-03-28 11:35:30+00:00,0.9985
2026-03-28 11:36:28+00:00,0.9985
2026-03-28 11:37:31+00:00,0.9985
2026-03-28 11:38:30+00:00,0.9985
2026-03-28 11:39:29+00:00,0.9985
2026-03-28 11:40:31+00:00,0.9985
2026-03-28 11:41:30+00:00,0.9985
2026-03-28 11:42:30+00:00,0.9985
2026-03-28 11:43:28+00:00,0.9985
2026-03-28 11:44:43+00:00,0.9985
2026-03-28 11:45:31+00:00,0.9985
2026-03-28 11:46:29+00:00,0.9985
2026-03-28 11:47:28+00:00,0.9985
2026-03-28 11:48:28+00:00,0.9985
2026-03-28 11:49:30+00:00,0.9985
2026-03-28 11:50:29+00:00,0.9985
2026-03-28 11:51:33+00:00,0.9985
2026-03-28 11:52:29+00:00,0.9985
2026-03-28 11:53:29+00:00,0.9985
2026-03-28 11:54:29+00:00,0.9985
2026-03-28 11:55:41+00:00,0.9985
2026-03-28 11:56:32+00:00,0.9985
2026-03-28 11:57:30+00:00,0.9985
2026-03-28 11:58:44+00:00,0.9985
2026-03-28 11:59:30+00:00,0.9985
2026-03-28 12:00:43+00:00,0.9985
2026-03-28 12:01:31+00:00,0.9985
2026-03-28 12:02:28+00:00,0.9985
2026-03-28 12:03:33+00:00,0.9985
2026-03-28 12:04:30+00:00,0.9985
2026-03-28 12:05:30+00:00,0.9985
2026-03-28 12:06:29+00:00,0.9985
2026-03-28 12:07:28+00:00,0.9985
2026-03-28 12:08:41+00:00,0.9985
2026-03-28 12:09:35+00:00,0.9985
2026-03-28 12:10:30+00:00,0.9985
2026-03-28 12:11:29+00:00,0.9985
2026-03-28 12:12:29+00:00,0.9985
2026-03-28 12:13:29+00:00,0.9985
2026-03-28 12:14:30+00:00,0.9985
2026-03-28 12:15:32+00:00,0.9985
2026-03-28 12:16:28+00:00,0.9985
2026-03-28 12:17:29+00:00,0.9985
2026-03-28 12:18:29+00:00,0.9985
2026-03-28 12:19:29+00:00,0.9985
2026-03-28 12:20:30+00:00,0.9985
2026-03-28 12:21:34+00:00,0.9985
2026-03-28 12:22:29+00:00,0.9985
2026-03-28 12:23:33+00:00,0.9985
2026-03-28 12:24:29+00:00,0.9985
2026-03-28 12:25:35+00:00,0.9985
2026-03-28 12:26:30+00:00,0.9985
2026-03-28 12:27:30+00:00,0.9985
2026-03-28 12:28:40+00:00,0.9985
2026-03-28 12:29:33+00:00,0.9985
2026-03-28 12:30:35+00:00,0.9985
2026-03-28 12:31:30+00:00,0.9985
2026-03-28 12:32:30+00:00,0.9985
2026-03-28 12:33:33+00:00,0.9985
2026-03-28 12:34:30+00:00,0.9985
2026-03-28 12:35:31+00:00,0.9985
2026-03-28 12:36:31+00:00,0.9985
2026-03-28 12:37:30+00:00,0.9985
2026-03-28 12:38:30+00:00,0.9985
2026-03-28 12:39:29+00:00,0.9985
2026-03-28 12:40:33+00:00,0.9985
2026-03-28 12:41:32+00:00,0.9985
2026-03-28 12:42:34+00:00,0.9985
2026-03-28 12:43:47+00:00,0.9985
2026-03-28 12:44:30+00:00,0.9985
2026-03-28 12:45:33+00:00,0.9985
2026-03-28 12:46:46+00:00,0.9985
2026-03-28 12:47:37+00:00,0.9985
2026-03-28 12:48:30+00:00,0.9985
2026-03-28 12:49:38+00:00,0.9985
2026-03-28 12:50:39+00:00,0.9985
2026-03-28 12:51:31+00:00,0.9985
2026-03-28 12:52:30+00:00,0.9985
2026-03-28 12:53:30+00:00,0.9985
2026-03-28 12:54:32+00:00,0.9985
2026-03-28 12:55:32+00:00,0.9985
2026-03-28 12:56:30+00:00,0.9985
2026-03-28 12:57:45+00:00,0.9985
2026-03-28 12:58:31+00:00,0.9985
2026-03-28 12:59:30+00:00,0.9985
2026-03-28 13:00:44+00:00,0.9985
2026-03-28 13:01:48+00:00,0.9985
2026-03-28 13:02:45+00:00,0.9985
2026-03-28 13:03:30+00:00,0.9985
2026-03-28 13:04:32+00:00,0.9985
2026-03-28 13:05:32+00:00,0.9985
2026-03-28 13:06:30+00:00,0.9985
2026-03-28 13:07:32+00:00,0.9985
2026-03-28 13:08:35+00:00,0.9985
2026-03-28 13:09:35+00:00,0.9985
2026-03-28 13:10:46+00:00,0.9985
2026-03-28 13:11:33+00:00,0.9985
2026-03-28 13:12:34+00:00,0.9985
2026-03-28 13:13:35+00:00,0.9985
2026-03-28 13:14:30+00:00,0.9985
2026-03-28 13:15:34+00:00,0.9985
2026-03-28 13:16:30+00:00,0.9985
2026-03-28 13:17:35+00:00,0.9985
2026-03-28 13:18:33+00:00,0.9985
2026-03-28 13:19:31+00:00,0.9985
2026-03-28 13:20:31+00:00,0.9985
2026-03-28 13:21:34+00:00,0.9985
2026-03-28 13:22:31+00:00,0.9985
2026-03-28 13:23:31+00:00,0.9985
2026-03-28 13:24:31+00:00,0.9985
2026-03-28 13:25:32+00:00,0.9985
2026-03-28 13:26:31+00:00,0.9985
2026-03-28 13:27:44+00:00,0.9985
2026-03-28 13:28:43+00:00,0.9985
2026-03-28 13:29:34+00:00,0.9985
2026-03-28 13:30:38+00:00,0.9985
2026-03-28 13:31:30+00:00,0.9985
2026-03-28 13:32:34+00:00,0.9985
2026-03-28 13:33:30+00:00,0.9985
2026-03-28 13:34:31+00:00,0.9985
2026-03-28 13:35:32+00:00,0.9985
2026-03-28 13:36:30+00:00,0.9985
2026-03-28 13:37:35+00:00,0.9985
2026-03-28 13:38:33+00:00,0.9985
2026-03-28 13:39:31+00:00,0.9985
2026-03-28 13:40:32+00:00,0.9985
2026-03-28 13:41:46+00:00,0.9985
2026-03-28 13:42:33+00:00,0.9985
2026-03-28 13:43:30+00:00,0.9985
2026-03-28 13:44:31+00:00,0.9985
2026-03-28 13:45:37+00:00,0.9985
2026-03-28 13:46:36+00:00,0.9985
2026-03-28 13:47:36+00:00,0.9985
2026-03-28 13:48:31+00:00,0.9985
2026-03-28 13:49:31+00:00,0.9985
2026-03-28 13:50:37+00:00,0.9985
2026-03-28 13:51:34+00:00,0.9985
2026-03-28 13:52:32+00:00,0.9985
2026-03-28 13:53:47+00:00,0.9985
2026-03-28 13:54:40+00:00,0.9985
2026-03-28 13:55:38+00:00,0.9985
2026-03-28 13:56:34+00:00,0.9985
2026-03-28 13:57:32+00:00,0.9985
2026-03-28 13:58:31+00:00,0.9985
2026-03-28 13:59:34+00:00,0.9985
2026-03-28 14:00:44+00:00,0.9985
2026-03-28 14:01:39+00:00,0.9985
2026-03-28 14:02:34+00:00,0.9985
2026-03-28 14:03:35+00:00,0.9985
2026-03-28 14:04:31+00:00,0.9985
2026-03-28 14:05:35+00:00,0.9985
2026-03-28 14:06:34+00:00,0.9985
2026-03-28 14:07:31+00:00,0.9985
2026-03-28 14:08:30+00:00,0.9985
2026-03-28 14:09:32+00:00,0.9985
2026-03-28 14:10:36+00:00,0.9985
2026-03-28 14:11:31+00:00,0.9985
2026-03-28 14:12:32+00:00,0.9985
2026-03-28 14:13:36+00:00,0.9985
2026-03-28 14:14:32+00:00,0.9985
2026-03-28 14:15:32+00:00,0.9985
2026-03-28 14:16:31+00:00,0.9985
2026-03-28 14:17:33+00:00,0.9985
2026-03-28 14:18:31+00:00,0.9985
2026-03-28 14:19:43+00:00,0.9985
2026-03-28 14:20:35+00:00,0.9985
2026-03-28 14:21:30+00:00,0.9985
2026-03-28 14:22:34+00:00,0.9985
2026-03-28 14:23:30+00:00,0.9985
2026-03-28 14:24:31+00:00,0.9985
2026-03-28 14:25:50+00:00,0.9985
2026-03-28 14:26:32+00:00,0.9985
2026-03-28 14:27:43+00:00,0.9985
2026-03-28 14:28:47+00:00,0.9985
2026-03-28 14:29:35+00:00,0.9985
2026-03-28 14:30:38+00:00,0.9985
2026-03-28 14:31:36+00:00,0.9985
2026-03-28 14:32:34+00:00,0.9985
2026-03-28 14:33:30+00:00,0.9985
2026-03-28 14:34:43+00:00,0.9985
2026-03-28 14:35:40+00:00,0.9985
2026-03-28 14:36:31+00:00,0.9985
2026-03-28 14:37:31+00:00,0.9985
2026-03-28 14:38:33+00:00,0.9985
2026-03-28 14:39:31+00:00,0.9985
2026-03-28 14:40:37+00:00,0.9985
2026-03-28 14:41:33+00:00,0.9985
2026-03-28 14:42:33+00:00,0.9985
2026-03-28 14:43:35+00:00,0.9985
2026-03-28 14:44:31+00:00,0.9985
2026-03-28 14:45:33+00:00,0.9985
2026-03-28 14:46:31+00:00,0.9985
2026-03-28 14:47:37+00:00,0.9985
2026-03-28 14:48:31+00:00,0.9985
2026-03-28 14:49:31+00:00,0.9985
2026-03-28 14:50:34+00:00,0.9985
2026-03-28 14:51:30+00:00,0.9985
2026-03-28 14:52:33+00:00,0.9985
2026-03-28 14:53:30+00:00,0.9985
2026-03-28 14:54:32+00:00,0.9985
2026-03-28 14:55:37+00:00,0.9985
2026-03-28 14:56:33+00:00,0.9985
2026-03-28 14:57:38+00:00,0.9985
2026-03-28 14:58:31+00:00,0.9985
2026-03-28 14:59:32+00:00,0.9985
2026-03-28 15:00:47+00:00,0.9985
2026-03-28 15:01:36+00:00,0.9985
2026-03-28 15:02:30+00:00,0.9985
2026-03-28 15:03:30+00:00,0.9985
2026-03-28 15:04:34+00:00,0.9985
2026-03-28 15:05:37+00:00,0.9985
2026-03-28 15:06:37+00:00,0.9985
2026-03-28 15:07:35+00:00,0.9985
2026-03-28 15:08:32+00:00,0.9985
2026-03-28 15:09:31+00:00,0.9985
2026-03-28 15:10:33+00:00,0.9985
2026-03-28 15:11:32+00:00,0.9985
2026-03-28 15:12:31+00:00,0.9985
2026-03-28 15:13:36+00:00,0.9985
2026-03-28 15:14:35+00:00,0.9985
2026-03-28 15:15:40+00:00,0.9985
2026-03-28 15:16:31+00:00,0.9985
2026-03-28 15:17:33+00:00,0.9985
2026-03-28 15:18:33+00:00,0.9985
2026-03-28 15:19:31+00:00,0.9985
2026-03-28 15:20:53+00:00,0.9985
2026-03-28 15:21:40+00:00,0.9985
2026-03-28 15:22:31+00:00,0.9985
2026-03-28 15:23:37+00:00,0.9985
2026-03-28 15:24:33+00:00,0.9985
2026-03-28 15:25:38+00:00,0.9985
2026-03-28 15:26:35+00:00,0.9985
2026-03-28 15:27:32+00:00,0.9985
2026-03-28 15:28:31+00:00,0.9985
2026-03-28 15:29:34+00:00,0.9985
2026-03-28 15:30:35+00:00,0.9985
2026-03-28 15:31:30+00:00,0.9985
2026-03-28 15:32:36+00:00,0.9985
2026-03-28 15:33:32+00:00,0.9985
2026-03-28 15:34:34+00:00,0.9985
2026-03-28 15:35:35+00:00,0.9985
2026-03-28 15:36:31+00:00,0.9985
2026-03-28 15:37:32+00:00,0.9985
2026-03-28 15:38:44+00:00,0.9985
2026-03-28 15:39:31+00:00,0.9985
2026-03-28 15:40:37+00:00,0.9985
2026-03-28 15:41:32+00:00,0.9985
2026-03-28 15:42:31+00:00,0.9985
2026-03-28 15:43:32+00:00,0.9985
2026-03-28 15:44:32+00:00,0.9985
2026-03-28 15:45:33+00:00,0.9985
2026-03-28 15:46:35+00:00,0.9985
2026-03-28 15:47:32+00:00,0.9985
2026-03-28 15:48:37+00:00,0.9985
2026-03-28 15:49:35+00:00,0.9985
2026-03-28 15:50:35+00:00,0.9985
2026-03-28 15:51:31+00:00,0.9985
2026-03-28 15:52:34+00:00,0.9985
2026-03-28 15:53:37+00:00,0.9985
2026-03-28 15:54:36+00:00,0.9985
2026-03-28 15:55:37+00:00,0.9985
2026-03-28 15:56:31+00:00,0.9985
2026-03-28 15:57:31+00:00,0.9985
2026-03-28 15:58:37+00:00,0.9985
2026-03-28 15:59:36+00:00,0.9985
2026-03-28 16:00:37+00:00,0.9985
2026-03-28 16:01:34+00:00,0.9985
2026-03-28 16:02:32+00:00,0.9985
2026-03-28 16:03:35+00:00,0.9985
2026-03-28 16:04:35+00:00,0.9985
2026-03-28 16:05:37+00:00,0.9985
2026-03-28 16:06:31+00:00,0.9985
2026-03-28 16:07:33+00:00,0.9985
2026-03-28 16:08:41+00:00,0.9985
2026-03-28 16:09:34+00:00,0.9985
2026-03-28 16:10:41+00:00,0.9985
2026-03-28 16:11:32+00:00,0.9985
2026-03-28 16:12:31+00:00,0.9985
2026-03-28 16:13:32+00:00,0.9985
2026-03-28 16:14:31+00:00,0.9985
2026-03-28 16:15:32+00:00,0.9985
2026-03-28 16:16:51+00:00,0.9985
2026-03-28 16:17:36+00:00,0.9985
2026-03-28 16:18:32+00:00,0.9985
2026-03-28 16:19:33+00:00,0.9985
2026-03-28 16:20:33+00:00,0.9985
2026-03-28 16:21:32+00:00,0.9985
2026-03-28 16:22:31+00:00,0.9985
2026-03-28 16:23:31+00:00,0.9985
2026-03-28 16:24:33+00:00,0.9985
2026-03-28 16:25:32+00:00,0.9985
2026-03-28 16:26:34+00:00,0.9985
2026-03-28 16:27:34+00:00,0.9985
2026-03-28 16:28:33+00:00,0.9985
2026-03-28 16:29:35+00:00,0.9985
2026-03-28 16:30:40+00:00,0.9985
2026-03-28 16:31:35+00:00,0.9985
2026-03-28 16:32:31+00:00,0.9985
2026-03-28 16:33:34+00:00,0.9985
2026-03-28 16:34:41+00:00,0.9985
2026-03-28 16:35:35+00:00,0.9985
2026-03-28 16:36:31+00:00,0.9985
2026-03-28 16:37:35+00:00,0.9985
2026-03-28 16:38:35+00:00,0.9985
2026-03-28 16:39:32+00:00,0.9985
2026-03-28 16:40:45+00:00,0.9985
2026-03-28 16:41:34+00:00,0.9985
2026-03-28 16:42:56+00:00,0.9985
2026-03-28 16:43:47+00:00,0.9985
2026-03-28 16:44:32+00:00,0.9985
2026-03-28 16:45:35+00:00,0.9985
2026-03-28 16:46:32+00:00,0.9985
2026-03-28 16:47:51+00:00,0.9985
2026-03-28 16:48:32+00:00,0.9985
2026-03-28 16:49:32+00:00,0.9985
2026-03-28 16:50:36+00:00,0.9985
2026-03-28 16:51:34+00:00,0.9985
2026-03-28 16:52:35+00:00,0.9985
2026-03-28 16:53:36+00:00,0.9985
2026-03-28 16:54:38+00:00,0.9985
2026-03-28 16:55:36+00:00,0.9985
2026-03-28 16:56:35+00:00,0.9985
2026-03-28 16:57:37+00:00,0.9985
2026-03-28 16:58:31+00:00,0.9985
2026-03-28 16:59:31+00:00,0.9985
2026-03-28 17:00:49+00:00,0.9985
2026-03-28 17:01:46+00:00,0.9985
2026-03-28 17:02:37+00:00,0.9985
2026-03-28 17:03:32+00:00,0.9985
2026-03-28 17:04:31+00:00,0.9985
2026-03-28 17:05:33+00:00,0.9985
2026-03-28 17:06:37+00:00,0.9985
2026-03-28 17:07:32+00:00,0.9985
2026-03-28 17:08:37+00:00,0.9985
2026-03-28 17:09:32+00:00,0.9985
2026-03-28 17:10:40+00:00,0.9985
2026-03-28 17:11:33+00:00,0.9985
2026-03-28 17:12:44+00:00,0.9985
2026-03-28 17:13:32+00:00,0.9985
2026-03-28 17:14:33+00:00,0.9985
2026-03-28 17:15:34+00:00,0.9985
2026-03-28 17:16:34+00:00,0.9985
2026-03-28 17:17:35+00:00,0.9985
2026-03-28 17:18:46+00:00,0.9985
2026-03-28 17:19:35+00:00,0.9985
2026-03-28 17:20:45+00:00,0.9985
2026-03-28 17:21:33+00:00,0.9985
2026-03-28 17:22:34+00:00,0.9985
2026-03-28 17:23:32+00:00,0.9985
2026-03-28 17:24:38+00:00,0.9985
2026-03-28 17:25:50+00:00,0.9985
2026-03-28 17:26:38+00:00,0.9985
2026-03-28 17:27:32+00:00,0.9985
2026-03-28 17:28:32+00:00,0.9985
2026-03-28 17:29:32+00:00,0.9985
2026-03-28 17:30:40+00:00,0.9985
2026-03-28 17:31:38+00:00,0.9985
2026-03-28 17:32:31+00:00,0.9985
2026-03-28 17:33:36+00:00,0.9985
2026-03-28 17:34:37+00:00,0.9985
2026-03-28 17:35:38+00:00,0.9985
2026-03-28 17:36:32+00:00,0.9985
2026-03-28 17:37:35+00:00,0.9985
2026-03-28 17:38:49+00:00,0.9985
2026-03-28 17:39:33+00:00,0.9985
2026-03-28 17:40:36+00:00,0.9985
2026-03-28 17:41:37+00:00,0.9985
2026-03-28 17:42:35+00:00,0.9985
2026-03-28 17:43:37+00:00,0.9985
2026-03-28 17:44:33+00:00,0.9985
2026-03-28 17:45:35+00:00,0.9985
2026-03-28 17:46:37+00:00,0.9985
2026-03-28 17:47:33+00:00,0.9985
2026-03-28 17:48:32+00:00,0.9985
2026-03-28 17:49:45+00:00,0.9985
2026-03-28 17:50:35+00:00,0.9985
2026-03-28 17:51:31+00:00,0.9985
2026-03-28 17:52:34+00:00,0.9985
2026-03-28 17:53:34+00:00,0.9985
2026-03-28 17:54:35+00:00,0.9985
2026-03-28 17:55:37+00:00,0.9985
2026-03-28 17:56:43+00:00,0.9985
2026-03-28 17:57:37+00:00,0.9985
2026-03-28 17:58:34+00:00,0.9985
2026-03-28 17:59:35+00:00,0.9985
2026-03-28 18:00:49+00:00,0.9985
2026-03-28 18:01:38+00:00,0.9985
2026-03-28 18:02:35+00:00,0.9985
2026-03-28 18:03:33+00:00,0.9985
2026-03-28 18:04:34+00:00,0.9985
2026-03-28 18:05:34+00:00,0.9985
2026-03-28 18:06:31+00:00,0.9985
2026-03-28 18:07:33+00:00,0.9985
2026-03-28 18:08:31+00:00,0.9985
2026-03-28 18:09:35+00:00,0.9985
2026-03-28 18:10:36+00:00,0.9985
2026-03-28 18:11:31+00:00,0.9985
2026-03-28 18:12:33+00:00,0.9985
2026-03-28 18:13:51+00:00,0.9985
2026-03-28 18:14:33+00:00,0.9985
2026-03-28 18:15:36+00:00,0.9985
2026-03-28 18:16:32+00:00,0.9985
2026-03-28 18:17:32+00:00,0.9985
2026-03-28 18:18:31+00:00,0.9985
2026-03-28 18:19:34+00:00,0.9985
2026-03-28 18:21:01+00:00,0.9985
2026-03-28 18:21:46+00:00,0.9985
2026-03-28 18:22:31+00:00,0.9985
2026-03-28 18:23:32+00:00,0.9985
2026-03-28 18:24:31+00:00,0.9985
2026-03-28 18:25:36+00:00,0.9985
2026-03-28 18:26:31+00:00,0.9985
2026-03-28 18:27:31+00:00,0.9985
2026-03-28 18:28:34+00:00,0.9985
2026-03-28 18:29:49+00:00,0.9985
2026-03-28 18:30:38+00:00,0.9985
2026-03-28 18:31:32+00:00,0.9985
2026-03-28 18:32:31+00:00,0.9985
2026-03-28 18:33:31+00:00,0.9985
2026-03-28 18:34:32+00:00,0.9985
2026-03-28 18:35:32+00:00,0.9985
2026-03-28 18:36:39+00:00,0.9985
2026-03-28 18:37:34+00:00,0.9985
2026-03-28 18:38:45+00:00,0.9985
2026-03-28 18:39:36+00:00,0.9985
2026-03-28 18:40:41+00:00,0.9985
2026-03-28 18:41:31+00:00,0.9985
2026-03-28 18:42:33+00:00,0.9985
2026-03-28 18:43:33+00:00,0.9985
2026-03-28 18:44:32+00:00,0.9985
2026-03-28 18:45:32+00:00,0.9985
2026-03-28 18:46:31+00:00,0.9985
2026-03-28 18:47:36+00:00,0.9985
2026-03-28 18:48:33+00:00,0.9985
2026-03-28 18:49:37+00:00,0.9985
2026-03-28 18:50:33+00:00,0.9985
2026-03-28 18:51:37+00:00,0.9985
2026-03-28 18:52:32+00:00,0.9985
2026-03-28 18:53:32+00:00,0.9985
2026-03-28 18:54:32+00:00,0.9985
2026-03-28 18:55:36+00:00,0.9985
2026-03-28 18:56:42+00:00,0.9985
2026-03-28 18:57:31+00:00,0.9985
2026-03-28 18:58:37+00:00,0.9985
2026-03-28 18:59:45+00:00,0.9985
2026-03-28 19:00:39+00:00,0.9985
2026-03-28 19:01:32+00:00,0.9985
2026-03-28 19:02:38+00:00,0.9985
2026-03-28 19:03:32+00:00,0.9985
2026-03-28 19:04:36+00:00,0.9985
2026-03-28 19:05:38+00:00,0.9985
2026-03-28 19:06:31+00:00,0.9985
2026-03-28 19:07:32+00:00,0.9985
2026-03-28 19:08:32+00:00,0.9985
2026-03-28 19:09:36+00:00,0.9985
2026-03-28 19:10:37+00:00,0.9985
2026-03-28 19:11:33+00:00,0.9985
2026-03-28 19:12:32+00:00,0.9985
2026-03-28 19:13:34+00:00,0.9985
2026-03-28 19:14:31+00:00,0.9985
2026-03-28 19:15:34+00:00,0.9985
2026-03-28 19:16:32+00:00,0.9985
2026-03-28 19:17:32+00:00,0.9985
2026-03-28 19:18:33+00:00,0.9985
2026-03-28 19:19:34+00:00,0.9985
2026-03-28 19:20:38+00:00,0.9985
2026-03-28 19:21:32+00:00,0.9985
2026-03-28 19:22:32+00:00,0.9985
2026-03-28 19:23:32+00:00,0.9985
2026-03-28 19:24:34+00:00,0.9985
2026-03-28 19:25:38+00:00,0.9985
2026-03-28 19:26:48+00:00,0.9985
2026-03-28 19:27:49+00:00,0.9985
2026-03-28 19:28:39+00:00,0.9985
2026-03-28 19:29:35+00:00,0.9985
2026-03-28 19:30:42+00:00,0.9985
2026-03-28 19:31:35+00:00,0.9985
2026-03-28 19:32:33+00:00,0.9985
2026-03-28 19:33:32+00:00,0.9985
2026-03-28 19:34:36+00:00,0.9985
2026-03-28 19:35:35+00:00,0.9985
2026-03-28 19:36:37+00:00,0.9985
2026-03-28 19:37:37+00:00,0.9985
2026-03-28 19:38:38+00:00,0.9985
2026-03-28 19:39:33+00:00,0.9985
2026-03-28 19:40:32+00:00,0.9985
2026-03-28 19:41:31+00:00,0.9985
2026-03-28 19:42:36+00:00,0.9985
2026-03-28 19:43:37+00:00,0.9985
2026-03-28 19:44:32+00:00,0.9985
2026-03-28 19:45:52+00:00,0.9985
2026-03-28 19:46:33+00:00,0.9985
2026-03-28 19:47:34+00:00,0.9985
2026-03-28 19:48:36+00:00,0.9985
2026-03-28 19:49:33+00:00,0.9985
2026-03-28 19:50:34+00:00,0.9985
2026-03-28 19:51:32+00:00,0.9985
2026-03-28 19:52:33+00:00,0.9985
2026-03-28 19:53:32+00:00,0.9985
2026-03-28 19:54:38+00:00,0.9985
2026-03-28 19:55:41+00:00,0.9985
2026-03-28 19:56:31+00:00,0.9985
2026-03-28 19:57:33+00:00,0.9985
2026-03-28 19:58:34+00:00,0.9985
2026-03-28 19:59:34+00:00,0.9985
2026-03-28 20:00:37+00:00,0.9985
2026-03-28 20:01:33+00:00,0.9985
2026-03-28 20:02:31+00:00,0.9985
2026-03-28 20:03:34+00:00,0.9985
2026-03-28 20:04:45+00:00,0.9985
2026-03-28 20:05:32+00:00,0.9985
2026-03-28 20:06:35+00:00,0.9985
2026-03-28 20:07:36+00:00,0.9985
2026-03-28 20:08:31+00:00,0.9985
2026-03-28 20:09:31+00:00,0.9985
2026-03-28 20:10:36+00:00,0.9985
2026-03-28 20:11:37+00:00,0.9985
2026-03-28 20:12:36+00:00,0.9985
2026-03-28 20:13:35+00:00,0.9985
2026-03-28 20:14:32+00:00,0.9985
2026-03-28 20:15:37+00:00,0.9985
2026-03-28 20:16:33+00:00,0.9985
2026-03-28 20:17:32+00:00,0.9985
2026-03-28 20:18:40+00:00,0.9985
2026-03-28 20:19:32+00:00,0.9985
2026-03-28 20:20:35+00:00,0.9985
2026-03-28 20:21:31+00:00,0.9985
2026-03-28 20:22:36+00:00,0.9985
2026-03-28 20:23:31+00:00,0.9985
2026-03-28 20:24:35+00:00,0.9985
2026-03-28 20:25:32+00:00,0.9985
2026-03-28 20:26:33+00:00,0.9985
2026-03-28 20:27:33+00:00,0.9985
2026-03-28 20:28:35+00:00,0.9985
2026-03-28 20:29:45+00:00,0.9985
2026-03-28 20:30:36+00:00,0.9985
2026-03-28 20:31:31+00:00,0.9985
2026-03-28 20:32:34+00:00,0.9985
2026-03-28 20:33:32+00:00,0.9985
2026-03-28 20:34:36+00:00,0.9985
2026-03-28 20:35:36+00:00,0.9985
2026-03-28 20:36:33+00:00,0.9985
2026-03-28 20:37:36+00:00,0.9985
2026-03-28 20:38:30+00:00,0.9985
2026-03-28 20:39:32+00:00,0.9985
2026-03-28 20:40:32+00:00,0.9985
2026-03-28 20:41:31+00:00,0.9985
2026-03-28 20:42:33+00:00,0.9985
2026-03-28 20:43:36+00:00,0.9985
2026-03-28 20:44:38+00:00,0.9985
2026-03-28 20:45:36+00:00,0.9985
2026-03-28 20:46:31+00:00,0.9985
2026-03-28 20:47:33+00:00,0.9985
2026-03-28 20:48:36+00:00,0.9985
2026-03-28 20:49:34+00:00,0.9985
2026-03-28 20:50:35+00:00,0.9985
2026-03-28 20:51:32+00:00,0.9985
2026-03-28 20:52:32+00:00,0.9985
2026-03-28 20:53:31+00:00,0.9985
2026-03-28 20:54:35+00:00,0.9985
2026-03-28 20:55:32+00:00,0.9985
2026-03-28 20:56:31+00:00,0.9985
2026-03-28 20:57:36+00:00,0.9985
2026-03-28 20:58:36+00:00,0.9985
2026-03-28 20:59:34+00:00,0.9985
2026-03-28 21:00:43+00:00,0.9985
2026-03-28 21:01:36+00:00,0.9985
2026-03-28 21:02:31+00:00,0.9985
2026-03-28 21:03:37+00:00,0.9985
2026-03-28 21:04:36+00:00,0.9985
2026-03-28 21:05:33+00:00,0.9985
2026-03-28 21:06:32+00:00,0.9985
2026-03-28 21:07:36+00:00,0.9985
2026-03-28 21:08:31+00:00,0.9985
2026-03-28 21:09:32+00:00,0.9985
2026-03-28 21:10:39+00:00,0.9985
2026-03-28 21:11:34+00:00,0.9985
2026-03-28 21:12:34+00:00,0.9985
2026-03-28 21:13:31+00:00,0.9985
2026-03-28 21:14:35+00:00,0.9985
2026-03-28 21:15:34+00:00,0.9985
2026-03-28 21:16:36+00:00,0.9985
2026-03-28 21:17:33+00:00,0.9985
2026-03-28 21:18:38+00:00,0.9985
2026-03-28 21:19:47+00:00,0.9985
2026-03-28 21:20:34+00:00,0.9985
2026-03-28 21:21:31+00:00,0.9985
2026-03-28 21:22:35+00:00,0.9985
2026-03-28 21:23:31+00:00,0.9985
2026-03-28 21:24:31+00:00,0.9985
2026-03-28 21:25:32+00:00,0.9985
2026-03-28 21:26:35+00:00,0.9985
2026-03-28 21:27:35+00:00,0.9985
2026-03-28 21:28:32+00:00,0.9985
2026-03-28 21:29:34+00:00,0.9985
2026-03-28 21:30:35+00:00,0.9985
2026-03-28 21:31:31+00:00,0.9985
2026-03-28 21:32:38+00:00,0.9985
2026-03-28 21:33:32+00:00,0.9985
2026-03-28 21:34:36+00:00,0.9985
2026-03-28 21:35:39+00:00,0.9985
2026-03-28 21:36:32+00:00,0.9985
2026-03-28 21:37:35+00:00,0.9985
2026-03-28 21:38:35+00:00,0.9985
2026-03-28 21:39:36+00:00,0.9985
2026-03-28 21:40:33+00:00,0.9985
2026-03-28 21:41:32+00:00,0.9985
2026-03-28 21:42:31+00:00,0.9985
2026-03-28 21:43:30+00:00,0.9985
2026-03-28 21:44:33+00:00,0.9985
2026-03-28 21:45:47+00:00,0.9985
2026-03-28 21:46:36+00:00,0.9985
2026-03-28 21:47:34+00:00,0.9985
2026-03-28 21:48:37+00:00,0.9985
2026-03-28 21:49:34+00:00,0.9985
2026-03-28 21:50:34+00:00,0.9985
2026-03-28 21:51:30+00:00,0.9985
2026-03-28 21:52:42+00:00,0.9985
2026-03-28 21:53:37+00:00,0.9985
2026-03-28 21:54:35+00:00,0.9985
2026-03-28 21:55:36+00:00,0.9985
2026-03-28 21:56:33+00:00,0.9985
2026-03-28 21:57:31+00:00,0.9985
2026-03-28 21:58:37+00:00,0.9985
2026-03-28 21:59:36+00:00,0.9985
2026-03-28 22:00:39+00:00,0.9985
2026-03-28 22:01:30+00:00,0.9985
2026-03-28 22:02:31+00:00,0.9985
2026-03-28 22:03:36+00:00,0.9985
2026-03-28 22:04:34+00:00,0.9985
2026-03-28 22:05:34+00:00,0.9985
2026-03-28 22:06:31+00:00,0.9985
2026-03-28 22:07:31+00:00,0.9985
2026-03-28 22:08:33+00:00,0.9985
2026-03-28 22:09:33+00:00,0.9985
2026-03-28 22:10:34+00:00,0.9985
2026-03-28 22:11:32+00:00,0.9985
2026-03-28 22:12:31+00:00,0.9985
2026-03-28 22:13:33+00:00,0.9985
2026-03-28 22:14:33+00:00,0.9985
2026-03-28 22:15:35+00:00,0.9985
2026-03-28 22:16:36+00:00,0.9985
2026-03-28 22:17:34+00:00,0.9985
2026-03-28 22:18:36+00:00,0.9985
2026-03-28 22:19:35+00:00,0.9985
2026-03-28 22:20:45+00:00,0.9985
2026-03-28 22:21:41+00:00,0.9985
2026-03-28 22:22:35+00:00,0.9985
2026-03-28 22:23:32+00:00,0.9985
2026-03-28 22:24:33+00:00,0.9985
2026-03-28 22:25:33+00:00,0.9985
2026-03-28 22:26:36+00:00,0.9985
2026-03-28 22:27:33+00:00,0.9985
2026-03-28 22:28:33+00:00,0.9985
2026-03-28 22:29:34+00:00,0.9985
2026-03-28 22:30:37+00:00,0.9985
2026-03-28 22:31:32+00:00,0.9985
2026-03-28 22:32:33+00:00,0.9985
2026-03-28 22:33:35+00:00,0.9985
2026-03-28 22:34:36+00:00,0.9985
2026-03-28 22:35:36+00:00,0.9985
2026-03-28 22:36:32+00:00,0.9985
2026-03-28 22:37:31+00:00,0.9985
2026-03-28 22:38:38+00:00,0.9985
2026-03-28 22:39:37+00:00,0.9985
2026-03-28 22:40:38+00:00,0.9985
2026-03-28 22:41:32+00:00,0.9985
2026-03-28 22:42:31+00:00,0.9985
2026-03-28 22:43:34+00:00,0.9985
2026-03-28 22:44:36+00:00,0.9985
2026-03-28 22:45:33+00:00,0.9985
2026-03-28 22:46:34+00:00,0.9985
2026-03-28 22:47:32+00:00,0.9985
2026-03-28 22:48:36+00:00,0.9985
2026-03-28 22:49:35+00:00,0.9985
2026-03-28 22:50:34+00:00,0.9985
2026-03-28 22:51:31+00:00,0.9985
2026-03-28 22:52:32+00:00,0.9985
2026-03-28 22:53:42+00:00,0.9985
2026-03-28 22:54:37+00:00,0.9985
2026-03-28 22:55:47+00:00,0.9985
2026-03-28 22:56:36+00:00,0.9985
2026-03-28 22:57:32+00:00,0.9985
2026-03-28 22:58:44+00:00,0.9985
2026-03-28 22:59:33+00:00,0.9985
2026-03-28 23:00:40+00:00,0.9985
2026-03-28 23:01:33+00:00,0.9985
2026-03-28 23:02:33+00:00,0.9985
2026-03-28 23:03:39+00:00,0.9985
2026-03-28 23:04:36+00:00,0.9985
2026-03-28 23:05:38+00:00,0.9985
2026-03-28 23:06:33+00:00,0.9985
2026-03-28 23:07:31+00:00,0.9985
2026-03-28 23:08:31+00:00,0.9985
2026-03-28 23:09:32+00:00,0.9985
2026-03-28 23:10:38+00:00,0.9985
2026-03-28 23:11:49+00:00,0.9985
2026-03-28 23:12:46+00:00,0.9985
2026-03-28 23:13:31+00:00,0.9985
2026-03-28 23:14:31+00:00,0.9985
2026-03-28 23:15:35+00:00,0.9985
2026-03-28 23:16:33+00:00,0.9985
2026-03-28 23:17:37+00:00,0.9985
2026-03-28 23:18:33+00:00,0.9985
2026-03-28 23:19:32+00:00,0.9985
2026-03-28 23:20:37+00:00,0.9985
2026-03-28 23:21:32+00:00,0.9985
2026-03-28 23:22:34+00:00,0.9985
2026-03-28 23:23:35+00:00,0.9985
2026-03-28 23:24:46+00:00,0.9985
2026-03-28 23:25:37+00:00,0.9985
2026-03-28 23:26:33+00:00,0.9985
2026-03-28 23:27:36+00:00,0.9985
2026-03-28 23:28:33+00:00,0.9985
2026-03-28 23:29:35+00:00,0.9985
2026-03-28 23:30:46+00:00,0.9985
2026-03-28 23:31:39+00:00,0.9985
2026-03-28 23:32:36+00:00,0.9985
2026-03-28 23:33:33+00:00,0.9985
2026-03-28 23:34:35+00:00,0.9985
2026-03-28 23:35:34+00:00,0.9985
2026-03-28 23:36:33+00:00,0.9985
2026-03-28 23:37:33+00:00,0.9985
2026-03-28 23:38:33+00:00,0.9985
2026-03-28 23:39:37+00:00,0.9985
2026-03-28 23:40:35+00:00,0.9985
2026-03-28 23:41:32+00:00,0.9985
2026-03-28 23:42:33+00:00,0.9985
2026-03-28 23:43:36+00:00,0.9985
2026-03-28 23:44:33+00:00,0.9985
2026-03-28 23:45:34+00:00,0.9985
2026-03-28 23:46:33+00:00,0.9985
2026-03-28 23:47:37+00:00,0.9985
2026-03-28 23:48:33+00:00,0.9985
2026-03-28 23:49:32+00:00,0.9985
2026-03-28 23:50:35+00:00,0.9985
2026-03-28 23:51:37+00:00,0.9985
2026-03-28 23:52:35+00:00,0.9985
2026-03-28 23:53:36+00:00,0.9985
2026-03-28 23:54:35+00:00,0.9985
2026-03-28 23:55:43+00:00,0.9985
2026-03-28 23:56:37+00:00,0.9985
2026-03-28 23:57:37+00:00,0.9985
2026-03-28 23:58:36+00:00,0.9985
2026-03-28 23:59:36+00:00,0.9985
2026-03-29 00:00:48+00:00,0.9985
2026-03-29 00:01:41+00:00,0.9985
2026-03-29 00:02:53+00:00,0.9985
2026-03-29 00:03:37+00:00,0.9985
2026-03-29 00:04:39+00:00,0.9985
2026-03-29 00:05:50+00:00,0.9985
2026-03-29 00:06:37+00:00,0.9985
2026-03-29 00:07:33+00:00,0.9985
2026-03-29 00:08:32+00:00,0.9985
2026-03-29 00:09:39+00:00,0.9985
2026-03-29 00:10:36+00:00,0.9985
2026-03-29 00:11:34+00:00,0.9985
2026-03-29 00:12:32+00:00,0.9985
2026-03-29 00:13:34+00:00,0.9985
2026-03-29 00:14:36+00:00,0.9985
2026-03-29 00:15:56+00:00,0.9985
2026-03-29 00:16:40+00:00,0.9985
2026-03-29 00:17:33+00:00,0.9985
2026-03-29 00:18:37+00:00,0.9985
2026-03-29 00:19:33+00:00,0.9985
2026-03-29 00:20:38+00:00,0.9985
2026-03-29 00:21:47+00:00,0.9985
2026-03-29 00:22:35+00:00,0.9985
2026-03-29 00:23:33+00:00,0.9985
2026-03-29 00:24:33+00:00,0.9985
2026-03-29 00:25:39+00:00,0.9985
2026-03-29 00:26:32+00:00,0.9985
2026-03-29 00:27:32+00:00,0.9985
2026-03-29 00:28:34+00:00,0.9985
2026-03-29 00:29:33+00:00,0.9985
2026-03-29 00:30:41+00:00,0.9985
2026-03-29 00:31:35+00:00,0.9985
2026-03-29 00:32:32+00:00,0.9985
2026-03-29 00:33:45+00:00,0.9985
2026-03-29 00:34:32+00:00,0.9985
2026-03-29 00:35:34+00:00,0.9985
2026-03-29 00:36:38+00:00,0.9985
2026-03-29 00:37:49+00:00,0.9985
2026-03-29 00:38:34+00:00,0.9985
2026-03-29 00:39:33+00:00,0.9985
2026-03-29 00:40:36+00:00,0.9985
2026-03-29 00:41:31+00:00,0.9985
2026-03-29 00:42:36+00:00,0.9985
2026-03-29 00:43:38+00:00,0.9985
2026-03-29 00:44:35+00:00,0.9985
2026-03-29 00:45:35+00:00,0.9985
2026-03-29 00:46:32+00:00,0.9985
2026-03-29 00:47:32+00:00,0.9985
2026-03-29 00:48:32+00:00,0.9985
2026-03-29 00:49:32+00:00,0.9985
2026-03-29 00:50:38+00:00,0.9985
2026-03-29 00:51:31+00:00,0.9985
2026-03-29 00:52:32+00:00,0.9985
2026-03-29 00:53:49+00:00,0.9985
2026-03-29 00:54:38+00:00,0.9985
2026-03-29 00:55:33+00:00,0.9985
2026-03-29 00:56:31+00:00,0.9985
2026-03-29 00:57:33+00:00,0.9985
2026-03-29 00:58:34+00:00,0.9985
2026-03-29 00:59:39+00:00,0.9985
2026-03-29 01:00:47+00:00,0.9985
2026-03-29 01:01:38+00:00,0.9985
2026-03-29 01:02:35+00:00,0.9985
2026-03-29 01:03:38+00:00,0.9985
2026-03-29 01:04:52+00:00,0.9985
2026-03-29 01:05:42+00:00,0.9985
2026-03-29 01:06:31+00:00,0.9985
2026-03-29 01:07:32+00:00,0.9985
2026-03-29 01:08:40+00:00,0.9985
2026-03-29 01:09:36+00:00,0.9985
2026-03-29 01:10:41+00:00,0.9985
2026-03-29 01:11:33+00:00,0.9985
2026-03-29 01:12:31+00:00,0.9985
2026-03-29 01:13:35+00:00,0.9985
2026-03-29 01:14:48+00:00,0.9985
2026-03-29 01:15:38+00:00,0.9985
2026-03-29 01:16:37+00:00,0.9985
2026-03-29 01:17:32+00:00,0.9985
2026-03-29 01:18:31+00:00,0.9985
2026-03-29 01:19:36+00:00,0.9985
2026-03-29 01:20:32+00:00,0.9985
2026-03-29 01:21:33+00:00,0.9985
2026-03-29 01:22:31+00:00,0.9985
2026-03-29 01:23:32+00:00,0.9985
2026-03-29 01:24:36+00:00,0.9985
2026-03-29 01:25:33+00:00,0.9985
2026-03-29 01:26:33+00:00,0.9985
2026-03-29 01:27:45+00:00,0.9985
2026-03-29 01:28:33+00:00,0.9985
2026-03-29 01:29:45+00:00,0.9985
2026-03-29 01:30:35+00:00,0.9985
2026-03-29 01:31:34+00:00,0.9985
2026-03-29 01:32:30+00:00,0.9985
2026-03-29 01:33:35+00:00,0.9985
2026-03-29 01:34:42+00:00,0.9985
2026-03-29 01:35:38+00:00,0.9985
2026-03-29 01:36:34+00:00,0.9985
2026-03-29 01:37:33+00:00,0.9985
2026-03-29 01:38:32+00:00,0.9985
2026-03-29 01:39:31+00:00,0.9985
2026-03-29 01:40:33+00:00,0.9985
2026-03-29 01:41:35+00:00,0.9985
2026-03-29 01:42:33+00:00,0.9985
2026-03-29 01:43:33+00:00,0.9985
2026-03-29 01:44:36+00:00,0.9985
2026-03-29 01:45:37+00:00,0.9985
2026-03-29 01:46:32+00:00,0.9985
2026-03-29 01:47:31+00:00,0.9985
2026-03-29 01:48:33+00:00,0.9985
2026-03-29 01:49:34+00:00,0.9985
2026-03-29 01:50:37+00:00,0.9985
2026-03-29 01:51:33+00:00,0.9985
2026-03-29 01:52:34+00:00,0.9985
2026-03-29 01:53:35+00:00,0.9985
2026-03-29 01:54:35+00:00,0.9985
2026-03-29 01:55:44+00:00,0.9985
2026-03-29 01:56:35+00:00,0.9985
2026-03-29 01:57:37+00:00,0.9985
2026-03-29 01:58:33+00:00,0.9985
2026-03-29 01:59:32+00:00,0.9985
2026-03-29 02:00:43+00:00,0.9985
2026-03-29 02:01:39+00:00,0.9985
2026-03-29 02:02:32+00:00,0.9985
2026-03-29 02:03:35+00:00,0.9985
2026-03-29 02:04:32+00:00,0.9985
2026-03-29 02:05:37+00:00,0.9985
2026-03-29 02:06:43+00:00,0.999
2026-03-29 02:07:33+00:00,0.999
2026-03-29 02:08:33+00:00,0.999
2026-03-29 02:09:32+00:00,0.999
2026-03-29 02:10:34+00:00,0.9985
2026-03-29 02:11:31+00:00,0.9985
2026-03-29 02:12:31+00:00,0.9985
2026-03-29 02:13:31+00:00,0.9985
2026-03-29 02:14:33+00:00,0.9985
2026-03-29 02:15:34+00:00,0.9985
2026-03-29 02:16:31+00:00,0.9985
2026-03-29 02:17:32+00:00,0.9985
2026-03-29 02:18:32+00:00,0.9985
2026-03-29 02:19:50+00:00,0.9985
2026-03-29 02:20:33+00:00,0.9985
2026-03-29 02:21:32+00:00,0.9985
2026-03-29 02:22:31+00:00,0.9985
2026-03-29 02:23:32+00:00,0.9985
2026-03-29 02:24:32+00:00,0.9985
2026-03-29 02:25:34+00:00,0.9985
2026-03-29 02:26:37+00:00,0.999
2026-03-29 02:27:31+00:00,0.999
2026-03-29 02:28:32+00:00,0.999
2026-03-29 02:29:34+00:00,0.999
2026-03-29 02:30:58+00:00,0.999
2026-03-29 02:31:43+00:00,0.999
2026-03-29 02:32:32+00:00,0.999
2026-03-29 02:33:31+00:00,0.999
2026-03-29 02:34:34+00:00,0.999
2026-03-29 02:35:35+00:00,0.999
2026-03-29 02:36:36+00:00,0.999
2026-03-29 02:37:35+00:00,0.999
2026-03-29 02:38:31+00:00,0.999
2026-03-29 02:39:35+00:00,0.999
2026-03-29 02:40:40+00:00,0.999
2026-03-29 02:41:35+00:00,0.999
2026-03-29 02:42:31+00:00,0.999
2026-03-29 02:43:35+00:00,0.999
2026-03-29 02:44:48+00:00,0.999
2026-03-29 02:45:34+00:00,0.999
2026-03-29 02:46:47+00:00,0.999
2026-03-29 02:47:33+00:00,0.999
2026-03-29 02:48:31+00:00,0.999
2026-03-29 02:49:32+00:00,0.999
2026-03-29 02:50:34+00:00,0.999
2026-03-29 02:51:34+00:00,0.999
2026-03-29 02:52:36+00:00,0.999
2026-03-29 02:53:34+00:00,0.999
2026-03-29 02:54:31+00:00,0.999
2026-03-29 02:55:36+00:00,0.999
2026-03-29 02:56:33+00:00,0.999
2026-03-29 02:57:32+00:00,0.999
2026-03-29 02:58:33+00:00,0.999
2026-03-29 02:59:35+00:00,0.999
2026-03-29 03:00:42+00:00,0.999
2026-03-29 03:01:35+00:00,0.999
2026-03-29 03:02:31+00:00,0.999
2026-03-29 03:03:32+00:00,0.999
2026-03-29 03:04:37+00:00,0.999
2026-03-29 03:05:37+00:00,0.999
2026-03-29 03:06:35+00:00,0.999
2026-03-29 03:07:32+00:00,0.999
2026-03-29 03:08:35+00:00,0.999
2026-03-29 03:09:32+00:00,0.999
2026-03-29 03:10:37+00:00,0.999
2026-03-29 03:11:35+00:00,0.999
2026-03-29 03:12:34+00:00,0.999
2026-03-29 03:13:34+00:00,0.999
2026-03-29 03:14:35+00:00,0.999
2026-03-29 03:15:48+00:00,0.999
2026-03-29 03:16:36+00:00,0.999
2026-03-29 03:17:49+00:00,0.999
2026-03-29 03:18:40+00:00,0.999
2026-03-29 03:19:35+00:00,0.999
2026-03-29 03:20:43+00:00,0.999
2026-03-29 03:21:34+00:00,0.999
2026-03-29 03:22:38+00:00,0.999
2026-03-29 03:23:32+00:00,0.999
2026-03-29 03:24:31+00:00,0.999
2026-03-29 03:25:39+00:00,0.999
2026-03-29 03:26:32+00:00,0.999
2026-03-29 03:27:32+00:00,0.999
2026-03-29 03:28:36+00:00,0.999
2026-03-29 03:29:32+00:00,0.999
2026-03-29 03:30:51+00:00,0.999
2026-03-29 03:31:36+00:00,0.999
2026-03-29 03:32:35+00:00,0.999
2026-03-29 03:33:39+00:00,0.999
2026-03-29 03:34:31+00:00,0.999
2026-03-29 03:35:33+00:00,0.999
2026-03-29 03:36:47+00:00,0.999
2026-03-29 03:37:36+00:00,0.999
2026-03-29 03:38:37+00:00,0.999
2026-03-29 03:39:32+00:00,0.999
2026-03-29 03:40:45+00:00,0.999
2026-03-29 03:41:40+00:00,0.999
2026-03-29 03:42:35+00:00,0.999
2026-03-29 03:43:33+00:00,0.999
2026-03-29 03:44:31+00:00,0.999
2026-03-29 03:45:34+00:00,0.999
2026-03-29 03:46:32+00:00,0.999
2026-03-29 03:47:31+00:00,0.999
2026-03-29 03:48:32+00:00,0.999
2026-03-29 03:49:34+00:00,0.999
2026-03-29 03:50:49+00:00,0.999
2026-03-29 03:51:32+00:00,0.999
2026-03-29 03:52:31+00:00,0.999
2026-03-29 03:53:38+00:00,0.999
2026-03-29 03:54:35+00:00,0.999
2026-03-29 03:55:34+00:00,0.999
2026-03-29 03:56:37+00:00,0.999
2026-03-29 03:57:33+00:00,0.999
2026-03-29 03:58:30+00:00,0.999
2026-03-29 03:59:35+00:00,0.999
2026-03-29 04:00:39+00:00,0.999
2026-03-29 04:01:35+00:00,0.999
2026-03-29 04:02:35+00:00,0.999
2026-03-29 04:03:31+00:00,0.999
2026-03-29 04:04:31+00:00,0.999
2026-03-29 04:05:36+00:00,0.999
2026-03-29 04:06:42+00:00,0.999
2026-03-29 04:07:39+00:00,0.999
2026-03-29 04:08:34+00:00,0.999
2026-03-29 04:09:35+00:00,0.999
2026-03-29 04:10:34+00:00,0.999
2026-03-29 04:11:36+00:00,0.999
2026-03-29 04:12:31+00:00,0.999
2026-03-29 04:13:31+00:00,0.999
2026-03-29 04:14:31+00:00,0.999
2026-03-29 04:15:39+00:00,0.999
2026-03-29 04:16:31+00:00,0.999
2026-03-29 04:17:31+00:00,0.999
2026-03-29 04:18:31+00:00,0.999
2026-03-29 04:19:32+00:00,0.999
2026-03-29 04:20:32+00:00,0.999
2026-03-29 04:21:34+00:00,0.999
2026-03-29 04:22:32+00:00,0.999
2026-03-29 04:23:44+00:00,0.999
2026-03-29 04:24:36+00:00,0.999
2026-03-29 04:25:37+00:00,0.999
2026-03-29 04:26:32+00:00,0.999
2026-03-29 04:27:34+00:00,0.999
2026-03-29 04:28:32+00:00,0.999
2026-03-29 04:29:32+00:00,0.999
2026-03-29 04:30:38+00:00,0.999
2026-03-29 04:31:31+00:00,0.999
2026-03-29 04:32:39+00:00,0.999
2026-03-29 04:33:31+00:00,0.999
2026-03-29 04:34:32+00:00,0.999
2026-03-29 04:35:35+00:00,0.999
2026-03-29 04:36:37+00:00,0.999
2026-03-29 04:37:32+00:00,0.999
2026-03-29 04:38:32+00:00,0.999
2026-03-29 04:39:31+00:00,0.999
2026-03-29 04:40:32+00:00,0.999
2026-03-29 04:41:33+00:00,0.999
2026-03-29 04:42:33+00:00,0.999
2026-03-29 04:43:31+00:00,0.999
2026-03-29 04:44:34+00:00,0.999
2026-03-29 04:45:37+00:00,0.999
2026-03-29 04:46:31+00:00,0.999
2026-03-29 04:47:34+00:00,0.999
2026-03-29 04:48:47+00:00,0.999
2026-03-29 04:49:32+00:00,0.999
2026-03-29 04:50:50+00:00,0.999
2026-03-29 04:51:37+00:00,0.999
2026-03-29 04:52:35+00:00,0.999
2026-03-29 04:53:36+00:00,0.999
2026-03-29 04:54:32+00:00,0.999
2026-03-29 04:55:34+00:00,0.999
2026-03-29 04:56:45+00:00,0.999
2026-03-29 04:57:36+00:00,0.999
2026-03-29 04:58:37+00:00,0.999
2026-03-29 04:59:32+00:00,0.999
2026-03-29 05:00:44+00:00,0.999
2026-03-29 05:01:38+00:00,0.999
2026-03-29 05:02:37+00:00,0.999
2026-03-29 05:03:35+00:00,0.999
2026-03-29 05:04:32+00:00,0.999
2026-03-29 05:05:35+00:00,0.999
2026-03-29 05:06:33+00:00,0.999
2026-03-29 05:07:36+00:00,0.999
2026-03-29 05:08:34+00:00,0.999
2026-03-29 05:09:35+00:00,0.999
2026-03-29 05:10:39+00:00,0.999
2026-03-29 05:11:32+00:00,0.999
2026-03-29 05:12:36+00:00,0.999
2026-03-29 05:13:33+00:00,0.999
2026-03-29 05:14:34+00:00,0.999
2026-03-29 05:15:34+00:00,0.999
2026-03-29 05:16:35+00:00,0.999
2026-03-29 05:17:32+00:00,0.999
2026-03-29 05:18:32+00:00,0.999
2026-03-29 05:19:33+00:00,0.999
2026-03-29 05:20:39+00:00,0.999
2026-03-29 05:21:36+00:00,0.999
2026-03-29 05:22:34+00:00,0.999
2026-03-29 05:23:32+00:00,0.999
2026-03-29 05:24:39+00:00,0.999
2026-03-29 05:25:35+00:00,0.999
2026-03-29 05:26:33+00:00,0.999
2026-03-29 05:27:39+00:00,0.999
2026-03-29 05:28:32+00:00,0.999
2026-03-29 05:29:32+00:00,0.999
2026-03-29 05:30:55+00:00,0.999
2026-03-29 05:31:38+00:00,0.999
2026-03-29 05:32:31+00:00,0.999
2026-03-29 05:33:33+00:00,0.999
2026-03-29 05:34:38+00:00,0.999
2026-03-29 05:35:34+00:00,0.999
2026-03-29 05:36:31+00:00,0.999
2026-03-29 05:37:43+00:00,0.999
2026-03-29 05:38:34+00:00,0.999
2026-03-29 05:39:32+00:00,0.999
2026-03-29 05:40:33+00:00,0.999
2026-03-29 05:41:33+00:00,0.999
2026-03-29 05:42:46+00:00,0.999
2026-03-29 05:43:38+00:00,0.999
2026-03-29 05:44:32+00:00,0.999
2026-03-29 05:45:33+00:00,0.999
2026-03-29 05:46:48+00:00,0.999
2026-03-29 05:47:33+00:00,0.999
2026-03-29 05:48:32+00:00,0.999
2026-03-29 05:49:35+00:00,0.999
2026-03-29 05:50:36+00:00,0.999
2026-03-29 05:51:39+00:00,0.999
2026-03-29 05:52:34+00:00,0.999
2026-03-29 05:53:37+00:00,0.999
2026-03-29 05:54:34+00:00,0.999
2026-03-29 05:55:35+00:00,0.999
2026-03-29 05:56:31+00:00,0.999
2026-03-29 05:57:36+00:00,0.999
2026-03-29 05:58:47+00:00,0.999
2026-03-29 05:59:36+00:00,0.999
2026-03-29 06:00:52+00:00,0.999
2026-03-29 06:01:38+00:00,0.999
2026-03-29 06:02:33+00:00,0.999
2026-03-29 06:03:35+00:00,0.999
2026-03-29 06:04:33+00:00,0.999
2026-03-29 06:05:36+00:00,0.999
2026-03-29 06:06:34+00:00,0.999
2026-03-29 06:07:32+00:00,0.999
2026-03-29 06:08:31+00:00,0.999
2026-03-29 06:09:33+00:00,0.999
2026-03-29 06:10:35+00:00,0.999
2026-03-29 06:11:31+00:00,0.999
2026-03-29 06:12:32+00:00,0.999
2026-03-29 06:13:32+00:00,0.999
2026-03-29 06:14:33+00:00,0.999
2026-03-29 06:15:39+00:00,0.999
2026-03-29 06:16:31+00:00,0.999
2026-03-29 06:17:32+00:00,0.999
2026-03-29 06:18:34+00:00,0.999
2026-03-29 06:19:41+00:00,0.999
2026-03-29 06:20:36+00:00,0.999
2026-03-29 06:21:33+00:00,0.999
2026-03-29 06:22:48+00:00,0.999
2026-03-29 06:23:35+00:00,0.999
2026-03-29 06:24:36+00:00,0.999
2026-03-29 06:25:32+00:00,0.999
2026-03-29 06:26:32+00:00,0.999
2026-03-29 06:27:40+00:00,0.999
2026-03-29 06:28:34+00:00,0.999
2026-03-29 06:29:38+00:00,0.999
2026-03-29 06:30:47+00:00,0.999
2026-03-29 06:31:38+00:00,0.999
2026-03-29 06:32:32+00:00,0.999
2026-03-29 06:33:32+00:00,0.999
2026-03-29 06:34:33+00:00,0.999
2026-03-29 06:35:40+00:00,0.999
2026-03-29 06:36:34+00:00,0.999
2026-03-29 06:37:35+00:00,0.999
2026-03-29 06:38:32+00:00,0.999
2026-03-29 06:39:33+00:00,0.999
2026-03-29 06:40:34+00:00,0.999
2026-03-29 06:41:44+00:00,0.999
2026-03-29 06:42:35+00:00,0.999
2026-03-29 06:43:35+00:00,0.999
2026-03-29 06:44:31+00:00,0.999
2026-03-29 06:45:36+00:00,0.999
2026-03-29 06:46:33+00:00,0.999
2026-03-29 06:47:32+00:00,0.999
2026-03-29 06:48:34+00:00,0.999
2026-03-29 06:49:34+00:00,0.999
2026-03-29 06:50:34+00:00,0.999
2026-03-29 06:51:32+00:00,0.999
2026-03-29 06:52:33+00:00,0.999
2026-03-29 06:53:46+00:00,0.999
2026-03-29 06:54:33+00:00,0.999
2026-03-29 06:55:33+00:00,0.999
2026-03-29 06:56:33+00:00,0.999
2026-03-29 06:57:32+00:00,0.999
2026-03-29 06:58:31+00:00,0.999
2026-03-29 06:59:36+00:00,0.999
2026-03-29 07:00:42+00:00,0.999
2026-03-29 07:01:41+00:00,0.999
2026-03-29 07:02:31+00:00,0.999
2026-03-29 07:03:36+00:00,0.999
2026-03-29 07:04:32+00:00,0.999
2026-03-29 07:05:35+00:00,0.999
2026-03-29 07:06:34+00:00,0.999
2026-03-29 07:07:43+00:00,0.999
2026-03-29 07:08:32+00:00,0.999
2026-03-29 07:09:32+00:00,0.999
2026-03-29 07:10:36+00:00,0.999
2026-03-29 07:11:34+00:00,0.999
2026-03-29 07:12:30+00:00,0.999
2026-03-29 07:13:32+00:00,0.999
2026-03-29 07:14:32+00:00,0.999
2026-03-29 07:15:34+00:00,0.999
2026-03-29 07:16:41+00:00,0.999
2026-03-29 07:17:34+00:00,0.999
2026-03-29 07:18:34+00:00,0.999
2026-03-29 07:19:36+00:00,0.999
2026-03-29 07:20:34+00:00,0.999
2026-03-29 07:21:32+00:00,0.999
2026-03-29 07:22:43+00:00,0.999
2026-03-29 07:23:31+00:00,0.999
2026-03-29 07:24:33+00:00,0.999
2026-03-29 07:25:37+00:00,0.999
2026-03-29 07:26:32+00:00,0.999
2026-03-29 07:27:38+00:00,0.999
2026-03-29 07:28:31+00:00,0.999
2026-03-29 07:29:32+00:00,0.999
2026-03-29 07:30:43+00:00,0.999
2026-03-29 07:31:35+00:00,0.999
2026-03-29 07:32:47+00:00,0.999
2026-03-29 07:33:33+00:00,0.999
2026-03-29 07:34:38+00:00,0.999
2026-03-29 07:35:39+00:00,0.999
2026-03-29 07:36:37+00:00,0.999
2026-03-29 07:37:31+00:00,0.999
2026-03-29 07:38:31+00:00,0.999
2026-03-29 07:39:32+00:00,0.999
2026-03-29 07:40:35+00:00,0.999
2026-03-29 07:41:33+00:00,0.999
2026-03-29 07:42:40+00:00,0.999
2026-03-29 07:43:33+00:00,0.999
2026-03-29 07:44:46+00:00,0.999
2026-03-29 07:45:36+00:00,0.999
2026-03-29 07:46:32+00:00,0.999
2026-03-29 07:47:48+00:00,0.999
2026-03-29 07:48:32+00:00,0.999
2026-03-29 07:49:36+00:00,0.999
2026-03-29 07:50:34+00:00,0.999
2026-03-29 07:51:32+00:00,0.999
2026-03-29 07:52:33+00:00,0.999
2026-03-29 07:53:34+00:00,0.999
2026-03-29 07:54:31+00:00,0.999
2026-03-29 07:55:50+00:00,0.999
2026-03-29 07:56:36+00:00,0.999
2026-03-29 07:57:33+00:00,0.999
2026-03-29 07:58:45+00:00,0.999
2026-03-29 07:59:32+00:00,0.999
2026-03-29 08:00:44+00:00,0.999
2026-03-29 08:01:35+00:00,0.999
2026-03-29 08:02:34+00:00,0.999
2026-03-29 08:03:34+00:00,0.999
2026-03-29 08:04:39+00:00,0.999
2026-03-29 08:05:36+00:00,0.999
2026-03-29 08:06:45+00:00,0.999
2026-03-29 08:07:33+00:00,0.999
2026-03-29 08:08:38+00:00,0.999
2026-03-29 08:09:36+00:00,0.999
2026-03-29 08:10:36+00:00,0.999
2026-03-29 08:11:32+00:00,0.999
2026-03-29 08:12:44+00:00,0.999
2026-03-29 08:13:33+00:00,0.999
2026-03-29 08:14:44+00:00,0.999
2026-03-29 08:15:52+00:00,0.999
2026-03-29 08:16:36+00:00,0.999
2026-03-29 08:17:37+00:00,0.999
2026-03-29 08:18:33+00:00,0.999
2026-03-29 08:19:32+00:00,0.999
2026-03-29 08:20:35+00:00,0.999
2026-03-29 08:21:34+00:00,0.999
2026-03-29 08:22:32+00:00,0.999
2026-03-29 08:23:33+00:00,0.999
2026-03-29 08:24:33+00:00,0.999
2026-03-29 08:25:35+00:00,0.999
2026-03-29 08:26:31+00:00,0.999
2026-03-29 08:27:32+00:00,0.999
2026-03-29 08:28:31+00:00,0.999
2026-03-29 08:29:32+00:00,0.999
2026-03-29 08:30:41+00:00,0.999
2026-03-29 08:31:33+00:00,0.999
2026-03-29 08:32:32+00:00,0.999
2026-03-29 08:33:32+00:00,0.999
2026-03-29 08:34:32+00:00,0.999
2026-03-29 08:35:32+00:00,0.999
2026-03-29 08:36:35+00:00,0.999
2026-03-29 08:37:44+00:00,0.999
2026-03-29 08:38:35+00:00,0.999
2026-03-29 08:39:33+00:00,0.999
2026-03-29 08:40:55+00:00,0.999
2026-03-29 08:41:47+00:00,0.999
2026-03-29 08:42:33+00:00,0.999
2026-03-29 08:43:33+00:00,0.999
2026-03-29 08:44:34+00:00,0.999
2026-03-29 08:45:37+00:00,0.999
2026-03-29 08:46:32+00:00,0.999
2026-03-29 08:47:32+00:00,0.999
2026-03-29 08:48:33+00:00,0.999
2026-03-29 08:49:32+00:00,0.999
2026-03-29 08:50:34+00:00,0.999
2026-03-29 08:51:33+00:00,0.999
2026-03-29 08:52:33+00:00,0.999
2026-03-29 08:53:32+00:00,0.999
2026-03-29 08:54:33+00:00,0.999
2026-03-29 08:55:33+00:00,0.999
2026-03-29 08:56:36+00:00,0.999
2026-03-29 08:57:33+00:00,0.999
2026-03-29 08:58:35+00:00,0.999
2026-03-29 08:59:35+00:00,0.999
2026-03-29 09:00:50+00:00,0.999
2026-03-29 09:01:37+00:00,0.999
2026-03-29 09:02:35+00:00,0.999
2026-03-29 09:03:34+00:00,0.999
2026-03-29 09:04:32+00:00,0.999
2026-03-29 09:05:38+00:00,0.999
2026-03-29 09:06:38+00:00,0.999
2026-03-29 09:07:35+00:00,0.999
2026-03-29 09:08:34+00:00,0.999
2026-03-29 09:09:32+00:00,0.999
2026-03-29 09:10:37+00:00,0.999
2026-03-29 09:11:35+00:00,0.999
2026-03-29 09:12:31+00:00,0.999
2026-03-29 09:13:33+00:00,0.999
2026-03-29 09:14:32+00:00,0.999
2026-03-29 09:15:36+00:00,0.999
2026-03-29 09:16:32+00:00,0.999
2026-03-29 09:17:36+00:00,0.999
2026-03-29 09:18:34+00:00,0.999
2026-03-29 09:19:32+00:00,0.999
2026-03-29 09:20:33+00:00,0.999
2026-03-29 09:21:31+00:00,0.999
2026-03-29 09:22:31+00:00,0.999
2026-03-29 09:23:32+00:00,0.999
2026-03-29 09:24:33+00:00,0.999
2026-03-29 09:25:35+00:00,0.999
2026-03-29 09:26:35+00:00,0.999
2026-03-29 09:27:34+00:00,0.999
2026-03-29 09:28:33+00:00,0.999
2026-03-29 09:29:32+00:00,0.999
2026-03-29 09:30:36+00:00,0.999
2026-03-29 09:31:43+00:00,0.999
2026-03-29 09:32:39+00:00,0.999
2026-03-29 09:33:32+00:00,0.999
2026-03-29 09:34:34+00:00,0.999
2026-03-29 09:35:38+00:00,0.999
2026-03-29 09:36:32+00:00,0.999
2026-03-29 09:37:35+00:00,0.999
2026-03-29 09:38:36+00:00,0.999
2026-03-29 09:39:33+00:00,0.999
2026-03-29 09:40:36+00:00,0.999
2026-03-29 09:41:35+00:00,0.999
2026-03-29 09:42:44+00:00,0.999
2026-03-29 09:43:34+00:00,0.999
2026-03-29 09:44:37+00:00,0.999
2026-03-29 09:45:38+00:00,0.999
2026-03-29 09:46:35+00:00,0.9985
2026-03-29 09:47:33+00:00,0.9985
2026-03-29 09:48:32+00:00,0.9985
2026-03-29 09:49:32+00:00,0.9985
2026-03-29 09:50:35+00:00,0.9985
2026-03-29 09:51:32+00:00,0.9985
2026-03-29 09:52:32+00:00,0.9985
2026-03-29 09:53:38+00:00,0.9985
2026-03-29 09:54:33+00:00,0.9985
2026-03-29 09:55:35+00:00,0.9985
2026-03-29 09:56:32+00:00,0.9985
2026-03-29 09:57:36+00:00,0.9985
2026-03-29 09:58:34+00:00,0.9985
2026-03-29 09:59:32+00:00,0.9985
2026-03-29 10:00:43+00:00,0.9985
2026-03-29 10:01:36+00:00,0.9985
2026-03-29 10:02:35+00:00,0.9985
2026-03-29 10:03:37+00:00,0.9985
2026-03-29 10:04:36+00:00,0.9985
2026-03-29 10:05:52+00:00,0.9985
2026-03-29 10:06:36+00:00,0.9985
2026-03-29 10:07:47+00:00,0.9985
2026-03-29 10:08:52+00:00,0.9985
2026-03-29 10:09:34+00:00,0.9985
2026-03-29 10:10:43+00:00,0.9985
2026-03-29 10:11:40+00:00,0.9985
2026-03-29 10:12:34+00:00,0.999
2026-03-29 10:13:36+00:00,0.999
2026-03-29 10:14:37+00:00,0.999
2026-03-29 10:15:34+00:00,0.999
2026-03-29 10:16:38+00:00,0.999
2026-03-29 10:17:33+00:00,0.999
2026-03-29 10:18:33+00:00,0.999
2026-03-29 10:19:35+00:00,0.999
2026-03-29 10:20:38+00:00,0.999
2026-03-29 10:21:40+00:00,0.999
2026-03-29 10:22:37+00:00,0.999
2026-03-29 10:23:32+00:00,0.999
2026-03-29 10:24:33+00:00,0.999
2026-03-29 10:25:33+00:00,0.999
2026-03-29 10:26:34+00:00,0.999
2026-03-29 10:27:34+00:00,0.999
2026-03-29 10:28:33+00:00,0.999
2026-03-29 10:29:33+00:00,0.999
2026-03-29 10:30:39+00:00,0.999
2026-03-29 10:31:37+00:00,0.999
2026-03-29 10:32:34+00:00,0.999
2026-03-29 10:33:48+00:00,0.999
2026-03-29 10:34:38+00:00,0.999
2026-03-29 10:35:38+00:00,0.999
2026-03-29 10:36:40+00:00,0.999
2026-03-29 10:37:32+00:00,0.999
2026-03-29 10:38:52+00:00,0.999
2026-03-29 10:39:41+00:00,0.999
2026-03-29 10:40:35+00:00,0.999
2026-03-29 10:41:35+00:00,0.999
2026-03-29 10:42:32+00:00,0.999
2026-03-29 10:43:36+00:00,0.999
2026-03-29 10:44:36+00:00,0.999
2026-03-29 10:45:37+00:00,0.999
2026-03-29 10:46:33+00:00,0.999
2026-03-29 10:47:33+00:00,0.999
2026-03-29 10:48:33+00:00,0.999
2026-03-29 10:49:38+00:00,0.999
2026-03-29 10:50:39+00:00,0.999
2026-03-29 10:51:32+00:00,0.999
2026-03-29 10:52:34+00:00,0.999
2026-03-29 10:53:32+00:00,0.999
2026-03-29 10:54:33+00:00,0.999
2026-03-29 10:55:33+00:00,0.999
2026-03-29 10:56:32+00:00,0.999
2026-03-29 10:57:33+00:00,0.999
2026-03-29 10:58:36+00:00,0.999
2026-03-29 10:59:35+00:00,0.999
2026-03-29 11:00:42+00:00,0.999
2026-03-29 11:01:36+00:00,0.999
2026-03-29 11:02:34+00:00,0.999
2026-03-29 11:03:36+00:00,0.999
2026-03-29 11:04:33+00:00,0.999
2026-03-29 11:05:43+00:00,0.999
2026-03-29 11:06:39+00:00,0.999
2026-03-29 11:07:33+00:00,0.999
2026-03-29 11:08:36+00:00,0.999
2026-03-29 11:09:33+00:00,0.999
2026-03-29 11:10:38+00:00,0.999
2026-03-29 11:11:32+00:00,0.999
2026-03-29 11:12:31+00:00,0.999
2026-03-29 11:13:33+00:00,0.999
2026-03-29 11:14:34+00:00,0.999
2026-03-29 11:15:39+00:00,0.999
2026-03-29 11:16:33+00:00,0.999
2026-03-29 11:17:34+00:00,0.999
2026-03-29 11:18:33+00:00,0.999
2026-03-29 11:19:35+00:00,0.999
2026-03-29 11:20:36+00:00,0.999
2026-03-29 11:21:33+00:00,0.999
2026-03-29 11:22:35+00:00,0.999
2026-03-29 11:23:33+00:00,0.999
2026-03-29 11:24:36+00:00,0.999
2026-03-29 11:25:39+00:00,0.999
2026-03-29 11:26:35+00:00,0.999
2026-03-29 11:27:36+00:00,0.999
2026-03-29 11:28:37+00:00,0.999
2026-03-29 11:29:35+00:00,0.999
2026-03-29 11:30:45+00:00,0.999
2026-03-29 11:31:58+00:00,0.999
2026-03-29 11:32:39+00:00,0.999
2026-03-29 11:33:36+00:00,0.999
2026-03-29 11:34:34+00:00,0.999
2026-03-29 11:35:51+00:00,0.999
2026-03-29 11:36:37+00:00,0.999
2026-03-29 11:37:38+00:00,0.999
2026-03-29 11:38:35+00:00,0.999
2026-03-29 11:39:34+00:00,0.999
2026-03-29 11:40:35+00:00,0.999
2026-03-29 11:41:33+00:00,0.999
2026-03-29 11:42:33+00:00,0.999
2026-03-29 11:43:36+00:00,0.999
2026-03-29 11:44:37+00:00,0.999
2026-03-29 11:45:34+00:00,0.999
2026-03-29 11:46:33+00:00,0.999
2026-03-29 11:47:34+00:00,0.999
2026-03-29 11:48:32+00:00,0.999
2026-03-29 11:49:34+00:00,0.999
2026-03-29 11:50:34+00:00,0.999
2026-03-29 11:51:36+00:00,0.999
2026-03-29 11:52:33+00:00,0.999
2026-03-29 11:53:36+00:00,0.999
2026-03-29 11:54:52+00:00,0.999
2026-03-29 11:55:34+00:00,0.999
2026-03-29 11:56:37+00:00,0.999
2026-03-29 11:57:44+00:00,0.999
2026-03-29 11:58:35+00:00,0.999
2026-03-29 11:59:38+00:00,0.999
2026-03-29 12:00:58+00:00,0.999
2026-03-29 12:01:53+00:00,0.999
2026-03-29 12:02:34+00:00,0.999
2026-03-29 12:03:35+00:00,0.999
2026-03-29 12:04:34+00:00,0.999
2026-03-29 12:05:37+00:00,0.999
2026-03-29 12:06:33+00:00,0.999
2026-03-29 12:07:34+00:00,0.999
2026-03-29 12:08:41+00:00,0.999
2026-03-29 12:09:35+00:00,0.999
2026-03-29 12:10:35+00:00,0.999
2026-03-29 12:11:36+00:00,0.999
2026-03-29 12:12:34+00:00,0.999
2026-03-29 12:13:34+00:00,0.999
2026-03-29 12:14:33+00:00,0.999
2026-03-29 12:15:48+00:00,0.999
2026-03-29 12:16:34+00:00,0.999
2026-03-29 12:17:34+00:00,0.999
2026-03-29 12:18:36+00:00,0.999
2026-03-29 12:19:34+00:00,0.999
2026-03-29 12:20:43+00:00,0.999
2026-03-29 12:21:37+00:00,0.999
2026-03-29 12:22:34+00:00,0.999
2026-03-29 12:23:35+00:00,0.999
2026-03-29 12:24:33+00:00,0.999
2026-03-29 12:25:39+00:00,0.999
2026-03-29 12:26:34+00:00,0.999
2026-03-29 12:27:39+00:00,0.999
2026-03-29 12:28:36+00:00,0.999
2026-03-29 12:29:35+00:00,0.999
2026-03-29 12:30:43+00:00,0.999
2026-03-29 12:31:36+00:00,0.999
2026-03-29 12:32:36+00:00,0.999
2026-03-29 12:33:35+00:00,0.999
2026-03-29 12:34:45+00:00,0.999
2026-03-29 12:35:34+00:00,0.999
2026-03-29 12:36:34+00:00,0.999
2026-03-29 12:37:40+00:00,0.999
2026-03-29 12:38:34+00:00,0.999
2026-03-29 12:39:49+00:00,0.999
2026-03-29 12:40:39+00:00,0.999
2026-03-29 12:41:34+00:00,0.999
2026-03-29 12:42:34+00:00,0.999
2026-03-29 12:43:37+00:00,0.999
2026-03-29 12:44:35+00:00,0.999
2026-03-29 12:45:36+00:00,0.999
2026-03-29 12:46:34+00:00,0.999
2026-03-29 12:47:35+00:00,0.999
2026-03-29 12:48:37+00:00,0.999
2026-03-29 12:49:37+00:00,0.999
2026-03-29 12:50:38+00:00,0.999
2026-03-29 12:51:33+00:00,0.999
2026-03-29 12:52:34+00:00,0.999
2026-03-29 12:53:42+00:00,0.999
2026-03-29 12:54:38+00:00,0.999
2026-03-29 12:55:38+00:00,0.999
2026-03-29 12:56:36+00:00,0.999
2026-03-29 12:57:34+00:00,0.999
2026-03-29 12:58:50+00:00,0.999
2026-03-29 12:59:34+00:00,0.999
2026-03-29 13:00:44+00:00,0.999
2026-03-29 13:01:37+00:00,0.999
2026-03-29 13:02:32+00:00,0.999
2026-03-29 13:03:35+00:00,0.999
2026-03-29 13:04:34+00:00,0.999
2026-03-29 13:05:36+00:00,0.999
2026-03-29 13:06:33+00:00,0.999
2026-03-29 13:07:33+00:00,0.999
2026-03-29 13:08:33+00:00,0.999
2026-03-29 13:09:44+00:00,0.999
2026-03-29 13:10:46+00:00,0.999
2026-03-29 13:11:34+00:00,0.999
2026-03-29 13:12:33+00:00,0.999
2026-03-29 13:13:34+00:00,0.999
2026-03-29 13:14:35+00:00,0.999
2026-03-29 13:15:34+00:00,0.999
2026-03-29 13:16:33+00:00,0.999
2026-03-29 13:17:36+00:00,0.999
2026-03-29 13:18:34+00:00,0.999
2026-03-29 13:19:32+00:00,0.999
2026-03-29 13:20:39+00:00,0.999
2026-03-29 13:21:36+00:00,0.999
2026-03-29 13:22:34+00:00,0.999
2026-03-29 13:23:33+00:00,0.999
2026-03-29 13:24:33+00:00,0.999
2026-03-29 13:25:47+00:00,0.999
2026-03-29 13:26:36+00:00,0.999
2026-03-29 13:27:34+00:00,0.999
2026-03-29 13:28:34+00:00,0.999
2026-03-29 13:29:35+00:00,0.999
2026-03-29 13:30:45+00:00,0.999
2026-03-29 13:31:37+00:00,0.999
2026-03-29 13:32:33+00:00,0.999
2026-03-29 13:33:36+00:00,0.999
2026-03-29 13:34:39+00:00,0.999
2026-03-29 13:35:38+00:00,0.999
2026-03-29 13:36:39+00:00,0.999
2026-03-29 13:37:37+00:00,0.999
2026-03-29 13:38:35+00:00,0.999
2026-03-29 13:39:34+00:00,0.999
2026-03-29 13:40:42+00:00,0.999
2026-03-29 13:41:35+00:00,0.999
2026-03-29 13:42:34+00:00,0.999
2026-03-29 13:43:36+00:00,0.999
2026-03-29 13:44:36+00:00,0.999
2026-03-29 13:45:37+00:00,0.999
2026-03-29 13:46:33+00:00,0.999
2026-03-29 13:47:34+00:00,0.999
2026-03-29 13:48:48+00:00,0.999
2026-03-29 13:49:44+00:00,0.999
2026-03-29 13:50:50+00:00,0.999
2026-03-29 13:51:36+00:00,0.999
2026-03-29 13:52:34+00:00,0.999
2026-03-29 13:53:33+00:00,0.999
2026-03-29 13:54:34+00:00,0.999
2026-03-29 13:55:39+00:00,0.999
2026-03-29 13:56:32+00:00,0.999
2026-03-29 13:57:39+00:00,0.999
2026-03-29 13:58:33+00:00,0.999
2026-03-29 13:59:33+00:00,0.999
2026-03-29 14:00:44+00:00,0.999
2026-03-29 14:01:37+00:00,0.999
2026-03-29 14:02:33+00:00,0.999
2026-03-29 14:03:38+00:00,0.999
2026-03-29 14:04:36+00:00,0.999
2026-03-29 14:05:35+00:00,0.999
2026-03-29 14:06:40+00:00,0.999
2026-03-29 14:07:40+00:00,0.999
2026-03-29 14:08:36+00:00,0.999
2026-03-29 14:09:46+00:00,0.999
2026-03-29 14:10:37+00:00,0.999
2026-03-29 14:11:38+00:00,0.999
2026-03-29 14:12:38+00:00,0.999
2026-03-29 14:13:32+00:00,0.999
2026-03-29 14:14:33+00:00,0.999
2026-03-29 14:15:35+00:00,0.999
2026-03-29 14:16:35+00:00,0.999
2026-03-29 14:17:34+00:00,0.999
2026-03-29 14:18:39+00:00,0.999
2026-03-29 14:19:36+00:00,0.999
2026-03-29 14:20:39+00:00,0.999
2026-03-29 14:21:48+00:00,0.999
2026-03-29 14:22:39+00:00,0.999
2026-03-29 14:23:35+00:00,0.999
2026-03-29 14:24:34+00:00,0.999
2026-03-29 14:25:36+00:00,0.999
2026-03-29 14:26:45+00:00,0.999
2026-03-29 14:27:35+00:00,0.999
2026-03-29 14:28:39+00:00,0.999
2026-03-29 14:29:40+00:00,0.999
2026-03-29 14:30:41+00:00,0.999
2026-03-29 14:31:33+00:00,0.999
2026-03-29 14:32:33+00:00,0.999
2026-03-29 14:33:39+00:00,0.999
2026-03-29 14:34:46+00:00,0.999
2026-03-29 14:35:40+00:00,0.999
2026-03-29 14:36:34+00:00,0.999
2026-03-29 14:37:36+00:00,0.999
2026-03-29 14:38:38+00:00,0.999
2026-03-29 14:39:38+00:00,0.999
2026-03-29 14:40:36+00:00,0.999
2026-03-29 14:41:35+00:00,0.999
2026-03-29 14:42:35+00:00,0.999
2026-03-29 14:43:36+00:00,0.999
2026-03-29 14:44:38+00:00,0.999
2026-03-29 14:45:42+00:00,0.999
2026-03-29 14:46:34+00:00,0.999
2026-03-29 14:47:37+00:00,0.999
2026-03-29 14:48:38+00:00,0.999
2026-03-29 14:49:35+00:00,0.999
2026-03-29 14:50:36+00:00,0.999
2026-03-29 14:51:35+00:00,0.999
2026-03-29 14:52:35+00:00,0.999
2026-03-29 14:53:40+00:00,0.999
2026-03-29 14:54:37+00:00,0.999
2026-03-29 14:55:37+00:00,0.999
2026-03-29 14:56:38+00:00,0.999
2026-03-29 14:57:34+00:00,0.999
2026-03-29 14:58:35+00:00,0.999
2026-03-29 14:59:36+00:00,0.999
2026-03-29 15:00:48+00:00,0.999
2026-03-29 15:01:40+00:00,0.999
2026-03-29 15:02:34+00:00,0.999
2026-03-29 15:03:34+00:00,0.999
2026-03-29 15:04:39+00:00,0.999
2026-03-29 15:05:37+00:00,0.999
2026-03-29 15:06:36+00:00,0.999
2026-03-29 15:07:37+00:00,0.999
2026-03-29 15:08:34+00:00,0.999
2026-03-29 15:09:34+00:00,0.999
2026-03-29 15:10:42+00:00,0.999
2026-03-29 15:11:37+00:00,0.999
2026-03-29 15:12:36+00:00,0.999
2026-03-29 15:13:38+00:00,0.999
2026-03-29 15:14:39+00:00,0.999
2026-03-29 15:15:39+00:00,0.999
2026-03-29 15:16:33+00:00,0.999
2026-03-29 15:17:33+00:00,0.999
2026-03-29 15:18:36+00:00,0.999
2026-03-29 15:19:35+00:00,0.999
2026-03-29 15:20:41+00:00,0.999
2026-03-29 15:21:37+00:00,0.999
2026-03-29 15:22:37+00:00,0.999
2026-03-29 15:23:33+00:00,0.999
2026-03-29 15:24:34+00:00,0.999
2026-03-29 15:25:42+00:00,0.999
2026-03-29 15:26:33+00:00,0.999
2026-03-29 15:27:34+00:00,0.999
2026-03-29 15:28:34+00:00,0.999
2026-03-29 15:29:34+00:00,0.999
2026-03-29 15:30:39+00:00,0.999
2026-03-29 15:31:34+00:00,0.999
2026-03-29 15:32:33+00:00,0.999
2026-03-29 15:33:34+00:00,0.999
2026-03-29 15:34:33+00:00,0.999
2026-03-29 15:35:39+00:00,0.999
2026-03-29 15:36:40+00:00,0.999
2026-03-29 15:37:37+00:00,0.999
2026-03-29 15:38:33+00:00,0.999
2026-03-29 15:39:36+00:00,0.999
2026-03-29 15:40:37+00:00,0.999
2026-03-29 15:41:34+00:00,0.999
2026-03-29 15:42:36+00:00,0.999
2026-03-29 15:43:34+00:00,0.999
2026-03-29 15:44:37+00:00,0.999
2026-03-29 15:45:38+00:00,0.999
2026-03-29 15:46:38+00:00,0.999
2026-03-29 15:47:35+00:00,0.999
2026-03-29 15:48:38+00:00,0.999
2026-03-29 15:49:40+00:00,0.999
2026-03-29 15:50:41+00:00,0.999
2026-03-29 15:51:33+00:00,0.999
2026-03-29 15:52:38+00:00,0.999
2026-03-29 15:53:39+00:00,0.999
2026-03-29 15:54:34+00:00,0.999
2026-03-29 15:55:37+00:00,0.999
2026-03-29 15:56:38+00:00,0.999
2026-03-29 15:57:33+00:00,0.999
2026-03-29 15:58:37+00:00,0.999
2026-03-29 15:59:38+00:00,0.999
2026-03-29 16:00:43+00:00,0.999
2026-03-29 16:01:38+00:00,0.999
2026-03-29 16:02:40+00:00,0.999
2026-03-29 16:03:36+00:00,0.999
2026-03-29 16:04:39+00:00,0.999
2026-03-29 16:05:37+00:00,0.999
2026-03-29 16:06:34+00:00,0.999
2026-03-29 16:07:41+00:00,0.999
2026-03-29 16:08:34+00:00,0.999
2026-03-29 16:09:34+00:00,0.999
2026-03-29 16:10:38+00:00,0.999
2026-03-29 16:11:52+00:00,0.999
2026-03-29 16:12:41+00:00,0.999
2026-03-29 16:13:39+00:00,0.999
2026-03-29 16:14:38+00:00,0.999
2026-03-29 16:15:41+00:00,0.999
2026-03-29 16:16:35+00:00,0.999
2026-03-29 16:17:37+00:00,0.999
2026-03-29 16:18:35+00:00,0.999
2026-03-29 16:19:35+00:00,0.999
2026-03-29 16:20:41+00:00,0.999
2026-03-29 16:21:35+00:00,0.999
2026-03-29 16:22:35+00:00,0.999
2026-03-29 16:23:34+00:00,0.999
2026-03-29 16:24:34+00:00,0.999
2026-03-29 16:25:38+00:00,0.999
2026-03-29 16:26:35+00:00,0.999
2026-03-29 16:27:38+00:00,0.999
2026-03-29 16:28:42+00:00,0.999
2026-03-29 16:29:40+00:00,0.999
2026-03-29 16:30:47+00:00,0.999
2026-03-29 16:31:46+00:00,0.999
2026-03-29 16:32:45+00:00,0.999
2026-03-29 16:33:41+00:00,0.999
2026-03-29 16:34:40+00:00,0.999
2026-03-29 16:35:41+00:00,0.999
2026-03-29 16:36:36+00:00,0.999
2026-03-29 16:37:49+00:00,0.999
2026-03-29 16:38:34+00:00,0.999
2026-03-29 16:39:39+00:00,0.999
2026-03-29 16:40:55+00:00,0.999
2026-03-29 16:41:40+00:00,0.999
2026-03-29 16:42:37+00:00,0.999
2026-03-29 16:43:39+00:00,0.999
2026-03-29 16:44:49+00:00,0.999
2026-03-29 16:45:37+00:00,0.999
2026-03-29 16:46:49+00:00,0.999
2026-03-29 16:47:36+00:00,0.999
2026-03-29 16:48:41+00:00,0.999
2026-03-29 16:49:39+00:00,0.999
2026-03-29 16:50:36+00:00,0.999
2026-03-29 16:51:34+00:00,0.999
2026-03-29 16:52:33+00:00,0.999
2026-03-29 16:53:34+00:00,0.999
2026-03-29 16:54:46+00:00,0.9995
2026-03-29 16:55:36+00:00,0.9995
2026-03-29 16:56:34+00:00,0.9995
2026-03-29 16:57:43+00:00,0.9995
2026-03-29 16:58:37+00:00,0.9995
2026-03-29 16:59:39+00:00,0.9995
2026-03-29 17:00:49+00:00,0.9995
2026-03-29 17:01:50+00:00,0.9995
2026-03-29 17:02:36+00:00,0.9995
2026-03-29 17:03:36+00:00,0.9995
2026-03-29 17:04:35+00:00,0.9995
2026-03-29 17:05:38+00:00,0.9995
2026-03-29 17:06:40+00:00,0.9995
2026-03-29 17:07:35+00:00,0.9995
2026-03-29 17:08:36+00:00,0.9995
2026-03-29 17:09:36+00:00,0.9995
2026-03-29 17:10:41+00:00,0.9995
2026-03-29 17:11:35+00:00,0.9995
2026-03-29 17:12:36+00:00,0.9995
2026-03-29 17:13:36+00:00,0.9995
2026-03-29 17:14:37+00:00,0.9995
2026-03-29 17:15:40+00:00,0.9995
2026-03-29 17:16:49+00:00,0.9995
2026-03-29 17:17:41+00:00,0.9995
2026-03-29 17:18:40+00:00,0.9995
2026-03-29 17:19:50+00:00,0.9995
2026-03-29 17:20:45+00:00,0.9995
2026-03-29 17:21:36+00:00,0.9995
2026-03-29 17:22:34+00:00,0.9995
2026-03-29 17:23:42+00:00,0.9995
2026-03-29 17:24:38+00:00,0.9995
2026-03-29 17:25:42+00:00,0.9995
2026-03-29 17:26:56+00:00,0.9995
2026-03-29 17:27:46+00:00,0.9995
2026-03-29 17:28:36+00:00,0.9995
2026-03-29 17:29:49+00:00,0.9995
2026-03-29 17:30:46+00:00,0.9995
2026-03-29 17:31:57+00:00,0.9995
2026-03-29 17:32:46+00:00,0.9995
2026-03-29 17:33:53+00:00,0.9995
2026-03-29 17:34:41+00:00,0.9995
2026-03-29 17:35:38+00:00,0.9995
2026-03-29 17:36:43+00:00,0.9995
2026-03-29 17:37:35+00:00,0.9995
2026-03-29 17:38:41+00:00,0.9995
2026-03-29 17:39:48+00:00,0.9995
2026-03-29 17:40:36+00:00,0.9995
2026-03-29 17:41:34+00:00,0.9995
2026-03-29 17:42:34+00:00,0.9995
2026-03-29 17:43:38+00:00,0.9995
2026-03-29 17:44:35+00:00,0.9995
2026-03-29 17:45:37+00:00,0.9995
2026-03-29 17:46:34+00:00,0.9995
2026-03-29 17:47:36+00:00,0.9995
2026-03-29 17:48:36+00:00,0.9995
2026-03-29 17:49:35+00:00,0.9995
2026-03-29 17:50:38+00:00,0.9995
2026-03-29 17:51:42+00:00,0.9995
2026-03-29 17:52:36+00:00,0.9995
2026-03-29 17:53:39+00:00,0.9995
2026-03-29 17:54:35+00:00,0.9995
2026-03-29 17:55:42+00:00,0.9995
2026-03-29 17:56:42+00:00,0.9995
2026-03-29 17:57:43+00:00,0.9995
2026-03-29 17:58:36+00:00,0.9995
2026-03-29 17:59:40+00:00,0.9995
2026-03-29 18:00:54+00:00,0.9995
2026-03-29 18:03:53+00:00,0.9995
2026-03-29 18:04:42+00:00,0.9995
2026-03-29 18:05:37+00:00,0.9995
2026-03-29 18:06:40+00:00,0.9995
2026-03-29 18:07:40+00:00,0.9995
2026-03-29 18:08:41+00:00,0.9995
2026-03-29 18:09:36+00:00,0.9995
2026-03-29 18:10:42+00:00,0.9995
2026-03-29 18:11:41+00:00,0.9995
2026-03-29 18:12:41+00:00,0.9995
2026-03-29 18:13:36+00:00,0.9995
2026-03-29 18:14:37+00:00,0.9995
2026-03-29 18:15:38+00:00,0.9995
2026-03-29 18:16:35+00:00,0.9995
2026-03-29 18:17:36+00:00,0.9995
2026-03-29 18:18:40+00:00,0.9995
2026-03-29 18:19:39+00:00,0.9995
2026-03-29 18:20:38+00:00,0.9995
2026-03-29 18:21:37+00:00,0.9995
2026-03-29 18:22:42+00:00,0.9995
2026-03-29 18:23:50+00:00,0.9995
2026-03-29 18:24:51+00:00,0.9995
2026-03-29 18:25:45+00:00,0.9995
2026-03-29 18:26:43+00:00,0.9995
2026-03-29 18:27:39+00:00,0.9995
2026-03-29 18:28:35+00:00,0.9995
2026-03-29 18:29:39+00:00,0.9995
2026-03-29 18:30:46+00:00,0.9995
2026-03-29 18:31:45+00:00,0.9995
2026-03-29 18:32:40+00:00,0.9995
2026-03-29 18:33:42+00:00,0.9995
2026-03-29 18:34:37+00:00,0.9995
2026-03-29 18:35:42+00:00,0.9995
2026-03-29 18:36:39+00:00,0.9995
2026-03-29 18:37:41+00:00,0.9995
2026-03-29 18:38:41+00:00,0.9995
2026-03-29 18:39:43+00:00,0.9995
2026-03-29 18:40:37+00:00,0.9995
2026-03-29 18:41:37+00:00,0.9995
2026-03-29 18:42:36+00:00,0.9995
2026-03-29 18:43:38+00:00,0.9995
2026-03-29 18:44:39+00:00,0.9995
2026-03-29 18:45:40+00:00,0.9995
2026-03-29 18:46:43+00:00,0.9995
2026-03-29 18:47:38+00:00,0.9995
2026-03-29 18:48:39+00:00,0.9995
2026-03-29 18:49:43+00:00,0.9995
2026-03-29 18:50:38+00:00,0.9995
2026-03-29 18:51:50+00:00,0.9995
2026-03-29 18:52:58+00:00,0.9995
2026-03-29 18:53:43+00:00,0.9995
2026-03-29 18:54:38+00:00,0.9995
2026-03-29 18:55:43+00:00,0.9995
2026-03-29 18:56:38+00:00,0.9995
2026-03-29 18:57:42+00:00,0.9995
2026-03-29 18:58:36+00:00,0.9995
2026-03-29 18:59:40+00:00,0.9995
2026-03-29 19:00:42+00:00,0.9995
2026-03-29 19:01:37+00:00,0.9995
2026-03-29 19:02:35+00:00,0.9995
2026-03-29 19:03:36+00:00,0.9995
2026-03-29 19:04:39+00:00,0.9995
2026-03-29 19:05:42+00:00,0.9995
2026-03-29 19:06:36+00:00,0.9995
2026-03-29 19:07:39+00:00,0.9995
2026-03-29 19:08:41+00:00,0.9995
2026-03-29 19:09:55+00:00,0.9995
2026-03-29 19:10:48+00:00,0.9995
2026-03-29 19:11:38+00:00,0.9995
2026-03-29 19:12:44+00:00,0.9995
2026-03-29 19:13:44+00:00,0.9995
2026-03-29 19:14:37+00:00,0.9995
2026-03-29 19:15:37+00:00,0.9995
2026-03-29 19:16:37+00:00,0.9995
2026-03-29 19:18:57+00:00,0.9995
2026-03-29 19:20:08+00:00,0.9995
2026-03-29 19:21:01+00:00,0.9995
2026-03-29 19:21:46+00:00,0.9995
2026-03-29 19:22:37+00:00,0.9995
2026-03-29 19:23:40+00:00,0.9995
2026-03-29 19:24:37+00:00,0.9995
2026-03-29 19:25:38+00:00,0.9995
2026-03-29 19:26:44+00:00,0.9995
2026-03-29 19:27:42+00:00,0.9995
2026-03-29 19:28:38+00:00,0.9995
2026-03-29 19:29:44+00:00,0.9995
2026-03-29 19:30:49+00:00,0.9995
2026-03-29 19:31:50+00:00,0.9995
2026-03-29 19:32:37+00:00,0.9995
2026-03-29 19:33:41+00:00,0.9995
2026-03-29 19:34:42+00:00,0.9995
2026-03-29 19:35:41+00:00,0.9995
2026-03-29 19:36:37+00:00,0.9995
2026-03-29 19:37:38+00:00,0.9995
2026-03-29 19:38:36+00:00,0.9995
2026-03-29 19:39:40+00:00,0.9995
2026-03-29 19:40:52+00:00,0.9995
2026-03-29 19:41:48+00:00,0.9995
2026-03-29 19:42:36+00:00,0.9995
2026-03-29 19:43:40+00:00,0.9995
2026-03-29 19:44:43+00:00,0.9995
2026-03-29 19:45:43+00:00,0.9995
2026-03-29 19:46:38+00:00,0.9995
2026-03-29 19:47:42+00:00,0.9995
2026-03-29 19:48:39+00:00,0.9995
2026-03-29 19:49:39+00:00,0.9995
2026-03-29 19:50:40+00:00,0.9995
2026-03-29 19:51:36+00:00,0.9995
2026-03-29 19:52:37+00:00,0.9995
2026-03-29 19:53:38+00:00,0.9995
2026-03-29 19:54:44+00:00,0.9995
2026-03-29 19:55:38+00:00,0.9995
2026-03-29 19:56:41+00:00,0.9995
2026-03-29 19:57:41+00:00,0.9995
2026-03-29 19:58:37+00:00,0.9995
2026-03-29 19:59:44+00:00,0.9995
2026-03-29 20:00:42+00:00,0.9995
2026-03-29 20:01:39+00:00,0.9995
2026-03-29 20:02:46+00:00,0.9995
2026-03-29 20:03:38+00:00,0.9995
2026-03-29 20:04:40+00:00,0.9995
2026-03-29 20:05:46+00:00,0.9995
2026-03-29 20:06:42+00:00,0.9995
2026-03-29 20:07:43+00:00,0.9995
2026-03-29 20:08:43+00:00,0.9995
2026-03-29 20:09:41+00:00,0.9995
2026-03-29 20:10:46+00:00,0.9995
2026-03-29 20:11:44+00:00,0.9995
2026-03-29 20:12:36+00:00,0.9995
2026-03-29 20:13:37+00:00,0.9995
2026-03-29 20:14:44+00:00,0.9995
2026-03-29 20:15:43+00:00,0.9995
2026-03-29 20:16:42+00:00,0.9995
2026-03-29 20:17:42+00:00,0.9995
2026-03-29 20:18:38+00:00,0.9995
2026-03-29 20:19:36+00:00,0.9995
2026-03-29 20:20:45+00:00,0.9995
2026-03-29 20:21:43+00:00,0.9995
2026-03-29 20:22:41+00:00,0.9995
2026-03-29 20:23:41+00:00,0.9995
2026-03-29 20:24:36+00:00,0.9995
2026-03-29 20:25:44+00:00,0.9995
2026-03-29 20:26:44+00:00,0.9995
2026-03-29 20:27:43+00:00,0.9995
2026-03-29 20:28:37+00:00,0.9995
2026-03-29 20:29:42+00:00,0.9995
2026-03-29 20:30:50+00:00,0.9995
2026-03-29 20:31:46+00:00,0.9995
2026-03-29 20:32:42+00:00,0.9995
2026-03-29 20:33:43+00:00,0.9995
2026-03-29 20:34:42+00:00,0.9995
2026-03-29 20:35:44+00:00,0.9995
2026-03-29 20:36:36+00:00,0.9995
2026-03-29 20:37:44+00:00,0.9995
2026-03-29 20:38:41+00:00,0.9995
2026-03-29 20:39:42+00:00,0.9995
2026-03-29 20:40:44+00:00,0.9995
2026-03-29 20:41:37+00:00,0.9995
2026-03-29 20:42:45+00:00,0.9995
2026-03-29 20:43:42+00:00,0.9995
2026-03-29 20:44:40+00:00,0.9995
2026-03-29 20:45:46+00:00,0.9995
2026-03-29 20:46:44+00:00,0.9995
2026-03-29 20:47:37+00:00,0.9995
2026-03-29 20:48:37+00:00,0.9995
2026-03-29 20:49:39+00:00,0.9995
2026-03-29 20:50:38+00:00,0.9995
2026-03-29 20:51:37+00:00,0.9995
2026-03-29 20:52:38+00:00,0.9995
2026-03-29 20:53:42+00:00,0.9995
2026-03-29 20:54:42+00:00,0.9995
2026-03-29 20:55:39+00:00,0.9995
2026-03-29 20:56:41+00:00,0.9995
2026-03-29 20:57:37+00:00,0.9995
2026-03-29 20:58:44+00:00,0.9995
2026-03-29 20:59:39+00:00,0.9995
2026-03-29 21:00:50+00:00,0.9995
2026-03-29 21:01:44+00:00,0.9995
2026-03-29 21:02:45+00:00,0.9995
2026-03-29 21:03:43+00:00,0.9995
2026-03-29 21:04:37+00:00,0.9995
2026-03-29 21:05:42+00:00,0.9995
2026-03-29 21:06:57+00:00,0.9995
2026-03-29 21:07:59+00:00,0.9995
2026-03-29 21:08:51+00:00,0.9995
2026-03-29 21:09:41+00:00,0.9995
2026-03-29 21:10:46+00:00,0.9995
2026-03-29 21:11:41+00:00,0.9995
2026-03-29 21:12:41+00:00,0.9995
2026-03-29 21:13:39+00:00,0.9995
2026-03-29 21:14:37+00:00,0.9995
2026-03-29 21:15:46+00:00,0.9995
2026-03-29 21:16:45+00:00,0.9995
2026-03-29 21:17:41+00:00,0.9995
2026-03-29 21:18:43+00:00,0.9995
2026-03-29 21:19:44+00:00,0.9995
2026-03-29 21:20:45+00:00,0.9995
2026-03-29 21:21:37+00:00,0.9995
2026-03-29 21:22:42+00:00,0.9995
2026-03-29 21:23:41+00:00,0.9995
2026-03-29 21:24:40+00:00,0.9995
2026-03-29 21:25:39+00:00,0.9995
2026-03-29 21:26:44+00:00,0.9995
2026-03-29 21:27:40+00:00,0.9995
2026-03-29 21:28:43+00:00,0.9995
2026-03-29 21:29:37+00:00,0.9995
2026-03-29 21:30:48+00:00,0.9995
2026-03-29 21:31:49+00:00,0.9995
2026-03-29 21:32:45+00:00,0.9995
2026-03-29 21:33:46+00:00,0.9995
2026-03-29 21:34:38+00:00,0.9995
2026-03-29 21:35:43+00:00,0.9995
2026-03-29 21:36:39+00:00,0.9995
2026-03-29 21:37:38+00:00,0.9995
2026-03-29 21:38:44+00:00,0.9995
2026-03-29 21:39:45+00:00,0.9995
2026-03-29 21:40:43+00:00,0.9995
2026-03-29 21:41:47+00:00,0.9995
2026-03-29 21:42:40+00:00,0.9995
2026-03-29 21:43:56+00:00,0.9995
2026-03-29 21:44:50+00:00,0.9995
2026-03-29 21:45:45+00:00,0.9995
2026-03-29 21:46:43+00:00,0.9995
2026-03-29 21:47:43+00:00,0.9995
2026-03-29 21:48:44+00:00,0.9995
2026-03-29 21:49:43+00:00,0.9995
2026-03-29 21:50:39+00:00,0.9995
2026-03-29 21:51:38+00:00,0.9995
2026-03-29 21:52:37+00:00,0.9995
2026-03-29 21:53:39+00:00,0.9995
2026-03-29 21:54:39+00:00,0.9995
2026-03-29 21:55:48+00:00,0.9995
2026-03-29 21:56:48+00:00,0.9995
2026-03-29 21:57:40+00:00,0.9995
2026-03-29 21:58:45+00:00,0.9995
2026-03-29 21:59:46+00:00,0.9995
2026-03-29 22:01:00+00:00,0.9995
2026-03-29 22:01:54+00:00,0.9995
2026-03-29 22:02:45+00:00,0.9995
2026-03-29 22:03:38+00:00,0.9995
2026-03-29 22:04:42+00:00,0.9995
2026-03-29 22:05:39+00:00,0.9995
2026-03-29 22:06:41+00:00,0.9995
2026-03-29 22:07:45+00:00,0.9995
2026-03-29 22:08:48+00:00,0.9995
2026-03-29 22:09:47+00:00,0.9995
2026-03-29 22:10:42+00:00,0.9995
2026-03-29 22:11:38+00:00,0.9995
2026-03-29 22:12:44+00:00,0.9995
2026-03-29 22:13:43+00:00,0.9995
2026-03-29 22:14:41+00:00,0.9995
2026-03-29 22:15:44+00:00,0.9995
2026-03-29 22:16:40+00:00,0.9995
2026-03-29 22:17:41+00:00,0.9995
2026-03-29 22:18:46+00:00,0.9995
2026-03-29 22:19:40+00:00,0.9995
2026-03-29 22:20:43+00:00,0.9995
2026-03-29 22:21:39+00:00,0.9995
2026-03-29 22:22:40+00:00,0.9995
2026-03-29 22:23:48+00:00,0.9995
2026-03-29 22:24:38+00:00,0.9995
2026-03-29 22:25:46+00:00,0.9995
2026-03-29 22:26:40+00:00,0.9995
2026-03-29 22:27:43+00:00,0.9995
2026-03-29 22:28:39+00:00,0.9995
2026-03-29 22:29:41+00:00,0.9995
2026-03-29 22:30:46+00:00,0.9995
2026-03-29 22:31:45+00:00,0.9995
2026-03-29 22:32:40+00:00,0.9995
2026-03-29 22:33:47+00:00,0.9995
2026-03-29 22:34:45+00:00,0.9995
2026-03-29 22:35:41+00:00,0.9995
2026-03-29 22:36:37+00:00,0.9995
2026-03-29 22:37:38+00:00,0.9995
2026-03-29 22:38:38+00:00,0.9995
2026-03-29 22:39:38+00:00,0.9995
2026-03-29 22:40:46+00:00,0.9995
2026-03-29 22:41:42+00:00,0.9995
2026-03-29 22:42:38+00:00,0.9995
2026-03-29 22:43:38+00:00,0.9995
2026-03-29 22:44:43+00:00,0.9995
2026-03-29 22:45:46+00:00,0.9995
2026-03-29 22:46:54+00:00,0.9995
2026-03-29 22:47:44+00:00,0.9995
2026-03-29 22:48:40+00:00,0.9995
2026-03-29 22:49:42+00:00,0.9995
2026-03-29 22:50:45+00:00,0.9995
2026-03-29 22:51:40+00:00,0.9995
2026-03-29 22:52:38+00:00,0.9995
2026-03-29 22:53:46+00:00,0.9995
2026-03-29 22:54:47+00:00,0.9995
2026-03-29 22:55:46+00:00,0.9995
2026-03-29 22:56:45+00:00,0.9995
2026-03-29 22:57:44+00:00,0.9995
2026-03-29 22:58:43+00:00,0.9995
2026-03-29 22:59:40+00:00,0.9995
2026-03-29 23:01:01+00:00,0.9995
2026-03-29 23:01:59+00:00,0.9995
2026-03-29 23:02:52+00:00,0.9995
2026-03-29 23:03:46+00:00,0.9995
2026-03-29 23:04:43+00:00,0.9995
2026-03-29 23:06:07+00:00,0.9995
2026-03-29 23:07:25+00:00,0.9995
2026-03-29 23:08:18+00:00,0.9995
2026-03-29 23:09:09+00:00,0.9995
2026-03-29 23:09:59+00:00,0.9995
2026-03-29 23:11:00+00:00,0.9995
2026-03-29 23:11:54+00:00,0.9995
2026-03-29 23:12:42+00:00,0.9995
2026-03-29 23:13:41+00:00,0.9995
2026-03-29 23:14:42+00:00,0.9995
2026-03-29 23:15:40+00:00,0.9995
2026-03-29 23:16:39+00:00,0.9995
2026-03-29 23:17:38+00:00,0.9995
2026-03-29 23:18:42+00:00,0.9995
2026-03-29 23:19:41+00:00,0.9995
2026-03-29 23:20:47+00:00,0.9995
2026-03-29 23:21:45+00:00,0.9995
2026-03-29 23:22:43+00:00,0.9995
2026-03-29 23:23:43+00:00,0.9995
2026-03-29 23:24:45+00:00,0.9995
2026-03-29 23:25:47+00:00,0.9995
2026-03-29 23:26:45+00:00,0.9995
2026-03-29 23:27:44+00:00,0.9995
2026-03-29 23:28:52+00:00,0.9995
2026-03-29 23:29:41+00:00,0.9995
2026-03-29 23:30:47+00:00,0.9995
2026-03-29 23:31:56+00:00,0.9995
2026-03-29 23:32:54+00:00,0.9995
2026-03-29 23:33:47+00:00,0.9995
2026-03-29 23:34:44+00:00,0.9995
2026-03-29 23:35:48+00:00,0.9995
2026-03-29 23:36:45+00:00,0.9995
2026-03-29 23:37:42+00:00,0.9995
2026-03-29 23:38:44+00:00,0.9995
2026-03-29 23:39:38+00:00,0.9995
2026-03-29 23:40:41+00:00,0.9995
2026-03-29 23:41:42+00:00,0.9995
2026-03-29 23:42:42+00:00,0.9995
2026-03-29 23:43:40+00:00,0.9995
2026-03-29 23:44:42+00:00,0.9995
2026-03-29 23:45:46+00:00,0.9995
2026-03-29 23:46:39+00:00,0.9995
2026-03-29 23:47:46+00:00,0.9995
2026-03-29 23:48:44+00:00,0.9995
2026-03-29 23:49:46+00:00,0.9995
2026-03-29 23:50:43+00:00,0.9995
2026-03-29 23:51:48+00:00,0.9995
2026-03-29 23:52:58+00:00,0.9995
2026-03-29 23:53:50+00:00,0.9995
2026-03-29 23:54:43+00:00,0.9995
2026-03-29 23:55:40+00:00,0.9995
2026-03-29 23:56:42+00:00,0.9995
2026-03-29 23:57:51+00:00,0.9995
2026-03-29 23:58:57+00:00,0.9995
2026-03-29 23:59:49+00:00,0.9995
2026-03-30 00:01:00+00:00,0.9995
2026-03-30 00:01:48+00:00,0.9995
2026-03-30 00:02:43+00:00,0.9995
2026-03-30 00:03:43+00:00,0.9995
2026-03-30 00:04:44+00:00,0.9995
2026-03-30 00:05:45+00:00,0.9995
2026-03-30 00:06:43+00:00,0.9995
2026-03-30 00:08:02+00:00,0.9995
2026-03-30 00:08:58+00:00,0.9995
2026-03-30 00:09:46+00:00,0.9995
2026-03-30 00:10:43+00:00,0.9995
2026-03-30 00:11:43+00:00,0.9995
2026-03-30 00:12:43+00:00,0.9995
2026-03-30 00:13:40+00:00,0.9995
2026-03-30 00:14:42+00:00,0.9995
2026-03-30 00:15:39+00:00,0.9995
2026-03-30 00:16:40+00:00,0.9995
2026-03-30 00:17:42+00:00,0.9995
2026-03-30 00:18:40+00:00,0.9995
2026-03-30 00:19:37+00:00,0.9995
2026-03-30 00:20:44+00:00,0.9995
2026-03-30 00:21:43+00:00,0.9995
2026-03-30 00:22:39+00:00,0.9995
2026-03-30 00:23:44+00:00,0.9995
2026-03-30 00:24:42+00:00,0.9995
2026-03-30 00:25:39+00:00,0.9995
2026-03-30 00:26:38+00:00,0.9995
2026-03-30 00:27:37+00:00,0.9995
2026-03-30 00:28:43+00:00,0.9995
2026-03-30 00:29:39+00:00,0.9995
2026-03-30 00:30:51+00:00,0.9995
2026-03-30 00:31:49+00:00,0.9995
2026-03-30 00:32:45+00:00,0.9995
2026-03-30 00:33:41+00:00,0.9995
2026-03-30 00:34:46+00:00,0.9995
2026-03-30 00:35:47+00:00,0.9995
2026-03-30 00:36:37+00:00,0.9995
2026-03-30 00:37:45+00:00,0.9995
2026-03-30 00:38:46+00:00,0.9995
2026-03-30 00:39:39+00:00,0.9995
2026-03-30 00:40:44+00:00,0.9995
2026-03-30 00:41:39+00:00,0.9995
2026-03-30 00:42:41+00:00,0.9995
2026-03-30 00:43:57+00:00,0.9995
2026-03-30 00:44:49+00:00,0.9995
2026-03-30 00:45:51+00:00,0.9995
2026-03-30 00:46:43+00:00,0.9995
2026-03-30 00:47:41+00:00,0.9995
2026-03-30 00:48:36+00:00,0.9995
2026-03-30 00:49:37+00:00,0.9995
2026-03-30 00:50:38+00:00,0.9995
2026-03-30 00:51:37+00:00,0.9995
2026-03-30 00:52:36+00:00,0.9995
2026-03-30 00:53:37+00:00,0.9995
2026-03-30 00:54:39+00:00,0.9995
2026-03-30 00:55:38+00:00,0.9995
2026-03-30 00:56:36+00:00,0.9995
2026-03-30 00:57:38+00:00,0.9995
2026-03-30 00:58:37+00:00,0.9995
2026-03-30 00:59:42+00:00,0.9995
2026-03-30 01:00:44+00:00,0.9995
2026-03-30 01:01:40+00:00,0.9995
2026-03-30 01:02:37+00:00,0.9995
2026-03-30 01:03:43+00:00,0.9995
2026-03-30 01:04:38+00:00,0.9995
2026-03-30 01:05:41+00:00,0.9995
2026-03-30 01:06:38+00:00,0.9995
2026-03-30 01:07:37+00:00,0.9995
2026-03-30 01:08:38+00:00,0.9995
2026-03-30 01:09:38+00:00,0.9995
2026-03-30 01:10:38+00:00,0.9995
2026-03-30 01:11:38+00:00,0.9995
2026-03-30 01:12:36+00:00,0.9995
2026-03-30 01:13:37+00:00,0.9995
2026-03-30 01:14:37+00:00,0.9995
2026-03-30 01:15:39+00:00,0.9995
2026-03-30 01:16:38+00:00,0.9995
2026-03-30 01:17:37+00:00,0.9995
2026-03-30 01:18:36+00:00,0.9995
2026-03-30 01:19:38+00:00,0.9995
2026-03-30 01:20:40+00:00,0.9995
2026-03-30 01:21:48+00:00,0.9995
2026-03-30 01:22:51+00:00,0.9995
2026-03-30 01:23:41+00:00,0.9995
2026-03-30 01:24:39+00:00,0.9995
2026-03-30 01:25:54+00:00,0.9995
2026-03-30 01:26:45+00:00,0.9995
2026-03-30 01:27:37+00:00,0.9995
2026-03-30 01:28:38+00:00,0.9995
2026-03-30 01:29:38+00:00,0.9995
2026-03-30 01:30:47+00:00,0.9995
2026-03-30 01:31:41+00:00,0.9995
2026-03-30 01:32:36+00:00,0.9995
2026-03-30 01:33:36+00:00,0.9995
2026-03-30 01:34:48+00:00,0.9995
2026-03-30 01:35:38+00:00,0.9995
2026-03-30 01:36:37+00:00,0.9995
2026-03-30 01:37:37+00:00,0.9995
2026-03-30 01:38:36+00:00,0.9995
2026-03-30 01:39:37+00:00,0.9995
2026-03-30 01:40:38+00:00,0.9995
2026-03-30 01:41:37+00:00,0.9995
2026-03-30 01:42:37+00:00,0.9995
2026-03-30 01:43:36+00:00,0.9995
2026-03-30 01:44:37+00:00,0.9995
2026-03-30 01:45:39+00:00,0.9995
2026-03-30 01:46:49+00:00,0.9995
2026-03-30 01:47:38+00:00,0.9995
2026-03-30 01:48:38+00:00,0.9995
2026-03-30 01:49:38+00:00,0.9995
2026-03-30 01:50:38+00:00,0.9995
2026-03-30 01:51:42+00:00,0.9995
2026-03-30 01:52:37+00:00,0.9995
2026-03-30 01:53:50+00:00,0.9995
2026-03-30 01:54:36+00:00,0.9995
2026-03-30 01:55:38+00:00,0.9995
2026-03-30 01:56:41+00:00,0.9995
2026-03-30 01:57:39+00:00,0.9995
2026-03-30 01:58:37+00:00,0.9995
2026-03-30 01:59:38+00:00,0.9995
2026-03-30 02:00:45+00:00,0.9995
2026-03-30 02:01:39+00:00,0.9995
2026-03-30 02:02:41+00:00,0.9995
2026-03-30 02:03:38+00:00,0.9995
2026-03-30 02:04:39+00:00,0.9995
2026-03-30 02:05:46+00:00,0.9995
2026-03-30 02:06:46+00:00,0.9995
2026-03-30 02:07:38+00:00,0.9995
2026-03-30 02:08:35+00:00,0.9995
2026-03-30 02:09:58+00:00,0.9995
2026-03-30 02:10:53+00:00,0.9995
2026-03-30 02:12:06+00:00,0.9995
2026-03-30 02:13:01+00:00,0.9995
2026-03-30 02:13:51+00:00,0.9995
2026-03-30 02:14:43+00:00,0.9995
2026-03-30 02:15:40+00:00,0.9995
2026-03-30 02:16:39+00:00,0.9995
2026-03-30 02:17:36+00:00,0.9995
2026-03-30 02:18:43+00:00,0.9995
2026-03-30 02:19:37+00:00,0.9995
2026-03-30 02:20:39+00:00,0.9995
2026-03-30 02:21:41+00:00,0.9995
2026-03-30 02:22:35+00:00,0.9995
2026-03-30 02:23:45+00:00,0.9995
2026-03-30 02:24:36+00:00,0.9995
2026-03-30 02:26:00+00:00,0.9995
2026-03-30 02:26:52+00:00,0.9995
2026-03-30 02:27:45+00:00,0.9995
2026-03-30 02:28:37+00:00,0.9995
2026-03-30 02:29:37+00:00,0.9995
2026-03-30 02:30:48+00:00,0.9995
2026-03-30 02:31:51+00:00,0.9995
2026-03-30 02:32:37+00:00,0.9995
2026-03-30 02:33:36+00:00,0.9995
2026-03-30 02:34:37+00:00,0.9995
2026-03-30 02:35:51+00:00,0.9995
2026-03-30 02:36:39+00:00,0.9995
2026-03-30 02:37:43+00:00,0.9995
2026-03-30 02:38:50+00:00,0.9995
2026-03-30 02:39:38+00:00,0.9995
2026-03-30 02:40:42+00:00,0.9995
2026-03-30 02:41:37+00:00,0.9995
2026-03-30 02:42:49+00:00,0.9995
2026-03-30 02:43:40+00:00,0.9995
2026-03-30 02:44:36+00:00,0.9995
2026-03-30 02:45:38+00:00,0.9995
2026-03-30 02:46:38+00:00,0.9995
2026-03-30 02:47:36+00:00,0.9995
2026-03-30 02:48:39+00:00,0.9995
2026-03-30 02:49:42+00:00,0.9995
2026-03-30 02:50:48+00:00,0.9995
2026-03-30 02:51:44+00:00,0.9995
2026-03-30 02:52:35+00:00,0.9995
2026-03-30 02:53:38+00:00,0.9995
2026-03-30 02:54:40+00:00,0.9995
2026-03-30 02:55:38+00:00,0.9995
2026-03-30 02:56:37+00:00,0.9995
2026-03-30 02:57:36+00:00,0.9995
2026-03-30 02:58:36+00:00,0.9995
2026-03-30 02:59:41+00:00,0.9995
2026-03-30 03:00:53+00:00,0.9995
2026-03-30 03:01:43+00:00,0.9995
2026-03-30 03:02:44+00:00,0.9995
2026-03-30 03:03:43+00:00,0.9995
2026-03-30 03:04:37+00:00,0.9995
2026-03-30 03:05:50+00:00,0.9995
2026-03-30 03:06:37+00:00,0.9995
2026-03-30 03:07:46+00:00,0.9995
2026-03-30 03:08:36+00:00,0.9995
2026-03-30 03:09:36+00:00,0.9995
2026-03-30 03:10:37+00:00,0.9995
2026-03-30 03:11:35+00:00,0.9995
2026-03-30 03:12:35+00:00,0.9995
2026-03-30 03:13:36+00:00,0.9995
2026-03-30 03:14:37+00:00,0.9995
2026-03-30 03:15:37+00:00,0.9995
2026-03-30 03:16:50+00:00,0.9995
2026-03-30 03:17:48+00:00,0.9995
2026-03-30 03:18:49+00:00,0.9995
2026-03-30 03:19:36+00:00,0.9995
2026-03-30 03:20:40+00:00,0.9995
2026-03-30 03:21:37+00:00,0.9995
2026-03-30 03:22:36+00:00,0.9995
2026-03-30 03:23:48+00:00,0.9995
2026-03-30 03:24:37+00:00,0.9995
2026-03-30 03:25:36+00:00,0.9995
2026-03-30 03:26:35+00:00,0.9995
2026-03-30 03:27:36+00:00,0.9995
2026-03-30 03:28:36+00:00,0.9995
2026-03-30 03:29:42+00:00,0.9995
2026-03-30 03:30:43+00:00,0.9995
2026-03-30 03:31:39+00:00,0.9995
2026-03-30 03:32:51+00:00,0.9995
2026-03-30 03:33:35+00:00,0.9995
2026-03-30 03:34:36+00:00,0.9995
2026-03-30 03:35:39+00:00,0.9995
2026-03-30 03:36:35+00:00,0.9995
2026-03-30 03:37:43+00:00,0.9995
2026-03-30 03:38:36+00:00,0.9995
2026-03-30 03:39:50+00:00,0.9995
2026-03-30 03:40:37+00:00,0.9995
2026-03-30 03:41:36+00:00,0.9995
2026-03-30 03:42:36+00:00,0.9995
2026-03-30 03:43:49+00:00,0.9995
2026-03-30 03:44:37+00:00,0.9995
2026-03-30 03:45:40+00:00,0.9995
2026-03-30 03:46:36+00:00,0.9995
2026-03-30 03:47:37+00:00,0.9995
2026-03-30 03:48:38+00:00,0.9995
2026-03-30 03:49:37+00:00,0.9995
2026-03-30 03:50:39+00:00,0.9995
2026-03-30 03:51:36+00:00,0.9995
2026-03-30 03:52:36+00:00,0.9995
2026-03-30 03:53:37+00:00,0.9995
2026-03-30 03:54:38+00:00,0.9995
2026-03-30 03:55:51+00:00,0.9995
2026-03-30 03:56:38+00:00,0.9995
2026-03-30 03:57:36+00:00,0.9995
2026-03-30 03:58:35+00:00,0.9995
2026-03-30 03:59:37+00:00,0.9995
2026-03-30 04:00:56+00:00,0.9995
2026-03-30 04:01:43+00:00,0.9995
2026-03-30 04:02:38+00:00,0.9995
2026-03-30 04:03:43+00:00,0.9995
2026-03-30 04:04:39+00:00,0.9995
2026-03-30 04:05:39+00:00,0.9995
2026-03-30 04:06:50+00:00,0.9995
2026-03-30 04:07:36+00:00,0.9995
2026-03-30 04:08:37+00:00,0.9995
2026-03-30 04:09:37+00:00,0.9995
2026-03-30 04:10:38+00:00,0.9995
2026-03-30 04:11:37+00:00,0.9995
2026-03-30 04:12:39+00:00,0.9995
2026-03-30 04:13:36+00:00,0.9995
2026-03-30 04:14:38+00:00,0.9995
2026-03-30 04:15:38+00:00,0.9995
2026-03-30 04:16:36+00:00,0.9995
2026-03-30 04:17:36+00:00,0.9995
2026-03-30 04:18:38+00:00,0.9995
2026-03-30 04:19:36+00:00,0.9995
2026-03-30 04:20:46+00:00,0.9995
2026-03-30 04:21:36+00:00,0.9995
2026-03-30 04:22:36+00:00,0.9995
2026-03-30 04:23:38+00:00,0.9995
2026-03-30 04:24:47+00:00,0.9995
2026-03-30 04:25:49+00:00,0.9995
2026-03-30 04:26:37+00:00,0.9995
2026-03-30 04:27:37+00:00,0.9995
2026-03-30 04:28:37+00:00,0.9995
2026-03-30 04:29:42+00:00,0.9995
2026-03-30 04:30:47+00:00,0.9995
2026-03-30 04:31:42+00:00,0.9995
2026-03-30 04:32:37+00:00,0.9995
2026-03-30 04:33:39+00:00,0.9995
2026-03-30 04:34:37+00:00,0.9995
2026-03-30 04:35:43+00:00,0.9995
2026-03-30 04:36:37+00:00,0.9995
2026-03-30 04:37:36+00:00,0.9995
2026-03-30 04:38:41+00:00,0.9995
2026-03-30 04:39:37+00:00,0.9995
2026-03-30 04:40:38+00:00,0.9995
2026-03-30 04:41:38+00:00,0.9995
2026-03-30 04:42:37+00:00,0.9995
2026-03-30 04:43:36+00:00,0.9995
2026-03-30 04:44:37+00:00,0.9995
2026-03-30 04:45:43+00:00,0.9995
2026-03-30 04:46:36+00:00,0.9995
2026-03-30 04:47:38+00:00,0.9995
2026-03-30 04:48:36+00:00,0.9995
2026-03-30 04:49:37+00:00,0.9995
2026-03-30 04:50:41+00:00,0.9995
2026-03-30 04:51:38+00:00,0.9995
2026-03-30 04:52:37+00:00,0.9995
2026-03-30 04:53:37+00:00,0.9995
2026-03-30 04:54:38+00:00,0.9995
2026-03-30 04:55:45+00:00,0.9995
2026-03-30 04:56:40+00:00,0.9995
2026-03-30 04:57:37+00:00,0.9995
2026-03-30 04:58:38+00:00,0.9995
2026-03-30 04:59:37+00:00,0.9995
2026-03-30 05:00:58+00:00,0.9995
2026-03-30 05:01:46+00:00,0.9995
2026-03-30 05:02:38+00:00,0.9995
2026-03-30 05:03:58+00:00,0.9995
2026-03-30 05:04:53+00:00,0.9995
2026-03-30 05:05:48+00:00,0.9995
2026-03-30 05:06:45+00:00,0.9995
2026-03-30 05:07:57+00:00,0.9995
2026-03-30 05:08:51+00:00,0.9995
2026-03-30 05:09:47+00:00,0.9995
2026-03-30 05:10:49+00:00,0.9995
2026-03-30 05:11:45+00:00,0.9995
2026-03-30 05:12:40+00:00,0.9995
2026-03-30 05:13:38+00:00,0.9995
2026-03-30 05:14:39+00:00,0.9995
2026-03-30 05:15:39+00:00,0.9995
2026-03-30 05:16:37+00:00,0.9995
2026-03-30 05:17:49+00:00,0.9995
2026-03-30 05:18:38+00:00,0.9995
2026-03-30 05:19:46+00:00,0.9995
2026-03-30 05:20:38+00:00,0.9995
2026-03-30 05:21:44+00:00,0.9995
2026-03-30 05:22:40+00:00,0.9995
2026-03-30 05:23:37+00:00,0.9995
2026-03-30 05:24:38+00:00,0.9995
2026-03-30 05:25:45+00:00,0.9995
2026-03-30 05:26:38+00:00,0.9995
2026-03-30 05:27:44+00:00,0.9995
2026-03-30 05:28:38+00:00,0.9995
2026-03-30 05:29:38+00:00,0.9995
2026-03-30 05:30:43+00:00,0.9995
2026-03-30 05:31:42+00:00,0.9995
2026-03-30 05:32:48+00:00,0.9995
2026-03-30 05:33:37+00:00,0.9995
2026-03-30 05:34:37+00:00,0.9995
2026-03-30 05:35:53+00:00,0.9995
2026-03-30 05:36:41+00:00,0.9995
2026-03-30 05:37:37+00:00,0.9995
2026-03-30 05:38:38+00:00,0.9995
2026-03-30 05:39:37+00:00,0.9995
2026-03-30 05:40:40+00:00,0.9995
2026-03-30 05:41:54+00:00,0.9995
2026-03-30 05:42:40+00:00,0.9995
2026-03-30 05:43:36+00:00,0.9995
2026-03-30 05:44:38+00:00,0.9995
2026-03-30 05:45:41+00:00,0.9995
2026-03-30 05:46:38+00:00,0.9995
2026-03-30 05:47:37+00:00,0.9995
2026-03-30 05:48:50+00:00,0.9995
2026-03-30 05:49:40+00:00,0.9995
2026-03-30 05:50:41+00:00,0.9995
2026-03-30 05:51:40+00:00,0.9995
2026-03-30 05:52:37+00:00,0.9995
2026-03-30 05:53:58+00:00,0.9995
2026-03-30 05:54:56+00:00,0.9995
2026-03-30 05:55:46+00:00,0.9995
2026-03-30 05:56:37+00:00,0.9995
2026-03-30 05:57:38+00:00,0.9995
2026-03-30 05:58:37+00:00,0.9995
2026-03-30 05:59:38+00:00,0.9995
2026-03-30 06:00:49+00:00,0.9995
2026-03-30 06:01:41+00:00,0.9995
2026-03-30 06:02:37+00:00,0.9995
2026-03-30 06:03:40+00:00,0.9995
2026-03-30 06:04:37+00:00,0.9995
2026-03-30 06:05:38+00:00,0.9995
2026-03-30 06:06:39+00:00,0.9995
2026-03-30 06:07:36+00:00,0.9995
2026-03-30 06:08:37+00:00,0.9995
2026-03-30 06:09:37+00:00,0.9995
2026-03-30 06:10:51+00:00,0.9995
2026-03-30 06:11:40+00:00,0.9995
2026-03-30 06:12:39+00:00,0.9995
2026-03-30 06:13:38+00:00,0.9995
2026-03-30 06:14:40+00:00,0.9995
2026-03-30 06:15:39+00:00,0.9995
2026-03-30 06:16:51+00:00,0.9995
2026-03-30 06:17:41+00:00,0.9995
2026-03-30 06:18:37+00:00,0.9995
2026-03-30 06:19:44+00:00,0.9995
2026-03-30 06:20:41+00:00,0.9995
2026-03-30 06:21:38+00:00,0.9995
2026-03-30 06:22:38+00:00,0.9995
2026-03-30 06:23:53+00:00,0.9995
2026-03-30 06:24:39+00:00,0.9995
2026-03-30 06:25:38+00:00,0.9995
2026-03-30 06:26:37+00:00,0.9995
2026-03-30 06:27:50+00:00,0.9995
2026-03-30 06:28:38+00:00,0.9995
2026-03-30 06:29:37+00:00,0.9995
2026-03-30 06:30:47+00:00,0.9995
2026-03-30 06:31:41+00:00,0.9995
2026-03-30 06:32:37+00:00,0.9995
2026-03-30 06:33:37+00:00,0.9995
2026-03-30 06:34:41+00:00,0.9995
2026-03-30 06:35:58+00:00,0.9995
2026-03-30 06:36:46+00:00,0.9995
2026-03-30 06:37:38+00:00,0.9995
2026-03-30 06:38:38+00:00,0.9995
2026-03-30 06:39:37+00:00,0.9995
2026-03-30 06:40:55+00:00,0.9995
2026-03-30 06:41:42+00:00,0.9995
2026-03-30 06:42:36+00:00,0.9995
2026-03-30 06:43:38+00:00,0.9995
2026-03-30 06:44:37+00:00,0.9995
2026-03-30 06:45:40+00:00,0.9995
2026-03-30 06:46:37+00:00,0.9995
2026-03-30 06:47:39+00:00,0.9995
2026-03-30 06:48:38+00:00,0.9995
2026-03-30 06:49:40+00:00,0.9995
2026-03-30 06:50:41+00:00,0.9995
2026-03-30 06:51:39+00:00,0.9995
2026-03-30 06:52:37+00:00,0.9995
2026-03-30 06:53:37+00:00,0.9995
2026-03-30 06:54:38+00:00,0.9995
2026-03-30 06:55:39+00:00,0.9995
2026-03-30 06:56:51+00:00,0.9995
2026-03-30 06:57:39+00:00,0.9995
2026-03-30 06:58:36+00:00,0.9995
2026-03-30 06:59:38+00:00,0.9995
2026-03-30 07:01:01+00:00,0.9995
2026-03-30 07:01:59+00:00,0.9995
2026-03-30 07:02:46+00:00,0.9995
2026-03-30 07:03:38+00:00,0.9995
2026-03-30 07:04:38+00:00,0.9995
2026-03-30 07:05:39+00:00,0.9995
2026-03-30 07:06:38+00:00,0.9995
2026-03-30 07:07:36+00:00,0.9995
2026-03-30 07:08:37+00:00,0.9995
2026-03-30 07:09:38+00:00,0.9995
2026-03-30 07:10:50+00:00,0.9995
2026-03-30 07:11:38+00:00,0.9995
2026-03-30 07:12:37+00:00,0.9995
2026-03-30 07:13:37+00:00,0.9995
2026-03-30 07:14:52+00:00,0.9995
2026-03-30 07:15:38+00:00,0.9995
2026-03-30 07:16:48+00:00,0.9995
2026-03-30 07:17:45+00:00,0.9995
2026-03-30 07:18:37+00:00,0.9995
2026-03-30 07:19:39+00:00,0.9995
2026-03-30 07:20:38+00:00,0.9995
2026-03-30 07:21:37+00:00,0.9995
2026-03-30 07:22:38+00:00,0.9995
2026-03-30 07:23:37+00:00,0.9995
2026-03-30 07:24:41+00:00,0.9995
2026-03-30 07:25:38+00:00,0.9995
2026-03-30 07:26:37+00:00,0.9995
2026-03-30 07:27:44+00:00,0.9995
2026-03-30 07:28:40+00:00,0.9995
2026-03-30 07:29:37+00:00,0.9995
2026-03-30 07:30:49+00:00,0.9995
2026-03-30 07:31:44+00:00,0.9995
2026-03-30 07:32:37+00:00,0.9995
2026-03-30 07:33:36+00:00,0.9995
2026-03-30 07:34:38+00:00,0.9995
2026-03-30 07:35:39+00:00,0.9995
2026-03-30 07:36:37+00:00,0.9995
2026-03-30 07:37:46+00:00,0.9995
2026-03-30 07:38:47+00:00,0.9995
2026-03-30 07:39:48+00:00,0.9995
2026-03-30 07:40:45+00:00,0.9995
2026-03-30 07:41:38+00:00,0.9995
2026-03-30 07:42:44+00:00,0.9995
2026-03-30 07:43:47+00:00,0.9995
2026-03-30 07:44:43+00:00,0.9995
2026-03-30 07:45:40+00:00,0.9995
2026-03-30 07:46:38+00:00,0.9995
2026-03-30 07:47:37+00:00,0.9995
2026-03-30 07:48:38+00:00,0.9995
2026-03-30 07:49:37+00:00,0.9995
2026-03-30 07:50:39+00:00,0.9995
2026-03-30 07:51:45+00:00,0.9995
2026-03-30 07:52:37+00:00,0.9995
2026-03-30 07:53:43+00:00,0.9995
2026-03-30 07:54:37+00:00,0.9995
2026-03-30 07:55:40+00:00,0.9995
2026-03-30 07:56:37+00:00,0.9995
2026-03-30 07:57:44+00:00,0.9995
2026-03-30 07:58:37+00:00,0.9995
2026-03-30 07:59:36+00:00,0.9995
2026-03-30 08:00:45+00:00,0.9995
2026-03-30 08:01:41+00:00,0.9995
2026-03-30 08:02:41+00:00,0.9995
2026-03-30 08:03:37+00:00,0.9995
2026-03-30 08:04:37+00:00,0.9995
2026-03-30 08:05:39+00:00,0.9995
2026-03-30 08:06:36+00:00,0.9995
2026-03-30 08:07:37+00:00,0.9995
2026-03-30 08:08:38+00:00,0.9995
2026-03-30 08:09:50+00:00,0.9995
2026-03-30 08:10:40+00:00,0.9995
2026-03-30 08:11:38+00:00,0.9995
2026-03-30 08:12:40+00:00,0.9995
2026-03-30 08:13:37+00:00,0.9995
2026-03-30 08:14:41+00:00,0.9995
2026-03-30 08:15:41+00:00,0.9995
2026-03-30 08:16:38+00:00,0.9995
2026-03-30 08:17:39+00:00,0.9995
2026-03-30 08:18:39+00:00,0.9995
2026-03-30 08:19:39+00:00,0.9995
2026-03-30 08:20:39+00:00,0.9995
2026-03-30 08:21:37+00:00,0.9995
2026-03-30 08:22:37+00:00,0.9995
2026-03-30 08:23:43+00:00,0.9995
2026-03-30 08:24:39+00:00,0.9995
2026-03-30 08:25:42+00:00,0.9995
2026-03-30 08:26:50+00:00,0.9995
2026-03-30 08:27:52+00:00,0.9995
2026-03-30 08:28:38+00:00,0.9995
2026-03-30 08:29:37+00:00,0.9995
2026-03-30 08:30:43+00:00,0.9995
2026-03-30 08:31:38+00:00,0.9995
2026-03-30 08:32:38+00:00,0.9995
2026-03-30 08:33:37+00:00,0.9995
2026-03-30 08:34:40+00:00,0.9995
2026-03-30 08:35:50+00:00,0.9995
2026-03-30 08:36:37+00:00,0.9995
2026-03-30 08:37:49+00:00,0.9995
2026-03-30 08:38:38+00:00,0.9995
2026-03-30 08:39:37+00:00,0.9995
2026-03-30 08:40:52+00:00,0.9995
2026-03-30 08:41:53+00:00,0.9995
2026-03-30 08:42:40+00:00,0.9995
2026-03-30 08:43:51+00:00,0.9995
2026-03-30 08:44:38+00:00,0.9995
2026-03-30 08:45:40+00:00,0.9995
2026-03-30 08:46:38+00:00,0.9995
2026-03-30 08:47:42+00:00,0.9995
2026-03-30 08:48:37+00:00,0.9995
2026-03-30 08:49:49+00:00,0.9995
2026-03-30 08:50:52+00:00,0.9995
2026-03-30 08:51:39+00:00,0.9995
2026-03-30 08:52:38+00:00,0.9995
2026-03-30 08:53:39+00:00,0.9995
2026-03-30 08:54:38+00:00,0.9995
2026-03-30 08:55:39+00:00,0.9995
2026-03-30 08:56:38+00:00,0.9995
2026-03-30 08:57:38+00:00,0.9995
2026-03-30 08:58:51+00:00,0.9995
2026-03-30 08:59:38+00:00,0.9995
2026-03-30 09:00:51+00:00,0.9995
2026-03-30 09:01:44+00:00,0.9995
2026-03-30 09:02:37+00:00,0.9995
2026-03-30 09:03:39+00:00,0.9995
2026-03-30 09:04:50+00:00,0.9995
2026-03-30 09:05:40+00:00,0.9995
2026-03-30 09:06:46+00:00,0.9995
2026-03-30 09:07:42+00:00,0.9995
2026-03-30 09:08:37+00:00,0.9995
2026-03-30 09:09:37+00:00,0.9995
2026-03-30 09:10:40+00:00,0.9995
2026-03-30 09:11:37+00:00,0.9995
2026-03-30 09:12:39+00:00,0.9995
2026-03-30 09:13:37+00:00,0.9995
2026-03-30 09:14:40+00:00,0.9995
2026-03-30 09:15:38+00:00,0.9995
2026-03-30 09:16:37+00:00,0.9995
2026-03-30 09:17:39+00:00,0.9995
2026-03-30 09:18:39+00:00,0.9995
2026-03-30 09:19:44+00:00,0.9995
2026-03-30 09:20:45+00:00,0.9995
2026-03-30 09:21:43+00:00,0.9995
2026-03-30 09:22:38+00:00,0.9995
2026-03-30 09:23:45+00:00,0.9995
2026-03-30 09:24:44+00:00,0.9995
2026-03-30 09:25:40+00:00,0.9995
2026-03-30 09:26:38+00:00,0.9995
2026-03-30 09:27:44+00:00,0.9995
2026-03-30 09:28:47+00:00,0.9995
2026-03-30 09:29:39+00:00,0.9995
2026-03-30 09:30:44+00:00,0.9995
2026-03-30 09:31:41+00:00,0.9995
2026-03-30 09:32:44+00:00,0.9995
2026-03-30 09:33:43+00:00,0.9995
2026-03-30 09:34:38+00:00,0.9995
2026-03-30 09:35:41+00:00,0.9995
2026-03-30 09:36:37+00:00,0.9995
2026-03-30 09:37:37+00:00,0.9995
2026-03-30 09:38:36+00:00,0.9995
2026-03-30 09:39:37+00:00,0.9995
2026-03-30 09:40:39+00:00,0.9995
2026-03-30 09:41:38+00:00,0.9995
2026-03-30 09:42:48+00:00,0.9995
2026-03-30 09:43:42+00:00,0.9995
2026-03-30 09:44:38+00:00,0.9995
2026-03-30 09:45:39+00:00,0.9995
2026-03-30 09:46:37+00:00,0.9995
2026-03-30 09:47:37+00:00,0.9995
2026-03-30 09:48:51+00:00,0.9995
2026-03-30 09:49:38+00:00,0.9995
2026-03-30 09:50:38+00:00,0.9995
2026-03-30 09:51:37+00:00,0.9995
2026-03-30 09:52:51+00:00,0.9995
2026-03-30 09:53:37+00:00,0.9995
2026-03-30 09:54:42+00:00,0.9995
2026-03-30 09:55:40+00:00,0.9995
2026-03-30 09:56:36+00:00,0.9995
2026-03-30 09:57:49+00:00,0.9995
2026-03-30 09:58:36+00:00,0.9995
2026-03-30 09:59:38+00:00,0.9995
2026-03-30 10:00:43+00:00,0.9995
2026-03-30 10:01:51+00:00,0.9995
2026-03-30 10:02:36+00:00,0.9995
2026-03-30 10:03:38+00:00,0.9995
2026-03-30 10:04:38+00:00,0.9995
2026-03-30 10:05:39+00:00,0.9995
2026-03-30 10:06:41+00:00,0.9995
2026-03-30 10:07:42+00:00,0.9995
2026-03-30 10:08:36+00:00,0.9995
2026-03-30 10:09:47+00:00,0.9995
2026-03-30 10:10:41+00:00,0.9995
2026-03-30 10:11:35+00:00,0.9995
2026-03-30 10:12:36+00:00,0.9995
2026-03-30 10:13:36+00:00,0.9995
2026-03-30 10:14:38+00:00,0.9995
2026-03-30 10:15:38+00:00,0.9995
2026-03-30 10:16:37+00:00,0.9995
2026-03-30 10:17:39+00:00,0.9995
2026-03-30 10:18:37+00:00,0.9995
2026-03-30 10:19:37+00:00,0.9995
2026-03-30 10:20:38+00:00,0.9995
2026-03-30 10:21:35+00:00,0.9995
2026-03-30 10:22:37+00:00,0.9995
2026-03-30 10:23:36+00:00,0.9995
2026-03-30 10:24:50+00:00,0.9995
2026-03-30 10:25:39+00:00,0.9995
2026-03-30 10:26:35+00:00,0.9995
2026-03-30 10:27:37+00:00,0.9995
2026-03-30 10:28:48+00:00,0.9995
2026-03-30 10:29:37+00:00,0.9995
2026-03-30 10:30:58+00:00,0.9995
2026-03-30 10:31:45+00:00,0.9995
2026-03-30 10:32:37+00:00,0.9995
2026-03-30 10:33:42+00:00,0.9995
2026-03-30 10:34:37+00:00,0.9995
2026-03-30 10:35:39+00:00,0.9995
2026-03-30 10:36:49+00:00,0.9995
2026-03-30 10:37:37+00:00,0.9995
2026-03-30 10:38:37+00:00,0.9995
2026-03-30 10:39:37+00:00,0.9995
2026-03-30 10:40:39+00:00,0.9995
2026-03-30 10:41:36+00:00,0.9995
2026-03-30 10:42:38+00:00,0.9995
2026-03-30 10:43:37+00:00,0.9995
2026-03-30 10:44:38+00:00,0.9995
2026-03-30 10:45:38+00:00,0.9995
2026-03-30 10:46:38+00:00,0.9995
2026-03-30 10:47:38+00:00,0.9995
2026-03-30 10:48:38+00:00,0.9995
2026-03-30 10:49:38+00:00,0.9995
2026-03-30 10:50:38+00:00,0.9995
2026-03-30 10:51:37+00:00,0.9995
2026-03-30 10:52:41+00:00,0.9995
2026-03-30 10:53:39+00:00,0.9995
2026-03-30 10:54:37+00:00,0.9995
2026-03-30 10:55:40+00:00,0.9995
2026-03-30 10:56:36+00:00,0.9995
2026-03-30 10:57:48+00:00,0.9995
2026-03-30 10:58:36+00:00,0.9995
2026-03-30 10:59:52+00:00,0.9995
2026-03-30 11:00:45+00:00,0.9995
2026-03-30 11:01:41+00:00,0.9995
2026-03-30 11:02:36+00:00,0.9995
2026-03-30 11:03:50+00:00,0.9995
2026-03-30 11:04:38+00:00,0.9995
2026-03-30 11:05:38+00:00,0.9995
2026-03-30 11:06:39+00:00,0.9995
2026-03-30 11:07:37+00:00,0.9995
2026-03-30 11:08:37+00:00,0.9995
2026-03-30 11:09:37+00:00,0.9995
2026-03-30 11:10:40+00:00,0.9995
2026-03-30 11:11:36+00:00,0.9995
2026-03-30 11:12:37+00:00,0.9995
2026-03-30 11:13:38+00:00,0.9995
2026-03-30 11:14:53+00:00,0.9995
2026-03-30 11:15:41+00:00,0.9995
2026-03-30 11:16:37+00:00,0.9995
2026-03-30 11:17:36+00:00,0.9995
2026-03-30 11:18:43+00:00,0.9995
2026-03-30 11:19:38+00:00,0.9995
2026-03-30 11:20:40+00:00,0.9995
2026-03-30 11:21:37+00:00,0.9995
2026-03-30 11:22:36+00:00,0.9995
2026-03-30 11:23:37+00:00,0.9995
2026-03-30 11:24:38+00:00,0.9995
2026-03-30 11:25:39+00:00,0.9995
2026-03-30 11:26:37+00:00,0.9995
2026-03-30 11:27:38+00:00,0.9995
2026-03-30 11:28:45+00:00,0.9995
2026-03-30 11:29:40+00:00,0.9995
2026-03-30 11:30:49+00:00,0.9995
2026-03-30 11:31:42+00:00,0.9995
2026-03-30 11:32:38+00:00,0.9995
2026-03-30 11:33:41+00:00,0.9995
2026-03-30 11:34:43+00:00,0.9995
2026-03-30 11:35:43+00:00,0.9995
2026-03-30 11:36:44+00:00,0.9995
2026-03-30 11:37:50+00:00,0.9995
2026-03-30 11:38:48+00:00,0.9995
2026-03-30 11:39:42+00:00,0.9995
2026-03-30 11:40:47+00:00,0.9995
2026-03-30 11:41:45+00:00,0.9995
2026-03-30 11:42:44+00:00,0.9995
2026-03-30 11:43:43+00:00,0.9995
2026-03-30 11:44:39+00:00,0.9995
2026-03-30 11:45:44+00:00,0.9995
2026-03-30 11:46:43+00:00,0.9995
2026-03-30 11:47:43+00:00,0.9995
2026-03-30 11:48:37+00:00,0.9995
2026-03-30 11:49:40+00:00,0.9995
2026-03-30 11:50:37+00:00,0.9995
2026-03-30 11:51:38+00:00,0.9995
2026-03-30 11:52:39+00:00,0.9995
2026-03-30 11:53:42+00:00,0.9995
2026-03-30 11:54:43+00:00,0.9995
2026-03-30 11:55:39+00:00,0.9995
2026-03-30 11:56:41+00:00,0.9995
2026-03-30 11:57:43+00:00,0.9995
2026-03-30 11:58:41+00:00,0.9995
2026-03-30 11:59:42+00:00,0.9995
2026-03-30 12:00:55+00:00,0.9995
2026-03-30 12:01:47+00:00,0.9995
2026-03-30 12:02:37+00:00,0.9995
2026-03-30 12:03:47+00:00,0.9995
2026-03-30 12:04:47+00:00,0.9995
2026-03-30 12:05:46+00:00,0.9995
2026-03-30 12:06:43+00:00,0.9995
2026-03-30 12:07:40+00:00,0.9995
2026-03-30 12:08:50+00:00,0.9995
2026-03-30 12:09:47+00:00,0.9995
2026-03-30 12:10:40+00:00,0.9995
2026-03-30 12:11:38+00:00,0.9995
2026-03-30 12:12:41+00:00,0.9995
2026-03-30 12:13:37+00:00,0.9995
2026-03-30 12:14:37+00:00,0.9995
2026-03-30 12:15:38+00:00,0.9995
2026-03-30 12:16:42+00:00,0.9995
2026-03-30 12:17:38+00:00,0.9995
2026-03-30 12:18:41+00:00,0.9995
2026-03-30 12:19:38+00:00,0.9995
2026-03-30 12:20:52+00:00,0.9995
2026-03-30 12:21:45+00:00,0.9995
2026-03-30 12:22:48+00:00,0.9995
2026-03-30 12:23:42+00:00,0.9995
2026-03-30 12:24:43+00:00,0.9995
2026-03-30 12:25:40+00:00,0.9995
2026-03-30 12:26:39+00:00,0.9995
2026-03-30 12:27:42+00:00,0.9995
2026-03-30 12:28:55+00:00,0.9995
2026-03-30 12:29:48+00:00,0.9995
2026-03-30 12:30:55+00:00,0.9995
2026-03-30 12:31:46+00:00,0.9995
2026-03-30 12:32:40+00:00,0.9995
2026-03-30 12:33:43+00:00,0.9995
2026-03-30 12:34:41+00:00,0.9995
2026-03-30 12:35:43+00:00,0.9995
2026-03-30 12:36:39+00:00,0.9995
2026-03-30 12:37:36+00:00,0.9995
2026-03-30 12:38:39+00:00,0.9995
2026-03-30 12:39:39+00:00,0.9995
2026-03-30 12:40:43+00:00,0.9995
2026-03-30 12:41:55+00:00,0.9995
2026-03-30 12:42:47+00:00,0.9995
2026-03-30 12:43:40+00:00,0.9995
2026-03-30 12:44:38+00:00,0.9995
2026-03-30 12:45:44+00:00,0.9995
2026-03-30 12:46:53+00:00,0.9995
2026-03-30 12:47:43+00:00,0.9995
2026-03-30 12:48:40+00:00,0.9995
2026-03-30 12:49:38+00:00,0.9995
2026-03-30 12:50:56+00:00,0.9995
2026-03-30 12:51:47+00:00,0.9995
2026-03-30 12:52:38+00:00,0.9995
2026-03-30 12:53:39+00:00,0.9995
2026-03-30 12:54:39+00:00,0.9995
2026-03-30 12:55:45+00:00,0.9995
2026-03-30 12:56:43+00:00,0.9995
2026-03-30 12:57:41+00:00,0.9995
2026-03-30 12:58:40+00:00,0.9995
2026-03-30 12:59:42+00:00,0.9995
2026-03-30 13:01:00+00:00,0.9995
2026-03-30 13:01:48+00:00,0.9995
2026-03-30 13:02:38+00:00,0.9995
2026-03-30 13:03:40+00:00,0.9995
2026-03-30 13:04:38+00:00,0.9995
2026-03-30 13:05:39+00:00,0.9995
2026-03-30 13:06:37+00:00,0.9995
2026-03-30 13:07:37+00:00,0.9995
2026-03-30 13:08:38+00:00,0.9995
2026-03-30 13:09:41+00:00,0.9995
2026-03-30 13:10:39+00:00,0.9995
2026-03-30 13:11:38+00:00,0.9995
2026-03-30 13:12:38+00:00,0.9995
2026-03-30 13:13:38+00:00,0.9995
2026-03-30 13:14:41+00:00,0.9995
2026-03-30 13:15:45+00:00,0.9995
2026-03-30 13:16:42+00:00,0.9995
2026-03-30 13:17:42+00:00,0.9995
2026-03-30 13:18:39+00:00,0.9995
2026-03-30 13:19:57+00:00,0.9995
2026-03-30 13:20:50+00:00,0.9995
2026-03-30 13:21:51+00:00,0.9995
2026-03-30 13:22:51+00:00,0.9995
2026-03-30 13:23:36+00:00,0.9995
2026-03-30 13:24:40+00:00,0.9995
2026-03-30 13:26:04+00:00,0.9995
2026-03-30 13:27:06+00:00,0.9995
2026-03-30 13:27:54+00:00,0.9995
2026-03-30 13:28:42+00:00,0.9995
2026-03-30 13:29:43+00:00,0.9995
2026-03-30 13:30:47+00:00,0.9995
2026-03-30 13:31:51+00:00,0.9995
2026-03-30 13:32:47+00:00,0.9995
2026-03-30 13:33:38+00:00,0.9995
2026-03-30 13:34:42+00:00,0.9995
2026-03-30 13:35:40+00:00,0.9995
2026-03-30 13:36:40+00:00,0.9995
2026-03-30 13:37:47+00:00,0.9995
2026-03-30 13:38:47+00:00,0.9995
2026-03-30 13:39:43+00:00,0.9995
2026-03-30 13:40:42+00:00,0.9995
2026-03-30 13:41:38+00:00,0.9995
2026-03-30 13:42:41+00:00,0.9995
2026-03-30 13:43:39+00:00,0.9995
2026-03-30 13:44:38+00:00,0.9995
2026-03-30 13:45:49+00:00,0.9995
2026-03-30 13:46:40+00:00,0.9995
2026-03-30 13:47:41+00:00,0.9995
2026-03-30 13:48:48+00:00,0.9995
2026-03-30 13:49:41+00:00,0.9995
2026-03-30 13:50:40+00:00,0.9995
2026-03-30 13:51:47+00:00,0.9995
2026-03-30 13:52:51+00:00,0.9995
2026-03-30 13:53:45+00:00,0.9995
2026-03-30 13:54:42+00:00,0.9995
2026-03-30 13:55:50+00:00,0.9995
2026-03-30 13:56:42+00:00,0.9995
2026-03-30 13:57:40+00:00,0.9995
2026-03-30 13:58:54+00:00,0.9995
2026-03-30 13:59:45+00:00,0.9995
2026-03-30 14:00:58+00:00,0.9995
2026-03-30 14:02:01+00:00,0.9995
2026-03-30 14:02:51+00:00,0.9995
2026-03-30 14:03:46+00:00,0.9995
2026-03-30 14:04:44+00:00,0.9995
2026-03-30 14:05:45+00:00,0.9995
2026-03-30 14:06:39+00:00,0.9995
2026-03-30 14:07:39+00:00,0.9995
2026-03-30 14:08:46+00:00,0.9995
2026-03-30 14:09:38+00:00,0.9995
2026-03-30 14:10:48+00:00,0.9995
2026-03-30 14:11:38+00:00,0.9995
2026-03-30 14:12:45+00:00,0.9995
2026-03-30 14:13:46+00:00,0.9995
2026-03-30 14:14:43+00:00,0.9995
2026-03-30 14:15:48+00:00,0.9995
2026-03-30 14:16:46+00:00,0.9995
2026-03-30 14:17:58+00:00,0.9995
2026-03-30 14:18:55+00:00,0.9995
2026-03-30 14:19:51+00:00,0.9995
2026-03-30 14:20:51+00:00,0.9995
2026-03-30 14:21:51+00:00,0.9995
2026-03-30 14:22:50+00:00,0.9995
2026-03-30 14:23:45+00:00,0.9995
2026-03-30 14:24:53+00:00,0.9995
2026-03-30 14:25:53+00:00,0.9995
2026-03-30 14:26:44+00:00,0.9995
2026-03-30 14:27:38+00:00,0.9995
2026-03-30 14:28:45+00:00,0.9995
2026-03-30 14:29:43+00:00,0.9995
2026-03-30 14:31:02+00:00,0.9995
2026-03-30 14:31:57+00:00,0.9995
2026-03-30 14:32:46+00:00,0.9995
2026-03-30 14:33:42+00:00,0.9995
2026-03-30 14:34:49+00:00,0.9995
2026-03-30 14:35:46+00:00,0.9995
2026-03-30 14:36:41+00:00,0.9995
2026-03-30 14:37:43+00:00,0.9995
2026-03-30 14:38:42+00:00,0.9995
2026-03-30 14:39:45+00:00,0.9995
2026-03-30 14:40:44+00:00,0.9995
2026-03-30 14:41:38+00:00,0.9995
2026-03-30 14:42:41+00:00,0.9995
2026-03-30 14:43:40+00:00,0.9995
2026-03-30 14:44:41+00:00,0.9995
2026-03-30 14:45:44+00:00,0.9995
2026-03-30 14:46:44+00:00,0.9995
2026-03-30 14:47:44+00:00,0.9995
2026-03-30 14:48:45+00:00,0.9995
2026-03-30 14:49:39+00:00,0.9995
2026-03-30 14:50:50+00:00,0.9995
2026-03-30 14:51:52+00:00,0.9995
2026-03-30 14:52:47+00:00,0.9995
2026-03-30 14:53:44+00:00,0.9995
2026-03-30 14:54:43+00:00,0.9995
2026-03-30 14:55:45+00:00,0.9995
2026-03-30 14:56:44+00:00,0.9995
2026-03-30 14:57:44+00:00,0.9995
2026-03-30 14:58:43+00:00,0.9995
2026-03-30 14:59:42+00:00,0.9995
2026-03-30 15:00:53+00:00,0.9995
2026-03-30 15:01:52+00:00,0.9995
2026-03-30 15:02:49+00:00,0.9995
2026-03-30 15:03:41+00:00,0.9995
2026-03-30 15:04:45+00:00,0.9995
2026-03-30 15:05:56+00:00,0.9995
2026-03-30 15:06:45+00:00,0.9995
2026-03-30 15:07:43+00:00,0.9995
2026-03-30 15:08:43+00:00,0.9995
2026-03-30 15:09:39+00:00,0.9995
2026-03-30 15:10:48+00:00,0.9995
2026-03-30 15:11:38+00:00,0.9995
2026-03-30 15:12:39+00:00,0.9995
2026-03-30 15:13:44+00:00,0.9995
2026-03-30 15:14:39+00:00,0.9995
2026-03-30 15:15:39+00:00,0.9995
2026-03-30 15:16:49+00:00,0.9995
2026-03-30 15:17:50+00:00,0.9995
2026-03-30 15:18:42+00:00,0.9995
2026-03-30 15:19:40+00:00,0.9995
2026-03-30 15:21:03+00:00,0.9995
2026-03-30 15:22:04+00:00,0.9995
2026-03-30 15:22:57+00:00,0.9995
2026-03-30 15:23:52+00:00,0.9995
2026-03-30 15:24:46+00:00,0.9995
2026-03-30 15:25:48+00:00,0.9995
2026-03-30 15:26:45+00:00,0.9995
2026-03-30 15:27:55+00:00,0.9995
2026-03-30 15:28:42+00:00,0.9995
2026-03-30 15:29:39+00:00,0.9995
2026-03-30 15:30:44+00:00,0.9995
2026-03-30 15:31:43+00:00,0.9995
2026-03-30 15:32:54+00:00,0.9995
2026-03-30 15:33:48+00:00,0.9995
2026-03-30 15:34:38+00:00,0.9995
2026-03-30 15:35:40+00:00,0.9995
2026-03-30 15:36:41+00:00,0.9995
2026-03-30 15:37:41+00:00,0.9995
2026-03-30 15:38:41+00:00,0.9995
2026-03-30 15:39:45+00:00,0.9995
2026-03-30 15:40:46+00:00,0.9995
2026-03-30 15:41:44+00:00,0.9995
2026-03-30 15:42:39+00:00,0.9995
2026-03-30 15:43:42+00:00,0.9995
2026-03-30 15:44:38+00:00,0.9995
2026-03-30 15:45:48+00:00,0.9995
2026-03-30 15:46:52+00:00,0.9995
2026-03-30 15:47:50+00:00,0.9995
2026-03-30 15:48:40+00:00,0.9995
2026-03-30 15:49:41+00:00,0.9995
2026-03-30 15:50:43+00:00,0.9995
2026-03-30 15:51:38+00:00,0.9995
2026-03-30 15:52:45+00:00,0.9995
2026-03-30 15:53:38+00:00,0.9995
2026-03-30 15:54:45+00:00,0.9995
2026-03-30 15:55:47+00:00,0.9995
2026-03-30 15:56:40+00:00,0.9995
2026-03-30 15:57:44+00:00,0.9995
2026-03-30 15:58:43+00:00,0.9995
2026-03-30 15:59:39+00:00,0.9995
2026-03-30 16:00:48+00:00,0.9995
2026-03-30 16:01:45+00:00,0.9995
2026-03-30 16:02:44+00:00,0.9995
2026-03-30 16:03:43+00:00,0.9995
2026-03-30 16:04:42+00:00,0.9995
2026-03-30 16:05:55+00:00,0.9995
2026-03-30 16:06:49+00:00,0.9995
2026-03-30 16:07:45+00:00,0.9995
2026-03-30 16:08:41+00:00,0.9995
2026-03-30 16:09:46+00:00,0.9995
2026-03-30 16:10:45+00:00,0.9995
2026-03-30 16:11:44+00:00,0.9995
2026-03-30 16:13:00+00:00,0.9995
2026-03-30 16:13:59+00:00,0.9995
2026-03-30 16:14:48+00:00,0.9995
2026-03-30 16:15:44+00:00,0.9995
2026-03-30 16:16:42+00:00,0.9995
2026-03-30 16:17:44+00:00,0.9995
2026-03-30 16:18:42+00:00,0.9995
2026-03-30 16:19:42+00:00,0.9995
2026-03-30 16:20:45+00:00,0.9995
2026-03-30 16:21:45+00:00,0.9995
2026-03-30 16:22:43+00:00,0.9995
2026-03-30 16:23:44+00:00,0.9995
2026-03-30 16:24:39+00:00,0.9995
2026-03-30 16:25:48+00:00,0.9995
2026-03-30 16:26:40+00:00,0.9995
2026-03-30 16:27:45+00:00,0.9995
2026-03-30 16:28:40+00:00,0.9995
2026-03-30 16:29:44+00:00,0.9995
2026-03-30 16:30:55+00:00,0.9995
2026-03-30 16:31:53+00:00,0.9995
2026-03-30 16:32:49+00:00,0.9995
2026-03-30 16:33:45+00:00,0.9995
2026-03-30 16:34:40+00:00,0.9995
2026-03-30 16:35:41+00:00,0.9995
2026-03-30 16:36:42+00:00,0.9995
2026-03-30 16:37:39+00:00,0.9995
2026-03-30 16:38:49+00:00,0.9995
2026-03-30 16:39:48+00:00,0.9995
2026-03-30 16:40:51+00:00,0.9995
2026-03-30 16:41:46+00:00,0.9995
2026-03-30 16:42:47+00:00,0.9995
2026-03-30 16:43:46+00:00,0.9995
2026-03-30 16:44:46+00:00,0.9995
2026-03-30 16:45:48+00:00,0.9995
2026-03-30 16:46:48+00:00,0.9995
2026-03-30 16:47:40+00:00,0.9995
2026-03-30 16:48:46+00:00,0.9995
2026-03-30 16:49:40+00:00,0.9995
2026-03-30 16:50:47+00:00,0.9995
2026-03-30 16:51:48+00:00,0.9995
2026-03-30 16:52:47+00:00,0.9995
2026-03-30 16:53:47+00:00,0.9995
2026-03-30 16:54:40+00:00,0.9995
2026-03-30 16:55:43+00:00,0.9995
2026-03-30 16:56:47+00:00,0.9995
2026-03-30 16:57:56+00:00,0.9995
2026-03-30 16:58:50+00:00,0.9995
2026-03-30 16:59:41+00:00,0.9995
2026-03-30 17:01:02+00:00,0.9995
2026-03-30 17:02:07+00:00,0.9995
2026-03-30 17:03:02+00:00,0.9995
2026-03-30 17:03:58+00:00,0.9995
2026-03-30 17:04:57+00:00,0.9995
2026-03-30 17:06:04+00:00,0.9995
2026-03-30 17:06:55+00:00,0.9995
2026-03-30 17:07:46+00:00,0.9995
2026-03-30 17:08:59+00:00,0.9995
2026-03-30 17:09:51+00:00,0.9995
2026-03-30 17:10:53+00:00,0.9995
2026-03-30 17:11:43+00:00,0.9995
2026-03-30 17:12:46+00:00,0.9995
2026-03-30 17:13:45+00:00,0.9995
2026-03-30 17:14:42+00:00,0.9995
2026-03-30 17:15:48+00:00,0.9995
2026-03-30 17:16:43+00:00,0.9995
2026-03-30 17:18:00+00:00,0.9995
2026-03-30 17:18:54+00:00,0.9995
2026-03-30 17:19:47+00:00,0.9995
2026-03-30 17:20:49+00:00,0.9995
2026-03-30 17:21:40+00:00,0.9995
2026-03-30 17:22:46+00:00,0.9995
2026-03-30 17:23:40+00:00,0.9995
2026-03-30 17:24:44+00:00,0.9995
2026-03-30 17:25:46+00:00,0.9995
2026-03-30 17:26:47+00:00,0.9995
2026-03-30 17:27:43+00:00,0.9995
2026-03-30 17:28:41+00:00,0.9995
2026-03-30 17:29:45+00:00,0.9995
2026-03-30 17:30:57+00:00,0.9995
2026-03-30 17:32:02+00:00,0.9995
2026-03-30 17:32:51+00:00,0.9995
2026-03-30 17:33:40+00:00,0.9995
2026-03-30 17:34:45+00:00,0.9995
2026-03-30 17:35:46+00:00,0.9995
2026-03-30 17:36:43+00:00,0.9995
2026-03-30 17:37:42+00:00,0.9995
2026-03-30 17:38:49+00:00,0.9995
2026-03-30 17:39:55+00:00,0.9995
2026-03-30 17:40:51+00:00,0.9995
2026-03-30 17:41:48+00:00,0.9995
2026-03-30 17:42:43+00:00,0.9995
2026-03-30 17:43:40+00:00,0.9995
2026-03-30 17:44:49+00:00,0.9995
2026-03-30 17:45:47+00:00,0.9995
2026-03-30 17:46:47+00:00,0.9995
2026-03-30 17:47:40+00:00,0.9995
2026-03-30 17:48:41+00:00,0.9995
2026-03-30 17:49:46+00:00,0.9995
2026-03-30 17:50:42+00:00,0.9995
2026-03-30 17:51:39+00:00,0.9995
2026-03-30 17:52:39+00:00,0.9995
2026-03-30 17:53:44+00:00,0.9995
2026-03-30 17:54:41+00:00,0.9995
2026-03-30 17:55:41+00:00,0.9995
2026-03-30 17:56:49+00:00,0.9995
2026-03-30 17:57:53+00:00,0.9995
2026-03-30 17:58:45+00:00,0.9995
2026-03-30 17:59:40+00:00,0.9995
2026-03-30 18:00:57+00:00,0.9995
2026-03-30 18:01:50+00:00,0.9995
2026-03-30 18:02:46+00:00,0.9995
2026-03-30 18:03:46+00:00,0.9995
2026-03-30 18:04:46+00:00,0.9995
2026-03-30 18:05:49+00:00,0.9995
2026-03-30 18:06:50+00:00,0.9995
2026-03-30 18:07:46+00:00,0.9995
2026-03-30 18:08:46+00:00,0.9995
2026-03-30 18:09:40+00:00,0.9995
2026-03-30 18:10:43+00:00,0.9995
2026-03-30 18:11:48+00:00,0.9995
2026-03-30 18:12:41+00:00,0.9995
2026-03-30 18:13:54+00:00,0.9995
2026-03-30 18:14:58+00:00,0.9995
2026-03-30 18:15:57+00:00,0.9995
2026-03-30 18:16:53+00:00,0.9995
2026-03-30 18:17:45+00:00,0.9995
2026-03-30 18:18:41+00:00,0.9995
2026-03-30 18:19:55+00:00,0.9995
2026-03-30 18:20:47+00:00,0.9995
2026-03-30 18:21:39+00:00,0.9995
2026-03-30 18:22:39+00:00,0.9995
2026-03-30 18:23:47+00:00,0.9995
2026-03-30 18:24:58+00:00,0.9995
2026-03-30 18:26:00+00:00,0.9995
2026-03-30 18:26:52+00:00,0.9995
2026-03-30 18:27:42+00:00,0.9995
2026-03-30 18:28:41+00:00,0.9995
2026-03-30 18:29:42+00:00,0.9995
2026-03-30 18:30:49+00:00,0.9995
2026-03-30 18:31:53+00:00,0.9995
2026-03-30 18:32:46+00:00,0.9995
2026-03-30 18:33:57+00:00,0.9995
2026-03-30 18:34:48+00:00,0.9995
2026-03-30 18:35:49+00:00,0.9995
2026-03-30 18:36:44+00:00,0.9995
2026-03-30 18:37:50+00:00,0.9995
2026-03-30 18:38:44+00:00,0.9995
2026-03-30 18:39:53+00:00,0.9995
2026-03-30 18:41:03+00:00,0.9995
2026-03-30 18:41:53+00:00,0.9995
2026-03-30 18:42:41+00:00,0.9995
2026-03-30 18:43:47+00:00,0.9995
