timestamp,price
2026-04-04 06:01:54+00:00,0.79
2026-04-04 06:02:45+00:00,0.79
2026-04-04 06:03:43+00:00,0.79
2026-04-04 06:04:43+00:00,0.79
2026-04-04 06:05:44+00:00,0.79
2026-04-04 06:06:58+00:00,0.79
2026-04-04 06:07:50+00:00,0.79
2026-04-04 06:08:43+00:00,0.79
2026-04-04 06:09:54+00:00,0.79
2026-04-04 06:10:46+00:00,0.79
2026-04-04 06:11:43+00:00,0.79
2026-04-04 06:12:42+00:00,0.79
2026-04-04 06:13:42+00:00,0.79
2026-04-04 06:14:42+00:00,0.79
2026-04-04 06:16:04+00:00,0.79
2026-04-04 06:17:04+00:00,0.79
2026-04-04 06:17:56+00:00,0.79
2026-04-04 06:18:47+00:00,0.79
2026-04-04 06:19:44+00:00,0.79
2026-04-04 06:20:45+00:00,0.79
2026-04-04 06:21:43+00:00,0.79
2026-04-04 06:22:42+00:00,0.79
2026-04-04 06:23:43+00:00,0.79
2026-04-04 06:24:42+00:00,0.79
2026-04-04 06:25:43+00:00,0.79
2026-04-04 06:26:42+00:00,0.79
2026-04-04 06:27:42+00:00,0.79
2026-04-04 06:28:41+00:00,0.79
2026-04-04 06:29:42+00:00,0.79
2026-04-04 06:31:01+00:00,0.785
2026-04-04 06:31:52+00:00,0.785
2026-04-04 06:32:43+00:00,0.785
2026-04-04 06:33:41+00:00,0.785
2026-04-04 06:34:42+00:00,0.785
2026-04-04 06:35:49+00:00,0.785
2026-04-04 06:36:55+00:00,0.785
2026-04-04 06:37:47+00:00,0.785
2026-04-04 06:38:41+00:00,0.785
2026-04-04 06:39:43+00:00,0.785
2026-04-04 06:40:53+00:00,0.785
2026-04-04 06:41:53+00:00,0.785
2026-04-04 06:42:44+00:00,0.785
2026-04-04 06:43:42+00:00,0.785
2026-04-04 06:44:57+00:00,0.785
2026-04-04 06:45:51+00:00,0.785
2026-04-04 06:46:44+00:00,0.785
2026-04-04 06:47:43+00:00,0.785
2026-04-04 06:48:44+00:00,0.785
2026-04-04 06:49:44+00:00,0.785
2026-04-04 06:50:46+00:00,0.785
2026-04-04 06:51:44+00:00,0.785
2026-04-04 06:52:42+00:00,0.785
2026-04-04 06:53:42+00:00,0.785
2026-04-04 06:54:55+00:00,0.785
2026-04-04 06:55:48+00:00,0.785
2026-04-04 06:56:41+00:00,0.785
2026-04-04 06:57:42+00:00,0.785
2026-04-04 06:58:41+00:00,0.785
2026-04-04 06:59:42+00:00,0.785
2026-04-04 07:00:48+00:00,0.785
2026-04-04 07:01:45+00:00,0.785
2026-04-04 07:02:43+00:00,0.785
2026-04-04 07:03:43+00:00,0.785
2026-04-04 07:04:43+00:00,0.785
2026-04-04 07:05:45+00:00,0.785
2026-04-04 07:06:51+00:00,0.785
2026-04-04 07:07:51+00:00,0.785
2026-04-04 07:08:42+00:00,0.785
2026-04-04 07:09:43+00:00,0.785
2026-04-04 07:10:47+00:00,0.785
2026-04-04 07:11:42+00:00,0.785
2026-04-04 07:12:42+00:00,0.785
2026-04-04 07:13:42+00:00,0.785
2026-04-04 07:14:43+00:00,0.785
2026-04-04 07:15:44+00:00,0.785
2026-04-04 07:16:53+00:00,0.785
2026-04-04 07:17:44+00:00,0.785
2026-04-04 07:18:42+00:00,0.785
2026-04-04 07:19:42+00:00,0.785
2026-04-04 07:20:44+00:00,0.785
2026-04-04 07:21:41+00:00,0.785
2026-04-04 07:22:41+00:00,0.785
2026-04-04 07:23:42+00:00,0.785
2026-04-04 07:24:43+00:00,0.785
2026-04-04 07:26:00+00:00,0.785
2026-04-04 07:26:53+00:00,0.785
2026-04-04 07:27:45+00:00,0.785
2026-04-04 07:28:42+00:00,0.785
2026-04-04 07:29:43+00:00,0.785
2026-04-04 07:31:00+00:00,0.785
2026-04-04 07:31:50+00:00,0.785
2026-04-04 07:32:54+00:00,0.785
2026-04-04 07:33:49+00:00,0.785
2026-04-04 07:34:43+00:00,0.785
2026-04-04 07:35:46+00:00,0.785
2026-04-04 07:36:54+00:00,0.785
2026-04-04 07:37:49+00:00,0.785
2026-04-04 07:38:42+00:00,0.785
2026-04-04 07:39:42+00:00,0.785
2026-04-04 07:40:48+00:00,0.785
2026-04-04 07:41:44+00:00,0.785
2026-04-04 07:42:41+00:00,0.785
2026-04-04 07:43:48+00:00,0.785
2026-04-04 07:44:48+00:00,0.785
2026-04-04 07:45:47+00:00,0.785
2026-04-04 07:46:44+00:00,0.785
2026-04-04 07:47:42+00:00,0.785
2026-04-04 07:48:43+00:00,0.785
2026-04-04 07:49:42+00:00,0.785
2026-04-04 07:50:59+00:00,0.785
2026-04-04 07:51:50+00:00,0.785
2026-04-04 07:52:57+00:00,0.785
2026-04-04 07:53:48+00:00,0.785
2026-04-04 07:54:43+00:00,0.785
2026-04-04 07:55:43+00:00,0.785
2026-04-04 07:56:42+00:00,0.78
2026-04-04 07:57:43+00:00,0.78
2026-04-04 07:58:43+00:00,0.78
2026-04-04 07:59:43+00:00,0.78
2026-04-04 08:00:50+00:00,0.78
2026-04-04 08:01:46+00:00,0.78
2026-04-04 08:02:43+00:00,0.78
2026-04-04 08:03:42+00:00,0.78
2026-04-04 08:04:44+00:00,0.78
2026-04-04 08:05:46+00:00,0.78
2026-04-04 08:06:54+00:00,0.78
2026-04-04 08:07:46+00:00,0.78
2026-04-04 08:08:42+00:00,0.78
2026-04-04 08:09:50+00:00,0.78
2026-04-04 08:10:54+00:00,0.78
2026-04-04 08:11:47+00:00,0.78
2026-04-04 08:12:42+00:00,0.78
2026-04-04 08:13:55+00:00,0.78
2026-04-04 08:14:47+00:00,0.78
2026-04-04 08:15:44+00:00,0.78
2026-04-04 08:16:42+00:00,0.78
2026-04-04 08:17:43+00:00,0.78
2026-04-04 08:18:42+00:00,0.78
2026-04-04 08:19:43+00:00,0.78
2026-04-04 08:20:55+00:00,0.78
2026-04-04 08:21:46+00:00,0.78
2026-04-04 08:22:42+00:00,0.78
2026-04-04 08:23:42+00:00,0.78
2026-04-04 08:24:58+00:00,0.78
2026-04-04 08:25:54+00:00,0.78
2026-04-04 08:26:46+00:00,0.78
2026-04-04 08:27:44+00:00,0.78
2026-04-04 08:28:42+00:00,0.78
2026-04-04 08:29:43+00:00,0.78
2026-04-04 08:31:02+00:00,0.78
2026-04-04 08:32:02+00:00,0.78
2026-04-04 08:32:52+00:00,0.78
2026-04-04 08:33:44+00:00,0.78
2026-04-04 08:34:43+00:00,0.78
2026-04-04 08:35:57+00:00,0.78
2026-04-04 08:36:49+00:00,0.78
2026-04-04 08:37:42+00:00,0.78
2026-04-04 08:38:41+00:00,0.78
2026-04-04 08:39:43+00:00,0.78
2026-04-04 08:40:44+00:00,0.78
2026-04-04 08:41:43+00:00,0.78
2026-04-04 08:42:55+00:00,0.78
2026-04-04 08:43:46+00:00,0.78
2026-04-04 08:44:43+00:00,0.78
2026-04-04 08:45:44+00:00,0.78
2026-04-04 08:46:41+00:00,0.78
2026-04-04 08:47:42+00:00,0.78
2026-04-04 08:48:43+00:00,0.78
2026-04-04 08:49:42+00:00,0.78
2026-04-04 08:50:44+00:00,0.78
2026-04-04 08:51:41+00:00,0.78
2026-04-04 08:52:42+00:00,0.78
2026-04-04 08:53:42+00:00,0.78
2026-04-04 08:54:42+00:00,0.78
2026-04-04 08:55:44+00:00,0.78
2026-04-04 08:56:49+00:00,0.78
2026-04-04 08:57:51+00:00,0.78
2026-04-04 08:58:44+00:00,0.78
2026-04-04 08:59:42+00:00,0.78
2026-04-04 09:00:59+00:00,0.78
2026-04-04 09:01:51+00:00,0.78
2026-04-04 09:02:42+00:00,0.78
2026-04-04 09:03:43+00:00,0.78
2026-04-04 09:04:43+00:00,0.78
2026-04-04 09:05:58+00:00,0.78
2026-04-04 09:06:50+00:00,0.78
2026-04-04 09:07:42+00:00,0.78
2026-04-04 09:08:43+00:00,0.78
2026-04-04 09:09:43+00:00,0.78
2026-04-04 09:10:44+00:00,0.78
2026-04-04 09:11:42+00:00,0.78
2026-04-04 09:12:57+00:00,0.78
2026-04-04 09:13:49+00:00,0.78
2026-04-04 09:14:42+00:00,0.78
2026-04-04 09:15:57+00:00,0.78
2026-04-04 09:16:48+00:00,0.78
2026-04-04 09:17:45+00:00,0.78
2026-04-04 09:18:42+00:00,0.78
2026-04-04 09:19:43+00:00,0.78
2026-04-04 09:20:44+00:00,0.78
2026-04-04 09:21:56+00:00,0.78
2026-04-04 09:22:54+00:00,0.78
2026-04-04 09:23:53+00:00,0.78
2026-04-04 09:24:45+00:00,0.78
2026-04-04 09:26:00+00:00,0.78
2026-04-04 09:26:52+00:00,0.78
2026-04-04 09:27:51+00:00,0.78
2026-04-04 09:28:52+00:00,0.78
2026-04-04 09:29:44+00:00,0.78
2026-04-04 09:30:58+00:00,0.78
2026-04-04 09:31:51+00:00,0.78
2026-04-04 09:32:42+00:00,0.78
2026-04-04 09:33:41+00:00,0.78
2026-04-04 09:34:41+00:00,0.78
2026-04-04 09:35:43+00:00,0.78
2026-04-04 09:36:42+00:00,0.78
2026-04-04 09:37:42+00:00,0.78
2026-04-04 09:38:42+00:00,0.78
2026-04-04 09:39:43+00:00,0.78
2026-04-04 09:40:44+00:00,0.78
2026-04-04 09:41:42+00:00,0.78
2026-04-04 09:42:41+00:00,0.78
2026-04-04 09:43:53+00:00,0.78
2026-04-04 09:44:45+00:00,0.78
2026-04-04 09:45:47+00:00,0.78
2026-04-04 09:46:42+00:00,0.78
2026-04-04 09:47:57+00:00,0.78
2026-04-04 09:48:47+00:00,0.78
2026-04-04 09:49:43+00:00,0.78
2026-04-04 09:50:44+00:00,0.78
2026-04-04 09:51:42+00:00,0.78
2026-04-04 09:52:43+00:00,0.78
2026-04-04 09:53:49+00:00,0.78
2026-04-04 09:54:51+00:00,0.78
2026-04-04 09:55:48+00:00,0.78
2026-04-04 09:56:45+00:00,0.78
2026-04-04 09:57:41+00:00,0.78
2026-04-04 09:58:43+00:00,0.78
2026-04-04 09:59:41+00:00,0.78
2026-04-04 10:01:02+00:00,0.78
2026-04-04 10:01:53+00:00,0.78
2026-04-04 10:02:45+00:00,0.78
2026-04-04 10:03:43+00:00,0.78
2026-04-04 10:04:56+00:00,0.78
2026-04-04 10:05:49+00:00,0.78
2026-04-04 10:06:45+00:00,0.78
2026-04-04 10:07:43+00:00,0.78
2026-04-04 10:08:42+00:00,0.78
2026-04-04 10:09:43+00:00,0.78
2026-04-04 10:10:44+00:00,0.78
2026-04-04 10:11:42+00:00,0.78
2026-04-04 10:12:44+00:00,0.78
2026-04-04 10:13:42+00:00,0.78
2026-04-04 10:14:43+00:00,0.78
2026-04-04 10:15:45+00:00,0.78
2026-04-04 10:16:54+00:00,0.78
2026-04-04 10:17:45+00:00,0.78
2026-04-04 10:18:43+00:00,0.78
2026-04-04 10:19:42+00:00,0.78
2026-04-04 10:20:56+00:00,0.78
2026-04-04 10:21:47+00:00,0.78
2026-04-04 10:22:42+00:00,0.78
2026-04-04 10:23:42+00:00,0.78
2026-04-04 10:24:41+00:00,0.78
2026-04-04 10:25:45+00:00,0.78
2026-04-04 10:26:41+00:00,0.78
2026-04-04 10:27:42+00:00,0.78
2026-04-04 10:28:42+00:00,0.78
2026-04-04 10:29:42+00:00,0.78
2026-04-04 10:31:00+00:00,0.78
2026-04-04 10:31:54+00:00,0.78
2026-04-04 10:32:47+00:00,0.78
2026-04-04 10:33:41+00:00,0.78
2026-04-04 10:34:43+00:00,0.78
2026-04-04 10:35:44+00:00,0.78
2026-04-04 10:36:42+00:00,0.78
2026-04-04 10:37:55+00:00,0.78
2026-04-04 10:38:46+00:00,0.78
2026-04-04 10:39:42+00:00,0.78
2026-04-04 10:40:57+00:00,0.78
2026-04-04 10:41:57+00:00,0.78
2026-04-04 10:42:58+00:00,0.78
2026-04-04 10:43:47+00:00,0.78
2026-04-04 10:44:41+00:00,0.78
2026-04-04 10:45:45+00:00,0.78
2026-04-04 10:46:45+00:00,0.785
2026-04-04 10:47:44+00:00,0.785
2026-04-04 10:48:41+00:00,0.785
2026-04-04 10:49:41+00:00,0.785
2026-04-04 10:50:46+00:00,0.785
2026-04-04 10:51:45+00:00,0.785
2026-04-04 10:52:42+00:00,0.785
2026-04-04 10:53:42+00:00,0.785
2026-04-04 10:54:41+00:00,0.785
2026-04-04 10:55:43+00:00,0.785
2026-04-04 10:56:41+00:00,0.785
2026-04-04 10:57:58+00:00,0.785
2026-04-04 10:59:03+00:00,0.785
2026-04-04 10:59:53+00:00,0.785
2026-04-04 11:01:01+00:00,0.785
2026-04-04 11:01:51+00:00,0.785
2026-04-04 11:02:42+00:00,0.785
2026-04-04 11:03:42+00:00,0.785
2026-04-04 11:04:41+00:00,0.785
2026-04-04 11:05:59+00:00,0.785
2026-04-04 11:06:49+00:00,0.785
2026-04-04 11:07:42+00:00,0.785
2026-04-04 11:08:41+00:00,0.785
2026-04-04 11:09:41+00:00,0.785
2026-04-04 11:10:44+00:00,0.785
2026-04-04 11:11:41+00:00,0.785
2026-04-04 11:12:41+00:00,0.785
2026-04-04 11:13:42+00:00,0.785
2026-04-04 11:14:43+00:00,0.785
2026-04-04 11:15:44+00:00,0.785
2026-04-04 11:16:41+00:00,0.785
2026-04-04 11:17:42+00:00,0.785
2026-04-04 11:18:57+00:00,0.785
2026-04-04 11:19:48+00:00,0.785
2026-04-04 11:20:44+00:00,0.78
2026-04-04 11:21:42+00:00,0.78
2026-04-04 11:22:42+00:00,0.78
2026-04-04 11:23:41+00:00,0.78
2026-04-04 11:24:49+00:00,0.78
2026-04-04 11:25:53+00:00,0.78
2026-04-04 11:26:46+00:00,0.78
2026-04-04 11:27:42+00:00,0.78
2026-04-04 11:28:42+00:00,0.78
2026-04-04 11:29:42+00:00,0.78
2026-04-04 11:30:57+00:00,0.78
2026-04-04 11:31:50+00:00,0.78
2026-04-04 11:32:41+00:00,0.78
2026-04-04 11:33:41+00:00,0.78
2026-04-04 11:34:42+00:00,0.78
2026-04-04 11:35:42+00:00,0.78
2026-04-04 11:36:42+00:00,0.78
2026-04-04 11:37:41+00:00,0.78
2026-04-04 11:38:42+00:00,0.78
2026-04-04 11:39:41+00:00,0.78
2026-04-04 11:40:43+00:00,0.78
2026-04-04 11:41:41+00:00,0.78
2026-04-04 11:42:41+00:00,0.78
2026-04-04 11:43:49+00:00,0.78
2026-04-04 11:44:52+00:00,0.78
2026-04-04 11:45:46+00:00,0.78
2026-04-04 11:46:42+00:00,0.78
2026-04-04 11:47:42+00:00,0.78
2026-04-04 11:48:42+00:00,0.775
2026-04-04 11:49:42+00:00,0.775
2026-04-04 11:50:44+00:00,0.775
2026-04-04 11:51:41+00:00,0.775
2026-04-04 11:52:42+00:00,0.775
2026-04-04 11:53:42+00:00,0.775
2026-04-04 11:54:42+00:00,0.775
2026-04-04 11:55:43+00:00,0.775
2026-04-04 11:56:53+00:00,0.775
2026-04-04 11:57:45+00:00,0.775
2026-04-04 11:58:41+00:00,0.775
2026-04-04 11:59:42+00:00,0.775
2026-04-04 12:01:02+00:00,0.775
2026-04-04 12:01:53+00:00,0.775
2026-04-04 12:02:45+00:00,0.775
2026-04-04 12:03:43+00:00,0.775
2026-04-04 12:04:42+00:00,0.775
2026-04-04 12:05:45+00:00,0.775
2026-04-04 12:06:42+00:00,0.775
2026-04-04 12:07:41+00:00,0.775
2026-04-04 12:08:42+00:00,0.775
2026-04-04 12:09:49+00:00,0.775
2026-04-04 12:10:54+00:00,0.775
2026-04-04 12:11:46+00:00,0.775
2026-04-04 12:12:41+00:00,0.775
2026-04-04 12:13:42+00:00,0.775
2026-04-04 12:14:41+00:00,0.775
2026-04-04 12:15:43+00:00,0.775
2026-04-04 12:16:42+00:00,0.775
2026-04-04 12:17:45+00:00,0.775
2026-04-04 12:18:52+00:00,0.775
2026-04-04 12:19:44+00:00,0.775
2026-04-04 12:20:58+00:00,0.775
2026-04-04 12:21:49+00:00,0.775
2026-04-04 12:22:42+00:00,0.775
2026-04-04 12:23:40+00:00,0.775
2026-04-04 12:24:42+00:00,0.775
2026-04-04 12:25:43+00:00,0.775
2026-04-04 12:26:41+00:00,0.775
2026-04-04 12:27:42+00:00,0.775
2026-04-04 12:28:41+00:00,0.775
2026-04-04 12:29:42+00:00,0.775
2026-04-04 12:30:57+00:00,0.775
2026-04-04 12:31:49+00:00,0.775
2026-04-04 12:32:44+00:00,0.775
2026-04-04 12:33:43+00:00,0.775
2026-04-04 12:34:57+00:00,0.775
2026-04-04 12:35:52+00:00,0.775
2026-04-04 12:36:44+00:00,0.775
2026-04-04 12:37:42+00:00,0.775
2026-04-04 12:38:41+00:00,0.775
2026-04-04 12:39:56+00:00,0.775
2026-04-04 12:40:50+00:00,0.775
2026-04-04 12:41:42+00:00,0.775
2026-04-04 12:42:40+00:00,0.775
2026-04-04 12:43:42+00:00,0.775
2026-04-04 12:44:48+00:00,0.775
2026-04-04 12:45:45+00:00,0.775
2026-04-04 12:46:42+00:00,0.775
2026-04-04 12:47:56+00:00,0.775
2026-04-04 12:48:47+00:00,0.775
2026-04-04 12:49:42+00:00,0.775
2026-04-04 12:50:44+00:00,0.775
2026-04-04 12:51:54+00:00,0.775
2026-04-04 12:52:43+00:00,0.775
2026-04-04 12:53:42+00:00,0.775
2026-04-04 12:54:43+00:00,0.775
2026-04-04 12:55:43+00:00,0.775
2026-04-04 12:56:43+00:00,0.775
2026-04-04 12:57:58+00:00,0.775
2026-04-04 12:58:52+00:00,0.775
2026-04-04 12:59:45+00:00,0.775
2026-04-04 13:00:58+00:00,0.775
2026-04-04 13:01:50+00:00,0.775
2026-04-04 13:02:53+00:00,0.775
2026-04-04 13:03:45+00:00,0.775
2026-04-04 13:04:42+00:00,0.775
2026-04-04 13:05:45+00:00,0.775
2026-04-04 13:06:43+00:00,0.775
2026-04-04 13:07:43+00:00,0.775
2026-04-04 13:08:41+00:00,0.775
2026-04-04 13:10:07+00:00,0.775
2026-04-04 13:11:12+00:00,0.775
2026-04-04 13:12:05+00:00,0.775
2026-04-04 13:12:57+00:00,0.775
2026-04-04 13:13:49+00:00,0.775
2026-04-04 13:14:55+00:00,0.775
2026-04-04 13:15:53+00:00,0.775
2026-04-04 13:16:49+00:00,0.775
2026-04-04 13:17:44+00:00,0.775
2026-04-04 13:18:44+00:00,0.775
2026-04-04 13:19:44+00:00,0.775
2026-04-04 13:20:45+00:00,0.775
2026-04-04 13:21:41+00:00,0.775
2026-04-04 13:22:40+00:00,0.775
2026-04-04 13:23:42+00:00,0.775
2026-04-04 13:24:42+00:00,0.775
2026-04-04 13:25:57+00:00,0.775
2026-04-04 13:26:49+00:00,0.775
2026-04-04 13:27:42+00:00,0.775
2026-04-04 13:28:42+00:00,0.775
2026-04-04 13:29:42+00:00,0.775
2026-04-04 13:31:02+00:00,0.775
2026-04-04 13:31:53+00:00,0.775
2026-04-04 13:32:44+00:00,0.775
2026-04-04 13:33:41+00:00,0.775
2026-04-04 13:34:42+00:00,0.775
2026-04-04 13:35:49+00:00,0.775
2026-04-04 13:36:55+00:00,0.775
2026-04-04 13:37:46+00:00,0.775
2026-04-04 13:38:41+00:00,0.775
2026-04-04 13:39:43+00:00,0.775
2026-04-04 13:40:48+00:00,0.775
2026-04-04 13:41:44+00:00,0.775
2026-04-04 13:42:41+00:00,0.775
2026-04-04 13:43:43+00:00,0.775
2026-04-04 13:44:55+00:00,0.775
2026-04-04 13:45:48+00:00,0.775
2026-04-04 13:46:42+00:00,0.775
2026-04-04 13:47:44+00:00,0.775
2026-04-04 13:48:43+00:00,0.775
2026-04-04 13:49:43+00:00,0.775
2026-04-04 13:50:46+00:00,0.775
2026-04-04 13:51:43+00:00,0.775
2026-04-04 13:52:54+00:00,0.775
2026-04-04 13:53:44+00:00,0.775
2026-04-04 13:54:42+00:00,0.775
2026-04-04 13:55:44+00:00,0.775
2026-04-04 13:56:42+00:00,0.775
2026-04-04 13:57:42+00:00,0.775
2026-04-04 13:58:42+00:00,0.775
2026-04-04 13:59:49+00:00,0.775
2026-04-04 14:01:15+00:00,0.775
2026-04-04 14:02:07+00:00,0.775
2026-04-04 14:02:58+00:00,0.775
2026-04-04 14:03:49+00:00,0.775
2026-04-04 14:04:44+00:00,0.775
2026-04-04 14:05:46+00:00,0.775
2026-04-04 14:06:43+00:00,0.775
2026-04-04 14:07:42+00:00,0.775
2026-04-04 14:08:42+00:00,0.775
2026-04-04 14:09:45+00:00,0.775
2026-04-04 14:10:45+00:00,0.775
2026-04-04 14:11:42+00:00,0.775
2026-04-04 14:12:54+00:00,0.775
2026-04-04 14:13:45+00:00,0.775
2026-04-04 14:14:42+00:00,0.775
2026-04-04 14:15:45+00:00,0.775
2026-04-04 14:16:43+00:00,0.775
2026-04-04 14:17:42+00:00,0.775
2026-04-04 14:18:43+00:00,0.775
2026-04-04 14:19:43+00:00,0.775
2026-04-04 14:20:45+00:00,0.775
2026-04-04 14:21:55+00:00,0.775
2026-04-04 14:22:46+00:00,0.775
2026-04-04 14:23:42+00:00,0.775
2026-04-04 14:24:42+00:00,0.775
2026-04-04 14:26:03+00:00,0.775
2026-04-04 14:27:04+00:00,0.775
2026-04-04 14:27:56+00:00,0.775
2026-04-04 14:28:47+00:00,0.775
2026-04-04 14:29:43+00:00,0.775
2026-04-04 14:30:55+00:00,0.775
2026-04-04 14:31:50+00:00,0.775
2026-04-04 14:32:44+00:00,0.775
2026-04-04 14:33:42+00:00,0.775
2026-04-04 14:34:43+00:00,0.775
2026-04-04 14:35:53+00:00,0.775
2026-04-04 14:36:56+00:00,0.775
2026-04-04 14:37:48+00:00,0.775
2026-04-04 14:38:42+00:00,0.775
2026-04-04 14:39:42+00:00,0.775
2026-04-04 14:40:45+00:00,0.775
2026-04-04 14:41:43+00:00,0.775
2026-04-04 14:42:42+00:00,0.775
2026-04-04 14:43:42+00:00,0.775
2026-04-04 14:44:44+00:00,0.775
2026-04-04 14:45:44+00:00,0.775
2026-04-04 14:46:43+00:00,0.775
2026-04-04 14:47:58+00:00,0.775
2026-04-04 14:48:49+00:00,0.775
2026-04-04 14:49:42+00:00,0.775
2026-04-04 14:50:54+00:00,0.775
2026-04-04 14:51:46+00:00,0.775
2026-04-04 14:52:58+00:00,0.775
2026-04-04 14:53:50+00:00,0.775
2026-04-04 14:54:43+00:00,0.775
2026-04-04 14:55:44+00:00,0.775
2026-04-04 14:56:43+00:00,0.775
2026-04-04 14:57:42+00:00,0.775
2026-04-04 14:58:46+00:00,0.775
2026-04-04 14:59:43+00:00,0.775
2026-04-04 15:01:01+00:00,0.775
2026-04-04 15:02:00+00:00,0.775
2026-04-04 15:03:02+00:00,0.775
2026-04-04 15:03:55+00:00,0.775
2026-04-04 15:04:49+00:00,0.775
2026-04-04 15:05:47+00:00,0.775
2026-04-04 15:06:43+00:00,0.775
2026-04-04 15:07:43+00:00,0.775
2026-04-04 15:08:43+00:00,0.775
2026-04-04 15:09:43+00:00,0.775
2026-04-04 15:10:59+00:00,0.775
2026-04-04 15:11:49+00:00,0.775
2026-04-04 15:12:41+00:00,0.775
2026-04-04 15:13:50+00:00,0.775
2026-04-04 15:14:50+00:00,0.775
2026-04-04 15:16:00+00:00,0.775
2026-04-04 15:16:51+00:00,0.775
2026-04-04 15:17:43+00:00,0.775
2026-04-04 15:18:42+00:00,0.775
2026-04-04 15:19:54+00:00,0.775
2026-04-04 15:20:50+00:00,0.775
2026-04-04 15:21:44+00:00,0.775
2026-04-04 15:22:44+00:00,0.775
2026-04-04 15:23:58+00:00,0.775
2026-04-04 15:24:52+00:00,0.775
2026-04-04 15:25:44+00:00,0.775
2026-04-04 15:26:42+00:00,0.775
2026-04-04 15:27:43+00:00,0.775
2026-04-04 15:28:55+00:00,0.775
2026-04-04 15:29:46+00:00,0.775
2026-04-04 15:30:58+00:00,0.775
2026-04-04 15:31:51+00:00,0.775
2026-04-04 15:32:43+00:00,0.775
2026-04-04 15:33:42+00:00,0.775
2026-04-04 15:34:43+00:00,0.775
2026-04-04 15:35:45+00:00,0.775
2026-04-04 15:36:41+00:00,0.775
2026-04-04 15:37:43+00:00,0.775
2026-04-04 15:38:54+00:00,0.775
2026-04-04 15:39:53+00:00,0.775
2026-04-04 15:41:00+00:00,0.775
2026-04-04 15:41:51+00:00,0.775
2026-04-04 15:42:44+00:00,0.775
2026-04-04 15:43:40+00:00,0.775
2026-04-04 15:44:44+00:00,0.775
2026-04-04 15:45:45+00:00,0.775
2026-04-04 15:46:42+00:00,0.775
2026-04-04 15:47:42+00:00,0.775
2026-04-04 15:48:44+00:00,0.775
2026-04-04 15:49:43+00:00,0.775
2026-04-04 15:50:56+00:00,0.775
2026-04-04 15:51:47+00:00,0.775
2026-04-04 15:52:42+00:00,0.775
2026-04-04 15:53:41+00:00,0.775
2026-04-04 15:54:43+00:00,0.775
2026-04-04 15:55:53+00:00,0.775
2026-04-04 15:56:56+00:00,0.775
2026-04-04 15:57:48+00:00,0.775
2026-04-04 15:58:43+00:00,0.775
2026-04-04 15:59:43+00:00,0.775
2026-04-04 16:00:58+00:00,0.775
2026-04-04 16:01:50+00:00,0.775
2026-04-04 16:02:53+00:00,0.775
2026-04-04 16:03:45+00:00,0.775
2026-04-04 16:04:43+00:00,0.775
2026-04-04 16:05:44+00:00,0.775
2026-04-04 16:06:44+00:00,0.775
2026-04-04 16:07:43+00:00,0.775
2026-04-04 16:08:42+00:00,0.775
2026-04-04 16:09:41+00:00,0.775
2026-04-04 16:10:44+00:00,0.775
2026-04-04 16:11:42+00:00,0.775
2026-04-04 16:12:42+00:00,0.775
2026-04-04 16:13:42+00:00,0.775
2026-04-04 16:14:42+00:00,0.775
2026-04-04 16:15:44+00:00,0.775
2026-04-04 16:16:42+00:00,0.775
2026-04-04 16:17:43+00:00,0.775
2026-04-04 16:18:42+00:00,0.775
2026-04-04 16:19:41+00:00,0.775
2026-04-04 16:20:44+00:00,0.775
2026-04-04 16:21:49+00:00,0.775
2026-04-04 16:22:49+00:00,0.775
2026-04-04 16:23:42+00:00,0.775
2026-04-04 16:24:43+00:00,0.775
2026-04-04 16:25:49+00:00,0.775
2026-04-04 16:26:55+00:00,0.775
2026-04-04 16:27:55+00:00,0.775
2026-04-04 16:28:52+00:00,0.775
2026-04-04 16:29:46+00:00,0.775
2026-04-04 16:31:02+00:00,0.775
2026-04-04 16:31:55+00:00,0.775
2026-04-04 16:32:47+00:00,0.775
2026-04-04 16:33:43+00:00,0.775
2026-04-04 16:34:49+00:00,0.775
2026-04-04 16:35:52+00:00,0.775
2026-04-04 16:36:49+00:00,0.775
2026-04-04 16:37:44+00:00,0.775
2026-04-04 16:38:44+00:00,0.775
2026-04-04 16:39:49+00:00,0.775
2026-04-04 16:40:48+00:00,0.775
2026-04-04 16:41:48+00:00,0.775
2026-04-04 16:42:44+00:00,0.775
2026-04-04 16:43:57+00:00,0.775
2026-04-04 16:44:50+00:00,0.775
2026-04-04 16:45:47+00:00,0.775
2026-04-04 16:46:44+00:00,0.775
2026-04-04 16:47:51+00:00,0.775
2026-04-04 16:49:02+00:00,0.775
2026-04-04 16:49:55+00:00,0.775
2026-04-04 16:51:00+00:00,0.775
2026-04-04 16:51:54+00:00,0.775
2026-04-04 16:52:45+00:00,0.775
2026-04-04 16:53:57+00:00,0.775
2026-04-04 16:54:48+00:00,0.775
2026-04-04 16:55:44+00:00,0.775
2026-04-04 16:56:41+00:00,0.775
2026-04-04 16:57:43+00:00,0.775
2026-04-04 16:58:41+00:00,0.775
2026-04-04 16:59:58+00:00,0.775
2026-04-04 17:01:05+00:00,0.775
2026-04-04 17:02:04+00:00,0.775
2026-04-04 17:03:02+00:00,0.775
2026-04-04 17:03:52+00:00,0.775
2026-04-04 17:04:43+00:00,0.775
2026-04-04 17:05:47+00:00,0.775
2026-04-04 17:06:42+00:00,0.775
2026-04-04 17:07:42+00:00,0.775
2026-04-04 17:08:43+00:00,0.775
2026-04-04 17:09:53+00:00,0.775
2026-04-04 17:10:47+00:00,0.775
2026-04-04 17:11:42+00:00,0.775
2026-04-04 17:12:42+00:00,0.775
2026-04-04 17:13:42+00:00,0.775
2026-04-04 17:14:42+00:00,0.775
2026-04-04 17:15:45+00:00,0.775
2026-04-04 17:16:41+00:00,0.775
2026-04-04 17:17:42+00:00,0.775
2026-04-04 17:18:42+00:00,0.775
2026-04-04 17:19:42+00:00,0.775
2026-04-04 17:20:46+00:00,0.775
2026-04-04 17:21:42+00:00,0.775
2026-04-04 17:22:43+00:00,0.775
2026-04-04 17:23:42+00:00,0.775
2026-04-04 17:24:46+00:00,0.775
2026-04-04 17:25:45+00:00,0.775
2026-04-04 17:26:42+00:00,0.775
2026-04-04 17:28:02+00:00,0.775
2026-04-04 17:29:04+00:00,0.775
2026-04-04 17:29:56+00:00,0.775
2026-04-04 17:31:04+00:00,0.775
2026-04-04 17:31:55+00:00,0.775
2026-04-04 17:32:46+00:00,0.775
2026-04-04 17:33:42+00:00,0.775
2026-04-04 17:34:43+00:00,0.775
2026-04-04 17:35:44+00:00,0.775
2026-04-04 17:36:42+00:00,0.775
2026-04-04 17:37:42+00:00,0.775
2026-04-04 17:38:42+00:00,0.775
2026-04-04 17:39:53+00:00,0.775
2026-04-04 17:40:44+00:00,0.775
2026-04-04 17:41:42+00:00,0.775
2026-04-04 17:42:43+00:00,0.775
2026-04-04 17:43:49+00:00,0.775
2026-04-04 17:44:50+00:00,0.775
2026-04-04 17:45:46+00:00,0.775
2026-04-04 17:46:43+00:00,0.775
2026-04-04 17:47:42+00:00,0.775
2026-04-04 17:48:58+00:00,0.775
2026-04-04 17:49:53+00:00,0.775
2026-04-04 17:50:49+00:00,0.775
2026-04-04 17:51:55+00:00,0.775
2026-04-04 17:52:46+00:00,0.775
2026-04-04 17:53:54+00:00,0.775
2026-04-04 17:54:47+00:00,0.775
2026-04-04 17:55:42+00:00,0.775
2026-04-04 17:56:53+00:00,0.775
2026-04-04 17:57:43+00:00,0.775
2026-04-04 17:58:42+00:00,0.775
2026-04-04 17:59:43+00:00,0.775
2026-04-04 18:01:00+00:00,0.775
2026-04-04 18:01:49+00:00,0.775
2026-04-04 18:02:41+00:00,0.775
2026-04-04 18:03:42+00:00,0.775
2026-04-04 18:04:42+00:00,0.775
2026-04-04 18:05:43+00:00,0.775
2026-04-04 18:06:42+00:00,0.775
2026-04-04 18:07:41+00:00,0.775
2026-04-04 18:09:00+00:00,0.775
2026-04-04 18:10:05+00:00,0.775
2026-04-04 18:11:03+00:00,0.775
2026-04-04 18:11:54+00:00,0.775
2026-04-04 18:12:47+00:00,0.775
2026-04-04 18:13:42+00:00,0.775
2026-04-04 18:14:42+00:00,0.775
2026-04-04 18:15:56+00:00,0.775
2026-04-04 18:16:48+00:00,0.775
2026-04-04 18:17:43+00:00,0.775
2026-04-04 18:18:41+00:00,0.775
2026-04-04 18:19:41+00:00,0.775
2026-04-04 18:20:46+00:00,0.775
2026-04-04 18:21:42+00:00,0.775
2026-04-04 18:22:42+00:00,0.775
2026-04-04 18:23:42+00:00,0.775
2026-04-04 18:24:41+00:00,0.775
2026-04-04 18:25:43+00:00,0.775
2026-04-04 18:26:56+00:00,0.775
2026-04-04 18:27:46+00:00,0.775
2026-04-04 18:28:41+00:00,0.775
2026-04-04 18:29:41+00:00,0.775
2026-04-04 18:31:02+00:00,0.775
2026-04-04 18:31:54+00:00,0.775
2026-04-04 18:32:44+00:00,0.775
2026-04-04 18:33:43+00:00,0.775
2026-04-04 18:34:43+00:00,0.775
2026-04-04 18:35:52+00:00,0.775
2026-04-04 18:36:55+00:00,0.775
2026-04-04 18:37:44+00:00,0.775
2026-04-04 18:38:49+00:00,0.775
2026-04-04 18:39:50+00:00,0.775
2026-04-04 18:40:45+00:00,0.775
2026-04-04 18:41:40+00:00,0.775
2026-04-04 18:42:55+00:00,0.775
2026-04-04 18:43:46+00:00,0.775
2026-04-04 18:44:57+00:00,0.775
2026-04-04 18:45:48+00:00,0.775
2026-04-04 18:46:41+00:00,0.775
2026-04-04 18:47:40+00:00,0.775
2026-04-04 18:48:52+00:00,0.775
2026-04-04 18:49:43+00:00,0.775
2026-04-04 18:50:43+00:00,0.775
2026-04-04 18:51:40+00:00,0.775
2026-04-04 18:52:41+00:00,0.775
2026-04-04 18:53:41+00:00,0.775
2026-04-04 18:54:42+00:00,0.775
2026-04-04 18:55:41+00:00,0.775
2026-04-04 18:56:42+00:00,0.775
2026-04-04 18:57:41+00:00,0.775
2026-04-04 18:58:41+00:00,0.775
2026-04-04 18:59:57+00:00,0.775
2026-04-04 19:01:03+00:00,0.775
2026-04-04 19:01:55+00:00,0.775
2026-04-04 19:02:46+00:00,0.775
2026-04-04 19:03:52+00:00,0.775
2026-04-04 19:04:53+00:00,0.775
2026-04-04 19:05:58+00:00,0.775
2026-04-04 19:06:49+00:00,0.775
2026-04-04 19:07:42+00:00,0.775
2026-04-04 19:08:41+00:00,0.775
2026-04-04 19:09:41+00:00,0.775
2026-04-04 19:10:42+00:00,0.775
2026-04-04 19:11:42+00:00,0.775
2026-04-04 19:12:42+00:00,0.775
2026-04-04 19:13:56+00:00,0.775
2026-04-04 19:14:47+00:00,0.775
2026-04-04 19:15:56+00:00,0.775
2026-04-04 19:16:47+00:00,0.775
2026-04-04 19:17:53+00:00,0.775
2026-04-04 19:18:51+00:00,0.775
2026-04-04 19:19:41+00:00,0.775
2026-04-04 19:20:52+00:00,0.775
2026-04-04 19:21:45+00:00,0.775
2026-04-04 19:22:41+00:00,0.775
2026-04-04 19:23:51+00:00,0.775
2026-04-04 19:24:50+00:00,0.775
2026-04-04 19:25:50+00:00,0.775
2026-04-04 19:26:50+00:00,0.775
2026-04-04 19:27:42+00:00,0.775
2026-04-04 19:28:40+00:00,0.775
2026-04-04 19:29:42+00:00,0.775
2026-04-04 19:31:11+00:00,0.775
2026-04-04 19:32:25+00:00,0.775
2026-04-04 19:33:14+00:00,0.775
2026-04-04 19:34:05+00:00,0.775
2026-04-04 19:35:11+00:00,0.775
2026-04-04 19:36:11+00:00,0.775
2026-04-04 19:37:01+00:00,0.775
2026-04-04 19:37:52+00:00,0.775
2026-04-04 19:38:42+00:00,0.775
2026-04-04 19:39:41+00:00,0.775
2026-04-04 19:40:44+00:00,0.775
2026-04-04 19:41:41+00:00,0.775
2026-04-04 19:42:41+00:00,0.775
2026-04-04 19:43:41+00:00,0.775
2026-04-04 19:44:40+00:00,0.775
2026-04-04 19:45:43+00:00,0.775
2026-04-04 19:46:41+00:00,0.775
2026-04-04 19:47:41+00:00,0.775
2026-04-04 19:48:41+00:00,0.775
2026-04-04 19:49:53+00:00,0.775
2026-04-04 19:50:48+00:00,0.775
2026-04-04 19:51:44+00:00,0.775
2026-04-04 19:52:42+00:00,0.775
2026-04-04 19:53:41+00:00,0.775
2026-04-04 19:54:53+00:00,0.775
2026-04-04 19:55:46+00:00,0.775
2026-04-04 19:56:42+00:00,0.775
2026-04-04 19:57:41+00:00,0.775
2026-04-04 19:58:42+00:00,0.775
2026-04-04 19:59:41+00:00,0.775
2026-04-04 20:01:10+00:00,0.775
2026-04-04 20:02:23+00:00,0.775
2026-04-04 20:03:14+00:00,0.775
2026-04-04 20:04:04+00:00,0.775
2026-04-04 20:04:55+00:00,0.775
2026-04-04 20:05:47+00:00,0.775
2026-04-04 20:06:52+00:00,0.775
2026-04-04 20:07:42+00:00,0.775
2026-04-04 20:08:41+00:00,0.775
2026-04-04 20:09:42+00:00,0.775
2026-04-04 20:10:43+00:00,0.775
2026-04-04 20:11:41+00:00,0.775
2026-04-04 20:12:41+00:00,0.775
2026-04-04 20:13:41+00:00,0.775
2026-04-04 20:14:42+00:00,0.775
2026-04-04 20:15:43+00:00,0.775
2026-04-04 20:16:41+00:00,0.775
2026-04-04 20:17:41+00:00,0.775
2026-04-04 20:18:57+00:00,0.775
2026-04-04 20:19:47+00:00,0.775
2026-04-04 20:20:42+00:00,0.775
2026-04-04 20:21:40+00:00,0.775
2026-04-04 20:22:41+00:00,0.775
2026-04-04 20:23:41+00:00,0.775
2026-04-04 20:24:42+00:00,0.775
2026-04-04 20:25:44+00:00,0.775
2026-04-04 20:27:03+00:00,0.775
2026-04-04 20:28:09+00:00,0.775
2026-04-04 20:29:00+00:00,0.775
2026-04-04 20:29:52+00:00,0.775
2026-04-04 20:31:03+00:00,0.775
2026-04-04 20:31:54+00:00,0.775
2026-04-04 20:32:45+00:00,0.775
2026-04-04 20:33:42+00:00,0.775
2026-04-04 20:34:43+00:00,0.775
2026-04-04 20:35:45+00:00,0.775
2026-04-04 20:36:43+00:00,0.775
2026-04-04 20:37:42+00:00,0.775
2026-04-04 20:38:42+00:00,0.775
2026-04-04 20:39:42+00:00,0.775
2026-04-04 20:40:44+00:00,0.775
2026-04-04 20:41:41+00:00,0.775
2026-04-04 20:42:41+00:00,0.775
2026-04-04 20:43:55+00:00,0.775
2026-04-04 20:44:45+00:00,0.775
2026-04-04 20:45:55+00:00,0.775
2026-04-04 20:46:48+00:00,0.775
2026-04-04 20:47:42+00:00,0.775
2026-04-04 20:48:47+00:00,0.775
2026-04-04 20:49:41+00:00,0.775
2026-04-04 20:50:41+00:00,0.775
2026-04-04 20:51:56+00:00,0.775
2026-04-04 20:52:52+00:00,0.775
2026-04-04 20:53:51+00:00,0.775
2026-04-04 20:54:41+00:00,0.775
2026-04-04 20:55:45+00:00,0.775
2026-04-04 20:56:40+00:00,0.775
2026-04-04 20:57:41+00:00,0.775
2026-04-04 20:58:42+00:00,0.775
2026-04-04 20:59:41+00:00,0.775
2026-04-04 21:01:01+00:00,0.775
2026-04-04 21:01:52+00:00,0.775
2026-04-04 21:02:41+00:00,0.775
2026-04-04 21:03:42+00:00,0.775
2026-04-04 21:04:42+00:00,0.775
2026-04-04 21:05:54+00:00,0.775
2026-04-04 21:06:45+00:00,0.775
2026-04-04 21:07:55+00:00,0.775
2026-04-04 21:08:45+00:00,0.775
2026-04-04 21:09:42+00:00,0.775
2026-04-04 21:10:44+00:00,0.775
2026-04-04 21:11:41+00:00,0.775
2026-04-04 21:12:42+00:00,0.775
2026-04-04 21:13:41+00:00,0.775
2026-04-04 21:14:40+00:00,0.775
2026-04-04 21:15:43+00:00,0.775
2026-04-04 21:16:40+00:00,0.775
2026-04-04 21:17:41+00:00,0.775
2026-04-04 21:18:48+00:00,0.775
2026-04-04 21:19:48+00:00,0.775
2026-04-04 21:20:46+00:00,0.775
2026-04-04 21:21:41+00:00,0.775
2026-04-04 21:22:41+00:00,0.775
2026-04-04 21:23:41+00:00,0.775
2026-04-04 21:24:42+00:00,0.775
2026-04-04 21:25:42+00:00,0.775
2026-04-04 21:26:42+00:00,0.775
2026-04-04 21:27:43+00:00,0.775
2026-04-04 21:28:42+00:00,0.775
2026-04-04 21:29:41+00:00,0.775
2026-04-04 21:30:58+00:00,0.775
2026-04-04 21:31:49+00:00,0.775
2026-04-04 21:32:42+00:00,0.775
2026-04-04 21:33:40+00:00,0.775
2026-04-04 21:34:42+00:00,0.775
2026-04-04 21:35:44+00:00,0.775
2026-04-04 21:36:42+00:00,0.775
2026-04-04 21:37:43+00:00,0.775
2026-04-04 21:38:40+00:00,0.775
2026-04-04 21:39:42+00:00,0.775
2026-04-04 21:40:42+00:00,0.775
2026-04-04 21:41:41+00:00,0.775
2026-04-04 21:42:41+00:00,0.775
2026-04-04 21:43:41+00:00,0.775
2026-04-04 21:44:57+00:00,0.775
2026-04-04 21:46:15+00:00,0.775
2026-04-04 21:47:05+00:00,0.775
2026-04-04 21:47:56+00:00,0.775
2026-04-04 21:48:45+00:00,0.775
2026-04-04 21:49:42+00:00,0.775
2026-04-04 21:50:46+00:00,0.775
2026-04-04 21:51:41+00:00,0.775
2026-04-04 21:52:40+00:00,0.775
2026-04-04 21:53:41+00:00,0.775
2026-04-04 21:54:42+00:00,0.775
2026-04-04 21:55:58+00:00,0.775
2026-04-04 21:56:49+00:00,0.775
2026-04-04 21:57:42+00:00,0.775
2026-04-04 21:58:42+00:00,0.775
2026-04-04 21:59:43+00:00,0.775
2026-04-04 22:01:02+00:00,0.775
2026-04-04 22:01:54+00:00,0.775
2026-04-04 22:02:46+00:00,0.775
2026-04-04 22:03:42+00:00,0.775
2026-04-04 22:04:42+00:00,0.775
2026-04-04 22:05:43+00:00,0.775
2026-04-04 22:06:46+00:00,0.775
2026-04-04 22:07:49+00:00,0.775
2026-04-04 22:08:42+00:00,0.775
2026-04-04 22:09:41+00:00,0.775
2026-04-04 22:10:49+00:00,0.775
2026-04-04 22:11:45+00:00,0.775
2026-04-04 22:12:41+00:00,0.775
2026-04-04 22:13:53+00:00,0.775
2026-04-04 22:14:42+00:00,0.775
2026-04-04 22:15:43+00:00,0.775
2026-04-04 22:16:43+00:00,0.775
2026-04-04 22:17:41+00:00,0.775
2026-04-04 22:18:56+00:00,0.775
2026-04-04 22:19:47+00:00,0.775
2026-04-04 22:20:54+00:00,0.775
2026-04-04 22:21:47+00:00,0.775
2026-04-04 22:22:41+00:00,0.775
2026-04-04 22:23:41+00:00,0.775
2026-04-04 22:24:42+00:00,0.775
2026-04-04 22:25:44+00:00,0.775
2026-04-04 22:26:53+00:00,0.775
2026-04-04 22:27:44+00:00,0.775
2026-04-04 22:28:42+00:00,0.775
2026-04-04 22:29:42+00:00,0.775
2026-04-04 22:30:59+00:00,0.775
2026-04-04 22:31:50+00:00,0.775
2026-04-04 22:32:46+00:00,0.775
2026-04-04 22:33:49+00:00,0.775
2026-04-04 22:34:42+00:00,0.775
2026-04-04 22:36:00+00:00,0.775
2026-04-04 22:36:51+00:00,0.775
2026-04-04 22:37:49+00:00,0.775
2026-04-04 22:38:50+00:00,0.775
2026-04-04 22:39:42+00:00,0.775
2026-04-04 22:41:01+00:00,0.775
2026-04-04 22:41:57+00:00,0.775
2026-04-04 22:42:48+00:00,0.775
2026-04-04 22:43:41+00:00,0.775
2026-04-04 22:44:42+00:00,0.775
2026-04-04 22:45:59+00:00,0.775
2026-04-04 22:46:49+00:00,0.775
2026-04-04 22:47:42+00:00,0.775
2026-04-04 22:48:41+00:00,0.775
2026-04-04 22:49:42+00:00,0.775
2026-04-04 22:50:45+00:00,0.775
2026-04-04 22:51:45+00:00,0.775
2026-04-04 22:52:41+00:00,0.775
2026-04-04 22:53:41+00:00,0.775
2026-04-04 22:54:42+00:00,0.775
2026-04-04 22:55:43+00:00,0.775
2026-04-04 22:56:43+00:00,0.775
2026-04-04 22:57:53+00:00,0.775
2026-04-04 22:58:44+00:00,0.775
2026-04-04 22:59:42+00:00,0.775
2026-04-04 23:01:04+00:00,0.775
2026-04-04 23:01:56+00:00,0.775
2026-04-04 23:02:47+00:00,0.775
2026-04-04 23:03:49+00:00,0.775
2026-04-04 23:04:50+00:00,0.775
2026-04-04 23:05:49+00:00,0.775
2026-04-04 23:06:45+00:00,0.775
2026-04-04 23:07:53+00:00,0.775
2026-04-04 23:08:45+00:00,0.775
2026-04-04 23:09:42+00:00,0.775
2026-04-04 23:10:59+00:00,0.775
2026-04-04 23:11:49+00:00,0.775
2026-04-04 23:12:43+00:00,0.775
2026-04-04 23:13:41+00:00,0.775
2026-04-04 23:14:42+00:00,0.775
2026-04-04 23:15:43+00:00,0.775
2026-04-04 23:16:44+00:00,0.775
2026-04-04 23:17:42+00:00,0.775
2026-04-04 23:18:42+00:00,0.775
2026-04-04 23:19:41+00:00,0.775
2026-04-04 23:20:43+00:00,0.775
2026-04-04 23:21:42+00:00,0.775
2026-04-04 23:22:42+00:00,0.775
2026-04-04 23:23:41+00:00,0.775
2026-04-04 23:24:42+00:00,0.775
2026-04-04 23:25:44+00:00,0.775
2026-04-04 23:26:42+00:00,0.775
2026-04-04 23:27:41+00:00,0.775
2026-04-04 23:28:55+00:00,0.775
2026-04-04 23:29:53+00:00,0.775
2026-04-04 23:31:09+00:00,0.775
2026-04-04 23:31:59+00:00,0.775
2026-04-04 23:32:48+00:00,0.775
2026-04-04 23:33:42+00:00,0.775
2026-04-04 23:34:54+00:00,0.775
2026-04-04 23:35:49+00:00,0.775
2026-04-04 23:36:43+00:00,0.775
2026-04-04 23:37:42+00:00,0.775
2026-04-04 23:38:42+00:00,0.775
2026-04-04 23:39:54+00:00,0.775
2026-04-04 23:40:46+00:00,0.775
2026-04-04 23:41:42+00:00,0.775
2026-04-04 23:42:55+00:00,0.775
2026-04-04 23:43:47+00:00,0.775
2026-04-04 23:44:55+00:00,0.775
2026-04-04 23:45:49+00:00,0.775
2026-04-04 23:46:42+00:00,0.775
2026-04-04 23:47:42+00:00,0.775
2026-04-04 23:48:42+00:00,0.775
2026-04-04 23:49:42+00:00,0.775
2026-04-04 23:50:44+00:00,0.775
2026-04-04 23:51:41+00:00,0.775
2026-04-04 23:52:41+00:00,0.775
2026-04-04 23:53:43+00:00,0.775
2026-04-04 23:54:41+00:00,0.775
2026-04-04 23:55:51+00:00,0.775
2026-04-04 23:56:53+00:00,0.775
2026-04-04 23:57:45+00:00,0.775
2026-04-04 23:58:55+00:00,0.775
2026-04-04 23:59:53+00:00,0.775
2026-04-05 00:01:10+00:00,0.775
2026-04-05 00:01:58+00:00,0.775
2026-04-05 00:02:47+00:00,0.775
2026-04-05 00:03:41+00:00,0.775
2026-04-05 00:04:41+00:00,0.775
2026-04-05 00:05:42+00:00,0.775
2026-04-05 00:06:41+00:00,0.775
2026-04-05 00:07:40+00:00,0.775
2026-04-05 00:08:41+00:00,0.775
2026-04-05 00:09:41+00:00,0.775
2026-04-05 00:10:44+00:00,0.775
2026-04-05 00:11:42+00:00,0.775
2026-04-05 00:12:40+00:00,0.775
2026-04-05 00:13:41+00:00,0.775
2026-04-05 00:14:43+00:00,0.775
2026-04-05 00:15:44+00:00,0.775
2026-04-05 00:16:40+00:00,0.775
2026-04-05 00:17:41+00:00,0.775
2026-04-05 00:18:41+00:00,0.775
2026-04-05 00:19:44+00:00,0.775
2026-04-05 00:20:44+00:00,0.775
2026-04-05 00:21:41+00:00,0.775
2026-04-05 00:22:41+00:00,0.775
2026-04-05 00:23:41+00:00,0.775
2026-04-05 00:24:42+00:00,0.775
2026-04-05 00:25:42+00:00,0.775
2026-04-05 00:26:41+00:00,0.775
2026-04-05 00:27:41+00:00,0.775
2026-04-05 00:28:57+00:00,0.775
2026-04-05 00:29:48+00:00,0.775
2026-04-05 00:31:00+00:00,0.775
2026-04-05 00:31:50+00:00,0.775
2026-04-05 00:32:42+00:00,0.775
2026-04-05 00:33:41+00:00,0.775
2026-04-05 00:34:40+00:00,0.775
2026-04-05 00:35:41+00:00,0.775
2026-04-05 00:36:40+00:00,0.775
2026-04-05 00:37:41+00:00,0.775
2026-04-05 00:38:41+00:00,0.775
2026-04-05 00:39:40+00:00,0.775
2026-04-05 00:40:54+00:00,0.775
2026-04-05 00:41:45+00:00,0.775
2026-04-05 00:42:41+00:00,0.775
2026-04-05 00:43:40+00:00,0.775
2026-04-05 00:44:42+00:00,0.775
2026-04-05 00:45:46+00:00,0.775
2026-04-05 00:46:41+00:00,0.775
2026-04-05 00:47:41+00:00,0.775
2026-04-05 00:48:56+00:00,0.775
2026-04-05 00:49:46+00:00,0.775
2026-04-05 00:50:44+00:00,0.775
2026-04-05 00:51:41+00:00,0.775
2026-04-05 00:52:41+00:00,0.775
2026-04-05 00:53:41+00:00,0.775
2026-04-05 00:54:53+00:00,0.775
2026-04-05 00:55:43+00:00,0.775
2026-04-05 00:56:54+00:00,0.775
2026-04-05 00:57:44+00:00,0.775
2026-04-05 00:58:42+00:00,0.775
2026-04-05 00:59:54+00:00,0.775
2026-04-05 01:00:54+00:00,0.775
2026-04-05 01:01:48+00:00,0.775
2026-04-05 01:02:40+00:00,0.775
2026-04-05 01:03:41+00:00,0.775
2026-04-05 01:04:42+00:00,0.775
2026-04-05 01:05:43+00:00,0.775
2026-04-05 01:06:40+00:00,0.775
2026-04-05 01:07:56+00:00,0.775
2026-04-05 01:08:46+00:00,0.775
2026-04-05 01:09:41+00:00,0.775
2026-04-05 01:10:41+00:00,0.775
2026-04-05 01:11:45+00:00,0.775
2026-04-05 01:12:40+00:00,0.775
2026-04-05 01:13:40+00:00,0.775
2026-04-05 01:14:42+00:00,0.775
2026-04-05 01:15:56+00:00,0.775
2026-04-05 01:16:45+00:00,0.775
2026-04-05 01:17:40+00:00,0.775
2026-04-05 01:18:41+00:00,0.775
2026-04-05 01:19:41+00:00,0.775
2026-04-05 01:20:44+00:00,0.775
2026-04-05 01:21:41+00:00,0.775
2026-04-05 01:22:40+00:00,0.775
2026-04-05 01:23:40+00:00,0.775
2026-04-05 01:24:42+00:00,0.775
2026-04-05 01:25:41+00:00,0.775
2026-04-05 01:26:43+00:00,0.775
2026-04-05 01:27:41+00:00,0.775
2026-04-05 01:28:40+00:00,0.775
2026-04-05 01:29:42+00:00,0.775
2026-04-05 01:30:49+00:00,0.775
2026-04-05 01:31:44+00:00,0.775
2026-04-05 01:32:51+00:00,0.775
2026-04-05 01:33:41+00:00,0.775
2026-04-05 01:34:41+00:00,0.775
2026-04-05 01:35:41+00:00,0.775
2026-04-05 01:36:42+00:00,0.775
2026-04-05 01:37:46+00:00,0.775
2026-04-05 01:38:41+00:00,0.775
2026-04-05 01:39:40+00:00,0.775
2026-04-05 01:40:42+00:00,0.775
2026-04-05 01:41:42+00:00,0.775
2026-04-05 01:42:41+00:00,0.775
2026-04-05 01:43:41+00:00,0.775
2026-04-05 01:44:41+00:00,0.775
2026-04-05 01:45:43+00:00,0.775
2026-04-05 01:46:41+00:00,0.775
2026-04-05 01:47:41+00:00,0.775
2026-04-05 01:48:55+00:00,0.775
2026-04-05 01:49:46+00:00,0.775
2026-04-05 01:50:41+00:00,0.775
2026-04-05 01:51:52+00:00,0.775
2026-04-05 01:52:42+00:00,0.775
2026-04-05 01:53:41+00:00,0.775
2026-04-05 01:54:41+00:00,0.775
2026-04-05 01:55:43+00:00,0.775
2026-04-05 01:56:40+00:00,0.775
2026-04-05 01:57:40+00:00,0.775
2026-04-05 01:58:41+00:00,0.775
2026-04-05 01:59:42+00:00,0.775
2026-04-05 02:01:03+00:00,0.775
2026-04-05 02:01:53+00:00,0.775
2026-04-05 02:02:42+00:00,0.775
2026-04-05 02:03:47+00:00,0.775
2026-04-05 02:04:42+00:00,0.775
2026-04-05 02:05:42+00:00,0.775
2026-04-05 02:06:40+00:00,0.775
2026-04-05 02:07:41+00:00,0.775
2026-04-05 02:08:57+00:00,0.775
2026-04-05 02:09:51+00:00,0.775
2026-04-05 02:10:43+00:00,0.775
2026-04-05 02:11:39+00:00,0.775
2026-04-05 02:12:40+00:00,0.775
2026-04-05 02:13:40+00:00,0.775
2026-04-05 02:14:41+00:00,0.775
2026-04-05 02:15:42+00:00,0.775
2026-04-05 02:16:39+00:00,0.775
2026-04-05 02:17:40+00:00,0.775
2026-04-05 02:18:40+00:00,0.775
2026-04-05 02:19:39+00:00,0.775
2026-04-05 02:20:43+00:00,0.775
2026-04-05 02:21:41+00:00,0.775
2026-04-05 02:22:41+00:00,0.775
2026-04-05 02:23:39+00:00,0.775
2026-04-05 02:24:41+00:00,0.775
2026-04-05 02:25:41+00:00,0.775
2026-04-05 02:26:52+00:00,0.775
2026-04-05 02:27:42+00:00,0.775
2026-04-05 02:28:40+00:00,0.775
2026-04-05 02:29:52+00:00,0.775
2026-04-05 02:30:56+00:00,0.775
2026-04-05 02:31:47+00:00,0.775
2026-04-05 02:32:51+00:00,0.775
2026-04-05 02:33:41+00:00,0.775
2026-04-05 02:34:46+00:00,0.775
2026-04-05 02:35:44+00:00,0.775
2026-04-05 02:36:40+00:00,0.775
2026-04-05 02:37:41+00:00,0.775
2026-04-05 02:38:39+00:00,0.775
2026-04-05 02:39:40+00:00,0.775
2026-04-05 02:40:42+00:00,0.775
2026-04-05 02:41:39+00:00,0.775
2026-04-05 02:42:52+00:00,0.775
2026-04-05 02:43:40+00:00,0.775
2026-04-05 02:44:40+00:00,0.775
2026-04-05 02:45:43+00:00,0.775
2026-04-05 02:46:40+00:00,0.775
2026-04-05 02:47:41+00:00,0.775
2026-04-05 02:48:50+00:00,0.775
2026-04-05 02:49:41+00:00,0.775
2026-04-05 02:50:42+00:00,0.775
2026-04-05 02:51:41+00:00,0.775
2026-04-05 02:52:52+00:00,0.775
2026-04-05 02:53:41+00:00,0.775
2026-04-05 02:54:41+00:00,0.775
2026-04-05 02:55:49+00:00,0.775
2026-04-05 02:56:47+00:00,0.775
2026-04-05 02:57:55+00:00,0.775
2026-04-05 02:58:45+00:00,0.775
2026-04-05 02:59:41+00:00,0.775
2026-04-05 03:01:03+00:00,0.775
2026-04-05 03:01:52+00:00,0.775
2026-04-05 03:02:40+00:00,0.775
2026-04-05 03:03:41+00:00,0.775
2026-04-05 03:04:40+00:00,0.775
2026-04-05 03:05:56+00:00,0.775
2026-04-05 03:06:45+00:00,0.775
2026-04-05 03:07:41+00:00,0.775
2026-04-05 03:08:40+00:00,0.775
2026-04-05 03:09:39+00:00,0.775
2026-04-05 03:10:43+00:00,0.775
2026-04-05 03:11:40+00:00,0.775
2026-04-05 03:12:39+00:00,0.775
2026-04-05 03:13:40+00:00,0.775
2026-04-05 03:14:41+00:00,0.775
2026-04-05 03:15:55+00:00,0.775
2026-04-05 03:16:43+00:00,0.775
2026-04-05 03:17:40+00:00,0.775
2026-04-05 03:18:39+00:00,0.775
2026-04-05 03:19:40+00:00,0.775
2026-04-05 03:20:40+00:00,0.775
2026-04-05 03:21:45+00:00,0.775
2026-04-05 03:22:45+00:00,0.775
2026-04-05 03:23:40+00:00,0.775
2026-04-05 03:24:40+00:00,0.775
2026-04-05 03:25:41+00:00,0.775
2026-04-05 03:26:51+00:00,0.775
2026-04-05 03:27:40+00:00,0.775
2026-04-05 03:28:39+00:00,0.775
2026-04-05 03:29:40+00:00,0.775
2026-04-05 03:30:48+00:00,0.775
2026-04-05 03:31:44+00:00,0.775
2026-04-05 03:32:39+00:00,0.775
2026-04-05 03:33:40+00:00,0.775
2026-04-05 03:34:40+00:00,0.775
2026-04-05 03:35:41+00:00,0.775
2026-04-05 03:36:39+00:00,0.775
2026-04-05 03:37:39+00:00,0.775
2026-04-05 03:38:38+00:00,0.775
2026-04-05 03:39:40+00:00,0.775
2026-04-05 03:40:40+00:00,0.775
2026-04-05 03:41:39+00:00,0.775
2026-04-05 03:42:39+00:00,0.775
2026-04-05 03:43:39+00:00,0.775
2026-04-05 03:44:40+00:00,0.775
2026-04-05 03:45:41+00:00,0.775
2026-04-05 03:46:53+00:00,0.775
2026-04-05 03:47:47+00:00,0.775
2026-04-05 03:48:45+00:00,0.775
2026-04-05 03:49:40+00:00,0.775
2026-04-05 03:50:42+00:00,0.775
2026-04-05 03:51:38+00:00,0.775
2026-04-05 03:52:41+00:00,0.775
2026-04-05 03:53:40+00:00,0.775
2026-04-05 03:54:52+00:00,0.775
2026-04-05 03:55:42+00:00,0.775
2026-04-05 03:56:39+00:00,0.775
2026-04-05 03:57:40+00:00,0.775
2026-04-05 03:58:40+00:00,0.775
2026-04-05 03:59:39+00:00,0.775
2026-04-05 04:00:50+00:00,0.775
2026-04-05 04:01:44+00:00,0.775
2026-04-05 04:02:39+00:00,0.775
2026-04-05 04:03:41+00:00,0.775
2026-04-05 04:04:40+00:00,0.775
2026-04-05 04:05:55+00:00,0.775
2026-04-05 04:06:44+00:00,0.775
2026-04-05 04:07:38+00:00,0.775
2026-04-05 04:08:39+00:00,0.775
2026-04-05 04:09:40+00:00,0.775
2026-04-05 04:10:41+00:00,0.775
2026-04-05 04:11:40+00:00,0.775
2026-04-05 04:12:39+00:00,0.775
2026-04-05 04:13:45+00:00,0.775
2026-04-05 04:14:43+00:00,0.775
2026-04-05 04:15:43+00:00,0.775
2026-04-05 04:16:39+00:00,0.775
2026-04-05 04:17:40+00:00,0.775
2026-04-05 04:18:39+00:00,0.775
2026-04-05 04:19:40+00:00,0.775
2026-04-05 04:20:43+00:00,0.775
2026-04-05 04:21:52+00:00,0.775
2026-04-05 04:22:41+00:00,0.775
2026-04-05 04:23:53+00:00,0.775
2026-04-05 04:24:42+00:00,0.775
2026-04-05 04:25:42+00:00,0.775
2026-04-05 04:26:52+00:00,0.775
2026-04-05 04:27:42+00:00,0.775
2026-04-05 04:28:55+00:00,0.775
2026-04-05 04:29:46+00:00,0.775
2026-04-05 04:30:47+00:00,0.775
2026-04-05 04:31:44+00:00,0.775
2026-04-05 04:32:55+00:00,0.775
2026-04-05 04:33:44+00:00,0.775
2026-04-05 04:34:40+00:00,0.775
2026-04-05 04:35:55+00:00,0.775
2026-04-05 04:36:46+00:00,0.775
2026-04-05 04:37:39+00:00,0.775
2026-04-05 04:38:39+00:00,0.775
2026-04-05 04:39:43+00:00,0.775
2026-04-05 04:40:46+00:00,0.775
2026-04-05 04:41:40+00:00,0.775
2026-04-05 04:42:40+00:00,0.775
2026-04-05 04:43:40+00:00,0.775
2026-04-05 04:44:39+00:00,0.775
2026-04-05 04:45:42+00:00,0.775
2026-04-05 04:46:41+00:00,0.775
2026-04-05 04:47:40+00:00,0.775
2026-04-05 04:48:41+00:00,0.775
2026-04-05 04:49:40+00:00,0.775
2026-04-05 04:50:44+00:00,0.775
2026-04-05 04:51:40+00:00,0.775
2026-04-05 04:52:41+00:00,0.775
2026-04-05 04:53:40+00:00,0.775
2026-04-05 04:54:41+00:00,0.775
2026-04-05 04:55:41+00:00,0.775
2026-04-05 04:56:53+00:00,0.775
2026-04-05 04:57:42+00:00,0.775
2026-04-05 04:58:40+00:00,0.775
2026-04-05 04:59:39+00:00,0.775
2026-04-05 05:00:54+00:00,0.775
2026-04-05 05:01:46+00:00,0.775
2026-04-05 05:02:40+00:00,0.775
2026-04-05 05:03:42+00:00,0.775
2026-04-05 05:04:40+00:00,0.775
2026-04-05 05:05:50+00:00,0.775
2026-04-05 05:06:50+00:00,0.775
2026-04-05 05:07:40+00:00,0.775
2026-04-05 05:08:41+00:00,0.775
2026-04-05 05:09:40+00:00,0.775
2026-04-05 05:10:55+00:00,0.775
2026-04-05 05:11:45+00:00,0.775
2026-04-05 05:12:40+00:00,0.775
2026-04-05 05:13:40+00:00,0.775
2026-04-05 05:14:42+00:00,0.775
2026-04-05 05:15:44+00:00,0.775
2026-04-05 05:16:40+00:00,0.775
2026-04-05 05:17:41+00:00,0.775
2026-04-05 05:18:41+00:00,0.775
2026-04-05 05:19:40+00:00,0.775
2026-04-05 05:20:43+00:00,0.775
2026-04-05 05:21:40+00:00,0.775
2026-04-05 05:22:47+00:00,0.775
2026-04-05 05:23:46+00:00,0.775
2026-04-05 05:24:40+00:00,0.775
2026-04-05 05:25:44+00:00,0.775
2026-04-05 05:26:54+00:00,0.775
2026-04-05 05:27:43+00:00,0.775
2026-04-05 05:28:41+00:00,0.775
2026-04-05 05:29:41+00:00,0.775
2026-04-05 05:30:56+00:00,0.775
2026-04-05 05:31:48+00:00,0.775
2026-04-05 05:32:41+00:00,0.775
2026-04-05 05:33:41+00:00,0.775
2026-04-05 05:34:41+00:00,0.775
2026-04-05 05:35:43+00:00,0.775
2026-04-05 05:36:42+00:00,0.775
2026-04-05 05:37:42+00:00,0.775
2026-04-05 05:38:43+00:00,0.775
2026-04-05 05:39:43+00:00,0.775
2026-04-05 05:40:44+00:00,0.775
2026-04-05 05:41:55+00:00,0.775
2026-04-05 05:42:44+00:00,0.775
2026-04-05 05:43:42+00:00,0.775
2026-04-05 05:44:42+00:00,0.775
2026-04-05 05:45:42+00:00,0.775
2026-04-05 05:46:40+00:00,0.775
2026-04-05 05:47:42+00:00,0.775
2026-04-05 05:48:48+00:00,0.775
2026-04-05 05:49:46+00:00,0.775
2026-04-05 05:50:44+00:00,0.775
2026-04-05 05:51:41+00:00,0.775
2026-04-05 05:52:40+00:00,0.775
2026-04-05 05:53:40+00:00,0.775
2026-04-05 05:54:40+00:00,0.775
2026-04-05 05:55:41+00:00,0.775
2026-04-05 05:56:41+00:00,0.775
2026-04-05 05:57:41+00:00,0.775
2026-04-05 05:58:40+00:00,0.775
2026-04-05 05:59:41+00:00,0.775
2026-04-05 06:01:02+00:00,0.775
2026-04-05 06:01:52+00:00,0.775
2026-04-05 06:02:42+00:00,0.775
2026-04-05 06:03:40+00:00,0.775
2026-04-05 06:04:53+00:00,0.775
2026-04-05 06:05:43+00:00,0.775
2026-04-05 06:06:41+00:00,0.775
2026-04-05 06:07:40+00:00,0.775
2026-04-05 06:08:39+00:00,0.775
2026-04-05 06:09:41+00:00,0.775
2026-04-05 06:10:43+00:00,0.775
2026-04-05 06:11:48+00:00,0.775
2026-04-05 06:12:48+00:00,0.775
2026-04-05 06:13:41+00:00,0.775
2026-04-05 06:14:41+00:00,0.775
2026-04-05 06:15:44+00:00,0.775
2026-04-05 06:16:54+00:00,0.775
2026-04-05 06:17:44+00:00,0.775
2026-04-05 06:18:42+00:00,0.775
2026-04-05 06:19:57+00:00,0.775
2026-04-05 06:20:49+00:00,0.775
2026-04-05 06:21:39+00:00,0.775
2026-04-05 06:22:41+00:00,0.775
2026-04-05 06:23:54+00:00,0.775
2026-04-05 06:24:43+00:00,0.775
2026-04-05 06:25:43+00:00,0.775
2026-04-05 06:26:41+00:00,0.775
2026-04-05 06:27:46+00:00,0.775
2026-04-05 06:28:53+00:00,0.775
2026-04-05 06:29:44+00:00,0.775
2026-04-05 06:31:02+00:00,0.775
2026-04-05 06:31:51+00:00,0.775
2026-04-05 06:32:41+00:00,0.775
2026-04-05 06:33:40+00:00,0.775
2026-04-05 06:34:43+00:00,0.775
2026-04-05 06:35:51+00:00,0.775
2026-04-05 06:36:51+00:00,0.775
2026-04-05 06:37:43+00:00,0.775
2026-04-05 06:38:55+00:00,0.775
2026-04-05 06:39:46+00:00,0.775
2026-04-05 06:40:43+00:00,0.775
2026-04-05 06:41:53+00:00,0.775
2026-04-05 06:42:42+00:00,0.775
2026-04-05 06:43:41+00:00,0.775
2026-04-05 06:44:41+00:00,0.775
2026-04-05 06:45:43+00:00,0.775
2026-04-05 06:46:55+00:00,0.775
2026-04-05 06:47:45+00:00,0.775
2026-04-05 06:48:40+00:00,0.775
2026-04-05 06:49:41+00:00,0.775
2026-04-05 06:50:42+00:00,0.775
2026-04-05 06:51:47+00:00,0.775
2026-04-05 06:52:45+00:00,0.775
2026-04-05 06:53:40+00:00,0.775
2026-04-05 06:54:41+00:00,0.775
2026-04-05 06:55:43+00:00,0.775
2026-04-05 06:56:41+00:00,0.775
2026-04-05 06:57:55+00:00,0.775
2026-04-05 06:58:44+00:00,0.775
2026-04-05 06:59:41+00:00,0.775
2026-04-05 07:00:58+00:00,0.775
2026-04-05 07:01:50+00:00,0.775
2026-04-05 07:02:41+00:00,0.775
2026-04-05 07:03:55+00:00,0.775
2026-04-05 07:04:45+00:00,0.775
2026-04-05 07:05:43+00:00,0.775
2026-04-05 07:06:41+00:00,0.775
2026-04-05 07:07:41+00:00,0.775
2026-04-05 07:08:42+00:00,0.775
2026-04-05 07:09:54+00:00,0.775
2026-04-05 07:10:45+00:00,0.775
2026-04-05 07:11:40+00:00,0.775
2026-04-05 07:12:40+00:00,0.775
2026-04-05 07:13:40+00:00,0.775
2026-04-05 07:14:41+00:00,0.775
2026-04-05 07:15:43+00:00,0.775
2026-04-05 07:16:43+00:00,0.775
2026-04-05 07:17:47+00:00,0.775
2026-04-05 07:18:52+00:00,0.775
2026-04-05 07:19:52+00:00,0.775
2026-04-05 07:20:44+00:00,0.775
2026-04-05 07:21:40+00:00,0.775
2026-04-05 07:22:40+00:00,0.775
2026-04-05 07:23:39+00:00,0.775
2026-04-05 07:24:41+00:00,0.775
2026-04-05 07:25:42+00:00,0.775
2026-04-05 07:26:40+00:00,0.775
2026-04-05 07:27:41+00:00,0.775
2026-04-05 07:28:41+00:00,0.775
2026-04-05 07:29:40+00:00,0.775
2026-04-05 07:30:50+00:00,0.775
2026-04-05 07:31:48+00:00,0.775
2026-04-05 07:32:55+00:00,0.765
2026-04-05 07:33:45+00:00,0.765
2026-04-05 07:34:42+00:00,0.765
2026-04-05 07:35:44+00:00,0.765
2026-04-05 07:36:41+00:00,0.765
2026-04-05 07:37:41+00:00,0.765
2026-04-05 07:38:42+00:00,0.765
2026-04-05 07:39:40+00:00,0.765
2026-04-05 07:41:00+00:00,0.765
2026-04-05 07:41:56+00:00,0.765
2026-04-05 07:42:48+00:00,0.765
2026-04-05 07:43:40+00:00,0.765
2026-04-05 07:44:48+00:00,0.765
2026-04-05 07:45:49+00:00,0.765
2026-04-05 07:46:41+00:00,0.765
2026-04-05 07:47:40+00:00,0.765
2026-04-05 07:48:41+00:00,0.765
2026-04-05 07:49:41+00:00,0.765
2026-04-05 07:50:44+00:00,0.765
2026-04-05 07:51:40+00:00,0.765
2026-04-05 07:52:40+00:00,0.765
2026-04-05 07:53:41+00:00,0.765
2026-04-05 07:54:42+00:00,0.765
2026-04-05 07:55:44+00:00,0.765
2026-04-05 07:56:41+00:00,0.765
2026-04-05 07:57:41+00:00,0.765
2026-04-05 07:58:55+00:00,0.765
2026-04-05 07:59:43+00:00,0.765
2026-04-05 08:01:02+00:00,0.765
2026-04-05 08:01:51+00:00,0.765
2026-04-05 08:02:41+00:00,0.765
2026-04-05 08:03:41+00:00,0.765
2026-04-05 08:04:55+00:00,0.765
2026-04-05 08:05:46+00:00,0.765
2026-04-05 08:06:41+00:00,0.765
2026-04-05 08:07:41+00:00,0.765
2026-04-05 08:08:42+00:00,0.765
2026-04-05 08:09:42+00:00,0.765
2026-04-05 08:10:51+00:00,0.765
2026-04-05 08:11:49+00:00,0.765
2026-04-05 08:12:40+00:00,0.765
2026-04-05 08:13:39+00:00,0.765
2026-04-05 08:14:41+00:00,0.765
2026-04-05 08:15:42+00:00,0.765
2026-04-05 08:16:39+00:00,0.765
2026-04-05 08:17:40+00:00,0.765
2026-04-05 08:18:41+00:00,0.765
2026-04-05 08:19:52+00:00,0.765
2026-04-05 08:20:44+00:00,0.765
2026-04-05 08:21:41+00:00,0.765
2026-04-05 08:22:41+00:00,0.765
2026-04-05 08:23:54+00:00,0.765
2026-04-05 08:24:45+00:00,0.765
2026-04-05 08:25:43+00:00,0.765
2026-04-05 08:26:40+00:00,0.765
2026-04-05 08:27:41+00:00,0.765
2026-04-05 08:28:42+00:00,0.765
2026-04-05 08:29:42+00:00,0.765
2026-04-05 08:30:52+00:00,0.765
2026-04-05 08:31:48+00:00,0.765
2026-04-05 08:32:55+00:00,0.765
2026-04-05 08:33:46+00:00,0.765
2026-04-05 08:34:55+00:00,0.765
2026-04-05 08:35:46+00:00,0.765
2026-04-05 08:36:48+00:00,0.765
2026-04-05 08:37:47+00:00,0.765
2026-04-05 08:38:51+00:00,0.765
2026-04-05 08:39:41+00:00,0.765
2026-04-05 08:40:46+00:00,0.765
2026-04-05 08:41:41+00:00,0.765
2026-04-05 08:42:51+00:00,0.765
2026-04-05 08:43:42+00:00,0.765
2026-04-05 08:44:42+00:00,0.765
2026-04-05 08:45:43+00:00,0.765
2026-04-05 08:46:41+00:00,0.765
2026-04-05 08:47:41+00:00,0.765
2026-04-05 08:48:39+00:00,0.765
2026-04-05 08:49:54+00:00,0.765
2026-04-05 08:50:43+00:00,0.765
2026-04-05 08:51:40+00:00,0.765
2026-04-05 08:53:00+00:00,0.765
2026-04-05 08:54:07+00:00,0.765
2026-04-05 08:54:58+00:00,0.765
2026-04-05 08:55:51+00:00,0.765
2026-04-05 08:56:42+00:00,0.765
2026-04-05 08:57:40+00:00,0.765
2026-04-05 08:58:40+00:00,0.765
2026-04-05 08:59:41+00:00,0.765
2026-04-05 09:01:03+00:00,0.765
2026-04-05 09:01:51+00:00,0.765
2026-04-05 09:02:42+00:00,0.765
2026-04-05 09:03:41+00:00,0.765
2026-04-05 09:04:41+00:00,0.765
2026-04-05 09:05:43+00:00,0.765
2026-04-05 09:06:41+00:00,0.765
2026-04-05 09:07:41+00:00,0.765
2026-04-05 09:08:41+00:00,0.765
2026-04-05 09:09:42+00:00,0.765
2026-04-05 09:10:43+00:00,0.765
2026-04-05 09:11:40+00:00,0.765
2026-04-05 09:12:40+00:00,0.765
2026-04-05 09:13:40+00:00,0.765
2026-04-05 09:14:54+00:00,0.765
2026-04-05 09:15:46+00:00,0.765
2026-04-05 09:16:41+00:00,0.765
2026-04-05 09:17:41+00:00,0.765
2026-04-05 09:18:48+00:00,0.765
2026-04-05 09:19:48+00:00,0.765
2026-04-05 09:20:45+00:00,0.765
2026-04-05 09:21:52+00:00,0.765
2026-04-05 09:22:42+00:00,0.765
2026-04-05 09:23:41+00:00,0.765
2026-04-05 09:25:01+00:00,0.765
2026-04-05 09:26:03+00:00,0.765
2026-04-05 09:26:53+00:00,0.765
2026-04-05 09:27:43+00:00,0.765
2026-04-05 09:28:41+00:00,0.765
2026-04-05 09:29:40+00:00,0.765
2026-04-05 09:30:57+00:00,0.765
2026-04-05 09:31:48+00:00,0.765
2026-04-05 09:32:39+00:00,0.765
2026-04-05 09:33:41+00:00,0.765
2026-04-05 09:34:41+00:00,0.765
2026-04-05 09:35:56+00:00,0.765
2026-04-05 09:36:47+00:00,0.765
2026-04-05 09:37:41+00:00,0.765
2026-04-05 09:38:51+00:00,0.765
2026-04-05 09:39:41+00:00,0.765
2026-04-05 09:40:41+00:00,0.765
2026-04-05 09:41:40+00:00,0.765
2026-04-05 09:42:43+00:00,0.765
2026-04-05 09:43:56+00:00,0.765
2026-04-05 09:44:45+00:00,0.765
2026-04-05 09:45:56+00:00,0.765
2026-04-05 09:46:46+00:00,0.765
2026-04-05 09:47:56+00:00,0.765
2026-04-05 09:48:45+00:00,0.765
2026-04-05 09:49:40+00:00,0.765
2026-04-05 09:50:51+00:00,0.765
2026-04-05 09:51:52+00:00,0.765
2026-04-05 09:52:41+00:00,0.765
2026-04-05 09:53:57+00:00,0.765
2026-04-05 09:54:46+00:00,0.765
2026-04-05 09:55:42+00:00,0.765
2026-04-05 09:56:40+00:00,0.765
2026-04-05 09:57:41+00:00,0.765
2026-04-05 09:58:42+00:00,0.765
2026-04-05 09:59:41+00:00,0.765
2026-04-05 10:00:48+00:00,0.765
2026-04-05 10:01:46+00:00,0.765
2026-04-05 10:02:56+00:00,0.765
2026-04-05 10:03:44+00:00,0.765
2026-04-05 10:04:41+00:00,0.765
2026-04-05 10:05:44+00:00,0.765
2026-04-05 10:06:44+00:00,0.765
2026-04-05 10:07:46+00:00,0.765
2026-04-05 10:08:41+00:00,0.765
2026-04-05 10:09:41+00:00,0.765
2026-04-05 10:10:42+00:00,0.765
2026-04-05 10:11:40+00:00,0.765
2026-04-05 10:12:41+00:00,0.765
2026-04-05 10:13:40+00:00,0.765
2026-04-05 10:14:40+00:00,0.765
2026-04-05 10:15:43+00:00,0.765
2026-04-05 10:16:49+00:00,0.765
2026-04-05 10:17:50+00:00,0.765
2026-04-05 10:18:41+00:00,0.765
2026-04-05 10:19:41+00:00,0.765
2026-04-05 10:20:44+00:00,0.765
2026-04-05 10:21:42+00:00,0.765
2026-04-05 10:22:52+00:00,0.765
2026-04-05 10:23:41+00:00,0.765
2026-04-05 10:24:40+00:00,0.765
2026-04-05 10:25:42+00:00,0.765
2026-04-05 10:26:41+00:00,0.765
2026-04-05 10:27:41+00:00,0.765
2026-04-05 10:28:41+00:00,0.765
2026-04-05 10:29:41+00:00,0.765
2026-04-05 10:30:51+00:00,0.765
2026-04-05 10:31:46+00:00,0.765
2026-04-05 10:32:40+00:00,0.765
2026-04-05 10:33:42+00:00,0.765
2026-04-05 10:34:41+00:00,0.765
2026-04-05 10:35:41+00:00,0.765
2026-04-05 10:36:40+00:00,0.765
2026-04-05 10:37:41+00:00,0.765
2026-04-05 10:38:55+00:00,0.765
2026-04-05 10:39:44+00:00,0.765
2026-04-05 10:40:54+00:00,0.765
2026-04-05 10:41:44+00:00,0.765
2026-04-05 10:42:47+00:00,0.765
2026-04-05 10:43:46+00:00,0.765
2026-04-05 10:44:41+00:00,0.765
2026-04-05 10:45:44+00:00,0.765
2026-04-05 10:46:39+00:00,0.765
2026-04-05 10:47:40+00:00,0.765
2026-04-05 10:48:41+00:00,0.765
2026-04-05 10:49:40+00:00,0.765
2026-04-05 10:50:44+00:00,0.765
2026-04-05 10:51:41+00:00,0.765
2026-04-05 10:52:40+00:00,0.765
2026-04-05 10:53:40+00:00,0.765
2026-04-05 10:54:42+00:00,0.765
2026-04-05 10:55:42+00:00,0.765
2026-04-05 10:56:39+00:00,0.765
2026-04-05 10:57:41+00:00,0.765
2026-04-05 10:58:40+00:00,0.765
2026-04-05 10:59:40+00:00,0.765
2026-04-05 11:00:52+00:00,0.765
2026-04-05 11:01:46+00:00,0.765
2026-04-05 11:02:41+00:00,0.765
2026-04-05 11:03:41+00:00,0.765
2026-04-05 11:04:40+00:00,0.765
2026-04-05 11:05:43+00:00,0.765
2026-04-05 11:06:40+00:00,0.765
2026-04-05 11:07:41+00:00,0.765
2026-04-05 11:08:48+00:00,0.765
2026-04-05 11:09:47+00:00,0.765
2026-04-05 11:10:50+00:00,0.765
2026-04-05 11:11:43+00:00,0.765
2026-04-05 11:12:41+00:00,0.765
2026-04-05 11:13:40+00:00,0.765
2026-04-05 11:14:41+00:00,0.765
2026-04-05 11:15:42+00:00,0.765
2026-04-05 11:16:41+00:00,0.765
2026-04-05 11:17:41+00:00,0.765
2026-04-05 11:18:42+00:00,0.765
2026-04-05 11:19:46+00:00,0.765
2026-04-05 11:20:49+00:00,0.765
2026-04-05 11:21:41+00:00,0.765
2026-04-05 11:22:41+00:00,0.765
2026-04-05 11:23:41+00:00,0.765
2026-04-05 11:24:54+00:00,0.765
2026-04-05 11:25:46+00:00,0.765
2026-04-05 11:26:41+00:00,0.765
2026-04-05 11:27:41+00:00,0.765
2026-04-05 11:28:40+00:00,0.765
2026-04-05 11:29:42+00:00,0.765
2026-04-05 11:30:53+00:00,0.765
2026-04-05 11:31:48+00:00,0.765
2026-04-05 11:32:40+00:00,0.765
2026-04-05 11:33:41+00:00,0.765
2026-04-05 11:34:48+00:00,0.765
2026-04-05 11:35:52+00:00,0.765
2026-04-05 11:36:45+00:00,0.765
2026-04-05 11:37:56+00:00,0.765
2026-04-05 11:38:45+00:00,0.765
2026-04-05 11:39:41+00:00,0.765
2026-04-05 11:40:43+00:00,0.765
2026-04-05 11:41:41+00:00,0.765
2026-04-05 11:42:52+00:00,0.765
2026-04-05 11:43:40+00:00,0.765
2026-04-05 11:44:41+00:00,0.765
2026-04-05 11:45:44+00:00,0.765
2026-04-05 11:46:42+00:00,0.765
2026-04-05 11:47:40+00:00,0.765
2026-04-05 11:48:42+00:00,0.765
2026-04-05 11:49:40+00:00,0.765
2026-04-05 11:50:43+00:00,0.765
2026-04-05 11:51:39+00:00,0.765
2026-04-05 11:52:49+00:00,0.765
2026-04-05 11:53:50+00:00,0.765
2026-04-05 11:54:43+00:00,0.765
2026-04-05 11:55:43+00:00,0.765
2026-04-05 11:56:40+00:00,0.765
2026-04-05 11:57:42+00:00,0.765
2026-04-05 11:58:41+00:00,0.765
2026-04-05 11:59:41+00:00,0.765
2026-04-05 12:01:01+00:00,0.765
2026-04-05 12:01:50+00:00,0.765
2026-04-05 12:02:56+00:00,0.765
2026-04-05 12:03:47+00:00,0.765
2026-04-05 12:04:42+00:00,0.765
2026-04-05 12:05:42+00:00,0.765
2026-04-05 12:06:42+00:00,0.765
2026-04-05 12:07:40+00:00,0.765
2026-04-05 12:08:59+00:00,0.765
2026-04-05 12:09:52+00:00,0.765
2026-04-05 12:10:45+00:00,0.765
2026-04-05 12:11:41+00:00,0.765
2026-04-05 12:12:40+00:00,0.765
2026-04-05 12:13:52+00:00,0.765
2026-04-05 12:14:42+00:00,0.765
2026-04-05 12:15:43+00:00,0.765
2026-04-05 12:16:39+00:00,0.765
2026-04-05 12:17:41+00:00,0.765
2026-04-05 12:18:48+00:00,0.765
2026-04-05 12:19:48+00:00,0.765
2026-04-05 12:20:45+00:00,0.765
2026-04-05 12:21:41+00:00,0.765
2026-04-05 12:22:42+00:00,0.765
2026-04-05 12:23:42+00:00,0.765
2026-04-05 12:24:42+00:00,0.765
2026-04-05 12:25:42+00:00,0.765
2026-04-05 12:26:42+00:00,0.765
2026-04-05 12:27:41+00:00,0.765
2026-04-05 12:28:41+00:00,0.765
2026-04-05 12:29:41+00:00,0.765
2026-04-05 12:30:54+00:00,0.765
2026-04-05 12:31:47+00:00,0.765
2026-04-05 12:32:44+00:00,0.765
2026-04-05 12:33:44+00:00,0.765
2026-04-05 12:34:41+00:00,0.765
2026-04-05 12:35:44+00:00,0.765
2026-04-05 12:36:42+00:00,0.765
2026-04-05 12:37:41+00:00,0.765
2026-04-05 12:38:40+00:00,0.765
2026-04-05 12:39:42+00:00,0.765
2026-04-05 12:40:44+00:00,0.765
2026-04-05 12:41:42+00:00,0.765
2026-04-05 12:42:41+00:00,0.765
2026-04-05 12:43:42+00:00,0.765
2026-04-05 12:44:49+00:00,0.765
2026-04-05 12:45:50+00:00,0.765
2026-04-05 12:46:43+00:00,0.765
2026-04-05 12:47:42+00:00,0.765
2026-04-05 12:48:43+00:00,0.765
2026-04-05 12:49:41+00:00,0.765
2026-04-05 12:50:42+00:00,0.765
2026-04-05 12:51:41+00:00,0.765
2026-04-05 12:52:41+00:00,0.765
2026-04-05 12:53:42+00:00,0.765
2026-04-05 12:54:41+00:00,0.765
2026-04-05 12:55:57+00:00,0.765
2026-04-05 12:56:47+00:00,0.765
2026-04-05 12:57:43+00:00,0.765
2026-04-05 12:58:56+00:00,0.765
2026-04-05 12:59:47+00:00,0.765
2026-04-05 13:00:56+00:00,0.765
2026-04-05 13:01:49+00:00,0.765
2026-04-05 13:02:41+00:00,0.765
2026-04-05 13:03:41+00:00,0.765
2026-04-05 13:04:56+00:00,0.765
2026-04-05 13:05:49+00:00,0.765
2026-04-05 13:06:42+00:00,0.765
2026-04-05 13:07:42+00:00,0.765
2026-04-05 13:08:42+00:00,0.765
2026-04-05 13:09:42+00:00,0.765
2026-04-05 13:10:52+00:00,0.765
2026-04-05 13:11:51+00:00,0.765
2026-04-05 13:12:41+00:00,0.765
2026-04-05 13:13:41+00:00,0.765
2026-04-05 13:14:54+00:00,0.765
2026-04-05 13:15:45+00:00,0.765
2026-04-05 13:16:40+00:00,0.765
2026-04-05 13:17:42+00:00,0.765
2026-04-05 13:18:42+00:00,0.765
2026-04-05 13:19:41+00:00,0.765
2026-04-05 13:20:43+00:00,0.765
2026-04-05 13:21:42+00:00,0.765
2026-04-05 13:22:42+00:00,0.765
2026-04-05 13:23:41+00:00,0.765
2026-04-05 13:24:42+00:00,0.765
2026-04-05 13:25:54+00:00,0.765
2026-04-05 13:26:44+00:00,0.765
2026-04-05 13:27:41+00:00,0.765
2026-04-05 13:28:41+00:00,0.765
2026-04-05 13:29:41+00:00,0.765
2026-04-05 13:30:47+00:00,0.765
2026-04-05 13:31:46+00:00,0.765
2026-04-05 13:32:41+00:00,0.765
2026-04-05 13:33:40+00:00,0.765
2026-04-05 13:34:42+00:00,0.765
2026-04-05 13:36:03+00:00,0.765
2026-04-05 13:37:04+00:00,0.765
2026-04-05 13:37:57+00:00,0.765
2026-04-05 13:38:49+00:00,0.765
2026-04-05 13:39:42+00:00,0.765
2026-04-05 13:40:44+00:00,0.765
2026-04-05 13:41:41+00:00,0.765
2026-04-05 13:42:41+00:00,0.765
2026-04-05 13:43:41+00:00,0.765
2026-04-05 13:44:41+00:00,0.765
2026-04-05 13:45:47+00:00,0.765
2026-04-05 13:46:43+00:00,0.765
2026-04-05 13:47:41+00:00,0.765
2026-04-05 13:48:43+00:00,0.765
2026-04-05 13:49:42+00:00,0.765
2026-04-05 13:50:43+00:00,0.765
2026-04-05 13:51:41+00:00,0.765
2026-04-05 13:52:42+00:00,0.765
2026-04-05 13:53:41+00:00,0.765
2026-04-05 13:54:41+00:00,0.765
2026-04-05 13:55:42+00:00,0.765
2026-04-05 13:56:40+00:00,0.765
2026-04-05 13:57:41+00:00,0.765
2026-04-05 13:58:41+00:00,0.765
2026-04-05 13:59:54+00:00,0.765
2026-04-05 14:00:59+00:00,0.765
2026-04-05 14:01:52+00:00,0.765
2026-04-05 14:03:05+00:00,0.765
2026-04-05 14:04:04+00:00,0.765
2026-04-05 14:05:05+00:00,0.765
2026-04-05 14:06:01+00:00,0.765
2026-04-05 14:06:53+00:00,0.765
2026-04-05 14:07:49+00:00,0.765
2026-04-05 14:08:43+00:00,0.765
2026-04-05 14:09:43+00:00,0.765
2026-04-05 14:11:06+00:00,0.765
2026-04-05 14:12:06+00:00,0.765
2026-04-05 14:13:04+00:00,0.765
2026-04-05 14:14:03+00:00,0.765
2026-04-05 14:15:01+00:00,0.765
2026-04-05 14:15:57+00:00,0.765
2026-04-05 14:16:49+00:00,0.765
2026-04-05 14:17:42+00:00,0.765
2026-04-05 14:18:41+00:00,0.765
2026-04-05 14:19:42+00:00,0.765
2026-04-05 14:20:43+00:00,0.765
2026-04-05 14:21:42+00:00,0.765
2026-04-05 14:22:41+00:00,0.765
2026-04-05 14:23:41+00:00,0.765
2026-04-05 14:24:41+00:00,0.765
2026-04-05 14:25:42+00:00,0.765
2026-04-05 14:26:42+00:00,0.765
2026-04-05 14:27:54+00:00,0.765
2026-04-05 14:28:44+00:00,0.765
2026-04-05 14:29:56+00:00,0.765
2026-04-05 14:31:00+00:00,0.765
2026-04-05 14:31:49+00:00,0.765
2026-04-05 14:32:42+00:00,0.765
2026-04-05 14:33:40+00:00,0.765
2026-04-05 14:34:45+00:00,0.765
2026-04-05 14:35:42+00:00,0.765
2026-04-05 14:36:48+00:00,0.765
2026-04-05 14:37:49+00:00,0.765
2026-04-05 14:38:42+00:00,0.765
2026-04-05 14:39:41+00:00,0.765
2026-04-05 14:40:43+00:00,0.765
2026-04-05 14:41:41+00:00,0.765
2026-04-05 14:42:41+00:00,0.765
2026-04-05 14:43:40+00:00,0.765
2026-04-05 14:44:42+00:00,0.765
2026-04-05 14:45:45+00:00,0.765
2026-04-05 14:46:43+00:00,0.765
2026-04-05 14:47:42+00:00,0.765
2026-04-05 14:48:43+00:00,0.765
2026-04-05 14:49:42+00:00,0.765
2026-04-05 14:50:58+00:00,0.765
2026-04-05 14:51:57+00:00,0.765
2026-04-05 14:52:58+00:00,0.765
2026-04-05 14:53:48+00:00,0.765
2026-04-05 14:54:43+00:00,0.765
2026-04-05 14:55:46+00:00,0.765
2026-04-05 14:56:42+00:00,0.765
2026-04-05 14:57:42+00:00,0.765
2026-04-05 14:58:44+00:00,0.765
2026-04-05 14:59:46+00:00,0.765
2026-04-05 15:00:57+00:00,0.765
2026-04-05 15:01:50+00:00,0.765
2026-04-05 15:02:42+00:00,0.765
2026-04-05 15:03:42+00:00,0.765
2026-04-05 15:04:42+00:00,0.765
2026-04-05 15:05:43+00:00,0.765
2026-04-05 15:06:54+00:00,0.765
2026-04-05 15:07:44+00:00,0.765
2026-04-05 15:08:54+00:00,0.765
2026-04-05 15:09:46+00:00,0.765
2026-04-05 15:10:44+00:00,0.765
2026-04-05 15:11:41+00:00,0.765
2026-04-05 15:12:50+00:00,0.765
2026-04-05 15:13:56+00:00,0.765
2026-04-05 15:14:57+00:00,0.765
2026-04-05 15:15:57+00:00,0.765
2026-04-05 15:16:58+00:00,0.765
2026-04-05 15:18:02+00:00,0.765
2026-04-05 15:19:08+00:00,0.765
2026-04-05 15:19:59+00:00,0.765
2026-04-05 15:20:56+00:00,0.765
2026-04-05 15:21:47+00:00,0.765
2026-04-05 15:22:40+00:00,0.765
2026-04-05 15:23:43+00:00,0.765
2026-04-05 15:24:55+00:00,0.765
2026-04-05 15:25:46+00:00,0.765
2026-04-05 15:26:43+00:00,0.765
2026-04-05 15:27:53+00:00,0.765
2026-04-05 15:28:44+00:00,0.765
2026-04-05 15:29:42+00:00,0.765
2026-04-05 15:30:51+00:00,0.765
2026-04-05 15:31:47+00:00,0.765
2026-04-05 15:32:41+00:00,0.765
2026-04-05 15:33:41+00:00,0.765
2026-04-05 15:34:41+00:00,0.765
2026-04-05 15:35:43+00:00,0.765
2026-04-05 15:36:43+00:00,0.765
2026-04-05 15:37:42+00:00,0.765
2026-04-05 15:38:44+00:00,0.765
2026-04-05 15:39:49+00:00,0.765
2026-04-05 15:40:57+00:00,0.765
2026-04-05 15:41:51+00:00,0.765
2026-04-05 15:42:43+00:00,0.765
2026-04-05 15:43:43+00:00,0.765
2026-04-05 15:44:43+00:00,0.765
2026-04-05 15:45:51+00:00,0.765
2026-04-05 15:46:51+00:00,0.765
2026-04-05 15:47:43+00:00,0.765
2026-04-05 15:48:44+00:00,0.765
2026-04-05 15:49:43+00:00,0.765
2026-04-05 15:50:47+00:00,0.765
2026-04-05 15:51:50+00:00,0.765
2026-04-05 15:52:53+00:00,0.765
2026-04-05 15:53:51+00:00,0.765
2026-04-05 15:54:50+00:00,0.765
2026-04-05 15:55:50+00:00,0.765
2026-04-05 15:56:50+00:00,0.765
2026-04-05 15:57:52+00:00,0.765
2026-04-05 15:58:52+00:00,0.765
2026-04-05 15:59:49+00:00,0.765
2026-04-05 16:00:59+00:00,0.765
2026-04-05 16:01:51+00:00,0.765
2026-04-05 16:02:46+00:00,0.765
2026-04-05 16:03:50+00:00,0.765
2026-04-05 16:04:49+00:00,0.765
2026-04-05 16:05:59+00:00,0.765
2026-04-05 16:07:09+00:00,0.765
2026-04-05 16:08:08+00:00,0.765
2026-04-05 16:09:08+00:00,0.765
2026-04-05 16:10:00+00:00,0.765
2026-04-05 16:10:59+00:00,0.765
2026-04-05 16:11:59+00:00,0.765
2026-04-05 16:12:53+00:00,0.765
2026-04-05 16:13:46+00:00,0.765
2026-04-05 16:14:45+00:00,0.765
2026-04-05 16:15:50+00:00,0.765
2026-04-05 16:16:51+00:00,0.765
2026-04-05 16:17:45+00:00,0.765
2026-04-05 16:18:49+00:00,0.765
2026-04-05 16:19:49+00:00,0.765
2026-04-05 16:20:45+00:00,0.765
2026-04-05 16:21:51+00:00,0.765
2026-04-05 16:22:45+00:00,0.765
2026-04-05 16:23:45+00:00,0.765
2026-04-05 16:24:45+00:00,0.765
2026-04-05 16:25:43+00:00,0.765
2026-04-05 16:26:43+00:00,0.765
2026-04-05 16:28:02+00:00,0.765
2026-04-05 16:29:00+00:00,0.765
2026-04-05 16:29:58+00:00,0.765
2026-04-05 16:31:05+00:00,0.765
2026-04-05 16:32:04+00:00,0.765
2026-04-05 16:33:07+00:00,0.765
2026-04-05 16:34:00+00:00,0.765
2026-04-05 16:34:51+00:00,0.765
2026-04-05 16:35:46+00:00,0.765
2026-04-05 16:36:43+00:00,0.765
2026-04-05 16:37:45+00:00,0.765
2026-04-05 16:38:41+00:00,0.765
2026-04-05 16:39:53+00:00,0.765
2026-04-05 16:40:45+00:00,0.765
2026-04-05 16:41:40+00:00,0.765
2026-04-05 16:42:55+00:00,0.765
2026-04-05 16:43:45+00:00,0.765
2026-04-05 16:44:42+00:00,0.765
2026-04-05 16:45:45+00:00,0.765
2026-04-05 16:46:42+00:00,0.765
2026-04-05 16:47:41+00:00,0.765
2026-04-05 16:48:42+00:00,0.765
2026-04-05 16:49:41+00:00,0.765
2026-04-05 16:50:42+00:00,0.765
2026-04-05 16:51:55+00:00,0.765
2026-04-05 16:52:44+00:00,0.765
2026-04-05 16:53:41+00:00,0.765
2026-04-05 16:54:41+00:00,0.765
2026-04-05 16:55:56+00:00,0.765
2026-04-05 16:56:46+00:00,0.765
2026-04-05 16:58:03+00:00,0.765
2026-04-05 16:59:03+00:00,0.765
2026-04-05 16:59:52+00:00,0.765
2026-04-05 17:01:00+00:00,0.765
2026-04-05 17:01:52+00:00,0.765
2026-04-05 17:02:43+00:00,0.765
2026-04-05 17:03:42+00:00,0.765
2026-04-05 17:04:54+00:00,0.765
2026-04-05 17:05:44+00:00,0.765
2026-04-05 17:06:41+00:00,0.765
2026-04-05 17:07:40+00:00,0.765
2026-04-05 17:08:40+00:00,0.765
2026-04-05 17:09:41+00:00,0.765
2026-04-05 17:11:00+00:00,0.765
2026-04-05 17:11:51+00:00,0.765
2026-04-05 17:12:43+00:00,0.765
2026-04-05 17:13:42+00:00,0.765
2026-04-05 17:14:42+00:00,0.765
2026-04-05 17:15:43+00:00,0.765
2026-04-05 17:16:42+00:00,0.765
2026-04-05 17:17:41+00:00,0.765
2026-04-05 17:18:42+00:00,0.765
2026-04-05 17:19:41+00:00,0.765
2026-04-05 17:20:45+00:00,0.765
2026-04-05 17:21:42+00:00,0.765
2026-04-05 17:22:41+00:00,0.765
2026-04-05 17:23:49+00:00,0.765
2026-04-05 17:24:55+00:00,0.765
2026-04-05 17:26:00+00:00,0.765
2026-04-05 17:26:51+00:00,0.765
2026-04-05 17:27:42+00:00,0.765
2026-04-05 17:28:41+00:00,0.765
2026-04-05 17:29:48+00:00,0.765
2026-04-05 17:31:01+00:00,0.765
2026-04-05 17:31:52+00:00,0.765
2026-04-05 17:32:43+00:00,0.765
2026-04-05 17:33:42+00:00,0.765
2026-04-05 17:34:43+00:00,0.765
2026-04-05 17:35:44+00:00,0.765
2026-04-05 17:36:48+00:00,0.765
2026-04-05 17:37:48+00:00,0.765
2026-04-05 17:38:41+00:00,0.765
2026-04-05 17:39:42+00:00,0.765
2026-04-05 17:40:44+00:00,0.765
2026-04-05 17:41:41+00:00,0.765
2026-04-05 17:42:41+00:00,0.765
2026-04-05 17:43:41+00:00,0.765
2026-04-05 17:44:41+00:00,0.765
2026-04-05 17:45:43+00:00,0.765
2026-04-05 17:46:52+00:00,0.765
2026-04-05 17:47:43+00:00,0.765
2026-04-05 17:48:42+00:00,0.765
2026-04-05 17:49:55+00:00,0.765
2026-04-05 17:50:46+00:00,0.765
2026-04-05 17:51:41+00:00,0.765
2026-04-05 17:52:54+00:00,0.765
2026-04-05 17:53:43+00:00,0.765
2026-04-05 17:54:41+00:00,0.765
2026-04-05 17:55:43+00:00,0.765
2026-04-05 17:56:40+00:00,0.765
2026-04-05 17:57:42+00:00,0.765
2026-04-05 17:58:42+00:00,0.765
2026-04-05 17:59:41+00:00,0.765
2026-04-05 18:01:03+00:00,0.765
2026-04-05 18:01:51+00:00,0.765
2026-04-05 18:02:48+00:00,0.765
2026-04-05 18:03:46+00:00,0.765
2026-04-05 18:04:41+00:00,0.765
2026-04-05 18:05:44+00:00,0.765
2026-04-05 18:06:55+00:00,0.765
2026-04-05 18:07:46+00:00,0.765
2026-04-05 18:08:40+00:00,0.765
2026-04-05 18:09:54+00:00,0.765
2026-04-05 18:10:45+00:00,0.765
2026-04-05 18:11:40+00:00,0.765
2026-04-05 18:12:41+00:00,0.765
2026-04-05 18:13:55+00:00,0.765
2026-04-05 18:14:46+00:00,0.765
2026-04-05 18:15:44+00:00,0.765
2026-04-05 18:16:40+00:00,0.765
2026-04-05 18:17:40+00:00,0.765
2026-04-05 18:18:41+00:00,0.765
2026-04-05 18:19:42+00:00,0.765
2026-04-05 18:20:42+00:00,0.765
2026-04-05 18:21:41+00:00,0.765
2026-04-05 18:22:41+00:00,0.765
2026-04-05 18:23:40+00:00,0.765
2026-04-05 18:24:41+00:00,0.765
2026-04-05 18:25:43+00:00,0.765
2026-04-05 18:27:07+00:00,0.765
2026-04-05 18:27:56+00:00,0.765
2026-04-05 18:28:48+00:00,0.765
2026-04-05 18:29:40+00:00,0.765
2026-04-05 18:30:52+00:00,0.765
2026-04-05 18:31:46+00:00,0.765
2026-04-05 18:32:41+00:00,0.765
2026-04-05 18:33:41+00:00,0.765
2026-04-05 18:34:40+00:00,0.765
2026-04-05 18:35:43+00:00,0.765
2026-04-05 18:36:41+00:00,0.765
2026-04-05 18:37:50+00:00,0.765
2026-04-05 18:38:51+00:00,0.765
2026-04-05 18:39:41+00:00,0.765
2026-04-05 18:40:45+00:00,0.765
2026-04-05 18:41:41+00:00,0.765
2026-04-05 18:42:52+00:00,0.765
2026-04-05 18:43:43+00:00,0.765
2026-04-05 18:44:42+00:00,0.765
2026-04-05 18:45:43+00:00,0.765
2026-04-05 18:46:42+00:00,0.765
2026-04-05 18:47:42+00:00,0.765
2026-04-05 18:48:40+00:00,0.765
2026-04-05 18:49:41+00:00,0.765
2026-04-05 18:50:43+00:00,0.765
2026-04-05 18:51:40+00:00,0.765
2026-04-05 18:52:41+00:00,0.765
2026-04-05 18:53:41+00:00,0.765
2026-04-05 18:54:42+00:00,0.765
2026-04-05 18:55:42+00:00,0.765
2026-04-05 18:56:40+00:00,0.765
2026-04-05 18:57:41+00:00,0.765
2026-04-05 18:58:39+00:00,0.765
2026-04-05 18:59:41+00:00,0.765
2026-04-05 19:00:53+00:00,0.765
2026-04-05 19:01:47+00:00,0.765
2026-04-05 19:02:52+00:00,0.765
2026-04-05 19:03:49+00:00,0.765
2026-04-05 19:04:48+00:00,0.765
2026-04-05 19:06:01+00:00,0.765
2026-04-05 19:06:51+00:00,0.765
2026-04-05 19:07:42+00:00,0.765
2026-04-05 19:08:42+00:00,0.765
2026-04-05 19:09:40+00:00,0.765
2026-04-05 19:10:44+00:00,0.765
2026-04-05 19:11:42+00:00,0.765
2026-04-05 19:12:41+00:00,0.765
2026-04-05 19:13:42+00:00,0.765
2026-04-05 19:14:41+00:00,0.765
2026-04-05 19:15:43+00:00,0.765
2026-04-05 19:16:41+00:00,0.765
2026-04-05 19:17:40+00:00,0.765
2026-04-05 19:18:41+00:00,0.765
2026-04-05 19:19:41+00:00,0.765
2026-04-05 19:20:43+00:00,0.765
2026-04-05 19:21:40+00:00,0.765
2026-04-05 19:22:42+00:00,0.765
2026-04-05 19:23:41+00:00,0.765
2026-04-05 19:24:40+00:00,0.765
2026-04-05 19:25:42+00:00,0.765
2026-04-05 19:26:44+00:00,0.765
2026-04-05 19:27:40+00:00,0.765
2026-04-05 19:28:40+00:00,0.765
2026-04-05 19:30:02+00:00,0.765
2026-04-05 19:31:18+00:00,0.765
2026-04-05 19:32:07+00:00,0.765
2026-04-05 19:32:56+00:00,0.765
2026-04-05 19:33:45+00:00,0.765
2026-04-05 19:34:54+00:00,0.765
2026-04-05 19:35:48+00:00,0.765
2026-04-05 19:36:48+00:00,0.765
2026-04-05 19:37:46+00:00,0.765
2026-04-05 19:38:41+00:00,0.765
2026-04-05 19:39:41+00:00,0.765
2026-04-05 19:40:44+00:00,0.765
2026-04-05 19:41:41+00:00,0.765
2026-04-05 19:42:40+00:00,0.765
2026-04-05 19:43:41+00:00,0.765
2026-04-05 19:44:41+00:00,0.765
2026-04-05 19:45:43+00:00,0.765
2026-04-05 19:46:54+00:00,0.765
2026-04-05 19:47:43+00:00,0.765
2026-04-05 19:48:41+00:00,0.765
2026-04-05 19:49:53+00:00,0.765
2026-04-05 19:50:51+00:00,0.765
2026-04-05 19:51:48+00:00,0.765
2026-04-05 19:52:39+00:00,0.765
2026-04-05 19:53:40+00:00,0.765
2026-04-05 19:54:40+00:00,0.765
2026-04-05 19:55:42+00:00,0.765
2026-04-05 19:56:39+00:00,0.765
2026-04-05 19:57:40+00:00,0.765
2026-04-05 19:58:39+00:00,0.765
2026-04-05 19:59:40+00:00,0.765
2026-04-05 20:01:01+00:00,0.765
2026-04-05 20:01:52+00:00,0.765
2026-04-05 20:02:48+00:00,0.765
2026-04-05 20:03:47+00:00,0.765
2026-04-05 20:04:54+00:00,0.765
2026-04-05 20:05:48+00:00,0.765
2026-04-05 20:06:42+00:00,0.765
2026-04-05 20:07:56+00:00,0.765
2026-04-05 20:08:47+00:00,0.765
2026-04-05 20:09:43+00:00,0.765
2026-04-05 20:10:42+00:00,0.765
2026-04-05 20:11:43+00:00,0.765
2026-04-05 20:12:40+00:00,0.765
2026-04-05 20:13:40+00:00,0.765
2026-04-05 20:14:40+00:00,0.765
2026-04-05 20:15:44+00:00,0.765
2026-04-05 20:16:41+00:00,0.765
2026-04-05 20:17:40+00:00,0.765
2026-04-05 20:18:41+00:00,0.765
2026-04-05 20:19:41+00:00,0.765
2026-04-05 20:20:44+00:00,0.765
2026-04-05 20:21:41+00:00,0.765
2026-04-05 20:22:40+00:00,0.765
2026-04-05 20:23:40+00:00,0.765
2026-04-05 20:24:53+00:00,0.765
2026-04-05 20:25:45+00:00,0.765
2026-04-05 20:26:39+00:00,0.765
2026-04-05 20:27:41+00:00,0.765
2026-04-05 20:28:47+00:00,0.765
2026-04-05 20:29:46+00:00,0.765
2026-04-05 20:31:03+00:00,0.765
2026-04-05 20:31:53+00:00,0.765
2026-04-05 20:32:43+00:00,0.765
2026-04-05 20:33:42+00:00,0.765
2026-04-05 20:34:41+00:00,0.765
2026-04-05 20:35:44+00:00,0.765
2026-04-05 20:36:40+00:00,0.765
2026-04-05 20:37:42+00:00,0.765
2026-04-05 20:38:41+00:00,0.765
2026-04-05 20:39:41+00:00,0.765
2026-04-05 20:40:43+00:00,0.765
2026-04-05 20:41:41+00:00,0.765
2026-04-05 20:42:40+00:00,0.765
2026-04-05 20:43:40+00:00,0.765
2026-04-05 20:44:54+00:00,0.765
2026-04-05 20:45:46+00:00,0.765
2026-04-05 20:46:41+00:00,0.765
2026-04-05 20:47:40+00:00,0.765
2026-04-05 20:48:53+00:00,0.765
2026-04-05 20:49:42+00:00,0.765
2026-04-05 20:50:45+00:00,0.765
2026-04-05 20:51:40+00:00,0.765
2026-04-05 20:52:54+00:00,0.765
2026-04-05 20:53:44+00:00,0.765
2026-04-05 20:54:48+00:00,0.765
2026-04-05 20:55:54+00:00,0.765
2026-04-05 20:56:47+00:00,0.765
2026-04-05 20:57:40+00:00,0.765
2026-04-05 20:58:41+00:00,0.765
2026-04-05 20:59:48+00:00,0.765
2026-04-05 21:01:04+00:00,0.765
2026-04-05 21:01:53+00:00,0.765
2026-04-05 21:02:42+00:00,0.765
2026-04-05 21:03:42+00:00,0.765
2026-04-05 21:04:41+00:00,0.765
2026-04-05 21:05:43+00:00,0.765
2026-04-05 21:06:42+00:00,0.765
2026-04-05 21:07:40+00:00,0.765
2026-04-05 21:08:39+00:00,0.765
2026-04-05 21:09:40+00:00,0.765
2026-04-05 21:10:43+00:00,0.765
2026-04-05 21:11:40+00:00,0.765
2026-04-05 21:12:39+00:00,0.765
2026-04-05 21:13:41+00:00,0.765
2026-04-05 21:14:41+00:00,0.765
2026-04-05 21:15:41+00:00,0.765
2026-04-05 21:16:40+00:00,0.76
2026-04-05 21:17:53+00:00,0.76
2026-04-05 21:18:42+00:00,0.76
2026-04-05 21:19:41+00:00,0.76
2026-04-05 21:20:44+00:00,0.76
2026-04-05 21:21:41+00:00,0.76
2026-04-05 21:22:40+00:00,0.76
2026-04-05 21:23:39+00:00,0.76
2026-04-05 21:24:42+00:00,0.76
2026-04-05 21:25:50+00:00,0.76
2026-04-05 21:26:49+00:00,0.76
2026-04-05 21:27:40+00:00,0.755
2026-04-05 21:28:40+00:00,0.765
2026-04-05 21:29:42+00:00,0.765
2026-04-05 21:30:51+00:00,0.765
2026-04-05 21:31:47+00:00,0.765
2026-04-05 21:32:55+00:00,0.765
2026-04-05 21:33:45+00:00,0.765
2026-04-05 21:34:42+00:00,0.765
2026-04-05 21:35:59+00:00,0.765
2026-04-05 21:36:50+00:00,0.765
2026-04-05 21:37:42+00:00,0.765
2026-04-05 21:38:42+00:00,0.765
2026-04-05 21:39:42+00:00,0.765
2026-04-05 21:40:44+00:00,0.765
2026-04-05 21:41:53+00:00,0.765
2026-04-05 21:42:42+00:00,0.765
2026-04-05 21:43:49+00:00,0.765
2026-04-05 21:44:49+00:00,0.765
2026-04-05 21:45:42+00:00,0.765
2026-04-05 21:46:58+00:00,0.765
2026-04-05 21:47:53+00:00,0.765
2026-04-05 21:48:44+00:00,0.765
2026-04-05 21:49:48+00:00,0.765
2026-04-05 21:50:44+00:00,0.765
2026-04-05 21:51:49+00:00,0.765
2026-04-05 21:52:59+00:00,0.765
2026-04-05 21:53:58+00:00,0.765
2026-04-05 21:54:54+00:00,0.765
2026-04-05 21:55:49+00:00,0.765
2026-04-05 21:56:50+00:00,0.765
2026-04-05 21:57:49+00:00,0.765
2026-04-05 21:58:48+00:00,0.765
2026-04-05 21:59:47+00:00,0.765
2026-04-05 22:00:59+00:00,0.765
2026-04-05 22:01:51+00:00,0.765
2026-04-05 22:02:40+00:00,0.765
2026-04-05 22:03:42+00:00,0.765
2026-04-05 22:04:43+00:00,0.765
2026-04-05 22:05:50+00:00,0.765
2026-04-05 22:06:50+00:00,0.765
2026-04-05 22:07:43+00:00,0.765
2026-04-05 22:08:48+00:00,0.765
2026-04-05 22:09:48+00:00,0.765
2026-04-05 22:10:50+00:00,0.765
2026-04-05 22:11:50+00:00,0.765
2026-04-05 22:12:45+00:00,0.765
2026-04-05 22:13:41+00:00,0.765
2026-04-05 22:14:42+00:00,0.765
2026-04-05 22:15:44+00:00,0.765
2026-04-05 22:16:44+00:00,0.765
2026-04-05 22:17:53+00:00,0.765
2026-04-05 22:18:54+00:00,0.765
2026-04-05 22:19:53+00:00,0.765
2026-04-05 22:20:59+00:00,0.765
2026-04-05 22:21:51+00:00,0.765
2026-04-05 22:22:47+00:00,0.765
2026-04-05 22:23:46+00:00,0.765
2026-04-05 22:24:43+00:00,0.765
2026-04-05 22:25:43+00:00,0.765
2026-04-05 22:26:44+00:00,0.765
2026-04-05 22:27:43+00:00,0.765
2026-04-05 22:28:50+00:00,0.765
2026-04-05 22:29:41+00:00,0.765
2026-04-05 22:30:55+00:00,0.765
2026-04-05 22:31:55+00:00,0.765
2026-04-05 22:32:53+00:00,0.765
2026-04-05 22:33:46+00:00,0.765
2026-04-05 22:34:42+00:00,0.765
2026-04-05 22:35:44+00:00,0.765
2026-04-05 22:36:43+00:00,0.765
2026-04-05 22:37:44+00:00,0.765
2026-04-05 22:38:53+00:00,0.765
2026-04-05 22:39:53+00:00,0.765
2026-04-05 22:40:51+00:00,0.765
2026-04-05 22:41:47+00:00,0.765
2026-04-05 22:42:42+00:00,0.765
2026-04-05 22:43:45+00:00,0.765
2026-04-05 22:44:42+00:00,0.765
2026-04-05 22:45:50+00:00,0.765
2026-04-05 22:46:49+00:00,0.765
2026-04-05 22:47:44+00:00,0.765
2026-04-05 22:48:41+00:00,0.765
2026-04-05 22:49:46+00:00,0.765
2026-04-05 22:50:46+00:00,0.765
2026-04-05 22:51:42+00:00,0.765
2026-04-05 22:52:42+00:00,0.765
2026-04-05 22:53:58+00:00,0.765
2026-04-05 22:54:57+00:00,0.765
2026-04-05 22:55:51+00:00,0.765
2026-04-05 22:56:50+00:00,0.765
2026-04-05 22:57:43+00:00,0.765
2026-04-05 22:58:41+00:00,0.765
2026-04-05 22:59:42+00:00,0.765
2026-04-05 23:00:54+00:00,0.765
2026-04-05 23:01:50+00:00,0.765
2026-04-05 23:02:40+00:00,0.765
2026-04-05 23:03:49+00:00,0.765
2026-04-05 23:04:59+00:00,0.765
2026-04-05 23:06:04+00:00,0.765
2026-04-05 23:06:54+00:00,0.765
2026-04-05 23:07:47+00:00,0.765
2026-04-05 23:08:41+00:00,0.765
2026-04-05 23:09:46+00:00,0.765
2026-04-05 23:10:48+00:00,0.765
2026-04-05 23:11:43+00:00,0.765
2026-04-05 23:12:45+00:00,0.765
2026-04-05 23:13:44+00:00,0.765
2026-04-05 23:14:40+00:00,0.765
2026-04-05 23:15:50+00:00,0.765
2026-04-05 23:16:45+00:00,0.765
2026-04-05 23:17:46+00:00,0.765
2026-04-05 23:18:55+00:00,0.765
2026-04-05 23:19:48+00:00,0.765
2026-04-05 23:21:03+00:00,0.765
2026-04-05 23:21:55+00:00,0.765
2026-04-05 23:22:48+00:00,0.765
2026-04-05 23:23:43+00:00,0.765
2026-04-05 23:24:44+00:00,0.765
2026-04-05 23:25:46+00:00,0.765
2026-04-05 23:26:44+00:00,0.765
2026-04-05 23:27:42+00:00,0.765
2026-04-05 23:28:44+00:00,0.765
2026-04-05 23:29:48+00:00,0.765
2026-04-05 23:30:59+00:00,0.765
2026-04-05 23:32:01+00:00,0.765
2026-04-05 23:32:52+00:00,0.765
2026-04-05 23:33:44+00:00,0.765
2026-04-05 23:34:44+00:00,0.765
2026-04-05 23:35:44+00:00,0.765
2026-04-05 23:36:50+00:00,0.765
2026-04-05 23:37:43+00:00,0.765
2026-04-05 23:38:43+00:00,0.765
2026-04-05 23:39:43+00:00,0.765
2026-04-05 23:40:46+00:00,0.765
2026-04-05 23:41:44+00:00,0.765
2026-04-05 23:42:45+00:00,0.765
2026-04-05 23:43:41+00:00,0.765
2026-04-05 23:44:45+00:00,0.765
2026-04-05 23:45:45+00:00,0.765
2026-04-05 23:46:42+00:00,0.765
2026-04-05 23:47:43+00:00,0.765
2026-04-05 23:48:43+00:00,0.765
2026-04-05 23:49:45+00:00,0.765
2026-04-05 23:50:58+00:00,0.765
2026-04-05 23:51:51+00:00,0.765
2026-04-05 23:52:43+00:00,0.765
2026-04-05 23:53:41+00:00,0.765
2026-04-05 23:54:43+00:00,0.765
2026-04-05 23:55:48+00:00,0.765
2026-04-05 23:57:03+00:00,0.765
2026-04-05 23:58:05+00:00,0.765
2026-04-05 23:58:57+00:00,0.765
2026-04-05 23:59:48+00:00,0.765
2026-04-06 00:01:02+00:00,0.765
2026-04-06 00:01:55+00:00,0.765
2026-04-06 00:02:45+00:00,0.765
2026-04-06 00:03:42+00:00,0.765
2026-04-06 00:04:42+00:00,0.765
2026-04-06 00:05:48+00:00,0.765
2026-04-06 00:06:47+00:00,0.765
2026-04-06 00:07:42+00:00,0.765
2026-04-06 00:08:58+00:00,0.765
2026-04-06 00:09:49+00:00,0.765
2026-04-06 00:10:46+00:00,0.765
2026-04-06 00:11:43+00:00,0.765
2026-04-06 00:12:42+00:00,0.765
2026-04-06 00:13:42+00:00,0.765
2026-04-06 00:14:42+00:00,0.765
2026-04-06 00:15:59+00:00,0.765
2026-04-06 00:16:51+00:00,0.765
2026-04-06 00:17:43+00:00,0.765
2026-04-06 00:18:42+00:00,0.765
2026-04-06 00:19:47+00:00,0.765
2026-04-06 00:20:47+00:00,0.765
2026-04-06 00:21:42+00:00,0.765
2026-04-06 00:22:43+00:00,0.765
2026-04-06 00:23:45+00:00,0.765
2026-04-06 00:24:42+00:00,0.765
2026-04-06 00:25:44+00:00,0.765
2026-04-06 00:26:41+00:00,0.765
2026-04-06 00:27:43+00:00,0.765
2026-04-06 00:28:43+00:00,0.765
2026-04-06 00:29:42+00:00,0.765
2026-04-06 00:30:52+00:00,0.765
2026-04-06 00:31:50+00:00,0.765
2026-04-06 00:32:43+00:00,0.765
2026-04-06 00:33:43+00:00,0.765
2026-04-06 00:34:40+00:00,0.765
2026-04-06 00:35:50+00:00,0.765
2026-04-06 00:36:41+00:00,0.765
2026-04-06 00:37:45+00:00,0.765
2026-04-06 00:38:43+00:00,0.765
2026-04-06 00:39:56+00:00,0.765
2026-04-06 00:40:53+00:00,0.765
2026-04-06 00:41:44+00:00,0.765
2026-04-06 00:42:57+00:00,0.765
2026-04-06 00:43:51+00:00,0.765
2026-04-06 00:44:43+00:00,0.765
2026-04-06 00:45:56+00:00,0.765
2026-04-06 00:46:57+00:00,0.765
2026-04-06 00:47:47+00:00,0.765
2026-04-06 00:48:46+00:00,0.765
2026-04-06 00:49:42+00:00,0.765
2026-04-06 00:50:45+00:00,0.765
2026-04-06 00:51:41+00:00,0.765
2026-04-06 00:52:42+00:00,0.755
2026-04-06 00:53:43+00:00,0.755
2026-04-06 00:54:42+00:00,0.755
2026-04-06 00:55:42+00:00,0.755
2026-04-06 00:56:42+00:00,0.755
2026-04-06 00:57:44+00:00,0.755
2026-04-06 00:58:45+00:00,0.755
2026-04-06 00:59:41+00:00,0.755
2026-04-06 01:00:52+00:00,0.755
2026-04-06 01:01:48+00:00,0.755
2026-04-06 01:02:41+00:00,0.755
2026-04-06 01:03:40+00:00,0.755
2026-04-06 01:04:42+00:00,0.755
2026-04-06 01:05:54+00:00,0.755
2026-04-06 01:06:45+00:00,0.755
2026-04-06 01:07:40+00:00,0.755
2026-04-06 01:08:42+00:00,0.755
2026-04-06 01:09:41+00:00,0.755
2026-04-06 01:10:44+00:00,0.755
2026-04-06 01:11:59+00:00,0.755
2026-04-06 01:12:56+00:00,0.755
2026-04-06 01:13:50+00:00,0.755
2026-04-06 01:14:57+00:00,0.755
2026-04-06 01:15:55+00:00,0.755
2026-04-06 01:16:52+00:00,0.755
2026-04-06 01:17:46+00:00,0.755
2026-04-06 01:18:42+00:00,0.755
2026-04-06 01:19:44+00:00,0.755
2026-04-06 01:20:47+00:00,0.755
2026-04-06 01:21:43+00:00,0.755
2026-04-06 01:22:46+00:00,0.755
2026-04-06 01:23:57+00:00,0.755
2026-04-06 01:24:46+00:00,0.755
2026-04-06 01:25:45+00:00,0.755
2026-04-06 01:26:43+00:00,0.755
2026-04-06 01:27:41+00:00,0.755
2026-04-06 01:28:53+00:00,0.755
2026-04-06 01:29:45+00:00,0.755
2026-04-06 01:31:00+00:00,0.755
2026-04-06 01:31:56+00:00,0.755
2026-04-06 01:32:46+00:00,0.755
2026-04-06 01:33:40+00:00,0.755
2026-04-06 01:34:40+00:00,0.755
2026-04-06 01:35:46+00:00,0.755
2026-04-06 01:36:43+00:00,0.755
2026-04-06 01:37:40+00:00,0.755
2026-04-06 01:38:42+00:00,0.755
2026-04-06 01:39:41+00:00,0.755
2026-04-06 01:40:45+00:00,0.755
2026-04-06 01:41:44+00:00,0.755
2026-04-06 01:42:42+00:00,0.755
2026-04-06 01:43:57+00:00,0.755
2026-04-06 01:44:46+00:00,0.755
2026-04-06 01:45:58+00:00,0.755
2026-04-06 01:46:53+00:00,0.755
2026-04-06 01:47:46+00:00,0.755
2026-04-06 01:48:46+00:00,0.755
2026-04-06 01:49:40+00:00,0.755
2026-04-06 01:50:46+00:00,0.755
2026-04-06 01:51:41+00:00,0.755
2026-04-06 01:52:43+00:00,0.755
2026-04-06 01:53:41+00:00,0.755
2026-04-06 01:54:53+00:00,0.755
2026-04-06 01:55:47+00:00,0.755
2026-04-06 01:56:46+00:00,0.755
2026-04-06 01:57:43+00:00,0.755
2026-04-06 01:58:41+00:00,0.755
2026-04-06 01:59:41+00:00,0.755
2026-04-06 02:00:55+00:00,0.755
2026-04-06 02:01:50+00:00,0.755
2026-04-06 02:02:42+00:00,0.755
2026-04-06 02:03:44+00:00,0.755
2026-04-06 02:04:46+00:00,0.755
2026-04-06 02:05:45+00:00,0.755
2026-04-06 02:06:45+00:00,0.755
2026-04-06 02:07:41+00:00,0.755
2026-04-06 02:08:41+00:00,0.755
2026-04-06 02:09:42+00:00,0.755
2026-04-06 02:10:46+00:00,0.755
2026-04-06 02:11:41+00:00,0.755
2026-04-06 02:12:52+00:00,0.755
2026-04-06 02:13:43+00:00,0.755
2026-04-06 02:14:44+00:00,0.755
2026-04-06 02:15:47+00:00,0.755
2026-04-06 02:16:46+00:00,0.755
2026-04-06 02:17:59+00:00,0.755
2026-04-06 02:18:52+00:00,0.755
2026-04-06 02:19:44+00:00,0.755
2026-04-06 02:20:44+00:00,0.755
2026-04-06 02:21:45+00:00,0.755
2026-04-06 02:22:46+00:00,0.755
2026-04-06 02:23:45+00:00,0.755
2026-04-06 02:24:41+00:00,0.755
2026-04-06 02:25:47+00:00,0.755
2026-04-06 02:26:44+00:00,0.755
2026-04-06 02:27:42+00:00,0.755
2026-04-06 02:28:42+00:00,0.755
2026-04-06 02:29:44+00:00,0.755
2026-04-06 02:30:51+00:00,0.755
2026-04-06 02:31:52+00:00,0.755
2026-04-06 02:32:46+00:00,0.755
2026-04-06 02:33:42+00:00,0.755
2026-04-06 02:34:44+00:00,0.755
2026-04-06 02:35:44+00:00,0.755
2026-04-06 02:36:43+00:00,0.755
2026-04-06 02:37:43+00:00,0.755
2026-04-06 02:38:43+00:00,0.755
2026-04-06 02:39:44+00:00,0.755
2026-04-06 02:40:45+00:00,0.755
2026-04-06 02:41:46+00:00,0.755
2026-04-06 02:42:42+00:00,0.755
2026-04-06 02:43:44+00:00,0.755
2026-04-06 02:44:44+00:00,0.755
2026-04-06 02:45:47+00:00,0.755
2026-04-06 02:46:42+00:00,0.755
2026-04-06 02:47:41+00:00,0.755
2026-04-06 02:48:52+00:00,0.755
2026-04-06 02:49:52+00:00,0.755
2026-04-06 02:50:47+00:00,0.755
2026-04-06 02:51:42+00:00,0.755
2026-04-06 02:52:48+00:00,0.755
2026-04-06 02:53:42+00:00,0.755
2026-04-06 02:54:46+00:00,0.755
2026-04-06 02:55:57+00:00,0.755
2026-04-06 02:56:49+00:00,0.755
2026-04-06 02:57:41+00:00,0.755
2026-04-06 02:58:58+00:00,0.755
2026-04-06 02:59:52+00:00,0.755
2026-04-06 03:00:58+00:00,0.755
2026-04-06 03:01:51+00:00,0.755
2026-04-06 03:02:55+00:00,0.755
2026-04-06 03:03:47+00:00,0.755
2026-04-06 03:04:46+00:00,0.755
2026-04-06 03:05:45+00:00,0.755
2026-04-06 03:06:45+00:00,0.755
2026-04-06 03:07:40+00:00,0.755
2026-04-06 03:08:43+00:00,0.755
2026-04-06 03:09:43+00:00,0.755
2026-04-06 03:10:44+00:00,0.755
2026-04-06 03:11:41+00:00,0.755
2026-04-06 03:12:43+00:00,0.755
2026-04-06 03:13:41+00:00,0.755
2026-04-06 03:14:43+00:00,0.755
2026-04-06 03:15:55+00:00,0.755
2026-04-06 03:16:49+00:00,0.755
2026-04-06 03:17:47+00:00,0.755
2026-04-06 03:18:47+00:00,0.755
2026-04-06 03:19:52+00:00,0.755
2026-04-06 03:20:46+00:00,0.755
2026-04-06 03:21:46+00:00,0.755
2026-04-06 03:22:41+00:00,0.755
2026-04-06 03:23:44+00:00,0.755
2026-04-06 03:24:41+00:00,0.755
2026-04-06 03:25:46+00:00,0.755
2026-04-06 03:26:40+00:00,0.755
2026-04-06 03:27:40+00:00,0.755
2026-04-06 03:28:42+00:00,0.755
2026-04-06 03:29:40+00:00,0.755
2026-04-06 03:30:54+00:00,0.755
2026-04-06 03:31:49+00:00,0.755
2026-04-06 03:32:40+00:00,0.755
2026-04-06 03:33:43+00:00,0.755
2026-04-06 03:34:40+00:00,0.755
2026-04-06 03:35:41+00:00,0.755
2026-04-06 03:36:41+00:00,0.755
2026-04-06 03:37:39+00:00,0.755
2026-04-06 03:38:40+00:00,0.755
2026-04-06 03:39:41+00:00,0.755
2026-04-06 03:40:42+00:00,0.755
2026-04-06 03:41:40+00:00,0.755
2026-04-06 03:42:39+00:00,0.755
2026-04-06 03:43:39+00:00,0.755
2026-04-06 03:44:42+00:00,0.755
2026-04-06 03:45:51+00:00,0.755
2026-04-06 03:46:46+00:00,0.755
2026-04-06 03:47:40+00:00,0.755
2026-04-06 03:48:41+00:00,0.755
2026-04-06 03:49:40+00:00,0.755
2026-04-06 03:50:42+00:00,0.755
2026-04-06 03:51:40+00:00,0.755
2026-04-06 03:52:39+00:00,0.755
2026-04-06 03:53:40+00:00,0.755
2026-04-06 03:54:40+00:00,0.755
2026-04-06 03:55:44+00:00,0.755
2026-04-06 03:56:40+00:00,0.755
2026-04-06 03:57:40+00:00,0.755
2026-04-06 03:59:01+00:00,0.755
2026-04-06 03:59:51+00:00,0.755
2026-04-06 04:00:50+00:00,0.755
2026-04-06 04:01:45+00:00,0.755
2026-04-06 04:02:39+00:00,0.755
2026-04-06 04:03:41+00:00,0.755
2026-04-06 04:04:55+00:00,0.755
2026-04-06 04:05:46+00:00,0.755
2026-04-06 04:06:41+00:00,0.755
2026-04-06 04:07:41+00:00,0.755
2026-04-06 04:08:39+00:00,0.755
2026-04-06 04:09:39+00:00,0.755
2026-04-06 04:10:42+00:00,0.755
2026-04-06 04:11:48+00:00,0.755
2026-04-06 04:12:43+00:00,0.755
2026-04-06 04:13:41+00:00,0.755
2026-04-06 04:14:41+00:00,0.755
2026-04-06 04:15:43+00:00,0.755
2026-04-06 04:16:40+00:00,0.755
2026-04-06 04:17:40+00:00,0.755
2026-04-06 04:18:42+00:00,0.755
2026-04-06 04:19:40+00:00,0.755
2026-04-06 04:20:43+00:00,0.755
2026-04-06 04:21:43+00:00,0.755
2026-04-06 04:22:40+00:00,0.755
2026-04-06 04:23:40+00:00,0.755
2026-04-06 04:24:42+00:00,0.755
2026-04-06 04:25:42+00:00,0.755
2026-04-06 04:26:43+00:00,0.755
2026-04-06 04:27:43+00:00,0.755
2026-04-06 04:28:40+00:00,0.755
2026-04-06 04:29:42+00:00,0.755
2026-04-06 04:30:49+00:00,0.755
2026-04-06 04:31:47+00:00,0.755
2026-04-06 04:32:41+00:00,0.755
2026-04-06 04:33:43+00:00,0.755
2026-04-06 04:34:44+00:00,0.765
2026-04-06 04:35:43+00:00,0.765
2026-04-06 04:37:02+00:00,0.765
2026-04-06 04:38:01+00:00,0.765
2026-04-06 04:38:53+00:00,0.765
2026-04-06 04:39:44+00:00,0.765
2026-04-06 04:40:47+00:00,0.765
2026-04-06 04:41:42+00:00,0.765
2026-04-06 04:42:43+00:00,0.765
2026-04-06 04:43:41+00:00,0.765
2026-04-06 04:44:41+00:00,0.765
2026-04-06 04:45:43+00:00,0.765
2026-04-06 04:46:42+00:00,0.765
2026-04-06 04:47:40+00:00,0.765
2026-04-06 04:48:39+00:00,0.765
2026-04-06 04:49:54+00:00,0.765
2026-04-06 04:50:47+00:00,0.765
2026-04-06 04:51:42+00:00,0.765
2026-04-06 04:52:39+00:00,0.765
2026-04-06 04:53:54+00:00,0.765
2026-04-06 04:54:44+00:00,0.765
2026-04-06 04:55:42+00:00,0.765
2026-04-06 04:56:41+00:00,0.765
2026-04-06 04:57:40+00:00,0.765
2026-04-06 04:58:54+00:00,0.765
2026-04-06 04:59:43+00:00,0.765
2026-04-06 05:00:52+00:00,0.765
2026-04-06 05:01:50+00:00,0.765
2026-04-06 05:02:43+00:00,0.765
2026-04-06 05:03:47+00:00,0.765
2026-04-06 05:04:40+00:00,0.765
2026-04-06 05:05:46+00:00,0.765
2026-04-06 05:06:42+00:00,0.765
2026-04-06 05:07:44+00:00,0.765
2026-04-06 05:08:43+00:00,0.765
2026-04-06 05:09:40+00:00,0.765
2026-04-06 05:10:46+00:00,0.765
2026-04-06 05:11:42+00:00,0.765
2026-04-06 05:12:40+00:00,0.765
2026-04-06 05:13:40+00:00,0.765
2026-04-06 05:14:41+00:00,0.765
2026-04-06 05:15:45+00:00,0.765
2026-04-06 05:16:55+00:00,0.765
2026-04-06 05:17:44+00:00,0.765
2026-04-06 05:18:40+00:00,0.765
2026-04-06 05:19:42+00:00,0.765
2026-04-06 05:20:44+00:00,0.765
2026-04-06 05:21:41+00:00,0.765
2026-04-06 05:22:47+00:00,0.765
2026-04-06 05:23:47+00:00,0.765
2026-04-06 05:24:42+00:00,0.765
2026-04-06 05:25:46+00:00,0.765
2026-04-06 05:26:45+00:00,0.765
2026-04-06 05:27:41+00:00,0.765
2026-04-06 05:28:41+00:00,0.765
2026-04-06 05:29:42+00:00,0.765
2026-04-06 05:30:49+00:00,0.765
2026-04-06 05:31:48+00:00,0.765
2026-04-06 05:32:58+00:00,0.765
2026-04-06 05:33:50+00:00,0.765
2026-04-06 05:34:45+00:00,0.765
2026-04-06 05:35:43+00:00,0.765
2026-04-06 05:36:43+00:00,0.765
2026-04-06 05:37:43+00:00,0.765
2026-04-06 05:38:47+00:00,0.765
2026-04-06 05:39:46+00:00,0.765
2026-04-06 05:40:44+00:00,0.765
2026-04-06 05:41:41+00:00,0.765
2026-04-06 05:42:45+00:00,0.765
2026-04-06 05:43:41+00:00,0.765
2026-04-06 05:44:42+00:00,0.765
2026-04-06 05:45:44+00:00,0.765
2026-04-06 05:46:41+00:00,0.765
2026-04-06 05:47:41+00:00,0.765
2026-04-06 05:48:55+00:00,0.765
2026-04-06 05:49:46+00:00,0.765
2026-04-06 05:50:43+00:00,0.765
2026-04-06 05:51:42+00:00,0.765
2026-04-06 05:52:40+00:00,0.765
2026-04-06 05:53:41+00:00,0.765
2026-04-06 05:54:43+00:00,0.765
2026-04-06 05:55:44+00:00,0.765
2026-04-06 05:56:41+00:00,0.765
2026-04-06 05:57:43+00:00,0.765
2026-04-06 05:58:57+00:00,0.765
2026-04-06 05:59:51+00:00,0.765
2026-04-06 06:01:03+00:00,0.765
2026-04-06 06:01:53+00:00,0.765
2026-04-06 06:02:41+00:00,0.765
2026-04-06 06:03:42+00:00,0.765
2026-04-06 06:04:48+00:00,0.765
2026-04-06 06:05:53+00:00,0.765
2026-04-06 06:06:49+00:00,0.765
2026-04-06 06:07:54+00:00,0.765
2026-04-06 06:08:42+00:00,0.765
2026-04-06 06:09:52+00:00,0.765
2026-04-06 06:10:49+00:00,0.765
2026-04-06 06:11:44+00:00,0.765
2026-04-06 06:12:41+00:00,0.765
2026-04-06 06:13:41+00:00,0.765
2026-04-06 06:14:41+00:00,0.765
2026-04-06 06:15:45+00:00,0.765
2026-04-06 06:16:40+00:00,0.765
2026-04-06 06:17:41+00:00,0.765
2026-04-06 06:18:48+00:00,0.765
2026-04-06 06:19:47+00:00,0.765
2026-04-06 06:20:45+00:00,0.765
2026-04-06 06:21:41+00:00,0.765
2026-04-06 06:22:54+00:00,0.765
2026-04-06 06:23:46+00:00,0.765
2026-04-06 06:24:41+00:00,0.765
2026-04-06 06:25:42+00:00,0.765
2026-04-06 06:26:41+00:00,0.765
2026-04-06 06:27:55+00:00,0.765
2026-04-06 06:28:47+00:00,0.765
2026-04-06 06:29:54+00:00,0.765
2026-04-06 06:30:54+00:00,0.765
2026-04-06 06:31:51+00:00,0.765
2026-04-06 06:32:42+00:00,0.765
2026-04-06 06:33:42+00:00,0.765
2026-04-06 06:35:06+00:00,0.765
2026-04-06 06:36:16+00:00,0.765
2026-04-06 06:37:06+00:00,0.765
2026-04-06 06:37:59+00:00,0.765
2026-04-06 06:38:53+00:00,0.765
2026-04-06 06:39:48+00:00,0.765
2026-04-06 06:41:00+00:00,0.765
2026-04-06 06:41:51+00:00,0.765
2026-04-06 06:42:44+00:00,0.765
2026-04-06 06:43:41+00:00,0.765
2026-04-06 06:44:41+00:00,0.765
2026-04-06 06:45:43+00:00,0.765
2026-04-06 06:46:41+00:00,0.765
2026-04-06 06:47:42+00:00,0.765
2026-04-06 06:48:40+00:00,0.765
2026-04-06 06:49:42+00:00,0.765
2026-04-06 06:50:43+00:00,0.765
2026-04-06 06:51:41+00:00,0.765
2026-04-06 06:52:44+00:00,0.765
2026-04-06 06:53:39+00:00,0.765
2026-04-06 06:54:40+00:00,0.765
2026-04-06 06:55:53+00:00,0.765
2026-04-06 06:56:42+00:00,0.765
2026-04-06 06:57:42+00:00,0.765
2026-04-06 06:58:40+00:00,0.765
2026-04-06 06:59:40+00:00,0.765
2026-04-06 07:00:50+00:00,0.765
2026-04-06 07:02:01+00:00,0.765
2026-04-06 07:02:54+00:00,0.765
2026-04-06 07:03:46+00:00,0.765
2026-04-06 07:04:42+00:00,0.765
2026-04-06 07:05:47+00:00,0.765
2026-04-06 07:06:41+00:00,0.765
2026-04-06 07:07:41+00:00,0.765
2026-04-06 07:08:53+00:00,0.765
2026-04-06 07:09:43+00:00,0.765
2026-04-06 07:10:45+00:00,0.765
2026-04-06 07:11:40+00:00,0.765
2026-04-06 07:12:40+00:00,0.765
2026-04-06 07:13:41+00:00,0.765
2026-04-06 07:14:39+00:00,0.765
2026-04-06 07:15:57+00:00,0.765
2026-04-06 07:16:55+00:00,0.765
2026-04-06 07:17:55+00:00,0.765
2026-04-06 07:18:44+00:00,0.765
2026-04-06 07:19:41+00:00,0.765
2026-04-06 07:20:41+00:00,0.765
2026-04-06 07:21:42+00:00,0.765
2026-04-06 07:22:41+00:00,0.765
2026-04-06 07:23:54+00:00,0.765
2026-04-06 07:24:43+00:00,0.765
2026-04-06 07:25:42+00:00,0.765
2026-04-06 07:26:41+00:00,0.765
2026-04-06 07:28:02+00:00,0.765
2026-04-06 07:28:59+00:00,0.765
2026-04-06 07:29:50+00:00,0.765
2026-04-06 07:30:51+00:00,0.765
2026-04-06 07:31:46+00:00,0.765
2026-04-06 07:32:40+00:00,0.765
2026-04-06 07:33:41+00:00,0.765
2026-04-06 07:34:45+00:00,0.765
2026-04-06 07:35:42+00:00,0.765
2026-04-06 07:36:41+00:00,0.765
2026-04-06 07:37:42+00:00,0.765
2026-04-06 07:38:43+00:00,0.765
2026-04-06 07:39:46+00:00,0.765
2026-04-06 07:40:43+00:00,0.765
2026-04-06 07:41:43+00:00,0.765
2026-04-06 07:42:42+00:00,0.765
2026-04-06 07:43:39+00:00,0.765
2026-04-06 07:44:50+00:00,0.765
2026-04-06 07:45:56+00:00,0.765
2026-04-06 07:46:49+00:00,0.765
2026-04-06 07:47:42+00:00,0.765
2026-04-06 07:48:41+00:00,0.765
2026-04-06 07:49:43+00:00,0.765
2026-04-06 07:50:43+00:00,0.765
2026-04-06 07:51:41+00:00,0.765
2026-04-06 07:52:41+00:00,0.765
2026-04-06 07:53:44+00:00,0.765
2026-04-06 07:54:41+00:00,0.765
2026-04-06 07:55:42+00:00,0.765
2026-04-06 07:56:39+00:00,0.765
2026-04-06 07:57:41+00:00,0.765
2026-04-06 07:58:39+00:00,0.765
2026-04-06 07:59:40+00:00,0.765
2026-04-06 08:00:49+00:00,0.765
2026-04-06 08:01:48+00:00,0.765
2026-04-06 08:02:40+00:00,0.765
2026-04-06 08:03:42+00:00,0.765
2026-04-06 08:04:42+00:00,0.765
2026-04-06 08:05:58+00:00,0.765
2026-04-06 08:06:48+00:00,0.765
2026-04-06 08:07:41+00:00,0.765
2026-04-06 08:08:40+00:00,0.765
2026-04-06 08:09:42+00:00,0.765
2026-04-06 08:10:51+00:00,0.765
2026-04-06 08:11:51+00:00,0.765
2026-04-06 08:12:42+00:00,0.765
2026-04-06 08:13:40+00:00,0.765
2026-04-06 08:14:42+00:00,0.765
2026-04-06 08:15:42+00:00,0.765
2026-04-06 08:16:43+00:00,0.765
2026-04-06 08:17:42+00:00,0.765
2026-04-06 08:18:41+00:00,0.765
2026-04-06 08:19:40+00:00,0.765
2026-04-06 08:20:44+00:00,0.765
2026-04-06 08:21:40+00:00,0.765
2026-04-06 08:22:39+00:00,0.765
2026-04-06 08:23:39+00:00,0.765
2026-04-06 08:24:54+00:00,0.765
2026-04-06 08:25:47+00:00,0.765
2026-04-06 08:26:41+00:00,0.765
2026-04-06 08:27:42+00:00,0.765
2026-04-06 08:28:42+00:00,0.765
2026-04-06 08:29:41+00:00,0.765
2026-04-06 08:30:47+00:00,0.765
2026-04-06 08:31:45+00:00,0.765
2026-04-06 08:32:47+00:00,0.765
2026-04-06 08:33:46+00:00,0.765
2026-04-06 08:34:42+00:00,0.765
2026-04-06 08:35:43+00:00,0.765
2026-04-06 08:36:40+00:00,0.765
2026-04-06 08:37:42+00:00,0.765
2026-04-06 08:38:40+00:00,0.765
2026-04-06 08:39:57+00:00,0.765
2026-04-06 08:40:55+00:00,0.765
2026-04-06 08:41:45+00:00,0.765
2026-04-06 08:42:47+00:00,0.765
2026-04-06 08:43:54+00:00,0.765
2026-04-06 08:44:46+00:00,0.765
2026-04-06 08:45:44+00:00,0.765
2026-04-06 08:46:46+00:00,0.765
2026-04-06 08:47:42+00:00,0.765
2026-04-06 08:48:54+00:00,0.765
2026-04-06 08:49:46+00:00,0.765
2026-04-06 08:50:49+00:00,0.765
2026-04-06 08:51:42+00:00,0.765
2026-04-06 08:52:40+00:00,0.765
2026-04-06 08:53:42+00:00,0.765
2026-04-06 08:54:48+00:00,0.765
2026-04-06 08:55:51+00:00,0.765
2026-04-06 08:56:42+00:00,0.765
2026-04-06 08:57:42+00:00,0.765
2026-04-06 08:58:42+00:00,0.765
2026-04-06 08:59:56+00:00,0.765
2026-04-06 09:01:04+00:00,0.765
2026-04-06 09:01:52+00:00,0.765
2026-04-06 09:02:43+00:00,0.765
2026-04-06 09:03:43+00:00,0.765
2026-04-06 09:04:45+00:00,0.765
2026-04-06 09:05:43+00:00,0.765
2026-04-06 09:06:40+00:00,0.765
2026-04-06 09:07:41+00:00,0.765
2026-04-06 09:08:39+00:00,0.765
2026-04-06 09:09:40+00:00,0.765
2026-04-06 09:10:56+00:00,0.765
2026-04-06 09:11:45+00:00,0.765
2026-04-06 09:12:40+00:00,0.765
2026-04-06 09:13:41+00:00,0.765
2026-04-06 09:14:41+00:00,0.765
2026-04-06 09:15:43+00:00,0.765
2026-04-06 09:16:40+00:00,0.765
2026-04-06 09:17:41+00:00,0.765
2026-04-06 09:18:52+00:00,0.765
2026-04-06 09:19:42+00:00,0.765
2026-04-06 09:20:52+00:00,0.765
2026-04-06 09:21:55+00:00,0.765
2026-04-06 09:22:49+00:00,0.765
2026-04-06 09:23:41+00:00,0.765
2026-04-06 09:24:40+00:00,0.765
2026-04-06 09:25:43+00:00,0.765
2026-04-06 09:26:43+00:00,0.765
2026-04-06 09:27:46+00:00,0.765
2026-04-06 09:28:44+00:00,0.765
2026-04-06 09:29:53+00:00,0.765
2026-04-06 09:30:51+00:00,0.765
2026-04-06 09:31:46+00:00,0.765
2026-04-06 09:32:41+00:00,0.765
2026-04-06 09:33:40+00:00,0.765
2026-04-06 09:34:40+00:00,0.765
2026-04-06 09:35:42+00:00,0.765
2026-04-06 09:36:40+00:00,0.765
2026-04-06 09:37:40+00:00,0.765
2026-04-06 09:38:40+00:00,0.765
2026-04-06 09:39:41+00:00,0.765
2026-04-06 09:40:42+00:00,0.765
2026-04-06 09:41:41+00:00,0.765
2026-04-06 09:42:48+00:00,0.765
2026-04-06 09:43:44+00:00,0.765
2026-04-06 09:44:40+00:00,0.765
2026-04-06 09:45:45+00:00,0.765
2026-04-06 09:46:46+00:00,0.765
2026-04-06 09:47:42+00:00,0.765
2026-04-06 09:48:41+00:00,0.765
2026-04-06 09:49:53+00:00,0.765
2026-04-06 09:50:45+00:00,0.765
2026-04-06 09:51:40+00:00,0.765
2026-04-06 09:52:40+00:00,0.765
2026-04-06 09:53:41+00:00,0.765
2026-04-06 09:54:42+00:00,0.765
2026-04-06 09:55:43+00:00,0.765
2026-04-06 09:56:39+00:00,0.765
2026-04-06 09:57:42+00:00,0.765
2026-04-06 09:58:41+00:00,0.765
2026-04-06 09:59:43+00:00,0.765
2026-04-06 10:00:47+00:00,0.765
2026-04-06 10:01:45+00:00,0.765
2026-04-06 10:02:43+00:00,0.765
2026-04-06 10:03:44+00:00,0.765
2026-04-06 10:04:41+00:00,0.765
2026-04-06 10:06:01+00:00,0.765
2026-04-06 10:07:06+00:00,0.765
2026-04-06 10:08:00+00:00,0.765
2026-04-06 10:08:55+00:00,0.765
2026-04-06 10:09:44+00:00,0.765
2026-04-06 10:10:43+00:00,0.765
2026-04-06 10:11:41+00:00,0.765
2026-04-06 10:12:41+00:00,0.765
2026-04-06 10:13:42+00:00,0.765
2026-04-06 10:14:41+00:00,0.765
2026-04-06 10:15:43+00:00,0.765
2026-04-06 10:16:41+00:00,0.765
2026-04-06 10:17:54+00:00,0.765
2026-04-06 10:18:44+00:00,0.765
2026-04-06 10:19:43+00:00,0.765
2026-04-06 10:20:42+00:00,0.765
2026-04-06 10:21:40+00:00,0.765
2026-04-06 10:22:51+00:00,0.765
2026-04-06 10:23:41+00:00,0.765
2026-04-06 10:24:41+00:00,0.765
2026-04-06 10:25:44+00:00,0.765
2026-04-06 10:26:40+00:00,0.765
2026-04-06 10:27:41+00:00,0.765
2026-04-06 10:28:41+00:00,0.765
2026-04-06 10:29:41+00:00,0.765
2026-04-06 10:30:49+00:00,0.765
2026-04-06 10:31:59+00:00,0.765
2026-04-06 10:32:49+00:00,0.765
2026-04-06 10:33:41+00:00,0.765
2026-04-06 10:34:42+00:00,0.765
2026-04-06 10:35:43+00:00,0.765
2026-04-06 10:36:40+00:00,0.765
2026-04-06 10:37:42+00:00,0.765
2026-04-06 10:38:40+00:00,0.765
2026-04-06 10:39:41+00:00,0.765
2026-04-06 10:40:41+00:00,0.765
2026-04-06 10:41:41+00:00,0.765
2026-04-06 10:42:39+00:00,0.765
2026-04-06 10:43:39+00:00,0.765
2026-04-06 10:44:42+00:00,0.765
2026-04-06 10:46:01+00:00,0.765
2026-04-06 10:47:02+00:00,0.765
2026-04-06 10:47:52+00:00,0.765
2026-04-06 10:48:41+00:00,0.765
2026-04-06 10:49:40+00:00,0.765
2026-04-06 10:50:43+00:00,0.765
2026-04-06 10:51:41+00:00,0.765
2026-04-06 10:52:51+00:00,0.765
2026-04-06 10:53:40+00:00,0.765
2026-04-06 10:54:42+00:00,0.765
2026-04-06 10:55:42+00:00,0.765
2026-04-06 10:56:40+00:00,0.765
2026-04-06 10:57:41+00:00,0.765
2026-04-06 10:58:41+00:00,0.765
2026-04-06 10:59:41+00:00,0.765
2026-04-06 11:00:49+00:00,0.765
2026-04-06 11:01:47+00:00,0.765
2026-04-06 11:02:42+00:00,0.765
2026-04-06 11:03:40+00:00,0.765
2026-04-06 11:04:53+00:00,0.765
2026-04-06 11:05:46+00:00,0.765
2026-04-06 11:06:40+00:00,0.765
2026-04-06 11:07:40+00:00,0.765
2026-04-06 11:08:40+00:00,0.765
2026-04-06 11:09:40+00:00,0.765
2026-04-06 11:10:56+00:00,0.765
2026-04-06 11:11:54+00:00,0.765
2026-04-06 11:12:55+00:00,0.765
2026-04-06 11:13:44+00:00,0.765
2026-04-06 11:14:42+00:00,0.765
2026-04-06 11:15:44+00:00,0.765
2026-04-06 11:16:56+00:00,0.765
2026-04-06 11:17:45+00:00,0.765
2026-04-06 11:18:42+00:00,0.765
2026-04-06 11:19:42+00:00,0.765
2026-04-06 11:20:41+00:00,0.765
2026-04-06 11:21:40+00:00,0.765
2026-04-06 11:22:39+00:00,0.765
2026-04-06 11:23:38+00:00,0.765
2026-04-06 11:24:40+00:00,0.765
2026-04-06 11:25:43+00:00,0.765
2026-04-06 11:26:40+00:00,0.765
2026-04-06 11:27:43+00:00,0.765
2026-04-06 11:28:41+00:00,0.765
2026-04-06 11:29:56+00:00,0.765
2026-04-06 11:31:03+00:00,0.765
2026-04-06 11:31:53+00:00,0.765
2026-04-06 11:32:41+00:00,0.765
2026-04-06 11:33:41+00:00,0.765
2026-04-06 11:34:41+00:00,0.765
2026-04-06 11:35:43+00:00,0.765
2026-04-06 11:36:42+00:00,0.765
2026-04-06 11:37:48+00:00,0.765
2026-04-06 11:38:50+00:00,0.765
2026-04-06 11:39:52+00:00,0.765
2026-04-06 11:40:48+00:00,0.765
2026-04-06 11:41:43+00:00,0.765
2026-04-06 11:42:41+00:00,0.765
2026-04-06 11:43:43+00:00,0.765
2026-04-06 11:44:42+00:00,0.765
2026-04-06 11:45:44+00:00,0.765
2026-04-06 11:46:41+00:00,0.765
2026-04-06 11:47:41+00:00,0.765
2026-04-06 11:48:51+00:00,0.765
2026-04-06 11:49:52+00:00,0.765
2026-04-06 11:50:43+00:00,0.765
2026-04-06 11:51:40+00:00,0.765
2026-04-06 11:52:40+00:00,0.765
2026-04-06 11:53:42+00:00,0.765
2026-04-06 11:54:52+00:00,0.765
2026-04-06 11:55:43+00:00,0.765
2026-04-06 11:56:41+00:00,0.765
2026-04-06 11:57:43+00:00,0.765
2026-04-06 11:58:40+00:00,0.765
2026-04-06 11:59:40+00:00,0.765
2026-04-06 12:01:00+00:00,0.765
2026-04-06 12:01:48+00:00,0.765
2026-04-06 12:02:41+00:00,0.765
2026-04-06 12:03:49+00:00,0.765
2026-04-06 12:04:49+00:00,0.765
2026-04-06 12:05:53+00:00,0.765
2026-04-06 12:06:48+00:00,0.765
2026-04-06 12:07:52+00:00,0.765
2026-04-06 12:08:49+00:00,0.765
2026-04-06 12:09:48+00:00,0.765
2026-04-06 12:10:44+00:00,0.765
2026-04-06 12:11:44+00:00,0.765
2026-04-06 12:12:54+00:00,0.765
2026-04-06 12:13:44+00:00,0.765
2026-04-06 12:14:42+00:00,0.765
2026-04-06 12:15:43+00:00,0.765
2026-04-06 12:16:41+00:00,0.765
2026-04-06 12:17:41+00:00,0.765
2026-04-06 12:18:42+00:00,0.765
2026-04-06 12:19:41+00:00,0.765
2026-04-06 12:20:55+00:00,0.765
2026-04-06 12:21:46+00:00,0.765
2026-04-06 12:22:43+00:00,0.765
2026-04-06 12:23:42+00:00,0.765
2026-04-06 12:24:41+00:00,0.765
2026-04-06 12:25:44+00:00,0.765
2026-04-06 12:26:42+00:00,0.765
2026-04-06 12:27:42+00:00,0.765
2026-04-06 12:28:43+00:00,0.765
2026-04-06 12:29:48+00:00,0.765
2026-04-06 12:31:01+00:00,0.765
2026-04-06 12:31:51+00:00,0.765
2026-04-06 12:32:43+00:00,0.765
2026-04-06 12:33:42+00:00,0.765
2026-04-06 12:34:44+00:00,0.765
2026-04-06 12:35:56+00:00,0.765
2026-04-06 12:36:47+00:00,0.765
2026-04-06 12:37:42+00:00,0.765
2026-04-06 12:38:40+00:00,0.765
2026-04-06 12:39:41+00:00,0.765
2026-04-06 12:40:46+00:00,0.765
2026-04-06 12:41:45+00:00,0.765
2026-04-06 12:42:45+00:00,0.765
2026-04-06 12:43:41+00:00,0.765
2026-04-06 12:44:41+00:00,0.765
2026-04-06 12:45:45+00:00,0.765
2026-04-06 12:46:43+00:00,0.765
2026-04-06 12:47:43+00:00,0.765
2026-04-06 12:48:41+00:00,0.765
2026-04-06 12:49:41+00:00,0.765
2026-04-06 12:50:41+00:00,0.765
2026-04-06 12:51:40+00:00,0.765
2026-04-06 12:52:40+00:00,0.765
2026-04-06 12:53:48+00:00,0.765
2026-04-06 12:54:50+00:00,0.765
2026-04-06 12:55:45+00:00,0.755
2026-04-06 12:56:41+00:00,0.755
2026-04-06 12:57:42+00:00,0.755
2026-04-06 12:58:40+00:00,0.755
2026-04-06 12:59:41+00:00,0.755
2026-04-06 13:00:49+00:00,0.755
2026-04-06 13:01:49+00:00,0.755
2026-04-06 13:02:41+00:00,0.755
2026-04-06 13:03:41+00:00,0.755
2026-04-06 13:04:41+00:00,0.755
2026-04-06 13:05:44+00:00,0.755
2026-04-06 13:06:40+00:00,0.755
2026-04-06 13:07:42+00:00,0.755
2026-04-06 13:08:43+00:00,0.755
2026-04-06 13:09:41+00:00,0.755
2026-04-06 13:10:45+00:00,0.755
2026-04-06 13:11:43+00:00,0.755
2026-04-06 13:12:42+00:00,0.755
2026-04-06 13:13:49+00:00,0.755
2026-04-06 13:14:49+00:00,0.755
2026-04-06 13:15:46+00:00,0.755
2026-04-06 13:16:55+00:00,0.755
2026-04-06 13:17:46+00:00,0.755
2026-04-06 13:18:43+00:00,0.755
2026-04-06 13:19:41+00:00,0.755
2026-04-06 13:20:44+00:00,0.755
2026-04-06 13:21:41+00:00,0.755
2026-04-06 13:22:42+00:00,0.755
2026-04-06 13:23:57+00:00,0.755
2026-04-06 13:24:47+00:00,0.755
2026-04-06 13:25:42+00:00,0.755
2026-04-06 13:26:43+00:00,0.755
2026-04-06 13:27:41+00:00,0.755
2026-04-06 13:28:41+00:00,0.755
2026-04-06 13:29:41+00:00,0.755
2026-04-06 13:30:50+00:00,0.755
2026-04-06 13:31:47+00:00,0.755
2026-04-06 13:32:43+00:00,0.755
2026-04-06 13:33:43+00:00,0.755
2026-04-06 13:34:40+00:00,0.755
2026-04-06 13:35:46+00:00,0.755
2026-04-06 13:36:41+00:00,0.755
2026-04-06 13:37:45+00:00,0.755
2026-04-06 13:38:47+00:00,0.755
2026-04-06 13:39:52+00:00,0.755
2026-04-06 13:41:00+00:00,0.755
2026-04-06 13:41:53+00:00,0.755
2026-04-06 13:42:49+00:00,0.755
2026-04-06 13:43:56+00:00,0.755
2026-04-06 13:44:48+00:00,0.755
2026-04-06 13:45:46+00:00,0.755
2026-04-06 13:46:47+00:00,0.755
2026-04-06 13:47:46+00:00,0.755
2026-04-06 13:48:43+00:00,0.755
2026-04-06 13:49:47+00:00,0.755
2026-04-06 13:50:45+00:00,0.755
2026-04-06 13:51:43+00:00,0.755
2026-04-06 13:52:54+00:00,0.755
2026-04-06 13:53:46+00:00,0.755
2026-04-06 13:54:45+00:00,0.755
2026-04-06 13:55:50+00:00,0.755
2026-04-06 13:56:44+00:00,0.755
2026-04-06 13:57:43+00:00,0.755
2026-04-06 13:58:43+00:00,0.755
2026-04-06 13:59:44+00:00,0.755
2026-04-06 14:00:50+00:00,0.755
2026-04-06 14:01:51+00:00,0.755
2026-04-06 14:02:42+00:00,0.755
2026-04-06 14:03:43+00:00,0.755
2026-04-06 14:04:42+00:00,0.755
2026-04-06 14:06:10+00:00,0.755
2026-04-06 14:07:13+00:00,0.755
2026-04-06 14:08:06+00:00,0.755
2026-04-06 14:09:05+00:00,0.755
2026-04-06 14:09:57+00:00,0.755
2026-04-06 14:10:54+00:00,0.755
2026-04-06 14:11:47+00:00,0.755
2026-04-06 14:12:45+00:00,0.755
2026-04-06 14:13:44+00:00,0.755
2026-04-06 14:14:43+00:00,0.755
2026-04-06 14:15:46+00:00,0.755
2026-04-06 14:16:42+00:00,0.755
2026-04-06 14:17:44+00:00,0.755
2026-04-06 14:18:49+00:00,0.755
2026-04-06 14:19:44+00:00,0.755
2026-04-06 14:20:44+00:00,0.755
2026-04-06 14:21:43+00:00,0.755
2026-04-06 14:22:42+00:00,0.755
2026-04-06 14:23:46+00:00,0.755
2026-04-06 14:24:47+00:00,0.755
2026-04-06 14:25:43+00:00,0.755
2026-04-06 14:26:48+00:00,0.755
2026-04-06 14:27:42+00:00,0.755
2026-04-06 14:28:41+00:00,0.755
2026-04-06 14:29:43+00:00,0.755
2026-04-06 14:30:52+00:00,0.755
2026-04-06 14:31:59+00:00,0.755
2026-04-06 14:32:59+00:00,0.755
2026-04-06 14:33:53+00:00,0.755
2026-04-06 14:34:52+00:00,0.755
2026-04-06 14:35:58+00:00,0.755
2026-04-06 14:36:58+00:00,0.755
2026-04-06 14:38:01+00:00,0.755
2026-04-06 14:38:54+00:00,0.755
2026-04-06 14:39:46+00:00,0.755
2026-04-06 14:40:49+00:00,0.755
2026-04-06 14:41:45+00:00,0.755
2026-04-06 14:42:41+00:00,0.755
2026-04-06 14:43:40+00:00,0.755
2026-04-06 14:44:42+00:00,0.755
2026-04-06 14:45:44+00:00,0.755
2026-04-06 14:46:40+00:00,0.755
2026-04-06 14:47:44+00:00,0.755
2026-04-06 14:48:42+00:00,0.755
2026-04-06 14:49:43+00:00,0.755
2026-04-06 14:50:43+00:00,0.755
2026-04-06 14:51:46+00:00,0.755
2026-04-06 14:52:43+00:00,0.755
2026-04-06 14:53:44+00:00,0.755
2026-04-06 14:54:42+00:00,0.755
2026-04-06 14:55:42+00:00,0.755
2026-04-06 14:56:45+00:00,0.755
2026-04-06 14:57:49+00:00,0.755
2026-04-06 14:58:51+00:00,0.755
2026-04-06 14:59:48+00:00,0.755
2026-04-06 15:00:57+00:00,0.755
2026-04-06 15:02:02+00:00,0.755
2026-04-06 15:03:01+00:00,0.755
2026-04-06 15:04:00+00:00,0.755
2026-04-06 15:04:51+00:00,0.755
2026-04-06 15:05:53+00:00,0.755
2026-04-06 15:06:50+00:00,0.755
2026-04-06 15:07:48+00:00,0.755
2026-04-06 15:08:41+00:00,0.755
2026-04-06 15:09:52+00:00,0.755
2026-04-06 15:10:55+00:00,0.755
2026-04-06 15:11:53+00:00,0.755
2026-04-06 15:12:52+00:00,0.755
2026-04-06 15:13:47+00:00,0.755
2026-04-06 15:14:49+00:00,0.755
2026-04-06 15:15:44+00:00,0.755
2026-04-06 15:16:42+00:00,0.755
2026-04-06 15:17:47+00:00,0.755
2026-04-06 15:18:47+00:00,0.755
2026-04-06 15:19:44+00:00,0.755
2026-04-06 15:20:44+00:00,0.755
2026-04-06 15:21:42+00:00,0.755
2026-04-06 15:22:45+00:00,0.755
2026-04-06 15:23:43+00:00,0.755
2026-04-06 15:24:49+00:00,0.755
2026-04-06 15:25:48+00:00,0.755
2026-04-06 15:26:48+00:00,0.755
2026-04-06 15:27:53+00:00,0.755
2026-04-06 15:28:59+00:00,0.755
2026-04-06 15:29:54+00:00,0.755
2026-04-06 15:31:01+00:00,0.755
2026-04-06 15:31:52+00:00,0.755
2026-04-06 15:32:46+00:00,0.755
2026-04-06 15:33:49+00:00,0.755
2026-04-06 15:34:45+00:00,0.755
2026-04-06 15:35:51+00:00,0.755
2026-04-06 15:36:45+00:00,0.755
2026-04-06 15:37:44+00:00,0.755
2026-04-06 15:38:44+00:00,0.755
2026-04-06 15:39:45+00:00,0.755
2026-04-06 15:40:49+00:00,0.755
2026-04-06 15:41:43+00:00,0.755
2026-04-06 15:42:43+00:00,0.755
2026-04-06 15:43:41+00:00,0.755
2026-04-06 15:44:45+00:00,0.755
2026-04-06 15:45:45+00:00,0.755
2026-04-06 15:46:47+00:00,0.755
2026-04-06 15:47:45+00:00,0.755
2026-04-06 15:48:44+00:00,0.755
2026-04-06 15:49:53+00:00,0.755
2026-04-06 15:51:01+00:00,0.755
2026-04-06 15:51:51+00:00,0.755
2026-04-06 15:52:47+00:00,0.755
2026-04-06 15:53:41+00:00,0.755
2026-04-06 15:54:43+00:00,0.755
2026-04-06 15:55:45+00:00,0.755
2026-04-06 15:56:43+00:00,0.755
2026-04-06 15:57:48+00:00,0.755
2026-04-06 15:59:02+00:00,0.755
2026-04-06 15:59:56+00:00,0.755
2026-04-06 16:01:02+00:00,0.755
2026-04-06 16:01:58+00:00,0.755
2026-04-06 16:02:58+00:00,0.755
2026-04-06 16:03:57+00:00,0.755
2026-04-06 16:04:53+00:00,0.755
2026-04-06 16:05:50+00:00,0.755
2026-04-06 16:06:47+00:00,0.755
2026-04-06 16:07:47+00:00,0.755
2026-04-06 16:08:42+00:00,0.755
2026-04-06 16:09:43+00:00,0.755
2026-04-06 16:10:49+00:00,0.755
2026-04-06 16:11:46+00:00,0.755
2026-04-06 16:12:41+00:00,0.755
2026-04-06 16:13:42+00:00,0.755
2026-04-06 16:14:47+00:00,0.755
2026-04-06 16:15:53+00:00,0.755
2026-04-06 16:16:58+00:00,0.755
2026-04-06 16:17:51+00:00,0.755
2026-04-06 16:18:44+00:00,0.755
2026-04-06 16:19:44+00:00,0.755
2026-04-06 16:20:46+00:00,0.755
2026-04-06 16:21:42+00:00,0.755
2026-04-06 16:22:57+00:00,0.755
2026-04-06 16:23:48+00:00,0.755
2026-04-06 16:24:55+00:00,0.755
2026-04-06 16:25:49+00:00,0.755
2026-04-06 16:26:42+00:00,0.755
2026-04-06 16:27:56+00:00,0.755
2026-04-06 16:28:48+00:00,0.755
2026-04-06 16:29:44+00:00,0.755
2026-04-06 16:30:50+00:00,0.755
2026-04-06 16:31:50+00:00,0.755
2026-04-06 16:32:45+00:00,0.755
2026-04-06 16:33:44+00:00,0.755
2026-04-06 16:34:41+00:00,0.755
2026-04-06 16:35:43+00:00,0.755
2026-04-06 16:36:42+00:00,0.755
2026-04-06 16:37:41+00:00,0.755
2026-04-06 16:38:46+00:00,0.755
2026-04-06 16:39:42+00:00,0.755
2026-04-06 16:40:48+00:00,0.755
2026-04-06 16:41:52+00:00,0.755
2026-04-06 16:42:55+00:00,0.755
2026-04-06 16:43:50+00:00,0.755
2026-04-06 16:44:47+00:00,0.755
2026-04-06 16:45:47+00:00,0.755
2026-04-06 16:46:45+00:00,0.755
2026-04-06 16:47:42+00:00,0.755
2026-04-06 16:48:44+00:00,0.755
2026-04-06 16:49:44+00:00,0.755
2026-04-06 16:50:43+00:00,0.755
2026-04-06 16:51:45+00:00,0.755
2026-04-06 16:52:42+00:00,0.755
2026-04-06 16:53:57+00:00,0.755
2026-04-06 16:54:53+00:00,0.755
2026-04-06 16:55:47+00:00,0.755
2026-04-06 16:56:44+00:00,0.755
2026-04-06 16:57:42+00:00,0.755
2026-04-06 16:58:55+00:00,0.755
2026-04-06 16:59:47+00:00,0.755
2026-04-06 17:01:00+00:00,0.755
2026-04-06 17:02:00+00:00,0.755
2026-04-06 17:02:50+00:00,0.755
2026-04-06 17:03:44+00:00,0.755
2026-04-06 17:04:46+00:00,0.755
2026-04-06 17:05:51+00:00,0.755
2026-04-06 17:06:46+00:00,0.755
2026-04-06 17:07:56+00:00,0.755
2026-04-06 17:08:57+00:00,0.755
2026-04-06 17:09:55+00:00,0.755
2026-04-06 17:11:05+00:00,0.755
2026-04-06 17:11:57+00:00,0.755
2026-04-06 17:12:54+00:00,0.755
2026-04-06 17:13:50+00:00,0.755
2026-04-06 17:14:46+00:00,0.755
2026-04-06 17:15:45+00:00,0.755
2026-04-06 17:16:45+00:00,0.755
2026-04-06 17:17:46+00:00,0.755
2026-04-06 17:18:44+00:00,0.755
2026-04-06 17:19:48+00:00,0.755
2026-04-06 17:20:46+00:00,0.755
2026-04-06 17:21:44+00:00,0.755
2026-04-06 17:22:46+00:00,0.755
2026-04-06 17:23:47+00:00,0.755
2026-04-06 17:24:45+00:00,0.755
2026-04-06 17:25:50+00:00,0.755
2026-04-06 17:26:50+00:00,0.755
2026-04-06 17:27:46+00:00,0.755
2026-04-06 17:28:43+00:00,0.755
2026-04-06 17:29:43+00:00,0.755
2026-04-06 17:30:57+00:00,0.755
2026-04-06 17:31:52+00:00,0.755
2026-04-06 17:32:44+00:00,0.755
2026-04-06 17:33:43+00:00,0.755
2026-04-06 17:34:47+00:00,0.755
2026-04-06 17:35:46+00:00,0.755
2026-04-06 17:36:57+00:00,0.755
2026-04-06 17:37:52+00:00,0.755
2026-04-06 17:38:43+00:00,0.755
2026-04-06 17:39:47+00:00,0.755
2026-04-06 17:40:52+00:00,0.755
2026-04-06 17:41:51+00:00,0.755
2026-04-06 17:42:44+00:00,0.755
2026-04-06 17:43:57+00:00,0.755
2026-04-06 17:44:57+00:00,0.755
2026-04-06 17:45:54+00:00,0.755
2026-04-06 17:46:49+00:00,0.755
2026-04-06 17:47:47+00:00,0.755
2026-04-06 17:48:46+00:00,0.755
2026-04-06 17:49:46+00:00,0.755
2026-04-06 17:51:04+00:00,0.755
2026-04-06 17:52:00+00:00,0.755
2026-04-06 17:52:57+00:00,0.755
2026-04-06 17:53:53+00:00,0.755
2026-04-06 17:54:47+00:00,0.755
2026-04-06 17:55:46+00:00,0.755
2026-04-06 17:56:49+00:00,0.755
2026-04-06 17:58:01+00:00,0.755
2026-04-06 17:59:06+00:00,0.755
2026-04-06 18:00:25+00:00,0.755
2026-04-06 18:01:49+00:00,0.755
2026-04-06 18:03:00+00:00,0.755
2026-04-06 18:03:56+00:00,0.755
2026-04-06 18:04:49+00:00,0.755
2026-04-06 18:05:44+00:00,0.755
2026-04-06 18:06:49+00:00,0.755
2026-04-06 18:07:46+00:00,0.755
2026-04-06 18:08:48+00:00,0.755
2026-04-06 18:09:51+00:00,0.755
2026-04-06 18:10:52+00:00,0.755
2026-04-06 18:11:50+00:00,0.755
2026-04-06 18:12:43+00:00,0.755
2026-04-06 18:13:48+00:00,0.755
2026-04-06 18:14:45+00:00,0.755
2026-04-06 18:15:54+00:00,0.755
2026-04-06 18:16:56+00:00,0.755
2026-04-06 18:17:55+00:00,0.755
2026-04-06 18:18:53+00:00,0.755
2026-04-06 18:19:50+00:00,0.755
2026-04-06 18:20:48+00:00,0.755
2026-04-06 18:21:49+00:00,0.755
2026-04-06 18:22:50+00:00,0.755
2026-04-06 18:23:48+00:00,0.755
2026-04-06 18:24:46+00:00,0.755
2026-04-06 18:26:11+00:00,0.755
2026-04-06 18:27:28+00:00,0.755
2026-04-06 18:28:26+00:00,0.755
2026-04-06 18:29:24+00:00,0.755
2026-04-06 18:30:27+00:00,0.755
2026-04-06 18:31:48+00:00,0.755
2026-04-06 18:32:50+00:00,0.755
2026-04-06 18:33:48+00:00,0.755
2026-04-06 18:34:49+00:00,0.755
2026-04-06 18:35:50+00:00,0.755
2026-04-06 18:36:51+00:00,0.745
2026-04-06 18:38:04+00:00,0.745
2026-04-06 18:38:58+00:00,0.745
2026-04-06 18:39:56+00:00,0.745
2026-04-06 18:40:55+00:00,0.745
2026-04-06 18:41:54+00:00,0.745
2026-04-06 18:42:51+00:00,0.745
2026-04-06 18:43:57+00:00,0.745
2026-04-06 18:44:54+00:00,0.745
2026-04-06 18:45:55+00:00,0.745
2026-04-06 18:46:52+00:00,0.745
2026-04-06 18:47:54+00:00,0.745
2026-04-06 18:48:47+00:00,0.745
2026-04-06 18:49:44+00:00,0.745
2026-04-06 18:50:53+00:00,0.745
2026-04-06 18:52:06+00:00,0.745
2026-04-06 18:53:07+00:00,0.745
2026-04-06 18:54:06+00:00,0.745
2026-04-06 18:55:02+00:00,0.745
2026-04-06 18:56:02+00:00,0.745
2026-04-06 18:56:58+00:00,0.745
2026-04-06 18:57:55+00:00,0.745
2026-04-06 18:58:49+00:00,0.735
2026-04-06 18:59:49+00:00,0.735
2026-04-06 19:00:58+00:00,0.735
2026-04-06 19:02:02+00:00,0.735
2026-04-06 19:02:58+00:00,0.735
2026-04-06 19:03:53+00:00,0.735
2026-04-06 19:04:48+00:00,0.735
2026-04-06 19:05:53+00:00,0.735
2026-04-06 19:06:49+00:00,0.735
2026-04-06 19:07:44+00:00,0.735
2026-04-06 19:08:46+00:00,0.735
2026-04-06 19:09:47+00:00,0.735
2026-04-06 19:10:47+00:00,0.735
2026-04-06 19:11:44+00:00,0.735
2026-04-06 19:12:43+00:00,0.735
2026-04-06 19:13:45+00:00,0.735
2026-04-06 19:14:44+00:00,0.735
2026-04-06 19:15:45+00:00,0.735
2026-04-06 19:16:42+00:00,0.735
2026-04-06 19:17:50+00:00,0.735
2026-04-06 19:18:53+00:00,0.735
2026-04-06 19:19:46+00:00,0.735
2026-04-06 19:20:48+00:00,0.735
2026-04-06 19:21:45+00:00,0.735
2026-04-06 19:22:57+00:00,0.735
2026-04-06 19:23:50+00:00,0.735
2026-04-06 19:24:45+00:00,0.735
2026-04-06 19:25:46+00:00,0.735
2026-04-06 19:26:48+00:00,0.735
2026-04-06 19:27:42+00:00,0.735
2026-04-06 19:28:54+00:00,0.735
2026-04-06 19:29:52+00:00,0.735
2026-04-06 19:30:52+00:00,0.735
2026-04-06 19:31:51+00:00,0.735
2026-04-06 19:32:48+00:00,0.735
2026-04-06 19:33:43+00:00,0.735
2026-04-06 19:34:48+00:00,0.735
2026-04-06 19:35:45+00:00,0.735
2026-04-06 19:36:45+00:00,0.735
2026-04-06 19:37:44+00:00,0.735
2026-04-06 19:38:43+00:00,0.735
2026-04-06 19:39:42+00:00,0.735
2026-04-06 19:40:44+00:00,0.735
2026-04-06 19:41:41+00:00,0.735
2026-04-06 19:42:42+00:00,0.735
2026-04-06 19:43:49+00:00,0.735
2026-04-06 19:44:49+00:00,0.735
2026-04-06 19:45:47+00:00,0.735
2026-04-06 19:46:43+00:00,0.735
2026-04-06 19:47:43+00:00,0.735
2026-04-06 19:48:45+00:00,0.735
2026-04-06 19:49:44+00:00,0.735
2026-04-06 19:50:44+00:00,0.735
2026-04-06 19:51:41+00:00,0.735
2026-04-06 19:52:42+00:00,0.735
2026-04-06 19:53:42+00:00,0.735
2026-04-06 19:54:42+00:00,0.735
2026-04-06 19:55:41+00:00,0.735
2026-04-06 19:56:42+00:00,0.735
2026-04-06 19:57:42+00:00,0.735
2026-04-06 19:58:44+00:00,0.735
2026-04-06 19:59:44+00:00,0.735
2026-04-06 20:00:51+00:00,0.735
2026-04-06 20:01:48+00:00,0.735
2026-04-06 20:02:41+00:00,0.735
2026-04-06 20:03:44+00:00,0.735
2026-04-06 20:04:43+00:00,0.735
2026-04-06 20:05:44+00:00,0.735
2026-04-06 20:06:44+00:00,0.735
2026-04-06 20:07:43+00:00,0.735
2026-04-06 20:08:42+00:00,0.735
2026-04-06 20:09:48+00:00,0.735
2026-04-06 20:11:06+00:00,0.735
2026-04-06 20:12:19+00:00,0.735
2026-04-06 20:13:12+00:00,0.735
2026-04-06 20:14:04+00:00,0.735
2026-04-06 20:14:54+00:00,0.735
2026-04-06 20:15:49+00:00,0.735
2026-04-06 20:16:42+00:00,0.735
2026-04-06 20:17:40+00:00,0.735
2026-04-06 20:18:53+00:00,0.735
2026-04-06 20:19:45+00:00,0.735
2026-04-06 20:20:43+00:00,0.735
2026-04-06 20:21:41+00:00,0.735
2026-04-06 20:23:04+00:00,0.735
2026-04-06 20:24:05+00:00,0.735
2026-04-06 20:24:55+00:00,0.735
2026-04-06 20:25:51+00:00,0.735
2026-04-06 20:26:45+00:00,0.735
2026-04-06 20:27:42+00:00,0.735
2026-04-06 20:28:48+00:00,0.735
2026-04-06 20:29:42+00:00,0.735
2026-04-06 20:30:49+00:00,0.735
2026-04-06 20:31:47+00:00,0.735
2026-04-06 20:32:40+00:00,0.735
2026-04-06 20:33:41+00:00,0.735
2026-04-06 20:34:41+00:00,0.735
2026-04-06 20:35:42+00:00,0.735
2026-04-06 20:36:41+00:00,0.735
2026-04-06 20:37:42+00:00,0.735
2026-04-06 20:38:41+00:00,0.735
2026-04-06 20:39:41+00:00,0.735
2026-04-06 20:40:44+00:00,0.735
2026-04-06 20:41:46+00:00,0.735
2026-04-06 20:42:42+00:00,0.735
2026-04-06 20:43:42+00:00,0.735
2026-04-06 20:44:41+00:00,0.735
2026-04-06 20:45:44+00:00,0.735
2026-04-06 20:46:50+00:00,0.735
2026-04-06 20:47:52+00:00,0.735
2026-04-06 20:48:42+00:00,0.735
2026-04-06 20:49:41+00:00,0.735
2026-04-06 20:50:47+00:00,0.735
2026-04-06 20:51:41+00:00,0.735
2026-04-06 20:52:42+00:00,0.735
2026-04-06 20:53:43+00:00,0.735
2026-04-06 20:54:43+00:00,0.735
2026-04-06 20:55:43+00:00,0.735
2026-04-06 20:56:40+00:00,0.735
2026-04-06 20:57:42+00:00,0.735
2026-04-06 20:58:42+00:00,0.735
2026-04-06 20:59:42+00:00,0.735
2026-04-06 21:00:57+00:00,0.735
2026-04-06 21:01:49+00:00,0.735
2026-04-06 21:02:41+00:00,0.735
2026-04-06 21:03:41+00:00,0.735
2026-04-06 21:04:41+00:00,0.735
2026-04-06 21:05:45+00:00,0.735
2026-04-06 21:06:41+00:00,0.735
2026-04-06 21:07:42+00:00,0.735
2026-04-06 21:08:40+00:00,0.735
2026-04-06 21:09:42+00:00,0.735
2026-04-06 21:10:43+00:00,0.735
2026-04-06 21:11:42+00:00,0.735
2026-04-06 21:12:48+00:00,0.735
2026-04-06 21:13:46+00:00,0.735
2026-04-06 21:14:43+00:00,0.735
2026-04-06 21:15:49+00:00,0.735
2026-04-06 21:16:46+00:00,0.735
2026-04-06 21:17:42+00:00,0.735
2026-04-06 21:18:43+00:00,0.735
2026-04-06 21:19:42+00:00,0.735
2026-04-06 21:20:43+00:00,0.735
2026-04-06 21:21:41+00:00,0.735
2026-04-06 21:22:42+00:00,0.735
2026-04-06 21:23:41+00:00,0.735
2026-04-06 21:24:41+00:00,0.735
2026-04-06 21:25:45+00:00,0.735
2026-04-06 21:26:40+00:00,0.735
2026-04-06 21:27:41+00:00,0.735
2026-04-06 21:28:41+00:00,0.735
2026-04-06 21:29:42+00:00,0.735
2026-04-06 21:30:50+00:00,0.735
2026-04-06 21:31:46+00:00,0.735
2026-04-06 21:32:39+00:00,0.735
2026-04-06 21:33:41+00:00,0.735
2026-04-06 21:34:42+00:00,0.735
2026-04-06 21:35:42+00:00,0.735
2026-04-06 21:36:41+00:00,0.735
2026-04-06 21:37:41+00:00,0.735
2026-04-06 21:38:48+00:00,0.735
2026-04-06 21:39:47+00:00,0.735
2026-04-06 21:40:46+00:00,0.735
2026-04-06 21:41:42+00:00,0.735
2026-04-06 21:42:41+00:00,0.735
2026-04-06 21:43:55+00:00,0.735
2026-04-06 21:44:46+00:00,0.735
2026-04-06 21:46:02+00:00,0.735
2026-04-06 21:47:15+00:00,0.735
2026-04-06 21:48:07+00:00,0.735
2026-04-06 21:48:56+00:00,0.735
2026-04-06 21:49:47+00:00,0.735
2026-04-06 21:50:43+00:00,0.735
2026-04-06 21:51:41+00:00,0.735
2026-04-06 21:52:41+00:00,0.735
2026-04-06 21:53:55+00:00,0.735
2026-04-06 21:54:53+00:00,0.735
2026-04-06 21:55:54+00:00,0.735
2026-04-06 21:56:47+00:00,0.735
2026-04-06 21:57:41+00:00,0.735
2026-04-06 21:58:44+00:00,0.735
2026-04-06 21:59:42+00:00,0.735
2026-04-06 22:00:51+00:00,0.735
2026-04-06 22:01:48+00:00,0.735
2026-04-06 22:02:48+00:00,0.735
2026-04-06 22:03:42+00:00,0.735
2026-04-06 22:04:42+00:00,0.735
2026-04-06 22:06:01+00:00,0.735
2026-04-06 22:06:54+00:00,0.735
2026-04-06 22:07:48+00:00,0.745
2026-04-06 22:08:42+00:00,0.745
2026-04-06 22:09:46+00:00,0.745
2026-04-06 22:10:45+00:00,0.745
2026-04-06 22:11:58+00:00,0.745
2026-04-06 22:12:54+00:00,0.745
2026-04-06 22:13:46+00:00,0.745
2026-04-06 22:14:43+00:00,0.745
2026-04-06 22:15:50+00:00,0.745
2026-04-06 22:16:48+00:00,0.745
2026-04-06 22:17:44+00:00,0.745
2026-04-06 22:18:42+00:00,0.745
2026-04-06 22:19:48+00:00,0.745
2026-04-06 22:20:46+00:00,0.745
2026-04-06 22:21:46+00:00,0.745
2026-04-06 22:22:58+00:00,0.745
2026-04-06 22:23:51+00:00,0.745
2026-04-06 22:24:46+00:00,0.745
2026-04-06 22:25:49+00:00,0.745
2026-04-06 22:26:50+00:00,0.745
2026-04-06 22:27:55+00:00,0.745
2026-04-06 22:28:48+00:00,0.745
2026-04-06 22:29:42+00:00,0.745
2026-04-06 22:30:57+00:00,0.745
2026-04-06 22:31:50+00:00,0.745
2026-04-06 22:32:55+00:00,0.745
2026-04-06 22:33:51+00:00,0.745
2026-04-06 22:34:44+00:00,0.745
2026-04-06 22:35:51+00:00,0.745
2026-04-06 22:36:53+00:00,0.745
2026-04-06 22:37:57+00:00,0.745
2026-04-06 22:38:59+00:00,0.745
2026-04-06 22:39:56+00:00,0.745
2026-04-06 22:41:09+00:00,0.745
2026-04-06 22:42:04+00:00,0.745
2026-04-06 22:42:55+00:00,0.745
2026-04-06 22:43:45+00:00,0.745
2026-04-06 22:44:41+00:00,0.745
2026-04-06 22:46:03+00:00,0.745
2026-04-06 22:46:54+00:00,0.745
2026-04-06 22:47:52+00:00,0.745
2026-04-06 22:48:49+00:00,0.745
2026-04-06 22:49:41+00:00,0.745
2026-04-06 22:51:00+00:00,0.745
2026-04-06 22:52:09+00:00,0.745
2026-04-06 22:53:07+00:00,0.745
2026-04-06 22:53:58+00:00,0.745
2026-04-06 22:54:53+00:00,0.745
2026-04-06 22:55:53+00:00,0.745
2026-04-06 22:56:54+00:00,0.745
2026-04-06 22:57:52+00:00,0.745
2026-04-06 22:58:45+00:00,0.745
2026-04-06 22:59:47+00:00,0.745
2026-04-06 23:00:55+00:00,0.745
2026-04-06 23:01:52+00:00,0.745
2026-04-06 23:02:47+00:00,0.745
2026-04-06 23:03:44+00:00,0.745
2026-04-06 23:04:43+00:00,0.745
2026-04-06 23:05:47+00:00,0.745
2026-04-06 23:06:51+00:00,0.745
2026-04-06 23:07:46+00:00,0.745
2026-04-06 23:08:50+00:00,0.745
2026-04-06 23:09:45+00:00,0.745
2026-04-06 23:10:53+00:00,0.745
2026-04-06 23:11:55+00:00,0.745
2026-04-06 23:12:49+00:00,0.745
2026-04-06 23:13:50+00:00,0.745
2026-04-06 23:14:47+00:00,0.745
2026-04-06 23:15:50+00:00,0.745
2026-04-06 23:17:00+00:00,0.745
2026-04-06 23:18:03+00:00,0.745
2026-04-06 23:18:57+00:00,0.745
2026-04-06 23:19:53+00:00,0.745
2026-04-06 23:21:00+00:00,0.745
2026-04-06 23:22:00+00:00,0.745
2026-04-06 23:22:52+00:00,0.745
2026-04-06 23:23:47+00:00,0.745
2026-04-06 23:25:09+00:00,0.745
2026-04-06 23:26:19+00:00,0.745
2026-04-06 23:27:19+00:00,0.745
2026-04-06 23:28:13+00:00,0.745
2026-04-06 23:29:12+00:00,0.745
2026-04-06 23:30:07+00:00,0.745
2026-04-06 23:31:17+00:00,0.745
2026-04-06 23:32:18+00:00,0.745
2026-04-06 23:33:16+00:00,0.745
2026-04-06 23:34:14+00:00,0.745
2026-04-06 23:35:06+00:00,0.745
2026-04-06 23:36:02+00:00,0.745
2026-04-06 23:36:52+00:00,0.745
2026-04-06 23:37:46+00:00,0.745
2026-04-06 23:38:45+00:00,0.745
2026-04-06 23:39:47+00:00,0.745
2026-04-06 23:40:53+00:00,0.745
2026-04-06 23:41:52+00:00,0.745
2026-04-06 23:43:01+00:00,0.745
2026-04-06 23:44:10+00:00,0.745
2026-04-06 23:45:12+00:00,0.745
2026-04-06 23:46:17+00:00,0.745
2026-04-06 23:47:08+00:00,0.745
2026-04-06 23:48:08+00:00,0.745
2026-04-06 23:49:07+00:00,0.745
2026-04-06 23:50:07+00:00,0.745
2026-04-06 23:51:03+00:00,0.745
2026-04-06 23:51:57+00:00,0.745
2026-04-06 23:52:56+00:00,0.745
2026-04-06 23:53:55+00:00,0.745
2026-04-06 23:54:48+00:00,0.745
2026-04-06 23:56:01+00:00,0.745
2026-04-06 23:57:00+00:00,0.745
2026-04-06 23:57:56+00:00,0.745
2026-04-06 23:58:48+00:00,0.745
2026-04-06 23:59:44+00:00,0.745
2026-04-07 00:01:01+00:00,0.745
2026-04-07 00:01:54+00:00,0.745
2026-04-07 00:02:52+00:00,0.745
2026-04-07 00:03:47+00:00,0.745
2026-04-07 00:04:46+00:00,0.745
2026-04-07 00:05:44+00:00,0.745
2026-04-07 00:06:44+00:00,0.745
2026-04-07 00:07:41+00:00,0.745
2026-04-07 00:08:45+00:00,0.745
2026-04-07 00:09:44+00:00,0.745
2026-04-07 00:10:43+00:00,0.745
2026-04-07 00:11:49+00:00,0.745
2026-04-07 00:12:40+00:00,0.745
2026-04-07 00:13:41+00:00,0.745
2026-04-07 00:14:45+00:00,0.745
2026-04-07 00:15:48+00:00,0.745
2026-04-07 00:16:48+00:00,0.745
2026-04-07 00:17:48+00:00,0.745
2026-04-07 00:18:44+00:00,0.735
2026-04-07 00:19:46+00:00,0.735
2026-04-07 00:20:43+00:00,0.735
2026-04-07 00:21:45+00:00,0.735
2026-04-07 00:22:49+00:00,0.735
2026-04-07 00:23:46+00:00,0.735
2026-04-07 00:24:46+00:00,0.735
2026-04-07 00:25:46+00:00,0.735
2026-04-07 00:26:50+00:00,0.735
2026-04-07 00:28:00+00:00,0.735
2026-04-07 00:29:03+00:00,0.735
2026-04-07 00:29:56+00:00,0.735
2026-04-07 00:31:03+00:00,0.735
2026-04-07 00:31:54+00:00,0.735
2026-04-07 00:32:51+00:00,0.735
2026-04-07 00:33:45+00:00,0.735
2026-04-07 00:34:50+00:00,0.735
2026-04-07 00:35:53+00:00,0.735
2026-04-07 00:36:48+00:00,0.725
2026-04-07 00:37:42+00:00,0.725
2026-04-07 00:38:43+00:00,0.725
2026-04-07 00:39:42+00:00,0.725
2026-04-07 00:40:48+00:00,0.725
2026-04-07 00:41:42+00:00,0.725
2026-04-07 00:42:46+00:00,0.725
2026-04-07 00:43:42+00:00,0.725
2026-04-07 00:44:42+00:00,0.725
2026-04-07 00:45:43+00:00,0.725
2026-04-07 00:46:44+00:00,0.725
2026-04-07 00:47:43+00:00,0.725
2026-04-07 00:48:46+00:00,0.725
2026-04-07 00:49:43+00:00,0.725
2026-04-07 00:50:44+00:00,0.725
2026-04-07 00:51:43+00:00,0.725
2026-04-07 00:52:51+00:00,0.725
2026-04-07 00:53:42+00:00,0.725
2026-04-07 00:54:49+00:00,0.725
2026-04-07 00:55:49+00:00,0.725
2026-04-07 00:56:41+00:00,0.725
2026-04-07 00:57:44+00:00,0.725
2026-04-07 00:58:43+00:00,0.725
2026-04-07 00:59:49+00:00,0.725
2026-04-07 01:00:53+00:00,0.725
2026-04-07 01:01:59+00:00,0.715
2026-04-07 01:02:54+00:00,0.715
2026-04-07 01:03:51+00:00,0.715
2026-04-07 01:04:48+00:00,0.715
2026-04-07 01:05:44+00:00,0.715
2026-04-07 01:06:43+00:00,0.715
2026-04-07 01:07:46+00:00,0.715
2026-04-07 01:08:43+00:00,0.715
2026-04-07 01:09:43+00:00,0.715
2026-04-07 01:10:44+00:00,0.715
2026-04-07 01:11:43+00:00,0.715
2026-04-07 01:12:45+00:00,0.695
2026-04-07 01:13:46+00:00,0.695
2026-04-07 01:14:46+00:00,0.685
2026-04-07 01:15:49+00:00,0.695
2026-04-07 01:16:41+00:00,0.675
2026-04-07 01:17:41+00:00,0.595
2026-04-07 01:18:43+00:00,0.655
2026-04-07 01:19:41+00:00,0.665
2026-04-07 01:20:53+00:00,0.665
2026-04-07 01:21:51+00:00,0.665
2026-04-07 01:22:42+00:00,0.665
2026-04-07 01:23:42+00:00,0.645
2026-04-07 01:24:44+00:00,0.645
2026-04-07 01:25:58+00:00,0.665
2026-04-07 01:26:56+00:00,0.655
2026-04-07 01:27:51+00:00,0.635
2026-04-07 01:28:49+00:00,0.635
2026-04-07 01:29:48+00:00,0.635
2026-04-07 01:30:52+00:00,0.655
2026-04-07 01:31:56+00:00,0.665
2026-04-07 01:32:48+00:00,0.645
2026-04-07 01:33:47+00:00,0.625
2026-04-07 01:34:44+00:00,0.635
2026-04-07 01:35:44+00:00,0.645
2026-04-07 01:36:43+00:00,0.645
2026-04-07 01:37:42+00:00,0.645
2026-04-07 01:38:47+00:00,0.635
2026-04-07 01:39:41+00:00,0.625
2026-04-07 01:40:45+00:00,0.655
2026-04-07 01:41:41+00:00,0.655
2026-04-07 01:42:39+00:00,0.675
2026-04-07 01:43:41+00:00,0.695
2026-04-07 01:44:41+00:00,0.635
2026-04-07 01:45:59+00:00,0.635
2026-04-07 01:46:56+00:00,0.625
2026-04-07 01:47:47+00:00,0.605
2026-04-07 01:48:40+00:00,0.565
2026-04-07 01:49:40+00:00,0.515
2026-04-07 01:50:41+00:00,0.505
2026-04-07 01:51:41+00:00,0.505
2026-04-07 01:52:41+00:00,0.525
2026-04-07 01:53:53+00:00,0.635
2026-04-07 01:54:42+00:00,0.635
2026-04-07 01:55:42+00:00,0.635
2026-04-07 01:56:40+00:00,0.635
2026-04-07 01:57:41+00:00,0.665
2026-04-07 01:58:40+00:00,0.665
2026-04-07 01:59:40+00:00,0.685
2026-04-07 02:00:49+00:00,0.66
2026-04-07 02:01:47+00:00,0.595
2026-04-07 02:02:39+00:00,0.575
2026-04-07 02:03:43+00:00,0.595
2026-04-07 02:04:44+00:00,0.595
2026-04-07 02:05:42+00:00,0.605
2026-04-07 02:06:42+00:00,0.565
2026-04-07 02:07:41+00:00,0.595
2026-04-07 02:08:43+00:00,0.585
2026-04-07 02:09:51+00:00,0.545
2026-04-07 02:10:45+00:00,0.495
2026-04-07 02:11:42+00:00,0.44
2026-04-07 02:12:53+00:00,0.445
2026-04-07 02:13:46+00:00,0.345
2026-04-07 02:14:45+00:00,0.345
2026-04-07 02:16:03+00:00,0.345
2026-04-07 02:16:53+00:00,0.345
2026-04-07 02:17:46+00:00,0.345
2026-04-07 02:18:42+00:00,0.345
2026-04-07 02:19:48+00:00,0.335
2026-04-07 02:20:48+00:00,0.345
2026-04-07 02:21:53+00:00,0.345
2026-04-07 02:22:48+00:00,0.345
2026-04-07 02:23:48+00:00,0.355
2026-04-07 02:24:42+00:00,0.355
2026-04-07 02:25:45+00:00,0.355
2026-04-07 02:26:44+00:00,0.355
2026-04-07 02:27:41+00:00,0.355
2026-04-07 02:28:50+00:00,0.355
2026-04-07 02:29:50+00:00,0.395
2026-04-07 02:30:50+00:00,0.405
2026-04-07 02:31:47+00:00,0.465
2026-04-07 02:32:41+00:00,0.515
2026-04-07 02:33:39+00:00,0.405
2026-04-07 02:34:42+00:00,0.455
2026-04-07 02:35:41+00:00,0.535
2026-04-07 02:36:41+00:00,0.595
2026-04-07 02:37:43+00:00,0.505
2026-04-07 02:38:40+00:00,0.435
2026-04-07 02:39:41+00:00,0.415
2026-04-07 02:40:40+00:00,0.405
2026-04-07 02:41:42+00:00,0.395
2026-04-07 02:42:40+00:00,0.445
2026-04-07 02:43:41+00:00,0.365
2026-04-07 02:44:40+00:00,0.295
2026-04-07 02:45:42+00:00,0.245
2026-04-07 02:46:41+00:00,0.185
2026-04-07 02:48:00+00:00,0.185
2026-04-07 02:48:50+00:00,0.195
2026-04-07 02:49:43+00:00,0.135
2026-04-07 02:50:42+00:00,0.185
2026-04-07 02:51:41+00:00,0.215
2026-04-07 02:52:41+00:00,0.235
2026-04-07 02:53:46+00:00,0.225
2026-04-07 02:54:45+00:00,0.185
2026-04-07 02:55:56+00:00,0.195
2026-04-07 02:56:46+00:00,0.195
2026-04-07 02:57:40+00:00,0.18
2026-04-07 02:58:41+00:00,0.175
2026-04-07 02:59:42+00:00,0.095
2026-04-07 03:00:54+00:00,0.115
2026-04-07 03:01:48+00:00,0.125
2026-04-07 03:02:41+00:00,0.095
2026-04-07 03:03:41+00:00,0.085
2026-04-07 03:04:41+00:00,0.075
2026-04-07 03:05:43+00:00,0.075
2026-04-07 03:06:41+00:00,0.075
2026-04-07 03:07:41+00:00,0.075
2026-04-07 03:08:40+00:00,0.075
2026-04-07 03:09:41+00:00,0.105
2026-04-07 03:10:41+00:00,0.135
2026-04-07 03:11:39+00:00,0.125
2026-04-07 03:12:41+00:00,0.135
2026-04-07 03:13:39+00:00,0.085
2026-04-07 03:14:43+00:00,0.115
2026-04-07 03:15:42+00:00,0.07
2026-04-07 03:16:41+00:00,0.075
2026-04-07 03:17:41+00:00,0.095
2026-04-07 03:18:40+00:00,0.125
2026-04-07 03:19:48+00:00,0.135
2026-04-07 03:20:48+00:00,0.155
2026-04-07 03:21:40+00:00,0.305
2026-04-07 03:22:39+00:00,0.335
2026-04-07 03:23:42+00:00,0.385
2026-04-07 03:24:42+00:00,0.395
2026-04-07 03:25:42+00:00,0.385
2026-04-07 03:26:41+00:00,0.495
2026-04-07 03:27:41+00:00,0.335
2026-04-07 03:28:46+00:00,0.565
2026-04-07 03:29:41+00:00,0.665
2026-04-07 03:30:50+00:00,0.835
2026-04-07 03:31:47+00:00,0.825
2026-04-07 03:32:42+00:00,0.705
2026-04-07 03:33:41+00:00,0.695
2026-04-07 03:34:42+00:00,0.72
2026-04-07 03:35:56+00:00,0.625
2026-04-07 03:36:48+00:00,0.635
2026-04-07 03:37:41+00:00,0.635
2026-04-07 03:38:41+00:00,0.635
2026-04-07 03:39:41+00:00,0.745
2026-04-07 03:41:16+00:00,0.915
2026-04-07 03:42:31+00:00,0.895
2026-04-07 03:43:19+00:00,0.9
2026-04-07 03:44:08+00:00,0.905
2026-04-07 03:44:59+00:00,0.925
2026-04-07 03:45:52+00:00,0.935
2026-04-07 03:46:44+00:00,0.955
2026-04-07 03:47:40+00:00,0.985
2026-04-07 03:48:54+00:00,0.9995
2026-04-07 03:49:44+00:00,0.9995
2026-04-07 03:50:42+00:00,0.9995
2026-04-07 03:51:41+00:00,0.9995
2026-04-07 03:52:54+00:00,0.9995
2026-04-07 03:53:44+00:00,0.9995
2026-04-07 03:54:41+00:00,0.9995
2026-04-07 03:55:42+00:00,0.9995
2026-04-07 03:56:43+00:00,0.9995
2026-04-07 03:57:41+00:00,0.9995
2026-04-07 03:58:41+00:00,0.9995
2026-04-07 03:59:40+00:00,0.9995
2026-04-07 04:00:48+00:00,0.9995
2026-04-07 04:01:48+00:00,0.9995
2026-04-07 04:02:41+00:00,0.9995
2026-04-07 04:03:42+00:00,0.9995
2026-04-07 04:04:41+00:00,0.9995
2026-04-07 04:05:43+00:00,0.9995
2026-04-07 04:06:42+00:00,0.9995
2026-04-07 04:07:52+00:00,0.9995
2026-04-07 04:08:47+00:00,0.9995
2026-04-07 04:09:42+00:00,0.9995
2026-04-07 04:10:44+00:00,0.9995
2026-04-07 04:11:41+00:00,0.9995
2026-04-07 04:12:41+00:00,0.9995
2026-04-07 04:13:42+00:00,0.9995
2026-04-07 04:14:41+00:00,0.9995
2026-04-07 04:15:42+00:00,0.9995
2026-04-07 04:16:41+00:00,0.9995
2026-04-07 04:17:42+00:00,0.9995
2026-04-07 04:18:42+00:00,0.9995
2026-04-07 04:19:41+00:00,0.9995
2026-04-07 04:20:44+00:00,0.9995
2026-04-07 04:21:42+00:00,0.9995
2026-04-07 04:22:43+00:00,0.9995
2026-04-07 04:23:41+00:00,0.9995
2026-04-07 04:24:42+00:00,0.9995
2026-04-07 04:25:44+00:00,0.9995
2026-04-07 04:26:42+00:00,0.9995
2026-04-07 04:27:42+00:00,0.9995
2026-04-07 04:28:41+00:00,0.9995
2026-04-07 04:29:51+00:00,0.9995
2026-04-07 04:30:51+00:00,0.9995
2026-04-07 04:31:51+00:00,0.9995
2026-04-07 04:32:42+00:00,0.9995
2026-04-07 04:33:49+00:00,0.9995
2026-04-07 04:34:46+00:00,0.9995
2026-04-07 04:35:43+00:00,0.9995
2026-04-07 04:36:58+00:00,0.9995
2026-04-07 04:37:49+00:00,0.9995
2026-04-07 04:38:41+00:00,0.9995
2026-04-07 04:39:41+00:00,0.9995
2026-04-07 04:40:42+00:00,0.9995
2026-04-07 04:41:49+00:00,0.9995
2026-04-07 04:42:49+00:00,0.9995
2026-04-07 04:43:54+00:00,0.9995
2026-04-07 04:44:45+00:00,0.9995
2026-04-07 04:45:46+00:00,0.9995
2026-04-07 04:46:43+00:00,0.9995
2026-04-07 04:47:41+00:00,0.9995
2026-04-07 04:48:41+00:00,0.9995
2026-04-07 04:49:42+00:00,0.9995
2026-04-07 04:50:44+00:00,0.9995
2026-04-07 04:51:42+00:00,0.9995
2026-04-07 04:52:41+00:00,0.9995
2026-04-07 04:53:42+00:00,0.9995
2026-04-07 04:54:42+00:00,0.9995
2026-04-07 04:55:43+00:00,0.9995
2026-04-07 04:56:40+00:00,0.9995
2026-04-07 04:57:40+00:00,0.9995
2026-04-07 04:58:55+00:00,0.9995
2026-04-07 04:59:46+00:00,0.9995
2026-04-07 05:01:03+00:00,0.9995
2026-04-07 05:01:55+00:00,0.9995
2026-04-07 05:02:45+00:00,0.9995
2026-04-07 05:03:42+00:00,0.9995
2026-04-07 05:04:42+00:00,0.9995
2026-04-07 05:05:54+00:00,0.9995
2026-04-07 05:06:45+00:00,0.9995
2026-04-07 05:07:49+00:00,0.9995
2026-04-07 05:08:51+00:00,0.9995
2026-04-07 05:09:42+00:00,0.9995
2026-04-07 05:10:44+00:00,0.9995
2026-04-07 05:11:42+00:00,0.9995
2026-04-07 05:12:43+00:00,0.9995
2026-04-07 05:13:58+00:00,0.9995
2026-04-07 05:14:49+00:00,0.9995
2026-04-07 05:15:48+00:00,0.9995
2026-04-07 05:16:43+00:00,0.9995
2026-04-07 05:17:41+00:00,0.9995
2026-04-07 05:18:42+00:00,0.9995
2026-04-07 05:19:42+00:00,0.9995
2026-04-07 05:20:46+00:00,0.9995
2026-04-07 05:21:42+00:00,0.9995
2026-04-07 05:22:42+00:00,0.9995
2026-04-07 05:23:41+00:00,0.9995
2026-04-07 05:24:42+00:00,0.9995
2026-04-07 05:25:44+00:00,0.9995
2026-04-07 05:26:43+00:00,0.9995
2026-04-07 05:27:42+00:00,0.9995
2026-04-07 05:28:41+00:00,0.9995
2026-04-07 05:29:54+00:00,0.9995
2026-04-07 05:31:01+00:00,0.9995
2026-04-07 05:31:52+00:00,0.9995
2026-04-07 05:32:42+00:00,0.9995
2026-04-07 05:33:48+00:00,0.9995
2026-04-07 05:34:48+00:00,0.9995
2026-04-07 05:35:45+00:00,0.9995
2026-04-07 05:36:46+00:00,0.9995
2026-04-07 05:37:41+00:00,0.9995
2026-04-07 05:38:57+00:00,0.9995
2026-04-07 05:39:48+00:00,0.9995
2026-04-07 05:40:43+00:00,0.9995
2026-04-07 05:41:41+00:00,0.9995
2026-04-07 05:42:42+00:00,0.9995
2026-04-07 05:43:41+00:00,0.9995
2026-04-07 05:44:44+00:00,0.9995
2026-04-07 05:45:45+00:00,0.9995
2026-04-07 05:46:42+00:00,0.9995
2026-04-07 05:47:42+00:00,0.9995
2026-04-07 05:48:42+00:00,0.9995
2026-04-07 05:49:41+00:00,0.9995
2026-04-07 05:50:42+00:00,0.9995
2026-04-07 05:51:44+00:00,0.9995
2026-04-07 05:52:41+00:00,0.9995
2026-04-07 05:53:49+00:00,0.9995
2026-04-07 05:54:49+00:00,0.9995
2026-04-07 05:55:45+00:00,0.9995
2026-04-07 05:56:41+00:00,0.9995
2026-04-07 05:57:41+00:00,0.9995
2026-04-07 05:58:41+00:00,0.9995
2026-04-07 05:59:55+00:00,0.9995
2026-04-07 06:01:03+00:00,0.9995
