timestamp,price
2026-04-22 01:58:05+00:00,0.9545
2026-04-22 01:59:05+00:00,0.9545
2026-04-22 02:00:15+00:00,0.9545
2026-04-22 02:01:04+00:00,0.9545
2026-04-22 02:02:04+00:00,0.9545
2026-04-22 02:03:07+00:00,0.9545
2026-04-22 02:04:05+00:00,0.9545
2026-04-22 02:05:06+00:00,0.9545
2026-04-22 02:06:05+00:00,0.9545
2026-04-22 02:07:05+00:00,0.9545
2026-04-22 02:08:05+00:00,0.9545
2026-04-22 02:09:05+00:00,0.9545
2026-04-22 02:10:05+00:00,0.9545
2026-04-22 02:11:05+00:00,0.9545
2026-04-22 02:12:05+00:00,0.9545
2026-04-22 02:13:05+00:00,0.9545
2026-04-22 02:14:05+00:00,0.9545
2026-04-22 02:15:06+00:00,0.9545
2026-04-22 02:16:05+00:00,0.9545
2026-04-22 02:17:07+00:00,0.9545
2026-04-22 02:18:09+00:00,0.9545
2026-04-22 02:19:05+00:00,0.9545
2026-04-22 02:20:06+00:00,0.9545
2026-04-22 02:21:19+00:00,0.9545
2026-04-22 02:22:04+00:00,0.9545
2026-04-22 02:23:06+00:00,0.9545
2026-04-22 02:24:07+00:00,0.9545
2026-04-22 02:25:06+00:00,0.9545
2026-04-22 02:26:08+00:00,0.9545
2026-04-22 02:27:26+00:00,0.9545
2026-04-22 02:28:06+00:00,0.9545
2026-04-22 02:29:19+00:00,0.9545
2026-04-22 02:30:09+00:00,0.9545
2026-04-22 02:31:05+00:00,0.9545
2026-04-22 02:32:06+00:00,0.9545
2026-04-22 02:33:04+00:00,0.9545
2026-04-22 02:34:04+00:00,0.9545
2026-04-22 02:35:06+00:00,0.9545
2026-04-22 02:36:04+00:00,0.9545
2026-04-22 02:37:05+00:00,0.9545
2026-04-22 02:38:04+00:00,0.9545
2026-04-22 02:39:05+00:00,0.9545
2026-04-22 02:40:05+00:00,0.9545
2026-04-22 02:41:06+00:00,0.9545
2026-04-22 02:42:05+00:00,0.9545
2026-04-22 02:43:04+00:00,0.9545
2026-04-22 02:44:05+00:00,0.9545
2026-04-22 02:45:04+00:00,0.9545
2026-04-22 02:46:04+00:00,0.9545
2026-04-22 02:47:05+00:00,0.9545
2026-04-22 02:48:04+00:00,0.954
2026-04-22 02:49:06+00:00,0.954
2026-04-22 02:50:09+00:00,0.954
2026-04-22 02:51:04+00:00,0.954
2026-04-22 02:52:04+00:00,0.954
2026-04-22 02:53:09+00:00,0.954
2026-04-22 02:54:05+00:00,0.954
2026-04-22 02:55:08+00:00,0.953
2026-04-22 02:56:04+00:00,0.953
2026-04-22 02:57:05+00:00,0.953
2026-04-22 02:58:06+00:00,0.9525
2026-04-22 02:59:05+00:00,0.9525
2026-04-22 03:00:08+00:00,0.9525
2026-04-22 03:01:04+00:00,0.9525
2026-04-22 03:02:05+00:00,0.9525
2026-04-22 03:03:05+00:00,0.9525
2026-04-22 03:04:25+00:00,0.9525
2026-04-22 03:05:11+00:00,0.9525
2026-04-22 03:06:05+00:00,0.9525
2026-04-22 03:07:05+00:00,0.9525
2026-04-22 03:08:06+00:00,0.9525
2026-04-22 03:09:05+00:00,0.9525
2026-04-22 03:10:07+00:00,0.9525
2026-04-22 03:11:07+00:00,0.9525
2026-04-22 03:12:05+00:00,0.9525
2026-04-22 03:13:06+00:00,0.9525
2026-04-22 03:14:07+00:00,0.9525
2026-04-22 03:15:09+00:00,0.9525
2026-04-22 03:16:05+00:00,0.9525
2026-04-22 03:17:05+00:00,0.9525
2026-04-22 03:18:06+00:00,0.9525
2026-04-22 03:19:09+00:00,0.9525
2026-04-22 03:20:06+00:00,0.9525
2026-04-22 03:21:05+00:00,0.9525
2026-04-22 03:22:05+00:00,0.9525
2026-04-22 03:23:06+00:00,0.9525
2026-04-22 03:24:05+00:00,0.9525
2026-04-22 03:25:07+00:00,0.9525
2026-04-22 03:26:05+00:00,0.9525
2026-04-22 03:27:11+00:00,0.9525
2026-04-22 03:28:08+00:00,0.9525
2026-04-22 03:29:05+00:00,0.9525
2026-04-22 03:30:10+00:00,0.9525
2026-04-22 03:31:06+00:00,0.9525
2026-04-22 03:32:05+00:00,0.9525
2026-04-22 03:33:06+00:00,0.9525
2026-04-22 03:34:05+00:00,0.9525
2026-04-22 03:35:05+00:00,0.9525
2026-04-22 03:36:05+00:00,0.9525
2026-04-22 03:37:05+00:00,0.9525
2026-04-22 03:38:05+00:00,0.9525
2026-04-22 03:39:05+00:00,0.9525
2026-04-22 03:40:16+00:00,0.9525
2026-04-22 03:41:05+00:00,0.9525
2026-04-22 03:42:04+00:00,0.9525
2026-04-22 03:43:05+00:00,0.9525
2026-04-22 03:44:08+00:00,0.9525
2026-04-22 03:45:09+00:00,0.9525
2026-04-22 03:46:04+00:00,0.9525
2026-04-22 03:47:04+00:00,0.9525
2026-04-22 03:48:06+00:00,0.9525
2026-04-22 03:49:20+00:00,0.9525
2026-04-22 03:50:04+00:00,0.9525
2026-04-22 03:51:04+00:00,0.9525
2026-04-22 03:52:05+00:00,0.9525
2026-04-22 03:53:11+00:00,0.9525
2026-04-22 03:54:05+00:00,0.9525
2026-04-22 03:55:05+00:00,0.9525
2026-04-22 03:56:04+00:00,0.9525
2026-04-22 03:57:05+00:00,0.9545
2026-04-22 03:58:08+00:00,0.9545
2026-04-22 03:59:09+00:00,0.9545
2026-04-22 04:00:09+00:00,0.9535
2026-04-22 04:01:06+00:00,0.9535
2026-04-22 04:02:04+00:00,0.9535
2026-04-22 04:03:05+00:00,0.9535
2026-04-22 04:04:05+00:00,0.9535
2026-04-22 04:05:06+00:00,0.9535
2026-04-22 04:06:05+00:00,0.9535
2026-04-22 04:07:05+00:00,0.9535
2026-04-22 04:08:05+00:00,0.9535
2026-04-22 04:09:09+00:00,0.9535
2026-04-22 04:10:04+00:00,0.9535
2026-04-22 04:11:05+00:00,0.9535
2026-04-22 04:12:20+00:00,0.9535
2026-04-22 04:13:07+00:00,0.9535
2026-04-22 04:14:06+00:00,0.9535
2026-04-22 04:15:05+00:00,0.9535
2026-04-22 04:16:05+00:00,0.9535
2026-04-22 04:17:05+00:00,0.9535
2026-04-22 04:18:08+00:00,0.9535
2026-04-22 04:19:09+00:00,0.9535
2026-04-22 04:20:06+00:00,0.9535
2026-04-22 04:21:05+00:00,0.9535
2026-04-22 04:22:05+00:00,0.9535
2026-04-22 04:23:05+00:00,0.9535
2026-04-22 04:24:08+00:00,0.9535
2026-04-22 04:25:17+00:00,0.9535
2026-04-22 04:26:05+00:00,0.9535
2026-04-22 04:27:05+00:00,0.9535
2026-04-22 04:28:08+00:00,0.9535
2026-04-22 04:29:05+00:00,0.9535
2026-04-22 04:30:09+00:00,0.9535
2026-04-22 04:31:05+00:00,0.9535
2026-04-22 04:32:05+00:00,0.9535
2026-04-22 04:33:05+00:00,0.9535
2026-04-22 04:34:08+00:00,0.9535
2026-04-22 04:35:05+00:00,0.9535
2026-04-22 04:36:05+00:00,0.9535
2026-04-22 04:37:10+00:00,0.9535
2026-04-22 04:38:05+00:00,0.9535
2026-04-22 04:39:05+00:00,0.9535
2026-04-22 04:40:06+00:00,0.9535
2026-04-22 04:41:05+00:00,0.9535
2026-04-22 04:42:18+00:00,0.9535
2026-04-22 04:43:07+00:00,0.9535
2026-04-22 04:44:19+00:00,0.9535
2026-04-22 04:45:05+00:00,0.9535
2026-04-22 04:46:05+00:00,0.9535
2026-04-22 04:47:16+00:00,0.9535
2026-04-22 04:48:06+00:00,0.9535
2026-04-22 04:49:05+00:00,0.9535
2026-04-22 04:50:07+00:00,0.9575
2026-04-22 04:51:20+00:00,0.9575
2026-04-22 04:52:06+00:00,0.9575
2026-04-22 04:53:09+00:00,0.9575
2026-04-22 04:54:05+00:00,0.9575
2026-04-22 04:55:21+00:00,0.9575
2026-04-22 04:56:19+00:00,0.9575
2026-04-22 04:57:05+00:00,0.9575
2026-04-22 04:58:05+00:00,0.9575
2026-04-22 04:59:05+00:00,0.9575
2026-04-22 05:00:10+00:00,0.9575
2026-04-22 05:01:05+00:00,0.9575
2026-04-22 05:02:06+00:00,0.9575
2026-04-22 05:03:12+00:00,0.9575
2026-04-22 05:04:10+00:00,0.9575
2026-04-22 05:05:09+00:00,0.9575
2026-04-22 05:06:07+00:00,0.9575
2026-04-22 05:07:18+00:00,0.9575
2026-04-22 05:08:17+00:00,0.9575
2026-04-22 05:09:05+00:00,0.9575
2026-04-22 05:10:08+00:00,0.9575
2026-04-22 05:11:05+00:00,0.9575
2026-04-22 05:12:05+00:00,0.9575
2026-04-22 05:13:06+00:00,0.9575
2026-04-22 05:14:05+00:00,0.9575
2026-04-22 05:15:07+00:00,0.9575
2026-04-22 05:16:04+00:00,0.9575
2026-04-22 05:17:05+00:00,0.9575
2026-04-22 05:18:05+00:00,0.9575
2026-04-22 05:19:05+00:00,0.9575
2026-04-22 05:20:05+00:00,0.9575
2026-04-22 05:21:05+00:00,0.9575
2026-04-22 05:22:07+00:00,0.9575
2026-04-22 05:23:09+00:00,0.9575
2026-04-22 05:24:05+00:00,0.9575
2026-04-22 05:25:05+00:00,0.9575
2026-04-22 05:26:06+00:00,0.9575
2026-04-22 05:27:09+00:00,0.9575
2026-04-22 05:28:05+00:00,0.9575
2026-04-22 05:29:20+00:00,0.9575
2026-04-22 05:30:10+00:00,0.9575
2026-04-22 05:31:04+00:00,0.9575
2026-04-22 05:32:09+00:00,0.9575
2026-04-22 05:33:08+00:00,0.9575
2026-04-22 05:34:04+00:00,0.9575
2026-04-22 05:35:05+00:00,0.9575
2026-04-22 05:36:05+00:00,0.9575
2026-04-22 05:37:05+00:00,0.9575
2026-04-22 05:38:05+00:00,0.9575
2026-04-22 05:39:05+00:00,0.9575
2026-04-22 05:40:18+00:00,0.9575
2026-04-22 05:41:18+00:00,0.9575
2026-04-22 05:42:07+00:00,0.9575
2026-04-22 05:43:06+00:00,0.9575
2026-04-22 05:44:09+00:00,0.9575
2026-04-22 05:45:08+00:00,0.9575
2026-04-22 05:46:12+00:00,0.9575
2026-04-22 05:47:05+00:00,0.9575
2026-04-22 05:48:06+00:00,0.9575
2026-04-22 05:49:05+00:00,0.9575
2026-04-22 05:50:05+00:00,0.9575
2026-04-22 05:51:05+00:00,0.9575
2026-04-22 05:52:07+00:00,0.9575
2026-04-22 05:53:08+00:00,0.9575
2026-04-22 05:54:06+00:00,0.9575
2026-04-22 05:55:06+00:00,0.9575
2026-04-22 05:56:19+00:00,0.9575
2026-04-22 05:57:13+00:00,0.9575
2026-04-22 05:58:11+00:00,0.9575
2026-04-22 05:59:05+00:00,0.9575
2026-04-22 06:00:13+00:00,0.9575
2026-04-22 06:01:05+00:00,0.9575
2026-04-22 06:02:05+00:00,0.9575
2026-04-22 06:03:05+00:00,0.9575
2026-04-22 06:04:05+00:00,0.9575
2026-04-22 06:05:06+00:00,0.9575
2026-04-22 06:06:07+00:00,0.9575
2026-04-22 06:07:19+00:00,0.9575
2026-04-22 06:08:19+00:00,0.9575
2026-04-22 06:09:08+00:00,0.9575
2026-04-22 06:10:08+00:00,0.9575
2026-04-22 06:11:04+00:00,0.9575
2026-04-22 06:12:06+00:00,0.9575
2026-04-22 06:13:09+00:00,0.9575
2026-04-22 06:14:12+00:00,0.9575
2026-04-22 06:15:07+00:00,0.9575
2026-04-22 06:16:05+00:00,0.9575
2026-04-22 06:17:07+00:00,0.9575
2026-04-22 06:18:04+00:00,0.9575
2026-04-22 06:19:07+00:00,0.9575
2026-04-22 06:20:08+00:00,0.9575
2026-04-22 06:21:06+00:00,0.9575
2026-04-22 06:22:05+00:00,0.9575
2026-04-22 06:23:06+00:00,0.9575
2026-04-22 06:24:07+00:00,0.9575
2026-04-22 06:25:06+00:00,0.9575
2026-04-22 06:26:06+00:00,0.9575
2026-04-22 06:27:09+00:00,0.9575
2026-04-22 06:28:11+00:00,0.9575
2026-04-22 06:29:05+00:00,0.9575
2026-04-22 06:30:08+00:00,0.9575
2026-04-22 06:31:04+00:00,0.9575
2026-04-22 06:32:04+00:00,0.9575
2026-04-22 06:33:18+00:00,0.9575
2026-04-22 06:34:05+00:00,0.9575
2026-04-22 06:35:10+00:00,0.9575
2026-04-22 06:36:04+00:00,0.9575
2026-04-22 06:37:07+00:00,0.9575
2026-04-22 06:38:05+00:00,0.9575
2026-04-22 06:39:07+00:00,0.9575
2026-04-22 06:40:04+00:00,0.9575
2026-04-22 06:41:04+00:00,0.9575
2026-04-22 06:42:04+00:00,0.9575
2026-04-22 06:43:04+00:00,0.9575
2026-04-22 06:44:05+00:00,0.9575
2026-04-22 06:45:07+00:00,0.9575
2026-04-22 06:46:06+00:00,0.9575
2026-04-22 06:47:04+00:00,0.9575
2026-04-22 06:48:07+00:00,0.9575
2026-04-22 06:49:07+00:00,0.9575
2026-04-22 06:50:06+00:00,0.9575
2026-04-22 06:51:04+00:00,0.9575
2026-04-22 06:52:05+00:00,0.9575
2026-04-22 06:53:05+00:00,0.9575
2026-04-22 06:54:05+00:00,0.9575
2026-04-22 06:55:06+00:00,0.9575
2026-04-22 06:56:05+00:00,0.9575
2026-04-22 06:57:06+00:00,0.9575
2026-04-22 06:58:20+00:00,0.9575
2026-04-22 06:59:05+00:00,0.9575
2026-04-22 07:00:09+00:00,0.9575
2026-04-22 07:01:22+00:00,0.9575
2026-04-22 07:02:05+00:00,0.9575
2026-04-22 07:03:11+00:00,0.9575
2026-04-22 07:04:07+00:00,0.9575
2026-04-22 07:05:09+00:00,0.9575
2026-04-22 07:06:04+00:00,0.9575
2026-04-22 07:07:04+00:00,0.949
2026-04-22 07:08:04+00:00,0.9485
2026-04-22 07:09:08+00:00,0.952
2026-04-22 07:10:08+00:00,0.952
2026-04-22 07:11:04+00:00,0.952
2026-04-22 07:12:07+00:00,0.952
2026-04-22 07:13:18+00:00,0.952
2026-04-22 07:14:04+00:00,0.952
2026-04-22 07:15:05+00:00,0.9535
2026-04-22 07:16:17+00:00,0.9535
2026-04-22 07:17:04+00:00,0.9535
2026-04-22 07:18:05+00:00,0.9535
2026-04-22 07:19:05+00:00,0.9535
2026-04-22 07:20:09+00:00,0.9535
2026-04-22 07:21:04+00:00,0.9535
2026-04-22 07:22:04+00:00,0.9535
2026-04-22 07:23:05+00:00,0.9535
2026-04-22 07:24:05+00:00,0.952
2026-04-22 07:25:04+00:00,0.952
2026-04-22 07:26:04+00:00,0.952
2026-04-22 07:27:05+00:00,0.952
2026-04-22 07:28:04+00:00,0.9535
2026-04-22 07:29:05+00:00,0.9535
2026-04-22 07:30:10+00:00,0.957
2026-04-22 07:31:04+00:00,0.9575
2026-04-22 07:32:04+00:00,0.9575
2026-04-22 07:33:07+00:00,0.9575
2026-04-22 07:34:05+00:00,0.9575
2026-04-22 07:35:04+00:00,0.9575
2026-04-22 07:36:04+00:00,0.9575
2026-04-22 07:37:05+00:00,0.9575
2026-04-22 07:38:04+00:00,0.9575
2026-04-22 07:39:05+00:00,0.9575
2026-04-22 07:40:06+00:00,0.9575
2026-04-22 07:41:05+00:00,0.9575
2026-04-22 07:42:04+00:00,0.9575
2026-04-22 07:43:04+00:00,0.9575
2026-04-22 07:44:05+00:00,0.9575
2026-04-22 07:45:06+00:00,0.9575
2026-04-22 07:46:09+00:00,0.9575
2026-04-22 07:47:06+00:00,0.9575
2026-04-22 07:48:09+00:00,0.9575
2026-04-22 07:49:05+00:00,0.9575
2026-04-22 07:50:09+00:00,0.9575
2026-04-22 07:51:17+00:00,0.9575
2026-04-22 07:52:04+00:00,0.9575
2026-04-22 07:53:07+00:00,0.9575
2026-04-22 07:54:05+00:00,0.9575
2026-04-22 07:55:04+00:00,0.9575
2026-04-22 07:56:06+00:00,0.9575
2026-04-22 07:57:08+00:00,0.9575
2026-04-22 07:58:08+00:00,0.9575
2026-04-22 07:59:05+00:00,0.9575
2026-04-22 08:00:07+00:00,0.9575
2026-04-22 08:01:04+00:00,0.9575
2026-04-22 08:02:04+00:00,0.9575
2026-04-22 08:03:08+00:00,0.9575
2026-04-22 08:04:08+00:00,0.9575
2026-04-22 08:05:05+00:00,0.9575
2026-04-22 08:06:04+00:00,0.9575
2026-04-22 08:07:05+00:00,0.9575
2026-04-22 08:08:04+00:00,0.9575
2026-04-22 08:09:05+00:00,0.9575
2026-04-22 08:10:05+00:00,0.9575
2026-04-22 08:11:05+00:00,0.9575
2026-04-22 08:12:09+00:00,0.9575
2026-04-22 08:13:05+00:00,0.9575
2026-04-22 08:14:05+00:00,0.9575
2026-04-22 08:15:05+00:00,0.9575
2026-04-22 08:16:04+00:00,0.9575
2026-04-22 08:17:04+00:00,0.9575
2026-04-22 08:18:06+00:00,0.9575
2026-04-22 08:19:05+00:00,0.9575
2026-04-22 08:20:04+00:00,0.9575
2026-04-22 08:21:05+00:00,0.9575
2026-04-22 08:22:25+00:00,0.9575
2026-04-22 08:23:07+00:00,0.9575
2026-04-22 08:24:05+00:00,0.9575
2026-04-22 08:25:07+00:00,0.9575
2026-04-22 08:26:04+00:00,0.9575
2026-04-22 08:27:11+00:00,0.9575
2026-04-22 08:28:05+00:00,0.9575
2026-04-22 08:29:05+00:00,0.9575
2026-04-22 08:30:08+00:00,0.9575
2026-04-22 08:31:04+00:00,0.9575
2026-04-22 08:32:05+00:00,0.9575
2026-04-22 08:33:09+00:00,0.957
2026-04-22 08:34:05+00:00,0.957
2026-04-22 08:35:04+00:00,0.957
2026-04-22 08:36:05+00:00,0.957
2026-04-22 08:37:05+00:00,0.957
2026-04-22 08:38:04+00:00,0.957
2026-04-22 08:39:05+00:00,0.957
2026-04-22 08:40:07+00:00,0.957
2026-04-22 08:41:04+00:00,0.957
2026-04-22 08:42:04+00:00,0.957
2026-04-22 08:43:19+00:00,0.957
2026-04-22 08:44:23+00:00,0.957
2026-04-22 08:45:06+00:00,0.957
2026-04-22 08:46:07+00:00,0.957
2026-04-22 08:47:09+00:00,0.957
2026-04-22 08:48:04+00:00,0.957
2026-04-22 08:49:10+00:00,0.957
2026-04-22 08:50:05+00:00,0.957
2026-04-22 08:51:05+00:00,0.957
2026-04-22 08:52:04+00:00,0.957
2026-04-22 08:53:10+00:00,0.957
2026-04-22 08:54:16+00:00,0.957
2026-04-22 08:55:04+00:00,0.957
2026-04-22 08:56:04+00:00,0.957
2026-04-22 08:57:08+00:00,0.957
2026-04-22 08:58:06+00:00,0.957
2026-04-22 08:59:05+00:00,0.957
2026-04-22 09:00:09+00:00,0.957
2026-04-22 09:01:04+00:00,0.957
2026-04-22 09:02:05+00:00,0.957
2026-04-22 09:03:05+00:00,0.957
2026-04-22 09:04:05+00:00,0.957
2026-04-22 09:05:09+00:00,0.957
2026-04-22 09:06:05+00:00,0.957
2026-04-22 09:07:06+00:00,0.957
2026-04-22 09:08:05+00:00,0.957
2026-04-22 09:09:06+00:00,0.957
2026-04-22 09:10:05+00:00,0.957
2026-04-22 09:11:04+00:00,0.957
2026-04-22 09:12:06+00:00,0.957
2026-04-22 09:13:07+00:00,0.957
2026-04-22 09:14:05+00:00,0.957
2026-04-22 09:15:12+00:00,0.957
2026-04-22 09:16:04+00:00,0.957
2026-04-22 09:17:05+00:00,0.957
2026-04-22 09:18:05+00:00,0.957
2026-04-22 09:19:06+00:00,0.957
2026-04-22 09:20:06+00:00,0.957
2026-04-22 09:21:04+00:00,0.957
2026-04-22 09:22:18+00:00,0.957
2026-04-22 09:23:05+00:00,0.957
2026-04-22 09:24:06+00:00,0.957
2026-04-22 09:25:08+00:00,0.957
2026-04-22 09:26:07+00:00,0.957
2026-04-22 09:27:09+00:00,0.957
2026-04-22 09:28:09+00:00,0.957
2026-04-22 09:29:05+00:00,0.957
2026-04-22 09:30:09+00:00,0.957
2026-04-22 09:31:04+00:00,0.957
2026-04-22 09:32:18+00:00,0.957
2026-04-22 09:33:06+00:00,0.957
2026-04-22 09:34:05+00:00,0.957
2026-04-22 09:35:05+00:00,0.957
2026-04-22 09:36:04+00:00,0.957
2026-04-22 09:37:05+00:00,0.957
2026-04-22 09:38:05+00:00,0.957
2026-04-22 09:39:05+00:00,0.957
2026-04-22 09:40:04+00:00,0.957
2026-04-22 09:41:08+00:00,0.957
2026-04-22 09:42:08+00:00,0.957
2026-04-22 09:43:04+00:00,0.95
2026-04-22 09:44:06+00:00,0.95
2026-04-22 09:45:08+00:00,0.95
2026-04-22 09:46:05+00:00,0.95
2026-04-22 09:47:07+00:00,0.95
2026-04-22 09:48:08+00:00,0.95
2026-04-22 09:49:06+00:00,0.95
2026-04-22 09:50:05+00:00,0.95
2026-04-22 09:51:04+00:00,0.95
2026-04-22 09:52:04+00:00,0.95
2026-04-22 09:53:05+00:00,0.95
2026-04-22 09:54:06+00:00,0.95
2026-04-22 09:55:11+00:00,0.95
2026-04-22 09:56:04+00:00,0.95
2026-04-22 09:57:05+00:00,0.95
2026-04-22 09:58:05+00:00,0.95
2026-04-22 09:59:05+00:00,0.95
2026-04-22 10:00:08+00:00,0.95
2026-04-22 10:01:04+00:00,0.95
2026-04-22 10:02:04+00:00,0.95
2026-04-22 10:03:05+00:00,0.95
2026-04-22 10:04:05+00:00,0.95
2026-04-22 10:05:04+00:00,0.95
2026-04-22 10:06:09+00:00,0.95
2026-04-22 10:07:10+00:00,0.95
2026-04-22 10:08:08+00:00,0.95
2026-04-22 10:09:05+00:00,0.95
2026-04-22 10:10:04+00:00,0.95
2026-04-22 10:11:04+00:00,0.95
2026-04-22 10:12:04+00:00,0.95
2026-04-22 10:13:05+00:00,0.95
2026-04-22 10:14:08+00:00,0.95
2026-04-22 10:15:07+00:00,0.95
2026-04-22 10:16:05+00:00,0.95
2026-04-22 10:17:11+00:00,0.95
2026-04-22 10:18:10+00:00,0.95
2026-04-22 10:19:15+00:00,0.95
2026-04-22 10:20:05+00:00,0.95
2026-04-22 10:21:04+00:00,0.95
2026-04-22 10:22:04+00:00,0.946
2026-04-22 10:23:06+00:00,0.9455
2026-04-22 10:24:08+00:00,0.9455
2026-04-22 10:25:07+00:00,0.9455
2026-04-22 10:26:04+00:00,0.9455
2026-04-22 10:27:20+00:00,0.948
2026-04-22 10:28:05+00:00,0.948
2026-04-22 10:29:15+00:00,0.948
2026-04-22 10:30:11+00:00,0.948
2026-04-22 10:31:07+00:00,0.948
2026-04-22 10:32:04+00:00,0.948
2026-04-22 10:33:08+00:00,0.948
2026-04-22 10:34:05+00:00,0.953
2026-04-22 10:35:06+00:00,0.953
2026-04-22 10:36:05+00:00,0.953
2026-04-22 10:37:05+00:00,0.9525
2026-04-22 10:38:24+00:00,0.9525
2026-04-22 10:39:05+00:00,0.9525
2026-04-22 10:40:04+00:00,0.9525
2026-04-22 10:41:04+00:00,0.9525
2026-04-22 10:42:05+00:00,0.9525
2026-04-22 10:43:08+00:00,0.9525
2026-04-22 10:44:05+00:00,0.9525
2026-04-22 10:45:06+00:00,0.9525
2026-04-22 10:46:05+00:00,0.9525
2026-04-22 10:47:11+00:00,0.9525
2026-04-22 10:48:07+00:00,0.9525
2026-04-22 10:49:05+00:00,0.9525
2026-04-22 10:50:05+00:00,0.9525
2026-04-22 10:51:05+00:00,0.9525
2026-04-22 10:52:04+00:00,0.9525
2026-04-22 10:53:05+00:00,0.9525
2026-04-22 10:54:05+00:00,0.9525
2026-04-22 10:55:04+00:00,0.9525
2026-04-22 10:56:04+00:00,0.9525
2026-04-22 10:57:18+00:00,0.9525
2026-04-22 10:58:05+00:00,0.9525
2026-04-22 10:59:06+00:00,0.9525
2026-04-22 11:00:10+00:00,0.9525
2026-04-22 11:01:05+00:00,0.9575
2026-04-22 11:02:04+00:00,0.9575
2026-04-22 11:03:05+00:00,0.957
2026-04-22 11:04:04+00:00,0.957
2026-04-22 11:05:05+00:00,0.957
2026-04-22 11:06:04+00:00,0.957
2026-04-22 11:07:05+00:00,0.957
2026-04-22 11:08:04+00:00,0.9545
2026-04-22 11:09:05+00:00,0.9545
2026-04-22 11:10:04+00:00,0.9545
2026-04-22 11:11:04+00:00,0.9545
2026-04-22 11:12:04+00:00,0.9545
2026-04-22 11:13:08+00:00,0.9535
2026-04-22 11:14:05+00:00,0.9535
2026-04-22 11:15:06+00:00,0.9535
2026-04-22 11:16:04+00:00,0.9535
2026-04-22 11:17:06+00:00,0.9535
2026-04-22 11:18:08+00:00,0.9535
2026-04-22 11:19:06+00:00,0.9535
2026-04-22 11:20:05+00:00,0.9535
2026-04-22 11:21:16+00:00,0.9535
2026-04-22 11:22:04+00:00,0.9535
2026-04-22 11:23:04+00:00,0.9535
2026-04-22 11:24:05+00:00,0.9535
2026-04-22 11:25:04+00:00,0.9535
2026-04-22 11:26:04+00:00,0.9535
2026-04-22 11:27:05+00:00,0.9535
2026-04-22 11:28:05+00:00,0.9535
2026-04-22 11:29:06+00:00,0.9535
2026-04-22 11:30:09+00:00,0.9535
2026-04-22 11:31:04+00:00,0.9535
2026-04-22 11:32:05+00:00,0.9535
2026-04-22 11:33:05+00:00,0.9535
2026-04-22 11:34:05+00:00,0.9535
2026-04-22 11:35:20+00:00,0.9535
2026-04-22 11:36:05+00:00,0.9535
2026-04-22 11:37:05+00:00,0.953
2026-04-22 11:38:04+00:00,0.953
2026-04-22 11:39:06+00:00,0.953
2026-04-22 11:40:20+00:00,0.953
2026-04-22 11:41:05+00:00,0.953
2026-04-22 11:42:04+00:00,0.953
2026-04-22 11:43:04+00:00,0.9525
2026-04-22 11:44:09+00:00,0.9525
2026-04-22 11:45:05+00:00,0.9525
2026-04-22 11:46:04+00:00,0.9525
2026-04-22 11:47:05+00:00,0.9525
2026-04-22 11:48:05+00:00,0.9525
2026-04-22 11:49:05+00:00,0.9525
2026-04-22 11:50:05+00:00,0.9525
2026-04-22 11:51:05+00:00,0.9525
2026-04-22 11:52:05+00:00,0.9525
2026-04-22 11:53:06+00:00,0.9525
2026-04-22 11:54:05+00:00,0.9525
2026-04-22 11:55:06+00:00,0.9525
2026-04-22 11:56:05+00:00,0.9525
2026-04-22 11:57:07+00:00,0.9525
2026-04-22 11:58:06+00:00,0.9525
2026-04-22 11:59:06+00:00,0.9525
2026-04-22 12:00:15+00:00,0.9525
2026-04-22 12:01:08+00:00,0.9525
2026-04-22 12:02:05+00:00,0.9525
2026-04-22 12:03:07+00:00,0.9525
2026-04-22 12:04:07+00:00,0.9525
2026-04-22 12:05:10+00:00,0.9525
2026-04-22 12:06:05+00:00,0.9525
2026-04-22 12:07:05+00:00,0.9525
2026-04-22 12:08:09+00:00,0.9525
2026-04-22 12:09:07+00:00,0.9525
2026-04-22 12:10:18+00:00,0.9525
2026-04-22 12:11:06+00:00,0.9525
2026-04-22 12:12:06+00:00,0.9525
2026-04-22 12:13:07+00:00,0.9525
2026-04-22 12:14:06+00:00,0.9525
2026-04-22 12:15:05+00:00,0.9525
2026-04-22 12:16:08+00:00,0.9525
2026-04-22 12:17:06+00:00,0.9525
2026-04-22 12:18:05+00:00,0.9525
2026-04-22 12:19:16+00:00,0.9525
2026-04-22 12:20:05+00:00,0.9525
2026-04-22 12:21:06+00:00,0.9525
2026-04-22 12:22:20+00:00,0.9525
2026-04-22 12:23:06+00:00,0.9525
2026-04-22 12:24:05+00:00,0.9525
2026-04-22 12:25:05+00:00,0.9525
2026-04-22 12:26:06+00:00,0.9525
2026-04-22 12:27:04+00:00,0.9525
2026-04-22 12:28:06+00:00,0.9525
2026-04-22 12:29:05+00:00,0.9525
2026-04-22 12:30:09+00:00,0.9525
2026-04-22 12:31:04+00:00,0.9525
2026-04-22 12:32:06+00:00,0.9525
2026-04-22 12:33:07+00:00,0.9525
2026-04-22 12:34:05+00:00,0.9525
2026-04-22 12:35:06+00:00,0.9525
2026-04-22 12:36:08+00:00,0.9525
2026-04-22 12:37:05+00:00,0.9525
2026-04-22 12:38:05+00:00,0.9525
2026-04-22 12:39:05+00:00,0.9525
2026-04-22 12:40:05+00:00,0.9525
2026-04-22 12:41:09+00:00,0.9525
2026-04-22 12:42:06+00:00,0.9545
2026-04-22 12:43:06+00:00,0.9545
2026-04-22 12:44:05+00:00,0.9545
2026-04-22 12:45:07+00:00,0.9535
2026-04-22 12:46:04+00:00,0.9535
2026-04-22 12:47:05+00:00,0.9535
2026-04-22 12:48:04+00:00,0.9535
2026-04-22 12:49:05+00:00,0.9535
2026-04-22 12:50:06+00:00,0.9535
2026-04-22 12:51:04+00:00,0.9535
2026-04-22 12:52:04+00:00,0.9535
2026-04-22 12:53:05+00:00,0.9535
2026-04-22 12:54:06+00:00,0.953
2026-04-22 12:55:05+00:00,0.953
2026-04-22 12:56:04+00:00,0.953
2026-04-22 12:57:06+00:00,0.953
2026-04-22 12:58:04+00:00,0.953
2026-04-22 12:59:06+00:00,0.953
2026-04-22 13:00:08+00:00,0.953
2026-04-22 13:01:04+00:00,0.9525
2026-04-22 13:02:05+00:00,0.9525
2026-04-22 13:03:06+00:00,0.9525
2026-04-22 13:04:19+00:00,0.9525
2026-04-22 13:05:05+00:00,0.9525
2026-04-22 13:06:05+00:00,0.9525
2026-04-22 13:07:08+00:00,0.9525
2026-04-22 13:08:18+00:00,0.9525
2026-04-22 13:09:06+00:00,0.9525
2026-04-22 13:10:09+00:00,0.9525
2026-04-22 13:11:04+00:00,0.9525
2026-04-22 13:12:04+00:00,0.9525
2026-04-22 13:13:04+00:00,0.9525
2026-04-22 13:14:06+00:00,0.9525
2026-04-22 13:15:08+00:00,0.9525
2026-04-22 13:16:05+00:00,0.9525
2026-04-22 13:17:05+00:00,0.9525
2026-04-22 13:18:07+00:00,0.9525
2026-04-22 13:19:07+00:00,0.9525
2026-04-22 13:20:04+00:00,0.9525
2026-04-22 13:21:05+00:00,0.9525
2026-04-22 13:22:04+00:00,0.9525
2026-04-22 13:23:24+00:00,0.9525
2026-04-22 13:24:08+00:00,0.9525
2026-04-22 13:25:05+00:00,0.9525
2026-04-22 13:26:04+00:00,0.9525
2026-04-22 13:27:09+00:00,0.9525
2026-04-22 13:28:05+00:00,0.9525
2026-04-22 13:29:05+00:00,0.9525
2026-04-22 13:30:12+00:00,0.9525
2026-04-22 13:31:04+00:00,0.9525
2026-04-22 13:32:08+00:00,0.9525
2026-04-22 13:33:06+00:00,0.9525
2026-04-22 13:34:04+00:00,0.9525
2026-04-22 13:35:08+00:00,0.9525
2026-04-22 13:36:04+00:00,0.9525
2026-04-22 13:37:05+00:00,0.9525
2026-04-22 13:38:10+00:00,0.9525
2026-04-22 13:39:08+00:00,0.9525
2026-04-22 13:40:05+00:00,0.9525
2026-04-22 13:41:04+00:00,0.9525
2026-04-22 13:42:04+00:00,0.9525
2026-04-22 13:43:05+00:00,0.9525
2026-04-22 13:44:05+00:00,0.9525
2026-04-22 13:45:12+00:00,0.9525
2026-04-22 13:46:04+00:00,0.9525
2026-04-22 13:47:04+00:00,0.9525
2026-04-22 13:48:05+00:00,0.9525
2026-04-22 13:49:07+00:00,0.9525
2026-04-22 13:50:05+00:00,0.9525
2026-04-22 13:51:05+00:00,0.9525
2026-04-22 13:52:04+00:00,0.9525
2026-04-22 13:53:04+00:00,0.9525
2026-04-22 13:54:04+00:00,0.9525
2026-04-22 13:55:06+00:00,0.9525
2026-04-22 13:56:04+00:00,0.9525
2026-04-22 13:57:08+00:00,0.9525
2026-04-22 13:58:12+00:00,0.9525
2026-04-22 13:59:05+00:00,0.9525
2026-04-22 14:00:09+00:00,0.9545
2026-04-22 14:01:04+00:00,0.9545
2026-04-22 14:02:04+00:00,0.9545
2026-04-22 14:03:07+00:00,0.9545
2026-04-22 14:04:06+00:00,0.9545
2026-04-22 14:05:04+00:00,0.9545
2026-04-22 14:06:04+00:00,0.9545
2026-04-22 14:07:05+00:00,0.9545
2026-04-22 14:08:05+00:00,0.9545
2026-04-22 14:09:05+00:00,0.9545
2026-04-22 14:10:05+00:00,0.9535
2026-04-22 14:11:04+00:00,0.9535
2026-04-22 14:12:04+00:00,0.9535
2026-04-22 14:13:04+00:00,0.953
2026-04-22 14:14:06+00:00,0.953
2026-04-22 14:15:09+00:00,0.953
2026-04-22 14:16:04+00:00,0.953
2026-04-22 14:17:05+00:00,0.953
2026-04-22 14:18:07+00:00,0.953
2026-04-22 14:19:05+00:00,0.953
2026-04-22 14:20:05+00:00,0.953
2026-04-22 14:21:05+00:00,0.953
2026-04-22 14:22:04+00:00,0.953
2026-04-22 14:23:04+00:00,0.9525
2026-04-22 14:24:08+00:00,0.9525
2026-04-22 14:25:05+00:00,0.9525
2026-04-22 14:26:04+00:00,0.9525
2026-04-22 14:27:07+00:00,0.9525
2026-04-22 14:28:07+00:00,0.9525
2026-04-22 14:29:05+00:00,0.9525
2026-04-22 14:30:09+00:00,0.9525
2026-04-22 14:31:04+00:00,0.9525
2026-04-22 14:32:04+00:00,0.9525
2026-04-22 14:33:04+00:00,0.9525
2026-04-22 14:34:10+00:00,0.9525
2026-04-22 14:35:06+00:00,0.9525
2026-04-22 14:36:05+00:00,0.9525
2026-04-22 14:37:06+00:00,0.9525
2026-04-22 14:38:08+00:00,0.9525
2026-04-22 14:39:06+00:00,0.9525
2026-04-22 14:40:05+00:00,0.9525
2026-04-22 14:41:05+00:00,0.9525
2026-04-22 14:42:04+00:00,0.9525
2026-04-22 14:43:04+00:00,0.9525
2026-04-22 14:44:05+00:00,0.9525
2026-04-22 14:45:06+00:00,0.9525
2026-04-22 14:46:04+00:00,0.9525
2026-04-22 14:47:08+00:00,0.9525
2026-04-22 14:48:05+00:00,0.9525
2026-04-22 14:49:05+00:00,0.9525
2026-04-22 14:50:06+00:00,0.9525
2026-04-22 14:51:07+00:00,0.9525
2026-04-22 14:52:17+00:00,0.9525
2026-04-22 14:53:20+00:00,0.9525
2026-04-22 14:54:05+00:00,0.9525
2026-04-22 14:55:04+00:00,0.9525
2026-04-22 14:56:04+00:00,0.9525
2026-04-22 14:57:05+00:00,0.9525
2026-04-22 14:58:07+00:00,0.9525
2026-04-22 14:59:06+00:00,0.9525
2026-04-22 15:00:17+00:00,0.9525
2026-04-22 15:01:05+00:00,0.9525
2026-04-22 15:02:05+00:00,0.9525
2026-04-22 15:03:06+00:00,0.9525
2026-04-22 15:04:13+00:00,0.9525
2026-04-22 15:05:06+00:00,0.9525
2026-04-22 15:06:04+00:00,0.9525
2026-04-22 15:07:17+00:00,0.9525
2026-04-22 15:08:21+00:00,0.9525
2026-04-22 15:09:06+00:00,0.9525
2026-04-22 15:10:05+00:00,0.9525
2026-04-22 15:11:04+00:00,0.9525
2026-04-22 15:12:05+00:00,0.9525
2026-04-22 15:13:06+00:00,0.9525
2026-04-22 15:14:05+00:00,0.9525
2026-04-22 15:15:10+00:00,0.9525
2026-04-22 15:16:11+00:00,0.9525
2026-04-22 15:17:12+00:00,0.9525
2026-04-22 15:18:05+00:00,0.9525
2026-04-22 15:19:08+00:00,0.9525
2026-04-22 15:20:14+00:00,0.9525
2026-04-22 15:21:04+00:00,0.9525
2026-04-22 15:22:05+00:00,0.958
2026-04-22 15:23:04+00:00,0.9545
2026-04-22 15:24:04+00:00,0.9545
2026-04-22 15:25:09+00:00,0.9545
2026-04-22 15:26:04+00:00,0.9545
2026-04-22 15:27:08+00:00,0.9545
2026-04-22 15:28:04+00:00,0.9535
2026-04-22 15:29:08+00:00,0.9535
2026-04-22 15:30:09+00:00,0.9535
2026-04-22 15:31:05+00:00,0.9535
2026-04-22 15:32:05+00:00,0.9535
2026-04-22 15:33:26+00:00,0.953
2026-04-22 15:34:05+00:00,0.953
2026-04-22 15:35:08+00:00,0.953
2026-04-22 15:36:05+00:00,0.953
2026-04-22 15:37:07+00:00,0.9525
2026-04-22 15:38:05+00:00,0.9525
2026-04-22 15:39:05+00:00,0.9525
2026-04-22 15:40:06+00:00,0.9525
2026-04-22 15:41:05+00:00,0.9525
2026-04-22 15:42:05+00:00,0.9525
2026-04-22 15:43:04+00:00,0.9525
2026-04-22 15:44:05+00:00,0.9525
2026-04-22 15:45:08+00:00,0.9525
2026-04-22 15:46:24+00:00,0.9525
2026-04-22 15:47:05+00:00,0.9525
2026-04-22 15:48:05+00:00,0.9525
2026-04-22 15:49:05+00:00,0.9525
2026-04-22 15:50:11+00:00,0.9525
2026-04-22 15:51:05+00:00,0.9525
2026-04-22 15:52:04+00:00,0.9525
2026-04-22 15:53:04+00:00,0.9525
2026-04-22 15:54:12+00:00,0.9525
2026-04-22 15:55:05+00:00,0.9525
2026-04-22 15:56:04+00:00,0.9525
2026-04-22 15:57:08+00:00,0.9525
2026-04-22 15:58:06+00:00,0.9525
2026-04-22 15:59:07+00:00,0.9525
2026-04-22 16:00:10+00:00,0.9525
2026-04-22 16:01:07+00:00,0.9525
2026-04-22 16:02:06+00:00,0.9525
2026-04-22 16:03:06+00:00,0.9525
2026-04-22 16:04:05+00:00,0.9525
2026-04-22 16:05:20+00:00,0.9525
2026-04-22 16:06:06+00:00,0.9525
2026-04-22 16:07:07+00:00,0.9525
2026-04-22 16:08:11+00:00,0.9525
2026-04-22 16:09:11+00:00,0.9525
2026-04-22 16:10:06+00:00,0.9525
2026-04-22 16:11:07+00:00,0.9525
2026-04-22 16:12:05+00:00,0.944
2026-04-22 16:13:07+00:00,0.944
2026-04-22 16:14:06+00:00,0.944
2026-04-22 16:15:06+00:00,0.9525
2026-04-22 16:16:07+00:00,0.9525
2026-04-22 16:17:05+00:00,0.9525
2026-04-22 16:18:05+00:00,0.9525
2026-04-22 16:19:06+00:00,0.9525
2026-04-22 16:20:13+00:00,0.9525
2026-04-22 16:21:07+00:00,0.9525
2026-04-22 16:22:07+00:00,0.9525
2026-04-22 16:23:06+00:00,0.9525
2026-04-22 16:24:12+00:00,0.9525
2026-04-22 16:25:08+00:00,0.9525
2026-04-22 16:26:05+00:00,0.9525
2026-04-22 16:27:07+00:00,0.9525
2026-04-22 16:28:20+00:00,0.9525
2026-04-22 16:29:06+00:00,0.9525
2026-04-22 16:30:19+00:00,0.9525
2026-04-22 16:31:21+00:00,0.9525
2026-04-22 16:32:05+00:00,0.9525
2026-04-22 16:33:10+00:00,0.9525
2026-04-22 16:34:08+00:00,0.9525
2026-04-22 16:35:07+00:00,0.9525
2026-04-22 16:36:04+00:00,0.9545
2026-04-22 16:37:04+00:00,0.9545
2026-04-22 16:38:09+00:00,0.9545
2026-04-22 16:39:05+00:00,0.9545
2026-04-22 16:40:05+00:00,0.9545
2026-04-22 16:41:05+00:00,0.9545
2026-04-22 16:42:05+00:00,0.9545
2026-04-22 16:43:06+00:00,0.9545
2026-04-22 16:44:05+00:00,0.9545
2026-04-22 16:45:08+00:00,0.9545
2026-04-22 16:46:09+00:00,0.9535
2026-04-22 16:47:06+00:00,0.9535
2026-04-22 16:48:06+00:00,0.9535
2026-04-22 16:49:05+00:00,0.9535
2026-04-22 16:50:06+00:00,0.9535
2026-04-22 16:51:05+00:00,0.9535
2026-04-22 16:52:05+00:00,0.9535
2026-04-22 16:53:06+00:00,0.9535
2026-04-22 16:54:05+00:00,0.9535
2026-04-22 16:55:05+00:00,0.958
2026-04-22 16:56:05+00:00,0.9545
2026-04-22 16:57:07+00:00,0.9545
2026-04-22 16:58:18+00:00,0.9545
2026-04-22 16:59:10+00:00,0.9545
2026-04-22 17:00:20+00:00,0.9545
2026-04-22 17:01:20+00:00,0.9545
2026-04-22 17:02:05+00:00,0.9545
2026-04-22 17:03:06+00:00,0.9545
2026-04-22 17:04:17+00:00,0.9545
2026-04-22 17:05:11+00:00,0.9545
2026-04-22 17:06:21+00:00,0.9535
2026-04-22 17:07:05+00:00,0.9535
2026-04-22 17:08:08+00:00,0.9535
2026-04-22 17:09:05+00:00,0.9535
2026-04-22 17:10:06+00:00,0.9535
2026-04-22 17:11:04+00:00,0.9535
2026-04-22 17:12:05+00:00,0.9535
2026-04-22 17:13:08+00:00,0.9535
2026-04-22 17:14:05+00:00,0.953
2026-04-22 17:15:06+00:00,0.953
2026-04-22 17:16:05+00:00,0.953
2026-04-22 17:17:05+00:00,0.953
2026-04-22 17:18:06+00:00,0.953
2026-04-22 17:19:05+00:00,0.953
2026-04-22 17:20:07+00:00,0.9525
2026-04-22 17:21:05+00:00,0.9525
2026-04-22 17:22:05+00:00,0.9525
2026-04-22 17:23:05+00:00,0.9525
2026-04-22 17:24:07+00:00,0.9525
2026-04-22 17:25:07+00:00,0.9525
2026-04-22 17:26:22+00:00,0.9525
2026-04-22 17:27:06+00:00,0.9525
2026-04-22 17:28:05+00:00,0.9525
2026-04-22 17:29:05+00:00,0.9525
2026-04-22 17:30:13+00:00,0.9525
2026-04-22 17:31:05+00:00,0.9525
2026-04-22 17:32:04+00:00,0.9525
2026-04-22 17:33:04+00:00,0.9525
2026-04-22 17:34:16+00:00,0.9525
2026-04-22 17:35:07+00:00,0.9525
2026-04-22 17:36:08+00:00,0.9525
2026-04-22 17:37:20+00:00,0.9525
2026-04-22 17:38:10+00:00,0.9525
2026-04-22 17:39:07+00:00,0.9525
2026-04-22 17:40:21+00:00,0.9525
2026-04-22 17:41:08+00:00,0.9525
2026-04-22 17:42:07+00:00,0.948
2026-04-22 17:43:07+00:00,0.948
2026-04-22 17:44:08+00:00,0.948
2026-04-22 17:45:07+00:00,0.948
2026-04-22 17:46:06+00:00,0.948
2026-04-22 17:47:04+00:00,0.9525
2026-04-22 17:48:11+00:00,0.9525
2026-04-22 17:49:08+00:00,0.9525
2026-04-22 17:50:08+00:00,0.95
2026-04-22 17:51:09+00:00,0.95
2026-04-22 17:52:08+00:00,0.95
2026-04-22 17:53:06+00:00,0.95
2026-04-22 17:54:05+00:00,0.95
2026-04-22 17:55:06+00:00,0.95
2026-04-22 17:56:05+00:00,0.95
2026-04-22 17:57:11+00:00,0.95
2026-04-22 17:58:05+00:00,0.95
2026-04-22 17:59:06+00:00,0.95
2026-04-22 18:00:16+00:00,0.95
2026-04-22 18:01:06+00:00,0.95
2026-04-22 18:02:05+00:00,0.95
2026-04-22 18:03:07+00:00,0.95
2026-04-22 18:04:05+00:00,0.95
2026-04-22 18:05:09+00:00,0.95
2026-04-22 18:06:08+00:00,0.95
2026-04-22 18:07:06+00:00,0.95
2026-04-22 18:08:12+00:00,0.95
2026-04-22 18:09:06+00:00,0.95
2026-04-22 18:10:09+00:00,0.95
2026-04-22 18:11:05+00:00,0.95
2026-04-22 18:12:06+00:00,0.95
2026-04-22 18:13:08+00:00,0.95
2026-04-22 18:14:05+00:00,0.95
2026-04-22 18:15:07+00:00,0.95
2026-04-22 18:16:08+00:00,0.95
2026-04-22 18:17:06+00:00,0.95
2026-04-22 18:18:05+00:00,0.95
2026-04-22 18:19:20+00:00,0.95
2026-04-22 18:20:05+00:00,0.95
2026-04-22 18:21:04+00:00,0.95
2026-04-22 18:22:05+00:00,0.95
2026-04-22 18:23:06+00:00,0.95
2026-04-22 18:24:05+00:00,0.95
2026-04-22 18:25:20+00:00,0.95
2026-04-22 18:26:04+00:00,0.95
2026-04-22 18:27:08+00:00,0.95
2026-04-22 18:28:05+00:00,0.95
2026-04-22 18:29:08+00:00,0.95
2026-04-22 18:30:09+00:00,0.95
2026-04-22 18:31:06+00:00,0.95
2026-04-22 18:32:05+00:00,0.95
2026-04-22 18:33:12+00:00,0.95
2026-04-22 18:34:08+00:00,0.95
2026-04-22 18:35:06+00:00,0.95
2026-04-22 18:36:06+00:00,0.95
2026-04-22 18:37:06+00:00,0.95
2026-04-22 18:38:05+00:00,0.95
2026-04-22 18:39:07+00:00,0.95
2026-04-22 18:40:07+00:00,0.95
2026-04-22 18:41:05+00:00,0.95
2026-04-22 18:42:08+00:00,0.95
2026-04-22 18:43:05+00:00,0.95
2026-04-22 18:44:05+00:00,0.95
2026-04-22 18:45:05+00:00,0.95
2026-04-22 18:46:04+00:00,0.95
2026-04-22 18:47:06+00:00,0.95
2026-04-22 18:48:04+00:00,0.95
2026-04-22 18:49:05+00:00,0.95
2026-04-22 18:50:07+00:00,0.95
2026-04-22 18:51:04+00:00,0.95
2026-04-22 18:52:04+00:00,0.95
2026-04-22 18:53:05+00:00,0.95
2026-04-22 18:54:05+00:00,0.95
2026-04-22 18:55:05+00:00,0.95
2026-04-22 18:56:04+00:00,0.95
2026-04-22 18:57:11+00:00,0.95
2026-04-22 18:58:05+00:00,0.95
2026-04-22 18:59:06+00:00,0.95
2026-04-22 19:00:10+00:00,0.95
2026-04-22 19:01:05+00:00,0.95
2026-04-22 19:02:07+00:00,0.95
2026-04-22 19:03:09+00:00,0.95
2026-04-22 19:04:18+00:00,0.95
2026-04-22 19:05:09+00:00,0.95
2026-04-22 19:06:04+00:00,0.95
2026-04-22 19:07:04+00:00,0.95
2026-04-22 19:08:09+00:00,0.95
2026-04-22 19:09:05+00:00,0.95
2026-04-22 19:10:07+00:00,0.95
2026-04-22 19:11:17+00:00,0.95
2026-04-22 19:12:04+00:00,0.95
2026-04-22 19:13:07+00:00,0.95
2026-04-22 19:14:07+00:00,0.95
2026-04-22 19:15:05+00:00,0.95
2026-04-22 19:16:05+00:00,0.95
2026-04-22 19:17:06+00:00,0.95
2026-04-22 19:18:06+00:00,0.95
2026-04-22 19:19:06+00:00,0.95
2026-04-22 19:20:07+00:00,0.95
2026-04-22 19:21:05+00:00,0.95
2026-04-22 19:22:05+00:00,0.95
2026-04-22 19:23:07+00:00,0.95
2026-04-22 19:24:05+00:00,0.95
2026-04-22 19:25:08+00:00,0.95
2026-04-22 19:26:11+00:00,0.95
2026-04-22 19:27:05+00:00,0.95
2026-04-22 19:28:05+00:00,0.95
2026-04-22 19:29:05+00:00,0.95
2026-04-22 19:30:09+00:00,0.95
2026-04-22 19:31:04+00:00,0.95
2026-04-22 19:32:04+00:00,0.95
2026-04-22 19:33:08+00:00,0.95
2026-04-22 19:34:05+00:00,0.95
2026-04-22 19:35:05+00:00,0.95
2026-04-22 19:36:05+00:00,0.95
2026-04-22 19:37:05+00:00,0.95
2026-04-22 19:38:08+00:00,0.95
2026-04-22 19:39:08+00:00,0.95
2026-04-22 19:40:05+00:00,0.95
2026-04-22 19:41:04+00:00,0.95
2026-04-22 19:42:04+00:00,0.95
2026-04-22 19:43:05+00:00,0.95
2026-04-22 19:44:05+00:00,0.95
2026-04-22 19:45:08+00:00,0.95
2026-04-22 19:46:05+00:00,0.95
2026-04-22 19:47:05+00:00,0.95
2026-04-22 19:48:05+00:00,0.95
2026-04-22 19:49:08+00:00,0.95
2026-04-22 19:50:13+00:00,0.95
2026-04-22 19:51:07+00:00,0.95
2026-04-22 19:52:04+00:00,0.95
2026-04-22 19:53:05+00:00,0.95
2026-04-22 19:54:05+00:00,0.95
2026-04-22 19:55:07+00:00,0.95
2026-04-22 19:56:04+00:00,0.95
2026-04-22 19:57:06+00:00,0.95
2026-04-22 19:58:05+00:00,0.95
2026-04-22 19:59:05+00:00,0.95
2026-04-22 20:00:10+00:00,0.95
2026-04-22 20:01:05+00:00,0.95
2026-04-22 20:02:04+00:00,0.95
2026-04-22 20:03:07+00:00,0.95
2026-04-22 20:04:05+00:00,0.95
2026-04-22 20:05:07+00:00,0.95
2026-04-22 20:06:04+00:00,0.95
2026-04-22 20:07:04+00:00,0.95
2026-04-22 20:08:05+00:00,0.95
2026-04-22 20:09:06+00:00,0.95
2026-04-22 20:10:06+00:00,0.95
2026-04-22 20:11:04+00:00,0.95
2026-04-22 20:12:05+00:00,0.95
2026-04-22 20:13:05+00:00,0.95
2026-04-22 20:14:05+00:00,0.95
2026-04-22 20:15:10+00:00,0.95
2026-04-22 20:16:05+00:00,0.95
2026-04-22 20:17:05+00:00,0.95
2026-04-22 20:18:05+00:00,0.95
2026-04-22 20:19:05+00:00,0.95
2026-04-22 20:20:04+00:00,0.95
2026-04-22 20:21:04+00:00,0.9495
2026-04-22 20:22:04+00:00,0.949
2026-04-22 20:23:05+00:00,0.9505
2026-04-22 20:24:05+00:00,0.9505
2026-04-22 20:25:16+00:00,0.9505
2026-04-22 20:26:05+00:00,0.9505
2026-04-22 20:27:11+00:00,0.9505
2026-04-22 20:28:04+00:00,0.9505
2026-04-22 20:29:05+00:00,0.9505
2026-04-22 20:30:09+00:00,0.9505
2026-04-22 20:31:04+00:00,0.9505
2026-04-22 20:32:06+00:00,0.9515
2026-04-22 20:33:07+00:00,0.9515
2026-04-22 20:34:05+00:00,0.9535
2026-04-22 20:35:05+00:00,0.9535
2026-04-22 20:36:05+00:00,0.9535
2026-04-22 20:37:04+00:00,0.9535
2026-04-22 20:38:04+00:00,0.9535
2026-04-22 20:39:08+00:00,0.953
2026-04-22 20:40:06+00:00,0.953
2026-04-22 20:41:10+00:00,0.953
2026-04-22 20:42:07+00:00,0.953
2026-04-22 20:43:06+00:00,0.953
2026-04-22 20:44:05+00:00,0.953
2026-04-22 20:45:06+00:00,0.953
2026-04-22 20:46:04+00:00,0.953
2026-04-22 20:47:05+00:00,0.95
2026-04-22 20:48:05+00:00,0.95
2026-04-22 20:49:05+00:00,0.95
2026-04-22 20:50:05+00:00,0.95
2026-04-22 20:51:04+00:00,0.95
2026-04-22 20:52:04+00:00,0.95
2026-04-22 20:53:04+00:00,0.95
2026-04-22 20:54:05+00:00,0.95
2026-04-22 20:55:05+00:00,0.95
2026-04-22 20:56:05+00:00,0.95
2026-04-22 20:57:07+00:00,0.95
2026-04-22 20:58:04+00:00,0.95
2026-04-22 20:59:05+00:00,0.95
2026-04-22 21:00:13+00:00,0.95
2026-04-22 21:01:06+00:00,0.95
2026-04-22 21:02:05+00:00,0.95
2026-04-22 21:03:06+00:00,0.95
2026-04-22 21:04:05+00:00,0.95
2026-04-22 21:05:06+00:00,0.95
2026-04-22 21:06:04+00:00,0.95
2026-04-22 21:07:09+00:00,0.95
2026-04-22 21:08:05+00:00,0.95
2026-04-22 21:09:05+00:00,0.95
2026-04-22 21:10:06+00:00,0.95
2026-04-22 21:11:16+00:00,0.95
2026-04-22 21:12:05+00:00,0.95
2026-04-22 21:13:07+00:00,0.95
2026-04-22 21:14:05+00:00,0.95
2026-04-22 21:15:05+00:00,0.95
2026-04-22 21:16:04+00:00,0.95
2026-04-22 21:17:04+00:00,0.95
2026-04-22 21:18:05+00:00,0.95
2026-04-22 21:19:05+00:00,0.95
2026-04-22 21:20:05+00:00,0.95
2026-04-22 21:21:04+00:00,0.95
2026-04-22 21:22:04+00:00,0.95
2026-04-22 21:23:08+00:00,0.95
2026-04-22 21:24:05+00:00,0.95
2026-04-22 21:25:05+00:00,0.95
2026-04-22 21:26:05+00:00,0.95
2026-04-22 21:27:04+00:00,0.95
2026-04-22 21:28:04+00:00,0.95
2026-04-22 21:29:05+00:00,0.95
2026-04-22 21:30:10+00:00,0.95
2026-04-22 21:31:04+00:00,0.95
2026-04-22 21:32:19+00:00,0.95
2026-04-22 21:33:08+00:00,0.95
2026-04-22 21:34:05+00:00,0.95
2026-04-22 21:35:05+00:00,0.95
2026-04-22 21:36:05+00:00,0.95
2026-04-22 21:37:05+00:00,0.95
2026-04-22 21:38:05+00:00,0.95
2026-04-22 21:39:05+00:00,0.95
2026-04-22 21:40:16+00:00,0.95
2026-04-22 21:41:04+00:00,0.95
2026-04-22 21:42:05+00:00,0.95
2026-04-22 21:43:04+00:00,0.95
2026-04-22 21:44:05+00:00,0.95
2026-04-22 21:45:06+00:00,0.95
2026-04-22 21:46:04+00:00,0.95
2026-04-22 21:47:04+00:00,0.95
2026-04-22 21:48:05+00:00,0.95
2026-04-22 21:49:05+00:00,0.95
2026-04-22 21:50:04+00:00,0.95
2026-04-22 21:51:05+00:00,0.95
2026-04-22 21:52:07+00:00,0.95
2026-04-22 21:53:04+00:00,0.95
2026-04-22 21:54:06+00:00,0.95
2026-04-22 21:55:06+00:00,0.95
2026-04-22 21:56:04+00:00,0.95
2026-04-22 21:57:08+00:00,0.95
2026-04-22 21:58:06+00:00,0.95
2026-04-22 21:59:09+00:00,0.95
2026-04-22 22:00:11+00:00,0.95
2026-04-22 22:01:04+00:00,0.95
2026-04-22 22:02:04+00:00,0.95
2026-04-22 22:03:05+00:00,0.95
2026-04-22 22:04:05+00:00,0.95
2026-04-22 22:05:05+00:00,0.95
2026-04-22 22:06:04+00:00,0.95
2026-04-22 22:07:06+00:00,0.95
2026-04-22 22:08:05+00:00,0.95
2026-04-22 22:09:05+00:00,0.95
2026-04-22 22:10:05+00:00,0.95
2026-04-22 22:11:05+00:00,0.95
2026-04-22 22:12:05+00:00,0.95
2026-04-22 22:13:04+00:00,0.95
2026-04-22 22:14:08+00:00,0.95
2026-04-22 22:15:05+00:00,0.95
2026-04-22 22:16:06+00:00,0.95
2026-04-22 22:17:10+00:00,0.95
2026-04-22 22:18:05+00:00,0.95
2026-04-22 22:19:05+00:00,0.95
2026-04-22 22:20:13+00:00,0.95
2026-04-22 22:21:04+00:00,0.95
2026-04-22 22:22:05+00:00,0.95
2026-04-22 22:23:04+00:00,0.95
2026-04-22 22:24:04+00:00,0.95
2026-04-22 22:25:05+00:00,0.95
2026-04-22 22:26:05+00:00,0.95
2026-04-22 22:27:06+00:00,0.95
2026-04-22 22:28:04+00:00,0.95
2026-04-22 22:29:05+00:00,0.95
2026-04-22 22:30:10+00:00,0.95
2026-04-22 22:31:04+00:00,0.95
2026-04-22 22:32:04+00:00,0.95
2026-04-22 22:33:04+00:00,0.95
2026-04-22 22:34:11+00:00,0.95
2026-04-22 22:35:08+00:00,0.95
2026-04-22 22:36:05+00:00,0.95
2026-04-22 22:37:05+00:00,0.95
2026-04-22 22:38:06+00:00,0.95
2026-04-22 22:39:05+00:00,0.95
2026-04-22 22:40:05+00:00,0.95
2026-04-22 22:41:05+00:00,0.95
2026-04-22 22:42:06+00:00,0.95
2026-04-22 22:43:04+00:00,0.95
2026-04-22 22:44:05+00:00,0.95
2026-04-22 22:45:09+00:00,0.95
2026-04-22 22:46:05+00:00,0.95
2026-04-22 22:47:05+00:00,0.95
2026-04-22 22:48:05+00:00,0.95
2026-04-22 22:49:05+00:00,0.95
2026-04-22 22:50:06+00:00,0.95
2026-04-22 22:51:04+00:00,0.95
2026-04-22 22:52:04+00:00,0.95
2026-04-22 22:53:04+00:00,0.95
2026-04-22 22:54:04+00:00,0.95
2026-04-22 22:55:05+00:00,0.95
2026-04-22 22:56:06+00:00,0.95
2026-04-22 22:57:06+00:00,0.95
2026-04-22 22:58:20+00:00,0.95
2026-04-22 22:59:07+00:00,0.95
2026-04-22 23:00:20+00:00,0.95
2026-04-22 23:01:05+00:00,0.95
2026-04-22 23:02:04+00:00,0.95
2026-04-22 23:03:05+00:00,0.95
2026-04-22 23:04:05+00:00,0.95
2026-04-22 23:05:06+00:00,0.95
2026-04-22 23:06:04+00:00,0.95
2026-04-22 23:07:05+00:00,0.95
2026-04-22 23:08:06+00:00,0.95
2026-04-22 23:09:05+00:00,0.95
2026-04-22 23:10:04+00:00,0.95
2026-04-22 23:11:09+00:00,0.95
2026-04-22 23:12:04+00:00,0.95
2026-04-22 23:13:07+00:00,0.95
2026-04-22 23:14:05+00:00,0.95
2026-04-22 23:15:04+00:00,0.95
2026-04-22 23:16:05+00:00,0.95
2026-04-22 23:17:05+00:00,0.95
2026-04-22 23:18:04+00:00,0.95
2026-04-22 23:19:05+00:00,0.95
2026-04-22 23:20:06+00:00,0.95
2026-04-22 23:21:04+00:00,0.95
2026-04-22 23:22:05+00:00,0.95
2026-04-22 23:23:05+00:00,0.95
2026-04-22 23:24:05+00:00,0.95
2026-04-22 23:25:06+00:00,0.95
2026-04-22 23:26:08+00:00,0.95
2026-04-22 23:27:07+00:00,0.95
2026-04-22 23:28:07+00:00,0.95
2026-04-22 23:29:06+00:00,0.95
2026-04-22 23:30:12+00:00,0.95
2026-04-22 23:31:17+00:00,0.95
2026-04-22 23:32:05+00:00,0.95
2026-04-22 23:33:06+00:00,0.95
2026-04-22 23:34:05+00:00,0.95
2026-04-22 23:35:04+00:00,0.95
2026-04-22 23:36:04+00:00,0.95
2026-04-22 23:37:06+00:00,0.95
2026-04-22 23:38:05+00:00,0.95
2026-04-22 23:39:06+00:00,0.95
2026-04-22 23:40:09+00:00,0.95
2026-04-22 23:41:04+00:00,0.95
2026-04-22 23:42:05+00:00,0.95
2026-04-22 23:43:04+00:00,0.95
2026-04-22 23:44:05+00:00,0.95
2026-04-22 23:45:06+00:00,0.95
2026-04-22 23:46:05+00:00,0.95
2026-04-22 23:47:05+00:00,0.95
2026-04-22 23:48:09+00:00,0.95
2026-04-22 23:49:05+00:00,0.95
2026-04-22 23:50:04+00:00,0.95
2026-04-22 23:51:04+00:00,0.95
2026-04-22 23:52:09+00:00,0.95
2026-04-22 23:53:06+00:00,0.95
2026-04-22 23:54:06+00:00,0.95
2026-04-22 23:55:06+00:00,0.95
2026-04-22 23:56:05+00:00,0.95
2026-04-22 23:57:06+00:00,0.95
2026-04-22 23:58:05+00:00,0.95
2026-04-22 23:59:05+00:00,0.95
2026-04-23 00:00:22+00:00,0.95
2026-04-23 00:01:04+00:00,0.95
2026-04-23 00:02:05+00:00,0.95
2026-04-23 00:03:07+00:00,0.95
2026-04-23 00:04:05+00:00,0.95
2026-04-23 00:05:08+00:00,0.95
2026-04-23 00:06:04+00:00,0.95
2026-04-23 00:07:05+00:00,0.95
2026-04-23 00:08:08+00:00,0.95
2026-04-23 00:09:05+00:00,0.95
2026-04-23 00:10:04+00:00,0.95
2026-04-23 00:11:07+00:00,0.95
2026-04-23 00:12:04+00:00,0.95
2026-04-23 00:13:04+00:00,0.95
2026-04-23 00:14:04+00:00,0.95
2026-04-23 00:15:05+00:00,0.95
2026-04-23 00:16:06+00:00,0.95
2026-04-23 00:17:05+00:00,0.95
2026-04-23 00:18:05+00:00,0.95
2026-04-23 00:19:05+00:00,0.95
2026-04-23 00:20:11+00:00,0.95
2026-04-23 00:21:18+00:00,0.95
2026-04-23 00:22:05+00:00,0.95
2026-04-23 00:23:04+00:00,0.95
2026-04-23 00:24:04+00:00,0.95
2026-04-23 00:25:05+00:00,0.95
2026-04-23 00:26:05+00:00,0.95
2026-04-23 00:27:07+00:00,0.95
2026-04-23 00:28:05+00:00,0.95
2026-04-23 00:29:05+00:00,0.95
2026-04-23 00:30:08+00:00,0.95
2026-04-23 00:31:07+00:00,0.95
2026-04-23 00:32:04+00:00,0.95
2026-04-23 00:33:05+00:00,0.95
2026-04-23 00:34:05+00:00,0.95
2026-04-23 00:35:06+00:00,0.95
2026-04-23 00:36:06+00:00,0.95
2026-04-23 00:37:04+00:00,0.95
2026-04-23 00:38:10+00:00,0.95
2026-04-23 00:39:05+00:00,0.95
2026-04-23 00:40:07+00:00,0.95
2026-04-23 00:41:04+00:00,0.95
2026-04-23 00:42:04+00:00,0.95
2026-04-23 00:43:05+00:00,0.95
2026-04-23 00:44:06+00:00,0.95
2026-04-23 00:45:04+00:00,0.95
2026-04-23 00:46:04+00:00,0.95
2026-04-23 00:47:04+00:00,0.95
2026-04-23 00:48:07+00:00,0.95
2026-04-23 00:49:06+00:00,0.95
2026-04-23 00:50:04+00:00,0.95
2026-04-23 00:51:06+00:00,0.95
2026-04-23 00:52:04+00:00,0.95
2026-04-23 00:53:04+00:00,0.95
2026-04-23 00:54:05+00:00,0.95
2026-04-23 00:55:04+00:00,0.95
2026-04-23 00:56:04+00:00,0.95
2026-04-23 00:57:06+00:00,0.95
2026-04-23 00:58:05+00:00,0.95
2026-04-23 00:59:05+00:00,0.95
2026-04-23 01:00:21+00:00,0.95
2026-04-23 01:01:04+00:00,0.95
2026-04-23 01:02:04+00:00,0.95
2026-04-23 01:03:05+00:00,0.95
2026-04-23 01:04:06+00:00,0.95
2026-04-23 01:05:08+00:00,0.95
2026-04-23 01:06:05+00:00,0.95
2026-04-23 01:07:05+00:00,0.95
2026-04-23 01:08:05+00:00,0.95
2026-04-23 01:09:05+00:00,0.95
2026-04-23 01:10:05+00:00,0.95
2026-04-23 01:11:04+00:00,0.95
2026-04-23 01:12:06+00:00,0.95
2026-04-23 01:13:05+00:00,0.95
2026-04-23 01:14:06+00:00,0.95
2026-04-23 01:15:07+00:00,0.95
2026-04-23 01:16:16+00:00,0.95
2026-04-23 01:17:04+00:00,0.95
2026-04-23 01:18:04+00:00,0.95
2026-04-23 01:19:05+00:00,0.95
2026-04-23 01:20:08+00:00,0.95
2026-04-23 01:21:05+00:00,0.95
2026-04-23 01:22:04+00:00,0.95
2026-04-23 01:23:20+00:00,0.95
2026-04-23 01:24:05+00:00,0.95
2026-04-23 01:25:05+00:00,0.95
2026-04-23 01:26:04+00:00,0.95
2026-04-23 01:27:05+00:00,0.95
2026-04-23 01:28:08+00:00,0.95
2026-04-23 01:29:05+00:00,0.95
2026-04-23 01:30:12+00:00,0.95
2026-04-23 01:31:04+00:00,0.95
2026-04-23 01:32:15+00:00,0.95
2026-04-23 01:33:04+00:00,0.95
2026-04-23 01:34:05+00:00,0.95
2026-04-23 01:35:05+00:00,0.95
2026-04-23 01:36:04+00:00,0.95
2026-04-23 01:37:06+00:00,0.95
2026-04-23 01:38:08+00:00,0.95
2026-04-23 01:39:05+00:00,0.95
2026-04-23 01:40:05+00:00,0.95
2026-04-23 01:41:05+00:00,0.95
2026-04-23 01:42:04+00:00,0.95
2026-04-23 01:43:11+00:00,0.95
2026-04-23 01:44:04+00:00,0.95
2026-04-23 01:45:05+00:00,0.95
2026-04-23 01:46:05+00:00,0.95
2026-04-23 01:47:05+00:00,0.95
2026-04-23 01:48:07+00:00,0.95
2026-04-23 01:49:05+00:00,0.95
2026-04-23 01:50:05+00:00,0.95
2026-04-23 01:51:04+00:00,0.95
2026-04-23 01:52:04+00:00,0.95
2026-04-23 01:53:05+00:00,0.95
2026-04-23 01:54:06+00:00,0.95
2026-04-23 01:55:05+00:00,0.95
2026-04-23 01:56:07+00:00,0.95
2026-04-23 01:57:05+00:00,0.95
2026-04-23 01:58:11+00:00,0.95
2026-04-23 01:59:05+00:00,0.95
2026-04-23 02:00:10+00:00,0.95
2026-04-23 02:01:05+00:00,0.95
2026-04-23 02:02:04+00:00,0.95
2026-04-23 02:03:06+00:00,0.95
2026-04-23 02:04:05+00:00,0.95
2026-04-23 02:05:06+00:00,0.95
2026-04-23 02:06:04+00:00,0.95
2026-04-23 02:07:04+00:00,0.95
2026-04-23 02:08:07+00:00,0.95
2026-04-23 02:09:05+00:00,0.95
2026-04-23 02:10:07+00:00,0.95
2026-04-23 02:11:04+00:00,0.95
2026-04-23 02:12:04+00:00,0.95
2026-04-23 02:13:05+00:00,0.95
2026-04-23 02:14:07+00:00,0.95
2026-04-23 02:15:17+00:00,0.95
2026-04-23 02:16:07+00:00,0.95
2026-04-23 02:17:04+00:00,0.95
2026-04-23 02:18:05+00:00,0.95
2026-04-23 02:19:05+00:00,0.95
2026-04-23 02:20:07+00:00,0.95
2026-04-23 02:21:05+00:00,0.95
2026-04-23 02:22:08+00:00,0.95
2026-04-23 02:23:07+00:00,0.95
2026-04-23 02:24:06+00:00,0.95
2026-04-23 02:25:06+00:00,0.95
2026-04-23 02:26:05+00:00,0.95
2026-04-23 02:27:05+00:00,0.95
2026-04-23 02:28:04+00:00,0.95
2026-04-23 02:29:05+00:00,0.95
2026-04-23 02:30:10+00:00,0.95
2026-04-23 02:31:05+00:00,0.95
2026-04-23 02:32:04+00:00,0.95
2026-04-23 02:33:09+00:00,0.95
2026-04-23 02:34:10+00:00,0.95
2026-04-23 02:35:07+00:00,0.95
2026-04-23 02:36:05+00:00,0.95
2026-04-23 02:37:06+00:00,0.95
2026-04-23 02:38:05+00:00,0.95
2026-04-23 02:39:04+00:00,0.95
2026-04-23 02:40:05+00:00,0.95
2026-04-23 02:41:04+00:00,0.95
2026-04-23 02:42:04+00:00,0.95
2026-04-23 02:43:05+00:00,0.95
2026-04-23 02:44:05+00:00,0.95
2026-04-23 02:45:05+00:00,0.95
2026-04-23 02:46:04+00:00,0.95
2026-04-23 02:47:04+00:00,0.95
2026-04-23 02:48:04+00:00,0.95
2026-04-23 02:49:04+00:00,0.95
2026-04-23 02:50:05+00:00,0.95
2026-04-23 02:51:04+00:00,0.95
2026-04-23 02:52:04+00:00,0.95
2026-04-23 02:53:04+00:00,0.95
2026-04-23 02:54:04+00:00,0.95
2026-04-23 02:55:05+00:00,0.95
2026-04-23 02:56:04+00:00,0.95
2026-04-23 02:57:04+00:00,0.95
2026-04-23 02:58:06+00:00,0.95
2026-04-23 02:59:05+00:00,0.95
2026-04-23 03:00:16+00:00,0.95
2026-04-23 03:01:04+00:00,0.95
2026-04-23 03:02:16+00:00,0.95
2026-04-23 03:03:07+00:00,0.95
2026-04-23 03:04:05+00:00,0.95
2026-04-23 03:05:04+00:00,0.95
2026-04-23 03:06:04+00:00,0.95
2026-04-23 03:07:04+00:00,0.95
2026-04-23 03:08:04+00:00,0.95
2026-04-23 03:09:05+00:00,0.95
2026-04-23 03:10:06+00:00,0.95
2026-04-23 03:11:04+00:00,0.95
2026-04-23 03:12:05+00:00,0.95
2026-04-23 03:13:06+00:00,0.95
2026-04-23 03:14:05+00:00,0.95
2026-04-23 03:15:08+00:00,0.95
2026-04-23 03:16:05+00:00,0.95
2026-04-23 03:17:04+00:00,0.95
2026-04-23 03:18:04+00:00,0.95
2026-04-23 03:19:04+00:00,0.95
2026-04-23 03:20:04+00:00,0.95
2026-04-23 03:21:05+00:00,0.95
2026-04-23 03:22:04+00:00,0.95
2026-04-23 03:23:09+00:00,0.95
2026-04-23 03:24:05+00:00,0.95
2026-04-23 03:25:05+00:00,0.95
2026-04-23 03:26:04+00:00,0.95
2026-04-23 03:27:04+00:00,0.95
2026-04-23 03:28:06+00:00,0.95
2026-04-23 03:29:05+00:00,0.95
2026-04-23 03:30:27+00:00,0.95
2026-04-23 03:31:05+00:00,0.95
2026-04-23 03:32:04+00:00,0.95
2026-04-23 03:33:05+00:00,0.95
2026-04-23 03:34:05+00:00,0.95
2026-04-23 03:35:05+00:00,0.95
2026-04-23 03:36:04+00:00,0.95
2026-04-23 03:37:17+00:00,0.95
2026-04-23 03:38:04+00:00,0.95
2026-04-23 03:39:05+00:00,0.95
2026-04-23 03:40:04+00:00,0.95
2026-04-23 03:41:04+00:00,0.95
2026-04-23 03:42:04+00:00,0.95
2026-04-23 03:43:04+00:00,0.95
2026-04-23 03:44:05+00:00,0.95
2026-04-23 03:45:06+00:00,0.95
2026-04-23 03:46:04+00:00,0.95
2026-04-23 03:47:04+00:00,0.95
2026-04-23 03:48:07+00:00,0.95
2026-04-23 03:49:10+00:00,0.95
2026-04-23 03:50:09+00:00,0.95
2026-04-23 03:51:04+00:00,0.95
2026-04-23 03:52:05+00:00,0.95
2026-04-23 03:53:05+00:00,0.95
2026-04-23 03:54:05+00:00,0.95
2026-04-23 03:55:18+00:00,0.95
2026-04-23 03:56:05+00:00,0.95
2026-04-23 03:57:05+00:00,0.95
2026-04-23 03:58:04+00:00,0.95
2026-04-23 03:59:06+00:00,0.95
2026-04-23 04:00:10+00:00,0.95
2026-04-23 04:01:04+00:00,0.95
2026-04-23 04:02:04+00:00,0.95
2026-04-23 04:03:06+00:00,0.95
2026-04-23 04:04:05+00:00,0.95
2026-04-23 04:05:05+00:00,0.95
2026-04-23 04:06:04+00:00,0.95
2026-04-23 04:07:04+00:00,0.95
2026-04-23 04:08:05+00:00,0.95
2026-04-23 04:09:05+00:00,0.95
2026-04-23 04:10:05+00:00,0.95
2026-04-23 04:11:04+00:00,0.95
2026-04-23 04:12:04+00:00,0.95
2026-04-23 04:13:04+00:00,0.95
2026-04-23 04:14:05+00:00,0.95
2026-04-23 04:15:08+00:00,0.95
2026-04-23 04:16:04+00:00,0.95
2026-04-23 04:17:04+00:00,0.95
2026-04-23 04:18:06+00:00,0.95
2026-04-23 04:19:09+00:00,0.95
2026-04-23 04:20:06+00:00,0.95
2026-04-23 04:21:05+00:00,0.95
2026-04-23 04:22:05+00:00,0.95
2026-04-23 04:23:05+00:00,0.95
2026-04-23 04:24:05+00:00,0.95
2026-04-23 04:25:05+00:00,0.95
2026-04-23 04:26:04+00:00,0.95
2026-04-23 04:27:05+00:00,0.95
2026-04-23 04:28:05+00:00,0.95
2026-04-23 04:29:05+00:00,0.9505
2026-04-23 04:30:09+00:00,0.9495
2026-04-23 04:31:05+00:00,0.9495
2026-04-23 04:32:11+00:00,0.9505
2026-04-23 04:33:07+00:00,0.9505
2026-04-23 04:34:05+00:00,0.9505
2026-04-23 04:35:07+00:00,0.9505
2026-04-23 04:36:05+00:00,0.9505
2026-04-23 04:37:05+00:00,0.9505
2026-04-23 04:38:05+00:00,0.9505
2026-04-23 04:39:05+00:00,0.9505
2026-04-23 04:40:05+00:00,0.9505
2026-04-23 04:41:07+00:00,0.9505
2026-04-23 04:42:05+00:00,0.9505
2026-04-23 04:43:07+00:00,0.9505
2026-04-23 04:44:05+00:00,0.9505
2026-04-23 04:45:06+00:00,0.9505
2026-04-23 04:46:05+00:00,0.9505
2026-04-23 04:47:05+00:00,0.9505
2026-04-23 04:48:12+00:00,0.9505
2026-04-23 04:49:04+00:00,0.9505
2026-04-23 04:50:07+00:00,0.9505
2026-04-23 04:51:05+00:00,0.9505
2026-04-23 04:52:05+00:00,0.9505
2026-04-23 04:53:09+00:00,0.9505
2026-04-23 04:54:05+00:00,0.9505
2026-04-23 04:55:05+00:00,0.9505
2026-04-23 04:56:05+00:00,0.9505
2026-04-23 04:57:13+00:00,0.9505
2026-04-23 04:58:06+00:00,0.9505
2026-04-23 04:59:05+00:00,0.9505
2026-04-23 05:00:10+00:00,0.9505
2026-04-23 05:01:05+00:00,0.9505
2026-04-23 05:02:05+00:00,0.9505
2026-04-23 05:03:06+00:00,0.9505
2026-04-23 05:04:05+00:00,0.9505
2026-04-23 05:05:18+00:00,0.9505
2026-04-23 05:06:05+00:00,0.9505
2026-04-23 05:07:05+00:00,0.9505
2026-04-23 05:08:05+00:00,0.9505
2026-04-23 05:09:08+00:00,0.9505
2026-04-23 05:10:05+00:00,0.9505
2026-04-23 05:11:05+00:00,0.9505
2026-04-23 05:12:06+00:00,0.9505
2026-04-23 05:13:05+00:00,0.9505
2026-04-23 05:14:05+00:00,0.9505
2026-04-23 05:15:06+00:00,0.9505
2026-04-23 05:16:05+00:00,0.9505
2026-04-23 05:17:05+00:00,0.9505
2026-04-23 05:18:07+00:00,0.9505
2026-04-23 05:19:05+00:00,0.9505
2026-04-23 05:20:08+00:00,0.9505
2026-04-23 05:21:04+00:00,0.9505
2026-04-23 05:22:05+00:00,0.9505
2026-04-23 05:23:13+00:00,0.9505
2026-04-23 05:24:05+00:00,0.9505
2026-04-23 05:25:07+00:00,0.9505
2026-04-23 05:26:05+00:00,0.9505
2026-04-23 05:27:04+00:00,0.9505
2026-04-23 05:28:05+00:00,0.9505
2026-04-23 05:29:05+00:00,0.9505
2026-04-23 05:30:10+00:00,0.9505
2026-04-23 05:31:06+00:00,0.9505
2026-04-23 05:32:05+00:00,0.9505
2026-04-23 05:33:08+00:00,0.9505
2026-04-23 05:34:05+00:00,0.9505
2026-04-23 05:35:04+00:00,0.9505
2026-04-23 05:36:05+00:00,0.9505
2026-04-23 05:37:06+00:00,0.9505
2026-04-23 05:38:07+00:00,0.9505
2026-04-23 05:39:06+00:00,0.9505
2026-04-23 05:40:05+00:00,0.9505
2026-04-23 05:41:05+00:00,0.9505
2026-04-23 05:42:04+00:00,0.9505
2026-04-23 05:43:11+00:00,0.9505
2026-04-23 05:44:05+00:00,0.9505
2026-04-23 05:45:08+00:00,0.9505
2026-04-23 05:46:07+00:00,0.9505
2026-04-23 05:47:06+00:00,0.9505
2026-04-23 05:48:05+00:00,0.9505
2026-04-23 05:49:05+00:00,0.9505
2026-04-23 05:50:10+00:00,0.9505
2026-04-23 05:51:10+00:00,0.9505
2026-04-23 05:52:04+00:00,0.9505
2026-04-23 05:53:04+00:00,0.9505
2026-04-23 05:54:05+00:00,0.9505
2026-04-23 05:55:08+00:00,0.9505
2026-04-23 05:56:06+00:00,0.9505
2026-04-23 05:57:04+00:00,0.9505
2026-04-23 05:58:04+00:00,0.9505
2026-04-23 05:59:06+00:00,0.9505
2026-04-23 06:00:18+00:00,0.9505
2026-04-23 06:01:04+00:00,0.9505
2026-04-23 06:02:04+00:00,0.9505
2026-04-23 06:03:04+00:00,0.9505
2026-04-23 06:04:05+00:00,0.9505
2026-04-23 06:05:04+00:00,0.9505
2026-04-23 06:06:04+00:00,0.9505
2026-04-23 06:07:04+00:00,0.9505
2026-04-23 06:08:09+00:00,0.9505
2026-04-23 06:09:05+00:00,0.9505
2026-04-23 06:10:04+00:00,0.9505
2026-04-23 06:11:04+00:00,0.9505
2026-04-23 06:12:04+00:00,0.9505
2026-04-23 06:13:04+00:00,0.9505
2026-04-23 06:14:18+00:00,0.9505
2026-04-23 06:15:06+00:00,0.9505
2026-04-23 06:16:05+00:00,0.9505
2026-04-23 06:17:08+00:00,0.9505
2026-04-23 06:18:06+00:00,0.9505
2026-04-23 06:19:05+00:00,0.9505
2026-04-23 06:20:05+00:00,0.9505
2026-04-23 06:21:05+00:00,0.9505
2026-04-23 06:22:06+00:00,0.9505
2026-04-23 06:23:07+00:00,0.9505
2026-04-23 06:24:09+00:00,0.9505
2026-04-23 06:25:08+00:00,0.9505
2026-04-23 06:26:10+00:00,0.9505
2026-04-23 06:27:10+00:00,0.9505
2026-04-23 06:28:05+00:00,0.9505
2026-04-23 06:29:05+00:00,0.9505
2026-04-23 06:30:14+00:00,0.9505
2026-04-23 06:31:05+00:00,0.9505
2026-04-23 06:32:05+00:00,0.9505
2026-04-23 06:33:08+00:00,0.9505
2026-04-23 06:34:05+00:00,0.9505
2026-04-23 06:35:05+00:00,0.9505
2026-04-23 06:36:10+00:00,0.9505
2026-04-23 06:37:06+00:00,0.9505
2026-04-23 06:38:07+00:00,0.9505
2026-04-23 06:39:08+00:00,0.9505
2026-04-23 06:40:08+00:00,0.9505
2026-04-23 06:41:05+00:00,0.9505
2026-04-23 06:42:05+00:00,0.9505
2026-04-23 06:43:06+00:00,0.9505
2026-04-23 06:44:05+00:00,0.9505
2026-04-23 06:45:07+00:00,0.9505
2026-04-23 06:46:04+00:00,0.9505
2026-04-23 06:47:06+00:00,0.9505
2026-04-23 06:48:07+00:00,0.9505
2026-04-23 06:49:05+00:00,0.9505
2026-04-23 06:50:04+00:00,0.9505
2026-04-23 06:51:04+00:00,0.9505
2026-04-23 06:52:04+00:00,0.9505
2026-04-23 06:53:04+00:00,0.9505
2026-04-23 06:54:05+00:00,0.9505
2026-04-23 06:55:19+00:00,0.9505
2026-04-23 06:56:06+00:00,0.9505
2026-04-23 06:57:04+00:00,0.9505
2026-04-23 06:58:05+00:00,0.9505
2026-04-23 06:59:16+00:00,0.9505
2026-04-23 07:00:13+00:00,0.9505
2026-04-23 07:01:05+00:00,0.9505
2026-04-23 07:02:10+00:00,0.9505
2026-04-23 07:03:04+00:00,0.9505
2026-04-23 07:04:05+00:00,0.9505
2026-04-23 07:05:06+00:00,0.9505
2026-04-23 07:06:04+00:00,0.9505
2026-04-23 07:07:04+00:00,0.9505
2026-04-23 07:08:04+00:00,0.9505
2026-04-23 07:09:05+00:00,0.9505
2026-04-23 07:10:06+00:00,0.9505
2026-04-23 07:11:04+00:00,0.9505
2026-04-23 07:12:04+00:00,0.9505
2026-04-23 07:13:04+00:00,0.9505
2026-04-23 07:14:05+00:00,0.9505
2026-04-23 07:15:07+00:00,0.9505
2026-04-23 07:16:23+00:00,0.9505
2026-04-23 07:17:04+00:00,0.9505
2026-04-23 07:18:08+00:00,0.9505
2026-04-23 07:19:05+00:00,0.9505
2026-04-23 07:20:05+00:00,0.9505
2026-04-23 07:21:05+00:00,0.9505
2026-04-23 07:22:05+00:00,0.9505
2026-04-23 07:23:05+00:00,0.9505
2026-04-23 07:24:05+00:00,0.9505
2026-04-23 07:25:04+00:00,0.9505
2026-04-23 07:26:04+00:00,0.9505
2026-04-23 07:27:04+00:00,0.9505
2026-04-23 07:28:11+00:00,0.9505
2026-04-23 07:29:05+00:00,0.9505
2026-04-23 07:30:12+00:00,0.9505
2026-04-23 07:31:05+00:00,0.9505
2026-04-23 07:32:04+00:00,0.9505
2026-04-23 07:33:27+00:00,0.9505
2026-04-23 07:34:05+00:00,0.9505
2026-04-23 07:35:07+00:00,0.9505
2026-04-23 07:36:05+00:00,0.9505
2026-04-23 07:37:05+00:00,0.9505
2026-04-23 07:38:04+00:00,0.9505
2026-04-23 07:39:05+00:00,0.9505
2026-04-23 07:40:07+00:00,0.9505
2026-04-23 07:41:06+00:00,0.9505
2026-04-23 07:42:04+00:00,0.9505
2026-04-23 07:43:20+00:00,0.9505
2026-04-23 07:44:20+00:00,0.9505
2026-04-23 07:45:09+00:00,0.9505
2026-04-23 07:46:06+00:00,0.9505
2026-04-23 07:47:04+00:00,0.9505
2026-04-23 07:48:05+00:00,0.9505
2026-04-23 07:49:06+00:00,0.9505
2026-04-23 07:50:07+00:00,0.9505
2026-04-23 07:51:05+00:00,0.9505
2026-04-23 07:52:05+00:00,0.9505
2026-04-23 07:53:16+00:00,0.9505
2026-04-23 07:54:05+00:00,0.9505
2026-04-23 07:55:05+00:00,0.9505
2026-04-23 07:56:05+00:00,0.9505
2026-04-23 07:57:05+00:00,0.9505
2026-04-23 07:58:09+00:00,0.9505
2026-04-23 07:59:05+00:00,0.9505
2026-04-23 08:00:25+00:00,0.9505
2026-04-23 08:01:04+00:00,0.9505
2026-04-23 08:02:04+00:00,0.9505
2026-04-23 08:03:05+00:00,0.9505
2026-04-23 08:04:05+00:00,0.9505
2026-04-23 08:05:05+00:00,0.9505
2026-04-23 08:06:06+00:00,0.9505
2026-04-23 08:07:04+00:00,0.9505
2026-04-23 08:08:05+00:00,0.9505
2026-04-23 08:09:05+00:00,0.9505
2026-04-23 08:10:09+00:00,0.9505
2026-04-23 08:11:05+00:00,0.9505
2026-04-23 08:12:04+00:00,0.9505
2026-04-23 08:13:08+00:00,0.9505
2026-04-23 08:14:05+00:00,0.9505
2026-04-23 08:15:05+00:00,0.9505
2026-04-23 08:16:05+00:00,0.9505
2026-04-23 08:17:04+00:00,0.9505
2026-04-23 08:18:04+00:00,0.9505
2026-04-23 08:19:05+00:00,0.9505
2026-04-23 08:20:07+00:00,0.9505
2026-04-23 08:21:18+00:00,0.9505
2026-04-23 08:22:04+00:00,0.9505
2026-04-23 08:23:06+00:00,0.9505
2026-04-23 08:24:06+00:00,0.9505
2026-04-23 08:25:04+00:00,0.9505
2026-04-23 08:26:04+00:00,0.9505
2026-04-23 08:27:08+00:00,0.9505
2026-04-23 08:28:05+00:00,0.9505
2026-04-23 08:29:10+00:00,0.9505
2026-04-23 08:30:10+00:00,0.9505
2026-04-23 08:31:04+00:00,0.9505
2026-04-23 08:32:04+00:00,0.9505
2026-04-23 08:33:11+00:00,0.9505
2026-04-23 08:34:05+00:00,0.9505
2026-04-23 08:35:05+00:00,0.9505
2026-04-23 08:36:04+00:00,0.9505
2026-04-23 08:37:04+00:00,0.9505
2026-04-23 08:38:08+00:00,0.9505
2026-04-23 08:39:06+00:00,0.953
2026-04-23 08:40:04+00:00,0.953
2026-04-23 08:41:05+00:00,0.953
2026-04-23 08:42:04+00:00,0.9505
2026-04-23 08:43:19+00:00,0.9505
2026-04-23 08:44:05+00:00,0.9505
2026-04-23 08:45:05+00:00,0.9505
2026-04-23 08:46:04+00:00,0.9505
2026-04-23 08:47:04+00:00,0.9505
2026-04-23 08:48:09+00:00,0.9505
2026-04-23 08:49:04+00:00,0.9505
2026-04-23 08:50:04+00:00,0.9505
2026-04-23 08:51:04+00:00,0.9505
2026-04-23 08:52:04+00:00,0.9505
2026-04-23 08:53:06+00:00,0.9505
2026-04-23 08:54:05+00:00,0.9505
2026-04-23 08:55:10+00:00,0.9505
2026-04-23 08:56:04+00:00,0.9505
2026-04-23 08:57:05+00:00,0.9505
2026-04-23 08:58:05+00:00,0.9505
2026-04-23 08:59:05+00:00,0.9505
2026-04-23 09:00:09+00:00,0.9505
2026-04-23 09:01:04+00:00,0.9505
2026-04-23 09:02:04+00:00,0.9505
2026-04-23 09:03:12+00:00,0.9505
2026-04-23 09:04:06+00:00,0.9505
2026-04-23 09:05:04+00:00,0.9505
2026-04-23 09:06:04+00:00,0.9505
2026-04-23 09:07:05+00:00,0.9505
2026-04-23 09:08:07+00:00,0.9505
2026-04-23 09:09:05+00:00,0.9505
2026-04-23 09:10:05+00:00,0.9505
2026-04-23 09:11:04+00:00,0.9505
2026-04-23 09:12:04+00:00,0.9505
2026-04-23 09:13:04+00:00,0.9505
2026-04-23 09:14:05+00:00,0.9505
2026-04-23 09:15:06+00:00,0.9505
2026-04-23 09:16:07+00:00,0.9505
2026-04-23 09:17:05+00:00,0.9505
2026-04-23 09:18:06+00:00,0.9505
2026-04-23 09:19:05+00:00,0.9505
2026-04-23 09:20:04+00:00,0.9505
2026-04-23 09:21:09+00:00,0.9505
2026-04-23 09:22:04+00:00,0.9505
2026-04-23 09:23:10+00:00,0.9505
2026-04-23 09:24:05+00:00,0.9505
2026-04-23 09:25:05+00:00,0.9505
2026-04-23 09:26:06+00:00,0.9505
2026-04-23 09:27:05+00:00,0.9505
2026-04-23 09:28:08+00:00,0.9505
2026-04-23 09:29:04+00:00,0.9505
2026-04-23 09:30:10+00:00,0.9505
2026-04-23 09:31:04+00:00,0.9505
2026-04-23 09:32:04+00:00,0.9505
2026-04-23 09:33:05+00:00,0.9505
2026-04-23 09:34:05+00:00,0.9505
2026-04-23 09:35:04+00:00,0.9505
2026-04-23 09:36:04+00:00,0.9505
2026-04-23 09:37:05+00:00,0.9505
2026-04-23 09:38:10+00:00,0.9505
2026-04-23 09:39:05+00:00,0.9505
2026-04-23 09:40:06+00:00,0.9505
2026-04-23 09:41:04+00:00,0.9505
2026-04-23 09:42:14+00:00,0.9505
2026-04-23 09:43:05+00:00,0.9505
2026-04-23 09:44:05+00:00,0.9505
2026-04-23 09:45:05+00:00,0.9505
2026-04-23 09:46:06+00:00,0.9505
2026-04-23 09:47:10+00:00,0.9505
2026-04-23 09:48:05+00:00,0.9505
2026-04-23 09:49:05+00:00,0.9505
2026-04-23 09:50:05+00:00,0.9505
2026-04-23 09:51:04+00:00,0.9505
2026-04-23 09:52:17+00:00,0.9505
2026-04-23 09:53:07+00:00,0.9505
2026-04-23 09:54:05+00:00,0.9505
2026-04-23 09:55:05+00:00,0.9505
2026-04-23 09:56:04+00:00,0.9505
2026-04-23 09:57:07+00:00,0.9505
2026-04-23 09:58:05+00:00,0.9505
2026-04-23 09:59:06+00:00,0.9505
2026-04-23 10:00:07+00:00,0.9505
2026-04-23 10:01:04+00:00,0.9505
2026-04-23 10:02:04+00:00,0.9505
2026-04-23 10:03:07+00:00,0.9505
2026-04-23 10:04:05+00:00,0.9505
2026-04-23 10:05:05+00:00,0.9505
2026-04-23 10:06:11+00:00,0.9505
2026-04-23 10:07:11+00:00,0.9505
2026-04-23 10:08:05+00:00,0.9505
2026-04-23 10:09:05+00:00,0.9505
2026-04-23 10:10:08+00:00,0.9505
2026-04-23 10:11:04+00:00,0.9505
2026-04-23 10:12:04+00:00,0.9505
2026-04-23 10:13:09+00:00,0.9505
2026-04-23 10:14:05+00:00,0.9505
2026-04-23 10:15:05+00:00,0.9505
2026-04-23 10:16:12+00:00,0.9505
2026-04-23 10:17:06+00:00,0.9505
2026-04-23 10:18:18+00:00,0.9505
2026-04-23 10:19:04+00:00,0.9505
2026-04-23 10:20:04+00:00,0.9505
2026-04-23 10:21:18+00:00,0.9505
2026-04-23 10:22:04+00:00,0.9505
2026-04-23 10:23:08+00:00,0.9505
2026-04-23 10:24:17+00:00,0.9505
2026-04-23 10:25:05+00:00,0.9505
2026-04-23 10:26:06+00:00,0.9505
2026-04-23 10:27:05+00:00,0.9505
2026-04-23 10:28:06+00:00,0.9505
2026-04-23 10:29:05+00:00,0.9505
2026-04-23 10:30:13+00:00,0.9505
2026-04-23 10:31:04+00:00,0.949
2026-04-23 10:32:04+00:00,0.949
2026-04-23 10:33:06+00:00,0.9505
2026-04-23 10:34:07+00:00,0.9505
2026-04-23 10:35:04+00:00,0.9505
2026-04-23 10:36:04+00:00,0.9505
2026-04-23 10:37:05+00:00,0.9505
2026-04-23 10:38:11+00:00,0.9505
2026-04-23 10:39:10+00:00,0.9505
2026-04-23 10:40:05+00:00,0.9505
2026-04-23 10:41:04+00:00,0.9505
2026-04-23 10:42:05+00:00,0.9505
2026-04-23 10:43:05+00:00,0.9505
2026-04-23 10:44:05+00:00,0.9505
2026-04-23 10:45:04+00:00,0.9505
2026-04-23 10:46:04+00:00,0.9505
2026-04-23 10:47:05+00:00,0.9505
2026-04-23 10:48:05+00:00,0.9505
2026-04-23 10:49:04+00:00,0.9505
2026-04-23 10:50:08+00:00,0.9505
2026-04-23 10:51:04+00:00,0.9505
2026-04-23 10:52:04+00:00,0.9505
2026-04-23 10:53:04+00:00,0.9505
2026-04-23 10:54:05+00:00,0.9505
2026-04-23 10:55:11+00:00,0.9505
2026-04-23 10:56:04+00:00,0.956
2026-04-23 10:57:08+00:00,0.9555
2026-04-23 10:58:07+00:00,0.9555
2026-04-23 10:59:15+00:00,0.953
2026-04-23 11:00:06+00:00,0.953
2026-04-23 11:01:04+00:00,0.953
2026-04-23 11:02:04+00:00,0.952
2026-04-23 11:03:06+00:00,0.953
2026-04-23 11:04:07+00:00,0.9505
2026-04-23 11:05:05+00:00,0.9505
2026-04-23 11:06:05+00:00,0.9505
2026-04-23 11:07:06+00:00,0.9505
2026-04-23 11:08:09+00:00,0.9505
2026-04-23 11:09:05+00:00,0.9505
2026-04-23 11:10:06+00:00,0.9505
2026-04-23 11:11:04+00:00,0.9505
2026-04-23 11:12:05+00:00,0.9505
2026-04-23 11:13:05+00:00,0.9505
2026-04-23 11:14:05+00:00,0.9505
2026-04-23 11:15:05+00:00,0.9505
2026-04-23 11:16:05+00:00,0.9505
2026-04-23 11:17:05+00:00,0.9505
2026-04-23 11:18:08+00:00,0.9505
2026-04-23 11:19:07+00:00,0.9505
2026-04-23 11:20:05+00:00,0.9505
2026-04-23 11:21:09+00:00,0.9505
2026-04-23 11:22:04+00:00,0.9505
2026-04-23 11:23:06+00:00,0.9505
2026-04-23 11:24:05+00:00,0.9505
2026-04-23 11:25:05+00:00,0.9505
2026-04-23 11:26:04+00:00,0.9505
2026-04-23 11:27:08+00:00,0.9505
2026-04-23 11:28:11+00:00,0.9505
2026-04-23 11:29:05+00:00,0.9505
2026-04-23 11:30:21+00:00,0.9505
2026-04-23 11:31:04+00:00,0.9505
2026-04-23 11:32:04+00:00,0.9505
2026-04-23 11:33:06+00:00,0.9505
2026-04-23 11:34:07+00:00,0.9505
2026-04-23 11:35:04+00:00,0.9505
2026-04-23 11:36:05+00:00,0.9505
2026-04-23 11:37:05+00:00,0.9505
2026-04-23 11:38:05+00:00,0.9505
2026-04-23 11:39:05+00:00,0.9505
2026-04-23 11:40:07+00:00,0.9505
2026-04-23 11:41:05+00:00,0.9505
2026-04-23 11:42:04+00:00,0.9505
2026-04-23 11:43:04+00:00,0.9505
2026-04-23 11:44:06+00:00,0.9505
2026-04-23 11:45:08+00:00,0.9505
2026-04-23 11:46:07+00:00,0.9505
2026-04-23 11:47:14+00:00,0.9505
2026-04-23 11:48:08+00:00,0.9505
2026-04-23 11:49:05+00:00,0.9505
2026-04-23 11:50:05+00:00,0.9505
2026-04-23 11:51:04+00:00,0.9505
2026-04-23 11:52:04+00:00,0.9505
2026-04-23 11:53:06+00:00,0.9505
2026-04-23 11:54:07+00:00,0.9505
2026-04-23 11:55:05+00:00,0.9505
2026-04-23 11:56:04+00:00,0.9505
2026-04-23 11:57:06+00:00,0.9505
2026-04-23 11:58:07+00:00,0.9505
2026-04-23 11:59:07+00:00,0.9505
2026-04-23 12:00:14+00:00,0.9505
2026-04-23 12:01:18+00:00,0.9505
2026-04-23 12:02:04+00:00,0.9505
2026-04-23 12:03:05+00:00,0.9505
2026-04-23 12:04:06+00:00,0.9505
2026-04-23 12:05:14+00:00,0.9505
2026-04-23 12:06:08+00:00,0.9505
2026-04-23 12:07:05+00:00,0.9505
2026-04-23 12:08:17+00:00,0.9505
2026-04-23 12:09:08+00:00,0.9505
2026-04-23 12:10:08+00:00,0.9505
2026-04-23 12:11:04+00:00,0.9505
2026-04-23 12:12:04+00:00,0.9505
2026-04-23 12:13:09+00:00,0.9505
2026-04-23 12:14:08+00:00,0.9505
2026-04-23 12:15:10+00:00,0.9505
2026-04-23 12:16:04+00:00,0.9505
2026-04-23 12:17:23+00:00,0.9505
2026-04-23 12:18:08+00:00,0.9505
2026-04-23 12:19:05+00:00,0.9505
2026-04-23 12:20:05+00:00,0.9505
2026-04-23 12:21:05+00:00,0.9505
2026-04-23 12:22:06+00:00,0.9505
2026-04-23 12:23:10+00:00,0.9505
2026-04-23 12:24:07+00:00,0.9505
2026-04-23 12:25:06+00:00,0.9505
2026-04-23 12:26:05+00:00,0.9505
2026-04-23 12:27:08+00:00,0.9505
2026-04-23 12:28:05+00:00,0.9505
2026-04-23 12:29:07+00:00,0.9505
2026-04-23 12:30:14+00:00,0.9505
2026-04-23 12:31:06+00:00,0.9505
2026-04-23 12:32:08+00:00,0.9505
2026-04-23 12:33:11+00:00,0.9505
2026-04-23 12:34:07+00:00,0.9505
2026-04-23 12:35:08+00:00,0.9505
2026-04-23 12:36:05+00:00,0.9505
2026-04-23 12:37:07+00:00,0.952
2026-04-23 12:38:11+00:00,0.952
2026-04-23 12:39:05+00:00,0.952
2026-04-23 12:40:05+00:00,0.9505
2026-04-23 12:41:04+00:00,0.9505
2026-04-23 12:42:05+00:00,0.9505
2026-04-23 12:43:08+00:00,0.9505
2026-04-23 12:44:05+00:00,0.9505
2026-04-23 12:45:06+00:00,0.9505
2026-04-23 12:46:08+00:00,0.9505
2026-04-23 12:47:06+00:00,0.9505
2026-04-23 12:48:11+00:00,0.9505
2026-04-23 12:49:16+00:00,0.9505
2026-04-23 12:50:07+00:00,0.9505
2026-04-23 12:51:08+00:00,0.9505
2026-04-23 12:52:18+00:00,0.9505
2026-04-23 12:53:07+00:00,0.9505
2026-04-23 12:54:05+00:00,0.9505
2026-04-23 12:55:08+00:00,0.9505
2026-04-23 12:56:11+00:00,0.9505
2026-04-23 12:57:16+00:00,0.9505
2026-04-23 12:58:04+00:00,0.9505
2026-04-23 12:59:05+00:00,0.9505
2026-04-23 13:00:13+00:00,0.9505
2026-04-23 13:01:04+00:00,0.9495
2026-04-23 13:02:04+00:00,0.9495
2026-04-23 13:03:06+00:00,0.9495
2026-04-23 13:04:12+00:00,0.9495
2026-04-23 13:05:11+00:00,0.9495
2026-04-23 13:06:05+00:00,0.9495
2026-04-23 13:07:05+00:00,0.9515
2026-04-23 13:08:10+00:00,0.9515
2026-04-23 13:09:06+00:00,0.9515
2026-04-23 13:10:06+00:00,0.9515
2026-04-23 13:11:05+00:00,0.9515
2026-04-23 13:12:04+00:00,0.9515
2026-04-23 13:13:04+00:00,0.952
2026-04-23 13:14:11+00:00,0.952
2026-04-23 13:15:05+00:00,0.952
2026-04-23 13:16:07+00:00,0.952
2026-04-23 13:17:10+00:00,0.9515
2026-04-23 13:18:08+00:00,0.9515
2026-04-23 13:19:05+00:00,0.9515
2026-04-23 13:20:06+00:00,0.9515
2026-04-23 13:21:05+00:00,0.9515
2026-04-23 13:22:04+00:00,0.9515
2026-04-23 13:23:10+00:00,0.9515
2026-04-23 13:24:05+00:00,0.9515
2026-04-23 13:25:07+00:00,0.9515
2026-04-23 13:26:07+00:00,0.9515
2026-04-23 13:27:05+00:00,0.9515
2026-04-23 13:28:05+00:00,0.9505
2026-04-23 13:29:07+00:00,0.9505
2026-04-23 13:30:14+00:00,0.9505
2026-04-23 13:31:07+00:00,0.9505
2026-04-23 13:32:04+00:00,0.9505
2026-04-23 13:33:10+00:00,0.9505
2026-04-23 13:34:09+00:00,0.9505
2026-04-23 13:35:08+00:00,0.9505
2026-04-23 13:36:04+00:00,0.9505
2026-04-23 13:37:05+00:00,0.9505
2026-04-23 13:38:11+00:00,0.9505
2026-04-23 13:39:05+00:00,0.9505
2026-04-23 13:40:08+00:00,0.9505
2026-04-23 13:41:05+00:00,0.9505
2026-04-23 13:42:22+00:00,0.9505
2026-04-23 13:43:04+00:00,0.9505
2026-04-23 13:44:11+00:00,0.9505
2026-04-23 13:45:13+00:00,0.9505
2026-04-23 13:46:11+00:00,0.9505
2026-04-23 13:47:08+00:00,0.9505
2026-04-23 13:48:06+00:00,0.9505
2026-04-23 13:49:05+00:00,0.9505
2026-04-23 13:50:06+00:00,0.9505
2026-04-23 13:51:07+00:00,0.9505
2026-04-23 13:52:05+00:00,0.9505
2026-04-23 13:53:06+00:00,0.9505
2026-04-23 13:54:05+00:00,0.9505
2026-04-23 13:55:08+00:00,0.9505
2026-04-23 13:56:07+00:00,0.9505
2026-04-23 13:57:14+00:00,0.9505
2026-04-23 13:58:12+00:00,0.9505
2026-04-23 13:59:05+00:00,0.9505
2026-04-23 14:00:19+00:00,0.9505
2026-04-23 14:01:04+00:00,0.9505
2026-04-23 14:02:04+00:00,0.9505
2026-04-23 14:03:07+00:00,0.9505
2026-04-23 14:04:05+00:00,0.9505
2026-04-23 14:05:10+00:00,0.9505
2026-04-23 14:06:04+00:00,0.9505
2026-04-23 14:07:05+00:00,0.9505
2026-04-23 14:08:08+00:00,0.9505
2026-04-23 14:09:12+00:00,0.9505
2026-04-23 14:10:08+00:00,0.9505
2026-04-23 14:11:05+00:00,0.9505
2026-04-23 14:12:05+00:00,0.9505
2026-04-23 14:13:05+00:00,0.9505
2026-04-23 14:14:04+00:00,0.9505
2026-04-23 14:15:08+00:00,0.9505
2026-04-23 14:16:04+00:00,0.9505
2026-04-23 14:17:06+00:00,0.9505
2026-04-23 14:18:11+00:00,0.9505
2026-04-23 14:19:06+00:00,0.9505
2026-04-23 14:20:07+00:00,0.9505
2026-04-23 14:21:04+00:00,0.9505
2026-04-23 14:22:05+00:00,0.9505
2026-04-23 14:23:07+00:00,0.9505
2026-04-23 14:24:05+00:00,0.9505
2026-04-23 14:25:07+00:00,0.9505
2026-04-23 14:26:04+00:00,0.9505
2026-04-23 14:27:06+00:00,0.9505
2026-04-23 14:28:08+00:00,0.9505
2026-04-23 14:29:05+00:00,0.9505
2026-04-23 14:30:10+00:00,0.9505
2026-04-23 14:31:05+00:00,0.9505
2026-04-23 14:32:07+00:00,0.9505
2026-04-23 14:33:07+00:00,0.9505
2026-04-23 14:34:12+00:00,0.9505
2026-04-23 14:35:09+00:00,0.9505
2026-04-23 14:36:05+00:00,0.9505
2026-04-23 14:37:04+00:00,0.9505
2026-04-23 14:38:07+00:00,0.9505
2026-04-23 14:39:05+00:00,0.9505
2026-04-23 14:40:05+00:00,0.9505
2026-04-23 14:41:08+00:00,0.9505
2026-04-23 14:42:05+00:00,0.9505
2026-04-23 14:43:05+00:00,0.9505
2026-04-23 14:44:09+00:00,0.9505
2026-04-23 14:45:14+00:00,0.9505
2026-04-23 14:46:05+00:00,0.9505
2026-04-23 14:47:07+00:00,0.9505
2026-04-23 14:48:06+00:00,0.9505
2026-04-23 14:49:05+00:00,0.9505
2026-04-23 14:50:12+00:00,0.9505
2026-04-23 14:51:07+00:00,0.9505
2026-04-23 14:52:20+00:00,0.9505
2026-04-23 14:53:08+00:00,0.9505
2026-04-23 14:54:05+00:00,0.9505
2026-04-23 14:55:10+00:00,0.9505
2026-04-23 14:56:05+00:00,0.9505
2026-04-23 14:57:07+00:00,0.9505
2026-04-23 14:58:10+00:00,0.9505
2026-04-23 14:59:07+00:00,0.9505
2026-04-23 15:00:19+00:00,0.9505
2026-04-23 15:01:04+00:00,0.9505
2026-04-23 15:02:05+00:00,0.9505
2026-04-23 15:03:05+00:00,0.9505
2026-04-23 15:04:08+00:00,0.9505
2026-04-23 15:05:05+00:00,0.9505
2026-04-23 15:06:05+00:00,0.9505
2026-04-23 15:07:06+00:00,0.9505
2026-04-23 15:08:10+00:00,0.9505
2026-04-23 15:09:07+00:00,0.9505
2026-04-23 15:10:14+00:00,0.9505
2026-04-23 15:11:05+00:00,0.9505
2026-04-23 15:12:09+00:00,0.9505
2026-04-23 15:13:10+00:00,0.9505
2026-04-23 15:14:05+00:00,0.9505
2026-04-23 15:15:13+00:00,0.9505
2026-04-23 15:16:17+00:00,0.9505
2026-04-23 15:17:06+00:00,0.9505
2026-04-23 15:18:09+00:00,0.9505
2026-04-23 15:19:05+00:00,0.9505
2026-04-23 15:20:10+00:00,0.9505
2026-04-23 15:21:06+00:00,0.9505
2026-04-23 15:22:06+00:00,0.9505
2026-04-23 15:23:11+00:00,0.9505
2026-04-23 15:24:05+00:00,0.9505
2026-04-23 15:25:09+00:00,0.9505
2026-04-23 15:26:05+00:00,0.9505
2026-04-23 15:27:05+00:00,0.9505
2026-04-23 15:28:05+00:00,0.9505
2026-04-23 15:29:05+00:00,0.9505
2026-04-23 15:30:20+00:00,0.9505
2026-04-23 15:31:09+00:00,0.9505
2026-04-23 15:32:04+00:00,0.9505
2026-04-23 15:33:08+00:00,0.9505
2026-04-23 15:34:05+00:00,0.9505
2026-04-23 15:35:23+00:00,0.9505
2026-04-23 15:36:04+00:00,0.9505
2026-04-23 15:37:05+00:00,0.9505
2026-04-23 15:38:05+00:00,0.9505
2026-04-23 15:39:05+00:00,0.9505
2026-04-23 15:40:11+00:00,0.9505
2026-04-23 15:41:04+00:00,0.9505
2026-04-23 15:42:07+00:00,0.9505
2026-04-23 15:43:06+00:00,0.9505
2026-04-23 15:44:17+00:00,0.9505
2026-04-23 15:45:18+00:00,0.9505
2026-04-23 15:46:04+00:00,0.9505
2026-04-23 15:47:05+00:00,0.9505
2026-04-23 15:48:05+00:00,0.9505
2026-04-23 15:49:05+00:00,0.9505
2026-04-23 15:50:26+00:00,0.9505
2026-04-23 15:51:06+00:00,0.9505
2026-04-23 15:52:05+00:00,0.9505
2026-04-23 15:53:04+00:00,0.9505
2026-04-23 15:54:06+00:00,0.9505
2026-04-23 15:55:11+00:00,0.9505
2026-04-23 15:56:05+00:00,0.9505
2026-04-23 15:57:05+00:00,0.9505
2026-04-23 15:58:06+00:00,0.9505
2026-04-23 15:59:05+00:00,0.9505
2026-04-23 16:00:16+00:00,0.9505
2026-04-23 16:01:06+00:00,0.9505
2026-04-23 16:02:06+00:00,0.9505
2026-04-23 16:03:11+00:00,0.9505
2026-04-23 16:04:19+00:00,0.9505
2026-04-23 16:05:11+00:00,0.9505
2026-04-23 16:06:07+00:00,0.9505
2026-04-23 16:07:05+00:00,0.9505
2026-04-23 16:08:05+00:00,0.9505
2026-04-23 16:09:12+00:00,0.9505
2026-04-23 16:10:18+00:00,0.9505
2026-04-23 16:11:07+00:00,0.9505
2026-04-23 16:12:05+00:00,0.9505
2026-04-23 16:13:05+00:00,0.9505
2026-04-23 16:14:06+00:00,0.9505
2026-04-23 16:15:11+00:00,0.9505
2026-04-23 16:16:10+00:00,0.9505
2026-04-23 16:17:05+00:00,0.9505
2026-04-23 16:18:09+00:00,0.9505
2026-04-23 16:19:06+00:00,0.9505
2026-04-23 16:20:11+00:00,0.9505
2026-04-23 16:21:06+00:00,0.9505
2026-04-23 16:22:05+00:00,0.9505
2026-04-23 16:23:05+00:00,0.9505
2026-04-23 16:24:06+00:00,0.9505
2026-04-23 16:25:10+00:00,0.9505
2026-04-23 16:26:05+00:00,0.9505
2026-04-23 16:27:07+00:00,0.9505
2026-04-23 16:28:08+00:00,0.9505
2026-04-23 16:29:07+00:00,0.9505
2026-04-23 16:30:33+00:00,0.9505
2026-04-23 16:31:17+00:00,0.9505
2026-04-23 16:32:10+00:00,0.9505
2026-04-23 16:33:06+00:00,0.9505
2026-04-23 16:34:06+00:00,0.9505
2026-04-23 16:35:12+00:00,0.9505
2026-04-23 16:36:04+00:00,0.9505
2026-04-23 16:37:05+00:00,0.9505
2026-04-23 16:38:08+00:00,0.9505
2026-04-23 16:39:05+00:00,0.9505
2026-04-23 16:40:11+00:00,0.9505
2026-04-23 16:41:06+00:00,0.9505
2026-04-23 16:42:04+00:00,0.9505
2026-04-23 16:43:05+00:00,0.9505
2026-04-23 16:44:17+00:00,0.9505
2026-04-23 16:45:13+00:00,0.9505
2026-04-23 16:46:07+00:00,0.9505
2026-04-23 16:47:05+00:00,0.9505
2026-04-23 16:48:06+00:00,0.9505
2026-04-23 16:49:22+00:00,0.9505
2026-04-23 16:50:11+00:00,0.9505
2026-04-23 16:51:05+00:00,0.9505
2026-04-23 16:52:06+00:00,0.9505
2026-04-23 16:53:06+00:00,0.9505
2026-04-23 16:54:05+00:00,0.9505
2026-04-23 16:55:11+00:00,0.9505
2026-04-23 16:56:08+00:00,0.9505
2026-04-23 16:57:06+00:00,0.9505
2026-04-23 16:58:21+00:00,0.9505
2026-04-23 16:59:08+00:00,0.9505
2026-04-23 17:00:39+00:00,0.9505
2026-04-23 17:01:05+00:00,0.9505
2026-04-23 17:02:18+00:00,0.9505
2026-04-23 17:03:05+00:00,0.9505
2026-04-23 17:04:06+00:00,0.9505
2026-04-23 17:05:15+00:00,0.9505
2026-04-23 17:06:07+00:00,0.9505
2026-04-23 17:07:09+00:00,0.9505
2026-04-23 17:08:05+00:00,0.9505
2026-04-23 17:09:05+00:00,0.9505
2026-04-23 17:10:19+00:00,0.9505
2026-04-23 17:11:05+00:00,0.9505
2026-04-23 17:12:05+00:00,0.9505
2026-04-23 17:13:08+00:00,0.9505
2026-04-23 17:14:06+00:00,0.9505
2026-04-23 17:15:14+00:00,0.9505
2026-04-23 17:16:05+00:00,0.9505
2026-04-23 17:17:06+00:00,0.9505
2026-04-23 17:18:07+00:00,0.9505
2026-04-23 17:19:05+00:00,0.9505
2026-04-23 17:20:13+00:00,0.9505
2026-04-23 17:21:05+00:00,0.9505
2026-04-23 17:22:08+00:00,0.9505
2026-04-23 17:23:05+00:00,0.9505
2026-04-23 17:24:27+00:00,0.9505
2026-04-23 17:25:21+00:00,0.9505
2026-04-23 17:26:10+00:00,0.9505
2026-04-23 17:27:07+00:00,0.9505
2026-04-23 17:28:13+00:00,0.9505
2026-04-23 17:29:05+00:00,0.9505
2026-04-23 17:30:33+00:00,0.9505
2026-04-23 17:31:05+00:00,0.9505
2026-04-23 17:32:05+00:00,0.9505
2026-04-23 17:33:27+00:00,0.9505
2026-04-23 17:34:16+00:00,0.9505
2026-04-23 17:35:15+00:00,0.9505
2026-04-23 17:36:05+00:00,0.9505
2026-04-23 17:37:09+00:00,0.9505
2026-04-23 17:38:09+00:00,0.9505
2026-04-23 17:39:05+00:00,0.9505
2026-04-23 17:40:13+00:00,0.9505
2026-04-23 17:41:04+00:00,0.9505
2026-04-23 17:42:07+00:00,0.9505
2026-04-23 17:43:05+00:00,0.9505
2026-04-23 17:44:11+00:00,0.9505
2026-04-23 17:45:17+00:00,0.9505
2026-04-23 17:46:07+00:00,0.9505
2026-04-23 17:47:07+00:00,0.9505
2026-04-23 17:48:12+00:00,0.9505
2026-04-23 17:49:05+00:00,0.9505
2026-04-23 17:50:12+00:00,0.9505
2026-04-23 17:51:09+00:00,0.9505
2026-04-23 17:52:04+00:00,0.9505
2026-04-23 17:53:08+00:00,0.9505
2026-04-23 17:54:08+00:00,0.9505
2026-04-23 17:55:11+00:00,0.9505
2026-04-23 17:56:08+00:00,0.9505
2026-04-23 17:57:06+00:00,0.9505
2026-04-23 17:58:05+00:00,0.9505
2026-04-23 17:59:11+00:00,0.9505
2026-04-23 18:00:22+00:00,0.9505
2026-04-23 18:01:05+00:00,0.9505
2026-04-23 18:02:07+00:00,0.9505
2026-04-23 18:03:27+00:00,0.9505
2026-04-23 18:04:07+00:00,0.9505
2026-04-23 18:05:18+00:00,0.9505
2026-04-23 18:06:04+00:00,0.9505
2026-04-23 18:07:04+00:00,0.9505
2026-04-23 18:08:04+00:00,0.9505
2026-04-23 18:09:06+00:00,0.9505
2026-04-23 18:10:13+00:00,0.9505
2026-04-23 18:11:07+00:00,0.9505
2026-04-23 18:12:06+00:00,0.9505
2026-04-23 18:13:04+00:00,0.9505
2026-04-23 18:14:14+00:00,0.9505
2026-04-23 18:15:18+00:00,0.9505
2026-04-23 18:16:11+00:00,0.9505
2026-04-23 18:17:08+00:00,0.9505
2026-04-23 18:18:06+00:00,0.9505
2026-04-23 18:19:05+00:00,0.9505
2026-04-23 18:20:11+00:00,0.9505
2026-04-23 18:21:10+00:00,0.9505
2026-04-23 18:22:06+00:00,0.9505
2026-04-23 18:23:08+00:00,0.9505
2026-04-23 18:24:07+00:00,0.9505
2026-04-23 18:25:27+00:00,0.9505
2026-04-23 18:26:06+00:00,0.9505
2026-04-23 18:27:07+00:00,0.9505
2026-04-23 18:28:06+00:00,0.9505
2026-04-23 18:29:05+00:00,0.9505
2026-04-23 18:30:22+00:00,0.9505
2026-04-23 18:31:06+00:00,0.9505
2026-04-23 18:32:05+00:00,0.9505
2026-04-23 18:33:12+00:00,0.9505
2026-04-23 18:34:07+00:00,0.9505
2026-04-23 18:35:09+00:00,0.9505
2026-04-23 18:36:07+00:00,0.9505
2026-04-23 18:37:20+00:00,0.9505
2026-04-23 18:38:11+00:00,0.9505
2026-04-23 18:39:18+00:00,0.9505
2026-04-23 18:40:08+00:00,0.9505
2026-04-23 18:41:05+00:00,0.9505
2026-04-23 18:42:05+00:00,0.9505
2026-04-23 18:43:06+00:00,0.9505
2026-04-23 18:44:09+00:00,0.9505
2026-04-23 18:45:06+00:00,0.9505
2026-04-23 18:46:07+00:00,0.9505
2026-04-23 18:47:07+00:00,0.9505
2026-04-23 18:48:21+00:00,0.9505
2026-04-23 18:49:08+00:00,0.9505
2026-04-23 18:50:07+00:00,0.9505
2026-04-23 18:51:06+00:00,0.9505
2026-04-23 18:52:05+00:00,0.9505
2026-04-23 18:53:08+00:00,0.9505
2026-04-23 18:54:05+00:00,0.9505
2026-04-23 18:55:07+00:00,0.9505
2026-04-23 18:56:10+00:00,0.9505
2026-04-23 18:57:06+00:00,0.9505
2026-04-23 18:58:09+00:00,0.9505
2026-04-23 18:59:05+00:00,0.9505
2026-04-23 19:00:14+00:00,0.9505
2026-04-23 19:01:05+00:00,0.9505
2026-04-23 19:02:05+00:00,0.9505
2026-04-23 19:03:05+00:00,0.9505
2026-04-23 19:04:05+00:00,0.9505
2026-04-23 19:05:10+00:00,0.9505
2026-04-23 19:06:04+00:00,0.9505
2026-04-23 19:07:04+00:00,0.9505
2026-04-23 19:08:08+00:00,0.9505
2026-04-23 19:09:05+00:00,0.9505
2026-04-23 19:10:14+00:00,0.9505
2026-04-23 19:11:09+00:00,0.9505
2026-04-23 19:12:08+00:00,0.9505
2026-04-23 19:13:07+00:00,0.9505
2026-04-23 19:14:07+00:00,0.9505
2026-04-23 19:15:12+00:00,0.9505
2026-04-23 19:16:05+00:00,0.9505
2026-04-23 19:17:05+00:00,0.9505
2026-04-23 19:18:07+00:00,0.9505
2026-04-23 19:19:05+00:00,0.9505
2026-04-23 19:20:07+00:00,0.9505
2026-04-23 19:21:04+00:00,0.9505
2026-04-23 19:22:09+00:00,0.9505
2026-04-23 19:23:07+00:00,0.9505
2026-04-23 19:24:07+00:00,0.9505
2026-04-23 19:25:07+00:00,0.9505
2026-04-23 19:26:32+00:00,0.9505
2026-04-23 19:27:07+00:00,0.9505
2026-04-23 19:28:05+00:00,0.9505
2026-04-23 19:29:05+00:00,0.9505
2026-04-23 19:30:46+00:00,0.9505
2026-04-23 19:31:05+00:00,0.9505
2026-04-23 19:32:04+00:00,0.9505
2026-04-23 19:33:04+00:00,0.9505
2026-04-23 19:34:08+00:00,0.9505
2026-04-23 19:35:04+00:00,0.9505
2026-04-23 19:36:06+00:00,0.9505
2026-04-23 19:37:11+00:00,0.9505
2026-04-23 19:38:05+00:00,0.9505
2026-04-23 19:39:04+00:00,0.9505
2026-04-23 19:40:08+00:00,0.9505
2026-04-23 19:41:04+00:00,0.9505
2026-04-23 19:42:05+00:00,0.9505
2026-04-23 19:43:05+00:00,0.9505
2026-04-23 19:44:05+00:00,0.9505
2026-04-23 19:45:06+00:00,0.9505
2026-04-23 19:46:11+00:00,0.9505
2026-04-23 19:47:04+00:00,0.9505
2026-04-23 19:48:05+00:00,0.9505
2026-04-23 19:49:05+00:00,0.9505
2026-04-23 19:50:19+00:00,0.9505
2026-04-23 19:51:10+00:00,0.9505
2026-04-23 19:52:04+00:00,0.9505
2026-04-23 19:53:19+00:00,0.9505
2026-04-23 19:54:19+00:00,0.9505
2026-04-23 19:55:05+00:00,0.9505
2026-04-23 19:56:04+00:00,0.9505
2026-04-23 19:57:23+00:00,0.9505
2026-04-23 19:58:04+00:00,0.9505
2026-04-23 19:59:04+00:00,0.9505
2026-04-23 20:00:13+00:00,0.9505
2026-04-23 20:01:08+00:00,0.9505
2026-04-23 20:02:04+00:00,0.9505
2026-04-23 20:03:08+00:00,0.9505
2026-04-23 20:04:15+00:00,0.9505
2026-04-23 20:05:06+00:00,0.9505
2026-04-23 20:06:05+00:00,0.9505
2026-04-23 20:07:04+00:00,0.9505
2026-04-23 20:08:04+00:00,0.9505
2026-04-23 20:09:05+00:00,0.9505
2026-04-23 20:10:15+00:00,0.9505
2026-04-23 20:11:07+00:00,0.9505
2026-04-23 20:12:08+00:00,0.9505
2026-04-23 20:13:04+00:00,0.9505
2026-04-23 20:14:07+00:00,0.9505
2026-04-23 20:15:07+00:00,0.9505
2026-04-23 20:16:07+00:00,0.9505
2026-04-23 20:17:06+00:00,0.9505
2026-04-23 20:18:06+00:00,0.9505
2026-04-23 20:19:04+00:00,0.9505
2026-04-23 20:20:05+00:00,0.9505
2026-04-23 20:21:04+00:00,0.9505
2026-04-23 20:22:04+00:00,0.9505
2026-04-23 20:23:04+00:00,0.9505
2026-04-23 20:24:04+00:00,0.9505
2026-04-23 20:25:05+00:00,0.9505
2026-04-23 20:26:05+00:00,0.9505
2026-04-23 20:27:16+00:00,0.9505
2026-04-23 20:28:05+00:00,0.9505
2026-04-23 20:29:05+00:00,0.9505
2026-04-23 20:30:17+00:00,0.9505
2026-04-23 20:31:07+00:00,0.9505
2026-04-23 20:32:05+00:00,0.9505
2026-04-23 20:33:08+00:00,0.9505
2026-04-23 20:34:05+00:00,0.9505
2026-04-23 20:35:06+00:00,0.9505
2026-04-23 20:36:05+00:00,0.9505
2026-04-23 20:37:06+00:00,0.9505
2026-04-23 20:38:10+00:00,0.9505
2026-04-23 20:39:08+00:00,0.9505
2026-04-23 20:40:09+00:00,0.9505
2026-04-23 20:41:09+00:00,0.9505
2026-04-23 20:42:08+00:00,0.9505
2026-04-23 20:43:05+00:00,0.9505
2026-04-23 20:44:06+00:00,0.9505
2026-04-23 20:45:12+00:00,0.9505
2026-04-23 20:46:04+00:00,0.9505
2026-04-23 20:47:04+00:00,0.9505
2026-04-23 20:48:05+00:00,0.9505
2026-04-23 20:49:05+00:00,0.9505
2026-04-23 20:50:06+00:00,0.9505
2026-04-23 20:51:04+00:00,0.9505
2026-04-23 20:52:04+00:00,0.9505
2026-04-23 20:53:06+00:00,0.9505
2026-04-23 20:54:07+00:00,0.9505
2026-04-23 20:55:08+00:00,0.9505
2026-04-23 20:56:06+00:00,0.9555
2026-04-23 20:57:17+00:00,0.9555
2026-04-23 20:58:11+00:00,0.9555
2026-04-23 20:59:05+00:00,0.9555
2026-04-23 21:00:17+00:00,0.9555
2026-04-23 21:01:05+00:00,0.9555
2026-04-23 21:02:05+00:00,0.9555
2026-04-23 21:03:08+00:00,0.9555
2026-04-23 21:04:10+00:00,0.9555
2026-04-23 21:05:18+00:00,0.9555
2026-04-23 21:06:06+00:00,0.9555
2026-04-23 21:07:05+00:00,0.9555
2026-04-23 21:08:22+00:00,0.9555
2026-04-23 21:09:05+00:00,0.9555
2026-04-23 21:10:07+00:00,0.9555
2026-04-23 21:11:07+00:00,0.9555
2026-04-23 21:12:04+00:00,0.9555
2026-04-23 21:13:15+00:00,0.9555
2026-04-23 21:14:05+00:00,0.9555
2026-04-23 21:15:13+00:00,0.9555
2026-04-23 21:16:04+00:00,0.9555
2026-04-23 21:17:05+00:00,0.9555
2026-04-23 21:18:05+00:00,0.9555
2026-04-23 21:19:05+00:00,0.9555
2026-04-23 21:20:05+00:00,0.9555
2026-04-23 21:21:05+00:00,0.9555
2026-04-23 21:22:05+00:00,0.9555
2026-04-23 21:23:06+00:00,0.9555
2026-04-23 21:24:09+00:00,0.9555
2026-04-23 21:25:08+00:00,0.9555
2026-04-23 21:26:05+00:00,0.9555
2026-04-23 21:27:05+00:00,0.9555
2026-04-23 21:28:05+00:00,0.9555
2026-04-23 21:29:05+00:00,0.9555
2026-04-23 21:30:13+00:00,0.9555
2026-04-23 21:31:05+00:00,0.9555
2026-04-23 21:32:05+00:00,0.9555
2026-04-23 21:33:05+00:00,0.9555
2026-04-23 21:34:06+00:00,0.9555
2026-04-23 21:35:06+00:00,0.9555
2026-04-23 21:36:05+00:00,0.9555
2026-04-23 21:37:06+00:00,0.9555
2026-04-23 21:38:07+00:00,0.9555
2026-04-23 21:39:10+00:00,0.9555
2026-04-23 21:40:08+00:00,0.9555
2026-04-23 21:41:05+00:00,0.9555
2026-04-23 21:42:06+00:00,0.9555
2026-04-23 21:43:05+00:00,0.9555
2026-04-23 21:44:05+00:00,0.9555
2026-04-23 21:45:07+00:00,0.9555
2026-04-23 21:46:04+00:00,0.9555
2026-04-23 21:47:04+00:00,0.9555
2026-04-23 21:48:05+00:00,0.9555
2026-04-23 21:49:05+00:00,0.9555
2026-04-23 21:50:06+00:00,0.9555
2026-04-23 21:51:04+00:00,0.9555
2026-04-23 21:52:10+00:00,0.9555
2026-04-23 21:53:07+00:00,0.9555
2026-04-23 21:54:07+00:00,0.9555
2026-04-23 21:55:05+00:00,0.9555
2026-04-23 21:56:05+00:00,0.9555
2026-04-23 21:57:09+00:00,0.9555
2026-04-23 21:58:06+00:00,0.9555
2026-04-23 21:59:05+00:00,0.9555
2026-04-23 22:00:14+00:00,0.9555
2026-04-23 22:01:06+00:00,0.9555
2026-04-23 22:02:05+00:00,0.9555
2026-04-23 22:03:06+00:00,0.9555
2026-04-23 22:04:05+00:00,0.9555
2026-04-23 22:05:12+00:00,0.9555
2026-04-23 22:06:05+00:00,0.9555
2026-04-23 22:07:06+00:00,0.9555
2026-04-23 22:08:05+00:00,0.9555
2026-04-23 22:09:05+00:00,0.9555
2026-04-23 22:10:06+00:00,0.9555
2026-04-23 22:11:04+00:00,0.9555
2026-04-23 22:12:04+00:00,0.9555
2026-04-23 22:13:05+00:00,0.9555
2026-04-23 22:14:06+00:00,0.9555
2026-04-23 22:15:06+00:00,0.9555
2026-04-23 22:16:07+00:00,0.9555
2026-04-23 22:17:09+00:00,0.9555
2026-04-23 22:18:06+00:00,0.9555
2026-04-23 22:19:05+00:00,0.9555
2026-04-23 22:20:06+00:00,0.9555
2026-04-23 22:21:05+00:00,0.9555
2026-04-23 22:22:04+00:00,0.9555
2026-04-23 22:23:06+00:00,0.9555
2026-04-23 22:24:06+00:00,0.9555
2026-04-23 22:25:06+00:00,0.9555
2026-04-23 22:26:07+00:00,0.9555
2026-04-23 22:27:08+00:00,0.9555
2026-04-23 22:28:05+00:00,0.9555
2026-04-23 22:29:05+00:00,0.9555
2026-04-23 22:30:11+00:00,0.9555
2026-04-23 22:31:08+00:00,0.9555
2026-04-23 22:32:05+00:00,0.9555
2026-04-23 22:33:11+00:00,0.9555
2026-04-23 22:34:05+00:00,0.9555
2026-04-23 22:35:18+00:00,0.9555
2026-04-23 22:36:11+00:00,0.9555
2026-04-23 22:37:05+00:00,0.9555
2026-04-23 22:38:07+00:00,0.9555
2026-04-23 22:39:05+00:00,0.9555
2026-04-23 22:40:07+00:00,0.9555
2026-04-23 22:41:05+00:00,0.9555
2026-04-23 22:42:04+00:00,0.9555
2026-04-23 22:43:05+00:00,0.9555
2026-04-23 22:44:06+00:00,0.9555
2026-04-23 22:45:07+00:00,0.9555
2026-04-23 22:46:18+00:00,0.9555
2026-04-23 22:47:04+00:00,0.9555
2026-04-23 22:48:04+00:00,0.9555
2026-04-23 22:49:05+00:00,0.9555
2026-04-23 22:50:05+00:00,0.9555
2026-04-23 22:51:05+00:00,0.9555
2026-04-23 22:52:05+00:00,0.9555
2026-04-23 22:53:04+00:00,0.9555
2026-04-23 22:54:05+00:00,0.9555
2026-04-23 22:55:07+00:00,0.955
2026-04-23 22:56:05+00:00,0.955
2026-04-23 22:57:05+00:00,0.955
2026-04-23 22:58:05+00:00,0.955
2026-04-23 22:59:06+00:00,0.955
2026-04-23 23:00:13+00:00,0.955
2026-04-23 23:01:04+00:00,0.955
2026-04-23 23:02:09+00:00,0.955
2026-04-23 23:03:10+00:00,0.955
2026-04-23 23:04:07+00:00,0.955
2026-04-23 23:05:10+00:00,0.955
2026-04-23 23:06:05+00:00,0.955
2026-04-23 23:07:07+00:00,0.955
2026-04-23 23:08:12+00:00,0.955
2026-04-23 23:09:06+00:00,0.955
2026-04-23 23:10:06+00:00,0.955
2026-04-23 23:11:16+00:00,0.955
2026-04-23 23:12:06+00:00,0.955
2026-04-23 23:13:18+00:00,0.955
2026-04-23 23:14:04+00:00,0.955
2026-04-23 23:15:07+00:00,0.955
2026-04-23 23:16:07+00:00,0.955
2026-04-23 23:17:06+00:00,0.955
2026-04-23 23:18:05+00:00,0.955
2026-04-23 23:19:07+00:00,0.955
2026-04-23 23:20:17+00:00,0.955
2026-04-23 23:21:05+00:00,0.955
2026-04-23 23:22:05+00:00,0.955
2026-04-23 23:23:05+00:00,0.955
2026-04-23 23:24:05+00:00,0.955
2026-04-23 23:25:05+00:00,0.955
2026-04-23 23:26:05+00:00,0.955
2026-04-23 23:27:04+00:00,0.955
2026-04-23 23:28:09+00:00,0.955
2026-04-23 23:29:15+00:00,0.955
2026-04-23 23:30:15+00:00,0.955
2026-04-23 23:31:04+00:00,0.955
2026-04-23 23:32:04+00:00,0.955
2026-04-23 23:33:11+00:00,0.955
2026-04-23 23:34:09+00:00,0.955
2026-04-23 23:35:05+00:00,0.955
2026-04-23 23:36:04+00:00,0.955
2026-04-23 23:37:04+00:00,0.955
2026-04-23 23:38:06+00:00,0.955
2026-04-23 23:39:09+00:00,0.955
2026-04-23 23:40:06+00:00,0.955
2026-04-23 23:41:05+00:00,0.955
2026-04-23 23:42:04+00:00,0.955
2026-04-23 23:43:11+00:00,0.955
2026-04-23 23:44:05+00:00,0.955
2026-04-23 23:45:06+00:00,0.955
2026-04-23 23:46:04+00:00,0.955
2026-04-23 23:47:05+00:00,0.955
2026-04-23 23:48:05+00:00,0.955
2026-04-23 23:49:05+00:00,0.955
2026-04-23 23:50:19+00:00,0.955
2026-04-23 23:51:04+00:00,0.955
2026-04-23 23:52:04+00:00,0.955
2026-04-23 23:53:05+00:00,0.955
2026-04-23 23:54:08+00:00,0.955
2026-04-23 23:55:05+00:00,0.955
2026-04-23 23:56:04+00:00,0.955
2026-04-23 23:57:05+00:00,0.955
2026-04-23 23:58:06+00:00,0.955
2026-04-23 23:59:20+00:00,0.955
2026-04-24 00:00:34+00:00,0.955
2026-04-24 00:01:04+00:00,0.955
2026-04-24 00:02:04+00:00,0.955
2026-04-24 00:03:07+00:00,0.955
2026-04-24 00:04:08+00:00,0.955
2026-04-24 00:05:06+00:00,0.955
2026-04-24 00:06:09+00:00,0.955
2026-04-24 00:07:05+00:00,0.955
2026-04-24 00:08:05+00:00,0.955
2026-04-24 00:09:06+00:00,0.955
2026-04-24 00:10:04+00:00,0.955
2026-04-24 00:11:05+00:00,0.955
2026-04-24 00:12:20+00:00,0.955
2026-04-24 00:13:07+00:00,0.955
2026-04-24 00:14:11+00:00,0.955
2026-04-24 00:15:05+00:00,0.955
2026-04-24 00:16:04+00:00,0.955
2026-04-24 00:17:06+00:00,0.955
2026-04-24 00:18:13+00:00,0.955
2026-04-24 00:19:06+00:00,0.955
2026-04-24 00:20:04+00:00,0.955
2026-04-24 00:21:04+00:00,0.955
2026-04-24 00:22:04+00:00,0.955
2026-04-24 00:23:06+00:00,0.955
2026-04-24 00:24:12+00:00,0.955
2026-04-24 00:25:06+00:00,0.955
2026-04-24 00:26:10+00:00,0.955
2026-04-24 00:27:07+00:00,0.955
2026-04-24 00:28:05+00:00,0.955
2026-04-24 00:29:04+00:00,0.955
2026-04-24 00:30:11+00:00,0.955
2026-04-24 00:31:05+00:00,0.955
2026-04-24 00:32:04+00:00,0.955
2026-04-24 00:33:06+00:00,0.955
2026-04-24 00:34:08+00:00,0.955
2026-04-24 00:35:08+00:00,0.955
2026-04-24 00:36:08+00:00,0.955
2026-04-24 00:37:06+00:00,0.955
2026-04-24 00:38:04+00:00,0.955
2026-04-24 00:39:19+00:00,0.955
2026-04-24 00:40:07+00:00,0.955
2026-04-24 00:41:08+00:00,0.955
2026-04-24 00:42:05+00:00,0.955
2026-04-24 00:43:05+00:00,0.955
2026-04-24 00:44:05+00:00,0.955
2026-04-24 00:45:07+00:00,0.955
2026-04-24 00:46:07+00:00,0.955
2026-04-24 00:47:11+00:00,0.955
2026-04-24 00:48:08+00:00,0.955
2026-04-24 00:49:05+00:00,0.955
2026-04-24 00:50:04+00:00,0.955
2026-04-24 00:51:04+00:00,0.955
2026-04-24 00:52:22+00:00,0.955
2026-04-24 00:53:07+00:00,0.955
2026-04-24 00:54:05+00:00,0.955
2026-04-24 00:55:08+00:00,0.955
2026-04-24 00:56:04+00:00,0.955
2026-04-24 00:57:08+00:00,0.955
2026-04-24 00:58:07+00:00,0.955
2026-04-24 00:59:05+00:00,0.955
2026-04-24 01:00:12+00:00,0.955
2026-04-24 01:01:19+00:00,0.955
2026-04-24 01:02:04+00:00,0.955
2026-04-24 01:03:06+00:00,0.955
2026-04-24 01:04:04+00:00,0.955
2026-04-24 01:05:04+00:00,0.955
2026-04-24 01:06:04+00:00,0.955
2026-04-24 01:07:14+00:00,0.955
2026-04-24 01:08:06+00:00,0.955
2026-04-24 01:09:09+00:00,0.955
2026-04-24 01:10:05+00:00,0.955
2026-04-24 01:11:08+00:00,0.955
2026-04-24 01:12:05+00:00,0.955
2026-04-24 01:13:06+00:00,0.955
2026-04-24 01:14:05+00:00,0.955
2026-04-24 01:15:06+00:00,0.955
2026-04-24 01:16:05+00:00,0.955
2026-04-24 01:17:09+00:00,0.955
2026-04-24 01:18:10+00:00,0.955
2026-04-24 01:19:06+00:00,0.955
2026-04-24 01:20:06+00:00,0.955
2026-04-24 01:21:05+00:00,0.955
2026-04-24 01:22:04+00:00,0.955
2026-04-24 01:23:06+00:00,0.955
2026-04-24 01:24:05+00:00,0.955
2026-04-24 01:25:04+00:00,0.955
2026-04-24 01:26:08+00:00,0.955
2026-04-24 01:27:06+00:00,0.955
2026-04-24 01:28:04+00:00,0.955
2026-04-24 01:29:07+00:00,0.955
2026-04-24 01:30:10+00:00,0.955
2026-04-24 01:31:04+00:00,0.955
2026-04-24 01:32:05+00:00,0.955
2026-04-24 01:33:08+00:00,0.955
2026-04-24 01:34:08+00:00,0.955
2026-04-24 01:35:05+00:00,0.955
2026-04-24 01:36:06+00:00,0.955
2026-04-24 01:37:04+00:00,0.955
2026-04-24 01:38:07+00:00,0.955
2026-04-24 01:39:06+00:00,0.955
2026-04-24 01:40:07+00:00,0.955
2026-04-24 01:41:08+00:00,0.955
2026-04-24 01:42:04+00:00,0.955
2026-04-24 01:43:05+00:00,0.955
2026-04-24 01:44:05+00:00,0.955
2026-04-24 01:45:06+00:00,0.955
2026-04-24 01:46:07+00:00,0.955
2026-04-24 01:47:20+00:00,0.955
2026-04-24 01:48:06+00:00,0.955
2026-04-24 01:49:04+00:00,0.955
2026-04-24 01:50:06+00:00,0.955
2026-04-24 01:51:07+00:00,0.955
2026-04-24 01:52:04+00:00,0.955
2026-04-24 01:53:07+00:00,0.955
2026-04-24 01:54:05+00:00,0.955
2026-04-24 01:55:14+00:00,0.955
2026-04-24 01:56:04+00:00,0.955
2026-04-24 01:57:07+00:00,0.955
2026-04-24 01:58:08+00:00,0.955
2026-04-24 01:59:08+00:00,0.955
2026-04-24 02:00:16+00:00,0.955
2026-04-24 02:01:04+00:00,0.955
2026-04-24 02:02:04+00:00,0.955
2026-04-24 02:03:06+00:00,0.955
2026-04-24 02:04:07+00:00,0.955
2026-04-24 02:05:10+00:00,0.955
2026-04-24 02:06:04+00:00,0.955
2026-04-24 02:07:19+00:00,0.955
2026-04-24 02:08:07+00:00,0.955
2026-04-24 02:09:05+00:00,0.955
2026-04-24 02:10:06+00:00,0.955
2026-04-24 02:11:04+00:00,0.955
2026-04-24 02:12:04+00:00,0.955
2026-04-24 02:13:07+00:00,0.955
2026-04-24 02:14:05+00:00,0.955
2026-04-24 02:15:09+00:00,0.955
2026-04-24 02:16:05+00:00,0.955
2026-04-24 02:17:05+00:00,0.955
2026-04-24 02:18:07+00:00,0.955
2026-04-24 02:19:05+00:00,0.955
2026-04-24 02:20:20+00:00,0.955
2026-04-24 02:21:07+00:00,0.955
2026-04-24 02:22:04+00:00,0.955
2026-04-24 02:23:06+00:00,0.955
2026-04-24 02:24:05+00:00,0.955
2026-04-24 02:25:05+00:00,0.955
2026-04-24 02:26:04+00:00,0.955
2026-04-24 02:27:16+00:00,0.955
2026-04-24 02:28:06+00:00,0.955
2026-04-24 02:29:06+00:00,0.955
2026-04-24 02:30:09+00:00,0.955
2026-04-24 02:31:04+00:00,0.955
2026-04-24 02:32:04+00:00,0.955
2026-04-24 02:33:06+00:00,0.955
2026-04-24 02:34:05+00:00,0.955
2026-04-24 02:35:04+00:00,0.955
2026-04-24 02:36:05+00:00,0.955
2026-04-24 02:37:04+00:00,0.955
2026-04-24 02:38:04+00:00,0.955
2026-04-24 02:39:20+00:00,0.955
2026-04-24 02:40:05+00:00,0.955
2026-04-24 02:41:05+00:00,0.955
2026-04-24 02:42:04+00:00,0.955
2026-04-24 02:43:19+00:00,0.955
2026-04-24 02:44:11+00:00,0.955
2026-04-24 02:45:05+00:00,0.955
2026-04-24 02:46:04+00:00,0.955
2026-04-24 02:47:09+00:00,0.955
2026-04-24 02:48:22+00:00,0.955
2026-04-24 02:49:04+00:00,0.955
2026-04-24 02:50:07+00:00,0.955
2026-04-24 02:51:08+00:00,0.955
2026-04-24 02:52:04+00:00,0.955
2026-04-24 02:53:05+00:00,0.955
2026-04-24 02:54:05+00:00,0.955
2026-04-24 02:55:06+00:00,0.955
2026-04-24 02:56:04+00:00,0.955
2026-04-24 02:57:06+00:00,0.955
2026-04-24 02:58:04+00:00,0.955
2026-04-24 02:59:04+00:00,0.955
2026-04-24 03:00:21+00:00,0.955
2026-04-24 03:01:05+00:00,0.955
2026-04-24 03:02:04+00:00,0.955
2026-04-24 03:03:05+00:00,0.955
2026-04-24 03:04:06+00:00,0.955
2026-04-24 03:05:06+00:00,0.955
2026-04-24 03:06:05+00:00,0.955
2026-04-24 03:07:04+00:00,0.955
2026-04-24 03:08:06+00:00,0.955
2026-04-24 03:09:06+00:00,0.955
2026-04-24 03:10:04+00:00,0.955
2026-04-24 03:11:04+00:00,0.955
2026-04-24 03:12:08+00:00,0.955
2026-04-24 03:13:05+00:00,0.955
2026-04-24 03:14:05+00:00,0.955
2026-04-24 03:15:08+00:00,0.955
2026-04-24 03:16:19+00:00,0.955
2026-04-24 03:17:05+00:00,0.955
2026-04-24 03:18:05+00:00,0.955
2026-04-24 03:19:05+00:00,0.955
2026-04-24 03:20:05+00:00,0.955
2026-04-24 03:21:04+00:00,0.955
2026-04-24 03:22:04+00:00,0.955
2026-04-24 03:23:06+00:00,0.955
2026-04-24 03:24:05+00:00,0.955
2026-04-24 03:25:05+00:00,0.955
2026-04-24 03:26:04+00:00,0.955
2026-04-24 03:27:05+00:00,0.955
2026-04-24 03:28:05+00:00,0.955
2026-04-24 03:29:05+00:00,0.955
2026-04-24 03:30:09+00:00,0.955
2026-04-24 03:31:04+00:00,0.955
2026-04-24 03:32:04+00:00,0.955
2026-04-24 03:33:06+00:00,0.955
2026-04-24 03:34:20+00:00,0.955
2026-04-24 03:35:04+00:00,0.955
2026-04-24 03:36:04+00:00,0.955
2026-04-24 03:37:05+00:00,0.955
2026-04-24 03:38:08+00:00,0.955
2026-04-24 03:39:05+00:00,0.955
2026-04-24 03:40:05+00:00,0.955
2026-04-24 03:41:05+00:00,0.955
2026-04-24 03:42:04+00:00,0.955
2026-04-24 03:43:17+00:00,0.955
2026-04-24 03:44:05+00:00,0.955
2026-04-24 03:45:06+00:00,0.955
2026-04-24 03:46:04+00:00,0.955
2026-04-24 03:47:05+00:00,0.955
2026-04-24 03:48:04+00:00,0.955
2026-04-24 03:49:05+00:00,0.955
2026-04-24 03:50:05+00:00,0.955
2026-04-24 03:51:04+00:00,0.955
2026-04-24 03:52:05+00:00,0.955
2026-04-24 03:53:04+00:00,0.955
2026-04-24 03:54:05+00:00,0.955
2026-04-24 03:55:04+00:00,0.955
2026-04-24 03:56:04+00:00,0.955
2026-04-24 03:57:05+00:00,0.955
2026-04-24 03:58:07+00:00,0.955
2026-04-24 03:59:05+00:00,0.955
2026-04-24 04:00:10+00:00,0.955
2026-04-24 04:01:04+00:00,0.955
2026-04-24 04:02:04+00:00,0.955
2026-04-24 04:03:15+00:00,0.955
2026-04-24 04:04:10+00:00,0.955
2026-04-24 04:05:06+00:00,0.955
2026-04-24 04:06:05+00:00,0.955
2026-04-24 04:07:05+00:00,0.955
2026-04-24 04:08:05+00:00,0.955
2026-04-24 04:09:07+00:00,0.955
2026-04-24 04:10:05+00:00,0.955
2026-04-24 04:11:05+00:00,0.955
2026-04-24 04:12:04+00:00,0.955
2026-04-24 04:13:06+00:00,0.955
2026-04-24 04:14:05+00:00,0.955
2026-04-24 04:15:05+00:00,0.955
2026-04-24 04:16:18+00:00,0.955
2026-04-24 04:17:05+00:00,0.955
2026-04-24 04:18:21+00:00,0.955
2026-04-24 04:19:05+00:00,0.955
2026-04-24 04:20:05+00:00,0.955
2026-04-24 04:21:07+00:00,0.955
2026-04-24 04:22:04+00:00,0.955
2026-04-24 04:23:07+00:00,0.955
2026-04-24 04:24:05+00:00,0.955
2026-04-24 04:25:12+00:00,0.955
2026-04-24 04:26:05+00:00,0.955
2026-04-24 04:27:05+00:00,0.955
2026-04-24 04:28:05+00:00,0.955
2026-04-24 04:29:05+00:00,0.955
2026-04-24 04:30:10+00:00,0.955
2026-04-24 04:31:05+00:00,0.955
2026-04-24 04:32:05+00:00,0.955
2026-04-24 04:33:05+00:00,0.955
2026-04-24 04:34:05+00:00,0.955
2026-04-24 04:35:05+00:00,0.955
2026-04-24 04:36:05+00:00,0.955
2026-04-24 04:37:05+00:00,0.955
2026-04-24 04:38:05+00:00,0.955
2026-04-24 04:39:06+00:00,0.955
2026-04-24 04:40:06+00:00,0.955
2026-04-24 04:41:05+00:00,0.955
2026-04-24 04:42:05+00:00,0.955
2026-04-24 04:43:21+00:00,0.955
2026-04-24 04:44:05+00:00,0.955
2026-04-24 04:45:05+00:00,0.955
2026-04-24 04:46:05+00:00,0.955
2026-04-24 04:47:05+00:00,0.955
2026-04-24 04:48:07+00:00,0.955
2026-04-24 04:49:05+00:00,0.955
2026-04-24 04:50:05+00:00,0.955
2026-04-24 04:51:09+00:00,0.955
2026-04-24 04:52:05+00:00,0.955
2026-04-24 04:53:21+00:00,0.955
2026-04-24 04:54:18+00:00,0.955
2026-04-24 04:55:07+00:00,0.955
2026-04-24 04:56:05+00:00,0.955
2026-04-24 04:57:05+00:00,0.955
2026-04-24 04:58:05+00:00,0.955
2026-04-24 04:59:05+00:00,0.955
2026-04-24 05:00:10+00:00,0.955
2026-04-24 05:01:05+00:00,0.955
2026-04-24 05:02:05+00:00,0.955
2026-04-24 05:03:07+00:00,0.955
2026-04-24 05:04:05+00:00,0.955
2026-04-24 05:05:07+00:00,0.955
2026-04-24 05:06:06+00:00,0.955
2026-04-24 05:07:05+00:00,0.955
2026-04-24 05:08:20+00:00,0.955
2026-04-24 05:09:05+00:00,0.955
2026-04-24 05:10:12+00:00,0.955
2026-04-24 05:11:05+00:00,0.955
2026-04-24 05:12:06+00:00,0.955
2026-04-24 05:13:05+00:00,0.955
2026-04-24 05:14:05+00:00,0.955
2026-04-24 05:15:18+00:00,0.955
2026-04-24 05:16:06+00:00,0.955
2026-04-24 05:17:09+00:00,0.955
2026-04-24 05:18:04+00:00,0.955
2026-04-24 05:19:05+00:00,0.955
2026-04-24 05:20:06+00:00,0.955
2026-04-24 05:21:05+00:00,0.955
2026-04-24 05:22:18+00:00,0.955
2026-04-24 05:23:06+00:00,0.955
2026-04-24 05:24:20+00:00,0.955
2026-04-24 05:25:05+00:00,0.955
2026-04-24 05:26:04+00:00,0.955
2026-04-24 05:27:09+00:00,0.955
2026-04-24 05:28:06+00:00,0.955
2026-04-24 05:29:05+00:00,0.955
2026-04-24 05:30:08+00:00,0.955
2026-04-24 05:31:04+00:00,0.955
2026-04-24 05:32:04+00:00,0.955
2026-04-24 05:33:04+00:00,0.955
2026-04-24 05:34:08+00:00,0.955
2026-04-24 05:35:08+00:00,0.955
2026-04-24 05:36:08+00:00,0.955
2026-04-24 05:37:05+00:00,0.955
2026-04-24 05:38:08+00:00,0.955
2026-04-24 05:39:05+00:00,0.955
2026-04-24 05:40:05+00:00,0.955
2026-04-24 05:41:04+00:00,0.955
2026-04-24 05:42:04+00:00,0.955
2026-04-24 05:43:19+00:00,0.955
2026-04-24 05:44:20+00:00,0.955
2026-04-24 05:45:05+00:00,0.955
2026-04-24 05:46:05+00:00,0.955
2026-04-24 05:47:05+00:00,0.955
2026-04-24 05:48:04+00:00,0.955
2026-04-24 05:49:04+00:00,0.955
2026-04-24 05:50:04+00:00,0.955
2026-04-24 05:51:04+00:00,0.955
2026-04-24 05:52:04+00:00,0.955
2026-04-24 05:53:04+00:00,0.955
2026-04-24 05:54:08+00:00,0.955
2026-04-24 05:55:05+00:00,0.955
2026-04-24 05:56:07+00:00,0.955
2026-04-24 05:57:07+00:00,0.955
2026-04-24 05:58:10+00:00,0.949
2026-04-24 05:59:05+00:00,0.949
2026-04-24 06:00:13+00:00,0.949
2026-04-24 06:01:06+00:00,0.955
2026-04-24 06:02:05+00:00,0.955
2026-04-24 06:03:06+00:00,0.955
2026-04-24 06:04:10+00:00,0.955
2026-04-24 06:05:07+00:00,0.955
2026-04-24 06:06:04+00:00,0.955
2026-04-24 06:07:04+00:00,0.955
2026-04-24 06:08:06+00:00,0.955
2026-04-24 06:09:05+00:00,0.955
2026-04-24 06:10:07+00:00,0.955
2026-04-24 06:11:16+00:00,0.955
2026-04-24 06:12:04+00:00,0.955
2026-04-24 06:13:10+00:00,0.955
2026-04-24 06:14:05+00:00,0.955
2026-04-24 06:15:07+00:00,0.955
2026-04-24 06:16:04+00:00,0.955
2026-04-24 06:17:05+00:00,0.955
2026-04-24 06:18:06+00:00,0.955
2026-04-24 06:19:05+00:00,0.955
2026-04-24 06:20:04+00:00,0.955
2026-04-24 06:21:04+00:00,0.955
2026-04-24 06:22:04+00:00,0.955
2026-04-24 06:23:08+00:00,0.955
2026-04-24 06:24:05+00:00,0.955
2026-04-24 06:25:16+00:00,0.955
2026-04-24 06:26:05+00:00,0.955
2026-04-24 06:27:09+00:00,0.955
2026-04-24 06:28:07+00:00,0.955
2026-04-24 06:29:04+00:00,0.955
2026-04-24 06:30:15+00:00,0.955
2026-04-24 06:31:04+00:00,0.955
2026-04-24 06:32:04+00:00,0.955
2026-04-24 06:33:08+00:00,0.955
2026-04-24 06:34:05+00:00,0.955
2026-04-24 06:35:04+00:00,0.955
2026-04-24 06:36:10+00:00,0.955
2026-04-24 06:37:04+00:00,0.955
2026-04-24 06:38:05+00:00,0.955
2026-04-24 06:39:05+00:00,0.955
2026-04-24 06:40:08+00:00,0.955
2026-04-24 06:41:04+00:00,0.955
2026-04-24 06:42:04+00:00,0.955
2026-04-24 06:43:04+00:00,0.955
2026-04-24 06:44:07+00:00,0.955
2026-04-24 06:45:05+00:00,0.955
2026-04-24 06:46:05+00:00,0.955
2026-04-24 06:47:06+00:00,0.955
2026-04-24 06:48:04+00:00,0.955
2026-04-24 06:49:04+00:00,0.955
2026-04-24 06:50:09+00:00,0.955
2026-04-24 06:51:04+00:00,0.955
2026-04-24 06:52:04+00:00,0.955
2026-04-24 06:53:04+00:00,0.955
2026-04-24 06:54:06+00:00,0.955
2026-04-24 06:55:05+00:00,0.955
2026-04-24 06:56:04+00:00,0.955
2026-04-24 06:57:05+00:00,0.955
2026-04-24 06:58:05+00:00,0.955
2026-04-24 06:59:05+00:00,0.955
2026-04-24 07:00:07+00:00,0.955
2026-04-24 07:01:04+00:00,0.955
2026-04-24 07:02:09+00:00,0.955
2026-04-24 07:03:07+00:00,0.955
2026-04-24 07:04:05+00:00,0.955
2026-04-24 07:05:05+00:00,0.955
2026-04-24 07:06:04+00:00,0.955
2026-04-24 07:07:06+00:00,0.955
2026-04-24 07:08:11+00:00,0.955
2026-04-24 07:09:07+00:00,0.955
2026-04-24 07:10:07+00:00,0.955
2026-04-24 07:11:04+00:00,0.955
2026-04-24 07:12:06+00:00,0.955
2026-04-24 07:13:08+00:00,0.955
2026-04-24 07:14:04+00:00,0.955
2026-04-24 07:15:04+00:00,0.955
2026-04-24 07:16:05+00:00,0.955
2026-04-24 07:17:05+00:00,0.955
2026-04-24 07:18:04+00:00,0.955
2026-04-24 07:19:05+00:00,0.955
2026-04-24 07:20:07+00:00,0.955
2026-04-24 07:21:04+00:00,0.955
2026-04-24 07:22:04+00:00,0.955
2026-04-24 07:23:06+00:00,0.955
2026-04-24 07:24:08+00:00,0.955
2026-04-24 07:25:05+00:00,0.955
2026-04-24 07:26:04+00:00,0.955
2026-04-24 07:27:05+00:00,0.955
2026-04-24 07:28:12+00:00,0.955
2026-04-24 07:29:09+00:00,0.955
2026-04-24 07:30:08+00:00,0.955
2026-04-24 07:31:05+00:00,0.955
2026-04-24 07:32:04+00:00,0.955
2026-04-24 07:33:06+00:00,0.955
2026-04-24 07:34:08+00:00,0.955
2026-04-24 07:35:05+00:00,0.955
2026-04-24 07:36:33+00:00,0.955
2026-04-24 07:37:04+00:00,0.955
2026-04-24 07:38:06+00:00,0.955
2026-04-24 07:39:05+00:00,0.955
2026-04-24 07:40:06+00:00,0.955
2026-04-24 07:41:04+00:00,0.955
2026-04-24 07:42:04+00:00,0.955
2026-04-24 07:43:07+00:00,0.955
2026-04-24 07:44:05+00:00,0.955
2026-04-24 07:45:06+00:00,0.955
2026-04-24 07:46:05+00:00,0.955
2026-04-24 07:47:05+00:00,0.955
2026-04-24 07:48:05+00:00,0.955
2026-04-24 07:49:05+00:00,0.955
2026-04-24 07:50:17+00:00,0.955
2026-04-24 07:51:05+00:00,0.955
2026-04-24 07:52:04+00:00,0.955
2026-04-24 07:53:04+00:00,0.955
2026-04-24 07:54:05+00:00,0.955
2026-04-24 07:55:04+00:00,0.955
2026-04-24 07:56:08+00:00,0.955
2026-04-24 07:57:06+00:00,0.955
2026-04-24 07:58:05+00:00,0.955
2026-04-24 07:59:05+00:00,0.955
2026-04-24 08:00:09+00:00,0.955
2026-04-24 08:01:04+00:00,0.955
2026-04-24 08:02:04+00:00,0.955
2026-04-24 08:03:11+00:00,0.955
2026-04-24 08:04:05+00:00,0.955
2026-04-24 08:05:04+00:00,0.955
2026-04-24 08:06:04+00:00,0.955
2026-04-24 08:07:05+00:00,0.955
2026-04-24 08:08:04+00:00,0.955
2026-04-24 08:09:05+00:00,0.955
2026-04-24 08:10:05+00:00,0.955
2026-04-24 08:11:04+00:00,0.955
2026-04-24 08:12:04+00:00,0.955
2026-04-24 08:13:04+00:00,0.955
2026-04-24 08:14:09+00:00,0.955
2026-04-24 08:15:07+00:00,0.955
2026-04-24 08:16:04+00:00,0.955
2026-04-24 08:17:05+00:00,0.955
2026-04-24 08:18:06+00:00,0.955
2026-04-24 08:19:04+00:00,0.955
2026-04-24 08:20:04+00:00,0.955
2026-04-24 08:21:04+00:00,0.955
2026-04-24 08:22:04+00:00,0.955
2026-04-24 08:23:08+00:00,0.955
2026-04-24 08:24:04+00:00,0.955
2026-04-24 08:25:04+00:00,0.955
2026-04-24 08:26:04+00:00,0.955
2026-04-24 08:27:05+00:00,0.955
2026-04-24 08:28:04+00:00,0.955
2026-04-24 08:29:05+00:00,0.955
2026-04-24 08:30:07+00:00,0.955
2026-04-24 08:31:04+00:00,0.955
2026-04-24 08:32:04+00:00,0.955
2026-04-24 08:33:05+00:00,0.955
2026-04-24 08:34:05+00:00,0.955
2026-04-24 08:35:04+00:00,0.955
2026-04-24 08:36:04+00:00,0.955
2026-04-24 08:37:04+00:00,0.955
2026-04-24 08:38:05+00:00,0.955
2026-04-24 08:39:05+00:00,0.955
2026-04-24 08:40:08+00:00,0.955
2026-04-24 08:41:04+00:00,0.955
2026-04-24 08:42:09+00:00,0.955
2026-04-24 08:43:07+00:00,0.955
2026-04-24 08:44:05+00:00,0.955
2026-04-24 08:45:06+00:00,0.955
2026-04-24 08:46:04+00:00,0.955
2026-04-24 08:47:05+00:00,0.955
2026-04-24 08:48:06+00:00,0.955
2026-04-24 08:49:05+00:00,0.955
2026-04-24 08:50:04+00:00,0.955
2026-04-24 08:51:04+00:00,0.955
2026-04-24 08:52:05+00:00,0.955
2026-04-24 08:53:06+00:00,0.955
2026-04-24 08:54:05+00:00,0.955
2026-04-24 08:55:05+00:00,0.955
2026-04-24 08:56:04+00:00,0.955
2026-04-24 08:57:07+00:00,0.955
2026-04-24 08:58:05+00:00,0.955
2026-04-24 08:59:05+00:00,0.955
2026-04-24 09:00:06+00:00,0.955
2026-04-24 09:01:04+00:00,0.955
2026-04-24 09:02:04+00:00,0.955
2026-04-24 09:03:07+00:00,0.955
2026-04-24 09:04:05+00:00,0.955
2026-04-24 09:05:05+00:00,0.955
2026-04-24 09:06:04+00:00,0.955
2026-04-24 09:07:06+00:00,0.955
2026-04-24 09:08:09+00:00,0.955
2026-04-24 09:09:05+00:00,0.955
2026-04-24 09:10:05+00:00,0.955
2026-04-24 09:11:04+00:00,0.955
2026-04-24 09:12:04+00:00,0.955
2026-04-24 09:13:08+00:00,0.955
2026-04-24 09:14:05+00:00,0.955
2026-04-24 09:15:05+00:00,0.955
2026-04-24 09:16:04+00:00,0.955
2026-04-24 09:17:04+00:00,0.955
2026-04-24 09:18:07+00:00,0.955
2026-04-24 09:19:04+00:00,0.955
2026-04-24 09:20:05+00:00,0.955
2026-04-24 09:21:04+00:00,0.955
2026-04-24 09:22:04+00:00,0.955
2026-04-24 09:23:05+00:00,0.955
2026-04-24 09:24:05+00:00,0.955
2026-04-24 09:25:05+00:00,0.955
2026-04-24 09:26:04+00:00,0.955
2026-04-24 09:27:06+00:00,0.955
2026-04-24 09:28:05+00:00,0.955
2026-04-24 09:29:09+00:00,0.955
2026-04-24 09:30:09+00:00,0.955
2026-04-24 09:31:05+00:00,0.955
2026-04-24 09:32:04+00:00,0.955
2026-04-24 09:33:05+00:00,0.955
2026-04-24 09:34:05+00:00,0.955
2026-04-24 09:35:05+00:00,0.955
2026-04-24 09:36:05+00:00,0.955
2026-04-24 09:37:05+00:00,0.955
2026-04-24 09:38:06+00:00,0.955
2026-04-24 09:39:05+00:00,0.955
2026-04-24 09:40:04+00:00,0.955
2026-04-24 09:41:04+00:00,0.955
2026-04-24 09:42:07+00:00,0.955
2026-04-24 09:43:04+00:00,0.955
2026-04-24 09:44:05+00:00,0.955
2026-04-24 09:45:05+00:00,0.955
2026-04-24 09:46:05+00:00,0.955
2026-04-24 09:47:05+00:00,0.955
2026-04-24 09:48:05+00:00,0.955
2026-04-24 09:49:05+00:00,0.955
2026-04-24 09:50:09+00:00,0.955
2026-04-24 09:51:04+00:00,0.955
2026-04-24 09:52:04+00:00,0.955
2026-04-24 09:53:05+00:00,0.955
2026-04-24 09:54:05+00:00,0.955
2026-04-24 09:55:11+00:00,0.955
2026-04-24 09:56:05+00:00,0.955
2026-04-24 09:57:07+00:00,0.955
2026-04-24 09:58:07+00:00,0.955
2026-04-24 09:59:05+00:00,0.955
2026-04-24 10:00:06+00:00,0.955
2026-04-24 10:01:05+00:00,0.955
2026-04-24 10:02:07+00:00,0.955
2026-04-24 10:03:08+00:00,0.955
2026-04-24 10:04:05+00:00,0.955
2026-04-24 10:05:04+00:00,0.955
2026-04-24 10:06:22+00:00,0.955
2026-04-24 10:07:22+00:00,0.955
2026-04-24 10:08:09+00:00,0.955
2026-04-24 10:09:08+00:00,0.955
2026-04-24 10:10:07+00:00,0.955
2026-04-24 10:11:05+00:00,0.955
2026-04-24 10:12:04+00:00,0.955
2026-04-24 10:13:05+00:00,0.955
2026-04-24 10:14:05+00:00,0.955
2026-04-24 10:15:07+00:00,0.955
2026-04-24 10:16:08+00:00,0.955
2026-04-24 10:17:09+00:00,0.955
2026-04-24 10:18:04+00:00,0.955
2026-04-24 10:19:20+00:00,0.955
2026-04-24 10:20:04+00:00,0.955
2026-04-24 10:21:21+00:00,0.955
2026-04-24 10:22:04+00:00,0.955
2026-04-24 10:23:06+00:00,0.955
2026-04-24 10:24:05+00:00,0.955
2026-04-24 10:25:21+00:00,0.955
2026-04-24 10:26:05+00:00,0.955
2026-04-24 10:27:05+00:00,0.955
2026-04-24 10:28:05+00:00,0.955
2026-04-24 10:29:05+00:00,0.955
2026-04-24 10:30:08+00:00,0.955
2026-04-24 10:31:04+00:00,0.955
2026-04-24 10:32:04+00:00,0.955
2026-04-24 10:33:05+00:00,0.955
2026-04-24 10:34:04+00:00,0.955
2026-04-24 10:35:17+00:00,0.955
2026-04-24 10:36:04+00:00,0.955
2026-04-24 10:37:05+00:00,0.955
2026-04-24 10:38:07+00:00,0.955
2026-04-24 10:39:05+00:00,0.955
2026-04-24 10:40:05+00:00,0.955
2026-04-24 10:41:04+00:00,0.955
2026-04-24 10:42:04+00:00,0.955
2026-04-24 10:43:04+00:00,0.955
2026-04-24 10:44:05+00:00,0.955
2026-04-24 10:45:04+00:00,0.955
2026-04-24 10:46:04+00:00,0.955
2026-04-24 10:47:08+00:00,0.955
2026-04-24 10:48:04+00:00,0.955
2026-04-24 10:49:05+00:00,0.955
2026-04-24 10:50:08+00:00,0.955
2026-04-24 10:51:05+00:00,0.955
2026-04-24 10:52:04+00:00,0.955
2026-04-24 10:53:04+00:00,0.955
2026-04-24 10:54:05+00:00,0.955
2026-04-24 10:55:04+00:00,0.955
2026-04-24 10:56:04+00:00,0.955
2026-04-24 10:57:05+00:00,0.955
2026-04-24 10:58:05+00:00,0.955
2026-04-24 10:59:05+00:00,0.955
2026-04-24 11:00:07+00:00,0.955
2026-04-24 11:01:04+00:00,0.955
2026-04-24 11:02:04+00:00,0.955
2026-04-24 11:03:05+00:00,0.955
2026-04-24 11:04:05+00:00,0.955
2026-04-24 11:05:05+00:00,0.955
2026-04-24 11:06:04+00:00,0.955
2026-04-24 11:07:05+00:00,0.955
2026-04-24 11:08:19+00:00,0.955
2026-04-24 11:09:04+00:00,0.955
2026-04-24 11:10:05+00:00,0.955
2026-04-24 11:11:04+00:00,0.955
2026-04-24 11:12:04+00:00,0.955
2026-04-24 11:13:09+00:00,0.955
2026-04-24 11:14:04+00:00,0.955
2026-04-24 11:15:06+00:00,0.955
2026-04-24 11:16:04+00:00,0.955
2026-04-24 11:17:05+00:00,0.955
2026-04-24 11:18:04+00:00,0.955
2026-04-24 11:19:06+00:00,0.955
2026-04-24 11:20:04+00:00,0.955
2026-04-24 11:21:04+00:00,0.955
2026-04-24 11:22:04+00:00,0.955
2026-04-24 11:23:06+00:00,0.955
2026-04-24 11:24:04+00:00,0.955
2026-04-24 11:25:04+00:00,0.955
2026-04-24 11:26:04+00:00,0.955
2026-04-24 11:27:05+00:00,0.955
2026-04-24 11:28:05+00:00,0.955
2026-04-24 11:29:06+00:00,0.955
2026-04-24 11:30:08+00:00,0.955
2026-04-24 11:31:04+00:00,0.955
2026-04-24 11:32:04+00:00,0.955
2026-04-24 11:33:07+00:00,0.955
2026-04-24 11:34:06+00:00,0.955
2026-04-24 11:35:08+00:00,0.955
2026-04-24 11:36:05+00:00,0.955
2026-04-24 11:37:05+00:00,0.955
2026-04-24 11:38:04+00:00,0.955
2026-04-24 11:39:11+00:00,0.955
2026-04-24 11:40:05+00:00,0.955
2026-04-24 11:41:04+00:00,0.955
2026-04-24 11:42:04+00:00,0.955
2026-04-24 11:43:05+00:00,0.955
2026-04-24 11:44:05+00:00,0.955
2026-04-24 11:45:05+00:00,0.955
2026-04-24 11:46:04+00:00,0.955
2026-04-24 11:47:07+00:00,0.955
2026-04-24 11:48:07+00:00,0.955
2026-04-24 11:49:06+00:00,0.955
2026-04-24 11:50:05+00:00,0.955
2026-04-24 11:51:05+00:00,0.955
2026-04-24 11:52:05+00:00,0.955
2026-04-24 11:53:04+00:00,0.955
2026-04-24 11:54:06+00:00,0.955
2026-04-24 11:55:06+00:00,0.955
2026-04-24 11:56:04+00:00,0.955
2026-04-24 11:57:07+00:00,0.955
2026-04-24 11:58:05+00:00,0.955
2026-04-24 11:59:06+00:00,0.955
2026-04-24 12:00:09+00:00,0.955
2026-04-24 12:01:10+00:00,0.955
2026-04-24 12:02:04+00:00,0.955
2026-04-24 12:03:08+00:00,0.955
2026-04-24 12:04:07+00:00,0.955
2026-04-24 12:05:13+00:00,0.955
2026-04-24 12:06:04+00:00,0.9465
2026-04-24 12:07:05+00:00,0.9495
2026-04-24 12:08:09+00:00,0.9495
2026-04-24 12:09:18+00:00,0.9495
2026-04-24 12:10:18+00:00,0.9495
2026-04-24 12:11:06+00:00,0.9495
2026-04-24 12:12:05+00:00,0.9495
2026-04-24 12:13:22+00:00,0.9495
2026-04-24 12:14:06+00:00,0.9495
2026-04-24 12:15:09+00:00,0.9495
2026-04-24 12:16:07+00:00,0.9495
2026-04-24 12:17:09+00:00,0.9505
2026-04-24 12:18:08+00:00,0.9505
2026-04-24 12:19:05+00:00,0.9505
2026-04-24 12:20:12+00:00,0.9505
2026-04-24 12:21:05+00:00,0.9505
2026-04-24 12:22:05+00:00,0.9505
2026-04-24 12:23:04+00:00,0.9515
2026-04-24 12:24:05+00:00,0.9515
2026-04-24 12:25:07+00:00,0.9515
2026-04-24 12:26:04+00:00,0.9515
2026-04-24 12:27:22+00:00,0.9515
2026-04-24 12:28:15+00:00,0.9515
2026-04-24 12:29:05+00:00,0.9515
2026-04-24 12:30:10+00:00,0.9515
2026-04-24 12:31:05+00:00,0.9515
2026-04-24 12:32:06+00:00,0.9515
2026-04-24 12:33:10+00:00,0.9515
2026-04-24 12:34:13+00:00,0.9515
2026-04-24 12:35:05+00:00,0.9515
2026-04-24 12:36:04+00:00,0.9515
2026-04-24 12:37:05+00:00,0.949
2026-04-24 12:38:05+00:00,0.949
2026-04-24 12:39:05+00:00,0.949
2026-04-24 12:40:04+00:00,0.949
2026-04-24 12:41:04+00:00,0.949
2026-04-24 12:42:05+00:00,0.949
2026-04-24 12:43:06+00:00,0.949
2026-04-24 12:44:06+00:00,0.949
2026-04-24 12:45:07+00:00,0.9515
2026-04-24 12:46:04+00:00,0.9515
2026-04-24 12:47:05+00:00,0.9515
2026-04-24 12:48:04+00:00,0.9515
2026-04-24 12:52:55+00:00,0.9525
2026-04-24 12:53:06+00:00,0.9525
2026-04-24 12:56:26+00:00,0.9525
2026-04-24 12:56:35+00:00,0.9525
2026-04-24 12:57:07+00:00,0.9525
2026-04-24 12:58:05+00:00,0.9525
2026-04-24 12:59:05+00:00,0.9525
2026-04-24 13:00:08+00:00,0.9525
2026-04-24 13:01:05+00:00,0.9525
2026-04-24 13:02:05+00:00,0.9525
2026-04-24 13:03:05+00:00,0.9525
2026-04-24 13:04:05+00:00,0.9525
2026-04-24 13:05:06+00:00,0.9525
2026-04-24 13:06:05+00:00,0.9525
2026-04-24 13:07:07+00:00,0.9525
2026-04-24 13:08:07+00:00,0.9525
2026-04-24 13:09:08+00:00,0.9525
2026-04-24 13:10:07+00:00,0.9525
2026-04-24 13:11:05+00:00,0.9525
2026-04-24 13:12:05+00:00,0.9525
2026-04-24 13:13:04+00:00,0.9525
2026-04-24 13:14:05+00:00,0.9525
2026-04-24 13:15:05+00:00,0.9525
2026-04-24 13:16:04+00:00,0.9525
2026-04-24 13:17:06+00:00,0.9525
2026-04-24 13:18:05+00:00,0.9525
2026-04-24 13:19:09+00:00,0.95
2026-04-24 13:20:06+00:00,0.95
2026-04-24 13:21:05+00:00,0.95
2026-04-24 13:22:15+00:00,0.95
2026-04-24 13:23:04+00:00,0.95
2026-04-24 13:24:04+00:00,0.95
2026-04-24 13:25:04+00:00,0.95
2026-04-24 13:26:04+00:00,0.9465
2026-04-24 13:27:08+00:00,0.9465
2026-04-24 13:28:05+00:00,0.949
2026-04-24 13:29:16+00:00,0.949
2026-04-24 13:30:09+00:00,0.949
2026-04-24 13:31:07+00:00,0.955
2026-04-24 13:32:05+00:00,0.955
2026-04-24 13:33:07+00:00,0.955
2026-04-24 13:34:18+00:00,0.955
2026-04-24 13:35:07+00:00,0.955
2026-04-24 13:36:05+00:00,0.955
2026-04-24 13:37:05+00:00,0.955
2026-04-24 13:38:05+00:00,0.955
2026-04-24 13:39:06+00:00,0.955
2026-04-24 13:40:06+00:00,0.955
2026-04-24 13:41:06+00:00,0.955
2026-04-24 13:42:04+00:00,0.955
2026-04-24 13:43:05+00:00,0.955
2026-04-24 13:44:06+00:00,0.955
2026-04-24 13:45:06+00:00,0.955
2026-04-24 13:46:07+00:00,0.955
2026-04-24 13:47:05+00:00,0.955
2026-04-24 13:48:21+00:00,0.955
2026-04-24 13:49:23+00:00,0.955
2026-04-24 13:50:05+00:00,0.955
2026-04-24 13:51:05+00:00,0.955
2026-04-24 13:52:05+00:00,0.955
2026-04-24 13:53:08+00:00,0.955
2026-04-24 13:54:07+00:00,0.955
2026-04-24 13:55:18+00:00,0.955
2026-04-24 13:56:04+00:00,0.955
2026-04-24 13:57:06+00:00,0.955
2026-04-24 13:58:06+00:00,0.955
2026-04-24 13:59:08+00:00,0.955
2026-04-24 14:00:21+00:00,0.955
2026-04-24 14:01:05+00:00,0.955
2026-04-24 14:02:05+00:00,0.955
2026-04-24 14:03:05+00:00,0.955
2026-04-24 14:04:05+00:00,0.955
2026-04-24 14:05:06+00:00,0.955
2026-04-24 14:06:07+00:00,0.955
2026-04-24 14:07:07+00:00,0.955
2026-04-24 14:08:05+00:00,0.955
2026-04-24 14:09:20+00:00,0.955
2026-04-24 14:10:05+00:00,0.955
2026-04-24 14:11:05+00:00,0.955
2026-04-24 14:12:04+00:00,0.955
2026-04-24 14:13:05+00:00,0.955
2026-04-24 14:14:05+00:00,0.955
2026-04-24 14:15:06+00:00,0.955
2026-04-24 14:16:04+00:00,0.955
2026-04-24 14:17:06+00:00,0.955
2026-04-24 14:18:06+00:00,0.955
2026-04-24 14:19:08+00:00,0.955
2026-04-24 14:20:21+00:00,0.955
2026-04-24 14:21:05+00:00,0.955
2026-04-24 14:22:07+00:00,0.955
2026-04-24 14:23:08+00:00,0.955
2026-04-24 14:24:07+00:00,0.955
2026-04-24 14:25:05+00:00,0.955
2026-04-24 14:26:07+00:00,0.955
2026-04-24 14:27:05+00:00,0.955
2026-04-24 14:28:05+00:00,0.955
2026-04-24 14:29:05+00:00,0.955
2026-04-24 14:30:10+00:00,0.955
2026-04-24 14:31:05+00:00,0.955
2026-04-24 14:32:04+00:00,0.955
2026-04-24 14:33:05+00:00,0.955
2026-04-24 14:34:06+00:00,0.955
2026-04-24 14:35:05+00:00,0.955
2026-04-24 14:36:04+00:00,0.955
2026-04-24 14:37:09+00:00,0.955
2026-04-24 14:38:23+00:00,0.955
2026-04-24 14:39:05+00:00,0.955
2026-04-24 14:40:06+00:00,0.955
2026-04-24 14:41:04+00:00,0.955
2026-04-24 14:42:04+00:00,0.955
2026-04-24 14:43:05+00:00,0.955
2026-04-24 14:44:19+00:00,0.955
2026-04-24 14:45:04+00:00,0.955
2026-04-24 14:46:04+00:00,0.955
2026-04-24 14:47:06+00:00,0.955
2026-04-24 14:48:06+00:00,0.955
2026-04-24 14:49:06+00:00,0.955
2026-04-24 14:50:05+00:00,0.955
2026-04-24 14:51:05+00:00,0.955
2026-04-24 14:52:04+00:00,0.955
2026-04-24 14:53:05+00:00,0.955
2026-04-24 14:54:04+00:00,0.955
2026-04-24 14:55:05+00:00,0.9455
2026-04-24 14:56:05+00:00,0.9455
2026-04-24 14:57:08+00:00,0.949
2026-04-24 14:58:08+00:00,0.949
2026-04-24 14:59:06+00:00,0.949
2026-04-24 15:00:12+00:00,0.949
2026-04-24 15:01:06+00:00,0.949
2026-04-24 15:02:07+00:00,0.949
2026-04-24 15:03:11+00:00,0.949
2026-04-24 15:04:06+00:00,0.949
2026-04-24 15:05:06+00:00,0.9505
2026-04-24 15:06:06+00:00,0.9505
2026-04-24 15:07:21+00:00,0.9505
2026-04-24 15:08:06+00:00,0.9455
2026-04-24 15:09:05+00:00,0.945
2026-04-24 15:10:04+00:00,0.945
2026-04-24 15:11:04+00:00,0.945
2026-04-24 15:12:05+00:00,0.945
2026-04-24 15:13:07+00:00,0.945
2026-04-24 15:14:05+00:00,0.945
2026-04-24 15:15:06+00:00,0.945
2026-04-24 15:16:06+00:00,0.945
2026-04-24 15:17:06+00:00,0.945
2026-04-24 15:18:05+00:00,0.945
2026-04-24 15:19:06+00:00,0.9495
2026-04-24 15:20:07+00:00,0.9495
2026-04-24 15:21:05+00:00,0.9495
2026-04-24 15:22:09+00:00,0.9495
2026-04-24 15:23:21+00:00,0.9495
2026-04-24 15:24:04+00:00,0.9495
2026-04-24 15:25:06+00:00,0.9495
2026-04-24 15:26:06+00:00,0.9495
2026-04-24 15:27:07+00:00,0.9495
2026-04-24 15:28:05+00:00,0.9495
2026-04-24 15:29:09+00:00,0.9495
2026-04-24 15:30:08+00:00,0.9495
2026-04-24 15:31:05+00:00,0.9495
2026-04-24 15:32:07+00:00,0.9495
2026-04-24 15:33:05+00:00,0.9495
2026-04-24 15:34:06+00:00,0.9495
2026-04-24 15:35:19+00:00,0.9495
2026-04-24 15:36:06+00:00,0.9495
2026-04-24 15:37:06+00:00,0.9495
2026-04-24 15:38:06+00:00,0.9495
2026-04-24 15:39:06+00:00,0.9495
2026-04-24 15:40:06+00:00,0.9495
2026-04-24 15:41:05+00:00,0.9495
2026-04-24 15:42:18+00:00,0.9495
2026-04-24 15:43:05+00:00,0.9495
2026-04-24 15:44:06+00:00,0.9495
2026-04-24 15:45:05+00:00,0.9495
2026-04-24 15:46:05+00:00,0.9495
2026-04-24 15:47:06+00:00,0.9495
2026-04-24 15:48:05+00:00,0.9495
2026-04-24 15:49:05+00:00,0.9495
2026-04-24 15:50:07+00:00,0.9495
2026-04-24 15:51:04+00:00,0.9495
2026-04-24 15:52:05+00:00,0.9495
2026-04-24 15:53:07+00:00,0.9495
2026-04-24 15:54:05+00:00,0.9495
2026-04-24 15:55:11+00:00,0.9495
2026-04-24 15:56:05+00:00,0.9495
2026-04-24 15:57:06+00:00,0.9495
2026-04-24 15:58:07+00:00,0.9495
2026-04-24 15:59:05+00:00,0.9495
2026-04-24 16:00:08+00:00,0.9495
2026-04-24 16:01:07+00:00,0.9545
2026-04-24 16:02:06+00:00,0.9545
2026-04-24 16:03:08+00:00,0.9545
2026-04-24 16:04:07+00:00,0.9545
2026-04-24 16:05:07+00:00,0.9545
2026-04-24 16:06:05+00:00,0.9545
2026-04-24 16:07:07+00:00,0.9545
2026-04-24 16:08:05+00:00,0.9545
2026-04-24 16:09:05+00:00,0.9545
2026-04-24 16:10:07+00:00,0.9545
2026-04-24 16:11:05+00:00,0.9545
2026-04-24 16:12:05+00:00,0.9545
2026-04-24 16:13:07+00:00,0.9545
2026-04-24 16:14:05+00:00,0.9545
2026-04-24 16:15:10+00:00,0.9545
2026-04-24 16:16:16+00:00,0.9545
2026-04-24 16:17:05+00:00,0.9545
2026-04-24 16:18:07+00:00,0.9545
2026-04-24 16:19:05+00:00,0.9545
2026-04-24 16:20:05+00:00,0.9545
2026-04-24 16:21:10+00:00,0.9545
2026-04-24 16:22:05+00:00,0.9545
2026-04-24 16:23:07+00:00,0.9545
2026-04-24 16:24:05+00:00,0.9545
2026-04-24 16:25:08+00:00,0.9545
2026-04-24 16:26:05+00:00,0.9545
2026-04-24 16:27:07+00:00,0.9545
2026-04-24 16:28:05+00:00,0.9545
2026-04-24 16:29:05+00:00,0.9545
2026-04-24 16:30:10+00:00,0.9545
2026-04-24 16:31:05+00:00,0.9545
2026-04-24 16:32:05+00:00,0.9545
2026-04-24 16:33:07+00:00,0.9545
2026-04-24 16:34:04+00:00,0.9545
2026-04-24 16:35:07+00:00,0.9545
2026-04-24 16:36:06+00:00,0.9545
2026-04-24 16:37:05+00:00,0.9545
2026-04-24 16:38:09+00:00,0.9545
2026-04-24 16:39:05+00:00,0.9545
2026-04-24 16:40:06+00:00,0.9545
2026-04-24 16:41:05+00:00,0.9545
2026-04-24 16:42:05+00:00,0.9545
2026-04-24 16:43:06+00:00,0.9545
2026-04-24 16:44:05+00:00,0.9545
2026-04-24 16:45:06+00:00,0.9545
2026-04-24 16:46:06+00:00,0.9545
2026-04-24 16:47:05+00:00,0.9545
2026-04-24 16:48:07+00:00,0.9545
2026-04-24 16:49:05+00:00,0.9545
2026-04-24 16:50:06+00:00,0.9545
2026-04-24 16:51:06+00:00,0.9545
2026-04-24 16:52:05+00:00,0.9545
2026-04-24 16:53:08+00:00,0.9545
2026-04-24 16:54:05+00:00,0.9545
2026-04-24 16:55:04+00:00,0.9545
2026-04-24 16:56:20+00:00,0.9545
2026-04-24 16:57:06+00:00,0.9545
2026-04-24 16:58:04+00:00,0.9545
2026-04-24 16:59:06+00:00,0.9545
2026-04-24 17:00:08+00:00,0.9545
2026-04-24 17:01:04+00:00,0.9545
2026-04-24 17:02:06+00:00,0.9545
2026-04-24 17:03:06+00:00,0.9545
2026-04-24 17:04:15+00:00,0.9545
2026-04-24 17:05:07+00:00,0.9545
2026-04-24 17:06:06+00:00,0.9545
2026-04-24 17:07:04+00:00,0.9545
2026-04-24 17:08:05+00:00,0.9545
2026-04-24 17:09:07+00:00,0.9545
2026-04-24 17:10:05+00:00,0.9545
2026-04-24 17:11:04+00:00,0.9545
2026-04-24 17:12:04+00:00,0.9545
2026-04-24 17:13:04+00:00,0.9545
2026-04-24 17:14:05+00:00,0.9545
2026-04-24 17:15:04+00:00,0.9545
2026-04-24 17:16:05+00:00,0.9545
2026-04-24 17:17:05+00:00,0.9545
2026-04-24 17:18:05+00:00,0.9545
2026-04-24 17:19:17+00:00,0.9545
2026-04-24 17:20:04+00:00,0.9545
2026-04-24 17:21:04+00:00,0.9545
2026-04-24 17:22:04+00:00,0.9545
2026-04-24 17:23:07+00:00,0.9545
2026-04-24 17:24:08+00:00,0.9545
2026-04-24 17:25:05+00:00,0.9545
2026-04-24 17:26:05+00:00,0.9545
2026-04-24 17:27:05+00:00,0.9545
2026-04-24 17:28:09+00:00,0.9545
2026-04-24 17:29:07+00:00,0.9545
2026-04-24 17:30:25+00:00,0.9545
2026-04-24 17:31:04+00:00,0.9545
2026-04-24 17:32:04+00:00,0.9545
2026-04-24 17:33:05+00:00,0.9545
2026-04-24 17:34:05+00:00,0.9545
2026-04-24 17:35:17+00:00,0.9545
2026-04-24 17:36:04+00:00,0.9545
2026-04-24 17:37:05+00:00,0.9545
2026-04-24 17:38:06+00:00,0.9545
2026-04-24 17:39:05+00:00,0.9545
2026-04-24 17:40:05+00:00,0.9545
2026-04-24 17:41:04+00:00,0.9545
2026-04-24 17:42:04+00:00,0.9545
2026-04-24 17:43:05+00:00,0.9545
2026-04-24 17:44:08+00:00,0.9545
2026-04-24 17:45:04+00:00,0.9545
2026-04-24 17:46:04+00:00,0.9545
2026-04-24 17:47:05+00:00,0.9545
2026-04-24 17:48:07+00:00,0.9545
2026-04-24 17:49:07+00:00,0.9545
2026-04-24 17:50:04+00:00,0.9545
2026-04-24 17:51:05+00:00,0.9545
2026-04-24 17:52:04+00:00,0.9545
2026-04-24 17:53:04+00:00,0.9545
2026-04-24 17:54:04+00:00,0.9545
2026-04-24 17:55:05+00:00,0.9545
2026-04-24 17:56:08+00:00,0.9545
2026-04-24 17:57:05+00:00,0.9545
2026-04-24 17:58:05+00:00,0.9545
2026-04-24 17:59:07+00:00,0.9545
2026-04-24 18:00:12+00:00,0.9545
2026-04-24 18:01:05+00:00,0.9545
2026-04-24 18:02:05+00:00,0.9545
2026-04-24 18:03:05+00:00,0.9545
2026-04-24 18:04:06+00:00,0.9545
2026-04-24 18:05:08+00:00,0.9545
2026-04-24 18:06:06+00:00,0.9545
2026-04-24 18:07:05+00:00,0.9545
2026-04-24 18:08:05+00:00,0.9545
2026-04-24 18:09:05+00:00,0.9545
2026-04-24 18:10:04+00:00,0.9545
2026-04-24 18:11:05+00:00,0.9545
2026-04-24 18:12:05+00:00,0.9545
2026-04-24 18:13:05+00:00,0.9545
2026-04-24 18:14:05+00:00,0.9545
2026-04-24 18:15:07+00:00,0.9545
2026-04-24 18:16:07+00:00,0.9545
2026-04-24 18:17:05+00:00,0.9545
2026-04-24 18:18:05+00:00,0.9545
2026-04-24 18:19:05+00:00,0.9545
2026-04-24 18:20:08+00:00,0.9545
2026-04-24 18:21:04+00:00,0.9545
2026-04-24 18:22:05+00:00,0.9545
2026-04-24 18:23:05+00:00,0.9545
2026-04-24 18:24:05+00:00,0.9545
2026-04-24 18:25:05+00:00,0.9545
2026-04-24 18:26:04+00:00,0.9545
2026-04-24 18:27:06+00:00,0.9545
2026-04-24 18:28:07+00:00,0.9545
2026-04-24 18:29:05+00:00,0.9545
2026-04-24 18:30:08+00:00,0.9545
2026-04-24 18:31:05+00:00,0.9405
2026-04-24 18:32:04+00:00,0.9405
2026-04-24 18:33:05+00:00,0.954
2026-04-24 18:34:05+00:00,0.954
2026-04-24 18:35:04+00:00,0.954
2026-04-24 18:36:04+00:00,0.954
2026-04-24 18:37:06+00:00,0.954
2026-04-24 18:38:10+00:00,0.954
2026-04-24 18:39:05+00:00,0.954
2026-04-24 18:40:06+00:00,0.954
2026-04-24 18:41:06+00:00,0.954
2026-04-24 18:42:04+00:00,0.954
2026-04-24 18:43:05+00:00,0.954
2026-04-24 18:44:05+00:00,0.954
2026-04-24 18:45:05+00:00,0.954
2026-04-24 18:46:07+00:00,0.954
2026-04-24 18:47:10+00:00,0.954
2026-04-24 18:48:05+00:00,0.9445
2026-04-24 18:49:05+00:00,0.9445
2026-04-24 18:50:05+00:00,0.9475
2026-04-24 18:51:07+00:00,0.9475
2026-04-24 18:52:05+00:00,0.9445
2026-04-24 18:53:04+00:00,0.9445
2026-04-24 18:54:05+00:00,0.948
2026-04-24 18:55:05+00:00,0.9445
2026-04-24 18:56:04+00:00,0.9445
2026-04-24 18:57:06+00:00,0.9485
2026-04-24 18:58:15+00:00,0.9445
2026-04-24 18:59:05+00:00,0.9445
2026-04-24 19:00:07+00:00,0.9445
2026-04-24 19:01:08+00:00,0.9495
2026-04-24 19:02:05+00:00,0.5025
2026-04-24 19:03:08+00:00,0.5
2026-04-24 19:04:05+00:00,0.5
2026-04-24 19:05:04+00:00,0.5
2026-04-24 19:06:07+00:00,0.5
2026-04-24 19:07:05+00:00,0.5
2026-04-24 19:08:06+00:00,0.5
2026-04-24 19:09:07+00:00,0.5
2026-04-24 19:10:17+00:00,0.5
2026-04-24 19:11:06+00:00,0.5
2026-04-24 19:12:04+00:00,0.5
2026-04-24 19:13:11+00:00,0.5
2026-04-24 19:14:05+00:00,0.5
2026-04-24 19:15:06+00:00,0.5005
2026-04-24 19:16:18+00:00,0.5005
2026-04-24 19:17:05+00:00,0.5005
2026-04-24 19:18:07+00:00,0.5005
2026-04-24 19:19:05+00:00,0.5005
2026-04-24 19:20:04+00:00,0.5005
2026-04-24 19:21:05+00:00,0.9945
2026-04-24 19:22:06+00:00,0.995
2026-04-24 19:23:07+00:00,0.995
2026-04-24 19:24:05+00:00,0.995
2026-04-24 19:25:05+00:00,0.995
2026-04-24 19:26:05+00:00,0.995
2026-04-24 19:27:07+00:00,0.995
2026-04-24 19:28:06+00:00,0.995
2026-04-24 19:29:05+00:00,0.9945
2026-04-24 19:30:10+00:00,0.9945
2026-04-24 19:31:05+00:00,0.9945
2026-04-24 19:32:06+00:00,0.9945
2026-04-24 19:33:17+00:00,0.9945
2026-04-24 19:34:04+00:00,0.9945
2026-04-24 19:35:05+00:00,0.9945
2026-04-24 19:36:05+00:00,0.9945
2026-04-24 19:37:04+00:00,0.9945
2026-04-24 19:38:04+00:00,0.9945
2026-04-24 19:39:09+00:00,0.9945
2026-04-24 19:40:06+00:00,0.9945
2026-04-24 19:41:16+00:00,0.9945
2026-04-24 19:42:04+00:00,0.9945
2026-04-24 19:43:05+00:00,0.9945
2026-04-24 19:44:04+00:00,0.995
2026-04-24 19:45:04+00:00,0.9945
2026-04-24 19:46:04+00:00,0.9945
2026-04-24 19:47:05+00:00,0.9945
2026-04-24 19:48:05+00:00,0.9945
2026-04-24 19:49:04+00:00,0.5225
2026-04-24 19:50:10+00:00,0.9995
2026-04-24 19:51:04+00:00,0.9995
2026-04-24 19:52:08+00:00,0.9995
2026-04-24 19:53:06+00:00,0.9995
2026-04-24 19:54:21+00:00,0.9995
2026-04-24 19:55:10+00:00,0.9995
2026-04-24 19:56:04+00:00,0.9995
2026-04-24 19:57:07+00:00,0.9995
2026-04-24 19:58:05+00:00,0.9995
2026-04-24 19:59:05+00:00,0.9995
2026-04-24 20:00:09+00:00,0.9995
2026-04-24 20:01:05+00:00,0.9995
2026-04-24 20:02:05+00:00,0.9995
2026-04-24 20:03:08+00:00,0.9995
2026-04-24 20:04:07+00:00,0.9995
2026-04-24 20:05:06+00:00,0.9995
2026-04-24 20:06:04+00:00,0.9995
2026-04-24 20:07:05+00:00,0.9995
2026-04-24 20:08:05+00:00,0.9995
2026-04-24 20:09:05+00:00,0.9995
2026-04-24 20:10:04+00:00,0.9995
2026-04-24 20:11:06+00:00,0.9995
2026-04-24 20:12:18+00:00,0.9995
2026-04-24 20:13:04+00:00,0.9995
2026-04-24 20:14:06+00:00,0.9995
2026-04-24 20:15:18+00:00,0.9995
2026-04-24 20:16:05+00:00,0.9995
2026-04-24 20:17:05+00:00,0.9995
2026-04-24 20:18:23+00:00,0.9995
2026-04-24 20:19:04+00:00,0.9995
2026-04-24 20:20:18+00:00,0.9995
2026-04-24 20:21:05+00:00,0.9995
2026-04-24 20:22:05+00:00,0.9995
2026-04-24 20:23:07+00:00,0.9995
2026-04-24 20:24:05+00:00,0.9995
2026-04-24 20:25:05+00:00,0.9995
2026-04-24 20:26:04+00:00,0.9995
2026-04-24 20:27:06+00:00,0.9995
2026-04-24 20:28:05+00:00,0.9995
2026-04-24 20:29:05+00:00,0.9995
2026-04-24 20:30:07+00:00,0.9995
2026-04-24 20:31:04+00:00,0.9995
2026-04-24 20:32:04+00:00,0.9995
2026-04-24 20:33:04+00:00,0.9995
2026-04-24 20:34:06+00:00,0.9995
2026-04-24 20:35:05+00:00,0.9995
2026-04-24 20:36:05+00:00,0.9995
2026-04-24 20:37:05+00:00,0.9995
2026-04-24 20:38:05+00:00,0.9995
2026-04-24 20:39:05+00:00,0.9995
2026-04-24 20:40:07+00:00,0.9995
2026-04-24 20:41:05+00:00,0.9995
2026-04-24 20:42:04+00:00,0.9995
2026-04-24 20:43:21+00:00,0.9995
2026-04-24 20:44:05+00:00,0.9995
2026-04-24 20:45:09+00:00,0.9995
2026-04-24 20:46:05+00:00,0.9995
2026-04-24 20:47:05+00:00,0.9995
2026-04-24 20:48:06+00:00,0.9995
2026-04-24 20:49:04+00:00,0.9995
2026-04-24 20:50:12+00:00,0.9995
2026-04-24 20:51:06+00:00,0.9995
2026-04-24 20:52:05+00:00,0.9995
2026-04-24 20:53:05+00:00,0.9995
2026-04-24 20:54:06+00:00,0.9995
2026-04-24 20:55:06+00:00,0.9995
2026-04-24 20:56:08+00:00,0.9995
2026-04-24 20:57:05+00:00,0.9995
2026-04-24 20:58:06+00:00,0.9995
2026-04-24 20:59:05+00:00,0.9995
2026-04-24 21:00:12+00:00,0.9995
2026-04-24 21:01:05+00:00,0.9995
2026-04-24 21:02:05+00:00,0.9995
2026-04-24 21:03:05+00:00,0.9995
2026-04-24 21:04:05+00:00,0.9995
2026-04-24 21:05:08+00:00,0.9995
2026-04-24 21:06:19+00:00,0.9995
2026-04-24 21:07:08+00:00,0.9995
2026-04-24 21:08:05+00:00,0.9995
2026-04-24 21:09:05+00:00,0.9995
2026-04-24 21:10:05+00:00,0.9995
2026-04-24 21:11:06+00:00,0.9995
2026-04-24 21:12:05+00:00,0.9995
2026-04-24 21:13:05+00:00,0.9995
2026-04-24 21:14:04+00:00,0.9995
2026-04-24 21:15:04+00:00,0.9995
2026-04-24 21:16:09+00:00,0.9995
2026-04-24 21:17:07+00:00,0.9995
2026-04-24 21:18:06+00:00,0.9995
2026-04-24 21:19:05+00:00,0.9995
2026-04-24 21:20:17+00:00,0.9995
2026-04-24 21:21:04+00:00,0.9995
2026-04-24 21:22:18+00:00,0.9995
2026-04-24 21:23:05+00:00,0.9995
2026-04-24 21:24:05+00:00,0.9995
2026-04-24 21:25:04+00:00,0.9995
2026-04-24 21:26:04+00:00,0.9995
2026-04-24 21:27:07+00:00,0.9995
2026-04-24 21:28:05+00:00,0.9995
2026-04-24 21:29:05+00:00,0.9995
2026-04-24 21:30:07+00:00,0.9995
2026-04-24 21:31:04+00:00,0.9995
2026-04-24 21:32:16+00:00,0.9995
2026-04-24 21:33:14+00:00,0.9995
2026-04-24 21:34:06+00:00,0.9995
2026-04-24 21:35:04+00:00,0.9995
2026-04-24 21:36:04+00:00,0.9995
2026-04-24 21:37:05+00:00,0.9995
2026-04-24 21:38:10+00:00,0.9995
2026-04-24 21:39:04+00:00,0.9995
2026-04-24 21:40:06+00:00,0.9995
2026-04-24 21:41:04+00:00,0.9995
2026-04-24 21:42:05+00:00,0.9995
2026-04-24 21:43:04+00:00,0.9995
2026-04-24 21:44:04+00:00,0.9995
2026-04-24 21:45:04+00:00,0.9995
2026-04-24 21:46:04+00:00,0.9995
2026-04-24 21:47:05+00:00,0.9995
2026-04-24 21:48:04+00:00,0.9995
2026-04-24 21:49:05+00:00,0.9995
2026-04-24 21:50:04+00:00,0.9995
2026-04-24 21:51:04+00:00,0.9995
2026-04-24 21:52:04+00:00,0.9995
2026-04-24 21:53:17+00:00,0.9995
2026-04-24 21:54:05+00:00,0.9995
2026-04-24 21:55:04+00:00,0.9995
2026-04-24 21:56:07+00:00,0.9995
2026-04-24 21:57:17+00:00,0.9995
2026-04-24 21:58:04+00:00,0.9995
2026-04-24 21:59:19+00:00,0.9995
2026-04-24 22:00:10+00:00,0.9995
2026-04-24 22:01:06+00:00,0.9995
2026-04-24 22:02:05+00:00,0.9995
2026-04-24 22:03:06+00:00,0.9995
2026-04-24 22:04:09+00:00,0.9995
2026-04-24 22:05:06+00:00,0.9995
2026-04-24 22:06:05+00:00,0.9995
2026-04-24 22:07:05+00:00,0.9995
2026-04-24 22:08:05+00:00,0.9995
2026-04-24 22:09:05+00:00,0.9995
2026-04-24 22:10:05+00:00,0.9995
2026-04-24 22:11:05+00:00,0.9995
2026-04-24 22:12:05+00:00,0.9995
2026-04-24 22:13:05+00:00,0.9995
2026-04-24 22:14:04+00:00,0.9995
2026-04-24 22:15:05+00:00,0.9995
2026-04-24 22:16:16+00:00,0.9995
2026-04-24 22:17:05+00:00,0.9995
2026-04-24 22:18:05+00:00,0.9995
2026-04-24 22:19:05+00:00,0.9995
2026-04-24 22:20:06+00:00,0.9995
2026-04-24 22:21:06+00:00,0.9995
2026-04-24 22:22:05+00:00,0.9995
2026-04-24 22:23:05+00:00,0.9995
2026-04-24 22:24:05+00:00,0.9995
2026-04-24 22:25:05+00:00,0.9995
2026-04-24 22:26:18+00:00,0.9995
2026-04-24 22:27:05+00:00,0.9995
2026-04-24 22:28:05+00:00,0.9995
2026-04-24 22:29:05+00:00,0.9995
2026-04-24 22:30:14+00:00,0.9995
2026-04-24 22:31:20+00:00,0.9995
2026-04-24 22:32:05+00:00,0.9995
2026-04-24 22:33:05+00:00,0.9995
2026-04-24 22:34:06+00:00,0.9995
2026-04-24 22:35:05+00:00,0.9995
2026-04-24 22:36:06+00:00,0.9995
2026-04-24 22:37:05+00:00,0.9995
2026-04-24 22:38:07+00:00,0.9995
2026-04-24 22:39:05+00:00,0.9995
2026-04-24 22:40:19+00:00,0.9995
2026-04-24 22:41:06+00:00,0.9995
2026-04-24 22:42:20+00:00,0.9995
2026-04-24 22:43:05+00:00,0.9995
2026-04-24 22:44:05+00:00,0.9995
2026-04-24 22:45:05+00:00,0.9995
2026-04-24 22:46:05+00:00,0.9995
2026-04-24 22:47:05+00:00,0.9995
2026-04-24 22:48:05+00:00,0.9995
2026-04-24 22:49:05+00:00,0.9995
2026-04-24 22:50:06+00:00,0.9995
2026-04-24 22:51:05+00:00,0.9995
2026-04-24 22:52:06+00:00,0.9995
2026-04-24 22:53:06+00:00,0.9995
2026-04-24 22:54:05+00:00,0.9995
2026-04-24 22:55:07+00:00,0.9995
2026-04-24 22:56:08+00:00,0.9995
2026-04-24 22:57:05+00:00,0.9995
2026-04-24 22:58:05+00:00,0.9995
2026-04-24 22:59:05+00:00,0.9995
2026-04-24 23:00:08+00:00,0.9995
2026-04-24 23:01:20+00:00,0.9995
2026-04-24 23:02:05+00:00,0.9995
2026-04-24 23:03:06+00:00,0.9995
2026-04-24 23:04:18+00:00,0.9995
2026-04-24 23:05:19+00:00,0.9995
2026-04-24 23:06:07+00:00,0.9995
2026-04-24 23:07:07+00:00,0.9995
2026-04-24 23:08:18+00:00,0.9995
2026-04-24 23:09:16+00:00,0.9995
2026-04-24 23:10:06+00:00,0.9995
2026-04-24 23:11:10+00:00,0.9995
2026-04-24 23:12:05+00:00,0.9995
2026-04-24 23:13:05+00:00,0.9995
2026-04-24 23:14:05+00:00,0.9995
2026-04-24 23:15:05+00:00,0.9995
2026-04-24 23:16:04+00:00,0.9995
2026-04-24 23:17:05+00:00,0.9995
2026-04-24 23:18:05+00:00,0.9995
2026-04-24 23:19:05+00:00,0.9995
2026-04-24 23:20:17+00:00,0.9995
2026-04-24 23:21:05+00:00,0.9995
2026-04-24 23:22:18+00:00,0.9995
2026-04-24 23:23:05+00:00,0.9995
2026-04-24 23:24:05+00:00,0.9995
2026-04-24 23:25:05+00:00,0.9995
2026-04-24 23:26:05+00:00,0.9995
2026-04-24 23:27:05+00:00,0.9995
2026-04-24 23:28:08+00:00,0.9995
2026-04-24 23:29:05+00:00,0.9995
2026-04-24 23:30:07+00:00,0.9995
2026-04-24 23:31:05+00:00,0.9995
2026-04-24 23:32:05+00:00,0.9995
2026-04-24 23:33:06+00:00,0.9995
2026-04-24 23:34:05+00:00,0.9995
2026-04-24 23:35:05+00:00,0.9995
2026-04-24 23:36:04+00:00,0.9995
2026-04-24 23:37:25+00:00,0.9995
2026-04-24 23:38:05+00:00,0.9995
2026-04-24 23:39:05+00:00,0.9995
2026-04-24 23:40:06+00:00,0.9995
2026-04-24 23:41:05+00:00,0.9995
2026-04-24 23:42:04+00:00,0.9995
2026-04-24 23:43:07+00:00,0.9995
2026-04-24 23:44:06+00:00,0.9995
2026-04-24 23:45:06+00:00,0.9995
2026-04-24 23:46:05+00:00,0.9995
2026-04-24 23:47:09+00:00,0.9995
2026-04-24 23:48:05+00:00,0.9995
2026-04-24 23:49:05+00:00,0.9995
2026-04-24 23:50:08+00:00,0.9995
2026-04-24 23:51:05+00:00,0.9995
2026-04-24 23:52:05+00:00,0.9995
2026-04-24 23:53:06+00:00,0.9995
2026-04-24 23:54:05+00:00,0.9995
2026-04-24 23:55:04+00:00,0.9995
2026-04-24 23:56:05+00:00,0.9995
2026-04-24 23:57:08+00:00,0.9995
2026-04-24 23:58:06+00:00,0.9995
2026-04-24 23:59:06+00:00,0.9995
2026-04-25 00:00:16+00:00,0.9995
2026-04-25 00:01:18+00:00,0.9995
2026-04-25 00:02:04+00:00,0.9995
2026-04-25 00:03:06+00:00,0.9995
2026-04-25 00:04:04+00:00,0.9995
2026-04-25 00:05:04+00:00,0.9995
2026-04-25 00:06:06+00:00,0.9995
2026-04-25 00:07:04+00:00,0.9995
2026-04-25 00:08:03+00:00,0.9995
2026-04-25 00:09:04+00:00,0.9995
2026-04-25 00:10:05+00:00,0.9995
2026-04-25 00:11:05+00:00,0.9995
2026-04-25 00:12:03+00:00,0.9995
2026-04-25 00:13:06+00:00,0.9995
2026-04-25 00:14:04+00:00,0.9995
2026-04-25 00:15:04+00:00,0.9995
2026-04-25 00:16:03+00:00,0.9995
2026-04-25 00:17:04+00:00,0.9995
2026-04-25 00:18:04+00:00,0.9995
2026-04-25 00:19:05+00:00,0.9995
2026-04-25 00:20:05+00:00,0.9995
2026-04-25 00:21:04+00:00,0.9995
2026-04-25 00:22:05+00:00,0.9995
2026-04-25 00:23:05+00:00,0.9995
2026-04-25 00:24:05+00:00,0.9995
2026-04-25 00:25:05+00:00,0.9995
2026-04-25 00:26:05+00:00,0.9995
2026-04-25 00:27:05+00:00,0.9995
2026-04-25 00:28:05+00:00,0.9995
2026-04-25 00:29:05+00:00,0.9995
2026-04-25 00:30:05+00:00,0.9995
2026-04-25 00:31:04+00:00,0.9995
2026-04-25 00:32:05+00:00,0.9995
2026-04-25 00:33:07+00:00,0.9995
2026-04-25 00:34:04+00:00,0.9995
2026-04-25 00:35:07+00:00,0.9995
2026-04-25 00:36:05+00:00,0.9995
2026-04-25 00:37:05+00:00,0.9995
2026-04-25 00:38:10+00:00,0.9995
2026-04-25 00:39:04+00:00,0.9995
2026-04-25 00:40:05+00:00,0.9995
2026-04-25 00:41:05+00:00,0.9995
2026-04-25 00:42:05+00:00,0.9995
2026-04-25 00:43:04+00:00,0.9995
2026-04-25 00:44:05+00:00,0.9995
2026-04-25 00:45:05+00:00,0.9995
2026-04-25 00:46:05+00:00,0.9995
2026-04-25 00:47:04+00:00,0.9995
2026-04-25 00:48:06+00:00,0.9995
2026-04-25 00:49:04+00:00,0.9995
2026-04-25 00:50:06+00:00,0.9995
2026-04-25 00:51:04+00:00,0.9995
2026-04-25 00:52:05+00:00,0.9995
2026-04-25 00:53:04+00:00,0.9995
2026-04-25 00:54:05+00:00,0.9995
2026-04-25 00:55:05+00:00,0.9995
2026-04-25 00:56:04+00:00,0.9995
2026-04-25 00:57:05+00:00,0.9995
2026-04-25 00:58:05+00:00,0.9995
2026-04-25 00:59:20+00:00,0.9995
2026-04-25 01:00:05+00:00,0.9995
2026-04-25 01:01:05+00:00,0.9995
2026-04-25 01:02:03+00:00,0.9995
2026-04-25 01:03:06+00:00,0.9995
2026-04-25 01:04:04+00:00,0.9995
2026-04-25 01:05:06+00:00,0.9995
2026-04-25 01:06:05+00:00,0.9995
2026-04-25 01:07:23+00:00,0.9995
2026-04-25 01:08:05+00:00,0.9995
2026-04-25 01:09:04+00:00,0.9995
2026-04-25 01:10:06+00:00,0.9995
2026-04-25 01:11:06+00:00,0.9995
2026-04-25 01:12:05+00:00,0.9995
2026-04-25 01:13:06+00:00,0.9995
2026-04-25 01:14:05+00:00,0.9995
2026-04-25 01:15:05+00:00,0.9995
2026-04-25 01:16:05+00:00,0.9995
2026-04-25 01:17:05+00:00,0.9995
2026-04-25 01:18:05+00:00,0.9995
2026-04-25 01:19:05+00:00,0.9995
2026-04-25 01:20:05+00:00,0.9995
2026-04-25 01:21:18+00:00,0.9995
2026-04-25 01:22:20+00:00,0.9995
2026-04-25 01:23:04+00:00,0.9995
2026-04-25 01:24:05+00:00,0.9995
2026-04-25 01:25:05+00:00,0.9995
2026-04-25 01:26:03+00:00,0.9995
2026-04-25 01:27:06+00:00,0.9995
2026-04-25 01:28:04+00:00,0.9995
2026-04-25 01:29:05+00:00,0.9995
2026-04-25 01:30:04+00:00,0.9995
2026-04-25 01:31:08+00:00,0.9995
2026-04-25 01:32:04+00:00,0.9995
2026-04-25 01:33:05+00:00,0.9995
2026-04-25 01:34:04+00:00,0.9995
2026-04-25 01:35:05+00:00,0.9995
2026-04-25 01:36:06+00:00,0.9995
2026-04-25 01:37:05+00:00,0.9995
2026-04-25 01:38:07+00:00,0.9995
2026-04-25 01:39:05+00:00,0.9995
2026-04-25 01:40:05+00:00,0.9995
2026-04-25 01:41:04+00:00,0.9995
2026-04-25 01:42:04+00:00,0.9995
2026-04-25 01:43:18+00:00,0.9995
2026-04-25 01:44:06+00:00,0.9995
2026-04-25 01:45:05+00:00,0.9995
2026-04-25 01:46:05+00:00,0.9995
2026-04-25 01:47:04+00:00,0.9995
2026-04-25 01:48:05+00:00,0.9995
2026-04-25 01:49:04+00:00,0.9995
2026-04-25 01:50:18+00:00,0.9995
2026-04-25 01:51:04+00:00,0.9995
2026-04-25 01:52:04+00:00,0.9995
