timestamp,price
2026-04-28 06:08:04+00:00,0.32
2026-04-28 06:09:04+00:00,0.32
2026-04-28 06:10:07+00:00,0.32
2026-04-28 06:11:04+00:00,0.32
2026-04-28 06:12:04+00:00,0.32
2026-04-28 06:13:03+00:00,0.32
2026-04-28 06:14:04+00:00,0.32
2026-04-28 06:15:04+00:00,0.32
2026-04-28 06:16:03+00:00,0.32
2026-04-28 06:17:03+00:00,0.32
2026-04-28 06:18:05+00:00,0.32
2026-04-28 06:19:04+00:00,0.32
2026-04-28 06:20:04+00:00,0.32
2026-04-28 06:21:03+00:00,0.32
2026-04-28 06:22:04+00:00,0.32
2026-04-28 06:23:04+00:00,0.32
2026-04-28 06:24:04+00:00,0.32
2026-04-28 06:25:03+00:00,0.32
2026-04-28 06:26:04+00:00,0.32
2026-04-28 06:27:04+00:00,0.32
2026-04-28 06:28:04+00:00,0.32
2026-04-28 06:29:04+00:00,0.32
2026-04-28 06:30:05+00:00,0.32
2026-04-28 06:31:03+00:00,0.32
2026-04-28 06:32:04+00:00,0.32
2026-04-28 06:33:03+00:00,0.32
2026-04-28 06:34:09+00:00,0.32
2026-04-28 06:35:19+00:00,0.32
2026-04-28 06:36:04+00:00,0.32
2026-04-28 06:37:04+00:00,0.32
2026-04-28 06:38:05+00:00,0.32
2026-04-28 06:39:05+00:00,0.32
2026-04-28 06:40:04+00:00,0.32
2026-04-28 06:41:03+00:00,0.32
2026-04-28 06:42:04+00:00,0.32
2026-04-28 06:43:04+00:00,0.32
2026-04-28 06:44:04+00:00,0.32
2026-04-28 06:45:04+00:00,0.32
2026-04-28 06:46:03+00:00,0.32
2026-04-28 06:47:04+00:00,0.32
2026-04-28 06:48:04+00:00,0.32
2026-04-28 06:49:19+00:00,0.315
2026-04-28 06:50:18+00:00,0.315
2026-04-28 06:51:03+00:00,0.315
2026-04-28 06:52:04+00:00,0.315
2026-04-28 06:53:04+00:00,0.315
2026-04-28 06:54:04+00:00,0.315
2026-04-28 06:55:04+00:00,0.315
2026-04-28 06:56:04+00:00,0.315
2026-04-28 06:57:05+00:00,0.315
2026-04-28 06:58:04+00:00,0.315
2026-04-28 06:59:05+00:00,0.315
2026-04-28 07:00:22+00:00,0.315
2026-04-28 07:01:04+00:00,0.315
2026-04-28 07:02:04+00:00,0.315
2026-04-28 07:03:04+00:00,0.315
2026-04-28 07:04:04+00:00,0.315
2026-04-28 07:05:05+00:00,0.315
2026-04-28 07:06:04+00:00,0.315
2026-04-28 07:07:03+00:00,0.315
2026-04-28 07:08:04+00:00,0.315
2026-04-28 07:09:20+00:00,0.315
2026-04-28 07:10:04+00:00,0.315
2026-04-28 07:11:03+00:00,0.315
2026-04-28 07:12:03+00:00,0.315
2026-04-28 07:13:03+00:00,0.315
2026-04-28 07:14:04+00:00,0.315
2026-04-28 07:15:04+00:00,0.315
2026-04-28 07:16:24+00:00,0.315
2026-04-28 07:17:04+00:00,0.315
2026-04-28 07:18:03+00:00,0.315
2026-04-28 07:19:15+00:00,0.315
2026-04-28 07:20:04+00:00,0.315
2026-04-28 07:21:04+00:00,0.315
2026-04-28 07:22:04+00:00,0.315
2026-04-28 07:23:04+00:00,0.315
2026-04-28 07:24:04+00:00,0.315
2026-04-28 07:25:04+00:00,0.315
2026-04-28 07:26:21+00:00,0.315
2026-04-28 07:27:17+00:00,0.315
2026-04-28 07:28:04+00:00,0.315
2026-04-28 07:29:04+00:00,0.315
2026-04-28 07:30:06+00:00,0.315
2026-04-28 07:31:03+00:00,0.315
2026-04-28 07:32:03+00:00,0.315
2026-04-28 07:33:03+00:00,0.315
2026-04-28 07:34:05+00:00,0.315
2026-04-28 07:35:05+00:00,0.315
2026-04-28 07:36:08+00:00,0.315
2026-04-28 07:37:03+00:00,0.315
2026-04-28 07:38:03+00:00,0.315
2026-04-28 07:39:04+00:00,0.315
2026-04-28 07:40:06+00:00,0.315
2026-04-28 07:41:04+00:00,0.315
2026-04-28 07:42:04+00:00,0.315
2026-04-28 07:43:04+00:00,0.315
2026-04-28 07:44:04+00:00,0.315
2026-04-28 07:45:04+00:00,0.315
2026-04-28 07:46:03+00:00,0.315
2026-04-28 07:47:03+00:00,0.315
2026-04-28 07:48:03+00:00,0.315
2026-04-28 07:49:07+00:00,0.315
2026-04-28 07:50:05+00:00,0.315
2026-04-28 07:51:04+00:00,0.315
2026-04-28 07:52:03+00:00,0.315
2026-04-28 07:53:19+00:00,0.315
2026-04-28 07:54:04+00:00,0.315
2026-04-28 07:55:03+00:00,0.315
2026-04-28 07:56:04+00:00,0.315
2026-04-28 07:57:04+00:00,0.315
2026-04-28 07:58:03+00:00,0.315
2026-04-28 07:59:19+00:00,0.315
2026-04-28 08:00:06+00:00,0.315
2026-04-28 08:01:04+00:00,0.315
2026-04-28 08:02:03+00:00,0.315
2026-04-28 08:03:03+00:00,0.315
2026-04-28 08:04:04+00:00,0.315
2026-04-28 08:05:04+00:00,0.315
2026-04-28 08:06:04+00:00,0.315
2026-04-28 08:07:04+00:00,0.315
2026-04-28 08:08:03+00:00,0.315
2026-04-28 08:09:04+00:00,0.315
2026-04-28 08:10:05+00:00,0.315
2026-04-28 08:11:04+00:00,0.32
2026-04-28 08:12:03+00:00,0.32
2026-04-28 08:13:04+00:00,0.32
2026-04-28 08:14:04+00:00,0.32
2026-04-28 08:15:09+00:00,0.32
2026-04-28 08:16:04+00:00,0.32
2026-04-28 08:17:15+00:00,0.32
2026-04-28 08:18:03+00:00,0.32
2026-04-28 08:19:04+00:00,0.32
2026-04-28 08:20:04+00:00,0.32
2026-04-28 08:21:04+00:00,0.32
2026-04-28 08:22:03+00:00,0.32
2026-04-28 08:23:04+00:00,0.32
2026-04-28 08:24:16+00:00,0.32
2026-04-28 08:25:15+00:00,0.32
2026-04-28 08:26:04+00:00,0.32
2026-04-28 08:27:03+00:00,0.32
2026-04-28 08:28:03+00:00,0.32
2026-04-28 08:29:04+00:00,0.32
2026-04-28 08:30:05+00:00,0.32
2026-04-28 08:31:03+00:00,0.32
2026-04-28 08:32:16+00:00,0.32
2026-04-28 08:33:04+00:00,0.32
2026-04-28 08:34:04+00:00,0.32
2026-04-28 08:35:04+00:00,0.32
2026-04-28 08:36:03+00:00,0.32
2026-04-28 08:37:04+00:00,0.32
2026-04-28 08:38:15+00:00,0.32
2026-04-28 08:39:04+00:00,0.32
2026-04-28 08:40:04+00:00,0.32
2026-04-28 08:41:07+00:00,0.32
2026-04-28 08:42:04+00:00,0.32
2026-04-28 08:43:04+00:00,0.32
2026-04-28 08:44:04+00:00,0.32
2026-04-28 08:45:05+00:00,0.32
2026-04-28 08:46:04+00:00,0.32
2026-04-28 08:47:03+00:00,0.32
2026-04-28 08:48:04+00:00,0.32
2026-04-28 08:49:04+00:00,0.32
2026-04-28 08:50:04+00:00,0.32
2026-04-28 08:51:04+00:00,0.32
2026-04-28 08:52:04+00:00,0.32
2026-04-28 08:53:18+00:00,0.32
2026-04-28 08:54:04+00:00,0.32
2026-04-28 08:55:16+00:00,0.32
2026-04-28 08:56:04+00:00,0.32
2026-04-28 08:57:04+00:00,0.32
2026-04-28 08:58:08+00:00,0.32
2026-04-28 08:59:18+00:00,0.32
2026-04-28 09:00:13+00:00,0.32
2026-04-28 09:01:04+00:00,0.32
2026-04-28 09:02:04+00:00,0.32
2026-04-28 09:03:05+00:00,0.32
2026-04-28 09:04:04+00:00,0.32
2026-04-28 09:05:04+00:00,0.32
2026-04-28 09:06:04+00:00,0.32
2026-04-28 09:07:03+00:00,0.32
2026-04-28 09:08:04+00:00,0.32
2026-04-28 09:09:04+00:00,0.32
2026-04-28 09:10:04+00:00,0.32
2026-04-28 09:11:03+00:00,0.32
2026-04-28 09:12:04+00:00,0.32
2026-04-28 09:13:03+00:00,0.32
2026-04-28 09:14:04+00:00,0.32
2026-04-28 09:15:04+00:00,0.32
2026-04-28 09:16:04+00:00,0.32
2026-04-28 09:17:03+00:00,0.32
2026-04-28 09:18:04+00:00,0.32
2026-04-28 09:19:20+00:00,0.32
2026-04-28 09:20:03+00:00,0.32
2026-04-28 09:21:03+00:00,0.32
2026-04-28 09:22:04+00:00,0.32
2026-04-28 09:23:17+00:00,0.32
2026-04-28 09:24:09+00:00,0.32
2026-04-28 09:25:05+00:00,0.32
2026-04-28 09:26:03+00:00,0.32
2026-04-28 09:27:17+00:00,0.32
2026-04-28 09:28:04+00:00,0.32
2026-04-28 09:29:04+00:00,0.32
2026-04-28 09:30:05+00:00,0.32
2026-04-28 09:31:04+00:00,0.32
2026-04-28 09:32:03+00:00,0.32
2026-04-28 09:33:05+00:00,0.32
2026-04-28 09:34:05+00:00,0.32
2026-04-28 09:35:04+00:00,0.32
2026-04-28 09:36:03+00:00,0.32
2026-04-28 09:37:04+00:00,0.32
2026-04-28 09:38:04+00:00,0.32
2026-04-28 09:39:05+00:00,0.32
2026-04-28 09:40:03+00:00,0.32
2026-04-28 09:41:04+00:00,0.32
2026-04-28 09:42:06+00:00,0.32
2026-04-28 09:43:04+00:00,0.32
2026-04-28 09:44:04+00:00,0.32
2026-04-28 09:45:19+00:00,0.32
2026-04-28 09:46:04+00:00,0.32
2026-04-28 09:47:16+00:00,0.32
2026-04-28 09:48:04+00:00,0.32
2026-04-28 09:49:04+00:00,0.32
2026-04-28 09:50:08+00:00,0.32
2026-04-28 09:51:03+00:00,0.32
2026-04-28 09:52:04+00:00,0.32
2026-04-28 09:53:04+00:00,0.32
2026-04-28 09:54:04+00:00,0.32
2026-04-28 09:55:03+00:00,0.32
2026-04-28 09:56:04+00:00,0.32
2026-04-28 09:57:04+00:00,0.32
2026-04-28 09:58:16+00:00,0.32
2026-04-28 09:59:04+00:00,0.32
2026-04-28 10:00:06+00:00,0.32
2026-04-28 10:01:15+00:00,0.32
2026-04-28 10:02:05+00:00,0.32
2026-04-28 10:03:18+00:00,0.32
2026-04-28 10:04:19+00:00,0.32
2026-04-28 10:05:03+00:00,0.32
2026-04-28 10:06:04+00:00,0.32
2026-04-28 10:07:07+00:00,0.32
2026-04-28 10:08:03+00:00,0.32
2026-04-28 10:09:05+00:00,0.32
2026-04-28 10:10:04+00:00,0.32
2026-04-28 10:11:03+00:00,0.32
2026-04-28 10:12:04+00:00,0.32
2026-04-28 10:13:03+00:00,0.32
2026-04-28 10:14:03+00:00,0.32
2026-04-28 10:15:05+00:00,0.32
2026-04-28 10:16:07+00:00,0.32
2026-04-28 10:17:05+00:00,0.32
2026-04-28 10:18:14+00:00,0.32
2026-04-28 10:19:04+00:00,0.32
2026-04-28 10:20:05+00:00,0.32
2026-04-28 10:21:03+00:00,0.32
2026-04-28 10:22:04+00:00,0.32
2026-04-28 10:23:03+00:00,0.32
2026-04-28 10:24:04+00:00,0.32
2026-04-28 10:25:04+00:00,0.32
2026-04-28 10:26:06+00:00,0.32
2026-04-28 10:27:04+00:00,0.32
2026-04-28 10:28:03+00:00,0.32
2026-04-28 10:29:04+00:00,0.32
2026-04-28 10:30:19+00:00,0.32
2026-04-28 10:31:04+00:00,0.32
2026-04-28 10:32:15+00:00,0.32
2026-04-28 10:33:17+00:00,0.32
2026-04-28 10:34:05+00:00,0.32
2026-04-28 10:35:04+00:00,0.32
2026-04-28 10:36:04+00:00,0.32
2026-04-28 10:37:05+00:00,0.32
2026-04-28 10:38:04+00:00,0.32
2026-04-28 10:39:05+00:00,0.32
2026-04-28 10:40:04+00:00,0.32
2026-04-28 10:41:16+00:00,0.32
2026-04-28 10:42:03+00:00,0.32
2026-04-28 10:43:04+00:00,0.32
2026-04-28 10:44:04+00:00,0.32
2026-04-28 10:45:03+00:00,0.32
2026-04-28 10:46:04+00:00,0.32
2026-04-28 10:47:16+00:00,0.32
2026-04-28 10:48:17+00:00,0.32
2026-04-28 10:49:04+00:00,0.32
2026-04-28 10:50:04+00:00,0.32
2026-04-28 10:51:04+00:00,0.32
2026-04-28 10:52:07+00:00,0.32
2026-04-28 10:53:03+00:00,0.32
2026-04-28 10:54:05+00:00,0.32
2026-04-28 10:55:05+00:00,0.32
2026-04-28 10:56:03+00:00,0.32
2026-04-28 10:57:03+00:00,0.32
2026-04-28 10:58:18+00:00,0.32
2026-04-28 10:59:04+00:00,0.32
2026-04-28 11:00:04+00:00,0.32
2026-04-28 11:01:03+00:00,0.32
2026-04-28 11:02:03+00:00,0.32
2026-04-28 11:03:03+00:00,0.32
2026-04-28 11:04:03+00:00,0.32
2026-04-28 11:05:18+00:00,0.32
2026-04-28 11:06:03+00:00,0.32
2026-04-28 11:07:04+00:00,0.32
2026-04-28 11:08:03+00:00,0.32
2026-04-28 11:09:03+00:00,0.32
2026-04-28 11:10:05+00:00,0.32
2026-04-28 11:11:04+00:00,0.32
2026-04-28 11:12:04+00:00,0.32
2026-04-28 11:13:03+00:00,0.32
2026-04-28 11:14:03+00:00,0.32
2026-04-28 11:15:04+00:00,0.32
2026-04-28 11:16:18+00:00,0.32
2026-04-28 11:17:04+00:00,0.32
2026-04-28 11:18:08+00:00,0.32
2026-04-28 11:19:06+00:00,0.32
2026-04-28 11:20:04+00:00,0.32
2026-04-28 11:21:03+00:00,0.32
2026-04-28 11:22:07+00:00,0.32
2026-04-28 11:23:04+00:00,0.32
2026-04-28 11:24:03+00:00,0.32
2026-04-28 11:25:04+00:00,0.32
2026-04-28 11:26:05+00:00,0.32
2026-04-28 11:27:04+00:00,0.32
2026-04-28 11:28:04+00:00,0.32
2026-04-28 11:29:04+00:00,0.32
2026-04-28 11:30:05+00:00,0.32
2026-04-28 11:31:17+00:00,0.32
2026-04-28 11:32:04+00:00,0.32
2026-04-28 11:33:04+00:00,0.32
2026-04-28 11:34:04+00:00,0.32
2026-04-28 11:35:16+00:00,0.32
2026-04-28 11:36:03+00:00,0.32
2026-04-28 11:37:04+00:00,0.32
2026-04-28 11:38:04+00:00,0.32
2026-04-28 11:39:04+00:00,0.32
2026-04-28 11:40:04+00:00,0.32
2026-04-28 11:41:03+00:00,0.32
2026-04-28 11:42:03+00:00,0.32
2026-04-28 11:43:04+00:00,0.32
2026-04-28 11:44:03+00:00,0.32
2026-04-28 11:45:04+00:00,0.32
2026-04-28 11:46:04+00:00,0.32
2026-04-28 11:47:05+00:00,0.32
2026-04-28 11:48:06+00:00,0.32
2026-04-28 11:49:16+00:00,0.32
2026-04-28 11:50:04+00:00,0.32
2026-04-28 11:58:26+00:00,0.32
2026-04-28 11:58:33+00:00,0.32
2026-04-28 11:59:04+00:00,0.32
2026-04-28 12:00:12+00:00,0.32
2026-04-28 12:01:04+00:00,0.32
2026-04-28 12:02:16+00:00,0.32
2026-04-28 12:03:03+00:00,0.32
2026-04-28 12:04:04+00:00,0.32
2026-04-28 12:05:03+00:00,0.32
2026-04-28 12:06:03+00:00,0.32
2026-04-28 12:07:19+00:00,0.32
2026-04-28 12:08:04+00:00,0.32
2026-04-28 12:09:05+00:00,0.32
2026-04-28 12:10:05+00:00,0.32
2026-04-28 12:11:04+00:00,0.32
2026-04-28 12:12:16+00:00,0.32
2026-04-28 12:13:04+00:00,0.32
2026-04-28 12:14:08+00:00,0.32
2026-04-28 12:15:05+00:00,0.32
2026-04-28 12:16:03+00:00,0.32
2026-04-28 12:17:04+00:00,0.32
2026-04-28 12:18:05+00:00,0.32
2026-04-28 12:19:04+00:00,0.32
2026-04-28 12:20:04+00:00,0.32
2026-04-28 12:21:04+00:00,0.32
2026-04-28 12:22:04+00:00,0.32
2026-04-28 12:23:05+00:00,0.32
2026-04-28 12:24:18+00:00,0.32
2026-04-28 12:25:20+00:00,0.32
2026-04-28 12:26:03+00:00,0.32
2026-04-28 12:27:04+00:00,0.32
2026-04-28 12:28:05+00:00,0.32
2026-04-28 12:29:03+00:00,0.32
2026-04-28 12:30:10+00:00,0.32
2026-04-28 12:31:04+00:00,0.32
2026-04-28 12:32:04+00:00,0.32
2026-04-28 12:33:04+00:00,0.32
2026-04-28 12:34:05+00:00,0.32
2026-04-28 12:35:04+00:00,0.32
2026-04-28 12:36:04+00:00,0.32
2026-04-28 12:37:04+00:00,0.32
2026-04-28 12:38:05+00:00,0.32
2026-04-28 12:39:06+00:00,0.32
2026-04-28 12:40:04+00:00,0.32
2026-04-28 12:41:03+00:00,0.32
2026-04-28 12:42:16+00:00,0.32
2026-04-28 12:43:04+00:00,0.32
2026-04-28 12:44:05+00:00,0.32
2026-04-28 12:45:04+00:00,0.32
2026-04-28 12:46:08+00:00,0.325
2026-04-28 12:47:03+00:00,0.325
2026-04-28 12:48:20+00:00,0.325
2026-04-28 12:49:05+00:00,0.325
2026-04-28 12:50:04+00:00,0.325
2026-04-28 12:51:04+00:00,0.325
2026-04-28 12:52:04+00:00,0.325
2026-04-28 12:53:17+00:00,0.325
2026-04-28 12:54:17+00:00,0.325
2026-04-28 12:55:04+00:00,0.325
2026-04-28 12:56:06+00:00,0.325
2026-04-28 12:57:04+00:00,0.325
2026-04-28 12:58:03+00:00,0.325
2026-04-28 12:59:04+00:00,0.325
2026-04-28 13:00:06+00:00,0.325
2026-04-28 13:01:03+00:00,0.325
2026-04-28 13:02:04+00:00,0.325
2026-04-28 13:03:16+00:00,0.325
2026-04-28 13:04:05+00:00,0.325
2026-04-28 13:05:03+00:00,0.325
2026-04-28 13:06:16+00:00,0.325
2026-04-28 13:07:03+00:00,0.325
2026-04-28 13:08:04+00:00,0.325
2026-04-28 13:09:04+00:00,0.325
2026-04-28 13:10:04+00:00,0.325
2026-04-28 13:11:03+00:00,0.325
2026-04-28 13:12:03+00:00,0.325
2026-04-28 13:13:04+00:00,0.325
2026-04-28 13:14:04+00:00,0.325
2026-04-28 13:15:04+00:00,0.325
2026-04-28 13:16:08+00:00,0.325
2026-04-28 13:17:04+00:00,0.325
2026-04-28 13:18:04+00:00,0.325
2026-04-28 13:19:04+00:00,0.325
2026-04-28 13:20:03+00:00,0.325
2026-04-28 13:21:03+00:00,0.325
2026-04-28 13:22:07+00:00,0.325
2026-04-28 13:23:04+00:00,0.325
2026-04-28 13:24:04+00:00,0.325
2026-04-28 13:25:05+00:00,0.325
2026-04-28 13:26:04+00:00,0.325
2026-04-28 13:27:03+00:00,0.325
2026-04-28 13:28:04+00:00,0.325
2026-04-28 13:29:03+00:00,0.325
2026-04-28 13:30:08+00:00,0.325
2026-04-28 13:31:05+00:00,0.325
2026-04-28 13:32:05+00:00,0.325
2026-04-28 13:33:04+00:00,0.325
2026-04-28 13:34:17+00:00,0.325
2026-04-28 13:35:04+00:00,0.325
2026-04-28 13:36:04+00:00,0.325
2026-04-28 13:37:06+00:00,0.325
2026-04-28 13:38:04+00:00,0.325
2026-04-28 13:39:05+00:00,0.325
2026-04-28 13:40:04+00:00,0.325
2026-04-28 13:41:03+00:00,0.325
2026-04-28 13:42:03+00:00,0.325
2026-04-28 13:43:04+00:00,0.325
2026-04-28 13:44:09+00:00,0.325
2026-04-28 13:45:05+00:00,0.325
2026-04-28 13:46:05+00:00,0.325
2026-04-28 13:47:03+00:00,0.325
2026-04-28 13:48:04+00:00,0.325
2026-04-28 13:49:05+00:00,0.325
2026-04-28 13:50:05+00:00,0.325
2026-04-28 13:51:04+00:00,0.325
2026-04-28 13:52:03+00:00,0.325
2026-04-28 13:53:04+00:00,0.325
2026-04-28 13:54:05+00:00,0.325
2026-04-28 13:55:04+00:00,0.325
2026-04-28 13:56:04+00:00,0.325
2026-04-28 13:57:04+00:00,0.325
2026-04-28 13:58:07+00:00,0.325
2026-04-28 13:59:04+00:00,0.325
2026-04-28 14:00:07+00:00,0.325
2026-04-28 14:01:05+00:00,0.325
2026-04-28 14:02:04+00:00,0.325
2026-04-28 14:03:03+00:00,0.325
2026-04-28 14:04:04+00:00,0.325
2026-04-28 14:05:04+00:00,0.325
2026-04-28 14:06:04+00:00,0.325
2026-04-28 14:07:04+00:00,0.325
2026-04-28 14:08:04+00:00,0.325
2026-04-28 14:09:04+00:00,0.325
2026-04-28 14:10:04+00:00,0.325
2026-04-28 14:11:04+00:00,0.325
2026-04-28 14:12:17+00:00,0.325
2026-04-28 14:13:04+00:00,0.325
2026-04-28 14:14:05+00:00,0.325
2026-04-28 14:15:04+00:00,0.325
2026-04-28 14:16:07+00:00,0.325
2026-04-28 14:17:04+00:00,0.325
2026-04-28 14:18:04+00:00,0.325
2026-04-28 14:19:04+00:00,0.325
2026-04-28 14:20:05+00:00,0.325
2026-04-28 14:21:20+00:00,0.325
2026-04-28 14:22:04+00:00,0.325
2026-04-28 14:23:04+00:00,0.325
2026-04-28 14:24:05+00:00,0.325
2026-04-28 14:25:06+00:00,0.325
2026-04-28 14:26:05+00:00,0.325
2026-04-28 14:27:03+00:00,0.325
2026-04-28 14:28:04+00:00,0.325
2026-04-28 14:29:04+00:00,0.325
2026-04-28 14:30:05+00:00,0.325
2026-04-28 14:31:03+00:00,0.325
2026-04-28 14:32:04+00:00,0.325
2026-04-28 14:33:04+00:00,0.325
2026-04-28 14:34:04+00:00,0.325
2026-04-28 14:35:03+00:00,0.325
2026-04-28 14:36:03+00:00,0.325
2026-04-28 14:37:03+00:00,0.325
2026-04-28 14:38:05+00:00,0.325
2026-04-28 14:39:04+00:00,0.325
2026-04-28 14:40:12+00:00,0.325
2026-04-28 14:41:18+00:00,0.325
2026-04-28 14:42:05+00:00,0.325
2026-04-28 14:43:04+00:00,0.325
2026-04-28 14:44:04+00:00,0.325
2026-04-28 14:45:06+00:00,0.325
2026-04-28 14:46:04+00:00,0.325
2026-04-28 14:47:04+00:00,0.325
2026-04-28 14:48:04+00:00,0.325
2026-04-28 14:49:04+00:00,0.325
2026-04-28 14:50:04+00:00,0.325
2026-04-28 14:51:03+00:00,0.325
2026-04-28 14:52:03+00:00,0.325
2026-04-28 14:53:04+00:00,0.325
2026-04-28 14:54:04+00:00,0.325
2026-04-28 14:55:03+00:00,0.325
2026-04-28 14:56:04+00:00,0.325
2026-04-28 14:57:04+00:00,0.325
2026-04-28 14:58:04+00:00,0.325
2026-04-28 14:59:04+00:00,0.325
2026-04-28 15:00:10+00:00,0.325
2026-04-28 15:01:05+00:00,0.325
2026-04-28 15:02:03+00:00,0.325
2026-04-28 15:03:03+00:00,0.325
2026-04-28 15:04:10+00:00,0.325
2026-04-28 15:05:06+00:00,0.325
2026-04-28 15:06:03+00:00,0.325
2026-04-28 15:07:04+00:00,0.325
2026-04-28 15:08:03+00:00,0.325
2026-04-28 15:09:04+00:00,0.325
2026-04-28 15:10:04+00:00,0.325
2026-04-28 15:11:18+00:00,0.325
2026-04-28 15:12:19+00:00,0.325
2026-04-28 15:13:18+00:00,0.325
2026-04-28 15:14:05+00:00,0.325
2026-04-28 15:15:05+00:00,0.325
2026-04-28 15:16:03+00:00,0.325
2026-04-28 15:17:04+00:00,0.325
2026-04-28 15:18:04+00:00,0.325
2026-04-28 15:19:03+00:00,0.325
2026-04-28 15:20:04+00:00,0.325
2026-04-28 15:21:03+00:00,0.325
2026-04-28 15:22:18+00:00,0.325
2026-04-28 15:23:03+00:00,0.325
2026-04-28 15:24:05+00:00,0.325
2026-04-28 15:25:04+00:00,0.325
2026-04-28 15:26:03+00:00,0.325
2026-04-28 15:27:16+00:00,0.325
2026-04-28 15:28:04+00:00,0.325
2026-04-28 15:29:04+00:00,0.325
2026-04-28 15:30:08+00:00,0.325
2026-04-28 15:31:03+00:00,0.325
2026-04-28 15:32:03+00:00,0.325
2026-04-28 15:33:03+00:00,0.325
2026-04-28 15:34:05+00:00,0.325
2026-04-28 15:35:05+00:00,0.325
2026-04-28 15:36:03+00:00,0.325
2026-04-28 15:37:04+00:00,0.325
2026-04-28 15:38:04+00:00,0.325
2026-04-28 15:39:05+00:00,0.325
2026-04-28 15:40:04+00:00,0.325
2026-04-28 15:41:03+00:00,0.325
2026-04-28 15:42:04+00:00,0.325
2026-04-28 15:43:04+00:00,0.325
2026-04-28 15:44:04+00:00,0.325
2026-04-28 15:45:04+00:00,0.325
2026-04-28 15:47:01+00:00,0.325
2026-04-28 15:47:08+00:00,0.325
2026-04-28 15:48:04+00:00,0.325
2026-04-28 15:49:04+00:00,0.325
2026-04-28 15:50:04+00:00,0.325
2026-04-28 15:51:03+00:00,0.325
2026-04-28 15:52:03+00:00,0.325
2026-04-28 15:53:03+00:00,0.325
2026-04-28 15:54:03+00:00,0.325
2026-04-28 15:55:04+00:00,0.325
2026-04-28 15:56:07+00:00,0.325
2026-04-28 15:57:04+00:00,0.325
2026-04-28 15:58:04+00:00,0.325
2026-04-28 15:59:04+00:00,0.325
2026-04-28 16:00:05+00:00,0.325
2026-04-28 16:01:04+00:00,0.325
2026-04-28 16:02:04+00:00,0.325
2026-04-28 16:03:04+00:00,0.325
2026-04-28 16:04:04+00:00,0.325
2026-04-28 16:05:03+00:00,0.325
2026-04-28 16:06:03+00:00,0.325
2026-04-28 16:07:03+00:00,0.325
2026-04-28 16:08:03+00:00,0.325
2026-04-28 16:09:04+00:00,0.325
2026-04-28 16:10:04+00:00,0.325
2026-04-28 16:11:04+00:00,0.325
2026-04-28 16:12:03+00:00,0.325
2026-04-28 16:13:04+00:00,0.325
2026-04-28 16:14:04+00:00,0.325
2026-04-28 16:15:04+00:00,0.325
2026-04-28 16:16:03+00:00,0.325
2026-04-28 16:17:19+00:00,0.325
2026-04-28 16:18:03+00:00,0.325
2026-04-28 16:19:03+00:00,0.325
2026-04-28 16:20:04+00:00,0.325
2026-04-28 16:21:03+00:00,0.325
2026-04-28 16:22:07+00:00,0.325
2026-04-28 16:23:04+00:00,0.325
2026-04-28 16:24:04+00:00,0.325
2026-04-28 16:25:04+00:00,0.325
2026-04-28 16:26:03+00:00,0.325
2026-04-28 16:27:04+00:00,0.325
2026-04-28 16:28:04+00:00,0.325
2026-04-28 16:29:18+00:00,0.325
2026-04-28 16:30:05+00:00,0.325
2026-04-28 16:31:04+00:00,0.325
2026-04-28 16:32:07+00:00,0.325
2026-04-28 16:33:15+00:00,0.325
2026-04-28 16:34:03+00:00,0.325
2026-04-28 16:35:04+00:00,0.325
2026-04-28 16:36:03+00:00,0.325
2026-04-28 16:37:04+00:00,0.325
2026-04-28 16:38:04+00:00,0.325
2026-04-28 16:39:04+00:00,0.325
2026-04-28 16:40:04+00:00,0.325
2026-04-28 16:41:03+00:00,0.325
2026-04-28 16:42:19+00:00,0.325
2026-04-28 16:43:04+00:00,0.325
2026-04-28 16:44:18+00:00,0.325
2026-04-28 16:45:03+00:00,0.325
2026-04-28 16:46:04+00:00,0.325
2026-04-28 16:47:04+00:00,0.325
2026-04-28 16:48:05+00:00,0.325
2026-04-28 16:49:04+00:00,0.325
2026-04-28 16:50:04+00:00,0.325
2026-04-28 16:51:04+00:00,0.325
2026-04-28 16:52:04+00:00,0.325
2026-04-28 16:53:03+00:00,0.325
2026-04-28 16:54:04+00:00,0.325
2026-04-28 16:55:04+00:00,0.325
2026-04-28 16:56:03+00:00,0.325
2026-04-28 16:57:03+00:00,0.325
2026-04-28 16:58:07+00:00,0.325
2026-04-28 16:59:04+00:00,0.325
2026-04-28 17:00:06+00:00,0.325
2026-04-28 17:01:03+00:00,0.325
2026-04-28 17:02:04+00:00,0.325
2026-04-28 17:03:03+00:00,0.325
2026-04-28 17:04:04+00:00,0.325
2026-04-28 17:05:04+00:00,0.325
2026-04-28 17:06:06+00:00,0.325
2026-04-28 17:07:03+00:00,0.325
2026-04-28 17:08:05+00:00,0.325
2026-04-28 17:09:04+00:00,0.325
2026-04-28 17:10:04+00:00,0.325
2026-04-28 17:11:03+00:00,0.325
2026-04-28 17:12:04+00:00,0.325
2026-04-28 17:13:03+00:00,0.325
2026-04-28 17:14:04+00:00,0.325
2026-04-28 17:15:04+00:00,0.325
2026-04-28 17:16:04+00:00,0.325
2026-04-28 17:17:07+00:00,0.325
2026-04-28 17:18:05+00:00,0.325
2026-04-28 17:19:04+00:00,0.325
2026-04-28 17:20:06+00:00,0.325
2026-04-28 17:21:05+00:00,0.325
2026-04-28 17:22:04+00:00,0.325
2026-04-28 17:23:05+00:00,0.325
2026-04-28 17:24:04+00:00,0.325
2026-04-28 17:25:05+00:00,0.325
2026-04-28 17:26:07+00:00,0.325
2026-04-28 17:27:04+00:00,0.325
2026-04-28 17:28:05+00:00,0.325
2026-04-28 17:29:05+00:00,0.325
2026-04-28 17:30:10+00:00,0.325
2026-04-28 17:31:06+00:00,0.325
2026-04-28 17:32:04+00:00,0.325
2026-04-28 17:33:04+00:00,0.325
2026-04-28 17:34:05+00:00,0.325
2026-04-28 17:35:05+00:00,0.325
2026-04-28 17:36:04+00:00,0.325
2026-04-28 17:37:20+00:00,0.325
2026-04-28 17:38:05+00:00,0.325
2026-04-28 17:39:05+00:00,0.325
2026-04-28 17:40:07+00:00,0.325
2026-04-28 17:41:05+00:00,0.325
2026-04-28 17:42:05+00:00,0.325
2026-04-28 17:43:07+00:00,0.325
2026-04-28 17:44:04+00:00,0.325
2026-04-28 17:45:05+00:00,0.325
2026-04-28 17:46:05+00:00,0.325
2026-04-28 17:47:04+00:00,0.325
2026-04-28 17:48:04+00:00,0.325
2026-04-28 17:49:04+00:00,0.325
2026-04-28 17:50:17+00:00,0.325
2026-04-28 17:51:05+00:00,0.325
2026-04-28 17:52:05+00:00,0.325
2026-04-28 17:53:05+00:00,0.325
2026-04-28 17:54:04+00:00,0.325
2026-04-28 17:55:05+00:00,0.325
2026-04-28 17:56:18+00:00,0.325
2026-04-28 17:57:04+00:00,0.325
2026-04-28 17:58:04+00:00,0.325
2026-04-28 17:59:04+00:00,0.325
2026-04-28 18:00:10+00:00,0.325
2026-04-28 18:01:05+00:00,0.325
2026-04-28 18:02:04+00:00,0.325
2026-04-28 18:03:05+00:00,0.325
2026-04-28 18:04:04+00:00,0.325
2026-04-28 18:05:05+00:00,0.325
2026-04-28 18:06:05+00:00,0.325
2026-04-28 18:07:05+00:00,0.325
2026-04-28 18:08:05+00:00,0.325
2026-04-28 18:09:07+00:00,0.325
2026-04-28 18:10:06+00:00,0.325
2026-04-28 18:11:16+00:00,0.325
2026-04-28 18:12:04+00:00,0.325
2026-04-28 18:13:04+00:00,0.325
2026-04-28 18:14:04+00:00,0.325
2026-04-28 18:15:05+00:00,0.325
2026-04-28 18:16:04+00:00,0.325
2026-04-28 18:17:08+00:00,0.325
2026-04-28 18:18:05+00:00,0.325
2026-04-28 18:19:04+00:00,0.325
2026-04-28 18:20:06+00:00,0.325
2026-04-28 18:21:04+00:00,0.325
2026-04-28 18:22:05+00:00,0.325
2026-04-28 18:23:04+00:00,0.325
2026-04-28 18:24:20+00:00,0.325
2026-04-28 18:25:05+00:00,0.325
2026-04-28 18:26:05+00:00,0.325
2026-04-28 18:27:05+00:00,0.325
2026-04-28 18:28:04+00:00,0.325
2026-04-28 18:29:18+00:00,0.325
2026-04-28 18:30:06+00:00,0.325
2026-04-28 18:31:04+00:00,0.325
2026-04-28 18:32:04+00:00,0.325
2026-04-28 18:33:04+00:00,0.325
2026-04-28 18:34:04+00:00,0.325
2026-04-28 18:35:05+00:00,0.325
2026-04-28 18:36:05+00:00,0.325
2026-04-28 18:37:04+00:00,0.325
2026-04-28 18:38:04+00:00,0.325
2026-04-28 18:39:04+00:00,0.325
2026-04-28 18:40:05+00:00,0.325
2026-04-28 18:41:04+00:00,0.325
2026-04-28 18:42:04+00:00,0.325
2026-04-28 18:43:08+00:00,0.325
2026-04-28 18:44:04+00:00,0.325
2026-04-28 18:45:16+00:00,0.325
2026-04-28 18:46:04+00:00,0.325
2026-04-28 18:47:16+00:00,0.325
2026-04-28 18:48:05+00:00,0.325
2026-04-28 18:49:04+00:00,0.325
2026-04-28 18:50:05+00:00,0.325
2026-04-28 18:51:05+00:00,0.325
2026-04-28 18:52:04+00:00,0.325
2026-04-28 18:53:05+00:00,0.325
2026-04-28 18:54:05+00:00,0.325
2026-04-28 18:55:04+00:00,0.325
2026-04-28 18:56:04+00:00,0.325
2026-04-28 18:57:04+00:00,0.325
2026-04-28 18:58:04+00:00,0.325
2026-04-28 18:59:06+00:00,0.325
2026-04-28 19:00:07+00:00,0.325
2026-04-28 19:01:05+00:00,0.325
2026-04-28 19:02:04+00:00,0.325
2026-04-28 19:03:04+00:00,0.325
2026-04-28 19:04:04+00:00,0.325
2026-04-28 19:05:05+00:00,0.325
2026-04-28 19:06:05+00:00,0.325
2026-04-28 19:07:04+00:00,0.325
2026-04-28 19:08:08+00:00,0.325
2026-04-28 19:09:04+00:00,0.325
2026-04-28 19:10:06+00:00,0.325
2026-04-28 19:11:04+00:00,0.325
2026-04-28 19:12:04+00:00,0.325
2026-04-28 19:13:05+00:00,0.325
2026-04-28 19:14:05+00:00,0.325
2026-04-28 19:15:05+00:00,0.325
2026-04-28 19:16:05+00:00,0.325
2026-04-28 19:17:05+00:00,0.325
2026-04-28 19:18:05+00:00,0.325
2026-04-28 19:19:04+00:00,0.325
2026-04-28 19:20:05+00:00,0.325
2026-04-28 19:21:04+00:00,0.325
2026-04-28 19:22:04+00:00,0.325
2026-04-28 19:23:18+00:00,0.325
2026-04-28 19:24:05+00:00,0.325
2026-04-28 19:25:04+00:00,0.325
2026-04-28 19:26:04+00:00,0.325
2026-04-28 19:27:04+00:00,0.325
2026-04-28 19:28:04+00:00,0.325
2026-04-28 19:29:04+00:00,0.325
2026-04-28 19:30:07+00:00,0.325
2026-04-28 19:31:05+00:00,0.325
2026-04-28 19:32:06+00:00,0.325
2026-04-28 19:33:04+00:00,0.325
2026-04-28 19:34:07+00:00,0.325
2026-04-28 19:35:06+00:00,0.325
2026-04-28 19:36:06+00:00,0.325
2026-04-28 19:37:04+00:00,0.325
2026-04-28 19:38:05+00:00,0.325
2026-04-28 19:39:20+00:00,0.325
2026-04-28 19:40:06+00:00,0.325
2026-04-28 19:41:05+00:00,0.325
2026-04-28 19:42:05+00:00,0.325
2026-04-28 19:43:04+00:00,0.325
2026-04-28 19:44:04+00:00,0.325
2026-04-28 19:45:06+00:00,0.325
2026-04-28 19:46:05+00:00,0.325
2026-04-28 19:47:05+00:00,0.325
2026-04-28 19:48:05+00:00,0.325
2026-04-28 19:49:07+00:00,0.325
2026-04-28 19:50:06+00:00,0.325
2026-04-28 19:51:06+00:00,0.325
2026-04-28 19:52:05+00:00,0.325
2026-04-28 19:53:19+00:00,0.325
2026-04-28 19:54:04+00:00,0.325
2026-04-28 19:55:06+00:00,0.325
2026-04-28 19:56:05+00:00,0.325
2026-04-28 19:57:06+00:00,0.325
2026-04-28 19:58:04+00:00,0.325
2026-04-28 19:59:04+00:00,0.325
2026-04-28 20:00:20+00:00,0.325
2026-04-28 20:01:05+00:00,0.325
2026-04-28 20:02:04+00:00,0.325
2026-04-28 20:03:16+00:00,0.325
2026-04-28 20:04:04+00:00,0.325
2026-04-28 20:05:20+00:00,0.325
2026-04-28 20:06:05+00:00,0.325
2026-04-28 20:07:06+00:00,0.325
2026-04-28 20:08:04+00:00,0.325
2026-04-28 20:09:04+00:00,0.325
2026-04-28 20:10:04+00:00,0.325
2026-04-28 20:11:05+00:00,0.325
2026-04-28 20:12:04+00:00,0.325
2026-04-28 20:13:04+00:00,0.325
2026-04-28 20:14:04+00:00,0.325
2026-04-28 20:15:08+00:00,0.325
2026-04-28 20:16:05+00:00,0.325
2026-04-28 20:17:05+00:00,0.325
2026-04-28 20:18:20+00:00,0.325
2026-04-28 20:19:04+00:00,0.325
2026-04-28 20:20:19+00:00,0.325
2026-04-28 20:21:05+00:00,0.325
2026-04-28 20:22:05+00:00,0.325
2026-04-28 20:23:04+00:00,0.325
2026-04-28 20:24:04+00:00,0.325
2026-04-28 20:25:05+00:00,0.325
2026-04-28 20:26:06+00:00,0.325
2026-04-28 20:27:05+00:00,0.325
2026-04-28 20:28:04+00:00,0.325
2026-04-28 20:29:04+00:00,0.325
2026-04-28 20:30:07+00:00,0.325
2026-04-28 20:31:05+00:00,0.325
2026-04-28 20:32:05+00:00,0.325
2026-04-28 20:33:04+00:00,0.325
2026-04-28 20:34:16+00:00,0.325
2026-04-28 20:35:05+00:00,0.325
2026-04-28 20:36:05+00:00,0.325
2026-04-28 20:37:05+00:00,0.325
2026-04-28 20:38:04+00:00,0.325
2026-04-28 20:39:04+00:00,0.325
2026-04-28 20:40:05+00:00,0.325
2026-04-28 20:41:07+00:00,0.325
2026-04-28 20:42:05+00:00,0.325
2026-04-28 20:43:15+00:00,0.325
2026-04-28 20:44:05+00:00,0.325
2026-04-28 20:45:05+00:00,0.325
2026-04-28 20:46:04+00:00,0.325
2026-04-28 20:47:07+00:00,0.325
2026-04-28 20:48:05+00:00,0.325
2026-04-28 20:49:04+00:00,0.325
2026-04-28 20:50:05+00:00,0.325
2026-04-28 20:51:03+00:00,0.325
2026-04-28 20:52:04+00:00,0.325
2026-04-28 20:53:03+00:00,0.325
2026-04-28 20:54:04+00:00,0.325
2026-04-28 20:55:04+00:00,0.325
2026-04-28 20:56:03+00:00,0.325
2026-04-28 20:57:04+00:00,0.325
2026-04-28 20:58:04+00:00,0.325
2026-04-28 20:59:04+00:00,0.325
2026-04-28 21:00:09+00:00,0.325
2026-04-28 21:01:04+00:00,0.325
2026-04-28 21:02:04+00:00,0.325
2026-04-28 21:03:04+00:00,0.325
2026-04-28 21:04:05+00:00,0.325
2026-04-28 21:05:04+00:00,0.325
2026-04-28 21:06:03+00:00,0.325
2026-04-28 21:07:04+00:00,0.325
2026-04-28 21:08:04+00:00,0.325
2026-04-28 21:09:20+00:00,0.325
2026-04-28 21:10:17+00:00,0.325
2026-04-28 21:11:04+00:00,0.325
2026-04-28 21:12:04+00:00,0.325
2026-04-28 21:13:08+00:00,0.325
2026-04-28 21:14:04+00:00,0.325
2026-04-28 21:15:05+00:00,0.325
2026-04-28 21:16:18+00:00,0.325
2026-04-28 21:17:04+00:00,0.325
2026-04-28 21:18:04+00:00,0.325
2026-04-28 21:19:06+00:00,0.325
2026-04-28 21:20:04+00:00,0.325
2026-04-28 21:21:03+00:00,0.325
2026-04-28 21:22:14+00:00,0.325
2026-04-28 21:23:03+00:00,0.325
2026-04-28 21:24:04+00:00,0.325
2026-04-28 21:25:04+00:00,0.325
2026-04-28 21:26:05+00:00,0.325
2026-04-28 21:27:04+00:00,0.325
2026-04-28 21:28:03+00:00,0.325
2026-04-28 21:29:05+00:00,0.325
2026-04-28 21:30:05+00:00,0.325
2026-04-28 21:31:04+00:00,0.325
2026-04-28 21:32:04+00:00,0.325
2026-04-28 21:33:04+00:00,0.325
2026-04-28 21:34:04+00:00,0.325
2026-04-28 21:35:04+00:00,0.325
2026-04-28 21:36:03+00:00,0.325
2026-04-28 21:37:04+00:00,0.325
2026-04-28 21:38:04+00:00,0.325
2026-04-28 21:39:07+00:00,0.325
2026-04-28 21:40:07+00:00,0.325
2026-04-28 21:41:05+00:00,0.325
2026-04-28 21:42:16+00:00,0.325
2026-04-28 21:43:04+00:00,0.325
2026-04-28 21:44:06+00:00,0.325
2026-04-28 21:45:07+00:00,0.325
2026-04-28 21:46:04+00:00,0.325
2026-04-28 21:47:05+00:00,0.325
2026-04-28 21:48:04+00:00,0.325
2026-04-28 21:49:04+00:00,0.325
2026-04-28 21:50:04+00:00,0.325
2026-04-28 21:51:04+00:00,0.325
2026-04-28 21:52:03+00:00,0.325
2026-04-28 21:53:04+00:00,0.325
2026-04-28 21:54:04+00:00,0.325
2026-04-28 21:55:04+00:00,0.325
2026-04-28 21:56:04+00:00,0.325
2026-04-28 21:57:05+00:00,0.325
2026-04-28 21:58:07+00:00,0.325
2026-04-28 21:59:05+00:00,0.325
2026-04-28 22:00:20+00:00,0.325
2026-04-28 22:01:06+00:00,0.325
2026-04-28 22:02:04+00:00,0.325
2026-04-28 22:03:05+00:00,0.325
2026-04-28 22:04:04+00:00,0.325
2026-04-28 22:05:08+00:00,0.325
2026-04-28 22:06:04+00:00,0.325
2026-04-28 22:07:05+00:00,0.325
2026-04-28 22:08:05+00:00,0.325
2026-04-28 22:09:05+00:00,0.325
2026-04-28 22:10:05+00:00,0.325
2026-04-28 22:11:03+00:00,0.325
2026-04-28 22:12:04+00:00,0.325
2026-04-28 22:13:04+00:00,0.325
2026-04-28 22:14:04+00:00,0.325
2026-04-28 22:15:04+00:00,0.325
2026-04-28 22:16:04+00:00,0.325
2026-04-28 22:17:18+00:00,0.325
2026-04-28 22:18:05+00:00,0.325
2026-04-28 22:19:04+00:00,0.325
2026-04-28 22:20:04+00:00,0.325
2026-04-28 22:21:03+00:00,0.325
2026-04-28 22:22:04+00:00,0.325
2026-04-28 22:23:05+00:00,0.325
2026-04-28 22:24:04+00:00,0.325
2026-04-28 22:25:05+00:00,0.325
2026-04-28 22:26:04+00:00,0.325
2026-04-28 22:27:07+00:00,0.325
2026-04-28 22:28:05+00:00,0.325
2026-04-28 22:29:05+00:00,0.325
2026-04-28 22:30:07+00:00,0.325
2026-04-28 22:31:04+00:00,0.325
2026-04-28 22:32:05+00:00,0.325
2026-04-28 22:33:04+00:00,0.325
2026-04-28 22:34:04+00:00,0.325
2026-04-28 22:35:08+00:00,0.325
2026-04-28 22:36:04+00:00,0.325
2026-04-28 22:37:04+00:00,0.325
2026-04-28 22:38:04+00:00,0.325
2026-04-28 22:39:16+00:00,0.325
2026-04-28 22:40:05+00:00,0.325
2026-04-28 22:41:04+00:00,0.325
2026-04-28 22:42:18+00:00,0.325
2026-04-28 22:43:04+00:00,0.325
2026-04-28 22:44:04+00:00,0.325
2026-04-28 22:45:07+00:00,0.325
2026-04-28 22:46:05+00:00,0.325
2026-04-28 22:47:03+00:00,0.325
2026-04-28 22:48:05+00:00,0.325
2026-04-28 22:49:04+00:00,0.325
2026-04-28 22:50:04+00:00,0.325
2026-04-28 22:51:04+00:00,0.325
2026-04-28 22:52:04+00:00,0.325
2026-04-28 22:53:05+00:00,0.325
2026-04-28 22:54:04+00:00,0.325
2026-04-28 22:55:04+00:00,0.325
2026-04-28 22:56:04+00:00,0.325
2026-04-28 22:57:16+00:00,0.325
2026-04-28 22:58:04+00:00,0.325
2026-04-28 22:59:04+00:00,0.325
2026-04-28 23:00:13+00:00,0.325
2026-04-28 23:01:04+00:00,0.325
2026-04-28 23:02:05+00:00,0.325
2026-04-28 23:03:04+00:00,0.325
2026-04-28 23:04:05+00:00,0.325
2026-04-28 23:05:11+00:00,0.325
2026-04-28 23:06:05+00:00,0.325
2026-04-28 23:07:04+00:00,0.325
2026-04-28 23:08:03+00:00,0.325
2026-04-28 23:09:04+00:00,0.325
2026-04-28 23:10:23+00:00,0.325
2026-04-28 23:11:04+00:00,0.325
2026-04-28 23:12:04+00:00,0.325
2026-04-28 23:13:04+00:00,0.325
2026-04-28 23:14:16+00:00,0.325
2026-04-28 23:15:09+00:00,0.325
2026-04-28 23:16:17+00:00,0.325
2026-04-28 23:17:04+00:00,0.325
2026-04-28 23:18:04+00:00,0.325
2026-04-28 23:19:04+00:00,0.325
2026-04-28 23:20:05+00:00,0.325
2026-04-28 23:21:04+00:00,0.325
2026-04-28 23:22:05+00:00,0.325
2026-04-28 23:23:04+00:00,0.325
2026-04-28 23:24:04+00:00,0.325
2026-04-28 23:25:05+00:00,0.325
2026-04-28 23:26:04+00:00,0.325
2026-04-28 23:27:04+00:00,0.325
2026-04-28 23:28:18+00:00,0.325
2026-04-28 23:29:04+00:00,0.325
2026-04-28 23:30:10+00:00,0.325
2026-04-28 23:31:03+00:00,0.325
2026-04-28 23:32:05+00:00,0.325
2026-04-28 23:33:04+00:00,0.325
2026-04-28 23:34:04+00:00,0.325
2026-04-28 23:35:09+00:00,0.325
2026-04-28 23:36:03+00:00,0.325
2026-04-28 23:37:07+00:00,0.325
2026-04-28 23:38:03+00:00,0.325
2026-04-28 23:39:04+00:00,0.325
2026-04-28 23:40:05+00:00,0.325
2026-04-28 23:41:03+00:00,0.325
2026-04-28 23:42:04+00:00,0.325
2026-04-28 23:43:04+00:00,0.325
2026-04-28 23:44:04+00:00,0.325
2026-04-28 23:45:09+00:00,0.325
2026-04-28 23:46:03+00:00,0.325
2026-04-28 23:47:03+00:00,0.325
2026-04-28 23:48:05+00:00,0.325
2026-04-28 23:49:04+00:00,0.325
2026-04-28 23:50:04+00:00,0.325
2026-04-28 23:51:03+00:00,0.325
2026-04-28 23:52:04+00:00,0.325
2026-04-28 23:53:05+00:00,0.325
2026-04-28 23:54:05+00:00,0.325
2026-04-28 23:55:20+00:00,0.325
2026-04-28 23:56:16+00:00,0.325
2026-04-28 23:57:05+00:00,0.325
2026-04-28 23:58:05+00:00,0.325
2026-04-28 23:59:04+00:00,0.325
2026-04-29 00:00:10+00:00,0.325
2026-04-29 00:01:03+00:00,0.325
2026-04-29 00:02:04+00:00,0.325
2026-04-29 00:03:05+00:00,0.325
2026-04-29 00:04:04+00:00,0.325
2026-04-29 00:05:05+00:00,0.325
2026-04-29 00:06:04+00:00,0.325
2026-04-29 00:07:05+00:00,0.325
2026-04-29 00:08:20+00:00,0.325
2026-04-29 00:09:05+00:00,0.325
2026-04-29 00:10:20+00:00,0.325
2026-04-29 00:11:05+00:00,0.325
2026-04-29 00:12:03+00:00,0.325
2026-04-29 00:13:04+00:00,0.325
2026-04-29 00:14:04+00:00,0.325
2026-04-29 00:15:04+00:00,0.325
2026-04-29 00:16:04+00:00,0.325
2026-04-29 00:17:04+00:00,0.325
2026-04-29 00:18:03+00:00,0.325
2026-04-29 00:19:04+00:00,0.325
2026-04-29 00:20:03+00:00,0.325
2026-04-29 00:21:03+00:00,0.325
2026-04-29 00:22:03+00:00,0.325
2026-04-29 00:23:04+00:00,0.325
2026-04-29 00:24:04+00:00,0.325
2026-04-29 00:25:04+00:00,0.325
2026-04-29 00:26:04+00:00,0.325
2026-04-29 00:27:04+00:00,0.325
2026-04-29 00:28:03+00:00,0.325
2026-04-29 00:29:05+00:00,0.325
2026-04-29 00:30:05+00:00,0.325
2026-04-29 00:31:04+00:00,0.325
2026-04-29 00:32:04+00:00,0.325
2026-04-29 00:33:03+00:00,0.325
2026-04-29 00:34:04+00:00,0.325
2026-04-29 00:35:04+00:00,0.325
2026-04-29 00:36:04+00:00,0.325
2026-04-29 00:37:03+00:00,0.325
2026-04-29 00:38:03+00:00,0.325
2026-04-29 00:39:04+00:00,0.325
2026-04-29 00:40:04+00:00,0.325
2026-04-29 00:41:04+00:00,0.325
2026-04-29 00:42:03+00:00,0.325
2026-04-29 00:43:04+00:00,0.325
2026-04-29 00:44:04+00:00,0.325
2026-04-29 00:45:03+00:00,0.325
2026-04-29 00:46:03+00:00,0.325
2026-04-29 00:47:03+00:00,0.325
2026-04-29 00:48:04+00:00,0.325
2026-04-29 00:49:04+00:00,0.325
2026-04-29 00:50:04+00:00,0.325
2026-04-29 00:51:03+00:00,0.325
2026-04-29 00:52:05+00:00,0.325
2026-04-29 00:53:04+00:00,0.325
2026-04-29 00:54:04+00:00,0.325
2026-04-29 00:55:05+00:00,0.325
2026-04-29 00:56:04+00:00,0.325
2026-04-29 00:57:04+00:00,0.325
2026-04-29 00:58:04+00:00,0.325
2026-04-29 00:59:04+00:00,0.325
2026-04-29 01:00:06+00:00,0.325
2026-04-29 01:01:04+00:00,0.325
2026-04-29 01:02:03+00:00,0.325
2026-04-29 01:03:04+00:00,0.325
2026-04-29 01:04:04+00:00,0.325
2026-04-29 01:05:03+00:00,0.325
2026-04-29 01:06:17+00:00,0.325
2026-04-29 01:07:04+00:00,0.325
2026-04-29 01:08:04+00:00,0.325
2026-04-29 01:09:04+00:00,0.325
2026-04-29 01:10:04+00:00,0.325
2026-04-29 01:11:04+00:00,0.325
2026-04-29 01:12:03+00:00,0.325
2026-04-29 01:13:04+00:00,0.325
2026-04-29 01:14:22+00:00,0.325
2026-04-29 01:15:05+00:00,0.325
2026-04-29 01:16:03+00:00,0.325
2026-04-29 01:17:04+00:00,0.325
2026-04-29 01:18:05+00:00,0.325
2026-04-29 01:19:04+00:00,0.325
2026-04-29 01:20:04+00:00,0.325
2026-04-29 01:21:04+00:00,0.325
2026-04-29 01:22:04+00:00,0.325
2026-04-29 01:23:04+00:00,0.325
2026-04-29 01:24:05+00:00,0.325
2026-04-29 01:25:14+00:00,0.325
2026-04-29 01:26:03+00:00,0.325
2026-04-29 01:27:04+00:00,0.325
2026-04-29 01:28:05+00:00,0.325
2026-04-29 01:29:05+00:00,0.325
2026-04-29 01:30:05+00:00,0.325
2026-04-29 01:31:04+00:00,0.325
2026-04-29 01:32:05+00:00,0.325
2026-04-29 01:33:04+00:00,0.325
2026-04-29 01:34:04+00:00,0.325
2026-04-29 01:35:04+00:00,0.325
2026-04-29 01:36:05+00:00,0.325
2026-04-29 01:37:04+00:00,0.325
2026-04-29 01:38:04+00:00,0.325
2026-04-29 01:39:04+00:00,0.325
2026-04-29 01:40:07+00:00,0.325
2026-04-29 01:41:04+00:00,0.325
2026-04-29 01:42:03+00:00,0.325
2026-04-29 01:43:04+00:00,0.325
2026-04-29 01:44:04+00:00,0.325
2026-04-29 01:45:04+00:00,0.325
2026-04-29 01:46:20+00:00,0.325
2026-04-29 01:47:05+00:00,0.325
2026-04-29 01:48:04+00:00,0.325
2026-04-29 01:49:05+00:00,0.325
2026-04-29 01:50:04+00:00,0.325
2026-04-29 01:51:05+00:00,0.325
2026-04-29 01:52:04+00:00,0.325
2026-04-29 01:53:04+00:00,0.325
2026-04-29 01:54:04+00:00,0.325
2026-04-29 01:55:04+00:00,0.325
2026-04-29 01:56:04+00:00,0.325
2026-04-29 01:57:04+00:00,0.325
2026-04-29 01:58:04+00:00,0.325
2026-04-29 01:59:05+00:00,0.325
2026-04-29 02:00:06+00:00,0.325
2026-04-29 02:01:04+00:00,0.325
2026-04-29 02:02:04+00:00,0.325
2026-04-29 02:03:04+00:00,0.325
2026-04-29 02:04:04+00:00,0.325
2026-04-29 02:05:03+00:00,0.325
2026-04-29 02:06:06+00:00,0.325
2026-04-29 02:07:04+00:00,0.325
2026-04-29 02:08:05+00:00,0.325
2026-04-29 02:09:18+00:00,0.325
2026-04-29 02:10:04+00:00,0.325
2026-04-29 02:11:04+00:00,0.325
2026-04-29 02:12:04+00:00,0.325
2026-04-29 02:13:04+00:00,0.325
2026-04-29 02:14:05+00:00,0.325
2026-04-29 02:15:04+00:00,0.325
2026-04-29 02:16:04+00:00,0.325
2026-04-29 02:17:04+00:00,0.325
2026-04-29 02:18:04+00:00,0.325
2026-04-29 02:19:04+00:00,0.325
2026-04-29 02:20:07+00:00,0.325
2026-04-29 02:21:04+00:00,0.325
2026-04-29 02:22:03+00:00,0.325
2026-04-29 02:23:03+00:00,0.325
2026-04-29 02:24:04+00:00,0.325
2026-04-29 02:25:19+00:00,0.325
2026-04-29 02:26:03+00:00,0.325
2026-04-29 02:27:04+00:00,0.325
2026-04-29 02:28:04+00:00,0.325
2026-04-29 02:29:04+00:00,0.325
2026-04-29 02:30:05+00:00,0.325
2026-04-29 02:31:03+00:00,0.325
2026-04-29 02:32:07+00:00,0.325
2026-04-29 02:33:06+00:00,0.325
2026-04-29 02:34:04+00:00,0.325
2026-04-29 02:35:05+00:00,0.325
2026-04-29 02:36:03+00:00,0.325
2026-04-29 02:37:03+00:00,0.325
2026-04-29 02:38:04+00:00,0.325
2026-04-29 02:39:04+00:00,0.325
2026-04-29 02:40:03+00:00,0.325
2026-04-29 02:41:03+00:00,0.325
2026-04-29 02:42:18+00:00,0.325
2026-04-29 02:43:03+00:00,0.325
2026-04-29 02:44:04+00:00,0.325
2026-04-29 02:45:04+00:00,0.325
2026-04-29 02:46:04+00:00,0.325
2026-04-29 02:47:03+00:00,0.325
2026-04-29 02:48:04+00:00,0.325
2026-04-29 02:49:04+00:00,0.325
2026-04-29 02:50:08+00:00,0.325
2026-04-29 02:51:03+00:00,0.325
2026-04-29 02:52:03+00:00,0.325
2026-04-29 02:53:16+00:00,0.325
2026-04-29 02:54:04+00:00,0.325
2026-04-29 02:55:04+00:00,0.325
2026-04-29 02:56:04+00:00,0.325
2026-04-29 02:57:05+00:00,0.325
2026-04-29 02:58:04+00:00,0.325
2026-04-29 02:59:08+00:00,0.325
2026-04-29 03:00:07+00:00,0.325
2026-04-29 03:01:03+00:00,0.325
2026-04-29 03:02:04+00:00,0.325
2026-04-29 03:03:05+00:00,0.325
2026-04-29 03:04:04+00:00,0.325
2026-04-29 03:05:05+00:00,0.325
2026-04-29 03:06:18+00:00,0.325
2026-04-29 03:07:05+00:00,0.325
2026-04-29 03:08:05+00:00,0.325
2026-04-29 03:09:04+00:00,0.325
2026-04-29 03:10:03+00:00,0.325
2026-04-29 03:11:04+00:00,0.325
2026-04-29 03:12:03+00:00,0.325
2026-04-29 03:13:05+00:00,0.325
2026-04-29 03:14:05+00:00,0.325
2026-04-29 03:15:05+00:00,0.325
2026-04-29 03:16:05+00:00,0.325
2026-04-29 03:17:19+00:00,0.325
2026-04-29 03:18:05+00:00,0.325
2026-04-29 03:19:04+00:00,0.325
2026-04-29 03:20:04+00:00,0.325
2026-04-29 03:21:04+00:00,0.325
2026-04-29 03:22:03+00:00,0.325
2026-04-29 03:23:04+00:00,0.325
2026-04-29 03:24:04+00:00,0.325
2026-04-29 03:25:08+00:00,0.325
2026-04-29 03:26:03+00:00,0.325
2026-04-29 03:27:19+00:00,0.325
2026-04-29 03:28:03+00:00,0.325
2026-04-29 03:29:04+00:00,0.325
2026-04-29 03:30:04+00:00,0.325
2026-04-29 03:31:03+00:00,0.325
2026-04-29 03:32:03+00:00,0.325
2026-04-29 03:33:03+00:00,0.325
2026-04-29 03:34:03+00:00,0.325
2026-04-29 03:35:04+00:00,0.325
2026-04-29 03:36:03+00:00,0.325
2026-04-29 03:37:03+00:00,0.325
2026-04-29 03:38:19+00:00,0.325
2026-04-29 03:39:03+00:00,0.325
2026-04-29 03:40:16+00:00,0.325
2026-04-29 03:41:03+00:00,0.325
2026-04-29 03:42:03+00:00,0.325
2026-04-29 03:43:03+00:00,0.325
2026-04-29 03:44:03+00:00,0.325
2026-04-29 03:45:04+00:00,0.325
2026-04-29 03:46:03+00:00,0.325
2026-04-29 03:47:17+00:00,0.325
2026-04-29 03:48:04+00:00,0.325
2026-04-29 03:49:03+00:00,0.325
2026-04-29 03:50:05+00:00,0.325
2026-04-29 03:51:07+00:00,0.325
2026-04-29 03:52:04+00:00,0.325
2026-04-29 03:53:03+00:00,0.325
2026-04-29 03:54:04+00:00,0.325
2026-04-29 03:55:06+00:00,0.325
2026-04-29 03:56:04+00:00,0.325
2026-04-29 03:57:05+00:00,0.325
2026-04-29 03:58:05+00:00,0.325
2026-04-29 03:59:04+00:00,0.325
2026-04-29 04:00:05+00:00,0.325
2026-04-29 04:01:04+00:00,0.325
2026-04-29 04:02:05+00:00,0.325
2026-04-29 04:03:05+00:00,0.325
2026-04-29 04:04:05+00:00,0.325
2026-04-29 04:05:05+00:00,0.325
2026-04-29 04:06:05+00:00,0.325
2026-04-29 04:07:16+00:00,0.325
2026-04-29 04:08:04+00:00,0.325
2026-04-29 04:09:05+00:00,0.325
2026-04-29 04:10:05+00:00,0.325
2026-04-29 04:11:04+00:00,0.325
2026-04-29 04:12:04+00:00,0.325
2026-04-29 04:13:04+00:00,0.325
2026-04-29 04:14:19+00:00,0.325
2026-04-29 04:15:05+00:00,0.325
2026-04-29 04:16:04+00:00,0.325
2026-04-29 04:17:08+00:00,0.325
2026-04-29 04:18:04+00:00,0.325
2026-04-29 04:19:05+00:00,0.325
2026-04-29 04:20:05+00:00,0.325
2026-04-29 04:21:04+00:00,0.325
2026-04-29 04:22:05+00:00,0.325
2026-04-29 04:23:18+00:00,0.325
2026-04-29 04:24:04+00:00,0.325
2026-04-29 04:25:05+00:00,0.325
2026-04-29 04:26:05+00:00,0.325
2026-04-29 04:27:18+00:00,0.325
2026-04-29 04:28:04+00:00,0.325
2026-04-29 04:29:05+00:00,0.325
2026-04-29 04:30:06+00:00,0.325
2026-04-29 04:31:04+00:00,0.325
2026-04-29 04:32:17+00:00,0.325
2026-04-29 04:33:05+00:00,0.325
2026-04-29 04:34:05+00:00,0.325
2026-04-29 04:35:16+00:00,0.325
2026-04-29 04:36:04+00:00,0.325
2026-04-29 04:37:04+00:00,0.325
2026-04-29 04:38:04+00:00,0.325
2026-04-29 04:39:04+00:00,0.325
2026-04-29 04:40:05+00:00,0.325
2026-04-29 04:41:04+00:00,0.325
2026-04-29 04:42:04+00:00,0.325
2026-04-29 04:43:07+00:00,0.325
2026-04-29 04:44:04+00:00,0.325
2026-04-29 04:45:05+00:00,0.325
2026-04-29 04:46:04+00:00,0.325
2026-04-29 04:47:04+00:00,0.325
2026-04-29 04:48:05+00:00,0.325
2026-04-29 04:49:05+00:00,0.325
2026-04-29 04:50:05+00:00,0.325
2026-04-29 04:51:15+00:00,0.325
2026-04-29 04:52:04+00:00,0.325
2026-04-29 04:53:04+00:00,0.325
2026-04-29 04:54:05+00:00,0.325
2026-04-29 04:55:05+00:00,0.325
2026-04-29 04:56:04+00:00,0.325
2026-04-29 04:57:05+00:00,0.325
2026-04-29 04:58:05+00:00,0.325
2026-04-29 04:59:04+00:00,0.325
2026-04-29 05:00:07+00:00,0.325
2026-04-29 05:01:04+00:00,0.325
2026-04-29 05:02:19+00:00,0.325
2026-04-29 05:03:04+00:00,0.325
2026-04-29 05:04:17+00:00,0.325
2026-04-29 05:05:04+00:00,0.325
2026-04-29 05:06:04+00:00,0.325
2026-04-29 05:07:08+00:00,0.325
2026-04-29 05:08:04+00:00,0.325
2026-04-29 05:09:04+00:00,0.325
2026-04-29 05:10:05+00:00,0.325
2026-04-29 05:11:04+00:00,0.325
2026-04-29 05:12:04+00:00,0.325
2026-04-29 05:13:04+00:00,0.325
2026-04-29 05:14:04+00:00,0.325
2026-04-29 05:15:05+00:00,0.325
2026-04-29 05:16:03+00:00,0.325
2026-04-29 05:17:04+00:00,0.325
2026-04-29 05:18:19+00:00,0.325
2026-04-29 05:19:03+00:00,0.325
2026-04-29 05:20:03+00:00,0.325
2026-04-29 05:21:04+00:00,0.325
2026-04-29 05:22:04+00:00,0.325
2026-04-29 05:23:19+00:00,0.33
2026-04-29 05:24:05+00:00,0.335
2026-04-29 05:25:04+00:00,0.335
2026-04-29 05:26:04+00:00,0.33
2026-04-29 05:27:04+00:00,0.335
2026-04-29 05:28:16+00:00,0.335
2026-04-29 05:29:05+00:00,0.335
2026-04-29 05:30:07+00:00,0.33
2026-04-29 05:31:04+00:00,0.335
2026-04-29 05:32:04+00:00,0.335
2026-04-29 05:33:06+00:00,0.335
2026-04-29 05:34:05+00:00,0.335
2026-04-29 05:35:07+00:00,0.335
2026-04-29 05:36:03+00:00,0.335
2026-04-29 05:37:05+00:00,0.335
2026-04-29 05:38:05+00:00,0.335
2026-04-29 05:39:04+00:00,0.335
2026-04-29 05:40:04+00:00,0.335
2026-04-29 05:41:03+00:00,0.335
2026-04-29 05:42:04+00:00,0.335
2026-04-29 05:43:16+00:00,0.335
2026-04-29 05:44:05+00:00,0.335
2026-04-29 05:45:04+00:00,0.335
2026-04-29 05:46:04+00:00,0.335
2026-04-29 05:47:17+00:00,0.335
2026-04-29 05:48:03+00:00,0.335
2026-04-29 05:49:04+00:00,0.335
2026-04-29 05:50:04+00:00,0.335
2026-04-29 05:51:04+00:00,0.335
2026-04-29 05:52:16+00:00,0.335
2026-04-29 05:53:03+00:00,0.335
2026-04-29 05:54:04+00:00,0.335
2026-04-29 05:55:04+00:00,0.335
2026-04-29 05:56:03+00:00,0.335
2026-04-29 05:57:04+00:00,0.335
2026-04-29 05:58:17+00:00,0.33
2026-04-29 05:59:04+00:00,0.33
2026-04-29 06:00:09+00:00,0.33
2026-04-29 06:01:07+00:00,0.33
2026-04-29 06:02:04+00:00,0.33
2026-04-29 06:03:04+00:00,0.33
2026-04-29 06:04:04+00:00,0.33
2026-04-29 06:05:05+00:00,0.335
2026-04-29 06:06:05+00:00,0.335
2026-04-29 06:07:04+00:00,0.335
2026-04-29 06:08:20+00:00,0.335
2026-04-29 06:09:04+00:00,0.335
2026-04-29 06:10:16+00:00,0.335
2026-04-29 06:11:04+00:00,0.335
2026-04-29 06:12:03+00:00,0.335
2026-04-29 06:13:03+00:00,0.335
2026-04-29 06:14:05+00:00,0.335
2026-04-29 06:15:04+00:00,0.33
2026-04-29 06:16:03+00:00,0.33
2026-04-29 06:17:19+00:00,0.335
2026-04-29 06:18:04+00:00,0.335
2026-04-29 06:19:04+00:00,0.335
2026-04-29 06:20:04+00:00,0.335
2026-04-29 06:21:04+00:00,0.335
2026-04-29 06:22:04+00:00,0.335
2026-04-29 06:23:04+00:00,0.335
2026-04-29 06:24:03+00:00,0.335
2026-04-29 06:25:04+00:00,0.335
2026-04-29 06:26:04+00:00,0.335
2026-04-29 06:27:09+00:00,0.335
2026-04-29 06:28:19+00:00,0.335
2026-04-29 06:29:04+00:00,0.335
2026-04-29 06:30:06+00:00,0.335
2026-04-29 06:31:03+00:00,0.335
2026-04-29 06:32:04+00:00,0.335
2026-04-29 06:33:03+00:00,0.335
2026-04-29 06:34:04+00:00,0.335
2026-04-29 06:35:07+00:00,0.335
2026-04-29 06:36:04+00:00,0.335
2026-04-29 06:37:04+00:00,0.335
2026-04-29 06:38:05+00:00,0.335
2026-04-29 06:39:15+00:00,0.335
2026-04-29 06:40:04+00:00,0.335
2026-04-29 06:41:03+00:00,0.335
2026-04-29 06:42:04+00:00,0.335
2026-04-29 06:43:04+00:00,0.335
2026-04-29 06:44:05+00:00,0.335
2026-04-29 06:45:05+00:00,0.335
2026-04-29 06:46:04+00:00,0.335
2026-04-29 06:47:05+00:00,0.335
2026-04-29 06:48:03+00:00,0.335
2026-04-29 06:49:18+00:00,0.335
2026-04-29 06:50:05+00:00,0.335
2026-04-29 06:51:04+00:00,0.335
2026-04-29 06:52:03+00:00,0.335
2026-04-29 06:53:04+00:00,0.335
2026-04-29 06:54:05+00:00,0.335
2026-04-29 06:55:05+00:00,0.335
2026-04-29 06:56:04+00:00,0.335
2026-04-29 06:57:05+00:00,0.335
2026-04-29 06:58:05+00:00,0.335
2026-04-29 06:59:05+00:00,0.335
2026-04-29 07:00:21+00:00,0.335
2026-04-29 07:01:06+00:00,0.335
2026-04-29 07:02:04+00:00,0.335
2026-04-29 07:03:05+00:00,0.335
2026-04-29 07:04:04+00:00,0.335
2026-04-29 07:05:05+00:00,0.335
2026-04-29 07:06:04+00:00,0.335
2026-04-29 07:07:05+00:00,0.335
2026-04-29 07:08:04+00:00,0.335
2026-04-29 07:09:04+00:00,0.335
2026-04-29 07:10:04+00:00,0.335
2026-04-29 07:11:04+00:00,0.335
2026-04-29 07:12:03+00:00,0.335
2026-04-29 07:13:05+00:00,0.335
2026-04-29 07:14:22+00:00,0.335
2026-04-29 07:15:05+00:00,0.335
2026-04-29 07:16:05+00:00,0.335
2026-04-29 07:17:04+00:00,0.335
2026-04-29 07:18:05+00:00,0.335
2026-04-29 07:19:04+00:00,0.335
2026-04-29 07:20:05+00:00,0.335
2026-04-29 07:21:19+00:00,0.335
2026-04-29 07:22:03+00:00,0.335
2026-04-29 07:23:04+00:00,0.335
2026-04-29 07:24:19+00:00,0.335
2026-04-29 07:25:04+00:00,0.335
2026-04-29 07:26:04+00:00,0.335
2026-04-29 07:27:05+00:00,0.335
2026-04-29 07:28:04+00:00,0.335
2026-04-29 07:29:04+00:00,0.335
2026-04-29 07:30:04+00:00,0.335
2026-04-29 07:31:04+00:00,0.335
2026-04-29 07:32:03+00:00,0.335
2026-04-29 07:33:03+00:00,0.335
2026-04-29 07:34:04+00:00,0.335
2026-04-29 07:35:04+00:00,0.335
2026-04-29 07:36:03+00:00,0.335
2026-04-29 07:37:04+00:00,0.335
2026-04-29 07:38:04+00:00,0.335
2026-04-29 07:39:05+00:00,0.335
2026-04-29 07:40:20+00:00,0.335
2026-04-29 07:41:04+00:00,0.335
2026-04-29 07:42:03+00:00,0.335
2026-04-29 07:43:03+00:00,0.335
2026-04-29 07:44:04+00:00,0.335
2026-04-29 07:45:04+00:00,0.335
2026-04-29 07:46:03+00:00,0.335
2026-04-29 07:47:04+00:00,0.335
2026-04-29 07:48:05+00:00,0.335
2026-04-29 07:49:05+00:00,0.335
2026-04-29 07:50:05+00:00,0.335
2026-04-29 07:51:05+00:00,0.335
2026-04-29 07:52:03+00:00,0.335
2026-04-29 07:53:04+00:00,0.335
2026-04-29 07:54:04+00:00,0.335
2026-04-29 07:55:03+00:00,0.335
2026-04-29 07:56:03+00:00,0.335
2026-04-29 07:57:04+00:00,0.335
2026-04-29 07:58:16+00:00,0.335
2026-04-29 07:59:04+00:00,0.335
2026-04-29 08:00:04+00:00,0.335
2026-04-29 08:01:03+00:00,0.335
2026-04-29 08:02:05+00:00,0.335
2026-04-29 08:03:04+00:00,0.335
2026-04-29 08:04:04+00:00,0.335
2026-04-29 08:05:05+00:00,0.335
2026-04-29 08:06:07+00:00,0.335
2026-04-29 08:07:05+00:00,0.335
2026-04-29 08:08:03+00:00,0.335
2026-04-29 08:09:04+00:00,0.335
2026-04-29 08:10:04+00:00,0.335
2026-04-29 08:11:04+00:00,0.335
2026-04-29 08:12:04+00:00,0.335
2026-04-29 08:13:04+00:00,0.335
2026-04-29 08:14:04+00:00,0.335
2026-04-29 08:15:04+00:00,0.335
2026-04-29 08:16:03+00:00,0.335
2026-04-29 08:17:04+00:00,0.335
2026-04-29 08:18:04+00:00,0.335
2026-04-29 08:19:05+00:00,0.335
2026-04-29 08:20:03+00:00,0.335
2026-04-29 08:21:04+00:00,0.335
2026-04-29 08:22:03+00:00,0.335
2026-04-29 08:23:20+00:00,0.335
2026-04-29 08:24:18+00:00,0.335
2026-04-29 08:25:03+00:00,0.335
2026-04-29 08:26:15+00:00,0.335
2026-04-29 08:27:04+00:00,0.335
2026-04-29 08:28:04+00:00,0.335
2026-04-29 08:29:04+00:00,0.335
2026-04-29 08:30:05+00:00,0.335
2026-04-29 08:31:03+00:00,0.335
2026-04-29 08:32:07+00:00,0.335
2026-04-29 08:33:03+00:00,0.335
2026-04-29 08:34:16+00:00,0.335
2026-04-29 08:35:04+00:00,0.335
2026-04-29 08:36:04+00:00,0.335
2026-04-29 08:37:05+00:00,0.335
2026-04-29 08:38:05+00:00,0.335
2026-04-29 08:39:04+00:00,0.335
2026-04-29 08:40:04+00:00,0.335
2026-04-29 08:41:03+00:00,0.335
2026-04-29 08:42:04+00:00,0.335
2026-04-29 08:43:04+00:00,0.335
2026-04-29 08:44:04+00:00,0.335
2026-04-29 08:45:04+00:00,0.335
2026-04-29 08:46:04+00:00,0.335
2026-04-29 08:47:04+00:00,0.335
2026-04-29 08:48:04+00:00,0.335
2026-04-29 08:49:04+00:00,0.335
2026-04-29 08:50:03+00:00,0.335
2026-04-29 08:51:03+00:00,0.335
2026-04-29 08:52:04+00:00,0.335
2026-04-29 08:53:05+00:00,0.335
2026-04-29 08:54:04+00:00,0.335
2026-04-29 08:55:05+00:00,0.335
2026-04-29 08:56:04+00:00,0.335
2026-04-29 08:57:04+00:00,0.335
2026-04-29 08:58:07+00:00,0.335
2026-04-29 08:59:04+00:00,0.335
2026-04-29 09:00:07+00:00,0.335
2026-04-29 09:01:03+00:00,0.335
2026-04-29 09:02:03+00:00,0.335
2026-04-29 09:03:05+00:00,0.335
2026-04-29 09:04:04+00:00,0.335
2026-04-29 09:05:05+00:00,0.335
2026-04-29 09:06:04+00:00,0.335
2026-04-29 09:07:04+00:00,0.335
2026-04-29 09:08:04+00:00,0.335
2026-04-29 09:09:04+00:00,0.335
2026-04-29 09:10:04+00:00,0.335
2026-04-29 09:11:03+00:00,0.335
2026-04-29 09:12:03+00:00,0.335
2026-04-29 09:13:04+00:00,0.335
2026-04-29 09:14:04+00:00,0.335
2026-04-29 09:15:04+00:00,0.335
2026-04-29 09:16:03+00:00,0.335
2026-04-29 09:17:04+00:00,0.335
2026-04-29 09:18:04+00:00,0.335
2026-04-29 09:19:04+00:00,0.335
2026-04-29 09:20:03+00:00,0.335
2026-04-29 09:21:03+00:00,0.335
2026-04-29 09:22:04+00:00,0.335
2026-04-29 09:23:03+00:00,0.335
2026-04-29 09:24:07+00:00,0.335
2026-04-29 09:25:04+00:00,0.335
2026-04-29 09:26:16+00:00,0.335
2026-04-29 09:27:05+00:00,0.335
2026-04-29 09:28:05+00:00,0.335
2026-04-29 09:29:04+00:00,0.335
2026-04-29 09:30:04+00:00,0.335
2026-04-29 09:31:03+00:00,0.335
2026-04-29 09:32:03+00:00,0.335
2026-04-29 09:33:04+00:00,0.335
2026-04-29 09:34:04+00:00,0.335
2026-04-29 09:35:04+00:00,0.335
2026-04-29 09:36:04+00:00,0.335
2026-04-29 09:37:04+00:00,0.335
2026-04-29 09:38:04+00:00,0.335
2026-04-29 09:39:15+00:00,0.335
2026-04-29 09:40:04+00:00,0.335
2026-04-29 09:41:03+00:00,0.335
2026-04-29 09:42:05+00:00,0.335
2026-04-29 09:43:03+00:00,0.335
2026-04-29 09:44:04+00:00,0.335
2026-04-29 09:45:04+00:00,0.335
2026-04-29 09:46:03+00:00,0.335
2026-04-29 09:47:03+00:00,0.335
2026-04-29 09:48:04+00:00,0.335
2026-04-29 09:49:04+00:00,0.335
2026-04-29 09:50:08+00:00,0.335
2026-04-29 09:51:04+00:00,0.335
2026-04-29 09:52:05+00:00,0.335
2026-04-29 09:53:04+00:00,0.335
2026-04-29 09:54:04+00:00,0.335
2026-04-29 09:55:03+00:00,0.335
2026-04-29 09:56:03+00:00,0.335
2026-04-29 09:57:04+00:00,0.335
2026-04-29 09:58:04+00:00,0.335
2026-04-29 09:59:04+00:00,0.335
2026-04-29 10:00:05+00:00,0.335
2026-04-29 10:01:04+00:00,0.335
2026-04-29 10:02:03+00:00,0.335
2026-04-29 10:03:04+00:00,0.335
2026-04-29 10:04:08+00:00,0.335
2026-04-29 10:05:04+00:00,0.335
2026-04-29 10:06:04+00:00,0.335
2026-04-29 10:07:08+00:00,0.335
2026-04-29 10:08:04+00:00,0.335
2026-04-29 10:09:04+00:00,0.335
2026-04-29 10:10:04+00:00,0.335
2026-04-29 10:11:03+00:00,0.335
2026-04-29 10:12:03+00:00,0.335
2026-04-29 10:13:04+00:00,0.335
2026-04-29 10:14:04+00:00,0.335
2026-04-29 10:15:03+00:00,0.335
2026-04-29 10:16:05+00:00,0.335
2026-04-29 10:17:07+00:00,0.335
2026-04-29 10:18:03+00:00,0.335
2026-04-29 10:19:04+00:00,0.335
2026-04-29 10:20:04+00:00,0.335
2026-04-29 10:21:03+00:00,0.335
2026-04-29 10:22:08+00:00,0.335
2026-04-29 10:23:04+00:00,0.335
2026-04-29 10:24:04+00:00,0.335
2026-04-29 10:25:03+00:00,0.335
2026-04-29 10:26:03+00:00,0.335
2026-04-29 10:27:16+00:00,0.335
2026-04-29 10:28:04+00:00,0.335
2026-04-29 10:29:04+00:00,0.335
2026-04-29 10:30:07+00:00,0.335
2026-04-29 10:31:16+00:00,0.335
2026-04-29 10:32:18+00:00,0.335
2026-04-29 10:33:04+00:00,0.335
2026-04-29 10:34:04+00:00,0.335
2026-04-29 10:35:04+00:00,0.335
2026-04-29 10:36:03+00:00,0.335
2026-04-29 10:37:19+00:00,0.335
2026-04-29 10:38:03+00:00,0.335
2026-04-29 10:39:04+00:00,0.335
2026-04-29 10:40:05+00:00,0.335
2026-04-29 10:41:03+00:00,0.335
2026-04-29 10:42:03+00:00,0.335
2026-04-29 10:43:04+00:00,0.335
2026-04-29 10:44:04+00:00,0.335
2026-04-29 10:45:04+00:00,0.335
2026-04-29 10:46:03+00:00,0.335
2026-04-29 10:47:04+00:00,0.335
2026-04-29 10:48:04+00:00,0.335
2026-04-29 10:49:04+00:00,0.335
2026-04-29 10:50:04+00:00,0.335
2026-04-29 10:51:03+00:00,0.335
2026-04-29 10:52:03+00:00,0.335
2026-04-29 10:53:03+00:00,0.335
2026-04-29 10:54:17+00:00,0.335
2026-04-29 10:55:04+00:00,0.335
2026-04-29 10:56:07+00:00,0.335
2026-04-29 10:57:04+00:00,0.335
2026-04-29 10:58:04+00:00,0.335
2026-04-29 10:59:04+00:00,0.335
2026-04-29 11:00:05+00:00,0.335
2026-04-29 11:01:03+00:00,0.335
2026-04-29 11:02:04+00:00,0.335
2026-04-29 11:03:05+00:00,0.335
2026-04-29 11:04:04+00:00,0.335
2026-04-29 11:05:03+00:00,0.335
2026-04-29 11:06:03+00:00,0.335
2026-04-29 11:07:03+00:00,0.335
2026-04-29 11:08:04+00:00,0.335
2026-04-29 11:09:04+00:00,0.335
2026-04-29 11:10:04+00:00,0.335
2026-04-29 11:11:04+00:00,0.335
2026-04-29 11:12:03+00:00,0.335
2026-04-29 11:13:04+00:00,0.335
2026-04-29 11:14:04+00:00,0.335
2026-04-29 11:15:03+00:00,0.335
2026-04-29 11:16:03+00:00,0.335
2026-04-29 11:17:04+00:00,0.335
2026-04-29 11:18:04+00:00,0.335
2026-04-29 11:19:06+00:00,0.335
2026-04-29 11:20:04+00:00,0.335
2026-04-29 11:21:03+00:00,0.335
2026-04-29 11:22:07+00:00,0.335
2026-04-29 11:23:04+00:00,0.335
2026-04-29 11:24:05+00:00,0.335
2026-04-29 11:25:04+00:00,0.335
2026-04-29 11:26:03+00:00,0.335
2026-04-29 11:27:03+00:00,0.335
2026-04-29 11:28:03+00:00,0.335
2026-04-29 11:29:05+00:00,0.335
2026-04-29 11:30:05+00:00,0.335
2026-04-29 11:31:03+00:00,0.335
2026-04-29 11:32:03+00:00,0.335
2026-04-29 11:33:04+00:00,0.335
2026-04-29 11:34:04+00:00,0.335
2026-04-29 11:35:04+00:00,0.335
2026-04-29 11:36:03+00:00,0.335
2026-04-29 11:37:04+00:00,0.335
2026-04-29 11:38:04+00:00,0.335
2026-04-29 11:39:04+00:00,0.335
2026-04-29 11:40:04+00:00,0.335
2026-04-29 11:41:04+00:00,0.335
2026-04-29 11:42:03+00:00,0.335
2026-04-29 11:43:03+00:00,0.335
2026-04-29 11:44:04+00:00,0.335
2026-04-29 11:45:04+00:00,0.335
2026-04-29 11:46:03+00:00,0.335
2026-04-29 11:47:04+00:00,0.335
2026-04-29 11:48:08+00:00,0.335
2026-04-29 11:49:04+00:00,0.335
2026-04-29 11:50:04+00:00,0.335
2026-04-29 11:51:03+00:00,0.335
2026-04-29 11:52:04+00:00,0.335
2026-04-29 11:53:04+00:00,0.335
2026-04-29 11:54:05+00:00,0.335
2026-04-29 11:55:04+00:00,0.335
2026-04-29 11:56:04+00:00,0.335
2026-04-29 11:57:04+00:00,0.335
2026-04-29 11:58:04+00:00,0.335
2026-04-29 11:59:04+00:00,0.335
2026-04-29 12:00:11+00:00,0.335
2026-04-29 12:01:04+00:00,0.335
2026-04-29 12:02:04+00:00,0.335
2026-04-29 12:03:04+00:00,0.335
2026-04-29 12:04:04+00:00,0.335
2026-04-29 12:05:06+00:00,0.335
2026-04-29 12:06:04+00:00,0.335
2026-04-29 12:07:04+00:00,0.335
2026-04-29 12:08:06+00:00,0.335
2026-04-29 12:09:04+00:00,0.335
2026-04-29 12:10:06+00:00,0.335
2026-04-29 12:11:04+00:00,0.335
2026-04-29 12:12:04+00:00,0.335
2026-04-29 12:13:04+00:00,0.335
2026-04-29 12:14:08+00:00,0.335
2026-04-29 12:15:05+00:00,0.335
2026-04-29 12:16:05+00:00,0.335
2026-04-29 12:17:04+00:00,0.335
2026-04-29 12:18:04+00:00,0.335
2026-04-29 12:19:04+00:00,0.335
2026-04-29 12:20:04+00:00,0.335
2026-04-29 12:21:05+00:00,0.335
2026-04-29 12:22:05+00:00,0.335
2026-04-29 12:23:04+00:00,0.335
2026-04-29 12:24:15+00:00,0.335
2026-04-29 12:25:05+00:00,0.335
2026-04-29 12:26:04+00:00,0.335
2026-04-29 12:27:05+00:00,0.335
2026-04-29 12:28:05+00:00,0.335
2026-04-29 12:29:04+00:00,0.335
2026-04-29 12:30:06+00:00,0.335
2026-04-29 12:31:04+00:00,0.335
2026-04-29 12:32:06+00:00,0.335
2026-04-29 12:33:06+00:00,0.335
2026-04-29 12:34:04+00:00,0.335
2026-04-29 12:35:07+00:00,0.335
2026-04-29 12:36:04+00:00,0.335
2026-04-29 12:37:05+00:00,0.335
2026-04-29 12:38:04+00:00,0.335
2026-04-29 12:39:05+00:00,0.335
2026-04-29 12:40:07+00:00,0.335
2026-04-29 12:41:03+00:00,0.335
2026-04-29 12:42:05+00:00,0.335
2026-04-29 12:43:04+00:00,0.335
2026-04-29 12:44:04+00:00,0.335
2026-04-29 12:45:17+00:00,0.335
2026-04-29 12:46:06+00:00,0.335
2026-04-29 12:47:05+00:00,0.335
2026-04-29 12:48:04+00:00,0.335
2026-04-29 12:49:18+00:00,0.335
2026-04-29 12:50:04+00:00,0.335
2026-04-29 12:51:03+00:00,0.335
2026-04-29 12:52:03+00:00,0.335
2026-04-29 12:53:04+00:00,0.335
2026-04-29 12:54:04+00:00,0.335
2026-04-29 12:55:04+00:00,0.335
2026-04-29 12:56:03+00:00,0.335
2026-04-29 12:57:04+00:00,0.335
2026-04-29 12:58:04+00:00,0.335
2026-04-29 12:59:04+00:00,0.335
2026-04-29 13:00:05+00:00,0.335
2026-04-29 13:01:04+00:00,0.335
2026-04-29 13:02:04+00:00,0.335
2026-04-29 13:03:04+00:00,0.335
2026-04-29 13:04:04+00:00,0.335
2026-04-29 13:05:07+00:00,0.335
2026-04-29 13:06:05+00:00,0.335
2026-04-29 13:07:04+00:00,0.335
2026-04-29 13:08:04+00:00,0.335
2026-04-29 13:09:04+00:00,0.335
2026-04-29 13:10:05+00:00,0.335
2026-04-29 13:11:04+00:00,0.335
2026-04-29 13:12:08+00:00,0.335
2026-04-29 13:13:04+00:00,0.335
2026-04-29 13:14:04+00:00,0.335
2026-04-29 13:15:05+00:00,0.335
2026-04-29 13:16:03+00:00,0.335
2026-04-29 13:17:04+00:00,0.335
2026-04-29 13:18:04+00:00,0.335
2026-04-29 13:19:04+00:00,0.335
2026-04-29 13:20:04+00:00,0.335
2026-04-29 13:21:04+00:00,0.335
2026-04-29 13:22:04+00:00,0.335
2026-04-29 13:23:03+00:00,0.335
2026-04-29 13:24:04+00:00,0.335
2026-04-29 13:25:04+00:00,0.335
2026-04-29 13:26:03+00:00,0.335
2026-04-29 13:27:04+00:00,0.335
2026-04-29 13:28:04+00:00,0.335
2026-04-29 13:29:05+00:00,0.335
2026-04-29 13:30:05+00:00,0.335
2026-04-29 13:31:04+00:00,0.335
2026-04-29 13:32:03+00:00,0.335
2026-04-29 13:33:04+00:00,0.335
2026-04-29 13:34:04+00:00,0.335
2026-04-29 13:35:10+00:00,0.335
2026-04-29 13:36:04+00:00,0.335
2026-04-29 13:37:04+00:00,0.335
2026-04-29 13:38:06+00:00,0.335
2026-04-29 13:39:05+00:00,0.335
2026-04-29 13:40:05+00:00,0.335
2026-04-29 13:41:04+00:00,0.335
2026-04-29 13:42:04+00:00,0.335
2026-04-29 13:43:03+00:00,0.335
2026-04-29 13:44:05+00:00,0.335
2026-04-29 13:45:10+00:00,0.335
2026-04-29 13:46:04+00:00,0.335
2026-04-29 13:47:05+00:00,0.335
2026-04-29 13:48:14+00:00,0.335
2026-04-29 13:49:04+00:00,0.335
2026-04-29 13:50:04+00:00,0.335
2026-04-29 13:51:04+00:00,0.335
2026-04-29 13:52:04+00:00,0.335
2026-04-29 13:55:15+00:00,0.335
2026-04-29 13:55:23+00:00,0.335
2026-04-29 13:56:07+00:00,0.335
2026-04-29 13:57:17+00:00,0.335
2026-04-29 13:58:04+00:00,0.335
2026-04-29 13:59:05+00:00,0.335
2026-04-29 14:00:05+00:00,0.335
2026-04-29 14:01:04+00:00,0.335
2026-04-29 14:02:03+00:00,0.335
2026-04-29 14:03:05+00:00,0.335
2026-04-29 14:04:07+00:00,0.335
2026-04-29 14:05:07+00:00,0.335
2026-04-29 14:06:04+00:00,0.335
2026-04-29 14:07:16+00:00,0.335
2026-04-29 14:08:04+00:00,0.335
2026-04-29 14:09:04+00:00,0.335
2026-04-29 14:10:04+00:00,0.335
2026-04-29 14:11:04+00:00,0.335
2026-04-29 14:12:03+00:00,0.335
2026-04-29 14:13:04+00:00,0.335
2026-04-29 14:14:04+00:00,0.335
2026-04-29 14:15:04+00:00,0.335
2026-04-29 14:16:04+00:00,0.335
2026-04-29 14:17:05+00:00,0.335
2026-04-29 14:18:04+00:00,0.335
2026-04-29 14:19:08+00:00,0.335
2026-04-29 14:20:05+00:00,0.335
2026-04-29 14:21:06+00:00,0.335
2026-04-29 14:22:04+00:00,0.335
2026-04-29 14:23:04+00:00,0.335
2026-04-29 14:24:04+00:00,0.335
2026-04-29 14:25:05+00:00,0.335
2026-04-29 14:26:04+00:00,0.335
2026-04-29 14:27:05+00:00,0.335
2026-04-29 14:28:04+00:00,0.335
2026-04-29 14:29:04+00:00,0.335
2026-04-29 14:30:06+00:00,0.335
2026-04-29 14:31:04+00:00,0.335
2026-04-29 14:32:05+00:00,0.335
2026-04-29 14:33:04+00:00,0.335
2026-04-29 14:34:05+00:00,0.335
2026-04-29 14:35:07+00:00,0.335
2026-04-29 14:36:05+00:00,0.335
2026-04-29 14:37:05+00:00,0.335
2026-04-29 14:38:04+00:00,0.335
2026-04-29 14:39:04+00:00,0.335
2026-04-29 14:40:04+00:00,0.335
2026-04-29 14:41:05+00:00,0.335
2026-04-29 14:42:15+00:00,0.335
2026-04-29 14:43:05+00:00,0.335
2026-04-29 14:44:05+00:00,0.335
2026-04-29 14:45:07+00:00,0.335
2026-04-29 14:46:04+00:00,0.335
2026-04-29 14:47:04+00:00,0.335
2026-04-29 14:48:03+00:00,0.335
2026-04-29 14:49:04+00:00,0.335
2026-04-29 14:50:04+00:00,0.335
2026-04-29 14:51:05+00:00,0.335
2026-04-29 14:52:04+00:00,0.335
2026-04-29 14:53:05+00:00,0.335
2026-04-29 14:54:04+00:00,0.335
2026-04-29 14:55:20+00:00,0.335
2026-04-29 14:56:05+00:00,0.335
2026-04-29 14:57:05+00:00,0.335
2026-04-29 14:58:04+00:00,0.335
2026-04-29 14:59:05+00:00,0.335
2026-04-29 15:00:15+00:00,0.335
2026-04-29 15:01:05+00:00,0.335
2026-04-29 15:02:04+00:00,0.335
2026-04-29 15:03:04+00:00,0.335
2026-04-29 15:04:04+00:00,0.335
2026-04-29 15:05:06+00:00,0.335
2026-04-29 15:06:05+00:00,0.335
2026-04-29 15:07:04+00:00,0.335
2026-04-29 15:08:04+00:00,0.335
2026-04-29 15:09:06+00:00,0.335
2026-04-29 15:10:05+00:00,0.335
2026-04-29 15:11:07+00:00,0.335
2026-04-29 15:12:04+00:00,0.335
2026-04-29 15:13:04+00:00,0.335
2026-04-29 15:14:04+00:00,0.335
2026-04-29 15:15:05+00:00,0.335
2026-04-29 15:16:06+00:00,0.335
2026-04-29 15:17:04+00:00,0.335
2026-04-29 15:18:04+00:00,0.335
2026-04-29 15:19:04+00:00,0.335
2026-04-29 15:20:05+00:00,0.335
2026-04-29 15:21:04+00:00,0.335
2026-04-29 15:22:04+00:00,0.335
2026-04-29 15:23:04+00:00,0.335
2026-04-29 15:24:04+00:00,0.335
2026-04-29 15:25:05+00:00,0.335
2026-04-29 15:26:05+00:00,0.335
2026-04-29 15:27:05+00:00,0.335
2026-04-29 15:28:04+00:00,0.335
2026-04-29 15:29:04+00:00,0.335
2026-04-29 15:30:05+00:00,0.335
2026-04-29 15:31:03+00:00,0.335
2026-04-29 15:32:04+00:00,0.335
2026-04-29 15:33:04+00:00,0.335
2026-04-29 15:34:04+00:00,0.335
2026-04-29 15:35:05+00:00,0.335
2026-04-29 15:36:04+00:00,0.335
2026-04-29 15:37:04+00:00,0.335
2026-04-29 15:38:04+00:00,0.335
2026-04-29 15:39:04+00:00,0.335
2026-04-29 15:40:05+00:00,0.335
2026-04-29 15:41:05+00:00,0.335
2026-04-29 15:42:07+00:00,0.335
2026-04-29 15:43:04+00:00,0.335
2026-04-29 15:44:04+00:00,0.335
2026-04-29 15:45:21+00:00,0.335
2026-04-29 15:46:19+00:00,0.335
2026-04-29 15:47:05+00:00,0.335
2026-04-29 15:48:19+00:00,0.335
2026-04-29 15:49:06+00:00,0.335
2026-04-29 15:50:04+00:00,0.335
2026-04-29 15:51:04+00:00,0.335
2026-04-29 15:52:06+00:00,0.335
2026-04-29 15:53:03+00:00,0.335
2026-04-29 15:54:04+00:00,0.335
2026-04-29 15:55:04+00:00,0.335
2026-04-29 15:56:05+00:00,0.335
2026-04-29 15:57:04+00:00,0.335
2026-04-29 15:58:04+00:00,0.335
2026-04-29 15:59:04+00:00,0.335
2026-04-29 16:00:06+00:00,0.335
2026-04-29 16:01:05+00:00,0.335
2026-04-29 16:02:04+00:00,0.335
2026-04-29 16:03:05+00:00,0.335
2026-04-29 16:04:05+00:00,0.335
2026-04-29 16:05:05+00:00,0.335
2026-04-29 16:06:16+00:00,0.335
2026-04-29 16:07:03+00:00,0.335
2026-04-29 16:08:08+00:00,0.335
2026-04-29 16:09:04+00:00,0.335
2026-04-29 16:10:06+00:00,0.335
2026-04-29 16:11:06+00:00,0.335
2026-04-29 16:12:06+00:00,0.335
2026-04-29 16:13:04+00:00,0.335
2026-04-29 16:14:03+00:00,0.335
2026-04-29 16:15:04+00:00,0.335
2026-04-29 16:16:06+00:00,0.335
2026-04-29 16:17:04+00:00,0.335
2026-04-29 16:18:04+00:00,0.335
2026-04-29 16:19:04+00:00,0.335
2026-04-29 16:20:05+00:00,0.335
2026-04-29 16:21:03+00:00,0.335
2026-04-29 16:22:05+00:00,0.335
2026-04-29 16:23:04+00:00,0.335
2026-04-29 16:24:05+00:00,0.335
2026-04-29 16:25:18+00:00,0.335
2026-04-29 16:26:04+00:00,0.335
2026-04-29 16:27:18+00:00,0.335
2026-04-29 16:28:04+00:00,0.335
2026-04-29 16:29:16+00:00,0.335
2026-04-29 16:30:20+00:00,0.335
2026-04-29 16:31:04+00:00,0.335
2026-04-29 16:32:04+00:00,0.335
2026-04-29 16:33:04+00:00,0.335
2026-04-29 16:34:08+00:00,0.335
2026-04-29 16:35:05+00:00,0.335
2026-04-29 16:36:05+00:00,0.335
2026-04-29 16:37:05+00:00,0.335
2026-04-29 16:38:03+00:00,0.335
2026-04-29 16:39:03+00:00,0.335
2026-04-29 16:40:04+00:00,0.335
2026-04-29 16:41:08+00:00,0.335
2026-04-29 16:42:04+00:00,0.335
2026-04-29 16:43:03+00:00,0.335
2026-04-29 16:44:05+00:00,0.335
2026-04-29 16:45:06+00:00,0.335
2026-04-29 16:46:15+00:00,0.335
2026-04-29 16:47:05+00:00,0.335
2026-04-29 16:48:04+00:00,0.335
2026-04-29 16:49:16+00:00,0.335
2026-04-29 16:50:04+00:00,0.335
2026-04-29 16:51:04+00:00,0.335
2026-04-29 16:52:04+00:00,0.335
2026-04-29 16:53:03+00:00,0.335
2026-04-29 16:54:04+00:00,0.335
2026-04-29 16:55:05+00:00,0.335
2026-04-29 16:56:04+00:00,0.335
2026-04-29 16:57:04+00:00,0.335
2026-04-29 16:58:05+00:00,0.335
2026-04-29 16:59:05+00:00,0.335
2026-04-29 17:00:05+00:00,0.335
2026-04-29 17:01:11+00:00,0.335
2026-04-29 17:02:03+00:00,0.335
2026-04-29 17:03:04+00:00,0.335
2026-04-29 17:04:04+00:00,0.335
2026-04-29 17:05:08+00:00,0.335
2026-04-29 17:06:04+00:00,0.335
2026-04-29 17:07:08+00:00,0.335
2026-04-29 17:08:19+00:00,0.335
2026-04-29 17:09:05+00:00,0.335
2026-04-29 17:10:06+00:00,0.335
2026-04-29 17:11:14+00:00,0.335
2026-04-29 17:12:04+00:00,0.335
2026-04-29 17:13:05+00:00,0.335
2026-04-29 17:14:05+00:00,0.335
2026-04-29 17:15:04+00:00,0.335
2026-04-29 17:16:04+00:00,0.335
2026-04-29 17:17:04+00:00,0.335
2026-04-29 17:18:06+00:00,0.335
2026-04-29 17:19:05+00:00,0.335
2026-04-29 17:20:04+00:00,0.335
2026-04-29 17:21:16+00:00,0.335
2026-04-29 17:22:04+00:00,0.335
2026-04-29 17:23:04+00:00,0.335
2026-04-29 17:24:05+00:00,0.335
2026-04-29 17:25:07+00:00,0.335
2026-04-29 17:26:05+00:00,0.335
2026-04-29 17:27:18+00:00,0.335
2026-04-29 17:28:03+00:00,0.335
2026-04-29 17:29:04+00:00,0.335
2026-04-29 17:30:21+00:00,0.335
2026-04-29 17:31:04+00:00,0.335
2026-04-29 17:32:04+00:00,0.335
2026-04-29 17:33:08+00:00,0.335
2026-04-29 17:34:04+00:00,0.335
2026-04-29 17:35:07+00:00,0.335
2026-04-29 17:36:04+00:00,0.335
2026-04-29 17:37:04+00:00,0.335
2026-04-29 17:38:04+00:00,0.335
2026-04-29 17:39:04+00:00,0.335
2026-04-29 17:40:03+00:00,0.335
2026-04-29 17:41:03+00:00,0.335
2026-04-29 17:42:04+00:00,0.335
2026-04-29 17:43:18+00:00,0.335
2026-04-29 17:44:05+00:00,0.335
2026-04-29 17:45:05+00:00,0.335
2026-04-29 17:46:04+00:00,0.335
2026-04-29 17:47:04+00:00,0.335
2026-04-29 17:48:04+00:00,0.335
2026-04-29 17:49:05+00:00,0.335
2026-04-29 17:50:04+00:00,0.335
2026-04-29 17:51:17+00:00,0.335
2026-04-29 17:52:17+00:00,0.335
2026-04-29 17:53:06+00:00,0.335
2026-04-29 17:54:05+00:00,0.335
2026-04-29 17:55:05+00:00,0.335
2026-04-29 17:56:05+00:00,0.335
2026-04-29 17:57:06+00:00,0.335
2026-04-29 17:58:06+00:00,0.335
2026-04-29 17:59:07+00:00,0.335
2026-04-29 18:00:09+00:00,0.335
2026-04-29 18:01:06+00:00,0.335
2026-04-29 18:02:03+00:00,0.335
2026-04-29 18:03:05+00:00,0.335
2026-04-29 18:04:03+00:00,0.335
2026-04-29 18:05:22+00:00,0.335
2026-04-29 18:06:04+00:00,0.335
2026-04-29 18:07:06+00:00,0.335
2026-04-29 18:08:07+00:00,0.335
2026-04-29 18:09:04+00:00,0.335
2026-04-29 18:10:04+00:00,0.335
2026-04-29 18:11:05+00:00,0.335
2026-04-29 18:12:04+00:00,0.335
2026-04-29 18:13:21+00:00,0.335
2026-04-29 18:14:06+00:00,0.335
2026-04-29 18:15:06+00:00,0.335
2026-04-29 18:16:04+00:00,0.335
2026-04-29 18:17:05+00:00,0.335
2026-04-29 18:18:06+00:00,0.335
2026-04-29 18:19:06+00:00,0.335
2026-04-29 18:20:05+00:00,0.335
2026-04-29 18:21:05+00:00,0.335
2026-04-29 18:22:06+00:00,0.335
2026-04-29 18:23:15+00:00,0.335
2026-04-29 18:24:05+00:00,0.335
2026-04-29 18:25:09+00:00,0.335
2026-04-29 18:26:18+00:00,0.335
2026-04-29 18:27:07+00:00,0.335
2026-04-29 18:28:05+00:00,0.335
2026-04-29 18:29:05+00:00,0.335
2026-04-29 18:30:06+00:00,0.335
2026-04-29 18:31:05+00:00,0.335
2026-04-29 18:32:05+00:00,0.335
2026-04-29 18:33:06+00:00,0.335
2026-04-29 18:34:19+00:00,0.335
2026-04-29 18:35:06+00:00,0.335
2026-04-29 18:36:08+00:00,0.335
2026-04-29 18:37:07+00:00,0.335
2026-04-29 18:38:20+00:00,0.335
2026-04-29 18:39:07+00:00,0.335
2026-04-29 18:40:07+00:00,0.335
2026-04-29 18:41:06+00:00,0.335
2026-04-29 18:42:07+00:00,0.335
2026-04-29 18:43:17+00:00,0.335
2026-04-29 18:44:06+00:00,0.335
2026-04-29 18:45:07+00:00,0.335
2026-04-29 18:46:08+00:00,0.335
2026-04-29 18:47:08+00:00,0.335
2026-04-29 18:48:08+00:00,0.335
2026-04-29 18:49:05+00:00,0.335
2026-04-29 18:50:05+00:00,0.335
2026-04-29 18:51:10+00:00,0.335
2026-04-29 18:52:05+00:00,0.335
2026-04-29 18:53:07+00:00,0.335
2026-04-29 18:54:04+00:00,0.335
2026-04-29 18:55:07+00:00,0.335
2026-04-29 18:56:06+00:00,0.335
2026-04-29 18:57:20+00:00,0.335
2026-04-29 18:58:04+00:00,0.335
2026-04-29 18:59:05+00:00,0.335
2026-04-29 19:00:06+00:00,0.335
2026-04-29 19:01:04+00:00,0.335
2026-04-29 19:02:05+00:00,0.335
2026-04-29 19:03:05+00:00,0.335
2026-04-29 19:04:05+00:00,0.335
2026-04-29 19:05:19+00:00,0.335
2026-04-29 19:06:05+00:00,0.335
2026-04-29 19:07:05+00:00,0.335
2026-04-29 19:08:06+00:00,0.335
2026-04-29 19:09:04+00:00,0.335
2026-04-29 19:10:05+00:00,0.335
2026-04-29 19:11:08+00:00,0.335
2026-04-29 19:12:05+00:00,0.335
2026-04-29 19:13:04+00:00,0.335
2026-04-29 19:14:04+00:00,0.335
2026-04-29 19:15:06+00:00,0.335
2026-04-29 19:16:08+00:00,0.335
2026-04-29 19:17:09+00:00,0.335
2026-04-29 19:18:06+00:00,0.335
2026-04-29 19:19:05+00:00,0.335
2026-04-29 19:20:06+00:00,0.335
2026-04-29 19:21:19+00:00,0.335
2026-04-29 19:22:05+00:00,0.335
2026-04-29 19:23:05+00:00,0.335
2026-04-29 19:24:05+00:00,0.335
2026-04-29 19:25:05+00:00,0.335
2026-04-29 19:26:08+00:00,0.335
2026-04-29 19:27:10+00:00,0.335
2026-04-29 19:28:16+00:00,0.335
2026-04-29 19:29:05+00:00,0.335
2026-04-29 19:30:06+00:00,0.335
2026-04-29 19:31:05+00:00,0.335
2026-04-29 19:32:07+00:00,0.335
2026-04-29 19:33:06+00:00,0.335
2026-04-29 19:34:05+00:00,0.335
2026-04-29 19:35:06+00:00,0.335
2026-04-29 19:36:05+00:00,0.335
2026-04-29 19:37:08+00:00,0.335
2026-04-29 19:38:05+00:00,0.335
2026-04-29 19:39:04+00:00,0.335
2026-04-29 19:40:08+00:00,0.335
2026-04-29 19:41:05+00:00,0.335
2026-04-29 19:42:04+00:00,0.335
2026-04-29 19:43:07+00:00,0.335
2026-04-29 19:44:04+00:00,0.335
2026-04-29 19:45:07+00:00,0.335
2026-04-29 19:46:05+00:00,0.335
2026-04-29 19:47:09+00:00,0.335
2026-04-29 19:48:05+00:00,0.335
2026-04-29 19:49:05+00:00,0.335
2026-04-29 19:50:06+00:00,0.335
2026-04-29 19:51:08+00:00,0.335
2026-04-29 19:52:08+00:00,0.335
2026-04-29 19:53:04+00:00,0.335
2026-04-29 19:54:06+00:00,0.335
2026-04-29 19:55:06+00:00,0.335
2026-04-29 19:56:05+00:00,0.335
2026-04-29 19:57:07+00:00,0.335
2026-04-29 19:58:05+00:00,0.335
2026-04-29 19:59:07+00:00,0.335
2026-04-29 20:00:08+00:00,0.335
2026-04-29 20:01:10+00:00,0.335
2026-04-29 20:02:06+00:00,0.335
2026-04-29 20:03:05+00:00,0.335
2026-04-29 20:04:05+00:00,0.335
2026-04-29 20:05:05+00:00,0.335
2026-04-29 20:06:04+00:00,0.335
2026-04-29 20:07:05+00:00,0.335
2026-04-29 20:08:04+00:00,0.335
2026-04-29 20:09:05+00:00,0.335
2026-04-29 20:10:05+00:00,0.335
2026-04-29 20:11:04+00:00,0.335
2026-04-29 20:12:04+00:00,0.335
2026-04-29 20:13:05+00:00,0.335
2026-04-29 20:14:06+00:00,0.335
2026-04-29 20:15:05+00:00,0.335
2026-04-29 20:16:04+00:00,0.335
2026-04-29 20:17:07+00:00,0.335
2026-04-29 20:18:07+00:00,0.335
2026-04-29 20:19:07+00:00,0.335
2026-04-29 20:20:05+00:00,0.335
2026-04-29 20:21:04+00:00,0.335
2026-04-29 20:22:04+00:00,0.335
2026-04-29 20:23:07+00:00,0.335
2026-04-29 20:24:05+00:00,0.335
2026-04-29 20:25:24+00:00,0.335
2026-04-29 20:26:06+00:00,0.335
2026-04-29 20:27:17+00:00,0.335
2026-04-29 20:28:07+00:00,0.335
2026-04-29 20:29:04+00:00,0.335
2026-04-29 20:30:18+00:00,0.335
2026-04-29 20:31:04+00:00,0.335
2026-04-29 20:32:04+00:00,0.335
2026-04-29 20:33:08+00:00,0.335
2026-04-29 20:34:06+00:00,0.335
2026-04-29 20:35:05+00:00,0.335
2026-04-29 20:36:08+00:00,0.335
2026-04-29 20:37:06+00:00,0.335
2026-04-29 20:38:07+00:00,0.335
2026-04-29 20:39:04+00:00,0.335
2026-04-29 20:40:19+00:00,0.335
2026-04-29 20:41:06+00:00,0.335
2026-04-29 20:42:05+00:00,0.335
2026-04-29 20:43:07+00:00,0.335
2026-04-29 20:44:05+00:00,0.335
2026-04-29 20:45:05+00:00,0.335
2026-04-29 20:46:06+00:00,0.335
2026-04-29 20:47:05+00:00,0.335
2026-04-29 20:48:04+00:00,0.335
2026-04-29 20:49:07+00:00,0.335
2026-04-29 20:50:07+00:00,0.335
2026-04-29 20:51:07+00:00,0.335
2026-04-29 20:52:06+00:00,0.335
2026-04-29 20:53:04+00:00,0.335
2026-04-29 20:54:04+00:00,0.335
2026-04-29 20:55:21+00:00,0.335
2026-04-29 20:56:17+00:00,0.335
2026-04-29 20:57:05+00:00,0.335
2026-04-29 20:58:04+00:00,0.335
2026-04-29 20:59:04+00:00,0.335
2026-04-29 21:00:21+00:00,0.335
2026-04-29 21:01:04+00:00,0.335
2026-04-29 21:02:04+00:00,0.335
2026-04-29 21:03:04+00:00,0.335
2026-04-29 21:04:06+00:00,0.335
2026-04-29 21:05:08+00:00,0.335
2026-04-29 21:06:04+00:00,0.335
2026-04-29 21:07:05+00:00,0.335
2026-04-29 21:08:06+00:00,0.335
2026-04-29 21:09:05+00:00,0.335
2026-04-29 21:10:05+00:00,0.335
2026-04-29 21:11:04+00:00,0.335
2026-04-29 21:12:04+00:00,0.335
2026-04-29 21:13:04+00:00,0.335
2026-04-29 21:14:05+00:00,0.335
2026-04-29 21:15:16+00:00,0.335
2026-04-29 21:16:05+00:00,0.335
2026-04-29 21:17:07+00:00,0.335
2026-04-29 21:18:04+00:00,0.335
2026-04-29 21:19:04+00:00,0.335
2026-04-29 21:20:05+00:00,0.335
2026-04-29 21:21:05+00:00,0.335
2026-04-29 21:22:05+00:00,0.335
2026-04-29 21:23:05+00:00,0.335
2026-04-29 21:26:08+00:00,0.335
2026-04-29 21:26:15+00:00,0.335
2026-04-29 21:27:04+00:00,0.335
2026-04-29 21:28:04+00:00,0.335
2026-04-29 21:29:04+00:00,0.335
2026-04-29 21:30:06+00:00,0.335
2026-04-29 21:31:04+00:00,0.335
2026-04-29 21:32:04+00:00,0.335
2026-04-29 21:33:04+00:00,0.335
2026-04-29 21:34:04+00:00,0.335
2026-04-29 21:35:05+00:00,0.335
2026-04-29 21:36:07+00:00,0.335
2026-04-29 21:37:06+00:00,0.335
2026-04-29 21:38:05+00:00,0.335
2026-04-29 21:39:05+00:00,0.335
2026-04-29 21:40:05+00:00,0.335
2026-04-29 21:41:04+00:00,0.335
2026-04-29 21:42:05+00:00,0.335
2026-04-29 21:43:17+00:00,0.335
2026-04-29 21:44:04+00:00,0.335
2026-04-29 21:45:05+00:00,0.335
2026-04-29 21:46:06+00:00,0.335
2026-04-29 21:47:05+00:00,0.335
2026-04-29 21:48:04+00:00,0.335
2026-04-29 21:49:04+00:00,0.335
2026-04-29 21:50:05+00:00,0.335
2026-04-29 21:51:04+00:00,0.335
2026-04-29 21:52:05+00:00,0.335
2026-04-29 21:53:04+00:00,0.335
2026-04-29 21:54:17+00:00,0.335
2026-04-29 21:55:11+00:00,0.335
2026-04-29 21:56:19+00:00,0.335
2026-04-29 21:57:04+00:00,0.335
2026-04-29 21:58:05+00:00,0.335
2026-04-29 21:59:04+00:00,0.335
2026-04-29 22:00:07+00:00,0.335
2026-04-29 22:01:04+00:00,0.335
2026-04-29 22:02:04+00:00,0.335
2026-04-29 22:03:05+00:00,0.335
2026-04-29 22:04:05+00:00,0.335
2026-04-29 22:05:04+00:00,0.325
2026-04-29 22:06:04+00:00,0.325
2026-04-29 22:07:04+00:00,0.325
2026-04-29 22:08:16+00:00,0.325
2026-04-29 22:09:04+00:00,0.325
2026-04-29 22:12:06+00:00,0.325
2026-04-29 22:12:13+00:00,0.325
2026-04-29 22:13:05+00:00,0.325
2026-04-29 22:14:04+00:00,0.325
2026-04-29 22:15:04+00:00,0.325
2026-04-29 22:16:03+00:00,0.325
2026-04-29 22:17:04+00:00,0.325
2026-04-29 22:18:04+00:00,0.325
2026-04-29 22:19:05+00:00,0.325
2026-04-29 22:20:08+00:00,0.325
2026-04-29 22:21:06+00:00,0.325
2026-04-29 22:22:07+00:00,0.325
2026-04-29 22:23:04+00:00,0.325
2026-04-29 22:24:04+00:00,0.325
2026-04-29 22:25:04+00:00,0.325
2026-04-29 22:26:04+00:00,0.325
2026-04-29 22:27:04+00:00,0.325
2026-04-29 22:28:03+00:00,0.325
2026-04-29 22:29:05+00:00,0.325
2026-04-29 22:30:07+00:00,0.325
2026-04-29 22:31:03+00:00,0.325
2026-04-29 22:32:04+00:00,0.325
2026-04-29 22:33:04+00:00,0.325
2026-04-29 22:34:03+00:00,0.325
2026-04-29 22:35:05+00:00,0.325
2026-04-29 22:36:04+00:00,0.325
2026-04-29 22:37:03+00:00,0.325
2026-04-29 22:38:04+00:00,0.325
2026-04-29 22:39:04+00:00,0.325
2026-04-29 22:40:04+00:00,0.325
2026-04-29 22:41:04+00:00,0.325
2026-04-29 22:42:03+00:00,0.325
2026-04-29 22:43:03+00:00,0.325
2026-04-29 22:44:04+00:00,0.325
2026-04-29 22:45:18+00:00,0.325
2026-04-29 22:46:04+00:00,0.325
2026-04-29 22:47:05+00:00,0.325
2026-04-29 22:48:07+00:00,0.325
2026-04-29 22:49:04+00:00,0.325
2026-04-29 22:50:06+00:00,0.325
2026-04-29 22:51:05+00:00,0.325
2026-04-29 22:52:04+00:00,0.325
2026-04-29 22:53:04+00:00,0.325
2026-04-29 22:54:04+00:00,0.325
2026-04-29 22:55:16+00:00,0.325
2026-04-29 22:56:04+00:00,0.325
2026-04-29 22:57:04+00:00,0.325
2026-04-29 22:58:05+00:00,0.325
2026-04-29 22:59:05+00:00,0.325
2026-04-29 23:00:05+00:00,0.325
2026-04-29 23:01:04+00:00,0.325
2026-04-29 23:02:03+00:00,0.325
2026-04-29 23:03:06+00:00,0.325
2026-04-29 23:04:18+00:00,0.325
2026-04-29 23:05:04+00:00,0.325
2026-04-29 23:06:03+00:00,0.325
2026-04-29 23:07:04+00:00,0.325
2026-04-29 23:08:18+00:00,0.325
2026-04-29 23:09:05+00:00,0.325
2026-04-29 23:10:04+00:00,0.325
2026-04-29 23:11:04+00:00,0.325
2026-04-29 23:12:04+00:00,0.325
2026-04-29 23:13:03+00:00,0.325
2026-04-29 23:14:07+00:00,0.325
2026-04-29 23:15:05+00:00,0.325
2026-04-29 23:16:05+00:00,0.325
2026-04-29 23:17:05+00:00,0.325
2026-04-29 23:18:04+00:00,0.325
2026-04-29 23:19:04+00:00,0.325
2026-04-29 23:20:04+00:00,0.325
2026-04-29 23:21:04+00:00,0.325
2026-04-29 23:22:04+00:00,0.325
2026-04-29 23:23:04+00:00,0.325
2026-04-29 23:24:05+00:00,0.325
2026-04-29 23:25:05+00:00,0.325
2026-04-29 23:26:04+00:00,0.325
2026-04-29 23:27:07+00:00,0.325
2026-04-29 23:28:05+00:00,0.325
2026-04-29 23:29:04+00:00,0.325
2026-04-29 23:30:18+00:00,0.325
2026-04-29 23:31:07+00:00,0.325
2026-04-29 23:32:09+00:00,0.325
2026-04-29 23:33:05+00:00,0.325
2026-04-29 23:34:05+00:00,0.325
2026-04-29 23:35:07+00:00,0.325
2026-04-29 23:36:05+00:00,0.325
2026-04-29 23:37:04+00:00,0.325
2026-04-29 23:38:06+00:00,0.325
2026-04-29 23:39:06+00:00,0.325
2026-04-29 23:40:08+00:00,0.325
2026-04-29 23:41:05+00:00,0.325
2026-04-29 23:42:07+00:00,0.325
2026-04-29 23:43:06+00:00,0.325
2026-04-29 23:44:05+00:00,0.325
2026-04-29 23:45:08+00:00,0.325
2026-04-29 23:46:05+00:00,0.325
2026-04-29 23:47:04+00:00,0.325
2026-04-29 23:48:05+00:00,0.325
2026-04-29 23:49:04+00:00,0.325
2026-04-29 23:50:05+00:00,0.325
2026-04-29 23:51:05+00:00,0.325
2026-04-29 23:52:08+00:00,0.325
2026-04-29 23:53:07+00:00,0.325
2026-04-29 23:54:05+00:00,0.325
2026-04-29 23:55:05+00:00,0.325
2026-04-29 23:56:04+00:00,0.325
2026-04-29 23:57:07+00:00,0.325
2026-04-29 23:58:06+00:00,0.325
2026-04-29 23:59:04+00:00,0.325
2026-04-30 00:00:15+00:00,0.325
2026-04-30 00:01:05+00:00,0.325
2026-04-30 00:02:07+00:00,0.325
2026-04-30 00:03:05+00:00,0.325
2026-04-30 00:04:06+00:00,0.325
2026-04-30 00:05:09+00:00,0.325
2026-04-30 00:06:07+00:00,0.325
2026-04-30 00:07:05+00:00,0.325
2026-04-30 00:08:05+00:00,0.325
2026-04-30 00:09:04+00:00,0.325
2026-04-30 00:10:04+00:00,0.325
2026-04-30 00:11:04+00:00,0.325
2026-04-30 00:12:07+00:00,0.325
2026-04-30 00:13:05+00:00,0.325
2026-04-30 00:14:04+00:00,0.325
2026-04-30 00:15:07+00:00,0.325
2026-04-30 00:16:07+00:00,0.325
2026-04-30 00:17:04+00:00,0.325
2026-04-30 00:18:07+00:00,0.325
2026-04-30 00:19:05+00:00,0.325
2026-04-30 00:20:06+00:00,0.325
2026-04-30 00:21:05+00:00,0.325
2026-04-30 00:22:06+00:00,0.325
2026-04-30 00:23:04+00:00,0.325
2026-04-30 00:24:04+00:00,0.325
2026-04-30 00:25:05+00:00,0.325
2026-04-30 00:26:05+00:00,0.325
2026-04-30 00:27:05+00:00,0.325
2026-04-30 00:28:04+00:00,0.325
2026-04-30 00:29:05+00:00,0.325
2026-04-30 00:30:19+00:00,0.325
2026-04-30 00:31:03+00:00,0.325
2026-04-30 00:32:03+00:00,0.325
2026-04-30 00:33:05+00:00,0.325
2026-04-30 00:34:05+00:00,0.325
2026-04-30 00:35:03+00:00,0.325
2026-04-30 00:36:03+00:00,0.325
2026-04-30 00:37:03+00:00,0.325
2026-04-30 00:38:04+00:00,0.325
2026-04-30 00:39:04+00:00,0.325
2026-04-30 00:40:05+00:00,0.325
2026-04-30 00:41:04+00:00,0.325
2026-04-30 00:42:06+00:00,0.325
2026-04-30 00:43:04+00:00,0.325
2026-04-30 00:44:04+00:00,0.325
2026-04-30 00:45:07+00:00,0.325
2026-04-30 00:46:06+00:00,0.325
2026-04-30 00:47:06+00:00,0.325
2026-04-30 00:48:05+00:00,0.325
2026-04-30 00:49:04+00:00,0.325
2026-04-30 00:50:04+00:00,0.325
2026-04-30 00:51:03+00:00,0.325
2026-04-30 00:52:04+00:00,0.325
2026-04-30 00:53:05+00:00,0.325
2026-04-30 00:54:04+00:00,0.325
2026-04-30 00:55:05+00:00,0.325
2026-04-30 00:56:04+00:00,0.325
2026-04-30 00:57:05+00:00,0.325
2026-04-30 00:58:05+00:00,0.325
2026-04-30 00:59:04+00:00,0.325
2026-04-30 01:00:21+00:00,0.325
2026-04-30 01:01:06+00:00,0.325
2026-04-30 01:02:04+00:00,0.325
2026-04-30 01:03:05+00:00,0.325
2026-04-30 01:04:04+00:00,0.325
2026-04-30 01:05:07+00:00,0.325
2026-04-30 01:06:06+00:00,0.325
2026-04-30 01:07:08+00:00,0.325
2026-04-30 01:08:05+00:00,0.325
2026-04-30 01:09:04+00:00,0.325
2026-04-30 01:10:04+00:00,0.325
2026-04-30 01:11:07+00:00,0.325
2026-04-30 01:12:04+00:00,0.325
2026-04-30 01:13:03+00:00,0.325
2026-04-30 01:14:04+00:00,0.325
2026-04-30 01:15:04+00:00,0.325
2026-04-30 01:16:04+00:00,0.325
2026-04-30 01:17:06+00:00,0.325
2026-04-30 01:18:04+00:00,0.325
2026-04-30 01:19:04+00:00,0.325
2026-04-30 01:20:04+00:00,0.325
2026-04-30 01:21:06+00:00,0.325
2026-04-30 01:22:04+00:00,0.325
2026-04-30 01:23:07+00:00,0.325
2026-04-30 01:24:04+00:00,0.325
2026-04-30 01:25:06+00:00,0.325
2026-04-30 01:26:07+00:00,0.325
2026-04-30 01:27:05+00:00,0.325
2026-04-30 01:28:06+00:00,0.325
2026-04-30 01:29:03+00:00,0.325
2026-04-30 01:30:07+00:00,0.325
2026-04-30 01:31:03+00:00,0.325
2026-04-30 01:32:05+00:00,0.325
2026-04-30 01:33:04+00:00,0.325
2026-04-30 01:34:04+00:00,0.325
2026-04-30 01:35:04+00:00,0.325
2026-04-30 01:36:18+00:00,0.325
2026-04-30 01:37:04+00:00,0.325
2026-04-30 01:38:05+00:00,0.325
2026-04-30 01:39:05+00:00,0.325
2026-04-30 01:40:08+00:00,0.325
2026-04-30 01:41:04+00:00,0.325
2026-04-30 01:42:04+00:00,0.325
2026-04-30 01:43:05+00:00,0.325
2026-04-30 01:44:04+00:00,0.325
2026-04-30 01:45:04+00:00,0.325
2026-04-30 01:46:10+00:00,0.325
2026-04-30 01:47:04+00:00,0.325
2026-04-30 01:48:05+00:00,0.325
2026-04-30 01:49:06+00:00,0.325
2026-04-30 01:50:05+00:00,0.325
2026-04-30 01:51:04+00:00,0.325
2026-04-30 01:52:03+00:00,0.325
2026-04-30 01:53:04+00:00,0.325
2026-04-30 01:54:04+00:00,0.325
2026-04-30 01:55:04+00:00,0.325
2026-04-30 01:56:03+00:00,0.325
2026-04-30 01:57:05+00:00,0.325
2026-04-30 01:58:05+00:00,0.325
2026-04-30 01:59:04+00:00,0.325
2026-04-30 02:00:05+00:00,0.325
2026-04-30 02:01:03+00:00,0.325
2026-04-30 02:02:03+00:00,0.325
2026-04-30 02:03:05+00:00,0.325
2026-04-30 02:04:04+00:00,0.325
2026-04-30 02:05:05+00:00,0.325
2026-04-30 02:06:05+00:00,0.325
2026-04-30 02:07:06+00:00,0.325
2026-04-30 02:08:07+00:00,0.325
2026-04-30 02:09:05+00:00,0.325
2026-04-30 02:10:04+00:00,0.325
2026-04-30 02:11:04+00:00,0.325
2026-04-30 02:12:05+00:00,0.325
2026-04-30 02:13:04+00:00,0.325
2026-04-30 02:14:05+00:00,0.325
2026-04-30 02:15:07+00:00,0.325
2026-04-30 02:16:04+00:00,0.325
2026-04-30 02:17:04+00:00,0.325
2026-04-30 02:18:05+00:00,0.325
2026-04-30 02:19:04+00:00,0.325
2026-04-30 02:20:10+00:00,0.325
2026-04-30 02:21:18+00:00,0.325
2026-04-30 02:22:07+00:00,0.325
2026-04-30 02:23:04+00:00,0.325
2026-04-30 02:24:04+00:00,0.325
2026-04-30 02:25:22+00:00,0.325
2026-04-30 02:26:04+00:00,0.325
2026-04-30 02:27:04+00:00,0.325
2026-04-30 02:28:04+00:00,0.325
2026-04-30 02:29:04+00:00,0.325
2026-04-30 02:30:05+00:00,0.325
2026-04-30 02:31:03+00:00,0.325
2026-04-30 02:32:03+00:00,0.325
2026-04-30 02:33:04+00:00,0.325
2026-04-30 02:34:03+00:00,0.325
2026-04-30 02:35:05+00:00,0.325
2026-04-30 02:36:05+00:00,0.325
2026-04-30 02:37:04+00:00,0.325
2026-04-30 02:38:03+00:00,0.325
2026-04-30 02:39:04+00:00,0.325
2026-04-30 02:40:05+00:00,0.325
2026-04-30 02:41:04+00:00,0.325
2026-04-30 02:42:04+00:00,0.325
2026-04-30 02:43:03+00:00,0.325
2026-04-30 02:44:04+00:00,0.325
2026-04-30 02:45:04+00:00,0.325
2026-04-30 02:46:04+00:00,0.325
2026-04-30 02:47:08+00:00,0.325
2026-04-30 02:48:08+00:00,0.325
2026-04-30 02:49:05+00:00,0.325
2026-04-30 02:50:04+00:00,0.325
2026-04-30 02:51:03+00:00,0.325
2026-04-30 02:52:03+00:00,0.325
2026-04-30 02:53:03+00:00,0.325
2026-04-30 02:54:04+00:00,0.325
2026-04-30 02:55:05+00:00,0.325
2026-04-30 02:56:04+00:00,0.325
2026-04-30 02:57:16+00:00,0.325
2026-04-30 02:58:04+00:00,0.325
2026-04-30 02:59:05+00:00,0.325
2026-04-30 03:00:08+00:00,0.325
2026-04-30 03:01:03+00:00,0.325
2026-04-30 03:02:04+00:00,0.325
2026-04-30 03:03:07+00:00,0.325
2026-04-30 03:04:04+00:00,0.325
2026-04-30 03:05:04+00:00,0.325
2026-04-30 03:06:04+00:00,0.325
2026-04-30 03:07:05+00:00,0.325
2026-04-30 03:08:08+00:00,0.325
2026-04-30 03:09:04+00:00,0.325
2026-04-30 03:10:04+00:00,0.325
2026-04-30 03:11:19+00:00,0.325
2026-04-30 03:12:04+00:00,0.325
2026-04-30 03:13:04+00:00,0.325
2026-04-30 03:14:07+00:00,0.325
2026-04-30 03:15:05+00:00,0.325
2026-04-30 03:16:04+00:00,0.325
2026-04-30 03:17:19+00:00,0.325
2026-04-30 03:18:03+00:00,0.325
2026-04-30 03:19:04+00:00,0.325
2026-04-30 03:20:04+00:00,0.325
2026-04-30 03:21:05+00:00,0.325
2026-04-30 03:22:04+00:00,0.325
2026-04-30 03:23:04+00:00,0.325
2026-04-30 03:24:04+00:00,0.325
2026-04-30 03:25:04+00:00,0.325
2026-04-30 03:26:04+00:00,0.325
2026-04-30 03:27:04+00:00,0.325
2026-04-30 03:28:04+00:00,0.325
2026-04-30 03:29:04+00:00,0.325
2026-04-30 03:30:05+00:00,0.325
2026-04-30 03:31:04+00:00,0.325
2026-04-30 03:32:03+00:00,0.325
2026-04-30 03:33:04+00:00,0.325
2026-04-30 03:34:06+00:00,0.325
2026-04-30 03:35:05+00:00,0.325
2026-04-30 03:36:04+00:00,0.325
2026-04-30 03:37:05+00:00,0.325
2026-04-30 03:38:03+00:00,0.325
2026-04-30 03:39:04+00:00,0.325
2026-04-30 03:40:07+00:00,0.325
2026-04-30 03:41:03+00:00,0.325
2026-04-30 03:42:04+00:00,0.325
2026-04-30 03:43:03+00:00,0.325
2026-04-30 03:44:05+00:00,0.325
2026-04-30 03:45:04+00:00,0.325
2026-04-30 03:46:03+00:00,0.325
2026-04-30 03:47:04+00:00,0.325
2026-04-30 03:48:05+00:00,0.325
2026-04-30 03:49:04+00:00,0.325
2026-04-30 03:50:04+00:00,0.325
2026-04-30 03:51:04+00:00,0.325
2026-04-30 03:52:03+00:00,0.325
2026-04-30 03:53:05+00:00,0.325
2026-04-30 03:54:05+00:00,0.325
2026-04-30 03:55:05+00:00,0.325
2026-04-30 03:56:04+00:00,0.325
2026-04-30 03:57:06+00:00,0.325
2026-04-30 03:58:05+00:00,0.325
2026-04-30 03:59:04+00:00,0.325
2026-04-30 04:00:05+00:00,0.325
2026-04-30 04:01:04+00:00,0.325
2026-04-30 04:02:03+00:00,0.325
2026-04-30 04:03:04+00:00,0.325
2026-04-30 04:04:05+00:00,0.325
2026-04-30 04:05:04+00:00,0.325
2026-04-30 04:06:09+00:00,0.325
2026-04-30 04:07:04+00:00,0.325
2026-04-30 04:08:04+00:00,0.325
2026-04-30 04:09:04+00:00,0.325
2026-04-30 04:10:05+00:00,0.325
2026-04-30 04:11:04+00:00,0.325
2026-04-30 04:12:18+00:00,0.325
2026-04-30 04:13:04+00:00,0.325
2026-04-30 04:14:05+00:00,0.325
2026-04-30 04:15:04+00:00,0.325
2026-04-30 04:16:04+00:00,0.325
2026-04-30 04:17:04+00:00,0.325
2026-04-30 04:18:05+00:00,0.325
2026-04-30 04:19:04+00:00,0.325
2026-04-30 04:20:05+00:00,0.325
2026-04-30 04:21:04+00:00,0.325
2026-04-30 04:22:06+00:00,0.325
2026-04-30 04:23:05+00:00,0.325
2026-04-30 04:24:05+00:00,0.325
2026-04-30 04:25:04+00:00,0.325
2026-04-30 04:26:10+00:00,0.325
2026-04-30 04:27:16+00:00,0.325
2026-04-30 04:28:06+00:00,0.325
2026-04-30 04:29:04+00:00,0.325
2026-04-30 04:30:08+00:00,0.325
2026-04-30 04:31:08+00:00,0.325
2026-04-30 04:32:05+00:00,0.325
2026-04-30 04:33:04+00:00,0.325
2026-04-30 04:34:05+00:00,0.325
2026-04-30 04:35:04+00:00,0.325
2026-04-30 04:36:05+00:00,0.325
2026-04-30 04:37:04+00:00,0.325
2026-04-30 04:38:05+00:00,0.325
2026-04-30 04:39:04+00:00,0.325
2026-04-30 04:40:04+00:00,0.325
2026-04-30 04:41:05+00:00,0.325
2026-04-30 04:42:04+00:00,0.325
2026-04-30 04:43:04+00:00,0.325
2026-04-30 04:44:05+00:00,0.325
2026-04-30 04:45:05+00:00,0.325
2026-04-30 04:46:04+00:00,0.325
2026-04-30 04:47:05+00:00,0.325
2026-04-30 04:48:04+00:00,0.325
2026-04-30 04:49:04+00:00,0.325
2026-04-30 04:50:07+00:00,0.325
2026-04-30 04:51:08+00:00,0.325
2026-04-30 04:52:07+00:00,0.325
2026-04-30 04:53:07+00:00,0.325
2026-04-30 04:54:06+00:00,0.325
2026-04-30 04:55:06+00:00,0.325
2026-04-30 04:56:18+00:00,0.325
2026-04-30 04:57:04+00:00,0.325
2026-04-30 04:58:04+00:00,0.325
2026-04-30 04:59:05+00:00,0.325
2026-04-30 05:00:06+00:00,0.325
2026-04-30 05:01:04+00:00,0.325
2026-04-30 05:02:20+00:00,0.325
2026-04-30 05:03:06+00:00,0.325
2026-04-30 05:04:04+00:00,0.325
2026-04-30 05:05:06+00:00,0.325
2026-04-30 05:06:06+00:00,0.325
2026-04-30 05:07:04+00:00,0.325
2026-04-30 05:08:05+00:00,0.325
2026-04-30 05:09:04+00:00,0.325
2026-04-30 05:10:05+00:00,0.325
2026-04-30 05:11:17+00:00,0.325
2026-04-30 05:12:04+00:00,0.325
2026-04-30 05:13:08+00:00,0.325
2026-04-30 05:14:24+00:00,0.325
2026-04-30 05:15:07+00:00,0.325
2026-04-30 05:16:06+00:00,0.325
2026-04-30 05:17:05+00:00,0.325
2026-04-30 05:18:04+00:00,0.325
2026-04-30 05:19:04+00:00,0.325
2026-04-30 05:20:05+00:00,0.325
2026-04-30 05:21:15+00:00,0.325
2026-04-30 05:22:04+00:00,0.325
2026-04-30 05:23:04+00:00,0.325
2026-04-30 05:24:05+00:00,0.325
2026-04-30 05:25:05+00:00,0.325
2026-04-30 05:26:04+00:00,0.325
2026-04-30 05:27:04+00:00,0.325
2026-04-30 05:28:17+00:00,0.325
2026-04-30 05:29:04+00:00,0.325
2026-04-30 05:30:09+00:00,0.325
2026-04-30 05:31:04+00:00,0.325
2026-04-30 05:32:04+00:00,0.325
2026-04-30 05:33:03+00:00,0.325
2026-04-30 05:34:04+00:00,0.325
2026-04-30 05:35:04+00:00,0.325
2026-04-30 05:36:04+00:00,0.325
2026-04-30 05:37:04+00:00,0.325
2026-04-30 05:38:05+00:00,0.325
2026-04-30 05:39:05+00:00,0.325
2026-04-30 05:40:04+00:00,0.325
2026-04-30 05:41:08+00:00,0.325
2026-04-30 05:42:06+00:00,0.325
2026-04-30 05:43:04+00:00,0.325
2026-04-30 05:44:05+00:00,0.325
2026-04-30 05:45:08+00:00,0.325
2026-04-30 05:46:20+00:00,0.325
2026-04-30 05:47:20+00:00,0.325
2026-04-30 05:48:07+00:00,0.325
2026-04-30 05:49:05+00:00,0.325
2026-04-30 05:50:07+00:00,0.325
2026-04-30 05:51:06+00:00,0.325
2026-04-30 05:52:04+00:00,0.325
2026-04-30 05:53:04+00:00,0.325
2026-04-30 05:54:05+00:00,0.325
2026-04-30 05:55:06+00:00,0.325
2026-04-30 05:56:07+00:00,0.325
2026-04-30 05:57:06+00:00,0.325
2026-04-30 05:58:05+00:00,0.325
2026-04-30 05:59:04+00:00,0.325
2026-04-30 06:00:09+00:00,0.325
2026-04-30 06:01:04+00:00,0.325
2026-04-30 06:02:04+00:00,0.325
2026-04-30 06:03:04+00:00,0.325
2026-04-30 06:04:05+00:00,0.325
2026-04-30 06:05:05+00:00,0.325
2026-04-30 06:06:04+00:00,0.325
2026-04-30 06:07:04+00:00,0.325
2026-04-30 06:08:03+00:00,0.325
2026-04-30 06:09:05+00:00,0.325
2026-04-30 06:10:18+00:00,0.325
2026-04-30 06:11:04+00:00,0.325
2026-04-30 06:12:04+00:00,0.325
2026-04-30 06:13:04+00:00,0.325
2026-04-30 06:14:05+00:00,0.325
2026-04-30 06:15:20+00:00,0.325
2026-04-30 06:16:08+00:00,0.325
2026-04-30 06:17:05+00:00,0.325
2026-04-30 06:18:06+00:00,0.325
2026-04-30 06:19:04+00:00,0.325
2026-04-30 06:20:04+00:00,0.325
2026-04-30 06:21:04+00:00,0.325
2026-04-30 06:22:04+00:00,0.325
2026-04-30 06:23:04+00:00,0.325
2026-04-30 06:24:05+00:00,0.325
2026-04-30 06:25:04+00:00,0.325
2026-04-30 06:26:04+00:00,0.325
2026-04-30 06:27:05+00:00,0.325
2026-04-30 06:28:05+00:00,0.325
2026-04-30 06:29:04+00:00,0.325
2026-04-30 06:30:06+00:00,0.325
2026-04-30 06:31:03+00:00,0.325
2026-04-30 06:32:03+00:00,0.325
2026-04-30 06:33:05+00:00,0.325
2026-04-30 06:34:07+00:00,0.325
2026-04-30 06:35:04+00:00,0.325
2026-04-30 06:36:05+00:00,0.325
2026-04-30 06:37:05+00:00,0.325
2026-04-30 06:38:05+00:00,0.325
2026-04-30 06:39:05+00:00,0.325
2026-04-30 06:40:04+00:00,0.325
2026-04-30 06:41:19+00:00,0.325
2026-04-30 06:42:15+00:00,0.325
2026-04-30 06:43:03+00:00,0.325
2026-04-30 06:44:05+00:00,0.325
2026-04-30 06:45:15+00:00,0.325
2026-04-30 06:46:04+00:00,0.325
2026-04-30 06:47:18+00:00,0.325
2026-04-30 06:48:06+00:00,0.325
2026-04-30 06:49:04+00:00,0.325
2026-04-30 06:50:06+00:00,0.325
2026-04-30 06:51:03+00:00,0.325
2026-04-30 06:52:04+00:00,0.325
2026-04-30 06:53:17+00:00,0.325
2026-04-30 06:54:04+00:00,0.325
2026-04-30 06:55:05+00:00,0.325
2026-04-30 06:56:05+00:00,0.325
2026-04-30 06:57:05+00:00,0.325
2026-04-30 06:58:04+00:00,0.325
2026-04-30 06:59:03+00:00,0.325
2026-04-30 07:00:09+00:00,0.325
2026-04-30 07:01:04+00:00,0.325
2026-04-30 07:02:08+00:00,0.325
2026-04-30 07:03:05+00:00,0.325
2026-04-30 07:04:05+00:00,0.325
2026-04-30 07:05:05+00:00,0.325
2026-04-30 07:06:05+00:00,0.325
2026-04-30 07:07:04+00:00,0.325
2026-04-30 07:08:04+00:00,0.325
2026-04-30 07:09:04+00:00,0.325
2026-04-30 07:10:05+00:00,0.325
2026-04-30 07:11:04+00:00,0.325
2026-04-30 07:12:16+00:00,0.325
2026-04-30 07:13:03+00:00,0.325
2026-04-30 07:14:04+00:00,0.325
2026-04-30 07:15:05+00:00,0.325
2026-04-30 07:16:11+00:00,0.325
2026-04-30 07:17:05+00:00,0.325
2026-04-30 07:18:04+00:00,0.325
2026-04-30 07:19:05+00:00,0.325
2026-04-30 07:20:05+00:00,0.325
2026-04-30 07:21:05+00:00,0.325
2026-04-30 07:22:05+00:00,0.325
2026-04-30 07:23:16+00:00,0.325
2026-04-30 07:24:04+00:00,0.325
2026-04-30 07:25:04+00:00,0.325
2026-04-30 07:26:19+00:00,0.325
2026-04-30 07:27:05+00:00,0.325
2026-04-30 07:28:04+00:00,0.325
2026-04-30 07:29:04+00:00,0.325
2026-04-30 07:30:06+00:00,0.325
2026-04-30 07:31:03+00:00,0.325
2026-04-30 07:32:04+00:00,0.325
2026-04-30 07:33:06+00:00,0.325
2026-04-30 07:34:18+00:00,0.325
2026-04-30 07:35:05+00:00,0.325
2026-04-30 07:36:04+00:00,0.325
2026-04-30 07:37:05+00:00,0.325
2026-04-30 07:38:04+00:00,0.325
2026-04-30 07:39:05+00:00,0.325
2026-04-30 07:40:07+00:00,0.325
2026-04-30 07:41:05+00:00,0.325
2026-04-30 07:42:04+00:00,0.325
2026-04-30 07:43:03+00:00,0.325
2026-04-30 07:44:05+00:00,0.325
2026-04-30 07:45:05+00:00,0.325
2026-04-30 07:46:04+00:00,0.325
2026-04-30 07:47:04+00:00,0.325
2026-04-30 07:48:05+00:00,0.325
2026-04-30 07:49:04+00:00,0.325
2026-04-30 07:50:05+00:00,0.325
2026-04-30 07:51:05+00:00,0.325
2026-04-30 07:52:07+00:00,0.325
2026-04-30 07:53:04+00:00,0.325
2026-04-30 07:54:05+00:00,0.325
2026-04-30 07:55:05+00:00,0.325
2026-04-30 07:56:04+00:00,0.325
2026-04-30 07:57:05+00:00,0.325
2026-04-30 07:58:04+00:00,0.325
2026-04-30 07:59:05+00:00,0.325
2026-04-30 08:00:05+00:00,0.325
2026-04-30 08:01:03+00:00,0.325
2026-04-30 08:02:18+00:00,0.325
2026-04-30 08:03:18+00:00,0.325
2026-04-30 08:04:06+00:00,0.325
2026-04-30 08:05:05+00:00,0.325
2026-04-30 08:06:04+00:00,0.325
2026-04-30 08:07:03+00:00,0.325
2026-04-30 08:08:04+00:00,0.325
2026-04-30 08:09:04+00:00,0.325
2026-04-30 08:10:04+00:00,0.325
2026-04-30 08:11:03+00:00,0.325
2026-04-30 08:12:04+00:00,0.325
2026-04-30 08:13:04+00:00,0.325
2026-04-30 08:14:05+00:00,0.325
2026-04-30 08:15:08+00:00,0.325
2026-04-30 08:16:04+00:00,0.325
2026-04-30 08:17:04+00:00,0.325
2026-04-30 08:18:05+00:00,0.325
2026-04-30 08:19:05+00:00,0.325
2026-04-30 08:20:05+00:00,0.325
2026-04-30 08:21:03+00:00,0.325
2026-04-30 08:22:04+00:00,0.325
2026-04-30 08:23:04+00:00,0.325
2026-04-30 08:24:05+00:00,0.325
2026-04-30 08:25:04+00:00,0.325
2026-04-30 08:26:18+00:00,0.325
2026-04-30 08:27:04+00:00,0.325
2026-04-30 08:28:04+00:00,0.325
2026-04-30 08:29:04+00:00,0.325
2026-04-30 08:30:05+00:00,0.325
2026-04-30 08:31:04+00:00,0.325
2026-04-30 08:32:04+00:00,0.325
2026-04-30 08:33:07+00:00,0.325
2026-04-30 08:34:08+00:00,0.325
2026-04-30 08:35:06+00:00,0.325
2026-04-30 08:36:04+00:00,0.325
2026-04-30 08:37:04+00:00,0.325
2026-04-30 08:38:04+00:00,0.325
2026-04-30 08:39:04+00:00,0.325
2026-04-30 08:40:05+00:00,0.325
2026-04-30 08:41:04+00:00,0.325
2026-04-30 08:42:04+00:00,0.325
2026-04-30 08:43:04+00:00,0.325
2026-04-30 08:44:05+00:00,0.325
2026-04-30 08:45:05+00:00,0.325
2026-04-30 08:46:05+00:00,0.325
2026-04-30 08:47:06+00:00,0.325
2026-04-30 08:48:04+00:00,0.325
2026-04-30 08:49:04+00:00,0.325
2026-04-30 08:50:06+00:00,0.325
2026-04-30 08:51:04+00:00,0.325
2026-04-30 08:52:04+00:00,0.325
2026-04-30 08:53:05+00:00,0.325
2026-04-30 08:54:04+00:00,0.325
2026-04-30 08:55:04+00:00,0.325
2026-04-30 08:56:03+00:00,0.325
2026-04-30 08:57:05+00:00,0.325
2026-04-30 08:58:05+00:00,0.325
2026-04-30 08:59:04+00:00,0.325
2026-04-30 09:00:15+00:00,0.325
2026-04-30 09:01:04+00:00,0.325
2026-04-30 09:02:15+00:00,0.325
2026-04-30 09:03:16+00:00,0.325
2026-04-30 09:04:04+00:00,0.325
2026-04-30 09:05:05+00:00,0.325
2026-04-30 09:06:05+00:00,0.325
2026-04-30 09:07:16+00:00,0.325
2026-04-30 09:08:04+00:00,0.325
2026-04-30 09:09:19+00:00,0.325
2026-04-30 09:10:04+00:00,0.325
2026-04-30 09:11:03+00:00,0.325
2026-04-30 09:12:04+00:00,0.325
2026-04-30 09:13:03+00:00,0.325
2026-04-30 09:14:04+00:00,0.325
2026-04-30 09:15:06+00:00,0.325
2026-04-30 09:16:08+00:00,0.325
2026-04-30 09:17:04+00:00,0.325
2026-04-30 09:18:05+00:00,0.325
2026-04-30 09:19:04+00:00,0.325
2026-04-30 09:20:05+00:00,0.325
2026-04-30 09:21:04+00:00,0.325
2026-04-30 09:22:04+00:00,0.325
2026-04-30 09:23:03+00:00,0.325
2026-04-30 09:24:19+00:00,0.325
2026-04-30 09:25:05+00:00,0.325
2026-04-30 09:26:08+00:00,0.325
2026-04-30 09:27:05+00:00,0.325
2026-04-30 09:28:05+00:00,0.325
2026-04-30 09:29:04+00:00,0.325
2026-04-30 09:30:06+00:00,0.325
2026-04-30 09:31:05+00:00,0.325
2026-04-30 09:32:05+00:00,0.325
2026-04-30 09:33:16+00:00,0.325
2026-04-30 09:34:19+00:00,0.325
2026-04-30 09:35:16+00:00,0.325
2026-04-30 09:36:03+00:00,0.325
2026-04-30 09:37:05+00:00,0.325
2026-04-30 09:38:05+00:00,0.325
2026-04-30 09:39:05+00:00,0.325
2026-04-30 09:40:06+00:00,0.325
2026-04-30 09:41:05+00:00,0.325
2026-04-30 09:42:06+00:00,0.325
2026-04-30 09:43:04+00:00,0.325
2026-04-30 09:44:05+00:00,0.325
2026-04-30 09:45:06+00:00,0.325
2026-04-30 09:46:05+00:00,0.325
2026-04-30 09:47:14+00:00,0.325
2026-04-30 09:48:04+00:00,0.325
2026-04-30 09:49:05+00:00,0.325
2026-04-30 09:50:06+00:00,0.325
2026-04-30 09:51:05+00:00,0.325
2026-04-30 09:52:07+00:00,0.325
2026-04-30 09:53:04+00:00,0.325
2026-04-30 09:54:05+00:00,0.325
2026-04-30 09:55:10+00:00,0.325
2026-04-30 09:56:04+00:00,0.325
2026-04-30 09:57:07+00:00,0.325
2026-04-30 09:58:04+00:00,0.325
2026-04-30 09:59:05+00:00,0.325
2026-04-30 10:00:18+00:00,0.325
2026-04-30 10:01:04+00:00,0.325
2026-04-30 10:02:15+00:00,0.325
2026-04-30 10:03:04+00:00,0.325
2026-04-30 10:04:05+00:00,0.325
2026-04-30 10:05:05+00:00,0.325
2026-04-30 10:06:06+00:00,0.325
2026-04-30 10:07:09+00:00,0.325
2026-04-30 10:08:04+00:00,0.325
2026-04-30 10:09:05+00:00,0.325
2026-04-30 10:10:04+00:00,0.325
2026-04-30 10:11:04+00:00,0.325
2026-04-30 10:12:04+00:00,0.325
2026-04-30 10:13:03+00:00,0.325
2026-04-30 10:14:04+00:00,0.325
2026-04-30 10:15:04+00:00,0.325
2026-04-30 10:16:06+00:00,0.325
2026-04-30 10:17:08+00:00,0.325
2026-04-30 10:18:04+00:00,0.325
2026-04-30 10:19:04+00:00,0.325
2026-04-30 10:20:15+00:00,0.325
2026-04-30 10:21:07+00:00,0.325
2026-04-30 10:22:04+00:00,0.325
2026-04-30 10:23:04+00:00,0.325
2026-04-30 10:24:05+00:00,0.325
2026-04-30 10:25:05+00:00,0.325
2026-04-30 10:26:04+00:00,0.325
2026-04-30 10:27:04+00:00,0.325
2026-04-30 10:28:04+00:00,0.325
2026-04-30 10:29:04+00:00,0.325
2026-04-30 10:30:08+00:00,0.325
2026-04-30 10:31:04+00:00,0.325
2026-04-30 10:32:04+00:00,0.325
2026-04-30 10:33:04+00:00,0.325
2026-04-30 10:34:04+00:00,0.325
2026-04-30 10:35:05+00:00,0.325
2026-04-30 10:36:04+00:00,0.325
2026-04-30 10:37:04+00:00,0.325
2026-04-30 10:38:04+00:00,0.325
2026-04-30 10:39:05+00:00,0.325
2026-04-30 10:40:08+00:00,0.325
2026-04-30 10:41:04+00:00,0.325
2026-04-30 10:42:04+00:00,0.325
2026-04-30 10:43:06+00:00,0.325
2026-04-30 10:44:04+00:00,0.325
2026-04-30 10:45:04+00:00,0.325
2026-04-30 10:46:04+00:00,0.325
2026-04-30 10:47:05+00:00,0.325
2026-04-30 10:48:05+00:00,0.325
2026-04-30 10:49:05+00:00,0.325
2026-04-30 10:50:06+00:00,0.325
2026-04-30 10:51:04+00:00,0.325
2026-04-30 10:52:04+00:00,0.325
2026-04-30 10:53:06+00:00,0.325
2026-04-30 10:54:05+00:00,0.325
2026-04-30 10:55:04+00:00,0.325
2026-04-30 10:56:07+00:00,0.325
2026-04-30 10:57:06+00:00,0.325
2026-04-30 10:58:06+00:00,0.325
2026-04-30 10:59:05+00:00,0.325
2026-04-30 11:00:19+00:00,0.325
2026-04-30 11:01:07+00:00,0.325
2026-04-30 11:02:08+00:00,0.325
2026-04-30 11:03:06+00:00,0.325
2026-04-30 11:04:04+00:00,0.325
2026-04-30 11:05:05+00:00,0.325
2026-04-30 11:06:07+00:00,0.325
2026-04-30 11:07:07+00:00,0.325
2026-04-30 11:08:06+00:00,0.325
2026-04-30 11:09:07+00:00,0.325
2026-04-30 11:10:06+00:00,0.325
2026-04-30 11:11:05+00:00,0.325
2026-04-30 11:12:05+00:00,0.325
2026-04-30 11:13:08+00:00,0.325
2026-04-30 11:14:05+00:00,0.325
2026-04-30 11:15:06+00:00,0.325
2026-04-30 11:16:04+00:00,0.325
2026-04-30 11:17:05+00:00,0.325
2026-04-30 11:18:08+00:00,0.325
2026-04-30 11:19:06+00:00,0.325
2026-04-30 11:20:05+00:00,0.325
2026-04-30 11:21:04+00:00,0.325
2026-04-30 11:22:04+00:00,0.325
2026-04-30 11:23:04+00:00,0.325
2026-04-30 11:24:04+00:00,0.325
2026-04-30 11:25:04+00:00,0.325
2026-04-30 11:26:04+00:00,0.325
2026-04-30 11:27:05+00:00,0.325
2026-04-30 11:28:05+00:00,0.325
2026-04-30 11:29:05+00:00,0.325
2026-04-30 11:30:06+00:00,0.325
2026-04-30 11:31:06+00:00,0.325
2026-04-30 11:32:08+00:00,0.325
2026-04-30 11:33:08+00:00,0.325
2026-04-30 11:34:04+00:00,0.325
2026-04-30 11:35:06+00:00,0.325
2026-04-30 11:36:17+00:00,0.325
2026-04-30 11:37:19+00:00,0.325
2026-04-30 11:38:22+00:00,0.325
2026-04-30 11:39:05+00:00,0.325
2026-04-30 11:40:12+00:00,0.325
2026-04-30 11:41:04+00:00,0.325
2026-04-30 11:42:04+00:00,0.325
2026-04-30 11:43:05+00:00,0.325
2026-04-30 11:44:05+00:00,0.325
2026-04-30 11:45:07+00:00,0.325
2026-04-30 11:46:07+00:00,0.325
2026-04-30 11:47:07+00:00,0.325
2026-04-30 11:48:06+00:00,0.325
2026-04-30 11:49:06+00:00,0.325
2026-04-30 11:50:05+00:00,0.325
2026-04-30 11:51:03+00:00,0.325
2026-04-30 11:52:04+00:00,0.325
2026-04-30 11:53:05+00:00,0.325
2026-04-30 11:54:05+00:00,0.325
2026-04-30 11:55:04+00:00,0.325
2026-04-30 11:56:04+00:00,0.325
2026-04-30 11:57:04+00:00,0.325
2026-04-30 11:58:05+00:00,0.325
2026-04-30 11:59:06+00:00,0.325
2026-04-30 12:00:14+00:00,0.325
2026-04-30 12:01:03+00:00,0.325
2026-04-30 12:02:04+00:00,0.325
2026-04-30 12:03:03+00:00,0.325
2026-04-30 12:04:05+00:00,0.325
2026-04-30 12:05:05+00:00,0.325
2026-04-30 12:06:07+00:00,0.325
2026-04-30 12:07:04+00:00,0.325
2026-04-30 12:08:06+00:00,0.325
2026-04-30 12:09:04+00:00,0.325
2026-04-30 12:10:06+00:00,0.325
2026-04-30 12:11:04+00:00,0.325
2026-04-30 12:12:04+00:00,0.325
2026-04-30 12:13:04+00:00,0.325
2026-04-30 12:14:04+00:00,0.325
2026-04-30 12:15:05+00:00,0.325
2026-04-30 12:16:04+00:00,0.325
2026-04-30 12:17:05+00:00,0.325
2026-04-30 12:18:04+00:00,0.325
2026-04-30 12:19:04+00:00,0.325
2026-04-30 12:20:05+00:00,0.325
2026-04-30 12:21:04+00:00,0.325
2026-04-30 12:22:05+00:00,0.325
2026-04-30 12:23:04+00:00,0.325
2026-04-30 12:24:04+00:00,0.325
2026-04-30 12:25:18+00:00,0.325
2026-04-30 12:26:04+00:00,0.325
2026-04-30 12:27:04+00:00,0.325
2026-04-30 12:28:04+00:00,0.325
2026-04-30 12:29:04+00:00,0.325
2026-04-30 12:30:05+00:00,0.325
2026-04-30 12:31:06+00:00,0.325
2026-04-30 12:32:10+00:00,0.325
2026-04-30 12:33:05+00:00,0.325
2026-04-30 12:34:05+00:00,0.325
2026-04-30 12:35:04+00:00,0.325
2026-04-30 12:36:04+00:00,0.325
2026-04-30 12:37:04+00:00,0.325
2026-04-30 12:38:04+00:00,0.325
2026-04-30 12:39:03+00:00,0.325
2026-04-30 12:40:04+00:00,0.325
2026-04-30 12:41:05+00:00,0.325
2026-04-30 12:42:04+00:00,0.325
2026-04-30 12:43:05+00:00,0.325
2026-04-30 12:44:05+00:00,0.325
2026-04-30 12:45:04+00:00,0.325
2026-04-30 12:46:04+00:00,0.325
2026-04-30 12:47:04+00:00,0.325
2026-04-30 12:48:03+00:00,0.325
2026-04-30 12:49:03+00:00,0.325
2026-04-30 12:50:05+00:00,0.325
2026-04-30 12:51:05+00:00,0.325
2026-04-30 12:52:04+00:00,0.325
2026-04-30 12:53:04+00:00,0.325
2026-04-30 12:54:05+00:00,0.325
2026-04-30 12:55:05+00:00,0.325
2026-04-30 12:56:04+00:00,0.325
2026-04-30 12:57:04+00:00,0.325
2026-04-30 12:58:07+00:00,0.325
2026-04-30 12:59:04+00:00,0.325
2026-04-30 13:00:06+00:00,0.325
2026-04-30 13:01:04+00:00,0.325
2026-04-30 13:02:03+00:00,0.325
2026-04-30 13:03:04+00:00,0.325
2026-04-30 13:04:19+00:00,0.325
2026-04-30 13:05:05+00:00,0.325
2026-04-30 13:06:07+00:00,0.325
2026-04-30 13:07:04+00:00,0.325
2026-04-30 13:08:04+00:00,0.325
2026-04-30 13:09:05+00:00,0.325
2026-04-30 13:10:04+00:00,0.325
2026-04-30 13:11:04+00:00,0.325
2026-04-30 13:12:04+00:00,0.325
2026-04-30 13:13:04+00:00,0.325
2026-04-30 13:14:11+00:00,0.325
2026-04-30 13:15:17+00:00,0.325
2026-04-30 13:16:04+00:00,0.325
2026-04-30 13:17:04+00:00,0.325
2026-04-30 13:18:04+00:00,0.325
2026-04-30 13:19:04+00:00,0.325
2026-04-30 13:20:05+00:00,0.325
2026-04-30 13:21:04+00:00,0.325
2026-04-30 13:22:06+00:00,0.325
2026-04-30 13:23:04+00:00,0.325
2026-04-30 13:24:07+00:00,0.325
2026-04-30 13:25:05+00:00,0.325
2026-04-30 13:26:16+00:00,0.325
2026-04-30 13:27:04+00:00,0.325
2026-04-30 13:28:05+00:00,0.325
2026-04-30 13:29:04+00:00,0.325
2026-04-30 13:30:07+00:00,0.325
2026-04-30 13:31:05+00:00,0.325
2026-04-30 13:32:04+00:00,0.325
2026-04-30 13:33:08+00:00,0.325
2026-04-30 13:34:04+00:00,0.325
2026-04-30 13:35:05+00:00,0.325
2026-04-30 13:36:05+00:00,0.325
2026-04-30 13:37:04+00:00,0.325
2026-04-30 13:38:04+00:00,0.325
2026-04-30 13:39:04+00:00,0.325
2026-04-30 13:40:04+00:00,0.325
2026-04-30 13:41:04+00:00,0.325
2026-04-30 13:42:04+00:00,0.325
2026-04-30 13:43:05+00:00,0.325
2026-04-30 13:44:04+00:00,0.325
2026-04-30 13:45:09+00:00,0.325
2026-04-30 13:46:04+00:00,0.325
2026-04-30 13:47:06+00:00,0.325
2026-04-30 13:48:03+00:00,0.325
2026-04-30 13:49:05+00:00,0.325
2026-04-30 13:50:06+00:00,0.325
2026-04-30 13:51:05+00:00,0.325
2026-04-30 13:52:04+00:00,0.325
2026-04-30 13:53:05+00:00,0.325
2026-04-30 13:54:06+00:00,0.325
2026-04-30 13:55:08+00:00,0.325
2026-04-30 13:56:05+00:00,0.325
2026-04-30 13:57:04+00:00,0.325
2026-04-30 13:58:04+00:00,0.325
2026-04-30 13:59:08+00:00,0.325
2026-04-30 14:00:07+00:00,0.325
2026-04-30 14:01:04+00:00,0.325
2026-04-30 14:02:04+00:00,0.325
2026-04-30 14:03:04+00:00,0.325
2026-04-30 14:04:05+00:00,0.325
2026-04-30 14:05:07+00:00,0.325
2026-04-30 14:06:05+00:00,0.325
2026-04-30 14:07:07+00:00,0.325
2026-04-30 14:08:05+00:00,0.325
2026-04-30 14:09:05+00:00,0.325
2026-04-30 14:10:04+00:00,0.325
2026-04-30 14:11:04+00:00,0.325
2026-04-30 14:12:03+00:00,0.325
2026-04-30 14:13:03+00:00,0.325
2026-04-30 14:14:05+00:00,0.325
2026-04-30 14:15:04+00:00,0.325
2026-04-30 14:16:06+00:00,0.325
2026-04-30 14:17:05+00:00,0.325
2026-04-30 14:18:05+00:00,0.325
2026-04-30 14:19:05+00:00,0.325
2026-04-30 14:20:08+00:00,0.325
2026-04-30 14:21:04+00:00,0.325
2026-04-30 14:22:04+00:00,0.325
2026-04-30 14:23:19+00:00,0.325
2026-04-30 14:24:06+00:00,0.325
2026-04-30 14:25:09+00:00,0.325
2026-04-30 14:26:05+00:00,0.325
2026-04-30 14:27:04+00:00,0.325
2026-04-30 14:28:16+00:00,0.325
2026-04-30 14:29:03+00:00,0.325
2026-04-30 14:30:07+00:00,0.325
2026-04-30 14:31:05+00:00,0.325
2026-04-30 14:32:06+00:00,0.325
2026-04-30 14:33:04+00:00,0.325
2026-04-30 14:34:07+00:00,0.325
2026-04-30 14:35:19+00:00,0.325
2026-04-30 14:36:09+00:00,0.325
2026-04-30 14:37:06+00:00,0.325
2026-04-30 14:38:05+00:00,0.325
2026-04-30 14:39:05+00:00,0.325
2026-04-30 14:40:05+00:00,0.325
2026-04-30 14:41:04+00:00,0.325
2026-04-30 14:42:04+00:00,0.325
2026-04-30 14:43:04+00:00,0.325
2026-04-30 14:44:04+00:00,0.325
2026-04-30 14:45:04+00:00,0.325
2026-04-30 14:46:04+00:00,0.325
2026-04-30 14:47:07+00:00,0.325
2026-04-30 14:48:05+00:00,0.325
2026-04-30 14:49:05+00:00,0.325
2026-04-30 14:50:05+00:00,0.325
2026-04-30 14:51:05+00:00,0.325
2026-04-30 14:52:05+00:00,0.325
2026-04-30 14:53:05+00:00,0.325
2026-04-30 14:54:03+00:00,0.325
2026-04-30 14:55:06+00:00,0.325
2026-04-30 14:56:04+00:00,0.325
2026-04-30 14:57:06+00:00,0.325
2026-04-30 14:58:05+00:00,0.325
2026-04-30 14:59:06+00:00,0.325
2026-04-30 15:00:11+00:00,0.325
2026-04-30 15:01:04+00:00,0.325
2026-04-30 15:02:08+00:00,0.325
2026-04-30 15:03:16+00:00,0.325
2026-04-30 15:04:05+00:00,0.325
2026-04-30 15:05:06+00:00,0.325
2026-04-30 15:06:05+00:00,0.325
2026-04-30 15:07:17+00:00,0.325
2026-04-30 15:08:07+00:00,0.325
2026-04-30 15:09:05+00:00,0.325
2026-04-30 15:10:06+00:00,0.325
2026-04-30 15:11:04+00:00,0.325
2026-04-30 15:12:06+00:00,0.325
2026-04-30 15:13:04+00:00,0.325
2026-04-30 15:14:04+00:00,0.325
2026-04-30 15:15:06+00:00,0.315
2026-04-30 15:16:04+00:00,0.315
2026-04-30 15:17:05+00:00,0.315
2026-04-30 15:18:05+00:00,0.315
2026-04-30 15:19:05+00:00,0.315
2026-04-30 15:20:06+00:00,0.315
2026-04-30 15:21:21+00:00,0.315
2026-04-30 15:22:05+00:00,0.315
2026-04-30 15:23:04+00:00,0.315
2026-04-30 15:24:04+00:00,0.315
2026-04-30 15:25:05+00:00,0.315
2026-04-30 15:26:05+00:00,0.315
2026-04-30 15:27:04+00:00,0.315
2026-04-30 15:28:06+00:00,0.315
2026-04-30 15:29:04+00:00,0.315
2026-04-30 15:30:07+00:00,0.315
2026-04-30 15:31:06+00:00,0.315
2026-04-30 15:32:07+00:00,0.315
2026-04-30 15:33:04+00:00,0.315
2026-04-30 15:34:04+00:00,0.315
2026-04-30 15:35:20+00:00,0.315
2026-04-30 15:36:04+00:00,0.315
2026-04-30 15:37:17+00:00,0.315
2026-04-30 15:38:04+00:00,0.315
2026-04-30 15:39:04+00:00,0.315
2026-04-30 15:40:04+00:00,0.315
2026-04-30 15:41:05+00:00,0.315
2026-04-30 15:42:04+00:00,0.315
2026-04-30 15:43:04+00:00,0.315
2026-04-30 15:44:05+00:00,0.315
2026-04-30 15:45:05+00:00,0.315
2026-04-30 15:46:06+00:00,0.315
2026-04-30 15:47:05+00:00,0.315
2026-04-30 15:48:05+00:00,0.315
2026-04-30 15:49:05+00:00,0.315
2026-04-30 15:50:05+00:00,0.315
2026-04-30 15:51:05+00:00,0.315
2026-04-30 15:52:04+00:00,0.315
2026-04-30 15:53:18+00:00,0.315
2026-04-30 15:54:08+00:00,0.315
2026-04-30 15:55:18+00:00,0.315
2026-04-30 15:56:18+00:00,0.315
2026-04-30 15:57:05+00:00,0.315
2026-04-30 15:58:05+00:00,0.315
2026-04-30 15:59:04+00:00,0.315
2026-04-30 16:00:06+00:00,0.315
2026-04-30 16:01:04+00:00,0.315
2026-04-30 16:02:06+00:00,0.315
2026-04-30 16:03:06+00:00,0.315
2026-04-30 16:04:05+00:00,0.315
2026-04-30 16:05:07+00:00,0.315
2026-04-30 16:06:18+00:00,0.315
2026-04-30 16:07:07+00:00,0.315
2026-04-30 16:08:05+00:00,0.315
2026-04-30 16:09:04+00:00,0.315
2026-04-30 16:10:05+00:00,0.315
2026-04-30 16:11:06+00:00,0.315
2026-04-30 16:12:22+00:00,0.315
2026-04-30 16:13:19+00:00,0.315
2026-04-30 16:14:05+00:00,0.315
2026-04-30 16:15:06+00:00,0.315
2026-04-30 16:16:05+00:00,0.315
2026-04-30 16:17:16+00:00,0.315
2026-04-30 16:18:05+00:00,0.315
2026-04-30 16:19:05+00:00,0.315
2026-04-30 16:20:09+00:00,0.315
2026-04-30 16:21:09+00:00,0.315
2026-04-30 16:22:05+00:00,0.315
2026-04-30 16:23:08+00:00,0.315
2026-04-30 16:24:05+00:00,0.315
2026-04-30 16:25:05+00:00,0.315
2026-04-30 16:26:05+00:00,0.315
2026-04-30 16:27:04+00:00,0.315
2026-04-30 16:28:05+00:00,0.315
2026-04-30 16:29:04+00:00,0.315
2026-04-30 16:30:22+00:00,0.315
2026-04-30 16:31:07+00:00,0.315
2026-04-30 16:32:04+00:00,0.315
2026-04-30 16:33:19+00:00,0.315
2026-04-30 16:34:04+00:00,0.315
2026-04-30 16:35:05+00:00,0.315
2026-04-30 16:36:19+00:00,0.315
2026-04-30 16:37:18+00:00,0.315
2026-04-30 16:38:05+00:00,0.315
2026-04-30 16:39:07+00:00,0.315
2026-04-30 16:40:06+00:00,0.315
2026-04-30 16:41:05+00:00,0.315
2026-04-30 16:42:07+00:00,0.315
2026-04-30 16:43:03+00:00,0.315
2026-04-30 16:44:05+00:00,0.315
2026-04-30 16:45:07+00:00,0.315
2026-04-30 16:46:11+00:00,0.315
2026-04-30 16:47:05+00:00,0.315
2026-04-30 16:48:06+00:00,0.315
2026-04-30 16:49:06+00:00,0.315
2026-04-30 16:50:07+00:00,0.315
2026-04-30 16:51:06+00:00,0.315
2026-04-30 16:52:07+00:00,0.315
2026-04-30 16:53:24+00:00,0.315
2026-04-30 16:54:04+00:00,0.315
2026-04-30 16:55:04+00:00,0.315
2026-04-30 16:56:05+00:00,0.315
2026-04-30 16:57:07+00:00,0.315
2026-04-30 16:58:05+00:00,0.315
2026-04-30 16:59:05+00:00,0.315
2026-04-30 17:00:15+00:00,0.315
2026-04-30 17:01:06+00:00,0.315
2026-04-30 17:02:04+00:00,0.315
2026-04-30 17:03:06+00:00,0.315
2026-04-30 17:04:04+00:00,0.315
2026-04-30 17:05:06+00:00,0.315
2026-04-30 17:06:06+00:00,0.315
2026-04-30 17:07:07+00:00,0.315
2026-04-30 17:08:04+00:00,0.315
2026-04-30 17:09:04+00:00,0.315
2026-04-30 17:10:19+00:00,0.315
2026-04-30 17:11:05+00:00,0.315
2026-04-30 17:12:04+00:00,0.315
2026-04-30 17:13:04+00:00,0.315
2026-04-30 17:14:05+00:00,0.315
2026-04-30 17:15:08+00:00,0.315
2026-04-30 17:16:04+00:00,0.315
2026-04-30 17:17:06+00:00,0.315
2026-04-30 17:18:04+00:00,0.315
2026-04-30 17:19:04+00:00,0.315
2026-04-30 17:20:10+00:00,0.315
2026-04-30 17:21:17+00:00,0.315
2026-04-30 17:22:05+00:00,0.315
2026-04-30 17:23:06+00:00,0.315
2026-04-30 17:24:18+00:00,0.315
2026-04-30 17:25:07+00:00,0.315
2026-04-30 17:26:04+00:00,0.315
2026-04-30 17:27:05+00:00,0.315
2026-04-30 17:28:04+00:00,0.315
2026-04-30 17:29:05+00:00,0.315
2026-04-30 17:30:07+00:00,0.315
2026-04-30 17:31:04+00:00,0.315
2026-04-30 17:32:07+00:00,0.315
2026-04-30 17:33:06+00:00,0.315
2026-04-30 17:34:06+00:00,0.315
2026-04-30 17:35:07+00:00,0.315
2026-04-30 17:36:04+00:00,0.315
2026-04-30 17:37:05+00:00,0.315
2026-04-30 17:38:04+00:00,0.315
2026-04-30 17:39:07+00:00,0.315
2026-04-30 17:40:08+00:00,0.315
2026-04-30 17:41:07+00:00,0.315
2026-04-30 17:42:05+00:00,0.315
2026-04-30 17:43:04+00:00,0.315
2026-04-30 17:44:06+00:00,0.315
2026-04-30 17:45:08+00:00,0.315
2026-04-30 17:46:08+00:00,0.315
2026-04-30 17:47:17+00:00,0.315
2026-04-30 17:48:05+00:00,0.315
2026-04-30 17:49:05+00:00,0.315
2026-04-30 17:50:06+00:00,0.315
2026-04-30 17:51:05+00:00,0.315
2026-04-30 17:52:04+00:00,0.315
2026-04-30 17:53:04+00:00,0.315
2026-04-30 17:54:05+00:00,0.315
2026-04-30 17:55:05+00:00,0.315
2026-04-30 17:56:06+00:00,0.315
2026-04-30 17:57:05+00:00,0.315
2026-04-30 17:58:05+00:00,0.315
2026-04-30 17:59:05+00:00,0.315
2026-04-30 18:00:11+00:00,0.315
2026-04-30 18:01:05+00:00,0.315
2026-04-30 18:02:04+00:00,0.315
2026-04-30 18:03:05+00:00,0.315
2026-04-30 18:04:05+00:00,0.315
2026-04-30 18:05:06+00:00,0.315
2026-04-30 18:06:17+00:00,0.315
2026-04-30 18:07:05+00:00,0.315
2026-04-30 18:08:04+00:00,0.315
2026-04-30 18:09:05+00:00,0.315
2026-04-30 18:10:05+00:00,0.315
2026-04-30 18:11:04+00:00,0.315
2026-04-30 18:12:06+00:00,0.315
2026-04-30 18:13:04+00:00,0.315
2026-04-30 18:14:05+00:00,0.315
2026-04-30 18:15:07+00:00,0.315
2026-04-30 18:16:04+00:00,0.315
2026-04-30 18:17:05+00:00,0.315
2026-04-30 18:18:19+00:00,0.315
2026-04-30 18:19:05+00:00,0.315
2026-04-30 18:20:06+00:00,0.315
2026-04-30 18:21:04+00:00,0.315
2026-04-30 18:22:05+00:00,0.315
2026-04-30 18:23:04+00:00,0.315
2026-04-30 18:24:05+00:00,0.315
2026-04-30 18:25:05+00:00,0.315
2026-04-30 18:26:05+00:00,0.315
2026-04-30 18:27:05+00:00,0.315
2026-04-30 18:28:04+00:00,0.315
2026-04-30 18:29:04+00:00,0.315
2026-04-30 18:30:09+00:00,0.315
2026-04-30 18:31:04+00:00,0.315
2026-04-30 18:32:04+00:00,0.315
2026-04-30 18:33:18+00:00,0.315
2026-04-30 18:34:04+00:00,0.315
2026-04-30 18:35:05+00:00,0.315
2026-04-30 18:36:06+00:00,0.315
2026-04-30 18:37:18+00:00,0.315
2026-04-30 18:38:23+00:00,0.315
2026-04-30 18:39:21+00:00,0.315
2026-04-30 18:40:20+00:00,0.315
2026-04-30 18:41:04+00:00,0.315
2026-04-30 18:42:05+00:00,0.315
2026-04-30 18:43:04+00:00,0.315
2026-04-30 18:44:04+00:00,0.315
2026-04-30 18:45:06+00:00,0.315
2026-04-30 18:46:05+00:00,0.315
2026-04-30 18:47:05+00:00,0.315
2026-04-30 18:48:05+00:00,0.315
2026-04-30 18:49:08+00:00,0.315
2026-04-30 18:50:05+00:00,0.315
2026-04-30 18:51:04+00:00,0.315
2026-04-30 18:52:03+00:00,0.315
2026-04-30 18:53:07+00:00,0.315
2026-04-30 18:54:07+00:00,0.315
2026-04-30 18:55:06+00:00,0.315
2026-04-30 18:56:05+00:00,0.315
2026-04-30 18:57:08+00:00,0.315
2026-04-30 18:58:05+00:00,0.315
2026-04-30 18:59:03+00:00,0.315
2026-04-30 19:00:08+00:00,0.315
2026-04-30 19:01:04+00:00,0.315
2026-04-30 19:02:08+00:00,0.315
2026-04-30 19:03:04+00:00,0.315
2026-04-30 19:04:05+00:00,0.315
2026-04-30 19:05:08+00:00,0.315
2026-04-30 19:06:05+00:00,0.315
2026-04-30 19:07:04+00:00,0.315
2026-04-30 19:08:18+00:00,0.315
2026-04-30 19:09:05+00:00,0.315
2026-04-30 19:10:06+00:00,0.315
2026-04-30 19:11:06+00:00,0.315
2026-04-30 19:12:06+00:00,0.315
2026-04-30 19:13:04+00:00,0.315
2026-04-30 19:14:05+00:00,0.315
2026-04-30 19:15:23+00:00,0.315
2026-04-30 19:16:06+00:00,0.315
2026-04-30 19:17:05+00:00,0.315
2026-04-30 19:18:34+00:00,0.315
2026-04-30 19:19:04+00:00,0.315
2026-04-30 19:20:06+00:00,0.315
2026-04-30 19:21:05+00:00,0.315
2026-04-30 19:22:19+00:00,0.315
2026-04-30 19:23:05+00:00,0.315
2026-04-30 19:24:05+00:00,0.315
2026-04-30 19:25:06+00:00,0.315
2026-04-30 19:26:06+00:00,0.315
2026-04-30 19:27:04+00:00,0.315
2026-04-30 19:28:06+00:00,0.315
2026-04-30 19:29:20+00:00,0.315
2026-04-30 19:30:08+00:00,0.315
2026-04-30 19:31:05+00:00,0.315
2026-04-30 19:32:06+00:00,0.315
2026-04-30 19:33:05+00:00,0.315
2026-04-30 19:34:05+00:00,0.315
2026-04-30 19:35:06+00:00,0.315
2026-04-30 19:36:06+00:00,0.315
2026-04-30 19:37:05+00:00,0.315
2026-04-30 19:38:04+00:00,0.315
2026-04-30 19:39:05+00:00,0.315
2026-04-30 19:40:06+00:00,0.315
2026-04-30 19:41:08+00:00,0.315
2026-04-30 19:42:05+00:00,0.315
2026-04-30 19:43:18+00:00,0.315
2026-04-30 19:44:04+00:00,0.315
2026-04-30 19:45:07+00:00,0.315
2026-04-30 19:46:05+00:00,0.315
2026-04-30 19:47:04+00:00,0.315
2026-04-30 19:48:06+00:00,0.315
2026-04-30 19:49:06+00:00,0.315
2026-04-30 19:50:10+00:00,0.315
2026-04-30 19:51:09+00:00,0.315
2026-04-30 19:52:04+00:00,0.315
2026-04-30 19:53:05+00:00,0.315
2026-04-30 19:54:05+00:00,0.315
2026-04-30 19:55:05+00:00,0.315
2026-04-30 19:56:04+00:00,0.315
2026-04-30 19:57:04+00:00,0.315
2026-04-30 19:58:05+00:00,0.315
2026-04-30 19:59:04+00:00,0.315
2026-04-30 20:00:10+00:00,0.315
2026-04-30 20:01:07+00:00,0.315
2026-04-30 20:02:06+00:00,0.315
2026-04-30 20:03:05+00:00,0.315
2026-04-30 20:04:04+00:00,0.315
2026-04-30 20:05:06+00:00,0.315
2026-04-30 20:06:05+00:00,0.315
2026-04-30 20:07:06+00:00,0.315
2026-04-30 20:08:04+00:00,0.315
2026-04-30 20:09:04+00:00,0.315
2026-04-30 20:10:08+00:00,0.315
2026-04-30 20:11:05+00:00,0.315
2026-04-30 20:12:04+00:00,0.315
2026-04-30 20:13:04+00:00,0.315
2026-04-30 20:14:07+00:00,0.315
2026-04-30 20:15:06+00:00,0.315
2026-04-30 20:16:05+00:00,0.315
2026-04-30 20:17:05+00:00,0.315
2026-04-30 20:18:05+00:00,0.315
2026-04-30 20:19:04+00:00,0.315
2026-04-30 20:20:06+00:00,0.315
2026-04-30 20:21:08+00:00,0.315
2026-04-30 20:22:04+00:00,0.315
2026-04-30 20:23:04+00:00,0.315
2026-04-30 20:24:05+00:00,0.315
2026-04-30 20:25:05+00:00,0.315
2026-04-30 20:26:04+00:00,0.315
2026-04-30 20:27:08+00:00,0.315
2026-04-30 20:28:04+00:00,0.315
2026-04-30 20:29:04+00:00,0.315
2026-04-30 20:30:09+00:00,0.315
2026-04-30 20:31:04+00:00,0.315
2026-04-30 20:32:03+00:00,0.315
2026-04-30 20:33:04+00:00,0.315
2026-04-30 20:34:04+00:00,0.315
2026-04-30 20:35:05+00:00,0.315
2026-04-30 20:36:04+00:00,0.315
2026-04-30 20:37:03+00:00,0.315
2026-04-30 20:38:04+00:00,0.315
2026-04-30 20:39:04+00:00,0.315
2026-04-30 20:40:04+00:00,0.315
2026-04-30 20:41:04+00:00,0.315
2026-04-30 20:42:03+00:00,0.315
2026-04-30 20:43:03+00:00,0.315
2026-04-30 20:44:04+00:00,0.315
2026-04-30 20:45:04+00:00,0.315
2026-04-30 20:46:04+00:00,0.315
2026-04-30 20:47:05+00:00,0.315
2026-04-30 20:48:04+00:00,0.315
2026-04-30 20:49:04+00:00,0.315
2026-04-30 20:50:05+00:00,0.315
2026-04-30 20:51:04+00:00,0.315
2026-04-30 20:52:04+00:00,0.315
2026-04-30 20:53:07+00:00,0.315
2026-04-30 20:54:04+00:00,0.315
2026-04-30 20:55:04+00:00,0.315
2026-04-30 20:56:03+00:00,0.315
2026-04-30 20:57:04+00:00,0.315
2026-04-30 20:58:05+00:00,0.315
2026-04-30 20:59:05+00:00,0.315
2026-04-30 21:00:08+00:00,0.315
2026-04-30 21:01:04+00:00,0.315
2026-04-30 21:02:04+00:00,0.315
2026-04-30 21:03:05+00:00,0.315
2026-04-30 21:04:05+00:00,0.315
2026-04-30 21:05:19+00:00,0.315
2026-04-30 21:06:04+00:00,0.315
2026-04-30 21:07:04+00:00,0.315
2026-04-30 21:08:04+00:00,0.315
2026-04-30 21:09:05+00:00,0.315
2026-04-30 21:10:06+00:00,0.315
2026-04-30 21:11:03+00:00,0.315
2026-04-30 21:12:19+00:00,0.315
2026-04-30 21:13:05+00:00,0.315
2026-04-30 21:14:04+00:00,0.315
2026-04-30 21:15:05+00:00,0.315
2026-04-30 21:16:04+00:00,0.315
2026-04-30 21:17:04+00:00,0.315
2026-04-30 21:18:04+00:00,0.315
2026-04-30 21:19:21+00:00,0.315
2026-04-30 21:20:06+00:00,0.315
2026-04-30 21:21:03+00:00,0.315
2026-04-30 21:22:04+00:00,0.315
2026-04-30 21:23:04+00:00,0.315
2026-04-30 21:24:05+00:00,0.315
2026-04-30 21:25:04+00:00,0.315
2026-04-30 21:26:04+00:00,0.315
2026-04-30 21:27:03+00:00,0.315
2026-04-30 21:28:04+00:00,0.315
2026-04-30 21:29:04+00:00,0.315
2026-04-30 21:30:32+00:00,0.315
2026-04-30 21:31:03+00:00,0.315
2026-04-30 21:32:04+00:00,0.315
2026-04-30 21:33:03+00:00,0.315
2026-04-30 21:34:19+00:00,0.315
2026-04-30 21:35:04+00:00,0.315
2026-04-30 21:36:05+00:00,0.315
2026-04-30 21:37:05+00:00,0.315
2026-04-30 21:38:05+00:00,0.315
2026-04-30 21:39:04+00:00,0.315
2026-04-30 21:40:05+00:00,0.315
2026-04-30 21:41:16+00:00,0.315
2026-04-30 21:42:04+00:00,0.315
2026-04-30 21:43:03+00:00,0.315
2026-04-30 21:44:04+00:00,0.315
2026-04-30 21:45:08+00:00,0.315
2026-04-30 21:46:04+00:00,0.315
2026-04-30 21:47:04+00:00,0.315
2026-04-30 21:48:05+00:00,0.315
2026-04-30 21:49:04+00:00,0.315
2026-04-30 21:50:05+00:00,0.315
2026-04-30 21:51:04+00:00,0.315
2026-04-30 21:52:10+00:00,0.315
2026-04-30 21:53:04+00:00,0.315
2026-04-30 21:54:04+00:00,0.315
2026-04-30 21:55:04+00:00,0.315
2026-04-30 21:56:04+00:00,0.315
2026-04-30 21:57:05+00:00,0.315
2026-04-30 21:58:04+00:00,0.305
2026-04-30 21:59:05+00:00,0.305
2026-04-30 22:00:08+00:00,0.305
2026-04-30 22:01:04+00:00,0.305
2026-04-30 22:02:04+00:00,0.305
2026-04-30 22:03:05+00:00,0.305
2026-04-30 22:04:09+00:00,0.305
2026-04-30 22:05:06+00:00,0.305
2026-04-30 22:06:05+00:00,0.305
2026-04-30 22:07:05+00:00,0.305
2026-04-30 22:08:04+00:00,0.305
2026-04-30 22:09:04+00:00,0.305
2026-04-30 22:10:05+00:00,0.305
2026-04-30 22:11:04+00:00,0.305
2026-04-30 22:12:04+00:00,0.305
2026-04-30 22:13:03+00:00,0.305
2026-04-30 22:14:04+00:00,0.305
2026-04-30 22:15:17+00:00,0.305
2026-04-30 22:16:09+00:00,0.305
2026-04-30 22:17:06+00:00,0.305
2026-04-30 22:18:05+00:00,0.305
2026-04-30 22:19:05+00:00,0.305
2026-04-30 22:20:05+00:00,0.305
2026-04-30 22:21:04+00:00,0.305
2026-04-30 22:22:03+00:00,0.305
2026-04-30 22:23:03+00:00,0.305
2026-04-30 22:24:05+00:00,0.305
2026-04-30 22:25:04+00:00,0.305
2026-04-30 22:26:04+00:00,0.305
2026-04-30 22:27:05+00:00,0.305
2026-04-30 22:28:04+00:00,0.305
2026-04-30 22:29:04+00:00,0.305
2026-04-30 22:30:08+00:00,0.305
2026-04-30 22:31:04+00:00,0.305
2026-04-30 22:32:07+00:00,0.305
2026-04-30 22:33:04+00:00,0.305
2026-04-30 22:34:05+00:00,0.305
2026-04-30 22:35:05+00:00,0.305
2026-04-30 22:36:03+00:00,0.305
2026-04-30 22:37:04+00:00,0.305
2026-04-30 22:38:03+00:00,0.305
2026-04-30 22:39:05+00:00,0.305
2026-04-30 22:40:06+00:00,0.305
2026-04-30 22:41:03+00:00,0.305
2026-04-30 22:42:03+00:00,0.305
2026-04-30 22:43:03+00:00,0.305
2026-04-30 22:44:05+00:00,0.305
2026-04-30 22:45:05+00:00,0.305
2026-04-30 22:46:05+00:00,0.305
2026-04-30 22:47:05+00:00,0.305
2026-04-30 22:48:04+00:00,0.305
2026-04-30 22:49:05+00:00,0.305
2026-04-30 22:50:06+00:00,0.305
2026-04-30 22:51:05+00:00,0.305
2026-04-30 22:52:05+00:00,0.305
2026-04-30 22:53:04+00:00,0.305
2026-04-30 22:54:04+00:00,0.305
2026-04-30 22:55:05+00:00,0.305
2026-04-30 22:56:17+00:00,0.305
2026-04-30 22:57:04+00:00,0.305
2026-04-30 22:58:07+00:00,0.305
2026-04-30 22:59:05+00:00,0.305
2026-04-30 23:00:07+00:00,0.305
2026-04-30 23:01:04+00:00,0.305
2026-04-30 23:02:04+00:00,0.305
2026-04-30 23:03:04+00:00,0.305
2026-04-30 23:04:05+00:00,0.305
2026-04-30 23:05:05+00:00,0.305
2026-04-30 23:06:05+00:00,0.305
2026-04-30 23:07:05+00:00,0.305
2026-04-30 23:08:04+00:00,0.305
2026-04-30 23:09:04+00:00,0.305
2026-04-30 23:10:05+00:00,0.305
2026-04-30 23:11:16+00:00,0.305
2026-04-30 23:12:03+00:00,0.305
2026-04-30 23:13:04+00:00,0.305
2026-04-30 23:14:04+00:00,0.305
2026-04-30 23:15:06+00:00,0.305
2026-04-30 23:16:17+00:00,0.305
2026-04-30 23:17:04+00:00,0.305
2026-04-30 23:18:05+00:00,0.305
2026-04-30 23:19:04+00:00,0.305
2026-04-30 23:20:06+00:00,0.305
2026-04-30 23:21:04+00:00,0.305
2026-04-30 23:22:05+00:00,0.305
2026-04-30 23:23:18+00:00,0.305
2026-04-30 23:24:08+00:00,0.305
2026-04-30 23:25:06+00:00,0.305
2026-04-30 23:26:04+00:00,0.305
2026-04-30 23:27:04+00:00,0.305
2026-04-30 23:28:04+00:00,0.305
2026-04-30 23:29:09+00:00,0.305
2026-04-30 23:30:06+00:00,0.305
2026-04-30 23:31:19+00:00,0.305
2026-04-30 23:32:05+00:00,0.305
2026-04-30 23:33:04+00:00,0.305
2026-04-30 23:34:05+00:00,0.305
2026-04-30 23:35:05+00:00,0.305
2026-04-30 23:36:18+00:00,0.305
2026-04-30 23:37:04+00:00,0.305
2026-04-30 23:38:04+00:00,0.305
2026-04-30 23:39:07+00:00,0.305
2026-04-30 23:40:05+00:00,0.305
2026-04-30 23:41:04+00:00,0.305
2026-04-30 23:42:04+00:00,0.305
2026-04-30 23:43:04+00:00,0.305
2026-04-30 23:44:04+00:00,0.305
2026-04-30 23:45:05+00:00,0.305
2026-04-30 23:46:04+00:00,0.305
2026-04-30 23:47:04+00:00,0.305
2026-04-30 23:48:05+00:00,0.305
2026-04-30 23:49:04+00:00,0.305
2026-04-30 23:50:08+00:00,0.305
2026-04-30 23:51:04+00:00,0.305
2026-04-30 23:52:04+00:00,0.305
2026-04-30 23:53:04+00:00,0.305
2026-04-30 23:54:05+00:00,0.305
2026-04-30 23:55:04+00:00,0.305
2026-04-30 23:56:04+00:00,0.285
2026-04-30 23:57:05+00:00,0.285
2026-04-30 23:58:05+00:00,0.285
2026-04-30 23:59:05+00:00,0.285
2026-05-01 00:00:15+00:00,0.285
2026-05-01 00:01:04+00:00,0.285
2026-05-01 00:02:05+00:00,0.285
2026-05-01 00:03:15+00:00,0.285
2026-05-01 00:04:05+00:00,0.285
2026-05-01 00:05:05+00:00,0.285
2026-05-01 00:06:04+00:00,0.285
2026-05-01 00:07:04+00:00,0.285
2026-05-01 00:08:04+00:00,0.285
2026-05-01 00:09:04+00:00,0.285
2026-05-01 00:10:06+00:00,0.285
2026-05-01 00:11:05+00:00,0.285
2026-05-01 00:12:04+00:00,0.285
2026-05-01 00:13:19+00:00,0.285
2026-05-01 00:14:05+00:00,0.285
2026-05-01 00:15:06+00:00,0.275
2026-05-01 00:16:03+00:00,0.275
2026-05-01 00:17:03+00:00,0.275
2026-05-01 00:18:04+00:00,0.275
2026-05-01 00:19:04+00:00,0.275
2026-05-01 00:20:06+00:00,0.275
2026-05-01 00:21:04+00:00,0.275
2026-05-01 00:22:04+00:00,0.275
2026-05-01 00:23:04+00:00,0.275
2026-05-01 00:24:04+00:00,0.275
2026-05-01 00:25:16+00:00,0.265
2026-05-01 00:26:04+00:00,0.265
2026-05-01 00:27:04+00:00,0.265
2026-05-01 00:28:05+00:00,0.265
2026-05-01 00:29:04+00:00,0.265
2026-05-01 00:30:05+00:00,0.265
2026-05-01 00:31:04+00:00,0.265
2026-05-01 00:32:04+00:00,0.275
2026-05-01 00:33:03+00:00,0.275
2026-05-01 00:34:04+00:00,0.275
2026-05-01 00:35:03+00:00,0.275
2026-05-01 00:36:04+00:00,0.275
2026-05-01 00:37:04+00:00,0.275
2026-05-01 00:38:04+00:00,0.275
2026-05-01 00:39:04+00:00,0.275
2026-05-01 00:40:04+00:00,0.275
2026-05-01 00:41:14+00:00,0.265
2026-05-01 00:42:16+00:00,0.265
2026-05-01 00:43:04+00:00,0.265
2026-05-01 00:44:05+00:00,0.265
2026-05-01 00:45:03+00:00,0.275
2026-05-01 00:46:03+00:00,0.275
2026-05-01 00:47:03+00:00,0.275
2026-05-01 00:48:05+00:00,0.275
2026-05-01 00:49:03+00:00,0.275
2026-05-01 00:50:05+00:00,0.275
2026-05-01 00:51:03+00:00,0.275
2026-05-01 00:52:04+00:00,0.275
2026-05-01 00:53:04+00:00,0.275
2026-05-01 00:54:04+00:00,0.275
2026-05-01 00:55:04+00:00,0.275
2026-05-01 00:56:04+00:00,0.275
2026-05-01 00:57:04+00:00,0.275
2026-05-01 00:58:17+00:00,0.275
2026-05-01 00:59:04+00:00,0.275
2026-05-01 01:00:19+00:00,0.275
2026-05-01 01:01:04+00:00,0.275
2026-05-01 01:02:03+00:00,0.275
2026-05-01 01:03:04+00:00,0.275
2026-05-01 01:04:04+00:00,0.275
2026-05-01 01:05:04+00:00,0.275
2026-05-01 01:06:03+00:00,0.275
2026-05-01 01:07:03+00:00,0.275
2026-05-01 01:08:06+00:00,0.275
2026-05-01 01:09:05+00:00,0.275
2026-05-01 01:10:17+00:00,0.275
2026-05-01 01:11:15+00:00,0.275
2026-05-01 01:12:04+00:00,0.275
2026-05-01 01:13:03+00:00,0.275
2026-05-01 01:14:04+00:00,0.275
2026-05-01 01:15:04+00:00,0.275
2026-05-01 01:16:03+00:00,0.275
2026-05-01 01:17:04+00:00,0.275
2026-05-01 01:18:03+00:00,0.275
2026-05-01 01:19:04+00:00,0.275
2026-05-01 01:20:04+00:00,0.275
2026-05-01 01:21:03+00:00,0.275
2026-05-01 01:22:04+00:00,0.275
2026-05-01 01:23:03+00:00,0.275
2026-05-01 01:24:04+00:00,0.275
2026-05-01 01:25:04+00:00,0.275
2026-05-01 01:26:03+00:00,0.275
2026-05-01 01:27:04+00:00,0.275
2026-05-01 01:28:03+00:00,0.275
2026-05-01 01:29:04+00:00,0.275
2026-05-01 01:30:05+00:00,0.275
2026-05-01 01:31:04+00:00,0.275
2026-05-01 01:32:03+00:00,0.275
2026-05-01 01:33:03+00:00,0.275
2026-05-01 01:34:06+00:00,0.275
2026-05-01 01:35:04+00:00,0.265
2026-05-01 01:36:03+00:00,0.265
2026-05-01 01:37:03+00:00,0.265
2026-05-01 01:38:03+00:00,0.265
2026-05-01 01:39:05+00:00,0.265
2026-05-01 01:40:14+00:00,0.265
2026-05-01 01:41:03+00:00,0.265
2026-05-01 01:42:03+00:00,0.265
2026-05-01 01:43:03+00:00,0.265
2026-05-01 01:44:04+00:00,0.265
2026-05-01 01:45:04+00:00,0.265
2026-05-01 01:46:03+00:00,0.255
2026-05-01 01:47:04+00:00,0.245
2026-05-01 01:48:04+00:00,0.205
2026-05-01 01:49:04+00:00,0.215
2026-05-01 01:50:04+00:00,0.225
2026-05-01 01:51:03+00:00,0.265
2026-05-01 01:52:03+00:00,0.335
2026-05-01 01:53:03+00:00,0.325
2026-05-01 01:54:04+00:00,0.325
2026-05-01 01:55:04+00:00,0.325
2026-05-01 01:56:04+00:00,0.315
2026-05-01 01:57:16+00:00,0.325
2026-05-01 01:58:04+00:00,0.305
2026-05-01 01:59:04+00:00,0.295
2026-05-01 02:00:06+00:00,0.345
2026-05-01 02:01:03+00:00,0.345
2026-05-01 02:02:04+00:00,0.345
2026-05-01 02:03:05+00:00,0.335
2026-05-01 02:04:04+00:00,0.315
2026-05-01 02:05:06+00:00,0.355
2026-05-01 02:06:04+00:00,0.365
2026-05-01 02:07:03+00:00,0.355
2026-05-01 02:08:03+00:00,0.355
2026-05-01 02:09:04+00:00,0.345
2026-05-01 02:10:04+00:00,0.325
2026-05-01 02:11:04+00:00,0.305
2026-05-01 02:12:05+00:00,0.275
2026-05-01 02:13:06+00:00,0.275
2026-05-01 02:14:04+00:00,0.265
2026-05-01 02:15:05+00:00,0.275
2026-05-01 02:16:06+00:00,0.275
2026-05-01 02:17:03+00:00,0.275
2026-05-01 02:18:03+00:00,0.275
2026-05-01 02:19:04+00:00,0.285
2026-05-01 02:20:03+00:00,0.3
2026-05-01 02:21:03+00:00,0.29
2026-05-01 02:22:03+00:00,0.315
2026-05-01 02:23:04+00:00,0.335
2026-05-01 02:24:04+00:00,0.305
2026-05-01 02:25:06+00:00,0.325
2026-05-01 02:26:03+00:00,0.325
2026-05-01 02:27:05+00:00,0.325
2026-05-01 02:28:04+00:00,0.325
2026-05-01 02:29:04+00:00,0.325
2026-05-01 02:30:06+00:00,0.295
2026-05-01 02:31:04+00:00,0.285
2026-05-01 02:32:04+00:00,0.325
2026-05-01 02:33:03+00:00,0.345
2026-05-01 02:34:05+00:00,0.395
2026-05-01 02:35:04+00:00,0.415
2026-05-01 02:36:04+00:00,0.415
2026-05-01 02:37:04+00:00,0.415
2026-05-01 02:38:04+00:00,0.425
2026-05-01 02:39:07+00:00,0.435
2026-05-01 02:40:05+00:00,0.485
2026-05-01 02:41:04+00:00,0.435
2026-05-01 02:42:04+00:00,0.415
2026-05-01 02:43:04+00:00,0.425
2026-05-01 02:44:07+00:00,0.475
2026-05-01 02:45:17+00:00,0.475
2026-05-01 02:46:04+00:00,0.495
2026-05-01 02:47:04+00:00,0.475
2026-05-01 02:48:04+00:00,0.465
2026-05-01 02:49:04+00:00,0.465
2026-05-01 02:50:04+00:00,0.465
2026-05-01 02:51:03+00:00,0.465
2026-05-01 02:52:03+00:00,0.465
2026-05-01 02:53:03+00:00,0.465
2026-05-01 02:54:04+00:00,0.475
2026-05-01 02:55:04+00:00,0.475
2026-05-01 02:56:03+00:00,0.475
2026-05-01 02:57:04+00:00,0.475
2026-05-01 02:58:04+00:00,0.475
2026-05-01 02:59:05+00:00,0.475
2026-05-01 03:00:09+00:00,0.475
2026-05-01 03:01:03+00:00,0.475
2026-05-01 03:02:04+00:00,0.465
2026-05-01 03:03:04+00:00,0.445
2026-05-01 03:04:04+00:00,0.425
2026-05-01 03:05:06+00:00,0.395
2026-05-01 03:06:03+00:00,0.385
2026-05-01 03:07:03+00:00,0.425
2026-05-01 03:08:07+00:00,0.465
2026-05-01 03:09:05+00:00,0.475
2026-05-01 03:10:06+00:00,0.395
2026-05-01 03:11:03+00:00,0.375
2026-05-01 03:12:03+00:00,0.375
2026-05-01 03:13:04+00:00,0.375
2026-05-01 03:14:04+00:00,0.375
2026-05-01 03:15:04+00:00,0.355
2026-05-01 03:16:03+00:00,0.365
2026-05-01 03:17:03+00:00,0.375
2026-05-01 03:18:04+00:00,0.425
2026-05-01 03:19:04+00:00,0.415
2026-05-01 03:20:04+00:00,0.425
2026-05-01 03:21:04+00:00,0.525
2026-05-01 03:22:03+00:00,0.525
2026-05-01 03:23:03+00:00,0.525
2026-05-01 03:24:04+00:00,0.525
2026-05-01 03:25:15+00:00,0.515
2026-05-01 03:26:05+00:00,0.505
2026-05-01 03:27:04+00:00,0.525
2026-05-01 03:28:18+00:00,0.595
2026-05-01 03:29:04+00:00,0.555
2026-05-01 03:30:07+00:00,0.605
2026-05-01 03:31:03+00:00,0.665
2026-05-01 03:32:03+00:00,0.655
2026-05-01 03:33:04+00:00,0.655
2026-05-01 03:34:07+00:00,0.655
2026-05-01 03:35:04+00:00,0.655
2026-05-01 03:36:03+00:00,0.575
2026-05-01 03:37:03+00:00,0.585
2026-05-01 03:38:04+00:00,0.615
2026-05-01 03:39:05+00:00,0.615
2026-05-01 03:40:04+00:00,0.595
2026-05-01 03:41:17+00:00,0.575
2026-05-01 03:42:04+00:00,0.565
2026-05-01 03:43:05+00:00,0.435
2026-05-01 03:44:05+00:00,0.525
2026-05-01 03:45:05+00:00,0.545
2026-05-01 03:46:04+00:00,0.545
2026-05-01 03:47:04+00:00,0.555
2026-05-01 03:48:18+00:00,0.545
2026-05-01 03:49:04+00:00,0.565
2026-05-01 03:50:05+00:00,0.505
2026-05-01 03:51:05+00:00,0.715
2026-05-01 03:52:04+00:00,0.835
2026-05-01 03:53:04+00:00,0.745
2026-05-01 03:54:05+00:00,0.755
2026-05-01 03:55:06+00:00,0.665
2026-05-01 03:56:04+00:00,0.655
2026-05-01 03:57:03+00:00,0.615
2026-05-01 03:58:05+00:00,0.605
2026-05-01 03:59:05+00:00,0.625
2026-05-01 04:00:12+00:00,0.62
2026-05-01 04:01:08+00:00,0.605
2026-05-01 04:02:04+00:00,0.6
2026-05-01 04:03:04+00:00,0.535
2026-05-01 04:04:04+00:00,0.625
2026-05-01 04:05:07+00:00,0.625
2026-05-01 04:06:18+00:00,0.795
2026-05-01 04:07:04+00:00,0.705
2026-05-01 04:08:04+00:00,0.825
2026-05-01 04:09:04+00:00,0.885
2026-05-01 04:10:05+00:00,0.925
2026-05-01 04:11:04+00:00,0.955
2026-05-01 04:12:06+00:00,0.955
2026-05-01 04:13:04+00:00,0.995
2026-05-01 04:14:04+00:00,0.997
2026-05-01 04:15:06+00:00,0.9995
2026-05-01 04:16:05+00:00,0.9995
2026-05-01 04:17:04+00:00,0.9995
2026-05-01 04:18:04+00:00,0.9995
2026-05-01 04:19:04+00:00,0.9995
2026-05-01 04:20:05+00:00,0.9995
2026-05-01 04:21:05+00:00,0.9995
2026-05-01 04:22:05+00:00,0.9995
2026-05-01 04:23:06+00:00,0.9995
2026-05-01 04:24:05+00:00,0.9995
2026-05-01 04:25:05+00:00,0.9995
2026-05-01 04:26:04+00:00,0.9995
2026-05-01 04:27:08+00:00,0.9995
2026-05-01 04:28:05+00:00,0.9995
2026-05-01 04:29:04+00:00,0.9995
2026-05-01 04:30:06+00:00,0.9995
2026-05-01 04:31:04+00:00,0.9995
2026-05-01 04:32:04+00:00,0.9995
2026-05-01 04:33:04+00:00,0.9995
2026-05-01 04:34:07+00:00,0.9995
2026-05-01 04:35:05+00:00,0.9995
2026-05-01 04:36:04+00:00,0.9995
2026-05-01 04:37:04+00:00,0.9995
2026-05-01 04:38:04+00:00,0.9995
2026-05-01 04:39:04+00:00,0.9995
2026-05-01 04:40:05+00:00,0.9995
2026-05-01 04:41:04+00:00,0.9995
2026-05-01 04:42:05+00:00,0.9995
2026-05-01 04:43:04+00:00,0.9995
2026-05-01 04:44:04+00:00,0.9995
2026-05-01 04:45:05+00:00,0.9995
2026-05-01 04:46:05+00:00,0.9995
2026-05-01 04:47:04+00:00,0.9995
2026-05-01 04:48:04+00:00,0.9995
2026-05-01 04:49:04+00:00,0.9995
2026-05-01 04:50:07+00:00,0.9995
2026-05-01 04:51:04+00:00,0.9995
2026-05-01 04:52:04+00:00,0.9995
2026-05-01 04:53:05+00:00,0.9995
2026-05-01 04:54:05+00:00,0.9995
2026-05-01 04:55:06+00:00,0.9995
2026-05-01 04:56:04+00:00,0.9995
2026-05-01 04:57:04+00:00,0.9995
2026-05-01 04:58:05+00:00,0.9995
2026-05-01 04:59:04+00:00,0.9995
2026-05-01 05:00:10+00:00,0.9995
2026-05-01 05:01:04+00:00,0.9995
2026-05-01 05:02:15+00:00,0.9995
2026-05-01 05:03:18+00:00,0.9995
2026-05-01 05:04:05+00:00,0.9995
2026-05-01 05:05:05+00:00,0.9995
2026-05-01 05:06:06+00:00,0.9995
2026-05-01 05:07:05+00:00,0.9995
2026-05-01 05:08:18+00:00,0.9995
2026-05-01 05:09:04+00:00,0.9995
2026-05-01 05:10:06+00:00,0.9995
2026-05-01 05:11:04+00:00,0.9995
2026-05-01 05:12:04+00:00,0.9995
2026-05-01 05:13:04+00:00,0.9995
2026-05-01 05:14:04+00:00,0.9995
2026-05-01 05:15:04+00:00,0.9995
2026-05-01 05:16:04+00:00,0.9995
2026-05-01 05:17:15+00:00,0.9995
2026-05-01 05:18:04+00:00,0.9995
2026-05-01 05:19:05+00:00,0.9995
2026-05-01 05:20:04+00:00,0.9995
2026-05-01 05:21:04+00:00,0.9995
2026-05-01 05:22:04+00:00,0.9995
2026-05-01 05:23:03+00:00,0.9995
2026-05-01 05:24:04+00:00,0.9995
2026-05-01 05:25:04+00:00,0.9995
2026-05-01 05:26:06+00:00,0.9995
2026-05-01 05:27:04+00:00,0.9995
2026-05-01 05:28:04+00:00,0.9995
2026-05-01 05:29:04+00:00,0.9995
2026-05-01 05:30:05+00:00,0.9995
2026-05-01 05:31:15+00:00,0.9995
2026-05-01 05:32:03+00:00,0.9995
2026-05-01 05:33:03+00:00,0.9995
2026-05-01 05:34:06+00:00,0.9995
2026-05-01 05:35:05+00:00,0.9995
2026-05-01 05:36:03+00:00,0.9995
2026-05-01 05:37:03+00:00,0.9995
2026-05-01 05:38:05+00:00,0.9995
2026-05-01 05:39:04+00:00,0.9995
2026-05-01 05:40:04+00:00,0.9995
2026-05-01 05:41:14+00:00,0.9995
2026-05-01 05:42:18+00:00,0.9995
2026-05-01 05:43:03+00:00,0.9995
2026-05-01 05:44:05+00:00,0.9995
2026-05-01 05:45:05+00:00,0.9995
2026-05-01 05:46:04+00:00,0.9995
2026-05-01 05:47:05+00:00,0.9995
2026-05-01 05:48:19+00:00,0.9995
2026-05-01 05:49:04+00:00,0.9995
2026-05-01 05:50:19+00:00,0.9995
2026-05-01 05:51:03+00:00,0.9995
2026-05-01 05:52:07+00:00,0.9995
2026-05-01 05:53:05+00:00,0.9995
2026-05-01 05:54:04+00:00,0.9995
2026-05-01 05:55:04+00:00,0.9995
2026-05-01 05:56:07+00:00,0.9995
2026-05-01 05:57:05+00:00,0.9995
2026-05-01 05:58:04+00:00,0.9995
2026-05-01 05:59:04+00:00,0.9995
2026-05-01 06:00:12+00:00,0.9995
2026-05-01 06:01:03+00:00,0.9995
2026-05-01 06:02:04+00:00,0.9995
2026-05-01 06:03:06+00:00,0.9995
2026-05-01 06:04:04+00:00,0.9995
2026-05-01 06:05:04+00:00,0.9995
2026-05-01 06:06:03+00:00,0.9995
2026-05-01 06:07:04+00:00,0.9995
2026-05-01 06:08:04+00:00,0.9995
