timestamp,price
2026-05-08 02:53:17+00:00,0.35
2026-05-08 02:54:03+00:00,0.35
2026-05-08 02:55:03+00:00,0.35
2026-05-08 02:56:03+00:00,0.35
2026-05-08 02:57:04+00:00,0.35
2026-05-08 02:58:08+00:00,0.35
2026-05-08 02:59:04+00:00,0.35
2026-05-08 03:00:03+00:00,0.35
2026-05-08 03:01:19+00:00,0.35
2026-05-08 03:02:03+00:00,0.35
2026-05-08 03:03:16+00:00,0.35
2026-05-08 03:04:16+00:00,0.35
2026-05-08 03:05:04+00:00,0.35
2026-05-08 03:06:03+00:00,0.35
2026-05-08 03:07:03+00:00,0.35
2026-05-08 03:08:08+00:00,0.35
2026-05-08 03:09:03+00:00,0.35
2026-05-08 03:10:03+00:00,0.35
2026-05-08 03:11:03+00:00,0.35
2026-05-08 03:12:03+00:00,0.35
2026-05-08 03:13:03+00:00,0.35
2026-05-08 03:14:03+00:00,0.35
2026-05-08 03:15:04+00:00,0.35
2026-05-08 03:16:03+00:00,0.35
2026-05-08 03:17:04+00:00,0.35
2026-05-08 03:18:04+00:00,0.35
2026-05-08 03:19:03+00:00,0.35
2026-05-08 03:20:03+00:00,0.35
2026-05-08 03:21:03+00:00,0.35
2026-05-08 03:22:05+00:00,0.35
2026-05-08 03:23:04+00:00,0.35
2026-05-08 03:24:04+00:00,0.35
2026-05-08 03:25:04+00:00,0.35
2026-05-08 03:26:03+00:00,0.35
2026-05-08 03:27:03+00:00,0.35
2026-05-08 03:28:18+00:00,0.35
2026-05-08 03:29:05+00:00,0.35
2026-05-08 03:30:03+00:00,0.35
2026-05-08 03:31:04+00:00,0.35
2026-05-08 03:32:03+00:00,0.35
2026-05-08 03:33:22+00:00,0.35
2026-05-08 03:34:04+00:00,0.35
2026-05-08 03:35:03+00:00,0.35
2026-05-08 03:36:03+00:00,0.35
2026-05-08 03:37:03+00:00,0.35
2026-05-08 03:38:04+00:00,0.35
2026-05-08 03:39:04+00:00,0.35
2026-05-08 03:40:04+00:00,0.35
2026-05-08 03:41:03+00:00,0.35
2026-05-08 03:42:04+00:00,0.35
2026-05-08 03:43:04+00:00,0.35
2026-05-08 03:44:17+00:00,0.35
2026-05-08 03:45:04+00:00,0.35
2026-05-08 03:46:04+00:00,0.35
2026-05-08 03:47:04+00:00,0.35
2026-05-08 03:48:04+00:00,0.35
2026-05-08 03:49:19+00:00,0.35
2026-05-08 03:50:03+00:00,0.35
2026-05-08 03:51:04+00:00,0.35
2026-05-08 03:52:03+00:00,0.35
2026-05-08 03:53:03+00:00,0.35
2026-05-08 03:54:05+00:00,0.35
2026-05-08 03:55:03+00:00,0.35
2026-05-08 03:56:03+00:00,0.35
2026-05-08 03:57:04+00:00,0.35
2026-05-08 03:58:04+00:00,0.35
2026-05-08 03:59:03+00:00,0.35
2026-05-08 04:00:03+00:00,0.35
2026-05-08 04:01:03+00:00,0.35
2026-05-08 04:02:15+00:00,0.35
2026-05-08 04:03:05+00:00,0.35
2026-05-08 04:04:04+00:00,0.35
2026-05-08 04:05:04+00:00,0.35
2026-05-08 04:06:17+00:00,0.35
2026-05-08 04:07:03+00:00,0.35
2026-05-08 04:08:07+00:00,0.35
2026-05-08 04:09:04+00:00,0.345
2026-05-08 04:10:04+00:00,0.345
2026-05-08 04:11:04+00:00,0.345
2026-05-08 04:12:04+00:00,0.345
2026-05-08 04:13:12+00:00,0.345
2026-05-08 04:14:04+00:00,0.345
2026-05-08 04:15:04+00:00,0.345
2026-05-08 04:16:04+00:00,0.345
2026-05-08 04:17:04+00:00,0.345
2026-05-08 04:18:06+00:00,0.345
2026-05-08 04:19:04+00:00,0.345
2026-05-08 04:20:04+00:00,0.345
2026-05-08 04:21:03+00:00,0.345
2026-05-08 04:22:04+00:00,0.345
2026-05-08 04:23:11+00:00,0.345
2026-05-08 04:24:04+00:00,0.345
2026-05-08 04:25:04+00:00,0.345
2026-05-08 04:26:04+00:00,0.345
2026-05-08 04:27:04+00:00,0.345
2026-05-08 04:28:12+00:00,0.345
2026-05-08 04:29:04+00:00,0.345
2026-05-08 04:30:04+00:00,0.345
2026-05-08 04:31:04+00:00,0.345
2026-05-08 04:32:03+00:00,0.345
2026-05-08 04:33:04+00:00,0.345
2026-05-08 04:34:15+00:00,0.345
2026-05-08 04:35:03+00:00,0.345
2026-05-08 04:36:04+00:00,0.345
2026-05-08 04:37:04+00:00,0.345
2026-05-08 04:38:21+00:00,0.345
2026-05-08 04:39:06+00:00,0.345
2026-05-08 04:40:04+00:00,0.345
2026-05-08 04:41:04+00:00,0.345
2026-05-08 04:42:04+00:00,0.345
2026-05-08 04:43:06+00:00,0.345
2026-05-08 04:44:04+00:00,0.345
2026-05-08 04:45:04+00:00,0.345
2026-05-08 04:46:04+00:00,0.345
2026-05-08 04:47:04+00:00,0.345
2026-05-08 04:48:04+00:00,0.345
2026-05-08 04:49:03+00:00,0.345
2026-05-08 04:50:05+00:00,0.345
2026-05-08 04:51:19+00:00,0.345
2026-05-08 04:52:04+00:00,0.345
2026-05-08 04:53:12+00:00,0.36
2026-05-08 04:54:04+00:00,0.345
2026-05-08 04:55:04+00:00,0.345
2026-05-08 04:56:04+00:00,0.345
2026-05-08 04:57:03+00:00,0.35
2026-05-08 04:58:07+00:00,0.35
2026-05-08 04:59:16+00:00,0.35
2026-05-08 05:00:05+00:00,0.35
2026-05-08 05:01:04+00:00,0.35
2026-05-08 05:02:04+00:00,0.35
2026-05-08 05:03:04+00:00,0.35
2026-05-08 05:04:04+00:00,0.35
2026-05-08 05:05:04+00:00,0.35
2026-05-08 05:06:04+00:00,0.35
2026-05-08 05:07:04+00:00,0.35
2026-05-08 05:08:07+00:00,0.35
2026-05-08 05:09:04+00:00,0.35
2026-05-08 05:10:04+00:00,0.35
2026-05-08 05:11:04+00:00,0.35
2026-05-08 05:12:03+00:00,0.35
2026-05-08 05:13:04+00:00,0.35
2026-05-08 05:14:03+00:00,0.35
2026-05-08 05:15:03+00:00,0.35
2026-05-08 05:16:03+00:00,0.35
2026-05-08 05:17:04+00:00,0.35
2026-05-08 05:18:23+00:00,0.35
2026-05-08 05:19:03+00:00,0.35
2026-05-08 05:20:03+00:00,0.35
2026-05-08 05:21:03+00:00,0.35
2026-05-08 05:22:04+00:00,0.35
2026-05-08 05:23:28+00:00,0.35
2026-05-08 05:24:04+00:00,0.35
2026-05-08 05:25:04+00:00,0.35
2026-05-08 05:26:04+00:00,0.35
2026-05-08 05:27:18+00:00,0.35
2026-05-08 05:28:04+00:00,0.35
2026-05-08 05:29:03+00:00,0.35
2026-05-08 05:30:04+00:00,0.35
2026-05-08 05:31:04+00:00,0.35
2026-05-08 05:32:20+00:00,0.35
2026-05-08 05:33:04+00:00,0.35
2026-05-08 05:34:04+00:00,0.35
2026-05-08 05:35:04+00:00,0.35
2026-05-08 05:36:04+00:00,0.35
2026-05-08 05:37:06+00:00,0.35
2026-05-08 05:38:08+00:00,0.34
2026-05-08 05:39:08+00:00,0.31
2026-05-08 05:40:04+00:00,0.335
2026-05-08 05:41:04+00:00,0.34
2026-05-08 05:42:03+00:00,0.34
2026-05-08 05:43:04+00:00,0.34
2026-05-08 05:44:04+00:00,0.34
2026-05-08 05:45:16+00:00,0.345
2026-05-08 05:46:03+00:00,0.345
2026-05-08 05:47:05+00:00,0.345
2026-05-08 05:48:04+00:00,0.345
2026-05-08 05:49:03+00:00,0.345
2026-05-08 05:50:03+00:00,0.345
2026-05-08 05:51:04+00:00,0.345
2026-05-08 05:52:03+00:00,0.345
2026-05-08 05:53:07+00:00,0.345
2026-05-08 05:54:04+00:00,0.345
2026-05-08 05:55:04+00:00,0.335
2026-05-08 05:56:04+00:00,0.335
2026-05-08 05:57:16+00:00,0.305
2026-05-08 05:58:07+00:00,0.305
2026-05-08 05:59:04+00:00,0.335
2026-05-08 06:00:03+00:00,0.33
2026-05-08 06:01:03+00:00,0.315
2026-05-08 06:02:03+00:00,0.33
2026-05-08 06:03:04+00:00,0.295
2026-05-08 06:04:05+00:00,0.345
2026-05-08 06:05:04+00:00,0.345
2026-05-08 06:06:03+00:00,0.345
2026-05-08 06:07:03+00:00,0.345
2026-05-08 06:08:08+00:00,0.34
2026-05-08 06:09:03+00:00,0.345
2026-05-08 06:10:03+00:00,0.345
2026-05-08 06:11:03+00:00,0.345
2026-05-08 06:12:03+00:00,0.345
2026-05-08 06:13:05+00:00,0.345
2026-05-08 06:14:04+00:00,0.34
2026-05-08 06:15:03+00:00,0.34
2026-05-08 06:16:03+00:00,0.34
2026-05-08 06:17:04+00:00,0.345
2026-05-08 06:18:08+00:00,0.345
2026-05-08 06:19:03+00:00,0.345
2026-05-08 06:20:03+00:00,0.345
2026-05-08 06:21:03+00:00,0.345
2026-05-08 06:22:03+00:00,0.345
2026-05-08 06:23:04+00:00,0.345
2026-05-08 06:24:04+00:00,0.345
2026-05-08 06:25:03+00:00,0.345
2026-05-08 06:26:03+00:00,0.345
2026-05-08 06:27:04+00:00,0.345
2026-05-08 06:28:09+00:00,0.345
2026-05-08 06:29:04+00:00,0.345
2026-05-08 06:30:04+00:00,0.345
2026-05-08 06:31:03+00:00,0.345
2026-05-08 06:32:03+00:00,0.345
2026-05-08 06:33:06+00:00,0.345
2026-05-08 06:34:03+00:00,0.345
2026-05-08 06:35:04+00:00,0.345
2026-05-08 06:36:03+00:00,0.345
2026-05-08 06:37:04+00:00,0.345
2026-05-08 06:38:03+00:00,0.345
2026-05-08 06:39:03+00:00,0.345
2026-05-08 06:40:03+00:00,0.345
2026-05-08 06:41:05+00:00,0.345
2026-05-08 06:42:04+00:00,0.345
2026-05-08 06:43:03+00:00,0.345
2026-05-08 06:44:03+00:00,0.345
2026-05-08 06:45:04+00:00,0.345
2026-05-08 06:46:03+00:00,0.345
2026-05-08 06:47:04+00:00,0.345
2026-05-08 06:48:16+00:00,0.345
2026-05-08 06:49:03+00:00,0.345
2026-05-08 06:50:03+00:00,0.345
2026-05-08 06:51:03+00:00,0.345
2026-05-08 06:52:03+00:00,0.34
2026-05-08 06:53:04+00:00,0.34
2026-05-08 06:54:04+00:00,0.345
2026-05-08 06:55:03+00:00,0.35
2026-05-08 06:56:03+00:00,0.345
2026-05-08 06:57:04+00:00,0.35
2026-05-08 06:58:11+00:00,0.34
2026-05-08 06:59:03+00:00,0.35
2026-05-08 07:00:04+00:00,0.34
2026-05-08 07:01:03+00:00,0.34
2026-05-08 07:02:03+00:00,0.34
2026-05-08 07:03:07+00:00,0.34
2026-05-08 07:04:04+00:00,0.335
2026-05-08 07:05:05+00:00,0.34
2026-05-08 07:06:04+00:00,0.34
2026-05-08 07:07:03+00:00,0.345
2026-05-08 07:08:06+00:00,0.34
2026-05-08 07:09:05+00:00,0.335
2026-05-08 07:10:06+00:00,0.335
2026-05-08 07:11:03+00:00,0.345
2026-05-08 07:12:03+00:00,0.34
2026-05-08 07:13:21+00:00,0.34
2026-05-08 07:14:03+00:00,0.35
2026-05-08 07:15:03+00:00,0.34
2026-05-08 07:16:03+00:00,0.34
2026-05-08 07:17:04+00:00,0.345
2026-05-08 07:18:17+00:00,0.345
2026-05-08 07:19:03+00:00,0.34
2026-05-08 07:20:03+00:00,0.35
2026-05-08 07:21:03+00:00,0.35
2026-05-08 07:22:03+00:00,0.35
2026-05-08 07:23:05+00:00,0.35
2026-05-08 07:24:04+00:00,0.34
2026-05-08 07:25:03+00:00,0.34
2026-05-08 07:26:03+00:00,0.34
2026-05-08 07:27:04+00:00,0.35
2026-05-08 07:28:05+00:00,0.35
2026-05-08 07:29:16+00:00,0.35
2026-05-08 07:30:03+00:00,0.345
2026-05-08 07:31:03+00:00,0.35
2026-05-08 07:32:03+00:00,0.35
2026-05-08 07:33:03+00:00,0.345
2026-05-08 07:34:03+00:00,0.345
2026-05-08 07:35:03+00:00,0.345
2026-05-08 07:36:03+00:00,0.345
2026-05-08 07:37:04+00:00,0.345
2026-05-08 07:38:18+00:00,0.345
2026-05-08 07:39:03+00:00,0.345
2026-05-08 07:40:03+00:00,0.345
2026-05-08 07:41:03+00:00,0.345
2026-05-08 07:42:03+00:00,0.345
2026-05-08 07:43:07+00:00,0.345
2026-05-08 07:44:04+00:00,0.34
2026-05-08 07:45:04+00:00,0.34
2026-05-08 07:46:03+00:00,0.34
2026-05-08 07:47:04+00:00,0.34
2026-05-08 07:48:26+00:00,0.335
2026-05-08 07:49:03+00:00,0.335
2026-05-08 07:50:03+00:00,0.335
2026-05-08 07:51:03+00:00,0.335
2026-05-08 07:52:03+00:00,0.335
2026-05-08 07:53:05+00:00,0.335
2026-05-08 07:54:04+00:00,0.335
2026-05-08 07:55:03+00:00,0.335
2026-05-08 07:56:03+00:00,0.335
2026-05-08 07:57:05+00:00,0.335
2026-05-08 07:58:04+00:00,0.335
2026-05-08 07:59:04+00:00,0.335
2026-05-08 08:00:03+00:00,0.335
2026-05-08 08:01:04+00:00,0.335
2026-05-08 08:02:03+00:00,0.335
2026-05-08 08:03:04+00:00,0.335
2026-05-08 08:04:04+00:00,0.34
2026-05-08 08:05:04+00:00,0.335
2026-05-08 08:06:03+00:00,0.335
2026-05-08 08:07:03+00:00,0.335
2026-05-08 08:08:06+00:00,0.335
2026-05-08 08:09:04+00:00,0.335
2026-05-08 08:10:17+00:00,0.32
2026-05-08 08:11:03+00:00,0.32
2026-05-08 08:12:03+00:00,0.32
2026-05-08 08:13:04+00:00,0.32
2026-05-08 08:14:03+00:00,0.32
2026-05-08 08:15:04+00:00,0.335
2026-05-08 08:16:03+00:00,0.335
2026-05-08 08:17:05+00:00,0.335
2026-05-08 08:18:10+00:00,0.335
2026-05-08 08:19:03+00:00,0.335
2026-05-08 08:20:03+00:00,0.325
2026-05-08 08:21:04+00:00,0.32
2026-05-08 08:22:03+00:00,0.32
2026-05-08 08:23:07+00:00,0.34
2026-05-08 08:24:14+00:00,0.335
2026-05-08 08:25:18+00:00,0.34
2026-05-08 08:26:03+00:00,0.32
2026-05-08 08:27:20+00:00,0.345
2026-05-08 08:28:11+00:00,0.345
2026-05-08 08:29:03+00:00,0.345
2026-05-08 08:30:03+00:00,0.345
2026-05-08 08:31:03+00:00,0.325
2026-05-08 08:32:03+00:00,0.325
2026-05-08 08:33:06+00:00,0.325
2026-05-08 08:34:03+00:00,0.325
2026-05-08 08:35:04+00:00,0.325
2026-05-08 08:36:03+00:00,0.32
2026-05-08 08:37:03+00:00,0.325
2026-05-08 08:38:18+00:00,0.325
2026-05-08 08:39:03+00:00,0.325
2026-05-08 08:40:03+00:00,0.325
2026-05-08 08:41:03+00:00,0.325
2026-05-08 08:42:03+00:00,0.325
2026-05-08 08:43:06+00:00,0.325
2026-05-08 08:44:04+00:00,0.325
2026-05-08 08:45:05+00:00,0.325
2026-05-08 08:46:03+00:00,0.325
2026-05-08 08:47:04+00:00,0.325
2026-05-08 08:48:03+00:00,0.325
2026-05-08 08:49:07+00:00,0.325
2026-05-08 08:50:05+00:00,0.325
2026-05-08 08:51:03+00:00,0.325
2026-05-08 08:52:03+00:00,0.325
2026-05-08 08:53:05+00:00,0.325
2026-05-08 08:54:04+00:00,0.325
2026-05-08 08:55:03+00:00,0.325
2026-05-08 08:56:03+00:00,0.325
2026-05-08 08:57:03+00:00,0.325
2026-05-08 08:58:05+00:00,0.325
2026-05-08 08:59:03+00:00,0.325
2026-05-08 09:00:03+00:00,0.325
2026-05-08 09:01:03+00:00,0.325
2026-05-08 09:02:03+00:00,0.325
2026-05-08 09:03:10+00:00,0.32
2026-05-08 09:04:17+00:00,0.32
2026-05-08 09:05:04+00:00,0.32
2026-05-08 09:06:04+00:00,0.32
2026-05-08 09:07:16+00:00,0.32
2026-05-08 09:08:06+00:00,0.32
2026-05-08 09:09:06+00:00,0.32
2026-05-08 09:10:04+00:00,0.32
2026-05-08 09:11:03+00:00,0.32
2026-05-08 09:12:03+00:00,0.32
2026-05-08 09:13:05+00:00,0.32
2026-05-08 09:14:04+00:00,0.32
2026-05-08 09:15:03+00:00,0.32
2026-05-08 09:16:03+00:00,0.32
2026-05-08 09:17:03+00:00,0.32
2026-05-08 09:18:08+00:00,0.32
2026-05-08 09:19:04+00:00,0.32
2026-05-08 09:20:05+00:00,0.32
2026-05-08 09:21:03+00:00,0.32
2026-05-08 09:22:03+00:00,0.32
2026-05-08 09:23:16+00:00,0.32
2026-05-08 09:24:04+00:00,0.32
2026-05-08 09:25:15+00:00,0.32
2026-05-08 09:26:04+00:00,0.32
2026-05-08 09:27:04+00:00,0.32
2026-05-08 09:28:26+00:00,0.32
2026-05-08 09:29:03+00:00,0.32
2026-05-08 09:30:03+00:00,0.32
2026-05-08 09:31:03+00:00,0.32
2026-05-08 09:32:03+00:00,0.32
2026-05-08 09:33:03+00:00,0.32
2026-05-08 09:34:03+00:00,0.32
2026-05-08 09:35:03+00:00,0.32
2026-05-08 09:36:03+00:00,0.32
2026-05-08 09:37:03+00:00,0.32
2026-05-08 09:38:20+00:00,0.32
2026-05-08 09:39:03+00:00,0.32
2026-05-08 09:40:03+00:00,0.32
2026-05-08 09:41:03+00:00,0.32
2026-05-08 09:42:03+00:00,0.32
2026-05-08 09:43:03+00:00,0.32
2026-05-08 09:44:07+00:00,0.32
2026-05-08 09:45:05+00:00,0.32
2026-05-08 09:46:03+00:00,0.32
2026-05-08 09:47:04+00:00,0.32
2026-05-08 09:48:04+00:00,0.32
2026-05-08 09:49:03+00:00,0.32
2026-05-08 09:50:03+00:00,0.32
2026-05-08 09:51:03+00:00,0.32
2026-05-08 09:52:04+00:00,0.335
2026-05-08 09:53:19+00:00,0.335
2026-05-08 09:54:03+00:00,0.335
2026-05-08 09:55:05+00:00,0.34
2026-05-08 09:56:15+00:00,0.345
2026-05-08 09:57:04+00:00,0.345
2026-05-08 09:58:05+00:00,0.345
2026-05-08 09:59:06+00:00,0.35
2026-05-08 10:00:04+00:00,0.345
2026-05-08 10:01:03+00:00,0.345
2026-05-08 10:02:03+00:00,0.345
2026-05-08 10:03:04+00:00,0.34
2026-05-08 10:04:04+00:00,0.345
2026-05-08 10:05:04+00:00,0.345
2026-05-08 10:06:04+00:00,0.345
2026-05-08 10:07:04+00:00,0.345
2026-05-08 10:08:06+00:00,0.345
2026-05-08 10:09:04+00:00,0.345
2026-05-08 10:10:04+00:00,0.345
2026-05-08 10:11:03+00:00,0.35
2026-05-08 10:12:03+00:00,0.35
2026-05-08 10:13:20+00:00,0.35
2026-05-08 10:14:03+00:00,0.35
2026-05-08 10:15:03+00:00,0.35
2026-05-08 10:16:03+00:00,0.35
2026-05-08 10:17:04+00:00,0.35
2026-05-08 10:18:04+00:00,0.35
2026-05-08 10:19:03+00:00,0.35
2026-05-08 10:20:18+00:00,0.34
2026-05-08 10:21:19+00:00,0.34
2026-05-08 10:22:03+00:00,0.34
2026-05-08 10:23:04+00:00,0.34
2026-05-08 10:24:03+00:00,0.345
2026-05-08 10:25:03+00:00,0.345
2026-05-08 10:26:03+00:00,0.345
2026-05-08 10:27:03+00:00,0.345
2026-05-08 10:28:03+00:00,0.345
2026-05-08 10:29:04+00:00,0.345
2026-05-08 10:30:05+00:00,0.345
2026-05-08 10:31:04+00:00,0.345
2026-05-08 10:32:16+00:00,0.345
2026-05-08 10:33:03+00:00,0.345
2026-05-08 10:34:03+00:00,0.34
2026-05-08 10:35:03+00:00,0.345
2026-05-08 10:36:04+00:00,0.345
2026-05-08 10:37:04+00:00,0.345
2026-05-08 10:38:04+00:00,0.345
2026-05-08 10:39:03+00:00,0.345
2026-05-08 10:40:03+00:00,0.345
2026-05-08 10:41:03+00:00,0.345
2026-05-08 10:42:03+00:00,0.35
2026-05-08 10:43:22+00:00,0.35
2026-05-08 10:44:03+00:00,0.34
2026-05-08 10:45:03+00:00,0.335
2026-05-08 10:46:03+00:00,0.34
2026-05-08 10:47:04+00:00,0.345
2026-05-08 10:48:03+00:00,0.345
2026-05-08 10:49:04+00:00,0.35
2026-05-08 10:50:03+00:00,0.35
2026-05-08 10:51:14+00:00,0.345
2026-05-08 10:52:03+00:00,0.345
2026-05-08 10:53:04+00:00,0.335
2026-05-08 10:54:04+00:00,0.345
2026-05-08 10:55:05+00:00,0.345
2026-05-08 10:56:03+00:00,0.345
2026-05-08 10:57:04+00:00,0.35
2026-05-08 10:58:20+00:00,0.35
2026-05-08 10:59:07+00:00,0.345
2026-05-08 11:00:05+00:00,0.35
2026-05-08 11:01:03+00:00,0.35
2026-05-08 11:02:04+00:00,0.35
2026-05-08 11:03:07+00:00,0.35
2026-05-08 11:04:22+00:00,0.35
2026-05-08 11:05:03+00:00,0.35
2026-05-08 11:06:04+00:00,0.33
2026-05-08 11:07:04+00:00,0.345
2026-05-08 11:08:04+00:00,0.35
2026-05-08 11:09:04+00:00,0.35
2026-05-08 11:10:04+00:00,0.35
2026-05-08 11:11:03+00:00,0.35
2026-05-08 11:12:18+00:00,0.345
2026-05-08 11:13:05+00:00,0.345
2026-05-08 11:14:10+00:00,0.345
2026-05-08 11:15:12+00:00,0.345
2026-05-08 11:16:05+00:00,0.345
2026-05-08 11:17:04+00:00,0.345
2026-05-08 11:18:07+00:00,0.345
2026-05-08 11:19:18+00:00,0.345
2026-05-08 11:20:03+00:00,0.345
2026-05-08 11:21:03+00:00,0.345
2026-05-08 11:22:04+00:00,0.345
2026-05-08 11:23:27+00:00,0.345
2026-05-08 11:24:06+00:00,0.345
2026-05-08 11:25:03+00:00,0.345
2026-05-08 11:26:04+00:00,0.345
2026-05-08 11:27:04+00:00,0.345
2026-05-08 11:28:05+00:00,0.35
2026-05-08 11:29:03+00:00,0.35
2026-05-08 11:30:03+00:00,0.35
2026-05-08 11:31:03+00:00,0.35
2026-05-08 11:32:03+00:00,0.35
2026-05-08 11:33:05+00:00,0.35
2026-05-08 11:34:12+00:00,0.35
2026-05-08 11:35:22+00:00,0.35
2026-05-08 11:36:04+00:00,0.35
2026-05-08 11:37:16+00:00,0.345
2026-05-08 11:38:05+00:00,0.345
2026-05-08 11:39:15+00:00,0.345
2026-05-08 11:40:03+00:00,0.345
2026-05-08 11:41:03+00:00,0.345
2026-05-08 11:42:03+00:00,0.345
2026-05-08 11:43:17+00:00,0.345
2026-05-08 11:44:04+00:00,0.35
2026-05-08 11:45:04+00:00,0.35
2026-05-08 11:46:03+00:00,0.35
2026-05-08 11:47:04+00:00,0.35
2026-05-08 11:48:07+00:00,0.35
2026-05-08 11:49:14+00:00,0.35
2026-05-08 11:50:03+00:00,0.35
2026-05-08 11:51:03+00:00,0.35
2026-05-08 11:52:17+00:00,0.35
2026-05-08 11:53:04+00:00,0.35
2026-05-08 11:54:04+00:00,0.35
2026-05-08 11:55:03+00:00,0.35
2026-05-08 11:56:04+00:00,0.35
2026-05-08 11:57:04+00:00,0.35
2026-05-08 11:58:04+00:00,0.35
2026-05-08 11:59:04+00:00,0.35
2026-05-08 12:00:03+00:00,0.35
2026-05-08 12:01:04+00:00,0.35
2026-05-08 12:02:03+00:00,0.35
2026-05-08 12:03:04+00:00,0.35
2026-05-08 12:04:04+00:00,0.345
2026-05-08 12:05:07+00:00,0.345
2026-05-08 12:06:04+00:00,0.345
2026-05-08 12:07:04+00:00,0.345
2026-05-08 12:08:11+00:00,0.345
2026-05-08 12:09:04+00:00,0.345
2026-05-08 12:10:03+00:00,0.345
2026-05-08 12:11:03+00:00,0.345
2026-05-08 12:12:03+00:00,0.345
2026-05-08 12:13:04+00:00,0.345
2026-05-08 12:14:04+00:00,0.345
2026-05-08 12:15:03+00:00,0.345
2026-05-08 12:16:03+00:00,0.345
2026-05-08 12:17:04+00:00,0.345
2026-05-08 12:18:04+00:00,0.345
2026-05-08 12:19:04+00:00,0.345
2026-05-08 12:20:04+00:00,0.345
2026-05-08 12:21:04+00:00,0.345
2026-05-08 12:22:03+00:00,0.345
2026-05-08 12:23:20+00:00,0.35
2026-05-08 12:24:03+00:00,0.35
2026-05-08 12:25:03+00:00,0.35
2026-05-08 12:26:03+00:00,0.35
2026-05-08 12:27:05+00:00,0.35
2026-05-08 12:28:05+00:00,0.35
2026-05-08 12:29:04+00:00,0.35
2026-05-08 12:30:03+00:00,0.35
2026-05-08 12:31:05+00:00,0.35
2026-05-08 12:32:04+00:00,0.35
2026-05-08 12:33:17+00:00,0.35
2026-05-08 12:34:03+00:00,0.35
2026-05-08 12:35:04+00:00,0.35
2026-05-08 12:36:03+00:00,0.35
2026-05-08 12:37:04+00:00,0.35
2026-05-08 12:38:06+00:00,0.345
2026-05-08 12:39:06+00:00,0.345
2026-05-08 12:40:03+00:00,0.345
2026-05-08 12:41:03+00:00,0.345
2026-05-08 12:42:03+00:00,0.35
2026-05-08 12:43:04+00:00,0.35
2026-05-08 12:44:05+00:00,0.345
2026-05-08 12:45:04+00:00,0.345
2026-05-08 12:46:03+00:00,0.345
2026-05-08 12:47:04+00:00,0.345
2026-05-08 12:48:18+00:00,0.345
2026-05-08 12:49:03+00:00,0.345
2026-05-08 12:50:03+00:00,0.345
2026-05-08 12:51:03+00:00,0.35
2026-05-08 12:52:03+00:00,0.35
2026-05-08 12:53:06+00:00,0.35
2026-05-08 12:54:04+00:00,0.35
2026-05-08 12:55:03+00:00,0.35
2026-05-08 12:56:03+00:00,0.35
2026-05-08 12:57:05+00:00,0.35
2026-05-08 12:58:04+00:00,0.35
2026-05-08 12:59:04+00:00,0.35
2026-05-08 13:00:03+00:00,0.35
2026-05-08 13:01:04+00:00,0.35
2026-05-08 13:02:03+00:00,0.35
2026-05-08 13:03:06+00:00,0.35
2026-05-08 13:04:04+00:00,0.35
2026-05-08 13:05:03+00:00,0.35
2026-05-08 13:06:04+00:00,0.35
2026-05-08 13:07:04+00:00,0.35
2026-05-08 13:08:04+00:00,0.35
2026-05-08 13:09:04+00:00,0.35
2026-05-08 13:10:05+00:00,0.35
2026-05-08 13:11:04+00:00,0.35
2026-05-08 13:12:04+00:00,0.35
2026-05-08 13:13:18+00:00,0.35
2026-05-08 13:14:03+00:00,0.35
2026-05-08 13:15:04+00:00,0.35
2026-05-08 13:16:04+00:00,0.35
2026-05-08 13:17:18+00:00,0.35
2026-05-08 13:18:04+00:00,0.35
2026-05-08 13:19:04+00:00,0.35
2026-05-08 13:20:03+00:00,0.35
2026-05-08 13:21:03+00:00,0.35
2026-05-08 13:22:03+00:00,0.35
2026-05-08 13:23:27+00:00,0.345
2026-05-08 13:24:04+00:00,0.345
2026-05-08 13:25:03+00:00,0.345
2026-05-08 13:26:03+00:00,0.345
2026-05-08 13:27:04+00:00,0.345
2026-05-08 13:28:04+00:00,0.335
2026-05-08 13:29:04+00:00,0.335
2026-05-08 13:30:04+00:00,0.34
2026-05-08 13:31:03+00:00,0.34
2026-05-08 13:32:04+00:00,0.34
2026-05-08 13:33:27+00:00,0.35
2026-05-08 13:34:05+00:00,0.345
2026-05-08 13:35:03+00:00,0.345
2026-05-08 13:36:03+00:00,0.345
2026-05-08 13:37:05+00:00,0.35
2026-05-08 13:38:05+00:00,0.345
2026-05-08 13:39:04+00:00,0.345
2026-05-08 13:40:03+00:00,0.345
2026-05-08 13:41:04+00:00,0.345
2026-05-08 13:42:03+00:00,0.345
2026-05-08 13:43:07+00:00,0.345
2026-05-08 13:44:05+00:00,0.345
2026-05-08 13:45:03+00:00,0.345
2026-05-08 13:46:03+00:00,0.345
2026-05-08 13:47:04+00:00,0.34
2026-05-08 13:48:05+00:00,0.34
2026-05-08 13:49:06+00:00,0.34
2026-05-08 13:50:04+00:00,0.34
2026-05-08 13:51:04+00:00,0.34
2026-05-08 13:52:05+00:00,0.34
2026-05-08 13:53:18+00:00,0.34
2026-05-08 13:54:08+00:00,0.34
2026-05-08 13:55:03+00:00,0.35
2026-05-08 13:56:03+00:00,0.35
2026-05-08 13:57:07+00:00,0.35
2026-05-08 13:58:16+00:00,0.35
2026-05-08 13:59:04+00:00,0.345
2026-05-08 14:00:03+00:00,0.35
2026-05-08 14:01:16+00:00,0.34
2026-05-08 14:02:15+00:00,0.345
2026-05-08 14:03:15+00:00,0.35
2026-05-08 14:04:06+00:00,0.35
2026-05-08 14:05:03+00:00,0.35
2026-05-08 14:06:03+00:00,0.345
2026-05-08 14:07:04+00:00,0.345
2026-05-08 14:08:20+00:00,0.345
2026-05-08 14:09:04+00:00,0.345
2026-05-08 14:10:15+00:00,0.345
2026-05-08 14:11:03+00:00,0.345
2026-05-08 14:12:03+00:00,0.345
2026-05-08 14:13:13+00:00,0.345
2026-05-08 14:14:03+00:00,0.345
2026-05-08 14:15:03+00:00,0.345
2026-05-08 14:16:03+00:00,0.345
2026-05-08 14:17:04+00:00,0.345
2026-05-08 14:18:27+00:00,0.345
2026-05-08 14:19:04+00:00,0.345
2026-05-08 14:20:03+00:00,0.345
2026-05-08 14:21:03+00:00,0.345
2026-05-08 14:22:03+00:00,0.345
2026-05-08 14:23:06+00:00,0.345
2026-05-08 14:24:07+00:00,0.345
2026-05-08 14:25:04+00:00,0.345
2026-05-08 14:26:04+00:00,0.345
2026-05-08 14:27:04+00:00,0.345
2026-05-08 14:28:04+00:00,0.34
2026-05-08 14:29:32+00:00,0.35
2026-05-08 14:30:06+00:00,0.35
2026-05-08 14:31:06+00:00,0.345
2026-05-08 14:32:16+00:00,0.345
2026-05-08 14:33:23+00:00,0.345
2026-05-08 14:34:04+00:00,0.345
2026-05-08 14:35:06+00:00,0.345
2026-05-08 14:36:04+00:00,0.34
2026-05-08 14:37:03+00:00,0.34
2026-05-08 14:38:20+00:00,0.34
2026-05-08 14:39:05+00:00,0.34
2026-05-08 14:40:04+00:00,0.34
2026-05-08 14:41:04+00:00,0.34
2026-05-08 14:42:03+00:00,0.34
2026-05-08 14:43:04+00:00,0.34
2026-05-08 14:44:10+00:00,0.34
2026-05-08 14:45:17+00:00,0.34
2026-05-08 14:46:03+00:00,0.34
2026-05-08 14:47:04+00:00,0.345
2026-05-08 14:48:07+00:00,0.34
2026-05-08 14:49:03+00:00,0.34
2026-05-08 14:50:03+00:00,0.34
2026-05-08 14:51:03+00:00,0.34
2026-05-08 14:52:04+00:00,0.34
2026-05-08 14:53:15+00:00,0.34
2026-05-08 14:54:04+00:00,0.34
2026-05-08 14:55:03+00:00,0.34
2026-05-08 14:56:03+00:00,0.34
2026-05-08 14:57:05+00:00,0.34
2026-05-08 14:58:20+00:00,0.34
2026-05-08 14:59:03+00:00,0.34
2026-05-08 15:00:03+00:00,0.34
2026-05-08 15:01:03+00:00,0.345
2026-05-08 15:02:03+00:00,0.345
2026-05-08 15:03:17+00:00,0.345
2026-05-08 15:04:03+00:00,0.345
2026-05-08 15:05:05+00:00,0.345
2026-05-08 15:06:03+00:00,0.345
2026-05-08 15:07:05+00:00,0.345
2026-05-08 15:08:21+00:00,0.345
2026-05-08 15:09:04+00:00,0.345
2026-05-08 15:10:03+00:00,0.345
2026-05-08 15:11:03+00:00,0.345
2026-05-08 15:12:04+00:00,0.345
2026-05-08 15:13:06+00:00,0.345
2026-05-08 15:14:03+00:00,0.35
2026-05-08 15:15:05+00:00,0.35
2026-05-08 15:16:06+00:00,0.35
2026-05-08 15:17:04+00:00,0.35
2026-05-08 15:18:04+00:00,0.35
2026-05-08 15:19:03+00:00,0.35
2026-05-08 15:20:18+00:00,0.35
2026-05-08 15:21:03+00:00,0.35
2026-05-08 15:22:04+00:00,0.35
2026-05-08 15:23:06+00:00,0.35
2026-05-08 15:24:04+00:00,0.35
2026-05-08 15:25:21+00:00,0.35
2026-05-08 15:26:03+00:00,0.35
2026-05-08 15:27:07+00:00,0.35
2026-05-08 15:28:24+00:00,0.35
2026-05-08 15:29:07+00:00,0.35
2026-05-08 15:30:07+00:00,0.35
2026-05-08 15:31:03+00:00,0.35
2026-05-08 15:32:03+00:00,0.35
2026-05-08 15:33:04+00:00,0.35
2026-05-08 15:34:04+00:00,0.35
2026-05-08 15:35:03+00:00,0.35
2026-05-08 15:36:03+00:00,0.35
2026-05-08 15:37:15+00:00,0.35
2026-05-08 15:38:04+00:00,0.35
2026-05-08 15:39:04+00:00,0.35
2026-05-08 15:40:04+00:00,0.35
2026-05-08 15:41:03+00:00,0.35
2026-05-08 15:42:03+00:00,0.35
2026-05-08 15:43:07+00:00,0.35
2026-05-08 15:44:05+00:00,0.35
2026-05-08 15:45:07+00:00,0.35
2026-05-08 15:46:03+00:00,0.35
2026-05-08 15:47:05+00:00,0.35
2026-05-08 15:48:13+00:00,0.34
2026-05-08 15:49:16+00:00,0.34
2026-05-08 15:50:03+00:00,0.34
2026-05-08 15:51:03+00:00,0.34
2026-05-08 15:52:03+00:00,0.345
2026-05-08 15:53:23+00:00,0.34
2026-05-08 15:54:04+00:00,0.34
2026-05-08 15:55:19+00:00,0.34
2026-05-08 15:56:03+00:00,0.34
2026-05-08 15:57:21+00:00,0.34
2026-05-08 15:58:04+00:00,0.34
2026-05-08 15:59:03+00:00,0.34
2026-05-08 16:00:04+00:00,0.34
2026-05-08 16:01:04+00:00,0.34
2026-05-08 16:02:05+00:00,0.34
2026-05-08 16:03:08+00:00,0.335
2026-05-08 16:04:07+00:00,0.335
2026-05-08 16:05:07+00:00,0.335
2026-05-08 16:06:05+00:00,0.335
2026-05-08 16:07:05+00:00,0.335
2026-05-08 16:08:07+00:00,0.335
2026-05-08 16:09:07+00:00,0.335
2026-05-08 16:10:04+00:00,0.34
2026-05-08 16:11:04+00:00,0.34
2026-05-08 16:12:05+00:00,0.34
2026-05-08 16:13:20+00:00,0.34
2026-05-08 16:14:07+00:00,0.34
2026-05-08 16:15:04+00:00,0.34
2026-05-08 16:16:04+00:00,0.34
2026-05-08 16:17:04+00:00,0.34
2026-05-08 16:18:04+00:00,0.34
2026-05-08 16:19:04+00:00,0.34
2026-05-08 16:20:04+00:00,0.34
2026-05-08 16:21:20+00:00,0.34
2026-05-08 16:22:04+00:00,0.34
2026-05-08 16:23:05+00:00,0.34
2026-05-08 16:24:04+00:00,0.34
2026-05-08 16:25:07+00:00,0.34
2026-05-08 16:26:04+00:00,0.34
2026-05-08 16:27:06+00:00,0.34
2026-05-08 16:28:04+00:00,0.34
2026-05-08 16:29:03+00:00,0.34
2026-05-08 16:30:04+00:00,0.34
2026-05-08 16:31:04+00:00,0.34
2026-05-08 16:32:04+00:00,0.34
2026-05-08 16:33:06+00:00,0.34
2026-05-08 16:34:08+00:00,0.34
2026-05-08 16:35:17+00:00,0.34
2026-05-08 16:36:03+00:00,0.34
2026-05-08 16:37:04+00:00,0.34
2026-05-08 16:38:04+00:00,0.34
2026-05-08 16:39:04+00:00,0.34
2026-05-08 16:40:03+00:00,0.34
2026-05-08 16:41:03+00:00,0.34
2026-05-08 16:42:04+00:00,0.34
2026-05-08 16:43:06+00:00,0.34
2026-05-08 16:44:04+00:00,0.34
2026-05-08 16:45:03+00:00,0.34
2026-05-08 16:46:03+00:00,0.34
2026-05-08 16:47:03+00:00,0.34
2026-05-08 16:48:07+00:00,0.34
2026-05-08 16:49:04+00:00,0.34
2026-05-08 16:50:04+00:00,0.345
2026-05-08 16:51:03+00:00,0.345
2026-05-08 16:52:03+00:00,0.345
2026-05-08 16:53:06+00:00,0.345
2026-05-08 16:54:03+00:00,0.345
2026-05-08 16:55:03+00:00,0.345
2026-05-08 16:56:09+00:00,0.345
2026-05-08 16:57:05+00:00,0.345
2026-05-08 16:58:08+00:00,0.345
2026-05-08 16:59:04+00:00,0.345
2026-05-08 17:00:04+00:00,0.34
2026-05-08 17:01:04+00:00,0.34
2026-05-08 17:02:05+00:00,0.34
2026-05-08 17:03:07+00:00,0.34
2026-05-08 17:04:05+00:00,0.34
2026-05-08 17:05:04+00:00,0.335
2026-05-08 17:06:07+00:00,0.335
2026-05-08 17:07:04+00:00,0.335
2026-05-08 17:08:04+00:00,0.335
2026-05-08 17:09:07+00:00,0.335
2026-05-08 17:10:20+00:00,0.335
2026-05-08 17:11:16+00:00,0.335
2026-05-08 17:12:04+00:00,0.34
2026-05-08 17:13:06+00:00,0.34
2026-05-08 17:14:17+00:00,0.34
2026-05-08 17:15:03+00:00,0.34
2026-05-08 17:16:03+00:00,0.34
2026-05-08 17:17:05+00:00,0.34
2026-05-08 17:18:04+00:00,0.34
2026-05-08 17:19:04+00:00,0.34
2026-05-08 17:20:04+00:00,0.34
2026-05-08 17:21:03+00:00,0.34
2026-05-08 17:22:03+00:00,0.34
2026-05-08 17:23:06+00:00,0.34
2026-05-08 17:24:03+00:00,0.34
2026-05-08 17:25:04+00:00,0.34
2026-05-08 17:26:03+00:00,0.34
2026-05-08 17:27:04+00:00,0.34
2026-05-08 17:28:03+00:00,0.34
2026-05-08 17:29:11+00:00,0.34
2026-05-08 17:30:03+00:00,0.34
2026-05-08 17:31:04+00:00,0.34
2026-05-08 17:32:03+00:00,0.34
2026-05-08 17:33:04+00:00,0.34
2026-05-08 17:34:05+00:00,0.34
2026-05-08 17:35:16+00:00,0.34
2026-05-08 17:36:04+00:00,0.34
2026-05-08 17:37:07+00:00,0.34
2026-05-08 17:38:04+00:00,0.34
2026-05-08 17:39:04+00:00,0.34
2026-05-08 17:40:03+00:00,0.335
2026-05-08 17:41:04+00:00,0.335
2026-05-08 17:42:05+00:00,0.335
2026-05-08 17:43:04+00:00,0.34
2026-05-08 17:44:04+00:00,0.34
2026-05-08 17:45:04+00:00,0.34
2026-05-08 17:46:04+00:00,0.34
2026-05-08 17:47:04+00:00,0.34
2026-05-08 17:48:05+00:00,0.335
2026-05-08 17:49:03+00:00,0.335
2026-05-08 17:50:04+00:00,0.335
2026-05-08 17:51:04+00:00,0.335
2026-05-08 17:52:05+00:00,0.335
2026-05-08 17:53:07+00:00,0.335
2026-05-08 17:54:17+00:00,0.335
2026-05-08 17:55:04+00:00,0.335
2026-05-08 17:56:04+00:00,0.335
2026-05-08 17:57:04+00:00,0.34
2026-05-08 17:58:04+00:00,0.34
2026-05-08 17:59:04+00:00,0.34
2026-05-08 18:00:05+00:00,0.34
2026-05-08 18:01:04+00:00,0.34
2026-05-08 18:02:06+00:00,0.34
2026-05-08 18:03:07+00:00,0.335
2026-05-08 18:04:04+00:00,0.335
2026-05-08 18:05:05+00:00,0.335
2026-05-08 18:06:06+00:00,0.335
2026-05-08 18:07:04+00:00,0.34
2026-05-08 18:08:06+00:00,0.34
2026-05-08 18:09:04+00:00,0.34
2026-05-08 18:10:04+00:00,0.34
2026-05-08 18:11:05+00:00,0.34
2026-05-08 18:12:04+00:00,0.34
2026-05-08 18:13:05+00:00,0.34
2026-05-08 18:14:04+00:00,0.34
2026-05-08 18:15:05+00:00,0.34
2026-05-08 18:16:04+00:00,0.34
2026-05-08 18:17:04+00:00,0.34
2026-05-08 18:18:08+00:00,0.34
2026-05-08 18:19:05+00:00,0.34
2026-05-08 18:20:04+00:00,0.34
2026-05-08 18:21:04+00:00,0.34
2026-05-08 18:22:04+00:00,0.34
2026-05-08 18:23:04+00:00,0.34
2026-05-08 18:24:04+00:00,0.34
2026-05-08 18:25:07+00:00,0.34
2026-05-08 18:26:04+00:00,0.34
2026-05-08 18:27:04+00:00,0.34
2026-05-08 18:28:07+00:00,0.34
2026-05-08 18:29:07+00:00,0.34
2026-05-08 18:30:05+00:00,0.34
2026-05-08 18:31:04+00:00,0.34
2026-05-08 18:32:04+00:00,0.34
2026-05-08 18:33:05+00:00,0.34
2026-05-08 18:34:15+00:00,0.34
2026-05-08 18:35:06+00:00,0.34
2026-05-08 18:36:04+00:00,0.34
2026-05-08 18:37:04+00:00,0.33
2026-05-08 18:38:04+00:00,0.34
2026-05-08 18:39:04+00:00,0.34
2026-05-08 18:40:05+00:00,0.34
2026-05-08 18:41:04+00:00,0.335
2026-05-08 18:42:04+00:00,0.33
2026-05-08 18:43:07+00:00,0.33
2026-05-08 18:44:04+00:00,0.335
2026-05-08 18:45:18+00:00,0.335
2026-05-08 18:46:04+00:00,0.335
2026-05-08 18:47:04+00:00,0.335
2026-05-08 18:48:06+00:00,0.335
2026-05-08 18:49:07+00:00,0.335
2026-05-08 18:50:06+00:00,0.335
2026-05-08 18:51:04+00:00,0.335
2026-05-08 18:52:04+00:00,0.335
2026-05-08 18:53:07+00:00,0.335
2026-05-08 18:54:04+00:00,0.335
2026-05-08 18:55:04+00:00,0.335
2026-05-08 18:56:05+00:00,0.33
2026-05-08 18:57:07+00:00,0.33
2026-05-08 18:58:07+00:00,0.33
2026-05-08 18:59:05+00:00,0.33
2026-05-08 19:00:05+00:00,0.325
2026-05-08 19:01:05+00:00,0.33
2026-05-08 19:02:04+00:00,0.33
2026-05-08 19:03:07+00:00,0.33
2026-05-08 19:04:06+00:00,0.33
2026-05-08 19:05:04+00:00,0.33
2026-05-08 19:06:04+00:00,0.33
2026-05-08 19:07:04+00:00,0.33
2026-05-08 19:08:05+00:00,0.33
2026-05-08 19:09:03+00:00,0.33
2026-05-08 19:10:20+00:00,0.33
2026-05-08 19:11:04+00:00,0.33
2026-05-08 19:12:04+00:00,0.33
2026-05-08 19:13:08+00:00,0.33
2026-05-08 19:14:04+00:00,0.335
2026-05-08 19:15:21+00:00,0.34
2026-05-08 19:16:04+00:00,0.345
2026-05-08 19:17:04+00:00,0.335
2026-05-08 19:18:06+00:00,0.34
2026-05-08 19:19:05+00:00,0.34
2026-05-08 19:20:04+00:00,0.345
2026-05-08 19:21:04+00:00,0.345
2026-05-08 19:22:06+00:00,0.34
2026-05-08 19:23:07+00:00,0.34
2026-05-08 19:24:06+00:00,0.35
2026-05-08 19:25:05+00:00,0.35
2026-05-08 19:26:04+00:00,0.34
2026-05-08 19:27:04+00:00,0.34
2026-05-08 19:28:07+00:00,0.34
2026-05-08 19:29:07+00:00,0.35
2026-05-08 19:30:04+00:00,0.35
2026-05-08 19:31:04+00:00,0.34
2026-05-08 19:32:04+00:00,0.34
2026-05-08 19:33:04+00:00,0.34
2026-05-08 19:34:04+00:00,0.34
2026-05-08 19:35:04+00:00,0.34
2026-05-08 19:36:04+00:00,0.34
2026-05-08 19:37:28+00:00,0.34
2026-05-08 19:38:05+00:00,0.34
2026-05-08 19:39:04+00:00,0.34
2026-05-08 19:40:06+00:00,0.34
2026-05-08 19:41:04+00:00,0.34
2026-05-08 19:42:06+00:00,0.34
2026-05-08 19:43:05+00:00,0.34
2026-05-08 19:44:05+00:00,0.34
2026-05-08 19:45:05+00:00,0.34
2026-05-08 19:46:08+00:00,0.335
2026-05-08 19:47:05+00:00,0.335
2026-05-08 19:48:15+00:00,0.335
2026-05-08 19:49:05+00:00,0.335
2026-05-08 19:50:04+00:00,0.335
2026-05-08 19:51:04+00:00,0.335
2026-05-08 19:52:04+00:00,0.335
2026-05-08 19:53:07+00:00,0.34
2026-05-08 19:54:08+00:00,0.34
2026-05-08 19:55:05+00:00,0.345
2026-05-08 19:56:19+00:00,0.345
2026-05-08 19:57:06+00:00,0.345
2026-05-08 19:58:07+00:00,0.345
2026-05-08 19:59:05+00:00,0.345
2026-05-08 20:00:05+00:00,0.345
2026-05-08 20:01:06+00:00,0.345
2026-05-08 20:02:05+00:00,0.345
2026-05-08 20:03:06+00:00,0.335
2026-05-08 20:04:07+00:00,0.34
2026-05-08 20:05:04+00:00,0.34
2026-05-08 20:06:05+00:00,0.34
2026-05-08 20:07:04+00:00,0.34
2026-05-08 20:08:06+00:00,0.34
2026-05-08 20:09:07+00:00,0.335
2026-05-08 20:10:06+00:00,0.34
2026-05-08 20:11:06+00:00,0.335
2026-05-08 20:12:05+00:00,0.34
2026-05-08 20:13:04+00:00,0.34
2026-05-08 20:14:06+00:00,0.34
2026-05-08 20:15:04+00:00,0.34
2026-05-08 20:16:04+00:00,0.335
2026-05-08 20:17:06+00:00,0.335
2026-05-08 20:18:06+00:00,0.335
2026-05-08 20:19:04+00:00,0.335
2026-05-08 20:20:04+00:00,0.335
2026-05-08 20:21:21+00:00,0.335
2026-05-08 20:22:04+00:00,0.335
2026-05-08 20:23:18+00:00,0.34
2026-05-08 20:24:08+00:00,0.34
2026-05-08 20:25:06+00:00,0.345
2026-05-08 20:26:07+00:00,0.34
2026-05-08 20:27:17+00:00,0.345
2026-05-08 20:28:08+00:00,0.345
2026-05-08 20:29:08+00:00,0.345
2026-05-08 20:30:05+00:00,0.345
2026-05-08 20:31:04+00:00,0.345
2026-05-08 20:32:06+00:00,0.345
2026-05-08 20:33:19+00:00,0.345
2026-05-08 20:34:07+00:00,0.345
2026-05-08 20:35:11+00:00,0.345
2026-05-08 20:36:04+00:00,0.345
2026-05-08 20:37:04+00:00,0.345
2026-05-08 20:38:06+00:00,0.345
2026-05-08 20:39:04+00:00,0.33
2026-05-08 20:40:05+00:00,0.345
2026-05-08 20:41:05+00:00,0.34
2026-05-08 20:42:04+00:00,0.34
2026-05-08 20:43:04+00:00,0.34
2026-05-08 20:44:04+00:00,0.34
2026-05-08 20:45:04+00:00,0.34
2026-05-08 20:46:07+00:00,0.34
2026-05-08 20:47:04+00:00,0.34
2026-05-08 20:48:07+00:00,0.335
2026-05-08 20:49:07+00:00,0.335
2026-05-08 20:50:04+00:00,0.335
2026-05-08 20:51:18+00:00,0.335
2026-05-08 20:52:04+00:00,0.335
2026-05-08 20:53:22+00:00,0.335
2026-05-08 20:54:20+00:00,0.335
2026-05-08 20:55:04+00:00,0.335
2026-05-08 20:56:04+00:00,0.335
2026-05-08 20:57:04+00:00,0.335
2026-05-08 20:58:05+00:00,0.335
2026-05-08 20:59:04+00:00,0.335
2026-05-08 21:00:05+00:00,0.335
2026-05-08 21:01:04+00:00,0.33
2026-05-08 21:02:04+00:00,0.325
2026-05-08 21:03:05+00:00,0.325
2026-05-08 21:04:20+00:00,0.325
2026-05-08 21:05:04+00:00,0.325
2026-05-08 21:06:20+00:00,0.325
2026-05-08 21:07:04+00:00,0.325
2026-05-08 21:08:18+00:00,0.325
2026-05-08 21:09:04+00:00,0.325
2026-05-08 21:10:04+00:00,0.325
2026-05-08 21:11:04+00:00,0.325
2026-05-08 21:12:04+00:00,0.325
2026-05-08 21:13:07+00:00,0.325
2026-05-08 21:14:08+00:00,0.325
2026-05-08 21:15:05+00:00,0.335
2026-05-08 21:16:04+00:00,0.335
2026-05-08 21:17:05+00:00,0.335
2026-05-08 21:18:06+00:00,0.335
2026-05-08 21:19:06+00:00,0.34
2026-05-08 21:20:04+00:00,0.34
2026-05-08 21:21:04+00:00,0.34
2026-05-08 21:22:04+00:00,0.34
2026-05-08 21:23:05+00:00,0.34
2026-05-08 21:24:06+00:00,0.34
2026-05-08 21:25:04+00:00,0.34
2026-05-08 21:26:04+00:00,0.34
2026-05-08 21:27:04+00:00,0.34
2026-05-08 21:28:04+00:00,0.34
2026-05-08 21:29:04+00:00,0.34
2026-05-08 21:30:05+00:00,0.34
2026-05-08 21:31:04+00:00,0.34
2026-05-08 21:32:04+00:00,0.34
2026-05-08 21:33:04+00:00,0.34
2026-05-08 21:34:04+00:00,0.34
2026-05-08 21:35:06+00:00,0.34
2026-05-08 21:36:06+00:00,0.34
2026-05-08 21:37:04+00:00,0.34
2026-05-08 21:38:05+00:00,0.34
2026-05-08 21:39:21+00:00,0.34
2026-05-08 21:40:05+00:00,0.34
2026-05-08 21:41:04+00:00,0.34
2026-05-08 21:42:07+00:00,0.34
2026-05-08 21:43:07+00:00,0.34
2026-05-08 21:44:07+00:00,0.34
2026-05-08 21:45:05+00:00,0.34
2026-05-08 21:46:04+00:00,0.34
2026-05-08 21:47:04+00:00,0.34
2026-05-08 21:48:06+00:00,0.34
2026-05-08 21:49:18+00:00,0.34
2026-05-08 21:50:06+00:00,0.34
2026-05-08 21:51:06+00:00,0.34
2026-05-08 21:52:04+00:00,0.34
2026-05-08 21:53:17+00:00,0.34
2026-05-08 21:54:04+00:00,0.34
2026-05-08 21:55:04+00:00,0.34
2026-05-08 21:56:04+00:00,0.34
2026-05-08 21:57:04+00:00,0.34
2026-05-08 21:58:06+00:00,0.34
2026-05-08 21:59:04+00:00,0.33
2026-05-08 22:00:05+00:00,0.33
2026-05-08 22:01:04+00:00,0.33
2026-05-08 22:02:03+00:00,0.33
2026-05-08 22:03:19+00:00,0.33
2026-05-08 22:04:06+00:00,0.33
2026-05-08 22:05:04+00:00,0.345
2026-05-08 22:06:04+00:00,0.335
2026-05-08 22:07:05+00:00,0.335
2026-05-08 22:08:04+00:00,0.335
2026-05-08 22:09:04+00:00,0.34
2026-05-08 22:10:04+00:00,0.33
2026-05-08 22:11:04+00:00,0.33
2026-05-08 22:12:04+00:00,0.33
2026-05-08 22:13:09+00:00,0.335
2026-05-08 22:14:04+00:00,0.335
2026-05-08 22:15:06+00:00,0.335
2026-05-08 22:16:05+00:00,0.335
2026-05-08 22:17:04+00:00,0.335
2026-05-08 22:18:04+00:00,0.335
2026-05-08 22:19:04+00:00,0.335
2026-05-08 22:20:04+00:00,0.335
2026-05-08 22:21:04+00:00,0.335
2026-05-08 22:22:04+00:00,0.335
2026-05-08 22:23:07+00:00,0.335
2026-05-08 22:24:04+00:00,0.335
2026-05-08 22:25:07+00:00,0.335
2026-05-08 22:26:04+00:00,0.33
2026-05-08 22:27:04+00:00,0.33
2026-05-08 22:28:07+00:00,0.33
2026-05-08 22:29:04+00:00,0.33
2026-05-08 22:30:04+00:00,0.33
2026-05-08 22:31:04+00:00,0.33
2026-05-08 22:32:04+00:00,0.33
2026-05-08 22:33:05+00:00,0.33
2026-05-08 22:34:04+00:00,0.33
2026-05-08 22:35:04+00:00,0.33
2026-05-08 22:36:04+00:00,0.34
2026-05-08 22:37:19+00:00,0.335
2026-05-08 22:38:08+00:00,0.335
2026-05-08 22:39:05+00:00,0.335
2026-05-08 22:40:06+00:00,0.335
2026-05-08 22:41:06+00:00,0.335
2026-05-08 22:42:05+00:00,0.335
2026-05-08 22:43:07+00:00,0.335
2026-05-08 22:44:04+00:00,0.335
2026-05-08 22:45:15+00:00,0.335
2026-05-08 22:46:06+00:00,0.335
2026-05-08 22:47:04+00:00,0.335
2026-05-08 22:48:08+00:00,0.335
2026-05-08 22:49:05+00:00,0.335
2026-05-08 22:50:04+00:00,0.335
2026-05-08 22:51:04+00:00,0.335
2026-05-08 22:52:04+00:00,0.335
2026-05-08 22:53:04+00:00,0.335
2026-05-08 22:54:05+00:00,0.335
2026-05-08 22:55:04+00:00,0.335
2026-05-08 22:56:15+00:00,0.335
2026-05-08 22:57:04+00:00,0.335
2026-05-08 22:58:10+00:00,0.335
2026-05-08 22:59:07+00:00,0.335
2026-05-08 23:00:05+00:00,0.335
2026-05-08 23:01:14+00:00,0.335
2026-05-08 23:02:04+00:00,0.335
2026-05-08 23:03:07+00:00,0.335
2026-05-08 23:04:07+00:00,0.335
2026-05-08 23:05:05+00:00,0.335
2026-05-08 23:06:04+00:00,0.335
2026-05-08 23:07:05+00:00,0.335
2026-05-08 23:08:17+00:00,0.335
2026-05-08 23:09:06+00:00,0.335
2026-05-08 23:10:04+00:00,0.335
2026-05-08 23:11:04+00:00,0.335
2026-05-08 23:12:17+00:00,0.335
2026-05-08 23:13:04+00:00,0.335
2026-05-08 23:14:18+00:00,0.335
2026-05-08 23:15:07+00:00,0.335
2026-05-08 23:16:04+00:00,0.335
2026-05-08 23:17:04+00:00,0.335
2026-05-08 23:18:06+00:00,0.335
2026-05-08 23:19:18+00:00,0.335
2026-05-08 23:20:04+00:00,0.335
2026-05-08 23:21:21+00:00,0.335
2026-05-08 23:22:04+00:00,0.335
2026-05-08 23:23:20+00:00,0.335
2026-05-08 23:24:08+00:00,0.335
2026-05-08 23:25:06+00:00,0.335
2026-05-08 23:26:04+00:00,0.335
2026-05-08 23:27:05+00:00,0.335
2026-05-08 23:28:04+00:00,0.335
2026-05-08 23:29:22+00:00,0.335
2026-05-08 23:30:04+00:00,0.335
2026-05-08 23:31:06+00:00,0.335
2026-05-08 23:32:04+00:00,0.335
2026-05-08 23:33:04+00:00,0.335
2026-05-08 23:34:06+00:00,0.335
2026-05-08 23:35:17+00:00,0.335
2026-05-08 23:36:04+00:00,0.335
2026-05-08 23:37:05+00:00,0.335
2026-05-08 23:38:04+00:00,0.335
2026-05-08 23:39:05+00:00,0.335
2026-05-08 23:40:20+00:00,0.335
2026-05-08 23:41:20+00:00,0.335
2026-05-08 23:42:04+00:00,0.335
2026-05-08 23:43:06+00:00,0.335
2026-05-08 23:44:06+00:00,0.335
2026-05-08 23:45:07+00:00,0.335
2026-05-08 23:46:05+00:00,0.335
2026-05-08 23:47:04+00:00,0.335
2026-05-08 23:48:08+00:00,0.335
2026-05-08 23:49:08+00:00,0.335
2026-05-08 23:50:06+00:00,0.335
2026-05-08 23:51:04+00:00,0.335
2026-05-08 23:52:18+00:00,0.335
2026-05-08 23:53:19+00:00,0.335
2026-05-08 23:54:06+00:00,0.335
2026-05-08 23:55:07+00:00,0.335
2026-05-08 23:56:04+00:00,0.335
2026-05-08 23:57:22+00:00,0.335
2026-05-08 23:58:17+00:00,0.335
2026-05-08 23:59:04+00:00,0.335
2026-05-09 00:00:22+00:00,0.335
2026-05-09 00:01:05+00:00,0.335
2026-05-09 00:02:07+00:00,0.335
2026-05-09 00:03:06+00:00,0.335
2026-05-09 00:04:04+00:00,0.335
2026-05-09 00:05:08+00:00,0.335
2026-05-09 00:06:18+00:00,0.335
2026-05-09 00:07:05+00:00,0.335
2026-05-09 00:08:22+00:00,0.335
2026-05-09 00:09:04+00:00,0.335
2026-05-09 00:10:07+00:00,0.335
2026-05-09 00:11:05+00:00,0.335
2026-05-09 00:12:04+00:00,0.335
2026-05-09 00:13:07+00:00,0.335
2026-05-09 00:14:08+00:00,0.335
2026-05-09 00:15:16+00:00,0.335
2026-05-09 00:16:19+00:00,0.335
2026-05-09 00:17:06+00:00,0.335
2026-05-09 00:18:07+00:00,0.335
2026-05-09 00:19:07+00:00,0.335
2026-05-09 00:20:04+00:00,0.335
2026-05-09 00:21:07+00:00,0.335
2026-05-09 00:22:15+00:00,0.335
2026-05-09 00:23:12+00:00,0.335
2026-05-09 00:24:10+00:00,0.335
2026-05-09 00:25:07+00:00,0.335
2026-05-09 00:26:07+00:00,0.335
2026-05-09 00:27:06+00:00,0.335
2026-05-09 00:28:05+00:00,0.335
2026-05-09 00:29:07+00:00,0.335
2026-05-09 00:30:06+00:00,0.335
2026-05-09 00:31:17+00:00,0.335
2026-05-09 00:32:04+00:00,0.335
2026-05-09 00:33:04+00:00,0.335
2026-05-09 00:34:04+00:00,0.335
2026-05-09 00:35:04+00:00,0.335
2026-05-09 00:36:04+00:00,0.335
2026-05-09 00:37:04+00:00,0.335
2026-05-09 00:38:05+00:00,0.335
2026-05-09 00:39:15+00:00,0.335
2026-05-09 00:40:05+00:00,0.335
2026-05-09 00:41:05+00:00,0.335
2026-05-09 00:42:04+00:00,0.335
2026-05-09 00:43:16+00:00,0.335
2026-05-09 00:44:18+00:00,0.335
2026-05-09 00:45:05+00:00,0.335
2026-05-09 00:46:08+00:00,0.335
2026-05-09 00:47:05+00:00,0.335
2026-05-09 00:48:08+00:00,0.335
2026-05-09 00:49:08+00:00,0.335
2026-05-09 00:50:05+00:00,0.335
2026-05-09 00:51:18+00:00,0.335
2026-05-09 00:52:04+00:00,0.335
2026-05-09 00:53:04+00:00,0.335
2026-05-09 00:54:05+00:00,0.335
2026-05-09 00:55:08+00:00,0.335
2026-05-09 00:56:06+00:00,0.335
2026-05-09 00:57:05+00:00,0.335
2026-05-09 00:58:08+00:00,0.335
2026-05-09 00:59:05+00:00,0.335
2026-05-09 01:00:08+00:00,0.335
2026-05-09 01:01:04+00:00,0.335
2026-05-09 01:02:04+00:00,0.335
2026-05-09 01:03:07+00:00,0.335
2026-05-09 01:04:15+00:00,0.335
2026-05-09 01:05:04+00:00,0.335
2026-05-09 01:06:08+00:00,0.335
2026-05-09 01:07:06+00:00,0.335
2026-05-09 01:08:06+00:00,0.335
2026-05-09 01:09:11+00:00,0.335
2026-05-09 01:10:06+00:00,0.335
2026-05-09 01:11:05+00:00,0.335
2026-05-09 01:12:05+00:00,0.335
2026-05-09 01:13:04+00:00,0.335
2026-05-09 01:14:04+00:00,0.335
2026-05-09 01:15:06+00:00,0.325
2026-05-09 01:16:06+00:00,0.335
2026-05-09 01:17:23+00:00,0.335
2026-05-09 01:18:04+00:00,0.335
2026-05-09 01:19:16+00:00,0.335
2026-05-09 01:20:05+00:00,0.335
2026-05-09 01:21:04+00:00,0.335
2026-05-09 01:22:04+00:00,0.335
2026-05-09 01:23:07+00:00,0.335
2026-05-09 01:24:04+00:00,0.335
2026-05-09 01:25:08+00:00,0.335
2026-05-09 01:26:20+00:00,0.335
2026-05-09 01:27:04+00:00,0.335
2026-05-09 01:28:08+00:00,0.335
2026-05-09 01:29:06+00:00,0.335
2026-05-09 01:30:06+00:00,0.335
2026-05-09 01:31:20+00:00,0.33
2026-05-09 01:32:04+00:00,0.33
2026-05-09 01:33:04+00:00,0.33
2026-05-09 01:34:16+00:00,0.33
2026-05-09 01:35:04+00:00,0.33
2026-05-09 01:36:04+00:00,0.33
2026-05-09 01:37:04+00:00,0.33
2026-05-09 01:38:06+00:00,0.33
2026-05-09 01:39:04+00:00,0.33
2026-05-09 01:40:07+00:00,0.33
2026-05-09 01:41:05+00:00,0.33
2026-05-09 01:42:18+00:00,0.33
2026-05-09 01:43:04+00:00,0.33
2026-05-09 01:44:04+00:00,0.33
2026-05-09 01:45:06+00:00,0.33
2026-05-09 01:46:07+00:00,0.33
2026-05-09 01:47:05+00:00,0.33
2026-05-09 01:48:12+00:00,0.33
2026-05-09 01:49:06+00:00,0.33
2026-05-09 01:50:04+00:00,0.325
2026-05-09 01:51:05+00:00,0.325
2026-05-09 01:52:04+00:00,0.325
2026-05-09 01:53:07+00:00,0.33
2026-05-09 01:54:04+00:00,0.33
2026-05-09 01:55:04+00:00,0.33
2026-05-09 01:56:05+00:00,0.325
2026-05-09 01:57:04+00:00,0.325
2026-05-09 01:58:07+00:00,0.33
2026-05-09 01:59:04+00:00,0.33
2026-05-09 02:00:05+00:00,0.33
2026-05-09 02:01:04+00:00,0.33
2026-05-09 02:02:04+00:00,0.33
2026-05-09 02:03:07+00:00,0.33
2026-05-09 02:04:04+00:00,0.33
2026-05-09 02:05:04+00:00,0.33
2026-05-09 02:06:05+00:00,0.33
2026-05-09 02:07:04+00:00,0.33
2026-05-09 02:08:06+00:00,0.33
2026-05-09 02:09:04+00:00,0.33
2026-05-09 02:10:06+00:00,0.33
2026-05-09 02:11:03+00:00,0.33
2026-05-09 02:12:04+00:00,0.33
2026-05-09 02:13:04+00:00,0.33
2026-05-09 02:14:05+00:00,0.33
2026-05-09 02:15:04+00:00,0.325
2026-05-09 02:16:04+00:00,0.325
2026-05-09 02:17:04+00:00,0.33
2026-05-09 02:18:04+00:00,0.335
2026-05-09 02:19:06+00:00,0.335
2026-05-09 02:20:04+00:00,0.335
2026-05-09 02:21:05+00:00,0.32
2026-05-09 02:22:04+00:00,0.32
2026-05-09 02:23:04+00:00,0.32
2026-05-09 02:24:05+00:00,0.315
2026-05-09 02:25:05+00:00,0.315
2026-05-09 02:26:06+00:00,0.315
2026-05-09 02:27:04+00:00,0.315
2026-05-09 02:28:06+00:00,0.315
2026-05-09 02:29:04+00:00,0.315
2026-05-09 02:30:04+00:00,0.315
2026-05-09 02:31:04+00:00,0.315
2026-05-09 02:32:19+00:00,0.315
2026-05-09 02:33:06+00:00,0.315
2026-05-09 02:34:04+00:00,0.315
2026-05-09 02:35:04+00:00,0.315
2026-05-09 02:36:04+00:00,0.315
2026-05-09 02:37:04+00:00,0.315
2026-05-09 02:38:04+00:00,0.315
2026-05-09 02:39:04+00:00,0.315
2026-05-09 02:40:05+00:00,0.315
2026-05-09 02:41:04+00:00,0.315
2026-05-09 02:42:04+00:00,0.315
2026-05-09 02:43:04+00:00,0.315
2026-05-09 02:44:06+00:00,0.315
2026-05-09 02:45:15+00:00,0.315
2026-05-09 02:46:04+00:00,0.315
2026-05-09 02:47:04+00:00,0.315
2026-05-09 02:48:08+00:00,0.315
2026-05-09 02:49:04+00:00,0.315
2026-05-09 02:50:04+00:00,0.315
2026-05-09 02:51:05+00:00,0.315
2026-05-09 02:52:04+00:00,0.315
2026-05-09 02:53:06+00:00,0.315
2026-05-09 02:54:04+00:00,0.315
2026-05-09 02:55:04+00:00,0.315
2026-05-09 02:56:04+00:00,0.315
2026-05-09 02:57:04+00:00,0.315
2026-05-09 02:58:05+00:00,0.315
2026-05-09 02:59:05+00:00,0.315
2026-05-09 03:00:04+00:00,0.315
2026-05-09 03:01:04+00:00,0.315
2026-05-09 03:02:04+00:00,0.295
2026-05-09 03:03:05+00:00,0.3
2026-05-09 03:04:06+00:00,0.3
2026-05-09 03:05:04+00:00,0.285
2026-05-09 03:06:06+00:00,0.3
2026-05-09 03:07:04+00:00,0.295
2026-05-09 03:08:06+00:00,0.295
2026-05-09 03:09:04+00:00,0.295
2026-05-09 03:10:04+00:00,0.3
2026-05-09 03:11:04+00:00,0.3
2026-05-09 03:12:04+00:00,0.3
2026-05-09 03:13:04+00:00,0.3
2026-05-09 03:14:04+00:00,0.3
2026-05-09 03:15:05+00:00,0.3
2026-05-09 03:16:06+00:00,0.3
2026-05-09 03:17:04+00:00,0.3
2026-05-09 03:18:06+00:00,0.3
2026-05-09 03:19:04+00:00,0.295
2026-05-09 03:20:04+00:00,0.3
2026-05-09 03:21:05+00:00,0.3
2026-05-09 03:22:04+00:00,0.3
2026-05-09 03:23:07+00:00,0.305
2026-05-09 03:24:04+00:00,0.305
2026-05-09 03:25:06+00:00,0.305
2026-05-09 03:26:04+00:00,0.305
2026-05-09 03:27:04+00:00,0.305
2026-05-09 03:28:04+00:00,0.305
2026-05-09 03:29:04+00:00,0.305
2026-05-09 03:30:16+00:00,0.31
2026-05-09 03:31:05+00:00,0.31
2026-05-09 03:32:04+00:00,0.31
2026-05-09 03:33:04+00:00,0.31
2026-05-09 03:34:04+00:00,0.31
2026-05-09 03:35:06+00:00,0.31
2026-05-09 03:36:04+00:00,0.31
2026-05-09 03:37:04+00:00,0.31
2026-05-09 03:38:06+00:00,0.31
2026-05-09 03:39:04+00:00,0.31
2026-05-09 03:40:04+00:00,0.31
2026-05-09 03:41:04+00:00,0.315
2026-05-09 03:42:04+00:00,0.315
2026-05-09 03:43:04+00:00,0.315
2026-05-09 03:44:04+00:00,0.315
2026-05-09 03:45:05+00:00,0.315
2026-05-09 03:46:04+00:00,0.315
2026-05-09 03:47:04+00:00,0.315
2026-05-09 03:48:04+00:00,0.315
2026-05-09 03:49:16+00:00,0.315
2026-05-09 03:50:04+00:00,0.315
2026-05-09 03:51:04+00:00,0.315
2026-05-09 03:52:04+00:00,0.315
2026-05-09 03:53:04+00:00,0.315
2026-05-09 03:54:05+00:00,0.315
2026-05-09 03:55:04+00:00,0.315
2026-05-09 03:56:04+00:00,0.315
2026-05-09 03:57:04+00:00,0.315
2026-05-09 03:58:04+00:00,0.315
2026-05-09 03:59:04+00:00,0.315
2026-05-09 04:00:04+00:00,0.315
2026-05-09 04:01:04+00:00,0.315
2026-05-09 04:02:04+00:00,0.315
2026-05-09 04:03:04+00:00,0.315
2026-05-09 04:04:04+00:00,0.315
2026-05-09 04:05:04+00:00,0.315
2026-05-09 04:06:05+00:00,0.315
2026-05-09 04:07:04+00:00,0.315
2026-05-09 04:08:04+00:00,0.315
2026-05-09 04:09:04+00:00,0.315
2026-05-09 04:10:05+00:00,0.315
2026-05-09 04:11:16+00:00,0.33
2026-05-09 04:12:04+00:00,0.33
2026-05-09 04:13:15+00:00,0.33
2026-05-09 04:14:04+00:00,0.33
2026-05-09 04:15:04+00:00,0.35
2026-05-09 04:16:04+00:00,0.34
2026-05-09 04:17:05+00:00,0.33
2026-05-09 04:18:04+00:00,0.33
2026-05-09 04:19:04+00:00,0.33
2026-05-09 04:20:04+00:00,0.33
2026-05-09 04:21:04+00:00,0.34
2026-05-09 04:22:04+00:00,0.335
2026-05-09 04:23:07+00:00,0.34
2026-05-09 04:24:04+00:00,0.34
2026-05-09 04:25:06+00:00,0.34
2026-05-09 04:26:04+00:00,0.345
2026-05-09 04:27:04+00:00,0.34
2026-05-09 04:28:05+00:00,0.345
2026-05-09 04:29:04+00:00,0.345
2026-05-09 04:30:05+00:00,0.345
2026-05-09 04:31:04+00:00,0.345
2026-05-09 04:32:04+00:00,0.345
2026-05-09 04:33:05+00:00,0.345
2026-05-09 04:34:04+00:00,0.345
2026-05-09 04:35:04+00:00,0.345
2026-05-09 04:36:04+00:00,0.365
2026-05-09 04:37:04+00:00,0.365
2026-05-09 04:38:03+00:00,0.365
2026-05-09 04:39:04+00:00,0.365
2026-05-09 04:40:04+00:00,0.365
2026-05-09 04:41:04+00:00,0.365
2026-05-09 04:42:04+00:00,0.365
2026-05-09 04:43:04+00:00,0.365
2026-05-09 04:44:04+00:00,0.365
2026-05-09 04:45:04+00:00,0.365
2026-05-09 04:46:04+00:00,0.365
2026-05-09 04:47:03+00:00,0.365
2026-05-09 04:48:06+00:00,0.365
2026-05-09 04:49:04+00:00,0.365
2026-05-09 04:50:04+00:00,0.365
2026-05-09 04:51:04+00:00,0.365
2026-05-09 04:52:04+00:00,0.365
2026-05-09 04:53:04+00:00,0.365
2026-05-09 04:54:04+00:00,0.365
2026-05-09 04:55:04+00:00,0.365
2026-05-09 04:56:04+00:00,0.365
2026-05-09 04:57:04+00:00,0.365
2026-05-09 04:58:05+00:00,0.365
2026-05-09 04:59:04+00:00,0.365
2026-05-09 05:00:05+00:00,0.365
2026-05-09 05:01:19+00:00,0.365
2026-05-09 05:02:04+00:00,0.365
2026-05-09 05:03:05+00:00,0.365
2026-05-09 05:04:04+00:00,0.365
2026-05-09 05:05:04+00:00,0.365
2026-05-09 05:06:04+00:00,0.365
2026-05-09 05:07:04+00:00,0.365
2026-05-09 05:08:04+00:00,0.365
2026-05-09 05:09:04+00:00,0.365
2026-05-09 05:10:05+00:00,0.365
2026-05-09 05:11:04+00:00,0.365
2026-05-09 05:12:04+00:00,0.365
2026-05-09 05:13:04+00:00,0.365
2026-05-09 05:14:04+00:00,0.365
2026-05-09 05:15:05+00:00,0.365
2026-05-09 05:16:04+00:00,0.365
2026-05-09 05:17:04+00:00,0.365
2026-05-09 05:18:05+00:00,0.365
2026-05-09 05:19:04+00:00,0.365
2026-05-09 05:20:04+00:00,0.365
2026-05-09 05:21:15+00:00,0.365
2026-05-09 05:22:04+00:00,0.365
2026-05-09 05:23:04+00:00,0.365
2026-05-09 05:24:04+00:00,0.365
2026-05-09 05:25:05+00:00,0.365
2026-05-09 05:26:04+00:00,0.365
2026-05-09 05:27:16+00:00,0.365
2026-05-09 05:28:05+00:00,0.365
2026-05-09 05:29:05+00:00,0.365
2026-05-09 05:30:07+00:00,0.365
2026-05-09 05:31:04+00:00,0.365
2026-05-09 05:32:04+00:00,0.365
2026-05-09 05:33:04+00:00,0.365
2026-05-09 05:34:17+00:00,0.365
2026-05-09 05:35:04+00:00,0.365
2026-05-09 05:36:05+00:00,0.365
2026-05-09 05:37:04+00:00,0.365
2026-05-09 05:38:08+00:00,0.365
2026-05-09 05:39:07+00:00,0.365
2026-05-09 05:40:05+00:00,0.365
2026-05-09 05:41:05+00:00,0.365
2026-05-09 05:42:04+00:00,0.365
2026-05-09 05:43:03+00:00,0.365
2026-05-09 05:44:05+00:00,0.365
2026-05-09 05:45:05+00:00,0.365
2026-05-09 05:46:18+00:00,0.365
2026-05-09 05:47:04+00:00,0.365
2026-05-09 05:48:05+00:00,0.365
2026-05-09 05:49:08+00:00,0.365
2026-05-09 05:50:06+00:00,0.365
2026-05-09 05:51:04+00:00,0.365
2026-05-09 05:52:04+00:00,0.365
2026-05-09 05:53:04+00:00,0.365
2026-05-09 05:54:05+00:00,0.355
2026-05-09 05:55:04+00:00,0.355
2026-05-09 05:56:08+00:00,0.355
2026-05-09 05:57:07+00:00,0.355
2026-05-09 05:58:06+00:00,0.355
2026-05-09 05:59:05+00:00,0.355
2026-05-09 06:00:06+00:00,0.365
2026-05-09 06:01:04+00:00,0.365
2026-05-09 06:02:04+00:00,0.365
2026-05-09 06:03:09+00:00,0.365
2026-05-09 06:04:08+00:00,0.365
2026-05-09 06:05:06+00:00,0.365
2026-05-09 06:06:04+00:00,0.365
2026-05-09 06:07:05+00:00,0.365
2026-05-09 06:08:04+00:00,0.365
2026-05-09 06:09:11+00:00,0.365
2026-05-09 06:10:06+00:00,0.365
2026-05-09 06:11:04+00:00,0.365
2026-05-09 06:12:04+00:00,0.365
2026-05-09 06:13:04+00:00,0.365
2026-05-09 06:14:04+00:00,0.365
2026-05-09 06:15:05+00:00,0.365
2026-05-09 06:16:16+00:00,0.365
2026-05-09 06:17:06+00:00,0.365
2026-05-09 06:18:07+00:00,0.365
2026-05-09 06:19:19+00:00,0.365
2026-05-09 06:20:07+00:00,0.365
2026-05-09 06:21:04+00:00,0.365
2026-05-09 06:22:19+00:00,0.365
2026-05-09 06:23:07+00:00,0.365
2026-05-09 06:24:19+00:00,0.365
2026-05-09 06:25:04+00:00,0.365
2026-05-09 06:26:04+00:00,0.365
2026-05-09 06:27:04+00:00,0.365
2026-05-09 06:28:08+00:00,0.365
2026-05-09 06:29:07+00:00,0.365
2026-05-09 06:30:04+00:00,0.365
2026-05-09 06:31:05+00:00,0.365
2026-05-09 06:32:04+00:00,0.365
2026-05-09 06:33:08+00:00,0.365
2026-05-09 06:34:08+00:00,0.365
2026-05-09 06:35:07+00:00,0.365
2026-05-09 06:36:04+00:00,0.365
2026-05-09 06:37:06+00:00,0.365
2026-05-09 06:38:06+00:00,0.365
2026-05-09 06:39:08+00:00,0.365
2026-05-09 06:40:04+00:00,0.365
2026-05-09 06:41:04+00:00,0.365
2026-05-09 06:42:04+00:00,0.365
2026-05-09 06:43:05+00:00,0.365
2026-05-09 06:44:05+00:00,0.365
2026-05-09 06:45:08+00:00,0.365
2026-05-09 06:46:07+00:00,0.365
2026-05-09 06:47:05+00:00,0.365
2026-05-09 06:48:04+00:00,0.365
2026-05-09 06:49:04+00:00,0.365
2026-05-09 06:50:04+00:00,0.365
2026-05-09 06:51:05+00:00,0.365
2026-05-09 06:52:04+00:00,0.365
2026-05-09 06:53:08+00:00,0.365
2026-05-09 06:54:08+00:00,0.365
2026-05-09 06:55:04+00:00,0.365
2026-05-09 06:56:05+00:00,0.365
2026-05-09 06:57:06+00:00,0.365
2026-05-09 06:58:07+00:00,0.365
2026-05-09 06:59:05+00:00,0.365
2026-05-09 07:00:05+00:00,0.365
2026-05-09 07:01:04+00:00,0.365
2026-05-09 07:02:04+00:00,0.365
2026-05-09 07:03:04+00:00,0.365
2026-05-09 07:04:07+00:00,0.365
2026-05-09 07:05:06+00:00,0.365
2026-05-09 07:06:04+00:00,0.365
2026-05-09 07:07:06+00:00,0.365
2026-05-09 07:08:05+00:00,0.365
2026-05-09 07:09:04+00:00,0.365
2026-05-09 07:10:19+00:00,0.365
2026-05-09 07:11:04+00:00,0.365
2026-05-09 07:12:04+00:00,0.365
2026-05-09 07:13:04+00:00,0.365
2026-05-09 07:14:04+00:00,0.365
2026-05-09 07:15:05+00:00,0.365
2026-05-09 07:16:06+00:00,0.365
2026-05-09 07:17:04+00:00,0.365
2026-05-09 07:18:06+00:00,0.365
2026-05-09 07:19:07+00:00,0.365
2026-05-09 07:20:06+00:00,0.365
2026-05-09 07:21:04+00:00,0.365
2026-05-09 07:22:04+00:00,0.365
2026-05-09 07:23:06+00:00,0.365
2026-05-09 07:24:05+00:00,0.365
2026-05-09 07:25:04+00:00,0.365
2026-05-09 07:26:04+00:00,0.365
2026-05-09 07:27:04+00:00,0.365
2026-05-09 07:28:05+00:00,0.365
2026-05-09 07:29:07+00:00,0.365
2026-05-09 07:30:04+00:00,0.365
2026-05-09 07:31:04+00:00,0.365
2026-05-09 07:32:04+00:00,0.365
2026-05-09 07:33:04+00:00,0.365
2026-05-09 07:34:21+00:00,0.365
2026-05-09 07:35:04+00:00,0.365
2026-05-09 07:36:05+00:00,0.365
2026-05-09 07:37:18+00:00,0.365
2026-05-09 07:38:06+00:00,0.365
2026-05-09 07:39:07+00:00,0.365
2026-05-09 07:40:04+00:00,0.365
2026-05-09 07:41:04+00:00,0.365
2026-05-09 07:42:04+00:00,0.365
2026-05-09 07:43:08+00:00,0.365
2026-05-09 07:44:07+00:00,0.365
2026-05-09 07:45:05+00:00,0.365
2026-05-09 07:46:04+00:00,0.365
2026-05-09 07:47:04+00:00,0.365
2026-05-09 07:48:04+00:00,0.365
2026-05-09 07:49:04+00:00,0.365
2026-05-09 07:50:08+00:00,0.365
2026-05-09 07:51:04+00:00,0.365
2026-05-09 07:52:19+00:00,0.365
2026-05-09 07:53:04+00:00,0.365
2026-05-09 07:54:04+00:00,0.365
2026-05-09 07:55:04+00:00,0.365
2026-05-09 07:56:06+00:00,0.365
2026-05-09 07:57:04+00:00,0.365
2026-05-09 07:58:08+00:00,0.365
2026-05-09 07:59:10+00:00,0.365
2026-05-09 08:00:08+00:00,0.365
2026-05-09 08:01:05+00:00,0.365
2026-05-09 08:02:05+00:00,0.365
2026-05-09 08:03:12+00:00,0.365
2026-05-09 08:04:08+00:00,0.365
2026-05-09 08:05:05+00:00,0.365
2026-05-09 08:06:07+00:00,0.365
2026-05-09 08:07:07+00:00,0.365
2026-05-09 08:08:11+00:00,0.365
2026-05-09 08:09:11+00:00,0.365
2026-05-09 08:10:05+00:00,0.365
2026-05-09 08:11:04+00:00,0.365
2026-05-09 08:12:04+00:00,0.365
2026-05-09 08:13:05+00:00,0.365
2026-05-09 08:14:05+00:00,0.365
2026-05-09 08:15:04+00:00,0.365
2026-05-09 08:16:07+00:00,0.365
2026-05-09 08:17:05+00:00,0.365
2026-05-09 08:18:06+00:00,0.365
2026-05-09 08:19:07+00:00,0.365
2026-05-09 08:20:04+00:00,0.365
2026-05-09 08:21:04+00:00,0.365
2026-05-09 08:22:04+00:00,0.365
2026-05-09 08:23:06+00:00,0.365
2026-05-09 08:24:04+00:00,0.365
2026-05-09 08:25:16+00:00,0.365
2026-05-09 08:26:04+00:00,0.365
2026-05-09 08:27:03+00:00,0.365
2026-05-09 08:28:04+00:00,0.365
2026-05-09 08:29:06+00:00,0.365
2026-05-09 08:30:06+00:00,0.365
2026-05-09 08:31:04+00:00,0.365
2026-05-09 08:32:04+00:00,0.365
2026-05-09 08:33:10+00:00,0.365
2026-05-09 08:34:05+00:00,0.365
2026-05-09 08:35:07+00:00,0.365
2026-05-09 08:36:16+00:00,0.365
2026-05-09 08:37:04+00:00,0.365
2026-05-09 08:38:05+00:00,0.365
2026-05-09 08:39:07+00:00,0.365
2026-05-09 08:40:04+00:00,0.365
2026-05-09 08:41:04+00:00,0.365
2026-05-09 08:42:06+00:00,0.365
2026-05-09 08:43:07+00:00,0.365
2026-05-09 08:44:07+00:00,0.365
2026-05-09 08:45:05+00:00,0.365
2026-05-09 08:46:04+00:00,0.365
2026-05-09 08:47:04+00:00,0.365
2026-05-09 08:48:04+00:00,0.365
2026-05-09 08:49:12+00:00,0.365
2026-05-09 08:50:06+00:00,0.365
2026-05-09 08:51:04+00:00,0.365
2026-05-09 08:52:04+00:00,0.365
2026-05-09 08:53:07+00:00,0.365
2026-05-09 08:54:08+00:00,0.365
2026-05-09 08:55:05+00:00,0.365
2026-05-09 08:56:04+00:00,0.365
2026-05-09 08:57:04+00:00,0.365
2026-05-09 08:58:04+00:00,0.365
2026-05-09 08:59:04+00:00,0.365
2026-05-09 09:00:04+00:00,0.365
2026-05-09 09:01:04+00:00,0.365
2026-05-09 09:02:04+00:00,0.365
2026-05-09 09:03:21+00:00,0.365
2026-05-09 09:04:06+00:00,0.365
2026-05-09 09:05:07+00:00,0.365
2026-05-09 09:06:18+00:00,0.365
2026-05-09 09:07:05+00:00,0.365
2026-05-09 09:08:08+00:00,0.365
2026-05-09 09:09:08+00:00,0.365
2026-05-09 09:10:07+00:00,0.365
2026-05-09 09:11:05+00:00,0.365
2026-05-09 09:12:04+00:00,0.365
2026-05-09 09:13:07+00:00,0.365
2026-05-09 09:14:06+00:00,0.365
2026-05-09 09:15:05+00:00,0.365
2026-05-09 09:16:04+00:00,0.365
2026-05-09 09:17:04+00:00,0.365
2026-05-09 09:18:07+00:00,0.365
2026-05-09 09:19:06+00:00,0.365
2026-05-09 09:20:16+00:00,0.365
2026-05-09 09:21:04+00:00,0.365
2026-05-09 09:22:05+00:00,0.365
2026-05-09 09:23:08+00:00,0.365
2026-05-09 09:24:08+00:00,0.365
2026-05-09 09:25:08+00:00,0.365
2026-05-09 09:26:05+00:00,0.365
2026-05-09 09:27:04+00:00,0.365
2026-05-09 09:28:08+00:00,0.365
2026-05-09 09:29:06+00:00,0.365
2026-05-09 09:30:04+00:00,0.365
2026-05-09 09:31:04+00:00,0.365
2026-05-09 09:32:05+00:00,0.365
2026-05-09 09:33:08+00:00,0.365
2026-05-09 09:34:08+00:00,0.365
2026-05-09 09:35:08+00:00,0.365
2026-05-09 09:36:04+00:00,0.365
2026-05-09 09:37:04+00:00,0.365
2026-05-09 09:38:07+00:00,0.365
2026-05-09 09:39:07+00:00,0.365
2026-05-09 09:40:05+00:00,0.365
2026-05-09 09:41:05+00:00,0.365
2026-05-09 09:42:04+00:00,0.365
2026-05-09 09:43:07+00:00,0.365
2026-05-09 09:44:06+00:00,0.365
2026-05-09 09:45:16+00:00,0.365
2026-05-09 09:46:16+00:00,0.365
2026-05-09 09:47:06+00:00,0.365
2026-05-09 09:48:07+00:00,0.365
2026-05-09 09:49:08+00:00,0.365
2026-05-09 09:50:05+00:00,0.365
2026-05-09 09:51:04+00:00,0.365
2026-05-09 09:52:04+00:00,0.365
2026-05-09 09:53:07+00:00,0.365
2026-05-09 09:54:07+00:00,0.365
2026-05-09 09:55:05+00:00,0.365
2026-05-09 09:56:17+00:00,0.365
2026-05-09 09:57:04+00:00,0.365
2026-05-09 09:58:19+00:00,0.365
2026-05-09 09:59:08+00:00,0.365
2026-05-09 10:00:05+00:00,0.365
2026-05-09 10:01:05+00:00,0.365
2026-05-09 10:02:17+00:00,0.365
2026-05-09 10:03:07+00:00,0.365
2026-05-09 10:04:06+00:00,0.365
2026-05-09 10:05:05+00:00,0.365
2026-05-09 10:06:05+00:00,0.365
2026-05-09 10:07:04+00:00,0.365
2026-05-09 10:08:11+00:00,0.365
2026-05-09 10:09:11+00:00,0.365
2026-05-09 10:10:07+00:00,0.365
2026-05-09 10:11:05+00:00,0.365
2026-05-09 10:12:04+00:00,0.365
2026-05-09 10:13:04+00:00,0.365
2026-05-09 10:14:11+00:00,0.365
2026-05-09 10:15:08+00:00,0.365
2026-05-09 10:16:05+00:00,0.365
2026-05-09 10:17:04+00:00,0.365
2026-05-09 10:18:07+00:00,0.365
2026-05-09 10:19:05+00:00,0.365
2026-05-09 10:20:05+00:00,0.365
2026-05-09 10:21:05+00:00,0.365
2026-05-09 10:22:05+00:00,0.365
2026-05-09 10:23:08+00:00,0.365
2026-05-09 10:24:08+00:00,0.365
2026-05-09 10:25:06+00:00,0.365
2026-05-09 10:26:04+00:00,0.365
2026-05-09 10:27:06+00:00,0.365
2026-05-09 10:28:07+00:00,0.365
2026-05-09 10:29:06+00:00,0.365
2026-05-09 10:30:06+00:00,0.365
2026-05-09 10:31:05+00:00,0.365
2026-05-09 10:32:04+00:00,0.365
2026-05-09 10:33:11+00:00,0.365
2026-05-09 10:34:20+00:00,0.365
2026-05-09 10:35:04+00:00,0.365
2026-05-09 10:36:07+00:00,0.365
2026-05-09 10:37:05+00:00,0.365
2026-05-09 10:38:26+00:00,0.365
2026-05-09 10:39:16+00:00,0.365
2026-05-09 10:40:05+00:00,0.365
2026-05-09 10:41:04+00:00,0.365
2026-05-09 10:42:05+00:00,0.365
2026-05-09 10:43:04+00:00,0.365
2026-05-09 10:44:05+00:00,0.365
2026-05-09 10:45:05+00:00,0.365
2026-05-09 10:46:05+00:00,0.365
2026-05-09 10:47:04+00:00,0.365
2026-05-09 10:48:04+00:00,0.365
2026-05-09 10:49:15+00:00,0.365
2026-05-09 10:50:05+00:00,0.365
2026-05-09 10:51:05+00:00,0.365
2026-05-09 10:52:04+00:00,0.365
2026-05-09 10:53:05+00:00,0.365
2026-05-09 10:54:04+00:00,0.365
2026-05-09 10:55:04+00:00,0.365
2026-05-09 10:56:07+00:00,0.365
2026-05-09 10:57:05+00:00,0.365
2026-05-09 10:58:07+00:00,0.365
2026-05-09 10:59:05+00:00,0.365
2026-05-09 11:00:05+00:00,0.365
2026-05-09 11:01:05+00:00,0.365
2026-05-09 11:02:04+00:00,0.365
2026-05-09 11:03:05+00:00,0.365
2026-05-09 11:04:05+00:00,0.365
2026-05-09 11:05:05+00:00,0.365
2026-05-09 11:06:04+00:00,0.365
2026-05-09 11:07:05+00:00,0.365
2026-05-09 11:08:05+00:00,0.365
2026-05-09 11:09:06+00:00,0.365
2026-05-09 11:10:05+00:00,0.365
2026-05-09 11:11:16+00:00,0.365
2026-05-09 11:12:04+00:00,0.365
2026-05-09 11:13:04+00:00,0.365
2026-05-09 11:14:06+00:00,0.365
2026-05-09 11:15:04+00:00,0.365
2026-05-09 11:16:04+00:00,0.365
2026-05-09 11:17:04+00:00,0.365
2026-05-09 11:18:05+00:00,0.365
2026-05-09 11:19:05+00:00,0.365
2026-05-09 11:20:04+00:00,0.365
2026-05-09 11:21:08+00:00,0.365
2026-05-09 11:22:04+00:00,0.365
2026-05-09 11:23:05+00:00,0.365
2026-05-09 11:24:05+00:00,0.365
2026-05-09 11:25:06+00:00,0.365
2026-05-09 11:26:05+00:00,0.365
2026-05-09 11:27:04+00:00,0.365
2026-05-09 11:28:05+00:00,0.365
2026-05-09 11:29:04+00:00,0.365
2026-05-09 11:30:07+00:00,0.365
2026-05-09 11:31:04+00:00,0.365
2026-05-09 11:32:05+00:00,0.365
2026-05-09 11:33:05+00:00,0.365
2026-05-09 11:34:05+00:00,0.365
2026-05-09 11:35:07+00:00,0.365
2026-05-09 11:36:06+00:00,0.365
2026-05-09 11:37:04+00:00,0.365
2026-05-09 11:38:05+00:00,0.365
2026-05-09 11:39:06+00:00,0.365
2026-05-09 11:40:06+00:00,0.365
2026-05-09 11:41:05+00:00,0.365
2026-05-09 11:42:04+00:00,0.365
2026-05-09 11:43:11+00:00,0.365
2026-05-09 11:44:12+00:00,0.365
2026-05-09 11:45:04+00:00,0.365
2026-05-09 11:46:11+00:00,0.365
2026-05-09 11:47:07+00:00,0.365
2026-05-09 11:48:06+00:00,0.365
2026-05-09 11:49:18+00:00,0.365
2026-05-09 11:50:05+00:00,0.365
2026-05-09 11:51:07+00:00,0.365
2026-05-09 11:52:05+00:00,0.365
2026-05-09 11:53:04+00:00,0.365
2026-05-09 11:54:07+00:00,0.365
2026-05-09 11:55:06+00:00,0.365
2026-05-09 11:56:05+00:00,0.365
2026-05-09 11:57:05+00:00,0.365
2026-05-09 11:58:08+00:00,0.365
2026-05-09 11:59:06+00:00,0.365
2026-05-09 12:00:06+00:00,0.355
2026-05-09 12:01:07+00:00,0.355
2026-05-09 12:02:05+00:00,0.355
2026-05-09 12:03:09+00:00,0.355
2026-05-09 12:04:04+00:00,0.355
2026-05-09 12:05:05+00:00,0.355
2026-05-09 12:06:04+00:00,0.355
2026-05-09 12:07:05+00:00,0.355
2026-05-09 12:08:05+00:00,0.355
2026-05-09 12:09:04+00:00,0.355
2026-05-09 12:10:20+00:00,0.355
2026-05-09 12:11:05+00:00,0.355
2026-05-09 12:12:04+00:00,0.355
2026-05-09 12:13:11+00:00,0.355
2026-05-09 12:14:08+00:00,0.355
2026-05-09 12:15:05+00:00,0.355
2026-05-09 12:16:04+00:00,0.355
2026-05-09 12:17:06+00:00,0.355
2026-05-09 12:18:05+00:00,0.355
2026-05-09 12:19:06+00:00,0.355
2026-05-09 12:20:16+00:00,0.355
2026-05-09 12:21:05+00:00,0.355
2026-05-09 12:22:04+00:00,0.355
2026-05-09 12:23:04+00:00,0.355
2026-05-09 12:24:07+00:00,0.355
2026-05-09 12:25:04+00:00,0.355
2026-05-09 12:26:15+00:00,0.355
2026-05-09 12:27:04+00:00,0.355
2026-05-09 12:28:05+00:00,0.355
2026-05-09 12:29:05+00:00,0.355
2026-05-09 12:30:05+00:00,0.355
2026-05-09 12:31:04+00:00,0.355
2026-05-09 12:32:04+00:00,0.355
2026-05-09 12:33:05+00:00,0.355
2026-05-09 12:34:04+00:00,0.355
2026-05-09 12:35:05+00:00,0.355
2026-05-09 12:36:04+00:00,0.355
2026-05-09 12:37:04+00:00,0.355
2026-05-09 12:38:08+00:00,0.355
2026-05-09 12:39:08+00:00,0.355
2026-05-09 12:40:04+00:00,0.355
2026-05-09 12:41:04+00:00,0.355
2026-05-09 12:42:04+00:00,0.355
2026-05-09 12:43:12+00:00,0.355
2026-05-09 12:44:20+00:00,0.355
2026-05-09 12:45:05+00:00,0.355
2026-05-09 12:46:07+00:00,0.355
2026-05-09 12:47:06+00:00,0.355
2026-05-09 12:48:07+00:00,0.355
2026-05-09 12:49:05+00:00,0.355
2026-05-09 12:50:05+00:00,0.355
2026-05-09 12:51:04+00:00,0.355
2026-05-09 12:52:05+00:00,0.355
2026-05-09 12:53:06+00:00,0.355
2026-05-09 12:54:05+00:00,0.355
2026-05-09 12:55:05+00:00,0.355
2026-05-09 12:56:05+00:00,0.355
2026-05-09 12:57:04+00:00,0.355
2026-05-09 12:58:11+00:00,0.355
2026-05-09 12:59:07+00:00,0.355
2026-05-09 13:00:07+00:00,0.355
2026-05-09 13:01:05+00:00,0.355
2026-05-09 13:02:05+00:00,0.355
2026-05-09 13:03:11+00:00,0.355
2026-05-09 13:04:04+00:00,0.355
2026-05-09 13:05:08+00:00,0.355
2026-05-09 13:06:04+00:00,0.355
2026-05-09 13:07:06+00:00,0.355
2026-05-09 13:08:06+00:00,0.355
2026-05-09 13:09:04+00:00,0.355
2026-05-09 13:10:05+00:00,0.355
2026-05-09 13:11:04+00:00,0.355
2026-05-09 13:12:04+00:00,0.355
2026-05-09 13:13:05+00:00,0.355
2026-05-09 13:14:04+00:00,0.355
2026-05-09 13:15:08+00:00,0.355
2026-05-09 13:16:07+00:00,0.355
2026-05-09 13:17:04+00:00,0.355
2026-05-09 13:18:07+00:00,0.355
2026-05-09 13:19:08+00:00,0.355
2026-05-09 13:20:04+00:00,0.355
2026-05-09 13:21:07+00:00,0.355
2026-05-09 13:22:05+00:00,0.355
2026-05-09 13:23:17+00:00,0.355
2026-05-09 13:24:06+00:00,0.355
2026-05-09 13:25:17+00:00,0.355
2026-05-09 13:26:05+00:00,0.355
2026-05-09 13:27:04+00:00,0.355
2026-05-09 13:28:08+00:00,0.355
2026-05-09 13:29:06+00:00,0.355
2026-05-09 13:30:06+00:00,0.355
2026-05-09 13:31:04+00:00,0.355
2026-05-09 13:32:04+00:00,0.355
2026-05-09 13:33:07+00:00,0.355
2026-05-09 13:34:07+00:00,0.355
2026-05-09 13:35:19+00:00,0.355
2026-05-09 13:36:22+00:00,0.355
2026-05-09 13:37:04+00:00,0.355
2026-05-09 13:38:05+00:00,0.355
2026-05-09 13:39:05+00:00,0.355
2026-05-09 13:40:05+00:00,0.355
2026-05-09 13:41:07+00:00,0.355
2026-05-09 13:42:19+00:00,0.355
2026-05-09 13:43:05+00:00,0.355
2026-05-09 13:44:05+00:00,0.355
2026-05-09 13:45:08+00:00,0.355
2026-05-09 13:46:06+00:00,0.355
2026-05-09 13:47:05+00:00,0.355
2026-05-09 13:48:05+00:00,0.355
2026-05-09 13:49:04+00:00,0.355
2026-05-09 13:50:05+00:00,0.355
2026-05-09 13:51:05+00:00,0.355
2026-05-09 13:52:04+00:00,0.355
2026-05-09 13:53:05+00:00,0.355
2026-05-09 13:54:04+00:00,0.355
2026-05-09 13:55:07+00:00,0.355
2026-05-09 13:56:06+00:00,0.355
2026-05-09 13:57:04+00:00,0.355
2026-05-09 13:58:05+00:00,0.355
2026-05-09 13:59:05+00:00,0.355
2026-05-09 14:00:05+00:00,0.355
2026-05-09 14:01:05+00:00,0.355
2026-05-09 14:02:04+00:00,0.355
2026-05-09 14:03:10+00:00,0.355
2026-05-09 14:04:04+00:00,0.355
2026-05-09 14:05:06+00:00,0.355
2026-05-09 14:06:06+00:00,0.355
2026-05-09 14:07:06+00:00,0.355
2026-05-09 14:08:05+00:00,0.355
2026-05-09 14:09:07+00:00,0.355
2026-05-09 14:10:06+00:00,0.355
2026-05-09 14:11:05+00:00,0.355
2026-05-09 14:12:06+00:00,0.355
2026-05-09 14:13:04+00:00,0.355
2026-05-09 14:14:05+00:00,0.355
2026-05-09 14:15:05+00:00,0.355
2026-05-09 14:16:07+00:00,0.355
2026-05-09 14:17:06+00:00,0.355
2026-05-09 14:18:07+00:00,0.355
2026-05-09 14:19:08+00:00,0.355
2026-05-09 14:20:08+00:00,0.355
2026-05-09 14:21:08+00:00,0.355
2026-05-09 14:22:17+00:00,0.355
2026-05-09 14:23:07+00:00,0.355
2026-05-09 14:24:11+00:00,0.355
2026-05-09 14:25:07+00:00,0.355
2026-05-09 14:26:08+00:00,0.355
2026-05-09 14:27:05+00:00,0.355
2026-05-09 14:28:16+00:00,0.355
2026-05-09 14:29:05+00:00,0.355
2026-05-09 14:30:10+00:00,0.355
2026-05-09 14:31:07+00:00,0.355
2026-05-09 14:32:19+00:00,0.355
2026-05-09 14:33:08+00:00,0.355
2026-05-09 14:34:07+00:00,0.355
2026-05-09 14:35:07+00:00,0.355
2026-05-09 14:36:07+00:00,0.355
2026-05-09 14:37:06+00:00,0.355
2026-05-09 14:38:07+00:00,0.355
2026-05-09 14:39:06+00:00,0.355
2026-05-09 14:40:06+00:00,0.355
2026-05-09 14:41:17+00:00,0.355
2026-05-09 14:42:04+00:00,0.355
2026-05-09 14:43:04+00:00,0.355
2026-05-09 14:44:21+00:00,0.355
2026-05-09 14:45:19+00:00,0.355
2026-05-09 14:46:06+00:00,0.355
2026-05-09 14:47:07+00:00,0.355
2026-05-09 14:48:10+00:00,0.355
2026-05-09 14:49:18+00:00,0.355
2026-05-09 14:50:06+00:00,0.355
2026-05-09 14:51:13+00:00,0.355
2026-05-09 14:52:05+00:00,0.355
2026-05-09 14:53:12+00:00,0.355
2026-05-09 14:54:05+00:00,0.355
2026-05-09 14:55:07+00:00,0.355
2026-05-09 14:56:07+00:00,0.355
2026-05-09 14:57:05+00:00,0.355
2026-05-09 14:58:08+00:00,0.355
2026-05-09 14:59:05+00:00,0.355
2026-05-09 15:00:08+00:00,0.355
2026-05-09 15:01:05+00:00,0.355
2026-05-09 15:02:04+00:00,0.355
2026-05-09 15:03:13+00:00,0.355
2026-05-09 15:04:20+00:00,0.355
2026-05-09 15:05:04+00:00,0.355
2026-05-09 15:06:18+00:00,0.355
2026-05-09 15:07:05+00:00,0.355
2026-05-09 15:08:06+00:00,0.355
2026-05-09 15:09:04+00:00,0.355
2026-05-09 15:10:05+00:00,0.355
2026-05-09 15:11:05+00:00,0.355
2026-05-09 15:12:05+00:00,0.355
2026-05-09 15:13:05+00:00,0.355
2026-05-09 15:14:05+00:00,0.355
2026-05-09 15:15:07+00:00,0.355
2026-05-09 15:16:07+00:00,0.355
2026-05-09 15:17:05+00:00,0.355
2026-05-09 15:18:08+00:00,0.355
2026-05-09 15:19:05+00:00,0.355
2026-05-09 15:20:06+00:00,0.355
2026-05-09 15:21:04+00:00,0.355
2026-05-09 15:22:07+00:00,0.355
2026-05-09 15:23:19+00:00,0.355
2026-05-09 15:24:10+00:00,0.355
2026-05-09 15:25:07+00:00,0.355
2026-05-09 15:26:04+00:00,0.355
2026-05-09 15:27:04+00:00,0.355
2026-05-09 15:28:05+00:00,0.355
2026-05-09 15:29:06+00:00,0.355
2026-05-09 15:30:05+00:00,0.355
2026-05-09 15:31:04+00:00,0.355
2026-05-09 15:32:07+00:00,0.355
2026-05-09 15:33:08+00:00,0.355
2026-05-09 15:34:06+00:00,0.355
2026-05-09 15:35:05+00:00,0.355
2026-05-09 15:36:17+00:00,0.355
2026-05-09 15:37:06+00:00,0.355
2026-05-09 15:38:07+00:00,0.355
2026-05-09 15:39:05+00:00,0.355
2026-05-09 15:40:15+00:00,0.355
2026-05-09 15:41:05+00:00,0.355
2026-05-09 15:42:05+00:00,0.355
2026-05-09 15:43:09+00:00,0.355
2026-05-09 15:44:20+00:00,0.355
2026-05-09 15:45:05+00:00,0.355
2026-05-09 15:46:05+00:00,0.355
2026-05-09 15:47:04+00:00,0.355
2026-05-09 15:48:22+00:00,0.355
2026-05-09 15:49:05+00:00,0.355
2026-05-09 15:50:05+00:00,0.355
2026-05-09 15:51:05+00:00,0.355
2026-05-09 15:52:05+00:00,0.355
2026-05-09 15:53:05+00:00,0.355
2026-05-09 15:54:07+00:00,0.355
2026-05-09 15:55:07+00:00,0.355
2026-05-09 15:56:07+00:00,0.355
2026-05-09 15:57:07+00:00,0.355
2026-05-09 15:58:12+00:00,0.355
2026-05-09 15:59:06+00:00,0.355
2026-05-09 16:00:07+00:00,0.355
2026-05-09 16:01:05+00:00,0.355
2026-05-09 16:02:05+00:00,0.355
2026-05-09 16:03:12+00:00,0.355
2026-05-09 16:04:04+00:00,0.355
2026-05-09 16:05:06+00:00,0.355
2026-05-09 16:06:05+00:00,0.355
2026-05-09 16:07:05+00:00,0.355
2026-05-09 16:08:07+00:00,0.355
2026-05-09 16:09:05+00:00,0.355
2026-05-09 16:10:17+00:00,0.355
2026-05-09 16:11:07+00:00,0.355
2026-05-09 16:12:05+00:00,0.355
2026-05-09 16:13:12+00:00,0.355
2026-05-09 16:14:11+00:00,0.355
2026-05-09 16:15:06+00:00,0.355
2026-05-09 16:16:07+00:00,0.355
2026-05-09 16:17:08+00:00,0.355
2026-05-09 16:18:05+00:00,0.355
2026-05-09 16:19:10+00:00,0.355
2026-05-09 16:20:05+00:00,0.355
2026-05-09 16:21:12+00:00,0.355
2026-05-09 16:22:06+00:00,0.355
2026-05-09 16:23:05+00:00,0.355
2026-05-09 16:24:16+00:00,0.355
2026-05-09 16:25:07+00:00,0.355
2026-05-09 16:26:11+00:00,0.355
2026-05-09 16:27:05+00:00,0.355
2026-05-09 16:28:08+00:00,0.355
2026-05-09 16:29:14+00:00,0.355
2026-05-09 16:30:10+00:00,0.355
2026-05-09 16:31:12+00:00,0.355
2026-05-09 16:32:05+00:00,0.355
2026-05-09 16:33:07+00:00,0.355
2026-05-09 16:34:08+00:00,0.355
2026-05-09 16:35:05+00:00,0.355
2026-05-09 16:36:05+00:00,0.355
2026-05-09 16:37:07+00:00,0.355
2026-05-09 16:38:06+00:00,0.355
2026-05-09 16:39:22+00:00,0.355
2026-05-09 16:40:06+00:00,0.355
2026-05-09 16:41:06+00:00,0.355
2026-05-09 16:42:08+00:00,0.355
2026-05-09 16:43:06+00:00,0.355
2026-05-09 16:44:08+00:00,0.355
2026-05-09 16:45:09+00:00,0.355
2026-05-09 16:46:10+00:00,0.355
2026-05-09 16:47:05+00:00,0.355
2026-05-09 16:48:05+00:00,0.355
2026-05-09 16:49:06+00:00,0.355
2026-05-09 16:50:06+00:00,0.355
2026-05-09 16:51:06+00:00,0.355
2026-05-09 16:52:05+00:00,0.355
2026-05-09 16:53:05+00:00,0.355
2026-05-09 16:54:05+00:00,0.355
2026-05-09 16:55:05+00:00,0.355
2026-05-09 16:56:05+00:00,0.355
2026-05-09 16:57:04+00:00,0.355
2026-05-09 16:58:13+00:00,0.355
2026-05-09 16:59:06+00:00,0.355
2026-05-09 17:00:05+00:00,0.355
2026-05-09 17:01:07+00:00,0.355
2026-05-09 17:02:06+00:00,0.355
2026-05-09 17:03:12+00:00,0.355
2026-05-09 17:04:08+00:00,0.355
2026-05-09 17:05:08+00:00,0.355
2026-05-09 17:06:06+00:00,0.355
2026-05-09 17:07:06+00:00,0.355
2026-05-09 17:08:09+00:00,0.355
2026-05-09 17:09:07+00:00,0.355
2026-05-09 17:10:11+00:00,0.355
2026-05-09 17:11:20+00:00,0.355
2026-05-09 17:12:05+00:00,0.355
2026-05-09 17:13:05+00:00,0.355
2026-05-09 17:14:11+00:00,0.355
2026-05-09 17:15:11+00:00,0.355
2026-05-09 17:16:23+00:00,0.355
2026-05-09 17:17:05+00:00,0.355
2026-05-09 17:18:07+00:00,0.355
2026-05-09 17:19:05+00:00,0.355
2026-05-09 17:20:04+00:00,0.355
2026-05-09 17:21:06+00:00,0.355
2026-05-09 17:22:05+00:00,0.355
2026-05-09 17:23:05+00:00,0.355
2026-05-09 17:24:06+00:00,0.355
2026-05-09 17:25:08+00:00,0.355
2026-05-09 17:26:05+00:00,0.355
2026-05-09 17:27:04+00:00,0.355
2026-05-09 17:28:05+00:00,0.355
2026-05-09 17:29:05+00:00,0.355
2026-05-09 17:30:05+00:00,0.355
2026-05-09 17:31:07+00:00,0.355
2026-05-09 17:32:07+00:00,0.355
2026-05-09 17:33:07+00:00,0.355
2026-05-09 17:34:20+00:00,0.355
2026-05-09 17:35:06+00:00,0.355
2026-05-09 17:36:07+00:00,0.355
2026-05-09 17:37:05+00:00,0.355
2026-05-09 17:38:05+00:00,0.355
2026-05-09 17:39:05+00:00,0.355
2026-05-09 17:40:06+00:00,0.355
2026-05-09 17:41:05+00:00,0.355
2026-05-09 17:42:05+00:00,0.355
2026-05-09 17:43:06+00:00,0.355
2026-05-09 17:44:12+00:00,0.355
2026-05-09 17:45:05+00:00,0.355
2026-05-09 17:46:06+00:00,0.355
2026-05-09 17:47:05+00:00,0.355
2026-05-09 17:48:07+00:00,0.355
2026-05-09 17:49:18+00:00,0.355
2026-05-09 17:50:06+00:00,0.355
2026-05-09 17:51:08+00:00,0.355
2026-05-09 17:52:06+00:00,0.355
2026-05-09 17:53:05+00:00,0.355
2026-05-09 17:54:10+00:00,0.355
2026-05-09 17:55:05+00:00,0.355
2026-05-09 17:56:18+00:00,0.355
2026-05-09 17:57:08+00:00,0.355
2026-05-09 17:58:13+00:00,0.355
2026-05-09 17:59:07+00:00,0.355
2026-05-09 18:00:07+00:00,0.355
2026-05-09 18:01:06+00:00,0.355
2026-05-09 18:02:05+00:00,0.355
2026-05-09 18:03:08+00:00,0.355
2026-05-09 18:04:05+00:00,0.355
2026-05-09 18:05:06+00:00,0.355
2026-05-09 18:06:06+00:00,0.355
2026-05-09 18:07:05+00:00,0.355
2026-05-09 18:08:05+00:00,0.355
2026-05-09 18:09:10+00:00,0.355
2026-05-09 18:10:08+00:00,0.355
2026-05-09 18:11:05+00:00,0.355
2026-05-09 18:12:05+00:00,0.355
2026-05-09 18:13:23+00:00,0.355
2026-05-09 18:14:05+00:00,0.355
2026-05-09 18:15:06+00:00,0.355
2026-05-09 18:16:08+00:00,0.355
2026-05-09 18:17:07+00:00,0.355
2026-05-09 18:18:13+00:00,0.355
2026-05-09 18:19:05+00:00,0.355
2026-05-09 18:20:18+00:00,0.355
2026-05-09 18:21:07+00:00,0.355
2026-05-09 18:22:06+00:00,0.355
2026-05-09 18:23:10+00:00,0.355
2026-05-09 18:24:05+00:00,0.355
2026-05-09 18:25:06+00:00,0.355
2026-05-09 18:26:11+00:00,0.355
2026-05-09 18:27:04+00:00,0.355
2026-05-09 18:28:07+00:00,0.355
2026-05-09 18:29:08+00:00,0.355
2026-05-09 18:30:08+00:00,0.355
2026-05-09 18:31:08+00:00,0.355
2026-05-09 18:32:08+00:00,0.355
2026-05-09 18:33:13+00:00,0.355
2026-05-09 18:34:20+00:00,0.355
2026-05-09 18:35:12+00:00,0.355
2026-05-09 18:36:06+00:00,0.355
2026-05-09 18:37:06+00:00,0.355
2026-05-09 18:38:08+00:00,0.355
2026-05-09 18:39:11+00:00,0.355
2026-05-09 18:40:06+00:00,0.355
2026-05-09 18:41:06+00:00,0.355
2026-05-09 18:42:05+00:00,0.355
2026-05-09 18:43:05+00:00,0.355
2026-05-09 18:44:19+00:00,0.355
2026-05-09 18:45:08+00:00,0.355
2026-05-09 18:46:06+00:00,0.355
2026-05-09 18:47:04+00:00,0.355
2026-05-09 18:48:17+00:00,0.355
2026-05-09 18:49:05+00:00,0.355
2026-05-09 18:50:07+00:00,0.355
2026-05-09 18:51:04+00:00,0.355
2026-05-09 18:52:05+00:00,0.355
2026-05-09 18:53:06+00:00,0.355
2026-05-09 18:54:08+00:00,0.355
2026-05-09 18:55:05+00:00,0.355
2026-05-09 18:56:08+00:00,0.355
2026-05-09 18:57:05+00:00,0.355
2026-05-09 18:58:06+00:00,0.355
2026-05-09 18:59:08+00:00,0.355
2026-05-09 19:00:11+00:00,0.355
2026-05-09 19:01:08+00:00,0.355
2026-05-09 19:02:05+00:00,0.355
2026-05-09 19:03:07+00:00,0.355
2026-05-09 19:04:06+00:00,0.355
2026-05-09 19:05:11+00:00,0.355
2026-05-09 19:06:05+00:00,0.355
2026-05-09 19:07:05+00:00,0.355
2026-05-09 19:08:12+00:00,0.355
2026-05-09 19:09:05+00:00,0.355
2026-05-09 19:10:05+00:00,0.355
2026-05-09 19:11:08+00:00,0.355
2026-05-09 19:12:05+00:00,0.355
2026-05-09 19:13:07+00:00,0.355
2026-05-09 19:14:06+00:00,0.355
2026-05-09 19:15:06+00:00,0.355
2026-05-09 19:16:04+00:00,0.355
2026-05-09 19:17:05+00:00,0.355
2026-05-09 19:18:11+00:00,0.355
2026-05-09 19:19:05+00:00,0.355
2026-05-09 19:20:06+00:00,0.355
2026-05-09 19:21:04+00:00,0.355
2026-05-09 19:22:04+00:00,0.355
2026-05-09 19:23:06+00:00,0.355
2026-05-09 19:24:04+00:00,0.355
2026-05-09 19:25:06+00:00,0.355
2026-05-09 19:26:04+00:00,0.355
2026-05-09 19:27:04+00:00,0.355
2026-05-09 19:28:05+00:00,0.355
2026-05-09 19:29:05+00:00,0.355
2026-05-09 19:30:17+00:00,0.355
2026-05-09 19:31:06+00:00,0.355
2026-05-09 19:32:05+00:00,0.355
2026-05-09 19:33:06+00:00,0.355
2026-05-09 19:34:09+00:00,0.355
2026-05-09 19:35:06+00:00,0.355
2026-05-09 19:36:05+00:00,0.355
2026-05-09 19:37:05+00:00,0.355
2026-05-09 19:38:05+00:00,0.355
2026-05-09 19:39:04+00:00,0.355
2026-05-09 19:40:12+00:00,0.355
2026-05-09 19:41:07+00:00,0.355
2026-05-09 19:42:05+00:00,0.355
2026-05-09 19:43:18+00:00,0.355
2026-05-09 19:44:19+00:00,0.355
2026-05-09 19:45:05+00:00,0.355
2026-05-09 19:46:08+00:00,0.355
2026-05-09 19:47:05+00:00,0.355
2026-05-09 19:48:05+00:00,0.355
2026-05-09 19:49:06+00:00,0.355
2026-05-09 19:50:06+00:00,0.355
2026-05-09 19:51:08+00:00,0.355
2026-05-09 19:52:05+00:00,0.355
2026-05-09 19:53:08+00:00,0.355
2026-05-09 19:54:05+00:00,0.355
2026-05-09 19:55:06+00:00,0.355
2026-05-09 19:56:05+00:00,0.355
2026-05-09 19:57:06+00:00,0.355
2026-05-09 19:58:08+00:00,0.355
2026-05-09 19:59:04+00:00,0.355
2026-05-09 20:00:05+00:00,0.355
2026-05-09 20:01:06+00:00,0.355
2026-05-09 20:02:05+00:00,0.355
2026-05-09 20:03:07+00:00,0.355
2026-05-09 20:04:08+00:00,0.355
2026-05-09 20:05:05+00:00,0.355
2026-05-09 20:06:05+00:00,0.355
2026-05-09 20:07:08+00:00,0.355
2026-05-09 20:08:06+00:00,0.355
2026-05-09 20:09:05+00:00,0.355
2026-05-09 20:10:09+00:00,0.355
2026-05-09 20:11:22+00:00,0.355
2026-05-09 20:12:06+00:00,0.355
2026-05-09 20:13:05+00:00,0.355
2026-05-09 20:14:12+00:00,0.355
2026-05-09 20:15:06+00:00,0.355
2026-05-09 20:16:17+00:00,0.355
2026-05-09 20:17:17+00:00,0.355
2026-05-09 20:18:05+00:00,0.355
2026-05-09 20:19:13+00:00,0.355
2026-05-09 20:20:05+00:00,0.355
2026-05-09 20:21:06+00:00,0.355
2026-05-09 20:22:05+00:00,0.355
2026-05-09 20:23:10+00:00,0.355
2026-05-09 20:24:11+00:00,0.355
2026-05-09 20:25:08+00:00,0.355
2026-05-09 20:26:06+00:00,0.355
2026-05-09 20:27:12+00:00,0.355
2026-05-09 20:28:05+00:00,0.355
2026-05-09 20:29:07+00:00,0.355
2026-05-09 20:30:13+00:00,0.355
2026-05-09 20:31:04+00:00,0.355
2026-05-09 20:32:05+00:00,0.355
2026-05-09 20:33:06+00:00,0.355
2026-05-09 20:34:07+00:00,0.355
2026-05-09 20:35:06+00:00,0.355
2026-05-09 20:36:20+00:00,0.355
2026-05-09 20:37:07+00:00,0.355
2026-05-09 20:38:05+00:00,0.355
2026-05-09 20:39:05+00:00,0.355
2026-05-09 20:40:05+00:00,0.355
2026-05-09 20:41:06+00:00,0.355
2026-05-09 20:42:07+00:00,0.355
2026-05-09 20:43:05+00:00,0.355
2026-05-09 20:44:15+00:00,0.355
2026-05-09 20:45:10+00:00,0.355
2026-05-09 20:46:05+00:00,0.355
2026-05-09 20:47:07+00:00,0.355
2026-05-09 20:48:07+00:00,0.355
2026-05-09 20:49:05+00:00,0.355
2026-05-09 20:50:05+00:00,0.355
2026-05-09 20:51:07+00:00,0.355
2026-05-09 20:52:16+00:00,0.355
2026-05-09 20:53:08+00:00,0.355
2026-05-09 20:54:06+00:00,0.355
2026-05-09 20:55:07+00:00,0.355
2026-05-09 20:56:05+00:00,0.355
2026-05-09 20:57:17+00:00,0.355
2026-05-09 20:58:18+00:00,0.355
2026-05-09 20:59:05+00:00,0.355
2026-05-09 21:00:09+00:00,0.355
2026-05-09 21:01:05+00:00,0.355
2026-05-09 21:02:06+00:00,0.355
2026-05-09 21:03:06+00:00,0.355
2026-05-09 21:04:05+00:00,0.355
2026-05-09 21:05:17+00:00,0.355
2026-05-09 21:06:07+00:00,0.355
2026-05-09 21:07:05+00:00,0.355
2026-05-09 21:08:11+00:00,0.355
2026-05-09 21:09:08+00:00,0.355
2026-05-09 21:10:05+00:00,0.355
2026-05-09 21:11:17+00:00,0.355
2026-05-09 21:12:05+00:00,0.355
2026-05-09 21:13:06+00:00,0.355
2026-05-09 21:14:19+00:00,0.355
2026-05-09 21:15:09+00:00,0.355
2026-05-09 21:16:05+00:00,0.355
2026-05-09 21:17:05+00:00,0.355
2026-05-09 21:18:14+00:00,0.355
2026-05-09 21:19:12+00:00,0.355
2026-05-09 21:20:04+00:00,0.355
2026-05-09 21:21:05+00:00,0.355
2026-05-09 21:22:05+00:00,0.355
2026-05-09 21:23:13+00:00,0.355
2026-05-09 21:24:12+00:00,0.355
2026-05-09 21:25:07+00:00,0.355
2026-05-09 21:26:08+00:00,0.355
2026-05-09 21:27:05+00:00,0.355
2026-05-09 21:28:11+00:00,0.355
2026-05-09 21:29:08+00:00,0.355
2026-05-09 21:30:05+00:00,0.355
2026-05-09 21:31:05+00:00,0.355
2026-05-09 21:32:20+00:00,0.355
2026-05-09 21:33:11+00:00,0.355
2026-05-09 21:34:12+00:00,0.355
2026-05-09 21:35:05+00:00,0.355
2026-05-09 21:36:05+00:00,0.355
2026-05-09 21:37:05+00:00,0.355
2026-05-09 21:38:12+00:00,0.355
2026-05-09 21:39:06+00:00,0.355
2026-05-09 21:40:06+00:00,0.355
2026-05-09 21:41:05+00:00,0.355
2026-05-09 21:42:04+00:00,0.355
2026-05-09 21:43:07+00:00,0.355
2026-05-09 21:44:20+00:00,0.355
2026-05-09 21:45:05+00:00,0.355
2026-05-09 21:46:17+00:00,0.355
2026-05-09 21:47:05+00:00,0.355
2026-05-09 21:48:07+00:00,0.355
2026-05-09 21:57:03+00:00,0.355
2026-05-09 21:57:13+00:00,0.355
2026-05-09 21:58:06+00:00,0.355
2026-05-09 21:59:08+00:00,0.355
2026-05-09 22:00:07+00:00,0.355
2026-05-09 22:01:06+00:00,0.355
2026-05-09 22:02:06+00:00,0.355
2026-05-09 22:03:05+00:00,0.355
2026-05-09 22:04:06+00:00,0.355
2026-05-09 22:05:07+00:00,0.355
2026-05-09 22:06:07+00:00,0.355
2026-05-09 22:07:19+00:00,0.355
2026-05-09 22:08:11+00:00,0.355
2026-05-09 22:09:08+00:00,0.355
2026-05-09 22:10:08+00:00,0.355
2026-05-09 22:11:06+00:00,0.355
2026-05-09 22:12:09+00:00,0.355
2026-05-09 22:13:05+00:00,0.355
2026-05-09 22:14:07+00:00,0.355
2026-05-09 22:15:07+00:00,0.355
2026-05-09 22:16:05+00:00,0.355
2026-05-09 22:17:07+00:00,0.355
2026-05-09 22:18:07+00:00,0.355
2026-05-09 22:19:07+00:00,0.355
2026-05-09 22:20:05+00:00,0.355
2026-05-09 22:21:08+00:00,0.355
2026-05-09 22:22:08+00:00,0.355
2026-05-09 22:23:07+00:00,0.355
2026-05-09 22:24:06+00:00,0.355
2026-05-09 22:25:05+00:00,0.355
2026-05-09 22:26:06+00:00,0.355
2026-05-09 22:27:05+00:00,0.355
2026-05-09 22:28:11+00:00,0.355
2026-05-09 22:29:05+00:00,0.355
2026-05-09 22:30:08+00:00,0.355
2026-05-09 22:31:05+00:00,0.355
2026-05-09 22:32:05+00:00,0.355
2026-05-09 22:33:08+00:00,0.355
2026-05-09 22:34:07+00:00,0.355
2026-05-09 22:35:05+00:00,0.355
2026-05-09 22:36:05+00:00,0.355
2026-05-09 22:37:06+00:00,0.355
2026-05-09 22:38:06+00:00,0.355
2026-05-09 22:39:06+00:00,0.355
2026-05-09 22:40:05+00:00,0.355
2026-05-09 22:41:07+00:00,0.355
2026-05-09 22:42:05+00:00,0.355
2026-05-09 22:43:06+00:00,0.355
2026-05-09 22:44:18+00:00,0.355
2026-05-09 22:45:08+00:00,0.355
2026-05-09 22:46:05+00:00,0.355
2026-05-09 22:47:18+00:00,0.355
2026-05-09 22:48:04+00:00,0.355
2026-05-09 22:49:05+00:00,0.355
2026-05-09 22:50:06+00:00,0.355
2026-05-09 22:51:04+00:00,0.355
2026-05-09 22:52:05+00:00,0.355
2026-05-09 22:53:06+00:00,0.355
2026-05-09 22:54:05+00:00,0.355
2026-05-09 22:55:05+00:00,0.355
2026-05-09 22:56:04+00:00,0.355
2026-05-09 22:57:05+00:00,0.355
2026-05-09 22:58:04+00:00,0.355
2026-05-09 22:59:05+00:00,0.355
2026-05-09 23:00:05+00:00,0.355
2026-05-09 23:01:04+00:00,0.355
2026-05-09 23:02:03+00:00,0.355
2026-05-09 23:03:07+00:00,0.355
2026-05-09 23:04:10+00:00,0.355
2026-05-09 23:05:07+00:00,0.355
2026-05-09 23:06:04+00:00,0.355
2026-05-09 23:07:05+00:00,0.355
2026-05-09 23:08:05+00:00,0.355
2026-05-09 23:09:04+00:00,0.355
2026-05-09 23:10:05+00:00,0.355
2026-05-09 23:11:04+00:00,0.355
2026-05-09 23:12:06+00:00,0.355
2026-05-09 23:13:07+00:00,0.355
2026-05-09 23:14:05+00:00,0.355
2026-05-09 23:15:07+00:00,0.355
2026-05-09 23:16:05+00:00,0.355
2026-05-09 23:17:04+00:00,0.355
2026-05-09 23:18:08+00:00,0.355
2026-05-09 23:19:05+00:00,0.355
2026-05-09 23:20:05+00:00,0.355
2026-05-09 23:21:05+00:00,0.355
2026-05-09 23:22:04+00:00,0.355
2026-05-09 23:23:05+00:00,0.355
2026-05-09 23:24:06+00:00,0.355
2026-05-09 23:25:07+00:00,0.355
2026-05-09 23:26:05+00:00,0.355
2026-05-09 23:27:05+00:00,0.355
2026-05-09 23:28:05+00:00,0.355
2026-05-09 23:29:05+00:00,0.355
2026-05-09 23:30:07+00:00,0.355
2026-05-09 23:31:05+00:00,0.355
2026-05-09 23:32:05+00:00,0.355
2026-05-09 23:33:06+00:00,0.355
2026-05-09 23:34:06+00:00,0.355
2026-05-09 23:35:05+00:00,0.355
2026-05-09 23:36:19+00:00,0.355
2026-05-09 23:37:05+00:00,0.355
2026-05-09 23:38:05+00:00,0.355
2026-05-09 23:39:04+00:00,0.355
2026-05-09 23:40:04+00:00,0.355
2026-05-09 23:41:03+00:00,0.355
2026-05-09 23:42:04+00:00,0.355
2026-05-09 23:43:05+00:00,0.355
2026-05-09 23:44:04+00:00,0.355
2026-05-09 23:45:05+00:00,0.355
2026-05-09 23:46:05+00:00,0.355
2026-05-09 23:47:03+00:00,0.355
2026-05-09 23:48:04+00:00,0.355
2026-05-09 23:49:19+00:00,0.355
2026-05-09 23:50:17+00:00,0.355
2026-05-09 23:51:04+00:00,0.355
2026-05-09 23:52:04+00:00,0.355
2026-05-09 23:53:06+00:00,0.355
2026-05-09 23:54:05+00:00,0.355
2026-05-09 23:55:03+00:00,0.355
2026-05-09 23:56:04+00:00,0.355
2026-05-09 23:57:05+00:00,0.355
2026-05-09 23:58:04+00:00,0.355
2026-05-09 23:59:04+00:00,0.355
2026-05-10 00:00:04+00:00,0.355
2026-05-10 00:01:03+00:00,0.355
2026-05-10 00:02:03+00:00,0.355
2026-05-10 00:03:06+00:00,0.355
2026-05-10 00:04:04+00:00,0.355
2026-05-10 00:05:05+00:00,0.355
2026-05-10 00:06:04+00:00,0.355
2026-05-10 00:07:05+00:00,0.355
2026-05-10 00:08:08+00:00,0.355
2026-05-10 00:09:05+00:00,0.355
2026-05-10 00:10:05+00:00,0.355
2026-05-10 00:11:15+00:00,0.355
2026-05-10 00:12:03+00:00,0.355
2026-05-10 00:13:05+00:00,0.355
2026-05-10 00:14:04+00:00,0.355
2026-05-10 00:15:04+00:00,0.355
2026-05-10 00:16:04+00:00,0.355
2026-05-10 00:17:04+00:00,0.355
2026-05-10 00:18:05+00:00,0.355
2026-05-10 00:19:05+00:00,0.355
2026-05-10 00:20:06+00:00,0.355
2026-05-10 00:21:04+00:00,0.355
2026-05-10 00:22:04+00:00,0.355
2026-05-10 00:23:08+00:00,0.355
2026-05-10 00:24:04+00:00,0.355
2026-05-10 00:25:12+00:00,0.355
2026-05-10 00:26:04+00:00,0.355
2026-05-10 00:27:06+00:00,0.355
2026-05-10 00:28:04+00:00,0.355
2026-05-10 00:29:05+00:00,0.355
2026-05-10 00:30:04+00:00,0.355
2026-05-10 00:31:04+00:00,0.355
2026-05-10 00:32:04+00:00,0.355
2026-05-10 00:33:04+00:00,0.355
2026-05-10 00:34:04+00:00,0.355
2026-05-10 00:35:05+00:00,0.355
2026-05-10 00:36:05+00:00,0.355
2026-05-10 00:37:05+00:00,0.355
2026-05-10 00:38:06+00:00,0.355
2026-05-10 00:39:05+00:00,0.355
2026-05-10 00:40:05+00:00,0.355
2026-05-10 00:41:17+00:00,0.355
2026-05-10 00:42:03+00:00,0.355
2026-05-10 00:43:04+00:00,0.355
2026-05-10 00:44:04+00:00,0.355
2026-05-10 00:45:05+00:00,0.355
2026-05-10 00:46:04+00:00,0.355
2026-05-10 00:47:16+00:00,0.355
2026-05-10 00:48:05+00:00,0.355
2026-05-10 00:49:04+00:00,0.355
2026-05-10 00:50:05+00:00,0.355
2026-05-10 00:51:07+00:00,0.355
2026-05-10 00:52:04+00:00,0.355
2026-05-10 00:53:06+00:00,0.355
2026-05-10 00:54:04+00:00,0.355
2026-05-10 00:55:05+00:00,0.355
2026-05-10 00:56:06+00:00,0.355
2026-05-10 00:57:04+00:00,0.355
2026-05-10 00:58:05+00:00,0.355
2026-05-10 00:59:05+00:00,0.365
2026-05-10 01:00:04+00:00,0.365
2026-05-10 01:01:04+00:00,0.365
2026-05-10 01:02:03+00:00,0.365
2026-05-10 01:03:06+00:00,0.365
2026-05-10 01:04:04+00:00,0.365
2026-05-10 01:05:05+00:00,0.365
2026-05-10 01:06:04+00:00,0.365
2026-05-10 01:07:21+00:00,0.365
2026-05-10 01:08:08+00:00,0.365
2026-05-10 01:09:06+00:00,0.365
2026-05-10 01:10:07+00:00,0.365
2026-05-10 01:11:05+00:00,0.365
2026-05-10 01:12:03+00:00,0.365
2026-05-10 01:13:07+00:00,0.365
2026-05-10 01:14:04+00:00,0.365
2026-05-10 01:15:06+00:00,0.365
2026-05-10 01:16:07+00:00,0.365
2026-05-10 01:17:05+00:00,0.365
2026-05-10 01:18:05+00:00,0.365
2026-05-10 01:19:16+00:00,0.365
2026-05-10 01:20:04+00:00,0.365
2026-05-10 01:21:04+00:00,0.365
2026-05-10 01:22:04+00:00,0.365
2026-05-10 01:23:06+00:00,0.365
2026-05-10 01:24:05+00:00,0.365
2026-05-10 01:25:03+00:00,0.365
2026-05-10 01:26:04+00:00,0.365
2026-05-10 01:27:05+00:00,0.365
2026-05-10 01:28:07+00:00,0.365
2026-05-10 01:29:04+00:00,0.365
2026-05-10 01:30:05+00:00,0.365
2026-05-10 01:31:03+00:00,0.365
2026-05-10 01:32:03+00:00,0.365
2026-05-10 01:33:07+00:00,0.365
2026-05-10 01:34:07+00:00,0.365
2026-05-10 01:35:07+00:00,0.365
2026-05-10 01:36:06+00:00,0.365
2026-05-10 01:37:03+00:00,0.365
2026-05-10 01:38:05+00:00,0.365
2026-05-10 01:39:04+00:00,0.365
2026-05-10 01:40:05+00:00,0.365
2026-05-10 01:41:06+00:00,0.365
2026-05-10 01:42:05+00:00,0.365
2026-05-10 01:43:05+00:00,0.365
2026-05-10 01:44:04+00:00,0.365
2026-05-10 01:45:05+00:00,0.365
2026-05-10 01:46:04+00:00,0.365
2026-05-10 01:47:03+00:00,0.365
2026-05-10 01:48:05+00:00,0.365
2026-05-10 01:49:04+00:00,0.365
2026-05-10 01:50:04+00:00,0.365
2026-05-10 01:51:05+00:00,0.365
2026-05-10 01:52:03+00:00,0.365
2026-05-10 01:53:04+00:00,0.365
2026-05-10 01:54:20+00:00,0.365
2026-05-10 01:55:03+00:00,0.365
2026-05-10 01:56:03+00:00,0.365
2026-05-10 01:57:04+00:00,0.365
2026-05-10 01:58:07+00:00,0.365
2026-05-10 01:59:05+00:00,0.365
2026-05-10 02:00:04+00:00,0.365
2026-05-10 02:01:03+00:00,0.365
2026-05-10 02:02:03+00:00,0.365
2026-05-10 02:03:06+00:00,0.365
2026-05-10 02:04:05+00:00,0.365
2026-05-10 02:05:03+00:00,0.365
2026-05-10 02:06:04+00:00,0.365
2026-05-10 02:07:06+00:00,0.365
2026-05-10 02:08:05+00:00,0.365
2026-05-10 02:09:06+00:00,0.365
2026-05-10 02:10:04+00:00,0.365
2026-05-10 02:11:05+00:00,0.365
2026-05-10 02:12:03+00:00,0.365
2026-05-10 02:13:04+00:00,0.365
2026-05-10 02:14:04+00:00,0.365
2026-05-10 02:15:05+00:00,0.365
2026-05-10 02:16:05+00:00,0.365
2026-05-10 02:17:04+00:00,0.365
2026-05-10 02:18:06+00:00,0.365
2026-05-10 02:19:04+00:00,0.365
2026-05-10 02:20:04+00:00,0.365
2026-05-10 02:21:03+00:00,0.365
2026-05-10 02:22:04+00:00,0.365
2026-05-10 02:23:05+00:00,0.365
2026-05-10 02:24:16+00:00,0.365
2026-05-10 02:25:03+00:00,0.365
2026-05-10 02:26:05+00:00,0.365
2026-05-10 02:27:17+00:00,0.365
2026-05-10 02:28:05+00:00,0.365
2026-05-10 02:29:03+00:00,0.365
2026-05-10 02:30:04+00:00,0.365
2026-05-10 02:31:08+00:00,0.365
2026-05-10 02:32:06+00:00,0.365
2026-05-10 02:33:04+00:00,0.365
2026-05-10 02:34:08+00:00,0.365
2026-05-10 02:35:05+00:00,0.365
2026-05-10 02:36:06+00:00,0.365
2026-05-10 02:37:05+00:00,0.365
2026-05-10 02:38:05+00:00,0.365
2026-05-10 02:39:05+00:00,0.365
2026-05-10 02:40:05+00:00,0.365
2026-05-10 02:41:05+00:00,0.365
2026-05-10 02:42:05+00:00,0.365
2026-05-10 02:43:03+00:00,0.365
2026-05-10 02:44:05+00:00,0.365
2026-05-10 02:45:07+00:00,0.365
2026-05-10 02:46:03+00:00,0.365
2026-05-10 02:47:04+00:00,0.365
2026-05-10 02:48:07+00:00,0.365
2026-05-10 02:49:05+00:00,0.365
2026-05-10 02:50:05+00:00,0.365
2026-05-10 02:51:05+00:00,0.365
2026-05-10 02:52:03+00:00,0.365
2026-05-10 02:53:05+00:00,0.365
2026-05-10 02:54:07+00:00,0.365
2026-05-10 02:55:05+00:00,0.365
2026-05-10 02:56:03+00:00,0.365
2026-05-10 02:57:05+00:00,0.365
2026-05-10 02:58:05+00:00,0.365
2026-05-10 02:59:04+00:00,0.365
2026-05-10 03:00:04+00:00,0.365
2026-05-10 03:01:03+00:00,0.365
2026-05-10 03:02:06+00:00,0.365
2026-05-10 03:03:05+00:00,0.365
2026-05-10 03:04:07+00:00,0.365
2026-05-10 03:05:21+00:00,0.365
2026-05-10 03:06:08+00:00,0.365
2026-05-10 03:07:08+00:00,0.365
2026-05-10 03:08:05+00:00,0.365
2026-05-10 03:09:08+00:00,0.365
2026-05-10 03:10:04+00:00,0.365
2026-05-10 03:11:07+00:00,0.365
2026-05-10 03:12:04+00:00,0.365
2026-05-10 03:13:12+00:00,0.365
2026-05-10 03:14:18+00:00,0.365
2026-05-10 03:15:22+00:00,0.365
2026-05-10 03:16:04+00:00,0.365
2026-05-10 03:17:06+00:00,0.365
2026-05-10 03:18:07+00:00,0.365
2026-05-10 03:19:17+00:00,0.365
2026-05-10 03:20:06+00:00,0.365
2026-05-10 03:21:06+00:00,0.365
2026-05-10 03:22:16+00:00,0.365
2026-05-10 03:23:07+00:00,0.365
2026-05-10 03:24:06+00:00,0.365
2026-05-10 03:25:04+00:00,0.365
2026-05-10 03:26:07+00:00,0.365
2026-05-10 03:27:03+00:00,0.365
2026-05-10 03:28:06+00:00,0.365
2026-05-10 03:29:04+00:00,0.365
2026-05-10 03:30:07+00:00,0.365
2026-05-10 03:31:04+00:00,0.365
2026-05-10 03:32:04+00:00,0.365
2026-05-10 03:33:07+00:00,0.365
2026-05-10 03:34:04+00:00,0.365
2026-05-10 03:35:06+00:00,0.365
2026-05-10 03:36:19+00:00,0.365
2026-05-10 03:37:17+00:00,0.365
2026-05-10 03:38:05+00:00,0.365
2026-05-10 03:39:06+00:00,0.365
2026-05-10 03:40:05+00:00,0.365
2026-05-10 03:41:06+00:00,0.365
2026-05-10 03:42:05+00:00,0.365
2026-05-10 03:43:05+00:00,0.365
2026-05-10 03:44:05+00:00,0.365
2026-05-10 03:45:07+00:00,0.365
2026-05-10 03:46:04+00:00,0.365
2026-05-10 03:47:05+00:00,0.365
2026-05-10 03:48:05+00:00,0.365
2026-05-10 03:49:04+00:00,0.365
2026-05-10 03:50:15+00:00,0.365
2026-05-10 03:51:18+00:00,0.365
2026-05-10 03:52:05+00:00,0.365
2026-05-10 03:53:05+00:00,0.365
2026-05-10 03:54:05+00:00,0.365
2026-05-10 03:55:05+00:00,0.365
2026-05-10 03:56:03+00:00,0.365
2026-05-10 03:57:05+00:00,0.365
2026-05-10 03:58:06+00:00,0.365
2026-05-10 03:59:03+00:00,0.365
2026-05-10 04:00:04+00:00,0.365
2026-05-10 04:01:05+00:00,0.365
2026-05-10 04:02:16+00:00,0.365
2026-05-10 04:03:08+00:00,0.365
2026-05-10 04:04:04+00:00,0.365
2026-05-10 04:05:05+00:00,0.365
2026-05-10 04:06:18+00:00,0.365
2026-05-10 04:07:04+00:00,0.365
2026-05-10 04:08:10+00:00,0.365
2026-05-10 04:09:05+00:00,0.365
2026-05-10 04:10:05+00:00,0.365
2026-05-10 04:11:03+00:00,0.365
2026-05-10 04:12:05+00:00,0.365
2026-05-10 04:13:06+00:00,0.365
2026-05-10 04:14:04+00:00,0.365
2026-05-10 04:15:18+00:00,0.365
2026-05-10 04:16:18+00:00,0.365
2026-05-10 04:17:20+00:00,0.365
2026-05-10 04:18:05+00:00,0.365
2026-05-10 04:19:18+00:00,0.365
2026-05-10 04:20:05+00:00,0.365
2026-05-10 04:21:04+00:00,0.365
2026-05-10 04:22:18+00:00,0.365
2026-05-10 04:23:06+00:00,0.365
2026-05-10 04:24:18+00:00,0.365
2026-05-10 04:25:04+00:00,0.365
2026-05-10 04:26:05+00:00,0.365
2026-05-10 04:27:05+00:00,0.365
2026-05-10 04:28:08+00:00,0.365
2026-05-10 04:29:04+00:00,0.365
2026-05-10 04:30:05+00:00,0.365
2026-05-10 04:31:04+00:00,0.365
2026-05-10 04:32:04+00:00,0.365
2026-05-10 04:33:06+00:00,0.365
2026-05-10 04:34:05+00:00,0.365
2026-05-10 04:35:04+00:00,0.365
2026-05-10 04:36:05+00:00,0.365
2026-05-10 04:37:06+00:00,0.365
2026-05-10 04:38:07+00:00,0.365
2026-05-10 04:39:05+00:00,0.365
2026-05-10 04:40:06+00:00,0.365
2026-05-10 04:41:04+00:00,0.365
2026-05-10 04:42:04+00:00,0.365
2026-05-10 04:43:06+00:00,0.365
2026-05-10 04:44:17+00:00,0.365
2026-05-10 04:45:06+00:00,0.365
2026-05-10 04:46:05+00:00,0.365
2026-05-10 04:47:05+00:00,0.365
2026-05-10 04:48:05+00:00,0.365
2026-05-10 04:49:04+00:00,0.365
2026-05-10 04:50:21+00:00,0.365
2026-05-10 04:51:04+00:00,0.365
2026-05-10 04:52:05+00:00,0.365
2026-05-10 04:53:07+00:00,0.365
2026-05-10 04:54:04+00:00,0.365
2026-05-10 04:55:18+00:00,0.365
2026-05-10 04:56:05+00:00,0.365
2026-05-10 04:57:05+00:00,0.365
2026-05-10 04:58:05+00:00,0.365
2026-05-10 04:59:06+00:00,0.365
2026-05-10 05:00:08+00:00,0.365
2026-05-10 05:01:04+00:00,0.365
2026-05-10 05:02:05+00:00,0.365
2026-05-10 05:03:21+00:00,0.365
2026-05-10 05:04:08+00:00,0.365
2026-05-10 05:05:06+00:00,0.365
2026-05-10 05:06:05+00:00,0.365
2026-05-10 05:07:05+00:00,0.365
2026-05-10 05:08:05+00:00,0.365
2026-05-10 05:09:05+00:00,0.365
2026-05-10 05:10:07+00:00,0.365
2026-05-10 05:11:06+00:00,0.365
2026-05-10 05:12:05+00:00,0.365
2026-05-10 05:13:05+00:00,0.365
2026-05-10 05:14:04+00:00,0.365
2026-05-10 05:15:06+00:00,0.365
2026-05-10 05:16:05+00:00,0.365
2026-05-10 05:17:04+00:00,0.365
2026-05-10 05:18:06+00:00,0.365
2026-05-10 05:19:04+00:00,0.365
2026-05-10 05:20:05+00:00,0.365
2026-05-10 05:21:05+00:00,0.365
2026-05-10 05:22:15+00:00,0.365
2026-05-10 05:23:16+00:00,0.365
2026-05-10 05:24:03+00:00,0.365
2026-05-10 05:25:03+00:00,0.365
2026-05-10 05:26:03+00:00,0.365
2026-05-10 05:27:04+00:00,0.365
2026-05-10 05:28:08+00:00,0.365
2026-05-10 05:29:05+00:00,0.365
2026-05-10 05:30:04+00:00,0.365
2026-05-10 05:31:07+00:00,0.365
2026-05-10 05:32:03+00:00,0.365
2026-05-10 05:33:07+00:00,0.365
2026-05-10 05:34:10+00:00,0.365
2026-05-10 05:35:04+00:00,0.365
2026-05-10 05:36:04+00:00,0.365
2026-05-10 05:37:04+00:00,0.365
2026-05-10 05:38:05+00:00,0.365
2026-05-10 05:39:06+00:00,0.365
2026-05-10 05:40:05+00:00,0.365
2026-05-10 05:41:07+00:00,0.365
2026-05-10 05:42:05+00:00,0.365
2026-05-10 05:43:04+00:00,0.365
2026-05-10 05:44:17+00:00,0.365
2026-05-10 05:45:05+00:00,0.365
2026-05-10 05:46:20+00:00,0.365
2026-05-10 05:47:05+00:00,0.365
2026-05-10 05:48:05+00:00,0.365
2026-05-10 05:49:07+00:00,0.365
2026-05-10 05:50:04+00:00,0.365
2026-05-10 05:51:19+00:00,0.365
2026-05-10 05:52:03+00:00,0.365
2026-05-10 05:53:05+00:00,0.365
2026-05-10 05:54:08+00:00,0.365
2026-05-10 05:55:04+00:00,0.365
2026-05-10 05:56:04+00:00,0.365
2026-05-10 05:57:06+00:00,0.365
2026-05-10 05:58:08+00:00,0.365
2026-05-10 05:59:04+00:00,0.365
2026-05-10 06:00:04+00:00,0.365
2026-05-10 06:01:05+00:00,0.365
2026-05-10 06:02:04+00:00,0.365
2026-05-10 06:03:07+00:00,0.365
2026-05-10 06:04:04+00:00,0.365
2026-05-10 06:05:08+00:00,0.365
2026-05-10 06:06:20+00:00,0.365
2026-05-10 06:07:05+00:00,0.365
2026-05-10 06:08:09+00:00,0.365
2026-05-10 06:09:16+00:00,0.365
2026-05-10 06:10:04+00:00,0.365
2026-05-10 06:11:07+00:00,0.365
2026-05-10 06:12:06+00:00,0.365
2026-05-10 06:13:06+00:00,0.365
2026-05-10 06:14:04+00:00,0.365
2026-05-10 06:15:06+00:00,0.365
2026-05-10 06:16:21+00:00,0.365
2026-05-10 06:17:03+00:00,0.365
2026-05-10 06:18:16+00:00,0.365
2026-05-10 06:19:03+00:00,0.365
2026-05-10 06:20:04+00:00,0.365
2026-05-10 06:21:05+00:00,0.365
2026-05-10 06:22:04+00:00,0.365
2026-05-10 06:23:03+00:00,0.365
2026-05-10 06:24:05+00:00,0.365
2026-05-10 06:25:04+00:00,0.365
2026-05-10 06:26:04+00:00,0.365
2026-05-10 06:27:06+00:00,0.365
2026-05-10 06:28:06+00:00,0.365
2026-05-10 06:29:17+00:00,0.365
2026-05-10 06:30:04+00:00,0.365
2026-05-10 06:31:06+00:00,0.365
2026-05-10 06:32:04+00:00,0.365
2026-05-10 06:33:05+00:00,0.365
2026-05-10 06:34:05+00:00,0.365
2026-05-10 06:35:04+00:00,0.365
2026-05-10 06:36:06+00:00,0.365
2026-05-10 06:37:19+00:00,0.365
2026-05-10 06:38:05+00:00,0.365
2026-05-10 06:39:07+00:00,0.365
2026-05-10 06:40:05+00:00,0.365
2026-05-10 06:41:04+00:00,0.365
2026-05-10 06:42:05+00:00,0.365
2026-05-10 06:43:04+00:00,0.365
2026-05-10 06:44:06+00:00,0.365
2026-05-10 06:45:06+00:00,0.365
2026-05-10 06:46:03+00:00,0.365
2026-05-10 06:47:05+00:00,0.365
2026-05-10 06:48:05+00:00,0.365
2026-05-10 06:49:03+00:00,0.365
2026-05-10 06:50:06+00:00,0.365
2026-05-10 06:51:04+00:00,0.365
2026-05-10 06:52:05+00:00,0.365
2026-05-10 06:53:03+00:00,0.365
2026-05-10 06:54:07+00:00,0.365
2026-05-10 06:55:04+00:00,0.365
2026-05-10 06:56:04+00:00,0.365
2026-05-10 06:57:04+00:00,0.365
2026-05-10 06:58:05+00:00,0.365
2026-05-10 06:59:16+00:00,0.365
2026-05-10 07:00:05+00:00,0.365
2026-05-10 07:01:04+00:00,0.365
2026-05-10 07:02:07+00:00,0.365
2026-05-10 07:03:07+00:00,0.365
2026-05-10 07:04:16+00:00,0.365
2026-05-10 07:05:05+00:00,0.365
2026-05-10 07:06:07+00:00,0.365
2026-05-10 07:07:05+00:00,0.365
2026-05-10 07:08:09+00:00,0.365
2026-05-10 07:09:06+00:00,0.365
2026-05-10 07:10:04+00:00,0.365
2026-05-10 07:11:08+00:00,0.365
2026-05-10 07:12:05+00:00,0.365
2026-05-10 07:13:08+00:00,0.365
2026-05-10 07:14:05+00:00,0.365
2026-05-10 07:15:04+00:00,0.365
2026-05-10 07:16:07+00:00,0.365
2026-05-10 07:17:20+00:00,0.365
2026-05-10 07:18:06+00:00,0.365
2026-05-10 07:19:19+00:00,0.365
2026-05-10 07:20:17+00:00,0.365
2026-05-10 07:21:03+00:00,0.365
2026-05-10 07:22:05+00:00,0.365
2026-05-10 07:23:05+00:00,0.365
2026-05-10 07:24:06+00:00,0.365
2026-05-10 07:25:03+00:00,0.365
2026-05-10 07:26:03+00:00,0.365
2026-05-10 07:27:06+00:00,0.365
2026-05-10 07:28:06+00:00,0.365
2026-05-10 07:29:05+00:00,0.365
2026-05-10 07:30:04+00:00,0.365
2026-05-10 07:31:18+00:00,0.365
2026-05-10 07:32:04+00:00,0.365
2026-05-10 07:33:06+00:00,0.365
2026-05-10 07:34:04+00:00,0.365
2026-05-10 07:35:03+00:00,0.365
2026-05-10 07:36:05+00:00,0.365
2026-05-10 07:37:04+00:00,0.365
2026-05-10 07:38:07+00:00,0.365
2026-05-10 07:39:05+00:00,0.365
2026-05-10 07:40:05+00:00,0.365
2026-05-10 07:41:17+00:00,0.365
2026-05-10 07:42:04+00:00,0.365
2026-05-10 07:43:08+00:00,0.365
2026-05-10 07:44:05+00:00,0.365
2026-05-10 07:45:07+00:00,0.365
2026-05-10 07:46:19+00:00,0.365
2026-05-10 07:47:22+00:00,0.365
2026-05-10 07:48:05+00:00,0.365
2026-05-10 07:49:07+00:00,0.365
2026-05-10 07:50:04+00:00,0.365
2026-05-10 07:51:05+00:00,0.365
2026-05-10 07:52:03+00:00,0.365
2026-05-10 07:53:05+00:00,0.365
2026-05-10 07:54:06+00:00,0.365
2026-05-10 07:55:05+00:00,0.365
2026-05-10 07:56:08+00:00,0.365
2026-05-10 07:57:06+00:00,0.365
2026-05-10 07:58:08+00:00,0.365
2026-05-10 07:59:06+00:00,0.365
2026-05-10 08:00:05+00:00,0.365
2026-05-10 08:01:07+00:00,0.365
2026-05-10 08:02:04+00:00,0.365
2026-05-10 08:03:08+00:00,0.365
2026-05-10 08:04:07+00:00,0.365
2026-05-10 08:05:03+00:00,0.365
2026-05-10 08:06:03+00:00,0.365
2026-05-10 08:07:06+00:00,0.365
2026-05-10 08:08:05+00:00,0.365
2026-05-10 08:09:08+00:00,0.365
2026-05-10 08:10:17+00:00,0.365
2026-05-10 08:11:03+00:00,0.365
2026-05-10 08:12:04+00:00,0.365
2026-05-10 08:13:08+00:00,0.365
2026-05-10 08:14:05+00:00,0.365
2026-05-10 08:15:06+00:00,0.365
2026-05-10 08:16:06+00:00,0.365
2026-05-10 08:17:07+00:00,0.365
2026-05-10 08:18:18+00:00,0.365
2026-05-10 08:19:03+00:00,0.365
2026-05-10 08:20:04+00:00,0.365
2026-05-10 08:21:04+00:00,0.365
2026-05-10 08:22:04+00:00,0.365
2026-05-10 08:23:05+00:00,0.365
2026-05-10 08:24:04+00:00,0.365
2026-05-10 08:25:05+00:00,0.365
2026-05-10 08:26:07+00:00,0.365
2026-05-10 08:27:05+00:00,0.365
2026-05-10 08:28:17+00:00,0.365
2026-05-10 08:29:03+00:00,0.365
2026-05-10 08:30:04+00:00,0.365
2026-05-10 08:31:06+00:00,0.365
2026-05-10 08:32:03+00:00,0.365
2026-05-10 08:33:17+00:00,0.365
2026-05-10 08:34:05+00:00,0.365
2026-05-10 08:35:04+00:00,0.365
2026-05-10 08:36:06+00:00,0.365
2026-05-10 08:37:20+00:00,0.365
2026-05-10 08:38:08+00:00,0.365
2026-05-10 08:39:05+00:00,0.365
2026-05-10 08:40:07+00:00,0.365
2026-05-10 08:41:05+00:00,0.365
2026-05-10 08:42:06+00:00,0.365
2026-05-10 08:43:07+00:00,0.365
2026-05-10 08:44:05+00:00,0.365
2026-05-10 08:45:09+00:00,0.365
2026-05-10 08:46:06+00:00,0.365
2026-05-10 08:47:03+00:00,0.365
2026-05-10 08:48:11+00:00,0.365
2026-05-10 08:49:14+00:00,0.365
2026-05-10 08:50:04+00:00,0.365
2026-05-10 08:51:04+00:00,0.365
2026-05-10 08:52:05+00:00,0.365
2026-05-10 08:53:04+00:00,0.365
2026-05-10 08:54:07+00:00,0.365
2026-05-10 08:55:04+00:00,0.365
2026-05-10 08:56:04+00:00,0.365
2026-05-10 08:57:24+00:00,0.365
2026-05-10 08:58:22+00:00,0.365
2026-05-10 08:59:05+00:00,0.365
2026-05-10 09:00:04+00:00,0.365
2026-05-10 09:01:05+00:00,0.365
2026-05-10 09:02:03+00:00,0.365
2026-05-10 09:03:06+00:00,0.365
2026-05-10 09:04:03+00:00,0.365
2026-05-10 09:05:07+00:00,0.365
2026-05-10 09:06:20+00:00,0.365
2026-05-10 09:07:05+00:00,0.365
2026-05-10 09:08:11+00:00,0.365
2026-05-10 09:09:03+00:00,0.365
2026-05-10 09:10:04+00:00,0.365
2026-05-10 09:11:04+00:00,0.365
2026-05-10 09:12:06+00:00,0.365
2026-05-10 09:13:06+00:00,0.365
2026-05-10 09:14:03+00:00,0.365
2026-05-10 09:15:06+00:00,0.365
2026-05-10 09:16:04+00:00,0.365
2026-05-10 09:17:03+00:00,0.365
2026-05-10 09:18:06+00:00,0.365
2026-05-10 09:19:05+00:00,0.365
2026-05-10 09:20:04+00:00,0.365
2026-05-10 09:21:04+00:00,0.365
2026-05-10 09:22:04+00:00,0.365
2026-05-10 09:23:05+00:00,0.365
2026-05-10 09:24:04+00:00,0.365
2026-05-10 09:25:07+00:00,0.365
2026-05-10 09:26:06+00:00,0.365
2026-05-10 09:27:04+00:00,0.365
2026-05-10 09:28:17+00:00,0.365
2026-05-10 09:29:07+00:00,0.365
2026-05-10 09:30:07+00:00,0.365
2026-05-10 09:31:04+00:00,0.365
2026-05-10 09:32:04+00:00,0.365
2026-05-10 09:33:18+00:00,0.365
2026-05-10 09:34:06+00:00,0.365
2026-05-10 09:35:19+00:00,0.365
2026-05-10 09:36:05+00:00,0.365
2026-05-10 09:37:06+00:00,0.365
2026-05-10 09:38:06+00:00,0.365
2026-05-10 09:39:05+00:00,0.365
2026-05-10 09:40:18+00:00,0.365
2026-05-10 09:41:05+00:00,0.365
2026-05-10 09:42:03+00:00,0.365
2026-05-10 09:43:08+00:00,0.365
2026-05-10 09:44:04+00:00,0.365
2026-05-10 09:45:06+00:00,0.365
2026-05-10 09:46:05+00:00,0.365
2026-05-10 09:47:07+00:00,0.365
2026-05-10 09:48:06+00:00,0.365
2026-05-10 09:49:05+00:00,0.365
2026-05-10 09:50:04+00:00,0.365
2026-05-10 09:51:03+00:00,0.365
2026-05-10 09:52:04+00:00,0.365
2026-05-10 09:53:04+00:00,0.365
2026-05-10 09:54:07+00:00,0.365
2026-05-10 09:55:06+00:00,0.365
2026-05-10 09:56:04+00:00,0.365
2026-05-10 09:57:04+00:00,0.365
2026-05-10 09:58:08+00:00,0.365
2026-05-10 09:59:04+00:00,0.365
2026-05-10 10:00:08+00:00,0.365
2026-05-10 10:01:09+00:00,0.365
2026-05-10 10:02:06+00:00,0.365
2026-05-10 10:03:08+00:00,0.365
2026-05-10 10:04:06+00:00,0.365
2026-05-10 10:05:18+00:00,0.365
2026-05-10 10:06:04+00:00,0.365
2026-05-10 10:07:06+00:00,0.365
2026-05-10 10:08:06+00:00,0.365
2026-05-10 10:09:06+00:00,0.365
2026-05-10 10:10:07+00:00,0.365
2026-05-10 10:11:05+00:00,0.365
2026-05-10 10:12:03+00:00,0.365
2026-05-10 10:13:05+00:00,0.365
2026-05-10 10:14:04+00:00,0.365
2026-05-10 10:15:05+00:00,0.365
2026-05-10 10:16:05+00:00,0.365
2026-05-10 10:17:07+00:00,0.365
2026-05-10 10:18:05+00:00,0.365
2026-05-10 10:19:04+00:00,0.365
2026-05-10 10:20:05+00:00,0.365
2026-05-10 10:21:05+00:00,0.365
2026-05-10 10:22:03+00:00,0.365
2026-05-10 10:23:08+00:00,0.365
2026-05-10 10:24:08+00:00,0.365
2026-05-10 10:25:03+00:00,0.365
2026-05-10 10:26:03+00:00,0.365
2026-05-10 10:27:04+00:00,0.365
2026-05-10 10:28:08+00:00,0.365
2026-05-10 10:29:06+00:00,0.365
2026-05-10 10:30:04+00:00,0.365
2026-05-10 10:31:07+00:00,0.365
2026-05-10 10:32:06+00:00,0.365
2026-05-10 10:33:04+00:00,0.365
2026-05-10 10:34:05+00:00,0.365
2026-05-10 10:35:10+00:00,0.365
2026-05-10 10:36:05+00:00,0.365
2026-05-10 10:37:06+00:00,0.365
2026-05-10 10:38:05+00:00,0.365
2026-05-10 10:39:04+00:00,0.365
2026-05-10 10:40:06+00:00,0.365
2026-05-10 10:41:04+00:00,0.365
2026-05-10 10:42:04+00:00,0.365
2026-05-10 10:43:07+00:00,0.365
2026-05-10 10:44:07+00:00,0.365
2026-05-10 10:45:06+00:00,0.365
2026-05-10 10:46:04+00:00,0.365
2026-05-10 10:47:03+00:00,0.365
2026-05-10 10:48:05+00:00,0.365
2026-05-10 10:49:20+00:00,0.365
2026-05-10 10:50:04+00:00,0.365
2026-05-10 10:51:05+00:00,0.365
2026-05-10 10:52:05+00:00,0.365
2026-05-10 10:53:05+00:00,0.365
2026-05-10 10:54:04+00:00,0.365
2026-05-10 10:55:05+00:00,0.365
2026-05-10 10:56:06+00:00,0.365
2026-05-10 10:57:05+00:00,0.365
2026-05-10 10:58:05+00:00,0.365
2026-05-10 10:59:06+00:00,0.365
2026-05-10 11:00:20+00:00,0.365
2026-05-10 11:01:04+00:00,0.365
2026-05-10 11:02:04+00:00,0.365
2026-05-10 11:03:08+00:00,0.365
2026-05-10 11:04:07+00:00,0.365
2026-05-10 11:05:05+00:00,0.365
2026-05-10 11:06:07+00:00,0.365
2026-05-10 11:07:06+00:00,0.365
2026-05-10 11:08:05+00:00,0.365
2026-05-10 11:09:05+00:00,0.365
2026-05-10 11:10:04+00:00,0.365
2026-05-10 11:11:03+00:00,0.365
2026-05-10 11:12:17+00:00,0.365
2026-05-10 11:13:07+00:00,0.365
2026-05-10 11:14:04+00:00,0.365
2026-05-10 11:15:07+00:00,0.365
2026-05-10 11:16:05+00:00,0.365
2026-05-10 11:17:05+00:00,0.365
2026-05-10 11:18:06+00:00,0.365
2026-05-10 11:19:03+00:00,0.365
2026-05-10 11:20:06+00:00,0.365
2026-05-10 11:21:17+00:00,0.365
2026-05-10 11:22:16+00:00,0.365
2026-05-10 11:23:17+00:00,0.365
2026-05-10 11:24:08+00:00,0.365
2026-05-10 11:25:19+00:00,0.365
2026-05-10 11:26:04+00:00,0.365
2026-05-10 11:27:07+00:00,0.365
2026-05-10 11:28:05+00:00,0.365
2026-05-10 11:29:18+00:00,0.365
2026-05-10 11:30:04+00:00,0.365
2026-05-10 11:31:05+00:00,0.365
2026-05-10 11:32:04+00:00,0.365
2026-05-10 11:33:07+00:00,0.365
2026-05-10 11:34:06+00:00,0.365
2026-05-10 11:35:06+00:00,0.365
2026-05-10 11:36:03+00:00,0.365
2026-05-10 11:37:07+00:00,0.365
2026-05-10 11:38:05+00:00,0.365
2026-05-10 11:39:05+00:00,0.365
2026-05-10 11:40:03+00:00,0.365
2026-05-10 11:41:15+00:00,0.365
2026-05-10 11:42:07+00:00,0.365
2026-05-10 11:43:05+00:00,0.365
2026-05-10 11:44:07+00:00,0.365
2026-05-10 11:45:20+00:00,0.365
2026-05-10 11:46:04+00:00,0.365
2026-05-10 11:47:07+00:00,0.365
2026-05-10 11:48:05+00:00,0.365
2026-05-10 11:49:03+00:00,0.365
2026-05-10 11:50:17+00:00,0.365
2026-05-10 11:51:06+00:00,0.365
2026-05-10 11:52:17+00:00,0.365
2026-05-10 11:53:04+00:00,0.365
2026-05-10 11:54:05+00:00,0.365
2026-05-10 11:55:06+00:00,0.365
2026-05-10 11:56:04+00:00,0.365
2026-05-10 11:57:06+00:00,0.365
2026-05-10 11:58:04+00:00,0.365
2026-05-10 11:59:04+00:00,0.365
2026-05-10 12:00:03+00:00,0.365
2026-05-10 12:01:07+00:00,0.365
2026-05-10 12:02:03+00:00,0.365
2026-05-10 12:03:07+00:00,0.365
2026-05-10 12:04:06+00:00,0.365
2026-05-10 12:05:04+00:00,0.365
2026-05-10 12:06:07+00:00,0.365
2026-05-10 12:07:04+00:00,0.365
2026-05-10 12:08:08+00:00,0.365
2026-05-10 12:09:05+00:00,0.365
2026-05-10 12:10:06+00:00,0.365
2026-05-10 12:11:07+00:00,0.365
2026-05-10 12:12:04+00:00,0.365
2026-05-10 12:13:17+00:00,0.365
2026-05-10 12:14:03+00:00,0.365
2026-05-10 12:15:08+00:00,0.365
2026-05-10 12:16:18+00:00,0.365
2026-05-10 12:17:05+00:00,0.365
2026-05-10 12:18:06+00:00,0.365
2026-05-10 12:19:03+00:00,0.365
2026-05-10 12:20:04+00:00,0.365
2026-05-10 12:21:15+00:00,0.365
2026-05-10 12:22:04+00:00,0.365
2026-05-10 12:23:04+00:00,0.365
2026-05-10 12:24:08+00:00,0.365
2026-05-10 12:25:04+00:00,0.365
2026-05-10 12:26:06+00:00,0.365
2026-05-10 12:27:04+00:00,0.365
2026-05-10 12:28:07+00:00,0.365
2026-05-10 12:29:05+00:00,0.365
2026-05-10 12:30:06+00:00,0.365
2026-05-10 12:31:06+00:00,0.365
2026-05-10 12:32:04+00:00,0.365
2026-05-10 12:33:05+00:00,0.365
2026-05-10 12:34:05+00:00,0.365
2026-05-10 12:35:05+00:00,0.365
2026-05-10 12:36:05+00:00,0.365
2026-05-10 12:37:09+00:00,0.365
2026-05-10 12:38:05+00:00,0.365
2026-05-10 12:39:05+00:00,0.365
2026-05-10 12:40:04+00:00,0.365
2026-05-10 12:41:07+00:00,0.365
2026-05-10 12:42:15+00:00,0.365
2026-05-10 12:43:05+00:00,0.365
2026-05-10 12:44:05+00:00,0.365
2026-05-10 12:45:07+00:00,0.365
2026-05-10 12:46:05+00:00,0.365
2026-05-10 12:47:07+00:00,0.365
2026-05-10 12:48:05+00:00,0.365
2026-05-10 12:49:07+00:00,0.365
2026-05-10 12:50:05+00:00,0.365
2026-05-10 12:51:06+00:00,0.365
2026-05-10 12:52:05+00:00,0.365
2026-05-10 12:53:03+00:00,0.365
2026-05-10 12:54:05+00:00,0.365
2026-05-10 12:55:05+00:00,0.365
2026-05-10 12:56:05+00:00,0.365
2026-05-10 12:57:05+00:00,0.365
2026-05-10 12:58:08+00:00,0.365
2026-05-10 12:59:06+00:00,0.365
2026-05-10 13:00:04+00:00,0.365
2026-05-10 13:01:06+00:00,0.365
2026-05-10 13:02:04+00:00,0.365
2026-05-10 13:03:07+00:00,0.365
2026-05-10 13:04:06+00:00,0.365
2026-05-10 13:05:06+00:00,0.365
2026-05-10 13:06:06+00:00,0.365
2026-05-10 13:07:14+00:00,0.365
2026-05-10 13:08:07+00:00,0.355
2026-05-10 13:09:04+00:00,0.355
2026-05-10 13:10:07+00:00,0.355
2026-05-10 13:11:04+00:00,0.355
2026-05-10 13:12:04+00:00,0.355
2026-05-10 13:13:21+00:00,0.355
2026-05-10 13:14:08+00:00,0.355
2026-05-10 13:15:05+00:00,0.355
2026-05-10 13:16:04+00:00,0.355
2026-05-10 13:17:08+00:00,0.355
2026-05-10 13:18:06+00:00,0.355
2026-05-10 13:19:04+00:00,0.355
2026-05-10 13:20:07+00:00,0.355
2026-05-10 13:21:04+00:00,0.355
2026-05-10 13:22:07+00:00,0.355
2026-05-10 13:23:07+00:00,0.355
2026-05-10 13:24:05+00:00,0.355
2026-05-10 13:25:07+00:00,0.355
2026-05-10 13:26:06+00:00,0.355
2026-05-10 13:27:04+00:00,0.355
2026-05-10 13:28:10+00:00,0.355
2026-05-10 13:29:08+00:00,0.355
2026-05-10 13:30:06+00:00,0.355
2026-05-10 13:31:22+00:00,0.355
2026-05-10 13:32:04+00:00,0.355
2026-05-10 13:33:10+00:00,0.355
2026-05-10 13:34:10+00:00,0.355
2026-05-10 13:35:07+00:00,0.355
2026-05-10 13:36:06+00:00,0.355
2026-05-10 13:37:05+00:00,0.355
2026-05-10 13:38:05+00:00,0.355
2026-05-10 13:39:05+00:00,0.355
2026-05-10 13:40:08+00:00,0.355
2026-05-10 13:41:07+00:00,0.355
2026-05-10 13:42:04+00:00,0.355
2026-05-10 13:43:09+00:00,0.355
2026-05-10 13:44:08+00:00,0.355
2026-05-10 13:45:07+00:00,0.355
2026-05-10 13:46:17+00:00,0.355
2026-05-10 13:47:05+00:00,0.355
2026-05-10 13:48:06+00:00,0.355
2026-05-10 13:49:05+00:00,0.355
2026-05-10 13:50:06+00:00,0.355
2026-05-10 13:51:05+00:00,0.355
2026-05-10 13:52:04+00:00,0.355
2026-05-10 13:53:10+00:00,0.355
2026-05-10 13:54:07+00:00,0.355
2026-05-10 13:55:04+00:00,0.355
2026-05-10 13:56:05+00:00,0.355
2026-05-10 13:57:07+00:00,0.355
2026-05-10 13:58:09+00:00,0.355
2026-05-10 13:59:06+00:00,0.355
2026-05-10 14:00:05+00:00,0.355
2026-05-10 14:01:19+00:00,0.355
2026-05-10 14:02:03+00:00,0.355
2026-05-10 14:03:08+00:00,0.355
2026-05-10 14:04:09+00:00,0.355
2026-05-10 14:05:06+00:00,0.355
2026-05-10 14:06:22+00:00,0.355
2026-05-10 14:07:08+00:00,0.355
2026-05-10 14:08:08+00:00,0.355
2026-05-10 14:09:06+00:00,0.355
2026-05-10 14:10:06+00:00,0.355
2026-05-10 14:11:04+00:00,0.355
2026-05-10 14:12:05+00:00,0.355
2026-05-10 14:13:05+00:00,0.355
2026-05-10 14:14:04+00:00,0.355
2026-05-10 14:15:04+00:00,0.355
2026-05-10 14:16:04+00:00,0.355
2026-05-10 14:17:07+00:00,0.355
2026-05-10 14:18:07+00:00,0.355
2026-05-10 14:19:04+00:00,0.355
2026-05-10 14:20:06+00:00,0.355
2026-05-10 14:21:07+00:00,0.355
2026-05-10 14:22:04+00:00,0.355
2026-05-10 14:23:07+00:00,0.355
2026-05-10 14:24:06+00:00,0.355
2026-05-10 14:25:05+00:00,0.355
2026-05-10 14:26:05+00:00,0.355
2026-05-10 14:27:05+00:00,0.355
2026-05-10 14:28:05+00:00,0.355
2026-05-10 14:29:05+00:00,0.355
2026-05-10 14:30:05+00:00,0.355
2026-05-10 14:31:04+00:00,0.355
2026-05-10 14:32:06+00:00,0.355
2026-05-10 14:33:08+00:00,0.355
2026-05-10 14:34:08+00:00,0.355
2026-05-10 14:35:05+00:00,0.355
2026-05-10 14:36:05+00:00,0.355
2026-05-10 14:37:05+00:00,0.355
2026-05-10 14:38:06+00:00,0.355
2026-05-10 14:39:06+00:00,0.355
2026-05-10 14:40:05+00:00,0.355
2026-05-10 14:41:04+00:00,0.355
2026-05-10 14:42:05+00:00,0.355
2026-05-10 14:43:06+00:00,0.355
2026-05-10 14:44:06+00:00,0.355
2026-05-10 14:45:05+00:00,0.355
2026-05-10 14:46:04+00:00,0.355
2026-05-10 14:47:05+00:00,0.355
2026-05-10 14:48:04+00:00,0.355
2026-05-10 14:49:05+00:00,0.355
2026-05-10 14:50:06+00:00,0.355
2026-05-10 14:51:08+00:00,0.355
2026-05-10 14:52:05+00:00,0.355
2026-05-10 14:53:05+00:00,0.355
2026-05-10 14:54:04+00:00,0.355
2026-05-10 14:55:04+00:00,0.355
2026-05-10 14:56:04+00:00,0.355
2026-05-10 14:57:07+00:00,0.355
2026-05-10 14:58:04+00:00,0.355
2026-05-10 14:59:04+00:00,0.355
2026-05-10 15:00:05+00:00,0.355
2026-05-10 15:01:05+00:00,0.355
2026-05-10 15:02:08+00:00,0.355
2026-05-10 15:03:05+00:00,0.355
2026-05-10 15:04:04+00:00,0.355
2026-05-10 15:05:16+00:00,0.355
2026-05-10 15:06:11+00:00,0.355
2026-05-10 15:07:05+00:00,0.355
2026-05-10 15:08:04+00:00,0.355
2026-05-10 15:09:05+00:00,0.355
2026-05-10 15:10:05+00:00,0.355
2026-05-10 15:11:20+00:00,0.355
2026-05-10 15:12:05+00:00,0.355
2026-05-10 15:13:08+00:00,0.355
2026-05-10 15:14:04+00:00,0.355
2026-05-10 15:15:08+00:00,0.355
2026-05-10 15:16:04+00:00,0.355
2026-05-10 15:17:06+00:00,0.355
2026-05-10 15:18:10+00:00,0.355
2026-05-10 15:19:04+00:00,0.355
2026-05-10 15:20:04+00:00,0.355
2026-05-10 15:21:04+00:00,0.355
2026-05-10 15:22:04+00:00,0.355
2026-05-10 15:23:05+00:00,0.355
2026-05-10 15:24:07+00:00,0.355
2026-05-10 15:25:06+00:00,0.355
2026-05-10 15:26:20+00:00,0.355
2026-05-10 15:27:05+00:00,0.355
2026-05-10 15:28:06+00:00,0.355
2026-05-10 15:29:10+00:00,0.355
2026-05-10 15:30:09+00:00,0.355
2026-05-10 15:31:08+00:00,0.355
2026-05-10 15:32:03+00:00,0.355
2026-05-10 15:33:05+00:00,0.355
2026-05-10 15:34:16+00:00,0.355
2026-05-10 15:35:21+00:00,0.355
2026-05-10 15:36:06+00:00,0.355
2026-05-10 15:37:07+00:00,0.355
2026-05-10 15:38:07+00:00,0.355
2026-05-10 15:39:04+00:00,0.355
2026-05-10 15:40:08+00:00,0.355
2026-05-10 15:41:05+00:00,0.355
2026-05-10 15:42:05+00:00,0.355
2026-05-10 15:43:06+00:00,0.355
2026-05-10 15:44:17+00:00,0.355
2026-05-10 15:45:07+00:00,0.355
2026-05-10 15:46:10+00:00,0.355
2026-05-10 15:47:05+00:00,0.355
2026-05-10 15:48:05+00:00,0.355
2026-05-10 15:49:04+00:00,0.355
2026-05-10 15:50:05+00:00,0.355
2026-05-10 15:51:06+00:00,0.355
2026-05-10 15:52:19+00:00,0.355
2026-05-10 15:53:05+00:00,0.355
2026-05-10 15:54:05+00:00,0.355
2026-05-10 15:55:20+00:00,0.355
2026-05-10 15:56:06+00:00,0.355
2026-05-10 15:57:08+00:00,0.355
2026-05-10 15:58:06+00:00,0.355
2026-05-10 15:59:05+00:00,0.355
2026-05-10 16:00:04+00:00,0.355
2026-05-10 16:01:07+00:00,0.355
2026-05-10 16:02:04+00:00,0.355
2026-05-10 16:03:13+00:00,0.355
2026-05-10 16:04:04+00:00,0.355
2026-05-10 16:05:06+00:00,0.355
2026-05-10 16:06:04+00:00,0.355
2026-05-10 16:07:07+00:00,0.355
2026-05-10 16:08:10+00:00,0.355
2026-05-10 16:09:09+00:00,0.355
2026-05-10 16:10:11+00:00,0.355
2026-05-10 16:11:05+00:00,0.355
2026-05-10 16:12:13+00:00,0.355
2026-05-10 16:13:08+00:00,0.355
2026-05-10 16:14:06+00:00,0.355
2026-05-10 16:15:11+00:00,0.355
2026-05-10 16:16:07+00:00,0.355
2026-05-10 16:17:07+00:00,0.355
2026-05-10 16:18:24+00:00,0.355
2026-05-10 16:19:05+00:00,0.355
2026-05-10 16:20:10+00:00,0.355
2026-05-10 16:21:06+00:00,0.355
2026-05-10 16:22:06+00:00,0.355
2026-05-10 16:23:05+00:00,0.355
2026-05-10 16:24:07+00:00,0.355
2026-05-10 16:25:04+00:00,0.355
2026-05-10 16:26:09+00:00,0.355
2026-05-10 16:27:06+00:00,0.355
2026-05-10 16:28:25+00:00,0.355
2026-05-10 16:29:06+00:00,0.355
2026-05-10 16:30:23+00:00,0.355
2026-05-10 16:31:04+00:00,0.355
2026-05-10 16:32:11+00:00,0.355
2026-05-10 16:33:19+00:00,0.355
2026-05-10 16:34:10+00:00,0.355
2026-05-10 16:35:07+00:00,0.355
2026-05-10 16:36:05+00:00,0.355
2026-05-10 16:37:04+00:00,0.355
2026-05-10 16:38:13+00:00,0.355
2026-05-10 16:39:08+00:00,0.355
2026-05-10 16:40:08+00:00,0.355
2026-05-10 16:41:11+00:00,0.355
2026-05-10 16:42:11+00:00,0.355
2026-05-10 16:43:10+00:00,0.355
2026-05-10 16:44:27+00:00,0.355
2026-05-10 16:45:06+00:00,0.355
2026-05-10 16:46:21+00:00,0.355
2026-05-10 16:47:11+00:00,0.355
2026-05-10 16:48:06+00:00,0.355
2026-05-10 16:49:04+00:00,0.355
2026-05-10 16:50:06+00:00,0.355
2026-05-10 16:51:07+00:00,0.355
2026-05-10 16:52:08+00:00,0.355
2026-05-10 16:53:25+00:00,0.355
2026-05-10 16:54:08+00:00,0.355
2026-05-10 16:55:06+00:00,0.355
2026-05-10 16:56:07+00:00,0.355
2026-05-10 16:57:05+00:00,0.355
2026-05-10 16:58:07+00:00,0.355
2026-05-10 16:59:05+00:00,0.355
2026-05-10 17:00:22+00:00,0.355
2026-05-10 17:01:05+00:00,0.355
2026-05-10 17:02:05+00:00,0.355
2026-05-10 17:03:07+00:00,0.355
2026-05-10 17:04:07+00:00,0.355
2026-05-10 17:05:07+00:00,0.355
2026-05-10 17:06:05+00:00,0.355
2026-05-10 17:07:05+00:00,0.355
2026-05-10 17:08:08+00:00,0.355
2026-05-10 17:09:04+00:00,0.355
2026-05-10 17:10:06+00:00,0.355
2026-05-10 17:11:11+00:00,0.355
2026-05-10 17:12:04+00:00,0.355
2026-05-10 17:13:07+00:00,0.355
2026-05-10 17:14:05+00:00,0.355
2026-05-10 17:15:07+00:00,0.355
2026-05-10 17:16:31+00:00,0.355
2026-05-10 17:17:06+00:00,0.355
2026-05-10 17:18:05+00:00,0.355
2026-05-10 17:19:05+00:00,0.355
2026-05-10 17:20:04+00:00,0.355
2026-05-10 17:21:06+00:00,0.355
2026-05-10 17:22:04+00:00,0.355
2026-05-10 17:23:07+00:00,0.355
2026-05-10 17:24:04+00:00,0.355
2026-05-10 17:25:06+00:00,0.355
2026-05-10 17:26:07+00:00,0.355
2026-05-10 17:27:04+00:00,0.355
2026-05-10 17:28:06+00:00,0.355
2026-05-10 17:29:05+00:00,0.355
2026-05-10 17:30:03+00:00,0.355
2026-05-10 17:31:04+00:00,0.355
2026-05-10 17:32:05+00:00,0.355
2026-05-10 17:33:10+00:00,0.355
2026-05-10 17:34:03+00:00,0.355
2026-05-10 17:35:06+00:00,0.355
2026-05-10 17:36:07+00:00,0.355
2026-05-10 17:37:08+00:00,0.355
2026-05-10 17:38:05+00:00,0.355
2026-05-10 17:39:05+00:00,0.355
2026-05-10 17:40:23+00:00,0.355
2026-05-10 17:41:06+00:00,0.355
2026-05-10 17:42:07+00:00,0.355
2026-05-10 17:43:06+00:00,0.355
2026-05-10 17:44:05+00:00,0.355
2026-05-10 17:45:06+00:00,0.355
2026-05-10 17:46:07+00:00,0.355
2026-05-10 17:47:06+00:00,0.355
2026-05-10 17:48:08+00:00,0.355
2026-05-10 17:49:08+00:00,0.355
2026-05-10 17:50:05+00:00,0.355
2026-05-10 17:51:08+00:00,0.355
2026-05-10 17:52:09+00:00,0.355
2026-05-10 17:53:11+00:00,0.355
2026-05-10 17:54:05+00:00,0.355
2026-05-10 17:55:04+00:00,0.355
2026-05-10 17:56:06+00:00,0.355
2026-05-10 17:57:08+00:00,0.355
2026-05-10 17:58:19+00:00,0.355
2026-05-10 17:59:04+00:00,0.355
2026-05-10 18:00:23+00:00,0.355
2026-05-10 18:01:07+00:00,0.355
2026-05-10 18:02:07+00:00,0.355
2026-05-10 18:03:05+00:00,0.355
2026-05-10 18:04:08+00:00,0.355
2026-05-10 18:05:11+00:00,0.355
2026-05-10 18:06:10+00:00,0.355
2026-05-10 18:07:08+00:00,0.355
2026-05-10 18:08:05+00:00,0.355
2026-05-10 18:09:05+00:00,0.355
2026-05-10 18:10:06+00:00,0.355
2026-05-10 18:11:08+00:00,0.355
2026-05-10 18:12:08+00:00,0.355
2026-05-10 18:13:04+00:00,0.355
2026-05-10 18:14:07+00:00,0.355
2026-05-10 18:15:10+00:00,0.355
2026-05-10 18:16:09+00:00,0.355
2026-05-10 18:17:06+00:00,0.355
2026-05-10 18:18:18+00:00,0.355
2026-05-10 18:19:06+00:00,0.355
2026-05-10 18:20:09+00:00,0.355
2026-05-10 18:21:04+00:00,0.355
2026-05-10 18:22:06+00:00,0.355
2026-05-10 18:23:06+00:00,0.355
2026-05-10 18:24:17+00:00,0.355
2026-05-10 18:25:09+00:00,0.355
2026-05-10 18:26:03+00:00,0.355
2026-05-10 18:27:06+00:00,0.355
2026-05-10 18:28:10+00:00,0.355
2026-05-10 18:29:05+00:00,0.355
2026-05-10 18:30:05+00:00,0.355
2026-05-10 18:31:07+00:00,0.355
2026-05-10 18:32:04+00:00,0.355
2026-05-10 18:33:05+00:00,0.355
2026-05-10 18:34:07+00:00,0.355
2026-05-10 18:35:05+00:00,0.355
2026-05-10 18:36:05+00:00,0.355
2026-05-10 18:37:18+00:00,0.355
2026-05-10 18:38:21+00:00,0.355
2026-05-10 18:39:07+00:00,0.355
2026-05-10 18:40:07+00:00,0.355
2026-05-10 18:41:05+00:00,0.355
2026-05-10 18:42:07+00:00,0.355
2026-05-10 18:43:05+00:00,0.355
2026-05-10 18:44:06+00:00,0.355
2026-05-10 18:45:09+00:00,0.355
2026-05-10 18:46:05+00:00,0.355
2026-05-10 18:47:26+00:00,0.355
2026-05-10 18:48:19+00:00,0.355
2026-05-10 18:49:05+00:00,0.355
2026-05-10 18:50:05+00:00,0.355
2026-05-10 18:51:05+00:00,0.355
2026-05-10 18:52:05+00:00,0.355
2026-05-10 18:53:07+00:00,0.355
2026-05-10 18:54:05+00:00,0.355
2026-05-10 18:55:23+00:00,0.355
2026-05-10 18:56:06+00:00,0.355
2026-05-10 18:57:20+00:00,0.355
2026-05-10 18:58:05+00:00,0.355
2026-05-10 18:59:05+00:00,0.355
2026-05-10 19:00:07+00:00,0.355
2026-05-10 19:01:07+00:00,0.355
2026-05-10 19:02:06+00:00,0.355
2026-05-10 19:03:08+00:00,0.355
2026-05-10 19:04:18+00:00,0.355
2026-05-10 19:05:05+00:00,0.355
2026-05-10 19:06:05+00:00,0.355
2026-05-10 19:07:08+00:00,0.355
2026-05-10 19:08:07+00:00,0.355
2026-05-10 19:09:05+00:00,0.355
2026-05-10 19:10:07+00:00,0.355
2026-05-10 19:11:11+00:00,0.355
2026-05-10 19:12:05+00:00,0.355
2026-05-10 19:13:10+00:00,0.355
2026-05-10 19:14:04+00:00,0.355
2026-05-10 19:15:06+00:00,0.355
2026-05-10 19:16:10+00:00,0.355
2026-05-10 19:17:06+00:00,0.355
2026-05-10 19:18:07+00:00,0.355
2026-05-10 19:19:03+00:00,0.355
2026-05-10 19:20:06+00:00,0.355
2026-05-10 19:21:05+00:00,0.355
2026-05-10 19:22:10+00:00,0.355
2026-05-10 19:23:06+00:00,0.355
2026-05-10 19:24:08+00:00,0.355
2026-05-10 19:25:04+00:00,0.355
2026-05-10 19:26:05+00:00,0.355
2026-05-10 19:27:08+00:00,0.355
2026-05-10 19:28:06+00:00,0.355
2026-05-10 19:29:07+00:00,0.355
2026-05-10 19:30:08+00:00,0.355
2026-05-10 19:31:10+00:00,0.355
2026-05-10 19:32:05+00:00,0.355
2026-05-10 19:33:07+00:00,0.355
2026-05-10 19:34:07+00:00,0.355
2026-05-10 19:35:08+00:00,0.355
2026-05-10 19:36:06+00:00,0.355
2026-05-10 19:37:06+00:00,0.355
2026-05-10 19:38:12+00:00,0.355
2026-05-10 19:39:06+00:00,0.355
2026-05-10 19:40:07+00:00,0.355
2026-05-10 19:41:07+00:00,0.355
2026-05-10 19:42:06+00:00,0.355
2026-05-10 19:43:06+00:00,0.355
2026-05-10 19:44:05+00:00,0.355
2026-05-10 19:45:05+00:00,0.355
2026-05-10 19:46:11+00:00,0.355
2026-05-10 19:47:11+00:00,0.355
2026-05-10 19:48:11+00:00,0.355
2026-05-10 19:49:08+00:00,0.355
2026-05-10 19:50:05+00:00,0.355
2026-05-10 19:51:11+00:00,0.355
2026-05-10 19:52:08+00:00,0.355
2026-05-10 19:53:07+00:00,0.355
2026-05-10 19:54:05+00:00,0.355
2026-05-10 19:55:05+00:00,0.355
2026-05-10 19:56:07+00:00,0.355
2026-05-10 19:57:05+00:00,0.355
2026-05-10 19:58:08+00:00,0.355
2026-05-10 19:59:04+00:00,0.355
2026-05-10 20:00:07+00:00,0.355
2026-05-10 20:01:05+00:00,0.355
2026-05-10 20:02:05+00:00,0.355
2026-05-10 20:03:10+00:00,0.355
2026-05-10 20:04:07+00:00,0.355
2026-05-10 20:05:05+00:00,0.355
2026-05-10 20:06:04+00:00,0.355
2026-05-10 20:07:08+00:00,0.355
2026-05-10 20:08:24+00:00,0.355
2026-05-10 20:09:05+00:00,0.355
2026-05-10 20:10:08+00:00,0.355
2026-05-10 20:11:10+00:00,0.355
2026-05-10 20:12:05+00:00,0.355
2026-05-10 20:13:10+00:00,0.355
2026-05-10 20:14:06+00:00,0.355
2026-05-10 20:15:05+00:00,0.355
2026-05-10 20:16:11+00:00,0.355
2026-05-10 20:17:07+00:00,0.355
2026-05-10 20:18:06+00:00,0.355
2026-05-10 20:19:04+00:00,0.355
2026-05-10 20:20:07+00:00,0.355
2026-05-10 20:21:05+00:00,0.355
2026-05-10 20:22:04+00:00,0.355
2026-05-10 20:23:11+00:00,0.355
2026-05-10 20:24:08+00:00,0.355
2026-05-10 20:25:05+00:00,0.355
2026-05-10 20:26:03+00:00,0.355
2026-05-10 20:27:08+00:00,0.355
2026-05-10 20:28:07+00:00,0.355
2026-05-10 20:29:04+00:00,0.355
2026-05-10 20:30:07+00:00,0.355
2026-05-10 20:31:06+00:00,0.355
2026-05-10 20:32:08+00:00,0.355
2026-05-10 20:33:06+00:00,0.355
2026-05-10 20:34:04+00:00,0.355
2026-05-10 20:35:06+00:00,0.355
2026-05-10 20:36:06+00:00,0.355
2026-05-10 20:37:05+00:00,0.355
2026-05-10 20:38:08+00:00,0.355
2026-05-10 20:39:05+00:00,0.355
2026-05-10 20:40:08+00:00,0.355
2026-05-10 20:41:06+00:00,0.355
2026-05-10 20:42:04+00:00,0.355
2026-05-10 20:43:17+00:00,0.355
2026-05-10 20:44:20+00:00,0.355
2026-05-10 20:45:09+00:00,0.355
2026-05-10 20:46:09+00:00,0.355
2026-05-10 20:47:18+00:00,0.355
2026-05-10 20:48:06+00:00,0.355
2026-05-10 20:49:05+00:00,0.355
2026-05-10 20:50:10+00:00,0.355
2026-05-10 20:51:08+00:00,0.355
2026-05-10 20:52:06+00:00,0.355
2026-05-10 20:53:05+00:00,0.355
2026-05-10 20:54:06+00:00,0.355
2026-05-10 20:55:08+00:00,0.355
2026-05-10 20:56:10+00:00,0.355
2026-05-10 20:57:08+00:00,0.355
2026-05-10 20:58:08+00:00,0.355
2026-05-10 20:59:05+00:00,0.355
2026-05-10 21:00:05+00:00,0.355
2026-05-10 21:01:04+00:00,0.355
2026-05-10 21:02:07+00:00,0.355
2026-05-10 21:03:07+00:00,0.355
2026-05-10 21:04:03+00:00,0.355
2026-05-10 21:05:04+00:00,0.355
2026-05-10 21:06:04+00:00,0.355
2026-05-10 21:07:05+00:00,0.355
2026-05-10 21:08:04+00:00,0.355
2026-05-10 21:09:05+00:00,0.355
2026-05-10 21:10:04+00:00,0.355
2026-05-10 21:11:05+00:00,0.355
2026-05-10 21:12:06+00:00,0.355
2026-05-10 21:13:04+00:00,0.355
2026-05-10 21:14:04+00:00,0.355
2026-05-10 21:15:04+00:00,0.355
2026-05-10 21:16:07+00:00,0.355
2026-05-10 21:17:18+00:00,0.355
2026-05-10 21:18:06+00:00,0.355
2026-05-10 21:19:04+00:00,0.355
2026-05-10 21:20:04+00:00,0.355
2026-05-10 21:21:04+00:00,0.355
2026-05-10 21:22:05+00:00,0.355
2026-05-10 21:23:05+00:00,0.355
2026-05-10 21:24:04+00:00,0.355
2026-05-10 21:25:05+00:00,0.355
2026-05-10 21:26:05+00:00,0.355
2026-05-10 21:27:04+00:00,0.355
2026-05-10 21:28:04+00:00,0.355
2026-05-10 21:29:18+00:00,0.355
2026-05-10 21:30:05+00:00,0.355
2026-05-10 21:31:05+00:00,0.355
2026-05-10 21:32:04+00:00,0.355
2026-05-10 21:33:05+00:00,0.355
2026-05-10 21:34:04+00:00,0.355
2026-05-10 21:35:21+00:00,0.355
2026-05-10 21:36:06+00:00,0.355
2026-05-10 21:37:06+00:00,0.355
2026-05-10 21:38:07+00:00,0.355
2026-05-10 21:39:06+00:00,0.355
2026-05-10 21:40:21+00:00,0.355
2026-05-10 21:41:05+00:00,0.355
2026-05-10 21:42:03+00:00,0.355
2026-05-10 21:43:07+00:00,0.355
2026-05-10 21:44:04+00:00,0.355
2026-05-10 21:45:03+00:00,0.355
2026-05-10 21:46:05+00:00,0.355
2026-05-10 21:47:05+00:00,0.355
2026-05-10 21:48:07+00:00,0.355
2026-05-10 21:49:17+00:00,0.355
2026-05-10 21:50:03+00:00,0.355
2026-05-10 21:51:05+00:00,0.355
2026-05-10 21:52:04+00:00,0.355
2026-05-10 21:53:07+00:00,0.355
2026-05-10 21:54:04+00:00,0.355
2026-05-10 21:55:04+00:00,0.355
2026-05-10 21:56:07+00:00,0.355
2026-05-10 21:57:04+00:00,0.355
2026-05-10 21:58:05+00:00,0.355
2026-05-10 21:59:04+00:00,0.355
2026-05-10 22:00:05+00:00,0.355
2026-05-10 22:01:03+00:00,0.355
2026-05-10 22:02:04+00:00,0.355
2026-05-10 22:03:08+00:00,0.355
2026-05-10 22:04:04+00:00,0.355
2026-05-10 22:05:08+00:00,0.355
2026-05-10 22:06:07+00:00,0.355
2026-05-10 22:07:08+00:00,0.355
2026-05-10 22:08:10+00:00,0.355
2026-05-10 22:09:04+00:00,0.355
2026-05-10 22:10:03+00:00,0.355
2026-05-10 22:11:07+00:00,0.355
2026-05-10 22:12:05+00:00,0.355
2026-05-10 22:13:09+00:00,0.355
2026-05-10 22:14:04+00:00,0.355
2026-05-10 22:15:08+00:00,0.355
2026-05-10 22:16:05+00:00,0.355
2026-05-10 22:17:07+00:00,0.355
2026-05-10 22:18:07+00:00,0.355
2026-05-10 22:19:04+00:00,0.355
2026-05-10 22:20:04+00:00,0.355
2026-05-10 22:21:04+00:00,0.355
2026-05-10 22:22:04+00:00,0.355
2026-05-10 22:23:05+00:00,0.355
2026-05-10 22:24:05+00:00,0.355
2026-05-10 22:25:05+00:00,0.355
2026-05-10 22:26:06+00:00,0.355
2026-05-10 22:27:05+00:00,0.355
2026-05-10 22:28:06+00:00,0.355
2026-05-10 22:29:03+00:00,0.355
2026-05-10 22:30:15+00:00,0.355
2026-05-10 22:31:07+00:00,0.355
2026-05-10 22:32:19+00:00,0.355
2026-05-10 22:33:07+00:00,0.355
2026-05-10 22:34:03+00:00,0.355
2026-05-10 22:35:03+00:00,0.355
2026-05-10 22:36:05+00:00,0.355
2026-05-10 22:37:06+00:00,0.355
2026-05-10 22:38:08+00:00,0.355
2026-05-10 22:39:04+00:00,0.355
2026-05-10 22:40:03+00:00,0.355
2026-05-10 22:41:05+00:00,0.355
2026-05-10 22:42:04+00:00,0.355
2026-05-10 22:43:08+00:00,0.355
2026-05-10 22:44:05+00:00,0.355
2026-05-10 22:45:03+00:00,0.355
2026-05-10 22:46:04+00:00,0.355
2026-05-10 22:47:05+00:00,0.355
2026-05-10 22:48:06+00:00,0.355
2026-05-10 22:49:04+00:00,0.355
2026-05-10 22:50:05+00:00,0.355
2026-05-10 22:51:06+00:00,0.355
2026-05-10 22:52:03+00:00,0.355
2026-05-10 22:53:08+00:00,0.355
2026-05-10 22:54:06+00:00,0.355
2026-05-10 22:55:05+00:00,0.355
2026-05-10 22:56:06+00:00,0.355
2026-05-10 22:57:06+00:00,0.355
2026-05-10 22:58:06+00:00,0.355
2026-05-10 22:59:05+00:00,0.355
2026-05-10 23:00:03+00:00,0.355
2026-05-10 23:01:04+00:00,0.355
2026-05-10 23:02:03+00:00,0.355
2026-05-10 23:03:07+00:00,0.355
2026-05-10 23:04:04+00:00,0.355
2026-05-10 23:05:17+00:00,0.355
2026-05-10 23:06:06+00:00,0.355
2026-05-10 23:07:08+00:00,0.355
2026-05-10 23:08:05+00:00,0.355
2026-05-10 23:09:05+00:00,0.355
2026-05-10 23:10:06+00:00,0.355
2026-05-10 23:11:05+00:00,0.355
2026-05-10 23:12:08+00:00,0.355
2026-05-10 23:13:07+00:00,0.355
2026-05-10 23:14:04+00:00,0.355
2026-05-10 23:15:05+00:00,0.355
2026-05-10 23:16:05+00:00,0.355
2026-05-10 23:17:05+00:00,0.355
2026-05-10 23:18:07+00:00,0.355
2026-05-10 23:19:23+00:00,0.355
2026-05-10 23:20:07+00:00,0.355
2026-05-10 23:21:17+00:00,0.355
2026-05-10 23:22:08+00:00,0.355
2026-05-10 23:23:08+00:00,0.355
2026-05-10 23:24:05+00:00,0.355
2026-05-10 23:25:07+00:00,0.355
2026-05-10 23:26:18+00:00,0.355
2026-05-10 23:27:06+00:00,0.355
2026-05-10 23:28:08+00:00,0.355
2026-05-10 23:29:06+00:00,0.355
2026-05-10 23:30:09+00:00,0.355
2026-05-10 23:31:07+00:00,0.355
2026-05-10 23:32:19+00:00,0.355
2026-05-10 23:33:08+00:00,0.355
2026-05-10 23:34:06+00:00,0.355
2026-05-10 23:35:07+00:00,0.355
2026-05-10 23:36:07+00:00,0.355
2026-05-10 23:37:18+00:00,0.355
2026-05-10 23:38:05+00:00,0.355
2026-05-10 23:39:05+00:00,0.355
2026-05-10 23:40:16+00:00,0.355
2026-05-10 23:41:08+00:00,0.355
2026-05-10 23:42:19+00:00,0.355
2026-05-10 23:43:12+00:00,0.355
2026-05-10 23:44:22+00:00,0.355
2026-05-10 23:45:06+00:00,0.325
2026-05-10 23:46:08+00:00,0.325
2026-05-10 23:47:08+00:00,0.305
2026-05-10 23:48:06+00:00,0.325
2026-05-10 23:49:05+00:00,0.325
2026-05-10 23:50:04+00:00,0.345
2026-05-10 23:51:04+00:00,0.355
2026-05-10 23:52:04+00:00,0.325
2026-05-10 23:53:19+00:00,0.325
2026-05-10 23:54:05+00:00,0.305
2026-05-10 23:55:06+00:00,0.315
2026-05-10 23:56:07+00:00,0.315
2026-05-10 23:57:05+00:00,0.295
2026-05-10 23:58:05+00:00,0.295
2026-05-10 23:59:04+00:00,0.305
2026-05-11 00:00:08+00:00,0.335
2026-05-11 00:01:06+00:00,0.335
2026-05-11 00:02:07+00:00,0.325
2026-05-11 00:03:10+00:00,0.325
2026-05-11 00:04:05+00:00,0.365
2026-05-11 00:05:05+00:00,0.365
2026-05-11 00:06:06+00:00,0.365
2026-05-11 00:07:06+00:00,0.365
2026-05-11 00:08:07+00:00,0.415
2026-05-11 00:09:06+00:00,0.445
2026-05-11 00:10:05+00:00,0.395
2026-05-11 00:11:04+00:00,0.405
2026-05-11 00:12:04+00:00,0.425
2026-05-11 00:13:05+00:00,0.425
2026-05-11 00:14:04+00:00,0.435
2026-05-11 00:15:03+00:00,0.435
2026-05-11 00:16:04+00:00,0.425
2026-05-11 00:17:07+00:00,0.445
2026-05-11 00:18:07+00:00,0.445
2026-05-11 00:19:03+00:00,0.445
2026-05-11 00:20:04+00:00,0.405
2026-05-11 00:21:04+00:00,0.395
2026-05-11 00:22:03+00:00,0.415
2026-05-11 00:23:05+00:00,0.475
2026-05-11 00:24:04+00:00,0.545
2026-05-11 00:25:05+00:00,0.665
2026-05-11 00:26:07+00:00,0.695
2026-05-11 00:27:05+00:00,0.625
2026-05-11 00:28:07+00:00,0.635
2026-05-11 00:29:04+00:00,0.645
2026-05-11 00:30:04+00:00,0.685
2026-05-11 00:31:03+00:00,0.715
2026-05-11 00:32:04+00:00,0.755
2026-05-11 00:33:05+00:00,0.775
2026-05-11 00:34:04+00:00,0.785
2026-05-11 00:35:04+00:00,0.73
2026-05-11 00:36:04+00:00,0.745
2026-05-11 00:37:03+00:00,0.765
2026-05-11 00:38:06+00:00,0.755
2026-05-11 00:39:04+00:00,0.745
2026-05-11 00:40:06+00:00,0.745
2026-05-11 00:41:05+00:00,0.745
2026-05-11 00:42:05+00:00,0.765
2026-05-11 00:43:06+00:00,0.735
2026-05-11 00:44:05+00:00,0.725
2026-05-11 00:45:04+00:00,0.705
2026-05-11 00:46:04+00:00,0.685
2026-05-11 00:47:04+00:00,0.705
2026-05-11 00:48:20+00:00,0.705
2026-05-11 00:49:03+00:00,0.715
2026-05-11 00:50:04+00:00,0.705
2026-05-11 00:51:07+00:00,0.685
2026-05-11 00:52:04+00:00,0.665
2026-05-11 00:53:08+00:00,0.665
2026-05-11 00:54:05+00:00,0.665
2026-05-11 00:55:04+00:00,0.665
2026-05-11 00:56:03+00:00,0.665
2026-05-11 00:57:06+00:00,0.665
2026-05-11 00:58:17+00:00,0.665
2026-05-11 00:59:03+00:00,0.665
2026-05-11 01:00:04+00:00,0.665
2026-05-11 01:01:03+00:00,0.665
2026-05-11 01:02:04+00:00,0.665
2026-05-11 01:03:05+00:00,0.665
2026-05-11 01:04:05+00:00,0.665
2026-05-11 01:05:06+00:00,0.665
2026-05-11 01:06:06+00:00,0.665
2026-05-11 01:07:05+00:00,0.665
2026-05-11 01:08:03+00:00,0.665
2026-05-11 01:09:04+00:00,0.655
2026-05-11 01:10:04+00:00,0.595
2026-05-11 01:11:04+00:00,0.645
2026-05-11 01:12:04+00:00,0.595
2026-05-11 01:13:06+00:00,0.565
2026-05-11 01:14:04+00:00,0.595
2026-05-11 01:15:04+00:00,0.595
2026-05-11 01:16:05+00:00,0.565
2026-05-11 01:17:05+00:00,0.545
2026-05-11 01:18:06+00:00,0.555
2026-05-11 01:19:04+00:00,0.555
2026-05-11 01:20:04+00:00,0.565
2026-05-11 01:21:04+00:00,0.535
2026-05-11 01:22:03+00:00,0.465
2026-05-11 01:23:06+00:00,0.425
2026-05-11 01:24:06+00:00,0.385
2026-05-11 01:25:04+00:00,0.395
2026-05-11 01:26:05+00:00,0.435
2026-05-11 01:27:06+00:00,0.425
2026-05-11 01:28:06+00:00,0.375
2026-05-11 01:29:04+00:00,0.485
2026-05-11 01:30:03+00:00,0.485
2026-05-11 01:31:05+00:00,0.485
2026-05-11 01:32:03+00:00,0.485
2026-05-11 01:33:06+00:00,0.495
2026-05-11 01:34:05+00:00,0.565
2026-05-11 01:35:03+00:00,0.495
2026-05-11 01:36:06+00:00,0.455
2026-05-11 01:37:04+00:00,0.465
2026-05-11 01:38:06+00:00,0.465
2026-05-11 01:39:04+00:00,0.395
2026-05-11 01:40:03+00:00,0.44
2026-05-11 01:41:03+00:00,0.395
2026-05-11 01:42:04+00:00,0.355
2026-05-11 01:43:04+00:00,0.34
2026-05-11 01:44:04+00:00,0.255
2026-05-11 01:45:04+00:00,0.255
2026-05-11 01:46:04+00:00,0.255
2026-05-11 01:47:04+00:00,0.25
2026-05-11 01:48:04+00:00,0.235
2026-05-11 01:49:05+00:00,0.4
2026-05-11 01:50:03+00:00,0.395
2026-05-11 01:51:03+00:00,0.385
2026-05-11 01:52:03+00:00,0.395
2026-05-11 01:53:05+00:00,0.395
2026-05-11 01:54:06+00:00,0.255
2026-05-11 01:55:05+00:00,0.345
2026-05-11 01:56:06+00:00,0.425
2026-05-11 01:57:07+00:00,0.435
2026-05-11 01:58:07+00:00,0.435
2026-05-11 01:59:05+00:00,0.445
2026-05-11 02:00:19+00:00,0.455
2026-05-11 02:01:17+00:00,0.515
2026-05-11 02:02:04+00:00,0.585
2026-05-11 02:03:05+00:00,0.575
2026-05-11 02:04:04+00:00,0.575
2026-05-11 02:05:04+00:00,0.615
2026-05-11 02:06:04+00:00,0.705
2026-05-11 02:07:04+00:00,0.905
2026-05-11 02:08:20+00:00,0.955
2026-05-11 02:09:04+00:00,0.935
2026-05-11 02:10:04+00:00,0.915
2026-05-11 02:11:04+00:00,0.965
2026-05-11 02:12:04+00:00,0.965
2026-05-11 02:13:20+00:00,0.995
2026-05-11 02:14:04+00:00,0.995
2026-05-11 02:15:04+00:00,0.985
2026-05-11 02:16:04+00:00,0.9655
2026-05-11 02:17:03+00:00,0.9625
2026-05-11 02:18:05+00:00,0.996
2026-05-11 02:19:03+00:00,0.9945
2026-05-11 02:20:03+00:00,0.9995
2026-05-11 02:21:04+00:00,0.9995
2026-05-11 02:22:03+00:00,0.9995
2026-05-11 02:23:04+00:00,0.9995
2026-05-11 02:24:04+00:00,0.9995
2026-05-11 02:25:03+00:00,0.9995
2026-05-11 02:26:04+00:00,0.9995
2026-05-11 02:27:03+00:00,0.9995
2026-05-11 02:28:06+00:00,0.9995
2026-05-11 02:29:05+00:00,0.9995
2026-05-11 02:30:06+00:00,0.9995
2026-05-11 02:31:03+00:00,0.9995
2026-05-11 02:32:04+00:00,0.9995
2026-05-11 02:33:03+00:00,0.9995
2026-05-11 02:34:04+00:00,0.9995
2026-05-11 02:35:03+00:00,0.9995
2026-05-11 02:36:03+00:00,0.9995
2026-05-11 02:37:17+00:00,0.9995
2026-05-11 02:38:04+00:00,0.9995
2026-05-11 02:39:04+00:00,0.9995
2026-05-11 02:40:05+00:00,0.9995
2026-05-11 02:41:05+00:00,0.9995
2026-05-11 02:42:03+00:00,0.9995
2026-05-11 02:43:05+00:00,0.9995
2026-05-11 02:44:05+00:00,0.9995
2026-05-11 02:45:04+00:00,0.9995
2026-05-11 02:46:03+00:00,0.9995
2026-05-11 02:47:04+00:00,0.9995
2026-05-11 02:48:05+00:00,0.9995
2026-05-11 02:49:04+00:00,0.9995
2026-05-11 02:50:04+00:00,0.9995
2026-05-11 02:51:04+00:00,0.9995
2026-05-11 02:52:03+00:00,0.9995
