timestamp,price
2026-05-20 04:22:06+00:00,0.475
2026-05-20 04:23:07+00:00,0.475
2026-05-20 04:24:04+00:00,0.475
2026-05-20 04:25:06+00:00,0.475
2026-05-20 04:26:05+00:00,0.475
2026-05-20 04:27:04+00:00,0.475
2026-05-20 04:28:05+00:00,0.475
2026-05-20 04:29:05+00:00,0.475
2026-05-20 04:30:07+00:00,0.475
2026-05-20 04:31:05+00:00,0.475
2026-05-20 04:32:06+00:00,0.475
2026-05-20 04:33:04+00:00,0.475
2026-05-20 04:34:05+00:00,0.475
2026-05-20 04:35:05+00:00,0.475
2026-05-20 04:36:05+00:00,0.475
2026-05-20 04:37:06+00:00,0.475
2026-05-20 04:38:05+00:00,0.475
2026-05-20 04:39:05+00:00,0.475
2026-05-20 04:40:05+00:00,0.475
2026-05-20 04:41:05+00:00,0.475
2026-05-20 04:42:08+00:00,0.475
2026-05-20 04:43:05+00:00,0.475
2026-05-20 04:44:05+00:00,0.475
2026-05-20 04:45:08+00:00,0.475
2026-05-20 04:46:06+00:00,0.475
2026-05-20 04:47:04+00:00,0.475
2026-05-20 04:48:05+00:00,0.475
2026-05-20 04:49:04+00:00,0.475
2026-05-20 04:50:06+00:00,0.475
2026-05-20 04:51:04+00:00,0.475
2026-05-20 04:52:05+00:00,0.475
2026-05-20 04:53:05+00:00,0.475
2026-05-20 04:54:21+00:00,0.475
2026-05-20 04:55:08+00:00,0.475
2026-05-20 04:56:05+00:00,0.475
2026-05-20 04:57:05+00:00,0.475
2026-05-20 04:58:05+00:00,0.475
2026-05-20 04:59:04+00:00,0.475
2026-05-20 05:00:10+00:00,0.475
2026-05-20 05:01:05+00:00,0.475
2026-05-20 05:02:06+00:00,0.475
2026-05-20 05:03:05+00:00,0.475
2026-05-20 05:04:04+00:00,0.475
2026-05-20 05:05:20+00:00,0.475
2026-05-20 05:06:15+00:00,0.475
2026-05-20 05:07:04+00:00,0.475
2026-05-20 05:08:08+00:00,0.475
2026-05-20 05:09:04+00:00,0.475
2026-05-20 05:10:09+00:00,0.475
2026-05-20 05:11:07+00:00,0.475
2026-05-20 05:12:05+00:00,0.475
2026-05-20 05:13:05+00:00,0.475
2026-05-20 05:14:05+00:00,0.475
2026-05-20 05:15:09+00:00,0.475
2026-05-20 05:16:05+00:00,0.475
2026-05-20 05:17:04+00:00,0.475
2026-05-20 05:18:05+00:00,0.475
2026-05-20 05:19:04+00:00,0.475
2026-05-20 05:20:05+00:00,0.475
2026-05-20 05:21:04+00:00,0.475
2026-05-20 05:22:04+00:00,0.475
2026-05-20 05:23:05+00:00,0.475
2026-05-20 05:24:05+00:00,0.475
2026-05-20 05:25:16+00:00,0.475
2026-05-20 05:26:04+00:00,0.475
2026-05-20 05:27:05+00:00,0.475
2026-05-20 05:28:04+00:00,0.475
2026-05-20 05:29:04+00:00,0.475
2026-05-20 05:30:07+00:00,0.475
2026-05-20 05:31:18+00:00,0.475
2026-05-20 05:32:04+00:00,0.475
2026-05-20 05:33:05+00:00,0.475
2026-05-20 05:34:05+00:00,0.475
2026-05-20 05:35:07+00:00,0.475
2026-05-20 05:36:18+00:00,0.475
2026-05-20 05:37:17+00:00,0.475
2026-05-20 05:38:04+00:00,0.475
2026-05-20 05:39:05+00:00,0.475
2026-05-20 05:40:06+00:00,0.475
2026-05-20 05:41:16+00:00,0.475
2026-05-20 05:42:04+00:00,0.475
2026-05-20 05:43:04+00:00,0.475
2026-05-20 05:44:05+00:00,0.475
2026-05-20 05:45:04+00:00,0.475
2026-05-20 05:46:05+00:00,0.475
2026-05-20 05:47:04+00:00,0.475
2026-05-20 05:48:05+00:00,0.475
2026-05-20 05:49:04+00:00,0.475
2026-05-20 05:50:05+00:00,0.475
2026-05-20 05:51:04+00:00,0.475
2026-05-20 05:52:05+00:00,0.475
2026-05-20 05:53:05+00:00,0.475
2026-05-20 05:54:05+00:00,0.475
2026-05-20 05:55:04+00:00,0.475
2026-05-20 05:56:17+00:00,0.475
2026-05-20 05:57:05+00:00,0.475
2026-05-20 05:58:05+00:00,0.475
2026-05-20 05:59:06+00:00,0.475
2026-05-20 06:00:12+00:00,0.475
2026-05-20 06:01:04+00:00,0.475
2026-05-20 06:02:04+00:00,0.475
2026-05-20 06:03:04+00:00,0.475
2026-05-20 06:04:05+00:00,0.475
2026-05-20 06:05:06+00:00,0.475
2026-05-20 06:06:04+00:00,0.475
2026-05-20 06:07:05+00:00,0.475
2026-05-20 06:08:05+00:00,0.475
2026-05-20 06:09:05+00:00,0.475
2026-05-20 06:10:05+00:00,0.475
2026-05-20 06:11:04+00:00,0.475
2026-05-20 06:12:04+00:00,0.475
2026-05-20 06:13:04+00:00,0.475
2026-05-20 06:14:05+00:00,0.475
2026-05-20 06:15:04+00:00,0.475
2026-05-20 06:16:04+00:00,0.475
2026-05-20 06:17:04+00:00,0.475
2026-05-20 06:18:05+00:00,0.475
2026-05-20 06:19:04+00:00,0.475
2026-05-20 06:20:05+00:00,0.475
2026-05-20 06:21:05+00:00,0.475
2026-05-20 06:22:05+00:00,0.475
2026-05-20 06:23:04+00:00,0.475
2026-05-20 06:24:05+00:00,0.475
2026-05-20 06:25:09+00:00,0.475
2026-05-20 06:26:05+00:00,0.475
2026-05-20 06:27:05+00:00,0.475
2026-05-20 06:28:05+00:00,0.475
2026-05-20 06:29:04+00:00,0.475
2026-05-20 06:30:06+00:00,0.475
2026-05-20 06:31:04+00:00,0.475
2026-05-20 06:32:04+00:00,0.475
2026-05-20 06:33:04+00:00,0.475
2026-05-20 06:34:05+00:00,0.475
2026-05-20 06:35:10+00:00,0.475
2026-05-20 06:36:05+00:00,0.475
2026-05-20 06:37:05+00:00,0.475
2026-05-20 06:38:18+00:00,0.475
2026-05-20 06:39:04+00:00,0.475
2026-05-20 06:40:09+00:00,0.475
2026-05-20 06:41:04+00:00,0.475
2026-05-20 06:42:04+00:00,0.475
2026-05-20 06:43:04+00:00,0.475
2026-05-20 06:44:05+00:00,0.475
2026-05-20 06:45:04+00:00,0.475
2026-05-20 06:46:04+00:00,0.475
2026-05-20 06:47:05+00:00,0.475
2026-05-20 06:48:05+00:00,0.475
2026-05-20 06:49:04+00:00,0.475
2026-05-20 06:50:07+00:00,0.475
2026-05-20 06:51:06+00:00,0.475
2026-05-20 06:52:05+00:00,0.475
2026-05-20 06:53:05+00:00,0.475
2026-05-20 06:54:04+00:00,0.475
2026-05-20 06:55:04+00:00,0.475
2026-05-20 06:56:04+00:00,0.475
2026-05-20 06:57:05+00:00,0.475
2026-05-20 06:58:05+00:00,0.475
2026-05-20 06:59:04+00:00,0.475
2026-05-20 07:00:06+00:00,0.475
2026-05-20 07:01:07+00:00,0.475
2026-05-20 07:02:04+00:00,0.475
2026-05-20 07:03:06+00:00,0.475
2026-05-20 07:04:05+00:00,0.475
2026-05-20 07:05:05+00:00,0.475
2026-05-20 07:06:04+00:00,0.475
2026-05-20 07:07:04+00:00,0.475
2026-05-20 07:08:05+00:00,0.475
2026-05-20 07:09:05+00:00,0.475
2026-05-20 07:10:04+00:00,0.475
2026-05-20 07:11:04+00:00,0.475
2026-05-20 07:12:04+00:00,0.475
2026-05-20 07:13:17+00:00,0.475
2026-05-20 07:14:05+00:00,0.475
2026-05-20 07:15:06+00:00,0.475
2026-05-20 07:16:10+00:00,0.475
2026-05-20 07:17:04+00:00,0.475
2026-05-20 07:18:05+00:00,0.475
2026-05-20 07:19:04+00:00,0.475
2026-05-20 07:20:06+00:00,0.475
2026-05-20 07:21:04+00:00,0.475
2026-05-20 07:22:04+00:00,0.475
2026-05-20 07:23:04+00:00,0.475
2026-05-20 07:24:05+00:00,0.475
2026-05-20 07:25:07+00:00,0.475
2026-05-20 07:26:04+00:00,0.475
2026-05-20 07:27:07+00:00,0.475
2026-05-20 07:28:05+00:00,0.475
2026-05-20 07:29:03+00:00,0.475
2026-05-20 07:30:07+00:00,0.475
2026-05-20 07:31:04+00:00,0.475
2026-05-20 07:32:04+00:00,0.475
2026-05-20 07:33:04+00:00,0.475
2026-05-20 07:34:05+00:00,0.475
2026-05-20 07:35:05+00:00,0.475
2026-05-20 07:36:11+00:00,0.475
2026-05-20 07:37:04+00:00,0.475
2026-05-20 07:38:05+00:00,0.475
2026-05-20 07:39:05+00:00,0.475
2026-05-20 07:40:06+00:00,0.475
2026-05-20 07:41:09+00:00,0.475
2026-05-20 07:42:04+00:00,0.475
2026-05-20 07:43:04+00:00,0.475
2026-05-20 07:44:05+00:00,0.475
2026-05-20 07:45:06+00:00,0.475
2026-05-20 07:46:04+00:00,0.475
2026-05-20 07:47:04+00:00,0.475
2026-05-20 07:48:06+00:00,0.475
2026-05-20 07:49:04+00:00,0.475
2026-05-20 07:50:05+00:00,0.475
2026-05-20 07:51:04+00:00,0.475
2026-05-20 07:52:04+00:00,0.475
2026-05-20 07:53:04+00:00,0.475
2026-05-20 07:54:05+00:00,0.475
2026-05-20 07:55:05+00:00,0.475
2026-05-20 07:56:14+00:00,0.475
2026-05-20 07:57:04+00:00,0.475
2026-05-20 07:58:06+00:00,0.475
2026-05-20 07:59:05+00:00,0.475
2026-05-20 08:00:09+00:00,0.475
2026-05-20 08:01:05+00:00,0.475
2026-05-20 08:02:04+00:00,0.475
2026-05-20 08:03:04+00:00,0.475
2026-05-20 08:04:04+00:00,0.475
2026-05-20 08:05:04+00:00,0.475
2026-05-20 08:06:05+00:00,0.475
2026-05-20 08:07:22+00:00,0.475
2026-05-20 08:08:05+00:00,0.475
2026-05-20 08:09:05+00:00,0.475
2026-05-20 08:10:07+00:00,0.475
2026-05-20 08:11:07+00:00,0.475
2026-05-20 08:12:05+00:00,0.475
2026-05-20 08:13:05+00:00,0.475
2026-05-20 08:14:04+00:00,0.475
2026-05-20 08:15:04+00:00,0.475
2026-05-20 08:16:06+00:00,0.475
2026-05-20 08:17:04+00:00,0.475
2026-05-20 08:18:05+00:00,0.475
2026-05-20 08:19:04+00:00,0.475
2026-05-20 08:20:05+00:00,0.475
2026-05-20 08:21:05+00:00,0.475
2026-05-20 08:22:06+00:00,0.475
2026-05-20 08:23:04+00:00,0.475
2026-05-20 08:24:05+00:00,0.475
2026-05-20 08:25:04+00:00,0.475
2026-05-20 08:26:04+00:00,0.475
2026-05-20 08:27:04+00:00,0.475
2026-05-20 08:28:05+00:00,0.475
2026-05-20 08:29:04+00:00,0.475
2026-05-20 08:30:07+00:00,0.475
2026-05-20 08:31:06+00:00,0.475
2026-05-20 08:32:04+00:00,0.475
2026-05-20 08:33:08+00:00,0.475
2026-05-20 08:34:05+00:00,0.475
2026-05-20 08:35:06+00:00,0.475
2026-05-20 08:36:05+00:00,0.475
2026-05-20 08:37:04+00:00,0.475
2026-05-20 08:38:21+00:00,0.475
2026-05-20 08:39:06+00:00,0.475
2026-05-20 08:40:06+00:00,0.475
2026-05-20 08:41:19+00:00,0.475
2026-05-20 08:42:04+00:00,0.475
2026-05-20 08:43:07+00:00,0.475
2026-05-20 08:44:19+00:00,0.475
2026-05-20 08:45:04+00:00,0.475
2026-05-20 08:46:04+00:00,0.475
2026-05-20 08:47:04+00:00,0.475
2026-05-20 08:48:06+00:00,0.475
2026-05-20 08:49:05+00:00,0.475
2026-05-20 08:50:06+00:00,0.475
2026-05-20 08:51:04+00:00,0.475
2026-05-20 08:52:07+00:00,0.475
2026-05-20 08:53:06+00:00,0.475
2026-05-20 08:54:05+00:00,0.475
2026-05-20 08:55:06+00:00,0.475
2026-05-20 08:56:04+00:00,0.475
2026-05-20 08:57:05+00:00,0.475
2026-05-20 08:58:05+00:00,0.475
2026-05-20 08:59:05+00:00,0.475
2026-05-20 09:00:10+00:00,0.475
2026-05-20 09:01:05+00:00,0.475
2026-05-20 09:02:03+00:00,0.475
2026-05-20 09:03:06+00:00,0.475
2026-05-20 09:04:04+00:00,0.475
2026-05-20 09:05:05+00:00,0.475
2026-05-20 09:06:04+00:00,0.475
2026-05-20 09:07:04+00:00,0.475
2026-05-20 09:08:05+00:00,0.475
2026-05-20 09:09:05+00:00,0.475
2026-05-20 09:10:05+00:00,0.475
2026-05-20 09:11:04+00:00,0.475
2026-05-20 09:12:05+00:00,0.475
2026-05-20 09:13:05+00:00,0.475
2026-05-20 09:14:05+00:00,0.475
2026-05-20 09:15:05+00:00,0.475
2026-05-20 09:16:05+00:00,0.475
2026-05-20 09:17:04+00:00,0.475
2026-05-20 09:18:08+00:00,0.475
2026-05-20 09:19:04+00:00,0.475
2026-05-20 09:20:17+00:00,0.475
2026-05-20 09:21:05+00:00,0.475
2026-05-20 09:22:03+00:00,0.475
2026-05-20 09:23:05+00:00,0.475
2026-05-20 09:24:05+00:00,0.475
2026-05-20 09:25:07+00:00,0.475
2026-05-20 09:26:04+00:00,0.475
2026-05-20 09:27:06+00:00,0.475
2026-05-20 09:28:05+00:00,0.475
2026-05-20 09:29:17+00:00,0.475
2026-05-20 09:30:07+00:00,0.475
2026-05-20 09:31:04+00:00,0.475
2026-05-20 09:32:04+00:00,0.475
2026-05-20 09:33:04+00:00,0.475
2026-05-20 09:34:05+00:00,0.475
2026-05-20 09:35:04+00:00,0.475
2026-05-20 09:36:04+00:00,0.475
2026-05-20 09:37:04+00:00,0.475
2026-05-20 09:38:18+00:00,0.475
2026-05-20 09:39:04+00:00,0.475
2026-05-20 09:40:04+00:00,0.475
2026-05-20 09:41:04+00:00,0.475
2026-05-20 09:42:06+00:00,0.475
2026-05-20 09:43:20+00:00,0.475
2026-05-20 09:44:07+00:00,0.475
2026-05-20 09:45:05+00:00,0.475
2026-05-20 09:46:09+00:00,0.475
2026-05-20 09:47:04+00:00,0.475
2026-05-20 09:48:07+00:00,0.475
2026-05-20 09:49:04+00:00,0.475
2026-05-20 09:50:06+00:00,0.475
2026-05-20 09:51:04+00:00,0.475
2026-05-20 09:52:16+00:00,0.475
2026-05-20 09:53:04+00:00,0.475
2026-05-20 09:54:05+00:00,0.475
2026-05-20 09:55:05+00:00,0.475
2026-05-20 09:56:05+00:00,0.475
2026-05-20 09:57:04+00:00,0.475
2026-05-20 09:58:05+00:00,0.475
2026-05-20 09:59:05+00:00,0.475
2026-05-20 10:00:11+00:00,0.475
2026-05-20 10:01:06+00:00,0.475
2026-05-20 10:02:06+00:00,0.475
2026-05-20 10:03:07+00:00,0.475
2026-05-20 10:04:06+00:00,0.475
2026-05-20 10:05:18+00:00,0.475
2026-05-20 10:06:05+00:00,0.475
2026-05-20 10:07:05+00:00,0.475
2026-05-20 10:08:05+00:00,0.475
2026-05-20 10:09:05+00:00,0.475
2026-05-20 10:10:05+00:00,0.475
2026-05-20 10:11:05+00:00,0.475
2026-05-20 10:12:08+00:00,0.475
2026-05-20 10:13:05+00:00,0.475
2026-05-20 10:14:05+00:00,0.475
2026-05-20 10:15:05+00:00,0.475
2026-05-20 10:16:06+00:00,0.475
2026-05-20 10:17:22+00:00,0.475
2026-05-20 10:18:05+00:00,0.475
2026-05-20 10:19:04+00:00,0.475
2026-05-20 10:20:09+00:00,0.475
2026-05-20 10:21:04+00:00,0.475
2026-05-20 10:22:04+00:00,0.475
2026-05-20 10:23:05+00:00,0.475
2026-05-20 10:24:04+00:00,0.475
2026-05-20 10:25:05+00:00,0.475
2026-05-20 10:26:20+00:00,0.475
2026-05-20 10:27:05+00:00,0.475
2026-05-20 10:28:05+00:00,0.475
2026-05-20 10:29:04+00:00,0.475
2026-05-20 10:30:07+00:00,0.475
2026-05-20 10:31:04+00:00,0.475
2026-05-20 10:32:04+00:00,0.475
2026-05-20 10:33:06+00:00,0.475
2026-05-20 10:34:05+00:00,0.475
2026-05-20 10:35:05+00:00,0.475
2026-05-20 10:36:06+00:00,0.475
2026-05-20 10:37:04+00:00,0.475
2026-05-20 10:38:05+00:00,0.475
2026-05-20 10:39:04+00:00,0.475
2026-05-20 10:40:05+00:00,0.475
2026-05-20 10:41:05+00:00,0.475
2026-05-20 10:42:05+00:00,0.475
2026-05-20 10:43:04+00:00,0.475
2026-05-20 10:44:05+00:00,0.475
2026-05-20 10:45:07+00:00,0.475
2026-05-20 10:46:07+00:00,0.475
2026-05-20 10:47:05+00:00,0.475
2026-05-20 10:48:05+00:00,0.475
2026-05-20 10:49:05+00:00,0.475
2026-05-20 10:50:08+00:00,0.475
2026-05-20 10:51:04+00:00,0.475
2026-05-20 10:52:04+00:00,0.475
2026-05-20 10:53:04+00:00,0.475
2026-05-20 10:54:04+00:00,0.475
2026-05-20 10:55:07+00:00,0.475
2026-05-20 10:56:05+00:00,0.475
2026-05-20 10:57:05+00:00,0.475
2026-05-20 10:58:06+00:00,0.475
2026-05-20 10:59:06+00:00,0.475
2026-05-20 11:00:09+00:00,0.475
2026-05-20 11:01:20+00:00,0.475
2026-05-20 11:02:05+00:00,0.475
2026-05-20 11:03:11+00:00,0.475
2026-05-20 11:04:07+00:00,0.475
2026-05-20 11:05:20+00:00,0.475
2026-05-20 11:06:18+00:00,0.475
2026-05-20 11:07:04+00:00,0.475
2026-05-20 11:08:06+00:00,0.475
2026-05-20 11:09:04+00:00,0.475
2026-05-20 11:10:04+00:00,0.475
2026-05-20 11:11:19+00:00,0.475
2026-05-20 11:12:04+00:00,0.475
2026-05-20 11:13:04+00:00,0.475
2026-05-20 11:14:05+00:00,0.475
2026-05-20 11:15:22+00:00,0.475
2026-05-20 11:16:04+00:00,0.475
2026-05-20 11:17:07+00:00,0.475
2026-05-20 11:18:07+00:00,0.475
2026-05-20 11:19:08+00:00,0.475
2026-05-20 11:20:08+00:00,0.475
2026-05-20 11:21:06+00:00,0.475
2026-05-20 11:22:06+00:00,0.475
2026-05-20 11:23:04+00:00,0.475
2026-05-20 11:24:04+00:00,0.475
2026-05-20 11:25:06+00:00,0.475
2026-05-20 11:26:21+00:00,0.465
2026-05-20 11:27:04+00:00,0.465
2026-05-20 11:28:20+00:00,0.465
2026-05-20 11:29:07+00:00,0.465
2026-05-20 11:30:13+00:00,0.465
2026-05-20 11:31:06+00:00,0.465
2026-05-20 11:32:07+00:00,0.465
2026-05-20 11:33:06+00:00,0.465
2026-05-20 11:34:09+00:00,0.465
2026-05-20 11:35:06+00:00,0.465
2026-05-20 11:36:07+00:00,0.465
2026-05-20 11:37:04+00:00,0.465
2026-05-20 11:38:05+00:00,0.465
2026-05-20 11:39:04+00:00,0.465
2026-05-20 11:40:06+00:00,0.465
2026-05-20 11:41:04+00:00,0.465
2026-05-20 11:42:04+00:00,0.465
2026-05-20 11:43:06+00:00,0.465
2026-05-20 11:44:05+00:00,0.465
2026-05-20 11:45:08+00:00,0.465
2026-05-20 11:46:05+00:00,0.465
2026-05-20 11:47:07+00:00,0.465
2026-05-20 11:48:05+00:00,0.465
2026-05-20 11:49:05+00:00,0.465
2026-05-20 11:50:06+00:00,0.46
2026-05-20 11:51:06+00:00,0.46
2026-05-20 11:52:08+00:00,0.46
2026-05-20 11:53:06+00:00,0.46
2026-05-20 11:54:06+00:00,0.46
2026-05-20 11:55:11+00:00,0.46
2026-05-20 11:56:04+00:00,0.46
2026-05-20 11:57:06+00:00,0.46
2026-05-20 11:58:05+00:00,0.46
2026-05-20 11:59:05+00:00,0.46
2026-05-20 12:00:18+00:00,0.46
2026-05-20 12:01:04+00:00,0.46
2026-05-20 12:02:04+00:00,0.46
2026-05-20 12:03:08+00:00,0.46
2026-05-20 12:04:08+00:00,0.46
2026-05-20 12:05:11+00:00,0.46
2026-05-20 12:06:04+00:00,0.46
2026-05-20 12:07:05+00:00,0.46
2026-05-20 12:08:09+00:00,0.46
2026-05-20 12:09:07+00:00,0.46
2026-05-20 12:10:07+00:00,0.46
2026-05-20 12:11:06+00:00,0.46
2026-05-20 12:17:53+00:00,0.46
2026-05-20 12:18:05+00:00,0.46
2026-05-20 12:19:05+00:00,0.46
2026-05-20 12:20:06+00:00,0.46
2026-05-20 12:21:05+00:00,0.46
2026-05-20 12:22:05+00:00,0.46
2026-05-20 12:23:05+00:00,0.46
2026-05-20 12:24:06+00:00,0.46
2026-05-20 12:25:11+00:00,0.46
2026-05-20 12:26:08+00:00,0.46
2026-05-20 12:27:05+00:00,0.46
2026-05-20 12:28:06+00:00,0.46
2026-05-20 12:29:07+00:00,0.465
2026-05-20 12:30:09+00:00,0.465
2026-05-20 12:31:06+00:00,0.46
2026-05-20 12:32:05+00:00,0.46
2026-05-20 12:33:08+00:00,0.46
2026-05-20 12:34:04+00:00,0.46
2026-05-20 12:35:05+00:00,0.46
2026-05-20 12:36:19+00:00,0.46
2026-05-20 12:37:05+00:00,0.46
2026-05-20 12:38:05+00:00,0.46
2026-05-20 12:39:07+00:00,0.46
2026-05-20 12:40:07+00:00,0.46
2026-05-20 12:41:05+00:00,0.46
2026-05-20 12:42:06+00:00,0.46
2026-05-20 12:43:06+00:00,0.46
2026-05-20 12:44:05+00:00,0.46
2026-05-20 12:45:06+00:00,0.46
2026-05-20 12:46:05+00:00,0.46
2026-05-20 12:47:05+00:00,0.46
2026-05-20 12:48:04+00:00,0.46
2026-05-20 12:49:06+00:00,0.46
2026-05-20 12:50:06+00:00,0.46
2026-05-20 12:51:05+00:00,0.46
2026-05-20 12:52:08+00:00,0.46
2026-05-20 12:53:04+00:00,0.46
2026-05-20 12:54:05+00:00,0.46
2026-05-20 12:55:05+00:00,0.46
2026-05-20 12:56:04+00:00,0.46
2026-05-20 12:57:06+00:00,0.46
2026-05-20 12:58:08+00:00,0.46
2026-05-20 12:59:06+00:00,0.46
2026-05-20 13:00:10+00:00,0.46
2026-05-20 13:01:05+00:00,0.46
2026-05-20 13:02:05+00:00,0.46
2026-05-20 13:03:06+00:00,0.46
2026-05-20 13:04:06+00:00,0.46
2026-05-20 13:05:07+00:00,0.46
2026-05-20 13:06:04+00:00,0.46
2026-05-20 13:07:05+00:00,0.46
2026-05-20 13:08:19+00:00,0.46
2026-05-20 13:09:05+00:00,0.46
2026-05-20 13:10:06+00:00,0.46
2026-05-20 13:11:07+00:00,0.465
2026-05-20 13:12:04+00:00,0.465
2026-05-20 13:13:06+00:00,0.465
2026-05-20 13:14:04+00:00,0.465
2026-05-20 13:15:08+00:00,0.465
2026-05-20 13:16:04+00:00,0.465
2026-05-20 13:17:06+00:00,0.465
2026-05-20 13:18:05+00:00,0.465
2026-05-20 13:19:05+00:00,0.465
2026-05-20 13:20:05+00:00,0.465
2026-05-20 13:21:05+00:00,0.465
2026-05-20 13:22:04+00:00,0.465
2026-05-20 13:23:05+00:00,0.465
2026-05-20 13:24:09+00:00,0.465
2026-05-20 13:25:09+00:00,0.465
2026-05-20 13:26:07+00:00,0.465
2026-05-20 13:27:04+00:00,0.465
2026-05-20 13:28:05+00:00,0.465
2026-05-20 13:29:07+00:00,0.465
2026-05-20 13:30:24+00:00,0.465
2026-05-20 13:31:07+00:00,0.465
2026-05-20 13:32:05+00:00,0.465
2026-05-20 13:33:07+00:00,0.465
2026-05-20 13:34:04+00:00,0.465
2026-05-20 13:35:05+00:00,0.465
2026-05-20 13:36:08+00:00,0.465
2026-05-20 13:37:05+00:00,0.465
2026-05-20 13:38:06+00:00,0.465
2026-05-20 13:39:05+00:00,0.465
2026-05-20 13:40:19+00:00,0.465
2026-05-20 13:41:08+00:00,0.465
2026-05-20 13:42:06+00:00,0.465
2026-05-20 13:43:05+00:00,0.465
2026-05-20 13:44:06+00:00,0.465
2026-05-20 13:45:08+00:00,0.465
2026-05-20 13:46:08+00:00,0.465
2026-05-20 13:47:06+00:00,0.465
2026-05-20 13:48:07+00:00,0.465
2026-05-20 13:49:03+00:00,0.465
2026-05-20 13:50:10+00:00,0.465
2026-05-20 13:51:05+00:00,0.465
2026-05-20 13:52:05+00:00,0.465
2026-05-20 13:53:07+00:00,0.465
2026-05-20 13:54:07+00:00,0.465
2026-05-20 13:55:06+00:00,0.465
2026-05-20 13:56:19+00:00,0.465
2026-05-20 13:57:07+00:00,0.465
2026-05-20 13:58:05+00:00,0.465
2026-05-20 13:59:04+00:00,0.465
2026-05-20 14:00:10+00:00,0.465
2026-05-20 14:01:05+00:00,0.465
2026-05-20 14:02:04+00:00,0.465
2026-05-20 14:03:05+00:00,0.465
2026-05-20 14:04:06+00:00,0.465
2026-05-20 14:05:06+00:00,0.465
2026-05-20 14:06:04+00:00,0.465
2026-05-20 14:07:04+00:00,0.465
2026-05-20 14:08:07+00:00,0.465
2026-05-20 14:09:06+00:00,0.465
2026-05-20 14:10:07+00:00,0.465
2026-05-20 14:11:09+00:00,0.465
2026-05-20 14:12:06+00:00,0.465
2026-05-20 14:13:06+00:00,0.465
2026-05-20 14:14:04+00:00,0.465
2026-05-20 14:15:07+00:00,0.465
2026-05-20 14:16:09+00:00,0.465
2026-05-20 14:17:06+00:00,0.465
2026-05-20 14:18:05+00:00,0.465
2026-05-20 14:19:04+00:00,0.465
2026-05-20 14:20:07+00:00,0.465
2026-05-20 14:21:08+00:00,0.465
2026-05-20 14:22:07+00:00,0.465
2026-05-20 14:23:06+00:00,0.465
2026-05-20 14:24:09+00:00,0.465
2026-05-20 14:25:21+00:00,0.465
2026-05-20 14:26:08+00:00,0.465
2026-05-20 14:27:06+00:00,0.465
2026-05-20 14:28:06+00:00,0.465
2026-05-20 14:29:04+00:00,0.465
2026-05-20 14:30:09+00:00,0.465
2026-05-20 14:31:07+00:00,0.465
2026-05-20 14:32:06+00:00,0.465
2026-05-20 14:33:05+00:00,0.465
2026-05-20 14:34:16+00:00,0.465
2026-05-20 14:35:06+00:00,0.465
2026-05-20 14:36:06+00:00,0.465
2026-05-20 14:37:06+00:00,0.465
2026-05-20 14:38:06+00:00,0.465
2026-05-20 14:39:11+00:00,0.465
2026-05-20 14:40:06+00:00,0.465
2026-05-20 14:41:05+00:00,0.465
2026-05-20 14:42:07+00:00,0.465
2026-05-20 14:43:07+00:00,0.465
2026-05-20 14:44:05+00:00,0.465
2026-05-20 14:45:08+00:00,0.465
2026-05-20 14:46:05+00:00,0.465
2026-05-20 14:47:06+00:00,0.465
2026-05-20 14:48:06+00:00,0.465
2026-05-20 14:49:04+00:00,0.465
2026-05-20 14:50:08+00:00,0.465
2026-05-20 14:51:06+00:00,0.465
2026-05-20 14:52:06+00:00,0.465
2026-05-20 14:53:06+00:00,0.465
2026-05-20 14:54:06+00:00,0.465
2026-05-20 14:55:05+00:00,0.465
2026-05-20 14:56:05+00:00,0.465
2026-05-20 14:57:06+00:00,0.465
2026-05-20 14:58:05+00:00,0.465
2026-05-20 14:59:09+00:00,0.465
2026-05-20 15:00:10+00:00,0.465
2026-05-20 15:01:05+00:00,0.465
2026-05-20 15:02:04+00:00,0.465
2026-05-20 15:03:07+00:00,0.465
2026-05-20 15:04:09+00:00,0.465
2026-05-20 15:08:45+00:00,0.465
2026-05-20 15:08:52+00:00,0.465
2026-05-20 15:09:04+00:00,0.465
2026-05-20 15:10:05+00:00,0.465
2026-05-20 15:11:05+00:00,0.465
2026-05-20 15:12:04+00:00,0.465
2026-05-20 15:13:15+00:00,0.465
2026-05-20 15:14:04+00:00,0.465
2026-05-20 15:15:07+00:00,0.465
2026-05-20 15:16:07+00:00,0.465
2026-05-20 15:17:05+00:00,0.465
2026-05-20 15:18:06+00:00,0.465
2026-05-20 15:19:05+00:00,0.465
2026-05-20 15:20:07+00:00,0.465
2026-05-20 15:21:05+00:00,0.465
2026-05-20 15:22:07+00:00,0.465
2026-05-20 15:23:06+00:00,0.465
2026-05-20 15:24:05+00:00,0.465
2026-05-20 15:25:04+00:00,0.465
2026-05-20 15:26:06+00:00,0.465
2026-05-20 15:27:05+00:00,0.465
2026-05-20 15:28:06+00:00,0.465
2026-05-20 15:29:06+00:00,0.465
2026-05-20 15:30:09+00:00,0.465
2026-05-20 15:31:07+00:00,0.465
2026-05-20 15:32:07+00:00,0.465
2026-05-20 15:33:07+00:00,0.465
2026-05-20 15:34:09+00:00,0.465
2026-05-20 15:35:07+00:00,0.465
2026-05-20 15:36:04+00:00,0.465
2026-05-20 15:37:04+00:00,0.465
2026-05-20 15:38:04+00:00,0.465
2026-05-20 15:39:05+00:00,0.465
2026-05-20 15:40:07+00:00,0.465
2026-05-20 15:41:06+00:00,0.465
2026-05-20 15:42:08+00:00,0.465
2026-05-20 15:43:05+00:00,0.465
2026-05-20 15:44:16+00:00,0.465
2026-05-20 15:45:05+00:00,0.465
2026-05-20 15:46:06+00:00,0.465
2026-05-20 15:47:05+00:00,0.465
2026-05-20 15:48:07+00:00,0.465
2026-05-20 15:49:05+00:00,0.465
2026-05-20 15:50:07+00:00,0.465
2026-05-20 15:51:18+00:00,0.465
2026-05-20 15:52:04+00:00,0.465
2026-05-20 15:53:10+00:00,0.465
2026-05-20 15:54:06+00:00,0.465
2026-05-20 15:55:07+00:00,0.465
2026-05-20 15:56:06+00:00,0.465
2026-05-20 15:57:05+00:00,0.465
2026-05-20 15:58:06+00:00,0.465
2026-05-20 15:59:06+00:00,0.465
2026-05-20 16:00:09+00:00,0.465
2026-05-20 16:01:07+00:00,0.465
2026-05-20 16:02:06+00:00,0.465
2026-05-20 16:03:06+00:00,0.465
2026-05-20 16:04:08+00:00,0.465
2026-05-20 16:05:06+00:00,0.465
2026-05-20 16:06:08+00:00,0.465
2026-05-20 16:07:05+00:00,0.465
2026-05-20 16:08:07+00:00,0.465
2026-05-20 16:09:05+00:00,0.465
2026-05-20 16:10:05+00:00,0.465
2026-05-20 16:11:07+00:00,0.465
2026-05-20 16:12:07+00:00,0.465
2026-05-20 16:13:06+00:00,0.465
2026-05-20 16:14:07+00:00,0.465
2026-05-20 16:15:22+00:00,0.465
2026-05-20 16:16:05+00:00,0.465
2026-05-20 16:17:17+00:00,0.465
2026-05-20 16:18:07+00:00,0.465
2026-05-20 16:19:08+00:00,0.465
2026-05-20 16:20:08+00:00,0.465
2026-05-20 16:21:05+00:00,0.465
2026-05-20 16:22:05+00:00,0.465
2026-05-20 16:23:06+00:00,0.465
2026-05-20 16:24:07+00:00,0.465
2026-05-20 16:25:07+00:00,0.465
2026-05-20 16:26:06+00:00,0.465
2026-05-20 16:27:07+00:00,0.465
2026-05-20 16:28:07+00:00,0.465
2026-05-20 16:29:05+00:00,0.465
2026-05-20 16:30:10+00:00,0.465
2026-05-20 16:31:07+00:00,0.465
2026-05-20 16:32:05+00:00,0.465
2026-05-20 16:33:08+00:00,0.465
2026-05-20 16:34:05+00:00,0.465
2026-05-20 16:35:07+00:00,0.465
2026-05-20 16:36:05+00:00,0.465
2026-05-20 16:37:07+00:00,0.465
2026-05-20 16:38:06+00:00,0.465
2026-05-20 16:39:05+00:00,0.465
2026-05-20 16:40:07+00:00,0.465
2026-05-20 16:41:05+00:00,0.465
2026-05-20 16:42:06+00:00,0.465
2026-05-20 16:43:05+00:00,0.465
2026-05-20 16:44:06+00:00,0.465
2026-05-20 16:45:11+00:00,0.465
2026-05-20 16:46:06+00:00,0.465
2026-05-20 16:47:04+00:00,0.465
2026-05-20 16:48:20+00:00,0.465
2026-05-20 16:49:08+00:00,0.465
2026-05-20 16:50:06+00:00,0.465
2026-05-20 16:51:05+00:00,0.465
2026-05-20 16:52:05+00:00,0.465
2026-05-20 16:53:07+00:00,0.465
2026-05-20 16:54:06+00:00,0.465
2026-05-20 16:55:07+00:00,0.465
2026-05-20 16:56:05+00:00,0.465
2026-05-20 16:57:05+00:00,0.465
2026-05-20 16:58:07+00:00,0.465
2026-05-20 16:59:06+00:00,0.465
2026-05-20 17:00:07+00:00,0.465
2026-05-20 17:01:05+00:00,0.465
2026-05-20 17:02:05+00:00,0.465
2026-05-20 17:03:05+00:00,0.465
2026-05-20 17:04:07+00:00,0.465
2026-05-20 17:05:07+00:00,0.465
2026-05-20 17:06:07+00:00,0.465
2026-05-20 17:07:10+00:00,0.465
2026-05-20 17:08:07+00:00,0.465
2026-05-20 17:09:05+00:00,0.465
2026-05-20 17:10:06+00:00,0.465
2026-05-20 17:11:09+00:00,0.465
2026-05-20 17:12:07+00:00,0.465
2026-05-20 17:13:22+00:00,0.465
2026-05-20 17:14:05+00:00,0.465
2026-05-20 17:15:09+00:00,0.465
2026-05-20 17:16:07+00:00,0.465
2026-05-20 17:17:07+00:00,0.465
2026-05-20 17:18:07+00:00,0.465
2026-05-20 17:19:06+00:00,0.465
2026-05-20 17:20:05+00:00,0.465
2026-05-20 17:21:05+00:00,0.465
2026-05-20 17:22:05+00:00,0.465
2026-05-20 17:23:08+00:00,0.465
2026-05-20 17:24:06+00:00,0.465
2026-05-20 17:25:07+00:00,0.465
2026-05-20 17:26:06+00:00,0.465
2026-05-20 17:27:09+00:00,0.465
2026-05-20 17:28:20+00:00,0.465
2026-05-20 17:29:06+00:00,0.465
2026-05-20 17:30:09+00:00,0.465
2026-05-20 17:31:09+00:00,0.465
2026-05-20 17:32:08+00:00,0.465
2026-05-20 17:33:05+00:00,0.465
2026-05-20 17:34:04+00:00,0.465
2026-05-20 17:35:08+00:00,0.465
2026-05-20 17:36:06+00:00,0.465
2026-05-20 17:37:08+00:00,0.465
2026-05-20 17:38:07+00:00,0.465
2026-05-20 17:39:05+00:00,0.465
2026-05-20 17:40:08+00:00,0.465
2026-05-20 17:41:09+00:00,0.465
2026-05-20 17:42:08+00:00,0.465
2026-05-20 17:43:06+00:00,0.465
2026-05-20 17:44:04+00:00,0.465
2026-05-20 17:45:20+00:00,0.465
2026-05-20 17:46:04+00:00,0.465
2026-05-20 17:47:05+00:00,0.465
2026-05-20 17:48:08+00:00,0.465
2026-05-20 17:49:04+00:00,0.465
2026-05-20 17:50:04+00:00,0.465
2026-05-20 17:51:05+00:00,0.465
2026-05-20 17:52:06+00:00,0.465
2026-05-20 17:53:05+00:00,0.465
2026-05-20 17:54:05+00:00,0.465
2026-05-20 17:55:07+00:00,0.465
2026-05-20 17:56:05+00:00,0.465
2026-05-20 17:57:06+00:00,0.465
2026-05-20 17:58:06+00:00,0.465
2026-05-20 17:59:06+00:00,0.465
2026-05-20 18:00:13+00:00,0.465
2026-05-20 18:01:07+00:00,0.465
2026-05-20 18:02:06+00:00,0.465
2026-05-20 18:03:10+00:00,0.465
2026-05-20 18:04:06+00:00,0.465
2026-05-20 18:05:07+00:00,0.465
2026-05-20 18:06:05+00:00,0.465
2026-05-20 18:07:05+00:00,0.465
2026-05-20 18:08:09+00:00,0.465
2026-05-20 18:09:06+00:00,0.465
2026-05-20 18:10:08+00:00,0.465
2026-05-20 18:11:05+00:00,0.465
2026-05-20 18:12:06+00:00,0.465
2026-05-20 18:13:08+00:00,0.465
2026-05-20 18:14:05+00:00,0.465
2026-05-20 18:15:06+00:00,0.465
2026-05-20 18:16:06+00:00,0.465
2026-05-20 18:17:05+00:00,0.465
2026-05-20 18:18:06+00:00,0.465
2026-05-20 18:19:04+00:00,0.465
2026-05-20 18:20:04+00:00,0.465
2026-05-20 18:21:05+00:00,0.465
2026-05-20 18:22:05+00:00,0.465
2026-05-20 18:23:05+00:00,0.465
2026-05-20 18:24:05+00:00,0.465
2026-05-20 18:25:08+00:00,0.465
2026-05-20 18:26:07+00:00,0.465
2026-05-20 18:27:04+00:00,0.465
2026-05-20 18:28:07+00:00,0.465
2026-05-20 18:29:05+00:00,0.465
2026-05-20 18:30:08+00:00,0.465
2026-05-20 18:31:06+00:00,0.465
2026-05-20 18:32:07+00:00,0.465
2026-05-20 18:33:07+00:00,0.465
2026-05-20 18:34:05+00:00,0.465
2026-05-20 18:35:05+00:00,0.465
2026-05-20 18:36:04+00:00,0.465
2026-05-20 18:37:04+00:00,0.465
2026-05-20 18:38:05+00:00,0.465
2026-05-20 18:39:05+00:00,0.465
2026-05-20 18:40:05+00:00,0.465
2026-05-20 18:41:07+00:00,0.465
2026-05-20 18:42:05+00:00,0.465
2026-05-20 18:43:06+00:00,0.465
2026-05-20 18:44:06+00:00,0.465
2026-05-20 18:45:06+00:00,0.465
2026-05-20 18:46:06+00:00,0.465
2026-05-20 18:47:04+00:00,0.465
2026-05-20 18:48:05+00:00,0.465
2026-05-20 18:49:05+00:00,0.465
2026-05-20 18:50:05+00:00,0.465
2026-05-20 18:51:05+00:00,0.465
2026-05-20 18:52:07+00:00,0.465
2026-05-20 18:53:05+00:00,0.465
2026-05-20 18:54:06+00:00,0.465
2026-05-20 18:55:06+00:00,0.465
2026-05-20 18:56:04+00:00,0.465
2026-05-20 18:57:05+00:00,0.465
2026-05-20 18:58:05+00:00,0.465
2026-05-20 18:59:04+00:00,0.465
2026-05-20 19:00:08+00:00,0.465
2026-05-20 19:01:06+00:00,0.465
2026-05-20 19:02:05+00:00,0.465
2026-05-20 19:03:07+00:00,0.465
2026-05-20 19:04:06+00:00,0.465
2026-05-20 19:05:07+00:00,0.465
2026-05-20 19:06:06+00:00,0.465
2026-05-20 19:07:05+00:00,0.465
2026-05-20 19:08:05+00:00,0.465
2026-05-20 19:09:07+00:00,0.465
2026-05-20 19:10:07+00:00,0.465
2026-05-20 19:11:07+00:00,0.465
2026-05-20 19:12:06+00:00,0.465
2026-05-20 19:13:06+00:00,0.465
2026-05-20 19:14:05+00:00,0.465
2026-05-20 19:15:08+00:00,0.465
2026-05-20 19:16:05+00:00,0.465
2026-05-20 19:17:05+00:00,0.465
2026-05-20 19:18:09+00:00,0.465
2026-05-20 19:19:06+00:00,0.465
2026-05-20 19:20:10+00:00,0.465
2026-05-20 19:21:05+00:00,0.465
2026-05-20 19:22:05+00:00,0.465
2026-05-20 19:23:06+00:00,0.465
2026-05-20 19:24:04+00:00,0.465
2026-05-20 19:25:05+00:00,0.465
2026-05-20 19:26:04+00:00,0.465
2026-05-20 19:27:04+00:00,0.465
2026-05-20 19:28:05+00:00,0.465
2026-05-20 19:29:04+00:00,0.465
2026-05-20 19:30:06+00:00,0.465
2026-05-20 19:31:07+00:00,0.465
2026-05-20 19:32:04+00:00,0.465
2026-05-20 19:33:07+00:00,0.47
2026-05-20 19:34:05+00:00,0.47
2026-05-20 19:35:06+00:00,0.47
2026-05-20 19:36:04+00:00,0.47
2026-05-20 19:37:04+00:00,0.47
2026-05-20 19:38:08+00:00,0.47
2026-05-20 19:39:08+00:00,0.47
2026-05-20 19:40:06+00:00,0.47
2026-05-20 19:41:04+00:00,0.47
2026-05-20 19:42:04+00:00,0.47
2026-05-20 19:43:06+00:00,0.47
2026-05-20 19:44:09+00:00,0.47
2026-05-20 19:45:07+00:00,0.47
2026-05-20 19:46:06+00:00,0.47
2026-05-20 19:47:07+00:00,0.47
2026-05-20 19:48:05+00:00,0.47
2026-05-20 19:49:07+00:00,0.47
2026-05-20 19:50:20+00:00,0.47
2026-05-20 19:51:06+00:00,0.47
2026-05-20 19:52:06+00:00,0.47
2026-05-20 19:53:08+00:00,0.47
2026-05-20 19:54:09+00:00,0.47
2026-05-20 19:55:07+00:00,0.47
2026-05-20 19:56:07+00:00,0.47
2026-05-20 19:57:06+00:00,0.47
2026-05-20 19:58:07+00:00,0.47
2026-05-20 19:59:07+00:00,0.47
2026-05-20 20:00:09+00:00,0.47
2026-05-20 20:01:05+00:00,0.47
2026-05-20 20:02:05+00:00,0.47
2026-05-20 20:03:07+00:00,0.47
2026-05-20 20:04:05+00:00,0.47
2026-05-20 20:05:06+00:00,0.47
2026-05-20 20:06:05+00:00,0.47
2026-05-20 20:07:18+00:00,0.47
2026-05-20 20:08:07+00:00,0.47
2026-05-20 20:09:05+00:00,0.47
2026-05-20 20:10:10+00:00,0.47
2026-05-20 20:11:06+00:00,0.47
2026-05-20 20:12:05+00:00,0.47
2026-05-20 20:13:05+00:00,0.47
2026-05-20 20:14:04+00:00,0.47
2026-05-20 20:15:08+00:00,0.47
2026-05-20 20:16:05+00:00,0.47
2026-05-20 20:17:08+00:00,0.47
2026-05-20 20:18:05+00:00,0.47
2026-05-20 20:19:05+00:00,0.47
2026-05-20 20:20:06+00:00,0.47
2026-05-20 20:21:05+00:00,0.47
2026-05-20 20:22:06+00:00,0.47
2026-05-20 20:23:06+00:00,0.47
2026-05-20 20:24:07+00:00,0.47
2026-05-20 20:25:05+00:00,0.47
2026-05-20 20:26:05+00:00,0.47
2026-05-20 20:27:07+00:00,0.47
2026-05-20 20:28:06+00:00,0.47
2026-05-20 20:29:06+00:00,0.47
2026-05-20 20:30:11+00:00,0.47
2026-05-20 20:31:04+00:00,0.47
2026-05-20 20:32:04+00:00,0.47
2026-05-20 20:33:06+00:00,0.47
2026-05-20 20:34:05+00:00,0.47
2026-05-20 20:35:06+00:00,0.47
2026-05-20 20:36:17+00:00,0.47
2026-05-20 20:37:06+00:00,0.47
2026-05-20 20:38:05+00:00,0.47
2026-05-20 20:39:07+00:00,0.47
2026-05-20 20:40:07+00:00,0.47
2026-05-20 20:41:16+00:00,0.47
2026-05-20 20:42:06+00:00,0.47
2026-05-20 20:43:05+00:00,0.47
2026-05-20 20:44:05+00:00,0.47
2026-05-20 20:45:04+00:00,0.47
2026-05-20 20:46:09+00:00,0.47
2026-05-20 20:47:07+00:00,0.47
2026-05-20 20:48:05+00:00,0.47
2026-05-20 20:49:05+00:00,0.47
2026-05-20 20:50:07+00:00,0.47
2026-05-20 20:51:06+00:00,0.47
2026-05-20 20:52:05+00:00,0.47
2026-05-20 20:53:06+00:00,0.47
2026-05-20 20:54:05+00:00,0.47
2026-05-20 20:55:06+00:00,0.47
2026-05-20 20:56:08+00:00,0.47
2026-05-20 20:57:05+00:00,0.47
2026-05-20 20:58:05+00:00,0.47
2026-05-20 20:59:05+00:00,0.47
2026-05-20 21:00:13+00:00,0.47
2026-05-20 21:01:05+00:00,0.47
2026-05-20 21:02:04+00:00,0.47
2026-05-20 21:03:05+00:00,0.475
2026-05-20 21:04:05+00:00,0.475
2026-05-20 21:05:12+00:00,0.475
2026-05-20 21:06:05+00:00,0.475
2026-05-20 21:07:05+00:00,0.475
2026-05-20 21:08:05+00:00,0.475
2026-05-20 21:09:07+00:00,0.475
2026-05-20 21:10:06+00:00,0.475
2026-05-20 21:11:05+00:00,0.475
2026-05-20 21:12:05+00:00,0.475
2026-05-20 21:13:08+00:00,0.475
2026-05-20 21:14:06+00:00,0.475
2026-05-20 21:15:05+00:00,0.475
2026-05-20 21:16:04+00:00,0.475
2026-05-20 21:17:05+00:00,0.475
2026-05-20 21:18:08+00:00,0.475
2026-05-20 21:19:04+00:00,0.475
2026-05-20 21:20:06+00:00,0.475
2026-05-20 21:21:05+00:00,0.475
2026-05-20 21:22:07+00:00,0.475
2026-05-20 21:23:07+00:00,0.475
2026-05-20 21:24:05+00:00,0.475
2026-05-20 21:25:08+00:00,0.475
2026-05-20 21:26:04+00:00,0.475
2026-05-20 21:27:04+00:00,0.475
2026-05-20 21:28:05+00:00,0.475
2026-05-20 21:29:04+00:00,0.475
2026-05-20 21:30:08+00:00,0.475
2026-05-20 21:31:04+00:00,0.475
2026-05-20 21:32:06+00:00,0.475
2026-05-20 21:33:04+00:00,0.475
2026-05-20 21:34:05+00:00,0.475
2026-05-20 21:35:06+00:00,0.475
2026-05-20 21:36:04+00:00,0.475
2026-05-20 21:37:04+00:00,0.475
2026-05-20 21:38:08+00:00,0.475
2026-05-20 21:39:05+00:00,0.475
2026-05-20 21:40:05+00:00,0.475
2026-05-20 21:41:16+00:00,0.475
2026-05-20 21:42:05+00:00,0.475
2026-05-20 21:43:07+00:00,0.475
2026-05-20 21:44:05+00:00,0.475
2026-05-20 21:45:05+00:00,0.475
2026-05-20 21:46:10+00:00,0.475
2026-05-20 21:47:06+00:00,0.475
2026-05-20 21:48:08+00:00,0.475
2026-05-20 21:49:07+00:00,0.475
2026-05-20 21:50:20+00:00,0.475
2026-05-20 21:51:04+00:00,0.475
2026-05-20 21:52:05+00:00,0.475
2026-05-20 21:53:07+00:00,0.475
2026-05-20 21:54:05+00:00,0.475
2026-05-20 21:55:04+00:00,0.475
2026-05-20 21:56:09+00:00,0.475
2026-05-20 21:57:06+00:00,0.475
2026-05-20 21:58:05+00:00,0.475
2026-05-20 21:59:06+00:00,0.475
2026-05-20 22:00:22+00:00,0.475
2026-05-20 22:01:07+00:00,0.475
2026-05-20 22:02:08+00:00,0.475
2026-05-20 22:03:07+00:00,0.475
2026-05-20 22:04:06+00:00,0.475
2026-05-20 22:05:07+00:00,0.475
2026-05-20 22:06:08+00:00,0.475
2026-05-20 22:07:08+00:00,0.475
2026-05-20 22:08:20+00:00,0.475
2026-05-20 22:09:05+00:00,0.475
2026-05-20 22:10:08+00:00,0.475
2026-05-20 22:11:07+00:00,0.475
2026-05-20 22:12:23+00:00,0.475
2026-05-20 22:13:07+00:00,0.475
2026-05-20 22:14:09+00:00,0.475
2026-05-20 22:15:06+00:00,0.475
2026-05-20 22:16:08+00:00,0.475
2026-05-20 22:17:07+00:00,0.475
2026-05-20 22:18:05+00:00,0.475
2026-05-20 22:19:07+00:00,0.475
2026-05-20 22:20:09+00:00,0.475
2026-05-20 22:21:07+00:00,0.475
2026-05-20 22:22:07+00:00,0.475
2026-05-20 22:23:18+00:00,0.475
2026-05-20 22:24:09+00:00,0.475
2026-05-20 22:25:18+00:00,0.475
2026-05-20 22:26:06+00:00,0.475
2026-05-20 22:27:05+00:00,0.475
2026-05-20 22:28:07+00:00,0.475
2026-05-20 22:29:05+00:00,0.475
2026-05-20 22:30:08+00:00,0.475
2026-05-20 22:31:05+00:00,0.475
2026-05-20 22:32:08+00:00,0.475
2026-05-20 22:33:07+00:00,0.475
2026-05-20 22:34:09+00:00,0.475
2026-05-20 22:35:05+00:00,0.475
2026-05-20 22:36:17+00:00,0.475
2026-05-20 22:37:08+00:00,0.475
2026-05-20 22:38:06+00:00,0.475
2026-05-20 22:39:05+00:00,0.475
2026-05-20 22:40:11+00:00,0.475
2026-05-20 22:41:19+00:00,0.475
2026-05-20 22:42:07+00:00,0.475
2026-05-20 22:43:06+00:00,0.475
2026-05-20 22:44:06+00:00,0.475
2026-05-20 22:45:05+00:00,0.475
2026-05-20 22:46:07+00:00,0.475
2026-05-20 22:47:06+00:00,0.475
2026-05-20 22:48:05+00:00,0.475
2026-05-20 22:49:07+00:00,0.475
2026-05-20 22:50:07+00:00,0.475
2026-05-20 22:51:18+00:00,0.475
2026-05-20 22:52:07+00:00,0.475
2026-05-20 22:53:07+00:00,0.475
2026-05-20 22:54:06+00:00,0.475
2026-05-20 22:55:06+00:00,0.475
2026-05-20 22:56:06+00:00,0.475
2026-05-20 22:57:06+00:00,0.475
2026-05-20 22:58:05+00:00,0.475
2026-05-20 22:59:07+00:00,0.475
2026-05-20 23:00:21+00:00,0.475
2026-05-20 23:01:09+00:00,0.475
2026-05-20 23:02:05+00:00,0.475
2026-05-20 23:03:05+00:00,0.475
2026-05-20 23:04:06+00:00,0.475
2026-05-20 23:05:16+00:00,0.475
2026-05-20 23:06:11+00:00,0.475
2026-05-20 23:07:04+00:00,0.475
2026-05-20 23:08:08+00:00,0.475
2026-05-20 23:09:09+00:00,0.475
2026-05-20 23:10:08+00:00,0.475
2026-05-20 23:11:06+00:00,0.475
2026-05-20 23:12:05+00:00,0.475
2026-05-20 23:13:08+00:00,0.475
2026-05-20 23:14:04+00:00,0.475
2026-05-20 23:15:07+00:00,0.475
2026-05-20 23:16:06+00:00,0.475
2026-05-20 23:17:04+00:00,0.475
2026-05-20 23:18:06+00:00,0.475
2026-05-20 23:19:16+00:00,0.475
2026-05-20 23:20:07+00:00,0.475
2026-05-20 23:21:04+00:00,0.475
2026-05-20 23:22:06+00:00,0.475
2026-05-20 23:23:07+00:00,0.475
2026-05-20 23:24:05+00:00,0.475
2026-05-20 23:25:06+00:00,0.475
2026-05-20 23:26:17+00:00,0.475
2026-05-20 23:27:04+00:00,0.475
2026-05-20 23:28:07+00:00,0.475
2026-05-20 23:29:04+00:00,0.475
2026-05-20 23:30:07+00:00,0.475
2026-05-20 23:31:07+00:00,0.475
2026-05-20 23:32:10+00:00,0.475
2026-05-20 23:33:05+00:00,0.475
2026-05-20 23:34:04+00:00,0.475
2026-05-20 23:35:05+00:00,0.475
2026-05-20 23:36:07+00:00,0.475
2026-05-20 23:37:04+00:00,0.475
2026-05-20 23:38:07+00:00,0.475
2026-05-20 23:39:06+00:00,0.475
2026-05-20 23:40:07+00:00,0.475
2026-05-20 23:41:04+00:00,0.475
2026-05-20 23:42:07+00:00,0.475
2026-05-20 23:43:20+00:00,0.475
2026-05-20 23:44:05+00:00,0.475
2026-05-20 23:45:09+00:00,0.475
2026-05-20 23:46:21+00:00,0.475
2026-05-20 23:47:07+00:00,0.475
2026-05-20 23:48:05+00:00,0.475
2026-05-20 23:49:05+00:00,0.475
2026-05-20 23:50:05+00:00,0.475
2026-05-20 23:51:07+00:00,0.475
2026-05-20 23:52:04+00:00,0.475
2026-05-20 23:53:06+00:00,0.475
2026-05-20 23:54:06+00:00,0.475
2026-05-20 23:55:07+00:00,0.475
2026-05-20 23:56:04+00:00,0.475
2026-05-20 23:57:06+00:00,0.475
2026-05-20 23:58:20+00:00,0.475
2026-05-20 23:59:06+00:00,0.475
2026-05-21 00:00:16+00:00,0.475
2026-05-21 00:01:06+00:00,0.475
2026-05-21 00:02:06+00:00,0.475
2026-05-21 00:03:08+00:00,0.475
2026-05-21 00:04:08+00:00,0.475
2026-05-21 00:05:06+00:00,0.475
2026-05-21 00:06:04+00:00,0.475
2026-05-21 00:07:08+00:00,0.475
2026-05-21 00:08:05+00:00,0.475
2026-05-21 00:09:04+00:00,0.475
2026-05-21 00:10:07+00:00,0.475
2026-05-21 00:11:05+00:00,0.475
2026-05-21 00:12:07+00:00,0.475
2026-05-21 00:13:07+00:00,0.475
2026-05-21 00:14:04+00:00,0.475
2026-05-21 00:15:08+00:00,0.475
2026-05-21 00:16:07+00:00,0.475
2026-05-21 00:17:07+00:00,0.475
2026-05-21 00:18:08+00:00,0.475
2026-05-21 00:19:06+00:00,0.475
2026-05-21 00:20:05+00:00,0.475
2026-05-21 00:21:05+00:00,0.475
2026-05-21 00:22:04+00:00,0.475
2026-05-21 00:23:07+00:00,0.475
2026-05-21 00:24:04+00:00,0.475
2026-05-21 00:25:08+00:00,0.475
2026-05-21 00:26:06+00:00,0.475
2026-05-21 00:27:06+00:00,0.475
2026-05-21 00:28:05+00:00,0.475
2026-05-21 00:29:04+00:00,0.475
2026-05-21 00:30:09+00:00,0.475
2026-05-21 00:31:08+00:00,0.475
2026-05-21 00:32:07+00:00,0.475
2026-05-21 00:33:07+00:00,0.48
2026-05-21 00:34:07+00:00,0.485
2026-05-21 00:35:07+00:00,0.485
2026-05-21 00:36:06+00:00,0.485
2026-05-21 00:37:07+00:00,0.485
2026-05-21 00:38:22+00:00,0.485
2026-05-21 00:39:06+00:00,0.485
2026-05-21 00:40:07+00:00,0.485
2026-05-21 00:41:07+00:00,0.485
2026-05-21 00:42:07+00:00,0.485
2026-05-21 00:43:07+00:00,0.485
2026-05-21 00:44:06+00:00,0.485
2026-05-21 00:45:05+00:00,0.485
2026-05-21 00:46:06+00:00,0.485
2026-05-21 00:47:06+00:00,0.485
2026-05-21 00:48:06+00:00,0.485
2026-05-21 00:49:05+00:00,0.48
2026-05-21 00:50:07+00:00,0.48
2026-05-21 00:51:18+00:00,0.48
2026-05-21 00:52:07+00:00,0.48
2026-05-21 00:53:06+00:00,0.48
2026-05-21 00:54:07+00:00,0.48
2026-05-21 00:55:05+00:00,0.49
2026-05-21 00:56:06+00:00,0.485
2026-05-21 00:57:06+00:00,0.485
2026-05-21 00:58:06+00:00,0.48
2026-05-21 00:59:04+00:00,0.485
2026-05-21 01:00:09+00:00,0.485
2026-05-21 01:01:09+00:00,0.48
2026-05-21 01:02:10+00:00,0.48
2026-05-21 01:03:08+00:00,0.48
2026-05-21 01:04:08+00:00,0.48
2026-05-21 01:05:05+00:00,0.48
2026-05-21 01:06:08+00:00,0.48
2026-05-21 01:07:04+00:00,0.48
2026-05-21 01:08:11+00:00,0.48
2026-05-21 01:09:05+00:00,0.48
2026-05-21 01:10:08+00:00,0.48
2026-05-21 01:11:08+00:00,0.48
2026-05-21 01:12:07+00:00,0.48
2026-05-21 01:13:07+00:00,0.48
2026-05-21 01:14:06+00:00,0.48
2026-05-21 01:15:08+00:00,0.48
2026-05-21 01:16:06+00:00,0.48
2026-05-21 01:17:08+00:00,0.48
2026-05-21 01:18:22+00:00,0.48
2026-05-21 01:19:07+00:00,0.48
2026-05-21 01:20:06+00:00,0.48
2026-05-21 01:21:06+00:00,0.48
2026-05-21 01:22:05+00:00,0.48
2026-05-21 01:23:05+00:00,0.48
2026-05-21 01:24:05+00:00,0.485
2026-05-21 01:25:05+00:00,0.485
2026-05-21 01:26:05+00:00,0.485
2026-05-21 01:27:04+00:00,0.485
2026-05-21 01:28:05+00:00,0.485
2026-05-21 01:29:03+00:00,0.485
2026-05-21 01:30:10+00:00,0.485
2026-05-21 01:31:08+00:00,0.485
2026-05-21 01:32:04+00:00,0.485
2026-05-21 01:33:08+00:00,0.485
2026-05-21 01:34:17+00:00,0.485
2026-05-21 01:35:08+00:00,0.485
2026-05-21 01:36:05+00:00,0.485
2026-05-21 01:37:04+00:00,0.485
2026-05-21 01:38:08+00:00,0.485
2026-05-21 01:39:07+00:00,0.485
2026-05-21 01:40:06+00:00,0.485
2026-05-21 01:41:07+00:00,0.485
2026-05-21 01:42:07+00:00,0.485
2026-05-21 01:43:08+00:00,0.485
2026-05-21 01:44:05+00:00,0.485
2026-05-21 01:45:05+00:00,0.485
2026-05-21 01:46:04+00:00,0.485
2026-05-21 01:47:04+00:00,0.485
2026-05-21 01:48:06+00:00,0.485
2026-05-21 01:49:05+00:00,0.485
2026-05-21 01:50:05+00:00,0.485
2026-05-21 01:51:04+00:00,0.485
2026-05-21 01:52:04+00:00,0.485
2026-05-21 01:53:05+00:00,0.485
2026-05-21 01:54:05+00:00,0.485
2026-05-21 01:55:07+00:00,0.485
2026-05-21 01:56:07+00:00,0.485
2026-05-21 01:57:07+00:00,0.485
2026-05-21 01:58:06+00:00,0.485
2026-05-21 01:59:04+00:00,0.485
2026-05-21 02:00:05+00:00,0.485
2026-05-21 02:01:05+00:00,0.475
2026-05-21 02:02:05+00:00,0.475
2026-05-21 02:03:06+00:00,0.47
2026-05-21 02:04:04+00:00,0.47
2026-05-21 02:05:04+00:00,0.47
2026-05-21 02:06:04+00:00,0.465
2026-05-21 02:07:06+00:00,0.465
2026-05-21 02:08:09+00:00,0.465
2026-05-21 02:09:07+00:00,0.465
2026-05-21 02:10:07+00:00,0.465
2026-05-21 02:11:07+00:00,0.465
2026-05-21 02:12:07+00:00,0.465
2026-05-21 02:13:08+00:00,0.465
2026-05-21 02:14:06+00:00,0.465
2026-05-21 02:15:07+00:00,0.465
2026-05-21 02:16:07+00:00,0.465
2026-05-21 02:17:06+00:00,0.465
2026-05-21 02:18:07+00:00,0.465
2026-05-21 02:19:06+00:00,0.465
2026-05-21 02:20:04+00:00,0.465
2026-05-21 02:21:05+00:00,0.465
2026-05-21 02:22:09+00:00,0.46
2026-05-21 02:23:05+00:00,0.445
2026-05-21 02:24:06+00:00,0.445
2026-05-21 02:25:06+00:00,0.455
2026-05-21 02:26:06+00:00,0.455
2026-05-21 02:27:19+00:00,0.455
2026-05-21 02:28:07+00:00,0.46
2026-05-21 02:29:06+00:00,0.46
2026-05-21 02:30:22+00:00,0.46
2026-05-21 02:31:05+00:00,0.46
2026-05-21 02:32:04+00:00,0.46
2026-05-21 02:33:05+00:00,0.46
2026-05-21 02:34:06+00:00,0.46
2026-05-21 02:35:07+00:00,0.46
2026-05-21 02:36:07+00:00,0.46
2026-05-21 02:37:05+00:00,0.46
2026-05-21 02:38:06+00:00,0.46
2026-05-21 02:39:07+00:00,0.46
2026-05-21 02:40:19+00:00,0.46
2026-05-21 02:41:08+00:00,0.465
2026-05-21 02:42:08+00:00,0.465
2026-05-21 02:43:07+00:00,0.465
2026-05-21 02:44:04+00:00,0.47
2026-05-21 02:45:07+00:00,0.475
2026-05-21 02:46:05+00:00,0.475
2026-05-21 02:47:06+00:00,0.475
2026-05-21 02:48:06+00:00,0.47
2026-05-21 02:49:04+00:00,0.465
2026-05-21 02:50:04+00:00,0.465
2026-05-21 02:51:05+00:00,0.465
2026-05-21 02:52:04+00:00,0.47
2026-05-21 02:53:05+00:00,0.475
2026-05-21 02:54:05+00:00,0.475
2026-05-21 02:55:07+00:00,0.475
2026-05-21 02:56:10+00:00,0.475
2026-05-21 02:57:07+00:00,0.475
2026-05-21 02:58:08+00:00,0.475
2026-05-21 02:59:07+00:00,0.475
2026-05-21 03:00:13+00:00,0.475
2026-05-21 03:01:08+00:00,0.475
2026-05-21 03:02:06+00:00,0.465
2026-05-21 03:03:08+00:00,0.465
2026-05-21 03:04:17+00:00,0.465
2026-05-21 03:05:07+00:00,0.465
2026-05-21 03:06:07+00:00,0.46
2026-05-21 03:07:06+00:00,0.46
2026-05-21 03:08:10+00:00,0.47
2026-05-21 03:09:05+00:00,0.475
2026-05-21 03:10:05+00:00,0.485
2026-05-21 03:11:04+00:00,0.485
2026-05-21 03:12:04+00:00,0.485
2026-05-21 03:13:05+00:00,0.485
2026-05-21 03:14:05+00:00,0.485
2026-05-21 03:15:04+00:00,0.485
2026-05-21 03:16:05+00:00,0.485
2026-05-21 03:17:05+00:00,0.475
2026-05-21 03:18:05+00:00,0.475
2026-05-21 03:19:05+00:00,0.475
2026-05-21 03:20:05+00:00,0.475
2026-05-21 03:21:04+00:00,0.475
2026-05-21 03:22:07+00:00,0.475
2026-05-21 03:23:03+00:00,0.475
2026-05-21 03:24:04+00:00,0.475
2026-05-21 03:25:18+00:00,0.475
2026-05-21 03:26:05+00:00,0.475
2026-05-21 03:27:18+00:00,0.475
2026-05-21 03:28:05+00:00,0.475
2026-05-21 03:29:04+00:00,0.475
2026-05-21 03:30:07+00:00,0.475
2026-05-21 03:31:04+00:00,0.475
2026-05-21 03:32:04+00:00,0.475
2026-05-21 03:33:05+00:00,0.475
2026-05-21 03:34:06+00:00,0.475
2026-05-21 03:35:06+00:00,0.475
2026-05-21 03:36:09+00:00,0.475
2026-05-21 03:37:04+00:00,0.475
2026-05-21 03:38:05+00:00,0.475
2026-05-21 03:39:04+00:00,0.475
2026-05-21 03:40:05+00:00,0.475
2026-05-21 03:41:04+00:00,0.475
2026-05-21 03:42:05+00:00,0.475
2026-05-21 03:43:06+00:00,0.475
2026-05-21 03:44:06+00:00,0.475
2026-05-21 03:45:05+00:00,0.475
2026-05-21 03:46:05+00:00,0.475
2026-05-21 03:47:06+00:00,0.475
2026-05-21 03:48:06+00:00,0.475
2026-05-21 03:49:06+00:00,0.475
2026-05-21 03:50:07+00:00,0.475
2026-05-21 03:51:07+00:00,0.475
2026-05-21 03:52:06+00:00,0.475
2026-05-21 03:53:07+00:00,0.475
2026-05-21 03:54:04+00:00,0.475
2026-05-21 03:55:06+00:00,0.475
2026-05-21 03:56:05+00:00,0.475
2026-05-21 03:57:22+00:00,0.465
2026-05-21 03:58:04+00:00,0.465
2026-05-21 03:59:04+00:00,0.465
2026-05-21 04:00:08+00:00,0.465
2026-05-21 04:01:21+00:00,0.465
2026-05-21 04:02:11+00:00,0.465
2026-05-21 04:03:05+00:00,0.465
2026-05-21 04:04:04+00:00,0.465
2026-05-21 04:05:08+00:00,0.465
2026-05-21 04:06:06+00:00,0.465
2026-05-21 04:07:08+00:00,0.455
2026-05-21 04:08:05+00:00,0.455
2026-05-21 04:09:04+00:00,0.455
2026-05-21 04:10:09+00:00,0.455
2026-05-21 04:11:04+00:00,0.455
2026-05-21 04:12:16+00:00,0.455
2026-05-21 04:13:07+00:00,0.455
2026-05-21 04:14:06+00:00,0.455
2026-05-21 04:15:06+00:00,0.455
2026-05-21 04:16:07+00:00,0.455
2026-05-21 04:17:04+00:00,0.455
2026-05-21 04:18:15+00:00,0.455
2026-05-21 04:19:07+00:00,0.455
2026-05-21 04:20:05+00:00,0.455
2026-05-21 04:21:05+00:00,0.455
2026-05-21 04:22:09+00:00,0.455
2026-05-21 04:23:04+00:00,0.455
2026-05-21 04:24:04+00:00,0.455
2026-05-21 04:25:05+00:00,0.455
2026-05-21 04:26:03+00:00,0.455
2026-05-21 04:27:05+00:00,0.455
2026-05-21 04:28:05+00:00,0.455
2026-05-21 04:29:05+00:00,0.455
2026-05-21 04:30:05+00:00,0.455
2026-05-21 04:31:04+00:00,0.455
2026-05-21 04:32:07+00:00,0.455
2026-05-21 04:33:14+00:00,0.455
2026-05-21 04:34:05+00:00,0.455
2026-05-21 04:35:04+00:00,0.455
2026-05-21 04:36:05+00:00,0.455
2026-05-21 04:37:04+00:00,0.455
2026-05-21 04:38:05+00:00,0.455
2026-05-21 04:39:05+00:00,0.455
2026-05-21 04:40:06+00:00,0.455
2026-05-21 04:41:05+00:00,0.455
2026-05-21 04:42:05+00:00,0.455
2026-05-21 04:43:04+00:00,0.455
2026-05-21 04:44:05+00:00,0.455
2026-05-21 04:45:06+00:00,0.455
2026-05-21 04:46:07+00:00,0.455
2026-05-21 04:47:05+00:00,0.455
2026-05-21 04:48:10+00:00,0.455
2026-05-21 04:49:04+00:00,0.455
2026-05-21 04:50:06+00:00,0.455
2026-05-21 04:51:06+00:00,0.455
2026-05-21 04:52:05+00:00,0.455
2026-05-21 04:53:06+00:00,0.455
2026-05-21 04:54:06+00:00,0.455
2026-05-21 04:55:05+00:00,0.455
2026-05-21 04:56:07+00:00,0.455
2026-05-21 04:57:04+00:00,0.455
2026-05-21 04:58:05+00:00,0.455
2026-05-21 04:59:17+00:00,0.455
2026-05-21 05:00:09+00:00,0.455
2026-05-21 05:01:06+00:00,0.455
2026-05-21 05:02:04+00:00,0.455
2026-05-21 05:03:05+00:00,0.455
2026-05-21 05:04:04+00:00,0.455
2026-05-21 05:05:04+00:00,0.455
2026-05-21 05:06:04+00:00,0.455
2026-05-21 05:07:05+00:00,0.455
2026-05-21 05:08:04+00:00,0.455
2026-05-21 05:09:04+00:00,0.455
2026-05-21 05:10:04+00:00,0.455
2026-05-21 05:11:04+00:00,0.455
2026-05-21 05:12:03+00:00,0.455
2026-05-21 05:13:04+00:00,0.455
2026-05-21 05:14:07+00:00,0.455
2026-05-21 05:15:07+00:00,0.455
2026-05-21 05:16:07+00:00,0.455
2026-05-21 05:17:04+00:00,0.455
2026-05-21 05:18:05+00:00,0.455
2026-05-21 05:19:04+00:00,0.455
2026-05-21 05:20:04+00:00,0.455
2026-05-21 05:21:06+00:00,0.445
2026-05-21 05:22:04+00:00,0.445
2026-05-21 05:23:04+00:00,0.445
2026-05-21 05:24:18+00:00,0.445
2026-05-21 05:25:07+00:00,0.445
2026-05-21 05:26:04+00:00,0.445
2026-05-21 05:27:06+00:00,0.445
2026-05-21 05:28:04+00:00,0.445
2026-05-21 05:29:04+00:00,0.445
2026-05-21 05:30:07+00:00,0.445
2026-05-21 05:31:08+00:00,0.445
2026-05-21 05:32:04+00:00,0.445
2026-05-21 05:33:04+00:00,0.445
2026-05-21 05:34:05+00:00,0.445
2026-05-21 05:35:05+00:00,0.445
2026-05-21 05:36:05+00:00,0.445
2026-05-21 05:37:04+00:00,0.445
2026-05-21 05:38:04+00:00,0.445
2026-05-21 05:39:05+00:00,0.445
2026-05-21 05:40:05+00:00,0.445
2026-05-21 05:41:05+00:00,0.445
2026-05-21 05:42:04+00:00,0.445
2026-05-21 05:43:04+00:00,0.445
2026-05-21 05:44:04+00:00,0.445
2026-05-21 05:45:07+00:00,0.445
2026-05-21 05:46:04+00:00,0.445
2026-05-21 05:47:04+00:00,0.445
2026-05-21 05:48:06+00:00,0.445
2026-05-21 05:49:07+00:00,0.445
2026-05-21 05:50:05+00:00,0.445
2026-05-21 05:51:07+00:00,0.445
2026-05-21 05:52:04+00:00,0.445
2026-05-21 05:53:07+00:00,0.445
2026-05-21 05:54:05+00:00,0.445
2026-05-21 05:55:04+00:00,0.445
2026-05-21 05:56:04+00:00,0.445
2026-05-21 05:57:04+00:00,0.445
2026-05-21 05:58:06+00:00,0.445
2026-05-21 05:59:05+00:00,0.445
2026-05-21 06:00:14+00:00,0.445
2026-05-21 06:01:18+00:00,0.445
2026-05-21 06:02:05+00:00,0.445
2026-05-21 06:03:05+00:00,0.445
2026-05-21 06:04:05+00:00,0.445
2026-05-21 06:05:07+00:00,0.445
2026-05-21 06:06:04+00:00,0.445
2026-05-21 06:07:04+00:00,0.445
2026-05-21 06:08:06+00:00,0.445
2026-05-21 06:09:04+00:00,0.445
2026-05-21 06:10:05+00:00,0.445
2026-05-21 06:11:05+00:00,0.445
2026-05-21 06:12:04+00:00,0.445
2026-05-21 06:13:05+00:00,0.445
2026-05-21 06:14:05+00:00,0.445
2026-05-21 06:15:05+00:00,0.445
2026-05-21 06:16:04+00:00,0.445
2026-05-21 06:17:08+00:00,0.445
2026-05-21 06:18:05+00:00,0.445
2026-05-21 06:19:03+00:00,0.445
2026-05-21 06:20:07+00:00,0.445
2026-05-21 06:21:04+00:00,0.445
2026-05-21 06:22:04+00:00,0.445
2026-05-21 06:23:05+00:00,0.445
2026-05-21 06:24:04+00:00,0.445
2026-05-21 06:25:04+00:00,0.445
2026-05-21 06:26:05+00:00,0.445
2026-05-21 06:27:07+00:00,0.445
2026-05-21 06:28:04+00:00,0.445
2026-05-21 06:29:04+00:00,0.445
2026-05-21 06:30:09+00:00,0.445
2026-05-21 06:31:04+00:00,0.445
2026-05-21 06:32:04+00:00,0.445
2026-05-21 06:33:04+00:00,0.445
2026-05-21 06:34:08+00:00,0.445
2026-05-21 06:35:06+00:00,0.445
2026-05-21 06:36:04+00:00,0.445
2026-05-21 06:37:04+00:00,0.445
2026-05-21 06:38:07+00:00,0.445
2026-05-21 06:39:05+00:00,0.445
2026-05-21 06:40:04+00:00,0.445
2026-05-21 06:41:04+00:00,0.445
2026-05-21 06:42:04+00:00,0.445
2026-05-21 06:43:05+00:00,0.445
2026-05-21 06:44:04+00:00,0.445
2026-05-21 06:45:06+00:00,0.445
2026-05-21 06:46:06+00:00,0.445
2026-05-21 06:47:20+00:00,0.445
2026-05-21 06:48:05+00:00,0.445
2026-05-21 06:49:04+00:00,0.445
2026-05-21 06:50:05+00:00,0.445
2026-05-21 06:51:04+00:00,0.445
2026-05-21 06:52:04+00:00,0.445
2026-05-21 06:53:18+00:00,0.445
2026-05-21 06:54:05+00:00,0.445
2026-05-21 06:55:07+00:00,0.445
2026-05-21 06:56:06+00:00,0.445
2026-05-21 06:57:04+00:00,0.445
2026-05-21 06:58:05+00:00,0.445
2026-05-21 06:59:05+00:00,0.445
2026-05-21 07:00:13+00:00,0.445
2026-05-21 07:01:04+00:00,0.445
2026-05-21 07:02:05+00:00,0.445
2026-05-21 07:03:19+00:00,0.445
2026-05-21 07:04:04+00:00,0.445
2026-05-21 07:05:06+00:00,0.445
2026-05-21 07:06:05+00:00,0.445
2026-05-21 07:07:04+00:00,0.445
2026-05-21 07:08:06+00:00,0.445
2026-05-21 07:09:04+00:00,0.445
2026-05-21 07:10:07+00:00,0.445
2026-05-21 07:11:06+00:00,0.445
2026-05-21 07:12:04+00:00,0.445
2026-05-21 07:13:03+00:00,0.445
2026-05-21 07:14:04+00:00,0.445
2026-05-21 07:15:05+00:00,0.445
2026-05-21 07:16:07+00:00,0.445
2026-05-21 07:17:04+00:00,0.445
2026-05-21 07:18:04+00:00,0.445
2026-05-21 07:19:04+00:00,0.445
2026-05-21 07:20:05+00:00,0.445
2026-05-21 07:21:04+00:00,0.445
2026-05-21 07:22:05+00:00,0.445
2026-05-21 07:23:05+00:00,0.445
2026-05-21 07:24:04+00:00,0.445
2026-05-21 07:25:06+00:00,0.445
2026-05-21 07:26:06+00:00,0.445
2026-05-21 07:27:04+00:00,0.445
2026-05-21 07:28:05+00:00,0.445
2026-05-21 07:29:03+00:00,0.445
2026-05-21 07:30:05+00:00,0.445
2026-05-21 07:31:03+00:00,0.445
2026-05-21 07:32:03+00:00,0.445
2026-05-21 07:33:06+00:00,0.445
2026-05-21 07:34:08+00:00,0.445
2026-05-21 07:35:04+00:00,0.445
2026-05-21 07:36:04+00:00,0.445
2026-05-21 07:37:04+00:00,0.445
2026-05-21 07:38:05+00:00,0.445
2026-05-21 07:39:05+00:00,0.445
2026-05-21 07:40:05+00:00,0.445
2026-05-21 07:41:06+00:00,0.445
2026-05-21 07:42:04+00:00,0.445
2026-05-21 07:43:05+00:00,0.445
2026-05-21 07:44:04+00:00,0.445
2026-05-21 07:45:04+00:00,0.445
2026-05-21 07:46:05+00:00,0.445
2026-05-21 07:47:05+00:00,0.445
2026-05-21 07:48:04+00:00,0.445
2026-05-21 07:49:04+00:00,0.445
2026-05-21 07:50:04+00:00,0.445
2026-05-21 07:51:04+00:00,0.445
2026-05-21 07:52:04+00:00,0.445
2026-05-21 07:53:05+00:00,0.445
2026-05-21 07:54:05+00:00,0.445
2026-05-21 07:55:05+00:00,0.445
2026-05-21 07:56:04+00:00,0.445
2026-05-21 07:57:05+00:00,0.445
2026-05-21 07:58:05+00:00,0.445
2026-05-21 07:59:05+00:00,0.445
2026-05-21 08:00:09+00:00,0.445
2026-05-21 08:01:03+00:00,0.445
2026-05-21 08:02:05+00:00,0.445
2026-05-21 08:03:05+00:00,0.445
2026-05-21 08:04:04+00:00,0.445
2026-05-21 08:05:04+00:00,0.445
2026-05-21 08:06:03+00:00,0.445
2026-05-21 08:07:07+00:00,0.445
2026-05-21 08:08:04+00:00,0.445
2026-05-21 08:09:04+00:00,0.445
2026-05-21 08:10:08+00:00,0.445
2026-05-21 08:11:03+00:00,0.445
2026-05-21 08:12:04+00:00,0.445
2026-05-21 08:13:04+00:00,0.445
2026-05-21 08:14:04+00:00,0.445
2026-05-21 08:15:04+00:00,0.445
2026-05-21 08:16:06+00:00,0.445
2026-05-21 08:17:06+00:00,0.445
2026-05-21 08:18:18+00:00,0.445
2026-05-21 08:19:04+00:00,0.445
2026-05-21 08:20:04+00:00,0.445
2026-05-21 08:21:05+00:00,0.445
2026-05-21 08:22:04+00:00,0.445
2026-05-21 08:23:05+00:00,0.445
2026-05-21 08:24:05+00:00,0.445
2026-05-21 08:25:05+00:00,0.445
2026-05-21 08:26:07+00:00,0.445
2026-05-21 08:27:05+00:00,0.445
2026-05-21 08:28:05+00:00,0.445
2026-05-21 08:29:04+00:00,0.445
2026-05-21 08:30:05+00:00,0.445
2026-05-21 08:31:19+00:00,0.445
2026-05-21 08:32:03+00:00,0.445
2026-05-21 08:33:04+00:00,0.445
2026-05-21 08:34:05+00:00,0.445
2026-05-21 08:35:04+00:00,0.445
2026-05-21 08:36:04+00:00,0.445
2026-05-21 08:37:03+00:00,0.445
2026-05-21 08:38:06+00:00,0.445
2026-05-21 08:39:05+00:00,0.445
2026-05-21 08:40:05+00:00,0.445
2026-05-21 08:41:04+00:00,0.445
2026-05-21 08:42:04+00:00,0.445
2026-05-21 08:43:07+00:00,0.445
2026-05-21 08:44:04+00:00,0.445
2026-05-21 08:45:06+00:00,0.445
2026-05-21 08:46:06+00:00,0.445
2026-05-21 08:47:05+00:00,0.445
2026-05-21 08:48:05+00:00,0.445
2026-05-21 08:49:04+00:00,0.445
2026-05-21 08:50:04+00:00,0.445
2026-05-21 08:51:03+00:00,0.445
2026-05-21 08:52:04+00:00,0.445
2026-05-21 08:53:05+00:00,0.445
2026-05-21 08:54:06+00:00,0.445
2026-05-21 08:55:04+00:00,0.445
2026-05-21 08:56:04+00:00,0.445
2026-05-21 08:57:04+00:00,0.445
2026-05-21 08:58:04+00:00,0.445
2026-05-21 08:59:19+00:00,0.445
2026-05-21 09:00:20+00:00,0.445
2026-05-21 09:01:06+00:00,0.445
2026-05-21 09:02:04+00:00,0.445
2026-05-21 09:03:06+00:00,0.445
2026-05-21 09:04:03+00:00,0.445
2026-05-21 09:05:05+00:00,0.445
2026-05-21 09:06:06+00:00,0.445
2026-05-21 09:07:04+00:00,0.445
2026-05-21 09:08:06+00:00,0.445
2026-05-21 09:09:07+00:00,0.445
2026-05-21 09:10:07+00:00,0.445
2026-05-21 09:11:19+00:00,0.445
2026-05-21 09:12:19+00:00,0.445
2026-05-21 09:13:05+00:00,0.445
2026-05-21 09:14:05+00:00,0.445
2026-05-21 09:15:07+00:00,0.445
2026-05-21 09:16:03+00:00,0.445
2026-05-21 09:17:05+00:00,0.445
2026-05-21 09:18:04+00:00,0.445
2026-05-21 09:19:05+00:00,0.445
2026-05-21 09:20:04+00:00,0.445
2026-05-21 09:21:07+00:00,0.445
2026-05-21 09:22:04+00:00,0.445
2026-05-21 09:23:06+00:00,0.445
2026-05-21 09:24:05+00:00,0.445
2026-05-21 09:25:05+00:00,0.445
2026-05-21 09:26:07+00:00,0.445
2026-05-21 09:27:05+00:00,0.445
2026-05-21 09:28:09+00:00,0.445
2026-05-21 09:29:05+00:00,0.445
2026-05-21 09:30:08+00:00,0.445
2026-05-21 09:31:06+00:00,0.445
2026-05-21 09:32:05+00:00,0.445
2026-05-21 09:33:06+00:00,0.445
2026-05-21 09:34:05+00:00,0.445
2026-05-21 09:35:08+00:00,0.445
2026-05-21 09:36:05+00:00,0.445
2026-05-21 09:37:05+00:00,0.445
2026-05-21 09:38:06+00:00,0.445
2026-05-21 09:39:04+00:00,0.445
2026-05-21 09:40:04+00:00,0.445
2026-05-21 09:41:03+00:00,0.445
2026-05-21 09:42:10+00:00,0.445
2026-05-21 09:43:15+00:00,0.445
2026-05-21 09:44:05+00:00,0.445
2026-05-21 09:45:04+00:00,0.445
2026-05-21 09:46:06+00:00,0.445
2026-05-21 09:47:06+00:00,0.445
2026-05-21 09:48:05+00:00,0.445
2026-05-21 09:49:04+00:00,0.445
2026-05-21 09:50:22+00:00,0.445
2026-05-21 09:51:05+00:00,0.445
2026-05-21 09:52:05+00:00,0.445
2026-05-21 09:53:04+00:00,0.445
2026-05-21 09:54:05+00:00,0.445
2026-05-21 09:55:05+00:00,0.445
2026-05-21 09:56:04+00:00,0.445
2026-05-21 09:57:17+00:00,0.445
2026-05-21 09:58:05+00:00,0.445
2026-05-21 09:59:04+00:00,0.445
2026-05-21 10:00:06+00:00,0.445
2026-05-21 10:01:08+00:00,0.445
2026-05-21 10:02:04+00:00,0.445
2026-05-21 10:03:06+00:00,0.445
2026-05-21 10:04:06+00:00,0.445
2026-05-21 10:05:05+00:00,0.445
2026-05-21 10:06:06+00:00,0.445
2026-05-21 10:07:06+00:00,0.445
2026-05-21 10:08:07+00:00,0.445
2026-05-21 10:09:04+00:00,0.445
2026-05-21 10:10:08+00:00,0.445
2026-05-21 10:11:05+00:00,0.445
2026-05-21 10:12:06+00:00,0.445
2026-05-21 10:13:05+00:00,0.445
2026-05-21 10:14:05+00:00,0.445
2026-05-21 10:15:08+00:00,0.445
2026-05-21 10:16:11+00:00,0.445
2026-05-21 10:17:10+00:00,0.445
2026-05-21 10:18:04+00:00,0.445
2026-05-21 10:19:05+00:00,0.445
2026-05-21 10:20:08+00:00,0.445
2026-05-21 10:21:06+00:00,0.445
2026-05-21 10:22:04+00:00,0.445
2026-05-21 10:23:07+00:00,0.445
2026-05-21 10:24:20+00:00,0.445
2026-05-21 10:25:05+00:00,0.445
2026-05-21 10:26:05+00:00,0.445
2026-05-21 10:27:05+00:00,0.445
2026-05-21 10:28:08+00:00,0.445
2026-05-21 10:29:07+00:00,0.445
2026-05-21 10:30:08+00:00,0.445
2026-05-21 10:31:08+00:00,0.445
2026-05-21 10:32:07+00:00,0.445
2026-05-21 10:33:07+00:00,0.445
2026-05-21 10:34:11+00:00,0.445
2026-05-21 10:35:08+00:00,0.445
2026-05-21 10:36:06+00:00,0.445
2026-05-21 10:37:06+00:00,0.445
2026-05-21 10:38:05+00:00,0.445
2026-05-21 10:39:05+00:00,0.445
2026-05-21 10:40:08+00:00,0.445
2026-05-21 10:41:07+00:00,0.445
2026-05-21 10:42:07+00:00,0.445
2026-05-21 10:43:19+00:00,0.445
2026-05-21 10:44:05+00:00,0.445
2026-05-21 10:45:05+00:00,0.445
2026-05-21 10:46:09+00:00,0.445
2026-05-21 10:47:06+00:00,0.445
2026-05-21 10:48:07+00:00,0.445
2026-05-21 10:49:05+00:00,0.445
2026-05-21 10:50:05+00:00,0.445
2026-05-21 10:51:04+00:00,0.445
2026-05-21 10:52:05+00:00,0.445
2026-05-21 10:53:08+00:00,0.445
2026-05-21 10:54:07+00:00,0.445
2026-05-21 10:55:07+00:00,0.445
2026-05-21 10:56:06+00:00,0.445
2026-05-21 10:57:07+00:00,0.445
2026-05-21 10:58:05+00:00,0.445
2026-05-21 10:59:06+00:00,0.445
2026-05-21 11:00:14+00:00,0.445
2026-05-21 11:01:05+00:00,0.445
2026-05-21 11:02:05+00:00,0.445
2026-05-21 11:03:05+00:00,0.445
2026-05-21 11:04:05+00:00,0.445
2026-05-21 11:05:05+00:00,0.445
2026-05-21 11:06:08+00:00,0.445
2026-05-21 11:07:05+00:00,0.445
2026-05-21 11:08:19+00:00,0.445
2026-05-21 11:09:19+00:00,0.445
2026-05-21 11:10:04+00:00,0.445
2026-05-21 11:11:04+00:00,0.445
2026-05-21 11:12:05+00:00,0.445
2026-05-21 11:13:10+00:00,0.445
2026-05-21 11:14:04+00:00,0.445
2026-05-21 11:15:08+00:00,0.445
2026-05-21 11:16:06+00:00,0.445
2026-05-21 11:17:07+00:00,0.445
2026-05-21 11:18:06+00:00,0.445
2026-05-21 11:19:10+00:00,0.445
2026-05-21 11:20:06+00:00,0.445
2026-05-21 11:21:04+00:00,0.445
2026-05-21 11:22:04+00:00,0.445
2026-05-21 11:23:05+00:00,0.445
2026-05-21 11:24:05+00:00,0.445
2026-05-21 11:25:04+00:00,0.445
2026-05-21 11:26:04+00:00,0.445
2026-05-21 11:27:04+00:00,0.445
2026-05-21 11:28:05+00:00,0.445
2026-05-21 11:29:07+00:00,0.445
2026-05-21 11:30:05+00:00,0.445
2026-05-21 11:31:04+00:00,0.445
2026-05-21 11:32:04+00:00,0.445
2026-05-21 11:33:18+00:00,0.445
2026-05-21 11:34:04+00:00,0.445
2026-05-21 11:35:04+00:00,0.445
2026-05-21 11:36:04+00:00,0.445
2026-05-21 11:37:05+00:00,0.445
2026-05-21 11:38:08+00:00,0.445
2026-05-21 11:39:09+00:00,0.445
2026-05-21 11:40:08+00:00,0.445
2026-05-21 11:41:06+00:00,0.445
2026-05-21 11:42:06+00:00,0.445
2026-05-21 11:43:07+00:00,0.445
2026-05-21 11:44:05+00:00,0.445
2026-05-21 11:45:05+00:00,0.445
2026-05-21 11:46:05+00:00,0.445
2026-05-21 11:47:07+00:00,0.445
2026-05-21 11:48:06+00:00,0.445
2026-05-21 11:49:06+00:00,0.445
2026-05-21 11:50:07+00:00,0.445
2026-05-21 11:51:07+00:00,0.445
2026-05-21 11:52:07+00:00,0.445
2026-05-21 11:53:08+00:00,0.445
2026-05-21 11:54:06+00:00,0.445
2026-05-21 11:55:08+00:00,0.445
2026-05-21 11:56:06+00:00,0.445
2026-05-21 11:57:05+00:00,0.445
2026-05-21 11:58:05+00:00,0.445
2026-05-21 11:59:06+00:00,0.445
2026-05-21 12:00:11+00:00,0.445
2026-05-21 12:01:04+00:00,0.445
2026-05-21 12:02:04+00:00,0.445
2026-05-21 12:03:06+00:00,0.445
2026-05-21 12:04:06+00:00,0.445
2026-05-21 12:05:12+00:00,0.445
2026-05-21 12:06:07+00:00,0.445
2026-05-21 12:07:07+00:00,0.445
2026-05-21 12:08:12+00:00,0.445
2026-05-21 12:09:04+00:00,0.445
2026-05-21 12:10:07+00:00,0.445
2026-05-21 12:11:06+00:00,0.445
2026-05-21 12:12:06+00:00,0.445
2026-05-21 12:13:09+00:00,0.445
2026-05-21 12:14:04+00:00,0.445
2026-05-21 12:15:08+00:00,0.445
2026-05-21 12:16:04+00:00,0.445
2026-05-21 12:17:06+00:00,0.445
2026-05-21 12:18:07+00:00,0.445
2026-05-21 12:19:05+00:00,0.445
2026-05-21 12:20:09+00:00,0.445
2026-05-21 12:21:19+00:00,0.445
2026-05-21 12:22:05+00:00,0.445
2026-05-21 12:23:05+00:00,0.445
2026-05-21 12:24:05+00:00,0.445
2026-05-21 12:25:06+00:00,0.445
2026-05-21 12:26:06+00:00,0.445
2026-05-21 12:27:06+00:00,0.445
2026-05-21 12:28:07+00:00,0.445
2026-05-21 12:29:06+00:00,0.445
2026-05-21 12:30:06+00:00,0.445
2026-05-21 12:31:10+00:00,0.445
2026-05-21 12:32:07+00:00,0.445
2026-05-21 12:33:12+00:00,0.445
2026-05-21 12:34:04+00:00,0.445
2026-05-21 12:35:05+00:00,0.445
2026-05-21 12:36:05+00:00,0.445
2026-05-21 12:37:07+00:00,0.445
2026-05-21 12:38:08+00:00,0.445
2026-05-21 12:39:07+00:00,0.445
2026-05-21 12:40:08+00:00,0.445
2026-05-21 12:41:07+00:00,0.445
2026-05-21 12:42:05+00:00,0.445
2026-05-21 12:43:09+00:00,0.445
2026-05-21 12:44:18+00:00,0.445
2026-05-21 12:45:07+00:00,0.445
2026-05-21 12:46:09+00:00,0.445
2026-05-21 12:47:08+00:00,0.445
2026-05-21 12:48:05+00:00,0.445
2026-05-21 12:49:06+00:00,0.445
2026-05-21 12:50:07+00:00,0.445
2026-05-21 12:51:09+00:00,0.445
2026-05-21 12:52:04+00:00,0.445
2026-05-21 12:53:05+00:00,0.445
2026-05-21 12:54:05+00:00,0.445
2026-05-21 12:55:05+00:00,0.445
2026-05-21 12:56:05+00:00,0.445
2026-05-21 12:57:05+00:00,0.445
2026-05-21 12:58:07+00:00,0.445
2026-05-21 12:59:04+00:00,0.445
2026-05-21 13:00:09+00:00,0.445
2026-05-21 13:01:05+00:00,0.445
2026-05-21 13:02:06+00:00,0.445
2026-05-21 13:03:05+00:00,0.445
2026-05-21 13:04:07+00:00,0.445
2026-05-21 13:05:04+00:00,0.445
2026-05-21 13:06:07+00:00,0.445
2026-05-21 13:07:07+00:00,0.445
2026-05-21 13:08:05+00:00,0.445
2026-05-21 13:09:06+00:00,0.445
2026-05-21 13:10:21+00:00,0.445
2026-05-21 13:11:05+00:00,0.445
2026-05-21 13:12:05+00:00,0.445
2026-05-21 13:13:07+00:00,0.445
2026-05-21 13:14:04+00:00,0.445
2026-05-21 13:15:06+00:00,0.445
2026-05-21 13:16:05+00:00,0.445
2026-05-21 13:17:09+00:00,0.445
2026-05-21 13:18:08+00:00,0.445
2026-05-21 13:19:05+00:00,0.445
2026-05-21 13:20:11+00:00,0.445
2026-05-21 13:21:05+00:00,0.445
2026-05-21 13:22:06+00:00,0.445
2026-05-21 13:23:06+00:00,0.445
2026-05-21 13:24:04+00:00,0.445
2026-05-21 13:25:05+00:00,0.445
2026-05-21 13:26:06+00:00,0.445
2026-05-21 13:27:06+00:00,0.445
2026-05-21 13:28:07+00:00,0.445
2026-05-21 13:29:04+00:00,0.445
2026-05-21 13:30:07+00:00,0.445
2026-05-21 13:31:07+00:00,0.445
2026-05-21 13:32:04+00:00,0.445
2026-05-21 13:33:06+00:00,0.445
2026-05-21 13:34:05+00:00,0.445
2026-05-21 13:35:07+00:00,0.445
2026-05-21 13:36:11+00:00,0.445
2026-05-21 13:37:06+00:00,0.445
2026-05-21 13:38:07+00:00,0.445
2026-05-21 13:39:17+00:00,0.445
2026-05-21 13:40:22+00:00,0.445
2026-05-21 13:41:08+00:00,0.445
2026-05-21 13:42:04+00:00,0.445
2026-05-21 13:43:05+00:00,0.445
2026-05-21 13:44:07+00:00,0.445
2026-05-21 13:45:08+00:00,0.445
2026-05-21 13:46:12+00:00,0.445
2026-05-21 13:47:05+00:00,0.445
2026-05-21 13:48:06+00:00,0.445
2026-05-21 13:49:05+00:00,0.445
2026-05-21 13:50:07+00:00,0.445
2026-05-21 13:51:07+00:00,0.445
2026-05-21 13:52:04+00:00,0.445
2026-05-21 13:53:17+00:00,0.445
2026-05-21 13:54:04+00:00,0.445
2026-05-21 13:55:06+00:00,0.445
2026-05-21 13:56:05+00:00,0.445
2026-05-21 13:57:07+00:00,0.445
2026-05-21 13:58:09+00:00,0.445
2026-05-21 13:59:07+00:00,0.445
2026-05-21 14:00:08+00:00,0.445
2026-05-21 14:01:04+00:00,0.445
2026-05-21 14:02:06+00:00,0.445
2026-05-21 14:03:07+00:00,0.445
2026-05-21 14:04:06+00:00,0.445
2026-05-21 14:05:05+00:00,0.445
2026-05-21 14:06:05+00:00,0.445
2026-05-21 14:07:07+00:00,0.445
2026-05-21 14:08:07+00:00,0.445
2026-05-21 14:09:06+00:00,0.445
2026-05-21 14:10:07+00:00,0.445
2026-05-21 14:11:07+00:00,0.445
2026-05-21 14:12:08+00:00,0.445
2026-05-21 14:13:06+00:00,0.445
2026-05-21 14:14:04+00:00,0.445
2026-05-21 14:15:08+00:00,0.445
2026-05-21 14:16:06+00:00,0.445
2026-05-21 14:17:06+00:00,0.445
2026-05-21 14:18:12+00:00,0.445
2026-05-21 14:19:05+00:00,0.445
2026-05-21 14:20:23+00:00,0.445
2026-05-21 14:21:07+00:00,0.445
2026-05-21 14:22:08+00:00,0.445
2026-05-21 14:23:07+00:00,0.445
2026-05-21 14:24:08+00:00,0.445
2026-05-21 14:25:10+00:00,0.445
2026-05-21 14:26:08+00:00,0.445
2026-05-21 14:27:07+00:00,0.445
2026-05-21 14:28:16+00:00,0.445
2026-05-21 14:29:05+00:00,0.445
2026-05-21 14:30:10+00:00,0.445
2026-05-21 14:31:04+00:00,0.445
2026-05-21 14:32:07+00:00,0.445
2026-05-21 14:33:08+00:00,0.445
2026-05-21 14:34:20+00:00,0.445
2026-05-21 14:35:17+00:00,0.445
2026-05-21 14:36:05+00:00,0.445
2026-05-21 14:37:06+00:00,0.445
2026-05-21 14:38:07+00:00,0.445
2026-05-21 14:39:04+00:00,0.445
2026-05-21 14:40:04+00:00,0.445
2026-05-21 14:41:06+00:00,0.445
2026-05-21 14:42:04+00:00,0.445
2026-05-21 14:43:03+00:00,0.445
2026-05-21 14:44:05+00:00,0.445
2026-05-21 14:45:04+00:00,0.445
2026-05-21 14:46:07+00:00,0.445
2026-05-21 14:47:19+00:00,0.445
2026-05-21 14:48:06+00:00,0.445
2026-05-21 14:49:06+00:00,0.445
2026-05-21 14:50:07+00:00,0.445
2026-05-21 14:51:05+00:00,0.445
2026-05-21 14:52:20+00:00,0.445
2026-05-21 14:53:08+00:00,0.445
2026-05-21 14:54:05+00:00,0.445
2026-05-21 14:55:08+00:00,0.445
2026-05-21 14:56:05+00:00,0.445
2026-05-21 14:57:21+00:00,0.445
2026-05-21 14:58:08+00:00,0.445
2026-05-21 14:59:05+00:00,0.445
2026-05-21 15:00:11+00:00,0.445
2026-05-21 15:01:06+00:00,0.445
2026-05-21 15:02:05+00:00,0.445
2026-05-21 15:03:05+00:00,0.445
2026-05-21 15:04:07+00:00,0.445
2026-05-21 15:05:04+00:00,0.445
2026-05-21 15:06:04+00:00,0.445
2026-05-21 15:07:04+00:00,0.445
2026-05-21 15:08:07+00:00,0.445
2026-05-21 15:09:06+00:00,0.445
2026-05-21 15:10:10+00:00,0.445
2026-05-21 15:11:05+00:00,0.445
2026-05-21 15:12:06+00:00,0.445
2026-05-21 15:13:07+00:00,0.445
2026-05-21 15:14:04+00:00,0.445
2026-05-21 15:15:06+00:00,0.445
2026-05-21 15:16:07+00:00,0.445
2026-05-21 15:17:11+00:00,0.445
2026-05-21 15:18:08+00:00,0.445
2026-05-21 15:19:06+00:00,0.445
2026-05-21 15:20:06+00:00,0.445
2026-05-21 15:21:07+00:00,0.445
2026-05-21 15:22:04+00:00,0.445
2026-05-21 15:23:07+00:00,0.445
2026-05-21 15:24:08+00:00,0.445
2026-05-21 15:25:05+00:00,0.445
2026-05-21 15:26:15+00:00,0.445
2026-05-21 15:27:05+00:00,0.445
2026-05-21 15:28:05+00:00,0.445
2026-05-21 15:29:05+00:00,0.445
2026-05-21 15:30:09+00:00,0.445
2026-05-21 15:31:05+00:00,0.445
2026-05-21 15:32:18+00:00,0.445
2026-05-21 15:33:04+00:00,0.445
2026-05-21 15:34:03+00:00,0.445
2026-05-21 15:35:05+00:00,0.445
2026-05-21 15:36:07+00:00,0.445
2026-05-21 15:37:05+00:00,0.445
2026-05-21 15:38:05+00:00,0.445
2026-05-21 15:39:06+00:00,0.445
2026-05-21 15:40:04+00:00,0.445
2026-05-21 15:41:04+00:00,0.445
2026-05-21 15:42:06+00:00,0.445
2026-05-21 15:43:05+00:00,0.445
2026-05-21 15:44:08+00:00,0.445
2026-05-21 15:45:09+00:00,0.445
2026-05-21 15:46:07+00:00,0.445
2026-05-21 15:47:04+00:00,0.445
2026-05-21 15:48:04+00:00,0.445
2026-05-21 15:49:05+00:00,0.445
2026-05-21 15:50:07+00:00,0.445
2026-05-21 15:51:06+00:00,0.445
2026-05-21 15:52:04+00:00,0.445
2026-05-21 15:53:05+00:00,0.445
2026-05-21 15:54:06+00:00,0.445
2026-05-21 15:55:05+00:00,0.445
2026-05-21 15:56:04+00:00,0.445
2026-05-21 15:57:04+00:00,0.445
2026-05-21 15:58:04+00:00,0.445
2026-05-21 15:59:05+00:00,0.445
2026-05-21 16:00:09+00:00,0.445
2026-05-21 16:01:04+00:00,0.445
2026-05-21 16:02:06+00:00,0.445
2026-05-21 16:03:08+00:00,0.445
2026-05-21 16:04:09+00:00,0.445
2026-05-21 16:05:06+00:00,0.445
2026-05-21 16:06:07+00:00,0.445
2026-05-21 16:07:05+00:00,0.445
2026-05-21 16:08:07+00:00,0.445
2026-05-21 16:09:05+00:00,0.445
2026-05-21 16:10:05+00:00,0.445
2026-05-21 16:11:07+00:00,0.445
2026-05-21 16:12:05+00:00,0.445
2026-05-21 16:13:06+00:00,0.445
2026-05-21 16:14:07+00:00,0.445
2026-05-21 16:15:19+00:00,0.445
2026-05-21 16:16:06+00:00,0.445
2026-05-21 16:17:05+00:00,0.445
2026-05-21 16:18:07+00:00,0.445
2026-05-21 16:19:19+00:00,0.445
2026-05-21 16:20:08+00:00,0.445
2026-05-21 16:21:23+00:00,0.445
2026-05-21 16:22:04+00:00,0.445
2026-05-21 16:23:08+00:00,0.445
2026-05-21 16:24:07+00:00,0.445
2026-05-21 16:25:06+00:00,0.445
2026-05-21 16:26:06+00:00,0.445
2026-05-21 16:27:05+00:00,0.445
2026-05-21 16:28:08+00:00,0.445
2026-05-21 16:29:05+00:00,0.445
2026-05-21 16:30:10+00:00,0.445
2026-05-21 16:31:06+00:00,0.445
2026-05-21 16:32:05+00:00,0.445
2026-05-21 16:33:08+00:00,0.445
2026-05-21 16:34:04+00:00,0.445
2026-05-21 16:35:06+00:00,0.445
2026-05-21 16:36:05+00:00,0.445
2026-05-21 16:37:09+00:00,0.445
2026-05-21 16:38:16+00:00,0.445
2026-05-21 16:39:08+00:00,0.445
2026-05-21 16:40:09+00:00,0.445
2026-05-21 16:41:07+00:00,0.445
2026-05-21 16:42:05+00:00,0.445
2026-05-21 16:43:07+00:00,0.445
2026-05-21 16:44:08+00:00,0.445
2026-05-21 16:45:05+00:00,0.445
2026-05-21 16:46:07+00:00,0.445
2026-05-21 16:47:06+00:00,0.445
2026-05-21 16:48:06+00:00,0.445
2026-05-21 16:49:05+00:00,0.445
2026-05-21 16:50:07+00:00,0.445
2026-05-21 16:51:05+00:00,0.445
2026-05-21 16:52:08+00:00,0.445
2026-05-21 16:53:06+00:00,0.445
2026-05-21 16:54:07+00:00,0.445
2026-05-21 16:55:23+00:00,0.445
2026-05-21 16:56:11+00:00,0.445
2026-05-21 16:57:07+00:00,0.445
2026-05-21 16:58:05+00:00,0.445
2026-05-21 16:59:18+00:00,0.445
2026-05-21 17:00:15+00:00,0.445
2026-05-21 17:01:05+00:00,0.445
2026-05-21 17:02:08+00:00,0.445
2026-05-21 17:03:06+00:00,0.445
2026-05-21 17:04:05+00:00,0.445
2026-05-21 17:05:23+00:00,0.445
2026-05-21 17:06:07+00:00,0.445
2026-05-21 17:07:05+00:00,0.445
2026-05-21 17:08:08+00:00,0.445
2026-05-21 17:09:05+00:00,0.445
2026-05-21 17:10:07+00:00,0.445
2026-05-21 17:11:08+00:00,0.445
2026-05-21 17:12:05+00:00,0.445
2026-05-21 17:13:08+00:00,0.445
2026-05-21 17:14:06+00:00,0.445
2026-05-21 17:15:07+00:00,0.445
2026-05-21 17:16:12+00:00,0.445
2026-05-21 17:17:08+00:00,0.445
2026-05-21 17:18:07+00:00,0.445
2026-05-21 17:19:04+00:00,0.445
2026-05-21 17:20:07+00:00,0.445
2026-05-21 17:21:08+00:00,0.445
2026-05-21 17:22:08+00:00,0.445
2026-05-21 17:23:10+00:00,0.445
2026-05-21 17:24:10+00:00,0.445
2026-05-21 17:25:09+00:00,0.445
2026-05-21 17:26:07+00:00,0.445
2026-05-21 17:27:06+00:00,0.445
2026-05-21 17:28:08+00:00,0.445
2026-05-21 17:29:05+00:00,0.445
2026-05-21 17:30:10+00:00,0.445
2026-05-21 17:31:20+00:00,0.445
2026-05-21 17:32:22+00:00,0.445
2026-05-21 17:33:05+00:00,0.445
2026-05-21 17:34:10+00:00,0.445
2026-05-21 17:35:13+00:00,0.445
2026-05-21 17:36:07+00:00,0.445
2026-05-21 17:37:05+00:00,0.445
2026-05-21 17:38:10+00:00,0.445
2026-05-21 17:39:06+00:00,0.445
2026-05-21 17:40:05+00:00,0.445
2026-05-21 17:41:08+00:00,0.445
2026-05-21 17:42:19+00:00,0.455
2026-05-21 17:43:07+00:00,0.455
2026-05-21 17:44:08+00:00,0.455
2026-05-21 17:45:07+00:00,0.455
2026-05-21 17:46:04+00:00,0.455
2026-05-21 17:47:06+00:00,0.455
2026-05-21 17:48:08+00:00,0.455
2026-05-21 17:49:06+00:00,0.455
2026-05-21 17:50:07+00:00,0.455
2026-05-21 17:51:07+00:00,0.455
2026-05-21 17:52:08+00:00,0.455
2026-05-21 17:53:08+00:00,0.455
2026-05-21 17:54:05+00:00,0.455
2026-05-21 17:55:08+00:00,0.455
2026-05-21 17:56:05+00:00,0.455
2026-05-21 17:57:06+00:00,0.455
2026-05-21 17:58:08+00:00,0.455
2026-05-21 17:59:05+00:00,0.455
2026-05-21 18:00:13+00:00,0.455
2026-05-21 18:01:05+00:00,0.455
2026-05-21 18:02:04+00:00,0.455
2026-05-21 18:03:08+00:00,0.455
2026-05-21 18:04:05+00:00,0.455
2026-05-21 18:05:10+00:00,0.455
2026-05-21 18:06:07+00:00,0.455
2026-05-21 18:07:08+00:00,0.455
2026-05-21 18:08:07+00:00,0.455
2026-05-21 18:09:05+00:00,0.455
2026-05-21 18:10:07+00:00,0.455
2026-05-21 18:11:06+00:00,0.455
2026-05-21 18:12:09+00:00,0.455
2026-05-21 18:13:06+00:00,0.455
2026-05-21 18:14:07+00:00,0.455
2026-05-21 18:15:08+00:00,0.455
2026-05-21 18:16:06+00:00,0.455
2026-05-21 18:17:09+00:00,0.455
2026-05-21 18:18:13+00:00,0.455
2026-05-21 18:19:06+00:00,0.455
2026-05-21 18:20:08+00:00,0.455
2026-05-21 18:21:09+00:00,0.455
2026-05-21 18:22:06+00:00,0.455
2026-05-21 18:23:09+00:00,0.455
2026-05-21 18:24:10+00:00,0.455
2026-05-21 18:25:08+00:00,0.455
2026-05-21 18:26:05+00:00,0.455
2026-05-21 18:27:07+00:00,0.455
2026-05-21 18:28:05+00:00,0.455
2026-05-21 18:29:08+00:00,0.455
2026-05-21 18:30:06+00:00,0.455
2026-05-21 18:31:17+00:00,0.455
2026-05-21 18:32:05+00:00,0.455
2026-05-21 18:33:08+00:00,0.455
2026-05-21 18:34:05+00:00,0.455
2026-05-21 18:35:07+00:00,0.455
2026-05-21 18:36:05+00:00,0.455
2026-05-21 18:37:09+00:00,0.455
2026-05-21 18:38:16+00:00,0.455
2026-05-21 18:39:05+00:00,0.455
2026-05-21 18:40:05+00:00,0.455
2026-05-21 18:41:08+00:00,0.455
2026-05-21 18:42:05+00:00,0.455
2026-05-21 18:43:06+00:00,0.455
2026-05-21 18:44:05+00:00,0.455
2026-05-21 18:45:09+00:00,0.455
2026-05-21 18:46:05+00:00,0.455
2026-05-21 18:47:07+00:00,0.455
2026-05-21 18:48:07+00:00,0.455
2026-05-21 18:49:05+00:00,0.455
2026-05-21 18:50:15+00:00,0.455
2026-05-21 18:51:05+00:00,0.455
2026-05-21 18:52:07+00:00,0.455
2026-05-21 18:53:05+00:00,0.455
2026-05-21 18:54:06+00:00,0.465
2026-05-21 18:55:07+00:00,0.465
2026-05-21 18:56:05+00:00,0.465
2026-05-21 18:57:07+00:00,0.465
2026-05-21 18:58:04+00:00,0.465
2026-05-21 18:59:06+00:00,0.465
2026-05-21 19:00:08+00:00,0.465
2026-05-21 19:01:08+00:00,0.465
2026-05-21 19:02:06+00:00,0.465
2026-05-21 19:03:05+00:00,0.465
2026-05-21 19:04:06+00:00,0.465
2026-05-21 19:05:07+00:00,0.465
2026-05-21 19:06:08+00:00,0.465
2026-05-21 19:07:04+00:00,0.465
2026-05-21 19:08:07+00:00,0.465
2026-05-21 19:09:06+00:00,0.465
2026-05-21 19:10:06+00:00,0.465
2026-05-21 19:11:22+00:00,0.465
2026-05-21 19:12:09+00:00,0.465
2026-05-21 19:13:06+00:00,0.465
2026-05-21 19:14:08+00:00,0.465
2026-05-21 19:15:09+00:00,0.465
2026-05-21 19:16:09+00:00,0.465
2026-05-21 19:17:06+00:00,0.465
2026-05-21 19:18:05+00:00,0.465
2026-05-21 19:19:21+00:00,0.465
2026-05-21 19:20:06+00:00,0.465
2026-05-21 19:21:07+00:00,0.465
2026-05-21 19:22:05+00:00,0.465
2026-05-21 19:23:09+00:00,0.465
2026-05-21 19:24:07+00:00,0.465
2026-05-21 19:25:19+00:00,0.465
2026-05-21 19:26:12+00:00,0.465
2026-05-21 19:27:06+00:00,0.465
2026-05-21 19:28:05+00:00,0.465
2026-05-21 19:29:07+00:00,0.465
2026-05-21 19:30:07+00:00,0.465
2026-05-21 19:31:05+00:00,0.465
2026-05-21 19:32:05+00:00,0.465
2026-05-21 19:33:08+00:00,0.465
2026-05-21 19:34:05+00:00,0.465
2026-05-21 19:35:08+00:00,0.465
2026-05-21 19:36:05+00:00,0.465
2026-05-21 19:37:18+00:00,0.465
2026-05-21 19:38:05+00:00,0.465
2026-05-21 19:39:05+00:00,0.465
2026-05-21 19:40:09+00:00,0.465
2026-05-21 19:41:06+00:00,0.465
2026-05-21 19:42:12+00:00,0.465
2026-05-21 19:43:07+00:00,0.465
2026-05-21 19:44:07+00:00,0.465
2026-05-21 19:45:10+00:00,0.465
2026-05-21 19:46:06+00:00,0.465
2026-05-21 19:47:08+00:00,0.465
2026-05-21 19:48:09+00:00,0.465
2026-05-21 19:49:07+00:00,0.465
2026-05-21 19:50:07+00:00,0.465
2026-05-21 19:51:06+00:00,0.465
2026-05-21 19:52:06+00:00,0.465
2026-05-21 19:53:05+00:00,0.465
2026-05-21 19:54:05+00:00,0.465
2026-05-21 19:55:16+00:00,0.465
2026-05-21 19:56:06+00:00,0.465
2026-05-21 19:57:05+00:00,0.465
2026-05-21 19:58:06+00:00,0.465
2026-05-21 19:59:05+00:00,0.465
2026-05-21 20:00:20+00:00,0.465
2026-05-21 20:01:09+00:00,0.465
2026-05-21 20:02:19+00:00,0.465
2026-05-21 20:03:06+00:00,0.465
2026-05-21 20:04:07+00:00,0.465
2026-05-21 20:05:14+00:00,0.465
2026-05-21 20:06:04+00:00,0.465
2026-05-21 20:07:06+00:00,0.465
2026-05-21 20:08:09+00:00,0.465
2026-05-21 20:09:05+00:00,0.465
2026-05-21 20:10:04+00:00,0.465
2026-05-21 20:11:04+00:00,0.465
2026-05-21 20:12:06+00:00,0.465
2026-05-21 20:13:07+00:00,0.465
2026-05-21 20:14:06+00:00,0.465
2026-05-21 20:15:07+00:00,0.465
2026-05-21 20:16:06+00:00,0.465
2026-05-21 20:17:04+00:00,0.465
2026-05-21 20:18:04+00:00,0.465
2026-05-21 20:19:06+00:00,0.465
2026-05-21 20:20:05+00:00,0.465
2026-05-21 20:21:04+00:00,0.465
2026-05-21 20:22:04+00:00,0.465
2026-05-21 20:23:08+00:00,0.465
2026-05-21 20:24:10+00:00,0.465
2026-05-21 20:25:08+00:00,0.465
2026-05-21 20:26:05+00:00,0.465
2026-05-21 20:27:05+00:00,0.465
2026-05-21 20:28:18+00:00,0.465
2026-05-21 20:29:05+00:00,0.465
2026-05-21 20:30:10+00:00,0.465
2026-05-21 20:31:07+00:00,0.465
2026-05-21 20:32:06+00:00,0.465
2026-05-21 20:33:05+00:00,0.465
2026-05-21 20:34:04+00:00,0.465
2026-05-21 20:35:06+00:00,0.465
2026-05-21 20:36:08+00:00,0.465
2026-05-21 20:37:05+00:00,0.465
2026-05-21 20:38:07+00:00,0.465
2026-05-21 20:39:05+00:00,0.465
2026-05-21 20:40:05+00:00,0.465
2026-05-21 20:41:06+00:00,0.465
2026-05-21 20:42:04+00:00,0.465
2026-05-21 20:43:08+00:00,0.465
2026-05-21 20:44:07+00:00,0.465
2026-05-21 20:45:06+00:00,0.465
2026-05-21 20:46:05+00:00,0.465
2026-05-21 20:47:07+00:00,0.465
2026-05-21 20:48:04+00:00,0.465
2026-05-21 20:49:04+00:00,0.465
2026-05-21 20:50:09+00:00,0.465
2026-05-21 20:51:08+00:00,0.465
2026-05-21 20:52:05+00:00,0.465
2026-05-21 20:53:08+00:00,0.465
2026-05-21 20:54:04+00:00,0.465
2026-05-21 20:55:08+00:00,0.465
2026-05-21 20:56:04+00:00,0.465
2026-05-21 20:57:05+00:00,0.465
2026-05-21 20:58:05+00:00,0.465
2026-05-21 20:59:04+00:00,0.465
2026-05-21 21:00:14+00:00,0.465
2026-05-21 21:01:07+00:00,0.465
2026-05-21 21:02:06+00:00,0.465
2026-05-21 21:03:08+00:00,0.465
2026-05-21 21:04:05+00:00,0.465
2026-05-21 21:05:07+00:00,0.465
2026-05-21 21:06:06+00:00,0.465
2026-05-21 21:07:05+00:00,0.465
2026-05-21 21:08:06+00:00,0.465
2026-05-21 21:09:05+00:00,0.465
2026-05-21 21:10:09+00:00,0.465
2026-05-21 21:11:06+00:00,0.465
2026-05-21 21:12:06+00:00,0.465
2026-05-21 21:13:08+00:00,0.465
2026-05-21 21:14:04+00:00,0.465
2026-05-21 21:15:09+00:00,0.465
2026-05-21 21:16:09+00:00,0.465
2026-05-21 21:17:05+00:00,0.465
2026-05-21 21:18:06+00:00,0.465
2026-05-21 21:19:05+00:00,0.465
2026-05-21 21:20:06+00:00,0.465
2026-05-21 21:21:07+00:00,0.465
2026-05-21 21:22:07+00:00,0.465
2026-05-21 21:23:06+00:00,0.465
2026-05-21 21:24:05+00:00,0.465
2026-05-21 21:25:06+00:00,0.465
2026-05-21 21:26:06+00:00,0.465
2026-05-21 21:27:05+00:00,0.465
2026-05-21 21:28:05+00:00,0.465
2026-05-21 21:29:05+00:00,0.465
2026-05-21 21:30:08+00:00,0.465
2026-05-21 21:31:05+00:00,0.465
2026-05-21 21:32:04+00:00,0.465
2026-05-21 21:33:05+00:00,0.465
2026-05-21 21:34:07+00:00,0.465
2026-05-21 21:35:07+00:00,0.465
2026-05-21 21:36:08+00:00,0.465
2026-05-21 21:37:06+00:00,0.465
2026-05-21 21:38:08+00:00,0.465
2026-05-21 21:39:05+00:00,0.465
2026-05-21 21:40:08+00:00,0.465
2026-05-21 21:41:05+00:00,0.465
2026-05-21 21:42:09+00:00,0.465
2026-05-21 21:43:06+00:00,0.465
2026-05-21 21:44:04+00:00,0.465
2026-05-21 21:45:08+00:00,0.465
2026-05-21 21:46:04+00:00,0.465
2026-05-21 21:47:07+00:00,0.465
2026-05-21 21:48:07+00:00,0.465
2026-05-21 21:49:05+00:00,0.465
2026-05-21 21:50:05+00:00,0.465
2026-05-21 21:51:05+00:00,0.465
2026-05-21 21:52:13+00:00,0.465
2026-05-21 21:53:06+00:00,0.465
2026-05-21 21:54:04+00:00,0.465
2026-05-21 21:55:07+00:00,0.465
2026-05-21 21:56:05+00:00,0.465
2026-05-21 21:57:04+00:00,0.465
2026-05-21 21:58:07+00:00,0.465
2026-05-21 21:59:05+00:00,0.465
2026-05-21 22:00:10+00:00,0.465
2026-05-21 22:01:07+00:00,0.465
2026-05-21 22:02:07+00:00,0.465
2026-05-21 22:03:08+00:00,0.465
2026-05-21 22:04:06+00:00,0.465
2026-05-21 22:05:06+00:00,0.465
2026-05-21 22:06:06+00:00,0.465
2026-05-21 22:07:05+00:00,0.465
2026-05-21 22:08:09+00:00,0.465
2026-05-21 22:09:07+00:00,0.465
2026-05-21 22:10:12+00:00,0.465
2026-05-21 22:11:09+00:00,0.465
2026-05-21 22:12:08+00:00,0.465
2026-05-21 22:13:06+00:00,0.465
2026-05-21 22:14:05+00:00,0.465
2026-05-21 22:15:07+00:00,0.465
2026-05-21 22:16:07+00:00,0.465
2026-05-21 22:17:09+00:00,0.465
2026-05-21 22:18:09+00:00,0.465
2026-05-21 22:19:08+00:00,0.465
2026-05-21 22:20:10+00:00,0.465
2026-05-21 22:21:09+00:00,0.465
2026-05-21 22:22:09+00:00,0.465
2026-05-21 22:23:08+00:00,0.465
2026-05-21 22:24:08+00:00,0.465
2026-05-21 22:25:08+00:00,0.465
2026-05-21 22:26:10+00:00,0.465
2026-05-21 22:27:06+00:00,0.465
2026-05-21 22:28:06+00:00,0.465
2026-05-21 22:29:06+00:00,0.465
2026-05-21 22:30:20+00:00,0.465
2026-05-21 22:31:09+00:00,0.465
2026-05-21 22:32:06+00:00,0.465
2026-05-21 22:33:07+00:00,0.465
2026-05-21 22:34:06+00:00,0.465
2026-05-21 22:35:09+00:00,0.465
2026-05-21 22:36:05+00:00,0.465
2026-05-21 22:37:05+00:00,0.465
2026-05-21 22:38:06+00:00,0.465
2026-05-21 22:39:06+00:00,0.465
2026-05-21 22:40:08+00:00,0.465
2026-05-21 22:41:05+00:00,0.465
2026-05-21 22:42:21+00:00,0.465
2026-05-21 22:43:07+00:00,0.465
2026-05-21 22:44:05+00:00,0.465
2026-05-21 22:45:08+00:00,0.465
2026-05-21 22:46:06+00:00,0.465
2026-05-21 22:47:05+00:00,0.465
2026-05-21 22:48:05+00:00,0.465
2026-05-21 22:49:06+00:00,0.465
2026-05-21 22:50:09+00:00,0.465
2026-05-21 22:51:06+00:00,0.465
2026-05-21 22:52:08+00:00,0.465
2026-05-21 22:53:06+00:00,0.465
2026-05-21 22:54:05+00:00,0.465
2026-05-21 22:55:10+00:00,0.465
2026-05-21 22:56:07+00:00,0.465
2026-05-21 22:57:06+00:00,0.465
2026-05-21 22:58:05+00:00,0.465
2026-05-21 22:59:05+00:00,0.465
2026-05-21 23:00:10+00:00,0.465
2026-05-21 23:01:07+00:00,0.465
2026-05-21 23:02:05+00:00,0.465
2026-05-21 23:03:06+00:00,0.465
2026-05-21 23:04:06+00:00,0.465
2026-05-21 23:05:11+00:00,0.465
2026-05-21 23:06:05+00:00,0.465
2026-05-21 23:07:05+00:00,0.465
2026-05-21 23:08:05+00:00,0.465
2026-05-21 23:09:07+00:00,0.465
2026-05-21 23:10:06+00:00,0.465
2026-05-21 23:11:04+00:00,0.465
2026-05-21 23:12:08+00:00,0.465
2026-05-21 23:13:06+00:00,0.465
2026-05-21 23:14:04+00:00,0.465
2026-05-21 23:15:08+00:00,0.465
2026-05-21 23:16:08+00:00,0.465
2026-05-21 23:17:05+00:00,0.465
2026-05-21 23:18:09+00:00,0.465
2026-05-21 23:19:07+00:00,0.465
2026-05-21 23:20:08+00:00,0.465
2026-05-21 23:21:05+00:00,0.465
2026-05-21 23:22:06+00:00,0.465
2026-05-21 23:23:19+00:00,0.465
2026-05-21 23:24:05+00:00,0.465
2026-05-21 23:25:04+00:00,0.465
2026-05-21 23:26:07+00:00,0.465
2026-05-21 23:27:06+00:00,0.465
2026-05-21 23:28:04+00:00,0.465
2026-05-21 23:29:07+00:00,0.465
2026-05-21 23:30:07+00:00,0.465
2026-05-21 23:31:07+00:00,0.465
2026-05-21 23:32:05+00:00,0.465
2026-05-21 23:33:04+00:00,0.465
2026-05-21 23:34:18+00:00,0.465
2026-05-21 23:35:14+00:00,0.465
2026-05-21 23:36:07+00:00,0.465
2026-05-21 23:37:05+00:00,0.465
2026-05-21 23:38:06+00:00,0.465
2026-05-21 23:39:09+00:00,0.465
2026-05-21 23:40:06+00:00,0.465
2026-05-21 23:41:19+00:00,0.465
2026-05-21 23:42:06+00:00,0.465
2026-05-21 23:43:21+00:00,0.465
2026-05-21 23:44:09+00:00,0.465
2026-05-21 23:45:08+00:00,0.465
2026-05-21 23:46:05+00:00,0.465
2026-05-21 23:47:04+00:00,0.465
2026-05-21 23:48:05+00:00,0.465
2026-05-21 23:49:08+00:00,0.465
2026-05-21 23:50:09+00:00,0.465
2026-05-21 23:51:07+00:00,0.465
2026-05-21 23:52:05+00:00,0.465
2026-05-21 23:53:07+00:00,0.465
2026-05-21 23:54:08+00:00,0.465
2026-05-21 23:55:07+00:00,0.465
2026-05-21 23:56:05+00:00,0.465
2026-05-21 23:57:05+00:00,0.465
2026-05-21 23:58:07+00:00,0.465
2026-05-21 23:59:06+00:00,0.465
2026-05-22 00:00:24+00:00,0.465
2026-05-22 00:01:09+00:00,0.465
2026-05-22 00:02:06+00:00,0.465
2026-05-22 00:03:05+00:00,0.465
2026-05-22 00:04:05+00:00,0.465
2026-05-22 00:05:22+00:00,0.465
2026-05-22 00:06:06+00:00,0.465
2026-05-22 00:07:07+00:00,0.465
2026-05-22 00:08:05+00:00,0.465
2026-05-22 00:09:09+00:00,0.465
2026-05-22 00:10:10+00:00,0.465
2026-05-22 00:11:07+00:00,0.465
2026-05-22 00:12:08+00:00,0.465
2026-05-22 00:13:05+00:00,0.465
2026-05-22 00:14:07+00:00,0.465
2026-05-22 00:15:07+00:00,0.465
2026-05-22 00:16:08+00:00,0.465
2026-05-22 00:17:07+00:00,0.465
2026-05-22 00:18:23+00:00,0.465
2026-05-22 00:19:05+00:00,0.465
2026-05-22 00:20:08+00:00,0.465
2026-05-22 00:21:05+00:00,0.465
2026-05-22 00:22:05+00:00,0.465
2026-05-22 00:23:07+00:00,0.465
2026-05-22 00:24:07+00:00,0.465
2026-05-22 00:25:06+00:00,0.465
2026-05-22 00:26:07+00:00,0.465
2026-05-22 00:27:05+00:00,0.465
2026-05-22 00:28:04+00:00,0.465
2026-05-22 00:29:04+00:00,0.465
2026-05-22 00:30:11+00:00,0.465
2026-05-22 00:31:06+00:00,0.465
2026-05-22 00:32:04+00:00,0.465
2026-05-22 00:33:20+00:00,0.465
2026-05-22 00:34:07+00:00,0.465
2026-05-22 00:35:06+00:00,0.465
2026-05-22 00:36:18+00:00,0.465
2026-05-22 00:37:07+00:00,0.465
2026-05-22 00:38:10+00:00,0.465
2026-05-22 00:39:05+00:00,0.465
2026-05-22 00:40:08+00:00,0.465
2026-05-22 00:41:06+00:00,0.465
2026-05-22 00:42:06+00:00,0.465
2026-05-22 00:43:06+00:00,0.465
2026-05-22 00:44:06+00:00,0.465
2026-05-22 00:45:06+00:00,0.465
2026-05-22 00:46:04+00:00,0.465
2026-05-22 00:47:08+00:00,0.465
2026-05-22 00:48:07+00:00,0.465
2026-05-22 00:49:08+00:00,0.465
2026-05-22 00:50:06+00:00,0.465
2026-05-22 00:51:06+00:00,0.465
2026-05-22 00:52:04+00:00,0.465
2026-05-22 00:53:08+00:00,0.465
2026-05-22 00:54:15+00:00,0.465
2026-05-22 00:55:09+00:00,0.465
2026-05-22 00:56:07+00:00,0.465
2026-05-22 00:57:07+00:00,0.465
2026-05-22 00:58:05+00:00,0.465
2026-05-22 00:59:07+00:00,0.465
2026-05-22 01:00:08+00:00,0.465
2026-05-22 01:01:04+00:00,0.465
2026-05-22 01:02:10+00:00,0.465
2026-05-22 01:03:08+00:00,0.465
2026-05-22 01:04:07+00:00,0.465
2026-05-22 01:05:08+00:00,0.465
2026-05-22 01:06:23+00:00,0.465
2026-05-22 01:07:07+00:00,0.465
2026-05-22 01:08:06+00:00,0.465
2026-05-22 01:09:08+00:00,0.465
2026-05-22 01:10:07+00:00,0.465
2026-05-22 01:11:05+00:00,0.465
2026-05-22 01:12:07+00:00,0.465
2026-05-22 01:13:08+00:00,0.465
2026-05-22 01:14:04+00:00,0.465
2026-05-22 01:15:08+00:00,0.465
2026-05-22 01:16:04+00:00,0.465
2026-05-22 01:17:06+00:00,0.465
2026-05-22 01:18:05+00:00,0.465
2026-05-22 01:19:05+00:00,0.465
2026-05-22 01:20:06+00:00,0.465
2026-05-22 01:21:05+00:00,0.465
2026-05-22 01:22:05+00:00,0.465
2026-05-22 01:23:09+00:00,0.465
2026-05-22 01:24:05+00:00,0.465
2026-05-22 01:25:07+00:00,0.465
2026-05-22 01:26:04+00:00,0.465
2026-05-22 01:27:05+00:00,0.465
2026-05-22 01:28:05+00:00,0.465
2026-05-22 01:29:06+00:00,0.465
2026-05-22 01:30:20+00:00,0.465
2026-05-22 01:31:04+00:00,0.465
2026-05-22 01:32:06+00:00,0.465
2026-05-22 01:33:05+00:00,0.465
2026-05-22 01:34:03+00:00,0.465
2026-05-22 01:35:07+00:00,0.465
2026-05-22 01:36:04+00:00,0.465
2026-05-22 01:37:21+00:00,0.465
2026-05-22 01:38:08+00:00,0.465
2026-05-22 01:39:08+00:00,0.465
2026-05-22 01:40:05+00:00,0.465
2026-05-22 01:41:08+00:00,0.465
2026-05-22 01:42:06+00:00,0.465
2026-05-22 01:43:06+00:00,0.465
2026-05-22 01:44:07+00:00,0.465
2026-05-22 01:45:04+00:00,0.465
2026-05-22 01:46:07+00:00,0.465
2026-05-22 01:47:05+00:00,0.465
2026-05-22 01:48:07+00:00,0.465
2026-05-22 01:49:06+00:00,0.465
2026-05-22 01:50:07+00:00,0.465
2026-05-22 01:51:05+00:00,0.465
2026-05-22 01:52:04+00:00,0.465
2026-05-22 01:53:08+00:00,0.465
2026-05-22 01:54:06+00:00,0.465
2026-05-22 01:55:07+00:00,0.465
2026-05-22 01:56:06+00:00,0.465
2026-05-22 01:57:05+00:00,0.465
2026-05-22 01:58:07+00:00,0.465
2026-05-22 01:59:14+00:00,0.465
2026-05-22 02:00:06+00:00,0.465
2026-05-22 02:01:07+00:00,0.465
2026-05-22 02:02:06+00:00,0.465
2026-05-22 02:03:05+00:00,0.465
2026-05-22 02:04:04+00:00,0.465
2026-05-22 02:05:07+00:00,0.465
2026-05-22 02:06:21+00:00,0.465
2026-05-22 02:07:08+00:00,0.465
2026-05-22 02:08:06+00:00,0.465
2026-05-22 02:09:05+00:00,0.465
2026-05-22 02:10:09+00:00,0.465
2026-05-22 02:11:21+00:00,0.465
2026-05-22 02:12:04+00:00,0.465
2026-05-22 02:13:08+00:00,0.465
2026-05-22 02:14:06+00:00,0.465
2026-05-22 02:15:08+00:00,0.465
2026-05-22 02:16:08+00:00,0.465
2026-05-22 02:17:05+00:00,0.465
2026-05-22 02:18:19+00:00,0.465
2026-05-22 02:19:04+00:00,0.465
2026-05-22 02:20:06+00:00,0.465
2026-05-22 02:21:04+00:00,0.465
2026-05-22 02:22:08+00:00,0.465
2026-05-22 02:23:21+00:00,0.465
2026-05-22 02:24:05+00:00,0.465
2026-05-22 02:25:08+00:00,0.465
2026-05-22 02:26:05+00:00,0.465
2026-05-22 02:27:06+00:00,0.465
2026-05-22 02:28:06+00:00,0.465
2026-05-22 02:29:08+00:00,0.465
2026-05-22 02:30:09+00:00,0.465
2026-05-22 02:31:04+00:00,0.465
2026-05-22 02:32:06+00:00,0.465
2026-05-22 02:33:07+00:00,0.465
2026-05-22 02:34:05+00:00,0.465
2026-05-22 02:35:07+00:00,0.465
2026-05-22 02:36:07+00:00,0.465
2026-05-22 02:37:06+00:00,0.465
2026-05-22 02:38:09+00:00,0.465
2026-05-22 02:39:06+00:00,0.465
2026-05-22 02:40:07+00:00,0.465
2026-05-22 02:41:10+00:00,0.465
2026-05-22 02:42:17+00:00,0.465
2026-05-22 02:43:05+00:00,0.465
2026-05-22 02:44:09+00:00,0.465
2026-05-22 02:45:07+00:00,0.465
2026-05-22 02:46:04+00:00,0.465
2026-05-22 02:47:05+00:00,0.465
2026-05-22 02:48:06+00:00,0.465
2026-05-22 02:49:08+00:00,0.465
2026-05-22 02:50:06+00:00,0.465
2026-05-22 02:51:05+00:00,0.465
2026-05-22 02:52:05+00:00,0.465
2026-05-22 02:53:05+00:00,0.465
2026-05-22 02:54:08+00:00,0.465
2026-05-22 02:55:08+00:00,0.465
2026-05-22 02:56:06+00:00,0.465
2026-05-22 02:57:05+00:00,0.465
2026-05-22 02:58:16+00:00,0.465
2026-05-22 02:59:06+00:00,0.465
2026-05-22 03:00:14+00:00,0.465
2026-05-22 03:01:06+00:00,0.465
2026-05-22 03:02:04+00:00,0.465
2026-05-22 03:03:08+00:00,0.465
2026-05-22 03:04:05+00:00,0.465
2026-05-22 03:05:08+00:00,0.465
2026-05-22 03:06:05+00:00,0.465
2026-05-22 03:07:06+00:00,0.465
2026-05-22 03:08:18+00:00,0.465
2026-05-22 03:09:07+00:00,0.465
2026-05-22 03:10:04+00:00,0.465
2026-05-22 03:11:07+00:00,0.465
2026-05-22 03:12:04+00:00,0.465
2026-05-22 03:13:08+00:00,0.465
2026-05-22 03:14:05+00:00,0.465
2026-05-22 03:15:19+00:00,0.465
2026-05-22 03:16:06+00:00,0.465
2026-05-22 03:17:05+00:00,0.465
2026-05-22 03:18:08+00:00,0.465
2026-05-22 03:19:05+00:00,0.465
2026-05-22 03:20:06+00:00,0.465
2026-05-22 03:21:09+00:00,0.465
2026-05-22 03:22:05+00:00,0.465
2026-05-22 03:23:05+00:00,0.465
2026-05-22 03:24:07+00:00,0.465
2026-05-22 03:25:06+00:00,0.465
2026-05-22 03:26:18+00:00,0.465
2026-05-22 03:27:05+00:00,0.465
2026-05-22 03:28:22+00:00,0.465
2026-05-22 03:29:05+00:00,0.465
2026-05-22 03:30:10+00:00,0.465
2026-05-22 03:31:04+00:00,0.465
2026-05-22 03:32:18+00:00,0.465
2026-05-22 03:33:04+00:00,0.465
2026-05-22 03:34:06+00:00,0.465
2026-05-22 03:35:08+00:00,0.465
2026-05-22 03:36:04+00:00,0.465
2026-05-22 03:37:06+00:00,0.465
2026-05-22 03:38:04+00:00,0.465
2026-05-22 03:39:08+00:00,0.465
2026-05-22 03:40:07+00:00,0.465
2026-05-22 03:41:05+00:00,0.465
2026-05-22 03:42:05+00:00,0.465
2026-05-22 03:43:06+00:00,0.465
2026-05-22 03:44:06+00:00,0.465
2026-05-22 03:45:07+00:00,0.465
2026-05-22 03:46:05+00:00,0.465
2026-05-22 03:47:04+00:00,0.465
2026-05-22 03:48:06+00:00,0.465
2026-05-22 03:49:05+00:00,0.465
2026-05-22 03:50:06+00:00,0.465
2026-05-22 03:51:07+00:00,0.465
2026-05-22 03:52:04+00:00,0.465
2026-05-22 03:53:05+00:00,0.465
2026-05-22 03:54:10+00:00,0.465
2026-05-22 03:55:06+00:00,0.465
2026-05-22 03:56:04+00:00,0.465
2026-05-22 03:57:04+00:00,0.465
2026-05-22 03:58:05+00:00,0.465
2026-05-22 03:59:04+00:00,0.465
2026-05-22 04:00:09+00:00,0.465
2026-05-22 04:01:05+00:00,0.465
2026-05-22 04:02:03+00:00,0.465
2026-05-22 04:03:06+00:00,0.465
2026-05-22 04:04:05+00:00,0.465
2026-05-22 04:05:07+00:00,0.465
2026-05-22 04:06:19+00:00,0.465
2026-05-22 04:07:05+00:00,0.465
2026-05-22 04:08:08+00:00,0.465
2026-05-22 04:09:06+00:00,0.465
2026-05-22 04:10:07+00:00,0.465
2026-05-22 04:11:06+00:00,0.465
2026-05-22 04:12:04+00:00,0.465
2026-05-22 04:13:05+00:00,0.465
2026-05-22 04:14:06+00:00,0.465
2026-05-22 04:15:07+00:00,0.465
2026-05-22 04:16:05+00:00,0.465
2026-05-22 04:17:05+00:00,0.465
2026-05-22 04:18:17+00:00,0.465
2026-05-22 04:19:04+00:00,0.465
2026-05-22 04:20:11+00:00,0.465
2026-05-22 04:21:07+00:00,0.465
2026-05-22 04:22:05+00:00,0.465
2026-05-22 04:23:07+00:00,0.465
2026-05-22 04:24:05+00:00,0.465
2026-05-22 04:25:06+00:00,0.465
2026-05-22 04:26:05+00:00,0.465
2026-05-22 04:27:05+00:00,0.465
2026-05-22 04:28:05+00:00,0.465
2026-05-22 04:29:20+00:00,0.465
2026-05-22 04:30:10+00:00,0.465
2026-05-22 04:31:06+00:00,0.465
2026-05-22 04:32:05+00:00,0.465
2026-05-22 04:33:07+00:00,0.465
2026-05-22 04:34:18+00:00,0.465
2026-05-22 04:35:06+00:00,0.465
2026-05-22 04:36:05+00:00,0.465
2026-05-22 04:37:04+00:00,0.465
2026-05-22 04:38:06+00:00,0.465
2026-05-22 04:39:05+00:00,0.465
2026-05-22 04:40:10+00:00,0.465
2026-05-22 04:41:07+00:00,0.465
2026-05-22 04:42:06+00:00,0.465
2026-05-22 04:43:05+00:00,0.465
2026-05-22 04:44:04+00:00,0.465
2026-05-22 04:45:06+00:00,0.465
2026-05-22 04:46:07+00:00,0.465
2026-05-22 04:47:07+00:00,0.465
2026-05-22 04:48:05+00:00,0.465
2026-05-22 04:49:04+00:00,0.465
2026-05-22 04:50:06+00:00,0.465
2026-05-22 04:51:22+00:00,0.465
2026-05-22 04:52:05+00:00,0.465
2026-05-22 04:53:06+00:00,0.465
2026-05-22 04:54:06+00:00,0.465
2026-05-22 04:55:07+00:00,0.465
2026-05-22 04:56:05+00:00,0.465
2026-05-22 04:57:19+00:00,0.465
2026-05-22 04:58:08+00:00,0.465
2026-05-22 04:59:05+00:00,0.465
2026-05-22 05:00:15+00:00,0.465
2026-05-22 05:01:08+00:00,0.465
2026-05-22 05:02:05+00:00,0.465
2026-05-22 05:03:06+00:00,0.465
2026-05-22 05:04:05+00:00,0.465
2026-05-22 05:05:09+00:00,0.465
2026-05-22 05:06:10+00:00,0.465
2026-05-22 05:07:05+00:00,0.465
2026-05-22 05:08:07+00:00,0.465
2026-05-22 05:09:04+00:00,0.465
2026-05-22 05:10:12+00:00,0.465
2026-05-22 05:11:23+00:00,0.465
2026-05-22 05:12:21+00:00,0.465
2026-05-22 05:13:08+00:00,0.465
2026-05-22 05:14:08+00:00,0.465
2026-05-22 05:15:08+00:00,0.465
2026-05-22 05:16:06+00:00,0.465
2026-05-22 05:17:05+00:00,0.465
2026-05-22 05:18:09+00:00,0.465
2026-05-22 05:19:09+00:00,0.465
2026-05-22 05:20:09+00:00,0.465
2026-05-22 05:21:07+00:00,0.465
2026-05-22 05:22:05+00:00,0.465
2026-05-22 05:23:05+00:00,0.465
2026-05-22 05:24:10+00:00,0.465
2026-05-22 05:25:08+00:00,0.465
2026-05-22 05:26:05+00:00,0.465
2026-05-22 05:27:06+00:00,0.465
2026-05-22 05:28:08+00:00,0.465
2026-05-22 05:29:06+00:00,0.465
2026-05-22 05:30:21+00:00,0.465
2026-05-22 05:31:08+00:00,0.465
2026-05-22 05:32:05+00:00,0.465
2026-05-22 05:33:20+00:00,0.465
2026-05-22 05:34:10+00:00,0.465
2026-05-22 05:35:09+00:00,0.465
2026-05-22 05:36:06+00:00,0.465
2026-05-22 05:37:05+00:00,0.465
2026-05-22 05:38:08+00:00,0.465
2026-05-22 05:39:10+00:00,0.465
2026-05-22 05:40:08+00:00,0.465
2026-05-22 05:41:07+00:00,0.465
2026-05-22 05:42:05+00:00,0.465
2026-05-22 05:43:05+00:00,0.465
2026-05-22 05:44:09+00:00,0.465
2026-05-22 05:45:10+00:00,0.465
2026-05-22 05:46:09+00:00,0.465
2026-05-22 05:47:07+00:00,0.465
2026-05-22 05:48:06+00:00,0.465
2026-05-22 05:49:05+00:00,0.465
2026-05-22 05:50:10+00:00,0.465
2026-05-22 05:51:05+00:00,0.465
2026-05-22 05:52:08+00:00,0.465
2026-05-22 05:53:05+00:00,0.465
2026-05-22 05:54:05+00:00,0.465
2026-05-22 05:55:08+00:00,0.465
2026-05-22 05:56:06+00:00,0.465
2026-05-22 05:57:06+00:00,0.465
2026-05-22 05:58:05+00:00,0.465
2026-05-22 05:59:05+00:00,0.465
2026-05-22 06:00:24+00:00,0.465
2026-05-22 06:01:07+00:00,0.465
2026-05-22 06:02:07+00:00,0.465
2026-05-22 06:03:08+00:00,0.465
2026-05-22 06:04:05+00:00,0.465
2026-05-22 06:05:09+00:00,0.465
2026-05-22 06:06:06+00:00,0.465
2026-05-22 06:07:07+00:00,0.465
2026-05-22 06:08:06+00:00,0.465
2026-05-22 06:09:05+00:00,0.465
2026-05-22 06:10:19+00:00,0.465
2026-05-22 06:11:05+00:00,0.465
2026-05-22 06:12:06+00:00,0.465
2026-05-22 06:13:04+00:00,0.465
2026-05-22 06:14:05+00:00,0.465
2026-05-22 06:15:08+00:00,0.465
2026-05-22 06:16:08+00:00,0.465
2026-05-22 06:17:06+00:00,0.465
2026-05-22 06:18:05+00:00,0.465
2026-05-22 06:19:07+00:00,0.465
2026-05-22 06:20:07+00:00,0.465
2026-05-22 06:21:04+00:00,0.465
2026-05-22 06:22:08+00:00,0.465
2026-05-22 06:23:07+00:00,0.465
2026-05-22 06:24:05+00:00,0.465
2026-05-22 06:25:05+00:00,0.465
2026-05-22 06:26:06+00:00,0.465
2026-05-22 06:27:06+00:00,0.465
2026-05-22 06:28:06+00:00,0.465
2026-05-22 06:29:04+00:00,0.465
2026-05-22 06:30:09+00:00,0.465
2026-05-22 06:31:06+00:00,0.465
2026-05-22 06:32:05+00:00,0.465
2026-05-22 06:33:05+00:00,0.465
2026-05-22 06:34:09+00:00,0.465
2026-05-22 06:35:05+00:00,0.465
2026-05-22 06:36:16+00:00,0.465
2026-05-22 06:37:04+00:00,0.465
2026-05-22 06:38:18+00:00,0.465
2026-05-22 06:39:07+00:00,0.465
2026-05-22 06:40:05+00:00,0.465
2026-05-22 06:41:04+00:00,0.465
2026-05-22 06:42:05+00:00,0.465
2026-05-22 06:43:05+00:00,0.465
2026-05-22 06:44:18+00:00,0.465
2026-05-22 06:45:08+00:00,0.465
2026-05-22 06:46:05+00:00,0.465
2026-05-22 06:47:05+00:00,0.465
2026-05-22 06:48:08+00:00,0.465
2026-05-22 06:49:08+00:00,0.465
2026-05-22 06:50:04+00:00,0.465
2026-05-22 06:51:07+00:00,0.465
2026-05-22 06:52:05+00:00,0.465
2026-05-22 06:53:09+00:00,0.465
2026-05-22 06:54:08+00:00,0.465
2026-05-22 06:55:05+00:00,0.465
2026-05-22 06:56:08+00:00,0.465
2026-05-22 06:57:07+00:00,0.465
2026-05-22 06:58:06+00:00,0.465
2026-05-22 06:59:04+00:00,0.465
2026-05-22 07:00:12+00:00,0.465
2026-05-22 07:01:06+00:00,0.465
2026-05-22 07:02:04+00:00,0.465
2026-05-22 07:03:08+00:00,0.465
2026-05-22 07:04:07+00:00,0.465
2026-05-22 07:05:10+00:00,0.465
2026-05-22 07:06:06+00:00,0.465
2026-05-22 07:07:04+00:00,0.465
2026-05-22 07:08:08+00:00,0.465
2026-05-22 07:09:05+00:00,0.465
2026-05-22 07:10:05+00:00,0.465
2026-05-22 07:11:07+00:00,0.465
2026-05-22 07:12:04+00:00,0.465
2026-05-22 07:13:05+00:00,0.465
2026-05-22 07:14:05+00:00,0.465
2026-05-22 07:15:05+00:00,0.465
2026-05-22 07:16:05+00:00,0.465
2026-05-22 07:17:07+00:00,0.465
2026-05-22 07:18:06+00:00,0.465
2026-05-22 07:19:04+00:00,0.465
2026-05-22 07:20:07+00:00,0.465
2026-05-22 07:21:05+00:00,0.465
2026-05-22 07:22:08+00:00,0.465
2026-05-22 07:23:10+00:00,0.465
2026-05-22 07:24:05+00:00,0.465
2026-05-22 07:25:04+00:00,0.465
2026-05-22 07:26:10+00:00,0.465
2026-05-22 07:27:06+00:00,0.465
2026-05-22 07:28:06+00:00,0.465
2026-05-22 07:29:04+00:00,0.465
2026-05-22 07:30:09+00:00,0.465
2026-05-22 07:31:07+00:00,0.465
2026-05-22 07:32:05+00:00,0.465
2026-05-22 07:33:05+00:00,0.465
2026-05-22 07:34:07+00:00,0.465
2026-05-22 07:35:07+00:00,0.465
2026-05-22 07:36:06+00:00,0.465
2026-05-22 07:37:05+00:00,0.465
2026-05-22 07:38:19+00:00,0.465
2026-05-22 07:39:08+00:00,0.465
2026-05-22 07:40:06+00:00,0.465
2026-05-22 07:41:04+00:00,0.465
2026-05-22 07:42:07+00:00,0.465
2026-05-22 07:43:06+00:00,0.465
2026-05-22 07:44:04+00:00,0.465
2026-05-22 07:45:04+00:00,0.465
2026-05-22 07:46:06+00:00,0.465
2026-05-22 07:47:06+00:00,0.465
2026-05-22 07:48:05+00:00,0.465
2026-05-22 07:49:04+00:00,0.465
2026-05-22 07:50:06+00:00,0.465
2026-05-22 07:51:04+00:00,0.465
2026-05-22 07:52:08+00:00,0.465
2026-05-22 07:53:05+00:00,0.465
2026-05-22 07:54:05+00:00,0.465
2026-05-22 07:55:08+00:00,0.465
2026-05-22 07:56:06+00:00,0.465
2026-05-22 07:57:04+00:00,0.465
2026-05-22 07:58:06+00:00,0.465
2026-05-22 07:59:05+00:00,0.465
2026-05-22 08:00:06+00:00,0.465
2026-05-22 08:01:04+00:00,0.465
2026-05-22 08:02:07+00:00,0.465
2026-05-22 08:03:06+00:00,0.465
2026-05-22 08:04:05+00:00,0.465
2026-05-22 08:05:07+00:00,0.465
2026-05-22 08:06:05+00:00,0.465
2026-05-22 08:07:06+00:00,0.465
2026-05-22 08:08:06+00:00,0.465
2026-05-22 08:09:07+00:00,0.465
2026-05-22 08:10:06+00:00,0.465
2026-05-22 08:11:05+00:00,0.465
2026-05-22 08:12:04+00:00,0.465
2026-05-22 08:13:08+00:00,0.465
2026-05-22 08:14:05+00:00,0.465
2026-05-22 08:15:05+00:00,0.465
2026-05-22 08:16:04+00:00,0.465
2026-05-22 08:17:07+00:00,0.465
2026-05-22 08:18:09+00:00,0.465
2026-05-22 08:19:04+00:00,0.465
2026-05-22 08:20:06+00:00,0.465
2026-05-22 08:21:07+00:00,0.465
2026-05-22 08:22:06+00:00,0.465
2026-05-22 08:23:05+00:00,0.465
2026-05-22 08:24:08+00:00,0.465
2026-05-22 08:25:05+00:00,0.465
2026-05-22 08:26:04+00:00,0.465
2026-05-22 08:27:07+00:00,0.465
2026-05-22 08:28:08+00:00,0.465
2026-05-22 08:29:04+00:00,0.465
2026-05-22 08:30:07+00:00,0.465
2026-05-22 08:31:07+00:00,0.465
2026-05-22 08:32:06+00:00,0.465
2026-05-22 08:33:06+00:00,0.465
2026-05-22 08:34:06+00:00,0.465
2026-05-22 08:35:07+00:00,0.465
2026-05-22 08:36:07+00:00,0.465
2026-05-22 08:37:04+00:00,0.465
2026-05-22 08:38:06+00:00,0.465
2026-05-22 08:39:05+00:00,0.465
2026-05-22 08:40:07+00:00,0.465
2026-05-22 08:41:10+00:00,0.465
2026-05-22 08:42:20+00:00,0.465
2026-05-22 08:43:09+00:00,0.465
2026-05-22 08:44:06+00:00,0.465
2026-05-22 08:45:05+00:00,0.465
2026-05-22 08:46:09+00:00,0.465
2026-05-22 08:47:05+00:00,0.465
2026-05-22 08:48:06+00:00,0.465
2026-05-22 08:49:04+00:00,0.465
2026-05-22 08:50:05+00:00,0.465
2026-05-22 08:51:04+00:00,0.465
2026-05-22 08:52:04+00:00,0.465
2026-05-22 08:53:09+00:00,0.465
2026-05-22 08:54:07+00:00,0.465
2026-05-22 08:55:09+00:00,0.465
2026-05-22 08:56:07+00:00,0.465
2026-05-22 08:57:05+00:00,0.465
2026-05-22 08:58:05+00:00,0.465
2026-05-22 08:59:04+00:00,0.465
2026-05-22 09:00:13+00:00,0.465
2026-05-22 09:01:07+00:00,0.465
2026-05-22 09:02:04+00:00,0.465
2026-05-22 09:03:11+00:00,0.465
2026-05-22 09:04:07+00:00,0.465
2026-05-22 09:05:05+00:00,0.465
2026-05-22 09:06:08+00:00,0.465
2026-05-22 09:07:06+00:00,0.465
2026-05-22 09:08:08+00:00,0.465
2026-05-22 09:09:06+00:00,0.465
2026-05-22 09:10:05+00:00,0.465
2026-05-22 09:11:07+00:00,0.465
2026-05-22 09:12:04+00:00,0.465
2026-05-22 09:13:09+00:00,0.465
2026-05-22 09:14:06+00:00,0.465
2026-05-22 09:15:06+00:00,0.465
2026-05-22 09:16:05+00:00,0.465
2026-05-22 09:17:05+00:00,0.465
2026-05-22 09:18:05+00:00,0.465
2026-05-22 09:19:08+00:00,0.465
2026-05-22 09:20:06+00:00,0.465
2026-05-22 09:21:11+00:00,0.465
2026-05-22 09:22:07+00:00,0.465
2026-05-22 09:23:22+00:00,0.465
2026-05-22 09:24:16+00:00,0.465
2026-05-22 09:25:05+00:00,0.465
2026-05-22 09:26:08+00:00,0.465
2026-05-22 09:27:06+00:00,0.465
2026-05-22 09:28:06+00:00,0.465
2026-05-22 09:29:06+00:00,0.465
2026-05-22 09:30:08+00:00,0.465
2026-05-22 09:31:04+00:00,0.465
2026-05-22 09:32:07+00:00,0.465
2026-05-22 09:33:07+00:00,0.465
2026-05-22 09:34:04+00:00,0.465
2026-05-22 09:35:04+00:00,0.465
2026-05-22 09:36:10+00:00,0.465
2026-05-22 09:37:07+00:00,0.465
2026-05-22 09:38:08+00:00,0.465
2026-05-22 09:39:06+00:00,0.465
2026-05-22 09:40:06+00:00,0.465
2026-05-22 09:41:07+00:00,0.465
2026-05-22 09:42:08+00:00,0.465
2026-05-22 09:43:08+00:00,0.465
2026-05-22 09:44:04+00:00,0.465
2026-05-22 09:45:08+00:00,0.465
2026-05-22 09:46:17+00:00,0.465
2026-05-22 09:47:06+00:00,0.465
2026-05-22 09:48:05+00:00,0.465
2026-05-22 09:49:11+00:00,0.465
2026-05-22 09:50:06+00:00,0.465
2026-05-22 09:51:07+00:00,0.465
2026-05-22 09:52:08+00:00,0.465
2026-05-22 09:53:05+00:00,0.465
2026-05-22 09:54:05+00:00,0.465
2026-05-22 09:55:07+00:00,0.465
2026-05-22 09:56:06+00:00,0.465
2026-05-22 09:57:06+00:00,0.465
2026-05-22 09:58:05+00:00,0.465
2026-05-22 09:59:08+00:00,0.465
2026-05-22 10:00:08+00:00,0.465
2026-05-22 10:01:04+00:00,0.465
2026-05-22 10:02:10+00:00,0.465
2026-05-22 10:03:09+00:00,0.465
2026-05-22 10:04:06+00:00,0.465
2026-05-22 10:05:06+00:00,0.465
2026-05-22 10:06:19+00:00,0.465
2026-05-22 10:07:10+00:00,0.465
2026-05-22 10:08:07+00:00,0.465
2026-05-22 10:09:05+00:00,0.465
2026-05-22 10:10:08+00:00,0.465
2026-05-22 10:11:06+00:00,0.465
2026-05-22 10:12:05+00:00,0.465
2026-05-22 10:13:05+00:00,0.465
2026-05-22 10:14:08+00:00,0.465
2026-05-22 10:15:10+00:00,0.465
2026-05-22 10:16:06+00:00,0.465
2026-05-22 10:17:06+00:00,0.465
2026-05-22 10:18:14+00:00,0.465
2026-05-22 10:19:08+00:00,0.465
2026-05-22 10:20:07+00:00,0.465
2026-05-22 10:21:06+00:00,0.465
2026-05-22 10:22:05+00:00,0.465
2026-05-22 10:23:09+00:00,0.465
2026-05-22 10:24:07+00:00,0.465
2026-05-22 10:25:07+00:00,0.465
2026-05-22 10:26:09+00:00,0.465
2026-05-22 10:27:07+00:00,0.465
2026-05-22 10:28:06+00:00,0.465
2026-05-22 10:29:04+00:00,0.465
2026-05-22 10:30:08+00:00,0.465
2026-05-22 10:31:21+00:00,0.465
2026-05-22 10:32:04+00:00,0.465
2026-05-22 10:33:06+00:00,0.465
2026-05-22 10:34:05+00:00,0.465
2026-05-22 10:35:08+00:00,0.465
2026-05-22 10:36:07+00:00,0.465
2026-05-22 10:37:07+00:00,0.465
2026-05-22 10:38:05+00:00,0.465
2026-05-22 10:39:05+00:00,0.465
2026-05-22 10:40:09+00:00,0.465
2026-05-22 10:41:06+00:00,0.465
2026-05-22 10:42:20+00:00,0.465
2026-05-22 10:43:22+00:00,0.465
2026-05-22 10:44:08+00:00,0.465
2026-05-22 10:45:07+00:00,0.465
2026-05-22 10:46:05+00:00,0.465
2026-05-22 10:47:04+00:00,0.465
2026-05-22 10:48:08+00:00,0.465
2026-05-22 10:49:07+00:00,0.465
2026-05-22 10:50:06+00:00,0.465
2026-05-22 10:51:04+00:00,0.465
2026-05-22 10:52:04+00:00,0.465
2026-05-22 10:53:08+00:00,0.465
2026-05-22 10:54:07+00:00,0.465
2026-05-22 10:55:06+00:00,0.465
2026-05-22 10:56:04+00:00,0.465
2026-05-22 10:57:06+00:00,0.465
2026-05-22 10:58:08+00:00,0.465
2026-05-22 10:59:06+00:00,0.465
2026-05-22 11:00:08+00:00,0.465
2026-05-22 11:01:04+00:00,0.465
2026-05-22 11:02:04+00:00,0.465
2026-05-22 11:03:10+00:00,0.465
2026-05-22 11:04:08+00:00,0.465
2026-05-22 11:05:20+00:00,0.465
2026-05-22 11:06:04+00:00,0.465
2026-05-22 11:07:07+00:00,0.465
2026-05-22 11:08:06+00:00,0.465
2026-05-22 11:09:06+00:00,0.465
2026-05-22 11:10:09+00:00,0.465
2026-05-22 11:11:08+00:00,0.465
2026-05-22 11:12:06+00:00,0.465
2026-05-22 11:13:06+00:00,0.465
2026-05-22 11:14:07+00:00,0.465
2026-05-22 11:15:09+00:00,0.465
2026-05-22 11:16:06+00:00,0.465
2026-05-22 11:17:04+00:00,0.465
2026-05-22 11:18:05+00:00,0.465
2026-05-22 11:19:04+00:00,0.465
2026-05-22 11:20:04+00:00,0.465
2026-05-22 11:21:10+00:00,0.465
2026-05-22 11:22:06+00:00,0.465
2026-05-22 11:23:20+00:00,0.465
2026-05-22 11:24:05+00:00,0.465
2026-05-22 11:25:05+00:00,0.465
2026-05-22 11:26:07+00:00,0.465
2026-05-22 11:27:06+00:00,0.465
2026-05-22 11:28:05+00:00,0.465
2026-05-22 11:29:04+00:00,0.465
2026-05-22 11:30:06+00:00,0.465
2026-05-22 11:31:04+00:00,0.465
2026-05-22 11:32:08+00:00,0.465
2026-05-22 11:33:06+00:00,0.465
2026-05-22 11:34:06+00:00,0.465
2026-05-22 11:35:04+00:00,0.465
2026-05-22 11:36:04+00:00,0.465
2026-05-22 11:37:06+00:00,0.465
2026-05-22 11:38:05+00:00,0.465
2026-05-22 11:39:05+00:00,0.465
2026-05-22 11:40:08+00:00,0.465
2026-05-22 11:41:07+00:00,0.465
2026-05-22 11:42:07+00:00,0.465
2026-05-22 11:43:06+00:00,0.465
2026-05-22 11:44:04+00:00,0.465
2026-05-22 11:45:08+00:00,0.465
2026-05-22 11:46:07+00:00,0.465
2026-05-22 11:47:10+00:00,0.465
2026-05-22 11:48:05+00:00,0.465
2026-05-22 11:49:06+00:00,0.465
2026-05-22 11:50:07+00:00,0.465
2026-05-22 11:51:06+00:00,0.465
2026-05-22 11:52:07+00:00,0.465
2026-05-22 11:53:06+00:00,0.465
2026-05-22 11:54:05+00:00,0.465
2026-05-22 11:55:04+00:00,0.465
2026-05-22 11:56:06+00:00,0.465
2026-05-22 11:57:04+00:00,0.465
2026-05-22 11:58:09+00:00,0.465
2026-05-22 11:59:06+00:00,0.465
2026-05-22 12:00:15+00:00,0.465
2026-05-22 12:01:04+00:00,0.465
2026-05-22 12:02:04+00:00,0.465
2026-05-22 12:03:08+00:00,0.465
2026-05-22 12:04:06+00:00,0.465
2026-05-22 12:05:05+00:00,0.465
2026-05-22 12:06:06+00:00,0.465
2026-05-22 12:07:06+00:00,0.465
2026-05-22 12:08:07+00:00,0.465
2026-05-22 12:09:08+00:00,0.465
2026-05-22 12:10:06+00:00,0.465
2026-05-22 12:11:05+00:00,0.465
2026-05-22 12:12:07+00:00,0.465
2026-05-22 12:17:11+00:00,0.465
2026-05-22 12:17:19+00:00,0.465
2026-05-22 12:18:08+00:00,0.465
2026-05-22 12:19:04+00:00,0.465
2026-05-22 12:20:05+00:00,0.465
2026-05-22 12:21:04+00:00,0.465
2026-05-22 12:22:04+00:00,0.465
2026-05-22 12:23:04+00:00,0.465
2026-05-22 12:24:05+00:00,0.465
2026-05-22 12:25:10+00:00,0.465
2026-05-22 12:26:04+00:00,0.465
2026-05-22 12:27:05+00:00,0.465
2026-05-22 12:28:06+00:00,0.465
2026-05-22 12:29:05+00:00,0.465
2026-05-22 12:30:07+00:00,0.465
2026-05-22 12:31:07+00:00,0.465
2026-05-22 12:32:05+00:00,0.465
2026-05-22 12:33:05+00:00,0.465
2026-05-22 12:34:05+00:00,0.465
2026-05-22 12:35:07+00:00,0.465
2026-05-22 12:36:07+00:00,0.465
2026-05-22 12:37:04+00:00,0.465
2026-05-22 12:38:07+00:00,0.465
2026-05-22 12:39:05+00:00,0.465
2026-05-22 12:40:05+00:00,0.465
2026-05-22 12:41:04+00:00,0.465
2026-05-22 12:42:04+00:00,0.465
2026-05-22 12:43:05+00:00,0.465
2026-05-22 12:44:08+00:00,0.465
2026-05-22 12:45:06+00:00,0.465
2026-05-22 12:46:05+00:00,0.465
2026-05-22 12:47:05+00:00,0.465
2026-05-22 12:48:05+00:00,0.465
2026-05-22 12:49:05+00:00,0.465
2026-05-22 12:50:05+00:00,0.465
2026-05-22 12:51:05+00:00,0.465
2026-05-22 12:52:04+00:00,0.465
2026-05-22 12:53:17+00:00,0.465
2026-05-22 12:54:05+00:00,0.465
2026-05-22 12:55:05+00:00,0.465
2026-05-22 12:56:04+00:00,0.465
2026-05-22 12:57:04+00:00,0.465
2026-05-22 12:58:05+00:00,0.465
2026-05-22 12:59:04+00:00,0.465
2026-05-22 13:00:06+00:00,0.465
2026-05-22 13:01:19+00:00,0.465
2026-05-22 13:02:04+00:00,0.465
2026-05-22 13:03:05+00:00,0.465
2026-05-22 13:04:04+00:00,0.465
2026-05-22 13:05:07+00:00,0.465
2026-05-22 13:06:06+00:00,0.465
2026-05-22 13:07:04+00:00,0.465
2026-05-22 13:08:05+00:00,0.465
2026-05-22 13:09:05+00:00,0.465
2026-05-22 13:10:22+00:00,0.465
2026-05-22 13:11:04+00:00,0.465
2026-05-22 13:12:04+00:00,0.465
2026-05-22 13:13:05+00:00,0.465
2026-05-22 13:14:07+00:00,0.465
2026-05-22 13:15:06+00:00,0.465
2026-05-22 13:16:04+00:00,0.465
2026-05-22 13:17:04+00:00,0.465
2026-05-22 13:18:04+00:00,0.465
2026-05-22 13:19:20+00:00,0.465
2026-05-22 13:20:04+00:00,0.465
2026-05-22 13:21:04+00:00,0.465
2026-05-22 13:22:04+00:00,0.465
2026-05-22 13:23:05+00:00,0.465
2026-05-22 13:24:04+00:00,0.465
2026-05-22 13:25:05+00:00,0.465
2026-05-22 13:26:04+00:00,0.465
2026-05-22 13:27:04+00:00,0.465
2026-05-22 13:28:04+00:00,0.465
2026-05-22 13:29:04+00:00,0.465
2026-05-22 13:30:05+00:00,0.465
2026-05-22 13:31:05+00:00,0.465
2026-05-22 13:32:05+00:00,0.465
2026-05-22 13:33:05+00:00,0.465
2026-05-22 13:34:04+00:00,0.465
2026-05-22 13:35:05+00:00,0.465
2026-05-22 13:36:05+00:00,0.465
2026-05-22 13:37:05+00:00,0.465
2026-05-22 13:38:16+00:00,0.465
2026-05-22 13:39:05+00:00,0.465
2026-05-22 13:40:08+00:00,0.465
2026-05-22 13:41:05+00:00,0.465
2026-05-22 13:42:04+00:00,0.465
2026-05-22 13:43:05+00:00,0.465
2026-05-22 13:44:05+00:00,0.465
2026-05-22 13:45:19+00:00,0.465
2026-05-22 13:46:05+00:00,0.465
2026-05-22 13:47:04+00:00,0.465
2026-05-22 13:48:07+00:00,0.465
2026-05-22 13:49:05+00:00,0.465
2026-05-22 13:50:05+00:00,0.465
2026-05-22 13:51:05+00:00,0.465
2026-05-22 13:52:05+00:00,0.465
2026-05-22 13:53:05+00:00,0.465
2026-05-22 13:54:05+00:00,0.465
2026-05-22 13:55:05+00:00,0.465
2026-05-22 13:56:04+00:00,0.465
2026-05-22 13:57:05+00:00,0.465
2026-05-22 13:58:06+00:00,0.465
2026-05-22 13:59:05+00:00,0.465
2026-05-22 14:00:11+00:00,0.465
2026-05-22 14:01:04+00:00,0.465
2026-05-22 14:02:08+00:00,0.465
2026-05-22 14:03:05+00:00,0.465
2026-05-22 14:04:19+00:00,0.465
2026-05-22 14:05:06+00:00,0.465
2026-05-22 14:06:05+00:00,0.465
2026-05-22 14:07:05+00:00,0.465
2026-05-22 14:08:06+00:00,0.465
2026-05-22 14:09:05+00:00,0.465
2026-05-22 14:10:05+00:00,0.465
2026-05-22 14:11:05+00:00,0.465
2026-05-22 14:12:06+00:00,0.465
2026-05-22 14:13:05+00:00,0.465
2026-05-22 14:14:04+00:00,0.465
2026-05-22 14:15:05+00:00,0.465
2026-05-22 14:16:05+00:00,0.465
2026-05-22 14:17:05+00:00,0.465
2026-05-22 14:18:18+00:00,0.465
2026-05-22 14:19:05+00:00,0.465
2026-05-22 14:20:05+00:00,0.465
2026-05-22 14:21:05+00:00,0.465
2026-05-22 14:22:05+00:00,0.465
2026-05-22 14:23:06+00:00,0.465
2026-05-22 14:24:05+00:00,0.465
2026-05-22 14:25:05+00:00,0.465
2026-05-22 14:26:04+00:00,0.465
2026-05-22 14:27:04+00:00,0.465
2026-05-22 14:28:08+00:00,0.465
2026-05-22 14:29:05+00:00,0.465
2026-05-22 14:30:07+00:00,0.465
2026-05-22 14:31:04+00:00,0.465
2026-05-22 14:32:04+00:00,0.465
2026-05-22 14:33:04+00:00,0.465
2026-05-22 14:34:06+00:00,0.465
2026-05-22 14:35:05+00:00,0.465
2026-05-22 14:36:04+00:00,0.465
2026-05-22 14:37:07+00:00,0.465
2026-05-22 14:38:05+00:00,0.465
2026-05-22 14:39:05+00:00,0.465
2026-05-22 14:40:18+00:00,0.465
2026-05-22 14:41:04+00:00,0.465
2026-05-22 14:42:04+00:00,0.465
2026-05-22 14:43:05+00:00,0.465
2026-05-22 14:44:04+00:00,0.465
2026-05-22 14:45:04+00:00,0.465
2026-05-22 14:46:04+00:00,0.465
2026-05-22 14:47:04+00:00,0.465
2026-05-22 14:48:05+00:00,0.465
2026-05-22 14:49:04+00:00,0.465
2026-05-22 14:50:04+00:00,0.465
2026-05-22 14:51:04+00:00,0.465
2026-05-22 14:52:16+00:00,0.465
2026-05-22 14:53:05+00:00,0.465
2026-05-22 14:54:08+00:00,0.465
2026-05-22 14:55:06+00:00,0.465
2026-05-22 14:56:04+00:00,0.465
2026-05-22 14:57:06+00:00,0.465
2026-05-22 14:58:16+00:00,0.465
2026-05-22 14:59:04+00:00,0.465
2026-05-22 15:00:12+00:00,0.465
2026-05-22 15:01:05+00:00,0.465
2026-05-22 15:02:04+00:00,0.465
2026-05-22 15:03:04+00:00,0.465
2026-05-22 15:04:04+00:00,0.465
2026-05-22 15:05:04+00:00,0.465
2026-05-22 15:06:04+00:00,0.465
2026-05-22 15:07:04+00:00,0.465
2026-05-22 15:08:05+00:00,0.465
2026-05-22 15:09:04+00:00,0.465
2026-05-22 15:10:18+00:00,0.465
2026-05-22 15:11:04+00:00,0.465
2026-05-22 15:12:07+00:00,0.465
2026-05-22 15:13:05+00:00,0.465
2026-05-22 15:14:04+00:00,0.465
2026-05-22 15:15:05+00:00,0.465
2026-05-22 15:16:04+00:00,0.465
2026-05-22 15:17:04+00:00,0.465
2026-05-22 15:18:05+00:00,0.465
2026-05-22 15:19:05+00:00,0.465
2026-05-22 15:20:08+00:00,0.465
2026-05-22 15:21:06+00:00,0.465
2026-05-22 15:22:05+00:00,0.465
2026-05-22 15:23:04+00:00,0.465
2026-05-22 15:24:16+00:00,0.465
2026-05-22 15:25:04+00:00,0.465
2026-05-22 15:26:04+00:00,0.465
2026-05-22 15:27:06+00:00,0.465
2026-05-22 15:28:05+00:00,0.465
2026-05-22 15:29:04+00:00,0.465
2026-05-22 15:30:07+00:00,0.465
2026-05-22 15:31:05+00:00,0.465
2026-05-22 15:32:05+00:00,0.465
2026-05-22 15:33:04+00:00,0.465
2026-05-22 15:34:05+00:00,0.465
2026-05-22 15:35:04+00:00,0.465
2026-05-22 15:36:04+00:00,0.465
2026-05-22 15:37:04+00:00,0.465
2026-05-22 15:38:04+00:00,0.465
2026-05-22 15:39:05+00:00,0.465
2026-05-22 15:40:05+00:00,0.465
2026-05-22 15:41:04+00:00,0.465
2026-05-22 15:42:04+00:00,0.465
2026-05-22 15:43:15+00:00,0.465
2026-05-22 15:44:03+00:00,0.465
2026-05-22 15:45:16+00:00,0.465
2026-05-22 15:46:06+00:00,0.465
2026-05-22 15:47:04+00:00,0.465
2026-05-22 15:48:04+00:00,0.465
2026-05-22 15:49:04+00:00,0.465
2026-05-22 15:50:06+00:00,0.465
2026-05-22 15:51:04+00:00,0.465
2026-05-22 15:52:04+00:00,0.465
2026-05-22 15:53:05+00:00,0.465
2026-05-22 15:54:04+00:00,0.465
2026-05-22 15:55:04+00:00,0.465
2026-05-22 15:56:04+00:00,0.465
2026-05-22 15:57:04+00:00,0.465
2026-05-22 15:58:05+00:00,0.465
2026-05-22 15:59:04+00:00,0.465
2026-05-22 16:00:17+00:00,0.465
2026-05-22 16:01:04+00:00,0.465
2026-05-22 16:02:04+00:00,0.465
2026-05-22 16:03:05+00:00,0.465
2026-05-22 16:04:04+00:00,0.465
2026-05-22 16:05:04+00:00,0.465
2026-05-22 16:06:04+00:00,0.465
2026-05-22 16:07:04+00:00,0.465
2026-05-22 16:08:05+00:00,0.465
2026-05-22 16:09:05+00:00,0.465
2026-05-22 16:10:04+00:00,0.465
2026-05-22 16:11:04+00:00,0.465
2026-05-22 16:12:07+00:00,0.465
2026-05-22 16:13:05+00:00,0.465
2026-05-22 16:14:08+00:00,0.465
2026-05-22 16:15:05+00:00,0.465
2026-05-22 16:16:04+00:00,0.465
2026-05-22 16:17:04+00:00,0.465
2026-05-22 16:18:04+00:00,0.465
2026-05-22 16:19:04+00:00,0.465
2026-05-22 16:20:04+00:00,0.465
2026-05-22 16:21:04+00:00,0.465
2026-05-22 16:22:03+00:00,0.465
2026-05-22 16:23:05+00:00,0.465
2026-05-22 16:24:06+00:00,0.465
2026-05-22 16:25:04+00:00,0.465
2026-05-22 16:26:04+00:00,0.465
2026-05-22 16:27:04+00:00,0.465
2026-05-22 16:28:08+00:00,0.465
2026-05-22 16:29:04+00:00,0.465
2026-05-22 16:30:06+00:00,0.465
2026-05-22 16:31:04+00:00,0.465
2026-05-22 16:32:04+00:00,0.465
2026-05-22 16:33:05+00:00,0.465
2026-05-22 16:34:05+00:00,0.465
2026-05-22 16:35:04+00:00,0.465
2026-05-22 16:36:04+00:00,0.465
2026-05-22 16:37:04+00:00,0.465
2026-05-22 16:38:04+00:00,0.465
2026-05-22 16:39:05+00:00,0.465
2026-05-22 16:40:04+00:00,0.465
2026-05-22 16:41:04+00:00,0.465
2026-05-22 16:42:03+00:00,0.465
2026-05-22 16:43:05+00:00,0.465
2026-05-22 16:44:06+00:00,0.465
2026-05-22 16:45:04+00:00,0.465
2026-05-22 16:46:04+00:00,0.465
2026-05-22 16:47:04+00:00,0.465
2026-05-22 16:48:05+00:00,0.465
2026-05-22 16:49:05+00:00,0.465
2026-05-22 16:50:04+00:00,0.465
2026-05-22 16:51:04+00:00,0.465
2026-05-22 16:52:04+00:00,0.455
2026-05-22 16:53:04+00:00,0.455
2026-05-22 16:54:07+00:00,0.455
2026-05-22 16:55:05+00:00,0.455
2026-05-22 16:56:04+00:00,0.455
2026-05-22 16:57:03+00:00,0.455
2026-05-22 16:58:04+00:00,0.455
2026-05-22 16:59:04+00:00,0.455
2026-05-22 17:00:06+00:00,0.455
2026-05-22 17:01:05+00:00,0.455
2026-05-22 17:02:04+00:00,0.455
2026-05-22 17:03:11+00:00,0.455
2026-05-22 17:04:04+00:00,0.455
2026-05-22 17:05:04+00:00,0.455
2026-05-22 17:06:04+00:00,0.455
2026-05-22 17:07:04+00:00,0.455
2026-05-22 17:08:07+00:00,0.455
2026-05-22 17:09:06+00:00,0.455
2026-05-22 17:10:04+00:00,0.455
2026-05-22 17:11:04+00:00,0.455
2026-05-22 17:12:04+00:00,0.455
2026-05-22 17:13:04+00:00,0.455
2026-05-22 17:14:04+00:00,0.455
2026-05-22 17:15:05+00:00,0.455
2026-05-22 17:16:04+00:00,0.455
2026-05-22 17:17:04+00:00,0.455
2026-05-22 17:18:19+00:00,0.455
2026-05-22 17:19:17+00:00,0.455
2026-05-22 17:20:11+00:00,0.455
2026-05-22 17:21:05+00:00,0.455
2026-05-22 17:22:04+00:00,0.455
2026-05-22 17:23:09+00:00,0.455
2026-05-22 17:24:04+00:00,0.455
2026-05-22 17:25:04+00:00,0.455
2026-05-22 17:26:04+00:00,0.455
2026-05-22 17:27:06+00:00,0.455
2026-05-22 17:28:05+00:00,0.455
2026-05-22 17:29:04+00:00,0.455
2026-05-22 17:30:09+00:00,0.455
2026-05-22 17:31:04+00:00,0.455
2026-05-22 17:32:04+00:00,0.455
2026-05-22 17:33:04+00:00,0.455
2026-05-22 17:34:04+00:00,0.455
2026-05-22 17:35:04+00:00,0.455
2026-05-22 17:36:16+00:00,0.455
2026-05-22 17:37:04+00:00,0.455
2026-05-22 17:38:05+00:00,0.455
2026-05-22 17:39:04+00:00,0.455
2026-05-22 17:40:06+00:00,0.455
2026-05-22 17:41:05+00:00,0.455
2026-05-22 17:42:04+00:00,0.455
2026-05-22 17:43:05+00:00,0.455
2026-05-22 17:44:04+00:00,0.455
2026-05-22 17:45:04+00:00,0.455
2026-05-22 17:46:08+00:00,0.455
2026-05-22 17:47:04+00:00,0.455
2026-05-22 17:48:05+00:00,0.455
2026-05-22 17:49:04+00:00,0.455
2026-05-22 17:50:06+00:00,0.455
2026-05-22 17:51:04+00:00,0.455
2026-05-22 17:52:04+00:00,0.455
2026-05-22 17:53:04+00:00,0.455
2026-05-22 17:54:05+00:00,0.455
2026-05-22 17:55:04+00:00,0.455
2026-05-22 17:56:05+00:00,0.455
2026-05-22 17:57:05+00:00,0.455
2026-05-22 17:58:06+00:00,0.455
2026-05-22 17:59:04+00:00,0.455
2026-05-22 18:00:23+00:00,0.455
2026-05-22 18:01:05+00:00,0.455
2026-05-22 18:02:05+00:00,0.455
2026-05-22 18:03:04+00:00,0.455
2026-05-22 18:04:04+00:00,0.455
2026-05-22 18:05:05+00:00,0.455
2026-05-22 18:06:06+00:00,0.455
2026-05-22 18:07:04+00:00,0.455
2026-05-22 18:08:06+00:00,0.455
2026-05-22 18:09:04+00:00,0.455
2026-05-22 18:10:05+00:00,0.455
2026-05-22 18:11:18+00:00,0.455
2026-05-22 18:12:09+00:00,0.455
2026-05-22 18:13:05+00:00,0.455
2026-05-22 18:14:05+00:00,0.455
2026-05-22 18:15:05+00:00,0.455
2026-05-22 18:16:05+00:00,0.455
2026-05-22 18:17:05+00:00,0.455
2026-05-22 18:18:04+00:00,0.455
2026-05-22 18:19:06+00:00,0.455
2026-05-22 18:20:05+00:00,0.455
2026-05-22 18:21:04+00:00,0.455
2026-05-22 18:22:04+00:00,0.455
2026-05-22 18:23:07+00:00,0.455
2026-05-22 18:24:05+00:00,0.455
2026-05-22 18:25:05+00:00,0.455
2026-05-22 18:26:06+00:00,0.455
2026-05-22 18:27:05+00:00,0.455
2026-05-22 18:28:05+00:00,0.455
2026-05-22 18:29:04+00:00,0.455
2026-05-22 18:30:06+00:00,0.455
2026-05-22 18:31:04+00:00,0.455
2026-05-22 18:32:04+00:00,0.455
2026-05-22 18:33:05+00:00,0.455
2026-05-22 18:34:05+00:00,0.455
2026-05-22 18:35:05+00:00,0.455
2026-05-22 18:36:05+00:00,0.455
2026-05-22 18:37:04+00:00,0.455
2026-05-22 18:38:22+00:00,0.455
2026-05-22 18:39:04+00:00,0.455
2026-05-22 18:40:09+00:00,0.455
2026-05-22 18:41:20+00:00,0.455
2026-05-22 18:42:05+00:00,0.455
2026-05-22 18:43:05+00:00,0.455
2026-05-22 18:44:05+00:00,0.455
2026-05-22 18:45:17+00:00,0.455
2026-05-22 18:46:05+00:00,0.455
2026-05-22 18:47:05+00:00,0.455
2026-05-22 18:48:05+00:00,0.455
2026-05-22 18:49:04+00:00,0.455
2026-05-22 18:50:05+00:00,0.455
2026-05-22 18:51:05+00:00,0.455
2026-05-22 18:52:05+00:00,0.455
2026-05-22 18:53:05+00:00,0.455
2026-05-22 18:54:05+00:00,0.455
2026-05-22 18:55:06+00:00,0.455
2026-05-22 18:56:05+00:00,0.455
2026-05-22 18:57:04+00:00,0.455
2026-05-22 18:58:04+00:00,0.455
2026-05-22 18:59:05+00:00,0.455
2026-05-22 19:00:09+00:00,0.455
2026-05-22 19:01:18+00:00,0.455
2026-05-22 19:02:04+00:00,0.455
2026-05-22 19:03:07+00:00,0.455
2026-05-22 19:04:06+00:00,0.455
2026-05-22 19:05:05+00:00,0.455
2026-05-22 19:06:08+00:00,0.455
2026-05-22 19:07:05+00:00,0.455
2026-05-22 19:08:16+00:00,0.455
2026-05-22 19:09:04+00:00,0.455
2026-05-22 19:10:05+00:00,0.455
2026-05-22 19:11:06+00:00,0.455
2026-05-22 19:12:18+00:00,0.455
2026-05-22 19:13:05+00:00,0.455
2026-05-22 19:14:04+00:00,0.455
2026-05-22 19:15:05+00:00,0.455
2026-05-22 19:16:04+00:00,0.455
2026-05-22 19:17:04+00:00,0.455
2026-05-22 19:18:05+00:00,0.455
2026-05-22 19:19:05+00:00,0.455
2026-05-22 19:20:05+00:00,0.455
2026-05-22 19:21:05+00:00,0.455
2026-05-22 19:22:04+00:00,0.455
2026-05-22 19:23:05+00:00,0.455
2026-05-22 19:24:05+00:00,0.455
2026-05-22 19:25:04+00:00,0.455
2026-05-22 19:26:05+00:00,0.455
2026-05-22 19:27:04+00:00,0.455
2026-05-22 19:28:04+00:00,0.455
2026-05-22 19:29:06+00:00,0.455
2026-05-22 19:30:09+00:00,0.455
2026-05-22 19:31:06+00:00,0.455
2026-05-22 19:32:08+00:00,0.455
2026-05-22 19:33:20+00:00,0.455
2026-05-22 19:34:05+00:00,0.455
2026-05-22 19:35:07+00:00,0.455
2026-05-22 19:36:06+00:00,0.455
2026-05-22 19:37:05+00:00,0.455
2026-05-22 19:38:05+00:00,0.455
2026-05-22 19:39:05+00:00,0.455
2026-05-22 19:40:04+00:00,0.455
2026-05-22 19:41:04+00:00,0.455
2026-05-22 19:42:04+00:00,0.455
2026-05-22 19:43:19+00:00,0.455
2026-05-22 19:44:04+00:00,0.455
2026-05-22 19:45:04+00:00,0.455
2026-05-22 19:46:04+00:00,0.455
2026-05-22 19:47:04+00:00,0.455
2026-05-22 19:48:04+00:00,0.455
2026-05-22 19:49:08+00:00,0.455
2026-05-22 19:50:05+00:00,0.455
2026-05-22 19:51:04+00:00,0.455
2026-05-22 19:52:04+00:00,0.455
2026-05-22 19:53:05+00:00,0.455
2026-05-22 19:54:07+00:00,0.455
2026-05-22 19:55:05+00:00,0.455
2026-05-22 19:56:04+00:00,0.455
2026-05-22 19:57:04+00:00,0.455
2026-05-22 19:58:07+00:00,0.455
2026-05-22 19:59:05+00:00,0.455
2026-05-22 20:00:08+00:00,0.455
2026-05-22 20:01:04+00:00,0.455
2026-05-22 20:02:05+00:00,0.455
2026-05-22 20:03:06+00:00,0.455
2026-05-22 20:04:20+00:00,0.455
2026-05-22 20:05:06+00:00,0.455
2026-05-22 20:06:05+00:00,0.455
2026-05-22 20:07:05+00:00,0.455
2026-05-22 20:08:06+00:00,0.455
2026-05-22 20:09:05+00:00,0.455
2026-05-22 20:10:05+00:00,0.455
2026-05-22 20:11:04+00:00,0.455
2026-05-22 20:12:04+00:00,0.455
2026-05-22 20:13:06+00:00,0.455
2026-05-22 20:14:06+00:00,0.455
2026-05-22 20:15:05+00:00,0.455
2026-05-22 20:16:04+00:00,0.455
2026-05-22 20:17:07+00:00,0.455
2026-05-22 20:18:05+00:00,0.455
2026-05-22 20:19:04+00:00,0.455
2026-05-22 20:20:06+00:00,0.455
2026-05-22 20:21:04+00:00,0.455
2026-05-22 20:22:05+00:00,0.455
2026-05-22 20:23:06+00:00,0.455
2026-05-22 20:24:05+00:00,0.455
2026-05-22 20:25:04+00:00,0.455
2026-05-22 20:26:04+00:00,0.455
2026-05-22 20:27:04+00:00,0.455
2026-05-22 20:28:05+00:00,0.455
2026-05-22 20:29:07+00:00,0.455
2026-05-22 20:30:07+00:00,0.455
2026-05-22 20:31:05+00:00,0.455
2026-05-22 20:32:16+00:00,0.455
2026-05-22 20:33:04+00:00,0.455
2026-05-22 20:34:04+00:00,0.455
2026-05-22 20:35:18+00:00,0.455
2026-05-22 20:36:04+00:00,0.455
2026-05-22 20:37:05+00:00,0.455
2026-05-22 20:38:05+00:00,0.455
2026-05-22 20:39:20+00:00,0.455
2026-05-22 20:40:06+00:00,0.455
2026-05-22 20:41:05+00:00,0.455
2026-05-22 20:42:04+00:00,0.455
2026-05-22 20:43:05+00:00,0.455
2026-05-22 20:44:04+00:00,0.455
2026-05-22 20:45:05+00:00,0.455
2026-05-22 20:46:04+00:00,0.455
2026-05-22 20:47:04+00:00,0.455
2026-05-22 20:48:04+00:00,0.455
2026-05-22 20:49:04+00:00,0.455
2026-05-22 20:50:06+00:00,0.455
2026-05-22 20:51:03+00:00,0.455
2026-05-22 20:52:05+00:00,0.455
2026-05-22 20:53:04+00:00,0.455
2026-05-22 20:54:05+00:00,0.455
2026-05-22 20:55:08+00:00,0.455
2026-05-22 20:56:05+00:00,0.455
2026-05-22 20:57:03+00:00,0.455
2026-05-22 20:58:05+00:00,0.455
2026-05-22 20:59:05+00:00,0.455
2026-05-22 21:00:12+00:00,0.455
2026-05-22 21:01:16+00:00,0.455
2026-05-22 21:02:06+00:00,0.455
2026-05-22 21:03:05+00:00,0.455
2026-05-22 21:04:04+00:00,0.455
2026-05-22 21:05:16+00:00,0.455
2026-05-22 21:06:07+00:00,0.455
2026-05-22 21:07:04+00:00,0.455
2026-05-22 21:08:05+00:00,0.455
2026-05-22 21:09:05+00:00,0.455
2026-05-22 21:10:06+00:00,0.455
2026-05-22 21:11:04+00:00,0.455
2026-05-22 21:12:04+00:00,0.455
2026-05-22 21:13:04+00:00,0.455
2026-05-22 21:14:05+00:00,0.455
2026-05-22 21:15:06+00:00,0.455
2026-05-22 21:16:06+00:00,0.455
2026-05-22 21:17:18+00:00,0.455
2026-05-22 21:18:04+00:00,0.455
2026-05-22 21:19:05+00:00,0.455
2026-05-22 21:20:06+00:00,0.455
2026-05-22 21:21:07+00:00,0.455
2026-05-22 21:22:04+00:00,0.455
2026-05-22 21:23:04+00:00,0.455
2026-05-22 21:24:18+00:00,0.455
2026-05-22 21:25:06+00:00,0.455
2026-05-22 21:26:05+00:00,0.455
2026-05-22 21:27:04+00:00,0.455
2026-05-22 21:28:05+00:00,0.455
2026-05-22 21:29:04+00:00,0.455
2026-05-22 21:30:07+00:00,0.455
2026-05-22 21:31:04+00:00,0.455
2026-05-22 21:32:04+00:00,0.455
2026-05-22 21:33:05+00:00,0.455
2026-05-22 21:34:05+00:00,0.455
2026-05-22 21:35:04+00:00,0.455
2026-05-22 21:36:05+00:00,0.455
2026-05-22 21:37:04+00:00,0.455
2026-05-22 21:38:05+00:00,0.455
2026-05-22 21:39:05+00:00,0.455
2026-05-22 21:40:05+00:00,0.455
2026-05-22 21:41:05+00:00,0.455
2026-05-22 21:42:04+00:00,0.455
2026-05-22 21:43:05+00:00,0.455
2026-05-22 21:44:04+00:00,0.455
2026-05-22 21:45:04+00:00,0.455
2026-05-22 21:46:05+00:00,0.455
2026-05-22 21:47:07+00:00,0.455
2026-05-22 21:48:04+00:00,0.455
2026-05-22 21:49:05+00:00,0.455
2026-05-22 21:50:05+00:00,0.455
2026-05-22 21:51:04+00:00,0.455
2026-05-22 21:52:05+00:00,0.455
2026-05-22 21:53:17+00:00,0.455
2026-05-22 21:54:04+00:00,0.455
2026-05-22 21:55:06+00:00,0.455
2026-05-22 21:56:04+00:00,0.455
2026-05-22 21:57:04+00:00,0.455
2026-05-22 21:58:05+00:00,0.455
2026-05-22 21:59:04+00:00,0.455
2026-05-22 22:00:21+00:00,0.455
2026-05-22 22:01:05+00:00,0.455
2026-05-22 22:02:04+00:00,0.455
2026-05-22 22:03:05+00:00,0.455
2026-05-22 22:04:04+00:00,0.455
2026-05-22 22:05:18+00:00,0.455
2026-05-22 22:06:05+00:00,0.455
2026-05-22 22:07:04+00:00,0.455
2026-05-22 22:08:04+00:00,0.455
2026-05-22 22:09:05+00:00,0.455
2026-05-22 22:10:05+00:00,0.455
2026-05-22 22:11:04+00:00,0.455
2026-05-22 22:12:04+00:00,0.465
2026-05-22 22:13:08+00:00,0.465
2026-05-22 22:14:04+00:00,0.465
2026-05-22 22:15:23+00:00,0.465
2026-05-22 22:16:05+00:00,0.465
2026-05-22 22:17:05+00:00,0.465
2026-05-22 22:18:04+00:00,0.465
2026-05-22 22:19:06+00:00,0.465
2026-05-22 22:20:19+00:00,0.465
2026-05-22 22:21:04+00:00,0.465
2026-05-22 22:22:16+00:00,0.465
2026-05-22 22:23:05+00:00,0.465
2026-05-22 22:24:03+00:00,0.465
2026-05-22 22:25:05+00:00,0.465
2026-05-22 22:26:05+00:00,0.465
2026-05-22 22:27:05+00:00,0.465
2026-05-22 22:28:04+00:00,0.465
2026-05-22 22:29:05+00:00,0.465
2026-05-22 22:30:06+00:00,0.465
2026-05-22 22:31:05+00:00,0.465
2026-05-22 22:32:05+00:00,0.465
2026-05-22 22:33:05+00:00,0.465
2026-05-22 22:34:05+00:00,0.465
2026-05-22 22:35:19+00:00,0.465
2026-05-22 22:36:05+00:00,0.465
2026-05-22 22:37:04+00:00,0.465
2026-05-22 22:38:04+00:00,0.465
2026-05-22 22:39:08+00:00,0.465
2026-05-22 22:40:07+00:00,0.465
2026-05-22 22:41:05+00:00,0.465
2026-05-22 22:42:04+00:00,0.465
2026-05-22 22:43:04+00:00,0.465
2026-05-22 22:44:08+00:00,0.465
2026-05-22 22:45:06+00:00,0.465
2026-05-22 22:46:16+00:00,0.465
2026-05-22 22:47:16+00:00,0.465
2026-05-22 22:48:05+00:00,0.465
2026-05-22 22:49:05+00:00,0.465
2026-05-22 22:50:07+00:00,0.465
2026-05-22 22:51:04+00:00,0.465
2026-05-22 22:52:05+00:00,0.465
2026-05-22 22:53:04+00:00,0.465
2026-05-22 22:54:05+00:00,0.465
2026-05-22 22:55:05+00:00,0.465
2026-05-22 22:56:05+00:00,0.465
2026-05-22 22:57:04+00:00,0.465
2026-05-22 22:58:05+00:00,0.465
2026-05-22 22:59:16+00:00,0.465
2026-05-22 23:00:07+00:00,0.465
2026-05-22 23:01:05+00:00,0.465
2026-05-22 23:02:05+00:00,0.465
2026-05-22 23:03:05+00:00,0.465
2026-05-22 23:04:05+00:00,0.465
2026-05-22 23:05:05+00:00,0.465
2026-05-22 23:06:05+00:00,0.465
2026-05-22 23:07:04+00:00,0.465
2026-05-22 23:08:05+00:00,0.465
2026-05-22 23:09:05+00:00,0.465
2026-05-22 23:10:10+00:00,0.465
2026-05-22 23:11:05+00:00,0.465
2026-05-22 23:12:04+00:00,0.465
2026-05-22 23:13:15+00:00,0.465
2026-05-22 23:14:05+00:00,0.465
2026-05-22 23:15:05+00:00,0.465
2026-05-22 23:16:04+00:00,0.465
2026-05-22 23:17:05+00:00,0.465
2026-05-22 23:18:19+00:00,0.465
2026-05-22 23:19:04+00:00,0.465
2026-05-22 23:20:05+00:00,0.465
2026-05-22 23:21:04+00:00,0.465
2026-05-22 23:22:05+00:00,0.465
2026-05-22 23:23:05+00:00,0.465
2026-05-22 23:24:05+00:00,0.465
2026-05-22 23:25:05+00:00,0.465
2026-05-22 23:26:04+00:00,0.465
2026-05-22 23:27:04+00:00,0.465
2026-05-22 23:28:05+00:00,0.465
2026-05-22 23:29:05+00:00,0.465
2026-05-22 23:30:19+00:00,0.465
2026-05-22 23:31:04+00:00,0.465
2026-05-22 23:32:06+00:00,0.465
2026-05-22 23:33:04+00:00,0.465
2026-05-22 23:34:04+00:00,0.465
2026-05-22 23:35:05+00:00,0.465
2026-05-22 23:36:07+00:00,0.465
2026-05-22 23:37:04+00:00,0.465
2026-05-22 23:38:04+00:00,0.465
2026-05-22 23:39:04+00:00,0.465
2026-05-22 23:40:06+00:00,0.465
2026-05-22 23:41:04+00:00,0.465
2026-05-22 23:42:05+00:00,0.465
2026-05-22 23:43:05+00:00,0.465
2026-05-22 23:44:04+00:00,0.455
2026-05-22 23:45:05+00:00,0.455
2026-05-22 23:46:05+00:00,0.455
2026-05-22 23:47:05+00:00,0.445
2026-05-22 23:48:05+00:00,0.445
2026-05-22 23:49:05+00:00,0.445
2026-05-22 23:50:05+00:00,0.445
2026-05-22 23:51:04+00:00,0.435
2026-05-22 23:52:06+00:00,0.435
2026-05-22 23:53:04+00:00,0.435
2026-05-22 23:54:05+00:00,0.435
2026-05-22 23:55:05+00:00,0.435
2026-05-22 23:56:05+00:00,0.435
2026-05-22 23:57:05+00:00,0.435
2026-05-22 23:58:04+00:00,0.435
2026-05-22 23:59:04+00:00,0.435
2026-05-23 00:00:13+00:00,0.435
2026-05-23 00:01:05+00:00,0.435
2026-05-23 00:02:06+00:00,0.435
2026-05-23 00:03:06+00:00,0.435
2026-05-23 00:04:04+00:00,0.435
2026-05-23 00:05:04+00:00,0.435
2026-05-23 00:06:04+00:00,0.435
2026-05-23 00:07:03+00:00,0.435
2026-05-23 00:08:04+00:00,0.435
2026-05-23 00:09:04+00:00,0.435
2026-05-23 00:10:04+00:00,0.435
2026-05-23 00:11:04+00:00,0.435
2026-05-23 00:12:04+00:00,0.435
2026-05-23 00:13:04+00:00,0.435
2026-05-23 00:14:04+00:00,0.435
2026-05-23 00:15:04+00:00,0.435
2026-05-23 00:16:06+00:00,0.435
2026-05-23 00:17:04+00:00,0.435
2026-05-23 00:18:04+00:00,0.435
2026-05-23 00:19:04+00:00,0.435
2026-05-23 00:20:04+00:00,0.435
2026-05-23 00:21:03+00:00,0.435
2026-05-23 00:22:04+00:00,0.435
2026-05-23 00:23:04+00:00,0.435
2026-05-23 00:24:05+00:00,0.435
2026-05-23 00:25:04+00:00,0.435
2026-05-23 00:26:04+00:00,0.435
2026-05-23 00:27:04+00:00,0.435
2026-05-23 00:28:05+00:00,0.435
2026-05-23 00:29:04+00:00,0.435
2026-05-23 00:30:07+00:00,0.435
2026-05-23 00:31:05+00:00,0.425
2026-05-23 00:32:06+00:00,0.425
2026-05-23 00:33:05+00:00,0.425
2026-05-23 00:34:04+00:00,0.425
2026-05-23 00:35:04+00:00,0.425
2026-05-23 00:36:04+00:00,0.425
2026-05-23 00:37:04+00:00,0.425
2026-05-23 00:38:04+00:00,0.395
2026-05-23 00:39:04+00:00,0.365
2026-05-23 00:40:04+00:00,0.325
2026-05-23 00:41:06+00:00,0.315
2026-05-23 00:42:04+00:00,0.325
2026-05-23 00:43:04+00:00,0.325
2026-05-23 00:44:03+00:00,0.325
2026-05-23 00:45:04+00:00,0.255
2026-05-23 00:46:04+00:00,0.235
2026-05-23 00:47:04+00:00,0.255
2026-05-23 00:48:05+00:00,0.26
2026-05-23 00:49:04+00:00,0.305
2026-05-23 00:50:04+00:00,0.305
2026-05-23 00:51:03+00:00,0.305
2026-05-23 00:52:03+00:00,0.315
2026-05-23 00:53:16+00:00,0.325
2026-05-23 00:54:04+00:00,0.335
2026-05-23 00:55:04+00:00,0.385
2026-05-23 00:56:04+00:00,0.365
2026-05-23 00:57:04+00:00,0.365
2026-05-23 00:58:06+00:00,0.375
2026-05-23 00:59:04+00:00,0.375
2026-05-23 01:00:20+00:00,0.345
2026-05-23 01:01:03+00:00,0.375
2026-05-23 01:02:03+00:00,0.365
2026-05-23 01:03:03+00:00,0.375
2026-05-23 01:04:05+00:00,0.315
2026-05-23 01:05:04+00:00,0.335
2026-05-23 01:06:04+00:00,0.335
2026-05-23 01:07:04+00:00,0.335
2026-05-23 01:08:04+00:00,0.335
2026-05-23 01:09:04+00:00,0.355
2026-05-23 01:10:04+00:00,0.365
2026-05-23 01:11:03+00:00,0.365
2026-05-23 01:12:03+00:00,0.365
2026-05-23 01:13:04+00:00,0.385
2026-05-23 01:14:03+00:00,0.455
2026-05-23 01:15:06+00:00,0.445
2026-05-23 01:16:05+00:00,0.445
2026-05-23 01:17:04+00:00,0.465
2026-05-23 01:18:04+00:00,0.415
2026-05-23 01:19:05+00:00,0.435
2026-05-23 01:20:04+00:00,0.445
2026-05-23 01:21:03+00:00,0.445
2026-05-23 01:22:04+00:00,0.445
2026-05-23 01:23:04+00:00,0.445
2026-05-23 01:24:06+00:00,0.435
2026-05-23 01:25:05+00:00,0.405
2026-05-23 01:26:04+00:00,0.405
2026-05-23 01:27:03+00:00,0.445
2026-05-23 01:28:04+00:00,0.465
2026-05-23 01:29:04+00:00,0.475
2026-05-23 01:30:06+00:00,0.545
2026-05-23 01:31:04+00:00,0.535
2026-05-23 01:32:04+00:00,0.545
2026-05-23 01:33:05+00:00,0.595
2026-05-23 01:34:03+00:00,0.595
2026-05-23 01:35:03+00:00,0.595
2026-05-23 01:36:04+00:00,0.595
2026-05-23 01:37:03+00:00,0.595
2026-05-23 01:38:04+00:00,0.585
2026-05-23 01:39:04+00:00,0.545
2026-05-23 01:40:04+00:00,0.535
2026-05-23 01:41:04+00:00,0.555
2026-05-23 01:42:03+00:00,0.535
2026-05-23 01:43:04+00:00,0.555
2026-05-23 01:44:03+00:00,0.555
2026-05-23 01:45:05+00:00,0.625
2026-05-23 01:46:04+00:00,0.625
2026-05-23 01:47:04+00:00,0.625
2026-05-23 01:48:04+00:00,0.625
2026-05-23 01:49:04+00:00,0.625
2026-05-23 01:50:06+00:00,0.625
2026-05-23 01:51:03+00:00,0.625
2026-05-23 01:52:04+00:00,0.625
2026-05-23 01:53:04+00:00,0.625
2026-05-23 01:54:05+00:00,0.625
2026-05-23 01:55:04+00:00,0.625
2026-05-23 01:56:03+00:00,0.625
2026-05-23 01:57:06+00:00,0.625
2026-05-23 01:58:04+00:00,0.625
2026-05-23 01:59:04+00:00,0.625
2026-05-23 02:00:07+00:00,0.625
2026-05-23 02:01:05+00:00,0.625
2026-05-23 02:02:05+00:00,0.665
2026-05-23 02:03:04+00:00,0.615
2026-05-23 02:04:03+00:00,0.615
2026-05-23 02:05:04+00:00,0.695
2026-05-23 02:06:04+00:00,0.655
2026-05-23 02:07:04+00:00,0.685
2026-05-23 02:08:04+00:00,0.675
2026-05-23 02:09:18+00:00,0.655
2026-05-23 02:10:04+00:00,0.665
2026-05-23 02:11:04+00:00,0.655
2026-05-23 02:12:03+00:00,0.635
2026-05-23 02:13:04+00:00,0.635
2026-05-23 02:14:03+00:00,0.655
2026-05-23 02:15:04+00:00,0.595
2026-05-23 02:16:04+00:00,0.575
2026-05-23 02:17:04+00:00,0.585
2026-05-23 02:18:04+00:00,0.585
2026-05-23 02:19:17+00:00,0.635
2026-05-23 02:20:04+00:00,0.645
2026-05-23 02:21:04+00:00,0.655
2026-05-23 02:22:03+00:00,0.645
2026-05-23 02:23:07+00:00,0.645
2026-05-23 02:24:19+00:00,0.645
2026-05-23 02:25:04+00:00,0.655
2026-05-23 02:26:03+00:00,0.655
2026-05-23 02:27:03+00:00,0.695
2026-05-23 02:28:05+00:00,0.715
2026-05-23 02:29:03+00:00,0.675
2026-05-23 02:30:06+00:00,0.685
2026-05-23 02:31:17+00:00,0.685
2026-05-23 02:32:04+00:00,0.715
2026-05-23 02:33:04+00:00,0.725
2026-05-23 02:34:04+00:00,0.715
2026-05-23 02:35:04+00:00,0.705
2026-05-23 02:36:04+00:00,0.685
2026-05-23 02:37:03+00:00,0.685
2026-05-23 02:38:04+00:00,0.685
2026-05-23 02:39:04+00:00,0.685
2026-05-23 02:40:05+00:00,0.795
2026-05-23 02:41:04+00:00,0.815
2026-05-23 02:42:03+00:00,0.775
2026-05-23 02:43:05+00:00,0.825
2026-05-23 02:44:04+00:00,0.845
2026-05-23 02:45:04+00:00,0.835
2026-05-23 02:46:03+00:00,0.855
2026-05-23 02:47:03+00:00,0.835
2026-05-23 02:48:04+00:00,0.83
2026-05-23 02:49:07+00:00,0.835
2026-05-23 02:50:05+00:00,0.835
2026-05-23 02:51:05+00:00,0.86
2026-05-23 02:52:05+00:00,0.885
2026-05-23 02:53:05+00:00,0.895
2026-05-23 02:54:05+00:00,0.935
2026-05-23 02:55:04+00:00,0.935
2026-05-23 02:56:04+00:00,0.925
2026-05-23 02:57:04+00:00,0.93
2026-05-23 02:58:05+00:00,0.935
2026-05-23 02:59:04+00:00,0.915
2026-05-23 03:00:12+00:00,0.895
2026-05-23 03:01:04+00:00,0.885
2026-05-23 03:02:03+00:00,0.905
2026-05-23 03:03:04+00:00,0.935
2026-05-23 03:04:05+00:00,0.855
2026-05-23 03:05:05+00:00,0.865
2026-05-23 03:06:04+00:00,0.865
2026-05-23 03:07:08+00:00,0.865
2026-05-23 03:08:04+00:00,0.925
2026-05-23 03:09:05+00:00,0.965
2026-05-23 03:10:20+00:00,0.975
2026-05-23 03:11:04+00:00,0.985
2026-05-23 03:12:03+00:00,0.965
2026-05-23 03:13:04+00:00,0.935
2026-05-23 03:14:04+00:00,0.935
2026-05-23 03:15:08+00:00,0.927
2026-05-23 03:16:04+00:00,0.926
2026-05-23 03:17:05+00:00,0.966
2026-05-23 03:18:04+00:00,0.977
2026-05-23 03:19:03+00:00,0.9925
2026-05-23 03:20:07+00:00,0.9985
2026-05-23 03:21:04+00:00,0.9995
2026-05-23 03:22:04+00:00,0.9995
2026-05-23 03:23:05+00:00,0.9995
2026-05-23 03:24:04+00:00,0.9995
2026-05-23 03:25:06+00:00,0.9995
2026-05-23 03:26:03+00:00,0.9995
2026-05-23 03:27:03+00:00,0.9995
2026-05-23 03:28:05+00:00,0.9995
2026-05-23 03:29:04+00:00,0.9995
2026-05-23 03:30:07+00:00,0.9995
2026-05-23 03:31:05+00:00,0.9995
2026-05-23 03:32:16+00:00,0.9995
2026-05-23 03:33:04+00:00,0.9995
2026-05-23 03:34:04+00:00,0.9995
2026-05-23 03:35:04+00:00,0.9995
2026-05-23 03:36:04+00:00,0.9995
2026-05-23 03:37:04+00:00,0.9995
2026-05-23 03:38:05+00:00,0.9995
2026-05-23 03:39:05+00:00,0.9995
2026-05-23 03:40:04+00:00,0.9995
2026-05-23 03:41:04+00:00,0.9995
2026-05-23 03:42:04+00:00,0.9995
2026-05-23 03:43:04+00:00,0.9995
2026-05-23 03:44:18+00:00,0.9995
2026-05-23 03:45:04+00:00,0.9995
2026-05-23 03:46:07+00:00,0.9995
2026-05-23 03:47:04+00:00,0.9995
2026-05-23 03:48:05+00:00,0.9995
2026-05-23 03:49:04+00:00,0.9995
2026-05-23 03:50:04+00:00,0.9995
2026-05-23 03:51:04+00:00,0.9995
2026-05-23 03:52:03+00:00,0.9995
2026-05-23 03:53:05+00:00,0.9995
2026-05-23 03:54:04+00:00,0.9995
2026-05-23 03:55:08+00:00,0.9995
2026-05-23 03:56:03+00:00,0.9995
2026-05-23 03:57:05+00:00,0.9995
2026-05-23 03:58:05+00:00,0.9995
2026-05-23 03:59:16+00:00,0.9995
2026-05-23 04:00:07+00:00,0.9995
2026-05-23 04:01:04+00:00,0.9995
2026-05-23 04:02:04+00:00,0.9995
2026-05-23 04:03:05+00:00,0.9995
2026-05-23 04:04:06+00:00,0.9995
2026-05-23 04:05:05+00:00,0.9995
2026-05-23 04:06:04+00:00,0.9995
2026-05-23 04:07:05+00:00,0.9995
2026-05-23 04:08:04+00:00,0.9995
2026-05-23 04:09:05+00:00,0.9995
2026-05-23 04:10:05+00:00,0.9995
2026-05-23 04:11:05+00:00,0.9995
2026-05-23 04:12:03+00:00,0.9995
2026-05-23 04:13:05+00:00,0.9995
2026-05-23 04:14:04+00:00,0.9995
2026-05-23 04:15:06+00:00,0.9995
2026-05-23 04:16:05+00:00,0.9995
2026-05-23 04:17:05+00:00,0.9995
2026-05-23 04:18:05+00:00,0.9995
2026-05-23 04:19:05+00:00,0.9995
2026-05-23 04:20:05+00:00,0.9995
2026-05-23 04:21:08+00:00,0.9995
