timestamp,price
2026-07-25 00:40:08+00:00,0.5
2026-07-25 00:41:20+00:00,0.5
2026-07-25 00:42:10+00:00,0.5
2026-07-25 00:43:08+00:00,0.5
2026-07-25 00:44:08+00:00,0.5
2026-07-25 00:45:11+00:00,0.5
2026-07-25 00:46:09+00:00,0.5
2026-07-25 00:47:08+00:00,0.5
2026-07-25 00:48:07+00:00,0.5
2026-07-25 00:49:07+00:00,0.5
2026-07-25 00:50:09+00:00,0.5
2026-07-25 00:51:08+00:00,0.5
2026-07-25 00:52:07+00:00,0.5
2026-07-25 00:53:07+00:00,0.5
2026-07-25 00:54:07+00:00,0.5
2026-07-25 00:55:09+00:00,0.5
2026-07-25 00:56:08+00:00,0.5
2026-07-25 00:57:24+00:00,0.78
2026-07-25 00:58:08+00:00,0.78
2026-07-25 00:59:08+00:00,0.78
2026-07-25 01:00:21+00:00,0.78
2026-07-25 01:01:21+00:00,0.78
2026-07-25 01:02:06+00:00,0.78
2026-07-25 01:03:09+00:00,0.78
2026-07-25 01:04:19+00:00,0.78
2026-07-25 01:05:08+00:00,0.78
2026-07-25 01:06:08+00:00,0.78
2026-07-25 01:07:07+00:00,0.78
2026-07-25 01:08:08+00:00,0.78
2026-07-25 01:09:07+00:00,0.78
2026-07-25 01:10:09+00:00,0.78
2026-07-25 01:11:08+00:00,0.78
2026-07-25 01:12:08+00:00,0.78
2026-07-25 01:13:08+00:00,0.78
2026-07-25 01:14:07+00:00,0.78
2026-07-25 01:15:08+00:00,0.78
2026-07-25 01:16:08+00:00,0.78
2026-07-25 01:17:08+00:00,0.78
2026-07-25 01:18:08+00:00,0.78
2026-07-25 01:19:08+00:00,0.78
2026-07-25 01:20:09+00:00,0.78
2026-07-25 01:21:08+00:00,0.78
2026-07-25 01:22:08+00:00,0.78
2026-07-25 01:23:08+00:00,0.78
2026-07-25 01:24:08+00:00,0.78
2026-07-25 01:25:07+00:00,0.78
2026-07-25 01:26:09+00:00,0.78
2026-07-25 01:27:06+00:00,0.78
2026-07-25 01:28:07+00:00,0.78
2026-07-25 01:29:07+00:00,0.78
2026-07-25 01:30:16+00:00,0.78
2026-07-25 01:31:08+00:00,0.78
2026-07-25 01:32:19+00:00,0.78
2026-07-25 01:33:07+00:00,0.78
2026-07-25 01:34:06+00:00,0.78
2026-07-25 01:35:08+00:00,0.78
2026-07-25 01:36:07+00:00,0.78
2026-07-25 01:37:07+00:00,0.78
2026-07-25 01:38:08+00:00,0.78
2026-07-25 01:39:07+00:00,0.78
2026-07-25 01:40:08+00:00,0.78
2026-07-25 01:41:07+00:00,0.78
2026-07-25 01:42:06+00:00,0.78
2026-07-25 01:43:06+00:00,0.78
2026-07-25 01:44:07+00:00,0.78
2026-07-25 01:45:07+00:00,0.78
2026-07-25 01:46:08+00:00,0.78
2026-07-25 01:47:06+00:00,0.78
2026-07-25 01:48:07+00:00,0.78
2026-07-25 01:49:06+00:00,0.78
2026-07-25 01:50:08+00:00,0.78
2026-07-25 01:51:06+00:00,0.78
2026-07-25 01:52:12+00:00,0.78
2026-07-25 01:53:06+00:00,0.78
2026-07-25 01:54:07+00:00,0.78
2026-07-25 01:55:20+00:00,0.78
2026-07-25 01:56:06+00:00,0.78
2026-07-25 01:57:07+00:00,0.78
2026-07-25 01:58:07+00:00,0.78
2026-07-25 01:59:06+00:00,0.78
2026-07-25 02:00:22+00:00,0.78
2026-07-25 02:01:22+00:00,0.78
2026-07-25 02:02:06+00:00,0.78
2026-07-25 02:03:08+00:00,0.78
2026-07-25 02:04:08+00:00,0.78
2026-07-25 02:05:09+00:00,0.78
2026-07-25 02:06:06+00:00,0.78
2026-07-25 02:07:07+00:00,0.78
2026-07-25 02:08:08+00:00,0.78
2026-07-25 02:09:08+00:00,0.78
2026-07-25 02:10:08+00:00,0.78
2026-07-25 02:11:06+00:00,0.78
2026-07-25 02:12:08+00:00,0.78
2026-07-25 02:13:08+00:00,0.78
2026-07-25 02:14:07+00:00,0.78
2026-07-25 02:15:07+00:00,0.78
2026-07-25 02:16:08+00:00,0.78
2026-07-25 02:17:08+00:00,0.78
2026-07-25 02:18:12+00:00,0.78
2026-07-25 02:19:07+00:00,0.78
2026-07-25 02:20:10+00:00,0.78
2026-07-25 02:21:06+00:00,0.78
2026-07-25 02:22:06+00:00,0.78
2026-07-25 02:23:06+00:00,0.78
2026-07-25 02:24:07+00:00,0.78
2026-07-25 02:25:09+00:00,0.78
2026-07-25 02:26:06+00:00,0.78
2026-07-25 02:27:06+00:00,0.78
2026-07-25 02:28:07+00:00,0.78
2026-07-25 02:29:09+00:00,0.78
2026-07-25 02:30:32+00:00,0.78
2026-07-25 02:31:08+00:00,0.78
2026-07-25 02:32:07+00:00,0.78
2026-07-25 02:33:08+00:00,0.78
2026-07-25 02:34:08+00:00,0.78
2026-07-25 02:35:09+00:00,0.78
2026-07-25 02:36:06+00:00,0.78
2026-07-25 02:37:09+00:00,0.78
2026-07-25 02:38:08+00:00,0.78
2026-07-25 02:39:14+00:00,0.78
2026-07-25 02:40:08+00:00,0.78
2026-07-25 02:41:06+00:00,0.78
2026-07-25 02:42:06+00:00,0.78
2026-07-25 02:43:07+00:00,0.78
2026-07-25 02:44:05+00:00,0.78
2026-07-25 02:45:06+00:00,0.78
2026-07-25 02:46:07+00:00,0.78
2026-07-25 02:47:07+00:00,0.78
2026-07-25 02:48:10+00:00,0.78
2026-07-25 02:49:06+00:00,0.78
2026-07-25 02:50:09+00:00,0.78
2026-07-25 02:51:07+00:00,0.78
2026-07-25 02:52:06+00:00,0.78
2026-07-25 02:53:20+00:00,0.78
2026-07-25 02:54:08+00:00,0.78
2026-07-25 02:55:09+00:00,0.78
2026-07-25 02:56:08+00:00,0.78
2026-07-25 02:57:15+00:00,0.78
2026-07-25 02:58:08+00:00,0.78
2026-07-25 02:59:08+00:00,0.78
2026-07-25 03:00:32+00:00,0.78
2026-07-25 03:01:13+00:00,0.78
2026-07-25 03:02:07+00:00,0.78
2026-07-25 03:03:08+00:00,0.78
2026-07-25 03:04:08+00:00,0.78
2026-07-25 03:05:15+00:00,0.78
2026-07-25 03:06:08+00:00,0.78
2026-07-25 03:07:06+00:00,0.78
2026-07-25 03:08:10+00:00,0.78
2026-07-25 03:09:09+00:00,0.78
2026-07-25 03:10:08+00:00,0.78
2026-07-25 03:11:14+00:00,0.78
2026-07-25 03:12:06+00:00,0.78
2026-07-25 03:13:10+00:00,0.78
2026-07-25 03:14:07+00:00,0.795
2026-07-25 03:15:08+00:00,0.795
2026-07-25 03:16:06+00:00,0.795
2026-07-25 03:17:07+00:00,0.795
2026-07-25 03:18:05+00:00,0.795
2026-07-25 03:19:13+00:00,0.795
2026-07-25 03:20:07+00:00,0.795
2026-07-25 03:21:26+00:00,0.795
2026-07-25 03:22:07+00:00,0.795
2026-07-25 03:23:08+00:00,0.795
2026-07-25 03:24:08+00:00,0.795
2026-07-25 03:25:15+00:00,0.795
2026-07-25 03:26:06+00:00,0.795
2026-07-25 03:27:07+00:00,0.795
2026-07-25 03:28:07+00:00,0.795
2026-07-25 03:29:06+00:00,0.795
2026-07-25 03:30:18+00:00,0.795
2026-07-25 03:31:20+00:00,0.795
2026-07-25 03:32:06+00:00,0.795
2026-07-25 03:33:08+00:00,0.795
2026-07-25 03:34:12+00:00,0.795
2026-07-25 03:35:09+00:00,0.795
2026-07-25 03:36:06+00:00,0.795
2026-07-25 03:37:07+00:00,0.795
2026-07-25 03:38:07+00:00,0.795
2026-07-25 03:39:08+00:00,0.795
2026-07-25 03:40:08+00:00,0.795
2026-07-25 03:41:07+00:00,0.795
2026-07-25 03:42:08+00:00,0.795
2026-07-25 03:43:09+00:00,0.795
2026-07-25 03:44:06+00:00,0.795
2026-07-25 03:45:08+00:00,0.795
2026-07-25 03:46:08+00:00,0.795
2026-07-25 03:47:07+00:00,0.795
2026-07-25 03:48:08+00:00,0.795
2026-07-25 03:49:07+00:00,0.795
2026-07-25 03:50:07+00:00,0.795
2026-07-25 03:51:07+00:00,0.795
2026-07-25 03:52:21+00:00,0.795
2026-07-25 03:53:07+00:00,0.795
2026-07-25 03:54:21+00:00,0.795
2026-07-25 03:55:11+00:00,0.795
2026-07-25 03:56:08+00:00,0.795
2026-07-25 03:57:06+00:00,0.795
2026-07-25 03:58:07+00:00,0.795
2026-07-25 03:59:08+00:00,0.795
2026-07-25 04:00:25+00:00,0.795
2026-07-25 04:01:10+00:00,0.795
2026-07-25 04:02:06+00:00,0.795
2026-07-25 04:03:08+00:00,0.795
2026-07-25 04:04:08+00:00,0.795
2026-07-25 04:05:09+00:00,0.795
2026-07-25 04:06:09+00:00,0.795
2026-07-25 04:07:13+00:00,0.795
2026-07-25 04:08:08+00:00,0.795
2026-07-25 04:09:08+00:00,0.795
2026-07-25 04:10:09+00:00,0.795
2026-07-25 04:11:08+00:00,0.795
2026-07-25 04:12:08+00:00,0.795
2026-07-25 04:13:08+00:00,0.795
2026-07-25 04:14:08+00:00,0.795
2026-07-25 04:15:09+00:00,0.795
2026-07-25 04:16:08+00:00,0.795
2026-07-25 04:17:09+00:00,0.795
2026-07-25 04:18:08+00:00,0.8
2026-07-25 04:19:21+00:00,0.8
2026-07-25 04:20:08+00:00,0.8
2026-07-25 04:21:07+00:00,0.8
2026-07-25 04:22:08+00:00,0.8
2026-07-25 04:23:09+00:00,0.8
2026-07-25 04:24:07+00:00,0.8
2026-07-25 04:25:20+00:00,0.8
2026-07-25 04:26:11+00:00,0.8
2026-07-25 04:27:06+00:00,0.885
2026-07-25 04:28:07+00:00,0.885
2026-07-25 04:29:08+00:00,0.885
2026-07-25 04:30:29+00:00,0.885
2026-07-25 04:31:18+00:00,0.885
2026-07-25 04:32:11+00:00,0.885
2026-07-25 04:33:08+00:00,0.88
2026-07-25 04:34:06+00:00,0.88
2026-07-25 04:35:13+00:00,0.88
2026-07-25 04:36:08+00:00,0.88
2026-07-25 04:37:08+00:00,0.88
2026-07-25 04:38:08+00:00,0.88
2026-07-25 04:39:08+00:00,0.88
2026-07-25 04:40:24+00:00,0.88
2026-07-25 04:41:08+00:00,0.88
2026-07-25 04:42:06+00:00,0.88
2026-07-25 04:43:23+00:00,0.88
2026-07-25 04:44:06+00:00,0.88
2026-07-25 04:45:10+00:00,0.88
2026-07-25 04:46:08+00:00,0.88
2026-07-25 04:47:09+00:00,0.88
2026-07-25 04:48:08+00:00,0.88
2026-07-25 04:49:09+00:00,0.88
2026-07-25 04:50:09+00:00,0.88
2026-07-25 04:51:10+00:00,0.88
2026-07-25 04:52:19+00:00,0.88
2026-07-25 04:53:08+00:00,0.88
2026-07-25 04:54:07+00:00,0.88
2026-07-25 04:55:09+00:00,0.88
2026-07-25 04:56:07+00:00,0.88
2026-07-25 04:57:09+00:00,0.88
2026-07-25 04:58:13+00:00,0.88
2026-07-25 04:59:06+00:00,0.88
2026-07-25 05:00:30+00:00,0.88
2026-07-25 05:01:09+00:00,0.88
2026-07-25 05:02:08+00:00,0.88
2026-07-25 05:03:18+00:00,0.88
2026-07-25 05:04:08+00:00,0.88
2026-07-25 05:05:11+00:00,0.88
2026-07-25 05:06:07+00:00,0.88
2026-07-25 05:07:13+00:00,0.88
2026-07-25 05:08:08+00:00,0.88
2026-07-25 05:09:07+00:00,0.88
2026-07-25 05:10:21+00:00,0.88
2026-07-25 05:11:08+00:00,0.88
2026-07-25 05:12:08+00:00,0.88
2026-07-25 05:13:07+00:00,0.88
2026-07-25 05:14:11+00:00,0.88
2026-07-25 05:15:14+00:00,0.88
2026-07-25 05:16:08+00:00,0.88
2026-07-25 05:17:09+00:00,0.88
2026-07-25 05:18:08+00:00,0.88
2026-07-25 05:19:08+00:00,0.88
2026-07-25 05:20:09+00:00,0.88
2026-07-25 05:21:08+00:00,0.88
2026-07-25 05:22:06+00:00,0.88
2026-07-25 05:23:08+00:00,0.88
2026-07-25 05:24:25+00:00,0.88
2026-07-25 05:25:10+00:00,0.88
2026-07-25 05:26:06+00:00,0.88
2026-07-25 05:27:06+00:00,0.88
2026-07-25 05:28:17+00:00,0.88
2026-07-25 05:29:10+00:00,0.88
2026-07-25 05:30:49+00:00,0.88
2026-07-25 05:31:11+00:00,0.88
2026-07-25 05:32:06+00:00,0.88
2026-07-25 05:33:07+00:00,0.88
2026-07-25 05:34:10+00:00,0.88
2026-07-25 05:35:19+00:00,0.88
2026-07-25 05:36:06+00:00,0.88
2026-07-25 05:37:06+00:00,0.88
2026-07-25 05:38:08+00:00,0.88
2026-07-25 05:39:06+00:00,0.88
2026-07-25 05:40:06+00:00,0.88
2026-07-25 05:41:10+00:00,0.88
2026-07-25 05:42:07+00:00,0.88
2026-07-25 05:43:09+00:00,0.88
2026-07-25 05:44:06+00:00,0.88
2026-07-25 05:45:10+00:00,0.88
2026-07-25 05:46:11+00:00,0.88
2026-07-25 05:47:07+00:00,0.88
2026-07-25 05:48:23+00:00,0.88
2026-07-25 05:49:08+00:00,0.88
2026-07-25 05:50:15+00:00,0.88
2026-07-25 05:51:06+00:00,0.88
2026-07-25 05:52:06+00:00,0.88
2026-07-25 05:53:08+00:00,0.88
2026-07-25 05:54:06+00:00,0.88
2026-07-25 05:55:10+00:00,0.88
2026-07-25 05:56:13+00:00,0.88
2026-07-25 05:57:21+00:00,0.88
2026-07-25 05:58:08+00:00,0.88
2026-07-25 05:59:11+00:00,0.88
2026-07-25 06:00:48+00:00,0.88
2026-07-25 06:01:17+00:00,0.88
2026-07-25 06:02:06+00:00,0.88
2026-07-25 06:03:08+00:00,0.88
2026-07-25 06:04:07+00:00,0.88
2026-07-25 06:05:12+00:00,0.88
2026-07-25 06:06:07+00:00,0.88
2026-07-25 06:07:08+00:00,0.88
2026-07-25 06:08:08+00:00,0.88
2026-07-25 06:09:09+00:00,0.88
2026-07-25 06:10:07+00:00,0.88
2026-07-25 06:11:07+00:00,0.88
2026-07-25 06:12:08+00:00,0.88
2026-07-25 06:13:12+00:00,0.88
2026-07-25 06:14:06+00:00,0.88
2026-07-25 06:15:08+00:00,0.88
2026-07-25 06:16:06+00:00,0.88
2026-07-25 06:17:08+00:00,0.88
2026-07-25 06:18:08+00:00,0.88
2026-07-25 06:19:09+00:00,0.88
2026-07-25 06:20:06+00:00,0.88
2026-07-25 06:21:09+00:00,0.88
2026-07-25 06:22:11+00:00,0.88
2026-07-25 06:23:09+00:00,0.88
2026-07-25 06:24:06+00:00,0.88
2026-07-25 06:25:11+00:00,0.88
2026-07-25 06:26:06+00:00,0.88
2026-07-25 06:27:09+00:00,0.88
2026-07-25 06:28:07+00:00,0.88
2026-07-25 06:29:11+00:00,0.88
2026-07-25 06:30:19+00:00,0.88
2026-07-25 06:31:22+00:00,0.88
2026-07-25 06:32:08+00:00,0.88
2026-07-25 06:33:15+00:00,0.88
2026-07-25 06:34:13+00:00,0.88
2026-07-25 06:35:32+00:00,0.88
2026-07-25 06:36:35+00:00,0.88
2026-07-25 06:37:14+00:00,0.88
2026-07-25 06:39:46+00:00,0.88
2026-07-25 06:40:30+00:00,0.88
2026-07-25 06:41:32+00:00,0.88
2026-07-25 06:41:56+00:00,0.88
2026-07-25 06:42:07+00:00,0.88
2026-07-25 06:43:16+00:00,0.88
2026-07-25 06:44:09+00:00,0.88
2026-07-25 06:45:11+00:00,0.88
2026-07-25 06:46:06+00:00,0.88
2026-07-25 06:47:06+00:00,0.88
2026-07-25 06:48:07+00:00,0.88
2026-07-25 06:49:08+00:00,0.88
2026-07-25 06:50:45+00:00,0.88
2026-07-25 06:51:11+00:00,0.88
2026-07-25 06:52:06+00:00,0.88
2026-07-25 06:53:09+00:00,0.88
2026-07-25 06:54:08+00:00,0.88
2026-07-25 06:55:07+00:00,0.88
2026-07-25 06:56:08+00:00,0.88
2026-07-25 06:57:06+00:00,0.88
2026-07-25 06:58:07+00:00,0.88
2026-07-25 06:59:09+00:00,0.88
2026-07-25 07:00:58+00:00,0.88
2026-07-25 07:01:21+00:00,0.88
2026-07-25 07:02:28+00:00,0.88
2026-07-25 07:03:08+00:00,0.88
2026-07-25 07:04:06+00:00,0.88
2026-07-25 07:05:20+00:00,0.88
2026-07-25 07:06:06+00:00,0.88
2026-07-25 07:07:07+00:00,0.88
2026-07-25 07:08:08+00:00,0.88
2026-07-25 07:09:07+00:00,0.88
2026-07-25 07:10:07+00:00,0.88
2026-07-25 07:11:07+00:00,0.88
2026-07-25 07:12:07+00:00,0.88
2026-07-25 07:13:08+00:00,0.88
2026-07-25 07:14:07+00:00,0.88
2026-07-25 07:15:09+00:00,0.88
2026-07-25 07:16:16+00:00,0.88
2026-07-25 07:17:07+00:00,0.88
2026-07-25 07:18:20+00:00,0.88
2026-07-25 07:19:06+00:00,0.88
2026-07-25 07:20:11+00:00,0.88
2026-07-25 07:21:08+00:00,0.88
2026-07-25 07:22:06+00:00,0.88
2026-07-25 07:23:08+00:00,0.88
2026-07-25 07:24:08+00:00,0.88
2026-07-25 07:25:22+00:00,0.88
2026-07-25 07:26:06+00:00,0.88
2026-07-25 07:27:06+00:00,0.88
2026-07-25 07:28:08+00:00,0.88
2026-07-25 07:29:06+00:00,0.88
2026-07-25 07:30:19+00:00,0.88
2026-07-25 07:31:21+00:00,0.88
2026-07-25 07:32:06+00:00,0.88
2026-07-25 07:33:08+00:00,0.88
2026-07-25 07:34:08+00:00,0.88
2026-07-25 07:35:22+00:00,0.88
2026-07-25 07:36:06+00:00,0.88
2026-07-25 07:37:07+00:00,0.88
2026-07-25 07:38:19+00:00,0.88
2026-07-25 07:39:07+00:00,0.88
2026-07-25 07:40:10+00:00,0.88
2026-07-25 07:41:08+00:00,0.88
2026-07-25 07:42:11+00:00,0.88
2026-07-25 07:43:08+00:00,0.88
2026-07-25 07:44:06+00:00,0.88
2026-07-25 07:45:10+00:00,0.88
2026-07-25 07:46:08+00:00,0.88
2026-07-25 07:47:06+00:00,0.88
2026-07-25 07:48:08+00:00,0.88
2026-07-25 07:49:07+00:00,0.88
2026-07-25 07:50:07+00:00,0.88
2026-07-25 07:51:09+00:00,0.88
2026-07-25 07:52:06+00:00,0.88
2026-07-25 07:53:21+00:00,0.88
2026-07-25 07:54:06+00:00,0.88
2026-07-25 07:55:08+00:00,0.88
2026-07-25 07:56:09+00:00,0.88
2026-07-25 07:57:07+00:00,0.88
2026-07-25 07:58:19+00:00,0.88
2026-07-25 07:59:07+00:00,0.88
2026-07-25 08:00:37+00:00,0.88
2026-07-25 08:01:08+00:00,0.88
2026-07-25 08:02:07+00:00,0.88
2026-07-25 08:03:08+00:00,0.88
2026-07-25 08:04:08+00:00,0.88
2026-07-25 08:05:07+00:00,0.88
2026-07-25 08:06:06+00:00,0.88
2026-07-25 08:07:07+00:00,0.84
2026-07-25 08:08:29+00:00,0.84
2026-07-25 08:09:07+00:00,0.84
2026-07-25 08:10:24+00:00,0.84
2026-07-25 08:11:06+00:00,0.84
2026-07-25 08:12:07+00:00,0.84
2026-07-25 08:13:09+00:00,0.84
2026-07-25 08:14:07+00:00,0.84
2026-07-25 08:15:08+00:00,0.84
2026-07-25 08:16:08+00:00,0.84
2026-07-25 08:17:07+00:00,0.84
2026-07-25 08:18:06+00:00,0.84
2026-07-25 08:19:08+00:00,0.84
2026-07-25 08:20:07+00:00,0.84
2026-07-25 08:21:06+00:00,0.84
2026-07-25 08:22:06+00:00,0.84
2026-07-25 08:23:08+00:00,0.84
2026-07-25 08:24:08+00:00,0.84
2026-07-25 08:25:09+00:00,0.84
2026-07-25 08:26:05+00:00,0.84
2026-07-25 08:27:15+00:00,0.84
2026-07-25 08:28:08+00:00,0.84
2026-07-25 08:29:08+00:00,0.84
2026-07-25 08:30:20+00:00,0.84
2026-07-25 08:31:08+00:00,0.84
2026-07-25 08:32:06+00:00,0.84
2026-07-25 08:33:08+00:00,0.84
2026-07-25 08:34:08+00:00,0.84
2026-07-25 08:35:07+00:00,0.84
2026-07-25 08:36:06+00:00,0.84
2026-07-25 08:37:06+00:00,0.84
2026-07-25 08:38:07+00:00,0.84
2026-07-25 08:39:08+00:00,0.84
2026-07-25 08:40:08+00:00,0.84
2026-07-25 08:41:06+00:00,0.84
2026-07-25 08:42:06+00:00,0.84
2026-07-25 08:43:08+00:00,0.84
2026-07-25 08:44:08+00:00,0.84
2026-07-25 08:45:23+00:00,0.84
2026-07-25 08:46:08+00:00,0.84
2026-07-25 08:47:07+00:00,0.84
2026-07-25 08:48:06+00:00,0.84
2026-07-25 08:49:20+00:00,0.84
2026-07-25 08:50:08+00:00,0.84
2026-07-25 08:51:07+00:00,0.84
2026-07-25 08:52:06+00:00,0.84
2026-07-25 08:53:13+00:00,0.835
2026-07-25 08:54:08+00:00,0.835
2026-07-25 08:55:10+00:00,0.835
2026-07-25 08:56:07+00:00,0.835
2026-07-25 08:57:07+00:00,0.835
2026-07-25 08:58:08+00:00,0.835
2026-07-25 08:59:07+00:00,0.835
2026-07-25 09:00:34+00:00,0.835
2026-07-25 09:01:09+00:00,0.835
2026-07-25 09:02:06+00:00,0.835
2026-07-25 09:03:09+00:00,0.835
2026-07-25 09:04:09+00:00,0.835
2026-07-25 09:05:09+00:00,0.835
2026-07-25 09:06:06+00:00,0.835
2026-07-25 09:07:07+00:00,0.835
2026-07-25 09:08:08+00:00,0.835
2026-07-25 09:09:21+00:00,0.835
2026-07-25 09:10:09+00:00,0.835
2026-07-25 09:11:09+00:00,0.835
2026-07-25 09:12:06+00:00,0.835
2026-07-25 09:13:08+00:00,0.835
2026-07-25 09:14:06+00:00,0.835
2026-07-25 09:15:07+00:00,0.835
2026-07-25 09:16:07+00:00,0.835
2026-07-25 09:17:07+00:00,0.835
2026-07-25 09:18:06+00:00,0.835
2026-07-25 09:19:14+00:00,0.835
2026-07-25 09:20:08+00:00,0.835
2026-07-25 09:21:08+00:00,0.835
2026-07-25 09:22:07+00:00,0.835
2026-07-25 09:23:22+00:00,0.835
2026-07-25 09:24:08+00:00,0.835
2026-07-25 09:25:08+00:00,0.835
2026-07-25 09:26:08+00:00,0.835
2026-07-25 09:27:08+00:00,0.835
2026-07-25 09:28:08+00:00,0.835
2026-07-25 09:29:07+00:00,0.835
2026-07-25 09:30:29+00:00,0.835
2026-07-25 09:31:14+00:00,0.835
2026-07-25 09:32:06+00:00,0.835
2026-07-25 09:33:09+00:00,0.835
2026-07-25 09:34:06+00:00,0.835
2026-07-25 09:35:10+00:00,0.835
2026-07-25 09:36:06+00:00,0.835
2026-07-25 09:37:07+00:00,0.835
2026-07-25 09:38:08+00:00,0.835
2026-07-25 09:39:07+00:00,0.835
2026-07-25 09:40:07+00:00,0.835
2026-07-25 09:41:07+00:00,0.835
2026-07-25 09:42:13+00:00,0.835
2026-07-25 09:43:09+00:00,0.835
2026-07-25 09:44:06+00:00,0.835
2026-07-25 09:45:21+00:00,0.835
2026-07-25 09:46:08+00:00,0.835
2026-07-25 09:47:07+00:00,0.835
2026-07-25 09:48:08+00:00,0.835
2026-07-25 09:49:06+00:00,0.835
2026-07-25 09:50:09+00:00,0.835
2026-07-25 09:51:07+00:00,0.835
2026-07-25 09:52:08+00:00,0.835
2026-07-25 09:53:08+00:00,0.835
2026-07-25 09:54:07+00:00,0.835
2026-07-25 09:55:23+00:00,0.835
2026-07-25 09:56:07+00:00,0.835
2026-07-25 09:57:12+00:00,0.835
2026-07-25 09:58:06+00:00,0.835
2026-07-25 09:59:09+00:00,0.835
2026-07-25 10:00:20+00:00,0.835
2026-07-25 10:01:08+00:00,0.835
2026-07-25 10:02:06+00:00,0.835
2026-07-25 10:03:08+00:00,0.835
2026-07-25 10:04:08+00:00,0.835
2026-07-25 10:05:08+00:00,0.835
2026-07-25 10:06:12+00:00,0.835
2026-07-25 10:07:08+00:00,0.835
2026-07-25 10:08:08+00:00,0.835
2026-07-25 10:09:08+00:00,0.835
2026-07-25 10:10:07+00:00,0.835
2026-07-25 10:11:07+00:00,0.835
2026-07-25 10:12:06+00:00,0.835
2026-07-25 10:13:08+00:00,0.835
2026-07-25 10:14:06+00:00,0.835
2026-07-25 10:15:08+00:00,0.835
2026-07-25 10:16:09+00:00,0.835
2026-07-25 10:17:08+00:00,0.835
2026-07-25 10:18:08+00:00,0.835
2026-07-25 10:19:08+00:00,0.835
2026-07-25 10:20:06+00:00,0.835
2026-07-25 10:21:09+00:00,0.835
2026-07-25 10:22:06+00:00,0.835
2026-07-25 10:23:13+00:00,0.835
2026-07-25 10:24:06+00:00,0.835
2026-07-25 10:25:09+00:00,0.835
2026-07-25 10:26:08+00:00,0.835
2026-07-25 10:27:07+00:00,0.835
2026-07-25 10:28:08+00:00,0.835
2026-07-25 10:29:07+00:00,0.835
2026-07-25 10:30:35+00:00,0.835
2026-07-25 10:31:08+00:00,0.835
2026-07-25 10:32:06+00:00,0.835
2026-07-25 10:33:08+00:00,0.835
2026-07-25 10:34:07+00:00,0.835
2026-07-25 10:35:09+00:00,0.83
2026-07-25 10:36:08+00:00,0.835
2026-07-25 10:37:06+00:00,0.835
2026-07-25 10:38:07+00:00,0.835
2026-07-25 10:39:06+00:00,0.835
2026-07-25 10:40:07+00:00,0.835
2026-07-25 10:41:09+00:00,0.835
2026-07-25 10:42:06+00:00,0.835
2026-07-25 10:43:08+00:00,0.835
2026-07-25 10:44:06+00:00,0.835
2026-07-25 10:45:09+00:00,0.835
2026-07-25 10:46:08+00:00,0.835
2026-07-25 10:47:07+00:00,0.835
2026-07-25 10:48:08+00:00,0.835
2026-07-25 10:49:13+00:00,0.83
2026-07-25 10:50:10+00:00,0.835
2026-07-25 10:51:09+00:00,0.835
2026-07-25 10:52:06+00:00,0.835
2026-07-25 10:53:08+00:00,0.835
2026-07-25 10:54:08+00:00,0.835
2026-07-25 10:55:08+00:00,0.835
2026-07-25 10:56:19+00:00,0.835
2026-07-25 10:57:07+00:00,0.835
2026-07-25 10:58:08+00:00,0.835
2026-07-25 10:59:19+00:00,0.835
2026-07-25 11:00:17+00:00,0.835
2026-07-25 11:01:09+00:00,0.835
2026-07-25 11:02:08+00:00,0.835
2026-07-25 11:03:20+00:00,0.835
2026-07-25 11:04:08+00:00,0.835
2026-07-25 11:05:07+00:00,0.835
2026-07-25 11:06:08+00:00,0.835
2026-07-25 11:07:08+00:00,0.835
2026-07-25 11:08:07+00:00,0.835
2026-07-25 11:09:08+00:00,0.835
2026-07-25 11:10:31+00:00,0.835
2026-07-25 11:11:06+00:00,0.835
2026-07-25 11:12:06+00:00,0.835
2026-07-25 11:13:08+00:00,0.835
2026-07-25 11:14:06+00:00,0.835
2026-07-25 11:15:14+00:00,0.835
2026-07-25 11:16:08+00:00,0.835
2026-07-25 11:17:08+00:00,0.835
2026-07-25 11:18:06+00:00,0.835
2026-07-25 11:19:23+00:00,0.835
2026-07-25 11:20:07+00:00,0.835
2026-07-25 11:21:08+00:00,0.835
2026-07-25 11:22:06+00:00,0.835
2026-07-25 11:23:08+00:00,0.835
2026-07-25 11:24:07+00:00,0.835
2026-07-25 11:25:08+00:00,0.835
2026-07-25 11:26:06+00:00,0.835
2026-07-25 11:27:09+00:00,0.835
2026-07-25 11:28:08+00:00,0.835
2026-07-25 11:29:09+00:00,0.835
2026-07-25 11:30:39+00:00,0.835
2026-07-25 11:31:08+00:00,0.835
2026-07-25 11:32:06+00:00,0.835
2026-07-25 11:33:08+00:00,0.835
2026-07-25 11:34:06+00:00,0.835
2026-07-25 11:35:07+00:00,0.835
2026-07-25 11:36:08+00:00,0.835
2026-07-25 11:37:07+00:00,0.835
2026-07-25 11:38:07+00:00,0.835
2026-07-25 11:39:08+00:00,0.835
2026-07-25 11:40:08+00:00,0.835
2026-07-25 11:41:13+00:00,0.835
2026-07-25 11:42:06+00:00,0.835
2026-07-25 11:43:09+00:00,0.835
2026-07-25 11:44:07+00:00,0.835
2026-07-25 11:45:09+00:00,0.835
2026-07-25 11:46:07+00:00,0.835
2026-07-25 11:47:08+00:00,0.835
2026-07-25 11:48:08+00:00,0.835
2026-07-25 11:49:08+00:00,0.835
2026-07-25 11:50:08+00:00,0.835
2026-07-25 11:51:08+00:00,0.835
2026-07-25 11:52:08+00:00,0.835
2026-07-25 11:53:09+00:00,0.835
2026-07-25 11:54:09+00:00,0.835
2026-07-25 11:55:10+00:00,0.835
2026-07-25 11:56:08+00:00,0.835
2026-07-25 11:57:19+00:00,0.835
2026-07-25 11:58:08+00:00,0.835
2026-07-25 11:59:08+00:00,0.835
2026-07-25 12:01:02+00:00,0.835
2026-07-25 12:01:21+00:00,0.835
2026-07-25 12:02:06+00:00,0.835
2026-07-25 12:03:08+00:00,0.835
2026-07-25 12:04:06+00:00,0.835
2026-07-25 12:05:07+00:00,0.835
2026-07-25 12:06:06+00:00,0.835
2026-07-25 12:07:13+00:00,0.835
2026-07-25 12:08:13+00:00,0.835
2026-07-25 12:09:09+00:00,0.835
2026-07-25 12:10:10+00:00,0.835
2026-07-25 12:11:08+00:00,0.835
2026-07-25 12:12:06+00:00,0.835
2026-07-25 12:13:08+00:00,0.835
2026-07-25 12:14:06+00:00,0.835
2026-07-25 12:15:06+00:00,0.835
2026-07-25 12:16:07+00:00,0.835
2026-07-25 12:17:07+00:00,0.835
2026-07-25 12:18:08+00:00,0.835
2026-07-25 12:19:09+00:00,0.835
2026-07-25 12:20:07+00:00,0.835
2026-07-25 12:21:07+00:00,0.835
2026-07-25 12:22:08+00:00,0.835
2026-07-25 12:23:21+00:00,0.835
2026-07-25 12:24:08+00:00,0.835
2026-07-25 12:25:12+00:00,0.835
2026-07-25 12:26:06+00:00,0.835
2026-07-25 12:27:06+00:00,0.835
2026-07-25 12:28:24+00:00,0.835
2026-07-25 12:29:06+00:00,0.835
2026-07-25 12:30:17+00:00,0.835
2026-07-25 12:31:10+00:00,0.835
2026-07-25 12:32:10+00:00,0.835
2026-07-25 12:33:15+00:00,0.835
2026-07-25 12:34:08+00:00,0.835
2026-07-25 12:35:09+00:00,0.835
2026-07-25 12:36:08+00:00,0.835
2026-07-25 12:37:07+00:00,0.835
2026-07-25 12:38:07+00:00,0.835
2026-07-25 12:39:08+00:00,0.835
2026-07-25 12:40:22+00:00,0.835
2026-07-25 12:41:21+00:00,0.835
2026-07-25 12:42:27+00:00,0.835
2026-07-25 12:43:09+00:00,0.835
2026-07-25 12:44:06+00:00,0.835
2026-07-25 12:45:08+00:00,0.835
2026-07-25 12:46:19+00:00,0.835
2026-07-25 12:47:07+00:00,0.835
2026-07-25 12:48:08+00:00,0.835
2026-07-25 12:49:08+00:00,0.835
2026-07-25 12:50:07+00:00,0.835
2026-07-25 12:51:19+00:00,0.835
2026-07-25 12:52:10+00:00,0.835
2026-07-25 12:53:09+00:00,0.835
2026-07-25 12:54:08+00:00,0.835
2026-07-25 12:55:09+00:00,0.835
2026-07-25 12:56:08+00:00,0.835
2026-07-25 12:57:07+00:00,0.835
2026-07-25 12:58:08+00:00,0.835
2026-07-25 12:59:27+00:00,0.835
2026-07-25 13:00:33+00:00,0.835
2026-07-25 13:01:10+00:00,0.835
2026-07-25 13:02:08+00:00,0.835
2026-07-25 13:03:08+00:00,0.835
2026-07-25 13:04:06+00:00,0.835
2026-07-25 13:05:20+00:00,0.835
2026-07-25 13:06:06+00:00,0.835
2026-07-25 13:07:21+00:00,0.835
2026-07-25 13:08:08+00:00,0.835
2026-07-25 13:09:06+00:00,0.835
2026-07-25 13:10:06+00:00,0.835
2026-07-25 13:11:07+00:00,0.835
2026-07-25 13:12:06+00:00,0.835
2026-07-25 13:13:08+00:00,0.835
2026-07-25 13:14:07+00:00,0.835
2026-07-25 13:15:08+00:00,0.835
2026-07-25 13:16:08+00:00,0.835
2026-07-25 13:17:08+00:00,0.835
2026-07-25 13:18:08+00:00,0.835
2026-07-25 13:19:08+00:00,0.835
2026-07-25 13:20:19+00:00,0.835
2026-07-25 13:21:07+00:00,0.835
2026-07-25 13:22:07+00:00,0.835
2026-07-25 13:23:08+00:00,0.835
2026-07-25 13:24:08+00:00,0.835
2026-07-25 13:25:15+00:00,0.835
2026-07-25 13:26:06+00:00,0.835
2026-07-25 13:27:09+00:00,0.835
2026-07-25 13:28:07+00:00,0.835
2026-07-25 13:29:08+00:00,0.835
2026-07-25 13:30:23+00:00,0.835
2026-07-25 13:31:07+00:00,0.835
2026-07-25 13:32:08+00:00,0.835
2026-07-25 13:33:08+00:00,0.835
2026-07-25 13:34:06+00:00,0.835
2026-07-25 13:35:23+00:00,0.835
2026-07-25 13:36:08+00:00,0.835
2026-07-25 13:37:07+00:00,0.835
2026-07-25 13:38:09+00:00,0.835
2026-07-25 13:39:08+00:00,0.835
2026-07-25 13:40:19+00:00,0.835
2026-07-25 13:41:07+00:00,0.835
2026-07-25 13:42:08+00:00,0.835
2026-07-25 13:43:08+00:00,0.835
2026-07-25 13:44:08+00:00,0.835
2026-07-25 13:45:10+00:00,0.835
2026-07-25 13:46:08+00:00,0.835
2026-07-25 13:47:07+00:00,0.835
2026-07-25 13:48:08+00:00,0.835
2026-07-25 13:49:08+00:00,0.835
2026-07-25 13:50:08+00:00,0.835
2026-07-25 13:51:15+00:00,0.835
2026-07-25 13:52:06+00:00,0.835
2026-07-25 13:53:08+00:00,0.835
2026-07-25 13:54:13+00:00,0.835
2026-07-25 13:55:12+00:00,0.835
2026-07-25 13:56:07+00:00,0.835
2026-07-25 13:57:06+00:00,0.835
2026-07-25 13:58:06+00:00,0.835
2026-07-25 13:59:08+00:00,0.835
2026-07-25 14:00:29+00:00,0.835
2026-07-25 14:01:08+00:00,0.835
2026-07-25 14:02:08+00:00,0.835
2026-07-25 14:03:09+00:00,0.835
2026-07-25 14:04:07+00:00,0.835
2026-07-25 14:05:09+00:00,0.835
2026-07-25 14:06:08+00:00,0.835
2026-07-25 14:07:08+00:00,0.835
2026-07-25 14:08:08+00:00,0.835
2026-07-25 14:09:07+00:00,0.835
2026-07-25 14:10:08+00:00,0.835
2026-07-25 14:11:07+00:00,0.835
2026-07-25 14:12:08+00:00,0.835
2026-07-25 14:13:08+00:00,0.835
2026-07-25 14:14:08+00:00,0.835
2026-07-25 14:15:08+00:00,0.835
2026-07-25 14:16:06+00:00,0.835
2026-07-25 14:17:07+00:00,0.835
2026-07-25 14:18:08+00:00,0.835
2026-07-25 14:19:09+00:00,0.835
2026-07-25 14:20:14+00:00,0.835
2026-07-25 14:21:07+00:00,0.835
2026-07-25 14:22:08+00:00,0.835
2026-07-25 14:23:08+00:00,0.835
2026-07-25 14:24:07+00:00,0.835
2026-07-25 14:25:07+00:00,0.835
2026-07-25 14:26:06+00:00,0.835
2026-07-25 14:27:07+00:00,0.835
2026-07-25 14:28:06+00:00,0.835
2026-07-25 14:29:09+00:00,0.835
2026-07-25 14:30:23+00:00,0.835
2026-07-25 14:31:08+00:00,0.835
2026-07-25 14:32:06+00:00,0.835
2026-07-25 14:33:08+00:00,0.835
2026-07-25 14:34:12+00:00,0.835
2026-07-25 14:35:08+00:00,0.835
2026-07-25 14:36:06+00:00,0.835
2026-07-25 14:37:06+00:00,0.835
2026-07-25 14:38:07+00:00,0.835
2026-07-25 14:39:08+00:00,0.835
2026-07-25 14:40:08+00:00,0.835
2026-07-25 14:41:07+00:00,0.835
2026-07-25 14:42:21+00:00,0.835
2026-07-25 14:43:09+00:00,0.835
2026-07-25 14:44:06+00:00,0.835
2026-07-25 14:45:07+00:00,0.835
2026-07-25 14:46:11+00:00,0.835
2026-07-25 14:47:07+00:00,0.835
2026-07-25 14:48:08+00:00,0.835
2026-07-25 14:49:06+00:00,0.835
2026-07-25 14:50:25+00:00,0.835
2026-07-25 14:51:06+00:00,0.835
2026-07-25 14:52:06+00:00,0.835
2026-07-25 14:53:08+00:00,0.835
2026-07-25 14:54:08+00:00,0.835
2026-07-25 14:55:09+00:00,0.835
2026-07-25 14:56:06+00:00,0.835
2026-07-25 14:57:19+00:00,0.835
2026-07-25 14:58:11+00:00,0.835
2026-07-25 14:59:08+00:00,0.835
2026-07-25 15:00:54+00:00,0.835
2026-07-25 15:01:14+00:00,0.83
2026-07-25 15:02:06+00:00,0.83
2026-07-25 15:03:08+00:00,0.83
2026-07-25 15:04:08+00:00,0.83
2026-07-25 15:05:07+00:00,0.83
2026-07-25 15:06:06+00:00,0.83
2026-07-25 15:07:07+00:00,0.83
2026-07-25 15:08:09+00:00,0.83
2026-07-25 15:09:09+00:00,0.83
2026-07-25 15:10:08+00:00,0.83
2026-07-25 15:11:09+00:00,0.83
2026-07-25 15:12:13+00:00,0.83
2026-07-25 15:13:08+00:00,0.83
2026-07-25 15:14:06+00:00,0.83
2026-07-25 15:15:09+00:00,0.83
2026-07-25 15:16:06+00:00,0.83
2026-07-25 15:17:09+00:00,0.83
2026-07-25 15:18:11+00:00,0.83
2026-07-25 15:19:07+00:00,0.83
2026-07-25 15:20:07+00:00,0.83
2026-07-25 15:21:07+00:00,0.83
2026-07-25 15:22:08+00:00,0.83
2026-07-25 15:23:09+00:00,0.83
2026-07-25 15:24:08+00:00,0.83
2026-07-25 15:25:08+00:00,0.83
2026-07-25 15:26:06+00:00,0.83
2026-07-25 15:27:07+00:00,0.83
2026-07-25 15:28:06+00:00,0.83
2026-07-25 15:29:08+00:00,0.83
2026-07-25 15:30:22+00:00,0.83
2026-07-25 15:31:08+00:00,0.83
2026-07-25 15:32:08+00:00,0.83
2026-07-25 15:33:08+00:00,0.83
2026-07-25 15:34:20+00:00,0.83
2026-07-25 15:35:20+00:00,0.83
2026-07-25 15:36:08+00:00,0.83
2026-07-25 15:37:07+00:00,0.83
2026-07-25 15:38:11+00:00,0.83
2026-07-25 15:39:08+00:00,0.83
2026-07-25 15:40:10+00:00,0.83
2026-07-25 15:41:08+00:00,0.83
2026-07-25 15:42:12+00:00,0.83
2026-07-25 15:43:08+00:00,0.83
2026-07-25 15:44:07+00:00,0.83
2026-07-25 15:45:09+00:00,0.83
2026-07-25 15:46:06+00:00,0.83
2026-07-25 15:47:09+00:00,0.83
2026-07-25 15:48:06+00:00,0.83
2026-07-25 15:49:08+00:00,0.83
2026-07-25 15:50:09+00:00,0.83
2026-07-25 15:51:09+00:00,0.83
2026-07-25 15:52:06+00:00,0.83
2026-07-25 15:53:08+00:00,0.83
2026-07-25 15:54:07+00:00,0.83
2026-07-25 15:55:09+00:00,0.83
2026-07-25 15:56:07+00:00,0.83
2026-07-25 15:57:07+00:00,0.83
2026-07-25 15:58:07+00:00,0.83
2026-07-25 15:59:09+00:00,0.83
2026-07-25 16:00:22+00:00,0.83
2026-07-25 16:01:09+00:00,0.83
2026-07-25 16:02:06+00:00,0.83
2026-07-25 16:03:08+00:00,0.83
2026-07-25 16:04:08+00:00,0.83
2026-07-25 16:05:08+00:00,0.83
2026-07-25 16:06:07+00:00,0.83
2026-07-25 16:07:06+00:00,0.83
2026-07-25 16:08:26+00:00,0.83
2026-07-25 16:09:08+00:00,0.83
2026-07-25 16:10:10+00:00,0.83
2026-07-25 16:11:09+00:00,0.83
2026-07-25 16:12:06+00:00,0.83
2026-07-25 16:13:08+00:00,0.83
2026-07-25 16:14:24+00:00,0.83
2026-07-25 16:15:22+00:00,0.83
2026-07-25 16:16:08+00:00,0.83
2026-07-25 16:17:09+00:00,0.83
2026-07-25 16:18:08+00:00,0.83
2026-07-25 16:19:08+00:00,0.83
2026-07-25 16:20:08+00:00,0.83
2026-07-25 16:21:09+00:00,0.83
2026-07-25 16:22:08+00:00,0.83
2026-07-25 16:23:09+00:00,0.83
2026-07-25 16:24:08+00:00,0.83
2026-07-25 16:25:09+00:00,0.83
2026-07-25 16:26:06+00:00,0.83
2026-07-25 16:27:07+00:00,0.83
2026-07-25 16:28:08+00:00,0.83
2026-07-25 16:29:08+00:00,0.83
2026-07-25 16:30:26+00:00,0.83
2026-07-25 16:31:15+00:00,0.83
2026-07-25 16:32:08+00:00,0.83
2026-07-25 16:33:20+00:00,0.83
2026-07-25 16:34:07+00:00,0.83
2026-07-25 16:35:10+00:00,0.83
2026-07-25 16:36:06+00:00,0.83
2026-07-25 16:37:07+00:00,0.83
2026-07-25 16:38:08+00:00,0.83
2026-07-25 16:39:08+00:00,0.83
2026-07-25 16:40:06+00:00,0.83
2026-07-25 16:41:07+00:00,0.83
2026-07-25 16:42:06+00:00,0.83
2026-07-25 16:43:09+00:00,0.83
2026-07-25 16:44:24+00:00,0.83
2026-07-25 16:45:09+00:00,0.83
2026-07-25 16:46:07+00:00,0.83
2026-07-25 16:47:09+00:00,0.83
2026-07-25 16:48:08+00:00,0.83
2026-07-25 16:49:09+00:00,0.83
2026-07-25 16:50:17+00:00,0.83
2026-07-25 16:51:08+00:00,0.83
2026-07-25 16:52:06+00:00,0.83
2026-07-25 16:53:08+00:00,0.83
2026-07-25 16:54:19+00:00,0.83
2026-07-25 16:55:08+00:00,0.83
2026-07-25 16:56:06+00:00,0.83
2026-07-25 16:57:14+00:00,0.83
2026-07-25 16:58:08+00:00,0.83
2026-07-25 16:59:07+00:00,0.83
2026-07-25 17:00:37+00:00,0.83
2026-07-25 17:01:11+00:00,0.83
2026-07-25 17:02:08+00:00,0.83
2026-07-25 17:03:09+00:00,0.83
2026-07-25 17:04:06+00:00,0.83
2026-07-25 17:05:09+00:00,0.83
2026-07-25 17:06:08+00:00,0.83
2026-07-25 17:07:08+00:00,0.83
2026-07-25 17:08:08+00:00,0.83
2026-07-25 17:09:08+00:00,0.83
2026-07-25 17:10:09+00:00,0.83
2026-07-25 17:11:24+00:00,0.83
2026-07-25 17:12:06+00:00,0.83
2026-07-25 17:13:07+00:00,0.83
2026-07-25 17:14:07+00:00,0.83
2026-07-25 17:15:08+00:00,0.83
2026-07-25 17:16:08+00:00,0.83
2026-07-25 17:17:07+00:00,0.83
2026-07-25 17:18:13+00:00,0.83
2026-07-25 17:19:08+00:00,0.83
2026-07-25 17:20:08+00:00,0.83
2026-07-25 17:21:07+00:00,0.83
2026-07-25 17:22:17+00:00,0.83
2026-07-25 17:23:08+00:00,0.83
2026-07-25 17:24:11+00:00,0.83
2026-07-25 17:25:10+00:00,0.83
2026-07-25 17:26:08+00:00,0.83
2026-07-25 17:27:08+00:00,0.83
2026-07-25 17:28:08+00:00,0.83
2026-07-25 17:29:08+00:00,0.83
2026-07-25 17:30:26+00:00,0.83
2026-07-25 17:31:22+00:00,0.83
2026-07-25 17:32:06+00:00,0.83
2026-07-25 17:33:08+00:00,0.83
2026-07-25 17:34:09+00:00,0.83
2026-07-25 17:35:08+00:00,0.83
2026-07-25 17:36:08+00:00,0.83
2026-07-25 17:37:07+00:00,0.83
2026-07-25 17:38:08+00:00,0.83
2026-07-25 17:39:08+00:00,0.83
2026-07-25 17:40:30+00:00,0.83
2026-07-25 17:41:08+00:00,0.83
2026-07-25 17:42:23+00:00,0.83
2026-07-25 17:43:20+00:00,0.83
2026-07-25 17:44:13+00:00,0.83
2026-07-25 17:45:09+00:00,0.83
2026-07-25 17:46:08+00:00,0.83
2026-07-25 17:47:07+00:00,0.83
2026-07-25 17:48:08+00:00,0.83
2026-07-25 17:49:07+00:00,0.83
2026-07-25 17:50:25+00:00,0.83
2026-07-25 17:51:21+00:00,0.83
2026-07-25 17:52:06+00:00,0.83
2026-07-25 17:53:08+00:00,0.83
2026-07-25 17:54:08+00:00,0.83
2026-07-25 17:55:08+00:00,0.83
2026-07-25 17:56:06+00:00,0.83
2026-07-25 17:57:13+00:00,0.83
2026-07-25 17:58:08+00:00,0.83
2026-07-25 17:59:09+00:00,0.83
2026-07-25 18:00:45+00:00,0.83
2026-07-25 18:01:13+00:00,0.83
2026-07-25 18:02:19+00:00,0.83
2026-07-25 18:03:08+00:00,0.83
2026-07-25 18:04:08+00:00,0.83
2026-07-25 18:05:09+00:00,0.83
2026-07-25 18:06:06+00:00,0.83
2026-07-25 18:07:08+00:00,0.83
2026-07-25 18:08:07+00:00,0.83
2026-07-25 18:09:09+00:00,0.83
2026-07-25 18:10:24+00:00,0.83
2026-07-25 18:11:06+00:00,0.83
2026-07-25 18:12:06+00:00,0.83
2026-07-25 18:13:08+00:00,0.83
2026-07-25 18:14:06+00:00,0.83
2026-07-25 18:15:13+00:00,0.83
2026-07-25 18:16:08+00:00,0.83
2026-07-25 18:17:07+00:00,0.83
2026-07-25 18:18:08+00:00,0.83
2026-07-25 18:19:08+00:00,0.83
2026-07-25 18:20:06+00:00,0.83
2026-07-25 18:21:08+00:00,0.83
2026-07-25 18:22:08+00:00,0.83
2026-07-25 18:23:08+00:00,0.83
2026-07-25 18:24:07+00:00,0.83
2026-07-25 18:25:07+00:00,0.83
2026-07-25 18:26:06+00:00,0.83
2026-07-25 18:27:09+00:00,0.83
2026-07-25 18:28:08+00:00,0.83
2026-07-25 18:29:08+00:00,0.83
2026-07-25 18:30:22+00:00,0.83
2026-07-25 18:31:08+00:00,0.83
2026-07-25 18:32:06+00:00,0.83
2026-07-25 18:33:08+00:00,0.83
2026-07-25 18:34:08+00:00,0.83
2026-07-25 18:35:07+00:00,0.83
2026-07-25 18:36:06+00:00,0.83
2026-07-25 18:37:09+00:00,0.83
2026-07-25 18:38:08+00:00,0.83
2026-07-25 18:39:06+00:00,0.83
2026-07-25 18:40:07+00:00,0.83
2026-07-25 18:41:14+00:00,0.83
2026-07-25 18:42:23+00:00,0.83
2026-07-25 18:43:20+00:00,0.83
2026-07-25 18:44:08+00:00,0.83
2026-07-25 18:45:10+00:00,0.83
2026-07-25 18:46:06+00:00,0.83
2026-07-25 18:47:09+00:00,0.83
2026-07-25 18:48:08+00:00,0.83
2026-07-25 18:49:06+00:00,0.83
2026-07-25 18:50:06+00:00,0.83
2026-07-25 18:51:07+00:00,0.83
2026-07-25 18:52:06+00:00,0.83
2026-07-25 18:53:07+00:00,0.83
2026-07-25 18:54:09+00:00,0.83
2026-07-25 18:55:09+00:00,0.83
2026-07-25 18:56:08+00:00,0.83
2026-07-25 18:57:13+00:00,0.83
2026-07-25 18:58:08+00:00,0.83
2026-07-25 18:59:08+00:00,0.83
2026-07-25 19:00:23+00:00,0.83
2026-07-25 19:01:07+00:00,0.83
2026-07-25 19:02:06+00:00,0.83
2026-07-25 19:03:07+00:00,0.83
2026-07-25 19:04:08+00:00,0.83
2026-07-25 19:05:09+00:00,0.83
2026-07-25 19:06:06+00:00,0.83
2026-07-25 19:07:09+00:00,0.83
2026-07-25 19:08:08+00:00,0.83
2026-07-25 19:09:09+00:00,0.83
2026-07-25 19:10:09+00:00,0.83
2026-07-25 19:11:08+00:00,0.83
2026-07-25 19:12:07+00:00,0.83
2026-07-25 19:13:09+00:00,0.83
2026-07-25 19:14:06+00:00,0.83
2026-07-25 19:15:07+00:00,0.83
2026-07-25 19:16:06+00:00,0.83
2026-07-25 19:17:09+00:00,0.83
2026-07-25 19:18:14+00:00,0.83
2026-07-25 19:19:07+00:00,0.83
2026-07-25 19:20:08+00:00,0.83
2026-07-25 19:21:09+00:00,0.83
2026-07-25 19:22:24+00:00,0.83
2026-07-25 19:23:08+00:00,0.83
2026-07-25 19:24:08+00:00,0.83
2026-07-25 19:25:06+00:00,0.83
2026-07-25 19:26:12+00:00,0.83
2026-07-25 19:27:09+00:00,0.83
2026-07-25 19:28:11+00:00,0.83
2026-07-25 19:29:08+00:00,0.83
2026-07-25 19:30:33+00:00,0.83
2026-07-25 19:31:08+00:00,0.83
2026-07-25 19:32:32+00:00,0.83
2026-07-25 19:33:07+00:00,0.83
2026-07-25 19:34:19+00:00,0.83
2026-07-25 19:35:09+00:00,0.83
2026-07-25 19:36:07+00:00,0.83
2026-07-25 19:37:07+00:00,0.83
2026-07-25 19:38:08+00:00,0.83
2026-07-25 19:39:08+00:00,0.83
2026-07-25 19:40:06+00:00,0.83
2026-07-25 19:41:07+00:00,0.83
2026-07-25 19:42:06+00:00,0.83
2026-07-25 19:43:09+00:00,0.83
2026-07-25 19:44:26+00:00,0.83
2026-07-25 19:45:08+00:00,0.83
2026-07-25 19:46:06+00:00,0.83
2026-07-25 19:47:07+00:00,0.83
2026-07-25 19:48:23+00:00,0.83
2026-07-25 19:49:07+00:00,0.83
2026-07-25 19:50:10+00:00,0.83
2026-07-25 19:51:08+00:00,0.83
2026-07-25 19:52:07+00:00,0.83
2026-07-25 19:53:08+00:00,0.83
2026-07-25 19:54:37+00:00,0.83
2026-07-25 19:55:08+00:00,0.83
2026-07-25 19:56:06+00:00,0.83
2026-07-25 19:57:09+00:00,0.83
2026-07-25 19:58:08+00:00,0.83
2026-07-25 19:59:07+00:00,0.83
2026-07-25 20:00:31+00:00,0.83
2026-07-25 20:01:07+00:00,0.83
2026-07-25 20:02:06+00:00,0.83
2026-07-25 20:03:08+00:00,0.83
2026-07-25 20:04:08+00:00,0.83
2026-07-25 20:05:07+00:00,0.83
2026-07-25 20:06:06+00:00,0.83
2026-07-25 20:07:08+00:00,0.83
2026-07-25 20:08:08+00:00,0.83
2026-07-25 20:09:08+00:00,0.83
2026-07-25 20:10:17+00:00,0.83
2026-07-25 20:11:20+00:00,0.83
2026-07-25 20:12:20+00:00,0.83
2026-07-25 20:13:08+00:00,0.83
2026-07-25 20:14:08+00:00,0.83
2026-07-25 20:15:08+00:00,0.83
2026-07-25 20:16:06+00:00,0.83
2026-07-25 20:17:07+00:00,0.83
2026-07-25 20:18:22+00:00,0.83
2026-07-25 20:19:07+00:00,0.83
2026-07-25 20:20:07+00:00,0.83
2026-07-25 20:21:07+00:00,0.83
2026-07-25 20:22:06+00:00,0.83
2026-07-25 20:23:08+00:00,0.83
2026-07-25 20:24:08+00:00,0.83
2026-07-25 20:25:10+00:00,0.83
2026-07-25 20:26:06+00:00,0.83
2026-07-25 20:27:08+00:00,0.83
2026-07-25 20:28:08+00:00,0.83
2026-07-25 20:29:08+00:00,0.83
2026-07-25 20:30:20+00:00,0.83
2026-07-25 20:31:09+00:00,0.83
2026-07-25 20:32:08+00:00,0.83
2026-07-25 20:33:08+00:00,0.83
2026-07-25 20:34:08+00:00,0.83
2026-07-25 20:35:08+00:00,0.83
2026-07-25 20:36:13+00:00,0.83
2026-07-25 20:37:19+00:00,0.83
2026-07-25 20:38:08+00:00,0.83
2026-07-25 20:39:08+00:00,0.83
2026-07-25 20:40:09+00:00,0.83
2026-07-25 20:41:07+00:00,0.83
2026-07-25 20:42:06+00:00,0.83
2026-07-25 20:43:08+00:00,0.83
2026-07-25 20:44:07+00:00,0.83
2026-07-25 20:45:07+00:00,0.83
2026-07-25 20:46:06+00:00,0.83
2026-07-25 20:47:08+00:00,0.83
2026-07-25 20:48:07+00:00,0.83
2026-07-25 20:49:07+00:00,0.83
2026-07-25 20:50:07+00:00,0.83
2026-07-25 20:51:07+00:00,0.83
2026-07-25 20:52:06+00:00,0.83
2026-07-25 20:53:09+00:00,0.83
2026-07-25 20:54:06+00:00,0.83
2026-07-25 20:55:09+00:00,0.83
2026-07-25 20:56:07+00:00,0.83
2026-07-25 20:57:08+00:00,0.83
2026-07-25 20:58:08+00:00,0.83
2026-07-25 20:59:07+00:00,0.83
2026-07-25 21:01:02+00:00,0.83
2026-07-25 21:01:20+00:00,0.83
2026-07-25 21:02:13+00:00,0.83
2026-07-25 21:03:09+00:00,0.83
2026-07-25 21:04:06+00:00,0.83
2026-07-25 21:05:08+00:00,0.83
2026-07-25 21:06:07+00:00,0.83
2026-07-25 21:07:07+00:00,0.83
2026-07-25 21:08:07+00:00,0.83
2026-07-25 21:09:08+00:00,0.83
2026-07-25 21:10:08+00:00,0.83
2026-07-25 21:11:06+00:00,0.83
2026-07-25 21:12:07+00:00,0.83
2026-07-25 21:13:10+00:00,0.83
2026-07-25 21:14:08+00:00,0.83
2026-07-25 21:15:07+00:00,0.83
2026-07-25 21:16:08+00:00,0.83
2026-07-25 21:17:07+00:00,0.83
2026-07-25 21:18:07+00:00,0.83
2026-07-25 21:19:06+00:00,0.83
2026-07-25 21:20:14+00:00,0.83
2026-07-25 21:21:07+00:00,0.83
2026-07-25 21:22:05+00:00,0.83
2026-07-25 21:23:09+00:00,0.83
2026-07-25 21:24:08+00:00,0.83
2026-07-25 21:25:08+00:00,0.83
2026-07-25 21:26:07+00:00,0.83
2026-07-25 21:27:07+00:00,0.83
2026-07-25 21:28:08+00:00,0.83
2026-07-25 21:29:09+00:00,0.83
2026-07-25 21:30:19+00:00,0.83
2026-07-25 21:31:09+00:00,0.83
2026-07-25 21:32:08+00:00,0.83
2026-07-25 21:33:08+00:00,0.83
2026-07-25 21:34:07+00:00,0.83
2026-07-25 21:35:07+00:00,0.83
2026-07-25 21:36:08+00:00,0.83
2026-07-25 21:37:07+00:00,0.83
2026-07-25 21:38:08+00:00,0.83
2026-07-25 21:39:22+00:00,0.83
2026-07-25 21:40:07+00:00,0.83
2026-07-25 21:41:07+00:00,0.83
2026-07-25 21:42:06+00:00,0.83
2026-07-25 21:43:08+00:00,0.83
2026-07-25 21:44:06+00:00,0.83
2026-07-25 21:45:07+00:00,0.83
2026-07-25 21:46:18+00:00,0.83
2026-07-25 21:47:07+00:00,0.83
2026-07-25 21:48:10+00:00,0.83
2026-07-25 21:49:08+00:00,0.83
2026-07-25 21:50:25+00:00,0.83
2026-07-25 21:51:06+00:00,0.83
2026-07-25 21:52:12+00:00,0.83
2026-07-25 21:53:07+00:00,0.83
2026-07-25 21:54:07+00:00,0.83
2026-07-25 21:55:09+00:00,0.83
2026-07-25 21:56:19+00:00,0.83
2026-07-25 21:57:21+00:00,0.83
2026-07-25 21:58:08+00:00,0.83
2026-07-25 21:59:07+00:00,0.83
2026-07-25 22:00:30+00:00,0.83
2026-07-25 22:01:08+00:00,0.83
2026-07-25 22:02:06+00:00,0.83
2026-07-25 22:03:08+00:00,0.83
2026-07-25 22:04:06+00:00,0.83
2026-07-25 22:05:07+00:00,0.83
2026-07-25 22:06:07+00:00,0.83
2026-07-25 22:07:08+00:00,0.83
2026-07-25 22:08:08+00:00,0.83
2026-07-25 22:09:08+00:00,0.83
2026-07-25 22:10:09+00:00,0.83
2026-07-25 22:11:07+00:00,0.83
2026-07-25 22:12:13+00:00,0.83
2026-07-25 22:13:08+00:00,0.83
2026-07-25 22:14:07+00:00,0.83
2026-07-25 22:15:24+00:00,0.83
2026-07-25 22:16:09+00:00,0.83
2026-07-25 22:17:08+00:00,0.83
2026-07-25 22:18:07+00:00,0.83
2026-07-25 22:19:07+00:00,0.83
2026-07-25 22:20:06+00:00,0.83
2026-07-25 22:21:13+00:00,0.83
2026-07-25 22:22:06+00:00,0.83
2026-07-25 22:23:09+00:00,0.83
2026-07-25 22:24:06+00:00,0.83
2026-07-25 22:25:09+00:00,0.83
2026-07-25 22:26:06+00:00,0.83
2026-07-25 22:27:07+00:00,0.83
2026-07-25 22:28:06+00:00,0.83
2026-07-25 22:29:08+00:00,0.83
2026-07-25 22:30:23+00:00,0.83
2026-07-25 22:31:08+00:00,0.83
2026-07-25 22:32:08+00:00,0.83
2026-07-25 22:33:06+00:00,0.83
2026-07-25 22:34:07+00:00,0.83
2026-07-25 22:35:07+00:00,0.83
2026-07-25 22:36:25+00:00,0.83
2026-07-25 22:37:06+00:00,0.83
2026-07-25 22:38:07+00:00,0.83
2026-07-25 22:39:13+00:00,0.83
2026-07-25 22:40:09+00:00,0.83
2026-07-25 22:41:20+00:00,0.83
2026-07-25 22:42:06+00:00,0.83
2026-07-25 22:43:08+00:00,0.83
2026-07-25 22:44:07+00:00,0.83
2026-07-25 22:45:08+00:00,0.83
2026-07-25 22:46:08+00:00,0.83
2026-07-25 22:47:06+00:00,0.83
2026-07-25 22:48:08+00:00,0.83
2026-07-25 22:49:08+00:00,0.83
2026-07-25 22:50:09+00:00,0.83
2026-07-25 22:51:07+00:00,0.83
2026-07-25 22:52:06+00:00,0.83
2026-07-25 22:53:08+00:00,0.83
2026-07-25 22:54:08+00:00,0.83
2026-07-25 22:55:09+00:00,0.83
2026-07-25 22:56:07+00:00,0.83
2026-07-25 22:57:06+00:00,0.83
2026-07-25 22:58:08+00:00,0.83
2026-07-25 22:59:18+00:00,0.83
2026-07-25 23:00:55+00:00,0.83
2026-07-25 23:01:13+00:00,0.83
2026-07-25 23:02:06+00:00,0.83
2026-07-25 23:03:08+00:00,0.83
2026-07-25 23:04:07+00:00,0.83
2026-07-25 23:05:14+00:00,0.83
2026-07-25 23:06:06+00:00,0.83
2026-07-25 23:07:21+00:00,0.83
2026-07-25 23:08:07+00:00,0.83
2026-07-25 23:09:08+00:00,0.83
2026-07-25 23:10:06+00:00,0.83
2026-07-25 23:11:08+00:00,0.83
2026-07-25 23:12:07+00:00,0.83
2026-07-25 23:13:06+00:00,0.83
2026-07-25 23:14:08+00:00,0.83
2026-07-25 23:15:07+00:00,0.83
2026-07-25 23:16:06+00:00,0.83
2026-07-25 23:17:07+00:00,0.83
2026-07-25 23:18:07+00:00,0.83
2026-07-25 23:19:08+00:00,0.83
2026-07-25 23:20:07+00:00,0.83
2026-07-25 23:21:07+00:00,0.83
2026-07-25 23:22:07+00:00,0.83
2026-07-25 23:23:08+00:00,0.83
2026-07-25 23:24:07+00:00,0.83
2026-07-25 23:25:09+00:00,0.83
2026-07-25 23:26:06+00:00,0.83
2026-07-25 23:27:06+00:00,0.83
2026-07-25 23:28:07+00:00,0.83
2026-07-25 23:29:08+00:00,0.83
2026-07-25 23:30:22+00:00,0.83
2026-07-25 23:31:13+00:00,0.83
2026-07-25 23:32:08+00:00,0.83
2026-07-25 23:33:08+00:00,0.83
2026-07-25 23:34:07+00:00,0.83
2026-07-25 23:35:08+00:00,0.83
2026-07-25 23:36:06+00:00,0.83
2026-07-25 23:37:08+00:00,0.83
2026-07-25 23:38:13+00:00,0.83
2026-07-25 23:39:08+00:00,0.83
2026-07-25 23:40:09+00:00,0.83
2026-07-25 23:41:08+00:00,0.83
2026-07-25 23:42:07+00:00,0.83
2026-07-25 23:43:07+00:00,0.83
2026-07-25 23:44:19+00:00,0.83
2026-07-25 23:45:08+00:00,0.83
2026-07-25 23:46:08+00:00,0.83
2026-07-25 23:47:08+00:00,0.83
2026-07-25 23:48:08+00:00,0.83
2026-07-25 23:49:08+00:00,0.83
2026-07-25 23:50:09+00:00,0.83
2026-07-25 23:51:09+00:00,0.83
2026-07-25 23:52:08+00:00,0.83
2026-07-25 23:53:09+00:00,0.83
2026-07-25 23:54:07+00:00,0.83
2026-07-25 23:55:06+00:00,0.83
2026-07-25 23:56:08+00:00,0.83
2026-07-25 23:57:09+00:00,0.83
2026-07-25 23:58:07+00:00,0.83
2026-07-25 23:59:08+00:00,0.83
2026-07-26 00:00:37+00:00,0.835
2026-07-26 00:01:08+00:00,0.835
2026-07-26 00:02:06+00:00,0.835
2026-07-26 00:03:07+00:00,0.835
2026-07-26 00:04:09+00:00,0.835
2026-07-26 00:05:06+00:00,0.835
2026-07-26 00:06:05+00:00,0.835
2026-07-26 00:07:06+00:00,0.835
2026-07-26 00:08:05+00:00,0.835
2026-07-26 00:09:08+00:00,0.835
2026-07-26 00:10:08+00:00,0.835
2026-07-26 00:11:06+00:00,0.835
2026-07-26 00:12:07+00:00,0.835
2026-07-26 00:13:07+00:00,0.835
2026-07-26 00:14:07+00:00,0.835
2026-07-26 00:15:08+00:00,0.835
2026-07-26 00:16:05+00:00,0.835
2026-07-26 00:17:19+00:00,0.835
2026-07-26 00:18:07+00:00,0.835
2026-07-26 00:19:17+00:00,0.835
2026-07-26 00:20:09+00:00,0.835
2026-07-26 00:21:06+00:00,0.835
2026-07-26 00:22:06+00:00,0.835
2026-07-26 00:23:07+00:00,0.835
2026-07-26 00:24:07+00:00,0.835
2026-07-26 00:25:06+00:00,0.835
2026-07-26 00:26:06+00:00,0.835
2026-07-26 00:27:09+00:00,0.835
2026-07-26 00:28:08+00:00,0.835
2026-07-26 00:29:06+00:00,0.835
2026-07-26 00:30:16+00:00,0.835
2026-07-26 00:31:08+00:00,0.835
2026-07-26 00:32:06+00:00,0.835
2026-07-26 00:33:07+00:00,0.835
2026-07-26 00:34:07+00:00,0.835
2026-07-26 00:35:08+00:00,0.835
2026-07-26 00:36:05+00:00,0.835
2026-07-26 00:37:07+00:00,0.835
2026-07-26 00:38:07+00:00,0.835
2026-07-26 00:39:18+00:00,0.835
2026-07-26 00:40:21+00:00,0.835
2026-07-26 00:41:07+00:00,0.835
2026-07-26 00:42:07+00:00,0.835
2026-07-26 00:43:07+00:00,0.835
2026-07-26 00:44:05+00:00,0.835
2026-07-26 00:45:06+00:00,0.835
2026-07-26 00:46:08+00:00,0.835
2026-07-26 00:47:06+00:00,0.835
2026-07-26 00:48:08+00:00,0.835
2026-07-26 00:49:17+00:00,0.835
2026-07-26 00:50:06+00:00,0.835
2026-07-26 00:51:06+00:00,0.835
2026-07-26 00:52:05+00:00,0.835
2026-07-26 00:53:07+00:00,0.835
2026-07-26 00:54:08+00:00,0.835
2026-07-26 00:55:08+00:00,0.835
2026-07-26 00:56:05+00:00,0.835
2026-07-26 00:57:07+00:00,0.835
2026-07-26 00:58:08+00:00,0.835
2026-07-26 00:59:22+00:00,0.835
2026-07-26 01:00:17+00:00,0.835
2026-07-26 01:01:07+00:00,0.835
2026-07-26 01:02:08+00:00,0.835
2026-07-26 01:03:07+00:00,0.835
2026-07-26 01:04:07+00:00,0.835
2026-07-26 01:05:06+00:00,0.835
2026-07-26 01:06:06+00:00,0.835
2026-07-26 01:07:05+00:00,0.515
2026-07-26 01:08:07+00:00,0.515
2026-07-26 01:09:07+00:00,0.515
2026-07-26 01:10:07+00:00,0.515
2026-07-26 01:11:05+00:00,0.515
2026-07-26 01:12:08+00:00,0.515
2026-07-26 01:13:07+00:00,0.515
2026-07-26 01:14:05+00:00,0.515
2026-07-26 01:15:06+00:00,0.515
2026-07-26 01:16:06+00:00,0.515
2026-07-26 01:17:05+00:00,0.515
2026-07-26 01:18:06+00:00,0.515
2026-07-26 01:19:18+00:00,0.515
2026-07-26 01:20:22+00:00,0.515
2026-07-26 01:21:09+00:00,0.515
2026-07-26 01:22:06+00:00,0.515
2026-07-26 01:23:07+00:00,0.515
2026-07-26 01:24:05+00:00,0.515
2026-07-26 01:25:09+00:00,0.515
2026-07-26 01:26:06+00:00,0.515
2026-07-26 01:27:07+00:00,0.515
2026-07-26 01:28:07+00:00,0.515
2026-07-26 01:29:06+00:00,0.515
2026-07-26 01:30:17+00:00,0.515
2026-07-26 01:31:07+00:00,0.515
2026-07-26 01:32:05+00:00,0.515
2026-07-26 01:33:07+00:00,0.515
2026-07-26 01:34:05+00:00,0.52
2026-07-26 01:35:06+00:00,0.515
2026-07-26 01:36:08+00:00,0.515
2026-07-26 01:37:06+00:00,0.515
2026-07-26 01:38:08+00:00,0.515
2026-07-26 01:39:06+00:00,0.515
2026-07-26 01:40:07+00:00,0.515
2026-07-26 01:41:05+00:00,0.515
2026-07-26 01:42:05+00:00,0.515
2026-07-26 01:43:17+00:00,0.515
2026-07-26 01:44:07+00:00,0.51
2026-07-26 01:45:06+00:00,0.505
2026-07-26 01:46:06+00:00,0.505
2026-07-26 01:47:06+00:00,0.505
2026-07-26 01:48:23+00:00,0.505
2026-07-26 01:49:20+00:00,0.505
2026-07-26 01:50:06+00:00,0.505
2026-07-26 01:51:11+00:00,0.505
2026-07-26 01:52:06+00:00,0.505
2026-07-26 01:53:07+00:00,0.505
2026-07-26 01:54:08+00:00,0.505
2026-07-26 01:55:06+00:00,0.505
2026-07-26 01:56:18+00:00,0.505
2026-07-26 01:57:20+00:00,0.505
2026-07-26 01:58:07+00:00,0.505
2026-07-26 01:59:06+00:00,0.505
2026-07-26 02:00:22+00:00,0.505
2026-07-26 02:01:06+00:00,0.505
2026-07-26 02:02:19+00:00,0.505
2026-07-26 02:03:08+00:00,0.505
2026-07-26 02:04:05+00:00,0.505
2026-07-26 02:05:06+00:00,0.505
2026-07-26 02:06:05+00:00,0.505
2026-07-26 02:07:07+00:00,0.505
2026-07-26 02:08:07+00:00,0.505
2026-07-26 02:09:21+00:00,0.505
2026-07-26 02:10:06+00:00,0.505
2026-07-26 02:11:11+00:00,0.51
2026-07-26 02:12:07+00:00,0.51
2026-07-26 02:13:05+00:00,0.51
2026-07-26 02:14:07+00:00,0.51
2026-07-26 02:15:06+00:00,0.51
2026-07-26 02:16:05+00:00,0.505
2026-07-26 02:17:05+00:00,0.505
2026-07-26 02:18:07+00:00,0.505
2026-07-26 02:19:06+00:00,0.505
2026-07-26 02:20:05+00:00,0.505
2026-07-26 02:21:07+00:00,0.51
2026-07-26 02:22:05+00:00,0.51
2026-07-26 02:23:07+00:00,0.51
2026-07-26 02:24:07+00:00,0.51
2026-07-26 02:25:07+00:00,0.51
2026-07-26 02:26:05+00:00,0.505
2026-07-26 02:27:06+00:00,0.505
2026-07-26 02:28:05+00:00,0.505
2026-07-26 02:29:07+00:00,0.505
2026-07-26 02:30:17+00:00,0.505
2026-07-26 02:31:05+00:00,0.505
2026-07-26 02:32:06+00:00,0.505
2026-07-26 02:33:07+00:00,0.505
2026-07-26 02:34:05+00:00,0.505
2026-07-26 02:35:05+00:00,0.505
2026-07-26 02:36:05+00:00,0.505
2026-07-26 02:37:11+00:00,0.505
2026-07-26 02:38:07+00:00,0.505
2026-07-26 02:39:08+00:00,0.505
2026-07-26 02:40:19+00:00,0.505
2026-07-26 02:41:05+00:00,0.505
2026-07-26 02:42:06+00:00,0.505
2026-07-26 02:43:07+00:00,0.505
2026-07-26 02:44:07+00:00,0.505
2026-07-26 02:45:06+00:00,0.505
2026-07-26 02:46:05+00:00,0.505
2026-07-26 02:47:06+00:00,0.505
2026-07-26 02:48:07+00:00,0.505
2026-07-26 02:49:06+00:00,0.505
2026-07-26 02:50:06+00:00,0.515
2026-07-26 02:51:07+00:00,0.515
2026-07-26 02:52:16+00:00,0.515
2026-07-26 02:53:08+00:00,0.515
2026-07-26 02:54:07+00:00,0.515
2026-07-26 02:55:06+00:00,0.515
2026-07-26 02:56:06+00:00,0.515
2026-07-26 02:57:18+00:00,0.515
2026-07-26 02:58:07+00:00,0.515
2026-07-26 02:59:06+00:00,0.515
2026-07-26 03:00:47+00:00,0.515
2026-07-26 03:01:16+00:00,0.515
2026-07-26 03:02:06+00:00,0.515
2026-07-26 03:03:11+00:00,0.515
2026-07-26 03:04:07+00:00,0.515
2026-07-26 03:05:11+00:00,0.515
2026-07-26 03:06:07+00:00,0.515
2026-07-26 03:07:07+00:00,0.515
2026-07-26 03:08:07+00:00,0.515
2026-07-26 03:09:07+00:00,0.515
2026-07-26 03:10:07+00:00,0.51
2026-07-26 03:11:08+00:00,0.51
2026-07-26 03:12:06+00:00,0.51
2026-07-26 03:13:08+00:00,0.51
2026-07-26 03:14:07+00:00,0.51
2026-07-26 03:15:15+00:00,0.51
2026-07-26 03:16:05+00:00,0.51
2026-07-26 03:17:07+00:00,0.51
2026-07-26 03:18:07+00:00,0.51
2026-07-26 03:19:08+00:00,0.51
2026-07-26 03:20:07+00:00,0.51
2026-07-26 03:21:06+00:00,0.51
2026-07-26 03:22:06+00:00,0.51
2026-07-26 03:23:11+00:00,0.505
2026-07-26 03:24:05+00:00,0.505
2026-07-26 03:25:10+00:00,0.505
2026-07-26 03:26:07+00:00,0.505
2026-07-26 03:27:05+00:00,0.505
2026-07-26 03:28:09+00:00,0.505
2026-07-26 03:29:15+00:00,0.505
2026-07-26 03:30:48+00:00,0.505
2026-07-26 03:31:25+00:00,0.505
2026-07-26 03:32:06+00:00,0.505
2026-07-26 03:33:07+00:00,0.505
2026-07-26 03:34:09+00:00,0.505
2026-07-26 03:35:08+00:00,0.505
2026-07-26 03:36:06+00:00,0.505
2026-07-26 03:37:21+00:00,0.505
2026-07-26 03:38:07+00:00,0.505
2026-07-26 03:39:09+00:00,0.505
2026-07-26 03:40:20+00:00,0.505
2026-07-26 03:41:06+00:00,0.505
2026-07-26 03:42:12+00:00,0.505
2026-07-26 03:43:24+00:00,0.505
2026-07-26 03:44:05+00:00,0.505
2026-07-26 03:45:17+00:00,0.505
2026-07-26 03:46:08+00:00,0.505
2026-07-26 03:47:05+00:00,0.51
2026-07-26 03:48:07+00:00,0.51
2026-07-26 03:49:07+00:00,0.51
2026-07-26 03:50:07+00:00,0.51
2026-07-26 03:51:21+00:00,0.51
2026-07-26 03:52:06+00:00,0.505
2026-07-26 03:53:32+00:00,0.505
2026-07-26 03:54:06+00:00,0.505
2026-07-26 03:55:08+00:00,0.505
2026-07-26 03:56:07+00:00,0.505
2026-07-26 03:57:09+00:00,0.51
2026-07-26 03:58:08+00:00,0.51
2026-07-26 03:59:08+00:00,0.51
2026-07-26 04:00:32+00:00,0.51
2026-07-26 04:01:12+00:00,0.51
2026-07-26 04:02:06+00:00,0.505
2026-07-26 04:03:07+00:00,0.505
2026-07-26 04:04:05+00:00,0.505
2026-07-26 04:05:08+00:00,0.505
2026-07-26 04:06:06+00:00,0.51
2026-07-26 04:07:21+00:00,0.51
2026-07-26 04:08:12+00:00,0.505
2026-07-26 04:09:07+00:00,0.505
2026-07-26 04:10:08+00:00,0.505
2026-07-26 04:11:07+00:00,0.505
2026-07-26 04:12:06+00:00,0.505
2026-07-26 04:13:06+00:00,0.505
2026-07-26 04:14:22+00:00,0.505
2026-07-26 04:15:20+00:00,0.51
2026-07-26 04:16:06+00:00,0.51
2026-07-26 04:17:07+00:00,0.51
2026-07-26 04:18:06+00:00,0.51
2026-07-26 04:19:07+00:00,0.51
2026-07-26 04:20:12+00:00,0.51
2026-07-26 04:21:08+00:00,0.505
2026-07-26 04:22:05+00:00,0.505
2026-07-26 04:23:22+00:00,0.505
2026-07-26 04:24:07+00:00,0.505
2026-07-26 04:25:07+00:00,0.51
2026-07-26 04:26:05+00:00,0.51
2026-07-26 04:27:07+00:00,0.51
2026-07-26 04:28:07+00:00,0.51
2026-07-26 04:29:06+00:00,0.51
2026-07-26 04:30:19+00:00,0.505
2026-07-26 04:31:08+00:00,0.505
2026-07-26 04:32:06+00:00,0.505
2026-07-26 04:33:09+00:00,0.505
2026-07-26 04:34:06+00:00,0.51
2026-07-26 04:35:08+00:00,0.51
2026-07-26 04:36:06+00:00,0.51
2026-07-26 04:37:08+00:00,0.51
2026-07-26 04:38:07+00:00,0.51
2026-07-26 04:39:08+00:00,0.505
2026-07-26 04:40:06+00:00,0.505
2026-07-26 04:41:10+00:00,0.505
2026-07-26 04:42:06+00:00,0.505
2026-07-26 04:43:10+00:00,0.51
2026-07-26 04:44:18+00:00,0.51
2026-07-26 04:45:08+00:00,0.51
2026-07-26 04:46:10+00:00,0.51
2026-07-26 04:47:07+00:00,0.51
2026-07-26 04:48:05+00:00,0.58
2026-07-26 04:49:08+00:00,0.58
2026-07-26 04:50:10+00:00,0.58
2026-07-26 04:51:13+00:00,0.58
2026-07-26 04:52:05+00:00,0.58
2026-07-26 04:53:09+00:00,0.58
2026-07-26 04:54:08+00:00,0.58
2026-07-26 04:55:20+00:00,0.58
2026-07-26 04:56:06+00:00,0.58
2026-07-26 04:57:09+00:00,0.58
2026-07-26 04:58:25+00:00,0.58
2026-07-26 04:59:06+00:00,0.58
2026-07-26 05:00:20+00:00,0.58
2026-07-26 05:01:11+00:00,0.58
2026-07-26 05:02:05+00:00,0.58
2026-07-26 05:03:12+00:00,0.58
2026-07-26 05:04:07+00:00,0.58
2026-07-26 05:05:07+00:00,0.58
2026-07-26 05:06:05+00:00,0.58
2026-07-26 05:07:06+00:00,0.58
2026-07-26 05:08:06+00:00,0.58
2026-07-26 05:09:08+00:00,0.58
2026-07-26 05:10:31+00:00,0.575
2026-07-26 05:11:06+00:00,0.575
2026-07-26 05:12:06+00:00,0.58
2026-07-26 05:13:07+00:00,0.58
2026-07-26 05:14:08+00:00,0.58
2026-07-26 05:15:12+00:00,0.58
2026-07-26 05:16:05+00:00,0.58
2026-07-26 05:17:11+00:00,0.58
2026-07-26 05:18:07+00:00,0.58
2026-07-26 05:19:08+00:00,0.58
2026-07-26 05:20:08+00:00,0.58
2026-07-26 05:21:08+00:00,0.58
2026-07-26 05:22:06+00:00,0.58
2026-07-26 05:23:09+00:00,0.575
2026-07-26 05:24:07+00:00,0.575
2026-07-26 05:25:10+00:00,0.575
2026-07-26 05:26:09+00:00,0.575
2026-07-26 05:27:14+00:00,0.575
2026-07-26 05:28:07+00:00,0.575
2026-07-26 05:29:09+00:00,0.575
2026-07-26 05:30:24+00:00,0.575
2026-07-26 05:31:22+00:00,0.575
2026-07-26 05:32:07+00:00,0.575
2026-07-26 05:33:06+00:00,0.575
2026-07-26 05:34:06+00:00,0.575
2026-07-26 05:35:09+00:00,0.575
2026-07-26 05:36:07+00:00,0.575
2026-07-26 05:37:11+00:00,0.575
2026-07-26 05:38:06+00:00,0.575
2026-07-26 05:39:08+00:00,0.575
2026-07-26 05:40:10+00:00,0.575
2026-07-26 05:41:08+00:00,0.575
2026-07-26 05:42:06+00:00,0.575
2026-07-26 05:43:13+00:00,0.575
2026-07-26 05:44:07+00:00,0.575
2026-07-26 05:45:13+00:00,0.575
2026-07-26 05:46:06+00:00,0.575
2026-07-26 05:47:09+00:00,0.575
2026-07-26 05:48:07+00:00,0.575
2026-07-26 05:49:05+00:00,0.575
2026-07-26 05:50:07+00:00,0.575
2026-07-26 05:51:07+00:00,0.575
2026-07-26 05:52:05+00:00,0.575
2026-07-26 05:53:07+00:00,0.575
2026-07-26 05:54:14+00:00,0.575
2026-07-26 05:55:17+00:00,0.575
2026-07-26 05:56:19+00:00,0.575
2026-07-26 05:57:05+00:00,0.575
2026-07-26 05:58:07+00:00,0.57
2026-07-26 05:59:07+00:00,0.57
2026-07-26 06:00:46+00:00,0.57
2026-07-26 06:01:42+00:00,0.57
2026-07-26 06:02:05+00:00,0.57
2026-07-26 06:03:07+00:00,0.57
2026-07-26 06:04:07+00:00,0.57
2026-07-26 06:05:16+00:00,0.57
2026-07-26 06:06:08+00:00,0.57
2026-07-26 06:07:13+00:00,0.57
2026-07-26 06:08:07+00:00,0.57
2026-07-26 06:09:09+00:00,0.57
2026-07-26 06:10:10+00:00,0.57
2026-07-26 06:11:06+00:00,0.57
2026-07-26 06:12:06+00:00,0.57
2026-07-26 06:13:21+00:00,0.57
2026-07-26 06:14:08+00:00,0.57
2026-07-26 06:15:08+00:00,0.57
2026-07-26 06:16:06+00:00,0.57
2026-07-26 06:17:06+00:00,0.57
2026-07-26 06:18:18+00:00,0.57
2026-07-26 06:19:08+00:00,0.57
2026-07-26 06:20:14+00:00,0.57
2026-07-26 06:21:06+00:00,0.57
2026-07-26 06:22:19+00:00,0.57
2026-07-26 06:23:12+00:00,0.57
2026-07-26 06:24:07+00:00,0.57
2026-07-26 06:25:19+00:00,0.57
2026-07-26 06:26:05+00:00,0.57
2026-07-26 06:27:06+00:00,0.57
2026-07-26 06:28:08+00:00,0.57
2026-07-26 06:29:14+00:00,0.57
2026-07-26 06:30:50+00:00,0.57
2026-07-26 06:31:38+00:00,0.57
2026-07-26 06:32:06+00:00,0.57
2026-07-26 06:33:05+00:00,0.57
2026-07-26 06:34:14+00:00,0.57
2026-07-26 06:35:19+00:00,0.57
2026-07-26 06:36:05+00:00,0.57
2026-07-26 06:37:40+00:00,0.57
2026-07-26 06:38:07+00:00,0.57
2026-07-26 06:39:07+00:00,0.57
2026-07-26 06:40:06+00:00,0.57
2026-07-26 06:41:06+00:00,0.57
2026-07-26 06:42:07+00:00,0.57
2026-07-26 06:43:07+00:00,0.57
2026-07-26 06:44:06+00:00,0.57
2026-07-26 06:45:27+00:00,0.57
2026-07-26 06:46:07+00:00,0.57
2026-07-26 06:47:06+00:00,0.57
2026-07-26 06:48:19+00:00,0.57
2026-07-26 06:49:51+00:00,0.57
2026-07-26 06:50:28+00:00,0.57
2026-07-26 06:51:07+00:00,0.57
2026-07-26 06:52:11+00:00,0.57
2026-07-26 06:53:08+00:00,0.57
2026-07-26 06:54:07+00:00,0.57
2026-07-26 06:55:08+00:00,0.57
2026-07-26 06:56:05+00:00,0.57
2026-07-26 06:57:05+00:00,0.57
2026-07-26 06:58:07+00:00,0.57
2026-07-26 06:59:05+00:00,0.57
2026-07-26 07:00:50+00:00,0.57
2026-07-26 07:01:11+00:00,0.57
2026-07-26 07:02:08+00:00,0.57
2026-07-26 07:03:07+00:00,0.57
2026-07-26 07:04:07+00:00,0.57
2026-07-26 07:05:21+00:00,0.57
2026-07-26 07:06:07+00:00,0.57
2026-07-26 07:07:08+00:00,0.57
2026-07-26 07:08:08+00:00,0.57
2026-07-26 07:09:07+00:00,0.565
2026-07-26 07:10:20+00:00,0.565
2026-07-26 07:11:10+00:00,0.565
2026-07-26 07:12:07+00:00,0.565
2026-07-26 07:13:09+00:00,0.565
2026-07-26 07:14:06+00:00,0.565
2026-07-26 07:15:07+00:00,0.565
2026-07-26 07:16:13+00:00,0.565
2026-07-26 07:17:08+00:00,0.565
2026-07-26 07:18:22+00:00,0.565
2026-07-26 07:19:07+00:00,0.565
2026-07-26 07:20:07+00:00,0.56
2026-07-26 07:21:07+00:00,0.565
2026-07-26 07:22:07+00:00,0.565
2026-07-26 07:23:07+00:00,0.56
2026-07-26 07:24:08+00:00,0.56
2026-07-26 07:25:07+00:00,0.56
2026-07-26 07:26:11+00:00,0.56
2026-07-26 07:27:19+00:00,0.56
2026-07-26 07:28:06+00:00,0.56
2026-07-26 07:29:07+00:00,0.56
2026-07-26 07:30:26+00:00,0.56
2026-07-26 07:31:08+00:00,0.56
2026-07-26 07:32:08+00:00,0.56
2026-07-26 07:33:21+00:00,0.56
2026-07-26 07:34:07+00:00,0.56
2026-07-26 07:35:08+00:00,0.56
2026-07-26 07:36:06+00:00,0.56
2026-07-26 07:37:11+00:00,0.56
2026-07-26 07:38:11+00:00,0.56
2026-07-26 07:39:06+00:00,0.56
2026-07-26 07:40:09+00:00,0.56
2026-07-26 07:41:08+00:00,0.56
2026-07-26 07:42:08+00:00,0.56
2026-07-26 07:43:08+00:00,0.56
2026-07-26 07:44:08+00:00,0.56
2026-07-26 07:45:09+00:00,0.56
2026-07-26 07:46:07+00:00,0.56
2026-07-26 07:47:08+00:00,0.56
2026-07-26 07:48:07+00:00,0.56
2026-07-26 07:49:09+00:00,0.56
2026-07-26 07:50:10+00:00,0.56
2026-07-26 07:51:23+00:00,0.56
2026-07-26 07:52:12+00:00,0.56
2026-07-26 07:53:08+00:00,0.56
2026-07-26 07:54:07+00:00,0.56
2026-07-26 07:55:08+00:00,0.56
2026-07-26 07:56:07+00:00,0.56
2026-07-26 07:57:07+00:00,0.56
2026-07-26 07:58:07+00:00,0.57
2026-07-26 07:59:08+00:00,0.575
2026-07-26 08:00:18+00:00,0.575
2026-07-26 08:01:10+00:00,0.575
2026-07-26 08:02:23+00:00,0.575
2026-07-26 08:03:07+00:00,0.575
2026-07-26 08:04:08+00:00,0.575
2026-07-26 08:05:07+00:00,0.575
2026-07-26 08:06:08+00:00,0.575
2026-07-26 08:07:19+00:00,0.575
2026-07-26 08:08:07+00:00,0.575
2026-07-26 08:09:08+00:00,0.575
2026-07-26 08:10:07+00:00,0.575
2026-07-26 08:11:10+00:00,0.575
2026-07-26 08:12:07+00:00,0.575
2026-07-26 08:13:07+00:00,0.575
2026-07-26 08:14:07+00:00,0.575
2026-07-26 08:15:14+00:00,0.575
2026-07-26 08:16:08+00:00,0.575
2026-07-26 08:17:07+00:00,0.575
2026-07-26 08:18:07+00:00,0.575
2026-07-26 08:19:08+00:00,0.575
2026-07-26 08:20:10+00:00,0.575
2026-07-26 08:21:08+00:00,0.575
2026-07-26 08:22:08+00:00,0.585
2026-07-26 08:23:08+00:00,0.575
2026-07-26 08:24:08+00:00,0.575
2026-07-26 08:25:10+00:00,0.575
2026-07-26 08:26:07+00:00,0.575
2026-07-26 08:27:07+00:00,0.575
2026-07-26 08:28:07+00:00,0.575
2026-07-26 08:29:07+00:00,0.575
2026-07-26 08:30:21+00:00,0.575
2026-07-26 08:31:07+00:00,0.575
2026-07-26 08:32:07+00:00,0.575
2026-07-26 08:33:07+00:00,0.575
2026-07-26 08:34:07+00:00,0.575
2026-07-26 08:35:09+00:00,0.575
2026-07-26 08:36:07+00:00,0.575
2026-07-26 08:37:07+00:00,0.575
2026-07-26 08:38:17+00:00,0.575
2026-07-26 08:39:07+00:00,0.575
2026-07-26 08:40:23+00:00,0.575
2026-07-26 08:41:07+00:00,0.575
2026-07-26 08:42:22+00:00,0.575
2026-07-26 08:43:07+00:00,0.575
2026-07-26 08:44:08+00:00,0.575
2026-07-26 08:45:09+00:00,0.575
2026-07-26 08:46:07+00:00,0.575
2026-07-26 08:47:09+00:00,0.575
2026-07-26 08:48:06+00:00,0.575
2026-07-26 08:49:08+00:00,0.575
2026-07-26 08:50:07+00:00,0.575
2026-07-26 08:51:05+00:00,0.575
2026-07-26 08:52:06+00:00,0.575
2026-07-26 08:53:08+00:00,0.575
2026-07-26 08:54:07+00:00,0.575
2026-07-26 08:55:07+00:00,0.575
2026-07-26 08:56:10+00:00,0.575
2026-07-26 08:57:06+00:00,0.575
2026-07-26 08:58:07+00:00,0.575
2026-07-26 08:59:06+00:00,0.575
2026-07-26 09:00:23+00:00,0.575
2026-07-26 09:01:08+00:00,0.575
2026-07-26 09:02:05+00:00,0.575
2026-07-26 09:03:09+00:00,0.575
2026-07-26 09:04:22+00:00,0.575
2026-07-26 09:05:08+00:00,0.575
2026-07-26 09:06:20+00:00,0.575
2026-07-26 09:07:07+00:00,0.575
2026-07-26 09:08:07+00:00,0.575
2026-07-26 09:09:07+00:00,0.575
2026-07-26 09:10:08+00:00,0.575
2026-07-26 09:11:07+00:00,0.575
2026-07-26 09:12:06+00:00,0.575
2026-07-26 09:13:07+00:00,0.575
2026-07-26 09:14:07+00:00,0.575
2026-07-26 09:15:09+00:00,0.575
2026-07-26 09:16:08+00:00,0.575
2026-07-26 09:17:08+00:00,0.575
2026-07-26 09:18:07+00:00,0.575
2026-07-26 09:19:08+00:00,0.575
2026-07-26 09:20:09+00:00,0.575
2026-07-26 09:21:07+00:00,0.575
2026-07-26 09:22:12+00:00,0.575
2026-07-26 09:23:08+00:00,0.575
2026-07-26 09:24:07+00:00,0.575
2026-07-26 09:25:11+00:00,0.575
2026-07-26 09:26:10+00:00,0.575
2026-07-26 09:27:09+00:00,0.575
2026-07-26 09:28:19+00:00,0.575
2026-07-26 09:29:08+00:00,0.575
2026-07-26 09:30:22+00:00,0.575
2026-07-26 09:31:22+00:00,0.575
2026-07-26 09:32:07+00:00,0.575
2026-07-26 09:33:07+00:00,0.575
2026-07-26 09:34:07+00:00,0.575
2026-07-26 09:35:08+00:00,0.575
2026-07-26 09:36:21+00:00,0.575
2026-07-26 09:37:07+00:00,0.575
2026-07-26 09:38:07+00:00,0.575
2026-07-26 09:39:09+00:00,0.575
2026-07-26 09:40:08+00:00,0.575
2026-07-26 09:41:08+00:00,0.575
2026-07-26 09:42:12+00:00,0.575
2026-07-26 09:43:07+00:00,0.575
2026-07-26 09:44:09+00:00,0.575
2026-07-26 09:45:29+00:00,0.575
2026-07-26 09:46:07+00:00,0.575
2026-07-26 09:47:06+00:00,0.575
2026-07-26 09:48:08+00:00,0.575
2026-07-26 09:49:07+00:00,0.575
2026-07-26 09:50:10+00:00,0.575
2026-07-26 09:51:07+00:00,0.575
2026-07-26 09:52:17+00:00,0.575
2026-07-26 09:53:07+00:00,0.575
2026-07-26 09:54:07+00:00,0.575
2026-07-26 09:55:07+00:00,0.575
2026-07-26 09:56:05+00:00,0.575
2026-07-26 09:57:07+00:00,0.575
2026-07-26 09:58:07+00:00,0.575
2026-07-26 09:59:08+00:00,0.575
2026-07-26 10:00:30+00:00,0.575
2026-07-26 10:01:07+00:00,0.575
2026-07-26 10:02:06+00:00,0.575
2026-07-26 10:03:07+00:00,0.575
2026-07-26 10:04:08+00:00,0.575
2026-07-26 10:05:07+00:00,0.575
2026-07-26 10:06:06+00:00,0.575
2026-07-26 10:07:08+00:00,0.575
2026-07-26 10:08:17+00:00,0.575
2026-07-26 10:09:08+00:00,0.575
2026-07-26 10:10:09+00:00,0.575
2026-07-26 10:11:06+00:00,0.575
2026-07-26 10:12:10+00:00,0.575
2026-07-26 10:13:07+00:00,0.575
2026-07-26 10:14:06+00:00,0.58
2026-07-26 10:15:09+00:00,0.58
2026-07-26 10:16:23+00:00,0.58
2026-07-26 10:17:11+00:00,0.58
2026-07-26 10:18:07+00:00,0.58
2026-07-26 10:19:07+00:00,0.58
2026-07-26 10:20:06+00:00,0.58
2026-07-26 10:21:08+00:00,0.58
2026-07-26 10:22:09+00:00,0.58
2026-07-26 10:23:08+00:00,0.58
2026-07-26 10:24:07+00:00,0.58
2026-07-26 10:25:07+00:00,0.58
2026-07-26 10:26:07+00:00,0.58
2026-07-26 10:27:08+00:00,0.58
2026-07-26 10:28:07+00:00,0.58
2026-07-26 10:29:06+00:00,0.58
2026-07-26 10:30:53+00:00,0.58
2026-07-26 10:31:13+00:00,0.58
2026-07-26 10:32:07+00:00,0.58
2026-07-26 10:33:07+00:00,0.58
2026-07-26 10:34:07+00:00,0.58
2026-07-26 10:35:08+00:00,0.58
2026-07-26 10:36:07+00:00,0.58
2026-07-26 10:37:08+00:00,0.58
2026-07-26 10:38:28+00:00,0.58
2026-07-26 10:39:07+00:00,0.58
2026-07-26 10:40:09+00:00,0.58
2026-07-26 10:41:19+00:00,0.58
2026-07-26 10:42:07+00:00,0.58
2026-07-26 10:43:06+00:00,0.58
2026-07-26 10:44:07+00:00,0.58
2026-07-26 10:45:08+00:00,0.58
2026-07-26 10:46:10+00:00,0.58
2026-07-26 10:47:08+00:00,0.58
2026-07-26 10:48:07+00:00,0.58
2026-07-26 10:49:21+00:00,0.58
2026-07-26 10:50:06+00:00,0.58
2026-07-26 10:51:18+00:00,0.58
2026-07-26 10:52:06+00:00,0.58
2026-07-26 10:53:09+00:00,0.58
2026-07-26 10:54:07+00:00,0.58
2026-07-26 10:55:08+00:00,0.58
2026-07-26 10:56:08+00:00,0.58
2026-07-26 10:57:07+00:00,0.58
2026-07-26 10:58:07+00:00,0.58
2026-07-26 10:59:06+00:00,0.58
2026-07-26 11:00:16+00:00,0.58
2026-07-26 11:01:08+00:00,0.58
2026-07-26 11:02:05+00:00,0.58
2026-07-26 11:03:06+00:00,0.58
2026-07-26 11:04:13+00:00,0.58
2026-07-26 11:05:06+00:00,0.58
2026-07-26 11:06:05+00:00,0.58
2026-07-26 11:07:06+00:00,0.58
2026-07-26 11:08:08+00:00,0.58
2026-07-26 11:09:08+00:00,0.58
2026-07-26 11:10:06+00:00,0.58
2026-07-26 11:11:06+00:00,0.58
2026-07-26 11:12:07+00:00,0.58
2026-07-26 11:13:08+00:00,0.58
2026-07-26 11:14:07+00:00,0.58
2026-07-26 11:15:06+00:00,0.58
2026-07-26 11:16:06+00:00,0.58
2026-07-26 11:17:06+00:00,0.58
2026-07-26 11:18:07+00:00,0.58
2026-07-26 11:19:07+00:00,0.58
2026-07-26 11:20:06+00:00,0.58
2026-07-26 11:21:06+00:00,0.58
2026-07-26 11:22:06+00:00,0.58
2026-07-26 11:23:07+00:00,0.58
2026-07-26 11:24:07+00:00,0.58
2026-07-26 11:25:21+00:00,0.58
2026-07-26 11:26:05+00:00,0.58
2026-07-26 11:27:19+00:00,0.58
2026-07-26 11:28:08+00:00,0.58
2026-07-26 11:29:07+00:00,0.58
2026-07-26 11:30:25+00:00,0.58
2026-07-26 11:31:06+00:00,0.58
2026-07-26 11:32:05+00:00,0.58
2026-07-26 11:33:07+00:00,0.585
2026-07-26 11:34:05+00:00,0.585
2026-07-26 11:35:06+00:00,0.585
2026-07-26 11:36:07+00:00,0.585
2026-07-26 11:37:06+00:00,0.585
2026-07-26 11:38:07+00:00,0.585
2026-07-26 11:39:20+00:00,0.585
2026-07-26 11:40:07+00:00,0.585
2026-07-26 11:41:06+00:00,0.585
2026-07-26 11:42:05+00:00,0.585
2026-07-26 11:43:08+00:00,0.585
2026-07-26 11:44:05+00:00,0.585
2026-07-26 11:45:06+00:00,0.585
2026-07-26 11:46:05+00:00,0.585
2026-07-26 11:47:18+00:00,0.59
2026-07-26 11:48:07+00:00,0.59
2026-07-26 11:49:07+00:00,0.59
2026-07-26 11:50:06+00:00,0.59
2026-07-26 11:51:06+00:00,0.6
2026-07-26 11:52:06+00:00,0.635
2026-07-26 11:53:08+00:00,0.635
2026-07-26 11:54:07+00:00,0.635
2026-07-26 11:55:06+00:00,0.64
2026-07-26 11:56:11+00:00,0.645
2026-07-26 11:57:06+00:00,0.64
2026-07-26 11:58:07+00:00,0.645
2026-07-26 11:59:08+00:00,0.64
2026-07-26 12:00:52+00:00,0.645
2026-07-26 12:01:13+00:00,0.64
2026-07-26 12:02:11+00:00,0.64
2026-07-26 12:03:07+00:00,0.64
2026-07-26 12:04:05+00:00,0.64
2026-07-26 12:05:08+00:00,0.64
2026-07-26 12:06:06+00:00,0.64
2026-07-26 12:07:06+00:00,0.645
2026-07-26 12:08:15+00:00,0.645
2026-07-26 12:09:08+00:00,0.645
2026-07-26 12:10:07+00:00,0.64
2026-07-26 12:11:06+00:00,0.645
2026-07-26 12:12:06+00:00,0.645
2026-07-26 12:13:08+00:00,0.645
2026-07-26 12:14:07+00:00,0.645
2026-07-26 12:15:06+00:00,0.64
2026-07-26 12:16:06+00:00,0.64
2026-07-26 12:17:06+00:00,0.64
2026-07-26 12:18:07+00:00,0.645
2026-07-26 12:19:06+00:00,0.64
2026-07-26 12:20:07+00:00,0.64
2026-07-26 12:21:06+00:00,0.64
2026-07-26 12:22:08+00:00,0.645
2026-07-26 12:23:08+00:00,0.645
2026-07-26 12:24:07+00:00,0.645
2026-07-26 12:25:07+00:00,0.645
2026-07-26 12:26:06+00:00,0.645
2026-07-26 12:27:07+00:00,0.64
2026-07-26 12:28:12+00:00,0.645
2026-07-26 12:29:06+00:00,0.645
2026-07-26 12:30:38+00:00,0.64
2026-07-26 12:31:06+00:00,0.645
2026-07-26 12:32:07+00:00,0.64
2026-07-26 12:33:07+00:00,0.645
2026-07-26 12:34:05+00:00,0.64
2026-07-26 12:35:08+00:00,0.64
2026-07-26 12:36:06+00:00,0.645
2026-07-26 12:37:07+00:00,0.645
2026-07-26 12:38:07+00:00,0.64
2026-07-26 12:39:08+00:00,0.645
2026-07-26 12:40:06+00:00,0.645
2026-07-26 12:41:07+00:00,0.64
2026-07-26 12:42:07+00:00,0.645
2026-07-26 12:43:10+00:00,0.645
2026-07-26 12:44:07+00:00,0.645
2026-07-26 12:45:06+00:00,0.645
2026-07-26 12:46:06+00:00,0.645
2026-07-26 12:47:06+00:00,0.645
2026-07-26 12:48:07+00:00,0.645
2026-07-26 12:49:11+00:00,0.645
2026-07-26 12:50:07+00:00,0.645
2026-07-26 12:51:06+00:00,0.645
2026-07-26 12:52:05+00:00,0.645
2026-07-26 12:53:06+00:00,0.645
2026-07-26 12:54:08+00:00,0.645
2026-07-26 12:55:06+00:00,0.645
2026-07-26 12:56:05+00:00,0.645
2026-07-26 12:57:06+00:00,0.645
2026-07-26 12:58:07+00:00,0.645
2026-07-26 12:59:06+00:00,0.645
2026-07-26 13:00:17+00:00,0.645
2026-07-26 13:01:08+00:00,0.645
2026-07-26 13:02:07+00:00,0.645
2026-07-26 13:03:08+00:00,0.645
2026-07-26 13:04:05+00:00,0.645
2026-07-26 13:05:06+00:00,0.645
2026-07-26 13:06:05+00:00,0.645
2026-07-26 13:07:07+00:00,0.645
2026-07-26 13:08:07+00:00,0.645
2026-07-26 13:09:07+00:00,0.645
2026-07-26 13:10:06+00:00,0.645
2026-07-26 13:11:06+00:00,0.645
2026-07-26 13:12:10+00:00,0.645
2026-07-26 13:13:08+00:00,0.645
2026-07-26 13:14:06+00:00,0.645
2026-07-26 13:15:13+00:00,0.645
2026-07-26 13:16:05+00:00,0.645
2026-07-26 13:17:07+00:00,0.645
2026-07-26 13:18:07+00:00,0.645
2026-07-26 13:19:05+00:00,0.645
2026-07-26 13:20:06+00:00,0.645
2026-07-26 13:21:06+00:00,0.645
2026-07-26 13:22:06+00:00,0.64
2026-07-26 13:23:08+00:00,0.64
2026-07-26 13:24:07+00:00,0.64
2026-07-26 13:25:06+00:00,0.64
2026-07-26 13:26:06+00:00,0.64
2026-07-26 13:27:06+00:00,0.64
2026-07-26 13:28:08+00:00,0.64
2026-07-26 13:29:08+00:00,0.64
2026-07-26 13:30:16+00:00,0.64
2026-07-26 13:31:08+00:00,0.64
2026-07-26 13:32:07+00:00,0.64
2026-07-26 13:33:11+00:00,0.64
2026-07-26 13:34:07+00:00,0.64
2026-07-26 13:35:07+00:00,0.64
2026-07-26 13:36:06+00:00,0.64
2026-07-26 13:37:07+00:00,0.64
2026-07-26 13:38:07+00:00,0.64
2026-07-26 13:39:06+00:00,0.64
2026-07-26 13:40:06+00:00,0.64
2026-07-26 13:41:06+00:00,0.64
2026-07-26 13:42:06+00:00,0.64
2026-07-26 13:43:07+00:00,0.64
2026-07-26 13:44:05+00:00,0.64
2026-07-26 13:45:24+00:00,0.64
2026-07-26 13:46:08+00:00,0.64
2026-07-26 13:47:08+00:00,0.64
2026-07-26 13:48:07+00:00,0.64
2026-07-26 13:49:20+00:00,0.64
2026-07-26 13:50:08+00:00,0.64
2026-07-26 13:51:21+00:00,0.64
2026-07-26 13:52:08+00:00,0.64
2026-07-26 13:53:07+00:00,0.64
2026-07-26 13:54:07+00:00,0.64
2026-07-26 13:55:09+00:00,0.64
2026-07-26 13:56:07+00:00,0.64
2026-07-26 13:57:06+00:00,0.64
2026-07-26 13:58:06+00:00,0.64
2026-07-26 13:59:14+00:00,0.64
2026-07-26 14:00:32+00:00,0.64
2026-07-26 14:01:06+00:00,0.64
2026-07-26 14:02:05+00:00,0.64
2026-07-26 14:03:07+00:00,0.64
2026-07-26 14:04:05+00:00,0.64
2026-07-26 14:05:17+00:00,0.64
2026-07-26 14:06:06+00:00,0.64
2026-07-26 14:07:06+00:00,0.64
2026-07-26 14:08:05+00:00,0.64
2026-07-26 14:09:07+00:00,0.64
2026-07-26 14:10:07+00:00,0.64
2026-07-26 14:11:06+00:00,0.64
2026-07-26 14:12:07+00:00,0.64
2026-07-26 14:13:08+00:00,0.64
2026-07-26 14:14:07+00:00,0.64
2026-07-26 14:15:06+00:00,0.64
2026-07-26 14:16:06+00:00,0.64
2026-07-26 14:17:20+00:00,0.64
2026-07-26 14:18:07+00:00,0.64
2026-07-26 14:19:08+00:00,0.64
2026-07-26 14:20:07+00:00,0.64
2026-07-26 14:21:06+00:00,0.64
2026-07-26 14:22:06+00:00,0.64
2026-07-26 14:23:08+00:00,0.64
2026-07-26 14:24:07+00:00,0.64
2026-07-26 14:25:13+00:00,0.64
2026-07-26 14:26:06+00:00,0.64
2026-07-26 14:27:08+00:00,0.64
2026-07-26 14:28:07+00:00,0.64
2026-07-26 14:29:08+00:00,0.64
2026-07-26 14:30:28+00:00,0.64
2026-07-26 14:31:06+00:00,0.64
2026-07-26 14:32:06+00:00,0.64
2026-07-26 14:33:07+00:00,0.64
2026-07-26 14:34:15+00:00,0.64
2026-07-26 14:35:07+00:00,0.64
2026-07-26 14:36:06+00:00,0.64
2026-07-26 14:37:06+00:00,0.64
2026-07-26 14:38:07+00:00,0.64
2026-07-26 14:39:07+00:00,0.64
2026-07-26 14:40:07+00:00,0.64
2026-07-26 14:41:07+00:00,0.64
2026-07-26 14:42:06+00:00,0.64
2026-07-26 14:43:08+00:00,0.64
2026-07-26 14:44:06+00:00,0.64
2026-07-26 14:45:06+00:00,0.64
2026-07-26 14:46:06+00:00,0.64
2026-07-26 14:47:07+00:00,0.64
2026-07-26 14:48:07+00:00,0.64
2026-07-26 14:49:07+00:00,0.64
2026-07-26 14:50:06+00:00,0.64
2026-07-26 14:51:24+00:00,0.64
2026-07-26 14:52:06+00:00,0.64
2026-07-26 14:53:08+00:00,0.64
2026-07-26 14:54:07+00:00,0.64
2026-07-26 14:55:08+00:00,0.64
2026-07-26 14:56:06+00:00,0.64
2026-07-26 14:57:07+00:00,0.64
2026-07-26 14:58:08+00:00,0.64
2026-07-26 14:59:08+00:00,0.64
2026-07-26 15:01:06+00:00,0.64
2026-07-26 15:01:17+00:00,0.64
2026-07-26 15:02:07+00:00,0.64
2026-07-26 15:03:07+00:00,0.64
2026-07-26 15:04:07+00:00,0.64
2026-07-26 15:05:06+00:00,0.64
2026-07-26 15:06:06+00:00,0.64
2026-07-26 15:07:07+00:00,0.64
2026-07-26 15:08:08+00:00,0.64
2026-07-26 15:09:09+00:00,0.64
2026-07-26 15:10:07+00:00,0.64
2026-07-26 15:11:06+00:00,0.64
2026-07-26 15:12:06+00:00,0.64
2026-07-26 15:13:06+00:00,0.64
2026-07-26 15:14:08+00:00,0.64
2026-07-26 15:15:09+00:00,0.64
2026-07-26 15:16:06+00:00,0.64
2026-07-26 15:17:10+00:00,0.64
2026-07-26 15:18:07+00:00,0.64
2026-07-26 15:19:08+00:00,0.64
2026-07-26 15:20:22+00:00,0.64
2026-07-26 15:21:08+00:00,0.64
2026-07-26 15:22:18+00:00,0.64
2026-07-26 15:23:06+00:00,0.64
2026-07-26 15:24:07+00:00,0.64
2026-07-26 15:25:08+00:00,0.64
2026-07-26 15:26:06+00:00,0.64
2026-07-26 15:27:06+00:00,0.64
2026-07-26 15:28:07+00:00,0.64
2026-07-26 15:29:06+00:00,0.64
2026-07-26 15:30:24+00:00,0.64
2026-07-26 15:31:06+00:00,0.64
2026-07-26 15:32:06+00:00,0.64
2026-07-26 15:33:07+00:00,0.64
2026-07-26 15:34:05+00:00,0.64
2026-07-26 15:35:06+00:00,0.64
2026-07-26 15:36:06+00:00,0.64
2026-07-26 15:37:07+00:00,0.64
2026-07-26 15:38:09+00:00,0.64
2026-07-26 15:39:07+00:00,0.64
2026-07-26 15:40:07+00:00,0.64
2026-07-26 15:41:06+00:00,0.64
2026-07-26 15:42:06+00:00,0.64
2026-07-26 15:43:12+00:00,0.64
2026-07-26 15:44:07+00:00,0.64
2026-07-26 15:45:07+00:00,0.64
2026-07-26 15:46:06+00:00,0.64
2026-07-26 15:47:06+00:00,0.64
2026-07-26 15:48:07+00:00,0.64
2026-07-26 15:49:06+00:00,0.64
2026-07-26 15:50:06+00:00,0.64
2026-07-26 15:51:06+00:00,0.64
2026-07-26 15:52:06+00:00,0.64
2026-07-26 15:53:07+00:00,0.64
2026-07-26 15:54:07+00:00,0.64
2026-07-26 15:55:09+00:00,0.64
2026-07-26 15:56:06+00:00,0.64
2026-07-26 15:57:06+00:00,0.64
2026-07-26 15:58:07+00:00,0.64
2026-07-26 15:59:07+00:00,0.64
2026-07-26 16:00:27+00:00,0.64
2026-07-26 16:01:06+00:00,0.64
2026-07-26 16:02:06+00:00,0.64
2026-07-26 16:03:06+00:00,0.64
2026-07-26 16:04:07+00:00,0.64
2026-07-26 16:05:06+00:00,0.64
2026-07-26 16:06:06+00:00,0.64
2026-07-26 16:07:07+00:00,0.64
2026-07-26 16:08:07+00:00,0.64
2026-07-26 16:09:11+00:00,0.64
2026-07-26 16:10:08+00:00,0.64
2026-07-26 16:11:07+00:00,0.64
2026-07-26 16:12:06+00:00,0.64
2026-07-26 16:13:08+00:00,0.64
2026-07-26 16:14:07+00:00,0.64
2026-07-26 16:15:07+00:00,0.64
2026-07-26 16:16:07+00:00,0.64
2026-07-26 16:17:06+00:00,0.64
2026-07-26 16:18:07+00:00,0.64
2026-07-26 16:19:08+00:00,0.64
2026-07-26 16:20:08+00:00,0.64
2026-07-26 16:21:21+00:00,0.64
2026-07-26 16:22:05+00:00,0.64
2026-07-26 16:23:12+00:00,0.64
2026-07-26 16:24:07+00:00,0.64
2026-07-26 16:25:09+00:00,0.64
2026-07-26 16:26:06+00:00,0.64
2026-07-26 16:27:07+00:00,0.64
2026-07-26 16:28:06+00:00,0.64
2026-07-26 16:29:07+00:00,0.635
2026-07-26 16:30:26+00:00,0.635
2026-07-26 16:31:08+00:00,0.635
2026-07-26 16:32:08+00:00,0.635
2026-07-26 16:33:07+00:00,0.635
2026-07-26 16:34:07+00:00,0.635
2026-07-26 16:35:06+00:00,0.635
2026-07-26 16:36:05+00:00,0.635
2026-07-26 16:37:06+00:00,0.635
2026-07-26 16:38:07+00:00,0.635
2026-07-26 16:39:07+00:00,0.635
2026-07-26 16:40:06+00:00,0.635
2026-07-26 16:41:07+00:00,0.635
2026-07-26 16:42:06+00:00,0.635
2026-07-26 16:43:08+00:00,0.635
2026-07-26 16:44:08+00:00,0.635
2026-07-26 16:45:12+00:00,0.635
2026-07-26 16:46:07+00:00,0.635
2026-07-26 16:47:06+00:00,0.635
2026-07-26 16:48:07+00:00,0.635
2026-07-26 16:49:08+00:00,0.635
2026-07-26 16:50:06+00:00,0.635
2026-07-26 16:51:07+00:00,0.635
2026-07-26 16:52:06+00:00,0.635
2026-07-26 16:53:07+00:00,0.635
2026-07-26 16:54:07+00:00,0.635
2026-07-26 16:55:06+00:00,0.635
2026-07-26 16:56:05+00:00,0.635
2026-07-26 16:57:06+00:00,0.635
2026-07-26 16:58:07+00:00,0.635
2026-07-26 16:59:08+00:00,0.635
2026-07-26 17:00:43+00:00,0.635
2026-07-26 17:01:15+00:00,0.635
2026-07-26 17:02:05+00:00,0.635
2026-07-26 17:03:18+00:00,0.635
2026-07-26 17:04:07+00:00,0.635
2026-07-26 17:05:06+00:00,0.635
2026-07-26 17:06:05+00:00,0.635
2026-07-26 17:07:06+00:00,0.635
2026-07-26 17:08:07+00:00,0.635
2026-07-26 17:09:07+00:00,0.635
2026-07-26 17:10:06+00:00,0.635
2026-07-26 17:11:11+00:00,0.64
2026-07-26 17:12:10+00:00,0.64
2026-07-26 17:13:06+00:00,0.64
2026-07-26 17:14:07+00:00,0.64
2026-07-26 17:15:09+00:00,0.64
2026-07-26 17:16:06+00:00,0.64
2026-07-26 17:17:08+00:00,0.64
2026-07-26 17:18:07+00:00,0.64
2026-07-26 17:19:18+00:00,0.64
2026-07-26 17:20:07+00:00,0.64
2026-07-26 17:21:08+00:00,0.64
2026-07-26 17:22:07+00:00,0.64
2026-07-26 17:23:19+00:00,0.64
2026-07-26 17:24:08+00:00,0.64
2026-07-26 17:25:10+00:00,0.64
2026-07-26 17:26:08+00:00,0.64
2026-07-26 17:27:20+00:00,0.64
2026-07-26 17:28:07+00:00,0.64
2026-07-26 17:29:07+00:00,0.64
2026-07-26 17:30:21+00:00,0.64
2026-07-26 17:31:08+00:00,0.64
2026-07-26 17:32:08+00:00,0.64
2026-07-26 17:33:22+00:00,0.64
2026-07-26 17:34:08+00:00,0.64
2026-07-26 17:35:09+00:00,0.64
2026-07-26 17:36:07+00:00,0.64
2026-07-26 17:37:08+00:00,0.64
2026-07-26 17:38:11+00:00,0.64
2026-07-26 17:39:08+00:00,0.64
2026-07-26 17:40:07+00:00,0.64
2026-07-26 17:41:06+00:00,0.64
2026-07-26 17:42:05+00:00,0.64
2026-07-26 17:43:07+00:00,0.64
2026-07-26 17:44:05+00:00,0.64
2026-07-26 17:45:06+00:00,0.64
2026-07-26 17:46:05+00:00,0.64
2026-07-26 17:47:07+00:00,0.64
2026-07-26 17:48:08+00:00,0.64
2026-07-26 17:49:08+00:00,0.64
2026-07-26 17:50:09+00:00,0.64
2026-07-26 17:51:05+00:00,0.64
2026-07-26 17:52:07+00:00,0.64
2026-07-26 17:53:07+00:00,0.645
2026-07-26 17:54:07+00:00,0.645
2026-07-26 17:55:07+00:00,0.645
2026-07-26 17:56:08+00:00,0.645
2026-07-26 17:57:07+00:00,0.645
2026-07-26 17:58:07+00:00,0.645
2026-07-26 17:59:07+00:00,0.645
2026-07-26 18:00:40+00:00,0.65
2026-07-26 18:01:12+00:00,0.65
2026-07-26 18:02:07+00:00,0.65
2026-07-26 18:03:07+00:00,0.65
2026-07-26 18:04:13+00:00,0.65
2026-07-26 18:05:09+00:00,0.65
2026-07-26 18:06:05+00:00,0.65
2026-07-26 18:07:07+00:00,0.65
2026-07-26 18:08:07+00:00,0.65
2026-07-26 18:09:18+00:00,0.65
2026-07-26 18:10:22+00:00,0.65
2026-07-26 18:11:08+00:00,0.65
2026-07-26 18:12:05+00:00,0.65
2026-07-26 18:13:07+00:00,0.65
2026-07-26 18:14:08+00:00,0.65
2026-07-26 18:15:06+00:00,0.65
2026-07-26 18:16:16+00:00,0.65
2026-07-26 18:17:06+00:00,0.65
2026-07-26 18:18:07+00:00,0.65
2026-07-26 18:19:07+00:00,0.65
2026-07-26 18:20:06+00:00,0.65
2026-07-26 18:21:21+00:00,0.65
2026-07-26 18:22:05+00:00,0.65
2026-07-26 18:23:07+00:00,0.65
2026-07-26 18:24:07+00:00,0.65
2026-07-26 18:25:06+00:00,0.65
2026-07-26 18:26:16+00:00,0.65
2026-07-26 18:27:06+00:00,0.655
2026-07-26 18:28:07+00:00,0.65
2026-07-26 18:29:06+00:00,0.65
2026-07-26 18:30:31+00:00,0.655
2026-07-26 18:31:06+00:00,0.65
2026-07-26 18:32:05+00:00,0.655
2026-07-26 18:33:07+00:00,0.65
2026-07-26 18:34:07+00:00,0.655
2026-07-26 18:35:07+00:00,0.65
2026-07-26 18:36:07+00:00,0.655
2026-07-26 18:37:07+00:00,0.655
2026-07-26 18:38:07+00:00,0.655
2026-07-26 18:39:07+00:00,0.65
2026-07-26 18:40:08+00:00,0.655
2026-07-26 18:41:07+00:00,0.655
2026-07-26 18:42:07+00:00,0.65
2026-07-26 18:43:08+00:00,0.655
2026-07-26 18:44:06+00:00,0.655
2026-07-26 18:45:19+00:00,0.65
2026-07-26 18:46:07+00:00,0.65
2026-07-26 18:47:09+00:00,0.65
2026-07-26 18:48:07+00:00,0.65
2026-07-26 18:49:12+00:00,0.65
2026-07-26 18:50:10+00:00,0.65
2026-07-26 18:51:06+00:00,0.65
2026-07-26 18:52:05+00:00,0.65
2026-07-26 18:53:08+00:00,0.65
2026-07-26 18:54:07+00:00,0.65
2026-07-26 18:55:08+00:00,0.65
2026-07-26 18:56:06+00:00,0.65
2026-07-26 18:57:06+00:00,0.65
2026-07-26 18:58:07+00:00,0.65
2026-07-26 18:59:08+00:00,0.65
2026-07-26 19:00:32+00:00,0.65
2026-07-26 19:01:07+00:00,0.65
2026-07-26 19:02:07+00:00,0.65
2026-07-26 19:03:07+00:00,0.65
2026-07-26 19:04:07+00:00,0.65
2026-07-26 19:05:06+00:00,0.65
2026-07-26 19:06:05+00:00,0.655
2026-07-26 19:07:06+00:00,0.655
2026-07-26 19:08:06+00:00,0.655
2026-07-26 19:09:20+00:00,0.655
2026-07-26 19:10:07+00:00,0.655
2026-07-26 19:11:06+00:00,0.655
2026-07-26 19:12:08+00:00,0.655
2026-07-26 19:13:08+00:00,0.655
2026-07-26 19:14:06+00:00,0.655
2026-07-26 19:15:12+00:00,0.655
2026-07-26 19:16:12+00:00,0.655
2026-07-26 19:17:07+00:00,0.655
2026-07-26 19:18:07+00:00,0.655
2026-07-26 19:19:07+00:00,0.655
2026-07-26 19:20:07+00:00,0.655
2026-07-26 19:21:07+00:00,0.655
2026-07-26 19:22:05+00:00,0.655
2026-07-26 19:23:07+00:00,0.655
2026-07-26 19:24:07+00:00,0.655
2026-07-26 19:25:08+00:00,0.655
2026-07-26 19:26:13+00:00,0.655
2026-07-26 19:27:08+00:00,0.655
2026-07-26 19:28:07+00:00,0.655
2026-07-26 19:29:08+00:00,0.655
2026-07-26 19:30:32+00:00,0.655
2026-07-26 19:31:08+00:00,0.655
2026-07-26 19:32:08+00:00,0.655
2026-07-26 19:33:07+00:00,0.655
2026-07-26 19:34:08+00:00,0.655
2026-07-26 19:35:06+00:00,0.655
2026-07-26 19:36:06+00:00,0.655
2026-07-26 19:37:07+00:00,0.655
2026-07-26 19:38:07+00:00,0.655
2026-07-26 19:39:07+00:00,0.655
2026-07-26 19:40:08+00:00,0.655
2026-07-26 19:41:07+00:00,0.655
2026-07-26 19:42:10+00:00,0.655
2026-07-26 19:43:08+00:00,0.655
2026-07-26 19:44:07+00:00,0.655
2026-07-26 19:45:08+00:00,0.655
2026-07-26 19:46:07+00:00,0.655
2026-07-26 19:47:08+00:00,0.655
2026-07-26 19:48:07+00:00,0.655
2026-07-26 19:49:08+00:00,0.655
2026-07-26 19:50:09+00:00,0.655
2026-07-26 19:51:10+00:00,0.655
2026-07-26 19:52:07+00:00,0.655
2026-07-26 19:53:07+00:00,0.655
2026-07-26 19:54:07+00:00,0.655
2026-07-26 19:55:08+00:00,0.655
2026-07-26 19:56:07+00:00,0.655
2026-07-26 19:57:06+00:00,0.655
2026-07-26 19:58:07+00:00,0.655
2026-07-26 19:59:08+00:00,0.655
2026-07-26 20:00:45+00:00,0.655
2026-07-26 20:01:17+00:00,0.655
2026-07-26 20:02:06+00:00,0.655
2026-07-26 20:03:07+00:00,0.655
2026-07-26 20:04:07+00:00,0.655
2026-07-26 20:05:07+00:00,0.655
2026-07-26 20:06:06+00:00,0.655
2026-07-26 20:07:07+00:00,0.655
2026-07-26 20:08:11+00:00,0.655
2026-07-26 20:09:08+00:00,0.655
2026-07-26 20:10:09+00:00,0.655
2026-07-26 20:11:06+00:00,0.655
2026-07-26 20:12:07+00:00,0.655
2026-07-26 20:13:08+00:00,0.655
2026-07-26 20:14:08+00:00,0.655
2026-07-26 20:15:19+00:00,0.655
2026-07-26 20:16:08+00:00,0.655
2026-07-26 20:17:08+00:00,0.655
2026-07-26 20:18:08+00:00,0.655
2026-07-26 20:19:08+00:00,0.655
2026-07-26 20:20:08+00:00,0.655
2026-07-26 20:21:08+00:00,0.655
2026-07-26 20:22:07+00:00,0.655
2026-07-26 20:23:07+00:00,0.655
2026-07-26 20:24:07+00:00,0.655
2026-07-26 20:25:09+00:00,0.655
2026-07-26 20:26:05+00:00,0.655
2026-07-26 20:27:07+00:00,0.655
2026-07-26 20:28:07+00:00,0.655
2026-07-26 20:29:07+00:00,0.655
2026-07-26 20:30:39+00:00,0.655
2026-07-26 20:31:08+00:00,0.655
2026-07-26 20:32:07+00:00,0.655
2026-07-26 20:33:14+00:00,0.655
2026-07-26 20:34:22+00:00,0.655
2026-07-26 20:35:10+00:00,0.655
2026-07-26 20:36:08+00:00,0.655
2026-07-26 20:37:07+00:00,0.655
2026-07-26 20:38:08+00:00,0.655
2026-07-26 20:39:08+00:00,0.655
2026-07-26 20:40:07+00:00,0.655
2026-07-26 20:41:06+00:00,0.655
2026-07-26 20:42:06+00:00,0.655
2026-07-26 20:43:08+00:00,0.655
2026-07-26 20:44:07+00:00,0.655
2026-07-26 20:45:09+00:00,0.655
2026-07-26 20:46:07+00:00,0.655
2026-07-26 20:47:21+00:00,0.655
2026-07-26 20:48:07+00:00,0.655
2026-07-26 20:49:07+00:00,0.655
2026-07-26 20:50:07+00:00,0.655
2026-07-26 20:51:07+00:00,0.655
2026-07-26 20:52:23+00:00,0.655
2026-07-26 20:53:07+00:00,0.655
2026-07-26 20:54:08+00:00,0.655
2026-07-26 20:55:08+00:00,0.655
2026-07-26 20:56:08+00:00,0.655
2026-07-26 20:57:08+00:00,0.655
2026-07-26 20:58:08+00:00,0.655
2026-07-26 20:59:13+00:00,0.655
2026-07-26 21:01:01+00:00,0.655
2026-07-26 21:01:15+00:00,0.655
2026-07-26 21:02:07+00:00,0.655
2026-07-26 21:03:09+00:00,0.655
2026-07-26 21:04:06+00:00,0.655
2026-07-26 21:05:24+00:00,0.655
2026-07-26 21:06:07+00:00,0.675
2026-07-26 21:07:07+00:00,0.675
2026-07-26 21:08:09+00:00,0.68
2026-07-26 21:09:07+00:00,0.68
2026-07-26 21:10:09+00:00,0.68
2026-07-26 21:11:08+00:00,0.68
2026-07-26 21:12:07+00:00,0.68
2026-07-26 21:13:10+00:00,0.68
2026-07-26 21:14:07+00:00,0.68
2026-07-26 21:15:08+00:00,0.68
2026-07-26 21:16:23+00:00,0.68
2026-07-26 21:17:08+00:00,0.68
2026-07-26 21:18:07+00:00,0.68
2026-07-26 21:19:07+00:00,0.68
2026-07-26 21:20:07+00:00,0.68
2026-07-26 21:21:08+00:00,0.68
2026-07-26 21:22:06+00:00,0.68
2026-07-26 21:23:23+00:00,0.68
2026-07-26 21:24:06+00:00,0.68
2026-07-26 21:25:13+00:00,0.68
2026-07-26 21:26:07+00:00,0.68
2026-07-26 21:27:08+00:00,0.68
2026-07-26 21:28:06+00:00,0.68
2026-07-26 21:29:07+00:00,0.68
2026-07-26 21:30:27+00:00,0.68
2026-07-26 21:31:08+00:00,0.68
2026-07-26 21:32:17+00:00,0.68
2026-07-26 21:33:06+00:00,0.68
2026-07-26 21:34:07+00:00,0.68
2026-07-26 21:35:08+00:00,0.68
2026-07-26 21:36:08+00:00,0.68
2026-07-26 21:37:08+00:00,0.68
2026-07-26 21:38:09+00:00,0.78
2026-07-26 21:39:07+00:00,0.78
2026-07-26 21:40:08+00:00,0.765
2026-07-26 21:41:08+00:00,0.76
2026-07-26 21:42:07+00:00,0.76
2026-07-26 21:43:07+00:00,0.76
2026-07-26 21:44:07+00:00,0.76
2026-07-26 21:45:07+00:00,0.765
2026-07-26 21:46:07+00:00,0.765
2026-07-26 21:47:06+00:00,0.765
2026-07-26 21:48:07+00:00,0.765
2026-07-26 21:49:07+00:00,0.765
2026-07-26 21:50:07+00:00,0.76
2026-07-26 21:51:24+00:00,0.765
2026-07-26 21:52:14+00:00,0.765
2026-07-26 21:53:08+00:00,0.765
2026-07-26 21:54:08+00:00,0.765
2026-07-26 21:55:09+00:00,0.755
2026-07-26 21:56:07+00:00,0.755
2026-07-26 21:57:06+00:00,0.78
2026-07-26 21:58:19+00:00,0.78
2026-07-26 21:59:07+00:00,0.78
2026-07-26 22:00:18+00:00,0.78
2026-07-26 22:01:08+00:00,0.78
2026-07-26 22:02:20+00:00,0.78
2026-07-26 22:03:07+00:00,0.78
2026-07-26 22:04:07+00:00,0.78
2026-07-26 22:05:08+00:00,0.78
2026-07-26 22:06:08+00:00,0.78
2026-07-26 22:07:08+00:00,0.78
2026-07-26 22:08:06+00:00,0.78
2026-07-26 22:09:08+00:00,0.78
2026-07-26 22:10:08+00:00,0.78
2026-07-26 22:11:07+00:00,0.78
2026-07-26 22:12:07+00:00,0.78
2026-07-26 22:13:21+00:00,0.78
2026-07-26 22:14:08+00:00,0.78
2026-07-26 22:15:08+00:00,0.78
2026-07-26 22:16:09+00:00,0.78
2026-07-26 22:17:13+00:00,0.78
2026-07-26 22:18:07+00:00,0.78
2026-07-26 22:19:08+00:00,0.78
2026-07-26 22:20:08+00:00,0.78
2026-07-26 22:21:08+00:00,0.78
2026-07-26 22:22:07+00:00,0.78
2026-07-26 22:23:07+00:00,0.78
2026-07-26 22:24:07+00:00,0.78
2026-07-26 22:25:08+00:00,0.78
2026-07-26 22:26:23+00:00,0.725
2026-07-26 22:27:08+00:00,0.73
2026-07-26 22:28:07+00:00,0.73
2026-07-26 22:29:08+00:00,0.73
2026-07-26 22:30:26+00:00,0.73
2026-07-26 22:31:08+00:00,0.73
2026-07-26 22:32:08+00:00,0.73
2026-07-26 22:33:07+00:00,0.73
2026-07-26 22:34:08+00:00,0.73
2026-07-26 22:35:08+00:00,0.73
2026-07-26 22:36:07+00:00,0.73
2026-07-26 22:37:08+00:00,0.73
2026-07-26 22:38:07+00:00,0.735
2026-07-26 22:39:07+00:00,0.73
2026-07-26 22:40:08+00:00,0.735
2026-07-26 22:41:08+00:00,0.735
2026-07-26 22:42:08+00:00,0.735
2026-07-26 22:43:25+00:00,0.735
2026-07-26 22:44:08+00:00,0.73
2026-07-26 22:45:09+00:00,0.73
2026-07-26 22:46:07+00:00,0.73
2026-07-26 22:47:07+00:00,0.73
2026-07-26 22:48:07+00:00,0.73
2026-07-26 22:49:08+00:00,0.73
2026-07-26 22:50:08+00:00,0.735
2026-07-26 22:51:07+00:00,0.73
2026-07-26 22:52:11+00:00,0.73
2026-07-26 22:53:06+00:00,0.73
2026-07-26 22:54:07+00:00,0.73
2026-07-26 22:55:10+00:00,0.735
2026-07-26 22:56:09+00:00,0.73
2026-07-26 22:57:08+00:00,0.735
2026-07-26 22:58:07+00:00,0.735
2026-07-26 22:59:08+00:00,0.735
2026-07-26 23:00:19+00:00,0.735
2026-07-26 23:01:08+00:00,0.735
2026-07-26 23:02:07+00:00,0.735
2026-07-26 23:03:07+00:00,0.735
2026-07-26 23:04:07+00:00,0.735
2026-07-26 23:05:08+00:00,0.735
2026-07-26 23:06:07+00:00,0.735
2026-07-26 23:07:08+00:00,0.735
2026-07-26 23:08:07+00:00,0.735
2026-07-26 23:09:08+00:00,0.735
2026-07-26 23:10:08+00:00,0.735
2026-07-26 23:11:08+00:00,0.735
2026-07-26 23:12:07+00:00,0.735
2026-07-26 23:13:06+00:00,0.735
2026-07-26 23:14:07+00:00,0.735
2026-07-26 23:15:08+00:00,0.735
2026-07-26 23:16:07+00:00,0.735
2026-07-26 23:17:07+00:00,0.735
2026-07-26 23:18:11+00:00,0.735
2026-07-26 23:19:07+00:00,0.735
2026-07-26 23:20:09+00:00,0.735
2026-07-26 23:21:06+00:00,0.735
2026-07-26 23:22:07+00:00,0.735
2026-07-26 23:23:08+00:00,0.735
2026-07-26 23:24:07+00:00,0.735
2026-07-26 23:25:07+00:00,0.735
2026-07-26 23:26:05+00:00,0.735
2026-07-26 23:27:07+00:00,0.735
2026-07-26 23:28:07+00:00,0.735
2026-07-26 23:29:09+00:00,0.735
2026-07-26 23:30:23+00:00,0.735
2026-07-26 23:31:08+00:00,0.735
2026-07-26 23:32:07+00:00,0.735
2026-07-26 23:33:07+00:00,0.735
2026-07-26 23:34:07+00:00,0.735
2026-07-26 23:35:07+00:00,0.735
2026-07-26 23:36:07+00:00,0.735
2026-07-26 23:37:07+00:00,0.735
2026-07-26 23:38:06+00:00,0.735
2026-07-26 23:39:08+00:00,0.735
2026-07-26 23:40:07+00:00,0.735
2026-07-26 23:41:06+00:00,0.735
2026-07-26 23:42:17+00:00,0.735
2026-07-26 23:43:07+00:00,0.735
2026-07-26 23:44:11+00:00,0.735
2026-07-26 23:45:09+00:00,0.735
2026-07-26 23:46:06+00:00,0.735
2026-07-26 23:47:06+00:00,0.735
2026-07-26 23:48:20+00:00,0.735
2026-07-26 23:49:07+00:00,0.735
2026-07-26 23:50:06+00:00,0.735
2026-07-26 23:51:06+00:00,0.735
2026-07-26 23:52:10+00:00,0.735
2026-07-26 23:53:07+00:00,0.735
2026-07-26 23:54:07+00:00,0.735
2026-07-26 23:55:08+00:00,0.735
2026-07-26 23:56:07+00:00,0.735
2026-07-26 23:57:06+00:00,0.735
2026-07-26 23:58:07+00:00,0.735
2026-07-26 23:59:07+00:00,0.735
2026-07-27 00:00:47+00:00,0.735
2026-07-27 00:01:13+00:00,0.735
2026-07-27 00:02:06+00:00,0.735
2026-07-27 00:03:07+00:00,0.735
2026-07-27 00:04:09+00:00,0.735
2026-07-27 00:05:07+00:00,0.735
2026-07-27 00:06:05+00:00,0.735
2026-07-27 00:07:07+00:00,0.735
2026-07-27 00:08:05+00:00,0.735
2026-07-27 00:09:05+00:00,0.735
2026-07-27 00:10:08+00:00,0.735
2026-07-27 00:11:06+00:00,0.735
2026-07-27 00:12:07+00:00,0.735
2026-07-27 00:13:06+00:00,0.735
2026-07-27 00:14:07+00:00,0.735
2026-07-27 00:15:07+00:00,0.735
2026-07-27 00:16:05+00:00,0.735
2026-07-27 00:17:05+00:00,0.735
2026-07-27 00:18:09+00:00,0.735
2026-07-27 00:19:05+00:00,0.735
2026-07-27 00:20:06+00:00,0.735
2026-07-27 00:21:05+00:00,0.735
2026-07-27 00:22:05+00:00,0.735
2026-07-27 00:23:07+00:00,0.735
2026-07-27 00:24:07+00:00,0.735
2026-07-27 00:25:05+00:00,0.735
2026-07-27 00:26:05+00:00,0.735
2026-07-27 00:27:07+00:00,0.735
2026-07-27 00:28:07+00:00,0.735
2026-07-27 00:29:07+00:00,0.735
2026-07-27 00:30:24+00:00,0.735
2026-07-27 00:31:07+00:00,0.735
2026-07-27 00:32:07+00:00,0.735
2026-07-27 00:33:22+00:00,0.735
2026-07-27 00:34:05+00:00,0.735
2026-07-27 00:35:06+00:00,0.735
2026-07-27 00:36:05+00:00,0.735
2026-07-27 00:37:05+00:00,0.735
2026-07-27 00:38:06+00:00,0.735
2026-07-27 00:39:07+00:00,0.735
2026-07-27 00:40:07+00:00,0.735
2026-07-27 00:41:07+00:00,0.735
2026-07-27 00:42:07+00:00,0.735
2026-07-27 00:43:06+00:00,0.735
2026-07-27 00:44:07+00:00,0.735
2026-07-27 00:45:19+00:00,0.735
2026-07-27 00:46:07+00:00,0.735
2026-07-27 00:47:07+00:00,0.735
2026-07-27 00:48:07+00:00,0.735
2026-07-27 00:49:21+00:00,0.735
2026-07-27 00:50:07+00:00,0.735
2026-07-27 00:51:05+00:00,0.735
2026-07-27 00:52:05+00:00,0.735
2026-07-27 00:53:07+00:00,0.735
2026-07-27 00:54:07+00:00,0.735
2026-07-27 00:55:07+00:00,0.735
2026-07-27 00:56:09+00:00,0.735
2026-07-27 00:57:07+00:00,0.735
2026-07-27 00:58:07+00:00,0.735
2026-07-27 00:59:07+00:00,0.735
2026-07-27 01:00:23+00:00,0.735
2026-07-27 01:01:07+00:00,0.735
2026-07-27 01:02:07+00:00,0.735
2026-07-27 01:03:07+00:00,0.735
2026-07-27 01:04:07+00:00,0.735
2026-07-27 01:05:07+00:00,0.735
2026-07-27 01:06:07+00:00,0.735
2026-07-27 01:07:07+00:00,0.735
2026-07-27 01:08:07+00:00,0.735
2026-07-27 01:09:07+00:00,0.735
2026-07-27 01:10:07+00:00,0.735
2026-07-27 01:11:07+00:00,0.735
2026-07-27 01:12:07+00:00,0.735
2026-07-27 01:13:07+00:00,0.735
2026-07-27 01:14:07+00:00,0.735
2026-07-27 01:15:07+00:00,0.735
2026-07-27 01:16:07+00:00,0.735
2026-07-27 01:17:07+00:00,0.735
2026-07-27 01:18:07+00:00,0.735
2026-07-27 01:19:07+00:00,0.735
2026-07-27 01:20:07+00:00,0.735
2026-07-27 01:21:10+00:00,0.735
2026-07-27 01:22:08+00:00,0.735
2026-07-27 01:23:06+00:00,0.735
2026-07-27 01:24:07+00:00,0.735
2026-07-27 01:25:06+00:00,0.735
2026-07-27 01:26:05+00:00,0.735
2026-07-27 01:27:05+00:00,0.735
2026-07-27 01:28:05+00:00,0.735
2026-07-27 01:29:06+00:00,0.735
2026-07-27 01:30:15+00:00,0.735
2026-07-27 01:31:05+00:00,0.735
2026-07-27 01:32:05+00:00,0.735
2026-07-27 01:33:06+00:00,0.735
2026-07-27 01:34:07+00:00,0.735
2026-07-27 01:35:07+00:00,0.735
2026-07-27 01:36:07+00:00,0.735
2026-07-27 01:37:07+00:00,0.735
2026-07-27 01:38:07+00:00,0.735
2026-07-27 01:39:07+00:00,0.735
2026-07-27 01:40:06+00:00,0.735
2026-07-27 01:41:05+00:00,0.735
2026-07-27 01:42:05+00:00,0.735
2026-07-27 01:43:07+00:00,0.735
2026-07-27 01:44:05+00:00,0.735
2026-07-27 01:45:06+00:00,0.735
2026-07-27 01:46:07+00:00,0.685
2026-07-27 01:47:09+00:00,0.7
2026-07-27 01:48:07+00:00,0.685
2026-07-27 01:49:05+00:00,0.68
2026-07-27 01:50:06+00:00,0.685
2026-07-27 01:51:05+00:00,0.68
2026-07-27 01:52:05+00:00,0.68
2026-07-27 01:53:07+00:00,0.68
2026-07-27 01:54:06+00:00,0.68
2026-07-27 01:55:07+00:00,0.68
2026-07-27 01:56:07+00:00,0.68
2026-07-27 01:57:05+00:00,0.68
2026-07-27 01:58:05+00:00,0.68
2026-07-27 01:59:07+00:00,0.68
2026-07-27 02:00:16+00:00,0.68
2026-07-27 02:01:07+00:00,0.68
2026-07-27 02:02:07+00:00,0.68
2026-07-27 02:03:07+00:00,0.68
2026-07-27 02:04:05+00:00,0.68
2026-07-27 02:05:06+00:00,0.68
2026-07-27 02:06:05+00:00,0.68
2026-07-27 02:07:05+00:00,0.68
2026-07-27 02:08:07+00:00,0.67
2026-07-27 02:09:07+00:00,0.67
2026-07-27 02:10:21+00:00,0.67
2026-07-27 02:11:06+00:00,0.67
2026-07-27 02:12:05+00:00,0.67
2026-07-27 02:13:11+00:00,0.67
2026-07-27 02:14:05+00:00,0.67
2026-07-27 02:15:07+00:00,0.67
2026-07-27 02:16:07+00:00,0.67
2026-07-27 02:17:05+00:00,0.67
2026-07-27 02:18:05+00:00,0.665
2026-07-27 02:19:07+00:00,0.665
2026-07-27 02:20:07+00:00,0.665
2026-07-27 02:21:07+00:00,0.665
2026-07-27 02:22:07+00:00,0.665
2026-07-27 02:23:07+00:00,0.665
2026-07-27 02:24:05+00:00,0.665
2026-07-27 02:25:06+00:00,0.665
2026-07-27 02:26:05+00:00,0.665
2026-07-27 02:27:05+00:00,0.665
2026-07-27 02:28:07+00:00,0.665
2026-07-27 02:29:07+00:00,0.665
2026-07-27 02:30:17+00:00,0.665
2026-07-27 02:31:07+00:00,0.665
2026-07-27 02:32:05+00:00,0.665
2026-07-27 02:33:07+00:00,0.665
2026-07-27 02:34:05+00:00,0.665
2026-07-27 02:35:05+00:00,0.665
2026-07-27 02:36:05+00:00,0.665
2026-07-27 02:37:05+00:00,0.665
2026-07-27 02:38:06+00:00,0.665
2026-07-27 02:39:11+00:00,0.665
2026-07-27 02:40:07+00:00,0.665
2026-07-27 02:41:05+00:00,0.665
2026-07-27 02:42:05+00:00,0.665
2026-07-27 02:43:07+00:00,0.665
2026-07-27 02:44:09+00:00,0.665
2026-07-27 02:45:06+00:00,0.665
2026-07-27 02:46:05+00:00,0.665
2026-07-27 02:47:07+00:00,0.665
2026-07-27 02:48:07+00:00,0.665
2026-07-27 02:49:07+00:00,0.665
2026-07-27 02:50:06+00:00,0.665
2026-07-27 02:51:06+00:00,0.665
2026-07-27 02:52:05+00:00,0.665
2026-07-27 02:53:07+00:00,0.665
2026-07-27 02:54:07+00:00,0.665
2026-07-27 02:55:07+00:00,0.665
2026-07-27 02:56:05+00:00,0.67
2026-07-27 02:57:06+00:00,0.67
2026-07-27 02:58:07+00:00,0.67
2026-07-27 02:59:08+00:00,0.67
2026-07-27 03:00:39+00:00,0.67
2026-07-27 03:01:17+00:00,0.67
2026-07-27 03:02:05+00:00,0.67
2026-07-27 03:03:06+00:00,0.67
2026-07-27 03:04:07+00:00,0.67
2026-07-27 03:05:12+00:00,0.67
2026-07-27 03:06:09+00:00,0.67
2026-07-27 03:07:06+00:00,0.665
2026-07-27 03:08:08+00:00,0.665
2026-07-27 03:09:21+00:00,0.67
2026-07-27 03:10:06+00:00,0.67
2026-07-27 03:11:06+00:00,0.67
2026-07-27 03:12:06+00:00,0.67
2026-07-27 03:13:07+00:00,0.67
2026-07-27 03:14:07+00:00,0.67
2026-07-27 03:15:09+00:00,0.67
2026-07-27 03:16:06+00:00,0.67
2026-07-27 03:17:05+00:00,0.67
2026-07-27 03:18:07+00:00,0.67
2026-07-27 03:19:19+00:00,0.67
2026-07-27 03:20:07+00:00,0.67
2026-07-27 03:21:20+00:00,0.67
2026-07-27 03:22:07+00:00,0.67
2026-07-27 03:23:08+00:00,0.67
2026-07-27 03:24:07+00:00,0.67
2026-07-27 03:25:06+00:00,0.67
2026-07-27 03:26:06+00:00,0.67
2026-07-27 03:27:21+00:00,0.67
2026-07-27 03:28:05+00:00,0.67
2026-07-27 03:29:07+00:00,0.67
2026-07-27 03:30:21+00:00,0.67
2026-07-27 03:31:12+00:00,0.67
2026-07-27 03:32:08+00:00,0.67
2026-07-27 03:33:08+00:00,0.67
2026-07-27 03:34:08+00:00,0.67
2026-07-27 03:35:07+00:00,0.67
2026-07-27 03:36:06+00:00,0.67
2026-07-27 03:37:07+00:00,0.67
2026-07-27 03:38:08+00:00,0.67
2026-07-27 03:39:05+00:00,0.675
2026-07-27 03:40:07+00:00,0.675
2026-07-27 03:41:06+00:00,0.675
2026-07-27 03:42:05+00:00,0.675
2026-07-27 03:43:07+00:00,0.675
2026-07-27 03:44:07+00:00,0.675
2026-07-27 03:45:06+00:00,0.675
2026-07-27 03:46:06+00:00,0.675
2026-07-27 03:47:08+00:00,0.675
2026-07-27 03:48:09+00:00,0.675
2026-07-27 03:49:06+00:00,0.675
2026-07-27 03:50:07+00:00,0.675
2026-07-27 03:51:17+00:00,0.675
2026-07-27 03:52:07+00:00,0.675
2026-07-27 03:53:08+00:00,0.675
2026-07-27 03:54:06+00:00,0.675
2026-07-27 03:55:07+00:00,0.675
2026-07-27 03:56:07+00:00,0.675
2026-07-27 03:57:12+00:00,0.675
2026-07-27 03:58:08+00:00,0.675
2026-07-27 03:59:05+00:00,0.675
2026-07-27 04:00:29+00:00,0.675
2026-07-27 04:01:06+00:00,0.675
2026-07-27 04:02:05+00:00,0.675
2026-07-27 04:03:07+00:00,0.675
2026-07-27 04:04:05+00:00,0.675
2026-07-27 04:05:07+00:00,0.675
2026-07-27 04:06:06+00:00,0.675
2026-07-27 04:07:06+00:00,0.67
2026-07-27 04:08:07+00:00,0.67
2026-07-27 04:09:08+00:00,0.67
2026-07-27 04:10:09+00:00,0.67
2026-07-27 04:11:07+00:00,0.67
2026-07-27 04:12:06+00:00,0.67
2026-07-27 04:13:08+00:00,0.67
2026-07-27 04:14:05+00:00,0.67
2026-07-27 04:15:19+00:00,0.67
2026-07-27 04:16:05+00:00,0.67
2026-07-27 04:17:06+00:00,0.67
2026-07-27 04:18:05+00:00,0.67
2026-07-27 04:19:07+00:00,0.67
2026-07-27 04:20:07+00:00,0.67
2026-07-27 04:21:06+00:00,0.67
2026-07-27 04:22:06+00:00,0.68
2026-07-27 04:23:13+00:00,0.68
2026-07-27 04:24:07+00:00,0.68
2026-07-27 04:25:09+00:00,0.68
2026-07-27 04:26:05+00:00,0.68
2026-07-27 04:27:06+00:00,0.68
2026-07-27 04:28:07+00:00,0.68
2026-07-27 04:29:18+00:00,0.68
2026-07-27 04:30:31+00:00,0.68
2026-07-27 04:31:23+00:00,0.68
2026-07-27 04:32:07+00:00,0.68
2026-07-27 04:33:08+00:00,0.68
2026-07-27 04:34:07+00:00,0.68
2026-07-27 04:35:08+00:00,0.68
2026-07-27 04:36:07+00:00,0.68
2026-07-27 04:37:09+00:00,0.68
2026-07-27 04:38:18+00:00,0.68
2026-07-27 04:39:08+00:00,0.68
2026-07-27 04:40:08+00:00,0.68
2026-07-27 04:41:22+00:00,0.68
2026-07-27 04:42:07+00:00,0.68
2026-07-27 04:43:07+00:00,0.68
2026-07-27 04:44:08+00:00,0.68
2026-07-27 04:45:10+00:00,0.68
2026-07-27 04:46:24+00:00,0.68
2026-07-27 04:47:09+00:00,0.68
2026-07-27 04:48:07+00:00,0.68
2026-07-27 04:49:11+00:00,0.68
2026-07-27 04:50:09+00:00,0.68
2026-07-27 04:51:13+00:00,0.68
2026-07-27 04:52:06+00:00,0.68
2026-07-27 04:53:05+00:00,0.68
2026-07-27 04:54:07+00:00,0.68
2026-07-27 04:55:09+00:00,0.68
2026-07-27 04:56:05+00:00,0.68
2026-07-27 04:57:06+00:00,0.68
2026-07-27 04:58:07+00:00,0.68
2026-07-27 04:59:06+00:00,0.68
2026-07-27 05:00:23+00:00,0.68
2026-07-27 05:01:07+00:00,0.68
2026-07-27 05:02:06+00:00,0.68
2026-07-27 05:03:06+00:00,0.68
2026-07-27 05:04:07+00:00,0.68
2026-07-27 05:05:18+00:00,0.68
2026-07-27 05:06:05+00:00,0.68
2026-07-27 05:07:06+00:00,0.68
2026-07-27 05:08:07+00:00,0.68
2026-07-27 05:09:07+00:00,0.68
2026-07-27 05:10:10+00:00,0.68
2026-07-27 05:11:20+00:00,0.68
2026-07-27 05:12:06+00:00,0.68
2026-07-27 05:13:07+00:00,0.68
2026-07-27 05:14:20+00:00,0.68
2026-07-27 05:15:08+00:00,0.68
2026-07-27 05:16:06+00:00,0.68
2026-07-27 05:17:10+00:00,0.68
2026-07-27 05:18:07+00:00,0.68
2026-07-27 05:19:08+00:00,0.68
2026-07-27 05:20:08+00:00,0.68
2026-07-27 05:21:19+00:00,0.68
2026-07-27 05:22:05+00:00,0.68
2026-07-27 05:23:07+00:00,0.68
2026-07-27 05:24:07+00:00,0.68
2026-07-27 05:25:10+00:00,0.68
2026-07-27 05:26:18+00:00,0.68
2026-07-27 05:27:10+00:00,0.68
2026-07-27 05:28:21+00:00,0.68
2026-07-27 05:29:07+00:00,0.68
2026-07-27 05:30:23+00:00,0.68
2026-07-27 05:31:06+00:00,0.68
2026-07-27 05:32:05+00:00,0.68
2026-07-27 05:33:18+00:00,0.68
2026-07-27 05:34:05+00:00,0.68
2026-07-27 05:35:07+00:00,0.68
2026-07-27 05:36:06+00:00,0.68
2026-07-27 05:37:06+00:00,0.68
2026-07-27 05:38:08+00:00,0.68
2026-07-27 05:39:07+00:00,0.68
2026-07-27 05:40:08+00:00,0.68
2026-07-27 05:41:06+00:00,0.68
2026-07-27 05:42:22+00:00,0.68
2026-07-27 05:43:07+00:00,0.68
2026-07-27 05:44:06+00:00,0.68
2026-07-27 05:45:06+00:00,0.68
2026-07-27 05:46:06+00:00,0.68
2026-07-27 05:47:05+00:00,0.68
2026-07-27 05:48:07+00:00,0.675
2026-07-27 05:49:06+00:00,0.675
2026-07-27 05:50:06+00:00,0.675
2026-07-27 05:51:06+00:00,0.675
2026-07-27 05:52:07+00:00,0.675
2026-07-27 05:53:11+00:00,0.675
2026-07-27 05:54:06+00:00,0.675
2026-07-27 05:55:07+00:00,0.675
2026-07-27 05:56:05+00:00,0.675
2026-07-27 05:57:06+00:00,0.675
2026-07-27 05:58:20+00:00,0.675
2026-07-27 05:59:07+00:00,0.675
2026-07-27 06:00:42+00:00,0.68
2026-07-27 06:01:17+00:00,0.68
2026-07-27 06:02:10+00:00,0.68
2026-07-27 06:03:07+00:00,0.68
2026-07-27 06:04:17+00:00,0.68
2026-07-27 06:05:07+00:00,0.68
2026-07-27 06:06:06+00:00,0.68
2026-07-27 06:07:07+00:00,0.68
2026-07-27 06:08:07+00:00,0.68
2026-07-27 06:09:05+00:00,0.68
2026-07-27 06:10:06+00:00,0.68
2026-07-27 06:11:05+00:00,0.68
2026-07-27 06:12:05+00:00,0.68
2026-07-27 06:13:07+00:00,0.68
2026-07-27 06:14:07+00:00,0.68
2026-07-27 06:15:07+00:00,0.68
2026-07-27 06:16:05+00:00,0.68
2026-07-27 06:17:05+00:00,0.68
2026-07-27 06:18:07+00:00,0.68
2026-07-27 06:19:06+00:00,0.68
2026-07-27 06:20:06+00:00,0.675
2026-07-27 06:21:05+00:00,0.675
2026-07-27 06:22:05+00:00,0.675
2026-07-27 06:23:08+00:00,0.675
2026-07-27 06:24:05+00:00,0.675
2026-07-27 06:25:06+00:00,0.675
2026-07-27 06:26:05+00:00,0.675
2026-07-27 06:27:06+00:00,0.68
2026-07-27 06:28:11+00:00,0.68
2026-07-27 06:29:06+00:00,0.68
2026-07-27 06:30:21+00:00,0.68
2026-07-27 06:31:06+00:00,0.68
2026-07-27 06:32:05+00:00,0.68
2026-07-27 06:33:07+00:00,0.68
2026-07-27 06:34:09+00:00,0.68
2026-07-27 06:35:08+00:00,0.68
2026-07-27 06:36:06+00:00,0.68
2026-07-27 06:37:09+00:00,0.68
2026-07-27 06:38:07+00:00,0.68
2026-07-27 06:39:05+00:00,0.68
2026-07-27 06:40:07+00:00,0.68
2026-07-27 06:41:06+00:00,0.68
2026-07-27 06:42:05+00:00,0.675
2026-07-27 06:43:07+00:00,0.675
2026-07-27 06:44:05+00:00,0.675
2026-07-27 06:45:06+00:00,0.675
2026-07-27 06:46:10+00:00,0.675
2026-07-27 06:47:07+00:00,0.675
2026-07-27 06:48:07+00:00,0.675
2026-07-27 06:49:07+00:00,0.675
2026-07-27 06:50:09+00:00,0.675
2026-07-27 06:51:08+00:00,0.675
2026-07-27 06:52:06+00:00,0.675
2026-07-27 06:53:08+00:00,0.675
2026-07-27 06:54:05+00:00,0.675
2026-07-27 06:55:08+00:00,0.675
2026-07-27 06:56:06+00:00,0.675
2026-07-27 06:57:06+00:00,0.675
2026-07-27 06:58:07+00:00,0.675
2026-07-27 06:59:06+00:00,0.675
2026-07-27 07:00:27+00:00,0.675
2026-07-27 07:01:06+00:00,0.675
2026-07-27 07:02:06+00:00,0.675
2026-07-27 07:03:05+00:00,0.675
2026-07-27 07:04:07+00:00,0.675
2026-07-27 07:05:06+00:00,0.675
2026-07-27 07:06:06+00:00,0.675
2026-07-27 07:07:05+00:00,0.675
2026-07-27 07:08:05+00:00,0.675
2026-07-27 07:09:07+00:00,0.675
2026-07-27 07:10:06+00:00,0.675
2026-07-27 07:11:05+00:00,0.675
2026-07-27 07:12:09+00:00,0.675
2026-07-27 07:13:07+00:00,0.675
2026-07-27 07:14:07+00:00,0.675
2026-07-27 07:15:07+00:00,0.675
2026-07-27 07:16:15+00:00,0.675
2026-07-27 07:17:06+00:00,0.675
2026-07-27 07:18:07+00:00,0.675
2026-07-27 07:19:19+00:00,0.675
2026-07-27 07:20:06+00:00,0.675
2026-07-27 07:21:06+00:00,0.675
2026-07-27 07:22:05+00:00,0.675
2026-07-27 07:23:07+00:00,0.675
2026-07-27 07:24:07+00:00,0.675
2026-07-27 07:25:06+00:00,0.675
2026-07-27 07:26:19+00:00,0.675
2026-07-27 07:27:08+00:00,0.675
2026-07-27 07:28:06+00:00,0.675
2026-07-27 07:29:07+00:00,0.675
2026-07-27 07:30:27+00:00,0.675
2026-07-27 07:31:07+00:00,0.675
2026-07-27 07:32:07+00:00,0.675
2026-07-27 07:33:07+00:00,0.675
2026-07-27 07:34:05+00:00,0.675
2026-07-27 07:35:07+00:00,0.675
2026-07-27 07:36:07+00:00,0.675
2026-07-27 07:37:05+00:00,0.675
2026-07-27 07:38:11+00:00,0.675
2026-07-27 07:39:05+00:00,0.675
2026-07-27 07:40:08+00:00,0.675
2026-07-27 07:41:07+00:00,0.675
2026-07-27 07:42:05+00:00,0.675
2026-07-27 07:43:06+00:00,0.675
2026-07-27 07:44:07+00:00,0.675
2026-07-27 07:45:07+00:00,0.675
2026-07-27 07:46:07+00:00,0.675
2026-07-27 07:47:07+00:00,0.675
2026-07-27 07:48:07+00:00,0.675
2026-07-27 07:49:07+00:00,0.675
2026-07-27 07:50:09+00:00,0.675
2026-07-27 07:51:08+00:00,0.675
2026-07-27 07:52:07+00:00,0.675
2026-07-27 07:53:06+00:00,0.675
2026-07-27 07:54:07+00:00,0.675
2026-07-27 07:55:22+00:00,0.675
2026-07-27 07:56:05+00:00,0.675
2026-07-27 07:57:05+00:00,0.675
2026-07-27 07:58:07+00:00,0.675
2026-07-27 07:59:07+00:00,0.675
2026-07-27 08:00:27+00:00,0.675
2026-07-27 08:01:07+00:00,0.675
2026-07-27 08:02:06+00:00,0.675
2026-07-27 08:03:07+00:00,0.675
2026-07-27 08:04:22+00:00,0.675
2026-07-27 08:05:08+00:00,0.675
2026-07-27 08:06:07+00:00,0.675
2026-07-27 08:07:06+00:00,0.675
2026-07-27 08:08:07+00:00,0.675
2026-07-27 08:09:07+00:00,0.675
2026-07-27 08:10:09+00:00,0.675
2026-07-27 08:11:07+00:00,0.675
2026-07-27 08:12:07+00:00,0.675
2026-07-27 08:13:07+00:00,0.675
2026-07-27 08:14:07+00:00,0.675
2026-07-27 08:15:09+00:00,0.675
2026-07-27 08:16:07+00:00,0.675
2026-07-27 08:17:07+00:00,0.675
2026-07-27 08:18:06+00:00,0.675
2026-07-27 08:19:21+00:00,0.675
2026-07-27 08:20:08+00:00,0.675
2026-07-27 08:21:07+00:00,0.675
2026-07-27 08:22:07+00:00,0.675
2026-07-27 08:23:07+00:00,0.675
2026-07-27 08:24:07+00:00,0.675
2026-07-27 08:25:06+00:00,0.675
2026-07-27 08:26:06+00:00,0.675
2026-07-27 08:27:05+00:00,0.675
2026-07-27 08:28:07+00:00,0.675
2026-07-27 08:29:07+00:00,0.675
2026-07-27 08:30:37+00:00,0.675
2026-07-27 08:31:07+00:00,0.675
2026-07-27 08:32:07+00:00,0.675
2026-07-27 08:33:07+00:00,0.675
2026-07-27 08:34:05+00:00,0.675
2026-07-27 08:35:06+00:00,0.675
2026-07-27 08:36:06+00:00,0.675
2026-07-27 08:37:06+00:00,0.675
2026-07-27 08:38:07+00:00,0.675
2026-07-27 08:39:07+00:00,0.675
2026-07-27 08:40:08+00:00,0.675
2026-07-27 08:41:05+00:00,0.675
2026-07-27 08:42:06+00:00,0.675
2026-07-27 08:43:05+00:00,0.675
2026-07-27 08:44:05+00:00,0.675
2026-07-27 08:45:05+00:00,0.675
2026-07-27 08:46:07+00:00,0.675
2026-07-27 08:47:05+00:00,0.675
2026-07-27 08:48:07+00:00,0.675
2026-07-27 08:49:06+00:00,0.675
2026-07-27 08:50:22+00:00,0.675
2026-07-27 08:51:05+00:00,0.675
2026-07-27 08:52:06+00:00,0.675
2026-07-27 08:53:21+00:00,0.675
2026-07-27 08:54:07+00:00,0.675
2026-07-27 08:55:07+00:00,0.675
2026-07-27 08:56:11+00:00,0.675
2026-07-27 08:57:06+00:00,0.675
2026-07-27 08:58:22+00:00,0.675
2026-07-27 08:59:05+00:00,0.675
2026-07-27 09:00:31+00:00,0.675
2026-07-27 09:01:05+00:00,0.675
2026-07-27 09:02:06+00:00,0.675
2026-07-27 09:03:08+00:00,0.675
2026-07-27 09:04:05+00:00,0.675
2026-07-27 09:05:07+00:00,0.675
2026-07-27 09:06:06+00:00,0.675
2026-07-27 09:07:06+00:00,0.675
2026-07-27 09:08:06+00:00,0.675
2026-07-27 09:09:07+00:00,0.675
2026-07-27 09:10:20+00:00,0.675
2026-07-27 09:11:05+00:00,0.675
2026-07-27 09:12:05+00:00,0.675
2026-07-27 09:13:07+00:00,0.675
2026-07-27 09:14:22+00:00,0.675
2026-07-27 09:15:06+00:00,0.675
2026-07-27 09:16:06+00:00,0.675
2026-07-27 09:17:06+00:00,0.675
2026-07-27 09:18:05+00:00,0.675
2026-07-27 09:19:07+00:00,0.675
2026-07-27 09:20:06+00:00,0.675
2026-07-27 09:21:05+00:00,0.675
2026-07-27 09:22:10+00:00,0.675
2026-07-27 09:23:07+00:00,0.675
2026-07-27 09:24:20+00:00,0.675
2026-07-27 09:25:07+00:00,0.675
2026-07-27 09:26:06+00:00,0.675
2026-07-27 09:27:05+00:00,0.675
2026-07-27 09:28:08+00:00,0.675
2026-07-27 09:29:07+00:00,0.675
2026-07-27 09:30:28+00:00,0.675
2026-07-27 09:31:06+00:00,0.675
2026-07-27 09:32:06+00:00,0.675
2026-07-27 09:33:07+00:00,0.675
2026-07-27 09:34:06+00:00,0.675
2026-07-27 09:35:06+00:00,0.675
2026-07-27 09:36:08+00:00,0.675
2026-07-27 09:37:05+00:00,0.675
2026-07-27 09:38:07+00:00,0.675
2026-07-27 09:39:07+00:00,0.675
2026-07-27 09:40:09+00:00,0.675
2026-07-27 09:41:05+00:00,0.675
2026-07-27 09:42:17+00:00,0.675
2026-07-27 09:43:07+00:00,0.675
2026-07-27 09:44:08+00:00,0.675
2026-07-27 09:45:05+00:00,0.675
2026-07-27 09:46:05+00:00,0.675
2026-07-27 09:47:07+00:00,0.675
2026-07-27 09:48:12+00:00,0.675
2026-07-27 09:49:05+00:00,0.675
2026-07-27 09:50:07+00:00,0.675
2026-07-27 09:51:05+00:00,0.675
2026-07-27 09:52:05+00:00,0.675
2026-07-27 09:53:07+00:00,0.675
2026-07-27 09:54:07+00:00,0.675
2026-07-27 09:55:07+00:00,0.675
2026-07-27 09:56:06+00:00,0.675
2026-07-27 09:57:07+00:00,0.675
2026-07-27 09:58:07+00:00,0.68
2026-07-27 09:59:07+00:00,0.68
2026-07-27 10:00:31+00:00,0.68
2026-07-27 10:01:06+00:00,0.68
2026-07-27 10:02:10+00:00,0.68
2026-07-27 10:03:07+00:00,0.68
2026-07-27 10:04:05+00:00,0.68
2026-07-27 10:05:06+00:00,0.68
2026-07-27 10:06:06+00:00,0.68
2026-07-27 10:07:07+00:00,0.68
2026-07-27 10:08:07+00:00,0.68
2026-07-27 10:09:05+00:00,0.68
2026-07-27 10:10:06+00:00,0.68
2026-07-27 10:11:05+00:00,0.68
2026-07-27 10:12:06+00:00,0.68
2026-07-27 10:13:07+00:00,0.68
2026-07-27 10:14:11+00:00,0.68
2026-07-27 10:15:08+00:00,0.68
2026-07-27 10:16:06+00:00,0.68
2026-07-27 10:17:06+00:00,0.68
2026-07-27 10:18:07+00:00,0.68
2026-07-27 10:19:05+00:00,0.68
2026-07-27 10:20:06+00:00,0.68
2026-07-27 10:21:05+00:00,0.68
2026-07-27 10:22:05+00:00,0.68
2026-07-27 10:23:17+00:00,0.68
2026-07-27 10:24:07+00:00,0.68
2026-07-27 10:25:07+00:00,0.68
2026-07-27 10:26:06+00:00,0.68
2026-07-27 10:27:06+00:00,0.68
2026-07-27 10:28:06+00:00,0.68
2026-07-27 10:29:05+00:00,0.68
2026-07-27 10:30:15+00:00,0.68
2026-07-27 10:31:06+00:00,0.68
2026-07-27 10:32:07+00:00,0.68
2026-07-27 10:33:06+00:00,0.68
2026-07-27 10:34:05+00:00,0.68
2026-07-27 10:35:06+00:00,0.68
2026-07-27 10:36:06+00:00,0.68
2026-07-27 10:37:07+00:00,0.68
2026-07-27 10:38:07+00:00,0.68
2026-07-27 10:39:07+00:00,0.675
2026-07-27 10:40:13+00:00,0.675
2026-07-27 10:41:07+00:00,0.675
2026-07-27 10:42:07+00:00,0.675
2026-07-27 10:43:07+00:00,0.675
2026-07-27 10:44:07+00:00,0.675
2026-07-27 10:45:06+00:00,0.675
2026-07-27 10:46:05+00:00,0.675
2026-07-27 10:47:06+00:00,0.675
2026-07-27 10:48:06+00:00,0.675
2026-07-27 10:49:06+00:00,0.675
2026-07-27 10:50:07+00:00,0.675
2026-07-27 10:51:05+00:00,0.675
2026-07-27 10:52:05+00:00,0.675
2026-07-27 10:53:05+00:00,0.675
2026-07-27 10:54:07+00:00,0.675
2026-07-27 10:55:07+00:00,0.675
2026-07-27 10:56:07+00:00,0.675
2026-07-27 10:57:07+00:00,0.675
2026-07-27 10:58:07+00:00,0.675
2026-07-27 10:59:05+00:00,0.675
2026-07-27 11:00:22+00:00,0.675
2026-07-27 11:01:07+00:00,0.675
2026-07-27 11:02:05+00:00,0.675
2026-07-27 11:03:07+00:00,0.675
2026-07-27 11:04:05+00:00,0.675
2026-07-27 11:05:06+00:00,0.675
2026-07-27 11:06:13+00:00,0.675
2026-07-27 11:07:06+00:00,0.675
2026-07-27 11:08:23+00:00,0.675
2026-07-27 11:09:05+00:00,0.675
2026-07-27 11:10:23+00:00,0.675
2026-07-27 11:11:05+00:00,0.675
2026-07-27 11:12:06+00:00,0.675
2026-07-27 11:13:06+00:00,0.675
2026-07-27 11:14:05+00:00,0.675
2026-07-27 11:15:06+00:00,0.675
2026-07-27 11:16:07+00:00,0.675
2026-07-27 11:17:05+00:00,0.675
2026-07-27 11:18:05+00:00,0.675
2026-07-27 11:19:05+00:00,0.675
2026-07-27 11:20:07+00:00,0.675
2026-07-27 11:21:05+00:00,0.675
2026-07-27 11:22:05+00:00,0.675
2026-07-27 11:23:05+00:00,0.675
2026-07-27 11:24:08+00:00,0.675
2026-07-27 11:25:21+00:00,0.675
2026-07-27 11:26:19+00:00,0.675
2026-07-27 11:27:07+00:00,0.675
2026-07-27 11:28:22+00:00,0.675
2026-07-27 11:29:06+00:00,0.675
2026-07-27 11:30:30+00:00,0.675
2026-07-27 11:31:06+00:00,0.675
2026-07-27 11:32:07+00:00,0.675
2026-07-27 11:33:07+00:00,0.675
2026-07-27 11:34:12+00:00,0.675
2026-07-27 11:35:09+00:00,0.675
2026-07-27 11:36:06+00:00,0.675
2026-07-27 11:37:05+00:00,0.675
2026-07-27 11:38:07+00:00,0.675
2026-07-27 11:39:07+00:00,0.675
2026-07-27 11:40:06+00:00,0.675
2026-07-27 11:41:05+00:00,0.675
2026-07-27 11:42:05+00:00,0.675
2026-07-27 11:43:07+00:00,0.675
2026-07-27 11:44:07+00:00,0.675
2026-07-27 11:45:06+00:00,0.675
2026-07-27 11:46:06+00:00,0.675
2026-07-27 11:47:05+00:00,0.675
2026-07-27 11:48:07+00:00,0.675
2026-07-27 11:49:07+00:00,0.675
2026-07-27 11:50:06+00:00,0.675
2026-07-27 11:51:05+00:00,0.675
2026-07-27 11:52:06+00:00,0.675
2026-07-27 11:53:07+00:00,0.675
2026-07-27 11:54:06+00:00,0.675
2026-07-27 11:55:06+00:00,0.675
2026-07-27 11:56:06+00:00,0.675
2026-07-27 11:57:05+00:00,0.7
2026-07-27 11:58:07+00:00,0.7
2026-07-27 11:59:05+00:00,0.7
2026-07-27 12:00:48+00:00,0.7
2026-07-27 12:01:17+00:00,0.7
2026-07-27 12:02:06+00:00,0.7
2026-07-27 12:03:20+00:00,0.7
2026-07-27 12:04:05+00:00,0.7
2026-07-27 12:05:05+00:00,0.7
2026-07-27 12:06:06+00:00,0.7
2026-07-27 12:07:06+00:00,0.7
2026-07-27 12:08:18+00:00,0.7
2026-07-27 12:09:07+00:00,0.7
2026-07-27 12:10:06+00:00,0.7
2026-07-27 12:11:06+00:00,0.7
2026-07-27 12:12:06+00:00,0.7
2026-07-27 12:13:05+00:00,0.7
2026-07-27 12:14:07+00:00,0.7
2026-07-27 12:15:06+00:00,0.7
2026-07-27 12:16:05+00:00,0.7
2026-07-27 12:17:06+00:00,0.7
2026-07-27 12:18:21+00:00,0.7
2026-07-27 12:19:05+00:00,0.7
2026-07-27 12:20:25+00:00,0.7
2026-07-27 12:21:05+00:00,0.7
2026-07-27 12:22:06+00:00,0.7
2026-07-27 12:23:07+00:00,0.7
2026-07-27 12:24:07+00:00,0.7
2026-07-27 12:25:06+00:00,0.7
2026-07-27 12:26:11+00:00,0.7
2026-07-27 12:27:05+00:00,0.7
2026-07-27 12:28:09+00:00,0.7
2026-07-27 12:29:05+00:00,0.7
2026-07-27 12:30:31+00:00,0.7
2026-07-27 12:31:05+00:00,0.7
2026-07-27 12:32:07+00:00,0.7
2026-07-27 12:33:06+00:00,0.7
2026-07-27 12:34:05+00:00,0.7
2026-07-27 12:35:07+00:00,0.7
2026-07-27 12:36:06+00:00,0.7
2026-07-27 12:37:05+00:00,0.7
2026-07-27 12:38:07+00:00,0.7
2026-07-27 12:39:07+00:00,0.7
2026-07-27 12:40:06+00:00,0.7
2026-07-27 12:41:06+00:00,0.7
2026-07-27 12:42:06+00:00,0.7
2026-07-27 12:43:07+00:00,0.7
2026-07-27 12:44:06+00:00,0.7
2026-07-27 12:45:06+00:00,0.7
2026-07-27 12:46:07+00:00,0.7
2026-07-27 12:47:07+00:00,0.7
2026-07-27 12:48:07+00:00,0.7
2026-07-27 12:49:06+00:00,0.7
2026-07-27 12:50:06+00:00,0.705
2026-07-27 12:51:05+00:00,0.72
2026-07-27 12:52:11+00:00,0.725
2026-07-27 12:53:06+00:00,0.725
2026-07-27 12:54:07+00:00,0.725
2026-07-27 12:55:07+00:00,0.725
2026-07-27 12:56:06+00:00,0.725
2026-07-27 12:57:07+00:00,0.725
2026-07-27 12:58:07+00:00,0.725
2026-07-27 12:59:06+00:00,0.725
2026-07-27 13:00:31+00:00,0.725
2026-07-27 13:01:06+00:00,0.725
2026-07-27 13:02:06+00:00,0.725
2026-07-27 13:03:07+00:00,0.73
2026-07-27 13:04:06+00:00,0.73
2026-07-27 13:05:06+00:00,0.73
2026-07-27 13:06:07+00:00,0.73
2026-07-27 13:07:07+00:00,0.73
2026-07-27 13:08:07+00:00,0.73
2026-07-27 13:09:07+00:00,0.73
2026-07-27 13:10:07+00:00,0.775
2026-07-27 13:11:06+00:00,0.78
2026-07-27 13:12:06+00:00,0.78
2026-07-27 13:13:07+00:00,0.78
2026-07-27 13:14:07+00:00,0.78
2026-07-27 13:15:06+00:00,0.775
2026-07-27 13:16:07+00:00,0.775
2026-07-27 13:17:05+00:00,0.775
2026-07-27 13:18:12+00:00,0.775
2026-07-27 13:19:05+00:00,0.78
2026-07-27 13:20:09+00:00,0.78
2026-07-27 13:21:05+00:00,0.78
2026-07-27 13:22:06+00:00,0.78
2026-07-27 13:23:07+00:00,0.78
2026-07-27 13:24:06+00:00,0.78
2026-07-27 13:25:05+00:00,0.78
2026-07-27 13:26:06+00:00,0.78
2026-07-27 13:27:05+00:00,0.78
2026-07-27 13:28:07+00:00,0.78
2026-07-27 13:29:06+00:00,0.78
2026-07-27 13:30:30+00:00,0.78
2026-07-27 13:31:07+00:00,0.78
2026-07-27 13:32:11+00:00,0.78
2026-07-27 13:33:11+00:00,0.78
2026-07-27 13:34:22+00:00,0.78
2026-07-27 13:35:08+00:00,0.78
2026-07-27 13:36:07+00:00,0.78
2026-07-27 13:37:05+00:00,0.78
2026-07-27 13:38:07+00:00,0.78
2026-07-27 13:39:07+00:00,0.78
2026-07-27 13:40:06+00:00,0.78
2026-07-27 13:41:05+00:00,0.78
2026-07-27 13:42:05+00:00,0.78
2026-07-27 13:43:07+00:00,0.78
2026-07-27 13:44:06+00:00,0.78
2026-07-27 13:45:08+00:00,0.78
2026-07-27 13:46:08+00:00,0.78
2026-07-27 13:47:07+00:00,0.78
2026-07-27 13:48:07+00:00,0.78
2026-07-27 13:49:07+00:00,0.78
2026-07-27 13:50:07+00:00,0.78
2026-07-27 13:51:07+00:00,0.78
2026-07-27 13:52:06+00:00,0.78
2026-07-27 13:53:21+00:00,0.78
2026-07-27 13:54:07+00:00,0.78
2026-07-27 13:55:08+00:00,0.78
2026-07-27 13:56:08+00:00,0.78
2026-07-27 13:57:05+00:00,0.78
2026-07-27 13:58:21+00:00,0.78
2026-07-27 13:59:10+00:00,0.78
2026-07-27 14:00:29+00:00,0.78
2026-07-27 14:01:05+00:00,0.78
2026-07-27 14:02:06+00:00,0.78
2026-07-27 14:03:07+00:00,0.78
2026-07-27 14:04:07+00:00,0.78
2026-07-27 14:05:06+00:00,0.785
2026-07-27 14:06:06+00:00,0.785
2026-07-27 14:07:07+00:00,0.785
2026-07-27 14:08:07+00:00,0.785
2026-07-27 14:09:21+00:00,0.785
2026-07-27 14:10:08+00:00,0.785
2026-07-27 14:11:06+00:00,0.785
2026-07-27 14:12:06+00:00,0.785
2026-07-27 14:13:07+00:00,0.785
2026-07-27 14:14:08+00:00,0.785
2026-07-27 14:15:08+00:00,0.785
2026-07-27 14:16:08+00:00,0.79
2026-07-27 14:17:07+00:00,0.79
2026-07-27 14:18:08+00:00,0.79
2026-07-27 14:19:07+00:00,0.79
2026-07-27 14:20:08+00:00,0.79
2026-07-27 14:21:07+00:00,0.79
2026-07-27 14:22:08+00:00,0.79
2026-07-27 14:23:07+00:00,0.79
2026-07-27 14:24:06+00:00,0.79
2026-07-27 14:25:13+00:00,0.79
2026-07-27 14:26:08+00:00,0.79
2026-07-27 14:27:07+00:00,0.79
2026-07-27 14:28:07+00:00,0.79
2026-07-27 14:29:07+00:00,0.79
2026-07-27 14:30:31+00:00,0.79
2026-07-27 14:31:06+00:00,0.79
2026-07-27 14:32:08+00:00,0.79
2026-07-27 14:33:07+00:00,0.79
2026-07-27 14:34:15+00:00,0.79
2026-07-27 14:35:07+00:00,0.79
2026-07-27 14:36:06+00:00,0.79
2026-07-27 14:37:09+00:00,0.79
2026-07-27 14:38:07+00:00,0.79
2026-07-27 14:39:07+00:00,0.79
2026-07-27 14:40:09+00:00,0.79
2026-07-27 14:41:07+00:00,0.79
2026-07-27 14:42:07+00:00,0.79
2026-07-27 14:43:07+00:00,0.79
2026-07-27 14:44:07+00:00,0.79
2026-07-27 14:45:07+00:00,0.79
2026-07-27 14:46:08+00:00,0.79
2026-07-27 14:47:05+00:00,0.79
2026-07-27 14:48:07+00:00,0.79
2026-07-27 14:49:05+00:00,0.79
2026-07-27 14:50:08+00:00,0.79
2026-07-27 14:51:05+00:00,0.79
2026-07-27 14:52:05+00:00,0.79
2026-07-27 14:53:07+00:00,0.79
2026-07-27 14:54:25+00:00,0.79
2026-07-27 14:55:06+00:00,0.79
2026-07-27 14:56:06+00:00,0.79
2026-07-27 14:57:07+00:00,0.79
2026-07-27 14:58:08+00:00,0.79
2026-07-27 14:59:06+00:00,0.79
2026-07-27 15:00:41+00:00,0.79
2026-07-27 15:01:13+00:00,0.79
2026-07-27 15:02:06+00:00,0.79
2026-07-27 15:03:11+00:00,0.795
2026-07-27 15:04:06+00:00,0.795
2026-07-27 15:05:06+00:00,0.795
2026-07-27 15:06:06+00:00,0.795
2026-07-27 15:07:05+00:00,0.795
2026-07-27 15:08:08+00:00,0.795
2026-07-27 15:09:07+00:00,0.795
2026-07-27 15:10:08+00:00,0.795
2026-07-27 15:11:06+00:00,0.795
2026-07-27 15:12:06+00:00,0.795
2026-07-27 15:13:07+00:00,0.795
2026-07-27 15:14:06+00:00,0.795
2026-07-27 15:15:06+00:00,0.795
2026-07-27 15:16:07+00:00,0.795
2026-07-27 15:17:07+00:00,0.795
2026-07-27 15:18:07+00:00,0.795
2026-07-27 15:19:07+00:00,0.795
2026-07-27 15:20:14+00:00,0.795
2026-07-27 15:21:06+00:00,0.795
2026-07-27 15:22:07+00:00,0.795
2026-07-27 15:23:05+00:00,0.795
2026-07-27 15:24:07+00:00,0.795
2026-07-27 15:25:08+00:00,0.795
2026-07-27 15:26:07+00:00,0.795
2026-07-27 15:27:07+00:00,0.795
2026-07-27 15:28:08+00:00,0.795
2026-07-27 15:29:07+00:00,0.795
2026-07-27 15:30:36+00:00,0.795
2026-07-27 15:31:07+00:00,0.795
2026-07-27 15:32:09+00:00,0.795
2026-07-27 15:33:07+00:00,0.795
2026-07-27 15:34:07+00:00,0.805
2026-07-27 15:35:08+00:00,0.805
2026-07-27 15:36:07+00:00,0.805
2026-07-27 15:37:07+00:00,0.805
2026-07-27 15:38:07+00:00,0.805
2026-07-27 15:39:07+00:00,0.805
2026-07-27 15:40:08+00:00,0.805
2026-07-27 15:41:07+00:00,0.805
2026-07-27 15:42:06+00:00,0.805
2026-07-27 15:43:07+00:00,0.805
2026-07-27 15:44:08+00:00,0.805
2026-07-27 15:45:07+00:00,0.805
2026-07-27 15:46:26+00:00,0.805
2026-07-27 15:47:08+00:00,0.805
2026-07-27 15:48:07+00:00,0.805
2026-07-27 15:49:07+00:00,0.805
2026-07-27 15:50:09+00:00,0.82
2026-07-27 15:51:07+00:00,0.82
2026-07-27 15:52:06+00:00,0.82
2026-07-27 15:53:07+00:00,0.82
2026-07-27 15:54:10+00:00,0.82
2026-07-27 15:55:09+00:00,0.82
2026-07-27 15:56:08+00:00,0.82
2026-07-27 15:57:07+00:00,0.82
2026-07-27 15:58:09+00:00,0.82
2026-07-27 15:59:05+00:00,0.825
2026-07-27 16:00:29+00:00,0.825
2026-07-27 16:01:08+00:00,0.825
2026-07-27 16:02:07+00:00,0.825
2026-07-27 16:03:07+00:00,0.825
2026-07-27 16:04:06+00:00,0.825
2026-07-27 16:05:06+00:00,0.825
2026-07-27 16:06:06+00:00,0.825
2026-07-27 16:07:07+00:00,0.825
2026-07-27 16:08:07+00:00,0.825
2026-07-27 16:09:07+00:00,0.825
2026-07-27 16:10:06+00:00,0.825
2026-07-27 16:11:06+00:00,0.825
2026-07-27 16:12:05+00:00,0.825
2026-07-27 16:13:07+00:00,0.825
2026-07-27 16:14:07+00:00,0.825
2026-07-27 16:15:07+00:00,0.825
2026-07-27 16:16:06+00:00,0.825
2026-07-27 16:17:07+00:00,0.825
2026-07-27 16:18:07+00:00,0.825
2026-07-27 16:19:05+00:00,0.825
2026-07-27 16:20:13+00:00,0.825
2026-07-27 16:21:07+00:00,0.825
2026-07-27 16:22:08+00:00,0.825
2026-07-27 16:23:07+00:00,0.825
2026-07-27 16:24:07+00:00,0.825
2026-07-27 16:25:06+00:00,0.825
2026-07-27 16:26:06+00:00,0.825
2026-07-27 16:27:05+00:00,0.825
2026-07-27 16:28:08+00:00,0.825
2026-07-27 16:29:07+00:00,0.825
2026-07-27 16:30:25+00:00,0.825
2026-07-27 16:31:08+00:00,0.825
2026-07-27 16:32:13+00:00,0.825
2026-07-27 16:33:07+00:00,0.825
2026-07-27 16:34:07+00:00,0.825
2026-07-27 16:35:07+00:00,0.825
2026-07-27 16:36:06+00:00,0.825
2026-07-27 16:37:05+00:00,0.825
2026-07-27 16:38:07+00:00,0.825
2026-07-27 16:39:05+00:00,0.825
2026-07-27 16:40:06+00:00,0.825
2026-07-27 16:41:06+00:00,0.825
2026-07-27 16:42:07+00:00,0.825
2026-07-27 16:43:07+00:00,0.825
2026-07-27 16:44:09+00:00,0.825
2026-07-27 16:45:06+00:00,0.825
2026-07-27 16:46:07+00:00,0.825
2026-07-27 16:47:19+00:00,0.825
2026-07-27 16:48:08+00:00,0.825
2026-07-27 16:49:05+00:00,0.825
2026-07-27 16:50:06+00:00,0.825
2026-07-27 16:51:05+00:00,0.825
2026-07-27 16:52:06+00:00,0.825
2026-07-27 16:53:07+00:00,0.825
2026-07-27 16:54:07+00:00,0.825
2026-07-27 16:55:06+00:00,0.825
2026-07-27 16:56:05+00:00,0.825
2026-07-27 16:57:05+00:00,0.825
2026-07-27 16:58:13+00:00,0.825
2026-07-27 16:59:07+00:00,0.825
2026-07-27 17:00:38+00:00,0.82
2026-07-27 17:01:07+00:00,0.82
2026-07-27 17:02:06+00:00,0.82
2026-07-27 17:03:07+00:00,0.82
2026-07-27 17:04:06+00:00,0.82
2026-07-27 17:05:06+00:00,0.82
2026-07-27 17:06:06+00:00,0.82
2026-07-27 17:07:05+00:00,0.82
2026-07-27 17:08:06+00:00,0.82
2026-07-27 17:09:05+00:00,0.82
2026-07-27 17:10:08+00:00,0.82
2026-07-27 17:11:05+00:00,0.82
2026-07-27 17:12:06+00:00,0.82
2026-07-27 17:13:07+00:00,0.82
2026-07-27 17:14:05+00:00,0.83
2026-07-27 17:15:18+00:00,0.84
2026-07-27 17:16:06+00:00,0.84
2026-07-27 17:17:19+00:00,0.84
2026-07-27 17:18:07+00:00,0.84
2026-07-27 17:19:07+00:00,0.84
2026-07-27 17:20:09+00:00,0.84
2026-07-27 17:21:05+00:00,0.84
2026-07-27 17:22:08+00:00,0.845
2026-07-27 17:23:07+00:00,0.845
2026-07-27 17:24:12+00:00,0.845
2026-07-27 17:25:07+00:00,0.845
2026-07-27 17:26:06+00:00,0.845
2026-07-27 17:27:07+00:00,0.845
2026-07-27 17:28:08+00:00,0.845
2026-07-27 17:29:05+00:00,0.845
2026-07-27 17:30:18+00:00,0.845
2026-07-27 17:31:07+00:00,0.845
2026-07-27 17:32:07+00:00,0.845
2026-07-27 17:33:07+00:00,0.845
2026-07-27 17:34:08+00:00,0.845
2026-07-27 17:35:08+00:00,0.845
2026-07-27 17:36:06+00:00,0.845
2026-07-27 17:37:06+00:00,0.845
2026-07-27 17:38:08+00:00,0.845
2026-07-27 17:39:07+00:00,0.845
2026-07-27 17:40:06+00:00,0.845
2026-07-27 17:41:05+00:00,0.845
2026-07-27 17:42:20+00:00,0.845
2026-07-27 17:43:07+00:00,0.845
2026-07-27 17:44:08+00:00,0.845
2026-07-27 17:45:06+00:00,0.845
2026-07-27 17:46:07+00:00,0.845
2026-07-27 17:47:07+00:00,0.845
2026-07-27 17:48:19+00:00,0.845
2026-07-27 17:49:17+00:00,0.845
2026-07-27 17:50:12+00:00,0.845
2026-07-27 17:51:06+00:00,0.845
2026-07-27 17:52:05+00:00,0.845
2026-07-27 17:53:20+00:00,0.86
2026-07-27 17:54:07+00:00,0.855
2026-07-27 17:55:06+00:00,0.855
2026-07-27 17:56:08+00:00,0.855
2026-07-27 17:57:07+00:00,0.85
2026-07-27 17:58:07+00:00,0.85
2026-07-27 17:59:08+00:00,0.85
2026-07-27 18:00:37+00:00,0.85
2026-07-27 18:01:07+00:00,0.86
2026-07-27 18:02:07+00:00,0.85
2026-07-27 18:03:07+00:00,0.86
2026-07-27 18:04:07+00:00,0.86
2026-07-27 18:05:07+00:00,0.86
2026-07-27 18:06:18+00:00,0.86
2026-07-27 18:07:19+00:00,0.86
2026-07-27 18:08:07+00:00,0.86
2026-07-27 18:09:06+00:00,0.86
2026-07-27 18:10:07+00:00,0.86
2026-07-27 18:11:06+00:00,0.86
2026-07-27 18:12:21+00:00,0.86
2026-07-27 18:13:07+00:00,0.86
2026-07-27 18:14:06+00:00,0.86
2026-07-27 18:15:06+00:00,0.85
2026-07-27 18:16:24+00:00,0.85
2026-07-27 18:17:06+00:00,0.85
2026-07-27 18:18:05+00:00,0.85
2026-07-27 18:19:07+00:00,0.85
2026-07-27 18:20:09+00:00,0.85
2026-07-27 18:21:05+00:00,0.85
2026-07-27 18:22:06+00:00,0.85
2026-07-27 18:23:07+00:00,0.85
2026-07-27 18:24:10+00:00,0.855
2026-07-27 18:25:07+00:00,0.875
2026-07-27 18:26:23+00:00,0.875
2026-07-27 18:27:23+00:00,0.875
2026-07-27 18:28:08+00:00,0.875
2026-07-27 18:29:06+00:00,0.875
2026-07-27 18:30:34+00:00,0.875
2026-07-27 18:31:06+00:00,0.875
2026-07-27 18:32:08+00:00,0.875
2026-07-27 18:33:22+00:00,0.875
2026-07-27 18:34:07+00:00,0.875
2026-07-27 18:35:07+00:00,0.875
2026-07-27 18:36:08+00:00,0.875
2026-07-27 18:37:09+00:00,0.875
2026-07-27 18:38:07+00:00,0.875
2026-07-27 18:39:07+00:00,0.875
2026-07-27 18:40:33+00:00,0.875
2026-07-27 18:41:07+00:00,0.875
2026-07-27 18:42:13+00:00,0.875
2026-07-27 18:43:07+00:00,0.875
2026-07-27 18:44:10+00:00,0.875
2026-07-27 18:45:08+00:00,0.875
2026-07-27 18:46:06+00:00,0.875
2026-07-27 18:47:20+00:00,0.89
2026-07-27 18:48:07+00:00,0.89
2026-07-27 18:49:05+00:00,0.89
2026-07-27 18:50:22+00:00,0.885
2026-07-27 18:51:06+00:00,0.885
2026-07-27 18:52:06+00:00,0.885
2026-07-27 18:53:06+00:00,0.885
2026-07-27 18:54:08+00:00,0.885
2026-07-27 18:55:09+00:00,0.885
2026-07-27 18:56:07+00:00,0.885
2026-07-27 18:57:08+00:00,0.885
2026-07-27 18:58:08+00:00,0.885
2026-07-27 18:59:08+00:00,0.885
2026-07-27 19:00:36+00:00,0.89
2026-07-27 19:01:07+00:00,0.89
2026-07-27 19:02:10+00:00,0.89
2026-07-27 19:03:07+00:00,0.89
2026-07-27 19:04:06+00:00,0.875
2026-07-27 19:05:07+00:00,0.875
2026-07-27 19:06:06+00:00,0.875
2026-07-27 19:07:06+00:00,0.875
2026-07-27 19:08:07+00:00,0.875
2026-07-27 19:09:07+00:00,0.875
2026-07-27 19:10:09+00:00,0.875
2026-07-27 19:11:20+00:00,0.895
2026-07-27 19:12:09+00:00,0.895
2026-07-27 19:13:07+00:00,0.895
2026-07-27 19:14:23+00:00,0.895
2026-07-27 19:15:18+00:00,0.895
2026-07-27 19:16:20+00:00,0.895
2026-07-27 19:17:06+00:00,0.895
2026-07-27 19:18:08+00:00,0.895
2026-07-27 19:19:05+00:00,0.895
2026-07-27 19:20:16+00:00,0.935
2026-07-27 19:21:05+00:00,0.935
2026-07-27 19:22:05+00:00,0.935
2026-07-27 19:23:19+00:00,0.935
2026-07-27 19:24:06+00:00,0.935
2026-07-27 19:25:08+00:00,0.93
2026-07-27 19:26:14+00:00,0.94
2026-07-27 19:27:07+00:00,0.94
2026-07-27 19:28:07+00:00,0.94
2026-07-27 19:29:05+00:00,0.94
2026-07-27 19:30:29+00:00,0.94
2026-07-27 19:31:18+00:00,0.94
2026-07-27 19:32:08+00:00,0.87
2026-07-27 19:33:07+00:00,0.87
2026-07-27 19:34:06+00:00,0.87
2026-07-27 19:35:07+00:00,0.995
2026-07-27 19:36:06+00:00,0.995
2026-07-27 19:37:08+00:00,0.9945
2026-07-27 19:38:08+00:00,0.9955
2026-07-27 19:39:07+00:00,0.996
2026-07-27 19:40:07+00:00,0.996
2026-07-27 19:41:17+00:00,0.996
2026-07-27 19:42:06+00:00,0.996
2026-07-27 19:43:07+00:00,0.996
2026-07-27 19:44:08+00:00,0.9965
2026-07-27 19:45:07+00:00,0.9965
2026-07-27 19:46:14+00:00,0.997
2026-07-27 19:47:06+00:00,0.9975
2026-07-27 19:48:07+00:00,0.998
2026-07-27 19:49:06+00:00,0.998
2026-07-27 19:50:10+00:00,0.998
2026-07-27 19:51:10+00:00,0.998
2026-07-27 19:52:06+00:00,0.998
2026-07-27 19:53:07+00:00,0.998
2026-07-27 19:54:21+00:00,0.998
2026-07-27 19:55:09+00:00,0.998
2026-07-27 19:56:07+00:00,0.998
2026-07-27 19:57:08+00:00,0.998
2026-07-27 19:58:09+00:00,0.998
2026-07-27 19:59:08+00:00,0.998
2026-07-27 20:00:37+00:00,0.9985
2026-07-27 20:01:19+00:00,0.999
2026-07-27 20:02:06+00:00,0.9995
2026-07-27 20:03:07+00:00,0.9995
2026-07-27 20:04:05+00:00,0.9995
2026-07-27 20:05:07+00:00,0.9995
2026-07-27 20:06:05+00:00,0.9995
2026-07-27 20:07:18+00:00,0.9995
2026-07-27 20:08:08+00:00,0.9995
2026-07-27 20:09:07+00:00,0.9995
2026-07-27 20:10:09+00:00,0.9995
2026-07-27 20:11:22+00:00,0.9995
2026-07-27 20:12:07+00:00,0.9995
2026-07-27 20:13:08+00:00,0.9995
2026-07-27 20:14:26+00:00,0.9995
2026-07-27 20:15:10+00:00,0.9995
2026-07-27 20:16:06+00:00,0.9995
2026-07-27 20:17:06+00:00,0.9995
2026-07-27 20:18:07+00:00,0.9995
2026-07-27 20:19:08+00:00,0.9995
2026-07-27 20:20:07+00:00,0.9995
2026-07-27 20:21:06+00:00,0.9995
2026-07-27 20:22:07+00:00,0.9995
2026-07-27 20:23:07+00:00,0.9995
2026-07-27 20:24:21+00:00,0.9995
2026-07-27 20:25:07+00:00,0.9995
2026-07-27 20:26:06+00:00,0.9995
2026-07-27 20:27:06+00:00,0.9995
2026-07-27 20:28:05+00:00,0.9995
2026-07-27 20:29:08+00:00,0.9995
2026-07-27 20:30:33+00:00,0.9995
2026-07-27 20:31:06+00:00,0.9995
2026-07-27 20:32:07+00:00,0.9995
2026-07-27 20:33:18+00:00,0.9995
2026-07-27 20:34:07+00:00,0.9995
2026-07-27 20:35:07+00:00,0.9995
2026-07-27 20:36:06+00:00,0.9995
2026-07-27 20:37:06+00:00,0.9995
2026-07-27 20:38:08+00:00,0.9995
2026-07-27 20:39:08+00:00,0.9995
2026-07-27 20:40:12+00:00,0.9995
2026-07-27 20:41:05+00:00,0.9995
2026-07-27 20:42:06+00:00,0.9995
2026-07-27 20:43:08+00:00,0.9995
2026-07-27 20:44:08+00:00,0.9995
2026-07-27 20:45:06+00:00,0.9995
2026-07-27 20:46:05+00:00,0.9995
2026-07-27 20:47:06+00:00,0.9995
2026-07-27 20:48:08+00:00,0.9995
2026-07-27 20:49:07+00:00,0.9995
2026-07-27 20:50:09+00:00,0.9995
2026-07-27 20:51:05+00:00,0.9995
2026-07-27 20:52:06+00:00,0.9995
2026-07-27 20:53:07+00:00,0.9995
2026-07-27 20:54:05+00:00,0.9995
2026-07-27 20:55:06+00:00,0.9995
2026-07-27 20:56:08+00:00,0.9995
2026-07-27 20:57:07+00:00,0.9995
2026-07-27 20:58:23+00:00,0.9995
2026-07-27 20:59:06+00:00,0.9995
2026-07-27 21:00:34+00:00,0.9995
2026-07-27 21:01:09+00:00,0.9995
2026-07-27 21:02:09+00:00,0.9995
2026-07-27 21:03:07+00:00,0.9995
2026-07-27 21:04:07+00:00,0.9995
2026-07-27 21:05:07+00:00,0.9995
2026-07-27 21:06:11+00:00,0.9995
2026-07-27 21:07:05+00:00,0.9995
2026-07-27 21:08:07+00:00,0.9995
2026-07-27 21:09:07+00:00,0.9995
2026-07-27 21:10:07+00:00,0.9995
2026-07-27 21:11:06+00:00,0.9995
2026-07-27 21:12:06+00:00,0.9995
2026-07-27 21:13:08+00:00,0.9995
2026-07-27 21:14:06+00:00,0.9995
2026-07-27 21:15:06+00:00,0.9995
2026-07-27 21:16:08+00:00,0.9995
2026-07-27 21:17:08+00:00,0.9995
2026-07-27 21:18:08+00:00,0.9995
2026-07-27 21:19:07+00:00,0.9995
2026-07-27 21:20:09+00:00,0.9995
2026-07-27 21:21:05+00:00,0.9995
2026-07-27 21:22:05+00:00,0.9995
2026-07-27 21:23:07+00:00,0.9995
2026-07-27 21:24:07+00:00,0.9995
2026-07-27 21:25:07+00:00,0.9995
2026-07-27 21:26:18+00:00,0.9995
2026-07-27 21:27:05+00:00,0.9995
2026-07-27 21:28:07+00:00,0.9995
2026-07-27 21:29:07+00:00,0.9995
2026-07-27 21:30:26+00:00,0.9995
2026-07-27 21:31:22+00:00,0.9995
2026-07-27 21:32:14+00:00,0.9995
2026-07-27 21:33:08+00:00,0.9995
2026-07-27 21:34:07+00:00,0.9995
2026-07-27 21:35:09+00:00,0.9995
