timestamp,price
2026-08-25 20:25:14+00:00,0.58
2026-08-25 20:26:13+00:00,0.58
2026-08-25 20:27:13+00:00,0.58
2026-08-25 20:28:13+00:00,0.58
2026-08-25 20:29:12+00:00,0.58
2026-08-25 20:30:10+00:00,0.58
2026-08-25 20:31:13+00:00,0.58
2026-08-25 20:32:12+00:00,0.575
2026-08-25 20:33:13+00:00,0.575
2026-08-25 20:34:13+00:00,0.575
2026-08-25 20:35:13+00:00,0.575
2026-08-25 20:36:26+00:00,0.575
2026-08-25 20:37:12+00:00,0.575
2026-08-25 20:38:13+00:00,0.575
2026-08-25 20:39:26+00:00,0.575
2026-08-25 20:40:14+00:00,0.575
2026-08-25 20:41:12+00:00,0.575
2026-08-25 20:42:24+00:00,0.575
2026-08-25 20:43:13+00:00,0.575
2026-08-25 20:44:13+00:00,0.575
2026-08-25 20:45:13+00:00,0.575
2026-08-25 20:46:09+00:00,0.575
2026-08-25 20:47:09+00:00,0.575
2026-08-25 20:48:12+00:00,0.575
2026-08-25 20:49:13+00:00,0.575
2026-08-25 20:50:23+00:00,0.575
2026-08-25 20:51:13+00:00,0.575
2026-08-25 20:52:13+00:00,0.575
2026-08-25 20:53:24+00:00,0.575
2026-08-25 20:54:24+00:00,0.575
2026-08-25 20:55:10+00:00,0.575
2026-08-25 20:56:13+00:00,0.575
2026-08-25 20:57:28+00:00,0.575
2026-08-25 20:58:29+00:00,0.575
2026-08-25 20:59:09+00:00,0.575
2026-08-25 21:00:15+00:00,0.575
2026-08-25 21:01:13+00:00,0.575
2026-08-25 21:02:12+00:00,0.575
2026-08-25 21:03:27+00:00,0.575
2026-08-25 21:04:12+00:00,0.575
2026-08-25 21:05:13+00:00,0.575
2026-08-25 21:06:09+00:00,0.575
2026-08-25 21:07:09+00:00,0.575
2026-08-25 21:08:13+00:00,0.6
2026-08-25 21:09:13+00:00,0.615
2026-08-25 21:10:27+00:00,0.62
2026-08-25 21:11:11+00:00,0.62
2026-08-25 21:12:10+00:00,0.62
2026-08-25 21:13:09+00:00,0.625
2026-08-25 21:14:13+00:00,0.635
2026-08-25 21:15:10+00:00,0.63
2026-08-25 21:16:13+00:00,0.64
2026-08-25 21:17:13+00:00,0.625
2026-08-25 21:18:13+00:00,0.625
2026-08-25 21:19:13+00:00,0.625
2026-08-25 21:20:29+00:00,0.625
2026-08-25 21:21:09+00:00,0.625
2026-08-25 21:22:10+00:00,0.625
2026-08-25 21:23:12+00:00,0.625
2026-08-25 21:24:15+00:00,0.625
2026-08-25 21:25:13+00:00,0.63
2026-08-25 21:26:13+00:00,0.63
2026-08-25 21:27:13+00:00,0.63
2026-08-25 21:28:12+00:00,0.63
2026-08-25 21:29:13+00:00,0.63
2026-08-25 21:30:15+00:00,0.63
2026-08-25 21:31:14+00:00,0.635
2026-08-25 21:32:13+00:00,0.64
2026-08-25 21:33:13+00:00,0.64
2026-08-25 21:34:12+00:00,0.64
2026-08-25 21:35:13+00:00,0.64
2026-08-25 21:36:14+00:00,0.64
2026-08-25 21:37:12+00:00,0.635
2026-08-25 21:38:14+00:00,0.64
2026-08-25 21:39:13+00:00,0.64
2026-08-25 21:40:14+00:00,0.63
2026-08-25 21:41:13+00:00,0.62
2026-08-25 21:42:10+00:00,0.62
2026-08-25 21:43:13+00:00,0.62
2026-08-25 21:44:26+00:00,0.625
2026-08-25 21:45:14+00:00,0.62
2026-08-25 21:46:12+00:00,0.61
2026-08-25 21:47:28+00:00,0.61
2026-08-25 21:48:13+00:00,0.61
2026-08-25 21:49:13+00:00,0.615
2026-08-25 21:50:14+00:00,0.625
2026-08-25 21:51:09+00:00,0.615
2026-08-25 21:52:13+00:00,0.615
2026-08-25 21:53:13+00:00,0.61
2026-08-25 21:54:13+00:00,0.61
2026-08-25 21:55:13+00:00,0.61
2026-08-25 21:56:28+00:00,0.605
2026-08-25 21:57:13+00:00,0.605
2026-08-25 21:58:12+00:00,0.605
2026-08-25 21:59:13+00:00,0.61
2026-08-25 22:00:13+00:00,0.61
2026-08-25 22:01:13+00:00,0.61
2026-08-25 22:02:13+00:00,0.615
2026-08-25 22:03:16+00:00,0.61
2026-08-25 22:04:12+00:00,0.61
2026-08-25 22:05:13+00:00,0.61
2026-08-25 22:06:12+00:00,0.61
2026-08-25 22:07:12+00:00,0.61
2026-08-25 22:08:14+00:00,0.61
2026-08-25 22:09:13+00:00,0.61
2026-08-25 22:10:12+00:00,0.61
2026-08-25 22:11:13+00:00,0.615
2026-08-25 22:12:28+00:00,0.61
2026-08-25 22:13:13+00:00,0.61
2026-08-25 22:14:13+00:00,0.6
2026-08-25 22:15:13+00:00,0.59
2026-08-25 22:16:16+00:00,0.59
2026-08-25 22:17:13+00:00,0.59
2026-08-25 22:18:13+00:00,0.59
2026-08-25 22:19:13+00:00,0.59
2026-08-25 22:20:11+00:00,0.585
2026-08-25 22:21:09+00:00,0.585
2026-08-25 22:22:09+00:00,0.585
2026-08-25 22:23:26+00:00,0.585
2026-08-25 22:24:13+00:00,0.585
2026-08-25 22:25:14+00:00,0.585
2026-08-25 22:26:13+00:00,0.585
2026-08-25 22:27:09+00:00,0.585
2026-08-25 22:28:12+00:00,0.59
2026-08-25 22:29:16+00:00,0.59
2026-08-25 22:30:15+00:00,0.59
2026-08-25 22:31:12+00:00,0.59
2026-08-25 22:32:09+00:00,0.59
2026-08-25 22:33:13+00:00,0.59
2026-08-25 22:34:16+00:00,0.595
2026-08-25 22:35:14+00:00,0.595
2026-08-25 22:36:13+00:00,0.595
2026-08-25 22:37:13+00:00,0.595
2026-08-25 22:38:13+00:00,0.595
2026-08-25 22:39:26+00:00,0.595
2026-08-25 22:40:10+00:00,0.595
2026-08-25 22:41:09+00:00,0.595
2026-08-25 22:42:09+00:00,0.595
2026-08-25 22:43:12+00:00,0.595
2026-08-25 22:44:13+00:00,0.595
2026-08-25 22:45:14+00:00,0.595
2026-08-25 22:46:12+00:00,0.595
2026-08-25 22:47:26+00:00,0.595
2026-08-25 22:48:12+00:00,0.595
2026-08-25 22:49:13+00:00,0.595
2026-08-25 22:50:16+00:00,0.595
2026-08-25 22:51:23+00:00,0.595
2026-08-25 22:52:13+00:00,0.595
2026-08-25 22:53:13+00:00,0.595
2026-08-25 22:54:13+00:00,0.595
2026-08-25 22:55:13+00:00,0.595
2026-08-25 22:56:13+00:00,0.595
2026-08-25 22:57:09+00:00,0.595
2026-08-25 22:58:12+00:00,0.595
2026-08-25 22:59:12+00:00,0.595
2026-08-25 23:00:16+00:00,0.59
2026-08-25 23:01:13+00:00,0.59
2026-08-25 23:02:13+00:00,0.59
2026-08-25 23:03:25+00:00,0.59
2026-08-25 23:04:12+00:00,0.59
2026-08-25 23:05:09+00:00,0.59
2026-08-25 23:06:09+00:00,0.585
2026-08-25 23:07:28+00:00,0.585
2026-08-25 23:08:12+00:00,0.585
2026-08-25 23:09:12+00:00,0.585
2026-08-25 23:10:13+00:00,0.585
2026-08-25 23:11:15+00:00,0.585
2026-08-25 23:12:09+00:00,0.585
2026-08-25 23:13:24+00:00,0.585
2026-08-25 23:14:13+00:00,0.585
2026-08-25 23:15:13+00:00,0.585
2026-08-25 23:16:12+00:00,0.585
2026-08-25 23:17:12+00:00,0.585
2026-08-25 23:18:23+00:00,0.585
2026-08-25 23:19:12+00:00,0.585
2026-08-25 23:20:23+00:00,0.585
2026-08-25 23:21:12+00:00,0.585
2026-08-25 23:22:12+00:00,0.585
2026-08-25 23:23:13+00:00,0.585
2026-08-25 23:24:15+00:00,0.585
2026-08-25 23:25:13+00:00,0.585
2026-08-25 23:26:13+00:00,0.585
2026-08-25 23:27:09+00:00,0.585
2026-08-25 23:28:09+00:00,0.585
2026-08-25 23:29:13+00:00,0.585
2026-08-25 23:30:09+00:00,0.585
2026-08-25 23:31:09+00:00,0.585
2026-08-25 23:32:12+00:00,0.585
2026-08-25 23:33:13+00:00,0.585
2026-08-25 23:34:09+00:00,0.585
2026-08-25 23:35:12+00:00,0.585
2026-08-25 23:36:13+00:00,0.585
2026-08-25 23:37:15+00:00,0.585
2026-08-25 23:38:24+00:00,0.585
2026-08-25 23:39:12+00:00,0.585
2026-08-25 23:40:13+00:00,0.585
2026-08-25 23:41:24+00:00,0.585
2026-08-25 23:42:12+00:00,0.585
2026-08-25 23:43:12+00:00,0.59
2026-08-25 23:44:12+00:00,0.59
2026-08-25 23:45:13+00:00,0.59
2026-08-25 23:46:13+00:00,0.59
2026-08-25 23:47:12+00:00,0.59
2026-08-25 23:48:12+00:00,0.59
2026-08-25 23:49:12+00:00,0.59
2026-08-25 23:50:16+00:00,0.59
2026-08-25 23:51:13+00:00,0.59
2026-08-25 23:52:12+00:00,0.59
2026-08-25 23:53:12+00:00,0.59
2026-08-25 23:54:13+00:00,0.59
2026-08-25 23:55:13+00:00,0.59
2026-08-25 23:56:13+00:00,0.59
2026-08-25 23:57:12+00:00,0.59
2026-08-25 23:58:13+00:00,0.59
2026-08-25 23:59:13+00:00,0.59
2026-08-26 00:00:18+00:00,0.59
2026-08-26 00:01:25+00:00,0.59
2026-08-26 00:02:09+00:00,0.59
2026-08-26 00:03:12+00:00,0.59
2026-08-26 00:04:12+00:00,0.59
2026-08-26 00:05:13+00:00,0.59
2026-08-26 00:06:09+00:00,0.59
2026-08-26 00:07:09+00:00,0.59
2026-08-26 00:08:12+00:00,0.59
2026-08-26 00:09:12+00:00,0.59
2026-08-26 00:10:12+00:00,0.59
2026-08-26 00:11:12+00:00,0.59
2026-08-26 00:12:12+00:00,0.59
2026-08-26 00:13:12+00:00,0.59
2026-08-26 00:14:13+00:00,0.59
2026-08-26 00:15:12+00:00,0.59
2026-08-26 00:16:12+00:00,0.59
2026-08-26 00:17:12+00:00,0.59
2026-08-26 00:18:12+00:00,0.59
2026-08-26 00:19:12+00:00,0.59
2026-08-26 00:20:13+00:00,0.59
2026-08-26 00:21:12+00:00,0.59
2026-08-26 00:22:12+00:00,0.59
2026-08-26 00:23:13+00:00,0.59
2026-08-26 00:24:12+00:00,0.59
2026-08-26 00:25:12+00:00,0.59
2026-08-26 00:26:12+00:00,0.59
2026-08-26 00:27:13+00:00,0.59
2026-08-26 00:28:09+00:00,0.59
2026-08-26 00:29:12+00:00,0.59
2026-08-26 00:30:14+00:00,0.59
2026-08-26 00:31:12+00:00,0.59
2026-08-26 00:32:13+00:00,0.59
2026-08-26 00:33:12+00:00,0.59
2026-08-26 00:34:12+00:00,0.59
2026-08-26 00:35:26+00:00,0.59
2026-08-26 00:36:09+00:00,0.59
2026-08-26 00:37:12+00:00,0.59
2026-08-26 00:38:13+00:00,0.59
2026-08-26 00:39:13+00:00,0.59
2026-08-26 00:40:14+00:00,0.59
2026-08-26 00:41:12+00:00,0.59
2026-08-26 00:42:13+00:00,0.59
2026-08-26 00:43:13+00:00,0.59
2026-08-26 00:44:12+00:00,0.59
2026-08-26 00:45:10+00:00,0.59
2026-08-26 00:46:12+00:00,0.59
2026-08-26 00:47:09+00:00,0.59
2026-08-26 00:48:12+00:00,0.59
2026-08-26 00:49:13+00:00,0.59
2026-08-26 00:50:09+00:00,0.59
2026-08-26 00:51:09+00:00,0.605
2026-08-26 00:52:13+00:00,0.6
2026-08-26 00:53:14+00:00,0.6
2026-08-26 00:54:12+00:00,0.61
2026-08-26 00:55:13+00:00,0.61
2026-08-26 00:56:26+00:00,0.625
2026-08-26 00:57:13+00:00,0.62
2026-08-26 00:58:24+00:00,0.62
2026-08-26 00:59:25+00:00,0.63
2026-08-26 01:00:14+00:00,0.63
2026-08-26 01:01:13+00:00,0.62
2026-08-26 01:02:14+00:00,0.62
2026-08-26 01:03:13+00:00,0.62
2026-08-26 01:04:13+00:00,0.62
2026-08-26 01:05:13+00:00,0.62
2026-08-26 01:06:14+00:00,0.605
2026-08-26 01:07:14+00:00,0.605
2026-08-26 01:08:13+00:00,0.605
2026-08-26 01:09:13+00:00,0.605
2026-08-26 01:10:14+00:00,0.605
2026-08-26 01:11:13+00:00,0.605
2026-08-26 01:12:14+00:00,0.605
2026-08-26 01:13:12+00:00,0.605
2026-08-26 01:14:12+00:00,0.605
2026-08-26 01:15:13+00:00,0.605
2026-08-26 01:16:12+00:00,0.605
2026-08-26 01:17:09+00:00,0.605
2026-08-26 01:18:12+00:00,0.615
2026-08-26 01:19:14+00:00,0.615
2026-08-26 01:20:09+00:00,0.615
2026-08-26 01:21:10+00:00,0.61
2026-08-26 01:22:13+00:00,0.615
2026-08-26 01:23:13+00:00,0.615
2026-08-26 01:24:12+00:00,0.615
2026-08-26 01:25:13+00:00,0.615
2026-08-26 01:26:13+00:00,0.62
2026-08-26 01:27:11+00:00,0.62
2026-08-26 01:28:12+00:00,0.615
2026-08-26 01:29:24+00:00,0.615
2026-08-26 01:30:11+00:00,0.625
2026-08-26 01:31:12+00:00,0.625
2026-08-26 01:32:10+00:00,0.625
2026-08-26 01:33:13+00:00,0.625
2026-08-26 01:34:13+00:00,0.615
2026-08-26 01:35:13+00:00,0.62
2026-08-26 01:36:13+00:00,0.61
2026-08-26 01:37:12+00:00,0.605
2026-08-26 01:38:13+00:00,0.605
2026-08-26 01:39:13+00:00,0.605
2026-08-26 01:40:14+00:00,0.605
2026-08-26 01:41:13+00:00,0.605
2026-08-26 01:42:27+00:00,0.605
2026-08-26 01:43:13+00:00,0.605
2026-08-26 01:44:13+00:00,0.615
2026-08-26 01:45:15+00:00,0.615
2026-08-26 01:46:13+00:00,0.615
2026-08-26 01:47:13+00:00,0.61
2026-08-26 01:48:13+00:00,0.61
2026-08-26 01:49:13+00:00,0.61
2026-08-26 01:50:24+00:00,0.61
2026-08-26 01:51:12+00:00,0.61
2026-08-26 01:52:12+00:00,0.61
2026-08-26 01:53:10+00:00,0.61
2026-08-26 01:54:14+00:00,0.61
2026-08-26 01:55:12+00:00,0.61
2026-08-26 01:56:13+00:00,0.61
2026-08-26 01:57:24+00:00,0.61
2026-08-26 01:58:15+00:00,0.61
2026-08-26 01:59:13+00:00,0.61
2026-08-26 02:00:14+00:00,0.61
2026-08-26 02:01:13+00:00,0.61
2026-08-26 02:02:25+00:00,0.61
2026-08-26 02:03:13+00:00,0.61
2026-08-26 02:04:12+00:00,0.61
2026-08-26 02:05:09+00:00,0.61
2026-08-26 02:06:26+00:00,0.61
2026-08-26 02:07:09+00:00,0.61
2026-08-26 02:08:13+00:00,0.61
2026-08-26 02:09:12+00:00,0.61
2026-08-26 02:10:14+00:00,0.62
2026-08-26 02:11:14+00:00,0.62
2026-08-26 02:12:12+00:00,0.62
2026-08-26 02:13:13+00:00,0.62
2026-08-26 02:14:13+00:00,0.62
2026-08-26 02:15:13+00:00,0.625
2026-08-26 02:16:12+00:00,0.625
2026-08-26 02:17:13+00:00,0.615
2026-08-26 02:18:13+00:00,0.615
2026-08-26 02:19:13+00:00,0.61
2026-08-26 02:20:09+00:00,0.61
2026-08-26 02:21:09+00:00,0.61
2026-08-26 02:22:14+00:00,0.61
2026-08-26 02:23:13+00:00,0.61
2026-08-26 02:24:27+00:00,0.605
2026-08-26 02:25:14+00:00,0.605
2026-08-26 02:26:09+00:00,0.605
2026-08-26 02:27:09+00:00,0.605
2026-08-26 02:28:12+00:00,0.605
2026-08-26 02:29:12+00:00,0.605
2026-08-26 02:30:14+00:00,0.605
2026-08-26 02:31:09+00:00,0.605
2026-08-26 02:32:12+00:00,0.605
2026-08-26 02:33:13+00:00,0.605
2026-08-26 02:34:20+00:00,0.605
2026-08-26 02:35:09+00:00,0.605
2026-08-26 02:36:13+00:00,0.605
2026-08-26 02:37:12+00:00,0.605
2026-08-26 02:38:12+00:00,0.605
2026-08-26 02:39:12+00:00,0.605
2026-08-26 02:40:13+00:00,0.605
2026-08-26 02:41:12+00:00,0.605
2026-08-26 02:42:12+00:00,0.605
2026-08-26 02:43:12+00:00,0.605
2026-08-26 02:44:13+00:00,0.605
2026-08-26 02:45:12+00:00,0.605
2026-08-26 02:46:22+00:00,0.605
2026-08-26 02:47:12+00:00,0.605
2026-08-26 02:48:15+00:00,0.605
2026-08-26 02:49:12+00:00,0.605
2026-08-26 02:50:12+00:00,0.605
2026-08-26 02:51:09+00:00,0.605
2026-08-26 02:52:23+00:00,0.605
2026-08-26 02:53:22+00:00,0.605
2026-08-26 02:54:13+00:00,0.605
2026-08-26 02:55:13+00:00,0.605
2026-08-26 02:56:13+00:00,0.605
2026-08-26 02:57:09+00:00,0.605
2026-08-26 02:58:09+00:00,0.605
2026-08-26 02:59:15+00:00,0.605
2026-08-26 03:00:29+00:00,0.605
2026-08-26 03:01:12+00:00,0.605
2026-08-26 03:02:10+00:00,0.605
2026-08-26 03:03:13+00:00,0.605
2026-08-26 03:04:12+00:00,0.605
2026-08-26 03:05:13+00:00,0.605
2026-08-26 03:06:13+00:00,0.605
2026-08-26 03:07:09+00:00,0.605
2026-08-26 03:08:26+00:00,0.605
2026-08-26 03:09:27+00:00,0.605
2026-08-26 03:10:13+00:00,0.605
2026-08-26 03:11:13+00:00,0.605
2026-08-26 03:12:15+00:00,0.605
2026-08-26 03:13:13+00:00,0.605
2026-08-26 03:14:12+00:00,0.605
2026-08-26 03:15:13+00:00,0.605
2026-08-26 03:16:13+00:00,0.605
2026-08-26 03:17:09+00:00,0.605
2026-08-26 03:18:13+00:00,0.605
2026-08-26 03:19:12+00:00,0.605
2026-08-26 03:20:09+00:00,0.605
2026-08-26 03:21:12+00:00,0.605
2026-08-26 03:22:13+00:00,0.605
2026-08-26 03:23:12+00:00,0.605
2026-08-26 03:24:12+00:00,0.605
2026-08-26 03:25:15+00:00,0.605
2026-08-26 03:26:09+00:00,0.605
2026-08-26 03:27:09+00:00,0.605
2026-08-26 03:28:13+00:00,0.605
2026-08-26 03:29:12+00:00,0.605
2026-08-26 03:30:11+00:00,0.605
2026-08-26 03:31:12+00:00,0.605
2026-08-26 03:32:12+00:00,0.605
2026-08-26 03:33:13+00:00,0.605
2026-08-26 03:34:12+00:00,0.605
2026-08-26 03:35:13+00:00,0.605
2026-08-26 03:36:12+00:00,0.605
2026-08-26 03:37:12+00:00,0.605
2026-08-26 03:38:15+00:00,0.605
2026-08-26 03:39:12+00:00,0.605
2026-08-26 03:40:13+00:00,0.605
2026-08-26 03:41:13+00:00,0.605
2026-08-26 03:42:12+00:00,0.605
2026-08-26 03:43:27+00:00,0.605
2026-08-26 03:44:13+00:00,0.605
2026-08-26 03:45:13+00:00,0.605
2026-08-26 03:46:12+00:00,0.605
2026-08-26 03:47:09+00:00,0.605
2026-08-26 03:48:12+00:00,0.605
2026-08-26 03:49:12+00:00,0.605
2026-08-26 03:50:13+00:00,0.605
2026-08-26 03:51:16+00:00,0.605
2026-08-26 03:52:13+00:00,0.605
2026-08-26 03:53:09+00:00,0.605
2026-08-26 03:54:13+00:00,0.605
2026-08-26 03:55:13+00:00,0.605
2026-08-26 03:56:13+00:00,0.605
2026-08-26 03:57:09+00:00,0.605
2026-08-26 03:58:10+00:00,0.605
2026-08-26 03:59:12+00:00,0.605
2026-08-26 04:00:14+00:00,0.605
2026-08-26 04:01:12+00:00,0.605
2026-08-26 04:02:09+00:00,0.605
2026-08-26 04:03:12+00:00,0.605
2026-08-26 04:04:16+00:00,0.605
2026-08-26 04:05:09+00:00,0.605
2026-08-26 04:06:09+00:00,0.605
2026-08-26 04:07:22+00:00,0.605
2026-08-26 04:08:12+00:00,0.605
2026-08-26 04:09:12+00:00,0.605
2026-08-26 04:10:08+00:00,0.605
2026-08-26 04:11:08+00:00,0.605
2026-08-26 04:12:09+00:00,0.605
2026-08-26 04:13:12+00:00,0.605
2026-08-26 04:14:08+00:00,0.605
2026-08-26 04:15:09+00:00,0.605
2026-08-26 04:16:12+00:00,0.605
2026-08-26 04:17:15+00:00,0.605
2026-08-26 04:18:12+00:00,0.605
2026-08-26 04:19:12+00:00,0.605
2026-08-26 04:20:24+00:00,0.605
2026-08-26 04:21:09+00:00,0.605
2026-08-26 04:22:08+00:00,0.605
2026-08-26 04:23:12+00:00,0.605
2026-08-26 04:24:12+00:00,0.605
2026-08-26 04:25:12+00:00,0.605
2026-08-26 04:26:12+00:00,0.605
2026-08-26 04:27:08+00:00,0.605
2026-08-26 04:28:24+00:00,0.605
2026-08-26 04:29:09+00:00,0.605
2026-08-26 04:30:16+00:00,0.605
2026-08-26 04:31:08+00:00,0.605
2026-08-26 04:32:09+00:00,0.605
2026-08-26 04:33:12+00:00,0.605
2026-08-26 04:34:09+00:00,0.605
2026-08-26 04:35:08+00:00,0.605
2026-08-26 04:36:08+00:00,0.605
2026-08-26 04:37:08+00:00,0.605
2026-08-26 04:38:12+00:00,0.605
2026-08-26 04:39:09+00:00,0.605
2026-08-26 04:40:09+00:00,0.605
2026-08-26 04:41:11+00:00,0.605
2026-08-26 04:42:08+00:00,0.605
2026-08-26 04:43:12+00:00,0.605
2026-08-26 04:44:12+00:00,0.605
2026-08-26 04:45:12+00:00,0.605
2026-08-26 04:46:12+00:00,0.605
2026-08-26 04:47:12+00:00,0.605
2026-08-26 04:48:12+00:00,0.605
2026-08-26 04:49:11+00:00,0.605
2026-08-26 04:50:11+00:00,0.605
2026-08-26 04:51:08+00:00,0.605
2026-08-26 04:52:09+00:00,0.605
2026-08-26 04:53:12+00:00,0.605
2026-08-26 04:54:14+00:00,0.605
2026-08-26 04:55:12+00:00,0.605
2026-08-26 04:56:12+00:00,0.605
2026-08-26 04:57:08+00:00,0.605
2026-08-26 04:58:12+00:00,0.605
2026-08-26 04:59:09+00:00,0.605
2026-08-26 05:00:14+00:00,0.605
2026-08-26 05:01:12+00:00,0.605
2026-08-26 05:02:08+00:00,0.605
2026-08-26 05:03:12+00:00,0.605
2026-08-26 05:04:12+00:00,0.605
2026-08-26 05:05:09+00:00,0.605
2026-08-26 05:06:08+00:00,0.605
2026-08-26 05:07:11+00:00,0.605
2026-08-26 05:08:12+00:00,0.605
2026-08-26 05:09:12+00:00,0.605
2026-08-26 05:10:12+00:00,0.605
2026-08-26 05:11:12+00:00,0.605
2026-08-26 05:12:12+00:00,0.605
2026-08-26 05:13:12+00:00,0.605
2026-08-26 05:14:12+00:00,0.605
2026-08-26 05:15:09+00:00,0.605
2026-08-26 05:16:15+00:00,0.605
2026-08-26 05:17:08+00:00,0.605
2026-08-26 05:18:08+00:00,0.605
2026-08-26 05:19:24+00:00,0.605
2026-08-26 05:20:13+00:00,0.605
2026-08-26 05:21:12+00:00,0.605
2026-08-26 05:22:09+00:00,0.605
2026-08-26 05:23:12+00:00,0.605
2026-08-26 05:24:12+00:00,0.605
2026-08-26 05:25:09+00:00,0.605
2026-08-26 05:26:08+00:00,0.605
2026-08-26 05:27:08+00:00,0.605
2026-08-26 05:28:08+00:00,0.605
2026-08-26 05:29:14+00:00,0.605
2026-08-26 05:30:13+00:00,0.605
2026-08-26 05:31:08+00:00,0.605
2026-08-26 05:32:09+00:00,0.605
2026-08-26 05:33:11+00:00,0.605
2026-08-26 05:34:08+00:00,0.605
2026-08-26 05:35:09+00:00,0.605
2026-08-26 05:36:11+00:00,0.605
2026-08-26 05:37:08+00:00,0.605
2026-08-26 05:38:12+00:00,0.605
2026-08-26 05:39:12+00:00,0.605
2026-08-26 05:40:09+00:00,0.605
2026-08-26 05:41:08+00:00,0.605
2026-08-26 05:42:11+00:00,0.605
2026-08-26 05:43:12+00:00,0.605
2026-08-26 05:44:09+00:00,0.605
2026-08-26 05:45:09+00:00,0.605
2026-08-26 05:46:09+00:00,0.605
2026-08-26 05:47:09+00:00,0.605
2026-08-26 05:48:12+00:00,0.605
2026-08-26 05:49:12+00:00,0.605
2026-08-26 05:50:10+00:00,0.605
2026-08-26 05:51:09+00:00,0.605
2026-08-26 05:52:08+00:00,0.605
2026-08-26 05:53:12+00:00,0.605
2026-08-26 05:54:13+00:00,0.605
2026-08-26 05:55:16+00:00,0.605
2026-08-26 05:56:12+00:00,0.605
2026-08-26 05:57:09+00:00,0.605
2026-08-26 05:58:12+00:00,0.605
2026-08-26 05:59:09+00:00,0.605
2026-08-26 06:00:16+00:00,0.605
2026-08-26 06:01:11+00:00,0.605
2026-08-26 06:02:11+00:00,0.605
2026-08-26 06:03:25+00:00,0.605
2026-08-26 06:04:08+00:00,0.605
2026-08-26 06:05:09+00:00,0.605
2026-08-26 06:06:08+00:00,0.605
2026-08-26 06:07:09+00:00,0.605
2026-08-26 06:08:12+00:00,0.605
2026-08-26 06:09:11+00:00,0.605
2026-08-26 06:10:09+00:00,0.605
2026-08-26 06:11:08+00:00,0.605
2026-08-26 06:12:08+00:00,0.605
2026-08-26 06:13:11+00:00,0.605
2026-08-26 06:14:12+00:00,0.605
2026-08-26 06:15:24+00:00,0.605
2026-08-26 06:16:11+00:00,0.605
2026-08-26 06:17:08+00:00,0.605
2026-08-26 06:18:11+00:00,0.605
2026-08-26 06:19:08+00:00,0.605
2026-08-26 06:20:11+00:00,0.605
2026-08-26 06:21:08+00:00,0.605
2026-08-26 06:22:09+00:00,0.605
2026-08-26 06:23:09+00:00,0.605
2026-08-26 06:24:11+00:00,0.605
2026-08-26 06:25:12+00:00,0.605
2026-08-26 06:26:08+00:00,0.605
2026-08-26 06:27:08+00:00,0.605
2026-08-26 06:28:11+00:00,0.605
2026-08-26 06:29:09+00:00,0.605
2026-08-26 06:30:14+00:00,0.605
2026-08-26 06:31:11+00:00,0.605
2026-08-26 06:32:09+00:00,0.605
2026-08-26 06:33:12+00:00,0.605
2026-08-26 06:34:09+00:00,0.605
2026-08-26 06:35:09+00:00,0.605
2026-08-26 06:36:09+00:00,0.605
2026-08-26 06:37:08+00:00,0.605
2026-08-26 06:38:11+00:00,0.605
2026-08-26 06:39:12+00:00,0.605
2026-08-26 06:40:08+00:00,0.605
2026-08-26 06:41:09+00:00,0.605
2026-08-26 06:42:08+00:00,0.605
2026-08-26 06:43:11+00:00,0.605
2026-08-26 06:44:08+00:00,0.605
2026-08-26 06:45:09+00:00,0.605
2026-08-26 06:46:08+00:00,0.605
2026-08-26 06:47:10+00:00,0.605
2026-08-26 06:48:12+00:00,0.605
2026-08-26 06:49:08+00:00,0.605
2026-08-26 06:50:09+00:00,0.605
2026-08-26 06:51:08+00:00,0.605
2026-08-26 06:52:08+00:00,0.605
2026-08-26 06:53:11+00:00,0.605
2026-08-26 06:54:11+00:00,0.605
2026-08-26 06:55:09+00:00,0.605
2026-08-26 06:56:12+00:00,0.605
2026-08-26 06:57:08+00:00,0.605
2026-08-26 06:58:12+00:00,0.605
2026-08-26 06:59:09+00:00,0.605
2026-08-26 07:00:14+00:00,0.605
2026-08-26 07:01:12+00:00,0.605
2026-08-26 07:02:08+00:00,0.605
2026-08-26 07:03:12+00:00,0.605
2026-08-26 07:04:08+00:00,0.605
2026-08-26 07:05:09+00:00,0.605
2026-08-26 07:06:08+00:00,0.605
2026-08-26 07:07:09+00:00,0.605
2026-08-26 07:08:12+00:00,0.605
2026-08-26 07:09:12+00:00,0.605
2026-08-26 07:10:12+00:00,0.605
2026-08-26 07:11:12+00:00,0.605
2026-08-26 07:12:09+00:00,0.605
2026-08-26 07:13:13+00:00,0.605
2026-08-26 07:14:09+00:00,0.605
2026-08-26 07:15:09+00:00,0.605
2026-08-26 07:16:12+00:00,0.605
2026-08-26 07:17:08+00:00,0.605
2026-08-26 07:18:12+00:00,0.605
2026-08-26 07:19:12+00:00,0.605
2026-08-26 07:20:09+00:00,0.605
2026-08-26 07:21:08+00:00,0.605
2026-08-26 07:22:08+00:00,0.605
2026-08-26 07:23:12+00:00,0.605
2026-08-26 07:24:12+00:00,0.605
2026-08-26 07:25:09+00:00,0.605
2026-08-26 07:26:10+00:00,0.605
2026-08-26 07:27:09+00:00,0.605
2026-08-26 07:28:08+00:00,0.605
2026-08-26 07:29:12+00:00,0.605
2026-08-26 07:30:13+00:00,0.605
2026-08-26 07:31:08+00:00,0.605
2026-08-26 07:32:08+00:00,0.605
2026-08-26 07:33:12+00:00,0.605
2026-08-26 07:34:12+00:00,0.605
2026-08-26 07:35:23+00:00,0.605
2026-08-26 07:36:08+00:00,0.605
2026-08-26 07:37:08+00:00,0.605
2026-08-26 07:38:11+00:00,0.605
2026-08-26 07:39:13+00:00,0.605
2026-08-26 07:40:09+00:00,0.605
2026-08-26 07:41:08+00:00,0.605
2026-08-26 07:42:09+00:00,0.605
2026-08-26 07:43:11+00:00,0.605
2026-08-26 07:44:25+00:00,0.605
2026-08-26 07:45:09+00:00,0.605
2026-08-26 07:46:08+00:00,0.605
2026-08-26 07:47:11+00:00,0.605
2026-08-26 07:48:12+00:00,0.605
2026-08-26 07:49:08+00:00,0.605
2026-08-26 07:50:09+00:00,0.605
2026-08-26 07:51:08+00:00,0.605
2026-08-26 07:52:08+00:00,0.605
2026-08-26 07:53:13+00:00,0.605
2026-08-26 07:54:12+00:00,0.605
2026-08-26 07:55:08+00:00,0.605
2026-08-26 07:56:12+00:00,0.605
2026-08-26 07:57:11+00:00,0.605
2026-08-26 07:58:12+00:00,0.605
2026-08-26 07:59:13+00:00,0.605
2026-08-26 08:00:14+00:00,0.605
2026-08-26 08:01:13+00:00,0.605
2026-08-26 08:02:09+00:00,0.605
2026-08-26 08:03:12+00:00,0.605
2026-08-26 08:04:12+00:00,0.605
2026-08-26 08:05:12+00:00,0.605
2026-08-26 08:06:09+00:00,0.605
2026-08-26 08:07:12+00:00,0.605
2026-08-26 08:08:12+00:00,0.605
2026-08-26 08:09:12+00:00,0.605
2026-08-26 08:10:15+00:00,0.605
2026-08-26 08:11:08+00:00,0.605
2026-08-26 08:12:09+00:00,0.605
2026-08-26 08:13:23+00:00,0.605
2026-08-26 08:14:12+00:00,0.605
2026-08-26 08:15:09+00:00,0.605
2026-08-26 08:16:12+00:00,0.605
2026-08-26 08:17:12+00:00,0.605
2026-08-26 08:18:12+00:00,0.605
2026-08-26 08:19:09+00:00,0.605
2026-08-26 08:20:13+00:00,0.605
2026-08-26 08:21:09+00:00,0.605
2026-08-26 08:22:22+00:00,0.615
2026-08-26 08:23:14+00:00,0.615
2026-08-26 08:24:12+00:00,0.615
2026-08-26 08:25:13+00:00,0.615
2026-08-26 08:26:12+00:00,0.725
2026-08-26 08:27:12+00:00,0.635
2026-08-26 08:28:12+00:00,0.635
2026-08-26 08:29:12+00:00,0.635
2026-08-26 08:30:10+00:00,0.635
2026-08-26 08:31:12+00:00,0.635
2026-08-26 08:32:20+00:00,0.635
2026-08-26 08:33:12+00:00,0.64
2026-08-26 08:34:12+00:00,0.645
2026-08-26 08:35:24+00:00,0.645
2026-08-26 08:36:28+00:00,0.645
2026-08-26 08:37:12+00:00,0.645
2026-08-26 08:38:12+00:00,0.645
2026-08-26 08:39:12+00:00,0.645
2026-08-26 08:40:10+00:00,0.645
2026-08-26 08:41:13+00:00,0.645
2026-08-26 08:42:13+00:00,0.65
2026-08-26 08:43:12+00:00,0.63
2026-08-26 08:44:12+00:00,0.63
2026-08-26 08:45:13+00:00,0.63
2026-08-26 08:46:12+00:00,0.63
2026-08-26 08:47:13+00:00,0.63
2026-08-26 08:48:12+00:00,0.63
2026-08-26 08:49:15+00:00,0.63
2026-08-26 08:50:14+00:00,0.63
2026-08-26 08:51:12+00:00,0.63
2026-08-26 08:52:12+00:00,0.63
2026-08-26 08:53:24+00:00,0.635
2026-08-26 08:54:12+00:00,0.635
2026-08-26 08:55:12+00:00,0.635
2026-08-26 08:56:12+00:00,0.635
2026-08-26 08:57:12+00:00,0.635
2026-08-26 08:58:12+00:00,0.635
2026-08-26 08:59:13+00:00,0.635
2026-08-26 09:00:15+00:00,0.635
2026-08-26 09:01:12+00:00,0.635
2026-08-26 09:02:11+00:00,0.635
2026-08-26 09:03:12+00:00,0.635
2026-08-26 09:04:12+00:00,0.635
2026-08-26 09:05:12+00:00,0.635
2026-08-26 09:06:12+00:00,0.635
2026-08-26 09:07:09+00:00,0.635
2026-08-26 09:08:12+00:00,0.635
2026-08-26 09:09:24+00:00,0.635
2026-08-26 09:10:10+00:00,0.635
2026-08-26 09:11:09+00:00,0.635
2026-08-26 09:12:27+00:00,0.635
2026-08-26 09:13:09+00:00,0.635
2026-08-26 09:14:13+00:00,0.635
2026-08-26 09:15:16+00:00,0.635
2026-08-26 09:16:12+00:00,0.635
2026-08-26 09:17:09+00:00,0.635
2026-08-26 09:18:12+00:00,0.635
2026-08-26 09:19:23+00:00,0.635
2026-08-26 09:20:13+00:00,0.635
2026-08-26 09:21:24+00:00,0.635
2026-08-26 09:22:12+00:00,0.635
2026-08-26 09:23:15+00:00,0.635
2026-08-26 09:24:12+00:00,0.635
2026-08-26 09:25:13+00:00,0.635
2026-08-26 09:26:12+00:00,0.635
2026-08-26 09:27:09+00:00,0.635
2026-08-26 09:28:12+00:00,0.635
2026-08-26 09:29:12+00:00,0.635
2026-08-26 09:30:14+00:00,0.635
2026-08-26 09:31:09+00:00,0.635
2026-08-26 09:32:12+00:00,0.635
2026-08-26 09:33:12+00:00,0.635
2026-08-26 09:34:12+00:00,0.635
2026-08-26 09:35:13+00:00,0.635
2026-08-26 09:36:15+00:00,0.635
2026-08-26 09:37:09+00:00,0.635
2026-08-26 09:38:09+00:00,0.635
2026-08-26 09:39:13+00:00,0.635
2026-08-26 09:40:13+00:00,0.635
2026-08-26 09:41:12+00:00,0.635
2026-08-26 09:42:12+00:00,0.635
2026-08-26 09:43:12+00:00,0.635
2026-08-26 09:44:26+00:00,0.635
2026-08-26 09:45:13+00:00,0.635
2026-08-26 09:46:12+00:00,0.645
2026-08-26 09:47:28+00:00,0.645
2026-08-26 09:48:25+00:00,0.665
2026-08-26 09:49:09+00:00,0.665
2026-08-26 09:50:12+00:00,0.68
2026-08-26 09:51:12+00:00,0.68
2026-08-26 09:52:09+00:00,0.685
2026-08-26 09:53:23+00:00,0.69
2026-08-26 09:54:12+00:00,0.69
2026-08-26 09:55:09+00:00,0.69
2026-08-26 09:56:12+00:00,0.695
2026-08-26 09:57:12+00:00,0.695
2026-08-26 09:58:12+00:00,0.695
2026-08-26 09:59:12+00:00,0.69
2026-08-26 10:00:10+00:00,0.69
2026-08-26 10:01:23+00:00,0.69
2026-08-26 10:02:09+00:00,0.69
2026-08-26 10:03:12+00:00,0.69
2026-08-26 10:04:26+00:00,0.695
2026-08-26 10:05:09+00:00,0.695
2026-08-26 10:06:12+00:00,0.695
2026-08-26 10:07:12+00:00,0.695
2026-08-26 10:08:13+00:00,0.695
2026-08-26 10:09:12+00:00,0.695
2026-08-26 10:10:17+00:00,0.695
2026-08-26 10:11:10+00:00,0.695
2026-08-26 10:12:23+00:00,0.69
2026-08-26 10:13:13+00:00,0.69
2026-08-26 10:14:12+00:00,0.69
2026-08-26 10:15:09+00:00,0.69
2026-08-26 10:16:09+00:00,0.69
2026-08-26 10:17:12+00:00,0.695
2026-08-26 10:18:12+00:00,0.695
2026-08-26 10:19:12+00:00,0.695
2026-08-26 10:20:10+00:00,0.68
2026-08-26 10:21:10+00:00,0.68
2026-08-26 10:22:09+00:00,0.685
2026-08-26 10:23:16+00:00,0.695
2026-08-26 10:24:25+00:00,0.695
2026-08-26 10:25:13+00:00,0.695
2026-08-26 10:26:22+00:00,0.695
2026-08-26 10:27:13+00:00,0.695
2026-08-26 10:28:12+00:00,0.695
2026-08-26 10:29:12+00:00,0.695
2026-08-26 10:30:11+00:00,0.695
2026-08-26 10:31:09+00:00,0.695
2026-08-26 10:32:26+00:00,0.695
2026-08-26 10:33:13+00:00,0.695
2026-08-26 10:34:12+00:00,0.69
2026-08-26 10:35:13+00:00,0.68
2026-08-26 10:36:16+00:00,0.68
2026-08-26 10:37:09+00:00,0.685
2026-08-26 10:38:13+00:00,0.685
2026-08-26 10:39:27+00:00,0.68
2026-08-26 10:40:13+00:00,0.68
2026-08-26 10:41:09+00:00,0.68
2026-08-26 10:42:14+00:00,0.68
2026-08-26 10:43:12+00:00,0.68
2026-08-26 10:44:12+00:00,0.68
2026-08-26 10:45:09+00:00,0.68
2026-08-26 10:46:09+00:00,0.68
2026-08-26 10:47:21+00:00,0.685
2026-08-26 10:48:12+00:00,0.68
2026-08-26 10:49:31+00:00,0.68
2026-08-26 10:50:12+00:00,0.685
2026-08-26 10:51:09+00:00,0.685
2026-08-26 10:52:09+00:00,0.685
2026-08-26 10:53:12+00:00,0.64
2026-08-26 10:54:13+00:00,0.64
2026-08-26 10:55:13+00:00,0.64
2026-08-26 10:56:12+00:00,0.645
2026-08-26 10:57:09+00:00,0.645
2026-08-26 10:58:12+00:00,0.645
2026-08-26 10:59:13+00:00,0.645
2026-08-26 11:00:13+00:00,0.645
2026-08-26 11:01:12+00:00,0.645
2026-08-26 11:02:12+00:00,0.645
2026-08-26 11:03:13+00:00,0.645
2026-08-26 11:04:12+00:00,0.645
2026-08-26 11:05:25+00:00,0.645
2026-08-26 11:06:09+00:00,0.645
2026-08-26 11:07:09+00:00,0.645
2026-08-26 11:08:09+00:00,0.645
2026-08-26 11:09:12+00:00,0.645
2026-08-26 11:10:13+00:00,0.645
2026-08-26 11:11:22+00:00,0.645
2026-08-26 11:12:10+00:00,0.645
2026-08-26 11:13:12+00:00,0.645
2026-08-26 11:14:13+00:00,0.655
2026-08-26 11:15:30+00:00,0.655
2026-08-26 11:16:13+00:00,0.655
2026-08-26 11:17:13+00:00,0.655
2026-08-26 11:18:13+00:00,0.655
2026-08-26 11:19:12+00:00,0.655
2026-08-26 11:20:10+00:00,0.655
2026-08-26 11:21:25+00:00,0.655
2026-08-26 11:22:12+00:00,0.66
2026-08-26 11:23:12+00:00,0.66
2026-08-26 11:24:13+00:00,0.66
2026-08-26 11:25:27+00:00,0.66
2026-08-26 11:26:09+00:00,0.66
2026-08-26 11:27:09+00:00,0.66
2026-08-26 11:28:15+00:00,0.66
2026-08-26 11:29:13+00:00,0.66
2026-08-26 11:30:12+00:00,0.66
2026-08-26 11:31:26+00:00,0.66
2026-08-26 11:32:10+00:00,0.66
2026-08-26 11:33:12+00:00,0.66
2026-08-26 11:34:12+00:00,0.66
2026-08-26 11:35:09+00:00,0.66
2026-08-26 11:36:12+00:00,0.66
2026-08-26 11:37:09+00:00,0.66
2026-08-26 11:38:12+00:00,0.66
2026-08-26 11:39:12+00:00,0.66
2026-08-26 11:40:14+00:00,0.66
2026-08-26 11:41:15+00:00,0.66
2026-08-26 11:42:13+00:00,0.66
2026-08-26 11:43:12+00:00,0.66
2026-08-26 11:44:28+00:00,0.66
2026-08-26 11:45:10+00:00,0.66
2026-08-26 11:46:09+00:00,0.66
2026-08-26 11:47:09+00:00,0.66
2026-08-26 11:48:13+00:00,0.66
2026-08-26 11:49:13+00:00,0.66
2026-08-26 11:50:23+00:00,0.66
2026-08-26 11:51:09+00:00,0.66
2026-08-26 11:52:23+00:00,0.675
2026-08-26 11:53:13+00:00,0.675
2026-08-26 11:54:16+00:00,0.69
2026-08-26 11:55:13+00:00,0.69
2026-08-26 11:56:12+00:00,0.695
2026-08-26 11:57:10+00:00,0.68
2026-08-26 11:58:09+00:00,0.68
2026-08-26 11:59:12+00:00,0.68
2026-08-26 12:00:18+00:00,0.68
2026-08-26 12:01:13+00:00,0.68
2026-08-26 12:02:12+00:00,0.68
2026-08-26 12:03:23+00:00,0.68
2026-08-26 12:04:25+00:00,0.68
2026-08-26 12:05:09+00:00,0.68
2026-08-26 12:06:09+00:00,0.68
2026-08-26 12:07:09+00:00,0.68
2026-08-26 12:08:09+00:00,0.685
2026-08-26 12:09:12+00:00,0.685
2026-08-26 12:10:14+00:00,0.685
2026-08-26 12:11:12+00:00,0.695
2026-08-26 12:12:09+00:00,0.69
2026-08-26 12:13:13+00:00,0.69
2026-08-26 12:14:09+00:00,0.69
2026-08-26 12:15:13+00:00,0.69
2026-08-26 12:16:13+00:00,0.69
2026-08-26 12:17:12+00:00,0.69
2026-08-26 12:18:12+00:00,0.69
2026-08-26 12:19:12+00:00,0.69
2026-08-26 12:20:14+00:00,0.69
2026-08-26 12:21:13+00:00,0.69
2026-08-26 12:22:09+00:00,0.69
2026-08-26 12:23:29+00:00,0.69
2026-08-26 12:24:12+00:00,0.69
2026-08-26 12:25:12+00:00,0.695
2026-08-26 12:26:12+00:00,0.69
2026-08-26 12:27:24+00:00,0.69
2026-08-26 12:28:13+00:00,0.69
2026-08-26 12:29:24+00:00,0.69
2026-08-26 12:30:15+00:00,0.69
2026-08-26 12:31:12+00:00,0.69
2026-08-26 12:32:12+00:00,0.695
2026-08-26 12:33:13+00:00,0.695
2026-08-26 12:34:12+00:00,0.695
2026-08-26 12:35:09+00:00,0.695
2026-08-26 12:36:09+00:00,0.695
2026-08-26 12:37:13+00:00,0.7
2026-08-26 12:38:12+00:00,0.7
2026-08-26 12:39:17+00:00,0.7
2026-08-26 12:40:13+00:00,0.7
2026-08-26 12:41:12+00:00,0.7
2026-08-26 12:42:09+00:00,0.695
2026-08-26 12:43:12+00:00,0.695
2026-08-26 12:44:13+00:00,0.695
2026-08-26 12:45:09+00:00,0.695
2026-08-26 12:46:09+00:00,0.7
2026-08-26 12:47:09+00:00,0.7
2026-08-26 12:48:13+00:00,0.7
2026-08-26 12:49:12+00:00,0.7
2026-08-26 12:50:13+00:00,0.7
2026-08-26 12:51:13+00:00,0.7
2026-08-26 12:52:09+00:00,0.71
2026-08-26 12:53:13+00:00,0.71
2026-08-26 12:54:13+00:00,0.71
2026-08-26 12:55:14+00:00,0.71
2026-08-26 12:56:12+00:00,0.71
2026-08-26 12:57:09+00:00,0.71
2026-08-26 12:58:13+00:00,0.71
2026-08-26 12:59:13+00:00,0.71
2026-08-26 13:00:14+00:00,0.71
2026-08-26 13:01:12+00:00,0.71
2026-08-26 13:02:09+00:00,0.715
2026-08-26 13:03:12+00:00,0.715
2026-08-26 13:04:09+00:00,0.72
2026-08-26 13:05:13+00:00,0.72
2026-08-26 13:06:11+00:00,0.72
2026-08-26 13:07:09+00:00,0.72
2026-08-26 13:08:25+00:00,0.72
2026-08-26 13:09:13+00:00,0.72
2026-08-26 13:10:13+00:00,0.725
2026-08-26 13:11:09+00:00,0.725
2026-08-26 13:12:10+00:00,0.725
2026-08-26 13:13:13+00:00,0.725
2026-08-26 13:14:12+00:00,0.725
2026-08-26 13:15:09+00:00,0.725
2026-08-26 13:16:12+00:00,0.725
2026-08-26 13:17:12+00:00,0.725
2026-08-26 13:18:09+00:00,0.715
2026-08-26 13:19:11+00:00,0.715
2026-08-26 13:20:14+00:00,0.715
2026-08-26 13:21:13+00:00,0.715
2026-08-26 13:22:09+00:00,0.72
2026-08-26 13:23:26+00:00,0.72
2026-08-26 13:24:13+00:00,0.72
2026-08-26 13:25:13+00:00,0.72
2026-08-26 13:26:09+00:00,0.72
2026-08-26 13:27:22+00:00,0.72
2026-08-26 13:28:14+00:00,0.725
2026-08-26 13:29:12+00:00,0.835
2026-08-26 13:30:29+00:00,0.84
2026-08-26 13:31:09+00:00,0.84
2026-08-26 13:32:14+00:00,0.84
2026-08-26 13:33:12+00:00,0.835
2026-08-26 13:34:13+00:00,0.835
2026-08-26 13:35:13+00:00,0.835
2026-08-26 13:36:09+00:00,0.835
2026-08-26 13:37:09+00:00,0.835
2026-08-26 13:38:12+00:00,0.835
2026-08-26 13:39:13+00:00,0.835
2026-08-26 13:40:12+00:00,0.835
2026-08-26 13:41:09+00:00,0.835
2026-08-26 13:42:13+00:00,0.755
2026-08-26 13:43:12+00:00,0.755
2026-08-26 13:44:14+00:00,0.76
2026-08-26 13:45:13+00:00,0.76
2026-08-26 13:46:12+00:00,0.76
2026-08-26 13:47:09+00:00,0.68
2026-08-26 13:48:12+00:00,0.675
2026-08-26 13:49:13+00:00,0.675
2026-08-26 13:50:13+00:00,0.675
2026-08-26 13:51:09+00:00,0.675
2026-08-26 13:52:09+00:00,0.675
2026-08-26 13:53:26+00:00,0.73
2026-08-26 13:54:12+00:00,0.715
2026-08-26 13:55:13+00:00,0.715
2026-08-26 13:56:12+00:00,0.71
2026-08-26 13:57:10+00:00,0.71
2026-08-26 13:58:12+00:00,0.72
2026-08-26 13:59:12+00:00,0.72
2026-08-26 14:00:14+00:00,0.715
2026-08-26 14:01:13+00:00,0.705
2026-08-26 14:02:10+00:00,0.71
2026-08-26 14:03:13+00:00,0.715
2026-08-26 14:04:09+00:00,0.715
2026-08-26 14:05:26+00:00,0.715
2026-08-26 14:06:09+00:00,0.715
2026-08-26 14:07:09+00:00,0.725
2026-08-26 14:08:12+00:00,0.73
2026-08-26 14:09:12+00:00,0.735
2026-08-26 14:10:16+00:00,0.735
2026-08-26 14:11:09+00:00,0.815
2026-08-26 14:12:09+00:00,0.73
2026-08-26 14:13:12+00:00,0.735
2026-08-26 14:14:12+00:00,0.735
2026-08-26 14:15:13+00:00,0.735
2026-08-26 14:16:13+00:00,0.745
2026-08-26 14:17:13+00:00,0.74
2026-08-26 14:18:10+00:00,0.74
2026-08-26 14:19:12+00:00,0.74
2026-08-26 14:20:12+00:00,0.745
2026-08-26 14:21:24+00:00,0.75
2026-08-26 14:22:09+00:00,0.75
2026-08-26 14:23:15+00:00,0.75
2026-08-26 14:24:12+00:00,0.755
2026-08-26 14:25:14+00:00,0.755
2026-08-26 14:26:26+00:00,0.755
2026-08-26 14:27:09+00:00,0.755
2026-08-26 14:28:12+00:00,0.755
2026-08-26 14:29:26+00:00,0.755
2026-08-26 14:30:26+00:00,0.75
2026-08-26 14:31:13+00:00,0.74
2026-08-26 14:32:12+00:00,0.74
2026-08-26 14:33:12+00:00,0.755
2026-08-26 14:34:12+00:00,0.755
2026-08-26 14:35:12+00:00,0.755
2026-08-26 14:36:27+00:00,0.755
2026-08-26 14:37:09+00:00,0.755
2026-08-26 14:38:12+00:00,0.75
2026-08-26 14:39:12+00:00,0.75
2026-08-26 14:40:13+00:00,0.755
2026-08-26 14:41:27+00:00,0.75
2026-08-26 14:42:12+00:00,0.755
2026-08-26 14:43:12+00:00,0.755
2026-08-26 14:44:12+00:00,0.755
2026-08-26 14:45:13+00:00,0.755
2026-08-26 14:46:12+00:00,0.755
2026-08-26 14:47:09+00:00,0.75
2026-08-26 14:48:13+00:00,0.755
2026-08-26 14:49:15+00:00,0.755
2026-08-26 14:50:09+00:00,0.755
2026-08-26 14:51:12+00:00,0.755
2026-08-26 14:52:09+00:00,0.755
2026-08-26 14:53:12+00:00,0.755
2026-08-26 14:54:12+00:00,0.755
2026-08-26 14:55:12+00:00,0.755
2026-08-26 14:56:12+00:00,0.755
2026-08-26 14:57:09+00:00,0.755
2026-08-26 14:58:12+00:00,0.755
2026-08-26 14:59:12+00:00,0.755
2026-08-26 15:00:15+00:00,0.78
2026-08-26 15:01:13+00:00,0.785
2026-08-26 15:02:12+00:00,0.785
2026-08-26 15:03:26+00:00,0.805
2026-08-26 15:04:12+00:00,0.805
2026-08-26 15:05:14+00:00,0.805
2026-08-26 15:06:13+00:00,0.805
2026-08-26 15:07:13+00:00,0.805
2026-08-26 15:08:13+00:00,0.805
2026-08-26 15:09:12+00:00,0.805
2026-08-26 15:10:13+00:00,0.805
2026-08-26 15:11:13+00:00,0.805
2026-08-26 15:12:16+00:00,0.805
2026-08-26 15:13:13+00:00,0.805
2026-08-26 15:14:12+00:00,0.805
2026-08-26 15:15:10+00:00,0.805
2026-08-26 15:16:13+00:00,0.805
2026-08-26 15:17:09+00:00,0.805
2026-08-26 15:18:12+00:00,0.805
2026-08-26 15:19:12+00:00,0.805
2026-08-26 15:20:13+00:00,0.805
2026-08-26 15:21:12+00:00,0.805
2026-08-26 15:22:12+00:00,0.805
2026-08-26 15:23:12+00:00,0.805
2026-08-26 15:24:12+00:00,0.805
2026-08-26 15:25:15+00:00,0.825
2026-08-26 15:26:12+00:00,0.805
2026-08-26 15:27:09+00:00,0.82
2026-08-26 15:28:12+00:00,0.82
2026-08-26 15:29:12+00:00,0.82
2026-08-26 15:30:14+00:00,0.82
2026-08-26 15:31:12+00:00,0.82
2026-08-26 15:32:12+00:00,0.82
2026-08-26 15:33:12+00:00,0.82
2026-08-26 15:34:12+00:00,0.82
2026-08-26 15:35:13+00:00,0.82
2026-08-26 15:36:09+00:00,0.82
2026-08-26 15:37:09+00:00,0.82
2026-08-26 15:38:16+00:00,0.82
2026-08-26 15:39:13+00:00,0.82
2026-08-26 15:40:13+00:00,0.82
2026-08-26 15:41:12+00:00,0.82
2026-08-26 15:42:27+00:00,0.82
2026-08-26 15:43:12+00:00,0.82
2026-08-26 15:44:12+00:00,0.825
2026-08-26 15:45:13+00:00,0.825
2026-08-26 15:46:12+00:00,0.825
2026-08-26 15:47:09+00:00,0.825
2026-08-26 15:48:13+00:00,0.825
2026-08-26 15:49:12+00:00,0.82
2026-08-26 15:50:26+00:00,0.82
2026-08-26 15:51:15+00:00,0.82
2026-08-26 15:52:16+00:00,0.82
2026-08-26 15:53:12+00:00,0.825
2026-08-26 15:54:12+00:00,0.825
2026-08-26 15:55:09+00:00,0.825
2026-08-26 15:56:12+00:00,0.825
2026-08-26 15:57:09+00:00,0.835
2026-08-26 15:58:09+00:00,0.83
2026-08-26 15:59:12+00:00,0.83
2026-08-26 16:00:21+00:00,0.83
2026-08-26 16:01:13+00:00,0.835
2026-08-26 16:02:12+00:00,0.825
2026-08-26 16:03:12+00:00,0.825
2026-08-26 16:04:12+00:00,0.825
2026-08-26 16:05:16+00:00,0.825
2026-08-26 16:06:22+00:00,0.825
2026-08-26 16:07:09+00:00,0.825
2026-08-26 16:08:13+00:00,0.825
2026-08-26 16:09:26+00:00,0.825
2026-08-26 16:10:12+00:00,0.825
2026-08-26 16:11:13+00:00,0.825
2026-08-26 16:12:13+00:00,0.825
2026-08-26 16:13:12+00:00,0.825
2026-08-26 16:14:12+00:00,0.825
2026-08-26 16:15:09+00:00,0.825
2026-08-26 16:16:12+00:00,0.825
2026-08-26 16:17:09+00:00,0.825
2026-08-26 16:18:15+00:00,0.825
2026-08-26 16:19:12+00:00,0.825
2026-08-26 16:20:10+00:00,0.825
2026-08-26 16:21:12+00:00,0.825
2026-08-26 16:22:28+00:00,0.825
2026-08-26 16:23:13+00:00,0.825
2026-08-26 16:24:12+00:00,0.825
2026-08-26 16:25:09+00:00,0.82
2026-08-26 16:26:13+00:00,0.825
2026-08-26 16:27:23+00:00,0.84
2026-08-26 16:28:12+00:00,0.845
2026-08-26 16:29:12+00:00,0.845
2026-08-26 16:30:10+00:00,0.845
2026-08-26 16:31:12+00:00,0.845
2026-08-26 16:32:12+00:00,0.845
2026-08-26 16:33:12+00:00,0.855
2026-08-26 16:34:13+00:00,0.855
2026-08-26 16:35:13+00:00,0.855
2026-08-26 16:36:23+00:00,0.855
2026-08-26 16:37:09+00:00,0.86
2026-08-26 16:38:13+00:00,0.86
2026-08-26 16:39:12+00:00,0.86
2026-08-26 16:40:14+00:00,0.86
2026-08-26 16:41:12+00:00,0.865
2026-08-26 16:42:11+00:00,0.86
2026-08-26 16:43:12+00:00,0.86
2026-08-26 16:44:16+00:00,0.86
2026-08-26 16:45:10+00:00,0.86
2026-08-26 16:46:13+00:00,0.855
2026-08-26 16:47:09+00:00,0.855
2026-08-26 16:48:12+00:00,0.855
2026-08-26 16:49:12+00:00,0.86
2026-08-26 16:50:15+00:00,0.86
2026-08-26 16:51:09+00:00,0.855
2026-08-26 16:52:13+00:00,0.855
2026-08-26 16:53:12+00:00,0.86
2026-08-26 16:54:12+00:00,0.86
2026-08-26 16:55:12+00:00,0.86
2026-08-26 16:56:13+00:00,0.86
2026-08-26 16:57:12+00:00,0.86
2026-08-26 16:58:12+00:00,0.86
2026-08-26 16:59:12+00:00,0.86
2026-08-26 17:00:15+00:00,0.86
2026-08-26 17:01:13+00:00,0.86
2026-08-26 17:02:12+00:00,0.86
2026-08-26 17:03:15+00:00,0.86
2026-08-26 17:04:12+00:00,0.86
2026-08-26 17:05:21+00:00,0.86
2026-08-26 17:06:09+00:00,0.86
2026-08-26 17:07:12+00:00,0.86
2026-08-26 17:08:12+00:00,0.86
2026-08-26 17:09:12+00:00,0.86
2026-08-26 17:10:12+00:00,0.86
2026-08-26 17:11:12+00:00,0.86
2026-08-26 17:12:27+00:00,0.86
2026-08-26 17:13:12+00:00,0.86
2026-08-26 17:14:13+00:00,0.86
2026-08-26 17:15:09+00:00,0.86
2026-08-26 17:16:12+00:00,0.86
2026-08-26 17:17:09+00:00,0.86
2026-08-26 17:18:13+00:00,0.86
2026-08-26 17:19:12+00:00,0.86
2026-08-26 17:20:14+00:00,0.86
2026-08-26 17:21:13+00:00,0.86
2026-08-26 17:22:09+00:00,0.86
2026-08-26 17:23:13+00:00,0.86
2026-08-26 17:24:12+00:00,0.86
2026-08-26 17:25:13+00:00,0.86
2026-08-26 17:26:09+00:00,0.86
2026-08-26 17:27:12+00:00,0.86
2026-08-26 17:28:12+00:00,0.86
2026-08-26 17:29:15+00:00,0.86
2026-08-26 17:30:14+00:00,0.86
2026-08-26 17:31:13+00:00,0.86
2026-08-26 17:32:12+00:00,0.86
2026-08-26 17:33:12+00:00,0.86
2026-08-26 17:34:13+00:00,0.86
2026-08-26 17:35:13+00:00,0.85
2026-08-26 17:36:13+00:00,0.85
2026-08-26 17:37:12+00:00,0.85
2026-08-26 17:38:12+00:00,0.85
2026-08-26 17:39:12+00:00,0.85
2026-08-26 17:40:12+00:00,0.85
2026-08-26 17:41:12+00:00,0.85
2026-08-26 17:42:15+00:00,0.84
2026-08-26 17:43:12+00:00,0.84
2026-08-26 17:44:13+00:00,0.84
2026-08-26 17:45:13+00:00,0.84
2026-08-26 17:46:12+00:00,0.84
2026-08-26 17:47:13+00:00,0.84
2026-08-26 17:48:12+00:00,0.84
2026-08-26 17:49:12+00:00,0.84
2026-08-26 17:50:09+00:00,0.84
2026-08-26 17:51:12+00:00,0.84
2026-08-26 17:52:12+00:00,0.84
2026-08-26 17:53:13+00:00,0.84
2026-08-26 17:54:27+00:00,0.84
2026-08-26 17:55:16+00:00,0.84
2026-08-26 17:56:12+00:00,0.84
2026-08-26 17:57:17+00:00,0.84
2026-08-26 17:58:12+00:00,0.84
2026-08-26 17:59:12+00:00,0.84
2026-08-26 18:00:16+00:00,0.84
2026-08-26 18:01:12+00:00,0.84
2026-08-26 18:02:12+00:00,0.84
2026-08-26 18:03:12+00:00,0.84
2026-08-26 18:04:12+00:00,0.84
2026-08-26 18:05:27+00:00,0.84
2026-08-26 18:06:09+00:00,0.84
2026-08-26 18:07:09+00:00,0.84
2026-08-26 18:08:12+00:00,0.84
2026-08-26 18:09:12+00:00,0.84
2026-08-26 18:10:13+00:00,0.84
2026-08-26 18:11:25+00:00,0.84
2026-08-26 18:12:12+00:00,0.84
2026-08-26 18:13:23+00:00,0.83
2026-08-26 18:14:09+00:00,0.83
2026-08-26 18:15:26+00:00,0.83
2026-08-26 18:16:12+00:00,0.83
2026-08-26 18:17:12+00:00,0.83
2026-08-26 18:18:13+00:00,0.83
2026-08-26 18:19:12+00:00,0.83
2026-08-26 18:20:12+00:00,0.83
2026-08-26 18:21:12+00:00,0.83
2026-08-26 18:22:12+00:00,0.83
2026-08-26 18:23:12+00:00,0.83
2026-08-26 18:24:12+00:00,0.83
2026-08-26 18:25:25+00:00,0.83
2026-08-26 18:26:22+00:00,0.83
2026-08-26 18:27:09+00:00,0.83
2026-08-26 18:28:12+00:00,0.84
2026-08-26 18:29:12+00:00,0.84
2026-08-26 18:30:14+00:00,0.84
2026-08-26 18:31:09+00:00,0.84
2026-08-26 18:32:12+00:00,0.84
2026-08-26 18:33:27+00:00,0.83
2026-08-26 18:34:24+00:00,0.83
2026-08-26 18:35:13+00:00,0.835
2026-08-26 18:36:12+00:00,0.835
2026-08-26 18:37:08+00:00,0.835
2026-08-26 18:38:12+00:00,0.835
2026-08-26 18:39:12+00:00,0.835
2026-08-26 18:40:14+00:00,0.835
2026-08-26 18:41:23+00:00,0.835
2026-08-26 18:42:12+00:00,0.835
2026-08-26 18:43:12+00:00,0.835
2026-08-26 18:44:12+00:00,0.835
2026-08-26 18:45:09+00:00,0.835
2026-08-26 18:46:08+00:00,0.835
2026-08-26 18:47:09+00:00,0.835
2026-08-26 18:48:24+00:00,0.835
2026-08-26 18:49:12+00:00,0.835
2026-08-26 18:50:13+00:00,0.835
2026-08-26 18:51:12+00:00,0.835
2026-08-26 18:52:12+00:00,0.835
2026-08-26 18:53:13+00:00,0.835
2026-08-26 18:54:12+00:00,0.835
2026-08-26 18:55:13+00:00,0.835
2026-08-26 18:56:12+00:00,0.835
2026-08-26 18:57:09+00:00,0.835
2026-08-26 18:58:12+00:00,0.835
2026-08-26 18:59:12+00:00,0.835
2026-08-26 19:00:17+00:00,0.835
2026-08-26 19:01:26+00:00,0.835
2026-08-26 19:02:12+00:00,0.835
2026-08-26 19:03:12+00:00,0.835
2026-08-26 19:04:12+00:00,0.835
2026-08-26 19:05:12+00:00,0.835
2026-08-26 19:06:12+00:00,0.835
2026-08-26 19:07:12+00:00,0.835
2026-08-26 19:08:12+00:00,0.835
2026-08-26 19:09:12+00:00,0.835
2026-08-26 19:10:12+00:00,0.835
2026-08-26 19:11:10+00:00,0.83
2026-08-26 19:12:27+00:00,0.83
2026-08-26 19:13:12+00:00,0.83
2026-08-26 19:14:12+00:00,0.83
2026-08-26 19:15:12+00:00,0.83
2026-08-26 19:16:12+00:00,0.83
2026-08-26 19:17:12+00:00,0.83
2026-08-26 19:18:14+00:00,0.83
2026-08-26 19:19:13+00:00,0.83
2026-08-26 19:20:26+00:00,0.83
2026-08-26 19:21:13+00:00,0.83
2026-08-26 19:22:12+00:00,0.83
2026-08-26 19:23:13+00:00,0.83
2026-08-26 19:24:13+00:00,0.83
2026-08-26 19:25:13+00:00,0.83
2026-08-26 19:26:23+00:00,0.83
2026-08-26 19:27:09+00:00,0.83
2026-08-26 19:28:13+00:00,0.83
2026-08-26 19:29:12+00:00,0.83
2026-08-26 19:30:27+00:00,0.83
2026-08-26 19:31:14+00:00,0.83
2026-08-26 19:32:09+00:00,0.83
2026-08-26 19:33:13+00:00,0.83
2026-08-26 19:34:13+00:00,0.835
2026-08-26 19:35:14+00:00,0.835
2026-08-26 19:36:10+00:00,0.835
2026-08-26 19:37:13+00:00,0.835
2026-08-26 19:38:12+00:00,0.835
2026-08-26 19:39:12+00:00,0.835
2026-08-26 19:40:13+00:00,0.835
2026-08-26 19:41:12+00:00,0.835
2026-08-26 19:42:09+00:00,0.835
2026-08-26 19:43:12+00:00,0.835
2026-08-26 19:44:12+00:00,0.835
2026-08-26 19:45:09+00:00,0.835
2026-08-26 19:46:12+00:00,0.835
2026-08-26 19:47:09+00:00,0.835
2026-08-26 19:48:10+00:00,0.835
2026-08-26 19:49:15+00:00,0.835
2026-08-26 19:50:13+00:00,0.835
2026-08-26 19:51:09+00:00,0.835
2026-08-26 19:52:12+00:00,0.76
2026-08-26 19:53:12+00:00,0.835
2026-08-26 19:54:12+00:00,0.84
2026-08-26 19:55:13+00:00,0.76
2026-08-26 19:56:12+00:00,0.75
2026-08-26 19:57:13+00:00,0.75
2026-08-26 19:58:12+00:00,0.83
2026-08-26 19:59:12+00:00,0.83
2026-08-26 20:00:14+00:00,0.75
2026-08-26 20:01:14+00:00,0.82
2026-08-26 20:02:28+00:00,0.825
2026-08-26 20:03:13+00:00,0.825
2026-08-26 20:04:13+00:00,0.825
2026-08-26 20:05:11+00:00,0.83
2026-08-26 20:06:09+00:00,0.83
2026-08-26 20:07:09+00:00,0.83
2026-08-26 20:08:12+00:00,0.83
2026-08-26 20:09:13+00:00,0.83
2026-08-26 20:10:13+00:00,0.83
2026-08-26 20:11:12+00:00,0.83
2026-08-26 20:12:13+00:00,0.83
2026-08-26 20:13:13+00:00,0.83
2026-08-26 20:14:27+00:00,0.83
2026-08-26 20:15:10+00:00,0.83
2026-08-26 20:16:12+00:00,0.83
2026-08-26 20:17:14+00:00,0.83
2026-08-26 20:18:12+00:00,0.83
2026-08-26 20:19:12+00:00,0.83
2026-08-26 20:20:13+00:00,0.83
2026-08-26 20:21:09+00:00,0.83
2026-08-26 20:22:12+00:00,0.825
2026-08-26 20:23:13+00:00,0.85
2026-08-26 20:24:13+00:00,0.855
2026-08-26 20:25:14+00:00,0.855
2026-08-26 20:26:13+00:00,0.855
2026-08-26 20:27:13+00:00,0.855
2026-08-26 20:28:29+00:00,0.855
2026-08-26 20:29:13+00:00,0.845
2026-08-26 20:30:13+00:00,0.845
2026-08-26 20:31:13+00:00,0.845
2026-08-26 20:32:13+00:00,0.845
2026-08-26 20:33:13+00:00,0.835
2026-08-26 20:34:12+00:00,0.84
2026-08-26 20:35:26+00:00,0.84
2026-08-26 20:36:09+00:00,0.835
2026-08-26 20:37:24+00:00,0.855
2026-08-26 20:38:12+00:00,0.855
2026-08-26 20:39:13+00:00,0.855
2026-08-26 20:40:13+00:00,0.855
2026-08-26 20:41:15+00:00,0.855
2026-08-26 20:42:13+00:00,0.855
2026-08-26 20:43:12+00:00,0.855
2026-08-26 20:44:12+00:00,0.855
2026-08-26 20:45:13+00:00,0.855
2026-08-26 20:46:10+00:00,0.855
2026-08-26 20:47:12+00:00,0.855
2026-08-26 20:48:12+00:00,0.855
2026-08-26 20:49:12+00:00,0.845
2026-08-26 20:50:13+00:00,0.845
2026-08-26 20:51:09+00:00,0.85
2026-08-26 20:52:13+00:00,0.85
2026-08-26 20:53:13+00:00,0.845
2026-08-26 20:54:15+00:00,0.845
2026-08-26 20:55:13+00:00,0.845
2026-08-26 20:56:13+00:00,0.845
2026-08-26 20:57:12+00:00,0.845
2026-08-26 20:58:12+00:00,0.845
2026-08-26 20:59:12+00:00,0.845
2026-08-26 21:00:15+00:00,0.845
2026-08-26 21:01:13+00:00,0.845
2026-08-26 21:02:09+00:00,0.845
2026-08-26 21:03:13+00:00,0.845
2026-08-26 21:04:13+00:00,0.845
2026-08-26 21:05:25+00:00,0.845
2026-08-26 21:06:13+00:00,0.845
2026-08-26 21:07:16+00:00,0.845
2026-08-26 21:08:24+00:00,0.845
2026-08-26 21:09:13+00:00,0.85
2026-08-26 21:10:14+00:00,0.84
2026-08-26 21:11:13+00:00,0.84
2026-08-26 21:12:13+00:00,0.83
2026-08-26 21:13:28+00:00,0.83
2026-08-26 21:14:26+00:00,0.83
2026-08-26 21:15:14+00:00,0.74
2026-08-26 21:16:13+00:00,0.815
2026-08-26 21:17:12+00:00,0.825
2026-08-26 21:18:12+00:00,0.825
2026-08-26 21:19:09+00:00,0.825
2026-08-26 21:20:17+00:00,0.83
2026-08-26 21:21:13+00:00,0.83
2026-08-26 21:22:13+00:00,0.83
2026-08-26 21:23:13+00:00,0.825
2026-08-26 21:24:13+00:00,0.82
2026-08-26 21:25:13+00:00,0.825
2026-08-26 21:26:09+00:00,0.825
2026-08-26 21:27:13+00:00,0.825
2026-08-26 21:28:13+00:00,0.825
2026-08-26 21:29:25+00:00,0.815
2026-08-26 21:30:15+00:00,0.815
2026-08-26 21:31:13+00:00,0.815
2026-08-26 21:32:09+00:00,0.815
2026-08-26 21:33:16+00:00,0.815
2026-08-26 21:34:12+00:00,0.815
2026-08-26 21:35:13+00:00,0.815
2026-08-26 21:36:13+00:00,0.815
2026-08-26 21:37:12+00:00,0.815
2026-08-26 21:38:13+00:00,0.825
2026-08-26 21:39:13+00:00,0.825
2026-08-26 21:40:14+00:00,0.825
2026-08-26 21:41:13+00:00,0.825
2026-08-26 21:42:10+00:00,0.82
2026-08-26 21:43:13+00:00,0.825
2026-08-26 21:44:14+00:00,0.825
2026-08-26 21:45:32+00:00,0.825
2026-08-26 21:46:13+00:00,0.825
2026-08-26 21:47:13+00:00,0.825
2026-08-26 21:48:28+00:00,0.825
2026-08-26 21:49:28+00:00,0.825
2026-08-26 21:50:10+00:00,0.79
2026-08-26 21:51:24+00:00,0.825
2026-08-26 21:52:13+00:00,0.825
2026-08-26 21:53:13+00:00,0.815
2026-08-26 21:54:13+00:00,0.815
2026-08-26 21:55:12+00:00,0.815
2026-08-26 21:56:13+00:00,0.815
2026-08-26 21:57:09+00:00,0.815
2026-08-26 21:58:12+00:00,0.815
2026-08-26 21:59:16+00:00,0.815
2026-08-26 22:00:15+00:00,0.815
2026-08-26 22:01:13+00:00,0.815
2026-08-26 22:02:13+00:00,0.815
2026-08-26 22:03:13+00:00,0.815
2026-08-26 22:04:12+00:00,0.815
2026-08-26 22:05:25+00:00,0.815
2026-08-26 22:06:13+00:00,0.815
2026-08-26 22:07:09+00:00,0.815
2026-08-26 22:08:12+00:00,0.815
2026-08-26 22:09:13+00:00,0.815
2026-08-26 22:10:12+00:00,0.815
2026-08-26 22:11:13+00:00,0.815
2026-08-26 22:12:17+00:00,0.815
2026-08-26 22:13:12+00:00,0.82
2026-08-26 22:14:12+00:00,0.82
2026-08-26 22:15:15+00:00,0.82
2026-08-26 22:16:13+00:00,0.82
2026-08-26 22:17:13+00:00,0.82
2026-08-26 22:18:13+00:00,0.82
2026-08-26 22:19:13+00:00,0.815
2026-08-26 22:20:13+00:00,0.815
2026-08-26 22:21:13+00:00,0.815
2026-08-26 22:22:12+00:00,0.815
2026-08-26 22:23:13+00:00,0.815
2026-08-26 22:24:13+00:00,0.815
2026-08-26 22:25:29+00:00,0.815
2026-08-26 22:26:12+00:00,0.815
2026-08-26 22:27:13+00:00,0.815
2026-08-26 22:28:13+00:00,0.815
2026-08-26 22:29:12+00:00,0.815
2026-08-26 22:30:26+00:00,0.815
2026-08-26 22:31:13+00:00,0.815
2026-08-26 22:32:12+00:00,0.815
2026-08-26 22:33:13+00:00,0.815
2026-08-26 22:34:12+00:00,0.815
2026-08-26 22:35:13+00:00,0.815
2026-08-26 22:36:13+00:00,0.815
2026-08-26 22:37:09+00:00,0.815
2026-08-26 22:38:16+00:00,0.815
2026-08-26 22:39:23+00:00,0.815
2026-08-26 22:40:14+00:00,0.815
2026-08-26 22:41:13+00:00,0.815
2026-08-26 22:42:09+00:00,0.815
2026-08-26 22:43:13+00:00,0.815
2026-08-26 22:44:13+00:00,0.815
2026-08-26 22:45:14+00:00,0.815
2026-08-26 22:46:13+00:00,0.815
2026-08-26 22:47:28+00:00,0.815
2026-08-26 22:48:12+00:00,0.815
2026-08-26 22:49:12+00:00,0.815
2026-08-26 22:50:15+00:00,0.82
2026-08-26 22:51:16+00:00,0.82
2026-08-26 22:52:24+00:00,0.82
2026-08-26 22:53:12+00:00,0.82
2026-08-26 22:54:27+00:00,0.82
2026-08-26 22:55:25+00:00,0.82
2026-08-26 22:56:13+00:00,0.82
2026-08-26 22:57:09+00:00,0.82
2026-08-26 22:58:24+00:00,0.82
2026-08-26 22:59:12+00:00,0.82
2026-08-26 23:00:17+00:00,0.82
2026-08-26 23:01:14+00:00,0.82
2026-08-26 23:02:13+00:00,0.82
2026-08-26 23:03:12+00:00,0.82
2026-08-26 23:04:15+00:00,0.82
2026-08-26 23:05:13+00:00,0.82
2026-08-26 23:06:13+00:00,0.82
2026-08-26 23:07:09+00:00,0.82
2026-08-26 23:08:13+00:00,0.82
2026-08-26 23:09:27+00:00,0.82
2026-08-26 23:10:20+00:00,0.82
2026-08-26 23:11:12+00:00,0.82
2026-08-26 23:12:22+00:00,0.82
2026-08-26 23:13:12+00:00,0.82
2026-08-26 23:14:13+00:00,0.82
2026-08-26 23:15:10+00:00,0.82
2026-08-26 23:16:26+00:00,0.82
2026-08-26 23:17:15+00:00,0.82
2026-08-26 23:18:13+00:00,0.82
2026-08-26 23:19:13+00:00,0.82
2026-08-26 23:20:11+00:00,0.82
2026-08-26 23:21:12+00:00,0.82
2026-08-26 23:22:09+00:00,0.82
2026-08-26 23:23:14+00:00,0.82
2026-08-26 23:24:13+00:00,0.815
2026-08-26 23:25:13+00:00,0.815
2026-08-26 23:26:14+00:00,0.815
2026-08-26 23:27:25+00:00,0.815
2026-08-26 23:28:12+00:00,0.815
2026-08-26 23:29:13+00:00,0.815
2026-08-26 23:30:14+00:00,0.815
2026-08-26 23:31:12+00:00,0.815
2026-08-26 23:32:10+00:00,0.815
2026-08-26 23:33:12+00:00,0.815
2026-08-26 23:34:13+00:00,0.815
2026-08-26 23:35:13+00:00,0.815
2026-08-26 23:36:13+00:00,0.815
2026-08-26 23:37:09+00:00,0.815
2026-08-26 23:38:13+00:00,0.815
2026-08-26 23:39:13+00:00,0.84
2026-08-26 23:40:17+00:00,0.835
2026-08-26 23:41:26+00:00,0.835
2026-08-26 23:42:09+00:00,0.835
2026-08-26 23:43:13+00:00,0.82
2026-08-26 23:44:13+00:00,0.82
2026-08-26 23:45:13+00:00,0.82
2026-08-26 23:46:12+00:00,0.82
2026-08-26 23:47:13+00:00,0.82
2026-08-26 23:48:25+00:00,0.82
2026-08-26 23:49:13+00:00,0.81
2026-08-26 23:50:12+00:00,0.805
2026-08-26 23:51:12+00:00,0.805
2026-08-26 23:52:13+00:00,0.805
2026-08-26 23:53:15+00:00,0.805
2026-08-26 23:54:12+00:00,0.805
2026-08-26 23:55:13+00:00,0.805
2026-08-26 23:56:13+00:00,0.805
2026-08-26 23:57:15+00:00,0.8
2026-08-26 23:58:12+00:00,0.8
2026-08-26 23:59:24+00:00,0.8
2026-08-27 00:00:19+00:00,0.8
2026-08-27 00:01:12+00:00,0.805
2026-08-27 00:02:26+00:00,0.81
2026-08-27 00:03:13+00:00,0.81
2026-08-27 00:04:12+00:00,0.81
2026-08-27 00:05:12+00:00,0.81
2026-08-27 00:06:09+00:00,0.81
2026-08-27 00:07:24+00:00,0.81
2026-08-27 00:08:27+00:00,0.81
2026-08-27 00:09:24+00:00,0.805
2026-08-27 00:10:13+00:00,0.805
2026-08-27 00:11:09+00:00,0.805
2026-08-27 00:12:13+00:00,0.81
2026-08-27 00:13:26+00:00,0.81
2026-08-27 00:14:12+00:00,0.81
2026-08-27 00:15:12+00:00,0.81
2026-08-27 00:16:12+00:00,0.805
2026-08-27 00:17:12+00:00,0.805
2026-08-27 00:18:12+00:00,0.805
2026-08-27 00:19:13+00:00,0.805
2026-08-27 00:20:12+00:00,0.76
2026-08-27 00:21:14+00:00,0.76
2026-08-27 00:22:12+00:00,0.755
2026-08-27 00:23:13+00:00,0.755
2026-08-27 00:24:12+00:00,0.755
2026-08-27 00:25:13+00:00,0.755
2026-08-27 00:26:12+00:00,0.755
2026-08-27 00:27:28+00:00,0.755
2026-08-27 00:28:12+00:00,0.77
2026-08-27 00:29:25+00:00,0.765
2026-08-27 00:30:25+00:00,0.765
2026-08-27 00:31:09+00:00,0.765
2026-08-27 00:32:10+00:00,0.765
2026-08-27 00:33:12+00:00,0.765
2026-08-27 00:34:13+00:00,0.765
2026-08-27 00:35:12+00:00,0.765
2026-08-27 00:36:09+00:00,0.775
2026-08-27 00:37:12+00:00,0.775
2026-08-27 00:38:13+00:00,0.775
2026-08-27 00:39:13+00:00,0.775
2026-08-27 00:40:14+00:00,0.775
2026-08-27 00:41:14+00:00,0.775
2026-08-27 00:42:13+00:00,0.775
2026-08-27 00:43:13+00:00,0.775
2026-08-27 00:44:13+00:00,0.775
2026-08-27 00:45:13+00:00,0.775
2026-08-27 00:46:12+00:00,0.775
2026-08-27 00:47:13+00:00,0.775
2026-08-27 00:48:13+00:00,0.78
2026-08-27 00:49:12+00:00,0.78
2026-08-27 00:50:13+00:00,0.78
2026-08-27 00:51:13+00:00,0.78
2026-08-27 00:52:13+00:00,0.78
2026-08-27 00:53:13+00:00,0.78
2026-08-27 00:54:13+00:00,0.78
2026-08-27 00:55:13+00:00,0.78
2026-08-27 00:56:13+00:00,0.78
2026-08-27 00:57:12+00:00,0.78
2026-08-27 00:58:14+00:00,0.78
2026-08-27 00:59:13+00:00,0.78
2026-08-27 01:00:15+00:00,0.78
2026-08-27 01:01:14+00:00,0.78
2026-08-27 01:02:14+00:00,0.78
2026-08-27 01:03:27+00:00,0.78
2026-08-27 01:04:13+00:00,0.78
2026-08-27 01:05:13+00:00,0.78
2026-08-27 01:06:13+00:00,0.78
2026-08-27 01:07:26+00:00,0.78
2026-08-27 01:08:13+00:00,0.78
2026-08-27 01:09:12+00:00,0.78
2026-08-27 01:10:24+00:00,0.78
2026-08-27 01:11:12+00:00,0.78
2026-08-27 01:12:13+00:00,0.78
2026-08-27 01:13:15+00:00,0.78
2026-08-27 01:14:13+00:00,0.78
2026-08-27 01:15:10+00:00,0.78
2026-08-27 01:16:13+00:00,0.78
2026-08-27 01:17:14+00:00,0.78
2026-08-27 01:18:09+00:00,0.79
2026-08-27 01:19:13+00:00,0.79
2026-08-27 01:20:10+00:00,0.79
2026-08-27 01:21:12+00:00,0.79
2026-08-27 01:22:09+00:00,0.78
2026-08-27 01:23:13+00:00,0.78
2026-08-27 01:24:12+00:00,0.78
2026-08-27 01:25:15+00:00,0.78
2026-08-27 01:26:10+00:00,0.82
2026-08-27 01:27:09+00:00,0.825
2026-08-27 01:28:12+00:00,0.825
2026-08-27 01:29:14+00:00,0.795
2026-08-27 01:30:14+00:00,0.795
2026-08-27 01:31:13+00:00,0.805
2026-08-27 01:32:09+00:00,0.875
2026-08-27 01:33:13+00:00,0.83
2026-08-27 01:34:13+00:00,0.83
2026-08-27 01:35:10+00:00,0.835
2026-08-27 01:36:09+00:00,0.835
2026-08-27 01:37:13+00:00,0.835
2026-08-27 01:38:15+00:00,0.835
2026-08-27 01:39:14+00:00,0.835
2026-08-27 01:40:13+00:00,0.835
2026-08-27 01:41:13+00:00,0.84
2026-08-27 01:42:12+00:00,0.845
2026-08-27 01:43:13+00:00,0.84
2026-08-27 01:44:13+00:00,0.845
2026-08-27 01:45:13+00:00,0.845
2026-08-27 01:46:13+00:00,0.845
2026-08-27 01:47:27+00:00,0.845
2026-08-27 01:48:13+00:00,0.83
2026-08-27 01:49:13+00:00,0.835
2026-08-27 01:50:13+00:00,0.835
2026-08-27 01:51:14+00:00,0.835
2026-08-27 01:52:22+00:00,0.82
2026-08-27 01:53:13+00:00,0.825
2026-08-27 01:54:12+00:00,0.875
2026-08-27 01:55:13+00:00,0.825
2026-08-27 01:56:13+00:00,0.825
2026-08-27 01:57:13+00:00,0.825
2026-08-27 01:58:13+00:00,0.825
2026-08-27 01:59:13+00:00,0.825
2026-08-27 02:00:26+00:00,0.88
2026-08-27 02:01:13+00:00,0.88
2026-08-27 02:02:09+00:00,0.855
2026-08-27 02:03:25+00:00,0.78
2026-08-27 02:04:13+00:00,0.78
2026-08-27 02:05:26+00:00,0.78
2026-08-27 02:06:09+00:00,0.78
2026-08-27 02:07:13+00:00,0.78
2026-08-27 02:08:13+00:00,0.78
2026-08-27 02:09:13+00:00,0.78
2026-08-27 02:10:13+00:00,0.78
2026-08-27 02:11:13+00:00,0.78
2026-08-27 02:12:10+00:00,0.78
2026-08-27 02:13:13+00:00,0.78
2026-08-27 02:14:12+00:00,0.78
2026-08-27 02:15:10+00:00,0.78
2026-08-27 02:16:13+00:00,0.78
2026-08-27 02:17:09+00:00,0.78
2026-08-27 02:18:29+00:00,0.78
2026-08-27 02:19:13+00:00,0.78
2026-08-27 02:20:09+00:00,0.78
2026-08-27 02:21:13+00:00,0.78
2026-08-27 02:22:13+00:00,0.78
2026-08-27 02:23:25+00:00,0.86
2026-08-27 02:24:13+00:00,0.86
2026-08-27 02:25:14+00:00,0.875
2026-08-27 02:26:14+00:00,0.875
2026-08-27 02:27:13+00:00,0.875
2026-08-27 02:28:13+00:00,0.875
2026-08-27 02:29:14+00:00,0.875
2026-08-27 02:30:12+00:00,0.875
2026-08-27 02:31:12+00:00,0.875
2026-08-27 02:32:13+00:00,0.875
2026-08-27 02:33:12+00:00,0.875
2026-08-27 02:34:13+00:00,0.875
2026-08-27 02:35:13+00:00,0.875
2026-08-27 02:36:13+00:00,0.875
2026-08-27 02:37:10+00:00,0.875
2026-08-27 02:38:13+00:00,0.875
2026-08-27 02:39:13+00:00,0.875
2026-08-27 02:40:14+00:00,0.875
2026-08-27 02:41:13+00:00,0.875
2026-08-27 02:42:30+00:00,0.8
2026-08-27 02:43:13+00:00,0.8
2026-08-27 02:44:12+00:00,0.8
2026-08-27 02:45:14+00:00,0.8
2026-08-27 02:46:13+00:00,0.8
2026-08-27 02:47:13+00:00,0.8
2026-08-27 02:48:13+00:00,0.8
2026-08-27 02:49:13+00:00,0.875
2026-08-27 02:50:14+00:00,0.875
2026-08-27 02:51:13+00:00,0.88
2026-08-27 02:52:09+00:00,0.88
2026-08-27 02:53:26+00:00,0.88
2026-08-27 02:54:13+00:00,0.88
2026-08-27 02:55:16+00:00,0.88
2026-08-27 02:56:13+00:00,0.88
2026-08-27 02:57:10+00:00,0.88
2026-08-27 02:58:16+00:00,0.88
2026-08-27 02:59:13+00:00,0.88
2026-08-27 03:00:14+00:00,0.88
2026-08-27 03:01:14+00:00,0.88
2026-08-27 03:02:14+00:00,0.88
2026-08-27 03:03:09+00:00,0.88
2026-08-27 03:04:13+00:00,0.88
2026-08-27 03:05:10+00:00,0.88
2026-08-27 03:06:24+00:00,0.88
2026-08-27 03:07:10+00:00,0.88
2026-08-27 03:08:27+00:00,0.88
2026-08-27 03:09:12+00:00,0.88
2026-08-27 03:10:09+00:00,0.88
2026-08-27 03:11:15+00:00,0.88
2026-08-27 03:12:09+00:00,0.88
2026-08-27 03:13:13+00:00,0.88
2026-08-27 03:14:12+00:00,0.88
2026-08-27 03:15:10+00:00,0.88
2026-08-27 03:16:13+00:00,0.88
2026-08-27 03:17:09+00:00,0.88
2026-08-27 03:18:13+00:00,0.88
2026-08-27 03:19:13+00:00,0.88
2026-08-27 03:20:10+00:00,0.885
2026-08-27 03:21:10+00:00,0.885
2026-08-27 03:22:09+00:00,0.885
2026-08-27 03:23:12+00:00,0.89
2026-08-27 03:24:15+00:00,0.89
2026-08-27 03:25:13+00:00,0.88
2026-08-27 03:26:24+00:00,0.88
2026-08-27 03:27:13+00:00,0.88
2026-08-27 03:28:13+00:00,0.88
2026-08-27 03:29:13+00:00,0.88
2026-08-27 03:30:13+00:00,0.88
2026-08-27 03:31:09+00:00,0.88
2026-08-27 03:32:09+00:00,0.88
2026-08-27 03:33:13+00:00,0.88
2026-08-27 03:34:13+00:00,0.88
2026-08-27 03:35:10+00:00,0.88
2026-08-27 03:36:13+00:00,0.88
2026-08-27 03:37:10+00:00,0.88
2026-08-27 03:38:13+00:00,0.88
2026-08-27 03:39:13+00:00,0.88
2026-08-27 03:40:13+00:00,0.88
2026-08-27 03:41:13+00:00,0.88
2026-08-27 03:42:09+00:00,0.88
2026-08-27 03:43:16+00:00,0.88
2026-08-27 03:44:13+00:00,0.88
2026-08-27 03:45:10+00:00,0.88
2026-08-27 03:46:09+00:00,0.88
2026-08-27 03:47:28+00:00,0.88
2026-08-27 03:48:12+00:00,0.88
2026-08-27 03:49:13+00:00,0.88
2026-08-27 03:50:10+00:00,0.88
2026-08-27 03:51:13+00:00,0.88
2026-08-27 03:52:13+00:00,0.88
2026-08-27 03:53:13+00:00,0.88
2026-08-27 03:54:13+00:00,0.88
2026-08-27 03:55:13+00:00,0.88
2026-08-27 03:56:16+00:00,0.88
2026-08-27 03:57:09+00:00,0.88
2026-08-27 03:58:13+00:00,0.88
2026-08-27 03:59:13+00:00,0.88
2026-08-27 04:00:15+00:00,0.88
2026-08-27 04:01:13+00:00,0.88
2026-08-27 04:02:12+00:00,0.88
2026-08-27 04:03:13+00:00,0.88
2026-08-27 04:04:12+00:00,0.88
2026-08-27 04:05:09+00:00,0.88
2026-08-27 04:06:13+00:00,0.88
2026-08-27 04:07:09+00:00,0.805
2026-08-27 04:08:14+00:00,0.805
2026-08-27 04:09:16+00:00,0.805
2026-08-27 04:10:14+00:00,0.805
2026-08-27 04:11:09+00:00,0.805
2026-08-27 04:12:14+00:00,0.805
2026-08-27 04:13:13+00:00,0.805
2026-08-27 04:14:13+00:00,0.805
2026-08-27 04:15:13+00:00,0.805
2026-08-27 04:16:13+00:00,0.805
2026-08-27 04:17:09+00:00,0.805
2026-08-27 04:18:13+00:00,0.805
2026-08-27 04:19:28+00:00,0.805
2026-08-27 04:20:13+00:00,0.805
2026-08-27 04:21:13+00:00,0.81
2026-08-27 04:22:13+00:00,0.81
2026-08-27 04:23:13+00:00,0.81
2026-08-27 04:24:12+00:00,0.81
2026-08-27 04:25:14+00:00,0.81
2026-08-27 04:26:12+00:00,0.81
2026-08-27 04:27:10+00:00,0.81
2026-08-27 04:28:13+00:00,0.81
2026-08-27 04:29:13+00:00,0.81
2026-08-27 04:30:14+00:00,0.81
2026-08-27 04:31:12+00:00,0.815
2026-08-27 04:32:12+00:00,0.815
2026-08-27 04:33:13+00:00,0.815
2026-08-27 04:34:09+00:00,0.815
2026-08-27 04:35:16+00:00,0.815
2026-08-27 04:36:12+00:00,0.815
2026-08-27 04:37:13+00:00,0.815
2026-08-27 04:38:12+00:00,0.815
2026-08-27 04:39:12+00:00,0.815
2026-08-27 04:40:13+00:00,0.815
2026-08-27 04:41:12+00:00,0.82
2026-08-27 04:42:13+00:00,0.815
2026-08-27 04:43:13+00:00,0.815
2026-08-27 04:44:13+00:00,0.815
2026-08-27 04:45:13+00:00,0.815
2026-08-27 04:46:13+00:00,0.815
2026-08-27 04:47:13+00:00,0.815
2026-08-27 04:48:17+00:00,0.815
2026-08-27 04:49:12+00:00,0.815
2026-08-27 04:50:15+00:00,0.815
2026-08-27 04:51:13+00:00,0.82
2026-08-27 04:52:12+00:00,0.82
2026-08-27 04:53:13+00:00,0.82
2026-08-27 04:54:15+00:00,0.82
2026-08-27 04:55:13+00:00,0.82
2026-08-27 04:56:13+00:00,0.82
2026-08-27 04:57:13+00:00,0.82
2026-08-27 04:58:13+00:00,0.855
2026-08-27 04:59:13+00:00,0.85
2026-08-27 05:00:14+00:00,0.855
2026-08-27 05:01:15+00:00,0.855
2026-08-27 05:02:13+00:00,0.855
2026-08-27 05:03:12+00:00,0.855
2026-08-27 05:04:13+00:00,0.855
2026-08-27 05:05:13+00:00,0.855
2026-08-27 05:06:13+00:00,0.855
2026-08-27 05:07:13+00:00,0.855
2026-08-27 05:08:13+00:00,0.895
2026-08-27 05:09:13+00:00,0.895
2026-08-27 05:10:14+00:00,0.89
2026-08-27 05:11:13+00:00,0.89
2026-08-27 05:12:13+00:00,0.89
2026-08-27 05:13:13+00:00,0.89
2026-08-27 05:14:16+00:00,0.89
2026-08-27 05:15:14+00:00,0.89
2026-08-27 05:16:10+00:00,0.89
2026-08-27 05:17:13+00:00,0.89
2026-08-27 05:18:29+00:00,0.89
2026-08-27 05:19:13+00:00,0.835
2026-08-27 05:20:10+00:00,0.835
2026-08-27 05:21:14+00:00,0.83
2026-08-27 05:22:09+00:00,0.83
2026-08-27 05:23:14+00:00,0.83
2026-08-27 05:24:13+00:00,0.83
2026-08-27 05:25:14+00:00,0.83
2026-08-27 05:26:10+00:00,0.885
2026-08-27 05:27:26+00:00,0.89
2026-08-27 05:28:13+00:00,0.89
2026-08-27 05:29:14+00:00,0.885
2026-08-27 05:30:11+00:00,0.885
2026-08-27 05:31:09+00:00,0.885
2026-08-27 05:32:10+00:00,0.885
2026-08-27 05:33:13+00:00,0.885
2026-08-27 05:34:13+00:00,0.885
2026-08-27 05:35:09+00:00,0.885
2026-08-27 05:36:13+00:00,0.885
2026-08-27 05:37:09+00:00,0.885
2026-08-27 05:38:13+00:00,0.885
2026-08-27 05:39:13+00:00,0.885
2026-08-27 05:40:17+00:00,0.885
2026-08-27 05:41:23+00:00,0.885
2026-08-27 05:42:10+00:00,0.885
2026-08-27 05:43:26+00:00,0.885
2026-08-27 05:44:14+00:00,0.885
2026-08-27 05:45:13+00:00,0.885
2026-08-27 05:46:13+00:00,0.885
2026-08-27 05:47:10+00:00,0.885
2026-08-27 05:48:13+00:00,0.885
2026-08-27 05:49:13+00:00,0.885
2026-08-27 05:50:24+00:00,0.89
2026-08-27 05:51:09+00:00,0.83
2026-08-27 05:52:27+00:00,0.82
2026-08-27 05:53:13+00:00,0.81
2026-08-27 05:54:13+00:00,0.81
2026-08-27 05:55:14+00:00,0.81
2026-08-27 05:56:13+00:00,0.81
2026-08-27 05:57:13+00:00,0.875
2026-08-27 05:58:13+00:00,0.875
2026-08-27 05:59:13+00:00,0.88
2026-08-27 06:00:15+00:00,0.885
2026-08-27 06:01:12+00:00,0.88
2026-08-27 06:02:09+00:00,0.885
2026-08-27 06:03:12+00:00,0.885
2026-08-27 06:04:12+00:00,0.885
2026-08-27 06:05:09+00:00,0.885
2026-08-27 06:06:09+00:00,0.885
2026-08-27 06:07:09+00:00,0.88
2026-08-27 06:08:26+00:00,0.88
2026-08-27 06:09:13+00:00,0.88
2026-08-27 06:10:14+00:00,0.88
2026-08-27 06:11:25+00:00,0.88
2026-08-27 06:12:09+00:00,0.88
2026-08-27 06:13:12+00:00,0.88
2026-08-27 06:14:12+00:00,0.88
2026-08-27 06:15:09+00:00,0.88
2026-08-27 06:16:13+00:00,0.88
2026-08-27 06:17:10+00:00,0.88
2026-08-27 06:18:12+00:00,0.88
2026-08-27 06:19:13+00:00,0.88
2026-08-27 06:20:09+00:00,0.88
2026-08-27 06:21:09+00:00,0.83
2026-08-27 06:22:09+00:00,0.825
2026-08-27 06:23:12+00:00,0.825
2026-08-27 06:24:12+00:00,0.825
2026-08-27 06:25:14+00:00,0.825
2026-08-27 06:26:09+00:00,0.825
2026-08-27 06:27:09+00:00,0.825
2026-08-27 06:28:13+00:00,0.89
2026-08-27 06:29:13+00:00,0.89
2026-08-27 06:30:13+00:00,0.89
2026-08-27 06:31:09+00:00,0.89
2026-08-27 06:32:09+00:00,0.89
2026-08-27 06:33:24+00:00,0.89
2026-08-27 06:34:13+00:00,0.89
2026-08-27 06:35:14+00:00,0.885
2026-08-27 06:36:10+00:00,0.885
2026-08-27 06:37:09+00:00,0.885
2026-08-27 06:38:13+00:00,0.885
2026-08-27 06:39:13+00:00,0.885
2026-08-27 06:40:10+00:00,0.885
2026-08-27 06:41:13+00:00,0.885
2026-08-27 06:42:12+00:00,0.885
2026-08-27 06:43:12+00:00,0.885
2026-08-27 06:44:12+00:00,0.885
2026-08-27 06:45:13+00:00,0.885
2026-08-27 06:46:12+00:00,0.885
2026-08-27 06:47:10+00:00,0.885
2026-08-27 06:48:13+00:00,0.885
2026-08-27 06:49:13+00:00,0.89
2026-08-27 06:50:10+00:00,0.83
2026-08-27 06:51:12+00:00,0.825
2026-08-27 06:52:09+00:00,0.825
2026-08-27 06:53:14+00:00,0.825
2026-08-27 06:54:12+00:00,0.825
2026-08-27 06:55:13+00:00,0.825
2026-08-27 06:56:13+00:00,0.885
2026-08-27 06:57:24+00:00,0.885
2026-08-27 06:58:13+00:00,0.885
2026-08-27 06:59:12+00:00,0.885
2026-08-27 07:00:32+00:00,0.885
2026-08-27 07:01:28+00:00,0.885
2026-08-27 07:02:09+00:00,0.885
2026-08-27 07:03:13+00:00,0.885
2026-08-27 07:04:13+00:00,0.885
2026-08-27 07:05:09+00:00,0.885
2026-08-27 07:06:10+00:00,0.885
2026-08-27 07:07:10+00:00,0.885
2026-08-27 07:08:14+00:00,0.885
2026-08-27 07:09:13+00:00,0.885
2026-08-27 07:10:14+00:00,0.885
2026-08-27 07:11:12+00:00,0.885
2026-08-27 07:12:09+00:00,0.885
2026-08-27 07:13:13+00:00,0.885
2026-08-27 07:14:12+00:00,0.89
2026-08-27 07:15:10+00:00,0.89
2026-08-27 07:16:09+00:00,0.89
2026-08-27 07:17:12+00:00,0.89
2026-08-27 07:18:13+00:00,0.885
2026-08-27 07:19:12+00:00,0.885
2026-08-27 07:20:12+00:00,0.885
2026-08-27 07:21:12+00:00,0.885
2026-08-27 07:22:09+00:00,0.885
2026-08-27 07:23:13+00:00,0.885
2026-08-27 07:24:12+00:00,0.885
2026-08-27 07:25:13+00:00,0.885
2026-08-27 07:26:09+00:00,0.885
2026-08-27 07:27:09+00:00,0.885
2026-08-27 07:28:13+00:00,0.885
2026-08-27 07:29:12+00:00,0.885
2026-08-27 07:30:09+00:00,0.885
2026-08-27 07:31:09+00:00,0.885
2026-08-27 07:32:12+00:00,0.885
2026-08-27 07:33:14+00:00,0.885
2026-08-27 07:34:13+00:00,0.885
2026-08-27 07:35:09+00:00,0.885
2026-08-27 07:36:27+00:00,0.885
2026-08-27 07:37:12+00:00,0.885
2026-08-27 07:38:13+00:00,0.885
2026-08-27 07:39:13+00:00,0.885
2026-08-27 07:40:14+00:00,0.885
2026-08-27 07:41:09+00:00,0.885
2026-08-27 07:42:09+00:00,0.885
2026-08-27 07:43:13+00:00,0.885
2026-08-27 07:44:12+00:00,0.89
2026-08-27 07:45:23+00:00,0.885
2026-08-27 07:46:14+00:00,0.885
2026-08-27 07:47:09+00:00,0.885
2026-08-27 07:48:13+00:00,0.885
2026-08-27 07:49:12+00:00,0.885
2026-08-27 07:50:09+00:00,0.885
2026-08-27 07:51:13+00:00,0.835
2026-08-27 07:52:09+00:00,0.835
2026-08-27 07:53:12+00:00,0.825
2026-08-27 07:54:12+00:00,0.825
2026-08-27 07:55:13+00:00,0.825
2026-08-27 07:56:12+00:00,0.875
2026-08-27 07:57:09+00:00,0.88
2026-08-27 07:58:27+00:00,0.89
2026-08-27 07:59:11+00:00,0.89
2026-08-27 08:00:14+00:00,0.88
2026-08-27 08:01:13+00:00,0.87
2026-08-27 08:02:09+00:00,0.86
2026-08-27 08:03:12+00:00,0.85
2026-08-27 08:04:12+00:00,0.785
2026-08-27 08:05:10+00:00,0.765
2026-08-27 08:06:09+00:00,0.765
2026-08-27 08:07:13+00:00,0.765
2026-08-27 08:08:12+00:00,0.765
2026-08-27 08:09:12+00:00,0.765
2026-08-27 08:10:13+00:00,0.765
2026-08-27 08:11:13+00:00,0.765
2026-08-27 08:12:11+00:00,0.765
2026-08-27 08:13:13+00:00,0.765
2026-08-27 08:14:25+00:00,0.765
2026-08-27 08:15:09+00:00,0.765
2026-08-27 08:16:09+00:00,0.765
2026-08-27 08:17:12+00:00,0.765
2026-08-27 08:18:12+00:00,0.765
2026-08-27 08:19:09+00:00,0.765
2026-08-27 08:20:13+00:00,0.765
2026-08-27 08:21:26+00:00,0.765
2026-08-27 08:22:09+00:00,0.765
2026-08-27 08:23:13+00:00,0.765
2026-08-27 08:24:12+00:00,0.83
2026-08-27 08:25:16+00:00,0.835
2026-08-27 08:26:13+00:00,0.82
2026-08-27 08:27:24+00:00,0.83
2026-08-27 08:28:13+00:00,0.83
2026-08-27 08:29:12+00:00,0.83
2026-08-27 08:30:14+00:00,0.82
2026-08-27 08:31:09+00:00,0.82
2026-08-27 08:32:28+00:00,0.82
2026-08-27 08:33:10+00:00,0.8
2026-08-27 08:34:13+00:00,0.735
2026-08-27 08:35:27+00:00,0.725
2026-08-27 08:36:10+00:00,0.725
2026-08-27 08:37:27+00:00,0.725
2026-08-27 08:38:16+00:00,0.725
2026-08-27 08:39:12+00:00,0.725
2026-08-27 08:40:13+00:00,0.725
2026-08-27 08:41:09+00:00,0.725
2026-08-27 08:42:09+00:00,0.725
2026-08-27 08:43:12+00:00,0.725
2026-08-27 08:44:13+00:00,0.715
2026-08-27 08:45:24+00:00,0.72
2026-08-27 08:46:09+00:00,0.72
2026-08-27 08:47:09+00:00,0.72
2026-08-27 08:48:26+00:00,0.72
2026-08-27 08:49:13+00:00,0.72
2026-08-27 08:50:10+00:00,0.72
2026-08-27 08:51:12+00:00,0.72
2026-08-27 08:52:09+00:00,0.72
2026-08-27 08:53:12+00:00,0.72
2026-08-27 08:54:13+00:00,0.72
2026-08-27 08:55:13+00:00,0.72
2026-08-27 08:56:12+00:00,0.72
2026-08-27 08:57:09+00:00,0.72
2026-08-27 08:58:12+00:00,0.72
2026-08-27 08:59:10+00:00,0.72
2026-08-27 09:00:15+00:00,0.72
2026-08-27 09:01:13+00:00,0.72
2026-08-27 09:02:09+00:00,0.72
2026-08-27 09:03:13+00:00,0.72
2026-08-27 09:04:15+00:00,0.72
2026-08-27 09:05:28+00:00,0.72
2026-08-27 09:06:09+00:00,0.72
2026-08-27 09:07:12+00:00,0.72
2026-08-27 09:08:12+00:00,0.72
2026-08-27 09:09:12+00:00,0.72
2026-08-27 09:10:13+00:00,0.72
2026-08-27 09:11:13+00:00,0.72
2026-08-27 09:12:13+00:00,0.72
2026-08-27 09:13:09+00:00,0.72
2026-08-27 09:14:13+00:00,0.72
2026-08-27 09:15:27+00:00,0.72
2026-08-27 09:16:13+00:00,0.72
2026-08-27 09:17:12+00:00,0.72
2026-08-27 09:18:13+00:00,0.72
2026-08-27 09:19:12+00:00,0.72
2026-08-27 09:20:13+00:00,0.72
2026-08-27 09:21:09+00:00,0.705
2026-08-27 09:22:09+00:00,0.705
2026-08-27 09:23:12+00:00,0.705
2026-08-27 09:24:13+00:00,0.705
2026-08-27 09:25:09+00:00,0.705
2026-08-27 09:26:09+00:00,0.705
2026-08-27 09:27:09+00:00,0.705
2026-08-27 09:28:13+00:00,0.705
2026-08-27 09:29:13+00:00,0.705
2026-08-27 09:30:13+00:00,0.705
2026-08-27 09:31:13+00:00,0.705
2026-08-27 09:32:10+00:00,0.705
2026-08-27 09:33:13+00:00,0.705
2026-08-27 09:34:13+00:00,0.705
2026-08-27 09:35:13+00:00,0.705
2026-08-27 09:36:09+00:00,0.815
2026-08-27 09:37:09+00:00,0.815
2026-08-27 09:38:12+00:00,0.815
2026-08-27 09:39:12+00:00,0.815
2026-08-27 09:40:13+00:00,0.815
2026-08-27 09:41:09+00:00,0.68
2026-08-27 09:42:09+00:00,0.68
2026-08-27 09:43:12+00:00,0.68
2026-08-27 09:44:10+00:00,0.68
2026-08-27 09:45:13+00:00,0.68
2026-08-27 09:46:13+00:00,0.68
2026-08-27 09:47:13+00:00,0.68
2026-08-27 09:48:16+00:00,0.68
2026-08-27 09:49:13+00:00,0.68
2026-08-27 09:50:10+00:00,0.68
2026-08-27 09:51:13+00:00,0.68
2026-08-27 09:52:09+00:00,0.68
2026-08-27 09:53:13+00:00,0.68
2026-08-27 09:54:13+00:00,0.68
2026-08-27 09:55:13+00:00,0.68
2026-08-27 09:56:13+00:00,0.68
2026-08-27 09:57:09+00:00,0.68
2026-08-27 09:58:09+00:00,0.68
2026-08-27 09:59:13+00:00,0.68
2026-08-27 10:00:11+00:00,0.68
2026-08-27 10:01:17+00:00,0.82
2026-08-27 10:02:09+00:00,0.82
2026-08-27 10:03:13+00:00,0.76
2026-08-27 10:04:13+00:00,0.76
2026-08-27 10:05:10+00:00,0.76
2026-08-27 10:06:13+00:00,0.76
2026-08-27 10:07:13+00:00,0.695
2026-08-27 10:08:13+00:00,0.695
2026-08-27 10:09:13+00:00,0.695
2026-08-27 10:10:13+00:00,0.695
2026-08-27 10:11:13+00:00,0.695
2026-08-27 10:12:10+00:00,0.695
2026-08-27 10:13:13+00:00,0.695
2026-08-27 10:14:16+00:00,0.695
2026-08-27 10:15:14+00:00,0.695
2026-08-27 10:16:09+00:00,0.695
2026-08-27 10:17:13+00:00,0.695
2026-08-27 10:18:13+00:00,0.695
2026-08-27 10:19:13+00:00,0.695
2026-08-27 10:20:17+00:00,0.695
2026-08-27 10:21:13+00:00,0.76
2026-08-27 10:22:26+00:00,0.76
2026-08-27 10:23:12+00:00,0.76
2026-08-27 10:24:13+00:00,0.76
2026-08-27 10:25:26+00:00,0.77
2026-08-27 10:26:30+00:00,0.77
2026-08-27 10:27:09+00:00,0.765
2026-08-27 10:28:13+00:00,0.75
2026-08-27 10:29:13+00:00,0.75
2026-08-27 10:30:13+00:00,0.75
2026-08-27 10:31:09+00:00,0.75
2026-08-27 10:32:09+00:00,0.75
2026-08-27 10:33:16+00:00,0.75
2026-08-27 10:34:13+00:00,0.81
2026-08-27 10:35:13+00:00,0.815
2026-08-27 10:36:09+00:00,0.815
2026-08-27 10:37:09+00:00,0.805
2026-08-27 10:38:14+00:00,0.81
2026-08-27 10:39:13+00:00,0.81
2026-08-27 10:40:13+00:00,0.81
2026-08-27 10:41:26+00:00,0.845
2026-08-27 10:42:09+00:00,0.845
2026-08-27 10:43:13+00:00,0.845
2026-08-27 10:44:13+00:00,0.845
2026-08-27 10:45:09+00:00,0.845
2026-08-27 10:46:12+00:00,0.845
2026-08-27 10:47:22+00:00,0.845
2026-08-27 10:48:13+00:00,0.845
2026-08-27 10:49:12+00:00,0.845
2026-08-27 10:50:12+00:00,0.845
2026-08-27 10:51:14+00:00,0.845
2026-08-27 10:52:22+00:00,0.755
2026-08-27 10:53:12+00:00,0.755
2026-08-27 10:54:13+00:00,0.755
2026-08-27 10:55:13+00:00,0.75
2026-08-27 10:56:13+00:00,0.75
2026-08-27 10:57:09+00:00,0.845
2026-08-27 10:58:15+00:00,0.81
2026-08-27 10:59:13+00:00,0.81
2026-08-27 11:00:15+00:00,0.815
2026-08-27 11:01:12+00:00,0.815
2026-08-27 11:02:09+00:00,0.815
2026-08-27 11:03:13+00:00,0.85
2026-08-27 11:04:12+00:00,0.82
2026-08-27 11:05:10+00:00,0.755
2026-08-27 11:06:13+00:00,0.805
2026-08-27 11:07:23+00:00,0.795
2026-08-27 11:08:13+00:00,0.795
2026-08-27 11:09:13+00:00,0.795
2026-08-27 11:10:12+00:00,0.795
2026-08-27 11:11:12+00:00,0.795
2026-08-27 11:12:10+00:00,0.79
2026-08-27 11:13:13+00:00,0.79
2026-08-27 11:14:13+00:00,0.78
2026-08-27 11:15:11+00:00,0.79
2026-08-27 11:16:13+00:00,0.79
2026-08-27 11:17:13+00:00,0.79
2026-08-27 11:18:12+00:00,0.79
2026-08-27 11:19:12+00:00,0.865
2026-08-27 11:20:09+00:00,0.805
2026-08-27 11:21:12+00:00,0.805
2026-08-27 11:22:13+00:00,0.805
2026-08-27 11:23:12+00:00,0.805
2026-08-27 11:24:16+00:00,0.89
2026-08-27 11:25:14+00:00,0.89
2026-08-27 11:26:12+00:00,0.89
2026-08-27 11:27:09+00:00,0.875
2026-08-27 11:28:13+00:00,0.86
2026-08-27 11:29:26+00:00,0.865
2026-08-27 11:30:10+00:00,0.865
2026-08-27 11:31:09+00:00,0.865
2026-08-27 11:32:09+00:00,0.865
2026-08-27 11:33:13+00:00,0.865
2026-08-27 11:34:13+00:00,0.85
2026-08-27 11:35:13+00:00,0.86
2026-08-27 11:36:10+00:00,0.86
2026-08-27 11:37:13+00:00,0.86
2026-08-27 11:38:13+00:00,0.86
2026-08-27 11:39:13+00:00,0.86
2026-08-27 11:40:13+00:00,0.86
2026-08-27 11:41:09+00:00,0.825
2026-08-27 11:42:09+00:00,0.825
2026-08-27 11:43:13+00:00,0.825
2026-08-27 11:44:12+00:00,0.825
2026-08-27 11:45:10+00:00,0.825
2026-08-27 11:46:13+00:00,0.825
2026-08-27 11:47:09+00:00,0.825
2026-08-27 11:48:13+00:00,0.825
2026-08-27 11:49:28+00:00,0.825
2026-08-27 11:50:10+00:00,0.81
2026-08-27 11:51:10+00:00,0.81
2026-08-27 11:52:13+00:00,0.815
2026-08-27 11:53:13+00:00,0.88
2026-08-27 11:54:13+00:00,0.86
2026-08-27 11:55:13+00:00,0.87
2026-08-27 11:56:13+00:00,0.86
2026-08-27 11:57:09+00:00,0.86
2026-08-27 11:58:12+00:00,0.86
2026-08-27 11:59:12+00:00,0.86
2026-08-27 12:00:33+00:00,0.86
2026-08-27 12:01:12+00:00,0.86
2026-08-27 12:02:09+00:00,0.87
2026-08-27 12:03:12+00:00,0.815
2026-08-27 12:04:13+00:00,0.815
2026-08-27 12:05:13+00:00,0.815
2026-08-27 12:06:09+00:00,0.83
2026-08-27 12:07:08+00:00,0.835
2026-08-27 12:08:13+00:00,0.84
2026-08-27 12:09:12+00:00,0.84
2026-08-27 12:10:12+00:00,0.84
2026-08-27 12:11:12+00:00,0.845
2026-08-27 12:12:08+00:00,0.845
2026-08-27 12:13:12+00:00,0.845
2026-08-27 12:14:12+00:00,0.85
2026-08-27 12:15:13+00:00,0.85
2026-08-27 12:16:13+00:00,0.855
2026-08-27 12:17:13+00:00,0.855
2026-08-27 12:17:38+00:00,0.855
2026-08-27 12:18:09+00:00,0.855
2026-08-27 12:19:26+00:00,0.86
2026-08-27 12:20:13+00:00,0.86
2026-08-27 12:21:12+00:00,0.81
2026-08-27 12:22:09+00:00,0.815
2026-08-27 12:23:26+00:00,0.825
2026-08-27 12:24:12+00:00,0.825
2026-08-27 12:25:13+00:00,0.835
2026-08-27 12:26:12+00:00,0.83
2026-08-27 12:27:13+00:00,0.835
2026-08-27 12:28:12+00:00,0.835
2026-08-27 12:29:13+00:00,0.775
2026-08-27 12:30:13+00:00,0.78
2026-08-27 12:31:12+00:00,0.78
2026-08-27 12:32:12+00:00,0.78
2026-08-27 12:33:12+00:00,0.78
2026-08-27 12:34:13+00:00,0.78
2026-08-27 12:35:13+00:00,0.78
2026-08-27 12:36:12+00:00,0.78
2026-08-27 12:37:12+00:00,0.78
2026-08-27 12:38:12+00:00,0.78
2026-08-27 12:39:12+00:00,0.78
2026-08-27 12:40:13+00:00,0.78
2026-08-27 12:41:09+00:00,0.78
2026-08-27 12:42:10+00:00,0.78
2026-08-27 12:43:12+00:00,0.78
2026-08-27 12:44:12+00:00,0.78
2026-08-27 12:45:13+00:00,0.78
2026-08-27 12:46:12+00:00,0.87
2026-08-27 12:47:09+00:00,0.875
2026-08-27 12:48:12+00:00,0.875
2026-08-27 12:49:12+00:00,0.875
2026-08-27 12:50:09+00:00,0.885
2026-08-27 12:51:09+00:00,0.885
2026-08-27 12:52:09+00:00,0.825
2026-08-27 12:53:12+00:00,0.825
2026-08-27 12:54:12+00:00,0.83
2026-08-27 12:55:14+00:00,0.83
2026-08-27 12:56:12+00:00,0.83
2026-08-27 12:57:09+00:00,0.9
2026-08-27 12:58:13+00:00,0.9
2026-08-27 12:59:12+00:00,0.905
2026-08-27 13:00:14+00:00,0.905
2026-08-27 13:01:13+00:00,0.91
2026-08-27 13:02:09+00:00,0.905
2026-08-27 13:03:12+00:00,0.89
2026-08-27 13:04:25+00:00,0.89
2026-08-27 13:05:25+00:00,0.89
2026-08-27 13:06:09+00:00,0.89
2026-08-27 13:07:10+00:00,0.89
2026-08-27 13:08:13+00:00,0.89
2026-08-27 13:09:12+00:00,0.89
2026-08-27 13:10:13+00:00,0.835
2026-08-27 13:11:09+00:00,0.835
2026-08-27 13:12:13+00:00,0.835
2026-08-27 13:13:13+00:00,0.835
2026-08-27 13:14:12+00:00,0.835
2026-08-27 13:15:13+00:00,0.785
2026-08-27 13:16:13+00:00,0.84
2026-08-27 13:17:09+00:00,0.84
2026-08-27 13:18:12+00:00,0.855
2026-08-27 13:19:12+00:00,0.865
2026-08-27 13:20:14+00:00,0.87
2026-08-27 13:21:09+00:00,0.875
2026-08-27 13:22:09+00:00,0.875
2026-08-27 13:23:13+00:00,0.885
2026-08-27 13:24:12+00:00,0.87
2026-08-27 13:25:13+00:00,0.87
2026-08-27 13:26:09+00:00,0.87
2026-08-27 13:27:09+00:00,0.825
2026-08-27 13:28:12+00:00,0.81
2026-08-27 13:29:12+00:00,0.81
2026-08-27 13:30:10+00:00,0.8
2026-08-27 13:31:09+00:00,0.71
2026-08-27 13:32:13+00:00,0.735
2026-08-27 13:33:14+00:00,0.855
2026-08-27 13:34:12+00:00,0.855
2026-08-27 13:35:13+00:00,0.855
2026-08-27 13:36:13+00:00,0.855
2026-08-27 13:37:09+00:00,0.855
2026-08-27 13:38:09+00:00,0.855
2026-08-27 13:39:12+00:00,0.855
2026-08-27 13:40:13+00:00,0.735
2026-08-27 13:41:09+00:00,0.73
2026-08-27 13:42:12+00:00,0.84
2026-08-27 13:43:13+00:00,0.855
2026-08-27 13:44:12+00:00,0.835
2026-08-27 13:45:13+00:00,0.73
2026-08-27 13:46:10+00:00,0.73
2026-08-27 13:47:13+00:00,0.8
2026-08-27 13:48:13+00:00,0.815
2026-08-27 13:49:13+00:00,0.84
2026-08-27 13:50:14+00:00,0.86
2026-08-27 13:51:09+00:00,0.835
2026-08-27 13:52:09+00:00,0.84
2026-08-27 13:53:13+00:00,0.825
2026-08-27 13:54:12+00:00,0.82
2026-08-27 13:55:13+00:00,0.775
2026-08-27 13:56:13+00:00,0.825
2026-08-27 13:57:09+00:00,0.79
2026-08-27 13:58:12+00:00,0.79
2026-08-27 13:59:14+00:00,0.785
2026-08-27 14:00:15+00:00,0.79
2026-08-27 14:01:13+00:00,0.79
2026-08-27 14:02:09+00:00,0.805
2026-08-27 14:03:14+00:00,0.74
2026-08-27 14:04:13+00:00,0.73
2026-08-27 14:05:09+00:00,0.7
2026-08-27 14:06:09+00:00,0.68
2026-08-27 14:07:09+00:00,0.68
2026-08-27 14:08:12+00:00,0.67
2026-08-27 14:09:13+00:00,0.71
2026-08-27 14:10:14+00:00,0.7
2026-08-27 14:11:13+00:00,0.7
2026-08-27 14:12:26+00:00,0.7
2026-08-27 14:13:13+00:00,0.715
2026-08-27 14:14:12+00:00,0.73
2026-08-27 14:15:14+00:00,0.765
2026-08-27 14:16:12+00:00,0.745
2026-08-27 14:17:09+00:00,0.75
2026-08-27 14:18:14+00:00,0.74
2026-08-27 14:19:13+00:00,0.68
2026-08-27 14:20:10+00:00,0.69
2026-08-27 14:21:14+00:00,0.72
2026-08-27 14:22:24+00:00,0.72
2026-08-27 14:23:13+00:00,0.72
2026-08-27 14:24:14+00:00,0.72
2026-08-27 14:25:16+00:00,0.72
2026-08-27 14:26:13+00:00,0.73
2026-08-27 14:27:09+00:00,0.73
2026-08-27 14:28:13+00:00,0.73
2026-08-27 14:29:25+00:00,0.73
2026-08-27 14:30:15+00:00,0.73
2026-08-27 14:31:13+00:00,0.73
2026-08-27 14:32:13+00:00,0.73
2026-08-27 14:33:13+00:00,0.735
2026-08-27 14:34:13+00:00,0.735
2026-08-27 14:35:13+00:00,0.715
2026-08-27 14:36:13+00:00,0.675
2026-08-27 14:37:14+00:00,0.68
2026-08-27 14:38:15+00:00,0.555
2026-08-27 14:39:12+00:00,0.585
2026-08-27 14:40:13+00:00,0.57
2026-08-27 14:41:09+00:00,0.61
2026-08-27 14:42:13+00:00,0.625
2026-08-27 14:43:13+00:00,0.51
2026-08-27 14:44:13+00:00,0.51
2026-08-27 14:45:13+00:00,0.565
2026-08-27 14:46:13+00:00,0.535
2026-08-27 14:47:14+00:00,0.535
2026-08-27 14:48:12+00:00,0.595
2026-08-27 14:49:14+00:00,0.545
2026-08-27 14:50:10+00:00,0.545
2026-08-27 14:51:17+00:00,0.54
2026-08-27 14:52:09+00:00,0.545
2026-08-27 14:53:14+00:00,0.515
2026-08-27 14:54:13+00:00,0.515
2026-08-27 14:55:13+00:00,0.55
2026-08-27 14:56:20+00:00,0.55
2026-08-27 14:57:13+00:00,0.545
2026-08-27 14:58:13+00:00,0.545
2026-08-27 14:59:13+00:00,0.545
2026-08-27 15:00:14+00:00,0.545
2026-08-27 15:01:13+00:00,0.545
2026-08-27 15:02:14+00:00,0.495
2026-08-27 15:03:13+00:00,0.51
2026-08-27 15:04:16+00:00,0.52
2026-08-27 15:05:13+00:00,0.505
2026-08-27 15:06:09+00:00,0.49
2026-08-27 15:07:09+00:00,0.49
2026-08-27 15:08:13+00:00,0.515
2026-08-27 15:09:14+00:00,0.495
2026-08-27 15:10:13+00:00,0.485
2026-08-27 15:11:09+00:00,0.485
2026-08-27 15:12:13+00:00,0.485
2026-08-27 15:13:13+00:00,0.485
2026-08-27 15:14:12+00:00,0.46
2026-08-27 15:15:10+00:00,0.415
2026-08-27 15:16:10+00:00,0.415
2026-08-27 15:17:16+00:00,0.42
2026-08-27 15:18:13+00:00,0.42
2026-08-27 15:19:13+00:00,0.385
2026-08-27 15:20:10+00:00,0.365
2026-08-27 15:21:10+00:00,0.385
2026-08-27 15:22:09+00:00,0.47
2026-08-27 15:23:13+00:00,0.49
2026-08-27 15:24:13+00:00,0.49
2026-08-27 15:25:13+00:00,0.52
2026-08-27 15:26:09+00:00,0.53
2026-08-27 15:27:24+00:00,0.525
2026-08-27 15:28:13+00:00,0.525
2026-08-27 15:29:13+00:00,0.525
2026-08-27 15:30:13+00:00,0.525
2026-08-27 15:31:14+00:00,0.525
2026-08-27 15:32:13+00:00,0.525
2026-08-27 15:33:13+00:00,0.515
2026-08-27 15:34:12+00:00,0.51
2026-08-27 15:35:11+00:00,0.51
2026-08-27 15:36:12+00:00,0.51
2026-08-27 15:37:10+00:00,0.51
2026-08-27 15:38:13+00:00,0.51
2026-08-27 15:39:13+00:00,0.49
2026-08-27 15:40:26+00:00,0.475
2026-08-27 15:41:22+00:00,0.475
2026-08-27 15:42:13+00:00,0.455
2026-08-27 15:43:16+00:00,0.385
2026-08-27 15:44:13+00:00,0.365
2026-08-27 15:45:18+00:00,0.365
2026-08-27 15:46:13+00:00,0.365
2026-08-27 15:47:13+00:00,0.39
2026-08-27 15:48:13+00:00,0.465
2026-08-27 15:49:12+00:00,0.445
2026-08-27 15:50:13+00:00,0.445
2026-08-27 15:51:09+00:00,0.375
2026-08-27 15:52:14+00:00,0.415
2026-08-27 15:53:13+00:00,0.405
2026-08-27 15:54:13+00:00,0.405
2026-08-27 15:55:13+00:00,0.405
2026-08-27 15:56:13+00:00,0.405
2026-08-27 15:57:09+00:00,0.445
2026-08-27 15:58:16+00:00,0.445
2026-08-27 15:59:13+00:00,0.445
2026-08-27 16:00:31+00:00,0.445
2026-08-27 16:01:14+00:00,0.445
2026-08-27 16:02:13+00:00,0.445
2026-08-27 16:03:13+00:00,0.445
2026-08-27 16:04:24+00:00,0.445
2026-08-27 16:05:22+00:00,0.445
2026-08-27 16:06:10+00:00,0.445
2026-08-27 16:07:09+00:00,0.445
2026-08-27 16:08:13+00:00,0.475
2026-08-27 16:09:13+00:00,0.475
2026-08-27 16:10:13+00:00,0.475
2026-08-27 16:11:30+00:00,0.47
2026-08-27 16:12:09+00:00,0.485
2026-08-27 16:13:13+00:00,0.485
2026-08-27 16:14:13+00:00,0.485
2026-08-27 16:15:13+00:00,0.485
2026-08-27 16:16:09+00:00,0.485
2026-08-27 16:17:13+00:00,0.485
2026-08-27 16:18:13+00:00,0.485
2026-08-27 16:19:15+00:00,0.485
2026-08-27 16:20:13+00:00,0.485
2026-08-27 16:21:13+00:00,0.485
2026-08-27 16:22:09+00:00,0.485
2026-08-27 16:23:13+00:00,0.485
2026-08-27 16:24:21+00:00,0.485
2026-08-27 16:25:13+00:00,0.52
2026-08-27 16:26:13+00:00,0.515
2026-08-27 16:27:09+00:00,0.515
2026-08-27 16:28:14+00:00,0.515
2026-08-27 16:29:13+00:00,0.515
2026-08-27 16:30:15+00:00,0.515
2026-08-27 16:31:13+00:00,0.56
2026-08-27 16:32:13+00:00,0.56
2026-08-27 16:33:14+00:00,0.545
2026-08-27 16:34:13+00:00,0.54
2026-08-27 16:35:13+00:00,0.54
2026-08-27 16:36:13+00:00,0.54
2026-08-27 16:37:16+00:00,0.555
2026-08-27 16:38:13+00:00,0.555
2026-08-27 16:39:13+00:00,0.555
2026-08-27 16:40:13+00:00,0.555
2026-08-27 16:41:13+00:00,0.555
2026-08-27 16:42:13+00:00,0.535
2026-08-27 16:43:14+00:00,0.535
2026-08-27 16:44:13+00:00,0.535
2026-08-27 16:45:14+00:00,0.535
2026-08-27 16:46:13+00:00,0.535
2026-08-27 16:47:13+00:00,0.535
2026-08-27 16:48:13+00:00,0.535
2026-08-27 16:49:14+00:00,0.515
2026-08-27 16:50:17+00:00,0.485
2026-08-27 16:51:09+00:00,0.485
2026-08-27 16:52:13+00:00,0.485
2026-08-27 16:53:13+00:00,0.485
2026-08-27 16:54:13+00:00,0.465
2026-08-27 16:55:13+00:00,0.465
2026-08-27 16:56:13+00:00,0.465
2026-08-27 16:57:09+00:00,0.465
2026-08-27 16:58:13+00:00,0.465
2026-08-27 16:59:13+00:00,0.465
2026-08-27 17:00:14+00:00,0.465
2026-08-27 17:01:13+00:00,0.475
2026-08-27 17:02:14+00:00,0.475
2026-08-27 17:03:16+00:00,0.475
2026-08-27 17:04:09+00:00,0.475
2026-08-27 17:05:14+00:00,0.475
2026-08-27 17:06:13+00:00,0.475
2026-08-27 17:07:14+00:00,0.465
2026-08-27 17:08:13+00:00,0.465
2026-08-27 17:09:13+00:00,0.475
2026-08-27 17:10:13+00:00,0.475
2026-08-27 17:11:09+00:00,0.47
2026-08-27 17:12:13+00:00,0.47
2026-08-27 17:13:14+00:00,0.47
2026-08-27 17:14:13+00:00,0.46
2026-08-27 17:15:10+00:00,0.455
2026-08-27 17:16:16+00:00,0.455
2026-08-27 17:17:17+00:00,0.455
2026-08-27 17:18:13+00:00,0.455
2026-08-27 17:19:13+00:00,0.455
2026-08-27 17:20:11+00:00,0.455
2026-08-27 17:21:14+00:00,0.455
2026-08-27 17:22:14+00:00,0.455
2026-08-27 17:23:13+00:00,0.455
2026-08-27 17:24:13+00:00,0.465
2026-08-27 17:25:13+00:00,0.465
2026-08-27 17:26:09+00:00,0.465
2026-08-27 17:27:24+00:00,0.465
2026-08-27 17:28:13+00:00,0.465
2026-08-27 17:29:14+00:00,0.465
2026-08-27 17:30:18+00:00,0.54
2026-08-27 17:31:14+00:00,0.54
2026-08-27 17:32:09+00:00,0.495
2026-08-27 17:33:13+00:00,0.495
2026-08-27 17:34:13+00:00,0.495
2026-08-27 17:35:13+00:00,0.52
2026-08-27 17:36:13+00:00,0.545
2026-08-27 17:37:10+00:00,0.545
2026-08-27 17:38:14+00:00,0.545
2026-08-27 17:39:14+00:00,0.545
2026-08-27 17:40:14+00:00,0.545
2026-08-27 17:41:15+00:00,0.545
2026-08-27 17:42:10+00:00,0.545
2026-08-27 17:43:16+00:00,0.545
2026-08-27 17:44:13+00:00,0.545
2026-08-27 17:45:14+00:00,0.555
2026-08-27 17:46:13+00:00,0.555
2026-08-27 17:47:11+00:00,0.56
2026-08-27 17:48:10+00:00,0.555
2026-08-27 17:49:23+00:00,0.555
2026-08-27 17:50:27+00:00,0.555
2026-08-27 17:51:13+00:00,0.555
2026-08-27 17:52:13+00:00,0.555
2026-08-27 17:53:12+00:00,0.555
2026-08-27 17:54:14+00:00,0.6
2026-08-27 17:55:14+00:00,0.6
2026-08-27 17:56:16+00:00,0.6
2026-08-27 17:57:10+00:00,0.6
2026-08-27 17:58:13+00:00,0.6
2026-08-27 17:59:13+00:00,0.62
2026-08-27 18:00:16+00:00,0.62
2026-08-27 18:01:13+00:00,0.635
2026-08-27 18:02:13+00:00,0.655
2026-08-27 18:03:13+00:00,0.645
2026-08-27 18:04:12+00:00,0.635
2026-08-27 18:05:10+00:00,0.635
2026-08-27 18:06:10+00:00,0.645
2026-08-27 18:07:09+00:00,0.655
2026-08-27 18:08:13+00:00,0.64
2026-08-27 18:09:13+00:00,0.64
2026-08-27 18:10:25+00:00,0.655
2026-08-27 18:11:13+00:00,0.655
2026-08-27 18:12:13+00:00,0.725
2026-08-27 18:13:14+00:00,0.725
2026-08-27 18:14:13+00:00,0.735
2026-08-27 18:15:10+00:00,0.735
2026-08-27 18:16:13+00:00,0.735
2026-08-27 18:17:13+00:00,0.735
2026-08-27 18:18:13+00:00,0.735
2026-08-27 18:19:14+00:00,0.735
2026-08-27 18:20:16+00:00,0.735
2026-08-27 18:21:10+00:00,0.735
2026-08-27 18:22:25+00:00,0.735
2026-08-27 18:23:25+00:00,0.735
2026-08-27 18:24:13+00:00,0.735
2026-08-27 18:25:11+00:00,0.775
2026-08-27 18:26:09+00:00,0.785
2026-08-27 18:27:13+00:00,0.775
2026-08-27 18:28:13+00:00,0.775
2026-08-27 18:29:13+00:00,0.775
2026-08-27 18:30:14+00:00,0.745
2026-08-27 18:31:13+00:00,0.745
2026-08-27 18:32:13+00:00,0.745
2026-08-27 18:33:13+00:00,0.735
2026-08-27 18:34:13+00:00,0.735
2026-08-27 18:35:14+00:00,0.735
2026-08-27 18:36:09+00:00,0.725
2026-08-27 18:37:09+00:00,0.725
2026-08-27 18:38:13+00:00,0.725
2026-08-27 18:39:12+00:00,0.72
2026-08-27 18:40:10+00:00,0.72
2026-08-27 18:41:13+00:00,0.715
2026-08-27 18:42:13+00:00,0.715
2026-08-27 18:43:13+00:00,0.715
2026-08-27 18:44:13+00:00,0.715
2026-08-27 18:45:13+00:00,0.715
2026-08-27 18:46:13+00:00,0.715
2026-08-27 18:47:13+00:00,0.715
2026-08-27 18:48:14+00:00,0.715
2026-08-27 18:49:12+00:00,0.715
2026-08-27 18:50:13+00:00,0.715
2026-08-27 18:51:10+00:00,0.715
2026-08-27 18:52:13+00:00,0.715
2026-08-27 18:53:13+00:00,0.695
2026-08-27 18:54:13+00:00,0.695
2026-08-27 18:55:13+00:00,0.695
2026-08-27 18:56:28+00:00,0.695
2026-08-27 18:57:13+00:00,0.695
2026-08-27 18:58:15+00:00,0.695
2026-08-27 18:59:12+00:00,0.695
2026-08-27 19:00:17+00:00,0.655
2026-08-27 19:01:14+00:00,0.635
2026-08-27 19:02:13+00:00,0.635
2026-08-27 19:03:13+00:00,0.615
2026-08-27 19:04:13+00:00,0.615
2026-08-27 19:05:29+00:00,0.615
2026-08-27 19:06:13+00:00,0.61
2026-08-27 19:07:10+00:00,0.61
2026-08-27 19:08:13+00:00,0.62
2026-08-27 19:09:13+00:00,0.62
2026-08-27 19:10:09+00:00,0.62
2026-08-27 19:11:15+00:00,0.62
2026-08-27 19:12:10+00:00,0.62
2026-08-27 19:13:24+00:00,0.62
2026-08-27 19:14:13+00:00,0.62
2026-08-27 19:15:14+00:00,0.62
2026-08-27 19:16:13+00:00,0.62
2026-08-27 19:17:13+00:00,0.62
2026-08-27 19:18:13+00:00,0.62
2026-08-27 19:19:13+00:00,0.62
2026-08-27 19:20:13+00:00,0.62
2026-08-27 19:21:13+00:00,0.62
2026-08-27 19:22:13+00:00,0.62
2026-08-27 19:23:13+00:00,0.61
2026-08-27 19:24:14+00:00,0.61
2026-08-27 19:25:14+00:00,0.61
2026-08-27 19:26:23+00:00,0.615
2026-08-27 19:27:09+00:00,0.62
2026-08-27 19:28:13+00:00,0.675
2026-08-27 19:29:13+00:00,0.675
2026-08-27 19:30:10+00:00,0.675
2026-08-27 19:31:21+00:00,0.675
2026-08-27 19:32:13+00:00,0.675
2026-08-27 19:33:13+00:00,0.67
2026-08-27 19:34:13+00:00,0.67
2026-08-27 19:35:13+00:00,0.67
2026-08-27 19:36:13+00:00,0.67
2026-08-27 19:37:15+00:00,0.74
2026-08-27 19:38:28+00:00,0.735
2026-08-27 19:39:13+00:00,0.735
2026-08-27 19:40:13+00:00,0.725
2026-08-27 19:41:09+00:00,0.725
2026-08-27 19:42:13+00:00,0.735
2026-08-27 19:43:13+00:00,0.735
2026-08-27 19:44:13+00:00,0.735
2026-08-27 19:45:10+00:00,0.74
2026-08-27 19:46:10+00:00,0.74
2026-08-27 19:47:10+00:00,0.745
2026-08-27 19:48:13+00:00,0.745
2026-08-27 19:49:13+00:00,0.745
2026-08-27 19:50:12+00:00,0.745
2026-08-27 19:51:13+00:00,0.735
2026-08-27 19:52:13+00:00,0.56
2026-08-27 19:53:13+00:00,0.495
2026-08-27 19:54:12+00:00,0.495
2026-08-27 19:55:09+00:00,0.495
2026-08-27 19:56:13+00:00,0.495
2026-08-27 19:57:09+00:00,0.49
2026-08-27 19:58:13+00:00,0.685
2026-08-27 19:59:14+00:00,0.725
2026-08-27 20:00:14+00:00,0.725
2026-08-27 20:01:13+00:00,0.51
2026-08-27 20:02:13+00:00,0.51
2026-08-27 20:03:15+00:00,0.61
2026-08-27 20:04:13+00:00,0.61
2026-08-27 20:05:14+00:00,0.61
2026-08-27 20:06:10+00:00,0.61
2026-08-27 20:07:13+00:00,0.61
2026-08-27 20:08:14+00:00,0.61
2026-08-27 20:09:13+00:00,0.61
2026-08-27 20:10:13+00:00,0.61
2026-08-27 20:11:09+00:00,0.61
2026-08-27 20:12:13+00:00,0.61
2026-08-27 20:13:13+00:00,0.62
2026-08-27 20:14:13+00:00,0.625
2026-08-27 20:15:14+00:00,0.625
2026-08-27 20:16:27+00:00,0.625
2026-08-27 20:17:13+00:00,0.625
2026-08-27 20:18:13+00:00,0.625
2026-08-27 20:19:13+00:00,0.625
2026-08-27 20:20:15+00:00,0.625
2026-08-27 20:21:13+00:00,0.625
2026-08-27 20:22:13+00:00,0.625
2026-08-27 20:23:13+00:00,0.625
2026-08-27 20:24:13+00:00,0.625
2026-08-27 20:25:14+00:00,0.625
2026-08-27 20:26:13+00:00,0.625
2026-08-27 20:27:13+00:00,0.625
2026-08-27 20:28:13+00:00,0.625
2026-08-27 20:29:15+00:00,0.625
2026-08-27 20:30:10+00:00,0.625
2026-08-27 20:31:13+00:00,0.625
2026-08-27 20:32:13+00:00,0.625
2026-08-27 20:33:13+00:00,0.625
2026-08-27 20:34:13+00:00,0.625
2026-08-27 20:35:09+00:00,0.625
2026-08-27 20:36:13+00:00,0.625
2026-08-27 20:37:09+00:00,0.625
2026-08-27 20:38:13+00:00,0.625
2026-08-27 20:39:13+00:00,0.625
2026-08-27 20:40:14+00:00,0.625
2026-08-27 20:41:09+00:00,0.625
2026-08-27 20:42:16+00:00,0.625
2026-08-27 20:43:14+00:00,0.625
2026-08-27 20:44:13+00:00,0.625
2026-08-27 20:45:11+00:00,0.625
2026-08-27 20:46:13+00:00,0.625
2026-08-27 20:47:11+00:00,0.625
2026-08-27 20:48:13+00:00,0.625
2026-08-27 20:49:13+00:00,0.625
2026-08-27 20:50:24+00:00,0.655
2026-08-27 20:51:14+00:00,0.655
2026-08-27 20:52:13+00:00,0.655
2026-08-27 20:53:13+00:00,0.655
2026-08-27 20:54:13+00:00,0.655
2026-08-27 20:55:17+00:00,0.655
2026-08-27 20:56:29+00:00,0.665
2026-08-27 20:57:09+00:00,0.665
2026-08-27 20:58:13+00:00,0.665
2026-08-27 20:59:13+00:00,0.665
2026-08-27 21:00:13+00:00,0.665
2026-08-27 21:01:13+00:00,0.67
2026-08-27 21:02:13+00:00,0.67
2026-08-27 21:03:12+00:00,0.67
2026-08-27 21:04:13+00:00,0.67
2026-08-27 21:05:13+00:00,0.67
2026-08-27 21:06:10+00:00,0.67
2026-08-27 21:07:13+00:00,0.67
2026-08-27 21:08:17+00:00,0.66
2026-08-27 21:09:13+00:00,0.66
2026-08-27 21:10:13+00:00,0.66
2026-08-27 21:11:09+00:00,0.66
2026-08-27 21:12:09+00:00,0.665
2026-08-27 21:13:27+00:00,0.665
2026-08-27 21:14:13+00:00,0.68
2026-08-27 21:15:14+00:00,0.68
2026-08-27 21:16:09+00:00,0.68
2026-08-27 21:17:09+00:00,0.68
2026-08-27 21:18:13+00:00,0.68
2026-08-27 21:19:13+00:00,0.68
2026-08-27 21:20:13+00:00,0.68
2026-08-27 21:21:13+00:00,0.67
2026-08-27 21:22:13+00:00,0.685
2026-08-27 21:23:13+00:00,0.685
2026-08-27 21:24:13+00:00,0.695
2026-08-27 21:25:13+00:00,0.695
2026-08-27 21:26:10+00:00,0.695
2026-08-27 21:27:12+00:00,0.695
2026-08-27 21:28:13+00:00,0.695
2026-08-27 21:29:16+00:00,0.695
2026-08-27 21:30:14+00:00,0.695
2026-08-27 21:31:13+00:00,0.695
2026-08-27 21:32:13+00:00,0.695
2026-08-27 21:33:09+00:00,0.695
2026-08-27 21:34:13+00:00,0.695
2026-08-27 21:35:13+00:00,0.695
2026-08-27 21:36:09+00:00,0.695
2026-08-27 21:37:13+00:00,0.695
2026-08-27 21:38:24+00:00,0.695
2026-08-27 21:39:13+00:00,0.695
2026-08-27 21:40:14+00:00,0.695
2026-08-27 21:41:09+00:00,0.705
2026-08-27 21:42:13+00:00,0.715
2026-08-27 21:43:12+00:00,0.715
2026-08-27 21:44:13+00:00,0.715
2026-08-27 21:45:28+00:00,0.715
2026-08-27 21:46:13+00:00,0.715
2026-08-27 21:47:11+00:00,0.71
2026-08-27 21:48:14+00:00,0.71
2026-08-27 21:49:13+00:00,0.715
2026-08-27 21:50:10+00:00,0.695
2026-08-27 21:51:09+00:00,0.695
2026-08-27 21:52:09+00:00,0.695
2026-08-27 21:53:13+00:00,0.695
2026-08-27 21:54:13+00:00,0.695
2026-08-27 21:55:17+00:00,0.695
2026-08-27 21:56:13+00:00,0.695
2026-08-27 21:57:10+00:00,0.695
2026-08-27 21:58:13+00:00,0.695
2026-08-27 21:59:12+00:00,0.695
2026-08-27 22:00:14+00:00,0.695
2026-08-27 22:01:13+00:00,0.695
2026-08-27 22:02:10+00:00,0.695
2026-08-27 22:03:13+00:00,0.695
2026-08-27 22:04:13+00:00,0.69
2026-08-27 22:05:13+00:00,0.69
2026-08-27 22:06:13+00:00,0.66
2026-08-27 22:07:09+00:00,0.66
2026-08-27 22:08:17+00:00,0.665
2026-08-27 22:09:13+00:00,0.665
2026-08-27 22:10:14+00:00,0.665
2026-08-27 22:11:13+00:00,0.665
2026-08-27 22:12:13+00:00,0.675
2026-08-27 22:13:13+00:00,0.67
2026-08-27 22:14:12+00:00,0.67
2026-08-27 22:15:26+00:00,0.675
2026-08-27 22:16:13+00:00,0.675
2026-08-27 22:17:13+00:00,0.66
2026-08-27 22:18:13+00:00,0.64
2026-08-27 22:19:14+00:00,0.655
2026-08-27 22:20:27+00:00,0.65
2026-08-27 22:21:13+00:00,0.645
2026-08-27 22:22:25+00:00,0.615
2026-08-27 22:23:13+00:00,0.62
2026-08-27 22:24:26+00:00,0.625
2026-08-27 22:25:13+00:00,0.625
2026-08-27 22:26:27+00:00,0.625
2026-08-27 22:27:09+00:00,0.615
2026-08-27 22:28:12+00:00,0.63
2026-08-27 22:29:25+00:00,0.61
2026-08-27 22:30:13+00:00,0.615
2026-08-27 22:31:13+00:00,0.62
2026-08-27 22:32:25+00:00,0.615
2026-08-27 22:33:13+00:00,0.615
2026-08-27 22:34:16+00:00,0.615
2026-08-27 22:35:14+00:00,0.615
2026-08-27 22:36:09+00:00,0.615
2026-08-27 22:37:09+00:00,0.615
2026-08-27 22:38:21+00:00,0.615
2026-08-27 22:39:13+00:00,0.615
2026-08-27 22:40:14+00:00,0.615
2026-08-27 22:41:14+00:00,0.615
2026-08-27 22:42:10+00:00,0.61
2026-08-27 22:43:13+00:00,0.61
2026-08-27 22:44:13+00:00,0.61
2026-08-27 22:45:14+00:00,0.61
2026-08-27 22:46:12+00:00,0.61
2026-08-27 22:47:16+00:00,0.615
2026-08-27 22:48:09+00:00,0.615
2026-08-27 22:49:13+00:00,0.615
2026-08-27 22:50:16+00:00,0.615
2026-08-27 22:51:13+00:00,0.615
2026-08-27 22:52:09+00:00,0.615
2026-08-27 22:53:13+00:00,0.615
2026-08-27 22:54:12+00:00,0.615
2026-08-27 22:55:26+00:00,0.625
2026-08-27 22:56:13+00:00,0.625
2026-08-27 22:57:09+00:00,0.625
2026-08-27 22:58:13+00:00,0.625
2026-08-27 22:59:13+00:00,0.625
2026-08-27 23:00:17+00:00,0.62
2026-08-27 23:01:13+00:00,0.62
2026-08-27 23:02:09+00:00,0.625
2026-08-27 23:03:13+00:00,0.62
2026-08-27 23:04:12+00:00,0.625
2026-08-27 23:05:09+00:00,0.625
2026-08-27 23:06:13+00:00,0.625
2026-08-27 23:07:10+00:00,0.625
2026-08-27 23:08:24+00:00,0.625
2026-08-27 23:09:23+00:00,0.625
2026-08-27 23:10:14+00:00,0.625
2026-08-27 23:11:09+00:00,0.625
2026-08-27 23:12:09+00:00,0.625
2026-08-27 23:13:12+00:00,0.625
2026-08-27 23:14:13+00:00,0.625
2026-08-27 23:15:14+00:00,0.625
2026-08-27 23:16:09+00:00,0.625
2026-08-27 23:17:13+00:00,0.625
2026-08-27 23:18:13+00:00,0.625
2026-08-27 23:19:12+00:00,0.625
2026-08-27 23:20:14+00:00,0.625
2026-08-27 23:22:56+00:00,0.625
2026-08-27 23:23:13+00:00,0.625
2026-08-27 23:24:13+00:00,0.625
2026-08-27 23:25:13+00:00,0.625
2026-08-27 23:26:13+00:00,0.625
2026-08-27 23:27:10+00:00,0.625
2026-08-27 23:28:13+00:00,0.625
2026-08-27 23:29:13+00:00,0.625
2026-08-27 23:30:15+00:00,0.625
2026-08-27 23:31:13+00:00,0.625
2026-08-27 23:32:09+00:00,0.625
2026-08-27 23:33:13+00:00,0.625
2026-08-27 23:34:13+00:00,0.625
2026-08-27 23:35:09+00:00,0.625
2026-08-27 23:36:10+00:00,0.625
2026-08-27 23:37:09+00:00,0.625
2026-08-27 23:38:13+00:00,0.625
2026-08-27 23:39:15+00:00,0.625
2026-08-27 23:40:14+00:00,0.625
2026-08-27 23:41:13+00:00,0.625
2026-08-27 23:42:13+00:00,0.625
2026-08-27 23:43:13+00:00,0.625
2026-08-27 23:44:12+00:00,0.625
2026-08-27 23:45:25+00:00,0.63
2026-08-27 23:46:09+00:00,0.63
2026-08-27 23:47:09+00:00,0.63
2026-08-27 23:48:12+00:00,0.63
2026-08-27 23:49:10+00:00,0.63
2026-08-27 23:50:29+00:00,0.63
2026-08-27 23:51:13+00:00,0.63
2026-08-27 23:52:12+00:00,0.63
2026-08-27 23:53:13+00:00,0.625
2026-08-27 23:54:12+00:00,0.625
2026-08-27 23:55:13+00:00,0.625
2026-08-27 23:56:13+00:00,0.625
2026-08-27 23:57:09+00:00,0.625
2026-08-27 23:58:13+00:00,0.625
2026-08-27 23:59:13+00:00,0.625
2026-08-28 00:00:18+00:00,0.625
2026-08-28 00:01:13+00:00,0.625
2026-08-28 00:02:13+00:00,0.625
2026-08-28 00:03:13+00:00,0.63
2026-08-28 00:04:28+00:00,0.63
2026-08-28 00:05:13+00:00,0.63
2026-08-28 00:06:09+00:00,0.63
2026-08-28 00:07:09+00:00,0.63
2026-08-28 00:08:13+00:00,0.635
2026-08-28 00:09:13+00:00,0.635
2026-08-28 00:10:13+00:00,0.635
2026-08-28 00:11:22+00:00,0.635
2026-08-28 00:12:09+00:00,0.635
2026-08-28 00:13:12+00:00,0.635
2026-08-28 00:14:12+00:00,0.635
2026-08-28 00:15:09+00:00,0.61
2026-08-28 00:16:09+00:00,0.625
2026-08-28 00:17:12+00:00,0.63
2026-08-28 00:18:09+00:00,0.64
2026-08-28 00:19:13+00:00,0.62
2026-08-28 00:20:13+00:00,0.61
2026-08-28 00:21:13+00:00,0.61
2026-08-28 00:22:09+00:00,0.61
2026-08-28 00:23:24+00:00,0.615
2026-08-28 00:24:13+00:00,0.615
2026-08-28 00:25:12+00:00,0.6
2026-08-28 00:26:09+00:00,0.605
2026-08-28 00:27:24+00:00,0.605
2026-08-28 00:28:13+00:00,0.605
2026-08-28 00:29:12+00:00,0.605
2026-08-28 00:30:14+00:00,0.59
2026-08-28 00:31:10+00:00,0.605
2026-08-28 00:32:10+00:00,0.605
2026-08-28 00:33:12+00:00,0.605
2026-08-28 00:34:13+00:00,0.6
2026-08-28 00:35:10+00:00,0.6
2026-08-28 00:36:09+00:00,0.6
2026-08-28 00:37:09+00:00,0.6
2026-08-28 00:38:13+00:00,0.6
2026-08-28 00:39:12+00:00,0.6
2026-08-28 00:40:24+00:00,0.6
2026-08-28 00:41:09+00:00,0.6
2026-08-28 00:42:13+00:00,0.6
2026-08-28 00:43:13+00:00,0.6
2026-08-28 00:44:13+00:00,0.6
2026-08-28 00:45:14+00:00,0.6
2026-08-28 00:46:09+00:00,0.6
2026-08-28 00:47:10+00:00,0.6
2026-08-28 00:48:13+00:00,0.605
2026-08-28 00:49:12+00:00,0.605
2026-08-28 00:50:12+00:00,0.605
2026-08-28 00:51:13+00:00,0.605
2026-08-28 00:52:09+00:00,0.605
2026-08-28 00:53:12+00:00,0.605
2026-08-28 00:54:13+00:00,0.585
2026-08-28 00:55:13+00:00,0.595
2026-08-28 00:56:12+00:00,0.595
2026-08-28 00:57:15+00:00,0.595
2026-08-28 00:58:12+00:00,0.58
2026-08-28 00:59:12+00:00,0.58
2026-08-28 01:00:27+00:00,0.585
2026-08-28 01:01:14+00:00,0.585
2026-08-28 01:02:13+00:00,0.59
2026-08-28 01:03:13+00:00,0.57
2026-08-28 01:04:12+00:00,0.57
2026-08-28 01:05:13+00:00,0.575
2026-08-28 01:06:13+00:00,0.57
2026-08-28 01:07:13+00:00,0.57
2026-08-28 01:08:13+00:00,0.57
2026-08-28 01:09:14+00:00,0.57
2026-08-28 01:10:15+00:00,0.585
2026-08-28 01:11:13+00:00,0.515
2026-08-28 01:12:13+00:00,0.53
2026-08-28 01:13:12+00:00,0.53
2026-08-28 01:14:13+00:00,0.535
2026-08-28 01:15:09+00:00,0.535
2026-08-28 01:16:09+00:00,0.52
2026-08-28 01:17:13+00:00,0.53
2026-08-28 01:18:13+00:00,0.53
2026-08-28 01:19:13+00:00,0.52
2026-08-28 01:20:09+00:00,0.515
2026-08-28 01:21:13+00:00,0.515
2026-08-28 01:22:24+00:00,0.51
2026-08-28 01:23:14+00:00,0.52
2026-08-28 01:24:12+00:00,0.495
2026-08-28 01:25:25+00:00,0.495
2026-08-28 01:26:09+00:00,0.495
2026-08-28 01:27:10+00:00,0.495
2026-08-28 01:28:13+00:00,0.495
2026-08-28 01:29:26+00:00,0.485
2026-08-28 01:30:13+00:00,0.485
2026-08-28 01:31:12+00:00,0.485
2026-08-28 01:32:13+00:00,0.485
2026-08-28 01:33:13+00:00,0.45
2026-08-28 01:34:13+00:00,0.43
2026-08-28 01:35:13+00:00,0.45
2026-08-28 01:36:14+00:00,0.445
2026-08-28 01:37:13+00:00,0.45
2026-08-28 01:38:13+00:00,0.46
2026-08-28 01:39:12+00:00,0.62
2026-08-28 01:40:13+00:00,0.49
2026-08-28 01:41:09+00:00,0.495
2026-08-28 01:42:10+00:00,0.5
2026-08-28 01:43:24+00:00,0.5
2026-08-28 01:44:13+00:00,0.5
2026-08-28 01:45:13+00:00,0.5
2026-08-28 01:46:13+00:00,0.5
2026-08-28 01:47:13+00:00,0.505
2026-08-28 01:48:13+00:00,0.51
2026-08-28 01:49:14+00:00,0.53
2026-08-28 01:50:09+00:00,0.53
2026-08-28 01:51:13+00:00,0.53
2026-08-28 01:52:13+00:00,0.55
2026-08-28 01:53:13+00:00,0.545
2026-08-28 01:54:13+00:00,0.55
2026-08-28 01:55:26+00:00,0.545
2026-08-28 01:56:13+00:00,0.55
2026-08-28 01:57:09+00:00,0.55
2026-08-28 01:58:12+00:00,0.565
2026-08-28 01:59:13+00:00,0.575
2026-08-28 02:00:14+00:00,0.575
2026-08-28 02:01:13+00:00,0.575
2026-08-28 02:02:11+00:00,0.575
2026-08-28 02:03:13+00:00,0.575
2026-08-28 02:04:13+00:00,0.58
2026-08-28 02:05:09+00:00,0.58
2026-08-28 02:06:09+00:00,0.575
2026-08-28 02:07:10+00:00,0.575
2026-08-28 02:08:12+00:00,0.58
2026-08-28 02:09:13+00:00,0.575
2026-08-28 02:10:10+00:00,0.575
2026-08-28 02:11:13+00:00,0.575
2026-08-28 02:12:09+00:00,0.575
2026-08-28 02:13:13+00:00,0.59
2026-08-28 02:14:12+00:00,0.59
2026-08-28 02:15:12+00:00,0.605
2026-08-28 02:16:10+00:00,0.59
2026-08-28 02:17:13+00:00,0.615
2026-08-28 02:18:12+00:00,0.615
2026-08-28 02:19:13+00:00,0.615
2026-08-28 02:20:09+00:00,0.615
2026-08-28 02:21:14+00:00,0.615
2026-08-28 02:22:09+00:00,0.615
2026-08-28 02:23:14+00:00,0.625
2026-08-28 02:24:13+00:00,0.635
2026-08-28 02:25:14+00:00,0.625
2026-08-28 02:26:24+00:00,0.615
2026-08-28 02:27:13+00:00,0.615
2026-08-28 02:28:15+00:00,0.615
2026-08-28 02:29:12+00:00,0.635
2026-08-28 02:30:10+00:00,0.635
2026-08-28 02:31:10+00:00,0.645
2026-08-28 02:32:21+00:00,0.645
2026-08-28 02:33:13+00:00,0.645
2026-08-28 02:34:13+00:00,0.645
2026-08-28 02:35:09+00:00,0.635
2026-08-28 02:36:13+00:00,0.635
2026-08-28 02:37:10+00:00,0.635
2026-08-28 02:38:13+00:00,0.625
2026-08-28 02:39:13+00:00,0.625
2026-08-28 02:40:24+00:00,0.625
2026-08-28 02:41:16+00:00,0.625
2026-08-28 02:42:09+00:00,0.625
2026-08-28 02:43:12+00:00,0.625
2026-08-28 02:44:13+00:00,0.625
2026-08-28 02:45:13+00:00,0.635
2026-08-28 02:46:26+00:00,0.645
2026-08-28 02:47:13+00:00,0.645
2026-08-28 02:48:24+00:00,0.66
2026-08-28 02:49:13+00:00,0.66
2026-08-28 02:50:27+00:00,0.665
2026-08-28 02:51:10+00:00,0.665
2026-08-28 02:52:09+00:00,0.665
2026-08-28 02:53:12+00:00,0.68
2026-08-28 02:54:29+00:00,0.68
2026-08-28 02:55:13+00:00,0.68
2026-08-28 02:56:13+00:00,0.68
2026-08-28 02:57:13+00:00,0.68
2026-08-28 02:58:13+00:00,0.68
2026-08-28 02:59:13+00:00,0.68
2026-08-28 03:00:11+00:00,0.67
2026-08-28 03:01:13+00:00,0.67
2026-08-28 03:02:10+00:00,0.67
2026-08-28 03:03:09+00:00,0.67
2026-08-28 03:04:13+00:00,0.67
2026-08-28 03:05:13+00:00,0.67
2026-08-28 03:06:10+00:00,0.67
2026-08-28 03:07:12+00:00,0.67
2026-08-28 03:08:13+00:00,0.67
2026-08-28 03:09:12+00:00,0.67
2026-08-28 03:10:13+00:00,0.675
2026-08-28 03:11:09+00:00,0.68
2026-08-28 03:12:09+00:00,0.685
2026-08-28 03:13:13+00:00,0.69
2026-08-28 03:14:12+00:00,0.69
2026-08-28 03:15:10+00:00,0.69
2026-08-28 03:16:09+00:00,0.69
2026-08-28 03:17:14+00:00,0.69
2026-08-28 03:18:13+00:00,0.69
2026-08-28 03:19:13+00:00,0.69
2026-08-28 03:20:13+00:00,0.68
2026-08-28 03:21:10+00:00,0.665
2026-08-28 03:22:09+00:00,0.665
2026-08-28 03:23:28+00:00,0.665
2026-08-28 03:24:12+00:00,0.665
2026-08-28 03:25:09+00:00,0.665
2026-08-28 03:26:09+00:00,0.665
2026-08-28 03:27:09+00:00,0.66
2026-08-28 03:28:13+00:00,0.665
2026-08-28 03:29:12+00:00,0.665
2026-08-28 03:30:14+00:00,0.665
2026-08-28 03:31:13+00:00,0.665
2026-08-28 03:32:14+00:00,0.66
2026-08-28 03:33:16+00:00,0.665
2026-08-28 03:34:13+00:00,0.665
2026-08-28 03:35:10+00:00,0.665
2026-08-28 03:36:13+00:00,0.665
2026-08-28 03:37:13+00:00,0.675
2026-08-28 03:38:14+00:00,0.675
2026-08-28 03:39:13+00:00,0.675
2026-08-28 03:40:14+00:00,0.685
2026-08-28 03:41:12+00:00,0.69
2026-08-28 03:42:14+00:00,0.69
2026-08-28 03:43:13+00:00,0.69
2026-08-28 03:44:13+00:00,0.69
2026-08-28 03:45:13+00:00,0.69
2026-08-28 03:46:16+00:00,0.695
2026-08-28 03:47:10+00:00,0.695
2026-08-28 03:48:16+00:00,0.695
2026-08-28 03:49:12+00:00,0.695
2026-08-28 03:50:11+00:00,0.695
2026-08-28 03:51:09+00:00,0.69
2026-08-28 03:52:09+00:00,0.69
2026-08-28 03:53:12+00:00,0.69
2026-08-28 03:54:14+00:00,0.69
2026-08-28 03:55:12+00:00,0.69
2026-08-28 03:56:13+00:00,0.69
2026-08-28 03:57:13+00:00,0.69
2026-08-28 03:58:13+00:00,0.69
2026-08-28 03:59:13+00:00,0.69
2026-08-28 04:00:15+00:00,0.69
2026-08-28 04:01:17+00:00,0.69
2026-08-28 04:02:09+00:00,0.69
2026-08-28 04:03:13+00:00,0.69
2026-08-28 04:04:12+00:00,0.69
2026-08-28 04:05:10+00:00,0.69
2026-08-28 04:06:14+00:00,0.69
2026-08-28 04:07:13+00:00,0.695
2026-08-28 04:08:13+00:00,0.7
2026-08-28 04:09:13+00:00,0.71
2026-08-28 04:10:15+00:00,0.71
2026-08-28 04:11:09+00:00,0.71
2026-08-28 04:12:10+00:00,0.71
2026-08-28 04:13:13+00:00,0.7
2026-08-28 04:14:16+00:00,0.695
2026-08-28 04:15:14+00:00,0.685
2026-08-28 04:16:13+00:00,0.685
2026-08-28 04:21:59+00:00,0.69
2026-08-28 04:22:12+00:00,0.69
2026-08-28 04:23:13+00:00,0.655
2026-08-28 04:24:13+00:00,0.655
2026-08-28 04:25:12+00:00,0.655
2026-08-28 04:26:12+00:00,0.655
2026-08-28 04:27:12+00:00,0.655
2026-08-28 04:28:12+00:00,0.655
2026-08-28 04:29:12+00:00,0.67
2026-08-28 04:30:15+00:00,0.675
2026-08-28 04:31:09+00:00,0.675
2026-08-28 04:32:13+00:00,0.675
2026-08-28 04:33:12+00:00,0.68
2026-08-28 04:34:13+00:00,0.685
2026-08-28 04:35:09+00:00,0.695
2026-08-28 04:36:13+00:00,0.695
2026-08-28 04:37:09+00:00,0.695
2026-08-28 04:38:13+00:00,0.695
2026-08-28 04:39:12+00:00,0.695
2026-08-28 04:40:30+00:00,0.695
2026-08-28 04:41:12+00:00,0.695
2026-08-28 04:42:13+00:00,0.695
2026-08-28 04:43:12+00:00,0.695
2026-08-28 04:44:12+00:00,0.695
2026-08-28 04:45:13+00:00,0.695
2026-08-28 04:46:13+00:00,0.695
2026-08-28 04:47:13+00:00,0.695
2026-08-28 04:48:13+00:00,0.695
2026-08-28 04:49:12+00:00,0.695
2026-08-28 04:50:13+00:00,0.695
2026-08-28 04:51:12+00:00,0.695
2026-08-28 04:52:09+00:00,0.695
2026-08-28 04:53:16+00:00,0.695
2026-08-28 04:54:14+00:00,0.695
2026-08-28 04:55:13+00:00,0.695
2026-08-28 04:56:12+00:00,0.695
2026-08-28 04:57:12+00:00,0.695
2026-08-28 04:58:12+00:00,0.695
2026-08-28 04:59:12+00:00,0.695
2026-08-28 05:00:14+00:00,0.695
2026-08-28 05:01:13+00:00,0.695
2026-08-28 05:02:13+00:00,0.7
2026-08-28 05:03:12+00:00,0.7
2026-08-28 05:04:12+00:00,0.7
2026-08-28 05:05:12+00:00,0.7
2026-08-28 05:06:29+00:00,0.7
2026-08-28 05:07:12+00:00,0.7
2026-08-28 05:08:25+00:00,0.7
2026-08-28 05:09:13+00:00,0.7
2026-08-28 05:10:13+00:00,0.7
2026-08-28 05:11:12+00:00,0.7
2026-08-28 05:12:13+00:00,0.7
2026-08-28 05:13:12+00:00,0.7
2026-08-28 05:14:12+00:00,0.7
2026-08-28 05:15:13+00:00,0.7
2026-08-28 05:16:09+00:00,0.7
2026-08-28 05:17:09+00:00,0.7
2026-08-28 05:18:28+00:00,0.7
2026-08-28 05:19:16+00:00,0.7
2026-08-28 05:20:28+00:00,0.7
2026-08-28 05:21:13+00:00,0.7
2026-08-28 05:22:12+00:00,0.7
2026-08-28 05:23:13+00:00,0.7
2026-08-28 05:24:13+00:00,0.7
2026-08-28 05:25:12+00:00,0.7
2026-08-28 05:26:09+00:00,0.7
2026-08-28 05:27:09+00:00,0.7
2026-08-28 05:28:13+00:00,0.7
2026-08-28 05:29:13+00:00,0.7
2026-08-28 05:30:10+00:00,0.7
2026-08-28 05:31:12+00:00,0.7
2026-08-28 05:32:09+00:00,0.7
2026-08-28 05:33:13+00:00,0.695
2026-08-28 05:34:12+00:00,0.695
2026-08-28 05:35:09+00:00,0.695
2026-08-28 05:36:13+00:00,0.695
2026-08-28 05:37:09+00:00,0.695
2026-08-28 05:38:13+00:00,0.695
2026-08-28 05:39:12+00:00,0.695
2026-08-28 05:40:13+00:00,0.7
2026-08-28 05:41:12+00:00,0.7
2026-08-28 05:42:13+00:00,0.7
2026-08-28 05:43:13+00:00,0.7
2026-08-28 05:44:15+00:00,0.7
2026-08-28 05:45:14+00:00,0.695
2026-08-28 05:46:09+00:00,0.7
2026-08-28 05:47:09+00:00,0.7
2026-08-28 05:48:12+00:00,0.69
2026-08-28 05:49:12+00:00,0.69
2026-08-28 05:50:14+00:00,0.695
2026-08-28 05:51:22+00:00,0.695
2026-08-28 05:52:09+00:00,0.7
2026-08-28 05:53:13+00:00,0.695
2026-08-28 05:54:12+00:00,0.695
2026-08-28 05:55:13+00:00,0.695
2026-08-28 05:56:12+00:00,0.7
2026-08-28 05:57:12+00:00,0.7
2026-08-28 05:58:12+00:00,0.7
2026-08-28 05:59:13+00:00,0.7
2026-08-28 06:00:29+00:00,0.7
2026-08-28 06:01:12+00:00,0.7
2026-08-28 06:02:13+00:00,0.7
2026-08-28 06:03:23+00:00,0.695
2026-08-28 06:04:25+00:00,0.695
2026-08-28 06:05:09+00:00,0.69
2026-08-28 06:06:09+00:00,0.69
2026-08-28 06:07:09+00:00,0.69
2026-08-28 06:08:12+00:00,0.69
2026-08-28 06:09:12+00:00,0.69
2026-08-28 06:10:13+00:00,0.69
2026-08-28 06:11:13+00:00,0.69
2026-08-28 06:12:12+00:00,0.69
2026-08-28 06:13:12+00:00,0.69
2026-08-28 06:14:13+00:00,0.69
2026-08-28 06:15:09+00:00,0.685
2026-08-28 06:16:12+00:00,0.685
2026-08-28 06:17:12+00:00,0.685
2026-08-28 06:18:12+00:00,0.685
2026-08-28 06:19:13+00:00,0.685
2026-08-28 06:20:14+00:00,0.685
2026-08-28 06:21:12+00:00,0.685
2026-08-28 06:22:27+00:00,0.685
2026-08-28 06:23:13+00:00,0.685
2026-08-28 06:24:13+00:00,0.685
2026-08-28 06:25:09+00:00,0.685
2026-08-28 06:26:09+00:00,0.685
2026-08-28 06:27:09+00:00,0.685
2026-08-28 06:28:27+00:00,0.685
2026-08-28 06:29:27+00:00,0.685
2026-08-28 06:30:13+00:00,0.685
2026-08-28 06:31:12+00:00,0.685
2026-08-28 06:32:09+00:00,0.685
2026-08-28 06:33:13+00:00,0.685
2026-08-28 06:34:13+00:00,0.685
2026-08-28 06:35:13+00:00,0.685
2026-08-28 06:36:13+00:00,0.685
2026-08-28 06:37:13+00:00,0.685
2026-08-28 06:38:12+00:00,0.69
2026-08-28 06:39:13+00:00,0.69
2026-08-28 06:40:25+00:00,0.69
2026-08-28 06:41:22+00:00,0.69
2026-08-28 06:42:09+00:00,0.69
2026-08-28 06:43:26+00:00,0.69
2026-08-28 06:44:12+00:00,0.69
2026-08-28 06:45:10+00:00,0.69
2026-08-28 06:46:09+00:00,0.69
2026-08-28 06:47:25+00:00,0.68
2026-08-28 06:48:13+00:00,0.68
2026-08-28 06:49:12+00:00,0.68
2026-08-28 06:50:14+00:00,0.68
2026-08-28 06:51:08+00:00,0.68
2026-08-28 06:52:09+00:00,0.68
2026-08-28 06:53:12+00:00,0.68
2026-08-28 06:54:12+00:00,0.685
2026-08-28 06:55:13+00:00,0.685
2026-08-28 06:56:12+00:00,0.685
2026-08-28 06:57:12+00:00,0.685
2026-08-28 06:58:13+00:00,0.675
2026-08-28 06:59:12+00:00,0.675
2026-08-28 07:00:15+00:00,0.675
2026-08-28 07:01:13+00:00,0.685
2026-08-28 07:02:09+00:00,0.685
2026-08-28 07:03:12+00:00,0.69
2026-08-28 07:04:12+00:00,0.69
2026-08-28 07:05:10+00:00,0.69
2026-08-28 07:06:13+00:00,0.69
2026-08-28 07:07:09+00:00,0.69
2026-08-28 07:08:24+00:00,0.695
2026-08-28 07:09:12+00:00,0.7
2026-08-28 07:10:12+00:00,0.71
2026-08-28 07:11:12+00:00,0.71
2026-08-28 07:12:10+00:00,0.71
2026-08-28 07:13:13+00:00,0.71
2026-08-28 07:14:12+00:00,0.71
2026-08-28 07:15:10+00:00,0.71
2026-08-28 07:16:09+00:00,0.71
2026-08-28 07:17:09+00:00,0.725
2026-08-28 07:18:13+00:00,0.725
2026-08-28 07:19:12+00:00,0.725
2026-08-28 07:20:09+00:00,0.725
2026-08-28 07:21:13+00:00,0.725
2026-08-28 07:22:13+00:00,0.725
2026-08-28 07:23:12+00:00,0.725
2026-08-28 07:24:12+00:00,0.725
2026-08-28 07:25:12+00:00,0.725
2026-08-28 07:26:14+00:00,0.725
2026-08-28 07:27:27+00:00,0.725
2026-08-28 07:28:12+00:00,0.735
2026-08-28 07:29:13+00:00,0.725
2026-08-28 07:30:13+00:00,0.725
2026-08-28 07:31:08+00:00,0.725
2026-08-28 07:32:09+00:00,0.725
2026-08-28 07:33:12+00:00,0.725
2026-08-28 07:34:12+00:00,0.725
2026-08-28 07:35:12+00:00,0.725
2026-08-28 07:36:12+00:00,0.725
2026-08-28 07:37:09+00:00,0.72
2026-08-28 07:38:13+00:00,0.725
2026-08-28 07:39:14+00:00,0.725
2026-08-28 07:40:13+00:00,0.73
2026-08-28 07:41:13+00:00,0.73
2026-08-28 07:42:13+00:00,0.74
2026-08-28 07:43:12+00:00,0.74
2026-08-28 07:44:12+00:00,0.735
2026-08-28 07:45:12+00:00,0.735
2026-08-28 07:46:12+00:00,0.735
2026-08-28 07:47:12+00:00,0.735
2026-08-28 07:48:12+00:00,0.735
2026-08-28 07:49:12+00:00,0.735
2026-08-28 07:50:13+00:00,0.735
2026-08-28 07:51:09+00:00,0.735
2026-08-28 07:52:10+00:00,0.735
2026-08-28 07:53:12+00:00,0.74
2026-08-28 07:54:13+00:00,0.735
2026-08-28 07:55:13+00:00,0.735
2026-08-28 07:56:12+00:00,0.735
2026-08-28 07:57:09+00:00,0.735
2026-08-28 07:58:12+00:00,0.735
2026-08-28 07:59:13+00:00,0.735
2026-08-28 08:00:14+00:00,0.735
2026-08-28 08:01:13+00:00,0.735
2026-08-28 08:02:10+00:00,0.735
2026-08-28 08:03:24+00:00,0.735
2026-08-28 08:04:12+00:00,0.735
2026-08-28 08:05:26+00:00,0.735
2026-08-28 08:06:23+00:00,0.735
2026-08-28 08:07:13+00:00,0.735
2026-08-28 08:08:12+00:00,0.735
2026-08-28 08:09:13+00:00,0.735
2026-08-28 08:10:13+00:00,0.735
2026-08-28 08:11:09+00:00,0.735
2026-08-28 08:12:09+00:00,0.735
2026-08-28 08:13:13+00:00,0.735
2026-08-28 08:14:12+00:00,0.735
2026-08-28 08:15:10+00:00,0.735
2026-08-28 08:16:09+00:00,0.735
2026-08-28 08:17:13+00:00,0.735
2026-08-28 08:18:15+00:00,0.735
2026-08-28 08:19:12+00:00,0.725
2026-08-28 08:20:13+00:00,0.725
2026-08-28 08:21:10+00:00,0.725
2026-08-28 08:22:12+00:00,0.725
2026-08-28 08:23:12+00:00,0.735
2026-08-28 08:24:12+00:00,0.735
2026-08-28 08:25:13+00:00,0.73
2026-08-28 08:26:14+00:00,0.73
2026-08-28 08:27:10+00:00,0.73
2026-08-28 08:28:12+00:00,0.73
2026-08-28 08:29:13+00:00,0.73
2026-08-28 08:30:15+00:00,0.73
2026-08-28 08:31:13+00:00,0.73
2026-08-28 08:32:13+00:00,0.73
2026-08-28 08:33:13+00:00,0.73
2026-08-28 08:34:12+00:00,0.73
2026-08-28 08:35:13+00:00,0.73
2026-08-28 08:36:13+00:00,0.73
2026-08-28 08:37:12+00:00,0.73
2026-08-28 08:38:25+00:00,0.73
2026-08-28 08:39:15+00:00,0.73
2026-08-28 08:40:09+00:00,0.73
2026-08-28 08:41:13+00:00,0.73
2026-08-28 08:42:12+00:00,0.73
2026-08-28 08:43:12+00:00,0.73
2026-08-28 08:44:12+00:00,0.735
2026-08-28 08:45:10+00:00,0.74
2026-08-28 08:46:09+00:00,0.745
2026-08-28 08:47:13+00:00,0.75
2026-08-28 08:48:12+00:00,0.785
2026-08-28 08:49:12+00:00,0.79
2026-08-28 08:50:09+00:00,0.79
2026-08-28 08:51:09+00:00,0.79
2026-08-28 08:52:15+00:00,0.785
2026-08-28 08:53:13+00:00,0.785
2026-08-28 08:54:12+00:00,0.79
2026-08-28 08:55:13+00:00,0.79
2026-08-28 08:56:12+00:00,0.79
2026-08-28 08:57:09+00:00,0.795
2026-08-28 08:58:12+00:00,0.79
2026-08-28 08:59:13+00:00,0.79
2026-08-28 09:00:30+00:00,0.79
2026-08-28 09:01:15+00:00,0.79
2026-08-28 09:02:09+00:00,0.8
2026-08-28 09:03:13+00:00,0.805
2026-08-28 09:04:12+00:00,0.815
2026-08-28 09:05:09+00:00,0.835
2026-08-28 09:06:09+00:00,0.835
2026-08-28 09:07:09+00:00,0.83
2026-08-28 09:08:12+00:00,0.83
2026-08-28 09:09:12+00:00,0.83
2026-08-28 09:10:13+00:00,0.83
2026-08-28 09:11:09+00:00,0.835
2026-08-28 09:12:13+00:00,0.815
2026-08-28 09:13:12+00:00,0.815
2026-08-28 09:14:26+00:00,0.82
2026-08-28 09:15:13+00:00,0.82
2026-08-28 09:16:09+00:00,0.82
2026-08-28 09:17:09+00:00,0.82
2026-08-28 09:18:12+00:00,0.82
2026-08-28 09:19:13+00:00,0.82
2026-08-28 09:20:09+00:00,0.82
2026-08-28 09:21:09+00:00,0.82
2026-08-28 09:22:13+00:00,0.82
2026-08-28 09:23:29+00:00,0.82
2026-08-28 09:24:13+00:00,0.815
2026-08-28 09:25:09+00:00,0.815
2026-08-28 09:26:09+00:00,0.815
2026-08-28 09:27:12+00:00,0.815
2026-08-28 09:28:13+00:00,0.825
2026-08-28 09:29:12+00:00,0.825
2026-08-28 09:30:14+00:00,0.825
2026-08-28 09:31:12+00:00,0.825
2026-08-28 09:32:12+00:00,0.825
2026-08-28 09:33:12+00:00,0.825
2026-08-28 09:34:12+00:00,0.825
2026-08-28 09:35:12+00:00,0.825
2026-08-28 09:36:15+00:00,0.825
2026-08-28 09:37:27+00:00,0.825
2026-08-28 09:38:12+00:00,0.825
2026-08-28 09:39:13+00:00,0.825
2026-08-28 09:40:13+00:00,0.825
2026-08-28 09:41:12+00:00,0.825
2026-08-28 09:42:12+00:00,0.825
2026-08-28 09:43:13+00:00,0.83
2026-08-28 09:44:12+00:00,0.83
2026-08-28 09:45:14+00:00,0.835
2026-08-28 09:46:09+00:00,0.835
2026-08-28 09:47:09+00:00,0.835
2026-08-28 09:48:12+00:00,0.835
2026-08-28 09:49:15+00:00,0.835
2026-08-28 09:50:14+00:00,0.835
2026-08-28 09:51:09+00:00,0.835
2026-08-28 09:52:12+00:00,0.835
2026-08-28 09:53:13+00:00,0.835
2026-08-28 09:54:13+00:00,0.835
2026-08-28 09:55:13+00:00,0.835
2026-08-28 09:56:23+00:00,0.835
2026-08-28 09:57:09+00:00,0.835
2026-08-28 09:58:13+00:00,0.835
2026-08-28 09:59:12+00:00,0.835
2026-08-28 10:00:11+00:00,0.835
2026-08-28 10:01:13+00:00,0.835
2026-08-28 10:02:16+00:00,0.835
2026-08-28 10:03:12+00:00,0.835
2026-08-28 10:04:12+00:00,0.835
2026-08-28 10:05:14+00:00,0.845
2026-08-28 10:06:09+00:00,0.845
2026-08-28 10:07:09+00:00,0.845
2026-08-28 10:08:13+00:00,0.86
2026-08-28 10:09:13+00:00,0.86
2026-08-28 10:10:13+00:00,0.865
2026-08-28 10:11:24+00:00,0.865
2026-08-28 10:12:09+00:00,0.86
2026-08-28 10:13:12+00:00,0.86
2026-08-28 10:14:12+00:00,0.86
2026-08-28 10:15:13+00:00,0.86
2026-08-28 10:16:13+00:00,0.86
2026-08-28 10:17:09+00:00,0.86
2026-08-28 10:18:12+00:00,0.86
2026-08-28 10:19:13+00:00,0.86
2026-08-28 10:20:10+00:00,0.86
2026-08-28 10:21:12+00:00,0.86
2026-08-28 10:22:12+00:00,0.86
2026-08-28 10:23:12+00:00,0.86
2026-08-28 10:24:13+00:00,0.86
2026-08-28 10:25:12+00:00,0.86
2026-08-28 10:26:09+00:00,0.86
2026-08-28 10:27:09+00:00,0.865
2026-08-28 10:28:16+00:00,0.855
2026-08-28 10:29:12+00:00,0.855
2026-08-28 10:30:14+00:00,0.855
2026-08-28 10:31:09+00:00,0.845
2026-08-28 10:32:22+00:00,0.845
2026-08-28 10:33:13+00:00,0.845
2026-08-28 10:34:12+00:00,0.845
2026-08-28 10:35:10+00:00,0.845
2026-08-28 10:36:12+00:00,0.845
2026-08-28 10:37:12+00:00,0.845
2026-08-28 10:38:13+00:00,0.845
2026-08-28 10:39:13+00:00,0.845
2026-08-28 10:40:13+00:00,0.845
2026-08-28 10:41:16+00:00,0.835
2026-08-28 10:42:13+00:00,0.835
2026-08-28 10:43:09+00:00,0.835
2026-08-28 10:44:12+00:00,0.835
2026-08-28 10:45:11+00:00,0.835
2026-08-28 10:46:09+00:00,0.835
2026-08-28 10:47:09+00:00,0.835
2026-08-28 10:48:13+00:00,0.835
2026-08-28 10:49:12+00:00,0.825
2026-08-28 10:50:29+00:00,0.825
2026-08-28 10:51:13+00:00,0.825
2026-08-28 10:52:12+00:00,0.825
2026-08-28 10:53:12+00:00,0.825
2026-08-28 10:54:15+00:00,0.825
2026-08-28 10:55:10+00:00,0.825
2026-08-28 10:56:12+00:00,0.825
2026-08-28 10:57:09+00:00,0.825
2026-08-28 10:58:12+00:00,0.825
2026-08-28 10:59:12+00:00,0.825
2026-08-28 11:00:13+00:00,0.825
2026-08-28 11:01:13+00:00,0.805
2026-08-28 11:02:10+00:00,0.805
2026-08-28 11:03:12+00:00,0.805
2026-08-28 11:04:12+00:00,0.8
2026-08-28 11:05:10+00:00,0.79
2026-08-28 11:06:09+00:00,0.795
2026-08-28 11:07:12+00:00,0.795
2026-08-28 11:08:12+00:00,0.795
2026-08-28 11:09:13+00:00,0.795
2026-08-28 11:10:13+00:00,0.8
2026-08-28 11:11:09+00:00,0.8
2026-08-28 11:12:10+00:00,0.805
2026-08-28 11:13:12+00:00,0.805
2026-08-28 11:14:13+00:00,0.805
2026-08-28 11:15:13+00:00,0.805
2026-08-28 11:16:13+00:00,0.795
2026-08-28 11:17:12+00:00,0.795
2026-08-28 11:18:12+00:00,0.795
2026-08-28 11:19:12+00:00,0.795
2026-08-28 11:20:17+00:00,0.8
2026-08-28 11:21:09+00:00,0.81
2026-08-28 11:22:12+00:00,0.79
2026-08-28 11:23:13+00:00,0.81
2026-08-28 11:24:12+00:00,0.81
2026-08-28 11:25:13+00:00,0.795
2026-08-28 11:26:12+00:00,0.78
2026-08-28 11:27:09+00:00,0.79
2026-08-28 11:28:25+00:00,0.785
2026-08-28 11:29:26+00:00,0.785
2026-08-28 11:30:10+00:00,0.785
2026-08-28 11:31:08+00:00,0.785
2026-08-28 11:32:23+00:00,0.785
2026-08-28 11:33:15+00:00,0.785
2026-08-28 11:34:12+00:00,0.785
2026-08-28 11:35:13+00:00,0.785
2026-08-28 11:36:12+00:00,0.79
2026-08-28 11:37:12+00:00,0.79
2026-08-28 11:38:13+00:00,0.79
2026-08-28 11:39:12+00:00,0.8
2026-08-28 11:40:12+00:00,0.795
2026-08-28 11:41:09+00:00,0.795
2026-08-28 11:42:16+00:00,0.795
2026-08-28 11:43:12+00:00,0.795
2026-08-28 11:44:12+00:00,0.795
2026-08-28 11:45:13+00:00,0.8
2026-08-28 11:46:12+00:00,0.8
2026-08-28 11:47:12+00:00,0.795
2026-08-28 11:48:12+00:00,0.795
2026-08-28 11:49:13+00:00,0.8
2026-08-28 11:50:09+00:00,0.8
2026-08-28 11:51:09+00:00,0.8
2026-08-28 11:52:12+00:00,0.805
2026-08-28 11:53:13+00:00,0.81
2026-08-28 11:54:12+00:00,0.81
2026-08-28 11:55:16+00:00,0.81
2026-08-28 11:56:12+00:00,0.81
2026-08-28 11:57:12+00:00,0.81
2026-08-28 11:58:12+00:00,0.825
2026-08-28 11:59:13+00:00,0.825
2026-08-28 12:00:16+00:00,0.825
2026-08-28 12:01:12+00:00,0.825
2026-08-28 12:02:12+00:00,0.825
2026-08-28 12:03:12+00:00,0.825
2026-08-28 12:04:12+00:00,0.835
2026-08-28 12:05:09+00:00,0.83
2026-08-28 12:06:08+00:00,0.83
2026-08-28 12:07:09+00:00,0.83
2026-08-28 12:08:13+00:00,0.83
2026-08-28 12:09:12+00:00,0.83
2026-08-28 12:10:13+00:00,0.835
2026-08-28 12:11:12+00:00,0.835
2026-08-28 12:12:12+00:00,0.84
2026-08-28 12:13:08+00:00,0.835
2026-08-28 12:14:12+00:00,0.84
2026-08-28 12:15:09+00:00,0.84
2026-08-28 12:16:27+00:00,0.835
2026-08-28 12:17:12+00:00,0.835
2026-08-28 12:18:13+00:00,0.835
2026-08-28 12:19:12+00:00,0.86
2026-08-28 12:20:12+00:00,0.825
2026-08-28 12:21:13+00:00,0.825
2026-08-28 12:22:12+00:00,0.825
2026-08-28 12:23:12+00:00,0.825
2026-08-28 12:24:12+00:00,0.835
2026-08-28 12:25:12+00:00,0.825
2026-08-28 12:26:09+00:00,0.825
2026-08-28 12:27:09+00:00,0.825
2026-08-28 12:28:09+00:00,0.825
2026-08-28 12:29:12+00:00,0.825
2026-08-28 12:30:13+00:00,0.825
2026-08-28 12:31:09+00:00,0.845
2026-08-28 12:32:12+00:00,0.835
2026-08-28 12:33:25+00:00,0.835
2026-08-28 12:34:13+00:00,0.835
2026-08-28 12:35:13+00:00,0.835
2026-08-28 12:36:12+00:00,0.835
2026-08-28 12:37:13+00:00,0.835
2026-08-28 12:38:12+00:00,0.835
2026-08-28 12:39:13+00:00,0.835
2026-08-28 12:40:12+00:00,0.835
2026-08-28 12:41:09+00:00,0.835
2026-08-28 12:42:12+00:00,0.835
2026-08-28 12:43:12+00:00,0.835
2026-08-28 12:44:12+00:00,0.835
2026-08-28 12:45:13+00:00,0.835
2026-08-28 12:46:12+00:00,0.835
2026-08-28 12:47:13+00:00,0.835
2026-08-28 12:48:13+00:00,0.835
2026-08-28 12:49:12+00:00,0.835
2026-08-28 12:50:12+00:00,0.835
2026-08-28 12:51:12+00:00,0.845
2026-08-28 12:52:12+00:00,0.845
2026-08-28 12:53:12+00:00,0.84
2026-08-28 12:54:12+00:00,0.84
2026-08-28 12:55:12+00:00,0.84
2026-08-28 12:56:12+00:00,0.84
2026-08-28 12:57:27+00:00,0.84
2026-08-28 12:58:13+00:00,0.84
2026-08-28 12:59:12+00:00,0.84
2026-08-28 13:00:15+00:00,0.84
2026-08-28 13:01:12+00:00,0.84
2026-08-28 13:02:12+00:00,0.84
2026-08-28 13:03:12+00:00,0.84
2026-08-28 13:04:12+00:00,0.85
2026-08-28 13:05:13+00:00,0.845
2026-08-28 13:06:13+00:00,0.845
2026-08-28 13:07:08+00:00,0.84
2026-08-28 13:08:12+00:00,0.84
2026-08-28 13:09:12+00:00,0.84
2026-08-28 13:10:13+00:00,0.84
2026-08-28 13:11:09+00:00,0.84
2026-08-28 13:12:13+00:00,0.84
2026-08-28 13:13:13+00:00,0.84
2026-08-28 13:14:12+00:00,0.84
2026-08-28 13:15:13+00:00,0.84
2026-08-28 13:16:12+00:00,0.84
2026-08-28 13:17:13+00:00,0.84
2026-08-28 13:18:13+00:00,0.84
2026-08-28 13:19:12+00:00,0.84
2026-08-28 13:20:13+00:00,0.84
2026-08-28 13:21:13+00:00,0.84
2026-08-28 13:22:26+00:00,0.845
2026-08-28 13:23:13+00:00,0.845
2026-08-28 13:24:12+00:00,0.855
2026-08-28 13:25:12+00:00,0.85
2026-08-28 13:26:14+00:00,0.85
2026-08-28 13:27:09+00:00,0.85
2026-08-28 13:28:12+00:00,0.77
2026-08-28 13:29:12+00:00,0.785
2026-08-28 13:30:14+00:00,0.785
2026-08-28 13:31:13+00:00,0.83
2026-08-28 13:32:25+00:00,0.83
2026-08-28 13:33:12+00:00,0.83
2026-08-28 13:34:12+00:00,0.85
2026-08-28 13:35:27+00:00,0.915
2026-08-28 13:36:12+00:00,0.925
2026-08-28 13:37:12+00:00,0.925
2026-08-28 13:38:13+00:00,0.92
2026-08-28 13:39:14+00:00,0.92
2026-08-28 13:40:13+00:00,0.92
2026-08-28 13:41:09+00:00,0.92
2026-08-28 13:42:13+00:00,0.92
2026-08-28 13:43:12+00:00,0.92
2026-08-28 13:44:09+00:00,0.92
2026-08-28 13:45:14+00:00,0.92
2026-08-28 13:46:09+00:00,0.92
2026-08-28 13:47:12+00:00,0.92
2026-08-28 13:48:13+00:00,0.92
2026-08-28 13:49:13+00:00,0.92
2026-08-28 13:50:13+00:00,0.92
2026-08-28 13:51:09+00:00,0.915
2026-08-28 13:52:15+00:00,0.915
2026-08-28 13:53:12+00:00,0.915
2026-08-28 13:54:12+00:00,0.915
2026-08-28 13:55:12+00:00,0.91
2026-08-28 13:56:13+00:00,0.92
2026-08-28 13:57:10+00:00,0.925
2026-08-28 13:58:09+00:00,0.925
2026-08-28 13:59:26+00:00,0.925
2026-08-28 14:00:10+00:00,0.925
2026-08-28 14:01:13+00:00,0.925
2026-08-28 14:02:10+00:00,0.925
2026-08-28 14:03:12+00:00,0.925
2026-08-28 14:04:13+00:00,0.92
2026-08-28 14:05:12+00:00,0.925
2026-08-28 14:06:09+00:00,0.95
2026-08-28 14:07:09+00:00,0.95
2026-08-28 14:08:13+00:00,0.96
2026-08-28 14:09:12+00:00,0.96
2026-08-28 14:10:14+00:00,0.96
2026-08-28 14:11:13+00:00,0.96
2026-08-28 14:12:12+00:00,0.96
2026-08-28 14:13:12+00:00,0.96
2026-08-28 14:14:13+00:00,0.96
2026-08-28 14:15:09+00:00,0.96
2026-08-28 14:16:12+00:00,0.96
2026-08-28 14:17:13+00:00,0.96
2026-08-28 14:18:14+00:00,0.96
2026-08-28 14:19:12+00:00,0.96
2026-08-28 14:20:14+00:00,0.96
2026-08-28 14:21:14+00:00,0.96
2026-08-28 14:22:13+00:00,0.96
2026-08-28 14:23:13+00:00,0.96
2026-08-28 14:24:13+00:00,0.925
2026-08-28 14:25:10+00:00,0.925
2026-08-28 14:26:09+00:00,0.925
2026-08-28 14:27:09+00:00,0.925
2026-08-28 14:28:13+00:00,0.925
2026-08-28 14:29:13+00:00,0.925
2026-08-28 14:30:14+00:00,0.925
2026-08-28 14:31:12+00:00,0.925
2026-08-28 14:32:13+00:00,0.925
2026-08-28 14:33:13+00:00,0.925
2026-08-28 14:34:27+00:00,0.925
2026-08-28 14:35:10+00:00,0.93
2026-08-28 14:36:10+00:00,0.935
2026-08-28 14:37:10+00:00,0.935
2026-08-28 14:38:13+00:00,0.93
2026-08-28 14:39:12+00:00,0.93
2026-08-28 14:40:23+00:00,0.94
2026-08-28 14:41:09+00:00,0.94
2026-08-28 14:42:12+00:00,0.94
2026-08-28 14:43:12+00:00,0.93
2026-08-28 14:44:15+00:00,0.93
2026-08-28 14:45:13+00:00,0.93
2026-08-28 14:46:12+00:00,0.93
2026-08-28 14:47:09+00:00,0.93
2026-08-28 14:48:12+00:00,0.93
2026-08-28 14:49:12+00:00,0.93
2026-08-28 14:50:10+00:00,0.93
2026-08-28 14:51:09+00:00,0.93
2026-08-28 14:52:24+00:00,0.93
2026-08-28 14:53:12+00:00,0.93
2026-08-28 14:54:09+00:00,0.93
2026-08-28 14:55:13+00:00,0.93
2026-08-28 14:56:13+00:00,0.93
2026-08-28 14:57:16+00:00,0.93
2026-08-28 14:58:13+00:00,0.93
2026-08-28 14:59:13+00:00,0.93
2026-08-28 15:00:11+00:00,0.93
2026-08-28 15:01:24+00:00,0.93
2026-08-28 15:02:13+00:00,0.93
2026-08-28 15:03:13+00:00,0.93
2026-08-28 15:04:12+00:00,0.925
2026-08-28 15:05:13+00:00,0.925
2026-08-28 15:06:10+00:00,0.925
2026-08-28 15:07:12+00:00,0.925
2026-08-28 15:08:13+00:00,0.925
2026-08-28 15:09:12+00:00,0.925
2026-08-28 15:10:16+00:00,0.925
2026-08-28 15:11:13+00:00,0.925
2026-08-28 15:12:12+00:00,0.925
2026-08-28 15:13:13+00:00,0.925
2026-08-28 15:14:13+00:00,0.925
2026-08-28 15:15:14+00:00,0.925
2026-08-28 15:16:13+00:00,0.925
2026-08-28 15:17:13+00:00,0.925
2026-08-28 15:18:12+00:00,0.925
2026-08-28 15:19:28+00:00,0.925
2026-08-28 15:20:13+00:00,0.925
2026-08-28 15:21:13+00:00,0.925
2026-08-28 15:22:12+00:00,0.925
2026-08-28 15:23:16+00:00,0.925
2026-08-28 15:24:12+00:00,0.925
2026-08-28 15:25:09+00:00,0.925
2026-08-28 15:26:26+00:00,0.925
2026-08-28 15:27:10+00:00,0.925
2026-08-28 15:28:13+00:00,0.925
2026-08-28 15:29:13+00:00,0.925
2026-08-28 15:30:13+00:00,0.925
2026-08-28 15:31:09+00:00,0.925
2026-08-28 15:32:15+00:00,0.925
2026-08-28 15:33:12+00:00,0.925
2026-08-28 15:34:13+00:00,0.925
2026-08-28 15:35:10+00:00,0.925
2026-08-28 15:36:09+00:00,0.925
2026-08-28 15:37:12+00:00,0.925
2026-08-28 15:38:13+00:00,0.925
2026-08-28 15:39:24+00:00,0.925
2026-08-28 15:40:13+00:00,0.925
2026-08-28 15:41:25+00:00,0.925
2026-08-28 15:42:12+00:00,0.925
2026-08-28 15:43:12+00:00,0.925
2026-08-28 15:44:12+00:00,0.925
2026-08-28 15:45:16+00:00,0.925
2026-08-28 15:46:13+00:00,0.925
2026-08-28 15:47:09+00:00,0.925
2026-08-28 15:48:13+00:00,0.925
2026-08-28 15:49:12+00:00,0.925
2026-08-28 15:50:09+00:00,0.925
2026-08-28 15:51:09+00:00,0.925
2026-08-28 15:52:12+00:00,0.925
2026-08-28 15:53:12+00:00,0.925
2026-08-28 15:54:13+00:00,0.925
2026-08-28 15:55:12+00:00,0.925
2026-08-28 15:56:13+00:00,0.925
2026-08-28 15:57:12+00:00,0.925
2026-08-28 15:58:15+00:00,0.925
2026-08-28 15:59:12+00:00,0.925
2026-08-28 16:00:15+00:00,0.925
2026-08-28 16:01:13+00:00,0.925
2026-08-28 16:02:13+00:00,0.93
2026-08-28 16:03:13+00:00,0.93
2026-08-28 16:04:13+00:00,0.93
2026-08-28 16:05:09+00:00,0.93
2026-08-28 16:06:09+00:00,0.93
2026-08-28 16:07:13+00:00,0.93
2026-08-28 16:08:13+00:00,0.93
2026-08-28 16:09:27+00:00,0.93
2026-08-28 16:10:14+00:00,0.93
2026-08-28 16:11:16+00:00,0.93
2026-08-28 16:12:13+00:00,0.93
2026-08-28 16:13:25+00:00,0.93
2026-08-28 16:14:16+00:00,0.93
2026-08-28 16:15:10+00:00,0.93
2026-08-28 16:16:13+00:00,0.93
2026-08-28 16:17:13+00:00,0.93
2026-08-28 16:18:13+00:00,0.93
2026-08-28 16:19:13+00:00,0.93
2026-08-28 16:20:14+00:00,0.93
2026-08-28 16:21:10+00:00,0.93
2026-08-28 16:22:13+00:00,0.93
2026-08-28 16:23:13+00:00,0.93
2026-08-28 16:24:13+00:00,0.93
2026-08-28 16:25:13+00:00,0.93
2026-08-28 16:26:13+00:00,0.93
2026-08-28 16:27:12+00:00,0.93
2026-08-28 16:28:13+00:00,0.93
2026-08-28 16:29:13+00:00,0.93
2026-08-28 16:30:14+00:00,0.93
2026-08-28 16:31:13+00:00,0.93
2026-08-28 16:32:09+00:00,0.93
2026-08-28 16:33:13+00:00,0.93
2026-08-28 16:34:13+00:00,0.93
2026-08-28 16:35:13+00:00,0.93
2026-08-28 16:36:13+00:00,0.93
2026-08-28 16:37:09+00:00,0.93
2026-08-28 16:38:13+00:00,0.93
2026-08-28 16:39:12+00:00,0.93
2026-08-28 16:40:17+00:00,0.93
2026-08-28 16:41:13+00:00,0.93
2026-08-28 16:42:13+00:00,0.93
2026-08-28 16:43:13+00:00,0.93
2026-08-28 16:44:13+00:00,0.93
2026-08-28 16:45:13+00:00,0.93
2026-08-28 16:46:13+00:00,0.93
2026-08-28 16:47:13+00:00,0.93
2026-08-28 16:48:14+00:00,0.93
2026-08-28 16:49:24+00:00,0.93
2026-08-28 16:50:15+00:00,0.93
2026-08-28 16:51:09+00:00,0.93
2026-08-28 16:52:13+00:00,0.93
2026-08-28 16:53:16+00:00,0.93
2026-08-28 16:54:13+00:00,0.93
2026-08-28 16:55:14+00:00,0.93
2026-08-28 16:56:14+00:00,0.93
2026-08-28 16:57:13+00:00,0.93
2026-08-28 16:58:13+00:00,0.93
2026-08-28 16:59:13+00:00,0.93
2026-08-28 17:00:14+00:00,0.93
2026-08-28 17:01:13+00:00,0.93
2026-08-28 17:02:14+00:00,0.93
2026-08-28 17:03:13+00:00,0.93
2026-08-28 17:04:13+00:00,0.93
2026-08-28 17:05:13+00:00,0.93
2026-08-28 17:06:16+00:00,0.93
2026-08-28 17:07:13+00:00,0.93
2026-08-28 17:08:13+00:00,0.93
2026-08-28 17:09:13+00:00,0.93
2026-08-28 17:10:14+00:00,0.93
2026-08-28 17:11:13+00:00,0.93
2026-08-28 17:12:13+00:00,0.93
2026-08-28 17:13:13+00:00,0.93
2026-08-28 17:14:13+00:00,0.93
2026-08-28 17:15:14+00:00,0.93
2026-08-28 17:16:13+00:00,0.93
2026-08-28 17:17:13+00:00,0.93
2026-08-28 17:18:14+00:00,0.93
2026-08-28 17:19:16+00:00,0.93
2026-08-28 17:20:14+00:00,0.93
2026-08-28 17:21:13+00:00,0.93
2026-08-28 17:22:13+00:00,0.93
2026-08-28 17:23:13+00:00,0.93
2026-08-28 17:24:14+00:00,0.93
2026-08-28 17:25:10+00:00,0.93
2026-08-28 17:26:09+00:00,0.93
2026-08-28 17:27:09+00:00,0.93
2026-08-28 17:28:13+00:00,0.93
2026-08-28 17:29:13+00:00,0.93
2026-08-28 17:30:13+00:00,0.93
2026-08-28 17:31:13+00:00,0.93
2026-08-28 17:32:16+00:00,0.93
2026-08-28 17:33:13+00:00,0.93
2026-08-28 17:34:12+00:00,0.93
2026-08-28 17:35:13+00:00,0.93
2026-08-28 17:36:21+00:00,0.93
2026-08-28 17:37:09+00:00,0.93
2026-08-28 17:38:12+00:00,0.93
2026-08-28 17:39:12+00:00,0.93
2026-08-28 17:40:10+00:00,0.93
2026-08-28 17:41:10+00:00,0.93
2026-08-28 17:42:13+00:00,0.93
2026-08-28 17:43:12+00:00,0.93
2026-08-28 17:44:13+00:00,0.93
2026-08-28 17:45:16+00:00,0.93
2026-08-28 17:46:13+00:00,0.93
2026-08-28 17:47:13+00:00,0.93
2026-08-28 17:48:13+00:00,0.93
2026-08-28 17:49:13+00:00,0.93
2026-08-28 17:50:13+00:00,0.93
2026-08-28 17:51:13+00:00,0.93
2026-08-28 17:52:13+00:00,0.93
2026-08-28 17:53:13+00:00,0.93
2026-08-28 17:54:13+00:00,0.93
2026-08-28 17:55:14+00:00,0.93
2026-08-28 17:56:13+00:00,0.93
2026-08-28 17:57:13+00:00,0.93
2026-08-28 17:58:12+00:00,0.93
2026-08-28 17:59:13+00:00,0.93
2026-08-28 18:00:16+00:00,0.93
2026-08-28 18:01:12+00:00,0.93
2026-08-28 18:02:13+00:00,0.93
2026-08-28 18:03:12+00:00,0.93
2026-08-28 18:04:13+00:00,0.93
2026-08-28 18:05:13+00:00,0.93
2026-08-28 18:06:13+00:00,0.93
2026-08-28 18:07:12+00:00,0.93
2026-08-28 18:08:09+00:00,0.93
2026-08-28 18:09:12+00:00,0.93
2026-08-28 18:10:10+00:00,0.93
2026-08-28 18:11:13+00:00,0.93
2026-08-28 18:12:13+00:00,0.93
2026-08-28 18:13:13+00:00,0.93
2026-08-28 18:14:12+00:00,0.93
2026-08-28 18:15:11+00:00,0.93
2026-08-28 18:16:09+00:00,0.93
2026-08-28 18:17:13+00:00,0.93
2026-08-28 18:18:13+00:00,0.93
2026-08-28 18:19:12+00:00,0.93
2026-08-28 18:20:13+00:00,0.93
2026-08-28 18:21:09+00:00,0.93
2026-08-28 18:22:09+00:00,0.93
2026-08-28 18:23:12+00:00,0.93
2026-08-28 18:24:13+00:00,0.93
2026-08-28 18:25:13+00:00,0.93
2026-08-28 18:26:13+00:00,0.93
2026-08-28 18:27:09+00:00,0.93
2026-08-28 18:28:13+00:00,0.93
2026-08-28 18:29:13+00:00,0.93
2026-08-28 18:30:15+00:00,0.93
2026-08-28 18:31:09+00:00,0.93
2026-08-28 18:32:12+00:00,0.93
2026-08-28 18:33:13+00:00,0.93
2026-08-28 18:34:12+00:00,0.93
2026-08-28 18:35:09+00:00,0.93
2026-08-28 18:36:13+00:00,0.93
2026-08-28 18:37:09+00:00,0.93
2026-08-28 18:38:12+00:00,0.93
2026-08-28 18:39:13+00:00,0.93
2026-08-28 18:40:13+00:00,0.93
2026-08-28 18:41:12+00:00,0.93
2026-08-28 18:42:12+00:00,0.93
2026-08-28 18:43:12+00:00,0.93
2026-08-28 18:44:14+00:00,0.93
2026-08-28 18:45:13+00:00,0.93
2026-08-28 18:46:13+00:00,0.93
2026-08-28 18:47:09+00:00,0.93
2026-08-28 18:48:13+00:00,0.93
2026-08-28 18:49:13+00:00,0.93
2026-08-28 18:50:10+00:00,0.93
2026-08-28 18:51:12+00:00,0.93
2026-08-28 18:52:12+00:00,0.93
2026-08-28 18:53:13+00:00,0.93
2026-08-28 18:54:13+00:00,0.93
2026-08-28 18:55:13+00:00,0.93
2026-08-28 18:56:13+00:00,0.93
2026-08-28 18:57:13+00:00,0.93
2026-08-28 18:58:13+00:00,0.93
2026-08-28 18:59:14+00:00,0.93
2026-08-28 19:00:15+00:00,0.93
2026-08-28 19:01:13+00:00,0.93
2026-08-28 19:02:12+00:00,0.93
2026-08-28 19:03:12+00:00,0.93
2026-08-28 19:04:12+00:00,0.93
2026-08-28 19:05:09+00:00,0.93
2026-08-28 19:06:13+00:00,0.93
2026-08-28 19:07:13+00:00,0.93
2026-08-28 19:08:13+00:00,0.93
2026-08-28 19:09:12+00:00,0.93
2026-08-28 19:10:13+00:00,0.93
2026-08-28 19:11:13+00:00,0.93
2026-08-28 19:12:14+00:00,0.93
2026-08-28 19:13:13+00:00,0.93
2026-08-28 19:14:13+00:00,0.93
2026-08-28 19:15:10+00:00,0.93
2026-08-28 19:16:13+00:00,0.93
2026-08-28 19:17:13+00:00,0.93
2026-08-28 19:18:13+00:00,0.93
2026-08-28 19:19:09+00:00,0.93
2026-08-28 19:20:13+00:00,0.93
2026-08-28 19:21:15+00:00,0.93
2026-08-28 19:22:13+00:00,0.93
2026-08-28 19:23:13+00:00,0.93
2026-08-28 19:24:13+00:00,0.93
2026-08-28 19:25:26+00:00,0.93
2026-08-28 19:26:12+00:00,0.93
2026-08-28 19:27:13+00:00,0.93
2026-08-28 19:28:13+00:00,0.93
2026-08-28 19:29:26+00:00,0.93
2026-08-28 19:30:10+00:00,0.93
2026-08-28 19:31:12+00:00,0.93
2026-08-28 19:32:13+00:00,0.93
2026-08-28 19:33:13+00:00,0.93
2026-08-28 19:34:14+00:00,0.93
2026-08-28 19:35:14+00:00,0.93
2026-08-28 19:36:21+00:00,0.93
2026-08-28 19:37:09+00:00,0.93
2026-08-28 19:38:13+00:00,0.93
2026-08-28 19:39:12+00:00,0.93
2026-08-28 19:40:13+00:00,0.93
2026-08-28 19:41:12+00:00,0.93
2026-08-28 19:42:13+00:00,0.93
2026-08-28 19:43:13+00:00,0.93
2026-08-28 19:44:12+00:00,0.93
2026-08-28 19:45:14+00:00,0.93
2026-08-28 19:46:14+00:00,0.93
2026-08-28 19:47:15+00:00,0.93
2026-08-28 19:48:13+00:00,0.93
2026-08-28 19:49:12+00:00,0.93
2026-08-28 19:50:14+00:00,0.93
2026-08-28 19:51:13+00:00,0.93
2026-08-28 19:52:12+00:00,0.93
2026-08-28 19:53:13+00:00,0.93
2026-08-28 19:54:27+00:00,0.93
2026-08-28 19:55:15+00:00,0.93
2026-08-28 19:56:13+00:00,0.93
2026-08-28 19:57:13+00:00,0.93
2026-08-28 19:58:09+00:00,0.93
2026-08-28 19:59:13+00:00,0.93
2026-08-28 20:00:14+00:00,0.93
2026-08-28 20:01:12+00:00,0.995
2026-08-28 20:02:12+00:00,0.995
2026-08-28 20:03:13+00:00,0.995
2026-08-28 20:04:13+00:00,0.9945
2026-08-28 20:05:13+00:00,0.9945
2026-08-28 20:06:09+00:00,0.9945
2026-08-28 20:07:12+00:00,0.9945
2026-08-28 20:08:15+00:00,0.995
2026-08-28 20:09:13+00:00,0.9945
2026-08-28 20:10:13+00:00,0.995
2026-08-28 20:11:12+00:00,0.9945
2026-08-28 20:12:13+00:00,0.995
2026-08-28 20:13:13+00:00,0.9995
2026-08-28 20:14:13+00:00,0.9995
2026-08-28 20:15:13+00:00,0.9995
2026-08-28 20:16:13+00:00,0.9995
2026-08-28 20:17:28+00:00,0.9995
2026-08-28 20:18:13+00:00,0.9995
2026-08-28 20:19:13+00:00,0.9995
2026-08-28 20:20:14+00:00,0.9995
2026-08-28 20:21:15+00:00,0.9995
2026-08-28 20:22:13+00:00,0.9995
2026-08-28 20:23:13+00:00,0.9995
2026-08-28 20:24:13+00:00,0.9995
