timestamp,price
2026-09-10 21:07:13+00:00,0.765
2026-09-10 21:08:19+00:00,0.765
2026-09-10 21:09:16+00:00,0.765
2026-09-10 21:10:18+00:00,0.765
2026-09-10 21:11:17+00:00,0.765
2026-09-10 21:12:17+00:00,0.765
2026-09-10 21:13:17+00:00,0.765
2026-09-10 21:14:17+00:00,0.775
2026-09-10 21:15:26+00:00,0.775
2026-09-10 21:16:12+00:00,0.775
2026-09-10 21:17:17+00:00,0.775
2026-09-10 21:18:16+00:00,0.775
2026-09-10 21:19:17+00:00,0.775
2026-09-10 21:20:13+00:00,0.775
2026-09-10 21:21:17+00:00,0.775
2026-09-10 21:22:17+00:00,0.775
2026-09-10 21:23:17+00:00,0.775
2026-09-10 21:24:17+00:00,0.775
2026-09-10 21:25:30+00:00,0.775
2026-09-10 21:26:27+00:00,0.775
2026-09-10 21:27:12+00:00,0.775
2026-09-10 21:28:28+00:00,0.775
2026-09-10 21:29:18+00:00,0.775
2026-09-10 21:30:20+00:00,0.775
2026-09-10 21:31:17+00:00,0.775
2026-09-10 21:32:13+00:00,0.775
2026-09-10 21:33:17+00:00,0.775
2026-09-10 21:34:16+00:00,0.775
2026-09-10 21:35:18+00:00,0.775
2026-09-10 21:36:25+00:00,0.775
2026-09-10 21:37:17+00:00,0.775
2026-09-10 21:38:17+00:00,0.775
2026-09-10 21:39:16+00:00,0.775
2026-09-10 21:40:20+00:00,0.775
2026-09-10 21:41:12+00:00,0.775
2026-09-10 21:42:16+00:00,0.775
2026-09-10 21:43:17+00:00,0.775
2026-09-10 21:44:16+00:00,0.775
2026-09-10 21:45:18+00:00,0.775
2026-09-10 21:46:12+00:00,0.775
2026-09-10 21:47:13+00:00,0.775
2026-09-10 21:48:16+00:00,0.775
2026-09-10 21:49:30+00:00,0.775
2026-09-10 21:50:18+00:00,0.775
2026-09-10 21:51:25+00:00,0.775
2026-09-10 21:52:23+00:00,0.775
2026-09-10 21:53:17+00:00,0.775
2026-09-10 21:54:17+00:00,0.775
2026-09-10 21:55:17+00:00,0.775
2026-09-10 21:56:17+00:00,0.775
2026-09-10 21:57:18+00:00,0.775
2026-09-10 21:58:17+00:00,0.775
2026-09-10 21:59:17+00:00,0.775
2026-09-10 22:00:19+00:00,0.775
2026-09-10 22:01:18+00:00,0.775
2026-09-10 22:02:30+00:00,0.775
2026-09-10 22:03:18+00:00,0.775
2026-09-10 22:04:17+00:00,0.775
2026-09-10 22:05:19+00:00,0.775
2026-09-10 22:06:18+00:00,0.775
2026-09-10 22:07:17+00:00,0.775
2026-09-10 22:08:17+00:00,0.775
2026-09-10 22:09:17+00:00,0.775
2026-09-10 22:10:30+00:00,0.775
2026-09-10 22:11:19+00:00,0.775
2026-09-10 22:12:17+00:00,0.775
2026-09-10 22:13:17+00:00,0.775
2026-09-10 22:14:17+00:00,0.775
2026-09-10 22:15:33+00:00,0.775
2026-09-10 22:16:17+00:00,0.775
2026-09-10 22:17:18+00:00,0.775
2026-09-10 22:18:17+00:00,0.775
2026-09-10 22:19:17+00:00,0.775
2026-09-10 22:20:29+00:00,0.775
2026-09-10 22:21:13+00:00,0.775
2026-09-10 22:22:14+00:00,0.775
2026-09-10 22:23:17+00:00,0.775
2026-09-10 22:24:17+00:00,0.775
2026-09-10 22:25:13+00:00,0.775
2026-09-10 22:26:17+00:00,0.775
2026-09-10 22:27:16+00:00,0.775
2026-09-10 22:28:30+00:00,0.775
2026-09-10 22:29:17+00:00,0.775
2026-09-10 22:30:36+00:00,0.775
2026-09-10 22:31:13+00:00,0.775
2026-09-10 22:32:17+00:00,0.775
2026-09-10 22:33:17+00:00,0.775
2026-09-10 22:34:18+00:00,0.775
2026-09-10 22:35:19+00:00,0.775
2026-09-10 22:36:18+00:00,0.775
2026-09-10 22:37:26+00:00,0.775
2026-09-10 22:38:17+00:00,0.775
2026-09-10 22:39:19+00:00,0.775
2026-09-10 22:40:16+00:00,0.775
2026-09-10 22:41:13+00:00,0.775
2026-09-10 22:42:14+00:00,0.775
2026-09-10 22:43:16+00:00,0.775
2026-09-10 22:44:17+00:00,0.775
2026-09-10 22:45:19+00:00,0.775
2026-09-10 22:46:17+00:00,0.775
2026-09-10 22:47:17+00:00,0.775
2026-09-10 22:48:17+00:00,0.775
2026-09-10 22:49:29+00:00,0.775
2026-09-10 22:50:21+00:00,0.775
2026-09-10 22:51:17+00:00,0.775
2026-09-10 22:52:13+00:00,0.775
2026-09-10 22:53:17+00:00,0.775
2026-09-10 22:54:17+00:00,0.775
2026-09-10 22:55:17+00:00,0.775
2026-09-10 22:56:17+00:00,0.775
2026-09-10 22:57:18+00:00,0.775
2026-09-10 22:58:17+00:00,0.775
2026-09-10 22:59:16+00:00,0.775
2026-09-10 23:00:21+00:00,0.775
2026-09-10 23:01:17+00:00,0.775
2026-09-10 23:02:15+00:00,0.775
2026-09-10 23:03:24+00:00,0.775
2026-09-10 23:04:17+00:00,0.775
2026-09-10 23:05:16+00:00,0.775
2026-09-10 23:06:13+00:00,0.775
2026-09-10 23:07:13+00:00,0.775
2026-09-10 23:08:18+00:00,0.775
2026-09-10 23:09:18+00:00,0.775
2026-09-10 23:10:17+00:00,0.775
2026-09-10 23:11:17+00:00,0.775
2026-09-10 23:12:13+00:00,0.775
2026-09-10 23:13:13+00:00,0.775
2026-09-10 23:14:30+00:00,0.775
2026-09-10 23:15:20+00:00,0.775
2026-09-10 23:16:24+00:00,0.775
2026-09-10 23:17:12+00:00,0.775
2026-09-10 23:18:17+00:00,0.775
2026-09-10 23:19:17+00:00,0.775
2026-09-10 23:20:19+00:00,0.775
2026-09-10 23:21:17+00:00,0.775
2026-09-10 23:22:14+00:00,0.775
2026-09-10 23:23:17+00:00,0.775
2026-09-10 23:24:18+00:00,0.775
2026-09-10 23:25:16+00:00,0.775
2026-09-10 23:26:12+00:00,0.775
2026-09-10 23:27:13+00:00,0.775
2026-09-10 23:28:28+00:00,0.775
2026-09-10 23:29:17+00:00,0.775
2026-09-10 23:30:21+00:00,0.775
2026-09-10 23:31:13+00:00,0.775
2026-09-10 23:32:13+00:00,0.775
2026-09-10 23:33:26+00:00,0.775
2026-09-10 23:34:17+00:00,0.775
2026-09-10 23:35:15+00:00,0.775
2026-09-10 23:36:28+00:00,0.775
2026-09-10 23:37:12+00:00,0.775
2026-09-10 23:38:16+00:00,0.775
2026-09-10 23:39:17+00:00,0.775
2026-09-10 23:40:20+00:00,0.775
2026-09-10 23:41:14+00:00,0.775
2026-09-10 23:42:12+00:00,0.775
2026-09-10 23:43:17+00:00,0.775
2026-09-10 23:44:16+00:00,0.775
2026-09-10 23:45:17+00:00,0.775
2026-09-10 23:46:17+00:00,0.775
2026-09-10 23:47:13+00:00,0.775
2026-09-10 23:48:18+00:00,0.775
2026-09-10 23:49:29+00:00,0.775
2026-09-10 23:50:19+00:00,0.775
2026-09-10 23:51:17+00:00,0.775
2026-09-10 23:52:13+00:00,0.775
2026-09-10 23:53:17+00:00,0.775
2026-09-10 23:54:16+00:00,0.775
2026-09-10 23:55:17+00:00,0.775
2026-09-10 23:56:16+00:00,0.775
2026-09-10 23:57:17+00:00,0.775
2026-09-10 23:58:18+00:00,0.775
2026-09-10 23:59:17+00:00,0.775
2026-09-11 00:00:23+00:00,0.775
2026-09-11 00:01:30+00:00,0.775
2026-09-11 00:02:11+00:00,0.775
2026-09-11 00:03:11+00:00,0.775
2026-09-11 00:04:15+00:00,0.775
2026-09-11 00:05:18+00:00,0.775
2026-09-11 00:06:16+00:00,0.775
2026-09-11 00:07:27+00:00,0.775
2026-09-11 00:08:16+00:00,0.775
2026-09-11 00:09:15+00:00,0.775
2026-09-11 00:10:13+00:00,0.775
2026-09-11 00:11:12+00:00,0.775
2026-09-11 00:12:23+00:00,0.775
2026-09-11 00:13:12+00:00,0.775
2026-09-11 00:14:15+00:00,0.775
2026-09-11 00:15:18+00:00,0.775
2026-09-11 00:16:29+00:00,0.775
2026-09-11 00:17:25+00:00,0.775
2026-09-11 00:18:12+00:00,0.775
2026-09-11 00:19:15+00:00,0.775
2026-09-11 00:20:13+00:00,0.775
2026-09-11 00:21:16+00:00,0.775
2026-09-11 00:22:16+00:00,0.775
2026-09-11 00:23:16+00:00,0.775
2026-09-11 00:24:16+00:00,0.775
2026-09-11 00:25:16+00:00,0.775
2026-09-11 00:26:12+00:00,0.775
2026-09-11 00:27:12+00:00,0.775
2026-09-11 00:28:18+00:00,0.775
2026-09-11 00:29:16+00:00,0.775
2026-09-11 00:30:18+00:00,0.775
2026-09-11 00:31:16+00:00,0.775
2026-09-11 00:32:13+00:00,0.775
2026-09-11 00:33:12+00:00,0.775
2026-09-11 00:34:30+00:00,0.775
2026-09-11 00:35:18+00:00,0.775
2026-09-11 00:36:14+00:00,0.775
2026-09-11 00:37:12+00:00,0.775
2026-09-11 00:38:16+00:00,0.775
2026-09-11 00:39:16+00:00,0.775
2026-09-11 00:40:17+00:00,0.775
2026-09-11 00:41:16+00:00,0.775
2026-09-11 00:42:16+00:00,0.775
2026-09-11 00:43:16+00:00,0.775
2026-09-11 00:44:16+00:00,0.775
2026-09-11 00:45:18+00:00,0.775
2026-09-11 00:46:13+00:00,0.775
2026-09-11 00:47:15+00:00,0.775
2026-09-11 00:48:16+00:00,0.775
2026-09-11 00:49:19+00:00,0.775
2026-09-11 00:50:17+00:00,0.775
2026-09-11 00:51:16+00:00,0.775
2026-09-11 00:52:12+00:00,0.775
2026-09-11 00:53:16+00:00,0.775
2026-09-11 00:54:16+00:00,0.775
2026-09-11 00:55:13+00:00,0.775
2026-09-11 00:56:17+00:00,0.775
2026-09-11 00:57:17+00:00,0.775
2026-09-11 00:58:17+00:00,0.775
2026-09-11 00:59:16+00:00,0.775
2026-09-11 01:00:14+00:00,0.775
2026-09-11 01:01:33+00:00,0.775
2026-09-11 01:02:17+00:00,0.775
2026-09-11 01:03:12+00:00,0.775
2026-09-11 01:04:16+00:00,0.775
2026-09-11 01:05:14+00:00,0.775
2026-09-11 01:06:12+00:00,0.775
2026-09-11 01:07:16+00:00,0.775
2026-09-11 01:08:16+00:00,0.775
2026-09-11 01:09:16+00:00,0.775
2026-09-11 01:10:17+00:00,0.775
2026-09-11 01:11:16+00:00,0.775
2026-09-11 01:12:18+00:00,0.775
2026-09-11 01:13:13+00:00,0.775
2026-09-11 01:14:17+00:00,0.775
2026-09-11 01:15:22+00:00,0.775
2026-09-11 01:16:12+00:00,0.775
2026-09-11 01:17:17+00:00,0.775
2026-09-11 01:18:16+00:00,0.775
2026-09-11 01:19:16+00:00,0.775
2026-09-11 01:20:13+00:00,0.775
2026-09-11 01:21:31+00:00,0.775
2026-09-11 01:22:12+00:00,0.775
2026-09-11 01:23:17+00:00,0.775
2026-09-11 01:24:16+00:00,0.775
2026-09-11 01:25:12+00:00,0.775
2026-09-11 01:26:12+00:00,0.775
2026-09-11 01:27:13+00:00,0.775
2026-09-11 01:28:21+00:00,0.775
2026-09-11 01:29:16+00:00,0.775
2026-09-11 01:30:14+00:00,0.775
2026-09-11 01:31:12+00:00,0.775
2026-09-11 01:32:17+00:00,0.775
2026-09-11 01:33:12+00:00,0.775
2026-09-11 01:34:16+00:00,0.775
2026-09-11 01:35:18+00:00,0.775
2026-09-11 01:36:24+00:00,0.775
2026-09-11 01:37:12+00:00,0.775
2026-09-11 01:38:12+00:00,0.775
2026-09-11 01:39:17+00:00,0.775
2026-09-11 01:40:17+00:00,0.775
2026-09-11 01:41:16+00:00,0.775
2026-09-11 01:42:16+00:00,0.775
2026-09-11 01:43:13+00:00,0.775
2026-09-11 01:44:16+00:00,0.775
2026-09-11 01:45:18+00:00,0.775
2026-09-11 01:46:15+00:00,0.775
2026-09-11 01:47:16+00:00,0.775
2026-09-11 01:48:12+00:00,0.775
2026-09-11 01:49:23+00:00,0.775
2026-09-11 01:50:17+00:00,0.775
2026-09-11 01:51:17+00:00,0.775
2026-09-11 01:52:13+00:00,0.775
2026-09-11 01:53:13+00:00,0.775
2026-09-11 01:54:16+00:00,0.775
2026-09-11 01:55:29+00:00,0.775
2026-09-11 01:56:16+00:00,0.775
2026-09-11 01:57:16+00:00,0.775
2026-09-11 01:58:17+00:00,0.775
2026-09-11 01:59:16+00:00,0.775
2026-09-11 02:00:22+00:00,0.775
2026-09-11 02:01:16+00:00,0.775
2026-09-11 02:02:24+00:00,0.775
2026-09-11 02:03:12+00:00,0.775
2026-09-11 02:04:17+00:00,0.775
2026-09-11 02:05:17+00:00,0.775
2026-09-11 02:06:16+00:00,0.775
2026-09-11 02:07:12+00:00,0.775
2026-09-11 02:08:16+00:00,0.775
2026-09-11 02:09:17+00:00,0.775
2026-09-11 02:10:15+00:00,0.775
2026-09-11 02:11:16+00:00,0.775
2026-09-11 02:12:16+00:00,0.775
2026-09-11 02:13:16+00:00,0.775
2026-09-11 02:14:17+00:00,0.775
2026-09-11 02:15:27+00:00,0.775
2026-09-11 02:16:13+00:00,0.775
2026-09-11 02:17:12+00:00,0.775
2026-09-11 02:18:13+00:00,0.775
2026-09-11 02:19:16+00:00,0.775
2026-09-11 02:20:18+00:00,0.775
2026-09-11 02:21:16+00:00,0.775
2026-09-11 02:22:16+00:00,0.775
2026-09-11 02:23:16+00:00,0.775
2026-09-11 02:24:16+00:00,0.775
2026-09-11 02:25:20+00:00,0.775
2026-09-11 02:26:16+00:00,0.775
2026-09-11 02:27:17+00:00,0.775
2026-09-11 02:28:25+00:00,0.775
2026-09-11 02:29:16+00:00,0.775
2026-09-11 02:30:19+00:00,0.775
2026-09-11 02:31:17+00:00,0.775
2026-09-11 02:32:26+00:00,0.775
2026-09-11 02:33:13+00:00,0.775
2026-09-11 02:34:17+00:00,0.775
2026-09-11 02:35:18+00:00,0.775
2026-09-11 02:36:13+00:00,0.775
2026-09-11 02:37:26+00:00,0.775
2026-09-11 02:38:16+00:00,0.775
2026-09-11 02:39:17+00:00,0.775
2026-09-11 02:40:14+00:00,0.775
2026-09-11 02:41:12+00:00,0.775
2026-09-11 02:42:17+00:00,0.775
2026-09-11 02:43:16+00:00,0.775
2026-09-11 02:44:16+00:00,0.775
2026-09-11 02:45:13+00:00,0.775
2026-09-11 02:46:13+00:00,0.775
2026-09-11 02:47:13+00:00,0.775
2026-09-11 02:48:16+00:00,0.775
2026-09-11 02:49:17+00:00,0.775
2026-09-11 02:50:29+00:00,0.775
2026-09-11 02:51:17+00:00,0.775
2026-09-11 02:52:17+00:00,0.775
2026-09-11 02:53:12+00:00,0.775
2026-09-11 02:54:17+00:00,0.775
2026-09-11 02:55:18+00:00,0.775
2026-09-11 02:56:19+00:00,0.775
2026-09-11 02:57:12+00:00,0.775
2026-09-11 02:58:16+00:00,0.775
2026-09-11 02:59:19+00:00,0.775
2026-09-11 03:00:21+00:00,0.775
2026-09-11 03:01:17+00:00,0.775
2026-09-11 03:02:17+00:00,0.775
2026-09-11 03:03:29+00:00,0.775
2026-09-11 03:04:18+00:00,0.775
2026-09-11 03:05:13+00:00,0.775
2026-09-11 03:06:17+00:00,0.775
2026-09-11 03:07:12+00:00,0.775
2026-09-11 03:08:17+00:00,0.775
2026-09-11 03:09:17+00:00,0.775
2026-09-11 03:10:18+00:00,0.775
2026-09-11 03:11:17+00:00,0.775
2026-09-11 03:12:17+00:00,0.775
2026-09-11 03:13:17+00:00,0.775
2026-09-11 03:14:17+00:00,0.775
2026-09-11 03:15:26+00:00,0.775
2026-09-11 03:16:24+00:00,0.775
2026-09-11 03:17:17+00:00,0.775
2026-09-11 03:18:16+00:00,0.775
2026-09-11 03:19:17+00:00,0.775
2026-09-11 03:20:19+00:00,0.775
2026-09-11 03:21:17+00:00,0.775
2026-09-11 03:22:17+00:00,0.775
2026-09-11 03:23:16+00:00,0.775
2026-09-11 03:24:12+00:00,0.775
2026-09-11 03:25:18+00:00,0.775
2026-09-11 03:26:16+00:00,0.775
2026-09-11 03:27:17+00:00,0.775
2026-09-11 03:28:12+00:00,0.775
2026-09-11 03:29:29+00:00,0.775
2026-09-11 03:30:15+00:00,0.775
2026-09-11 03:31:13+00:00,0.775
2026-09-11 03:32:31+00:00,0.775
2026-09-11 03:33:13+00:00,0.775
2026-09-11 03:34:13+00:00,0.775
2026-09-11 03:35:18+00:00,0.775
2026-09-11 03:36:17+00:00,0.775
2026-09-11 03:37:25+00:00,0.775
2026-09-11 03:38:17+00:00,0.775
2026-09-11 03:39:17+00:00,0.775
2026-09-11 03:40:18+00:00,0.775
2026-09-11 03:41:12+00:00,0.775
2026-09-11 03:42:17+00:00,0.775
2026-09-11 03:43:13+00:00,0.775
2026-09-11 03:44:18+00:00,0.775
2026-09-11 03:45:13+00:00,0.775
2026-09-11 03:46:12+00:00,0.775
2026-09-11 03:47:17+00:00,0.775
2026-09-11 03:48:17+00:00,0.775
2026-09-11 03:49:17+00:00,0.775
2026-09-11 03:50:27+00:00,0.775
2026-09-11 03:51:13+00:00,0.775
2026-09-11 03:52:17+00:00,0.775
2026-09-11 03:53:13+00:00,0.775
2026-09-11 03:54:17+00:00,0.775
2026-09-11 03:55:13+00:00,0.775
2026-09-11 03:56:31+00:00,0.775
2026-09-11 03:57:12+00:00,0.775
2026-09-11 03:58:12+00:00,0.775
2026-09-11 03:59:16+00:00,0.775
2026-09-11 04:00:26+00:00,0.775
2026-09-11 04:01:18+00:00,0.775
2026-09-11 04:02:17+00:00,0.775
2026-09-11 04:03:30+00:00,0.775
2026-09-11 04:04:17+00:00,0.775
2026-09-11 04:05:14+00:00,0.775
2026-09-11 04:06:16+00:00,0.775
2026-09-11 04:07:17+00:00,0.775
2026-09-11 04:08:17+00:00,0.775
2026-09-11 04:09:17+00:00,0.775
2026-09-11 04:10:18+00:00,0.775
2026-09-11 04:11:18+00:00,0.775
2026-09-11 04:12:17+00:00,0.775
2026-09-11 04:13:17+00:00,0.775
2026-09-11 04:14:28+00:00,0.775
2026-09-11 04:15:17+00:00,0.775
2026-09-11 04:16:30+00:00,0.775
2026-09-11 04:17:17+00:00,0.775
2026-09-11 04:18:16+00:00,0.775
2026-09-11 04:19:16+00:00,0.775
2026-09-11 04:20:19+00:00,0.775
2026-09-11 04:21:12+00:00,0.775
2026-09-11 04:22:12+00:00,0.775
2026-09-11 04:23:17+00:00,0.775
2026-09-11 04:24:17+00:00,0.775
2026-09-11 04:25:13+00:00,0.775
2026-09-11 04:26:17+00:00,0.775
2026-09-11 04:27:13+00:00,0.775
2026-09-11 04:28:17+00:00,0.775
2026-09-11 04:29:43+00:00,0.775
2026-09-11 04:30:20+00:00,0.775
2026-09-11 04:31:17+00:00,0.775
2026-09-11 04:32:13+00:00,0.775
2026-09-11 04:33:17+00:00,0.775
2026-09-11 04:34:33+00:00,0.775
2026-09-11 04:35:18+00:00,0.775
2026-09-11 04:36:32+00:00,0.775
2026-09-11 04:37:17+00:00,0.775
2026-09-11 04:38:17+00:00,0.775
2026-09-11 04:39:17+00:00,0.775
2026-09-11 04:40:19+00:00,0.775
2026-09-11 04:41:17+00:00,0.775
2026-09-11 04:42:17+00:00,0.775
2026-09-11 04:43:32+00:00,0.775
2026-09-11 04:44:17+00:00,0.775
2026-09-11 04:45:18+00:00,0.775
2026-09-11 04:46:17+00:00,0.775
2026-09-11 04:47:18+00:00,0.775
2026-09-11 04:48:16+00:00,0.775
2026-09-11 04:49:30+00:00,0.775
2026-09-11 04:50:22+00:00,0.775
2026-09-11 04:51:13+00:00,0.775
2026-09-11 04:52:17+00:00,0.775
2026-09-11 04:53:17+00:00,0.775
2026-09-11 04:54:17+00:00,0.775
2026-09-11 04:55:17+00:00,0.775
2026-09-11 04:56:17+00:00,0.775
2026-09-11 04:57:17+00:00,0.775
2026-09-11 04:58:17+00:00,0.775
2026-09-11 04:59:17+00:00,0.775
2026-09-11 05:00:23+00:00,0.775
2026-09-11 05:01:17+00:00,0.775
2026-09-11 05:02:30+00:00,0.775
2026-09-11 05:03:17+00:00,0.775
2026-09-11 05:04:17+00:00,0.775
2026-09-11 05:05:19+00:00,0.775
2026-09-11 05:06:17+00:00,0.775
2026-09-11 05:07:17+00:00,0.775
2026-09-11 05:08:17+00:00,0.775
2026-09-11 05:09:17+00:00,0.775
2026-09-11 05:10:17+00:00,0.775
2026-09-11 05:11:17+00:00,0.775
2026-09-11 05:12:17+00:00,0.775
2026-09-11 05:13:17+00:00,0.775
2026-09-11 05:14:17+00:00,0.775
2026-09-11 05:15:31+00:00,0.775
2026-09-11 05:16:17+00:00,0.775
2026-09-11 05:17:12+00:00,0.775
2026-09-11 05:18:16+00:00,0.775
2026-09-11 05:19:17+00:00,0.775
2026-09-11 05:20:13+00:00,0.775
2026-09-11 05:21:17+00:00,0.775
2026-09-11 05:22:13+00:00,0.775
2026-09-11 05:23:18+00:00,0.775
2026-09-11 05:24:19+00:00,0.775
2026-09-11 05:25:18+00:00,0.775
2026-09-11 05:26:17+00:00,0.775
2026-09-11 05:27:13+00:00,0.775
2026-09-11 05:28:28+00:00,0.775
2026-09-11 05:29:18+00:00,0.775
2026-09-11 05:30:20+00:00,0.775
2026-09-11 05:31:17+00:00,0.775
2026-09-11 05:32:13+00:00,0.775
2026-09-11 05:33:12+00:00,0.775
2026-09-11 05:34:17+00:00,0.775
2026-09-11 05:35:32+00:00,0.775
2026-09-11 05:36:24+00:00,0.775
2026-09-11 05:37:17+00:00,0.775
2026-09-11 05:38:17+00:00,0.775
2026-09-11 05:39:17+00:00,0.775
2026-09-11 05:40:19+00:00,0.775
2026-09-11 05:41:16+00:00,0.775
2026-09-11 05:42:13+00:00,0.775
2026-09-11 05:43:18+00:00,0.775
2026-09-11 05:44:17+00:00,0.775
2026-09-11 05:45:14+00:00,0.775
2026-09-11 05:46:13+00:00,0.775
2026-09-11 05:47:13+00:00,0.775
2026-09-11 05:48:14+00:00,0.775
2026-09-11 05:49:29+00:00,0.775
2026-09-11 05:50:14+00:00,0.775
2026-09-11 05:51:13+00:00,0.775
2026-09-11 05:52:17+00:00,0.775
2026-09-11 05:53:17+00:00,0.775
2026-09-11 05:54:17+00:00,0.775
2026-09-11 05:55:17+00:00,0.775
2026-09-11 05:56:17+00:00,0.775
2026-09-11 05:57:17+00:00,0.775
2026-09-11 05:58:17+00:00,0.775
2026-09-11 05:59:17+00:00,0.775
2026-09-11 06:00:20+00:00,0.775
2026-09-11 06:01:16+00:00,0.775
2026-09-11 06:02:12+00:00,0.775
2026-09-11 06:03:11+00:00,0.775
2026-09-11 06:04:16+00:00,0.775
2026-09-11 06:05:17+00:00,0.775
2026-09-11 06:06:11+00:00,0.775
2026-09-11 06:07:11+00:00,0.775
2026-09-11 06:08:17+00:00,0.775
2026-09-11 06:09:16+00:00,0.775
2026-09-11 06:10:16+00:00,0.775
2026-09-11 06:11:13+00:00,0.775
2026-09-11 06:12:26+00:00,0.775
2026-09-11 06:13:16+00:00,0.775
2026-09-11 06:14:16+00:00,0.775
2026-09-11 06:15:19+00:00,0.775
2026-09-11 06:16:12+00:00,0.775
2026-09-11 06:17:13+00:00,0.775
2026-09-11 06:18:16+00:00,0.775
2026-09-11 06:19:16+00:00,0.775
2026-09-11 06:20:13+00:00,0.775
2026-09-11 06:21:28+00:00,0.775
2026-09-11 06:22:12+00:00,0.775
2026-09-11 06:23:16+00:00,0.775
2026-09-11 06:24:16+00:00,0.775
2026-09-11 06:25:18+00:00,0.775
2026-09-11 06:26:16+00:00,0.775
2026-09-11 06:27:12+00:00,0.775
2026-09-11 06:28:17+00:00,0.775
2026-09-11 06:29:16+00:00,0.775
2026-09-11 06:30:16+00:00,0.775
2026-09-11 06:31:17+00:00,0.775
2026-09-11 06:32:17+00:00,0.775
2026-09-11 06:33:28+00:00,0.775
2026-09-11 06:34:15+00:00,0.775
2026-09-11 06:35:15+00:00,0.775
2026-09-11 06:36:15+00:00,0.775
2026-09-11 06:37:11+00:00,0.775
2026-09-11 06:38:16+00:00,0.775
2026-09-11 06:39:16+00:00,0.775
2026-09-11 06:40:18+00:00,0.775
2026-09-11 06:41:29+00:00,0.775
2026-09-11 06:42:13+00:00,0.775
2026-09-11 06:43:16+00:00,0.775
2026-09-11 06:44:17+00:00,0.775
2026-09-11 06:45:13+00:00,0.775
2026-09-11 06:46:12+00:00,0.775
2026-09-11 06:47:12+00:00,0.775
2026-09-11 06:48:17+00:00,0.775
2026-09-11 06:49:20+00:00,0.775
2026-09-11 06:50:30+00:00,0.775
2026-09-11 06:51:13+00:00,0.775
2026-09-11 06:52:16+00:00,0.775
2026-09-11 06:53:17+00:00,0.775
2026-09-11 06:54:16+00:00,0.775
2026-09-11 06:55:12+00:00,0.775
2026-09-11 06:56:16+00:00,0.775
2026-09-11 06:57:12+00:00,0.775
2026-09-11 06:58:17+00:00,0.775
2026-09-11 06:59:16+00:00,0.775
2026-09-11 07:00:20+00:00,0.775
2026-09-11 07:01:16+00:00,0.775
2026-09-11 07:02:21+00:00,0.775
2026-09-11 07:03:17+00:00,0.775
2026-09-11 07:04:17+00:00,0.775
2026-09-11 07:05:18+00:00,0.775
2026-09-11 07:06:16+00:00,0.775
2026-09-11 07:07:16+00:00,0.775
2026-09-11 07:08:16+00:00,0.775
2026-09-11 07:09:16+00:00,0.775
2026-09-11 07:10:17+00:00,0.775
2026-09-11 07:11:12+00:00,0.775
2026-09-11 07:12:18+00:00,0.775
2026-09-11 07:13:12+00:00,0.775
2026-09-11 07:14:16+00:00,0.775
2026-09-11 07:15:24+00:00,0.775
2026-09-11 07:16:27+00:00,0.775
2026-09-11 07:17:12+00:00,0.775
2026-09-11 07:18:17+00:00,0.775
2026-09-11 07:19:16+00:00,0.775
2026-09-11 07:20:14+00:00,0.775
2026-09-11 07:21:12+00:00,0.775
2026-09-11 07:22:12+00:00,0.775
2026-09-11 07:23:17+00:00,0.775
2026-09-11 07:24:16+00:00,0.775
2026-09-11 07:25:13+00:00,0.775
2026-09-11 07:26:13+00:00,0.775
2026-09-11 07:27:12+00:00,0.775
2026-09-11 07:28:22+00:00,0.775
2026-09-11 07:29:17+00:00,0.775
2026-09-11 07:30:20+00:00,0.775
2026-09-11 07:31:16+00:00,0.775
2026-09-11 07:32:16+00:00,0.775
2026-09-11 07:33:16+00:00,0.775
2026-09-11 07:34:18+00:00,0.775
2026-09-11 07:35:13+00:00,0.775
2026-09-11 07:36:14+00:00,0.775
2026-09-11 07:37:24+00:00,0.775
2026-09-11 07:38:17+00:00,0.775
2026-09-11 07:39:16+00:00,0.775
2026-09-11 07:40:18+00:00,0.775
2026-09-11 07:41:16+00:00,0.775
2026-09-11 07:42:17+00:00,0.775
2026-09-11 07:43:16+00:00,0.775
2026-09-11 07:44:16+00:00,0.775
2026-09-11 07:45:18+00:00,0.775
2026-09-11 07:46:18+00:00,0.775
2026-09-11 07:47:23+00:00,0.775
2026-09-11 07:48:12+00:00,0.775
2026-09-11 07:49:16+00:00,0.775
2026-09-11 07:50:23+00:00,0.775
2026-09-11 07:51:16+00:00,0.775
2026-09-11 07:52:28+00:00,0.775
2026-09-11 07:53:17+00:00,0.775
2026-09-11 07:54:16+00:00,0.775
2026-09-11 07:55:30+00:00,0.775
2026-09-11 07:56:17+00:00,0.775
2026-09-11 07:57:16+00:00,0.775
2026-09-11 07:58:16+00:00,0.775
2026-09-11 07:59:16+00:00,0.775
2026-09-11 08:00:16+00:00,0.775
2026-09-11 08:01:16+00:00,0.775
2026-09-11 08:02:17+00:00,0.775
2026-09-11 08:03:24+00:00,0.775
2026-09-11 08:04:16+00:00,0.775
2026-09-11 08:05:19+00:00,0.775
2026-09-11 08:06:16+00:00,0.775
2026-09-11 08:07:12+00:00,0.775
2026-09-11 08:08:16+00:00,0.775
2026-09-11 08:09:16+00:00,0.775
2026-09-11 08:10:19+00:00,0.775
2026-09-11 08:11:31+00:00,0.775
2026-09-11 08:12:17+00:00,0.775
2026-09-11 08:13:13+00:00,0.775
2026-09-11 08:14:16+00:00,0.775
2026-09-11 08:15:18+00:00,0.775
2026-09-11 08:16:21+00:00,0.775
2026-09-11 08:17:12+00:00,0.775
2026-09-11 08:18:29+00:00,0.775
2026-09-11 08:19:12+00:00,0.775
2026-09-11 08:20:15+00:00,0.775
2026-09-11 08:21:17+00:00,0.775
2026-09-11 08:22:16+00:00,0.775
2026-09-11 08:23:16+00:00,0.775
2026-09-11 08:24:17+00:00,0.775
2026-09-11 08:25:16+00:00,0.775
2026-09-11 08:26:13+00:00,0.775
2026-09-11 08:27:13+00:00,0.775
2026-09-11 08:28:17+00:00,0.775
2026-09-11 08:29:27+00:00,0.775
2026-09-11 08:30:21+00:00,0.775
2026-09-11 08:31:16+00:00,0.775
2026-09-11 08:32:16+00:00,0.775
2026-09-11 08:33:16+00:00,0.775
2026-09-11 08:34:17+00:00,0.775
2026-09-11 08:35:13+00:00,0.775
2026-09-11 08:36:22+00:00,0.775
2026-09-11 08:37:17+00:00,0.775
2026-09-11 08:38:18+00:00,0.775
2026-09-11 08:39:16+00:00,0.775
2026-09-11 08:40:15+00:00,0.775
2026-09-11 08:41:13+00:00,0.775
2026-09-11 08:42:18+00:00,0.775
2026-09-11 08:43:17+00:00,0.775
2026-09-11 08:44:17+00:00,0.775
2026-09-11 08:45:15+00:00,0.775
2026-09-11 08:46:13+00:00,0.775
2026-09-11 08:47:13+00:00,0.775
2026-09-11 08:48:16+00:00,0.775
2026-09-11 08:49:29+00:00,0.775
2026-09-11 08:50:15+00:00,0.775
2026-09-11 08:51:13+00:00,0.775
2026-09-11 08:52:17+00:00,0.775
2026-09-11 08:53:17+00:00,0.775
2026-09-11 08:54:17+00:00,0.775
2026-09-11 08:55:18+00:00,0.775
2026-09-11 08:56:16+00:00,0.775
2026-09-11 08:57:17+00:00,0.775
2026-09-11 08:58:32+00:00,0.775
2026-09-11 08:59:18+00:00,0.775
2026-09-11 09:00:22+00:00,0.775
2026-09-11 09:01:17+00:00,0.775
2026-09-11 09:02:24+00:00,0.775
2026-09-11 09:03:17+00:00,0.775
2026-09-11 09:04:16+00:00,0.775
2026-09-11 09:05:15+00:00,0.775
2026-09-11 09:06:13+00:00,0.775
2026-09-11 09:07:16+00:00,0.775
2026-09-11 09:08:17+00:00,0.775
2026-09-11 09:09:17+00:00,0.775
2026-09-11 09:10:17+00:00,0.775
2026-09-11 09:11:17+00:00,0.775
2026-09-11 09:12:13+00:00,0.775
2026-09-11 09:13:17+00:00,0.775
2026-09-11 09:14:17+00:00,0.775
2026-09-11 09:15:27+00:00,0.775
2026-09-11 09:16:17+00:00,0.775
2026-09-11 09:17:13+00:00,0.775
2026-09-11 09:18:17+00:00,0.775
2026-09-11 09:19:17+00:00,0.775
2026-09-11 09:20:18+00:00,0.775
2026-09-11 09:21:17+00:00,0.775
2026-09-11 09:22:17+00:00,0.775
2026-09-11 09:23:17+00:00,0.775
2026-09-11 09:24:17+00:00,0.775
2026-09-11 09:25:18+00:00,0.775
2026-09-11 09:26:18+00:00,0.775
2026-09-11 09:27:17+00:00,0.775
2026-09-11 09:28:29+00:00,0.775
2026-09-11 09:29:16+00:00,0.775
2026-09-11 09:30:33+00:00,0.775
2026-09-11 09:31:17+00:00,0.775
2026-09-11 09:32:16+00:00,0.775
2026-09-11 09:33:17+00:00,0.775
2026-09-11 09:34:17+00:00,0.775
2026-09-11 09:35:17+00:00,0.775
2026-09-11 09:36:36+00:00,0.775
2026-09-11 09:37:13+00:00,0.775
2026-09-11 09:38:18+00:00,0.775
2026-09-11 09:39:31+00:00,0.775
2026-09-11 09:40:18+00:00,0.775
2026-09-11 09:41:12+00:00,0.775
2026-09-11 09:42:17+00:00,0.775
2026-09-11 09:43:17+00:00,0.775
2026-09-11 09:44:18+00:00,0.775
2026-09-11 09:45:18+00:00,0.775
2026-09-11 09:46:13+00:00,0.775
2026-09-11 09:47:13+00:00,0.775
2026-09-11 09:48:17+00:00,0.775
2026-09-11 09:49:25+00:00,0.775
2026-09-11 09:50:24+00:00,0.775
2026-09-11 09:51:13+00:00,0.775
2026-09-11 09:52:30+00:00,0.775
2026-09-11 09:53:17+00:00,0.775
2026-09-11 09:54:17+00:00,0.775
2026-09-11 09:55:14+00:00,0.775
2026-09-11 09:56:31+00:00,0.775
2026-09-11 09:57:17+00:00,0.775
2026-09-11 09:58:17+00:00,0.775
2026-09-11 09:59:31+00:00,0.775
2026-09-11 10:00:16+00:00,0.775
2026-09-11 10:01:31+00:00,0.775
2026-09-11 10:02:28+00:00,0.775
2026-09-11 10:03:19+00:00,0.775
2026-09-11 10:04:18+00:00,0.775
2026-09-11 10:05:19+00:00,0.775
2026-09-11 10:06:13+00:00,0.775
2026-09-11 10:07:17+00:00,0.775
2026-09-11 10:08:34+00:00,0.775
2026-09-11 10:09:17+00:00,0.775
2026-09-11 10:10:14+00:00,0.775
2026-09-11 10:11:19+00:00,0.775
2026-09-11 10:12:19+00:00,0.775
2026-09-11 10:13:17+00:00,0.775
2026-09-11 10:14:17+00:00,0.775
2026-09-11 10:15:14+00:00,0.775
2026-09-11 10:16:30+00:00,0.775
2026-09-11 10:17:18+00:00,0.775
2026-09-11 10:18:13+00:00,0.775
2026-09-11 10:19:17+00:00,0.775
2026-09-11 10:20:17+00:00,0.775
2026-09-11 10:21:12+00:00,0.775
2026-09-11 10:22:12+00:00,0.775
2026-09-11 10:23:17+00:00,0.775
2026-09-11 10:24:17+00:00,0.775
2026-09-11 10:25:18+00:00,0.775
2026-09-11 10:26:17+00:00,0.775
2026-09-11 10:27:13+00:00,0.775
2026-09-11 10:28:28+00:00,0.775
2026-09-11 10:29:19+00:00,0.775
2026-09-11 10:30:22+00:00,0.775
2026-09-11 10:31:16+00:00,0.775
2026-09-11 10:32:13+00:00,0.775
2026-09-11 10:33:17+00:00,0.775
2026-09-11 10:34:18+00:00,0.775
2026-09-11 10:35:14+00:00,0.775
2026-09-11 10:36:27+00:00,0.775
2026-09-11 10:37:13+00:00,0.775
2026-09-11 10:38:18+00:00,0.775
2026-09-11 10:39:17+00:00,0.775
2026-09-11 10:40:21+00:00,0.775
2026-09-11 10:41:17+00:00,0.775
2026-09-11 10:42:17+00:00,0.775
2026-09-11 10:43:29+00:00,0.775
2026-09-11 10:44:17+00:00,0.775
2026-09-11 10:45:14+00:00,0.775
2026-09-11 10:46:13+00:00,0.775
2026-09-11 10:47:13+00:00,0.775
2026-09-11 10:48:17+00:00,0.775
2026-09-11 10:49:25+00:00,0.775
2026-09-11 10:50:28+00:00,0.775
2026-09-11 10:51:31+00:00,0.775
2026-09-11 10:52:17+00:00,0.775
2026-09-11 10:53:17+00:00,0.775
2026-09-11 10:54:37+00:00,0.775
2026-09-11 10:55:18+00:00,0.775
2026-09-11 10:56:17+00:00,0.775
2026-09-11 10:57:14+00:00,0.775
2026-09-11 10:58:16+00:00,0.775
2026-09-11 10:59:17+00:00,0.775
2026-09-11 11:00:16+00:00,0.775
2026-09-11 11:01:17+00:00,0.775
2026-09-11 11:02:41+00:00,0.775
2026-09-11 11:03:13+00:00,0.775
2026-09-11 11:04:17+00:00,0.775
2026-09-11 11:05:15+00:00,0.775
2026-09-11 11:06:13+00:00,0.775
2026-09-11 11:07:25+00:00,0.775
2026-09-11 11:08:28+00:00,0.775
2026-09-11 11:09:17+00:00,0.775
2026-09-11 11:10:18+00:00,0.775
2026-09-11 11:11:12+00:00,0.775
2026-09-11 11:12:30+00:00,0.775
2026-09-11 11:13:17+00:00,0.775
2026-09-11 11:14:18+00:00,0.775
2026-09-11 11:15:28+00:00,0.775
2026-09-11 11:16:13+00:00,0.775
2026-09-11 11:17:13+00:00,0.775
2026-09-11 11:18:14+00:00,0.775
2026-09-11 11:19:16+00:00,0.775
2026-09-11 11:20:29+00:00,0.775
2026-09-11 11:21:17+00:00,0.775
2026-09-11 11:22:17+00:00,0.775
2026-09-11 11:23:30+00:00,0.775
2026-09-11 11:24:18+00:00,0.775
2026-09-11 11:25:19+00:00,0.775
2026-09-11 11:26:13+00:00,0.775
2026-09-11 11:27:13+00:00,0.775
2026-09-11 11:28:28+00:00,0.775
2026-09-11 11:29:17+00:00,0.775
2026-09-11 11:30:32+00:00,0.775
2026-09-11 11:31:17+00:00,0.775
2026-09-11 11:32:17+00:00,0.775
2026-09-11 11:33:17+00:00,0.775
2026-09-11 11:34:16+00:00,0.775
2026-09-11 11:35:28+00:00,0.775
2026-09-11 11:36:14+00:00,0.775
2026-09-11 11:37:23+00:00,0.775
2026-09-11 11:38:17+00:00,0.775
2026-09-11 11:39:16+00:00,0.775
2026-09-11 11:40:20+00:00,0.785
2026-09-11 11:41:17+00:00,0.785
2026-09-11 11:42:16+00:00,0.785
2026-09-11 11:43:17+00:00,0.785
2026-09-11 11:44:17+00:00,0.785
2026-09-11 11:45:18+00:00,0.785
2026-09-11 11:46:13+00:00,0.785
2026-09-11 11:47:13+00:00,0.785
2026-09-11 11:48:17+00:00,0.785
2026-09-11 11:49:28+00:00,0.785
2026-09-11 11:50:15+00:00,0.785
2026-09-11 11:51:13+00:00,0.785
2026-09-11 11:52:16+00:00,0.785
2026-09-11 11:53:17+00:00,0.785
2026-09-11 11:54:17+00:00,0.785
2026-09-11 11:55:18+00:00,0.785
2026-09-11 11:56:17+00:00,0.785
2026-09-11 11:57:16+00:00,0.785
2026-09-11 11:58:17+00:00,0.785
2026-09-11 11:59:18+00:00,0.785
2026-09-11 12:00:25+00:00,0.785
2026-09-11 12:01:16+00:00,0.785
2026-09-11 12:02:17+00:00,0.785
2026-09-11 12:03:17+00:00,0.785
2026-09-11 12:04:15+00:00,0.785
2026-09-11 12:05:28+00:00,0.785
2026-09-11 12:06:17+00:00,0.785
2026-09-11 12:07:16+00:00,0.785
2026-09-11 12:08:12+00:00,0.785
2026-09-11 12:09:16+00:00,0.785
2026-09-11 12:10:29+00:00,0.785
2026-09-11 12:11:16+00:00,0.785
2026-09-11 12:12:16+00:00,0.785
2026-09-11 12:13:17+00:00,0.785
2026-09-11 12:14:16+00:00,0.785
2026-09-11 12:15:14+00:00,0.785
2026-09-11 12:16:17+00:00,0.785
2026-09-11 12:17:17+00:00,0.785
2026-09-11 12:18:16+00:00,0.785
2026-09-11 12:19:16+00:00,0.785
2026-09-11 12:20:17+00:00,0.785
2026-09-11 12:21:17+00:00,0.785
2026-09-11 12:22:15+00:00,0.785
2026-09-11 12:23:12+00:00,0.785
2026-09-11 12:24:16+00:00,0.785
2026-09-11 12:25:16+00:00,0.785
2026-09-11 12:26:16+00:00,0.785
2026-09-11 12:27:12+00:00,0.785
2026-09-11 12:28:17+00:00,0.785
2026-09-11 12:29:16+00:00,0.785
2026-09-11 12:30:32+00:00,0.785
2026-09-11 12:31:16+00:00,0.785
2026-09-11 12:32:18+00:00,0.785
2026-09-11 12:33:12+00:00,0.785
2026-09-11 12:34:16+00:00,0.785
2026-09-11 12:35:13+00:00,0.785
2026-09-11 12:36:13+00:00,0.785
2026-09-11 12:37:16+00:00,0.785
2026-09-11 12:38:16+00:00,0.785
2026-09-11 12:39:16+00:00,0.785
2026-09-11 12:40:18+00:00,0.785
2026-09-11 12:41:13+00:00,0.785
2026-09-11 12:42:18+00:00,0.785
2026-09-11 12:43:12+00:00,0.785
2026-09-11 12:44:16+00:00,0.785
2026-09-11 12:45:23+00:00,0.785
2026-09-11 12:46:17+00:00,0.785
2026-09-11 12:47:13+00:00,0.785
2026-09-11 12:48:16+00:00,0.785
2026-09-11 12:49:16+00:00,0.785
2026-09-11 12:50:17+00:00,0.785
2026-09-11 12:51:13+00:00,0.785
2026-09-11 12:52:17+00:00,0.785
2026-09-11 12:53:16+00:00,0.785
2026-09-11 12:54:19+00:00,0.785
2026-09-11 12:55:13+00:00,0.785
2026-09-11 12:56:17+00:00,0.785
2026-09-11 12:57:12+00:00,0.785
2026-09-11 12:58:17+00:00,0.785
2026-09-11 12:59:17+00:00,0.785
2026-09-11 13:00:34+00:00,0.785
2026-09-11 13:01:16+00:00,0.785
2026-09-11 13:02:16+00:00,0.785
2026-09-11 13:03:23+00:00,0.785
2026-09-11 13:04:17+00:00,0.785
2026-09-11 13:05:17+00:00,0.785
2026-09-11 13:06:16+00:00,0.785
2026-09-11 13:07:21+00:00,0.785
2026-09-11 13:08:18+00:00,0.785
2026-09-11 13:09:17+00:00,0.785
2026-09-11 13:10:18+00:00,0.785
2026-09-11 13:11:31+00:00,0.785
2026-09-11 13:12:18+00:00,0.785
2026-09-11 13:13:18+00:00,0.785
2026-09-11 13:14:17+00:00,0.785
2026-09-11 13:15:18+00:00,0.785
2026-09-11 13:16:17+00:00,0.785
2026-09-11 13:17:28+00:00,0.785
2026-09-11 13:18:17+00:00,0.785
2026-09-11 13:19:16+00:00,0.785
2026-09-11 13:20:24+00:00,0.785
2026-09-11 13:21:16+00:00,0.785
2026-09-11 13:22:16+00:00,0.785
2026-09-11 13:23:16+00:00,0.785
2026-09-11 13:24:17+00:00,0.785
2026-09-11 13:25:14+00:00,0.785
2026-09-11 13:26:13+00:00,0.785
2026-09-11 13:27:12+00:00,0.785
2026-09-11 13:28:29+00:00,0.785
2026-09-11 13:29:12+00:00,0.785
2026-09-11 13:30:19+00:00,0.785
2026-09-11 13:31:16+00:00,0.785
2026-09-11 13:32:16+00:00,0.785
2026-09-11 13:33:22+00:00,0.785
2026-09-11 13:34:16+00:00,0.785
2026-09-11 13:35:13+00:00,0.785
2026-09-11 13:36:14+00:00,0.785
2026-09-11 13:37:23+00:00,0.785
2026-09-11 13:38:13+00:00,0.785
2026-09-11 13:39:16+00:00,0.785
2026-09-11 13:40:15+00:00,0.785
2026-09-11 13:41:17+00:00,0.785
2026-09-11 13:42:17+00:00,0.785
2026-09-11 13:43:12+00:00,0.785
2026-09-11 13:44:16+00:00,0.785
2026-09-11 13:45:15+00:00,0.785
2026-09-11 13:46:15+00:00,0.785
2026-09-11 13:47:17+00:00,0.785
2026-09-11 13:48:16+00:00,0.785
2026-09-11 13:49:16+00:00,0.785
2026-09-11 13:50:26+00:00,0.785
2026-09-11 13:51:18+00:00,0.785
2026-09-11 13:52:12+00:00,0.785
2026-09-11 13:53:16+00:00,0.785
2026-09-11 13:54:17+00:00,0.785
2026-09-11 13:55:13+00:00,0.785
2026-09-11 13:56:16+00:00,0.785
2026-09-11 13:57:13+00:00,0.785
2026-09-11 13:58:17+00:00,0.785
2026-09-11 13:59:16+00:00,0.785
2026-09-11 14:00:20+00:00,0.785
2026-09-11 14:01:31+00:00,0.785
2026-09-11 14:02:13+00:00,0.785
2026-09-11 14:03:24+00:00,0.785
2026-09-11 14:04:12+00:00,0.785
2026-09-11 14:05:18+00:00,0.785
2026-09-11 14:06:29+00:00,0.785
2026-09-11 14:07:18+00:00,0.785
2026-09-11 14:08:18+00:00,0.785
2026-09-11 14:09:17+00:00,0.785
2026-09-11 14:10:15+00:00,0.785
2026-09-11 14:11:16+00:00,0.785
2026-09-11 14:12:16+00:00,0.785
2026-09-11 14:13:13+00:00,0.785
2026-09-11 14:14:17+00:00,0.785
2026-09-11 14:15:18+00:00,0.785
2026-09-11 14:16:25+00:00,0.785
2026-09-11 14:17:13+00:00,0.785
2026-09-11 14:18:16+00:00,0.785
2026-09-11 14:19:17+00:00,0.785
2026-09-11 14:20:18+00:00,0.785
2026-09-11 14:21:13+00:00,0.785
2026-09-11 14:22:18+00:00,0.785
2026-09-11 14:23:17+00:00,0.785
2026-09-11 14:24:17+00:00,0.785
2026-09-11 14:25:21+00:00,0.785
2026-09-11 14:26:17+00:00,0.785
2026-09-11 14:27:17+00:00,0.785
2026-09-11 14:28:17+00:00,0.785
2026-09-11 14:29:26+00:00,0.785
2026-09-11 14:30:21+00:00,0.785
2026-09-11 14:31:17+00:00,0.785
2026-09-11 14:32:17+00:00,0.785
2026-09-11 14:33:16+00:00,0.785
2026-09-11 14:34:16+00:00,0.785
2026-09-11 14:35:13+00:00,0.785
2026-09-11 14:36:15+00:00,0.785
2026-09-11 14:37:27+00:00,0.785
2026-09-11 14:38:18+00:00,0.785
2026-09-11 14:39:16+00:00,0.785
2026-09-11 14:40:14+00:00,0.785
2026-09-11 14:41:17+00:00,0.785
2026-09-11 14:42:17+00:00,0.785
2026-09-11 14:43:17+00:00,0.785
2026-09-11 14:44:16+00:00,0.785
2026-09-11 14:45:14+00:00,0.785
2026-09-11 14:46:13+00:00,0.785
2026-09-11 14:47:26+00:00,0.785
2026-09-11 14:48:16+00:00,0.785
2026-09-11 14:49:19+00:00,0.785
2026-09-11 14:50:53+00:00,0.785
2026-09-11 14:51:18+00:00,0.785
2026-09-11 14:52:17+00:00,0.785
2026-09-11 14:53:13+00:00,0.785
2026-09-11 14:54:18+00:00,0.785
2026-09-11 14:55:17+00:00,0.785
2026-09-11 14:56:17+00:00,0.785
2026-09-11 14:57:13+00:00,0.785
2026-09-11 14:58:17+00:00,0.785
2026-09-11 14:59:18+00:00,0.785
2026-09-11 15:00:37+00:00,0.785
2026-09-11 15:01:17+00:00,0.785
2026-09-11 15:02:17+00:00,0.785
2026-09-11 15:03:28+00:00,0.785
2026-09-11 15:04:17+00:00,0.785
2026-09-11 15:05:18+00:00,0.785
2026-09-11 15:06:13+00:00,0.785
2026-09-11 15:07:14+00:00,0.785
2026-09-11 15:08:18+00:00,0.785
2026-09-11 15:09:18+00:00,0.785
2026-09-11 15:10:17+00:00,0.785
2026-09-11 15:11:17+00:00,0.785
2026-09-11 15:12:14+00:00,0.785
2026-09-11 15:13:13+00:00,0.785
2026-09-11 15:14:18+00:00,0.785
2026-09-11 15:15:18+00:00,0.785
2026-09-11 15:16:28+00:00,0.785
2026-09-11 15:17:13+00:00,0.785
2026-09-11 15:18:17+00:00,0.785
2026-09-11 15:19:17+00:00,0.785
2026-09-11 15:20:15+00:00,0.785
2026-09-11 15:21:17+00:00,0.785
2026-09-11 15:22:13+00:00,0.785
2026-09-11 15:23:18+00:00,0.785
2026-09-11 15:24:17+00:00,0.785
2026-09-11 15:25:18+00:00,0.785
2026-09-11 15:26:17+00:00,0.785
2026-09-11 15:27:17+00:00,0.785
2026-09-11 15:28:17+00:00,0.785
2026-09-11 15:29:28+00:00,0.785
2026-09-11 15:30:20+00:00,0.785
2026-09-11 15:31:17+00:00,0.785
2026-09-11 15:32:17+00:00,0.785
2026-09-11 15:33:17+00:00,0.785
2026-09-11 15:34:17+00:00,0.785
2026-09-11 15:35:18+00:00,0.785
2026-09-11 15:36:31+00:00,0.785
2026-09-11 15:37:17+00:00,0.785
2026-09-11 15:38:17+00:00,0.785
2026-09-11 15:39:17+00:00,0.785
2026-09-11 15:40:19+00:00,0.785
2026-09-11 15:41:18+00:00,0.785
2026-09-11 15:42:17+00:00,0.785
2026-09-11 15:43:18+00:00,0.785
2026-09-11 15:44:17+00:00,0.785
2026-09-11 15:45:18+00:00,0.785
2026-09-11 15:46:17+00:00,0.785
2026-09-11 15:47:17+00:00,0.785
2026-09-11 15:48:17+00:00,0.785
2026-09-11 15:49:30+00:00,0.785
2026-09-11 15:50:19+00:00,0.785
2026-09-11 15:51:18+00:00,0.785
2026-09-11 15:52:18+00:00,0.785
2026-09-11 15:53:17+00:00,0.785
2026-09-11 15:54:17+00:00,0.785
2026-09-11 15:55:13+00:00,0.785
2026-09-11 15:56:32+00:00,0.785
2026-09-11 15:57:17+00:00,0.785
2026-09-11 15:58:17+00:00,0.785
2026-09-11 15:59:17+00:00,0.785
2026-09-11 16:00:21+00:00,0.785
2026-09-11 16:01:23+00:00,0.785
2026-09-11 16:02:26+00:00,0.785
2026-09-11 16:03:13+00:00,0.785
2026-09-11 16:04:18+00:00,0.785
2026-09-11 16:05:14+00:00,0.785
2026-09-11 16:06:17+00:00,0.785
2026-09-11 16:07:17+00:00,0.785
2026-09-11 16:08:18+00:00,0.785
2026-09-11 16:09:18+00:00,0.785
2026-09-11 16:10:17+00:00,0.785
2026-09-11 16:11:19+00:00,0.785
2026-09-11 16:12:17+00:00,0.785
2026-09-11 16:13:17+00:00,0.785
2026-09-11 16:14:17+00:00,0.785
2026-09-11 16:15:29+00:00,0.785
2026-09-11 16:16:18+00:00,0.785
2026-09-11 16:17:18+00:00,0.785
2026-09-11 16:18:18+00:00,0.785
2026-09-11 16:19:17+00:00,0.785
2026-09-11 16:20:13+00:00,0.785
2026-09-11 16:21:17+00:00,0.785
2026-09-11 16:22:17+00:00,0.785
2026-09-11 16:23:17+00:00,0.785
2026-09-11 16:46:17+00:00,0.785
2026-09-11 16:46:42+00:00,0.785
2026-09-11 16:47:16+00:00,0.785
2026-09-11 16:48:16+00:00,0.785
2026-09-11 16:49:16+00:00,0.785
2026-09-11 16:50:44+00:00,0.785
2026-09-11 16:51:17+00:00,0.785
2026-09-11 16:52:17+00:00,0.785
2026-09-11 16:53:17+00:00,0.785
2026-09-11 16:54:17+00:00,0.785
2026-09-11 16:55:18+00:00,0.785
2026-09-11 16:56:17+00:00,0.785
2026-09-11 16:57:19+00:00,0.785
2026-09-11 16:58:16+00:00,0.785
2026-09-11 16:59:17+00:00,0.785
2026-09-11 17:00:35+00:00,0.785
2026-09-11 17:01:16+00:00,0.785
2026-09-11 17:02:41+00:00,0.785
2026-09-11 17:03:17+00:00,0.785
2026-09-11 17:04:17+00:00,0.785
2026-09-11 17:05:17+00:00,0.785
2026-09-11 17:06:28+00:00,0.785
2026-09-11 17:07:12+00:00,0.785
2026-09-11 17:08:16+00:00,0.785
2026-09-11 17:09:17+00:00,0.785
2026-09-11 17:10:17+00:00,0.785
2026-09-11 17:11:28+00:00,0.785
2026-09-11 17:12:12+00:00,0.785
2026-09-11 17:13:16+00:00,0.785
2026-09-11 17:14:16+00:00,0.785
2026-09-11 17:15:18+00:00,0.785
2026-09-11 17:16:28+00:00,0.785
2026-09-11 17:17:16+00:00,0.785
2026-09-11 17:18:16+00:00,0.785
2026-09-11 17:19:16+00:00,0.785
2026-09-11 17:20:18+00:00,0.785
2026-09-11 17:21:17+00:00,0.785
2026-09-11 17:22:16+00:00,0.785
2026-09-11 17:23:16+00:00,0.785
2026-09-11 17:24:17+00:00,0.785
2026-09-11 17:25:13+00:00,0.785
2026-09-11 17:26:12+00:00,0.785
2026-09-11 17:27:18+00:00,0.785
2026-09-11 17:28:17+00:00,0.785
2026-09-11 17:29:28+00:00,0.785
2026-09-11 17:30:21+00:00,0.785
2026-09-11 17:31:17+00:00,0.785
2026-09-11 17:32:16+00:00,0.785
2026-09-11 17:33:12+00:00,0.785
2026-09-11 17:34:16+00:00,0.785
2026-09-11 17:35:14+00:00,0.785
2026-09-11 17:38:47+00:00,0.785
2026-09-11 17:39:11+00:00,0.785
2026-09-11 17:40:17+00:00,0.785
2026-09-11 17:41:16+00:00,0.785
2026-09-11 17:42:16+00:00,0.785
2026-09-11 17:43:16+00:00,0.785
2026-09-11 17:44:16+00:00,0.785
2026-09-11 17:45:17+00:00,0.785
2026-09-11 17:46:12+00:00,0.785
2026-09-11 17:47:14+00:00,0.785
2026-09-11 17:48:13+00:00,0.785
2026-09-11 17:49:16+00:00,0.785
2026-09-11 17:50:30+00:00,0.785
2026-09-11 17:51:17+00:00,0.785
2026-09-11 17:52:16+00:00,0.785
2026-09-11 17:53:17+00:00,0.785
2026-09-11 17:54:28+00:00,0.785
2026-09-11 17:55:17+00:00,0.785
2026-09-11 17:56:16+00:00,0.785
2026-09-11 17:57:12+00:00,0.785
2026-09-11 17:58:16+00:00,0.785
2026-09-11 17:59:16+00:00,0.785
2026-09-11 18:00:22+00:00,0.785
2026-09-11 18:01:15+00:00,0.785
2026-09-11 18:02:15+00:00,0.785
2026-09-11 18:03:11+00:00,0.785
2026-09-11 18:04:15+00:00,0.785
2026-09-11 18:05:17+00:00,0.785
2026-09-11 18:06:11+00:00,0.785
2026-09-11 18:07:15+00:00,0.785
2026-09-11 18:08:16+00:00,0.785
2026-09-11 18:09:15+00:00,0.785
2026-09-11 18:10:16+00:00,0.785
2026-09-11 18:11:16+00:00,0.785
2026-09-11 18:12:15+00:00,0.785
2026-09-11 18:13:11+00:00,0.785
2026-09-11 18:14:15+00:00,0.785
2026-09-11 18:15:16+00:00,0.785
2026-09-11 18:16:27+00:00,0.785
2026-09-11 18:17:11+00:00,0.785
2026-09-11 18:18:16+00:00,0.785
2026-09-11 18:19:15+00:00,0.785
2026-09-11 18:20:13+00:00,0.785
2026-09-11 18:21:15+00:00,0.785
2026-09-11 18:22:16+00:00,0.785
2026-09-11 18:23:15+00:00,0.785
2026-09-11 18:24:16+00:00,0.785
2026-09-11 18:25:17+00:00,0.785
2026-09-11 18:26:12+00:00,0.785
2026-09-11 18:27:12+00:00,0.785
2026-09-11 18:28:16+00:00,0.785
2026-09-11 18:29:18+00:00,0.785
2026-09-11 18:30:21+00:00,0.785
2026-09-11 18:31:16+00:00,0.785
2026-09-11 18:32:13+00:00,0.785
2026-09-11 18:33:16+00:00,0.785
2026-09-11 18:34:15+00:00,0.785
2026-09-11 18:35:16+00:00,0.785
2026-09-11 18:36:14+00:00,0.785
2026-09-11 18:37:16+00:00,0.785
2026-09-11 18:38:16+00:00,0.785
2026-09-11 18:39:29+00:00,0.785
2026-09-11 18:40:18+00:00,0.785
2026-09-11 18:41:16+00:00,0.785
2026-09-11 18:42:16+00:00,0.785
2026-09-11 18:43:15+00:00,0.785
2026-09-11 18:44:16+00:00,0.785
2026-09-11 18:45:17+00:00,0.785
2026-09-11 18:46:16+00:00,0.785
2026-09-11 18:47:15+00:00,0.785
2026-09-11 18:48:17+00:00,0.785
2026-09-11 18:49:19+00:00,0.785
2026-09-11 18:50:18+00:00,0.785
2026-09-11 18:51:16+00:00,0.785
2026-09-11 18:52:12+00:00,0.785
2026-09-11 18:53:15+00:00,0.785
2026-09-11 18:54:15+00:00,0.785
2026-09-11 18:55:16+00:00,0.785
2026-09-11 18:56:16+00:00,0.785
2026-09-11 18:57:29+00:00,0.785
2026-09-11 18:58:32+00:00,0.785
2026-09-11 18:59:12+00:00,0.785
2026-09-11 19:00:19+00:00,0.785
2026-09-11 19:01:16+00:00,0.785
2026-09-11 19:02:17+00:00,0.785
2026-09-11 19:03:17+00:00,0.785
2026-09-11 19:04:16+00:00,0.785
2026-09-11 19:05:14+00:00,0.785
2026-09-11 19:06:13+00:00,0.785
2026-09-11 19:07:12+00:00,0.785
2026-09-11 19:08:16+00:00,0.785
2026-09-11 19:09:16+00:00,0.785
2026-09-11 19:10:17+00:00,0.785
2026-09-11 19:11:15+00:00,0.785
2026-09-11 19:12:26+00:00,0.785
2026-09-11 19:13:17+00:00,0.785
2026-09-11 19:14:16+00:00,0.785
2026-09-11 19:15:19+00:00,0.785
2026-09-11 19:16:16+00:00,0.785
2026-09-11 19:17:16+00:00,0.785
2026-09-11 19:18:16+00:00,0.785
2026-09-11 19:19:16+00:00,0.785
2026-09-11 19:20:16+00:00,0.785
2026-09-11 19:21:16+00:00,0.785
2026-09-11 19:22:11+00:00,0.785
2026-09-11 19:23:16+00:00,0.785
2026-09-11 19:24:16+00:00,0.785
2026-09-11 19:25:17+00:00,0.785
2026-09-11 19:26:16+00:00,0.785
2026-09-11 19:27:16+00:00,0.785
2026-09-11 19:28:22+00:00,0.785
2026-09-11 19:29:16+00:00,0.785
2026-09-11 19:30:33+00:00,0.785
2026-09-11 19:31:16+00:00,0.785
2026-09-11 19:32:17+00:00,0.785
2026-09-11 19:33:16+00:00,0.785
2026-09-11 19:34:16+00:00,0.785
2026-09-11 19:35:17+00:00,0.785
2026-09-11 19:36:24+00:00,0.785
2026-09-11 19:37:16+00:00,0.785
2026-09-11 19:38:16+00:00,0.785
2026-09-11 19:39:16+00:00,0.785
2026-09-11 19:40:19+00:00,0.785
2026-09-11 19:41:16+00:00,0.785
2026-09-11 19:42:17+00:00,0.785
2026-09-11 19:43:16+00:00,0.785
2026-09-11 19:44:16+00:00,0.785
2026-09-11 19:45:12+00:00,0.785
2026-09-11 19:46:17+00:00,0.785
2026-09-11 19:47:16+00:00,0.785
2026-09-11 19:48:17+00:00,0.785
2026-09-11 19:49:24+00:00,0.785
2026-09-11 19:50:19+00:00,0.785
2026-09-11 19:51:16+00:00,0.785
2026-09-11 19:52:17+00:00,0.785
2026-09-11 19:53:18+00:00,0.785
2026-09-11 19:54:16+00:00,0.785
2026-09-11 19:55:17+00:00,0.785
2026-09-11 19:56:17+00:00,0.785
2026-09-11 19:57:12+00:00,0.785
2026-09-11 19:58:16+00:00,0.785
2026-09-11 19:59:16+00:00,0.785
2026-09-11 20:00:20+00:00,0.785
2026-09-11 20:01:28+00:00,0.785
2026-09-11 20:02:25+00:00,0.785
2026-09-11 20:03:12+00:00,0.785
2026-09-11 20:04:16+00:00,0.785
2026-09-11 20:05:19+00:00,0.785
2026-09-11 20:06:16+00:00,0.785
2026-09-11 20:07:16+00:00,0.785
2026-09-11 20:08:16+00:00,0.785
2026-09-11 20:09:16+00:00,0.785
2026-09-11 20:10:18+00:00,0.785
2026-09-11 20:11:16+00:00,0.785
2026-09-11 20:12:16+00:00,0.785
2026-09-11 20:13:12+00:00,0.785
2026-09-11 20:14:16+00:00,0.785
2026-09-11 20:15:28+00:00,0.785
2026-09-11 20:16:17+00:00,0.785
2026-09-11 20:17:17+00:00,0.785
2026-09-11 20:18:16+00:00,0.785
2026-09-11 20:19:29+00:00,0.785
2026-09-11 20:20:17+00:00,0.785
2026-09-11 20:21:16+00:00,0.785
2026-09-11 20:22:16+00:00,0.785
2026-09-11 20:23:30+00:00,0.785
2026-09-11 20:24:16+00:00,0.785
2026-09-11 20:25:34+00:00,0.785
2026-09-11 20:26:16+00:00,0.785
2026-09-11 20:27:16+00:00,0.785
2026-09-11 20:28:26+00:00,0.785
2026-09-11 20:29:16+00:00,0.785
2026-09-11 20:30:21+00:00,0.785
2026-09-11 20:31:16+00:00,0.785
2026-09-11 20:32:17+00:00,0.785
2026-09-11 20:33:16+00:00,0.785
2026-09-11 20:34:16+00:00,0.785
2026-09-11 20:35:17+00:00,0.785
2026-09-11 20:36:19+00:00,0.785
2026-09-11 20:37:16+00:00,0.785
2026-09-11 20:38:31+00:00,0.785
2026-09-11 20:39:31+00:00,0.785
2026-09-11 20:40:17+00:00,0.785
2026-09-11 20:41:26+00:00,0.785
2026-09-11 20:42:16+00:00,0.785
2026-09-11 20:43:16+00:00,0.785
2026-09-11 20:44:30+00:00,0.785
2026-09-11 20:45:19+00:00,0.785
2026-09-11 20:46:17+00:00,0.785
2026-09-11 20:47:17+00:00,0.785
2026-09-11 20:48:16+00:00,0.785
2026-09-11 20:49:18+00:00,0.785
2026-09-11 20:50:18+00:00,0.785
2026-09-11 20:51:17+00:00,0.785
2026-09-11 20:52:17+00:00,0.785
2026-09-11 20:53:16+00:00,0.785
2026-09-11 20:54:41+00:00,0.785
2026-09-11 20:55:19+00:00,0.785
2026-09-11 20:56:17+00:00,0.785
2026-09-11 20:57:17+00:00,0.785
2026-09-11 20:58:17+00:00,0.785
2026-09-11 20:59:18+00:00,0.785
2026-09-11 21:00:22+00:00,0.785
2026-09-11 21:01:17+00:00,0.785
2026-09-11 21:02:17+00:00,0.785
2026-09-11 21:03:17+00:00,0.785
2026-09-11 21:04:17+00:00,0.785
2026-09-11 21:05:17+00:00,0.785
2026-09-11 21:06:17+00:00,0.785
2026-09-11 21:07:40+00:00,0.785
2026-09-11 21:08:17+00:00,0.785
2026-09-11 21:09:17+00:00,0.785
2026-09-11 21:10:19+00:00,0.785
2026-09-11 21:11:18+00:00,0.785
2026-09-11 21:12:17+00:00,0.785
2026-09-11 21:13:17+00:00,0.785
2026-09-11 21:14:17+00:00,0.785
2026-09-11 21:15:19+00:00,0.785
2026-09-11 21:16:17+00:00,0.785
2026-09-11 21:17:17+00:00,0.785
2026-09-11 21:18:17+00:00,0.785
2026-09-11 21:19:17+00:00,0.785
2026-09-11 21:20:32+00:00,0.785
2026-09-11 21:21:17+00:00,0.785
2026-09-11 21:22:17+00:00,0.785
2026-09-11 21:23:17+00:00,0.785
2026-09-11 21:24:17+00:00,0.785
2026-09-11 21:25:18+00:00,0.785
2026-09-11 21:26:18+00:00,0.785
2026-09-11 21:27:17+00:00,0.785
2026-09-11 21:28:17+00:00,0.785
2026-09-11 21:29:16+00:00,0.785
2026-09-11 21:30:20+00:00,0.785
2026-09-11 21:31:16+00:00,0.785
2026-09-11 21:32:17+00:00,0.785
2026-09-11 21:33:29+00:00,0.785
2026-09-11 21:34:17+00:00,0.785
2026-09-11 21:35:19+00:00,0.785
2026-09-11 21:36:17+00:00,0.785
2026-09-11 21:37:30+00:00,0.785
2026-09-11 21:38:31+00:00,0.785
2026-09-11 21:39:17+00:00,0.785
2026-09-11 21:40:19+00:00,0.785
2026-09-11 21:41:33+00:00,0.785
2026-09-11 21:42:17+00:00,0.785
2026-09-11 21:43:17+00:00,0.785
2026-09-11 21:44:28+00:00,0.785
2026-09-11 21:45:18+00:00,0.785
2026-09-11 21:46:17+00:00,0.785
2026-09-11 21:47:13+00:00,0.785
2026-09-11 21:48:17+00:00,0.785
2026-09-11 21:49:16+00:00,0.785
2026-09-11 21:50:33+00:00,0.785
2026-09-11 21:51:17+00:00,0.785
2026-09-11 21:52:17+00:00,0.785
2026-09-11 21:53:30+00:00,0.785
2026-09-11 21:54:32+00:00,0.785
2026-09-11 21:55:14+00:00,0.785
2026-09-11 21:56:17+00:00,0.785
2026-09-11 21:57:13+00:00,0.785
2026-09-11 21:58:17+00:00,0.785
2026-09-11 21:59:17+00:00,0.785
2026-09-11 22:00:23+00:00,0.785
2026-09-11 22:01:18+00:00,0.785
2026-09-11 22:02:17+00:00,0.785
2026-09-11 22:03:27+00:00,0.785
2026-09-11 22:04:16+00:00,0.785
2026-09-11 22:05:19+00:00,0.785
2026-09-11 22:06:26+00:00,0.785
2026-09-11 22:07:17+00:00,0.785
2026-09-11 22:08:17+00:00,0.785
2026-09-11 22:09:18+00:00,0.785
2026-09-11 22:10:18+00:00,0.785
2026-09-11 22:11:18+00:00,0.785
2026-09-11 22:12:17+00:00,0.785
2026-09-11 22:13:30+00:00,0.785
2026-09-11 22:14:16+00:00,0.785
2026-09-11 22:15:18+00:00,0.785
2026-09-11 22:16:31+00:00,0.785
2026-09-11 22:17:18+00:00,0.785
2026-09-11 22:18:17+00:00,0.785
2026-09-11 22:19:17+00:00,0.785
2026-09-11 22:20:20+00:00,0.785
2026-09-11 22:21:17+00:00,0.785
2026-09-11 22:22:17+00:00,0.785
2026-09-11 22:23:17+00:00,0.785
2026-09-11 22:24:17+00:00,0.785
2026-09-11 22:25:18+00:00,0.785
2026-09-11 22:26:16+00:00,0.785
2026-09-11 22:27:17+00:00,0.785
2026-09-11 22:28:17+00:00,0.785
2026-09-11 22:29:31+00:00,0.785
2026-09-11 22:30:23+00:00,0.785
2026-09-11 22:31:17+00:00,0.785
2026-09-11 22:32:29+00:00,0.785
2026-09-11 22:33:17+00:00,0.785
2026-09-11 22:34:18+00:00,0.785
2026-09-11 22:35:19+00:00,0.785
2026-09-11 22:36:28+00:00,0.785
2026-09-11 22:37:16+00:00,0.785
2026-09-11 22:38:17+00:00,0.785
2026-09-11 22:39:16+00:00,0.785
2026-09-11 22:40:19+00:00,0.785
2026-09-11 22:41:17+00:00,0.785
2026-09-11 22:42:17+00:00,0.785
2026-09-11 22:43:16+00:00,0.785
2026-09-11 22:44:17+00:00,0.785
2026-09-11 22:45:17+00:00,0.785
2026-09-11 22:46:16+00:00,0.785
2026-09-11 22:47:17+00:00,0.785
2026-09-11 22:48:17+00:00,0.785
2026-09-11 22:49:31+00:00,0.785
2026-09-11 22:50:39+00:00,0.785
2026-09-11 22:51:29+00:00,0.785
2026-09-11 22:52:16+00:00,0.785
2026-09-11 22:53:17+00:00,0.785
2026-09-11 22:54:17+00:00,0.785
2026-09-11 22:55:17+00:00,0.785
2026-09-11 22:56:29+00:00,0.785
2026-09-11 22:57:18+00:00,0.785
2026-09-11 22:58:17+00:00,0.785
2026-09-11 22:59:16+00:00,0.785
2026-09-11 23:00:22+00:00,0.785
2026-09-11 23:01:16+00:00,0.785
2026-09-11 23:02:30+00:00,0.785
2026-09-11 23:03:12+00:00,0.785
2026-09-11 23:04:17+00:00,0.785
2026-09-11 23:05:19+00:00,0.785
2026-09-11 23:06:17+00:00,0.785
2026-09-11 23:07:17+00:00,0.785
2026-09-11 23:08:31+00:00,0.785
2026-09-11 23:09:17+00:00,0.785
2026-09-11 23:10:18+00:00,0.785
2026-09-11 23:11:17+00:00,0.785
2026-09-11 23:12:17+00:00,0.785
2026-09-11 23:13:17+00:00,0.785
2026-09-11 23:14:18+00:00,0.785
2026-09-11 23:15:34+00:00,0.785
2026-09-11 23:16:17+00:00,0.785
2026-09-11 23:17:16+00:00,0.785
2026-09-11 23:18:17+00:00,0.785
2026-09-11 23:19:17+00:00,0.785
2026-09-11 23:20:18+00:00,0.785
2026-09-11 23:21:18+00:00,0.785
2026-09-11 23:22:17+00:00,0.785
2026-09-11 23:23:17+00:00,0.785
2026-09-11 23:24:19+00:00,0.785
2026-09-11 23:25:19+00:00,0.785
2026-09-11 23:26:17+00:00,0.785
2026-09-11 23:27:18+00:00,0.785
2026-09-11 23:28:29+00:00,0.785
2026-09-11 23:29:30+00:00,0.785
2026-09-11 23:30:36+00:00,0.785
2026-09-11 23:31:16+00:00,0.785
2026-09-11 23:32:17+00:00,0.785
2026-09-11 23:33:17+00:00,0.785
2026-09-11 23:34:17+00:00,0.785
2026-09-11 23:35:33+00:00,0.785
2026-09-11 23:36:17+00:00,0.785
2026-09-11 23:37:29+00:00,0.785
2026-09-11 23:38:18+00:00,0.785
2026-09-11 23:39:17+00:00,0.785
2026-09-11 23:40:21+00:00,0.785
2026-09-11 23:41:17+00:00,0.785
2026-09-11 23:42:17+00:00,0.785
2026-09-11 23:43:16+00:00,0.785
2026-09-11 23:44:30+00:00,0.785
2026-09-11 23:45:18+00:00,0.785
2026-09-11 23:46:17+00:00,0.785
2026-09-11 23:47:17+00:00,0.785
2026-09-11 23:48:17+00:00,0.785
2026-09-11 23:49:16+00:00,0.785
2026-09-11 23:50:33+00:00,0.785
2026-09-11 23:51:17+00:00,0.785
2026-09-11 23:52:13+00:00,0.785
2026-09-11 23:53:12+00:00,0.785
2026-09-11 23:54:17+00:00,0.785
2026-09-11 23:55:17+00:00,0.785
2026-09-11 23:56:17+00:00,0.785
2026-09-11 23:57:17+00:00,0.785
2026-09-11 23:58:17+00:00,0.785
2026-09-11 23:59:17+00:00,0.785
2026-09-12 00:00:24+00:00,0.785
2026-09-12 00:01:16+00:00,0.785
2026-09-12 00:02:11+00:00,0.785
2026-09-12 00:03:16+00:00,0.785
2026-09-12 00:04:15+00:00,0.785
2026-09-12 00:05:12+00:00,0.785
2026-09-12 00:06:16+00:00,0.785
2026-09-12 00:07:12+00:00,0.785
2026-09-12 00:08:16+00:00,0.785
2026-09-12 00:09:16+00:00,0.785
2026-09-12 00:10:30+00:00,0.785
2026-09-12 00:11:16+00:00,0.785
2026-09-12 00:12:12+00:00,0.785
2026-09-12 00:13:12+00:00,0.785
2026-09-12 00:14:16+00:00,0.785
2026-09-12 00:15:17+00:00,0.785
2026-09-12 00:16:17+00:00,0.785
2026-09-12 00:17:12+00:00,0.785
2026-09-12 00:18:16+00:00,0.785
2026-09-12 00:19:15+00:00,0.785
2026-09-12 00:20:18+00:00,0.785
2026-09-12 00:21:16+00:00,0.785
2026-09-12 00:22:12+00:00,0.785
2026-09-12 00:23:31+00:00,0.785
2026-09-12 00:24:16+00:00,0.785
2026-09-12 00:25:16+00:00,0.785
2026-09-12 00:26:16+00:00,0.785
2026-09-12 00:27:17+00:00,0.785
2026-09-12 00:28:16+00:00,0.785
2026-09-12 00:29:18+00:00,0.785
2026-09-12 00:30:18+00:00,0.785
2026-09-12 00:31:16+00:00,0.785
2026-09-12 00:32:17+00:00,0.785
2026-09-12 00:33:16+00:00,0.785
2026-09-12 00:34:16+00:00,0.785
2026-09-12 00:35:12+00:00,0.785
2026-09-12 00:36:18+00:00,0.785
2026-09-12 00:37:16+00:00,0.785
2026-09-12 00:38:16+00:00,0.785
2026-09-12 00:39:16+00:00,0.785
2026-09-12 00:40:29+00:00,0.785
2026-09-12 00:41:16+00:00,0.785
2026-09-12 00:42:16+00:00,0.785
2026-09-12 00:43:28+00:00,0.785
2026-09-12 00:44:16+00:00,0.785
2026-09-12 00:45:30+00:00,0.785
2026-09-12 00:46:16+00:00,0.785
2026-09-12 00:47:17+00:00,0.785
2026-09-12 00:48:17+00:00,0.785
2026-09-12 00:49:20+00:00,0.785
2026-09-12 00:50:17+00:00,0.785
2026-09-12 00:51:16+00:00,0.785
2026-09-12 00:52:12+00:00,0.785
2026-09-12 00:53:12+00:00,0.785
2026-09-12 00:54:16+00:00,0.785
2026-09-12 00:55:13+00:00,0.785
2026-09-12 00:56:29+00:00,0.785
2026-09-12 00:57:13+00:00,0.785
2026-09-12 00:58:18+00:00,0.785
2026-09-12 00:59:16+00:00,0.785
2026-09-12 01:00:19+00:00,0.785
2026-09-12 01:01:16+00:00,0.785
2026-09-12 01:02:17+00:00,0.785
2026-09-12 01:03:17+00:00,0.785
2026-09-12 01:04:16+00:00,0.785
2026-09-12 01:05:13+00:00,0.785
2026-09-12 01:06:16+00:00,0.785
2026-09-12 01:07:31+00:00,0.785
2026-09-12 01:08:17+00:00,0.785
2026-09-12 01:09:16+00:00,0.785
2026-09-12 01:10:17+00:00,0.785
2026-09-12 01:11:16+00:00,0.785
2026-09-12 01:12:13+00:00,0.785
2026-09-12 01:13:17+00:00,0.785
2026-09-12 01:14:17+00:00,0.785
2026-09-12 01:15:23+00:00,0.785
2026-09-12 01:16:23+00:00,0.785
2026-09-12 01:17:16+00:00,0.785
2026-09-12 01:18:12+00:00,0.785
2026-09-12 01:19:16+00:00,0.785
2026-09-12 01:20:14+00:00,0.785
2026-09-12 01:21:17+00:00,0.785
2026-09-12 01:22:12+00:00,0.785
2026-09-12 01:23:16+00:00,0.785
2026-09-12 01:24:16+00:00,0.785
2026-09-12 01:25:17+00:00,0.785
2026-09-12 01:26:12+00:00,0.785
2026-09-12 01:27:12+00:00,0.785
2026-09-12 01:28:22+00:00,0.785
2026-09-12 01:29:17+00:00,0.785
2026-09-12 01:30:18+00:00,0.785
2026-09-12 01:31:17+00:00,0.785
2026-09-12 01:32:12+00:00,0.785
2026-09-12 01:33:17+00:00,0.785
2026-09-12 01:34:16+00:00,0.785
2026-09-12 01:35:17+00:00,0.785
2026-09-12 01:36:24+00:00,0.785
2026-09-12 01:37:12+00:00,0.785
2026-09-12 01:38:12+00:00,0.785
2026-09-12 01:39:17+00:00,0.785
2026-09-12 01:40:17+00:00,0.785
2026-09-12 01:41:12+00:00,0.785
2026-09-12 01:42:16+00:00,0.785
2026-09-12 01:43:31+00:00,0.785
2026-09-12 01:44:16+00:00,0.785
2026-09-12 01:45:18+00:00,0.785
2026-09-12 01:46:14+00:00,0.785
2026-09-12 01:47:16+00:00,0.785
2026-09-12 01:48:17+00:00,0.785
2026-09-12 01:49:24+00:00,0.785
2026-09-12 01:50:17+00:00,0.785
2026-09-12 01:51:16+00:00,0.785
2026-09-12 01:52:12+00:00,0.785
2026-09-12 01:53:16+00:00,0.785
2026-09-12 01:54:16+00:00,0.785
2026-09-12 01:55:31+00:00,0.785
2026-09-12 01:56:17+00:00,0.785
2026-09-12 01:57:16+00:00,0.785
2026-09-12 01:58:16+00:00,0.785
2026-09-12 01:59:16+00:00,0.785
2026-09-12 02:00:20+00:00,0.785
2026-09-12 02:01:16+00:00,0.785
2026-09-12 02:02:20+00:00,0.785
2026-09-12 02:03:16+00:00,0.785
2026-09-12 02:04:16+00:00,0.785
2026-09-12 02:05:32+00:00,0.785
2026-09-12 02:06:17+00:00,0.785
2026-09-12 02:07:17+00:00,0.785
2026-09-12 02:08:16+00:00,0.785
2026-09-12 02:09:16+00:00,0.785
2026-09-12 02:10:20+00:00,0.785
2026-09-12 02:11:27+00:00,0.785
2026-09-12 02:12:17+00:00,0.785
2026-09-12 02:13:17+00:00,0.785
2026-09-12 02:14:16+00:00,0.785
2026-09-12 02:15:26+00:00,0.785
2026-09-12 02:16:17+00:00,0.785
2026-09-12 02:17:13+00:00,0.785
2026-09-12 02:18:17+00:00,0.785
2026-09-12 02:19:17+00:00,0.785
2026-09-12 02:20:18+00:00,0.785
2026-09-12 02:21:16+00:00,0.785
2026-09-12 02:22:16+00:00,0.785
2026-09-12 02:23:17+00:00,0.785
2026-09-12 02:24:16+00:00,0.785
2026-09-12 02:25:20+00:00,0.785
2026-09-12 02:26:12+00:00,0.785
2026-09-12 02:27:16+00:00,0.785
2026-09-12 02:28:26+00:00,0.785
2026-09-12 02:29:16+00:00,0.785
2026-09-12 02:30:32+00:00,0.785
2026-09-12 02:31:17+00:00,0.785
2026-09-12 02:32:16+00:00,0.785
2026-09-12 02:33:17+00:00,0.785
2026-09-12 02:34:16+00:00,0.785
2026-09-12 02:35:31+00:00,0.785
2026-09-12 02:36:23+00:00,0.785
2026-09-12 02:37:12+00:00,0.785
2026-09-12 02:38:17+00:00,0.785
2026-09-12 02:39:17+00:00,0.785
2026-09-12 02:40:19+00:00,0.785
2026-09-12 02:41:17+00:00,0.785
2026-09-12 02:42:29+00:00,0.785
2026-09-12 02:43:16+00:00,0.785
2026-09-12 02:44:16+00:00,0.785
2026-09-12 02:45:17+00:00,0.785
2026-09-12 02:46:16+00:00,0.785
2026-09-12 02:47:17+00:00,0.785
2026-09-12 02:48:16+00:00,0.785
2026-09-12 02:49:28+00:00,0.785
2026-09-12 02:50:18+00:00,0.785
2026-09-12 02:51:30+00:00,0.785
2026-09-12 02:52:16+00:00,0.785
2026-09-12 02:53:17+00:00,0.785
2026-09-12 02:54:16+00:00,0.785
2026-09-12 02:55:17+00:00,0.785
2026-09-12 02:56:16+00:00,0.785
2026-09-12 02:57:17+00:00,0.785
2026-09-12 02:58:12+00:00,0.785
2026-09-12 02:59:18+00:00,0.785
2026-09-12 03:00:19+00:00,0.785
2026-09-12 03:01:16+00:00,0.785
2026-09-12 03:02:28+00:00,0.785
2026-09-12 03:03:17+00:00,0.785
2026-09-12 03:04:16+00:00,0.785
2026-09-12 03:05:17+00:00,0.785
2026-09-12 03:06:17+00:00,0.785
2026-09-12 03:07:17+00:00,0.785
2026-09-12 03:08:17+00:00,0.785
2026-09-12 03:09:17+00:00,0.785
2026-09-12 03:10:17+00:00,0.785
2026-09-12 03:11:16+00:00,0.785
2026-09-12 03:12:29+00:00,0.785
2026-09-12 03:13:17+00:00,0.785
2026-09-12 03:14:17+00:00,0.785
2026-09-12 03:15:30+00:00,0.785
2026-09-12 03:16:16+00:00,0.785
2026-09-12 03:17:27+00:00,0.785
2026-09-12 03:18:16+00:00,0.785
2026-09-12 03:19:17+00:00,0.785
2026-09-12 03:20:17+00:00,0.785
2026-09-12 03:21:16+00:00,0.785
2026-09-12 03:22:12+00:00,0.785
2026-09-12 03:23:16+00:00,0.785
2026-09-12 03:24:17+00:00,0.785
2026-09-12 03:25:17+00:00,0.785
2026-09-12 03:26:16+00:00,0.785
2026-09-12 03:27:16+00:00,0.785
2026-09-12 03:28:28+00:00,0.785
2026-09-12 03:29:16+00:00,0.785
2026-09-12 03:30:18+00:00,0.785
2026-09-12 03:31:16+00:00,0.785
2026-09-12 03:32:17+00:00,0.785
2026-09-12 03:33:17+00:00,0.785
2026-09-12 03:34:17+00:00,0.785
2026-09-12 03:35:17+00:00,0.785
2026-09-12 03:36:29+00:00,0.785
2026-09-12 03:37:16+00:00,0.785
2026-09-12 03:38:16+00:00,0.785
2026-09-12 03:39:16+00:00,0.785
2026-09-12 03:40:29+00:00,0.785
2026-09-12 03:41:16+00:00,0.785
2026-09-12 03:42:16+00:00,0.785
2026-09-12 03:43:16+00:00,0.785
2026-09-12 03:44:16+00:00,0.785
2026-09-12 03:45:18+00:00,0.785
2026-09-12 03:46:16+00:00,0.785
2026-09-12 03:47:17+00:00,0.785
2026-09-12 03:48:16+00:00,0.785
2026-09-12 03:49:29+00:00,0.785
2026-09-12 03:50:18+00:00,0.785
2026-09-12 03:51:17+00:00,0.785
2026-09-12 03:52:16+00:00,0.785
2026-09-12 03:53:16+00:00,0.785
2026-09-12 03:54:17+00:00,0.785
2026-09-12 03:55:18+00:00,0.785
2026-09-12 03:56:17+00:00,0.785
2026-09-12 03:57:17+00:00,0.785
2026-09-12 03:58:16+00:00,0.785
2026-09-12 03:59:17+00:00,0.785
2026-09-12 04:00:19+00:00,0.785
2026-09-12 04:01:18+00:00,0.785
2026-09-12 04:02:31+00:00,0.785
2026-09-12 04:03:16+00:00,0.785
2026-09-12 04:04:17+00:00,0.785
2026-09-12 04:05:18+00:00,0.785
2026-09-12 04:06:17+00:00,0.785
2026-09-12 04:07:16+00:00,0.785
2026-09-12 04:08:17+00:00,0.785
2026-09-12 04:09:16+00:00,0.785
2026-09-12 04:10:18+00:00,0.785
2026-09-12 04:11:18+00:00,0.785
2026-09-12 04:12:17+00:00,0.785
2026-09-12 04:13:16+00:00,0.785
2026-09-12 04:14:17+00:00,0.785
2026-09-12 04:15:32+00:00,0.785
2026-09-12 04:16:17+00:00,0.785
2026-09-12 04:17:13+00:00,0.785
2026-09-12 04:18:17+00:00,0.785
2026-09-12 04:19:16+00:00,0.785
2026-09-12 04:20:17+00:00,0.785
2026-09-12 04:21:16+00:00,0.785
2026-09-12 04:22:12+00:00,0.785
2026-09-12 04:23:16+00:00,0.785
2026-09-12 04:24:17+00:00,0.785
2026-09-12 04:25:17+00:00,0.785
2026-09-12 04:26:13+00:00,0.785
2026-09-12 04:27:16+00:00,0.785
2026-09-12 04:28:30+00:00,0.785
2026-09-12 04:29:16+00:00,0.785
2026-09-12 04:30:19+00:00,0.785
2026-09-12 04:31:17+00:00,0.785
2026-09-12 04:32:12+00:00,0.785
2026-09-12 04:33:12+00:00,0.785
2026-09-12 04:34:17+00:00,0.785
2026-09-12 04:35:17+00:00,0.785
2026-09-12 04:36:28+00:00,0.785
2026-09-12 04:37:16+00:00,0.785
2026-09-12 04:38:17+00:00,0.785
2026-09-12 04:39:17+00:00,0.785
2026-09-12 04:40:19+00:00,0.785
2026-09-12 04:41:12+00:00,0.785
2026-09-12 04:42:12+00:00,0.785
2026-09-12 04:43:12+00:00,0.785
2026-09-12 04:44:17+00:00,0.785
2026-09-12 04:45:18+00:00,0.785
2026-09-12 04:46:17+00:00,0.785
2026-09-12 04:47:31+00:00,0.785
2026-09-12 04:48:17+00:00,0.785
2026-09-12 04:49:29+00:00,0.785
2026-09-12 04:50:26+00:00,0.785
2026-09-12 04:51:16+00:00,0.785
2026-09-12 04:52:16+00:00,0.785
2026-09-12 04:53:13+00:00,0.785
2026-09-12 04:54:16+00:00,0.785
2026-09-12 04:55:17+00:00,0.785
2026-09-12 04:56:17+00:00,0.785
2026-09-12 04:57:17+00:00,0.785
2026-09-12 04:58:16+00:00,0.785
2026-09-12 04:59:17+00:00,0.785
2026-09-12 05:00:23+00:00,0.785
2026-09-12 05:01:16+00:00,0.785
2026-09-12 05:02:29+00:00,0.785
2026-09-12 05:03:16+00:00,0.785
2026-09-12 05:04:17+00:00,0.785
2026-09-12 05:05:18+00:00,0.785
2026-09-12 05:06:17+00:00,0.785
2026-09-12 05:07:16+00:00,0.785
2026-09-12 05:08:17+00:00,0.785
2026-09-12 05:09:17+00:00,0.785
2026-09-12 05:10:17+00:00,0.785
2026-09-12 05:11:17+00:00,0.785
2026-09-12 05:12:17+00:00,0.785
2026-09-12 05:13:16+00:00,0.785
2026-09-12 05:14:17+00:00,0.785
2026-09-12 05:15:31+00:00,0.785
2026-09-12 05:16:17+00:00,0.785
2026-09-12 05:17:28+00:00,0.785
2026-09-12 05:18:13+00:00,0.785
2026-09-12 05:19:17+00:00,0.785
2026-09-12 05:20:13+00:00,0.785
2026-09-12 05:21:17+00:00,0.785
2026-09-12 05:22:12+00:00,0.785
2026-09-12 05:23:31+00:00,0.785
2026-09-12 05:24:32+00:00,0.785
2026-09-12 05:25:19+00:00,0.785
2026-09-12 05:26:29+00:00,0.785
2026-09-12 05:27:17+00:00,0.785
2026-09-12 05:28:27+00:00,0.785
2026-09-12 05:29:17+00:00,0.785
2026-09-12 05:30:21+00:00,0.785
2026-09-12 05:31:31+00:00,0.785
2026-09-12 05:32:16+00:00,0.785
2026-09-12 05:33:14+00:00,0.785
2026-09-12 05:34:16+00:00,0.785
2026-09-12 05:35:14+00:00,0.785
2026-09-12 05:36:28+00:00,0.785
2026-09-12 05:37:12+00:00,0.785
2026-09-12 05:38:12+00:00,0.785
2026-09-12 05:39:16+00:00,0.785
2026-09-12 05:40:29+00:00,0.785
2026-09-12 05:41:13+00:00,0.785
2026-09-12 05:42:16+00:00,0.785
2026-09-12 05:43:16+00:00,0.785
2026-09-12 05:44:16+00:00,0.785
2026-09-12 05:45:13+00:00,0.785
2026-09-12 05:46:17+00:00,0.785
2026-09-12 05:47:27+00:00,0.785
2026-09-12 05:48:16+00:00,0.785
2026-09-12 05:49:28+00:00,0.785
2026-09-12 05:50:14+00:00,0.785
2026-09-12 05:51:16+00:00,0.785
2026-09-12 05:52:16+00:00,0.785
2026-09-12 05:53:17+00:00,0.785
2026-09-12 05:54:16+00:00,0.785
2026-09-12 05:55:17+00:00,0.785
2026-09-12 05:56:17+00:00,0.785
2026-09-12 05:57:17+00:00,0.785
2026-09-12 05:58:16+00:00,0.785
2026-09-12 05:59:17+00:00,0.785
2026-09-12 06:00:22+00:00,0.785
2026-09-12 06:01:15+00:00,0.785
2026-09-12 06:02:30+00:00,0.785
2026-09-12 06:03:12+00:00,0.785
2026-09-12 06:04:15+00:00,0.785
2026-09-12 06:05:13+00:00,0.785
2026-09-12 06:06:16+00:00,0.785
2026-09-12 06:07:25+00:00,0.785
2026-09-12 06:08:11+00:00,0.785
2026-09-12 06:09:15+00:00,0.785
2026-09-12 06:10:17+00:00,0.785
2026-09-12 06:11:29+00:00,0.785
2026-09-12 06:12:11+00:00,0.785
2026-09-12 06:13:26+00:00,0.785
2026-09-12 06:14:15+00:00,0.785
2026-09-12 06:15:20+00:00,0.785
2026-09-12 06:16:16+00:00,0.785
2026-09-12 06:17:12+00:00,0.785
2026-09-12 06:18:16+00:00,0.785
2026-09-12 06:19:12+00:00,0.785
2026-09-12 06:20:17+00:00,0.785
2026-09-12 06:21:16+00:00,0.785
2026-09-12 06:22:11+00:00,0.785
2026-09-12 06:23:11+00:00,0.785
2026-09-12 06:24:27+00:00,0.785
2026-09-12 06:25:16+00:00,0.785
2026-09-12 06:26:16+00:00,0.785
2026-09-12 06:27:15+00:00,0.785
2026-09-12 06:28:17+00:00,0.785
2026-09-12 06:29:16+00:00,0.785
2026-09-12 06:30:18+00:00,0.785
2026-09-12 06:31:12+00:00,0.785
2026-09-12 06:32:12+00:00,0.785
2026-09-12 06:33:16+00:00,0.785
2026-09-12 06:34:18+00:00,0.785
2026-09-12 06:35:14+00:00,0.785
2026-09-12 06:36:14+00:00,0.785
2026-09-12 06:37:12+00:00,0.785
2026-09-12 06:38:15+00:00,0.785
2026-09-12 06:39:16+00:00,0.785
2026-09-12 06:40:13+00:00,0.785
2026-09-12 06:41:15+00:00,0.785
2026-09-12 06:42:16+00:00,0.785
2026-09-12 06:43:16+00:00,0.785
2026-09-12 06:44:15+00:00,0.785
2026-09-12 06:45:16+00:00,0.785
2026-09-12 06:46:16+00:00,0.785
2026-09-12 06:47:16+00:00,0.785
2026-09-12 06:48:16+00:00,0.785
2026-09-12 06:49:19+00:00,0.785
2026-09-12 06:50:13+00:00,0.785
2026-09-12 06:51:12+00:00,0.785
2026-09-12 06:52:11+00:00,0.785
2026-09-12 06:53:12+00:00,0.785
2026-09-12 06:54:29+00:00,0.785
2026-09-12 06:55:17+00:00,0.785
2026-09-12 06:56:16+00:00,0.785
2026-09-12 06:57:12+00:00,0.785
2026-09-12 06:58:13+00:00,0.785
2026-09-12 06:59:15+00:00,0.785
2026-09-12 07:00:20+00:00,0.785
2026-09-12 07:01:16+00:00,0.785
2026-09-12 07:02:20+00:00,0.785
2026-09-12 07:03:11+00:00,0.785
2026-09-12 07:04:15+00:00,0.785
2026-09-12 07:05:18+00:00,0.785
2026-09-12 07:06:11+00:00,0.785
2026-09-12 07:07:11+00:00,0.785
2026-09-12 07:08:16+00:00,0.785
2026-09-12 07:09:16+00:00,0.785
2026-09-12 07:10:13+00:00,0.785
2026-09-12 07:11:12+00:00,0.785
2026-09-12 07:12:18+00:00,0.785
2026-09-12 07:13:11+00:00,0.785
2026-09-12 07:14:12+00:00,0.785
2026-09-12 07:15:23+00:00,0.785
2026-09-12 07:16:30+00:00,0.785
2026-09-12 07:17:12+00:00,0.785
2026-09-12 07:18:12+00:00,0.785
2026-09-12 07:19:28+00:00,0.785
2026-09-12 07:20:13+00:00,0.785
2026-09-12 07:21:12+00:00,0.785
2026-09-12 07:22:12+00:00,0.785
2026-09-12 07:23:16+00:00,0.785
2026-09-12 07:24:15+00:00,0.785
2026-09-12 07:25:13+00:00,0.785
2026-09-12 07:26:12+00:00,0.785
2026-09-12 07:27:12+00:00,0.785
2026-09-12 07:28:22+00:00,0.785
2026-09-12 07:29:16+00:00,0.785
2026-09-12 07:30:19+00:00,0.785
2026-09-12 07:31:11+00:00,0.785
2026-09-12 07:32:12+00:00,0.785
2026-09-12 07:33:15+00:00,0.785
2026-09-12 07:34:16+00:00,0.785
2026-09-12 07:35:13+00:00,0.785
2026-09-12 07:36:13+00:00,0.785
2026-09-12 07:37:23+00:00,0.785
2026-09-12 07:38:12+00:00,0.785
2026-09-12 07:39:43+00:00,0.785
2026-09-12 07:40:15+00:00,0.785
2026-09-12 07:41:16+00:00,0.785
2026-09-12 07:42:17+00:00,0.785
2026-09-12 07:43:15+00:00,0.785
2026-09-12 07:44:16+00:00,0.785
2026-09-12 07:45:18+00:00,0.785
2026-09-12 07:46:17+00:00,0.785
2026-09-12 07:47:11+00:00,0.785
2026-09-12 07:48:16+00:00,0.785
2026-09-12 07:49:16+00:00,0.785
2026-09-12 07:50:21+00:00,0.785
2026-09-12 07:51:17+00:00,0.785
2026-09-12 07:52:12+00:00,0.785
2026-09-12 07:53:28+00:00,0.785
2026-09-12 07:54:16+00:00,0.785
2026-09-12 07:55:18+00:00,0.785
2026-09-12 07:56:16+00:00,0.785
2026-09-12 07:57:16+00:00,0.785
2026-09-12 07:58:16+00:00,0.785
2026-09-12 07:59:18+00:00,0.785
2026-09-12 08:00:18+00:00,0.785
2026-09-12 08:01:16+00:00,0.785
2026-09-12 08:02:12+00:00,0.785
2026-09-12 08:03:23+00:00,0.785
2026-09-12 08:04:16+00:00,0.785
2026-09-12 08:05:14+00:00,0.785
2026-09-12 08:06:16+00:00,0.785
2026-09-12 08:07:16+00:00,0.785
2026-09-12 08:08:16+00:00,0.785
2026-09-12 08:09:16+00:00,0.785
2026-09-12 08:10:18+00:00,0.785
2026-09-12 08:11:17+00:00,0.785
2026-09-12 08:12:16+00:00,0.785
2026-09-12 08:13:17+00:00,0.785
2026-09-12 08:14:16+00:00,0.785
2026-09-12 08:15:17+00:00,0.785
2026-09-12 08:16:24+00:00,0.785
2026-09-12 08:17:16+00:00,0.785
2026-09-12 08:18:13+00:00,0.785
2026-09-12 08:19:15+00:00,0.785
2026-09-12 08:20:18+00:00,0.785
2026-09-12 08:21:16+00:00,0.785
2026-09-12 08:22:12+00:00,0.785
2026-09-12 08:23:12+00:00,0.785
2026-09-12 08:24:16+00:00,0.785
2026-09-12 08:25:20+00:00,0.785
2026-09-12 08:26:12+00:00,0.785
2026-09-12 08:27:12+00:00,0.785
2026-09-12 08:28:16+00:00,0.785
2026-09-12 08:29:25+00:00,0.785
2026-09-12 08:30:19+00:00,0.785
2026-09-12 08:31:16+00:00,0.785
2026-09-12 08:32:16+00:00,0.785
2026-09-12 08:33:16+00:00,0.785
2026-09-12 08:34:17+00:00,0.785
2026-09-12 08:35:13+00:00,0.785
2026-09-12 08:36:22+00:00,0.785
2026-09-12 08:37:12+00:00,0.785
2026-09-12 08:38:12+00:00,0.785
2026-09-12 08:39:16+00:00,0.785
2026-09-12 08:40:18+00:00,0.785
2026-09-12 08:41:16+00:00,0.785
2026-09-12 08:42:16+00:00,0.785
2026-09-12 08:43:16+00:00,0.785
2026-09-12 08:44:17+00:00,0.785
2026-09-12 08:45:14+00:00,0.785
2026-09-12 08:46:17+00:00,0.785
2026-09-12 08:47:12+00:00,0.785
2026-09-12 08:48:16+00:00,0.785
2026-09-12 08:49:43+00:00,0.785
2026-09-12 08:50:15+00:00,0.785
2026-09-12 08:51:27+00:00,0.785
2026-09-12 08:52:16+00:00,0.785
2026-09-12 08:53:16+00:00,0.785
2026-09-12 08:54:17+00:00,0.785
2026-09-12 08:55:17+00:00,0.785
2026-09-12 08:56:16+00:00,0.785
2026-09-12 08:57:13+00:00,0.785
2026-09-12 08:58:17+00:00,0.785
2026-09-12 08:59:18+00:00,0.785
2026-09-12 09:00:36+00:00,0.785
2026-09-12 09:01:28+00:00,0.785
2026-09-12 09:02:28+00:00,0.785
2026-09-12 09:03:17+00:00,0.785
2026-09-12 09:04:16+00:00,0.785
2026-09-12 09:05:15+00:00,0.785
2026-09-12 09:06:12+00:00,0.785
2026-09-12 09:07:12+00:00,0.785
2026-09-12 09:08:33+00:00,0.785
2026-09-12 09:09:17+00:00,0.785
2026-09-12 09:10:33+00:00,0.785
2026-09-12 09:11:28+00:00,0.785
2026-09-12 09:12:17+00:00,0.785
2026-09-12 09:13:16+00:00,0.785
2026-09-12 09:14:17+00:00,0.785
2026-09-12 09:15:26+00:00,0.785
2026-09-12 09:16:24+00:00,0.785
2026-09-12 09:17:12+00:00,0.785
2026-09-12 09:18:29+00:00,0.785
2026-09-12 09:19:16+00:00,0.785
2026-09-12 09:20:17+00:00,0.785
2026-09-12 09:21:16+00:00,0.785
2026-09-12 09:22:12+00:00,0.785
2026-09-12 09:23:12+00:00,0.785
2026-09-12 09:24:17+00:00,0.785
2026-09-12 09:25:17+00:00,0.785
2026-09-12 09:26:28+00:00,0.785
2026-09-12 09:27:13+00:00,0.785
2026-09-12 09:28:24+00:00,0.785
2026-09-12 09:29:30+00:00,0.785
2026-09-12 09:30:17+00:00,0.785
2026-09-12 09:31:16+00:00,0.785
2026-09-12 09:32:12+00:00,0.785
2026-09-12 09:33:16+00:00,0.785
2026-09-12 09:34:17+00:00,0.785
2026-09-12 09:35:17+00:00,0.785
2026-09-12 09:36:12+00:00,0.785
2026-09-12 09:37:44+00:00,0.785
2026-09-12 09:38:17+00:00,0.785
2026-09-12 09:39:17+00:00,0.785
2026-09-12 09:40:16+00:00,0.785
2026-09-12 09:41:17+00:00,0.785
2026-09-12 09:42:16+00:00,0.785
2026-09-12 09:43:16+00:00,0.785
2026-09-12 09:44:16+00:00,0.785
2026-09-12 09:45:13+00:00,0.785
2026-09-12 09:46:12+00:00,0.785
2026-09-12 09:47:17+00:00,0.785
2026-09-12 09:48:16+00:00,0.785
2026-09-12 09:49:16+00:00,0.785
2026-09-12 09:50:35+00:00,0.785
2026-09-12 09:51:30+00:00,0.785
2026-09-12 09:52:16+00:00,0.785
2026-09-12 09:53:13+00:00,0.785
2026-09-12 09:54:16+00:00,0.785
2026-09-12 09:55:17+00:00,0.785
2026-09-12 09:56:16+00:00,0.785
2026-09-12 09:57:12+00:00,0.785
2026-09-12 09:58:27+00:00,0.785
2026-09-12 09:59:17+00:00,0.785
2026-09-12 10:00:18+00:00,0.785
2026-09-12 10:01:18+00:00,0.785
2026-09-12 10:02:16+00:00,0.785
2026-09-12 10:03:30+00:00,0.785
2026-09-12 10:04:29+00:00,0.785
2026-09-12 10:05:15+00:00,0.785
2026-09-12 10:06:13+00:00,0.785
2026-09-12 10:07:12+00:00,0.785
2026-09-12 10:08:18+00:00,0.785
2026-09-12 10:09:17+00:00,0.785
2026-09-12 10:10:14+00:00,0.785
2026-09-12 10:11:32+00:00,0.785
2026-09-12 10:12:26+00:00,0.785
2026-09-12 10:13:27+00:00,0.785
2026-09-12 10:14:17+00:00,0.785
2026-09-12 10:15:18+00:00,0.785
2026-09-12 10:16:30+00:00,0.785
2026-09-12 10:17:27+00:00,0.785
2026-09-12 10:18:16+00:00,0.785
2026-09-12 10:19:16+00:00,0.785
2026-09-12 10:20:20+00:00,0.785
2026-09-12 10:21:32+00:00,0.785
2026-09-12 10:22:16+00:00,0.785
2026-09-12 10:23:17+00:00,0.785
2026-09-12 10:24:16+00:00,0.785
2026-09-12 10:25:17+00:00,0.785
2026-09-12 10:26:16+00:00,0.785
2026-09-12 10:27:12+00:00,0.785
2026-09-12 10:28:12+00:00,0.785
2026-09-12 10:29:30+00:00,0.785
2026-09-12 10:30:21+00:00,0.785
2026-09-12 10:31:16+00:00,0.785
2026-09-12 10:32:13+00:00,0.785
2026-09-12 10:33:17+00:00,0.785
2026-09-12 10:34:18+00:00,0.785
2026-09-12 10:35:18+00:00,0.785
2026-09-12 10:36:31+00:00,0.785
2026-09-12 10:37:12+00:00,0.785
2026-09-12 10:38:17+00:00,0.785
2026-09-12 10:39:17+00:00,0.785
2026-09-12 10:40:15+00:00,0.785
2026-09-12 10:41:30+00:00,0.785
2026-09-12 10:42:12+00:00,0.785
2026-09-12 10:43:12+00:00,0.785
2026-09-12 10:44:17+00:00,0.785
2026-09-12 10:45:13+00:00,0.785
2026-09-12 10:46:17+00:00,0.785
2026-09-12 10:47:17+00:00,0.785
2026-09-12 10:48:12+00:00,0.785
2026-09-12 10:49:30+00:00,0.785
2026-09-12 10:50:25+00:00,0.785
2026-09-12 10:51:16+00:00,0.785
2026-09-12 10:52:12+00:00,0.785
2026-09-12 10:53:16+00:00,0.785
2026-09-12 10:54:16+00:00,0.785
2026-09-12 10:55:32+00:00,0.785
2026-09-12 10:56:27+00:00,0.785
2026-09-12 10:57:16+00:00,0.785
2026-09-12 10:58:13+00:00,0.785
2026-09-12 10:59:31+00:00,0.785
2026-09-12 11:00:20+00:00,0.785
2026-09-12 11:01:17+00:00,0.785
2026-09-12 11:02:20+00:00,0.785
2026-09-12 11:03:18+00:00,0.785
2026-09-12 11:04:16+00:00,0.785
2026-09-12 11:05:15+00:00,0.785
2026-09-12 11:06:12+00:00,0.785
2026-09-12 11:07:26+00:00,0.785
2026-09-12 11:08:17+00:00,0.785
2026-09-12 11:09:17+00:00,0.785
2026-09-12 11:10:13+00:00,0.785
2026-09-12 11:11:16+00:00,0.785
2026-09-12 11:12:26+00:00,0.785
2026-09-12 11:13:17+00:00,0.785
2026-09-12 11:14:18+00:00,0.785
2026-09-12 11:15:44+00:00,0.785
2026-09-12 11:16:13+00:00,0.785
2026-09-12 11:17:12+00:00,0.785
2026-09-12 11:18:13+00:00,0.785
2026-09-12 11:19:17+00:00,0.785
2026-09-12 11:20:17+00:00,0.785
2026-09-12 11:21:16+00:00,0.785
2026-09-12 11:22:16+00:00,0.785
2026-09-12 11:23:16+00:00,0.785
2026-09-12 11:24:19+00:00,0.785
2026-09-12 11:25:19+00:00,0.785
2026-09-12 11:26:13+00:00,0.785
2026-09-12 11:27:13+00:00,0.785
2026-09-12 11:28:18+00:00,0.785
2026-09-12 11:29:23+00:00,0.785
2026-09-12 11:30:32+00:00,0.785
2026-09-12 11:31:17+00:00,0.785
2026-09-12 11:32:16+00:00,0.785
2026-09-12 11:33:17+00:00,0.785
2026-09-12 11:34:17+00:00,0.785
2026-09-12 11:35:13+00:00,0.785
2026-09-12 11:36:24+00:00,0.785
2026-09-12 11:37:13+00:00,0.785
2026-09-12 11:38:12+00:00,0.785
2026-09-12 11:39:16+00:00,0.785
2026-09-12 11:40:19+00:00,0.785
2026-09-12 11:41:16+00:00,0.785
2026-09-12 11:42:16+00:00,0.785
2026-09-12 11:43:17+00:00,0.785
2026-09-12 11:44:16+00:00,0.785
2026-09-12 11:45:18+00:00,0.785
2026-09-12 11:46:18+00:00,0.785
2026-09-12 11:47:12+00:00,0.785
2026-09-12 11:48:13+00:00,0.785
2026-09-12 11:49:29+00:00,0.785
2026-09-12 11:50:15+00:00,0.785
2026-09-12 11:51:17+00:00,0.785
2026-09-12 11:52:16+00:00,0.785
2026-09-12 11:53:16+00:00,0.785
2026-09-12 11:54:16+00:00,0.785
2026-09-12 11:55:13+00:00,0.785
2026-09-12 11:56:16+00:00,0.785
2026-09-12 11:57:12+00:00,0.785
2026-09-12 11:58:16+00:00,0.785
2026-09-12 11:59:17+00:00,0.785
2026-09-12 12:00:25+00:00,0.785
2026-09-12 12:01:15+00:00,0.785
2026-09-12 12:02:16+00:00,0.785
2026-09-12 12:03:11+00:00,0.785
2026-09-12 12:04:15+00:00,0.785
2026-09-12 12:05:15+00:00,0.785
2026-09-12 12:06:15+00:00,0.785
2026-09-12 12:07:15+00:00,0.785
2026-09-12 12:08:29+00:00,0.785
2026-09-12 12:09:15+00:00,0.785
2026-09-12 12:10:16+00:00,0.785
2026-09-12 12:11:15+00:00,0.785
2026-09-12 12:12:16+00:00,0.785
2026-09-12 12:13:15+00:00,0.785
2026-09-12 12:14:31+00:00,0.785
2026-09-12 12:15:17+00:00,0.785
2026-09-12 12:16:11+00:00,0.785
2026-09-12 12:17:16+00:00,0.785
2026-09-12 12:18:12+00:00,0.785
2026-09-12 12:19:15+00:00,0.785
2026-09-12 12:20:31+00:00,0.785
2026-09-12 12:21:17+00:00,0.785
2026-09-12 12:22:15+00:00,0.785
2026-09-12 12:23:16+00:00,0.785
2026-09-12 12:24:16+00:00,0.785
2026-09-12 12:25:16+00:00,0.785
2026-09-12 12:26:12+00:00,0.785
2026-09-12 12:27:12+00:00,0.785
2026-09-12 12:28:18+00:00,0.785
2026-09-12 12:29:16+00:00,0.785
2026-09-12 12:30:14+00:00,0.785
2026-09-12 12:31:16+00:00,0.785
2026-09-12 12:32:18+00:00,0.785
2026-09-12 12:33:16+00:00,0.785
2026-09-12 12:34:16+00:00,0.785
2026-09-12 12:35:16+00:00,0.785
2026-09-12 12:36:19+00:00,0.785
2026-09-12 12:37:29+00:00,0.785
2026-09-12 12:38:16+00:00,0.785
2026-09-12 12:39:16+00:00,0.785
2026-09-12 12:40:17+00:00,0.785
2026-09-12 12:41:16+00:00,0.785
2026-09-12 12:42:16+00:00,0.785
2026-09-12 12:43:16+00:00,0.785
2026-09-12 12:44:16+00:00,0.785
2026-09-12 12:45:17+00:00,0.785
2026-09-12 12:46:16+00:00,0.785
2026-09-12 12:47:11+00:00,0.785
2026-09-12 12:48:28+00:00,0.785
2026-09-12 12:49:20+00:00,0.785
2026-09-12 12:50:17+00:00,0.785
2026-09-12 12:51:12+00:00,0.785
2026-09-12 12:52:16+00:00,0.785
2026-09-12 12:53:15+00:00,0.785
2026-09-12 12:54:16+00:00,0.785
2026-09-12 12:55:32+00:00,0.785
2026-09-12 12:56:16+00:00,0.785
2026-09-12 12:57:11+00:00,0.785
2026-09-12 12:58:13+00:00,0.785
2026-09-12 12:59:16+00:00,0.785
2026-09-12 13:00:19+00:00,0.785
2026-09-12 13:01:17+00:00,0.785
2026-09-12 13:02:21+00:00,0.785
2026-09-12 13:03:16+00:00,0.785
2026-09-12 13:04:15+00:00,0.785
2026-09-12 13:05:16+00:00,0.785
2026-09-12 13:06:16+00:00,0.785
2026-09-12 13:07:16+00:00,0.785
2026-09-12 13:08:16+00:00,0.785
2026-09-12 13:09:16+00:00,0.785
2026-09-12 13:10:30+00:00,0.785
2026-09-12 13:11:16+00:00,0.785
2026-09-12 13:12:32+00:00,0.785
2026-09-12 13:13:12+00:00,0.785
2026-09-12 13:14:16+00:00,0.785
2026-09-12 13:15:22+00:00,0.785
2026-09-12 13:16:16+00:00,0.785
2026-09-12 13:17:24+00:00,0.785
2026-09-12 13:18:13+00:00,0.785
2026-09-12 13:19:30+00:00,0.785
2026-09-12 13:20:18+00:00,0.785
2026-09-12 13:21:12+00:00,0.785
2026-09-12 13:22:16+00:00,0.785
2026-09-12 13:23:16+00:00,0.785
2026-09-12 13:24:24+00:00,0.785
2026-09-12 13:25:27+00:00,0.785
2026-09-12 13:26:17+00:00,0.785
2026-09-12 13:27:29+00:00,0.785
2026-09-12 13:28:17+00:00,0.785
2026-09-12 13:29:17+00:00,0.785
2026-09-12 13:30:19+00:00,0.785
2026-09-12 13:31:16+00:00,0.785
2026-09-12 13:32:16+00:00,0.785
2026-09-12 13:33:16+00:00,0.785
2026-09-12 13:34:16+00:00,0.785
2026-09-12 13:35:13+00:00,0.785
2026-09-12 13:36:13+00:00,0.785
2026-09-12 13:37:18+00:00,0.785
2026-09-12 13:38:16+00:00,0.785
2026-09-12 13:39:16+00:00,0.785
2026-09-12 13:40:17+00:00,0.785
2026-09-12 13:41:12+00:00,0.785
2026-09-12 13:42:12+00:00,0.785
2026-09-12 13:43:16+00:00,0.785
2026-09-12 13:44:16+00:00,0.785
2026-09-12 13:45:17+00:00,0.785
2026-09-12 13:46:13+00:00,0.785
2026-09-12 13:47:12+00:00,0.785
2026-09-12 13:48:12+00:00,0.785
2026-09-12 13:49:16+00:00,0.785
2026-09-12 13:50:39+00:00,0.785
2026-09-12 13:51:16+00:00,0.785
2026-09-12 13:52:16+00:00,0.785
2026-09-12 13:53:12+00:00,0.785
2026-09-12 13:54:16+00:00,0.785
2026-09-12 13:55:17+00:00,0.785
2026-09-12 13:56:16+00:00,0.785
2026-09-12 13:57:12+00:00,0.785
2026-09-12 13:58:13+00:00,0.785
2026-09-12 13:59:16+00:00,0.785
2026-09-12 14:00:19+00:00,0.785
2026-09-12 14:01:16+00:00,0.785
2026-09-12 14:02:16+00:00,0.785
2026-09-12 14:03:20+00:00,0.785
2026-09-12 14:04:17+00:00,0.785
2026-09-12 14:05:17+00:00,0.785
2026-09-12 14:06:16+00:00,0.785
2026-09-12 14:07:16+00:00,0.785
2026-09-12 14:08:16+00:00,0.785
2026-09-12 14:09:16+00:00,0.785
2026-09-12 14:10:18+00:00,0.785
2026-09-12 14:11:16+00:00,0.785
2026-09-12 14:12:16+00:00,0.785
2026-09-12 14:13:16+00:00,0.785
2026-09-12 14:14:16+00:00,0.785
2026-09-12 14:15:16+00:00,0.785
2026-09-12 14:16:25+00:00,0.785
2026-09-12 14:17:16+00:00,0.785
2026-09-12 14:18:16+00:00,0.785
2026-09-12 14:19:16+00:00,0.785
2026-09-12 14:20:17+00:00,0.785
2026-09-12 14:21:16+00:00,0.785
2026-09-12 14:22:12+00:00,0.785
2026-09-12 14:23:16+00:00,0.785
2026-09-12 14:24:17+00:00,0.785
2026-09-12 14:25:20+00:00,0.785
2026-09-12 14:26:16+00:00,0.785
2026-09-12 14:27:16+00:00,0.785
2026-09-12 14:28:12+00:00,0.785
2026-09-12 14:29:26+00:00,0.785
2026-09-12 14:30:18+00:00,0.785
2026-09-12 14:31:16+00:00,0.785
2026-09-12 14:32:16+00:00,0.785
2026-09-12 14:33:12+00:00,0.785
2026-09-12 14:34:16+00:00,0.785
2026-09-12 14:35:13+00:00,0.785
2026-09-12 14:36:18+00:00,0.785
2026-09-12 14:37:17+00:00,0.785
2026-09-12 14:38:18+00:00,0.785
2026-09-12 14:39:16+00:00,0.785
2026-09-12 14:40:18+00:00,0.785
2026-09-12 14:41:16+00:00,0.785
2026-09-12 14:42:13+00:00,0.785
2026-09-12 14:43:17+00:00,0.785
2026-09-12 14:44:17+00:00,0.785
2026-09-12 14:45:17+00:00,0.785
2026-09-12 14:46:17+00:00,0.785
2026-09-12 14:47:16+00:00,0.785
2026-09-12 14:48:16+00:00,0.785
2026-09-12 14:49:40+00:00,0.785
2026-09-12 14:50:18+00:00,0.785
2026-09-12 14:51:16+00:00,0.785
2026-09-12 14:52:12+00:00,0.785
2026-09-12 14:53:13+00:00,0.785
2026-09-12 14:54:17+00:00,0.785
2026-09-12 14:55:17+00:00,0.785
2026-09-12 14:56:17+00:00,0.785
2026-09-12 14:57:17+00:00,0.785
2026-09-12 14:58:16+00:00,0.785
2026-09-12 14:59:18+00:00,0.785
2026-09-12 15:00:20+00:00,0.785
2026-09-12 15:01:17+00:00,0.785
2026-09-12 15:02:28+00:00,0.785
2026-09-12 15:03:12+00:00,0.785
2026-09-12 15:04:18+00:00,0.785
2026-09-12 15:05:17+00:00,0.785
2026-09-12 15:06:16+00:00,0.785
2026-09-12 15:07:16+00:00,0.785
2026-09-12 15:08:17+00:00,0.785
2026-09-12 15:09:17+00:00,0.785
2026-09-12 15:10:17+00:00,0.785
2026-09-12 15:11:17+00:00,0.785
2026-09-12 15:12:16+00:00,0.785
2026-09-12 15:13:16+00:00,0.785
2026-09-12 15:14:16+00:00,0.785
2026-09-12 15:15:31+00:00,0.785
2026-09-12 15:16:12+00:00,0.785
2026-09-12 15:17:17+00:00,0.785
2026-09-12 15:18:17+00:00,0.785
2026-09-12 15:19:16+00:00,0.785
2026-09-12 15:20:18+00:00,0.785
2026-09-12 15:21:17+00:00,0.785
2026-09-12 15:22:17+00:00,0.785
2026-09-12 15:23:17+00:00,0.785
2026-09-12 15:24:17+00:00,0.785
2026-09-12 15:25:17+00:00,0.785
2026-09-12 15:26:16+00:00,0.785
2026-09-12 15:27:17+00:00,0.785
2026-09-12 15:28:28+00:00,0.785
2026-09-12 15:29:16+00:00,0.785
2026-09-12 15:30:20+00:00,0.785
2026-09-12 15:31:12+00:00,0.785
2026-09-12 15:32:17+00:00,0.785
2026-09-12 15:33:17+00:00,0.785
2026-09-12 15:34:16+00:00,0.785
2026-09-12 15:35:17+00:00,0.785
2026-09-12 15:36:17+00:00,0.785
2026-09-12 15:37:29+00:00,0.785
2026-09-12 15:38:16+00:00,0.785
2026-09-12 15:39:16+00:00,0.785
2026-09-12 15:40:18+00:00,0.785
2026-09-12 15:41:18+00:00,0.785
2026-09-12 15:42:16+00:00,0.785
2026-09-12 15:43:16+00:00,0.785
2026-09-12 15:44:16+00:00,0.785
2026-09-12 15:45:18+00:00,0.785
2026-09-12 15:46:16+00:00,0.785
2026-09-12 15:47:16+00:00,0.785
2026-09-12 15:48:16+00:00,0.785
2026-09-12 15:49:16+00:00,0.785
2026-09-12 15:50:31+00:00,0.785
2026-09-12 15:51:17+00:00,0.785
2026-09-12 15:52:16+00:00,0.785
2026-09-12 15:53:16+00:00,0.785
2026-09-12 15:54:17+00:00,0.785
2026-09-12 15:55:17+00:00,0.785
2026-09-12 15:56:17+00:00,0.785
2026-09-12 15:57:17+00:00,0.785
2026-09-12 15:58:16+00:00,0.785
2026-09-12 15:59:17+00:00,0.785
2026-09-12 16:00:20+00:00,0.785
2026-09-12 16:01:17+00:00,0.785
2026-09-12 16:02:12+00:00,0.785
2026-09-12 16:03:26+00:00,0.785
2026-09-12 16:04:17+00:00,0.785
2026-09-12 16:05:18+00:00,0.785
2026-09-12 16:06:12+00:00,0.785
2026-09-12 16:07:12+00:00,0.785
2026-09-12 16:08:16+00:00,0.785
2026-09-12 16:09:17+00:00,0.785
2026-09-12 16:10:17+00:00,0.785
2026-09-12 16:11:18+00:00,0.785
2026-09-12 16:12:16+00:00,0.785
2026-09-12 16:13:12+00:00,0.785
2026-09-12 16:14:16+00:00,0.785
2026-09-12 16:15:17+00:00,0.785
2026-09-12 16:16:30+00:00,0.785
2026-09-12 16:17:16+00:00,0.785
2026-09-12 16:18:17+00:00,0.785
2026-09-12 16:19:16+00:00,0.785
2026-09-12 16:20:18+00:00,0.785
2026-09-12 16:21:17+00:00,0.785
2026-09-12 16:22:17+00:00,0.785
2026-09-12 16:23:17+00:00,0.785
2026-09-12 16:24:17+00:00,0.785
2026-09-12 16:25:17+00:00,0.785
2026-09-12 16:26:28+00:00,0.785
2026-09-12 16:27:16+00:00,0.785
2026-09-12 16:28:16+00:00,0.785
2026-09-12 16:29:31+00:00,0.785
2026-09-12 16:30:20+00:00,0.785
2026-09-12 16:31:17+00:00,0.785
2026-09-12 16:32:17+00:00,0.785
2026-09-12 16:33:16+00:00,0.785
2026-09-12 16:34:14+00:00,0.785
2026-09-12 16:35:17+00:00,0.785
2026-09-12 16:36:31+00:00,0.785
2026-09-12 16:37:16+00:00,0.785
2026-09-12 16:38:16+00:00,0.785
2026-09-12 16:39:16+00:00,0.785
2026-09-12 16:40:18+00:00,0.785
2026-09-12 16:41:17+00:00,0.785
2026-09-12 16:42:16+00:00,0.785
2026-09-12 16:43:17+00:00,0.785
2026-09-12 16:44:16+00:00,0.785
2026-09-12 16:45:17+00:00,0.785
2026-09-12 16:46:16+00:00,0.785
2026-09-12 16:47:16+00:00,0.785
2026-09-12 16:48:17+00:00,0.785
2026-09-12 16:49:29+00:00,0.785
2026-09-12 16:50:25+00:00,0.785
2026-09-12 16:51:16+00:00,0.785
2026-09-12 16:52:16+00:00,0.785
2026-09-12 16:53:17+00:00,0.785
2026-09-12 16:54:16+00:00,0.785
2026-09-12 16:55:18+00:00,0.785
2026-09-12 16:56:17+00:00,0.785
2026-09-12 16:57:30+00:00,0.785
2026-09-12 16:58:16+00:00,0.785
2026-09-12 16:59:18+00:00,0.785
2026-09-12 17:00:19+00:00,0.785
2026-09-12 17:01:16+00:00,0.785
2026-09-12 17:02:28+00:00,0.785
2026-09-12 17:03:17+00:00,0.785
2026-09-12 17:04:17+00:00,0.785
2026-09-12 17:05:18+00:00,0.785
2026-09-12 17:06:16+00:00,0.785
2026-09-12 17:07:16+00:00,0.785
2026-09-12 17:08:17+00:00,0.785
2026-09-12 17:09:16+00:00,0.785
2026-09-12 17:10:17+00:00,0.785
2026-09-12 17:11:17+00:00,0.785
2026-09-12 17:12:17+00:00,0.785
2026-09-12 17:13:17+00:00,0.785
2026-09-12 17:14:17+00:00,0.785
2026-09-12 17:15:31+00:00,0.785
2026-09-12 17:16:17+00:00,0.785
2026-09-12 17:17:16+00:00,0.785
2026-09-12 17:18:16+00:00,0.785
2026-09-12 17:19:16+00:00,0.785
2026-09-12 17:20:17+00:00,0.785
2026-09-12 17:21:17+00:00,0.785
2026-09-12 17:22:16+00:00,0.785
2026-09-12 17:23:17+00:00,0.785
2026-09-12 17:24:18+00:00,0.785
2026-09-12 17:25:19+00:00,0.785
2026-09-12 17:26:17+00:00,0.785
2026-09-12 17:27:16+00:00,0.785
2026-09-12 17:28:27+00:00,0.785
2026-09-12 17:29:17+00:00,0.785
2026-09-12 17:30:20+00:00,0.785
2026-09-12 17:31:16+00:00,0.785
2026-09-12 17:32:16+00:00,0.785
2026-09-12 17:33:16+00:00,0.785
2026-09-12 17:34:16+00:00,0.785
2026-09-12 17:35:17+00:00,0.785
2026-09-12 17:36:17+00:00,0.785
2026-09-12 17:37:40+00:00,0.785
2026-09-12 17:38:16+00:00,0.785
2026-09-12 17:39:16+00:00,0.785
2026-09-12 17:40:19+00:00,0.785
2026-09-12 17:41:16+00:00,0.785
2026-09-12 17:42:16+00:00,0.785
2026-09-12 17:43:16+00:00,0.785
2026-09-12 17:44:16+00:00,0.785
2026-09-12 17:45:17+00:00,0.785
2026-09-12 17:46:16+00:00,0.785
2026-09-12 17:47:16+00:00,0.785
2026-09-12 17:48:16+00:00,0.785
2026-09-12 17:49:16+00:00,0.785
2026-09-12 17:50:30+00:00,0.785
2026-09-12 17:51:16+00:00,0.785
2026-09-12 17:52:17+00:00,0.785
2026-09-12 17:53:16+00:00,0.785
2026-09-12 17:54:16+00:00,0.785
2026-09-12 17:55:17+00:00,0.785
2026-09-12 17:56:17+00:00,0.785
2026-09-12 17:57:16+00:00,0.785
2026-09-12 17:58:16+00:00,0.785
2026-09-12 17:59:17+00:00,0.785
2026-09-12 18:00:23+00:00,0.785
2026-09-12 18:01:15+00:00,0.785
2026-09-12 18:02:14+00:00,0.785
2026-09-12 18:03:15+00:00,0.785
2026-09-12 18:04:16+00:00,0.785
2026-09-12 18:05:12+00:00,0.785
2026-09-12 18:06:15+00:00,0.785
2026-09-12 18:07:11+00:00,0.785
2026-09-12 18:08:11+00:00,0.785
2026-09-12 18:09:15+00:00,0.785
2026-09-12 18:10:16+00:00,0.785
2026-09-12 18:11:15+00:00,0.785
2026-09-12 18:12:15+00:00,0.785
2026-09-12 18:13:15+00:00,0.785
2026-09-12 18:14:15+00:00,0.785
2026-09-12 18:15:16+00:00,0.785
2026-09-12 18:16:17+00:00,0.785
2026-09-12 18:17:11+00:00,0.785
2026-09-12 18:18:15+00:00,0.785
2026-09-12 18:19:15+00:00,0.785
2026-09-12 18:20:17+00:00,0.785
2026-09-12 18:21:15+00:00,0.785
2026-09-12 18:22:15+00:00,0.785
2026-09-12 18:23:16+00:00,0.785
2026-09-12 18:24:15+00:00,0.785
2026-09-12 18:25:16+00:00,0.785
2026-09-12 18:26:15+00:00,0.785
2026-09-12 18:27:15+00:00,0.785
2026-09-12 18:28:16+00:00,0.785
2026-09-12 18:29:17+00:00,0.785
2026-09-12 18:30:19+00:00,0.785
2026-09-12 18:31:15+00:00,0.785
2026-09-12 18:32:16+00:00,0.785
2026-09-12 18:33:15+00:00,0.785
2026-09-12 18:34:15+00:00,0.785
2026-09-12 18:35:31+00:00,0.785
2026-09-12 18:36:15+00:00,0.785
2026-09-12 18:37:18+00:00,0.785
2026-09-12 18:38:15+00:00,0.785
2026-09-12 18:39:15+00:00,0.785
2026-09-12 18:40:17+00:00,0.785
2026-09-12 18:41:16+00:00,0.785
2026-09-12 18:42:15+00:00,0.785
2026-09-12 18:43:15+00:00,0.785
2026-09-12 18:44:15+00:00,0.785
2026-09-12 18:45:16+00:00,0.785
2026-09-12 18:46:15+00:00,0.785
2026-09-12 18:47:15+00:00,0.785
2026-09-12 18:48:12+00:00,0.785
2026-09-12 18:49:16+00:00,0.785
2026-09-12 18:50:20+00:00,0.785
2026-09-12 18:51:16+00:00,0.785
2026-09-12 18:52:15+00:00,0.785
2026-09-12 18:53:15+00:00,0.785
2026-09-12 18:54:15+00:00,0.785
2026-09-12 18:55:13+00:00,0.785
2026-09-12 18:56:15+00:00,0.785
2026-09-12 18:57:15+00:00,0.785
2026-09-12 18:58:17+00:00,0.785
2026-09-12 18:59:16+00:00,0.785
2026-09-12 19:00:18+00:00,0.785
2026-09-12 19:01:16+00:00,0.785
2026-09-12 19:02:15+00:00,0.785
2026-09-12 19:03:20+00:00,0.785
2026-09-12 19:04:16+00:00,0.785
2026-09-12 19:05:17+00:00,0.785
2026-09-12 19:06:15+00:00,0.785
2026-09-12 19:07:15+00:00,0.785
2026-09-12 19:08:16+00:00,0.785
2026-09-12 19:09:16+00:00,0.785
2026-09-12 19:10:17+00:00,0.785
2026-09-12 19:11:16+00:00,0.785
2026-09-12 19:12:17+00:00,0.785
2026-09-12 19:13:15+00:00,0.785
2026-09-12 19:14:15+00:00,0.785
2026-09-12 19:15:17+00:00,0.785
2026-09-12 19:16:21+00:00,0.785
2026-09-12 19:17:15+00:00,0.785
2026-09-12 19:18:15+00:00,0.785
2026-09-12 19:19:16+00:00,0.785
2026-09-12 19:20:17+00:00,0.785
2026-09-12 19:21:15+00:00,0.785
2026-09-12 19:22:15+00:00,0.785
2026-09-12 19:23:16+00:00,0.785
2026-09-12 19:24:15+00:00,0.785
2026-09-12 19:25:28+00:00,0.785
2026-09-12 19:26:15+00:00,0.785
2026-09-12 19:27:16+00:00,0.785
2026-09-12 19:28:16+00:00,0.785
2026-09-12 19:29:22+00:00,0.785
2026-09-12 19:30:18+00:00,0.785
2026-09-12 19:31:15+00:00,0.785
2026-09-12 19:32:15+00:00,0.785
2026-09-12 19:33:15+00:00,0.785
2026-09-12 19:34:16+00:00,0.785
2026-09-12 19:35:16+00:00,0.785
2026-09-12 19:36:36+00:00,0.785
2026-09-12 19:37:15+00:00,0.785
2026-09-12 19:38:15+00:00,0.785
2026-09-12 19:39:16+00:00,0.785
2026-09-12 19:40:18+00:00,0.785
2026-09-12 19:41:16+00:00,0.785
2026-09-12 19:42:16+00:00,0.785
2026-09-12 19:43:16+00:00,0.785
2026-09-12 19:44:15+00:00,0.785
2026-09-12 19:45:16+00:00,0.785
2026-09-12 19:46:17+00:00,0.785
2026-09-12 19:47:16+00:00,0.785
2026-09-12 19:48:12+00:00,0.785
2026-09-12 19:49:22+00:00,0.785
2026-09-12 19:50:19+00:00,0.785
2026-09-12 19:51:15+00:00,0.785
2026-09-12 19:52:27+00:00,0.785
2026-09-12 19:53:12+00:00,0.785
2026-09-12 19:54:16+00:00,0.785
2026-09-12 19:55:16+00:00,0.785
2026-09-12 19:56:15+00:00,0.785
2026-09-12 19:57:15+00:00,0.785
2026-09-12 19:58:16+00:00,0.785
2026-09-12 19:59:16+00:00,0.785
2026-09-12 20:00:18+00:00,0.785
2026-09-12 20:01:16+00:00,0.785
2026-09-12 20:02:23+00:00,0.785
2026-09-12 20:03:12+00:00,0.785
2026-09-12 20:04:15+00:00,0.785
2026-09-12 20:05:18+00:00,0.785
2026-09-12 20:06:15+00:00,0.785
2026-09-12 20:07:15+00:00,0.785
2026-09-12 20:08:16+00:00,0.785
2026-09-12 20:09:15+00:00,0.785
2026-09-12 20:10:17+00:00,0.785
2026-09-12 20:11:15+00:00,0.785
2026-09-12 20:12:15+00:00,0.785
2026-09-12 20:13:16+00:00,0.785
2026-09-12 20:14:15+00:00,0.785
2026-09-12 20:15:26+00:00,0.785
2026-09-12 20:16:17+00:00,0.785
2026-09-12 20:17:15+00:00,0.785
2026-09-12 20:18:15+00:00,0.785
2026-09-12 20:19:15+00:00,0.785
2026-09-12 20:20:16+00:00,0.785
2026-09-12 20:21:16+00:00,0.785
2026-09-12 20:22:15+00:00,0.785
2026-09-12 20:23:16+00:00,0.785
2026-09-12 20:24:26+00:00,0.785
2026-09-12 20:25:19+00:00,0.785
2026-09-12 20:26:16+00:00,0.785
2026-09-12 20:27:15+00:00,0.785
2026-09-12 20:28:24+00:00,0.785
2026-09-12 20:29:11+00:00,0.785
2026-09-12 20:30:19+00:00,0.785
2026-09-12 20:31:16+00:00,0.785
2026-09-12 20:32:15+00:00,0.785
2026-09-12 20:33:17+00:00,0.785
2026-09-12 20:34:12+00:00,0.785
2026-09-12 20:35:12+00:00,0.785
2026-09-12 20:36:15+00:00,0.785
2026-09-12 20:37:25+00:00,0.785
2026-09-12 20:38:15+00:00,0.785
2026-09-12 20:39:15+00:00,0.785
2026-09-12 20:40:17+00:00,0.785
2026-09-12 20:41:15+00:00,0.785
2026-09-12 20:42:16+00:00,0.785
2026-09-12 20:43:15+00:00,0.785
2026-09-12 20:44:16+00:00,0.785
2026-09-12 20:45:16+00:00,0.785
2026-09-12 20:46:15+00:00,0.785
2026-09-12 20:47:15+00:00,0.785
2026-09-12 20:48:17+00:00,0.785
2026-09-12 20:49:17+00:00,0.785
2026-09-12 20:50:28+00:00,0.785
2026-09-12 20:51:15+00:00,0.785
2026-09-12 20:52:16+00:00,0.785
2026-09-12 20:53:15+00:00,0.785
2026-09-12 20:54:15+00:00,0.785
2026-09-12 20:55:16+00:00,0.785
2026-09-12 20:56:15+00:00,0.785
2026-09-12 20:57:15+00:00,0.785
2026-09-12 20:58:16+00:00,0.785
2026-09-12 20:59:17+00:00,0.785
2026-09-12 21:00:20+00:00,0.785
2026-09-12 21:01:16+00:00,0.785
2026-09-12 21:02:16+00:00,0.785
2026-09-12 21:03:27+00:00,0.785
2026-09-12 21:04:16+00:00,0.785
2026-09-12 21:05:18+00:00,0.785
2026-09-12 21:06:16+00:00,0.785
2026-09-12 21:07:32+00:00,0.785
2026-09-12 21:08:28+00:00,0.785
2026-09-12 21:09:16+00:00,0.785
2026-09-12 21:10:28+00:00,0.785
2026-09-12 21:11:16+00:00,0.785
2026-09-12 21:12:12+00:00,0.785
2026-09-12 21:13:16+00:00,0.785
2026-09-12 21:14:15+00:00,0.785
2026-09-12 21:15:17+00:00,0.785
2026-09-12 21:16:27+00:00,0.785
2026-09-12 21:17:15+00:00,0.785
2026-09-12 21:18:15+00:00,0.785
2026-09-12 21:19:16+00:00,0.785
2026-09-12 21:20:15+00:00,0.785
2026-09-12 21:21:16+00:00,0.785
2026-09-12 21:22:16+00:00,0.785
2026-09-12 21:23:16+00:00,0.785
2026-09-12 21:24:16+00:00,0.785
2026-09-12 21:25:16+00:00,0.785
2026-09-12 21:26:16+00:00,0.785
2026-09-12 21:27:15+00:00,0.785
2026-09-12 21:28:17+00:00,0.785
2026-09-12 21:29:27+00:00,0.785
2026-09-12 21:30:20+00:00,0.785
2026-09-12 21:31:17+00:00,0.785
2026-09-12 21:32:16+00:00,0.785
2026-09-12 21:33:15+00:00,0.785
2026-09-12 21:34:12+00:00,0.785
2026-09-12 21:35:16+00:00,0.785
2026-09-12 21:36:12+00:00,0.785
2026-09-12 21:37:24+00:00,0.785
2026-09-12 21:38:16+00:00,0.785
2026-09-12 21:39:16+00:00,0.785
2026-09-12 21:40:33+00:00,0.785
2026-09-12 21:41:17+00:00,0.785
2026-09-12 21:42:17+00:00,0.785
2026-09-12 21:43:17+00:00,0.785
2026-09-12 21:44:16+00:00,0.785
2026-09-12 21:45:17+00:00,0.785
2026-09-12 21:46:17+00:00,0.785
2026-09-12 21:47:17+00:00,0.785
2026-09-12 21:48:29+00:00,0.785
2026-09-12 21:49:14+00:00,0.785
2026-09-12 21:50:32+00:00,0.785
2026-09-12 21:51:16+00:00,0.785
2026-09-12 21:52:16+00:00,0.785
2026-09-12 21:53:16+00:00,0.785
2026-09-12 21:54:18+00:00,0.785
2026-09-12 21:55:16+00:00,0.785
2026-09-12 21:56:17+00:00,0.785
2026-09-12 21:57:17+00:00,0.785
2026-09-12 21:58:17+00:00,0.785
2026-09-12 21:59:16+00:00,0.785
2026-09-12 22:00:32+00:00,0.785
2026-09-12 22:01:18+00:00,0.785
2026-09-12 22:02:15+00:00,0.785
2026-09-12 22:03:28+00:00,0.785
2026-09-12 22:04:15+00:00,0.785
2026-09-12 22:05:18+00:00,0.785
2026-09-12 22:06:15+00:00,0.785
2026-09-12 22:07:15+00:00,0.785
2026-09-12 22:08:16+00:00,0.785
2026-09-12 22:09:16+00:00,0.785
2026-09-12 22:10:16+00:00,0.785
2026-09-12 22:11:23+00:00,0.785
2026-09-12 22:12:16+00:00,0.785
2026-09-12 22:13:15+00:00,0.785
2026-09-12 22:14:15+00:00,0.785
2026-09-12 22:15:17+00:00,0.785
2026-09-12 22:16:28+00:00,0.785
2026-09-12 22:17:15+00:00,0.785
2026-09-12 22:18:15+00:00,0.785
2026-09-12 22:19:12+00:00,0.785
2026-09-12 22:20:18+00:00,0.785
2026-09-12 22:21:15+00:00,0.785
2026-09-12 22:22:15+00:00,0.785
2026-09-12 22:23:16+00:00,0.785
2026-09-12 22:24:16+00:00,0.785
2026-09-12 22:25:16+00:00,0.785
2026-09-12 22:26:15+00:00,0.785
2026-09-12 22:27:15+00:00,0.785
2026-09-12 22:28:11+00:00,0.785
2026-09-12 22:29:29+00:00,0.785
2026-09-12 22:30:19+00:00,0.785
2026-09-12 22:31:16+00:00,0.785
2026-09-12 22:32:15+00:00,0.785
2026-09-12 22:33:16+00:00,0.785
2026-09-12 22:34:16+00:00,0.785
2026-09-12 22:35:32+00:00,0.785
2026-09-12 22:36:30+00:00,0.785
2026-09-12 22:37:16+00:00,0.785
2026-09-12 22:38:31+00:00,0.785
2026-09-12 22:39:31+00:00,0.785
2026-09-12 22:40:18+00:00,0.785
2026-09-12 22:41:16+00:00,0.785
2026-09-12 22:42:16+00:00,0.785
2026-09-12 22:43:15+00:00,0.785
2026-09-12 22:44:15+00:00,0.785
2026-09-12 22:45:16+00:00,0.785
2026-09-12 22:46:15+00:00,0.785
2026-09-12 22:47:16+00:00,0.785
2026-09-12 22:48:15+00:00,0.785
2026-09-12 22:49:24+00:00,0.785
2026-09-12 22:50:23+00:00,0.785
2026-09-12 22:51:16+00:00,0.785
2026-09-12 22:52:16+00:00,0.785
2026-09-12 22:53:15+00:00,0.785
2026-09-12 22:54:15+00:00,0.785
2026-09-12 22:55:16+00:00,0.785
2026-09-12 22:56:15+00:00,0.785
2026-09-12 22:57:15+00:00,0.785
2026-09-12 22:58:11+00:00,0.785
2026-09-12 22:59:16+00:00,0.785
2026-09-12 23:00:18+00:00,0.785
2026-09-12 23:01:16+00:00,0.785
2026-09-12 23:02:26+00:00,0.785
2026-09-12 23:03:15+00:00,0.785
2026-09-12 23:04:15+00:00,0.785
2026-09-12 23:05:19+00:00,0.785
2026-09-12 23:06:15+00:00,0.785
2026-09-12 23:07:16+00:00,0.785
2026-09-12 23:08:16+00:00,0.785
2026-09-12 23:09:16+00:00,0.785
2026-09-12 23:10:17+00:00,0.785
2026-09-12 23:11:16+00:00,0.785
2026-09-12 23:12:27+00:00,0.785
2026-09-12 23:13:16+00:00,0.785
2026-09-12 23:14:13+00:00,0.785
2026-09-12 23:15:42+00:00,0.785
2026-09-12 23:16:16+00:00,0.785
2026-09-12 23:17:15+00:00,0.785
2026-09-12 23:18:15+00:00,0.785
2026-09-12 23:19:16+00:00,0.785
2026-09-12 23:20:16+00:00,0.785
2026-09-12 23:21:16+00:00,0.785
2026-09-12 23:22:15+00:00,0.785
2026-09-12 23:23:16+00:00,0.785
2026-09-12 23:24:17+00:00,0.785
2026-09-12 23:25:18+00:00,0.785
2026-09-12 23:26:15+00:00,0.785
2026-09-12 23:27:16+00:00,0.785
2026-09-12 23:28:38+00:00,0.785
2026-09-12 23:29:16+00:00,0.785
2026-09-12 23:30:21+00:00,0.785
2026-09-12 23:31:15+00:00,0.785
2026-09-12 23:32:16+00:00,0.785
2026-09-12 23:33:16+00:00,0.785
2026-09-12 23:34:12+00:00,0.785
2026-09-12 23:35:17+00:00,0.785
2026-09-12 23:36:15+00:00,0.785
2026-09-12 23:37:38+00:00,0.785
2026-09-12 23:38:15+00:00,0.785
2026-09-12 23:39:16+00:00,0.785
2026-09-12 23:40:18+00:00,0.785
2026-09-12 23:41:12+00:00,0.785
2026-09-12 23:42:15+00:00,0.785
2026-09-12 23:43:31+00:00,0.785
2026-09-12 23:44:15+00:00,0.785
2026-09-12 23:45:16+00:00,0.785
2026-09-12 23:46:15+00:00,0.785
2026-09-12 23:47:15+00:00,0.785
2026-09-12 23:48:16+00:00,0.785
2026-09-12 23:49:15+00:00,0.785
2026-09-12 23:50:29+00:00,0.785
2026-09-12 23:51:15+00:00,0.785
2026-09-12 23:52:16+00:00,0.785
2026-09-12 23:53:15+00:00,0.785
2026-09-12 23:54:15+00:00,0.785
2026-09-12 23:55:15+00:00,0.785
2026-09-12 23:56:16+00:00,0.785
2026-09-12 23:57:15+00:00,0.785
2026-09-12 23:58:15+00:00,0.785
2026-09-12 23:59:20+00:00,0.785
2026-09-13 00:00:22+00:00,0.785
2026-09-13 00:01:15+00:00,0.785
2026-09-13 00:02:15+00:00,0.785
2026-09-13 00:03:15+00:00,0.785
2026-09-13 00:04:14+00:00,0.785
2026-09-13 00:05:15+00:00,0.785
2026-09-13 00:06:15+00:00,0.785
2026-09-13 00:07:14+00:00,0.785
2026-09-13 00:08:14+00:00,0.785
2026-09-13 00:09:15+00:00,0.785
2026-09-13 00:10:15+00:00,0.785
2026-09-13 00:11:14+00:00,0.785
2026-09-13 00:12:29+00:00,0.785
2026-09-13 00:13:14+00:00,0.785
2026-09-13 00:14:14+00:00,0.785
2026-09-13 00:15:16+00:00,0.785
2026-09-13 00:16:16+00:00,0.785
2026-09-13 00:17:15+00:00,0.785
2026-09-13 00:18:26+00:00,0.785
2026-09-13 00:19:15+00:00,0.785
2026-09-13 00:20:16+00:00,0.785
2026-09-13 00:21:15+00:00,0.785
2026-09-13 00:22:15+00:00,0.785
2026-09-13 00:23:14+00:00,0.785
2026-09-13 00:24:15+00:00,0.785
2026-09-13 00:25:15+00:00,0.785
2026-09-13 00:26:14+00:00,0.785
2026-09-13 00:27:15+00:00,0.785
2026-09-13 00:28:14+00:00,0.785
2026-09-13 00:29:28+00:00,0.785
2026-09-13 00:30:17+00:00,0.785
2026-09-13 00:31:14+00:00,0.785
2026-09-13 00:32:15+00:00,0.785
2026-09-13 00:33:15+00:00,0.785
2026-09-13 00:34:14+00:00,0.785
2026-09-13 00:35:15+00:00,0.785
2026-09-13 00:36:33+00:00,0.785
2026-09-13 00:37:15+00:00,0.785
2026-09-13 00:38:14+00:00,0.785
2026-09-13 00:39:14+00:00,0.785
2026-09-13 00:40:15+00:00,0.785
2026-09-13 00:41:15+00:00,0.785
2026-09-13 00:42:14+00:00,0.785
2026-09-13 00:43:14+00:00,0.785
2026-09-13 00:44:14+00:00,0.785
2026-09-13 00:45:15+00:00,0.785
2026-09-13 00:46:14+00:00,0.785
2026-09-13 00:47:14+00:00,0.785
2026-09-13 00:48:15+00:00,0.785
2026-09-13 00:49:17+00:00,0.785
2026-09-13 00:50:13+00:00,0.785
2026-09-13 00:51:15+00:00,0.785
2026-09-13 00:52:29+00:00,0.785
2026-09-13 00:53:15+00:00,0.785
2026-09-13 00:54:14+00:00,0.785
2026-09-13 00:55:15+00:00,0.785
2026-09-13 00:56:15+00:00,0.785
2026-09-13 00:57:15+00:00,0.785
2026-09-13 00:58:31+00:00,0.785
2026-09-13 00:59:14+00:00,0.785
2026-09-13 01:00:18+00:00,0.785
2026-09-13 01:01:14+00:00,0.785
2026-09-13 01:02:18+00:00,0.785
2026-09-13 01:03:11+00:00,0.785
2026-09-13 01:04:14+00:00,0.785
2026-09-13 01:05:16+00:00,0.785
2026-09-13 01:06:15+00:00,0.785
2026-09-13 01:07:14+00:00,0.785
2026-09-13 01:08:14+00:00,0.785
2026-09-13 01:09:14+00:00,0.785
2026-09-13 01:10:15+00:00,0.785
2026-09-13 01:11:15+00:00,0.785
2026-09-13 01:12:16+00:00,0.785
2026-09-13 01:13:28+00:00,0.785
2026-09-13 01:14:11+00:00,0.785
2026-09-13 01:15:21+00:00,0.785
2026-09-13 01:16:14+00:00,0.785
2026-09-13 01:17:14+00:00,0.785
2026-09-13 01:18:15+00:00,0.785
2026-09-13 01:19:15+00:00,0.785
2026-09-13 01:20:11+00:00,0.785
2026-09-13 01:21:11+00:00,0.785
2026-09-13 01:22:15+00:00,0.785
2026-09-13 01:23:29+00:00,0.785
2026-09-13 01:24:14+00:00,0.785
2026-09-13 01:25:16+00:00,0.785
2026-09-13 01:26:15+00:00,0.785
2026-09-13 01:27:15+00:00,0.785
2026-09-13 01:28:33+00:00,0.785
2026-09-13 01:29:15+00:00,0.785
2026-09-13 01:30:17+00:00,0.785
2026-09-13 01:31:15+00:00,0.785
2026-09-13 01:32:15+00:00,0.785
2026-09-13 01:33:15+00:00,0.785
2026-09-13 01:34:15+00:00,0.785
2026-09-13 01:35:15+00:00,0.785
2026-09-13 01:36:22+00:00,0.785
2026-09-13 01:37:14+00:00,0.785
2026-09-13 01:38:15+00:00,0.785
2026-09-13 01:39:11+00:00,0.785
2026-09-13 01:40:16+00:00,0.785
2026-09-13 01:41:15+00:00,0.785
2026-09-13 01:42:15+00:00,0.785
2026-09-13 01:43:14+00:00,0.785
2026-09-13 01:44:14+00:00,0.785
2026-09-13 01:45:15+00:00,0.785
2026-09-13 01:46:17+00:00,0.785
2026-09-13 01:47:14+00:00,0.785
2026-09-13 01:48:15+00:00,0.785
2026-09-13 01:49:20+00:00,0.785
2026-09-13 01:50:31+00:00,0.785
2026-09-13 01:51:15+00:00,0.785
2026-09-13 01:52:14+00:00,0.785
2026-09-13 01:53:15+00:00,0.785
2026-09-13 01:54:15+00:00,0.785
2026-09-13 01:55:15+00:00,0.785
2026-09-13 01:56:28+00:00,0.785
2026-09-13 01:57:16+00:00,0.785
2026-09-13 01:58:14+00:00,0.785
2026-09-13 01:59:14+00:00,0.785
2026-09-13 02:00:17+00:00,0.785
2026-09-13 02:01:15+00:00,0.785
2026-09-13 02:02:22+00:00,0.785
2026-09-13 02:03:15+00:00,0.785
2026-09-13 02:04:15+00:00,0.785
2026-09-13 02:05:15+00:00,0.785
2026-09-13 02:06:15+00:00,0.785
2026-09-13 02:07:10+00:00,0.785
2026-09-13 02:08:14+00:00,0.785
2026-09-13 02:09:14+00:00,0.785
2026-09-13 02:10:17+00:00,0.785
2026-09-13 02:11:14+00:00,0.785
2026-09-13 02:12:14+00:00,0.785
2026-09-13 02:13:15+00:00,0.785
2026-09-13 02:14:27+00:00,0.785
2026-09-13 02:15:23+00:00,0.785
2026-09-13 02:16:28+00:00,0.785
2026-09-13 02:17:14+00:00,0.785
2026-09-13 02:18:15+00:00,0.785
2026-09-13 02:19:14+00:00,0.785
2026-09-13 02:20:16+00:00,0.785
2026-09-13 02:21:14+00:00,0.785
2026-09-13 02:22:15+00:00,0.785
2026-09-13 02:23:14+00:00,0.785
2026-09-13 02:24:11+00:00,0.785
2026-09-13 02:25:17+00:00,0.785
2026-09-13 02:26:15+00:00,0.785
2026-09-13 02:27:15+00:00,0.785
2026-09-13 02:28:23+00:00,0.785
2026-09-13 02:29:15+00:00,0.785
2026-09-13 02:30:18+00:00,0.785
2026-09-13 02:31:15+00:00,0.785
2026-09-13 02:32:15+00:00,0.785
2026-09-13 02:33:15+00:00,0.785
2026-09-13 02:34:30+00:00,0.785
2026-09-13 02:35:16+00:00,0.785
2026-09-13 02:36:17+00:00,0.785
2026-09-13 02:37:33+00:00,0.785
2026-09-13 02:38:12+00:00,0.785
2026-09-13 02:39:15+00:00,0.785
2026-09-13 02:40:12+00:00,0.785
2026-09-13 02:41:11+00:00,0.785
2026-09-13 02:42:14+00:00,0.785
2026-09-13 02:43:15+00:00,0.785
2026-09-13 02:44:28+00:00,0.785
2026-09-13 02:45:15+00:00,0.785
2026-09-13 02:46:27+00:00,0.785
2026-09-13 02:47:15+00:00,0.785
2026-09-13 02:48:14+00:00,0.785
2026-09-13 02:49:17+00:00,0.785
2026-09-13 02:50:24+00:00,0.785
2026-09-13 02:51:14+00:00,0.785
2026-09-13 02:52:15+00:00,0.785
2026-09-13 02:53:15+00:00,0.785
2026-09-13 02:54:30+00:00,0.785
2026-09-13 02:55:15+00:00,0.785
2026-09-13 02:56:15+00:00,0.785
2026-09-13 02:57:12+00:00,0.785
2026-09-13 02:58:15+00:00,0.785
2026-09-13 02:59:13+00:00,0.785
2026-09-13 03:00:23+00:00,0.785
2026-09-13 03:01:15+00:00,0.785
2026-09-13 03:02:15+00:00,0.785
2026-09-13 03:03:25+00:00,0.785
2026-09-13 03:04:15+00:00,0.785
2026-09-13 03:05:16+00:00,0.785
2026-09-13 03:06:14+00:00,0.785
2026-09-13 03:07:15+00:00,0.785
2026-09-13 03:08:14+00:00,0.785
2026-09-13 03:09:15+00:00,0.785
2026-09-13 03:10:16+00:00,0.785
2026-09-13 03:11:28+00:00,0.785
2026-09-13 03:12:16+00:00,0.785
2026-09-13 03:13:15+00:00,0.785
2026-09-13 03:14:15+00:00,0.785
2026-09-13 03:15:12+00:00,0.785
2026-09-13 03:16:25+00:00,0.785
2026-09-13 03:17:15+00:00,0.785
2026-09-13 03:18:11+00:00,0.785
2026-09-13 03:19:25+00:00,0.785
2026-09-13 03:20:16+00:00,0.785
2026-09-13 03:21:27+00:00,0.785
2026-09-13 03:22:11+00:00,0.785
2026-09-13 03:23:15+00:00,0.785
2026-09-13 03:24:15+00:00,0.785
2026-09-13 03:25:15+00:00,0.785
2026-09-13 03:26:15+00:00,0.785
2026-09-13 03:27:16+00:00,0.785
2026-09-13 03:28:15+00:00,0.785
2026-09-13 03:29:25+00:00,0.785
2026-09-13 03:30:17+00:00,0.785
2026-09-13 03:31:15+00:00,0.785
2026-09-13 03:32:14+00:00,0.785
2026-09-13 03:33:15+00:00,0.785
2026-09-13 03:34:15+00:00,0.785
2026-09-13 03:35:15+00:00,0.785
2026-09-13 03:36:27+00:00,0.785
2026-09-13 03:37:15+00:00,0.785
2026-09-13 03:38:15+00:00,0.785
2026-09-13 03:39:14+00:00,0.785
2026-09-13 03:40:15+00:00,0.785
2026-09-13 03:41:14+00:00,0.785
2026-09-13 03:42:15+00:00,0.785
2026-09-13 03:43:14+00:00,0.785
2026-09-13 03:44:14+00:00,0.785
2026-09-13 03:45:15+00:00,0.785
2026-09-13 03:46:14+00:00,0.785
2026-09-13 03:47:14+00:00,0.785
2026-09-13 03:48:14+00:00,0.785
2026-09-13 03:49:27+00:00,0.785
2026-09-13 03:50:15+00:00,0.785
2026-09-13 03:51:15+00:00,0.785
2026-09-13 03:52:15+00:00,0.785
2026-09-13 03:53:15+00:00,0.785
2026-09-13 03:54:14+00:00,0.785
2026-09-13 03:55:23+00:00,0.785
2026-09-13 03:56:14+00:00,0.785
2026-09-13 03:57:15+00:00,0.785
2026-09-13 03:58:15+00:00,0.785
2026-09-13 03:59:15+00:00,0.785
2026-09-13 04:00:58+00:00,0.785
2026-09-13 04:01:14+00:00,0.785
2026-09-13 04:02:27+00:00,0.785
2026-09-13 04:03:15+00:00,0.785
2026-09-13 04:04:15+00:00,0.785
2026-09-13 04:05:13+00:00,0.785
2026-09-13 04:06:15+00:00,0.785
2026-09-13 04:07:15+00:00,0.785
2026-09-13 04:08:15+00:00,0.785
2026-09-13 04:09:16+00:00,0.785
2026-09-13 04:10:16+00:00,0.785
2026-09-13 04:11:16+00:00,0.785
2026-09-13 04:12:16+00:00,0.785
2026-09-13 04:13:15+00:00,0.785
2026-09-13 04:14:15+00:00,0.785
2026-09-13 04:15:27+00:00,0.785
2026-09-13 04:16:14+00:00,0.785
2026-09-13 04:17:15+00:00,0.785
2026-09-13 04:18:14+00:00,0.785
2026-09-13 04:19:11+00:00,0.785
2026-09-13 04:20:17+00:00,0.785
2026-09-13 04:21:15+00:00,0.785
2026-09-13 04:22:15+00:00,0.785
2026-09-13 04:23:15+00:00,0.785
2026-09-13 04:24:15+00:00,0.785
2026-09-13 04:25:16+00:00,0.785
2026-09-13 04:26:15+00:00,0.785
2026-09-13 04:27:15+00:00,0.785
2026-09-13 04:28:27+00:00,0.785
2026-09-13 04:29:14+00:00,0.785
2026-09-13 04:30:18+00:00,0.785
2026-09-13 04:31:15+00:00,0.785
2026-09-13 04:32:15+00:00,0.785
2026-09-13 04:33:15+00:00,0.785
2026-09-13 04:34:13+00:00,0.785
2026-09-13 04:35:16+00:00,0.785
2026-09-13 04:36:15+00:00,0.785
2026-09-13 04:37:23+00:00,0.785
2026-09-13 04:38:15+00:00,0.785
2026-09-13 04:39:12+00:00,0.785
2026-09-13 04:40:15+00:00,0.785
2026-09-13 04:41:14+00:00,0.785
2026-09-13 04:42:15+00:00,0.785
2026-09-13 04:43:15+00:00,0.785
2026-09-13 04:44:15+00:00,0.785
2026-09-13 04:45:15+00:00,0.785
2026-09-13 04:46:14+00:00,0.785
2026-09-13 04:47:14+00:00,0.785
2026-09-13 04:48:15+00:00,0.785
2026-09-13 04:49:15+00:00,0.785
2026-09-13 04:50:35+00:00,0.785
2026-09-13 04:51:14+00:00,0.785
2026-09-13 04:52:14+00:00,0.785
2026-09-13 04:53:15+00:00,0.785
2026-09-13 04:54:15+00:00,0.785
2026-09-13 04:55:15+00:00,0.785
2026-09-13 04:56:14+00:00,0.785
2026-09-13 04:57:15+00:00,0.785
2026-09-13 04:58:14+00:00,0.785
2026-09-13 04:59:16+00:00,0.785
2026-09-13 05:00:21+00:00,0.785
2026-09-13 05:01:15+00:00,0.785
2026-09-13 05:02:14+00:00,0.785
2026-09-13 05:03:38+00:00,0.785
2026-09-13 05:04:15+00:00,0.785
2026-09-13 05:05:16+00:00,0.785
2026-09-13 05:06:14+00:00,0.785
2026-09-13 05:07:15+00:00,0.785
2026-09-13 05:08:15+00:00,0.785
2026-09-13 05:09:15+00:00,0.785
2026-09-13 05:10:34+00:00,0.785
2026-09-13 05:11:14+00:00,0.785
2026-09-13 05:12:14+00:00,0.785
2026-09-13 05:13:15+00:00,0.785
2026-09-13 05:14:15+00:00,0.785
2026-09-13 05:15:16+00:00,0.785
2026-09-13 05:16:24+00:00,0.785
2026-09-13 05:17:14+00:00,0.785
2026-09-13 05:18:15+00:00,0.785
2026-09-13 05:19:14+00:00,0.785
2026-09-13 05:20:16+00:00,0.785
2026-09-13 05:21:29+00:00,0.785
2026-09-13 05:22:15+00:00,0.785
2026-09-13 05:23:14+00:00,0.785
2026-09-13 05:24:15+00:00,0.785
2026-09-13 05:25:16+00:00,0.785
2026-09-13 05:26:14+00:00,0.785
2026-09-13 05:27:14+00:00,0.785
2026-09-13 05:28:15+00:00,0.785
2026-09-13 05:29:24+00:00,0.785
2026-09-13 05:30:18+00:00,0.785
2026-09-13 05:31:15+00:00,0.785
2026-09-13 05:32:15+00:00,0.785
2026-09-13 05:33:14+00:00,0.785
2026-09-13 05:34:14+00:00,0.785
2026-09-13 05:35:15+00:00,0.785
2026-09-13 05:36:25+00:00,0.785
2026-09-13 05:37:24+00:00,0.785
2026-09-13 05:38:15+00:00,0.785
2026-09-13 05:39:14+00:00,0.785
2026-09-13 05:40:17+00:00,0.785
2026-09-13 05:41:15+00:00,0.785
2026-09-13 05:42:29+00:00,0.785
2026-09-13 05:43:14+00:00,0.785
2026-09-13 05:44:15+00:00,0.785
2026-09-13 05:45:15+00:00,0.785
2026-09-13 05:46:15+00:00,0.785
2026-09-13 05:47:14+00:00,0.785
2026-09-13 05:48:14+00:00,0.785
2026-09-13 05:49:24+00:00,0.785
2026-09-13 05:50:17+00:00,0.785
2026-09-13 05:51:14+00:00,0.785
2026-09-13 05:52:15+00:00,0.785
2026-09-13 05:53:14+00:00,0.785
2026-09-13 05:54:14+00:00,0.785
2026-09-13 05:55:15+00:00,0.785
2026-09-13 05:56:14+00:00,0.785
2026-09-13 05:57:15+00:00,0.785
2026-09-13 05:58:14+00:00,0.785
2026-09-13 05:59:14+00:00,0.785
2026-09-13 06:00:21+00:00,0.785
2026-09-13 06:01:13+00:00,0.785
2026-09-13 06:02:14+00:00,0.785
2026-09-13 06:03:13+00:00,0.785
2026-09-13 06:04:13+00:00,0.785
2026-09-13 06:05:28+00:00,0.785
2026-09-13 06:06:13+00:00,0.785
2026-09-13 06:07:13+00:00,0.785
2026-09-13 06:08:14+00:00,0.785
2026-09-13 06:09:13+00:00,0.785
2026-09-13 06:10:16+00:00,0.785
2026-09-13 06:11:09+00:00,0.785
2026-09-13 06:12:14+00:00,0.785
2026-09-13 06:13:13+00:00,0.785
2026-09-13 06:14:14+00:00,0.785
2026-09-13 06:15:17+00:00,0.785
2026-09-13 06:16:13+00:00,0.785
2026-09-13 06:17:14+00:00,0.785
2026-09-13 06:18:14+00:00,0.785
2026-09-13 06:19:13+00:00,0.785
2026-09-13 06:20:14+00:00,0.785
2026-09-13 06:21:13+00:00,0.785
2026-09-13 06:22:13+00:00,0.785
2026-09-13 06:23:13+00:00,0.785
2026-09-13 06:24:14+00:00,0.785
2026-09-13 06:25:14+00:00,0.785
2026-09-13 06:26:14+00:00,0.785
2026-09-13 06:27:14+00:00,0.785
2026-09-13 06:28:14+00:00,0.785
2026-09-13 06:29:14+00:00,0.785
2026-09-13 06:30:17+00:00,0.785
2026-09-13 06:31:14+00:00,0.785
2026-09-13 06:32:15+00:00,0.785
2026-09-13 06:33:14+00:00,0.785
2026-09-13 06:34:15+00:00,0.785
2026-09-13 06:35:16+00:00,0.785
2026-09-13 06:36:16+00:00,0.785
2026-09-13 06:37:13+00:00,0.785
2026-09-13 06:38:14+00:00,0.785
2026-09-13 06:39:14+00:00,0.785
2026-09-13 06:40:15+00:00,0.785
2026-09-13 06:41:14+00:00,0.785
2026-09-13 06:42:14+00:00,0.785
2026-09-13 06:43:14+00:00,0.785
2026-09-13 06:44:14+00:00,0.785
2026-09-13 06:45:14+00:00,0.785
2026-09-13 06:46:14+00:00,0.785
2026-09-13 06:47:28+00:00,0.785
2026-09-13 06:48:14+00:00,0.785
2026-09-13 06:49:17+00:00,0.785
2026-09-13 06:50:16+00:00,0.785
2026-09-13 06:51:13+00:00,0.785
2026-09-13 06:52:13+00:00,0.785
2026-09-13 06:53:13+00:00,0.785
2026-09-13 06:54:15+00:00,0.785
2026-09-13 06:55:15+00:00,0.785
2026-09-13 06:56:13+00:00,0.785
2026-09-13 06:57:28+00:00,0.785
2026-09-13 06:58:15+00:00,0.785
2026-09-13 06:59:14+00:00,0.785
2026-09-13 07:00:19+00:00,0.785
2026-09-13 07:01:14+00:00,0.785
2026-09-13 07:02:17+00:00,0.785
2026-09-13 07:03:14+00:00,0.785
2026-09-13 07:04:13+00:00,0.785
2026-09-13 07:05:16+00:00,0.785
2026-09-13 07:06:14+00:00,0.785
2026-09-13 07:07:14+00:00,0.785
2026-09-13 07:08:14+00:00,0.785
2026-09-13 07:09:14+00:00,0.785
2026-09-13 07:10:11+00:00,0.785
2026-09-13 07:11:14+00:00,0.785
2026-09-13 07:12:16+00:00,0.785
2026-09-13 07:13:14+00:00,0.785
2026-09-13 07:14:13+00:00,0.785
2026-09-13 07:15:20+00:00,0.785
2026-09-13 07:16:14+00:00,0.785
2026-09-13 07:17:14+00:00,0.785
2026-09-13 07:18:26+00:00,0.785
2026-09-13 07:19:13+00:00,0.785
2026-09-13 07:20:16+00:00,0.785
2026-09-13 07:21:28+00:00,0.785
2026-09-13 07:22:13+00:00,0.785
2026-09-13 07:23:14+00:00,0.785
2026-09-13 07:24:13+00:00,0.785
2026-09-13 07:25:15+00:00,0.785
2026-09-13 07:26:28+00:00,0.785
2026-09-13 07:27:14+00:00,0.785
2026-09-13 07:28:20+00:00,0.785
2026-09-13 07:29:14+00:00,0.785
2026-09-13 07:30:18+00:00,0.785
2026-09-13 07:31:13+00:00,0.785
2026-09-13 07:32:14+00:00,0.785
2026-09-13 07:33:29+00:00,0.785
2026-09-13 07:34:15+00:00,0.785
2026-09-13 07:35:15+00:00,0.785
2026-09-13 07:36:20+00:00,0.785
2026-09-13 07:37:14+00:00,0.785
2026-09-13 07:38:25+00:00,0.785
2026-09-13 07:39:14+00:00,0.785
2026-09-13 07:40:16+00:00,0.785
2026-09-13 07:41:13+00:00,0.785
2026-09-13 07:42:14+00:00,0.785
2026-09-13 07:43:14+00:00,0.785
2026-09-13 07:44:14+00:00,0.785
2026-09-13 07:45:16+00:00,0.785
2026-09-13 07:46:15+00:00,0.785
2026-09-13 07:47:13+00:00,0.785
2026-09-13 07:48:14+00:00,0.785
2026-09-13 07:49:21+00:00,0.785
2026-09-13 07:50:15+00:00,0.785
2026-09-13 07:51:13+00:00,0.785
2026-09-13 07:52:14+00:00,0.785
2026-09-13 07:53:14+00:00,0.785
2026-09-13 07:54:14+00:00,0.785
2026-09-13 07:55:14+00:00,0.785
2026-09-13 07:56:14+00:00,0.785
2026-09-13 07:57:14+00:00,0.785
2026-09-13 07:58:14+00:00,0.785
2026-09-13 07:59:26+00:00,0.785
2026-09-13 08:00:17+00:00,0.785
2026-09-13 08:01:14+00:00,0.785
2026-09-13 08:02:21+00:00,0.785
2026-09-13 08:03:14+00:00,0.785
2026-09-13 08:04:14+00:00,0.785
2026-09-13 08:05:27+00:00,0.785
2026-09-13 08:06:14+00:00,0.785
2026-09-13 08:07:14+00:00,0.785
2026-09-13 08:08:15+00:00,0.785
2026-09-13 08:09:14+00:00,0.785
2026-09-13 08:10:16+00:00,0.785
2026-09-13 08:11:14+00:00,0.785
2026-09-13 08:12:15+00:00,0.785
2026-09-13 08:13:14+00:00,0.785
2026-09-13 08:14:14+00:00,0.785
2026-09-13 08:15:22+00:00,0.785
2026-09-13 08:16:14+00:00,0.785
2026-09-13 08:17:15+00:00,0.785
2026-09-13 08:18:14+00:00,0.785
2026-09-13 08:19:14+00:00,0.785
2026-09-13 08:20:15+00:00,0.785
2026-09-13 08:21:14+00:00,0.785
2026-09-13 08:22:13+00:00,0.785
2026-09-13 08:23:14+00:00,0.785
2026-09-13 08:24:14+00:00,0.785
2026-09-13 08:25:17+00:00,0.785
2026-09-13 08:26:14+00:00,0.785
2026-09-13 08:27:14+00:00,0.785
2026-09-13 08:28:22+00:00,0.785
2026-09-13 08:29:14+00:00,0.785
2026-09-13 08:30:19+00:00,0.785
2026-09-13 08:31:14+00:00,0.785
2026-09-13 08:32:15+00:00,0.785
2026-09-13 08:33:13+00:00,0.785
2026-09-13 08:34:14+00:00,0.785
2026-09-13 08:35:15+00:00,0.785
2026-09-13 08:36:24+00:00,0.785
2026-09-13 08:37:14+00:00,0.785
2026-09-13 08:38:14+00:00,0.785
2026-09-13 08:39:14+00:00,0.785
2026-09-13 08:40:17+00:00,0.785
2026-09-13 08:41:14+00:00,0.785
2026-09-13 08:42:15+00:00,0.785
2026-09-13 08:43:14+00:00,0.785
2026-09-13 08:44:14+00:00,0.785
2026-09-13 08:45:15+00:00,0.785
2026-09-13 08:46:28+00:00,0.785
2026-09-13 08:47:14+00:00,0.785
2026-09-13 08:48:14+00:00,0.785
2026-09-13 08:49:24+00:00,0.785
2026-09-13 08:50:17+00:00,0.785
2026-09-13 08:51:15+00:00,0.785
2026-09-13 08:52:14+00:00,0.785
2026-09-13 08:53:14+00:00,0.785
2026-09-13 08:54:14+00:00,0.785
2026-09-13 08:55:15+00:00,0.785
2026-09-13 08:56:27+00:00,0.785
2026-09-13 08:57:14+00:00,0.785
2026-09-13 08:58:15+00:00,0.785
2026-09-13 08:59:29+00:00,0.785
2026-09-13 09:00:21+00:00,0.785
2026-09-13 09:01:15+00:00,0.785
2026-09-13 09:02:25+00:00,0.785
2026-09-13 09:03:14+00:00,0.785
2026-09-13 09:04:14+00:00,0.785
2026-09-13 09:05:16+00:00,0.785
2026-09-13 09:06:15+00:00,0.785
2026-09-13 09:07:14+00:00,0.785
2026-09-13 09:08:15+00:00,0.785
2026-09-13 09:09:14+00:00,0.785
2026-09-13 09:10:16+00:00,0.785
2026-09-13 09:11:14+00:00,0.785
2026-09-13 09:12:14+00:00,0.785
2026-09-13 09:13:14+00:00,0.785
2026-09-13 09:14:15+00:00,0.785
2026-09-13 09:15:26+00:00,0.785
2026-09-13 09:16:14+00:00,0.785
2026-09-13 09:17:14+00:00,0.785
2026-09-13 09:18:31+00:00,0.785
2026-09-13 09:19:14+00:00,0.785
2026-09-13 09:20:11+00:00,0.785
2026-09-13 09:21:14+00:00,0.785
2026-09-13 09:22:14+00:00,0.785
2026-09-13 09:23:14+00:00,0.785
2026-09-13 09:24:14+00:00,0.785
2026-09-13 09:25:15+00:00,0.785
2026-09-13 09:26:14+00:00,0.785
2026-09-13 09:27:14+00:00,0.785
2026-09-13 09:28:25+00:00,0.785
2026-09-13 09:29:14+00:00,0.785
2026-09-13 09:30:18+00:00,0.785
2026-09-13 09:31:14+00:00,0.785
2026-09-13 09:32:15+00:00,0.785
2026-09-13 09:33:14+00:00,0.785
2026-09-13 09:34:14+00:00,0.785
2026-09-13 09:35:15+00:00,0.785
2026-09-13 09:36:14+00:00,0.785
2026-09-13 09:37:25+00:00,0.785
2026-09-13 09:38:14+00:00,0.785
2026-09-13 09:39:14+00:00,0.785
2026-09-13 09:40:17+00:00,0.785
2026-09-13 09:41:14+00:00,0.785
2026-09-13 09:42:15+00:00,0.785
2026-09-13 09:43:25+00:00,0.785
2026-09-13 09:44:14+00:00,0.785
2026-09-13 09:45:14+00:00,0.785
2026-09-13 09:46:14+00:00,0.785
2026-09-13 09:47:14+00:00,0.785
2026-09-13 09:48:14+00:00,0.785
2026-09-13 09:49:14+00:00,0.785
2026-09-13 09:50:28+00:00,0.785
2026-09-13 09:51:14+00:00,0.785
2026-09-13 09:52:15+00:00,0.785
2026-09-13 09:53:26+00:00,0.785
2026-09-13 09:54:14+00:00,0.785
2026-09-13 09:55:15+00:00,0.785
2026-09-13 09:56:14+00:00,0.785
2026-09-13 09:57:14+00:00,0.785
2026-09-13 09:58:14+00:00,0.785
2026-09-13 09:59:14+00:00,0.785
2026-09-13 10:00:16+00:00,0.785
2026-09-13 10:01:16+00:00,0.785
2026-09-13 10:02:15+00:00,0.785
2026-09-13 10:03:26+00:00,0.785
2026-09-13 10:04:15+00:00,0.785
2026-09-13 10:05:17+00:00,0.785
2026-09-13 10:06:14+00:00,0.785
2026-09-13 10:07:14+00:00,0.785
2026-09-13 10:08:14+00:00,0.785
2026-09-13 10:09:15+00:00,0.785
2026-09-13 10:10:15+00:00,0.785
2026-09-13 10:11:16+00:00,0.785
2026-09-13 10:12:26+00:00,0.785
2026-09-13 10:13:14+00:00,0.785
2026-09-13 10:14:15+00:00,0.785
2026-09-13 10:15:15+00:00,0.785
2026-09-13 10:16:26+00:00,0.785
2026-09-13 10:17:30+00:00,0.785
2026-09-13 10:18:14+00:00,0.785
2026-09-13 10:19:15+00:00,0.785
2026-09-13 10:20:16+00:00,0.785
2026-09-13 10:21:15+00:00,0.785
2026-09-13 10:22:14+00:00,0.785
2026-09-13 10:23:14+00:00,0.785
2026-09-13 10:24:14+00:00,0.785
2026-09-13 10:25:15+00:00,0.785
2026-09-13 10:26:11+00:00,0.785
2026-09-13 10:27:14+00:00,0.785
2026-09-13 10:28:14+00:00,0.785
2026-09-13 10:29:26+00:00,0.785
2026-09-13 10:30:19+00:00,0.785
2026-09-13 10:31:14+00:00,0.785
2026-09-13 10:32:14+00:00,0.785
2026-09-13 10:33:11+00:00,0.785
2026-09-13 10:34:15+00:00,0.785
2026-09-13 10:35:15+00:00,0.785
2026-09-13 10:36:12+00:00,0.785
2026-09-13 10:37:26+00:00,0.785
2026-09-13 10:38:14+00:00,0.785
2026-09-13 10:39:15+00:00,0.785
2026-09-13 10:40:16+00:00,0.785
2026-09-13 10:41:15+00:00,0.785
2026-09-13 10:42:15+00:00,0.785
2026-09-13 10:43:14+00:00,0.785
2026-09-13 10:44:15+00:00,0.785
2026-09-13 10:45:12+00:00,0.785
2026-09-13 10:46:14+00:00,0.785
2026-09-13 10:47:15+00:00,0.785
2026-09-13 10:48:14+00:00,0.785
2026-09-13 10:49:14+00:00,0.785
2026-09-13 10:50:33+00:00,0.785
2026-09-13 10:51:16+00:00,0.785
2026-09-13 10:52:14+00:00,0.785
2026-09-13 10:53:14+00:00,0.785
2026-09-13 10:54:15+00:00,0.785
2026-09-13 10:55:15+00:00,0.785
2026-09-13 10:56:15+00:00,0.785
2026-09-13 10:57:11+00:00,0.785
2026-09-13 10:58:14+00:00,0.785
2026-09-13 10:59:16+00:00,0.785
2026-09-13 11:00:19+00:00,0.785
2026-09-13 11:01:14+00:00,0.785
2026-09-13 11:02:11+00:00,0.785
2026-09-13 11:03:25+00:00,0.785
2026-09-13 11:04:14+00:00,0.785
2026-09-13 11:05:17+00:00,0.785
2026-09-13 11:06:11+00:00,0.785
2026-09-13 11:07:15+00:00,0.785
2026-09-13 11:08:15+00:00,0.785
2026-09-13 11:09:15+00:00,0.785
2026-09-13 11:10:16+00:00,0.785
2026-09-13 11:11:14+00:00,0.785
2026-09-13 11:12:15+00:00,0.785
2026-09-13 11:13:11+00:00,0.785
2026-09-13 11:14:16+00:00,0.785
2026-09-13 11:15:13+00:00,0.785
2026-09-13 11:16:24+00:00,0.785
2026-09-13 11:17:14+00:00,0.785
2026-09-13 11:18:15+00:00,0.785
2026-09-13 11:19:14+00:00,0.785
2026-09-13 11:20:14+00:00,0.785
2026-09-13 11:21:14+00:00,0.785
2026-09-13 11:22:15+00:00,0.785
2026-09-13 11:23:15+00:00,0.785
2026-09-13 11:24:17+00:00,0.785
2026-09-13 11:25:16+00:00,0.785
2026-09-13 11:26:15+00:00,0.785
2026-09-13 11:27:11+00:00,0.785
2026-09-13 11:28:15+00:00,0.785
2026-09-13 11:29:24+00:00,0.785
2026-09-13 11:30:29+00:00,0.785
2026-09-13 11:31:14+00:00,0.785
2026-09-13 11:32:14+00:00,0.785
2026-09-13 11:33:15+00:00,0.785
2026-09-13 11:34:14+00:00,0.785
2026-09-13 11:35:16+00:00,0.785
2026-09-13 11:36:25+00:00,0.785
2026-09-13 11:37:11+00:00,0.785
2026-09-13 11:38:14+00:00,0.785
2026-09-13 11:39:15+00:00,0.785
2026-09-13 11:40:17+00:00,0.785
2026-09-13 11:41:14+00:00,0.785
2026-09-13 11:42:14+00:00,0.785
2026-09-13 11:43:15+00:00,0.785
2026-09-13 11:44:14+00:00,0.785
2026-09-13 11:45:15+00:00,0.785
2026-09-13 11:46:14+00:00,0.785
2026-09-13 11:47:14+00:00,0.785
2026-09-13 11:48:14+00:00,0.785
2026-09-13 11:49:26+00:00,0.785
2026-09-13 11:50:18+00:00,0.785
2026-09-13 11:51:15+00:00,0.785
2026-09-13 11:52:14+00:00,0.785
2026-09-13 11:53:15+00:00,0.785
2026-09-13 11:54:14+00:00,0.785
2026-09-13 11:55:16+00:00,0.785
2026-09-13 11:56:14+00:00,0.785
2026-09-13 11:57:12+00:00,0.785
2026-09-13 11:58:11+00:00,0.785
2026-09-13 11:59:15+00:00,0.785
2026-09-13 12:00:26+00:00,0.785
2026-09-13 12:01:14+00:00,0.785
2026-09-13 12:02:14+00:00,0.785
2026-09-13 12:03:14+00:00,0.785
2026-09-13 12:04:13+00:00,0.785
2026-09-13 12:05:14+00:00,0.785
2026-09-13 12:06:13+00:00,0.785
2026-09-13 12:07:10+00:00,0.785
2026-09-13 12:08:10+00:00,0.785
2026-09-13 12:09:14+00:00,0.785
2026-09-13 12:10:30+00:00,0.785
2026-09-13 12:11:15+00:00,0.785
2026-09-13 12:12:14+00:00,0.785
2026-09-13 12:13:10+00:00,0.785
2026-09-13 12:14:14+00:00,0.785
2026-09-13 12:15:16+00:00,0.785
2026-09-13 12:16:15+00:00,0.785
2026-09-13 12:17:11+00:00,0.785
2026-09-13 12:18:14+00:00,0.785
2026-09-13 12:19:14+00:00,0.785
2026-09-13 12:20:14+00:00,0.785
2026-09-13 12:21:15+00:00,0.785
2026-09-13 12:22:14+00:00,0.785
2026-09-13 12:23:24+00:00,0.785
2026-09-13 12:24:15+00:00,0.785
2026-09-13 12:25:14+00:00,0.785
2026-09-13 12:26:14+00:00,0.785
2026-09-13 12:27:10+00:00,0.785
2026-09-13 12:28:15+00:00,0.785
2026-09-13 12:29:14+00:00,0.785
2026-09-13 12:30:17+00:00,0.785
2026-09-13 12:31:14+00:00,0.785
2026-09-13 12:32:14+00:00,0.785
2026-09-13 12:33:10+00:00,0.785
2026-09-13 12:34:14+00:00,0.785
2026-09-13 12:35:15+00:00,0.785
2026-09-13 12:36:11+00:00,0.785
2026-09-13 12:37:16+00:00,0.785
2026-09-13 12:38:14+00:00,0.785
2026-09-13 12:39:13+00:00,0.785
2026-09-13 12:40:16+00:00,0.785
2026-09-13 12:41:14+00:00,0.785
2026-09-13 12:42:15+00:00,0.785
2026-09-13 12:43:15+00:00,0.785
2026-09-13 12:44:14+00:00,0.785
2026-09-13 12:45:16+00:00,0.785
2026-09-13 12:46:14+00:00,0.785
2026-09-13 12:47:11+00:00,0.785
2026-09-13 12:48:15+00:00,0.785
2026-09-13 12:49:15+00:00,0.785
2026-09-13 12:50:18+00:00,0.785
2026-09-13 12:51:15+00:00,0.785
2026-09-13 12:52:10+00:00,0.785
2026-09-13 12:53:14+00:00,0.785
2026-09-13 12:54:15+00:00,0.785
2026-09-13 12:55:15+00:00,0.785
2026-09-13 12:56:14+00:00,0.785
2026-09-13 12:57:14+00:00,0.785
2026-09-13 12:58:16+00:00,0.785
2026-09-13 12:59:14+00:00,0.785
2026-09-13 13:00:18+00:00,0.785
2026-09-13 13:01:14+00:00,0.785
2026-09-13 13:02:14+00:00,0.785
2026-09-13 13:03:14+00:00,0.785
2026-09-13 13:04:14+00:00,0.785
2026-09-13 13:05:11+00:00,0.785
2026-09-13 13:06:24+00:00,0.785
2026-09-13 13:07:10+00:00,0.785
2026-09-13 13:08:15+00:00,0.785
2026-09-13 13:09:15+00:00,0.785
2026-09-13 13:10:28+00:00,0.785
2026-09-13 13:11:14+00:00,0.785
2026-09-13 13:12:12+00:00,0.785
2026-09-13 13:13:10+00:00,0.785
2026-09-13 13:14:14+00:00,0.785
2026-09-13 13:15:11+00:00,0.785
2026-09-13 13:16:19+00:00,0.785
2026-09-13 13:17:10+00:00,0.785
2026-09-13 13:18:14+00:00,0.785
2026-09-13 13:19:13+00:00,0.785
2026-09-13 13:20:11+00:00,0.785
2026-09-13 13:21:14+00:00,0.785
2026-09-13 13:22:10+00:00,0.785
2026-09-13 13:23:11+00:00,0.785
2026-09-13 13:24:14+00:00,0.785
2026-09-13 13:25:15+00:00,0.785
2026-09-13 13:26:11+00:00,0.785
2026-09-13 13:27:10+00:00,0.785
2026-09-13 13:28:14+00:00,0.785
2026-09-13 13:29:18+00:00,0.785
2026-09-13 13:30:14+00:00,0.785
2026-09-13 13:31:11+00:00,0.785
2026-09-13 13:32:14+00:00,0.785
2026-09-13 13:33:11+00:00,0.785
2026-09-13 13:34:14+00:00,0.785
2026-09-13 13:35:11+00:00,0.785
2026-09-13 13:36:17+00:00,0.785
2026-09-13 13:37:11+00:00,0.785
2026-09-13 13:38:14+00:00,0.785
2026-09-13 13:39:14+00:00,0.785
2026-09-13 13:40:11+00:00,0.785
2026-09-13 13:41:14+00:00,0.785
2026-09-13 13:42:11+00:00,0.785
2026-09-13 13:43:10+00:00,0.785
2026-09-13 13:44:30+00:00,0.785
2026-09-13 13:45:11+00:00,0.785
2026-09-13 13:46:12+00:00,0.785
2026-09-13 13:47:10+00:00,0.785
2026-09-13 13:48:14+00:00,0.785
2026-09-13 13:49:19+00:00,0.785
2026-09-13 13:50:26+00:00,0.785
2026-09-13 13:51:15+00:00,0.785
2026-09-13 13:52:10+00:00,0.785
2026-09-13 13:53:15+00:00,0.785
2026-09-13 13:54:15+00:00,0.785
2026-09-13 13:55:11+00:00,0.785
2026-09-13 13:56:14+00:00,0.785
2026-09-13 13:57:15+00:00,0.785
2026-09-13 13:58:14+00:00,0.785
2026-09-13 13:59:14+00:00,0.785
2026-09-13 14:00:17+00:00,0.785
2026-09-13 14:01:14+00:00,0.785
2026-09-13 14:02:17+00:00,0.785
2026-09-13 14:03:11+00:00,0.785
2026-09-13 14:04:14+00:00,0.785
2026-09-13 14:05:11+00:00,0.785
2026-09-13 14:06:11+00:00,0.785
2026-09-13 14:07:11+00:00,0.785
2026-09-13 14:08:15+00:00,0.785
2026-09-13 14:09:14+00:00,0.785
2026-09-13 14:10:16+00:00,0.785
2026-09-13 14:11:27+00:00,0.785
2026-09-13 14:12:11+00:00,0.785
2026-09-13 14:13:11+00:00,0.785
2026-09-13 14:14:14+00:00,0.785
2026-09-13 14:15:24+00:00,0.785
2026-09-13 14:16:11+00:00,0.785
2026-09-13 14:17:11+00:00,0.785
2026-09-13 14:18:14+00:00,0.785
2026-09-13 14:19:15+00:00,0.785
2026-09-13 14:20:15+00:00,0.785
2026-09-13 14:21:11+00:00,0.785
2026-09-13 14:22:10+00:00,0.785
2026-09-13 14:23:10+00:00,0.785
2026-09-13 14:24:15+00:00,0.785
2026-09-13 14:25:17+00:00,0.785
2026-09-13 14:26:15+00:00,0.785
2026-09-13 14:27:11+00:00,0.785
2026-09-13 14:28:19+00:00,0.785
2026-09-13 14:29:14+00:00,0.785
2026-09-13 14:30:18+00:00,0.785
2026-09-13 14:31:14+00:00,0.785
2026-09-13 14:32:15+00:00,0.785
2026-09-13 14:33:11+00:00,0.785
2026-09-13 14:34:14+00:00,0.785
2026-09-13 14:35:11+00:00,0.785
2026-09-13 14:36:19+00:00,0.785
2026-09-13 14:37:11+00:00,0.785
2026-09-13 14:38:14+00:00,0.785
2026-09-13 14:39:14+00:00,0.785
2026-09-13 14:40:16+00:00,0.785
2026-09-13 14:41:25+00:00,0.785
2026-09-13 14:42:14+00:00,0.785
2026-09-13 14:43:14+00:00,0.785
2026-09-13 14:44:14+00:00,0.785
2026-09-13 14:45:12+00:00,0.785
2026-09-13 14:46:15+00:00,0.785
2026-09-13 14:47:14+00:00,0.785
2026-09-13 14:48:16+00:00,0.785
2026-09-13 14:49:24+00:00,0.785
2026-09-13 14:50:15+00:00,0.785
2026-09-13 14:51:14+00:00,0.785
2026-09-13 14:52:10+00:00,0.785
2026-09-13 14:53:26+00:00,0.785
2026-09-13 14:54:14+00:00,0.785
2026-09-13 14:55:15+00:00,0.785
2026-09-13 14:56:14+00:00,0.785
2026-09-13 14:57:11+00:00,0.785
2026-09-13 14:58:14+00:00,0.785
2026-09-13 14:59:16+00:00,0.785
2026-09-13 15:00:21+00:00,0.785
2026-09-13 15:01:15+00:00,0.785
2026-09-13 15:02:24+00:00,0.785
2026-09-13 15:03:15+00:00,0.785
2026-09-13 15:04:14+00:00,0.785
2026-09-13 15:05:15+00:00,0.785
2026-09-13 15:06:11+00:00,0.785
2026-09-13 15:07:14+00:00,0.785
2026-09-13 15:08:14+00:00,0.785
2026-09-13 15:09:14+00:00,0.785
2026-09-13 15:10:16+00:00,0.785
2026-09-13 15:11:14+00:00,0.785
2026-09-13 15:12:11+00:00,0.785
2026-09-13 15:13:14+00:00,0.785
2026-09-13 15:14:15+00:00,0.785
2026-09-13 15:15:27+00:00,0.785
2026-09-13 15:16:15+00:00,0.785
2026-09-13 15:17:15+00:00,0.785
2026-09-13 15:18:15+00:00,0.785
2026-09-13 15:19:14+00:00,0.785
2026-09-13 15:20:16+00:00,0.785
2026-09-13 15:21:15+00:00,0.785
2026-09-13 15:22:11+00:00,0.785
2026-09-13 15:23:15+00:00,0.785
2026-09-13 15:24:15+00:00,0.785
2026-09-13 15:25:12+00:00,0.785
2026-09-13 15:26:11+00:00,0.785
2026-09-13 15:27:11+00:00,0.785
2026-09-13 15:28:24+00:00,0.785
2026-09-13 15:29:15+00:00,0.785
2026-09-13 15:30:19+00:00,0.785
2026-09-13 15:31:15+00:00,0.785
2026-09-13 15:32:11+00:00,0.785
2026-09-13 15:33:14+00:00,0.785
2026-09-13 15:34:14+00:00,0.785
2026-09-13 15:35:11+00:00,0.785
2026-09-13 15:36:21+00:00,0.785
2026-09-13 15:37:11+00:00,0.785
2026-09-13 15:38:11+00:00,0.785
2026-09-13 15:39:14+00:00,0.785
2026-09-13 15:40:16+00:00,0.785
2026-09-13 15:41:28+00:00,0.785
2026-09-13 15:42:15+00:00,0.785
2026-09-13 15:43:14+00:00,0.785
2026-09-13 15:44:10+00:00,0.785
2026-09-13 15:45:16+00:00,0.785
2026-09-13 15:46:14+00:00,0.785
2026-09-13 15:47:14+00:00,0.785
2026-09-13 15:48:14+00:00,0.785
2026-09-13 15:49:26+00:00,0.785
2026-09-13 15:50:16+00:00,0.785
2026-09-13 15:51:14+00:00,0.785
2026-09-13 15:52:11+00:00,0.785
2026-09-13 15:53:11+00:00,0.785
2026-09-13 15:54:15+00:00,0.785
2026-09-13 15:55:15+00:00,0.785
2026-09-13 15:56:26+00:00,0.785
2026-09-13 15:57:27+00:00,0.785
2026-09-13 15:58:11+00:00,0.785
2026-09-13 15:59:15+00:00,0.785
2026-09-13 16:00:17+00:00,0.785
2026-09-13 16:01:15+00:00,0.785
2026-09-13 16:02:26+00:00,0.785
2026-09-13 16:03:14+00:00,0.785
2026-09-13 16:04:25+00:00,0.785
2026-09-13 16:05:16+00:00,0.785
2026-09-13 16:06:11+00:00,0.785
2026-09-13 16:07:11+00:00,0.785
2026-09-13 16:08:26+00:00,0.785
2026-09-13 16:09:14+00:00,0.785
2026-09-13 16:10:15+00:00,0.785
2026-09-13 16:11:16+00:00,0.785
2026-09-13 16:12:15+00:00,0.785
2026-09-13 16:13:14+00:00,0.785
2026-09-13 16:14:14+00:00,0.785
2026-09-13 16:15:26+00:00,0.785
2026-09-13 16:16:25+00:00,0.785
2026-09-13 16:17:14+00:00,0.785
2026-09-13 16:18:28+00:00,0.785
2026-09-13 16:19:14+00:00,0.785
2026-09-13 16:20:15+00:00,0.785
2026-09-13 16:21:15+00:00,0.785
2026-09-13 16:22:15+00:00,0.785
2026-09-13 16:23:15+00:00,0.785
2026-09-13 16:24:14+00:00,0.785
2026-09-13 16:25:15+00:00,0.785
2026-09-13 16:26:14+00:00,0.785
2026-09-13 16:27:28+00:00,0.785
2026-09-13 16:28:26+00:00,0.785
2026-09-13 16:29:14+00:00,0.785
2026-09-13 16:30:18+00:00,0.785
2026-09-13 16:31:14+00:00,0.785
2026-09-13 16:32:28+00:00,0.785
2026-09-13 16:33:15+00:00,0.785
2026-09-13 16:34:15+00:00,0.785
2026-09-13 16:35:15+00:00,0.785
2026-09-13 16:36:42+00:00,0.785
2026-09-13 16:37:11+00:00,0.785
2026-09-13 16:38:30+00:00,0.785
2026-09-13 16:39:15+00:00,0.785
2026-09-13 16:40:16+00:00,0.785
2026-09-13 16:41:15+00:00,0.785
2026-09-13 16:42:29+00:00,0.785
2026-09-13 16:43:14+00:00,0.785
2026-09-13 16:44:14+00:00,0.785
2026-09-13 16:45:16+00:00,0.785
2026-09-13 16:46:15+00:00,0.785
2026-09-13 16:47:15+00:00,0.785
2026-09-13 16:48:11+00:00,0.785
2026-09-13 16:49:14+00:00,0.785
2026-09-13 16:50:33+00:00,0.785
2026-09-13 16:51:15+00:00,0.785
2026-09-13 16:52:14+00:00,0.785
2026-09-13 16:53:10+00:00,0.785
2026-09-13 16:54:10+00:00,0.785
2026-09-13 16:55:15+00:00,0.785
2026-09-13 16:56:15+00:00,0.785
2026-09-13 16:57:14+00:00,0.785
2026-09-13 16:58:14+00:00,0.785
2026-09-13 16:59:16+00:00,0.785
2026-09-13 17:00:17+00:00,0.785
2026-09-13 17:01:15+00:00,0.785
2026-09-13 17:02:15+00:00,0.785
2026-09-13 17:03:24+00:00,0.785
2026-09-13 17:04:15+00:00,0.785
2026-09-13 17:05:17+00:00,0.785
2026-09-13 17:06:15+00:00,0.785
2026-09-13 17:07:15+00:00,0.785
2026-09-13 17:08:15+00:00,0.785
2026-09-13 17:09:14+00:00,0.785
2026-09-13 17:10:15+00:00,0.785
2026-09-13 17:11:14+00:00,0.785
2026-09-13 17:12:15+00:00,0.785
2026-09-13 17:13:16+00:00,0.785
2026-09-13 17:14:16+00:00,0.785
2026-09-13 17:15:18+00:00,0.785
2026-09-13 17:16:25+00:00,0.785
2026-09-13 17:17:15+00:00,0.785
2026-09-13 17:18:15+00:00,0.785
2026-09-13 17:19:15+00:00,0.785
2026-09-13 17:20:16+00:00,0.785
2026-09-13 17:21:15+00:00,0.785
2026-09-13 17:22:11+00:00,0.795
2026-09-13 17:23:15+00:00,0.795
2026-09-13 17:24:16+00:00,0.795
2026-09-13 17:25:16+00:00,0.795
2026-09-13 17:26:14+00:00,0.795
2026-09-13 17:27:14+00:00,0.795
2026-09-13 17:28:15+00:00,0.795
2026-09-13 17:29:24+00:00,0.795
2026-09-13 17:30:18+00:00,0.795
2026-09-13 17:31:16+00:00,0.795
2026-09-13 17:32:15+00:00,0.795
2026-09-13 17:33:14+00:00,0.795
2026-09-13 17:34:14+00:00,0.795
2026-09-13 17:35:16+00:00,0.795
2026-09-13 17:36:24+00:00,0.795
2026-09-13 17:37:14+00:00,0.795
2026-09-13 17:38:14+00:00,0.795
2026-09-13 17:39:11+00:00,0.795
2026-09-13 17:40:16+00:00,0.795
2026-09-13 17:41:15+00:00,0.795
2026-09-13 17:42:14+00:00,0.795
2026-09-13 17:43:15+00:00,0.795
2026-09-13 17:44:14+00:00,0.795
2026-09-13 17:45:16+00:00,0.795
2026-09-13 17:46:14+00:00,0.795
2026-09-13 17:47:14+00:00,0.795
2026-09-13 17:48:14+00:00,0.795
2026-09-13 17:49:24+00:00,0.795
2026-09-13 17:50:16+00:00,0.795
2026-09-13 17:51:15+00:00,0.805
2026-09-13 17:52:16+00:00,0.805
2026-09-13 17:53:15+00:00,0.805
2026-09-13 17:54:14+00:00,0.805
2026-09-13 17:55:15+00:00,0.805
2026-09-13 17:56:14+00:00,0.805
2026-09-13 17:57:15+00:00,0.805
2026-09-13 17:58:16+00:00,0.805
2026-09-13 17:59:16+00:00,0.805
2026-09-13 18:00:19+00:00,0.805
2026-09-13 18:01:14+00:00,0.805
2026-09-13 18:02:14+00:00,0.805
2026-09-13 18:03:14+00:00,0.805
2026-09-13 18:04:14+00:00,0.805
2026-09-13 18:05:16+00:00,0.805
2026-09-13 18:06:14+00:00,0.805
2026-09-13 18:07:14+00:00,0.805
2026-09-13 18:08:14+00:00,0.805
2026-09-13 18:09:13+00:00,0.805
2026-09-13 18:10:14+00:00,0.805
2026-09-13 18:11:14+00:00,0.805
2026-09-13 18:12:14+00:00,0.805
2026-09-13 18:13:14+00:00,0.805
2026-09-13 18:14:14+00:00,0.805
2026-09-13 18:15:17+00:00,0.805
2026-09-13 18:16:14+00:00,0.805
2026-09-13 18:17:14+00:00,0.805
2026-09-13 18:18:13+00:00,0.805
2026-09-13 18:19:14+00:00,0.805
2026-09-13 18:20:15+00:00,0.805
2026-09-13 18:21:13+00:00,0.805
2026-09-13 18:22:14+00:00,0.805
2026-09-13 18:23:14+00:00,0.795
2026-09-13 18:24:14+00:00,0.795
2026-09-13 18:25:15+00:00,0.795
2026-09-13 18:26:10+00:00,0.795
2026-09-13 18:27:14+00:00,0.795
2026-09-13 18:28:11+00:00,0.795
2026-09-13 18:29:14+00:00,0.795
2026-09-13 18:30:17+00:00,0.795
2026-09-13 18:31:13+00:00,0.795
2026-09-13 18:32:16+00:00,0.795
2026-09-13 18:33:14+00:00,0.795
2026-09-13 18:34:14+00:00,0.795
2026-09-13 18:35:15+00:00,0.795
2026-09-13 18:36:14+00:00,0.795
2026-09-13 18:37:40+00:00,0.795
2026-09-13 18:38:14+00:00,0.795
2026-09-13 18:39:14+00:00,0.795
2026-09-13 18:40:16+00:00,0.795
2026-09-13 18:41:14+00:00,0.795
2026-09-13 18:42:14+00:00,0.795
2026-09-13 18:43:14+00:00,0.795
2026-09-13 18:44:14+00:00,0.795
2026-09-13 18:45:15+00:00,0.805
2026-09-13 18:46:13+00:00,0.805
2026-09-13 18:47:14+00:00,0.795
2026-09-13 18:48:27+00:00,0.795
2026-09-13 18:49:10+00:00,0.795
2026-09-13 18:50:18+00:00,0.795
2026-09-13 18:51:15+00:00,0.895
2026-09-13 18:52:14+00:00,0.895
2026-09-13 18:53:14+00:00,0.905
2026-09-13 18:54:15+00:00,0.895
2026-09-13 18:55:15+00:00,0.895
2026-09-13 18:56:14+00:00,0.905
2026-09-13 18:57:15+00:00,0.905
2026-09-13 18:58:15+00:00,0.905
2026-09-13 18:59:14+00:00,0.915
2026-09-13 19:00:17+00:00,0.905
2026-09-13 19:01:14+00:00,0.905
2026-09-13 19:02:13+00:00,0.905
2026-09-13 19:03:18+00:00,0.895
2026-09-13 19:04:14+00:00,0.895
2026-09-13 19:05:30+00:00,0.905
2026-09-13 19:06:14+00:00,0.905
2026-09-13 19:07:14+00:00,0.895
2026-09-13 19:08:14+00:00,0.895
2026-09-13 19:09:14+00:00,0.895
2026-09-13 19:10:16+00:00,0.895
2026-09-13 19:11:15+00:00,0.895
2026-09-13 19:12:16+00:00,0.905
2026-09-13 19:13:14+00:00,0.885
2026-09-13 19:14:14+00:00,0.885
2026-09-13 19:15:16+00:00,0.905
2026-09-13 19:16:19+00:00,0.885
2026-09-13 19:17:29+00:00,0.885
2026-09-13 19:18:29+00:00,0.885
2026-09-13 19:19:15+00:00,0.885
2026-09-13 19:20:32+00:00,0.88
2026-09-13 19:21:29+00:00,0.88
2026-09-13 19:22:14+00:00,0.88
2026-09-13 19:23:14+00:00,0.865
2026-09-13 19:24:14+00:00,0.875
2026-09-13 19:25:16+00:00,0.865
2026-09-13 19:26:29+00:00,0.865
2026-09-13 19:27:16+00:00,0.855
2026-09-13 19:28:14+00:00,0.865
2026-09-13 19:29:20+00:00,0.865
2026-09-13 19:30:19+00:00,0.875
2026-09-13 19:31:16+00:00,0.875
2026-09-13 19:32:15+00:00,0.875
2026-09-13 19:33:27+00:00,0.865
2026-09-13 19:34:16+00:00,0.875
2026-09-13 19:35:16+00:00,0.875
2026-09-13 19:36:21+00:00,0.875
2026-09-13 19:37:15+00:00,0.865
2026-09-13 19:38:14+00:00,0.865
2026-09-13 19:39:16+00:00,0.865
2026-09-13 19:40:17+00:00,0.865
2026-09-13 19:41:16+00:00,0.865
2026-09-13 19:42:14+00:00,0.865
2026-09-13 19:43:16+00:00,0.865
2026-09-13 19:44:15+00:00,0.865
2026-09-13 19:45:16+00:00,0.865
2026-09-13 19:46:15+00:00,0.865
2026-09-13 19:47:15+00:00,0.865
2026-09-13 19:48:12+00:00,0.865
2026-09-13 19:49:20+00:00,0.865
2026-09-13 19:50:17+00:00,0.865
2026-09-13 19:51:14+00:00,0.865
2026-09-13 19:52:15+00:00,0.865
2026-09-13 19:53:14+00:00,0.865
2026-09-13 19:54:14+00:00,0.865
2026-09-13 19:55:15+00:00,0.865
2026-09-13 19:56:27+00:00,0.875
2026-09-13 19:57:15+00:00,0.865
2026-09-13 19:58:14+00:00,0.875
2026-09-13 19:59:14+00:00,0.865
2026-09-13 20:00:34+00:00,0.865
2026-09-13 20:01:15+00:00,0.865
2026-09-13 20:02:20+00:00,0.865
2026-09-13 20:03:14+00:00,0.865
2026-09-13 20:04:14+00:00,0.865
2026-09-13 20:05:16+00:00,0.86
2026-09-13 20:06:14+00:00,0.845
2026-09-13 20:07:11+00:00,0.855
2026-09-13 20:08:14+00:00,0.835
2026-09-13 20:09:15+00:00,0.845
2026-09-13 20:10:15+00:00,0.845
2026-09-13 20:11:14+00:00,0.855
2026-09-13 20:12:14+00:00,0.845
2026-09-13 20:13:14+00:00,0.845
2026-09-13 20:14:15+00:00,0.845
2026-09-13 20:15:23+00:00,0.855
2026-09-13 20:16:14+00:00,0.855
2026-09-13 20:17:14+00:00,0.855
2026-09-13 20:18:13+00:00,0.865
2026-09-13 20:19:14+00:00,0.865
2026-09-13 20:20:15+00:00,0.865
2026-09-13 20:21:14+00:00,0.875
2026-09-13 20:22:14+00:00,0.875
2026-09-13 20:23:14+00:00,0.875
2026-09-13 20:24:15+00:00,0.875
2026-09-13 20:25:17+00:00,0.875
2026-09-13 20:26:14+00:00,0.885
2026-09-13 20:27:14+00:00,0.885
2026-09-13 20:28:22+00:00,0.885
2026-09-13 20:29:14+00:00,0.88
2026-09-13 20:30:18+00:00,0.895
2026-09-13 20:31:14+00:00,0.9
2026-09-13 20:32:14+00:00,0.9
2026-09-13 20:33:14+00:00,0.905
2026-09-13 20:34:14+00:00,0.89
2026-09-13 20:35:29+00:00,0.9
2026-09-13 20:36:15+00:00,0.91
2026-09-13 20:37:22+00:00,0.925
2026-09-13 20:38:14+00:00,0.955
2026-09-13 20:39:26+00:00,0.985
2026-09-13 20:40:28+00:00,0.9995
2026-09-13 20:41:14+00:00,0.9995
2026-09-13 20:42:15+00:00,0.9995
2026-09-13 20:43:30+00:00,0.9995
2026-09-13 20:44:14+00:00,0.9995
2026-09-13 20:45:15+00:00,0.9995
2026-09-13 20:46:14+00:00,0.9995
2026-09-13 20:47:15+00:00,0.9995
2026-09-13 20:48:26+00:00,0.9995
2026-09-13 20:49:15+00:00,0.9995
2026-09-13 20:50:25+00:00,0.9995
2026-09-13 20:51:15+00:00,0.9995
2026-09-13 20:52:14+00:00,0.9995
2026-09-13 20:53:14+00:00,0.9995
2026-09-13 20:54:12+00:00,0.9995
2026-09-13 20:55:15+00:00,0.9995
2026-09-13 20:56:15+00:00,0.9995
2026-09-13 20:57:26+00:00,0.9995
2026-09-13 20:58:14+00:00,0.9995
2026-09-13 20:59:15+00:00,0.9995
2026-09-13 21:00:23+00:00,0.9995
2026-09-13 21:01:15+00:00,0.9995
2026-09-13 21:02:15+00:00,0.9995
2026-09-13 21:03:25+00:00,0.9995
