timestamp,price
2024-12-25 04:39:03+00:00,0.625
2024-12-25 04:40:03+00:00,0.625
2024-12-25 04:41:03+00:00,0.625
2024-12-25 04:42:03+00:00,0.625
2024-12-25 04:43:03+00:00,0.625
2024-12-25 04:44:03+00:00,0.625
2024-12-25 04:45:03+00:00,0.625
2024-12-25 04:46:03+00:00,0.625
2024-12-25 04:47:02+00:00,0.625
2024-12-25 04:48:03+00:00,0.625
2024-12-25 04:49:03+00:00,0.625
2024-12-25 04:50:03+00:00,0.625
2024-12-25 04:51:03+00:00,0.625
2024-12-25 04:52:03+00:00,0.625
2024-12-25 04:53:02+00:00,0.625
2024-12-25 04:54:03+00:00,0.625
2024-12-25 04:55:03+00:00,0.625
2024-12-25 04:56:03+00:00,0.625
2024-12-25 04:57:03+00:00,0.625
2024-12-25 04:58:03+00:00,0.625
2024-12-25 04:59:03+00:00,0.625
2024-12-25 05:00:03+00:00,0.625
2024-12-25 05:01:03+00:00,0.625
2024-12-25 05:02:03+00:00,0.625
2024-12-25 05:03:03+00:00,0.625
2024-12-25 05:04:03+00:00,0.625
2024-12-25 05:05:03+00:00,0.625
2024-12-25 05:06:03+00:00,0.61
2024-12-25 05:07:03+00:00,0.61
2024-12-25 05:08:03+00:00,0.61
2024-12-25 05:09:03+00:00,0.625
2024-12-25 05:10:04+00:00,0.62
2024-12-25 05:11:03+00:00,0.62
2024-12-25 05:12:03+00:00,0.625
2024-12-25 05:13:03+00:00,0.625
2024-12-25 05:14:03+00:00,0.63
2024-12-25 05:15:03+00:00,0.61
2024-12-25 05:16:03+00:00,0.615
2024-12-25 05:17:03+00:00,0.615
2024-12-25 05:18:03+00:00,0.6
2024-12-25 05:19:03+00:00,0.59
2024-12-25 05:20:03+00:00,0.585
2024-12-25 05:21:02+00:00,0.59
2024-12-25 05:22:03+00:00,0.61
2024-12-25 05:23:03+00:00,0.61
2024-12-25 05:24:03+00:00,0.605
2024-12-25 05:25:03+00:00,0.615
2024-12-25 05:26:03+00:00,0.64
2024-12-25 05:27:03+00:00,0.615
2024-12-25 05:28:02+00:00,0.615
2024-12-25 05:29:03+00:00,0.615
2024-12-25 05:30:04+00:00,0.63
2024-12-25 05:31:03+00:00,0.63
2024-12-25 05:32:03+00:00,0.64
2024-12-25 05:33:03+00:00,0.64
2024-12-25 05:34:03+00:00,0.64
2024-12-25 05:35:03+00:00,0.64
2024-12-25 05:36:03+00:00,0.645
2024-12-25 05:37:03+00:00,0.65
2024-12-25 05:38:03+00:00,0.63
2024-12-25 05:39:03+00:00,0.625
2024-12-25 05:40:03+00:00,0.625
2024-12-25 05:41:03+00:00,0.625
2024-12-25 05:42:03+00:00,0.625
2024-12-25 05:43:03+00:00,0.625
2024-12-25 05:44:03+00:00,0.625
2024-12-25 05:45:03+00:00,0.625
2024-12-25 05:46:03+00:00,0.625
2024-12-25 05:47:03+00:00,0.625
2024-12-25 05:48:03+00:00,0.625
2024-12-25 05:49:03+00:00,0.625
2024-12-25 05:50:03+00:00,0.625
2024-12-25 05:51:03+00:00,0.625
2024-12-25 05:52:03+00:00,0.625
2024-12-25 05:53:02+00:00,0.625
2024-12-25 05:54:03+00:00,0.625
2024-12-25 05:55:03+00:00,0.625
2024-12-25 05:56:02+00:00,0.625
2024-12-25 05:57:03+00:00,0.625
2024-12-25 05:58:03+00:00,0.625
2024-12-25 05:59:03+00:00,0.625
2024-12-25 06:00:04+00:00,0.625
2024-12-25 06:01:03+00:00,0.625
2024-12-25 06:02:03+00:00,0.625
2024-12-25 06:03:02+00:00,0.625
2024-12-25 06:04:03+00:00,0.625
2024-12-25 06:05:03+00:00,0.625
2024-12-25 06:06:03+00:00,0.625
2024-12-25 06:07:03+00:00,0.625
2024-12-25 06:08:03+00:00,0.625
2024-12-25 06:09:03+00:00,0.625
2024-12-25 06:10:04+00:00,0.625
2024-12-25 06:11:03+00:00,0.625
2024-12-25 06:12:03+00:00,0.625
2024-12-25 06:13:03+00:00,0.625
2024-12-25 06:14:03+00:00,0.625
2024-12-25 06:15:03+00:00,0.625
2024-12-25 06:16:03+00:00,0.625
2024-12-25 06:17:03+00:00,0.625
2024-12-25 06:18:03+00:00,0.625
2024-12-25 06:19:02+00:00,0.625
2024-12-25 06:20:03+00:00,0.625
2024-12-25 06:21:03+00:00,0.625
2024-12-25 06:22:03+00:00,0.625
2024-12-25 06:23:03+00:00,0.625
2024-12-25 06:24:03+00:00,0.625
2024-12-25 06:25:03+00:00,0.625
2024-12-25 06:26:03+00:00,0.625
2024-12-25 06:27:03+00:00,0.625
2024-12-25 06:28:03+00:00,0.625
2024-12-25 06:29:03+00:00,0.625
2024-12-25 06:30:03+00:00,0.625
2024-12-25 06:31:03+00:00,0.625
2024-12-25 06:32:03+00:00,0.625
2024-12-25 06:33:03+00:00,0.625
2024-12-25 06:34:03+00:00,0.625
2024-12-25 06:35:03+00:00,0.625
2024-12-25 06:36:03+00:00,0.625
2024-12-25 06:37:03+00:00,0.625
2024-12-25 06:38:03+00:00,0.625
2024-12-25 06:39:03+00:00,0.625
2024-12-25 06:40:03+00:00,0.625
2024-12-25 06:41:03+00:00,0.625
2024-12-25 06:42:03+00:00,0.625
2024-12-25 06:43:03+00:00,0.625
2024-12-25 06:44:02+00:00,0.625
2024-12-25 06:45:03+00:00,0.625
2024-12-25 06:46:03+00:00,0.625
2024-12-25 06:47:03+00:00,0.625
2024-12-25 06:48:03+00:00,0.625
2024-12-25 06:49:03+00:00,0.625
2024-12-25 06:50:03+00:00,0.625
2024-12-25 06:51:03+00:00,0.625
2024-12-25 06:52:03+00:00,0.625
2024-12-25 06:53:03+00:00,0.625
2024-12-25 06:54:03+00:00,0.625
2024-12-25 06:55:03+00:00,0.625
2024-12-25 06:56:03+00:00,0.625
2024-12-25 06:57:03+00:00,0.615
2024-12-25 06:58:03+00:00,0.615
2024-12-25 06:59:03+00:00,0.615
2024-12-25 07:00:03+00:00,0.615
2024-12-25 07:01:03+00:00,0.62
2024-12-25 07:02:03+00:00,0.615
2024-12-25 07:03:03+00:00,0.59
2024-12-25 07:04:03+00:00,0.59
2024-12-25 07:05:03+00:00,0.59
2024-12-25 07:06:03+00:00,0.59
2024-12-25 07:07:03+00:00,0.59
2024-12-25 07:08:03+00:00,0.585
2024-12-25 07:09:03+00:00,0.585
2024-12-25 07:10:03+00:00,0.585
2024-12-25 07:11:03+00:00,0.585
2024-12-25 07:12:03+00:00,0.585
2024-12-25 07:13:02+00:00,0.585
2024-12-25 07:14:03+00:00,0.585
2024-12-25 07:15:03+00:00,0.585
2024-12-25 07:16:03+00:00,0.585
2024-12-25 07:17:03+00:00,0.585
2024-12-25 07:18:03+00:00,0.585
2024-12-25 07:19:03+00:00,0.585
2024-12-25 07:20:04+00:00,0.585
2024-12-25 07:21:03+00:00,0.585
2024-12-25 07:22:03+00:00,0.585
2024-12-25 07:23:03+00:00,0.585
2024-12-25 07:24:03+00:00,0.585
2024-12-25 07:25:03+00:00,0.585
2024-12-25 07:26:03+00:00,0.585
2024-12-25 07:27:03+00:00,0.625
2024-12-25 07:28:03+00:00,0.625
2024-12-25 07:29:03+00:00,0.625
2024-12-25 07:30:03+00:00,0.625
2024-12-25 07:31:03+00:00,0.625
2024-12-25 07:32:03+00:00,0.625
2024-12-25 07:33:03+00:00,0.625
2024-12-25 07:34:03+00:00,0.625
2024-12-25 07:35:03+00:00,0.625
2024-12-25 07:36:03+00:00,0.625
2024-12-25 07:37:03+00:00,0.625
2024-12-25 07:38:03+00:00,0.625
2024-12-25 07:39:03+00:00,0.625
2024-12-25 07:40:03+00:00,0.625
2024-12-25 07:41:03+00:00,0.625
2024-12-25 07:42:03+00:00,0.625
2024-12-25 07:43:03+00:00,0.615
2024-12-25 07:44:03+00:00,0.61
2024-12-25 07:45:03+00:00,0.61
2024-12-25 07:46:03+00:00,0.625
2024-12-25 07:47:03+00:00,0.615
2024-12-25 07:48:03+00:00,0.585
2024-12-25 07:49:03+00:00,0.615
2024-12-25 07:50:03+00:00,0.61
2024-12-25 07:51:03+00:00,0.61
2024-12-25 07:52:03+00:00,0.61
2024-12-25 07:53:03+00:00,0.615
2024-12-25 07:54:03+00:00,0.615
2024-12-25 07:55:03+00:00,0.61
2024-12-25 07:56:03+00:00,0.61
2024-12-25 07:57:03+00:00,0.59
2024-12-25 07:58:03+00:00,0.615
2024-12-25 07:59:03+00:00,0.61
2024-12-25 08:00:03+00:00,0.615
2024-12-25 08:01:03+00:00,0.61
2024-12-25 08:02:03+00:00,0.605
2024-12-25 08:03:03+00:00,0.61
2024-12-25 08:04:03+00:00,0.645
2024-12-25 08:05:03+00:00,0.645
2024-12-25 08:06:02+00:00,0.585
2024-12-25 08:07:03+00:00,0.62
2024-12-25 08:08:03+00:00,0.61
2024-12-25 08:09:02+00:00,0.615
2024-12-25 08:10:03+00:00,0.62
2024-12-25 08:11:03+00:00,0.61
2024-12-25 08:12:03+00:00,0.61
2024-12-25 08:13:03+00:00,0.61
2024-12-25 08:14:03+00:00,0.61
2024-12-25 08:15:03+00:00,0.61
2024-12-25 08:16:03+00:00,0.63
2024-12-25 08:17:03+00:00,0.645
2024-12-25 08:18:03+00:00,0.64
2024-12-25 08:19:03+00:00,0.64
2024-12-25 08:20:03+00:00,0.655
2024-12-25 08:21:03+00:00,0.615
2024-12-25 08:22:03+00:00,0.61
2024-12-25 08:23:03+00:00,0.61
2024-12-25 08:24:03+00:00,0.615
2024-12-25 08:25:03+00:00,0.615
2024-12-25 08:26:03+00:00,0.62
2024-12-25 08:27:03+00:00,0.585
2024-12-25 08:28:03+00:00,0.585
2024-12-25 08:29:03+00:00,0.585
2024-12-25 08:30:04+00:00,0.585
2024-12-25 08:31:03+00:00,0.585
2024-12-25 08:32:03+00:00,0.585
2024-12-25 08:33:03+00:00,0.585
2024-12-25 08:34:03+00:00,0.585
2024-12-25 08:35:03+00:00,0.585
2024-12-25 08:36:03+00:00,0.585
2024-12-25 08:37:03+00:00,0.585
2024-12-25 08:38:03+00:00,0.585
2024-12-25 08:39:03+00:00,0.585
2024-12-25 08:40:03+00:00,0.585
2024-12-25 08:41:03+00:00,0.585
2024-12-25 08:42:03+00:00,0.585
2024-12-25 08:43:03+00:00,0.585
2024-12-25 08:44:03+00:00,0.585
2024-12-25 08:45:03+00:00,0.585
2024-12-25 08:46:03+00:00,0.585
2024-12-25 08:47:03+00:00,0.585
2024-12-25 08:48:03+00:00,0.585
2024-12-25 08:49:03+00:00,0.585
2024-12-25 08:50:03+00:00,0.585
2024-12-25 08:51:03+00:00,0.585
2024-12-25 08:52:03+00:00,0.585
2024-12-25 08:53:03+00:00,0.585
2024-12-25 08:54:03+00:00,0.585
2024-12-25 08:55:03+00:00,0.585
2024-12-25 08:56:03+00:00,0.585
2024-12-25 08:57:02+00:00,0.585
2024-12-25 08:58:03+00:00,0.585
2024-12-25 08:59:03+00:00,0.585
2024-12-25 09:00:04+00:00,0.585
2024-12-25 09:01:03+00:00,0.585
2024-12-25 09:02:03+00:00,0.585
2024-12-25 09:03:03+00:00,0.585
2024-12-25 09:04:03+00:00,0.585
2024-12-25 09:05:03+00:00,0.585
2024-12-25 09:06:03+00:00,0.585
2024-12-25 09:07:03+00:00,0.585
2024-12-25 09:08:03+00:00,0.585
2024-12-25 09:09:03+00:00,0.585
2024-12-25 09:10:03+00:00,0.585
2024-12-25 09:11:03+00:00,0.585
2024-12-25 09:12:03+00:00,0.585
2024-12-25 09:13:03+00:00,0.585
2024-12-25 09:14:02+00:00,0.585
2024-12-25 09:15:03+00:00,0.585
2024-12-25 09:16:03+00:00,0.585
2024-12-25 09:17:03+00:00,0.585
2024-12-25 09:18:03+00:00,0.585
2024-12-25 09:19:03+00:00,0.585
2024-12-25 09:20:03+00:00,0.585
2024-12-25 09:21:03+00:00,0.585
2024-12-25 09:22:03+00:00,0.585
2024-12-25 09:23:03+00:00,0.585
2024-12-25 09:24:03+00:00,0.585
2024-12-25 09:25:03+00:00,0.585
2024-12-25 09:26:03+00:00,0.585
2024-12-25 09:27:02+00:00,0.585
2024-12-25 09:28:03+00:00,0.585
2024-12-25 09:29:03+00:00,0.585
2024-12-25 09:30:04+00:00,0.585
2024-12-25 09:31:03+00:00,0.585
2024-12-25 09:32:03+00:00,0.585
2024-12-25 09:33:03+00:00,0.585
2024-12-25 09:34:03+00:00,0.585
2024-12-25 09:35:03+00:00,0.585
2024-12-25 09:36:03+00:00,0.585
2024-12-25 09:37:02+00:00,0.585
2024-12-25 09:38:03+00:00,0.585
2024-12-25 09:39:03+00:00,0.585
2024-12-25 09:40:03+00:00,0.585
2024-12-25 09:41:03+00:00,0.585
2024-12-25 09:42:03+00:00,0.585
2024-12-25 09:43:03+00:00,0.585
2024-12-25 09:44:03+00:00,0.585
2024-12-25 09:45:03+00:00,0.585
2024-12-25 09:46:03+00:00,0.585
2024-12-25 09:47:03+00:00,0.585
2024-12-25 09:48:03+00:00,0.585
2024-12-25 09:49:03+00:00,0.585
2024-12-25 09:50:03+00:00,0.585
2024-12-25 09:51:03+00:00,0.585
2024-12-25 09:52:03+00:00,0.585
2024-12-25 09:53:03+00:00,0.585
2024-12-25 09:54:03+00:00,0.585
2024-12-25 09:55:03+00:00,0.585
2024-12-25 09:56:03+00:00,0.585
2024-12-25 09:57:03+00:00,0.585
2024-12-25 09:58:02+00:00,0.585
2024-12-25 09:59:03+00:00,0.585
2024-12-25 10:00:03+00:00,0.585
2024-12-25 10:01:03+00:00,0.585
2024-12-25 10:02:03+00:00,0.585
2024-12-25 10:03:03+00:00,0.585
2024-12-25 10:04:03+00:00,0.585
2024-12-25 10:05:03+00:00,0.585
2024-12-25 10:06:03+00:00,0.585
2024-12-25 10:07:02+00:00,0.585
2024-12-25 10:08:02+00:00,0.585
2024-12-25 10:09:03+00:00,0.585
2024-12-25 10:10:03+00:00,0.585
2024-12-25 10:11:03+00:00,0.585
2024-12-25 10:12:03+00:00,0.585
2024-12-25 10:13:03+00:00,0.585
2024-12-25 10:14:03+00:00,0.585
2024-12-25 10:15:03+00:00,0.585
2024-12-25 10:16:03+00:00,0.585
2024-12-25 10:17:02+00:00,0.585
2024-12-25 10:18:03+00:00,0.585
2024-12-25 10:19:03+00:00,0.585
2024-12-25 10:20:03+00:00,0.585
2024-12-25 10:21:03+00:00,0.585
2024-12-25 10:22:03+00:00,0.585
2024-12-25 10:23:03+00:00,0.585
2024-12-25 10:24:03+00:00,0.585
2024-12-25 10:25:03+00:00,0.585
2024-12-25 10:26:03+00:00,0.585
2024-12-25 10:27:03+00:00,0.585
2024-12-25 10:28:02+00:00,0.585
2024-12-25 10:29:03+00:00,0.585
2024-12-25 10:30:03+00:00,0.585
2024-12-25 10:31:03+00:00,0.585
2024-12-25 10:32:03+00:00,0.585
2024-12-25 10:33:03+00:00,0.585
2024-12-25 10:34:02+00:00,0.585
2024-12-25 10:35:03+00:00,0.585
2024-12-25 10:36:03+00:00,0.585
2024-12-25 10:37:03+00:00,0.585
2024-12-25 10:38:03+00:00,0.585
2024-12-25 10:39:03+00:00,0.585
2024-12-25 10:40:03+00:00,0.585
2024-12-25 10:41:03+00:00,0.585
2024-12-25 10:42:03+00:00,0.585
2024-12-25 10:43:03+00:00,0.585
2024-12-25 10:44:03+00:00,0.585
2024-12-25 10:45:03+00:00,0.585
2024-12-25 10:46:03+00:00,0.585
2024-12-25 10:47:03+00:00,0.585
2024-12-25 10:48:03+00:00,0.585
2024-12-25 10:49:03+00:00,0.585
2024-12-25 10:50:03+00:00,0.585
2024-12-25 10:51:03+00:00,0.585
2024-12-25 10:52:03+00:00,0.585
2024-12-25 10:53:03+00:00,0.585
2024-12-25 10:54:03+00:00,0.585
2024-12-25 10:55:03+00:00,0.585
2024-12-25 10:56:03+00:00,0.585
2024-12-25 10:57:03+00:00,0.585
2024-12-25 10:58:03+00:00,0.585
2024-12-25 10:59:03+00:00,0.585
2024-12-25 11:00:03+00:00,0.585
2024-12-25 11:01:02+00:00,0.585
2024-12-25 11:02:03+00:00,0.585
2024-12-25 11:03:03+00:00,0.585
2024-12-25 11:04:03+00:00,0.585
2024-12-25 11:05:03+00:00,0.585
2024-12-25 11:06:03+00:00,0.585
2024-12-25 11:07:03+00:00,0.585
2024-12-25 11:08:03+00:00,0.585
2024-12-25 11:09:03+00:00,0.585
2024-12-25 11:10:04+00:00,0.585
2024-12-25 11:11:03+00:00,0.585
2024-12-25 11:12:03+00:00,0.585
2024-12-25 11:13:02+00:00,0.585
2024-12-25 11:14:03+00:00,0.585
2024-12-25 11:15:03+00:00,0.585
2024-12-25 11:16:03+00:00,0.585
2024-12-25 11:17:03+00:00,0.585
2024-12-25 11:18:03+00:00,0.585
2024-12-25 11:19:03+00:00,0.585
2024-12-25 11:20:03+00:00,0.585
2024-12-25 11:21:03+00:00,0.585
2024-12-25 11:22:03+00:00,0.585
2024-12-25 11:23:03+00:00,0.585
2024-12-25 11:24:03+00:00,0.585
2024-12-25 11:25:03+00:00,0.585
2024-12-25 11:26:03+00:00,0.585
2024-12-25 11:27:03+00:00,0.585
2024-12-25 11:28:03+00:00,0.585
2024-12-25 11:29:03+00:00,0.585
2024-12-25 11:30:03+00:00,0.585
2024-12-25 11:31:03+00:00,0.585
2024-12-25 11:32:03+00:00,0.585
2024-12-25 11:33:03+00:00,0.585
2024-12-25 11:34:03+00:00,0.585
2024-12-25 11:35:03+00:00,0.585
2024-12-25 11:36:03+00:00,0.585
2024-12-25 11:37:03+00:00,0.585
2024-12-25 11:38:03+00:00,0.585
2024-12-25 11:39:02+00:00,0.585
2024-12-25 11:40:03+00:00,0.585
2024-12-25 11:41:03+00:00,0.585
2024-12-25 11:42:03+00:00,0.585
2024-12-25 11:43:03+00:00,0.585
2024-12-25 11:44:03+00:00,0.585
2024-12-25 11:45:03+00:00,0.585
2024-12-25 11:46:03+00:00,0.585
2024-12-25 11:47:03+00:00,0.585
2024-12-25 11:48:03+00:00,0.585
2024-12-25 11:49:03+00:00,0.585
2024-12-25 11:50:03+00:00,0.585
2024-12-25 11:51:03+00:00,0.585
2024-12-25 11:52:03+00:00,0.585
2024-12-25 11:53:02+00:00,0.585
2024-12-25 11:54:03+00:00,0.585
2024-12-25 11:55:03+00:00,0.585
2024-12-25 11:56:03+00:00,0.585
2024-12-25 11:57:03+00:00,0.585
2024-12-25 11:58:03+00:00,0.585
2024-12-25 11:59:03+00:00,0.585
2024-12-25 12:00:03+00:00,0.585
2024-12-25 12:01:03+00:00,0.585
2024-12-25 12:02:03+00:00,0.585
2024-12-25 12:03:03+00:00,0.585
2024-12-25 12:04:03+00:00,0.585
2024-12-25 12:05:03+00:00,0.585
2024-12-25 12:06:03+00:00,0.585
2024-12-25 12:07:03+00:00,0.585
2024-12-25 12:08:03+00:00,0.585
2024-12-25 12:09:03+00:00,0.585
2024-12-25 12:10:04+00:00,0.585
2024-12-25 12:11:03+00:00,0.585
2024-12-25 12:12:03+00:00,0.585
2024-12-25 12:13:03+00:00,0.585
2024-12-25 12:14:03+00:00,0.585
2024-12-25 12:15:03+00:00,0.585
2024-12-25 12:16:03+00:00,0.585
2024-12-25 12:17:02+00:00,0.585
2024-12-25 12:18:03+00:00,0.585
2024-12-25 12:19:03+00:00,0.585
2024-12-25 12:20:04+00:00,0.585
2024-12-25 12:21:03+00:00,0.585
2024-12-25 12:22:02+00:00,0.585
2024-12-25 12:23:03+00:00,0.585
2024-12-25 12:24:03+00:00,0.585
2024-12-25 12:25:03+00:00,0.585
2024-12-25 12:26:03+00:00,0.585
2024-12-25 12:27:03+00:00,0.585
2024-12-25 12:28:03+00:00,0.585
2024-12-25 12:29:02+00:00,0.585
2024-12-25 12:30:04+00:00,0.585
2024-12-25 12:31:03+00:00,0.585
2024-12-25 12:32:03+00:00,0.585
2024-12-25 12:33:03+00:00,0.585
2024-12-25 12:34:03+00:00,0.585
2024-12-25 12:35:03+00:00,0.585
2024-12-25 12:36:03+00:00,0.585
2024-12-25 12:37:03+00:00,0.585
2024-12-25 12:38:03+00:00,0.585
2024-12-25 12:39:03+00:00,0.625
2024-12-25 12:40:04+00:00,0.625
2024-12-25 12:41:02+00:00,0.625
2024-12-25 12:42:03+00:00,0.625
2024-12-25 12:43:02+00:00,0.625
2024-12-25 12:44:03+00:00,0.625
2024-12-25 12:45:03+00:00,0.625
2024-12-25 12:46:03+00:00,0.625
2024-12-25 12:47:03+00:00,0.625
2024-12-25 12:48:03+00:00,0.625
2024-12-25 12:49:03+00:00,0.625
2024-12-25 12:50:03+00:00,0.625
2024-12-25 12:51:03+00:00,0.625
2024-12-25 12:52:03+00:00,0.625
2024-12-25 12:53:03+00:00,0.625
2024-12-25 12:54:03+00:00,0.625
2024-12-25 12:55:03+00:00,0.625
2024-12-25 12:56:03+00:00,0.625
2024-12-25 12:57:03+00:00,0.625
2024-12-25 12:58:04+00:00,0.625
2024-12-25 12:59:03+00:00,0.625
2024-12-25 13:00:03+00:00,0.625
2024-12-25 13:01:03+00:00,0.625
2024-12-25 13:02:03+00:00,0.625
2024-12-25 13:03:03+00:00,0.625
2024-12-25 13:04:03+00:00,0.625
2024-12-25 13:05:03+00:00,0.625
2024-12-25 13:06:03+00:00,0.625
2024-12-25 13:07:03+00:00,0.625
2024-12-25 13:08:03+00:00,0.625
2024-12-25 13:09:02+00:00,0.625
2024-12-25 13:10:03+00:00,0.625
2024-12-25 13:11:03+00:00,0.625
2024-12-25 13:12:03+00:00,0.625
2024-12-25 13:13:03+00:00,0.625
2024-12-25 13:14:03+00:00,0.625
2024-12-25 13:15:04+00:00,0.625
2024-12-25 13:16:03+00:00,0.625
2024-12-25 13:17:03+00:00,0.625
2024-12-25 13:18:03+00:00,0.625
2024-12-25 13:19:03+00:00,0.625
2024-12-25 13:20:03+00:00,0.625
2024-12-25 13:21:03+00:00,0.625
2024-12-25 13:22:03+00:00,0.625
2024-12-25 13:23:03+00:00,0.625
2024-12-25 13:24:03+00:00,0.625
2024-12-25 13:25:03+00:00,0.625
2024-12-25 13:26:03+00:00,0.625
2024-12-25 13:27:03+00:00,0.625
2024-12-25 13:28:03+00:00,0.625
2024-12-25 13:29:03+00:00,0.625
2024-12-25 13:30:04+00:00,0.625
2024-12-25 13:31:03+00:00,0.625
2024-12-25 13:32:03+00:00,0.625
2024-12-25 13:33:03+00:00,0.625
2024-12-25 13:34:03+00:00,0.625
2024-12-25 13:35:03+00:00,0.625
2024-12-25 13:36:03+00:00,0.625
2024-12-25 13:37:03+00:00,0.625
2024-12-25 13:38:03+00:00,0.625
2024-12-25 13:39:02+00:00,0.625
2024-12-25 13:40:04+00:00,0.625
2024-12-25 13:41:03+00:00,0.625
2024-12-25 13:42:03+00:00,0.625
2024-12-25 13:43:03+00:00,0.625
2024-12-25 13:44:03+00:00,0.625
2024-12-25 13:45:03+00:00,0.625
2024-12-25 13:46:03+00:00,0.625
2024-12-25 13:47:03+00:00,0.625
2024-12-25 13:48:03+00:00,0.625
2024-12-25 13:49:03+00:00,0.625
2024-12-25 13:50:04+00:00,0.625
2024-12-25 13:51:03+00:00,0.625
2024-12-25 13:52:03+00:00,0.625
2024-12-25 13:53:03+00:00,0.625
2024-12-25 13:54:03+00:00,0.625
2024-12-25 13:55:03+00:00,0.625
2024-12-25 13:56:03+00:00,0.625
2024-12-25 13:57:03+00:00,0.625
2024-12-25 13:58:03+00:00,0.625
2024-12-25 13:59:03+00:00,0.625
2024-12-25 14:00:03+00:00,0.625
2024-12-25 14:01:03+00:00,0.625
2024-12-25 14:02:03+00:00,0.625
2024-12-25 14:03:03+00:00,0.625
2024-12-25 14:04:03+00:00,0.625
2024-12-25 14:05:03+00:00,0.625
2024-12-25 14:06:03+00:00,0.625
2024-12-25 14:07:03+00:00,0.625
2024-12-25 14:08:03+00:00,0.625
2024-12-25 14:09:03+00:00,0.625
2024-12-25 14:10:04+00:00,0.625
2024-12-25 14:11:03+00:00,0.625
2024-12-25 14:12:03+00:00,0.625
2024-12-25 14:13:03+00:00,0.625
2024-12-25 14:14:03+00:00,0.625
2024-12-25 14:15:03+00:00,0.625
2024-12-25 14:16:03+00:00,0.625
2024-12-25 14:17:03+00:00,0.625
2024-12-25 14:18:03+00:00,0.625
2024-12-25 14:19:03+00:00,0.625
2024-12-25 14:20:03+00:00,0.625
2024-12-25 14:21:03+00:00,0.625
2024-12-25 14:22:03+00:00,0.625
2024-12-25 14:23:03+00:00,0.625
2024-12-25 14:24:03+00:00,0.625
2024-12-25 14:25:03+00:00,0.625
2024-12-25 14:26:03+00:00,0.625
2024-12-25 14:27:03+00:00,0.625
2024-12-25 14:28:02+00:00,0.625
2024-12-25 14:29:03+00:00,0.625
2024-12-25 14:30:03+00:00,0.625
2024-12-25 14:31:03+00:00,0.625
2024-12-25 14:32:03+00:00,0.625
2024-12-25 14:33:02+00:00,0.625
2024-12-25 14:34:03+00:00,0.625
2024-12-25 14:35:04+00:00,0.625
2024-12-25 14:36:03+00:00,0.625
2024-12-25 14:37:03+00:00,0.625
2024-12-25 14:38:03+00:00,0.625
2024-12-25 14:39:03+00:00,0.625
2024-12-25 14:40:03+00:00,0.625
2024-12-25 14:41:03+00:00,0.625
2024-12-25 14:42:03+00:00,0.625
2024-12-25 14:43:02+00:00,0.625
2024-12-25 14:44:03+00:00,0.625
2024-12-25 14:45:03+00:00,0.625
2024-12-25 14:46:03+00:00,0.625
2024-12-25 14:47:02+00:00,0.625
2024-12-25 14:48:03+00:00,0.625
2024-12-25 14:49:03+00:00,0.625
2024-12-25 14:50:03+00:00,0.625
2024-12-25 14:51:03+00:00,0.625
2024-12-25 14:52:03+00:00,0.625
2024-12-25 14:53:03+00:00,0.625
2024-12-25 14:54:03+00:00,0.625
2024-12-25 14:55:03+00:00,0.625
2024-12-25 14:56:03+00:00,0.625
2024-12-25 14:57:03+00:00,0.625
2024-12-25 14:58:03+00:00,0.625
2024-12-25 14:59:03+00:00,0.625
2024-12-25 15:00:03+00:00,0.625
2024-12-25 15:01:03+00:00,0.625
2024-12-25 15:02:03+00:00,0.625
2024-12-25 15:03:03+00:00,0.625
2024-12-25 15:04:03+00:00,0.625
2024-12-25 15:05:03+00:00,0.625
2024-12-25 15:06:03+00:00,0.625
2024-12-25 15:07:03+00:00,0.625
2024-12-25 15:08:03+00:00,0.625
2024-12-25 15:09:03+00:00,0.625
2024-12-25 15:10:04+00:00,0.625
2024-12-25 15:11:02+00:00,0.625
2024-12-25 15:12:03+00:00,0.625
2024-12-25 15:13:03+00:00,0.625
2024-12-25 15:14:03+00:00,0.625
2024-12-25 15:15:03+00:00,0.625
2024-12-25 15:16:03+00:00,0.625
2024-12-25 15:17:03+00:00,0.625
2024-12-25 15:18:03+00:00,0.625
2024-12-25 15:19:03+00:00,0.625
2024-12-25 15:20:04+00:00,0.625
2024-12-25 15:21:03+00:00,0.625
2024-12-25 15:22:03+00:00,0.625
2024-12-25 15:23:03+00:00,0.625
2024-12-25 15:24:03+00:00,0.625
2024-12-25 15:25:03+00:00,0.625
2024-12-25 15:26:03+00:00,0.625
2024-12-25 15:27:02+00:00,0.625
2024-12-25 15:28:03+00:00,0.625
2024-12-25 15:29:03+00:00,0.625
2024-12-25 15:30:04+00:00,0.625
2024-12-25 15:31:03+00:00,0.625
2024-12-25 15:32:03+00:00,0.625
2024-12-25 15:33:03+00:00,0.625
2024-12-25 15:34:03+00:00,0.625
2024-12-25 15:35:03+00:00,0.625
2024-12-25 15:36:03+00:00,0.625
2024-12-25 15:37:02+00:00,0.625
2024-12-25 15:38:03+00:00,0.625
2024-12-25 15:39:03+00:00,0.625
2024-12-25 15:40:03+00:00,0.625
2024-12-25 15:41:03+00:00,0.625
2024-12-25 15:42:03+00:00,0.625
2024-12-25 15:43:03+00:00,0.625
2024-12-25 15:44:03+00:00,0.625
2024-12-25 15:45:03+00:00,0.625
2024-12-25 15:46:03+00:00,0.625
2024-12-25 15:47:03+00:00,0.625
2024-12-25 15:48:03+00:00,0.625
2024-12-25 15:49:03+00:00,0.625
2024-12-25 15:50:03+00:00,0.625
2024-12-25 15:51:03+00:00,0.625
2024-12-25 15:52:03+00:00,0.625
2024-12-25 15:53:03+00:00,0.625
2024-12-25 15:54:03+00:00,0.625
2024-12-25 15:55:04+00:00,0.625
2024-12-25 15:56:03+00:00,0.625
2024-12-25 15:57:03+00:00,0.625
2024-12-25 15:58:03+00:00,0.625
2024-12-25 15:59:03+00:00,0.625
2024-12-25 16:00:03+00:00,0.625
2024-12-25 16:01:03+00:00,0.625
2024-12-25 16:02:03+00:00,0.625
2024-12-25 16:03:03+00:00,0.625
2024-12-25 16:04:03+00:00,0.625
2024-12-25 16:05:03+00:00,0.625
2024-12-25 16:06:03+00:00,0.63
2024-12-25 16:07:03+00:00,0.63
2024-12-25 16:08:03+00:00,0.63
2024-12-25 16:09:03+00:00,0.63
2024-12-25 16:10:03+00:00,0.625
2024-12-25 16:11:03+00:00,0.63
2024-12-25 16:12:03+00:00,0.63
2024-12-25 16:13:03+00:00,0.63
2024-12-25 16:14:03+00:00,0.63
2024-12-25 16:15:03+00:00,0.635
2024-12-25 16:16:03+00:00,0.65
2024-12-25 16:17:03+00:00,0.655
2024-12-25 16:18:03+00:00,0.665
2024-12-25 16:19:03+00:00,0.665
2024-12-25 16:20:03+00:00,0.665
2024-12-25 16:21:03+00:00,0.665
2024-12-25 16:22:03+00:00,0.665
2024-12-25 16:23:03+00:00,0.665
2024-12-25 16:24:03+00:00,0.665
2024-12-25 16:25:03+00:00,0.665
2024-12-25 16:26:03+00:00,0.665
2024-12-25 16:27:03+00:00,0.665
2024-12-25 16:28:03+00:00,0.665
2024-12-25 16:29:03+00:00,0.665
2024-12-25 16:30:04+00:00,0.665
2024-12-25 16:31:03+00:00,0.665
2024-12-25 16:32:03+00:00,0.665
2024-12-25 16:33:03+00:00,0.665
2024-12-25 16:34:03+00:00,0.665
2024-12-25 16:35:03+00:00,0.665
2024-12-25 16:36:03+00:00,0.665
2024-12-25 16:37:03+00:00,0.665
2024-12-25 16:38:03+00:00,0.665
2024-12-25 16:39:03+00:00,0.665
2024-12-25 16:40:03+00:00,0.665
2024-12-25 16:41:02+00:00,0.665
2024-12-25 16:42:03+00:00,0.665
2024-12-25 16:43:03+00:00,0.665
2024-12-25 16:44:02+00:00,0.665
2024-12-25 16:45:03+00:00,0.665
2024-12-25 16:46:03+00:00,0.665
2024-12-25 16:47:02+00:00,0.665
2024-12-25 16:48:03+00:00,0.665
2024-12-25 16:49:03+00:00,0.665
2024-12-25 16:50:03+00:00,0.665
2024-12-25 16:51:03+00:00,0.665
2024-12-25 16:52:03+00:00,0.665
2024-12-25 16:53:03+00:00,0.665
2024-12-25 16:54:03+00:00,0.665
2024-12-25 16:55:03+00:00,0.665
2024-12-25 16:56:03+00:00,0.665
2024-12-25 16:57:03+00:00,0.665
2024-12-25 16:58:03+00:00,0.665
2024-12-25 16:59:03+00:00,0.665
2024-12-25 17:00:04+00:00,0.665
2024-12-25 17:01:03+00:00,0.665
2024-12-25 17:02:03+00:00,0.665
2024-12-25 17:03:03+00:00,0.665
2024-12-25 17:04:02+00:00,0.665
2024-12-25 17:05:03+00:00,0.665
2024-12-25 17:06:03+00:00,0.665
2024-12-25 17:07:02+00:00,0.665
2024-12-25 17:08:03+00:00,0.665
2024-12-25 17:09:03+00:00,0.665
2024-12-25 17:10:03+00:00,0.665
2024-12-25 17:11:03+00:00,0.665
2024-12-25 17:12:03+00:00,0.665
2024-12-25 17:13:03+00:00,0.665
2024-12-25 17:14:03+00:00,0.665
2024-12-25 17:15:03+00:00,0.665
2024-12-25 17:16:03+00:00,0.665
2024-12-25 17:17:03+00:00,0.665
2024-12-25 17:18:03+00:00,0.665
2024-12-25 17:19:03+00:00,0.665
2024-12-25 17:20:03+00:00,0.665
2024-12-25 17:21:03+00:00,0.665
2024-12-25 17:22:03+00:00,0.665
2024-12-25 17:23:03+00:00,0.665
2024-12-25 17:24:03+00:00,0.665
2024-12-25 17:25:03+00:00,0.665
2024-12-25 17:26:03+00:00,0.665
2024-12-25 17:27:03+00:00,0.665
2024-12-25 17:28:03+00:00,0.665
2024-12-25 17:29:03+00:00,0.665
2024-12-25 17:30:03+00:00,0.665
2024-12-25 17:31:03+00:00,0.665
2024-12-25 17:32:03+00:00,0.665
2024-12-25 17:33:03+00:00,0.665
2024-12-25 17:34:03+00:00,0.665
2024-12-25 17:35:03+00:00,0.665
2024-12-25 17:36:03+00:00,0.665
2024-12-25 17:37:02+00:00,0.665
2024-12-25 17:38:03+00:00,0.665
2024-12-25 17:39:03+00:00,0.665
2024-12-25 17:40:03+00:00,0.665
2024-12-25 17:41:03+00:00,0.665
2024-12-25 17:42:03+00:00,0.665
2024-12-25 17:43:03+00:00,0.665
2024-12-25 17:44:03+00:00,0.665
2024-12-25 17:45:03+00:00,0.665
2024-12-25 17:46:03+00:00,0.665
2024-12-25 17:47:03+00:00,0.665
2024-12-25 17:48:03+00:00,0.665
2024-12-25 17:49:03+00:00,0.665
2024-12-25 17:50:03+00:00,0.665
2024-12-25 17:51:03+00:00,0.665
2024-12-25 17:52:03+00:00,0.665
2024-12-25 17:53:03+00:00,0.665
2024-12-25 17:54:03+00:00,0.665
2024-12-25 17:55:03+00:00,0.665
2024-12-25 17:56:03+00:00,0.665
2024-12-25 17:57:03+00:00,0.665
2024-12-25 17:58:03+00:00,0.665
2024-12-25 17:59:03+00:00,0.665
2024-12-25 18:00:03+00:00,0.665
2024-12-25 18:01:03+00:00,0.665
2024-12-25 18:02:03+00:00,0.665
2024-12-25 18:03:03+00:00,0.665
2024-12-25 18:04:03+00:00,0.665
2024-12-25 18:05:03+00:00,0.665
2024-12-25 18:06:03+00:00,0.665
2024-12-25 18:07:03+00:00,0.665
2024-12-25 18:08:03+00:00,0.665
2024-12-25 18:09:03+00:00,0.665
2024-12-25 18:10:03+00:00,0.665
2024-12-25 18:11:03+00:00,0.665
2024-12-25 18:12:03+00:00,0.665
2024-12-25 18:13:03+00:00,0.665
2024-12-25 18:14:03+00:00,0.665
2024-12-25 18:15:03+00:00,0.665
2024-12-25 18:16:03+00:00,0.665
2024-12-25 18:17:03+00:00,0.665
2024-12-25 18:18:02+00:00,0.665
2024-12-25 18:19:03+00:00,0.665
2024-12-25 18:20:03+00:00,0.665
2024-12-25 18:21:03+00:00,0.665
2024-12-25 18:22:03+00:00,0.67
2024-12-25 18:23:03+00:00,0.67
2024-12-25 18:24:03+00:00,0.67
2024-12-25 18:25:03+00:00,0.67
2024-12-25 18:26:03+00:00,0.665
2024-12-25 18:27:03+00:00,0.665
2024-12-25 18:28:03+00:00,0.67
2024-12-25 18:29:03+00:00,0.67
2024-12-25 18:30:03+00:00,0.67
2024-12-25 18:31:03+00:00,0.67
2024-12-25 18:32:03+00:00,0.675
2024-12-25 18:33:03+00:00,0.675
2024-12-25 18:34:03+00:00,0.675
2024-12-25 18:35:03+00:00,0.675
2024-12-25 18:36:03+00:00,0.67
2024-12-25 18:37:03+00:00,0.67
2024-12-25 18:38:03+00:00,0.67
2024-12-25 18:39:03+00:00,0.67
2024-12-25 18:40:03+00:00,0.67
2024-12-25 18:41:03+00:00,0.67
2024-12-25 18:42:03+00:00,0.665
2024-12-25 18:43:03+00:00,0.665
2024-12-25 18:44:03+00:00,0.665
2024-12-25 18:45:03+00:00,0.67
2024-12-25 18:46:03+00:00,0.67
2024-12-25 18:47:02+00:00,0.675
2024-12-25 18:48:03+00:00,0.67
2024-12-25 18:49:03+00:00,0.67
2024-12-25 18:50:03+00:00,0.675
2024-12-25 18:51:03+00:00,0.675
2024-12-25 18:52:03+00:00,0.665
2024-12-25 18:53:03+00:00,0.675
2024-12-25 18:54:03+00:00,0.67
2024-12-25 18:55:03+00:00,0.67
2024-12-25 18:56:03+00:00,0.67
2024-12-25 18:57:03+00:00,0.665
2024-12-25 18:58:03+00:00,0.665
2024-12-25 18:59:03+00:00,0.665
2024-12-25 19:00:03+00:00,0.665
2024-12-25 19:01:03+00:00,0.665
2024-12-25 19:02:03+00:00,0.665
2024-12-25 19:03:03+00:00,0.665
2024-12-25 19:04:03+00:00,0.665
2024-12-25 19:05:02+00:00,0.665
2024-12-25 19:06:03+00:00,0.665
2024-12-25 19:07:03+00:00,0.665
2024-12-25 19:08:03+00:00,0.665
2024-12-25 19:09:03+00:00,0.665
2024-12-25 19:10:03+00:00,0.665
2024-12-25 19:11:02+00:00,0.665
2024-12-25 19:12:03+00:00,0.665
2024-12-25 19:13:03+00:00,0.665
2024-12-25 19:14:03+00:00,0.665
2024-12-25 19:15:03+00:00,0.665
2024-12-25 19:16:03+00:00,0.665
2024-12-25 19:17:03+00:00,0.665
2024-12-25 19:18:03+00:00,0.665
2024-12-25 19:19:02+00:00,0.665
2024-12-25 19:20:02+00:00,0.665
2024-12-25 19:21:03+00:00,0.665
2024-12-25 19:22:03+00:00,0.665
2024-12-25 19:23:03+00:00,0.665
2024-12-25 19:24:03+00:00,0.665
2024-12-25 19:25:03+00:00,0.665
2024-12-25 19:26:03+00:00,0.665
2024-12-25 19:27:03+00:00,0.665
2024-12-25 19:28:03+00:00,0.665
2024-12-25 19:29:03+00:00,0.665
2024-12-25 19:30:03+00:00,0.665
2024-12-25 19:31:03+00:00,0.665
2024-12-25 19:32:03+00:00,0.665
2024-12-25 19:33:03+00:00,0.665
2024-12-25 19:34:03+00:00,0.665
2024-12-25 19:35:03+00:00,0.665
2024-12-25 19:36:03+00:00,0.665
2024-12-25 19:37:03+00:00,0.665
2024-12-25 19:38:03+00:00,0.665
2024-12-25 19:39:03+00:00,0.665
2024-12-25 19:40:03+00:00,0.665
2024-12-25 19:41:03+00:00,0.665
2024-12-25 19:42:02+00:00,0.665
2024-12-25 19:43:03+00:00,0.665
2024-12-25 19:44:03+00:00,0.665
2024-12-25 19:45:03+00:00,0.665
2024-12-25 19:46:03+00:00,0.665
2024-12-25 19:47:03+00:00,0.665
2024-12-25 19:48:03+00:00,0.665
2024-12-25 19:49:03+00:00,0.665
2024-12-25 19:50:03+00:00,0.665
2024-12-25 19:51:03+00:00,0.665
2024-12-25 19:52:03+00:00,0.665
2024-12-25 19:53:03+00:00,0.665
2024-12-25 19:54:03+00:00,0.665
2024-12-25 19:55:03+00:00,0.665
2024-12-25 19:56:03+00:00,0.665
2024-12-25 19:57:02+00:00,0.665
2024-12-25 19:58:03+00:00,0.665
2024-12-25 19:59:03+00:00,0.665
2024-12-25 20:00:04+00:00,0.665
2024-12-25 20:01:03+00:00,0.665
2024-12-25 20:02:03+00:00,0.665
2024-12-25 20:03:03+00:00,0.665
2024-12-25 20:04:03+00:00,0.665
2024-12-25 20:05:03+00:00,0.665
2024-12-25 20:06:03+00:00,0.665
2024-12-25 20:07:03+00:00,0.665
2024-12-25 20:08:03+00:00,0.665
2024-12-25 20:09:02+00:00,0.665
2024-12-25 20:10:04+00:00,0.665
2024-12-25 20:11:03+00:00,0.665
2024-12-25 20:12:03+00:00,0.665
2024-12-25 20:13:03+00:00,0.665
2024-12-25 20:14:03+00:00,0.665
2024-12-25 20:15:03+00:00,0.665
2024-12-25 20:16:03+00:00,0.665
2024-12-25 20:17:03+00:00,0.665
2024-12-25 20:18:03+00:00,0.665
2024-12-25 20:19:03+00:00,0.665
2024-12-25 20:20:03+00:00,0.665
2024-12-25 20:21:03+00:00,0.665
2024-12-25 20:22:03+00:00,0.665
2024-12-25 20:23:03+00:00,0.665
2024-12-25 20:24:03+00:00,0.665
2024-12-25 20:25:03+00:00,0.665
2024-12-25 20:26:03+00:00,0.665
2024-12-25 20:27:03+00:00,0.665
2024-12-25 20:28:03+00:00,0.665
2024-12-25 20:29:03+00:00,0.665
2024-12-25 20:30:03+00:00,0.665
2024-12-25 20:31:02+00:00,0.665
2024-12-25 20:32:03+00:00,0.665
2024-12-25 20:33:03+00:00,0.665
2024-12-25 20:34:03+00:00,0.665
2024-12-25 20:35:03+00:00,0.665
2024-12-25 20:36:03+00:00,0.665
2024-12-25 20:37:03+00:00,0.665
2024-12-25 20:38:03+00:00,0.665
2024-12-25 20:39:03+00:00,0.665
2024-12-25 20:40:04+00:00,0.665
2024-12-25 20:41:03+00:00,0.665
2024-12-25 20:42:03+00:00,0.665
2024-12-25 20:43:02+00:00,0.665
2024-12-25 20:44:03+00:00,0.665
2024-12-25 20:45:03+00:00,0.665
2024-12-25 20:46:03+00:00,0.665
2024-12-25 20:47:03+00:00,0.665
2024-12-25 20:48:03+00:00,0.665
2024-12-25 20:49:03+00:00,0.665
2024-12-25 20:50:03+00:00,0.665
2024-12-25 20:51:03+00:00,0.665
2024-12-25 20:52:03+00:00,0.665
2024-12-25 20:53:03+00:00,0.665
2024-12-25 20:54:03+00:00,0.665
2024-12-25 20:55:03+00:00,0.665
2024-12-25 20:56:03+00:00,0.665
2024-12-25 20:57:03+00:00,0.665
2024-12-25 20:58:03+00:00,0.665
2024-12-25 20:59:03+00:00,0.665
2024-12-25 21:00:04+00:00,0.665
2024-12-25 21:01:03+00:00,0.665
2024-12-25 21:02:03+00:00,0.665
2024-12-25 21:03:03+00:00,0.665
2024-12-25 21:04:03+00:00,0.665
2024-12-25 21:05:03+00:00,0.665
2024-12-25 21:06:03+00:00,0.665
2024-12-25 21:07:03+00:00,0.665
2024-12-25 21:08:03+00:00,0.665
2024-12-25 21:09:03+00:00,0.67
2024-12-25 21:10:04+00:00,0.67
2024-12-25 21:11:03+00:00,0.67
2024-12-25 21:12:03+00:00,0.67
2024-12-25 21:13:03+00:00,0.67
2024-12-25 21:14:03+00:00,0.67
2024-12-25 21:15:03+00:00,0.67
2024-12-25 21:16:03+00:00,0.675
2024-12-25 21:17:03+00:00,0.675
2024-12-25 21:18:03+00:00,0.67
2024-12-25 21:19:03+00:00,0.67
2024-12-25 21:20:03+00:00,0.67
2024-12-25 21:21:03+00:00,0.67
2024-12-25 21:22:03+00:00,0.665
2024-12-25 21:23:03+00:00,0.665
2024-12-25 21:24:03+00:00,0.665
2024-12-25 21:25:03+00:00,0.665
2024-12-25 21:26:03+00:00,0.665
2024-12-25 21:27:03+00:00,0.665
2024-12-25 21:28:03+00:00,0.665
2024-12-25 21:29:03+00:00,0.665
2024-12-25 21:30:04+00:00,0.665
2024-12-25 21:31:03+00:00,0.665
2024-12-25 21:32:03+00:00,0.665
2024-12-25 21:33:03+00:00,0.665
2024-12-25 21:34:03+00:00,0.665
2024-12-25 21:35:03+00:00,0.665
2024-12-25 21:36:03+00:00,0.665
2024-12-25 21:37:02+00:00,0.665
2024-12-25 21:38:03+00:00,0.665
2024-12-25 21:39:03+00:00,0.665
2024-12-25 21:40:03+00:00,0.665
2024-12-25 21:41:03+00:00,0.665
2024-12-25 21:42:03+00:00,0.665
2024-12-25 21:43:03+00:00,0.665
2024-12-25 21:44:03+00:00,0.665
2024-12-25 21:45:03+00:00,0.665
2024-12-25 21:46:03+00:00,0.665
2024-12-25 21:47:03+00:00,0.665
2024-12-25 21:48:03+00:00,0.665
2024-12-25 21:49:02+00:00,0.665
2024-12-25 21:50:03+00:00,0.665
2024-12-25 21:51:02+00:00,0.665
2024-12-25 21:52:03+00:00,0.665
2024-12-25 21:53:03+00:00,0.665
2024-12-25 21:54:03+00:00,0.665
2024-12-25 21:55:03+00:00,0.665
2024-12-25 21:56:03+00:00,0.665
2024-12-25 21:57:03+00:00,0.665
2024-12-25 21:58:03+00:00,0.665
2024-12-25 21:59:03+00:00,0.665
2024-12-25 22:00:03+00:00,0.665
2024-12-25 22:01:03+00:00,0.665
2024-12-25 22:02:03+00:00,0.665
2024-12-25 22:03:03+00:00,0.665
2024-12-25 22:04:03+00:00,0.665
2024-12-25 22:05:03+00:00,0.665
2024-12-25 22:06:03+00:00,0.665
2024-12-25 22:07:02+00:00,0.665
2024-12-25 22:08:03+00:00,0.665
2024-12-25 22:09:02+00:00,0.665
2024-12-25 22:10:03+00:00,0.665
2024-12-25 22:11:03+00:00,0.665
2024-12-25 22:12:03+00:00,0.665
2024-12-25 22:13:03+00:00,0.665
2024-12-25 22:14:03+00:00,0.665
2024-12-25 22:15:03+00:00,0.665
2024-12-25 22:16:03+00:00,0.665
2024-12-25 22:17:03+00:00,0.665
2024-12-25 22:18:02+00:00,0.665
2024-12-25 22:19:03+00:00,0.665
2024-12-25 22:20:03+00:00,0.665
2024-12-25 22:21:03+00:00,0.665
2024-12-25 22:22:03+00:00,0.665
2024-12-25 22:23:03+00:00,0.665
2024-12-25 22:24:03+00:00,0.665
2024-12-25 22:25:03+00:00,0.665
2024-12-25 22:26:03+00:00,0.665
2024-12-25 22:27:02+00:00,0.665
2024-12-25 22:28:03+00:00,0.665
2024-12-25 22:29:03+00:00,0.665
2024-12-25 22:30:03+00:00,0.665
2024-12-25 22:31:03+00:00,0.665
2024-12-25 22:32:03+00:00,0.665
2024-12-25 22:33:03+00:00,0.665
2024-12-25 22:34:03+00:00,0.665
2024-12-25 22:35:03+00:00,0.665
2024-12-25 22:36:03+00:00,0.665
2024-12-25 22:37:02+00:00,0.665
2024-12-25 22:38:03+00:00,0.665
2024-12-25 22:39:03+00:00,0.665
2024-12-25 22:40:03+00:00,0.665
2024-12-25 22:41:03+00:00,0.665
2024-12-25 22:42:03+00:00,0.665
2024-12-25 22:43:02+00:00,0.665
2024-12-25 22:44:03+00:00,0.665
2024-12-25 22:45:03+00:00,0.665
2024-12-25 22:46:03+00:00,0.665
2024-12-25 22:47:03+00:00,0.665
2024-12-25 22:48:03+00:00,0.665
2024-12-25 22:49:03+00:00,0.665
2024-12-25 22:50:03+00:00,0.665
2024-12-25 22:51:02+00:00,0.665
2024-12-25 22:52:03+00:00,0.665
2024-12-25 22:53:03+00:00,0.665
2024-12-25 22:54:02+00:00,0.665
2024-12-25 22:55:03+00:00,0.665
2024-12-25 22:56:03+00:00,0.665
2024-12-25 22:57:03+00:00,0.665
2024-12-25 22:58:03+00:00,0.665
2024-12-25 22:59:02+00:00,0.665
2024-12-25 23:00:02+00:00,0.665
2024-12-25 23:01:02+00:00,0.665
2024-12-25 23:02:03+00:00,0.665
2024-12-25 23:03:03+00:00,0.665
2024-12-25 23:04:03+00:00,0.665
2024-12-25 23:05:03+00:00,0.665
2024-12-25 23:06:03+00:00,0.665
2024-12-25 23:07:02+00:00,0.665
2024-12-25 23:08:02+00:00,0.665
2024-12-25 23:09:03+00:00,0.665
2024-12-25 23:10:03+00:00,0.665
2024-12-25 23:11:03+00:00,0.665
2024-12-25 23:12:03+00:00,0.665
2024-12-25 23:13:03+00:00,0.665
2024-12-25 23:14:03+00:00,0.665
2024-12-25 23:15:03+00:00,0.665
2024-12-25 23:16:03+00:00,0.665
2024-12-25 23:17:03+00:00,0.665
2024-12-25 23:18:03+00:00,0.665
2024-12-25 23:19:02+00:00,0.665
2024-12-25 23:20:03+00:00,0.665
2024-12-25 23:21:03+00:00,0.665
2024-12-25 23:22:03+00:00,0.665
2024-12-25 23:23:03+00:00,0.665
2024-12-25 23:24:03+00:00,0.665
2024-12-25 23:25:03+00:00,0.665
2024-12-25 23:26:03+00:00,0.665
2024-12-25 23:27:03+00:00,0.665
2024-12-25 23:28:03+00:00,0.665
2024-12-25 23:29:02+00:00,0.665
2024-12-25 23:30:03+00:00,0.665
2024-12-25 23:31:02+00:00,0.665
2024-12-25 23:32:02+00:00,0.665
2024-12-25 23:33:03+00:00,0.665
2024-12-25 23:34:03+00:00,0.665
2024-12-25 23:35:03+00:00,0.665
2024-12-25 23:36:03+00:00,0.665
2024-12-25 23:37:03+00:00,0.665
2024-12-25 23:38:03+00:00,0.665
2024-12-25 23:39:03+00:00,0.665
2024-12-25 23:40:03+00:00,0.665
2024-12-25 23:41:02+00:00,0.665
2024-12-25 23:42:03+00:00,0.665
2024-12-25 23:43:03+00:00,0.665
2024-12-25 23:44:03+00:00,0.665
2024-12-25 23:45:03+00:00,0.665
2024-12-25 23:46:03+00:00,0.665
2024-12-25 23:47:03+00:00,0.665
2024-12-25 23:48:03+00:00,0.665
2024-12-25 23:49:03+00:00,0.665
2024-12-25 23:50:02+00:00,0.665
2024-12-25 23:51:03+00:00,0.665
2024-12-25 23:52:03+00:00,0.665
2024-12-25 23:53:03+00:00,0.665
2024-12-25 23:54:03+00:00,0.665
2024-12-25 23:55:03+00:00,0.665
2024-12-25 23:56:03+00:00,0.665
2024-12-25 23:57:03+00:00,0.665
2024-12-25 23:58:03+00:00,0.665
2024-12-25 23:59:03+00:00,0.665
2024-12-26 00:00:04+00:00,0.665
2024-12-26 00:01:03+00:00,0.665
2024-12-26 00:02:03+00:00,0.665
2024-12-26 00:03:03+00:00,0.665
2024-12-26 00:04:03+00:00,0.665
2024-12-26 00:05:03+00:00,0.665
2024-12-26 00:06:03+00:00,0.665
2024-12-26 00:07:03+00:00,0.665
2024-12-26 00:08:03+00:00,0.665
2024-12-26 00:09:03+00:00,0.665
2024-12-26 00:10:04+00:00,0.665
2024-12-26 00:11:03+00:00,0.665
2024-12-26 00:12:03+00:00,0.665
2024-12-26 00:13:02+00:00,0.665
2024-12-26 00:14:03+00:00,0.665
2024-12-26 00:15:03+00:00,0.665
2024-12-26 00:16:03+00:00,0.665
2024-12-26 00:17:03+00:00,0.665
2024-12-26 00:18:03+00:00,0.665
2024-12-26 00:19:03+00:00,0.665
2024-12-26 00:20:03+00:00,0.665
2024-12-26 00:21:03+00:00,0.665
2024-12-26 00:22:02+00:00,0.665
2024-12-26 00:23:03+00:00,0.665
2024-12-26 00:24:03+00:00,0.665
2024-12-26 00:25:03+00:00,0.665
2024-12-26 00:26:03+00:00,0.665
2024-12-26 00:27:03+00:00,0.665
2024-12-26 00:28:03+00:00,0.665
2024-12-26 00:29:03+00:00,0.665
2024-12-26 00:30:03+00:00,0.665
2024-12-26 00:31:03+00:00,0.665
2024-12-26 00:32:03+00:00,0.665
2024-12-26 00:33:03+00:00,0.665
2024-12-26 00:34:03+00:00,0.665
2024-12-26 00:35:03+00:00,0.665
2024-12-26 00:36:03+00:00,0.665
2024-12-26 00:37:03+00:00,0.665
2024-12-26 00:38:03+00:00,0.665
2024-12-26 00:39:03+00:00,0.665
2024-12-26 00:40:03+00:00,0.665
2024-12-26 00:41:03+00:00,0.665
2024-12-26 00:42:03+00:00,0.665
2024-12-26 00:43:03+00:00,0.665
2024-12-26 00:44:03+00:00,0.665
2024-12-26 00:45:03+00:00,0.665
2024-12-26 00:46:03+00:00,0.665
2024-12-26 00:47:03+00:00,0.665
2024-12-26 00:48:03+00:00,0.665
2024-12-26 00:49:03+00:00,0.665
2024-12-26 00:50:03+00:00,0.665
2024-12-26 00:51:03+00:00,0.665
2024-12-26 00:52:03+00:00,0.665
2024-12-26 00:53:03+00:00,0.665
2024-12-26 00:54:03+00:00,0.665
2024-12-26 00:55:03+00:00,0.665
2024-12-26 00:56:03+00:00,0.665
2024-12-26 00:57:03+00:00,0.665
2024-12-26 00:58:03+00:00,0.665
2024-12-26 00:59:03+00:00,0.665
2024-12-26 01:00:04+00:00,0.665
2024-12-26 01:01:03+00:00,0.665
2024-12-26 01:02:03+00:00,0.665
2024-12-26 01:03:03+00:00,0.665
2024-12-26 01:04:03+00:00,0.665
2024-12-26 01:05:03+00:00,0.665
2024-12-26 01:06:03+00:00,0.665
2024-12-26 01:07:03+00:00,0.665
2024-12-26 01:08:03+00:00,0.665
2024-12-26 01:09:03+00:00,0.665
2024-12-26 01:10:04+00:00,0.665
2024-12-26 01:11:03+00:00,0.665
2024-12-26 01:12:03+00:00,0.665
2024-12-26 01:13:03+00:00,0.665
2024-12-26 01:14:03+00:00,0.635
2024-12-26 01:15:03+00:00,0.635
2024-12-26 01:16:03+00:00,0.635
2024-12-26 01:17:03+00:00,0.64
2024-12-26 01:18:03+00:00,0.64
2024-12-26 01:19:03+00:00,0.635
2024-12-26 01:20:03+00:00,0.605
2024-12-26 01:21:03+00:00,0.605
2024-12-26 01:22:03+00:00,0.605
2024-12-26 01:23:03+00:00,0.605
2024-12-26 01:24:03+00:00,0.605
2024-12-26 01:25:03+00:00,0.635
2024-12-26 01:26:03+00:00,0.635
2024-12-26 01:27:03+00:00,0.635
2024-12-26 01:28:02+00:00,0.635
2024-12-26 01:29:03+00:00,0.635
2024-12-26 01:30:03+00:00,0.64
2024-12-26 01:31:03+00:00,0.635
2024-12-26 01:32:03+00:00,0.62
2024-12-26 01:33:03+00:00,0.62
2024-12-26 01:34:03+00:00,0.625
2024-12-26 01:35:03+00:00,0.6
2024-12-26 01:36:03+00:00,0.64
2024-12-26 01:37:03+00:00,0.63
2024-12-26 01:38:03+00:00,0.63
2024-12-26 01:39:03+00:00,0.63
2024-12-26 01:40:03+00:00,0.63
2024-12-26 01:41:02+00:00,0.63
2024-12-26 01:42:03+00:00,0.63
2024-12-26 01:43:03+00:00,0.63
2024-12-26 01:44:03+00:00,0.63
2024-12-26 01:45:03+00:00,0.63
2024-12-26 01:46:03+00:00,0.61
2024-12-26 01:47:03+00:00,0.605
2024-12-26 01:48:03+00:00,0.605
2024-12-26 01:49:03+00:00,0.605
2024-12-26 01:50:03+00:00,0.605
2024-12-26 01:51:03+00:00,0.63
2024-12-26 01:52:03+00:00,0.63
2024-12-26 01:53:03+00:00,0.63
2024-12-26 01:54:03+00:00,0.63
2024-12-26 01:55:03+00:00,0.63
2024-12-26 01:56:03+00:00,0.63
2024-12-26 01:57:03+00:00,0.63
2024-12-26 01:58:03+00:00,0.64
2024-12-26 01:59:03+00:00,0.63
2024-12-26 02:00:03+00:00,0.63
2024-12-26 02:01:03+00:00,0.595
2024-12-26 02:02:03+00:00,0.595
2024-12-26 02:03:03+00:00,0.595
2024-12-26 02:04:03+00:00,0.6
2024-12-26 02:05:03+00:00,0.6
2024-12-26 02:06:03+00:00,0.6
2024-12-26 02:07:03+00:00,0.6
2024-12-26 02:08:03+00:00,0.6
2024-12-26 02:09:03+00:00,0.6
2024-12-26 02:10:03+00:00,0.6
2024-12-26 02:11:03+00:00,0.6
2024-12-26 02:12:03+00:00,0.6
2024-12-26 02:13:02+00:00,0.6
2024-12-26 02:14:03+00:00,0.6
2024-12-26 02:15:03+00:00,0.6
2024-12-26 02:16:03+00:00,0.605
2024-12-26 02:17:03+00:00,0.6
2024-12-26 02:18:03+00:00,0.6
2024-12-26 02:19:03+00:00,0.6
2024-12-26 02:20:03+00:00,0.6
2024-12-26 02:21:03+00:00,0.6
2024-12-26 02:22:03+00:00,0.6
2024-12-26 02:23:03+00:00,0.6
2024-12-26 02:24:03+00:00,0.605
2024-12-26 02:25:03+00:00,0.6
2024-12-26 02:26:03+00:00,0.6
2024-12-26 02:27:03+00:00,0.6
2024-12-26 02:28:03+00:00,0.6
2024-12-26 02:29:03+00:00,0.6
2024-12-26 02:30:04+00:00,0.6
2024-12-26 02:31:03+00:00,0.6
2024-12-26 02:32:03+00:00,0.6
2024-12-26 02:33:03+00:00,0.595
2024-12-26 02:34:03+00:00,0.635
2024-12-26 02:35:03+00:00,0.635
2024-12-26 02:36:03+00:00,0.635
2024-12-26 02:37:03+00:00,0.635
2024-12-26 02:38:03+00:00,0.635
2024-12-26 02:39:02+00:00,0.635
2024-12-26 02:40:04+00:00,0.64
2024-12-26 02:41:03+00:00,0.64
2024-12-26 02:42:03+00:00,0.635
2024-12-26 02:43:03+00:00,0.605
2024-12-26 02:44:03+00:00,0.6
2024-12-26 02:45:03+00:00,0.6
2024-12-26 02:46:03+00:00,0.6
2024-12-26 02:47:03+00:00,0.6
2024-12-26 02:48:03+00:00,0.6
2024-12-26 02:49:03+00:00,0.6
2024-12-26 02:50:03+00:00,0.6
2024-12-26 02:51:03+00:00,0.6
2024-12-26 02:52:03+00:00,0.6
2024-12-26 02:53:03+00:00,0.6
2024-12-26 02:54:03+00:00,0.6
2024-12-26 02:55:03+00:00,0.6
2024-12-26 02:56:03+00:00,0.6
2024-12-26 02:57:03+00:00,0.6
2024-12-26 02:58:03+00:00,0.6
2024-12-26 02:59:03+00:00,0.6
2024-12-26 03:00:04+00:00,0.6
2024-12-26 03:01:03+00:00,0.6
2024-12-26 03:02:03+00:00,0.6
2024-12-26 03:03:02+00:00,0.6
2024-12-26 03:04:03+00:00,0.6
2024-12-26 03:05:03+00:00,0.605
2024-12-26 03:06:03+00:00,0.605
2024-12-26 03:07:03+00:00,0.6
2024-12-26 03:08:03+00:00,0.59
2024-12-26 03:09:03+00:00,0.595
2024-12-26 03:10:03+00:00,0.595
2024-12-26 03:11:03+00:00,0.595
2024-12-26 03:12:03+00:00,0.595
2024-12-26 03:13:03+00:00,0.595
2024-12-26 03:14:03+00:00,0.595
2024-12-26 03:15:03+00:00,0.595
2024-12-26 03:16:03+00:00,0.595
2024-12-26 03:17:03+00:00,0.595
2024-12-26 03:18:03+00:00,0.595
2024-12-26 03:19:03+00:00,0.595
2024-12-26 03:20:03+00:00,0.595
2024-12-26 03:21:03+00:00,0.595
2024-12-26 03:22:03+00:00,0.595
2024-12-26 03:23:03+00:00,0.595
2024-12-26 03:24:03+00:00,0.595
2024-12-26 03:25:03+00:00,0.595
2024-12-26 03:26:03+00:00,0.595
2024-12-26 03:27:03+00:00,0.595
2024-12-26 03:28:03+00:00,0.595
2024-12-26 03:29:03+00:00,0.595
2024-12-26 03:30:04+00:00,0.595
2024-12-26 03:31:03+00:00,0.595
2024-12-26 03:32:03+00:00,0.595
2024-12-26 03:33:03+00:00,0.595
2024-12-26 03:34:03+00:00,0.595
2024-12-26 03:35:02+00:00,0.595
2024-12-26 03:36:03+00:00,0.6
2024-12-26 03:37:03+00:00,0.6
2024-12-26 03:38:03+00:00,0.6
2024-12-26 03:39:03+00:00,0.6
2024-12-26 03:40:03+00:00,0.585
2024-12-26 03:41:03+00:00,0.585
2024-12-26 03:42:03+00:00,0.585
2024-12-26 03:43:03+00:00,0.585
2024-12-26 03:44:03+00:00,0.585
2024-12-26 03:45:03+00:00,0.585
2024-12-26 03:46:03+00:00,0.585
2024-12-26 03:47:03+00:00,0.585
2024-12-26 03:48:03+00:00,0.585
2024-12-26 03:49:03+00:00,0.585
2024-12-26 03:50:03+00:00,0.585
2024-12-26 03:51:03+00:00,0.585
2024-12-26 03:52:03+00:00,0.585
2024-12-26 03:53:03+00:00,0.585
2024-12-26 03:54:03+00:00,0.585
2024-12-26 03:55:03+00:00,0.585
2024-12-26 03:56:03+00:00,0.585
2024-12-26 03:57:03+00:00,0.585
2024-12-26 03:58:03+00:00,0.585
2024-12-26 03:59:03+00:00,0.585
2024-12-26 04:00:03+00:00,0.585
2024-12-26 04:01:03+00:00,0.585
2024-12-26 04:02:03+00:00,0.585
2024-12-26 04:03:03+00:00,0.585
2024-12-26 04:04:03+00:00,0.585
2024-12-26 04:05:03+00:00,0.585
2024-12-26 04:06:03+00:00,0.585
2024-12-26 04:07:03+00:00,0.585
2024-12-26 04:08:03+00:00,0.585
2024-12-26 04:09:03+00:00,0.585
2024-12-26 04:10:03+00:00,0.585
2024-12-26 04:11:03+00:00,0.585
2024-12-26 04:12:03+00:00,0.585
2024-12-26 04:13:02+00:00,0.585
2024-12-26 04:14:03+00:00,0.585
2024-12-26 04:15:03+00:00,0.585
2024-12-26 04:16:03+00:00,0.585
2024-12-26 04:17:03+00:00,0.585
2024-12-26 04:18:03+00:00,0.585
2024-12-26 04:19:03+00:00,0.585
2024-12-26 04:20:03+00:00,0.585
2024-12-26 04:21:03+00:00,0.585
2024-12-26 04:22:03+00:00,0.585
2024-12-26 04:23:03+00:00,0.585
2024-12-26 04:24:03+00:00,0.585
2024-12-26 04:25:03+00:00,0.585
2024-12-26 04:26:02+00:00,0.585
2024-12-26 04:27:02+00:00,0.585
2024-12-26 04:28:03+00:00,0.585
2024-12-26 04:29:03+00:00,0.585
2024-12-26 04:30:04+00:00,0.585
2024-12-26 04:31:03+00:00,0.585
2024-12-26 04:32:03+00:00,0.585
2024-12-26 04:33:03+00:00,0.585
2024-12-26 04:34:03+00:00,0.585
2024-12-26 04:35:03+00:00,0.585
2024-12-26 04:36:03+00:00,0.595
2024-12-26 04:37:03+00:00,0.595
2024-12-26 04:38:03+00:00,0.595
2024-12-26 04:39:03+00:00,0.595
2024-12-26 04:40:03+00:00,0.595
2024-12-26 04:41:03+00:00,0.595
2024-12-26 04:42:03+00:00,0.595
2024-12-26 04:43:03+00:00,0.595
2024-12-26 04:44:03+00:00,0.59
2024-12-26 04:45:03+00:00,0.595
2024-12-26 04:46:03+00:00,0.595
2024-12-26 04:47:03+00:00,0.595
2024-12-26 04:48:03+00:00,0.595
2024-12-26 04:49:03+00:00,0.595
2024-12-26 04:50:03+00:00,0.595
2024-12-26 04:51:03+00:00,0.595
2024-12-26 04:52:03+00:00,0.595
2024-12-26 04:53:03+00:00,0.595
2024-12-26 04:54:03+00:00,0.595
2024-12-26 04:55:03+00:00,0.595
2024-12-26 04:56:03+00:00,0.595
2024-12-26 04:57:03+00:00,0.595
2024-12-26 04:58:03+00:00,0.595
2024-12-26 04:59:03+00:00,0.595
2024-12-26 05:00:03+00:00,0.595
2024-12-26 05:01:03+00:00,0.595
2024-12-26 05:02:03+00:00,0.595
2024-12-26 05:03:03+00:00,0.595
2024-12-26 05:04:03+00:00,0.595
2024-12-26 05:05:03+00:00,0.605
2024-12-26 05:06:03+00:00,0.605
2024-12-26 05:07:03+00:00,0.605
2024-12-26 05:08:03+00:00,0.605
2024-12-26 05:09:03+00:00,0.605
2024-12-26 05:10:04+00:00,0.605
2024-12-26 05:11:03+00:00,0.605
2024-12-26 05:12:03+00:00,0.605
2024-12-26 05:13:03+00:00,0.605
2024-12-26 05:14:02+00:00,0.605
2024-12-26 05:15:03+00:00,0.605
2024-12-26 05:16:03+00:00,0.605
2024-12-26 05:17:03+00:00,0.605
2024-12-26 05:18:03+00:00,0.605
2024-12-26 05:19:03+00:00,0.605
2024-12-26 05:20:03+00:00,0.605
2024-12-26 05:21:03+00:00,0.605
2024-12-26 05:22:03+00:00,0.605
2024-12-26 05:23:03+00:00,0.59
2024-12-26 05:24:03+00:00,0.59
2024-12-26 05:25:03+00:00,0.59
2024-12-26 05:26:03+00:00,0.59
2024-12-26 05:27:03+00:00,0.59
2024-12-26 05:28:03+00:00,0.59
2024-12-26 05:29:03+00:00,0.59
2024-12-26 05:30:03+00:00,0.59
2024-12-26 05:31:03+00:00,0.59
2024-12-26 05:32:03+00:00,0.59
2024-12-26 05:33:03+00:00,0.59
2024-12-26 05:34:03+00:00,0.59
2024-12-26 05:35:03+00:00,0.595
2024-12-26 05:36:03+00:00,0.595
2024-12-26 05:37:03+00:00,0.595
2024-12-26 05:38:03+00:00,0.595
2024-12-26 05:39:03+00:00,0.59
2024-12-26 05:40:03+00:00,0.59
2024-12-26 05:41:03+00:00,0.59
2024-12-26 05:42:03+00:00,0.59
2024-12-26 05:43:03+00:00,0.59
2024-12-26 05:44:03+00:00,0.59
2024-12-26 05:45:03+00:00,0.59
2024-12-26 05:46:03+00:00,0.59
2024-12-26 05:47:02+00:00,0.59
2024-12-26 05:48:03+00:00,0.59
2024-12-26 05:49:03+00:00,0.59
2024-12-26 05:50:03+00:00,0.59
2024-12-26 05:51:02+00:00,0.59
2024-12-26 05:52:03+00:00,0.59
2024-12-26 05:53:03+00:00,0.59
2024-12-26 05:54:02+00:00,0.59
2024-12-26 05:55:03+00:00,0.59
2024-12-26 05:56:03+00:00,0.59
2024-12-26 05:57:02+00:00,0.595
2024-12-26 05:58:03+00:00,0.59
2024-12-26 05:59:03+00:00,0.59
2024-12-26 06:00:03+00:00,0.59
2024-12-26 06:01:03+00:00,0.595
2024-12-26 06:02:03+00:00,0.585
2024-12-26 06:03:03+00:00,0.59
2024-12-26 06:04:03+00:00,0.59
2024-12-26 06:05:03+00:00,0.59
2024-12-26 06:06:03+00:00,0.59
2024-12-26 06:07:03+00:00,0.59
2024-12-26 06:08:03+00:00,0.59
2024-12-26 06:09:02+00:00,0.59
2024-12-26 06:10:03+00:00,0.59
2024-12-26 06:11:03+00:00,0.59
2024-12-26 06:12:03+00:00,0.59
2024-12-26 06:13:02+00:00,0.585
2024-12-26 06:14:03+00:00,0.585
2024-12-26 06:15:03+00:00,0.59
2024-12-26 06:16:03+00:00,0.59
2024-12-26 06:17:03+00:00,0.59
2024-12-26 06:18:03+00:00,0.59
2024-12-26 06:19:03+00:00,0.59
2024-12-26 06:20:03+00:00,0.59
2024-12-26 06:21:03+00:00,0.59
2024-12-26 06:22:03+00:00,0.59
2024-12-26 06:23:02+00:00,0.59
2024-12-26 06:24:03+00:00,0.59
2024-12-26 06:25:03+00:00,0.585
2024-12-26 06:26:03+00:00,0.59
2024-12-26 06:27:03+00:00,0.59
2024-12-26 06:28:03+00:00,0.59
2024-12-26 06:29:03+00:00,0.59
2024-12-26 06:30:03+00:00,0.59
2024-12-26 06:31:02+00:00,0.59
2024-12-26 06:32:03+00:00,0.59
2024-12-26 06:33:03+00:00,0.595
2024-12-26 06:34:03+00:00,0.595
2024-12-26 06:35:03+00:00,0.595
2024-12-26 06:36:03+00:00,0.595
2024-12-26 06:37:03+00:00,0.595
2024-12-26 06:38:03+00:00,0.595
2024-12-26 06:39:03+00:00,0.595
2024-12-26 06:40:03+00:00,0.59
2024-12-26 06:41:03+00:00,0.59
2024-12-26 06:42:03+00:00,0.59
2024-12-26 06:43:03+00:00,0.59
2024-12-26 06:44:03+00:00,0.59
2024-12-26 06:45:03+00:00,0.59
2024-12-26 06:46:03+00:00,0.59
2024-12-26 06:47:03+00:00,0.59
2024-12-26 06:48:03+00:00,0.59
2024-12-26 06:49:03+00:00,0.59
2024-12-26 06:50:03+00:00,0.59
2024-12-26 06:51:03+00:00,0.595
2024-12-26 06:52:03+00:00,0.585
2024-12-26 06:53:03+00:00,0.59
2024-12-26 06:54:03+00:00,0.59
2024-12-26 06:55:03+00:00,0.59
2024-12-26 06:56:03+00:00,0.59
2024-12-26 06:57:03+00:00,0.59
2024-12-26 06:58:03+00:00,0.59
2024-12-26 06:59:03+00:00,0.585
2024-12-26 07:00:04+00:00,0.585
2024-12-26 07:01:03+00:00,0.585
2024-12-26 07:02:03+00:00,0.585
2024-12-26 07:03:03+00:00,0.59
2024-12-26 07:04:03+00:00,0.59
2024-12-26 07:05:03+00:00,0.585
2024-12-26 07:06:03+00:00,0.585
2024-12-26 07:07:03+00:00,0.585
2024-12-26 07:08:03+00:00,0.585
2024-12-26 07:09:03+00:00,0.585
2024-12-26 07:10:03+00:00,0.575
2024-12-26 07:11:03+00:00,0.575
2024-12-26 07:12:03+00:00,0.575
2024-12-26 07:13:03+00:00,0.575
2024-12-26 07:14:03+00:00,0.575
2024-12-26 07:15:03+00:00,0.575
2024-12-26 07:16:03+00:00,0.575
2024-12-26 07:17:03+00:00,0.575
2024-12-26 07:18:03+00:00,0.575
2024-12-26 07:19:02+00:00,0.575
2024-12-26 07:20:03+00:00,0.575
2024-12-26 07:21:03+00:00,0.575
2024-12-26 07:22:03+00:00,0.575
2024-12-26 07:23:03+00:00,0.575
2024-12-26 07:24:03+00:00,0.575
2024-12-26 07:25:03+00:00,0.59
2024-12-26 07:26:02+00:00,0.595
2024-12-26 07:27:03+00:00,0.6
2024-12-26 07:28:02+00:00,0.595
2024-12-26 07:29:03+00:00,0.6
2024-12-26 07:30:04+00:00,0.595
2024-12-26 07:31:03+00:00,0.6
2024-12-26 07:32:03+00:00,0.6
2024-12-26 07:33:03+00:00,0.595
2024-12-26 07:34:03+00:00,0.6
2024-12-26 07:35:03+00:00,0.6
2024-12-26 07:36:03+00:00,0.595
2024-12-26 07:37:02+00:00,0.595
2024-12-26 07:38:03+00:00,0.595
2024-12-26 07:39:03+00:00,0.595
2024-12-26 07:40:03+00:00,0.585
2024-12-26 07:41:03+00:00,0.585
2024-12-26 07:42:03+00:00,0.59
2024-12-26 07:43:03+00:00,0.585
2024-12-26 07:44:03+00:00,0.575
2024-12-26 07:45:03+00:00,0.575
2024-12-26 07:46:03+00:00,0.585
2024-12-26 07:47:03+00:00,0.585
2024-12-26 07:48:03+00:00,0.585
2024-12-26 07:49:03+00:00,0.585
2024-12-26 07:50:03+00:00,0.585
2024-12-26 07:51:03+00:00,0.585
2024-12-26 07:52:03+00:00,0.585
2024-12-26 07:53:03+00:00,0.585
2024-12-26 07:54:02+00:00,0.585
2024-12-26 07:55:03+00:00,0.585
2024-12-26 07:56:03+00:00,0.59
2024-12-26 07:57:03+00:00,0.59
2024-12-26 07:58:03+00:00,0.585
2024-12-26 07:59:03+00:00,0.585
2024-12-26 08:00:03+00:00,0.575
2024-12-26 08:01:03+00:00,0.575
2024-12-26 08:02:03+00:00,0.575
2024-12-26 08:03:03+00:00,0.575
2024-12-26 08:04:03+00:00,0.575
2024-12-26 08:05:03+00:00,0.575
2024-12-26 08:06:03+00:00,0.575
2024-12-26 08:07:03+00:00,0.575
2024-12-26 08:08:03+00:00,0.575
2024-12-26 08:09:03+00:00,0.575
2024-12-26 08:10:03+00:00,0.575
2024-12-26 08:11:03+00:00,0.575
2024-12-26 08:12:03+00:00,0.575
2024-12-26 08:13:03+00:00,0.575
2024-12-26 08:14:03+00:00,0.575
2024-12-26 08:15:03+00:00,0.575
2024-12-26 08:16:03+00:00,0.575
2024-12-26 08:17:03+00:00,0.575
2024-12-26 08:18:03+00:00,0.575
2024-12-26 08:19:03+00:00,0.575
2024-12-26 08:20:03+00:00,0.575
2024-12-26 08:21:03+00:00,0.575
2024-12-26 08:22:03+00:00,0.575
2024-12-26 08:23:02+00:00,0.575
2024-12-26 08:24:03+00:00,0.575
2024-12-26 08:25:03+00:00,0.575
2024-12-26 08:26:03+00:00,0.575
2024-12-26 08:27:03+00:00,0.575
2024-12-26 08:28:03+00:00,0.575
2024-12-26 08:29:03+00:00,0.575
2024-12-26 08:30:03+00:00,0.575
2024-12-26 08:31:03+00:00,0.575
2024-12-26 08:32:03+00:00,0.575
2024-12-26 08:33:03+00:00,0.595
2024-12-26 08:34:03+00:00,0.595
2024-12-26 08:35:03+00:00,0.6
2024-12-26 08:36:02+00:00,0.595
2024-12-26 08:37:03+00:00,0.6
2024-12-26 08:38:03+00:00,0.6
2024-12-26 08:39:03+00:00,0.595
2024-12-26 08:40:03+00:00,0.595
2024-12-26 08:41:03+00:00,0.595
2024-12-26 08:42:03+00:00,0.585
2024-12-26 08:43:03+00:00,0.585
2024-12-26 08:44:03+00:00,0.585
2024-12-26 08:45:03+00:00,0.585
2024-12-26 08:46:02+00:00,0.595
2024-12-26 08:47:03+00:00,0.605
2024-12-26 08:48:03+00:00,0.605
2024-12-26 08:49:03+00:00,0.605
2024-12-26 08:50:03+00:00,0.605
2024-12-26 08:51:03+00:00,0.605
2024-12-26 08:52:02+00:00,0.605
2024-12-26 08:53:03+00:00,0.605
2024-12-26 08:54:03+00:00,0.605
2024-12-26 08:55:03+00:00,0.605
2024-12-26 08:56:03+00:00,0.585
2024-12-26 08:57:03+00:00,0.595
2024-12-26 08:58:03+00:00,0.595
2024-12-26 08:59:03+00:00,0.595
2024-12-26 09:00:03+00:00,0.6
2024-12-26 09:01:03+00:00,0.585
2024-12-26 09:02:03+00:00,0.6
2024-12-26 09:03:02+00:00,0.585
2024-12-26 09:04:03+00:00,0.6
2024-12-26 09:05:03+00:00,0.585
2024-12-26 09:06:03+00:00,0.59
2024-12-26 09:07:03+00:00,0.58
2024-12-26 09:08:03+00:00,0.59
2024-12-26 09:09:03+00:00,0.595
2024-12-26 09:10:03+00:00,0.58
2024-12-26 09:11:03+00:00,0.59
2024-12-26 09:12:03+00:00,0.595
2024-12-26 09:13:03+00:00,0.585
2024-12-26 09:14:02+00:00,0.59
2024-12-26 09:15:03+00:00,0.585
2024-12-26 09:16:03+00:00,0.595
2024-12-26 09:17:02+00:00,0.595
2024-12-26 09:18:03+00:00,0.595
2024-12-26 09:19:03+00:00,0.6
2024-12-26 09:20:02+00:00,0.595
2024-12-26 09:21:03+00:00,0.6
2024-12-26 09:22:03+00:00,0.59
2024-12-26 09:23:03+00:00,0.6
2024-12-26 09:24:03+00:00,0.585
2024-12-26 09:25:03+00:00,0.59
2024-12-26 09:26:03+00:00,0.585
2024-12-26 09:27:03+00:00,0.59
2024-12-26 09:28:03+00:00,0.585
2024-12-26 09:29:03+00:00,0.59
2024-12-26 09:30:02+00:00,0.595
2024-12-26 09:31:03+00:00,0.58
2024-12-26 09:32:03+00:00,0.59
2024-12-26 09:33:03+00:00,0.595
2024-12-26 09:34:03+00:00,0.595
2024-12-26 09:35:03+00:00,0.6
2024-12-26 09:36:03+00:00,0.595
2024-12-26 09:37:03+00:00,0.6
2024-12-26 09:38:03+00:00,0.585
2024-12-26 09:39:03+00:00,0.595
2024-12-26 09:40:03+00:00,0.595
2024-12-26 09:41:03+00:00,0.58
2024-12-26 09:42:03+00:00,0.59
2024-12-26 09:43:03+00:00,0.595
2024-12-26 09:44:03+00:00,0.585
2024-12-26 09:45:03+00:00,0.59
2024-12-26 09:46:03+00:00,0.585
2024-12-26 09:47:03+00:00,0.595
2024-12-26 09:48:02+00:00,0.6
2024-12-26 09:49:03+00:00,0.595
2024-12-26 09:50:04+00:00,0.6
2024-12-26 09:51:03+00:00,0.605
2024-12-26 09:52:03+00:00,0.605
2024-12-26 09:53:03+00:00,0.605
2024-12-26 09:54:02+00:00,0.605
2024-12-26 09:55:03+00:00,0.605
2024-12-26 09:56:03+00:00,0.605
2024-12-26 09:57:03+00:00,0.605
2024-12-26 09:58:03+00:00,0.605
2024-12-26 09:59:03+00:00,0.585
2024-12-26 10:00:03+00:00,0.58
2024-12-26 10:01:03+00:00,0.59
2024-12-26 10:02:03+00:00,0.595
2024-12-26 10:03:03+00:00,0.585
2024-12-26 10:04:03+00:00,0.6
2024-12-26 10:05:03+00:00,0.6
2024-12-26 10:06:03+00:00,0.6
2024-12-26 10:07:03+00:00,0.6
2024-12-26 10:08:03+00:00,0.6
2024-12-26 10:09:03+00:00,0.6
2024-12-26 10:10:04+00:00,0.6
2024-12-26 10:11:03+00:00,0.6
2024-12-26 10:12:03+00:00,0.6
2024-12-26 10:13:03+00:00,0.6
2024-12-26 10:14:03+00:00,0.6
2024-12-26 10:15:03+00:00,0.6
2024-12-26 10:16:03+00:00,0.6
2024-12-26 10:17:03+00:00,0.6
2024-12-26 10:18:03+00:00,0.6
2024-12-26 10:19:03+00:00,0.6
2024-12-26 10:20:03+00:00,0.6
2024-12-26 10:21:03+00:00,0.6
2024-12-26 10:22:03+00:00,0.6
2024-12-26 10:23:03+00:00,0.6
2024-12-26 10:24:03+00:00,0.6
2024-12-26 10:25:03+00:00,0.6
2024-12-26 10:26:03+00:00,0.625
2024-12-26 10:27:03+00:00,0.625
2024-12-26 10:28:03+00:00,0.625
2024-12-26 10:29:03+00:00,0.625
2024-12-26 10:30:03+00:00,0.625
2024-12-26 10:31:03+00:00,0.625
2024-12-26 10:32:03+00:00,0.62
2024-12-26 10:33:03+00:00,0.625
2024-12-26 10:34:03+00:00,0.625
2024-12-26 10:35:03+00:00,0.625
2024-12-26 10:36:03+00:00,0.625
2024-12-26 10:37:03+00:00,0.625
2024-12-26 10:38:03+00:00,0.645
2024-12-26 10:39:03+00:00,0.645
2024-12-26 10:40:03+00:00,0.645
2024-12-26 10:41:03+00:00,0.645
2024-12-26 10:42:03+00:00,0.645
2024-12-26 10:43:03+00:00,0.645
2024-12-26 10:44:03+00:00,0.645
2024-12-26 10:45:03+00:00,0.645
2024-12-26 10:46:03+00:00,0.645
2024-12-26 10:47:03+00:00,0.645
2024-12-26 10:48:03+00:00,0.645
2024-12-26 10:49:03+00:00,0.645
2024-12-26 10:50:03+00:00,0.64
2024-12-26 10:51:03+00:00,0.645
2024-12-26 10:52:03+00:00,0.655
2024-12-26 10:53:03+00:00,0.645
2024-12-26 10:54:03+00:00,0.645
2024-12-26 10:55:03+00:00,0.645
2024-12-26 10:56:03+00:00,0.645
2024-12-26 10:57:03+00:00,0.645
2024-12-26 10:58:03+00:00,0.645
2024-12-26 10:59:03+00:00,0.645
2024-12-26 11:00:03+00:00,0.645
2024-12-26 11:01:03+00:00,0.645
2024-12-26 11:02:03+00:00,0.645
2024-12-26 11:03:03+00:00,0.645
2024-12-26 11:04:03+00:00,0.645
2024-12-26 11:05:03+00:00,0.645
2024-12-26 11:06:03+00:00,0.645
2024-12-26 11:07:03+00:00,0.645
2024-12-26 11:08:03+00:00,0.645
2024-12-26 11:09:03+00:00,0.645
2024-12-26 11:10:03+00:00,0.645
2024-12-26 11:11:03+00:00,0.645
2024-12-26 11:12:03+00:00,0.645
2024-12-26 11:13:03+00:00,0.645
2024-12-26 11:14:03+00:00,0.645
2024-12-26 11:15:03+00:00,0.645
2024-12-26 11:16:03+00:00,0.645
2024-12-26 11:17:03+00:00,0.645
2024-12-26 11:18:03+00:00,0.645
2024-12-26 11:19:02+00:00,0.64
2024-12-26 11:20:03+00:00,0.645
2024-12-26 11:21:03+00:00,0.645
2024-12-26 11:22:03+00:00,0.645
2024-12-26 11:23:03+00:00,0.645
2024-12-26 11:24:03+00:00,0.645
2024-12-26 11:25:03+00:00,0.645
2024-12-26 11:26:03+00:00,0.645
2024-12-26 11:27:03+00:00,0.645
2024-12-26 11:28:03+00:00,0.645
2024-12-26 11:29:03+00:00,0.645
2024-12-26 11:30:03+00:00,0.645
2024-12-26 11:31:03+00:00,0.645
2024-12-26 11:32:03+00:00,0.645
2024-12-26 11:33:03+00:00,0.645
2024-12-26 11:34:03+00:00,0.645
2024-12-26 11:35:03+00:00,0.645
2024-12-26 11:36:03+00:00,0.645
2024-12-26 11:37:03+00:00,0.645
2024-12-26 11:38:02+00:00,0.645
2024-12-26 11:39:03+00:00,0.65
2024-12-26 11:40:03+00:00,0.65
2024-12-26 11:41:02+00:00,0.645
2024-12-26 11:42:03+00:00,0.635
2024-12-26 11:43:03+00:00,0.635
2024-12-26 11:44:03+00:00,0.635
2024-12-26 11:45:03+00:00,0.635
2024-12-26 11:46:03+00:00,0.635
2024-12-26 11:47:03+00:00,0.635
2024-12-26 11:48:03+00:00,0.635
2024-12-26 11:49:03+00:00,0.635
2024-12-26 11:50:03+00:00,0.635
2024-12-26 11:51:03+00:00,0.635
2024-12-26 11:52:03+00:00,0.635
2024-12-26 11:53:03+00:00,0.635
2024-12-26 11:54:03+00:00,0.635
2024-12-26 11:55:03+00:00,0.635
2024-12-26 11:56:03+00:00,0.635
2024-12-26 11:57:03+00:00,0.635
2024-12-26 11:58:03+00:00,0.635
2024-12-26 11:59:03+00:00,0.635
2024-12-26 12:00:03+00:00,0.635
2024-12-26 12:01:03+00:00,0.635
2024-12-26 12:02:03+00:00,0.635
2024-12-26 12:03:03+00:00,0.635
2024-12-26 12:04:03+00:00,0.635
2024-12-26 12:05:03+00:00,0.635
2024-12-26 12:06:03+00:00,0.635
2024-12-26 12:07:03+00:00,0.635
2024-12-26 12:08:03+00:00,0.635
2024-12-26 12:09:03+00:00,0.635
2024-12-26 12:10:04+00:00,0.635
2024-12-26 12:11:03+00:00,0.635
2024-12-26 12:12:03+00:00,0.635
2024-12-26 12:13:03+00:00,0.635
2024-12-26 12:14:03+00:00,0.635
2024-12-26 12:15:03+00:00,0.635
2024-12-26 12:16:03+00:00,0.635
2024-12-26 12:17:03+00:00,0.635
2024-12-26 12:18:03+00:00,0.635
2024-12-26 12:19:03+00:00,0.635
2024-12-26 12:20:03+00:00,0.635
2024-12-26 12:21:03+00:00,0.635
2024-12-26 12:22:03+00:00,0.635
2024-12-26 12:23:03+00:00,0.635
2024-12-26 12:24:03+00:00,0.635
2024-12-26 12:25:03+00:00,0.635
2024-12-26 12:26:03+00:00,0.635
2024-12-26 12:27:03+00:00,0.635
2024-12-26 12:28:03+00:00,0.635
2024-12-26 12:29:03+00:00,0.635
2024-12-26 12:30:03+00:00,0.635
2024-12-26 12:31:03+00:00,0.635
2024-12-26 12:32:03+00:00,0.635
2024-12-26 12:33:03+00:00,0.635
2024-12-26 12:34:03+00:00,0.635
2024-12-26 12:35:03+00:00,0.635
2024-12-26 12:36:03+00:00,0.635
2024-12-26 12:37:03+00:00,0.635
2024-12-26 12:38:03+00:00,0.635
2024-12-26 12:39:03+00:00,0.635
2024-12-26 12:40:03+00:00,0.635
2024-12-26 12:41:03+00:00,0.635
2024-12-26 12:42:03+00:00,0.635
2024-12-26 12:43:03+00:00,0.635
2024-12-26 12:44:03+00:00,0.635
2024-12-26 12:45:03+00:00,0.635
2024-12-26 12:46:03+00:00,0.635
2024-12-26 12:47:03+00:00,0.635
2024-12-26 12:48:03+00:00,0.635
2024-12-26 12:49:03+00:00,0.635
2024-12-26 12:50:03+00:00,0.635
2024-12-26 12:51:03+00:00,0.635
2024-12-26 12:52:02+00:00,0.635
2024-12-26 12:53:03+00:00,0.635
2024-12-26 12:54:02+00:00,0.635
2024-12-26 12:55:03+00:00,0.635
2024-12-26 12:56:03+00:00,0.635
2024-12-26 12:57:03+00:00,0.635
2024-12-26 12:58:03+00:00,0.635
2024-12-26 12:59:03+00:00,0.635
2024-12-26 13:00:03+00:00,0.635
2024-12-26 13:01:03+00:00,0.635
2024-12-26 13:02:03+00:00,0.635
2024-12-26 13:03:03+00:00,0.635
2024-12-26 13:04:03+00:00,0.635
2024-12-26 13:05:03+00:00,0.635
2024-12-26 13:06:03+00:00,0.635
2024-12-26 13:07:03+00:00,0.635
2024-12-26 13:08:03+00:00,0.635
2024-12-26 13:09:03+00:00,0.635
2024-12-26 13:10:04+00:00,0.635
2024-12-26 13:11:03+00:00,0.635
2024-12-26 13:12:03+00:00,0.615
2024-12-26 13:13:03+00:00,0.615
2024-12-26 13:14:03+00:00,0.615
2024-12-26 13:15:03+00:00,0.615
2024-12-26 13:16:03+00:00,0.615
2024-12-26 13:17:03+00:00,0.615
2024-12-26 13:18:03+00:00,0.615
2024-12-26 13:19:03+00:00,0.615
2024-12-26 13:20:03+00:00,0.61
2024-12-26 13:21:03+00:00,0.615
2024-12-26 13:22:03+00:00,0.615
2024-12-26 13:23:03+00:00,0.615
2024-12-26 13:24:03+00:00,0.615
2024-12-26 13:25:03+00:00,0.615
2024-12-26 13:26:03+00:00,0.615
2024-12-26 13:27:03+00:00,0.615
2024-12-26 13:28:03+00:00,0.615
2024-12-26 13:29:03+00:00,0.615
2024-12-26 13:30:04+00:00,0.615
2024-12-26 13:31:03+00:00,0.615
2024-12-26 13:32:03+00:00,0.615
2024-12-26 13:33:03+00:00,0.615
2024-12-26 13:34:03+00:00,0.615
2024-12-26 13:35:03+00:00,0.615
2024-12-26 13:36:03+00:00,0.615
2024-12-26 13:37:03+00:00,0.615
2024-12-26 13:38:03+00:00,0.615
2024-12-26 13:39:03+00:00,0.615
2024-12-26 13:40:03+00:00,0.615
2024-12-26 13:41:03+00:00,0.63
2024-12-26 13:42:03+00:00,0.63
2024-12-26 13:43:03+00:00,0.63
2024-12-26 13:44:03+00:00,0.63
2024-12-26 13:45:04+00:00,0.635
2024-12-26 13:46:03+00:00,0.63
2024-12-26 13:47:03+00:00,0.63
2024-12-26 13:48:03+00:00,0.595
2024-12-26 13:49:03+00:00,0.63
2024-12-26 13:50:03+00:00,0.63
2024-12-26 13:51:03+00:00,0.63
2024-12-26 13:52:03+00:00,0.63
2024-12-26 13:53:03+00:00,0.63
2024-12-26 13:54:03+00:00,0.63
2024-12-26 13:55:03+00:00,0.63
2024-12-26 13:56:03+00:00,0.63
2024-12-26 13:57:03+00:00,0.63
2024-12-26 13:58:03+00:00,0.63
2024-12-26 13:59:03+00:00,0.63
2024-12-26 14:00:03+00:00,0.63
2024-12-26 14:01:03+00:00,0.63
2024-12-26 14:02:03+00:00,0.63
2024-12-26 14:03:03+00:00,0.635
2024-12-26 14:04:03+00:00,0.635
2024-12-26 14:05:03+00:00,0.64
2024-12-26 14:06:03+00:00,0.635
2024-12-26 14:07:02+00:00,0.665
2024-12-26 14:08:03+00:00,0.635
2024-12-26 14:09:03+00:00,0.635
2024-12-26 14:10:03+00:00,0.635
2024-12-26 14:11:03+00:00,0.635
2024-12-26 14:12:03+00:00,0.635
2024-12-26 14:13:03+00:00,0.635
2024-12-26 14:14:03+00:00,0.635
2024-12-26 14:15:03+00:00,0.635
2024-12-26 14:16:03+00:00,0.635
2024-12-26 14:17:03+00:00,0.63
2024-12-26 14:18:03+00:00,0.63
2024-12-26 14:19:03+00:00,0.63
2024-12-26 14:20:03+00:00,0.635
2024-12-26 14:21:03+00:00,0.64
2024-12-26 14:22:03+00:00,0.635
2024-12-26 14:23:03+00:00,0.635
2024-12-26 14:24:03+00:00,0.635
2024-12-26 14:25:04+00:00,0.635
2024-12-26 14:26:03+00:00,0.615
2024-12-26 14:27:03+00:00,0.635
2024-12-26 14:28:03+00:00,0.605
2024-12-26 14:29:03+00:00,0.605
2024-12-26 14:30:04+00:00,0.605
2024-12-26 14:31:03+00:00,0.605
2024-12-26 14:32:03+00:00,0.605
2024-12-26 14:33:03+00:00,0.605
2024-12-26 14:34:03+00:00,0.605
2024-12-26 14:35:03+00:00,0.605
2024-12-26 14:36:03+00:00,0.64
2024-12-26 14:37:03+00:00,0.64
2024-12-26 14:38:03+00:00,0.64
2024-12-26 14:39:03+00:00,0.64
2024-12-26 14:40:04+00:00,0.64
2024-12-26 14:41:02+00:00,0.64
2024-12-26 14:42:03+00:00,0.64
2024-12-26 14:43:03+00:00,0.64
2024-12-26 14:44:03+00:00,0.64
2024-12-26 14:45:03+00:00,0.635
2024-12-26 14:46:03+00:00,0.635
2024-12-26 14:47:03+00:00,0.64
2024-12-26 14:48:03+00:00,0.64
2024-12-26 14:49:03+00:00,0.64
2024-12-26 14:50:03+00:00,0.64
2024-12-26 14:51:03+00:00,0.65
2024-12-26 14:52:03+00:00,0.65
2024-12-26 14:53:03+00:00,0.675
2024-12-26 14:54:03+00:00,0.675
2024-12-26 14:55:03+00:00,0.675
2024-12-26 14:56:03+00:00,0.675
2024-12-26 14:57:03+00:00,0.675
2024-12-26 14:58:03+00:00,0.675
2024-12-26 14:59:03+00:00,0.64
2024-12-26 15:00:04+00:00,0.64
2024-12-26 15:01:03+00:00,0.64
2024-12-26 15:02:03+00:00,0.64
2024-12-26 15:03:03+00:00,0.64
2024-12-26 15:04:03+00:00,0.64
2024-12-26 15:05:03+00:00,0.635
2024-12-26 15:06:03+00:00,0.675
2024-12-26 15:07:03+00:00,0.64
2024-12-26 15:08:03+00:00,0.64
2024-12-26 15:09:03+00:00,0.64
2024-12-26 15:10:03+00:00,0.64
2024-12-26 15:11:03+00:00,0.64
2024-12-26 15:12:03+00:00,0.64
2024-12-26 15:13:03+00:00,0.64
2024-12-26 15:14:03+00:00,0.64
2024-12-26 15:15:03+00:00,0.64
2024-12-26 15:16:03+00:00,0.64
2024-12-26 15:17:03+00:00,0.64
2024-12-26 15:18:03+00:00,0.64
2024-12-26 15:19:03+00:00,0.64
2024-12-26 15:20:03+00:00,0.645
2024-12-26 15:21:03+00:00,0.645
2024-12-26 15:22:03+00:00,0.64
2024-12-26 15:23:03+00:00,0.64
2024-12-26 15:24:03+00:00,0.64
2024-12-26 15:25:03+00:00,0.64
2024-12-26 15:26:03+00:00,0.605
2024-12-26 15:27:03+00:00,0.64
2024-12-26 15:28:03+00:00,0.64
2024-12-26 15:29:03+00:00,0.64
2024-12-26 15:30:03+00:00,0.64
2024-12-26 15:31:03+00:00,0.635
2024-12-26 15:32:03+00:00,0.675
2024-12-26 15:33:02+00:00,0.675
2024-12-26 15:34:03+00:00,0.675
2024-12-26 15:35:03+00:00,0.675
2024-12-26 15:36:03+00:00,0.675
2024-12-26 15:37:03+00:00,0.675
2024-12-26 15:38:03+00:00,0.675
2024-12-26 15:39:03+00:00,0.675
2024-12-26 15:40:03+00:00,0.675
2024-12-26 15:41:03+00:00,0.675
2024-12-26 15:42:03+00:00,0.675
2024-12-26 15:43:03+00:00,0.675
2024-12-26 15:44:03+00:00,0.675
2024-12-26 15:45:03+00:00,0.675
2024-12-26 15:46:03+00:00,0.675
2024-12-26 15:47:03+00:00,0.675
2024-12-26 15:48:03+00:00,0.675
2024-12-26 15:49:02+00:00,0.675
2024-12-26 15:50:03+00:00,0.675
2024-12-26 15:51:03+00:00,0.675
2024-12-26 15:52:03+00:00,0.675
2024-12-26 15:53:03+00:00,0.675
2024-12-26 15:54:03+00:00,0.675
2024-12-26 15:55:03+00:00,0.675
2024-12-26 15:56:03+00:00,0.675
2024-12-26 15:57:03+00:00,0.675
2024-12-26 15:58:03+00:00,0.675
2024-12-26 15:59:03+00:00,0.675
2024-12-26 16:00:03+00:00,0.675
2024-12-26 16:01:03+00:00,0.675
2024-12-26 16:02:03+00:00,0.675
2024-12-26 16:03:02+00:00,0.675
2024-12-26 16:04:03+00:00,0.675
2024-12-26 16:05:03+00:00,0.675
2024-12-26 16:06:03+00:00,0.675
2024-12-26 16:07:03+00:00,0.675
2024-12-26 16:08:03+00:00,0.675
2024-12-26 16:09:03+00:00,0.675
2024-12-26 16:10:03+00:00,0.675
2024-12-26 16:11:03+00:00,0.675
2024-12-26 16:12:03+00:00,0.675
2024-12-26 16:13:03+00:00,0.675
2024-12-26 16:14:03+00:00,0.675
2024-12-26 16:15:03+00:00,0.675
2024-12-26 16:16:03+00:00,0.675
2024-12-26 16:17:03+00:00,0.675
2024-12-26 16:18:02+00:00,0.675
2024-12-26 16:19:03+00:00,0.675
2024-12-26 16:20:03+00:00,0.675
2024-12-26 16:21:03+00:00,0.675
2024-12-26 16:22:03+00:00,0.675
2024-12-26 16:23:03+00:00,0.675
2024-12-26 16:24:03+00:00,0.675
2024-12-26 16:25:03+00:00,0.675
2024-12-26 16:26:03+00:00,0.675
2024-12-26 16:27:03+00:00,0.675
2024-12-26 16:28:03+00:00,0.675
2024-12-26 16:29:03+00:00,0.675
2024-12-26 16:30:04+00:00,0.675
2024-12-26 16:31:03+00:00,0.675
2024-12-26 16:32:03+00:00,0.675
2024-12-26 16:33:03+00:00,0.675
2024-12-26 16:34:03+00:00,0.675
2024-12-26 16:35:04+00:00,0.675
2024-12-26 16:36:03+00:00,0.675
2024-12-26 16:37:03+00:00,0.675
2024-12-26 16:38:03+00:00,0.675
2024-12-26 16:39:03+00:00,0.675
2024-12-26 16:40:03+00:00,0.675
2024-12-26 16:41:03+00:00,0.675
2024-12-26 16:42:03+00:00,0.675
2024-12-26 16:43:03+00:00,0.675
2024-12-26 16:44:03+00:00,0.675
2024-12-26 16:45:03+00:00,0.675
2024-12-26 16:46:03+00:00,0.675
2024-12-26 16:47:03+00:00,0.675
2024-12-26 16:48:03+00:00,0.675
2024-12-26 16:49:03+00:00,0.675
2024-12-26 16:50:03+00:00,0.675
2024-12-26 16:51:03+00:00,0.675
2024-12-26 16:52:03+00:00,0.675
2024-12-26 16:53:03+00:00,0.675
2024-12-26 16:54:03+00:00,0.675
2024-12-26 16:55:03+00:00,0.675
2024-12-26 16:56:03+00:00,0.675
2024-12-26 16:57:03+00:00,0.675
2024-12-26 16:58:03+00:00,0.675
2024-12-26 16:59:03+00:00,0.675
2024-12-26 17:00:03+00:00,0.675
2024-12-26 17:01:03+00:00,0.675
2024-12-26 17:02:03+00:00,0.675
2024-12-26 17:03:03+00:00,0.675
2024-12-26 17:04:03+00:00,0.675
2024-12-26 17:05:03+00:00,0.675
2024-12-26 17:06:03+00:00,0.675
2024-12-26 17:07:03+00:00,0.675
2024-12-26 17:08:03+00:00,0.675
2024-12-26 17:09:03+00:00,0.675
2024-12-26 17:10:03+00:00,0.675
2024-12-26 17:11:03+00:00,0.675
2024-12-26 17:12:03+00:00,0.675
2024-12-26 17:13:03+00:00,0.675
2024-12-26 17:14:03+00:00,0.675
2024-12-26 17:15:03+00:00,0.675
2024-12-26 17:16:03+00:00,0.675
2024-12-26 17:17:03+00:00,0.675
2024-12-26 17:18:03+00:00,0.675
2024-12-26 17:19:03+00:00,0.675
2024-12-26 17:20:03+00:00,0.675
2024-12-26 17:21:03+00:00,0.675
2024-12-26 17:22:03+00:00,0.675
2024-12-26 17:23:03+00:00,0.675
2024-12-26 17:24:03+00:00,0.675
2024-12-26 17:25:03+00:00,0.675
2024-12-26 17:26:03+00:00,0.675
2024-12-26 17:27:03+00:00,0.675
2024-12-26 17:28:03+00:00,0.675
2024-12-26 17:29:03+00:00,0.675
2024-12-26 17:30:03+00:00,0.675
2024-12-26 17:31:03+00:00,0.675
2024-12-26 17:32:03+00:00,0.675
2024-12-26 17:33:03+00:00,0.675
2024-12-26 17:34:03+00:00,0.675
2024-12-26 17:35:03+00:00,0.675
2024-12-26 17:36:04+00:00,0.675
2024-12-26 17:37:03+00:00,0.675
2024-12-26 17:38:03+00:00,0.675
2024-12-26 17:39:03+00:00,0.675
2024-12-26 17:40:03+00:00,0.675
2024-12-26 17:41:03+00:00,0.645
2024-12-26 17:42:03+00:00,0.645
2024-12-26 17:43:03+00:00,0.645
2024-12-26 17:44:03+00:00,0.64
2024-12-26 17:45:03+00:00,0.64
2024-12-26 17:46:04+00:00,0.64
2024-12-26 17:47:03+00:00,0.64
2024-12-26 17:48:03+00:00,0.64
2024-12-26 17:49:03+00:00,0.635
2024-12-26 17:50:03+00:00,0.635
2024-12-26 17:51:03+00:00,0.635
2024-12-26 17:52:03+00:00,0.63
2024-12-26 17:53:03+00:00,0.63
2024-12-26 17:54:03+00:00,0.63
2024-12-26 17:55:03+00:00,0.615
2024-12-26 17:56:03+00:00,0.635
2024-12-26 17:57:03+00:00,0.625
2024-12-26 17:58:03+00:00,0.625
2024-12-26 17:59:03+00:00,0.625
2024-12-26 18:00:03+00:00,0.62
2024-12-26 18:01:02+00:00,0.65
2024-12-26 18:02:03+00:00,0.645
2024-12-26 18:03:03+00:00,0.685
2024-12-26 18:04:03+00:00,0.64
2024-12-26 18:05:03+00:00,0.65
2024-12-26 18:06:03+00:00,0.65
2024-12-26 18:07:02+00:00,0.645
2024-12-26 18:08:03+00:00,0.645
2024-12-26 18:09:03+00:00,0.645
2024-12-26 18:10:03+00:00,0.645
2024-12-26 18:11:03+00:00,0.645
2024-12-26 18:12:03+00:00,0.615
2024-12-26 18:13:03+00:00,0.615
2024-12-26 18:14:03+00:00,0.615
2024-12-26 18:15:03+00:00,0.615
2024-12-26 18:16:03+00:00,0.615
2024-12-26 18:17:03+00:00,0.615
2024-12-26 18:18:03+00:00,0.615
2024-12-26 18:19:03+00:00,0.615
2024-12-26 18:20:03+00:00,0.615
2024-12-26 18:21:03+00:00,0.615
2024-12-26 18:22:03+00:00,0.615
2024-12-26 18:23:03+00:00,0.615
2024-12-26 18:24:03+00:00,0.615
2024-12-26 18:25:03+00:00,0.615
2024-12-26 18:26:03+00:00,0.615
2024-12-26 18:27:03+00:00,0.615
2024-12-26 18:28:03+00:00,0.615
2024-12-26 18:29:03+00:00,0.615
2024-12-26 18:30:04+00:00,0.615
2024-12-26 18:31:03+00:00,0.615
2024-12-26 18:32:03+00:00,0.615
2024-12-26 18:33:03+00:00,0.615
2024-12-26 18:34:03+00:00,0.615
2024-12-26 18:35:03+00:00,0.615
2024-12-26 18:36:02+00:00,0.615
2024-12-26 18:37:03+00:00,0.615
2024-12-26 18:38:03+00:00,0.615
2024-12-26 18:39:03+00:00,0.615
2024-12-26 18:40:03+00:00,0.615
2024-12-26 18:41:03+00:00,0.615
2024-12-26 18:42:03+00:00,0.615
2024-12-26 18:43:03+00:00,0.615
2024-12-26 18:44:03+00:00,0.615
2024-12-26 18:45:03+00:00,0.615
2024-12-26 18:46:03+00:00,0.615
2024-12-26 18:47:03+00:00,0.615
2024-12-26 18:48:03+00:00,0.615
2024-12-26 18:49:03+00:00,0.615
2024-12-26 18:50:03+00:00,0.615
2024-12-26 18:51:03+00:00,0.615
2024-12-26 18:52:03+00:00,0.615
2024-12-26 18:53:03+00:00,0.615
2024-12-26 18:54:03+00:00,0.615
2024-12-26 18:55:03+00:00,0.615
2024-12-26 18:56:03+00:00,0.615
2024-12-26 18:57:03+00:00,0.615
2024-12-26 18:58:03+00:00,0.615
2024-12-26 18:59:03+00:00,0.615
2024-12-26 19:00:04+00:00,0.615
2024-12-26 19:01:03+00:00,0.615
2024-12-26 19:02:03+00:00,0.615
2024-12-26 19:03:03+00:00,0.615
2024-12-26 19:04:03+00:00,0.615
2024-12-26 19:05:03+00:00,0.615
2024-12-26 19:06:03+00:00,0.615
2024-12-26 19:07:03+00:00,0.615
2024-12-26 19:08:03+00:00,0.615
2024-12-26 19:09:02+00:00,0.615
2024-12-26 19:10:03+00:00,0.615
2024-12-26 19:11:02+00:00,0.615
2024-12-26 19:12:03+00:00,0.615
2024-12-26 19:13:03+00:00,0.615
2024-12-26 19:14:03+00:00,0.615
2024-12-26 19:15:03+00:00,0.615
2024-12-26 19:16:03+00:00,0.615
2024-12-26 19:17:03+00:00,0.615
2024-12-26 19:18:03+00:00,0.615
2024-12-26 19:19:03+00:00,0.615
2024-12-26 19:20:03+00:00,0.615
2024-12-26 19:21:03+00:00,0.645
2024-12-26 19:22:03+00:00,0.645
2024-12-26 19:23:03+00:00,0.645
2024-12-26 19:24:03+00:00,0.645
2024-12-26 19:25:03+00:00,0.645
2024-12-26 19:26:03+00:00,0.675
2024-12-26 19:27:03+00:00,0.645
2024-12-26 19:28:03+00:00,0.645
2024-12-26 19:29:03+00:00,0.645
2024-12-26 19:30:03+00:00,0.645
2024-12-26 19:31:03+00:00,0.615
2024-12-26 19:32:03+00:00,0.645
2024-12-26 19:33:03+00:00,0.635
2024-12-26 19:34:03+00:00,0.64
2024-12-26 19:35:03+00:00,0.645
2024-12-26 19:36:03+00:00,0.665
2024-12-26 19:37:03+00:00,0.67
2024-12-26 19:38:03+00:00,0.675
2024-12-26 19:39:02+00:00,0.675
2024-12-26 19:40:03+00:00,0.675
2024-12-26 19:41:02+00:00,0.675
2024-12-26 19:42:03+00:00,0.675
2024-12-26 19:43:03+00:00,0.675
2024-12-26 19:44:03+00:00,0.675
2024-12-26 19:45:03+00:00,0.67
2024-12-26 19:46:03+00:00,0.67
2024-12-26 19:47:03+00:00,0.67
2024-12-26 19:48:03+00:00,0.67
2024-12-26 19:49:03+00:00,0.67
2024-12-26 19:50:02+00:00,0.665
2024-12-26 19:51:03+00:00,0.67
2024-12-26 19:52:03+00:00,0.67
2024-12-26 19:53:02+00:00,0.67
2024-12-26 19:54:03+00:00,0.67
2024-12-26 19:55:03+00:00,0.67
2024-12-26 19:56:03+00:00,0.67
2024-12-26 19:57:03+00:00,0.67
2024-12-26 19:58:03+00:00,0.67
2024-12-26 19:59:03+00:00,0.665
2024-12-26 20:00:03+00:00,0.665
2024-12-26 20:01:03+00:00,0.67
2024-12-26 20:02:03+00:00,0.67
2024-12-26 20:03:03+00:00,0.67
2024-12-26 20:04:03+00:00,0.665
2024-12-26 20:05:03+00:00,0.67
2024-12-26 20:06:03+00:00,0.675
2024-12-26 20:07:03+00:00,0.675
2024-12-26 20:08:03+00:00,0.67
2024-12-26 20:09:02+00:00,0.675
2024-12-26 20:10:03+00:00,0.67
2024-12-26 20:11:03+00:00,0.675
2024-12-26 20:12:03+00:00,0.675
2024-12-26 20:13:03+00:00,0.665
2024-12-26 20:14:03+00:00,0.675
2024-12-26 20:15:03+00:00,0.675
2024-12-26 20:16:03+00:00,0.67
2024-12-26 20:17:03+00:00,0.67
2024-12-26 20:18:03+00:00,0.675
2024-12-26 20:19:02+00:00,0.675
2024-12-26 20:20:03+00:00,0.675
2024-12-26 20:21:03+00:00,0.67
2024-12-26 20:22:03+00:00,0.67
2024-12-26 20:23:03+00:00,0.67
2024-12-26 20:24:03+00:00,0.67
2024-12-26 20:25:03+00:00,0.67
2024-12-26 20:26:03+00:00,0.675
2024-12-26 20:27:03+00:00,0.665
2024-12-26 20:28:03+00:00,0.68
2024-12-26 20:29:02+00:00,0.68
2024-12-26 20:30:03+00:00,0.68
2024-12-26 20:31:03+00:00,0.665
2024-12-26 20:32:03+00:00,0.665
2024-12-26 20:33:03+00:00,0.665
2024-12-26 20:34:03+00:00,0.665
2024-12-26 20:35:03+00:00,0.665
2024-12-26 20:36:03+00:00,0.665
2024-12-26 20:37:03+00:00,0.665
2024-12-26 20:38:03+00:00,0.665
2024-12-26 20:39:28+00:00,0.665
2024-12-26 20:40:03+00:00,0.665
2024-12-26 20:41:03+00:00,0.665
2024-12-26 20:42:03+00:00,0.665
2024-12-26 20:43:03+00:00,0.665
2024-12-26 20:44:03+00:00,0.665
2024-12-26 20:45:03+00:00,0.665
2024-12-26 20:46:03+00:00,0.665
2024-12-26 20:47:02+00:00,0.665
2024-12-26 20:48:03+00:00,0.665
2024-12-26 20:49:02+00:00,0.665
2024-12-26 20:50:03+00:00,0.665
2024-12-26 20:51:03+00:00,0.665
2024-12-26 20:52:03+00:00,0.665
2024-12-26 20:53:03+00:00,0.665
2024-12-26 20:54:03+00:00,0.665
2024-12-26 20:55:03+00:00,0.665
2024-12-26 20:56:03+00:00,0.665
2024-12-26 20:57:03+00:00,0.665
2024-12-26 20:58:03+00:00,0.665
2024-12-26 20:59:03+00:00,0.665
2024-12-26 21:00:03+00:00,0.665
2024-12-26 21:01:03+00:00,0.665
2024-12-26 21:02:03+00:00,0.68
2024-12-26 21:03:03+00:00,0.68
2024-12-26 21:04:03+00:00,0.68
2024-12-26 21:05:03+00:00,0.68
2024-12-26 21:06:03+00:00,0.68
2024-12-26 21:07:03+00:00,0.68
2024-12-26 21:08:03+00:00,0.68
2024-12-26 21:09:03+00:00,0.68
2024-12-26 21:10:03+00:00,0.68
2024-12-26 21:11:03+00:00,0.68
2024-12-26 21:12:03+00:00,0.695
2024-12-26 21:13:02+00:00,0.68
2024-12-26 21:14:03+00:00,0.68
2024-12-26 21:15:03+00:00,0.68
2024-12-26 21:16:03+00:00,0.665
2024-12-26 21:17:03+00:00,0.68
2024-12-26 21:18:03+00:00,0.68
2024-12-26 21:19:03+00:00,0.68
2024-12-26 21:20:03+00:00,0.68
2024-12-26 21:21:03+00:00,0.675
2024-12-26 21:22:03+00:00,0.67
2024-12-26 21:23:03+00:00,0.68
2024-12-26 21:24:03+00:00,0.695
2024-12-26 21:25:03+00:00,0.695
2024-12-26 21:26:03+00:00,0.695
2024-12-26 21:27:03+00:00,0.695
2024-12-26 21:28:03+00:00,0.695
2024-12-26 21:29:03+00:00,0.695
2024-12-26 21:30:03+00:00,0.695
2024-12-26 21:31:03+00:00,0.695
2024-12-26 21:32:03+00:00,0.695
2024-12-26 21:33:03+00:00,0.695
2024-12-26 21:34:03+00:00,0.695
2024-12-26 21:35:03+00:00,0.695
2024-12-26 21:36:03+00:00,0.695
2024-12-26 21:37:02+00:00,0.695
2024-12-26 21:38:03+00:00,0.695
2024-12-26 21:39:03+00:00,0.695
2024-12-26 21:40:03+00:00,0.695
2024-12-26 21:41:03+00:00,0.695
2024-12-26 21:42:03+00:00,0.675
2024-12-26 21:43:03+00:00,0.675
2024-12-26 21:44:03+00:00,0.675
2024-12-26 21:45:03+00:00,0.675
2024-12-26 21:46:03+00:00,0.67
2024-12-26 21:47:03+00:00,0.675
2024-12-26 21:48:03+00:00,0.685
2024-12-26 21:49:03+00:00,0.685
2024-12-26 21:50:03+00:00,0.685
2024-12-26 21:51:03+00:00,0.685
2024-12-26 21:52:03+00:00,0.685
2024-12-26 21:53:03+00:00,0.675
2024-12-26 21:54:03+00:00,0.675
2024-12-26 21:55:03+00:00,0.675
2024-12-26 21:56:03+00:00,0.675
2024-12-26 21:57:03+00:00,0.665
2024-12-26 21:58:03+00:00,0.68
2024-12-26 21:59:03+00:00,0.675
2024-12-26 22:00:03+00:00,0.675
2024-12-26 22:01:03+00:00,0.68
2024-12-26 22:02:03+00:00,0.685
2024-12-26 22:03:03+00:00,0.68
2024-12-26 22:04:02+00:00,0.68
2024-12-26 22:05:03+00:00,0.68
2024-12-26 22:06:03+00:00,0.68
2024-12-26 22:07:03+00:00,0.68
2024-12-26 22:08:03+00:00,0.675
2024-12-26 22:09:03+00:00,0.685
2024-12-26 22:10:03+00:00,0.685
2024-12-26 22:11:03+00:00,0.685
2024-12-26 22:12:03+00:00,0.685
2024-12-26 22:13:03+00:00,0.68
2024-12-26 22:14:03+00:00,0.685
2024-12-26 22:15:03+00:00,0.69
2024-12-26 22:16:03+00:00,0.675
2024-12-26 22:17:03+00:00,0.685
2024-12-26 22:18:03+00:00,0.685
2024-12-26 22:19:03+00:00,0.685
2024-12-26 22:20:03+00:00,0.685
2024-12-26 22:21:03+00:00,0.695
2024-12-26 22:22:03+00:00,0.695
2024-12-26 22:23:03+00:00,0.695
2024-12-26 22:24:02+00:00,0.695
2024-12-26 22:25:03+00:00,0.695
2024-12-26 22:26:03+00:00,0.695
2024-12-26 22:27:03+00:00,0.695
2024-12-26 22:28:03+00:00,0.695
2024-12-26 22:29:03+00:00,0.695
2024-12-26 22:30:03+00:00,0.695
2024-12-26 22:31:02+00:00,0.695
2024-12-26 22:32:03+00:00,0.695
2024-12-26 22:33:03+00:00,0.695
2024-12-26 22:34:03+00:00,0.695
2024-12-26 22:35:03+00:00,0.695
2024-12-26 22:36:03+00:00,0.695
2024-12-26 22:37:03+00:00,0.695
2024-12-26 22:38:03+00:00,0.695
2024-12-26 22:39:03+00:00,0.695
2024-12-26 22:40:03+00:00,0.695
2024-12-26 22:41:03+00:00,0.695
2024-12-26 22:42:03+00:00,0.695
2024-12-26 22:43:03+00:00,0.695
2024-12-26 22:44:03+00:00,0.695
2024-12-26 22:45:03+00:00,0.695
2024-12-26 22:46:03+00:00,0.695
2024-12-26 22:47:03+00:00,0.695
2024-12-26 22:48:03+00:00,0.695
2024-12-26 22:49:03+00:00,0.695
2024-12-26 22:50:03+00:00,0.695
2024-12-26 22:51:03+00:00,0.695
2024-12-26 22:52:03+00:00,0.695
2024-12-26 22:53:03+00:00,0.695
2024-12-26 22:54:03+00:00,0.695
2024-12-26 22:55:03+00:00,0.695
2024-12-26 22:56:03+00:00,0.695
2024-12-26 22:57:03+00:00,0.695
2024-12-26 22:58:03+00:00,0.695
2024-12-26 22:59:03+00:00,0.695
2024-12-26 23:00:03+00:00,0.695
2024-12-26 23:01:03+00:00,0.695
2024-12-26 23:02:03+00:00,0.695
2024-12-26 23:03:03+00:00,0.695
2024-12-26 23:04:03+00:00,0.695
2024-12-26 23:05:02+00:00,0.695
2024-12-26 23:06:03+00:00,0.695
2024-12-26 23:07:03+00:00,0.695
2024-12-26 23:08:03+00:00,0.695
2024-12-26 23:09:02+00:00,0.695
2024-12-26 23:10:03+00:00,0.695
2024-12-26 23:11:03+00:00,0.695
2024-12-26 23:12:03+00:00,0.695
2024-12-26 23:13:03+00:00,0.695
2024-12-26 23:14:03+00:00,0.695
2024-12-26 23:15:03+00:00,0.695
2024-12-26 23:16:03+00:00,0.695
2024-12-26 23:17:03+00:00,0.695
2024-12-26 23:18:03+00:00,0.695
2024-12-26 23:19:02+00:00,0.695
2024-12-26 23:20:03+00:00,0.695
2024-12-26 23:21:03+00:00,0.695
2024-12-26 23:22:03+00:00,0.695
2024-12-26 23:23:03+00:00,0.695
2024-12-26 23:24:03+00:00,0.695
2024-12-26 23:25:03+00:00,0.695
2024-12-26 23:26:03+00:00,0.695
2024-12-26 23:27:02+00:00,0.695
2024-12-26 23:28:03+00:00,0.695
2024-12-26 23:29:03+00:00,0.695
2024-12-26 23:30:03+00:00,0.695
2024-12-26 23:31:03+00:00,0.695
2024-12-26 23:32:03+00:00,0.695
2024-12-26 23:33:03+00:00,0.695
2024-12-26 23:34:03+00:00,0.695
2024-12-26 23:35:03+00:00,0.695
2024-12-26 23:36:03+00:00,0.695
2024-12-26 23:37:03+00:00,0.695
2024-12-26 23:38:03+00:00,0.695
2024-12-26 23:39:03+00:00,0.695
2024-12-26 23:40:03+00:00,0.695
2024-12-26 23:41:03+00:00,0.695
2024-12-26 23:42:03+00:00,0.695
2024-12-26 23:43:03+00:00,0.695
2024-12-26 23:44:03+00:00,0.695
2024-12-26 23:45:03+00:00,0.695
2024-12-26 23:46:03+00:00,0.695
2024-12-26 23:47:03+00:00,0.695
2024-12-26 23:48:03+00:00,0.695
2024-12-26 23:49:03+00:00,0.695
2024-12-26 23:50:03+00:00,0.695
2024-12-26 23:51:03+00:00,0.695
2024-12-26 23:52:03+00:00,0.695
2024-12-26 23:53:03+00:00,0.695
2024-12-26 23:54:02+00:00,0.695
2024-12-26 23:55:03+00:00,0.695
2024-12-26 23:56:03+00:00,0.695
2024-12-26 23:57:02+00:00,0.695
2024-12-26 23:58:03+00:00,0.695
2024-12-26 23:59:03+00:00,0.695
2024-12-27 00:00:03+00:00,0.695
2024-12-27 00:01:03+00:00,0.695
2024-12-27 00:02:03+00:00,0.695
2024-12-27 00:03:03+00:00,0.695
2024-12-27 00:04:03+00:00,0.695
2024-12-27 00:05:03+00:00,0.695
2024-12-27 00:06:03+00:00,0.695
2024-12-27 00:07:03+00:00,0.695
2024-12-27 00:08:03+00:00,0.695
2024-12-27 00:09:03+00:00,0.695
2024-12-27 00:10:03+00:00,0.695
2024-12-27 00:11:03+00:00,0.695
2024-12-27 00:12:03+00:00,0.695
2024-12-27 00:13:03+00:00,0.695
2024-12-27 00:14:03+00:00,0.695
2024-12-27 00:15:03+00:00,0.68
2024-12-27 00:16:03+00:00,0.68
2024-12-27 00:17:03+00:00,0.68
2024-12-27 00:18:02+00:00,0.68
2024-12-27 00:19:03+00:00,0.68
2024-12-27 00:20:03+00:00,0.675
2024-12-27 00:21:03+00:00,0.68
2024-12-27 00:22:03+00:00,0.68
2024-12-27 00:23:03+00:00,0.68
2024-12-27 00:24:02+00:00,0.685
2024-12-27 00:25:03+00:00,0.695
2024-12-27 00:26:03+00:00,0.685
2024-12-27 00:27:03+00:00,0.685
2024-12-27 00:28:03+00:00,0.69
2024-12-27 00:29:03+00:00,0.69
2024-12-27 00:30:03+00:00,0.685
2024-12-27 00:31:02+00:00,0.68
2024-12-27 00:32:03+00:00,0.695
2024-12-27 00:33:03+00:00,0.695
2024-12-27 00:34:03+00:00,0.695
2024-12-27 00:35:03+00:00,0.695
2024-12-27 00:36:03+00:00,0.695
2024-12-27 00:37:03+00:00,0.695
2024-12-27 00:38:03+00:00,0.695
2024-12-27 00:39:03+00:00,0.695
2024-12-27 00:40:03+00:00,0.695
2024-12-27 00:41:03+00:00,0.695
2024-12-27 00:42:03+00:00,0.695
2024-12-27 00:43:03+00:00,0.695
2024-12-27 00:44:03+00:00,0.695
2024-12-27 00:45:03+00:00,0.695
2024-12-27 00:46:03+00:00,0.695
2024-12-27 00:47:03+00:00,0.695
2024-12-27 00:48:03+00:00,0.695
2024-12-27 00:49:03+00:00,0.695
2024-12-27 00:50:03+00:00,0.695
2024-12-27 00:51:03+00:00,0.695
2024-12-27 00:52:02+00:00,0.695
2024-12-27 00:53:03+00:00,0.695
2024-12-27 00:54:03+00:00,0.695
2024-12-27 00:55:03+00:00,0.695
2024-12-27 00:56:03+00:00,0.695
2024-12-27 00:57:03+00:00,0.695
2024-12-27 00:58:03+00:00,0.695
2024-12-27 00:59:03+00:00,0.695
2024-12-27 01:00:03+00:00,0.695
2024-12-27 01:01:03+00:00,0.695
2024-12-27 01:02:03+00:00,0.695
2024-12-27 01:03:03+00:00,0.695
2024-12-27 01:04:03+00:00,0.695
2024-12-27 01:05:03+00:00,0.695
2024-12-27 01:06:03+00:00,0.695
2024-12-27 01:07:03+00:00,0.695
2024-12-27 01:08:03+00:00,0.695
2024-12-27 01:09:02+00:00,0.715
2024-12-27 01:10:03+00:00,0.715
2024-12-27 01:11:03+00:00,0.71
2024-12-27 01:12:03+00:00,0.71
2024-12-27 01:13:03+00:00,0.71
2024-12-27 01:14:03+00:00,0.71
2024-12-27 01:15:03+00:00,0.71
2024-12-27 01:16:03+00:00,0.71
2024-12-27 01:17:03+00:00,0.71
2024-12-27 01:18:03+00:00,0.715
2024-12-27 01:19:03+00:00,0.715
2024-12-27 01:20:03+00:00,0.715
2024-12-27 01:21:03+00:00,0.715
2024-12-27 01:22:03+00:00,0.715
2024-12-27 01:23:02+00:00,0.715
2024-12-27 01:24:03+00:00,0.715
2024-12-27 01:25:03+00:00,0.715
2024-12-27 01:26:03+00:00,0.715
2024-12-27 01:27:03+00:00,0.715
2024-12-27 01:28:02+00:00,0.715
2024-12-27 01:29:03+00:00,0.715
2024-12-27 01:30:03+00:00,0.715
2024-12-27 01:31:03+00:00,0.715
2024-12-27 01:32:03+00:00,0.715
2024-12-27 01:33:03+00:00,0.715
2024-12-27 01:34:03+00:00,0.715
2024-12-27 01:35:03+00:00,0.705
2024-12-27 01:36:03+00:00,0.705
2024-12-27 01:37:03+00:00,0.705
2024-12-27 01:38:03+00:00,0.705
2024-12-27 01:39:03+00:00,0.705
2024-12-27 01:40:03+00:00,0.705
2024-12-27 01:41:03+00:00,0.705
2024-12-27 01:42:03+00:00,0.705
2024-12-27 01:43:03+00:00,0.705
2024-12-27 01:44:03+00:00,0.705
2024-12-27 01:45:03+00:00,0.705
2024-12-27 01:46:03+00:00,0.71
2024-12-27 01:47:03+00:00,0.705
2024-12-27 01:48:03+00:00,0.71
2024-12-27 01:49:03+00:00,0.71
2024-12-27 01:50:03+00:00,0.71
2024-12-27 01:51:03+00:00,0.715
2024-12-27 01:52:03+00:00,0.715
2024-12-27 01:53:03+00:00,0.72
2024-12-27 01:54:03+00:00,0.72
2024-12-27 01:55:03+00:00,0.72
2024-12-27 01:56:03+00:00,0.72
2024-12-27 01:57:03+00:00,0.72
2024-12-27 01:58:03+00:00,0.725
2024-12-27 01:59:03+00:00,0.725
2024-12-27 02:00:03+00:00,0.725
2024-12-27 02:01:03+00:00,0.725
2024-12-27 02:02:03+00:00,0.71
2024-12-27 02:03:03+00:00,0.715
2024-12-27 02:04:03+00:00,0.715
2024-12-27 02:05:03+00:00,0.715
2024-12-27 02:06:03+00:00,0.71
2024-12-27 02:07:03+00:00,0.71
2024-12-27 02:08:03+00:00,0.71
2024-12-27 02:09:02+00:00,0.71
2024-12-27 02:10:03+00:00,0.705
2024-12-27 02:11:03+00:00,0.705
2024-12-27 02:12:03+00:00,0.705
2024-12-27 02:13:02+00:00,0.71
2024-12-27 02:14:03+00:00,0.71
2024-12-27 02:15:03+00:00,0.71
2024-12-27 02:16:03+00:00,0.71
2024-12-27 02:17:03+00:00,0.705
2024-12-27 02:18:03+00:00,0.705
2024-12-27 02:19:03+00:00,0.715
2024-12-27 02:20:03+00:00,0.715
2024-12-27 02:21:03+00:00,0.71
2024-12-27 02:22:03+00:00,0.71
2024-12-27 02:23:03+00:00,0.71
2024-12-27 02:24:03+00:00,0.705
2024-12-27 02:25:03+00:00,0.715
2024-12-27 02:26:03+00:00,0.705
2024-12-27 02:27:03+00:00,0.705
2024-12-27 02:28:03+00:00,0.71
2024-12-27 02:29:03+00:00,0.705
2024-12-27 02:30:03+00:00,0.715
2024-12-27 02:31:03+00:00,0.715
2024-12-27 02:32:03+00:00,0.71
2024-12-27 02:33:03+00:00,0.715
2024-12-27 02:34:03+00:00,0.715
2024-12-27 02:35:03+00:00,0.705
2024-12-27 02:36:03+00:00,0.705
2024-12-27 02:37:03+00:00,0.715
2024-12-27 02:38:03+00:00,0.715
2024-12-27 02:39:03+00:00,0.71
2024-12-27 02:40:03+00:00,0.705
2024-12-27 02:41:03+00:00,0.705
2024-12-27 02:42:03+00:00,0.705
2024-12-27 02:43:02+00:00,0.705
2024-12-27 02:44:02+00:00,0.705
2024-12-27 02:45:03+00:00,0.71
2024-12-27 02:46:03+00:00,0.71
2024-12-27 02:47:03+00:00,0.71
2024-12-27 02:48:03+00:00,0.71
2024-12-27 02:49:03+00:00,0.71
2024-12-27 02:50:03+00:00,0.71
2024-12-27 02:51:03+00:00,0.71
2024-12-27 02:52:03+00:00,0.705
2024-12-27 02:53:02+00:00,0.71
2024-12-27 02:54:03+00:00,0.705
2024-12-27 02:55:02+00:00,0.705
2024-12-27 02:56:03+00:00,0.715
2024-12-27 02:57:03+00:00,0.715
2024-12-27 02:58:03+00:00,0.725
2024-12-27 02:59:03+00:00,0.72
2024-12-27 03:00:03+00:00,0.725
2024-12-27 03:01:03+00:00,0.725
2024-12-27 03:02:03+00:00,0.72
2024-12-27 03:03:03+00:00,0.72
2024-12-27 03:04:02+00:00,0.72
2024-12-27 03:05:03+00:00,0.725
2024-12-27 03:06:03+00:00,0.725
2024-12-27 03:07:03+00:00,0.725
2024-12-27 03:08:03+00:00,0.725
2024-12-27 03:09:03+00:00,0.715
2024-12-27 03:10:03+00:00,0.72
2024-12-27 03:11:03+00:00,0.72
2024-12-27 03:12:03+00:00,0.715
2024-12-27 03:13:02+00:00,0.715
2024-12-27 03:14:03+00:00,0.715
2024-12-27 03:15:03+00:00,0.71
2024-12-27 03:16:03+00:00,0.71
2024-12-27 03:17:02+00:00,0.715
2024-12-27 03:18:03+00:00,0.725
2024-12-27 03:19:03+00:00,0.705
2024-12-27 03:20:03+00:00,0.7
2024-12-27 03:21:03+00:00,0.705
2024-12-27 03:22:03+00:00,0.705
2024-12-27 03:23:03+00:00,0.705
2024-12-27 03:24:03+00:00,0.71
2024-12-27 03:25:03+00:00,0.71
2024-12-27 03:26:03+00:00,0.705
2024-12-27 03:27:03+00:00,0.705
2024-12-27 03:28:03+00:00,0.705
2024-12-27 03:29:02+00:00,0.705
2024-12-27 03:30:03+00:00,0.705
2024-12-27 03:31:03+00:00,0.71
2024-12-27 03:32:03+00:00,0.705
2024-12-27 03:33:03+00:00,0.705
2024-12-27 03:34:03+00:00,0.705
2024-12-27 03:35:03+00:00,0.715
2024-12-27 03:36:03+00:00,0.715
2024-12-27 03:37:03+00:00,0.715
2024-12-27 03:38:03+00:00,0.715
2024-12-27 03:39:03+00:00,0.695
2024-12-27 03:40:03+00:00,0.695
2024-12-27 03:41:03+00:00,0.695
2024-12-27 03:42:03+00:00,0.715
2024-12-27 03:43:03+00:00,0.715
2024-12-27 03:44:02+00:00,0.705
2024-12-27 03:45:03+00:00,0.705
2024-12-27 03:46:03+00:00,0.705
2024-12-27 03:47:02+00:00,0.715
2024-12-27 03:48:03+00:00,0.715
2024-12-27 03:49:03+00:00,0.715
2024-12-27 03:50:03+00:00,0.71
2024-12-27 03:51:02+00:00,0.705
2024-12-27 03:52:03+00:00,0.705
2024-12-27 03:53:03+00:00,0.7
2024-12-27 03:54:03+00:00,0.695
2024-12-27 03:55:03+00:00,0.695
2024-12-27 03:56:03+00:00,0.695
2024-12-27 03:57:03+00:00,0.695
2024-12-27 03:58:03+00:00,0.695
2024-12-27 03:59:03+00:00,0.695
2024-12-27 04:00:03+00:00,0.695
2024-12-27 04:01:03+00:00,0.695
2024-12-27 04:02:03+00:00,0.705
2024-12-27 04:03:03+00:00,0.705
2024-12-27 04:04:03+00:00,0.705
2024-12-27 04:05:03+00:00,0.705
2024-12-27 04:06:03+00:00,0.71
2024-12-27 04:07:03+00:00,0.715
2024-12-27 04:08:03+00:00,0.71
2024-12-27 04:09:03+00:00,0.71
2024-12-27 04:10:03+00:00,0.705
2024-12-27 04:11:03+00:00,0.71
2024-12-27 04:12:03+00:00,0.71
2024-12-27 04:13:02+00:00,0.71
2024-12-27 04:14:03+00:00,0.71
2024-12-27 04:15:03+00:00,0.715
2024-12-27 04:16:03+00:00,0.715
2024-12-27 04:17:03+00:00,0.71
2024-12-27 04:18:03+00:00,0.71
2024-12-27 04:19:03+00:00,0.71
2024-12-27 04:20:03+00:00,0.71
2024-12-27 04:21:03+00:00,0.705
2024-12-27 04:22:02+00:00,0.705
2024-12-27 04:23:02+00:00,0.715
2024-12-27 04:24:03+00:00,0.715
2024-12-27 04:25:03+00:00,0.715
2024-12-27 04:26:02+00:00,0.71
2024-12-27 04:27:03+00:00,0.71
2024-12-27 04:28:03+00:00,0.71
2024-12-27 04:29:02+00:00,0.705
2024-12-27 04:30:03+00:00,0.705
2024-12-27 04:31:03+00:00,0.705
2024-12-27 04:32:03+00:00,0.705
2024-12-27 04:33:03+00:00,0.705
2024-12-27 04:34:03+00:00,0.705
2024-12-27 04:35:03+00:00,0.705
2024-12-27 04:36:03+00:00,0.705
2024-12-27 04:37:03+00:00,0.715
2024-12-27 04:38:03+00:00,0.715
2024-12-27 04:39:03+00:00,0.715
2024-12-27 04:40:03+00:00,0.715
2024-12-27 04:41:03+00:00,0.71
2024-12-27 04:42:03+00:00,0.71
2024-12-27 04:43:03+00:00,0.715
2024-12-27 04:44:03+00:00,0.715
2024-12-27 04:45:03+00:00,0.71
2024-12-27 04:46:03+00:00,0.71
2024-12-27 04:47:03+00:00,0.71
2024-12-27 04:48:03+00:00,0.71
2024-12-27 04:49:03+00:00,0.71
2024-12-27 04:50:03+00:00,0.71
2024-12-27 04:51:03+00:00,0.705
2024-12-27 04:52:03+00:00,0.715
2024-12-27 04:53:02+00:00,0.7
2024-12-27 04:54:03+00:00,0.705
2024-12-27 04:55:03+00:00,0.7
2024-12-27 04:56:03+00:00,0.7
2024-12-27 04:57:03+00:00,0.7
2024-12-27 04:58:03+00:00,0.7
2024-12-27 04:59:02+00:00,0.705
2024-12-27 05:00:03+00:00,0.705
2024-12-27 05:01:03+00:00,0.7
2024-12-27 05:02:02+00:00,0.7
2024-12-27 05:03:03+00:00,0.7
2024-12-27 05:04:03+00:00,0.695
2024-12-27 05:05:03+00:00,0.705
2024-12-27 05:06:03+00:00,0.705
2024-12-27 05:07:03+00:00,0.705
2024-12-27 05:08:03+00:00,0.705
2024-12-27 05:09:03+00:00,0.705
2024-12-27 05:10:03+00:00,0.705
2024-12-27 05:11:03+00:00,0.705
2024-12-27 05:12:03+00:00,0.705
2024-12-27 05:13:03+00:00,0.705
2024-12-27 05:14:03+00:00,0.705
2024-12-27 05:15:03+00:00,0.705
2024-12-27 05:16:03+00:00,0.705
2024-12-27 05:17:03+00:00,0.705
2024-12-27 05:18:03+00:00,0.705
2024-12-27 05:19:03+00:00,0.705
2024-12-27 05:20:03+00:00,0.705
2024-12-27 05:21:03+00:00,0.705
2024-12-27 05:22:02+00:00,0.705
2024-12-27 05:23:03+00:00,0.705
2024-12-27 05:24:03+00:00,0.705
2024-12-27 05:25:03+00:00,0.705
2024-12-27 05:26:03+00:00,0.705
2024-12-27 05:27:03+00:00,0.705
2024-12-27 05:28:03+00:00,0.705
2024-12-27 05:29:03+00:00,0.705
2024-12-27 05:30:03+00:00,0.705
2024-12-27 05:31:02+00:00,0.705
2024-12-27 05:32:03+00:00,0.705
2024-12-27 05:33:03+00:00,0.705
2024-12-27 05:34:03+00:00,0.705
2024-12-27 05:35:03+00:00,0.705
2024-12-27 05:36:02+00:00,0.705
2024-12-27 05:37:03+00:00,0.705
2024-12-27 05:38:03+00:00,0.705
2024-12-27 05:39:03+00:00,0.705
2024-12-27 05:40:03+00:00,0.705
2024-12-27 05:41:03+00:00,0.705
2024-12-27 05:42:03+00:00,0.705
2024-12-27 05:43:02+00:00,0.705
2024-12-27 05:44:03+00:00,0.705
2024-12-27 05:45:03+00:00,0.705
2024-12-27 05:46:03+00:00,0.705
2024-12-27 05:47:03+00:00,0.7
2024-12-27 05:48:03+00:00,0.7
2024-12-27 05:49:03+00:00,0.7
2024-12-27 05:50:03+00:00,0.695
2024-12-27 05:51:03+00:00,0.7
2024-12-27 05:52:03+00:00,0.7
2024-12-27 05:53:03+00:00,0.7
2024-12-27 05:54:03+00:00,0.7
2024-12-27 05:55:03+00:00,0.7
2024-12-27 05:56:03+00:00,0.705
2024-12-27 05:57:03+00:00,0.7
2024-12-27 05:58:03+00:00,0.7
2024-12-27 05:59:03+00:00,0.7
2024-12-27 06:00:03+00:00,0.7
2024-12-27 06:01:03+00:00,0.705
2024-12-27 06:02:03+00:00,0.705
2024-12-27 06:03:03+00:00,0.705
2024-12-27 06:04:03+00:00,0.705
2024-12-27 06:05:03+00:00,0.705
2024-12-27 06:06:03+00:00,0.705
2024-12-27 06:07:03+00:00,0.705
2024-12-27 06:08:03+00:00,0.705
2024-12-27 06:09:03+00:00,0.705
2024-12-27 06:10:03+00:00,0.705
2024-12-27 06:11:03+00:00,0.705
2024-12-27 06:12:03+00:00,0.705
2024-12-27 06:13:03+00:00,0.705
2024-12-27 06:14:02+00:00,0.705
2024-12-27 06:15:03+00:00,0.705
2024-12-27 06:16:03+00:00,0.705
2024-12-27 06:17:03+00:00,0.705
2024-12-27 06:18:03+00:00,0.705
2024-12-27 06:19:03+00:00,0.705
2024-12-27 06:20:03+00:00,0.705
2024-12-27 06:21:02+00:00,0.705
2024-12-27 06:22:03+00:00,0.705
2024-12-27 06:23:03+00:00,0.705
2024-12-27 06:24:03+00:00,0.705
2024-12-27 06:25:03+00:00,0.705
2024-12-27 06:26:03+00:00,0.705
2024-12-27 06:27:03+00:00,0.705
2024-12-27 06:28:03+00:00,0.705
2024-12-27 06:29:03+00:00,0.705
2024-12-27 06:30:03+00:00,0.705
2024-12-27 06:31:03+00:00,0.705
2024-12-27 06:32:03+00:00,0.705
2024-12-27 06:33:02+00:00,0.705
2024-12-27 06:34:03+00:00,0.705
2024-12-27 06:35:03+00:00,0.705
2024-12-27 06:36:02+00:00,0.705
2024-12-27 06:37:03+00:00,0.705
2024-12-27 06:38:03+00:00,0.705
2024-12-27 06:39:02+00:00,0.705
2024-12-27 06:40:03+00:00,0.705
2024-12-27 06:41:03+00:00,0.705
2024-12-27 06:42:03+00:00,0.705
2024-12-27 06:43:03+00:00,0.705
2024-12-27 06:44:03+00:00,0.705
2024-12-27 06:45:03+00:00,0.705
2024-12-27 06:46:03+00:00,0.705
2024-12-27 06:47:02+00:00,0.705
2024-12-27 06:48:03+00:00,0.705
2024-12-27 06:49:03+00:00,0.705
2024-12-27 06:50:03+00:00,0.705
2024-12-27 06:51:03+00:00,0.705
2024-12-27 06:52:03+00:00,0.705
2024-12-27 06:53:03+00:00,0.705
2024-12-27 06:54:02+00:00,0.705
2024-12-27 06:55:03+00:00,0.705
2024-12-27 06:56:03+00:00,0.705
2024-12-27 06:57:02+00:00,0.705
2024-12-27 06:58:03+00:00,0.705
2024-12-27 06:59:03+00:00,0.705
2024-12-27 07:00:03+00:00,0.705
2024-12-27 07:01:03+00:00,0.705
2024-12-27 07:02:03+00:00,0.705
2024-12-27 07:03:03+00:00,0.705
2024-12-27 07:04:03+00:00,0.705
2024-12-27 07:05:03+00:00,0.705
2024-12-27 07:06:03+00:00,0.705
2024-12-27 07:07:03+00:00,0.705
2024-12-27 07:08:03+00:00,0.705
2024-12-27 07:09:03+00:00,0.705
2024-12-27 07:10:03+00:00,0.705
2024-12-27 07:11:03+00:00,0.705
2024-12-27 07:12:03+00:00,0.705
2024-12-27 07:13:03+00:00,0.705
2024-12-27 07:14:03+00:00,0.705
2024-12-27 07:15:03+00:00,0.705
2024-12-27 07:16:03+00:00,0.705
2024-12-27 07:17:02+00:00,0.705
2024-12-27 07:18:03+00:00,0.705
2024-12-27 07:19:03+00:00,0.705
2024-12-27 07:20:03+00:00,0.705
2024-12-27 07:21:03+00:00,0.705
2024-12-27 07:22:03+00:00,0.705
2024-12-27 07:23:03+00:00,0.705
2024-12-27 07:24:03+00:00,0.705
2024-12-27 07:25:03+00:00,0.705
2024-12-27 07:26:03+00:00,0.705
2024-12-27 07:27:03+00:00,0.705
2024-12-27 07:28:03+00:00,0.705
2024-12-27 07:29:03+00:00,0.705
2024-12-27 07:30:03+00:00,0.705
2024-12-27 07:31:03+00:00,0.705
2024-12-27 07:32:03+00:00,0.705
2024-12-27 07:33:03+00:00,0.705
2024-12-27 07:34:03+00:00,0.705
2024-12-27 07:35:03+00:00,0.705
2024-12-27 07:36:03+00:00,0.705
2024-12-27 07:37:03+00:00,0.705
2024-12-27 07:38:02+00:00,0.705
2024-12-27 07:39:03+00:00,0.705
2024-12-27 07:40:03+00:00,0.705
2024-12-27 07:41:03+00:00,0.705
2024-12-27 07:42:03+00:00,0.705
2024-12-27 07:43:03+00:00,0.705
2024-12-27 07:44:03+00:00,0.705
2024-12-27 07:45:03+00:00,0.705
2024-12-27 07:46:03+00:00,0.705
2024-12-27 07:47:03+00:00,0.705
2024-12-27 07:48:02+00:00,0.705
2024-12-27 07:49:03+00:00,0.705
2024-12-27 07:50:03+00:00,0.705
2024-12-27 07:51:03+00:00,0.705
2024-12-27 07:52:03+00:00,0.705
2024-12-27 07:53:02+00:00,0.705
2024-12-27 07:54:03+00:00,0.705
2024-12-27 07:55:03+00:00,0.705
2024-12-27 07:56:03+00:00,0.705
2024-12-27 07:57:03+00:00,0.705
2024-12-27 07:58:03+00:00,0.705
2024-12-27 07:59:02+00:00,0.705
2024-12-27 08:00:04+00:00,0.705
2024-12-27 08:01:02+00:00,0.705
2024-12-27 08:02:03+00:00,0.705
2024-12-27 08:03:03+00:00,0.705
2024-12-27 08:04:03+00:00,0.705
2024-12-27 08:05:03+00:00,0.705
2024-12-27 08:06:02+00:00,0.705
2024-12-27 08:07:03+00:00,0.705
2024-12-27 08:08:03+00:00,0.705
2024-12-27 08:09:03+00:00,0.705
2024-12-27 08:10:03+00:00,0.705
2024-12-27 08:11:02+00:00,0.705
2024-12-27 08:12:03+00:00,0.705
2024-12-27 08:13:03+00:00,0.705
2024-12-27 08:14:03+00:00,0.705
2024-12-27 08:15:03+00:00,0.705
2024-12-27 08:16:03+00:00,0.705
2024-12-27 08:17:03+00:00,0.705
2024-12-27 08:18:03+00:00,0.705
2024-12-27 08:19:03+00:00,0.705
2024-12-27 08:20:03+00:00,0.705
2024-12-27 08:21:03+00:00,0.705
2024-12-27 08:22:03+00:00,0.705
2024-12-27 08:23:03+00:00,0.705
2024-12-27 08:24:03+00:00,0.705
2024-12-27 08:25:03+00:00,0.705
2024-12-27 08:26:03+00:00,0.705
2024-12-27 08:27:03+00:00,0.705
2024-12-27 08:28:03+00:00,0.705
2024-12-27 08:29:03+00:00,0.705
2024-12-27 08:30:03+00:00,0.705
2024-12-27 08:31:03+00:00,0.705
2024-12-27 08:32:02+00:00,0.705
2024-12-27 08:33:03+00:00,0.705
2024-12-27 08:34:03+00:00,0.705
2024-12-27 08:35:03+00:00,0.705
2024-12-27 08:36:03+00:00,0.705
2024-12-27 08:37:03+00:00,0.705
2024-12-27 08:38:03+00:00,0.705
2024-12-27 08:39:03+00:00,0.705
2024-12-27 08:40:03+00:00,0.705
2024-12-27 08:41:03+00:00,0.705
2024-12-27 08:42:03+00:00,0.705
2024-12-27 08:43:03+00:00,0.705
2024-12-27 08:44:03+00:00,0.705
2024-12-27 08:45:03+00:00,0.705
2024-12-27 08:46:03+00:00,0.705
2024-12-27 08:47:03+00:00,0.705
2024-12-27 08:48:03+00:00,0.705
2024-12-27 08:49:03+00:00,0.705
2024-12-27 08:50:03+00:00,0.705
2024-12-27 08:51:03+00:00,0.705
2024-12-27 08:52:03+00:00,0.705
2024-12-27 08:53:03+00:00,0.705
2024-12-27 08:54:03+00:00,0.705
2024-12-27 08:55:03+00:00,0.705
2024-12-27 08:56:03+00:00,0.705
2024-12-27 08:57:03+00:00,0.705
2024-12-27 08:58:03+00:00,0.705
2024-12-27 08:59:03+00:00,0.705
2024-12-27 09:00:03+00:00,0.705
2024-12-27 09:01:03+00:00,0.705
2024-12-27 09:02:03+00:00,0.705
2024-12-27 09:03:02+00:00,0.705
2024-12-27 09:04:03+00:00,0.705
2024-12-27 09:05:03+00:00,0.705
2024-12-27 09:06:03+00:00,0.705
2024-12-27 09:07:03+00:00,0.705
2024-12-27 09:08:03+00:00,0.705
2024-12-27 09:09:02+00:00,0.705
2024-12-27 09:10:03+00:00,0.705
2024-12-27 09:11:03+00:00,0.705
2024-12-27 09:12:03+00:00,0.705
2024-12-27 09:13:02+00:00,0.705
2024-12-27 09:14:03+00:00,0.705
2024-12-27 09:15:03+00:00,0.705
2024-12-27 09:16:03+00:00,0.705
2024-12-27 09:17:03+00:00,0.705
2024-12-27 09:18:03+00:00,0.705
2024-12-27 09:19:03+00:00,0.705
2024-12-27 09:20:03+00:00,0.705
2024-12-27 09:21:02+00:00,0.705
2024-12-27 09:22:03+00:00,0.705
2024-12-27 09:23:03+00:00,0.705
2024-12-27 09:24:02+00:00,0.705
2024-12-27 09:25:03+00:00,0.705
2024-12-27 09:26:03+00:00,0.705
2024-12-27 09:27:03+00:00,0.705
2024-12-27 09:28:03+00:00,0.705
2024-12-27 09:29:03+00:00,0.705
2024-12-27 09:30:03+00:00,0.705
2024-12-27 09:31:03+00:00,0.705
2024-12-27 09:32:03+00:00,0.705
2024-12-27 09:33:03+00:00,0.705
2024-12-27 09:34:03+00:00,0.705
2024-12-27 09:35:03+00:00,0.705
2024-12-27 09:36:03+00:00,0.705
2024-12-27 09:37:03+00:00,0.705
2024-12-27 09:38:02+00:00,0.705
2024-12-27 09:39:03+00:00,0.705
2024-12-27 09:40:03+00:00,0.705
2024-12-27 09:41:02+00:00,0.705
2024-12-27 09:42:03+00:00,0.705
2024-12-27 09:43:03+00:00,0.705
2024-12-27 09:44:03+00:00,0.705
2024-12-27 09:45:03+00:00,0.705
2024-12-27 09:46:03+00:00,0.705
2024-12-27 09:47:02+00:00,0.705
2024-12-27 09:48:03+00:00,0.705
2024-12-27 09:49:03+00:00,0.705
2024-12-27 09:50:03+00:00,0.705
2024-12-27 09:51:03+00:00,0.705
2024-12-27 09:52:03+00:00,0.705
2024-12-27 09:53:02+00:00,0.705
2024-12-27 09:54:03+00:00,0.705
2024-12-27 09:55:03+00:00,0.705
2024-12-27 09:56:03+00:00,0.705
2024-12-27 09:57:03+00:00,0.705
2024-12-27 09:58:03+00:00,0.705
2024-12-27 09:59:03+00:00,0.705
2024-12-27 10:00:04+00:00,0.7
2024-12-27 10:01:03+00:00,0.7
2024-12-27 10:02:03+00:00,0.7
2024-12-27 10:03:02+00:00,0.7
2024-12-27 10:04:03+00:00,0.7
2024-12-27 10:05:03+00:00,0.7
2024-12-27 10:06:03+00:00,0.695
2024-12-27 10:07:03+00:00,0.695
2024-12-27 10:08:03+00:00,0.695
2024-12-27 10:09:03+00:00,0.695
2024-12-27 10:10:03+00:00,0.695
2024-12-27 10:11:03+00:00,0.695
2024-12-27 10:12:03+00:00,0.695
2024-12-27 10:13:03+00:00,0.7
2024-12-27 10:14:03+00:00,0.7
2024-12-27 10:15:03+00:00,0.7
2024-12-27 10:16:03+00:00,0.7
2024-12-27 10:17:03+00:00,0.695
2024-12-27 10:18:03+00:00,0.695
2024-12-27 10:19:03+00:00,0.695
2024-12-27 10:20:03+00:00,0.695
2024-12-27 10:21:03+00:00,0.695
2024-12-27 10:22:03+00:00,0.695
2024-12-27 10:23:03+00:00,0.695
2024-12-27 10:24:03+00:00,0.695
2024-12-27 10:25:03+00:00,0.695
2024-12-27 10:26:03+00:00,0.695
2024-12-27 10:27:03+00:00,0.7
2024-12-27 10:28:03+00:00,0.695
2024-12-27 10:29:03+00:00,0.695
2024-12-27 10:30:03+00:00,0.695
2024-12-27 10:31:03+00:00,0.695
2024-12-27 10:32:03+00:00,0.695
2024-12-27 10:33:03+00:00,0.695
2024-12-27 10:34:02+00:00,0.695
2024-12-27 10:35:03+00:00,0.695
2024-12-27 10:36:02+00:00,0.695
2024-12-27 10:37:03+00:00,0.695
2024-12-27 10:38:03+00:00,0.695
2024-12-27 10:39:03+00:00,0.705
2024-12-27 10:40:03+00:00,0.705
2024-12-27 10:41:03+00:00,0.705
2024-12-27 10:42:03+00:00,0.705
2024-12-27 10:43:03+00:00,0.705
2024-12-27 10:44:03+00:00,0.705
2024-12-27 10:45:03+00:00,0.705
2024-12-27 10:46:03+00:00,0.705
2024-12-27 10:47:03+00:00,0.705
2024-12-27 10:48:03+00:00,0.705
2024-12-27 10:49:03+00:00,0.705
2024-12-27 10:50:03+00:00,0.705
2024-12-27 10:51:03+00:00,0.705
2024-12-27 10:52:03+00:00,0.705
2024-12-27 10:53:02+00:00,0.705
2024-12-27 10:54:03+00:00,0.705
2024-12-27 10:55:03+00:00,0.705
2024-12-27 10:56:03+00:00,0.705
2024-12-27 10:57:03+00:00,0.705
2024-12-27 10:58:03+00:00,0.705
2024-12-27 10:59:02+00:00,0.705
2024-12-27 11:00:03+00:00,0.705
2024-12-27 11:01:03+00:00,0.705
2024-12-27 11:02:03+00:00,0.705
2024-12-27 11:03:03+00:00,0.705
2024-12-27 11:04:03+00:00,0.705
2024-12-27 11:05:02+00:00,0.705
2024-12-27 11:06:03+00:00,0.705
2024-12-27 11:07:03+00:00,0.705
2024-12-27 11:08:03+00:00,0.7
2024-12-27 11:09:03+00:00,0.7
2024-12-27 11:10:03+00:00,0.705
2024-12-27 11:11:02+00:00,0.705
2024-12-27 11:12:03+00:00,0.705
2024-12-27 11:13:03+00:00,0.705
2024-12-27 11:14:02+00:00,0.7
2024-12-27 11:15:03+00:00,0.7
2024-12-27 11:16:02+00:00,0.7
2024-12-27 11:17:02+00:00,0.705
2024-12-27 11:18:03+00:00,0.705
2024-12-27 11:19:03+00:00,0.705
2024-12-27 11:20:03+00:00,0.705
2024-12-27 11:21:03+00:00,0.705
2024-12-27 11:22:03+00:00,0.705
2024-12-27 11:23:03+00:00,0.705
2024-12-27 11:24:03+00:00,0.705
2024-12-27 11:25:03+00:00,0.705
2024-12-27 11:26:03+00:00,0.705
2024-12-27 11:27:03+00:00,0.685
2024-12-27 11:28:03+00:00,0.685
2024-12-27 11:29:03+00:00,0.685
2024-12-27 11:30:03+00:00,0.685
2024-12-27 11:31:03+00:00,0.685
2024-12-27 11:32:03+00:00,0.69
2024-12-27 11:33:04+00:00,0.69
2024-12-27 11:34:03+00:00,0.69
2024-12-27 11:35:03+00:00,0.695
2024-12-27 11:36:03+00:00,0.695
2024-12-27 11:37:03+00:00,0.695
2024-12-27 11:38:03+00:00,0.695
2024-12-27 11:39:03+00:00,0.695
2024-12-27 11:40:03+00:00,0.695
2024-12-27 11:41:03+00:00,0.695
2024-12-27 11:42:03+00:00,0.695
2024-12-27 11:43:03+00:00,0.695
2024-12-27 11:44:03+00:00,0.695
2024-12-27 11:45:03+00:00,0.695
2024-12-27 11:46:03+00:00,0.695
2024-12-27 11:47:03+00:00,0.695
2024-12-27 11:48:03+00:00,0.695
2024-12-27 11:49:03+00:00,0.695
2024-12-27 11:50:03+00:00,0.695
2024-12-27 11:51:02+00:00,0.695
2024-12-27 11:52:02+00:00,0.695
2024-12-27 11:53:03+00:00,0.695
2024-12-27 11:54:03+00:00,0.695
2024-12-27 11:55:03+00:00,0.695
2024-12-27 11:56:03+00:00,0.695
2024-12-27 11:57:03+00:00,0.695
2024-12-27 11:58:03+00:00,0.695
2024-12-27 11:59:03+00:00,0.695
2024-12-27 12:00:03+00:00,0.695
2024-12-27 12:01:03+00:00,0.695
2024-12-27 12:02:03+00:00,0.695
2024-12-27 12:03:03+00:00,0.695
2024-12-27 12:04:02+00:00,0.695
2024-12-27 12:05:03+00:00,0.695
2024-12-27 12:06:03+00:00,0.695
2024-12-27 12:07:03+00:00,0.695
2024-12-27 12:08:03+00:00,0.695
2024-12-27 12:09:02+00:00,0.695
2024-12-27 12:10:03+00:00,0.695
2024-12-27 12:11:03+00:00,0.7
2024-12-27 12:12:03+00:00,0.7
2024-12-27 12:13:03+00:00,0.7
2024-12-27 12:14:03+00:00,0.7
2024-12-27 12:15:03+00:00,0.7
2024-12-27 12:16:03+00:00,0.7
2024-12-27 12:17:02+00:00,0.695
2024-12-27 12:18:03+00:00,0.695
2024-12-27 12:19:03+00:00,0.695
2024-12-27 12:20:03+00:00,0.695
2024-12-27 12:21:03+00:00,0.7
2024-12-27 12:22:03+00:00,0.7
2024-12-27 12:23:03+00:00,0.695
2024-12-27 12:24:02+00:00,0.695
2024-12-27 12:25:03+00:00,0.705
2024-12-27 12:26:03+00:00,0.705
2024-12-27 12:27:02+00:00,0.695
2024-12-27 12:28:03+00:00,0.7
2024-12-27 12:29:02+00:00,0.7
2024-12-27 12:30:03+00:00,0.705
2024-12-27 12:31:02+00:00,0.705
2024-12-27 12:32:03+00:00,0.705
2024-12-27 12:33:03+00:00,0.705
2024-12-27 12:34:03+00:00,0.705
2024-12-27 12:35:03+00:00,0.705
2024-12-27 12:36:03+00:00,0.705
2024-12-27 12:37:03+00:00,0.705
2024-12-27 12:38:03+00:00,0.695
2024-12-27 12:39:03+00:00,0.695
2024-12-27 12:40:03+00:00,0.7
2024-12-27 12:41:03+00:00,0.7
2024-12-27 12:42:03+00:00,0.7
2024-12-27 12:43:03+00:00,0.7
2024-12-27 12:44:03+00:00,0.695
2024-12-27 12:45:03+00:00,0.695
2024-12-27 12:46:03+00:00,0.7
2024-12-27 12:47:03+00:00,0.705
2024-12-27 12:48:03+00:00,0.705
2024-12-27 12:49:03+00:00,0.705
2024-12-27 12:50:03+00:00,0.705
2024-12-27 12:51:03+00:00,0.705
2024-12-27 12:52:03+00:00,0.705
2024-12-27 12:53:03+00:00,0.705
2024-12-27 12:54:03+00:00,0.705
2024-12-27 12:55:03+00:00,0.705
2024-12-27 12:56:03+00:00,0.705
2024-12-27 12:57:03+00:00,0.705
2024-12-27 12:58:03+00:00,0.705
2024-12-27 12:59:03+00:00,0.705
2024-12-27 13:00:04+00:00,0.705
2024-12-27 13:01:03+00:00,0.705
2024-12-27 13:02:02+00:00,0.705
2024-12-27 13:03:02+00:00,0.705
2024-12-27 13:04:03+00:00,0.705
2024-12-27 13:05:03+00:00,0.705
2024-12-27 13:06:03+00:00,0.705
2024-12-27 13:07:02+00:00,0.705
2024-12-27 13:08:03+00:00,0.705
2024-12-27 13:09:03+00:00,0.705
2024-12-27 13:10:03+00:00,0.705
2024-12-27 13:11:02+00:00,0.705
2024-12-27 13:12:03+00:00,0.705
2024-12-27 13:13:03+00:00,0.705
2024-12-27 13:14:03+00:00,0.705
2024-12-27 13:15:03+00:00,0.705
2024-12-27 13:16:03+00:00,0.705
2024-12-27 13:17:03+00:00,0.705
2024-12-27 13:18:03+00:00,0.705
2024-12-27 13:19:03+00:00,0.705
2024-12-27 13:20:03+00:00,0.705
2024-12-27 13:21:03+00:00,0.705
2024-12-27 13:22:03+00:00,0.705
2024-12-27 13:23:02+00:00,0.705
2024-12-27 13:24:03+00:00,0.705
2024-12-27 13:25:03+00:00,0.705
2024-12-27 13:26:03+00:00,0.705
2024-12-27 13:27:03+00:00,0.705
2024-12-27 13:28:03+00:00,0.705
2024-12-27 13:29:03+00:00,0.705
2024-12-27 13:30:03+00:00,0.705
2024-12-27 13:31:03+00:00,0.705
2024-12-27 13:32:03+00:00,0.705
2024-12-27 13:33:03+00:00,0.705
2024-12-27 13:34:03+00:00,0.705
2024-12-27 13:35:03+00:00,0.705
2024-12-27 13:36:03+00:00,0.705
2024-12-27 13:37:03+00:00,0.705
2024-12-27 13:38:03+00:00,0.705
2024-12-27 13:39:03+00:00,0.705
2024-12-27 13:40:03+00:00,0.705
2024-12-27 13:41:03+00:00,0.705
2024-12-27 13:42:03+00:00,0.705
2024-12-27 13:43:03+00:00,0.705
2024-12-27 13:44:02+00:00,0.705
2024-12-27 13:45:03+00:00,0.705
2024-12-27 13:46:02+00:00,0.705
2024-12-27 13:47:03+00:00,0.705
2024-12-27 13:48:03+00:00,0.705
2024-12-27 13:49:03+00:00,0.705
2024-12-27 13:50:03+00:00,0.705
2024-12-27 13:51:02+00:00,0.705
2024-12-27 13:52:02+00:00,0.705
2024-12-27 13:53:03+00:00,0.705
2024-12-27 13:54:03+00:00,0.705
2024-12-27 13:55:04+00:00,0.705
2024-12-27 13:56:03+00:00,0.705
2024-12-27 13:57:02+00:00,0.705
2024-12-27 13:58:03+00:00,0.705
2024-12-27 13:59:02+00:00,0.705
2024-12-27 14:00:03+00:00,0.705
2024-12-27 14:01:03+00:00,0.705
2024-12-27 14:02:03+00:00,0.705
2024-12-27 14:03:02+00:00,0.705
2024-12-27 14:04:03+00:00,0.705
2024-12-27 14:05:03+00:00,0.705
2024-12-27 14:06:03+00:00,0.705
2024-12-27 14:07:03+00:00,0.705
2024-12-27 14:08:03+00:00,0.705
2024-12-27 14:09:03+00:00,0.705
2024-12-27 14:10:03+00:00,0.705
2024-12-27 14:11:03+00:00,0.705
2024-12-27 14:12:03+00:00,0.705
2024-12-27 14:13:03+00:00,0.705
2024-12-27 14:14:03+00:00,0.705
2024-12-27 14:15:03+00:00,0.705
2024-12-27 14:16:03+00:00,0.705
2024-12-27 14:17:02+00:00,0.705
2024-12-27 14:18:03+00:00,0.705
2024-12-27 14:19:03+00:00,0.705
2024-12-27 14:20:03+00:00,0.705
2024-12-27 14:21:02+00:00,0.705
2024-12-27 14:22:03+00:00,0.705
2024-12-27 14:23:02+00:00,0.705
2024-12-27 14:24:03+00:00,0.705
2024-12-27 14:25:03+00:00,0.705
2024-12-27 14:26:03+00:00,0.705
2024-12-27 14:27:03+00:00,0.705
2024-12-27 14:28:03+00:00,0.705
2024-12-27 14:29:03+00:00,0.705
2024-12-27 14:30:03+00:00,0.705
2024-12-27 14:31:02+00:00,0.705
2024-12-27 14:32:03+00:00,0.705
2024-12-27 14:33:03+00:00,0.705
2024-12-27 14:34:03+00:00,0.705
2024-12-27 14:35:02+00:00,0.705
2024-12-27 14:36:02+00:00,0.705
2024-12-27 14:37:03+00:00,0.705
2024-12-27 14:38:03+00:00,0.705
2024-12-27 14:39:02+00:00,0.705
2024-12-27 14:40:03+00:00,0.705
2024-12-27 14:41:03+00:00,0.705
2024-12-27 14:42:02+00:00,0.705
2024-12-27 14:43:02+00:00,0.705
2024-12-27 14:44:03+00:00,0.705
2024-12-27 14:45:03+00:00,0.705
2024-12-27 14:46:03+00:00,0.705
2024-12-27 14:47:03+00:00,0.705
2024-12-27 14:48:02+00:00,0.705
2024-12-27 14:49:03+00:00,0.705
2024-12-27 14:50:03+00:00,0.705
2024-12-27 14:51:03+00:00,0.705
2024-12-27 14:52:03+00:00,0.705
2024-12-27 14:53:03+00:00,0.705
2024-12-27 14:54:02+00:00,0.705
2024-12-27 14:55:03+00:00,0.705
2024-12-27 14:56:03+00:00,0.705
2024-12-27 14:57:02+00:00,0.705
2024-12-27 14:58:03+00:00,0.705
2024-12-27 14:59:03+00:00,0.705
2024-12-27 15:00:03+00:00,0.705
2024-12-27 15:01:03+00:00,0.705
2024-12-27 15:02:03+00:00,0.705
2024-12-27 15:03:03+00:00,0.705
2024-12-27 15:04:03+00:00,0.705
2024-12-27 15:05:03+00:00,0.705
2024-12-27 15:06:03+00:00,0.705
2024-12-27 15:07:03+00:00,0.705
2024-12-27 15:08:03+00:00,0.705
2024-12-27 15:09:03+00:00,0.705
2024-12-27 15:10:03+00:00,0.705
2024-12-27 15:11:03+00:00,0.705
2024-12-27 15:12:03+00:00,0.705
2024-12-27 15:13:03+00:00,0.705
2024-12-27 15:14:03+00:00,0.705
2024-12-27 15:15:03+00:00,0.705
2024-12-27 15:16:03+00:00,0.705
2024-12-27 15:17:03+00:00,0.705
2024-12-27 15:18:03+00:00,0.705
2024-12-27 15:19:03+00:00,0.705
2024-12-27 15:20:03+00:00,0.705
2024-12-27 15:21:03+00:00,0.705
2024-12-27 15:22:03+00:00,0.705
2024-12-27 15:23:03+00:00,0.705
2024-12-27 15:24:03+00:00,0.705
2024-12-27 15:25:03+00:00,0.705
2024-12-27 15:26:02+00:00,0.705
2024-12-27 15:27:03+00:00,0.705
2024-12-27 15:28:03+00:00,0.705
2024-12-27 15:29:03+00:00,0.705
2024-12-27 15:30:03+00:00,0.705
2024-12-27 15:31:03+00:00,0.705
2024-12-27 15:32:03+00:00,0.705
2024-12-27 15:33:03+00:00,0.705
2024-12-27 15:34:03+00:00,0.705
2024-12-27 15:35:03+00:00,0.705
2024-12-27 15:36:03+00:00,0.705
2024-12-27 15:37:03+00:00,0.705
2024-12-27 15:38:02+00:00,0.705
2024-12-27 15:39:03+00:00,0.705
2024-12-27 15:40:03+00:00,0.705
2024-12-27 15:41:03+00:00,0.705
2024-12-27 15:42:03+00:00,0.705
2024-12-27 15:43:03+00:00,0.705
2024-12-27 15:44:02+00:00,0.705
2024-12-27 15:45:03+00:00,0.705
2024-12-27 15:46:03+00:00,0.705
2024-12-27 15:47:03+00:00,0.705
2024-12-27 15:48:03+00:00,0.705
2024-12-27 15:49:03+00:00,0.705
2024-12-27 15:50:03+00:00,0.705
2024-12-27 15:51:02+00:00,0.705
2024-12-27 15:52:03+00:00,0.705
2024-12-27 15:53:03+00:00,0.705
2024-12-27 15:54:03+00:00,0.705
2024-12-27 15:55:03+00:00,0.705
2024-12-27 15:56:03+00:00,0.705
2024-12-27 15:57:03+00:00,0.705
2024-12-27 15:58:03+00:00,0.705
2024-12-27 15:59:03+00:00,0.705
2024-12-27 16:00:03+00:00,0.705
2024-12-27 16:01:03+00:00,0.705
2024-12-27 16:02:03+00:00,0.705
2024-12-27 16:03:03+00:00,0.705
2024-12-27 16:04:03+00:00,0.705
2024-12-27 16:05:03+00:00,0.705
2024-12-27 16:06:03+00:00,0.705
2024-12-27 16:07:03+00:00,0.705
2024-12-27 16:08:03+00:00,0.705
2024-12-27 16:09:03+00:00,0.705
2024-12-27 16:10:03+00:00,0.705
2024-12-27 16:11:03+00:00,0.705
2024-12-27 16:12:03+00:00,0.705
2024-12-27 16:13:03+00:00,0.705
2024-12-27 16:14:03+00:00,0.705
2024-12-27 16:15:03+00:00,0.705
2024-12-27 16:16:03+00:00,0.705
2024-12-27 16:17:02+00:00,0.705
2024-12-27 16:18:03+00:00,0.705
2024-12-27 16:19:03+00:00,0.705
2024-12-27 16:20:03+00:00,0.705
2024-12-27 16:21:03+00:00,0.705
2024-12-27 16:22:03+00:00,0.705
2024-12-27 16:23:02+00:00,0.705
2024-12-27 16:24:03+00:00,0.705
2024-12-27 16:25:03+00:00,0.705
2024-12-27 16:26:03+00:00,0.705
2024-12-27 16:27:03+00:00,0.705
2024-12-27 16:28:03+00:00,0.705
2024-12-27 16:29:03+00:00,0.705
2024-12-27 16:30:03+00:00,0.705
2024-12-27 16:31:03+00:00,0.705
2024-12-27 16:32:03+00:00,0.705
2024-12-27 16:33:02+00:00,0.695
2024-12-27 16:34:03+00:00,0.695
2024-12-27 16:35:03+00:00,0.7
2024-12-27 16:36:03+00:00,0.7
2024-12-27 16:37:03+00:00,0.7
2024-12-27 16:38:03+00:00,0.7
2024-12-27 16:39:02+00:00,0.7
2024-12-27 16:40:03+00:00,0.705
2024-12-27 16:41:03+00:00,0.705
2024-12-27 16:42:03+00:00,0.705
2024-12-27 16:43:03+00:00,0.705
2024-12-27 16:44:03+00:00,0.705
2024-12-27 16:45:03+00:00,0.705
2024-12-27 16:46:03+00:00,0.705
2024-12-27 16:47:03+00:00,0.705
2024-12-27 16:48:03+00:00,0.705
2024-12-27 16:49:03+00:00,0.705
2024-12-27 16:50:03+00:00,0.705
2024-12-27 16:51:03+00:00,0.705
2024-12-27 16:52:03+00:00,0.705
2024-12-27 16:53:03+00:00,0.705
2024-12-27 16:54:03+00:00,0.705
2024-12-27 16:55:03+00:00,0.705
2024-12-27 16:56:02+00:00,0.705
2024-12-27 16:57:03+00:00,0.705
2024-12-27 16:58:03+00:00,0.705
2024-12-27 16:59:03+00:00,0.705
2024-12-27 17:00:03+00:00,0.705
2024-12-27 17:01:03+00:00,0.705
2024-12-27 17:02:03+00:00,0.705
2024-12-27 17:03:03+00:00,0.705
2024-12-27 17:04:03+00:00,0.705
2024-12-27 17:05:02+00:00,0.705
2024-12-27 17:06:03+00:00,0.705
2024-12-27 17:07:03+00:00,0.705
2024-12-27 17:08:03+00:00,0.705
2024-12-27 17:09:03+00:00,0.705
2024-12-27 17:10:03+00:00,0.705
2024-12-27 17:11:03+00:00,0.705
2024-12-27 17:12:02+00:00,0.705
2024-12-27 17:13:02+00:00,0.705
2024-12-27 17:14:02+00:00,0.705
2024-12-27 17:15:03+00:00,0.705
2024-12-27 17:16:03+00:00,0.705
2024-12-27 17:17:03+00:00,0.705
2024-12-27 17:18:03+00:00,0.705
2024-12-27 17:19:03+00:00,0.705
2024-12-27 17:20:03+00:00,0.705
2024-12-27 17:21:03+00:00,0.705
2024-12-27 17:22:03+00:00,0.705
2024-12-27 17:23:03+00:00,0.705
2024-12-27 17:24:03+00:00,0.705
2024-12-27 17:25:02+00:00,0.705
2024-12-27 17:26:03+00:00,0.705
2024-12-27 17:27:02+00:00,0.705
2024-12-27 17:28:03+00:00,0.705
2024-12-27 17:29:03+00:00,0.705
2024-12-27 17:30:03+00:00,0.705
2024-12-27 17:31:03+00:00,0.705
2024-12-27 17:32:03+00:00,0.705
2024-12-27 17:33:03+00:00,0.705
2024-12-27 17:34:03+00:00,0.705
2024-12-27 17:35:03+00:00,0.705
2024-12-27 17:36:03+00:00,0.705
2024-12-27 17:37:03+00:00,0.705
2024-12-27 17:38:03+00:00,0.705
2024-12-27 17:39:03+00:00,0.705
2024-12-27 17:40:03+00:00,0.705
2024-12-27 17:41:03+00:00,0.705
2024-12-27 17:42:03+00:00,0.705
2024-12-27 17:43:03+00:00,0.705
2024-12-27 17:44:03+00:00,0.705
2024-12-27 17:45:03+00:00,0.705
2024-12-27 17:46:03+00:00,0.705
2024-12-27 17:47:03+00:00,0.705
2024-12-27 17:48:03+00:00,0.705
2024-12-27 17:49:03+00:00,0.705
2024-12-27 17:50:03+00:00,0.705
2024-12-27 17:51:03+00:00,0.705
2024-12-27 17:52:02+00:00,0.705
2024-12-27 17:53:03+00:00,0.705
2024-12-27 17:54:03+00:00,0.705
2024-12-27 17:55:03+00:00,0.705
2024-12-27 17:56:03+00:00,0.705
2024-12-27 17:57:03+00:00,0.705
2024-12-27 17:58:03+00:00,0.705
2024-12-27 17:59:02+00:00,0.705
2024-12-27 18:00:03+00:00,0.705
2024-12-27 18:01:03+00:00,0.705
2024-12-27 18:02:03+00:00,0.705
2024-12-27 18:03:03+00:00,0.705
2024-12-27 18:04:03+00:00,0.705
2024-12-27 18:05:03+00:00,0.705
2024-12-27 18:06:03+00:00,0.705
2024-12-27 18:07:03+00:00,0.705
2024-12-27 18:08:03+00:00,0.705
2024-12-27 18:09:03+00:00,0.705
2024-12-27 18:10:03+00:00,0.705
2024-12-27 18:11:02+00:00,0.705
2024-12-27 18:12:03+00:00,0.705
2024-12-27 18:13:02+00:00,0.705
2024-12-27 18:14:03+00:00,0.705
2024-12-27 18:15:03+00:00,0.705
2024-12-27 18:16:03+00:00,0.705
2024-12-27 18:17:03+00:00,0.705
2024-12-27 18:18:03+00:00,0.705
2024-12-27 18:19:03+00:00,0.705
2024-12-27 18:20:03+00:00,0.705
2024-12-27 18:21:03+00:00,0.705
2024-12-27 18:22:02+00:00,0.705
2024-12-27 18:23:03+00:00,0.705
2024-12-27 18:24:03+00:00,0.705
2024-12-27 18:25:03+00:00,0.705
2024-12-27 18:26:03+00:00,0.705
2024-12-27 18:27:03+00:00,0.705
2024-12-27 18:28:03+00:00,0.705
2024-12-27 18:29:03+00:00,0.705
2024-12-27 18:30:03+00:00,0.705
2024-12-27 18:31:03+00:00,0.71
2024-12-27 18:32:03+00:00,0.71
2024-12-27 18:33:03+00:00,0.71
2024-12-27 18:34:03+00:00,0.715
2024-12-27 18:35:02+00:00,0.715
2024-12-27 18:36:02+00:00,0.715
2024-12-27 18:37:03+00:00,0.715
2024-12-27 18:38:03+00:00,0.715
2024-12-27 18:39:03+00:00,0.715
2024-12-27 18:40:03+00:00,0.715
2024-12-27 18:41:03+00:00,0.715
2024-12-27 18:42:03+00:00,0.715
2024-12-27 18:43:03+00:00,0.715
2024-12-27 18:44:03+00:00,0.715
2024-12-27 18:45:03+00:00,0.715
2024-12-27 18:46:03+00:00,0.715
2024-12-27 18:47:03+00:00,0.715
2024-12-27 18:48:03+00:00,0.715
2024-12-27 18:49:02+00:00,0.715
2024-12-27 18:50:03+00:00,0.715
2024-12-27 18:51:03+00:00,0.715
2024-12-27 18:52:03+00:00,0.715
2024-12-27 18:53:03+00:00,0.715
2024-12-27 18:54:03+00:00,0.715
2024-12-27 18:55:03+00:00,0.715
2024-12-27 18:56:03+00:00,0.715
2024-12-27 18:57:03+00:00,0.715
2024-12-27 18:58:03+00:00,0.715
2024-12-27 18:59:03+00:00,0.715
2024-12-27 19:00:03+00:00,0.715
2024-12-27 19:01:03+00:00,0.715
2024-12-27 19:02:03+00:00,0.715
2024-12-27 19:03:03+00:00,0.715
2024-12-27 19:04:03+00:00,0.715
2024-12-27 19:05:03+00:00,0.715
2024-12-27 19:06:03+00:00,0.715
2024-12-27 19:07:03+00:00,0.715
2024-12-27 19:08:03+00:00,0.715
2024-12-27 19:09:03+00:00,0.715
2024-12-27 19:10:03+00:00,0.715
2024-12-27 19:11:03+00:00,0.71
2024-12-27 19:12:03+00:00,0.715
2024-12-27 19:13:03+00:00,0.715
2024-12-27 19:14:03+00:00,0.705
2024-12-27 19:15:03+00:00,0.705
2024-12-27 19:16:03+00:00,0.705
2024-12-27 19:17:03+00:00,0.705
2024-12-27 19:18:03+00:00,0.705
2024-12-27 19:19:02+00:00,0.705
2024-12-27 19:20:02+00:00,0.705
2024-12-27 19:21:03+00:00,0.705
2024-12-27 19:22:03+00:00,0.705
2024-12-27 19:23:03+00:00,0.705
2024-12-27 19:24:03+00:00,0.705
2024-12-27 19:25:03+00:00,0.705
2024-12-27 19:26:03+00:00,0.705
2024-12-27 19:27:03+00:00,0.705
2024-12-27 19:28:03+00:00,0.705
2024-12-27 19:29:03+00:00,0.705
2024-12-27 19:30:03+00:00,0.705
2024-12-27 19:31:03+00:00,0.705
2024-12-27 19:32:03+00:00,0.705
2024-12-27 19:33:03+00:00,0.705
2024-12-27 19:34:03+00:00,0.705
2024-12-27 19:35:03+00:00,0.71
2024-12-27 19:36:03+00:00,0.71
2024-12-27 19:37:03+00:00,0.71
2024-12-27 19:38:03+00:00,0.715
2024-12-27 19:39:03+00:00,0.715
2024-12-27 19:40:03+00:00,0.71
2024-12-27 19:41:03+00:00,0.71
2024-12-27 19:42:03+00:00,0.71
2024-12-27 19:43:02+00:00,0.715
2024-12-27 19:44:03+00:00,0.715
2024-12-27 19:45:03+00:00,0.715
2024-12-27 19:46:03+00:00,0.715
2024-12-27 19:47:03+00:00,0.715
2024-12-27 19:48:03+00:00,0.715
2024-12-27 19:49:03+00:00,0.715
2024-12-27 19:50:03+00:00,0.715
2024-12-27 19:51:03+00:00,0.715
2024-12-27 19:52:03+00:00,0.715
2024-12-27 19:53:02+00:00,0.715
2024-12-27 19:54:03+00:00,0.705
2024-12-27 19:55:03+00:00,0.705
2024-12-27 19:56:03+00:00,0.705
2024-12-27 19:57:02+00:00,0.705
2024-12-27 19:58:03+00:00,0.705
2024-12-27 19:59:03+00:00,0.705
2024-12-27 20:00:03+00:00,0.705
2024-12-27 20:01:03+00:00,0.705
2024-12-27 20:02:03+00:00,0.705
2024-12-27 20:03:03+00:00,0.705
2024-12-27 20:04:03+00:00,0.705
2024-12-27 20:05:03+00:00,0.705
2024-12-27 20:06:02+00:00,0.705
2024-12-27 20:07:03+00:00,0.705
2024-12-27 20:08:03+00:00,0.705
2024-12-27 20:09:03+00:00,0.705
2024-12-27 20:10:03+00:00,0.705
2024-12-27 20:11:03+00:00,0.705
2024-12-27 20:12:03+00:00,0.705
2024-12-27 20:13:03+00:00,0.705
2024-12-27 20:14:03+00:00,0.705
2024-12-27 20:15:03+00:00,0.705
2024-12-27 20:16:03+00:00,0.705
2024-12-27 20:17:03+00:00,0.705
2024-12-27 20:18:03+00:00,0.705
2024-12-27 20:19:03+00:00,0.705
2024-12-27 20:20:03+00:00,0.705
2024-12-27 20:21:03+00:00,0.705
2024-12-27 20:22:03+00:00,0.705
2024-12-27 20:23:03+00:00,0.705
2024-12-27 20:24:03+00:00,0.705
2024-12-27 20:25:02+00:00,0.705
2024-12-27 20:26:03+00:00,0.705
2024-12-27 20:27:02+00:00,0.705
2024-12-27 20:28:03+00:00,0.705
2024-12-27 20:29:02+00:00,0.705
2024-12-27 20:30:03+00:00,0.705
2024-12-27 20:31:03+00:00,0.705
2024-12-27 20:32:03+00:00,0.705
2024-12-27 20:33:03+00:00,0.705
2024-12-27 20:34:03+00:00,0.705
2024-12-27 20:35:03+00:00,0.705
2024-12-27 20:36:03+00:00,0.705
2024-12-27 20:37:03+00:00,0.705
2024-12-27 20:38:03+00:00,0.705
2024-12-27 20:39:03+00:00,0.705
2024-12-27 20:40:03+00:00,0.705
2024-12-27 20:41:03+00:00,0.705
2024-12-27 20:42:03+00:00,0.705
2024-12-27 20:43:03+00:00,0.705
2024-12-27 20:44:03+00:00,0.705
2024-12-27 20:45:03+00:00,0.71
2024-12-27 20:46:03+00:00,0.71
2024-12-27 20:47:02+00:00,0.71
2024-12-27 20:48:03+00:00,0.715
2024-12-27 20:49:02+00:00,0.715
2024-12-27 20:50:03+00:00,0.715
2024-12-27 20:51:03+00:00,0.71
2024-12-27 20:52:03+00:00,0.71
2024-12-27 20:53:03+00:00,0.71
2024-12-27 20:54:03+00:00,0.715
2024-12-27 20:55:03+00:00,0.715
2024-12-27 20:56:03+00:00,0.715
2024-12-27 20:57:03+00:00,0.705
2024-12-27 20:58:02+00:00,0.705
2024-12-27 20:59:03+00:00,0.705
2024-12-27 21:00:03+00:00,0.705
2024-12-27 21:01:02+00:00,0.705
2024-12-27 21:02:03+00:00,0.705
2024-12-27 21:03:03+00:00,0.705
2024-12-27 21:04:02+00:00,0.705
2024-12-27 21:05:03+00:00,0.705
2024-12-27 21:06:03+00:00,0.705
2024-12-27 21:07:03+00:00,0.705
2024-12-27 21:08:03+00:00,0.705
2024-12-27 21:09:03+00:00,0.705
2024-12-27 21:10:03+00:00,0.705
2024-12-27 21:11:03+00:00,0.705
2024-12-27 21:12:02+00:00,0.705
2024-12-27 21:13:03+00:00,0.705
2024-12-27 21:14:03+00:00,0.705
2024-12-27 21:15:03+00:00,0.705
2024-12-27 21:16:04+00:00,0.705
2024-12-27 21:17:03+00:00,0.705
2024-12-27 21:18:03+00:00,0.705
2024-12-27 21:19:03+00:00,0.705
2024-12-27 21:20:03+00:00,0.705
2024-12-27 21:21:03+00:00,0.705
2024-12-27 21:22:02+00:00,0.705
2024-12-27 21:23:03+00:00,0.705
2024-12-27 21:24:03+00:00,0.705
2024-12-27 21:25:03+00:00,0.705
2024-12-27 21:26:03+00:00,0.705
2024-12-27 21:27:03+00:00,0.705
2024-12-27 21:28:03+00:00,0.705
2024-12-27 21:29:03+00:00,0.705
2024-12-27 21:30:03+00:00,0.705
2024-12-27 21:31:03+00:00,0.705
2024-12-27 21:32:03+00:00,0.705
2024-12-27 21:33:03+00:00,0.705
2024-12-27 21:34:03+00:00,0.705
2024-12-27 21:35:03+00:00,0.705
2024-12-27 21:36:03+00:00,0.705
2024-12-27 21:37:03+00:00,0.705
2024-12-27 21:38:03+00:00,0.705
2024-12-27 21:39:03+00:00,0.705
2024-12-27 21:40:03+00:00,0.705
2024-12-27 21:41:03+00:00,0.705
2024-12-27 21:42:03+00:00,0.705
2024-12-27 21:43:03+00:00,0.705
2024-12-27 21:44:03+00:00,0.705
2024-12-27 21:45:04+00:00,0.705
2024-12-27 21:46:03+00:00,0.705
2024-12-27 21:47:03+00:00,0.705
2024-12-27 21:48:03+00:00,0.705
2024-12-27 21:49:03+00:00,0.705
2024-12-27 21:50:03+00:00,0.705
2024-12-27 21:51:03+00:00,0.705
2024-12-27 21:52:03+00:00,0.7
2024-12-27 21:53:03+00:00,0.7
2024-12-27 21:54:03+00:00,0.7
2024-12-27 21:55:03+00:00,0.705
2024-12-27 21:56:03+00:00,0.705
2024-12-27 21:57:03+00:00,0.705
2024-12-27 21:58:03+00:00,0.705
2024-12-27 21:59:03+00:00,0.705
2024-12-27 22:00:03+00:00,0.705
2024-12-27 22:01:03+00:00,0.705
2024-12-27 22:02:03+00:00,0.705
2024-12-27 22:03:03+00:00,0.705
2024-12-27 22:04:02+00:00,0.705
2024-12-27 22:05:03+00:00,0.7
2024-12-27 22:06:03+00:00,0.7
2024-12-27 22:07:03+00:00,0.7
2024-12-27 22:08:03+00:00,0.695
2024-12-27 22:09:03+00:00,0.695
2024-12-27 22:10:03+00:00,0.695
2024-12-27 22:11:03+00:00,0.695
2024-12-27 22:12:03+00:00,0.695
2024-12-27 22:13:03+00:00,0.695
2024-12-27 22:14:03+00:00,0.695
2024-12-27 22:15:03+00:00,0.695
2024-12-27 22:16:03+00:00,0.695
2024-12-27 22:17:03+00:00,0.695
2024-12-27 22:18:03+00:00,0.695
2024-12-27 22:19:03+00:00,0.695
2024-12-27 22:20:03+00:00,0.695
2024-12-27 22:21:03+00:00,0.695
2024-12-27 22:22:03+00:00,0.695
2024-12-27 22:23:03+00:00,0.695
2024-12-27 22:24:03+00:00,0.695
2024-12-27 22:25:03+00:00,0.695
2024-12-27 22:26:03+00:00,0.695
2024-12-27 22:27:03+00:00,0.695
2024-12-27 22:28:03+00:00,0.695
2024-12-27 22:29:03+00:00,0.695
2024-12-27 22:30:03+00:00,0.685
2024-12-27 22:31:03+00:00,0.69
2024-12-27 22:32:03+00:00,0.685
2024-12-27 22:33:02+00:00,0.685
2024-12-27 22:34:03+00:00,0.685
2024-12-27 22:35:03+00:00,0.685
2024-12-27 22:36:03+00:00,0.685
2024-12-27 22:37:03+00:00,0.685
2024-12-27 22:38:03+00:00,0.685
2024-12-27 22:39:03+00:00,0.685
2024-12-27 22:40:03+00:00,0.685
2024-12-27 22:41:03+00:00,0.685
2024-12-27 22:42:03+00:00,0.685
2024-12-27 22:43:02+00:00,0.685
2024-12-27 22:44:03+00:00,0.685
2024-12-27 22:45:03+00:00,0.685
2024-12-27 22:46:03+00:00,0.685
2024-12-27 22:47:03+00:00,0.69
2024-12-27 22:48:02+00:00,0.69
2024-12-27 22:49:03+00:00,0.69
2024-12-27 22:50:03+00:00,0.69
2024-12-27 22:51:03+00:00,0.69
2024-12-27 22:52:03+00:00,0.685
2024-12-27 22:53:03+00:00,0.685
2024-12-27 22:54:03+00:00,0.685
2024-12-27 22:55:03+00:00,0.685
2024-12-27 22:56:02+00:00,0.685
2024-12-27 22:57:03+00:00,0.685
2024-12-27 22:58:03+00:00,0.685
2024-12-27 22:59:03+00:00,0.685
2024-12-27 23:00:03+00:00,0.685
2024-12-27 23:01:03+00:00,0.685
2024-12-27 23:02:03+00:00,0.685
2024-12-27 23:03:03+00:00,0.685
2024-12-27 23:04:03+00:00,0.685
2024-12-27 23:05:03+00:00,0.685
2024-12-27 23:06:03+00:00,0.685
2024-12-27 23:07:03+00:00,0.68
2024-12-27 23:08:03+00:00,0.68
2024-12-27 23:09:03+00:00,0.68
2024-12-27 23:10:03+00:00,0.68
2024-12-27 23:11:03+00:00,0.685
2024-12-27 23:12:03+00:00,0.685
2024-12-27 23:13:03+00:00,0.685
2024-12-27 23:14:03+00:00,0.685
2024-12-27 23:15:03+00:00,0.685
2024-12-27 23:16:03+00:00,0.685
2024-12-27 23:17:03+00:00,0.685
2024-12-27 23:18:03+00:00,0.685
2024-12-27 23:19:03+00:00,0.685
2024-12-27 23:20:03+00:00,0.685
2024-12-27 23:21:03+00:00,0.685
2024-12-27 23:22:03+00:00,0.685
2024-12-27 23:23:03+00:00,0.685
2024-12-27 23:24:03+00:00,0.685
2024-12-27 23:25:03+00:00,0.69
2024-12-27 23:26:03+00:00,0.69
2024-12-27 23:27:03+00:00,0.69
2024-12-27 23:28:03+00:00,0.69
2024-12-27 23:29:03+00:00,0.69
2024-12-27 23:30:03+00:00,0.69
2024-12-27 23:31:03+00:00,0.685
2024-12-27 23:32:03+00:00,0.685
2024-12-27 23:33:03+00:00,0.685
2024-12-27 23:34:03+00:00,0.69
2024-12-27 23:35:02+00:00,0.695
2024-12-27 23:36:03+00:00,0.695
2024-12-27 23:37:03+00:00,0.695
2024-12-27 23:38:03+00:00,0.695
2024-12-27 23:39:02+00:00,0.695
2024-12-27 23:40:03+00:00,0.695
2024-12-27 23:41:03+00:00,0.695
2024-12-27 23:42:03+00:00,0.69
2024-12-27 23:43:03+00:00,0.69
2024-12-27 23:44:03+00:00,0.69
2024-12-27 23:45:03+00:00,0.69
2024-12-27 23:46:03+00:00,0.69
2024-12-27 23:47:03+00:00,0.69
2024-12-27 23:48:02+00:00,0.69
2024-12-27 23:49:03+00:00,0.69
2024-12-27 23:50:03+00:00,0.695
2024-12-27 23:51:03+00:00,0.695
2024-12-27 23:52:03+00:00,0.695
2024-12-27 23:53:03+00:00,0.695
2024-12-27 23:54:03+00:00,0.69
2024-12-27 23:55:03+00:00,0.685
2024-12-27 23:56:03+00:00,0.685
2024-12-27 23:57:03+00:00,0.675
2024-12-27 23:58:03+00:00,0.685
2024-12-27 23:59:03+00:00,0.68
2024-12-28 00:00:03+00:00,0.685
2024-12-28 00:01:03+00:00,0.68
2024-12-28 00:02:03+00:00,0.675
2024-12-28 00:03:03+00:00,0.675
2024-12-28 00:04:03+00:00,0.675
2024-12-28 00:05:03+00:00,0.675
2024-12-28 00:06:03+00:00,0.675
2024-12-28 00:07:03+00:00,0.675
2024-12-28 00:08:03+00:00,0.675
2024-12-28 00:09:02+00:00,0.675
2024-12-28 00:10:03+00:00,0.675
2024-12-28 00:11:02+00:00,0.675
2024-12-28 00:12:03+00:00,0.675
2024-12-28 00:13:03+00:00,0.625
2024-12-28 00:14:03+00:00,0.645
2024-12-28 00:15:03+00:00,0.65
2024-12-28 00:16:03+00:00,0.625
2024-12-28 00:17:03+00:00,0.545
2024-12-28 00:18:03+00:00,0.535
2024-12-28 00:19:03+00:00,0.525
2024-12-28 00:20:03+00:00,0.525
2024-12-28 00:21:03+00:00,0.565
2024-12-28 00:22:02+00:00,0.59
2024-12-28 00:23:02+00:00,0.615
2024-12-28 00:24:03+00:00,0.64
2024-12-28 00:25:03+00:00,0.665
2024-12-28 00:26:03+00:00,0.665
2024-12-28 00:27:03+00:00,0.665
2024-12-28 00:28:03+00:00,0.665
2024-12-28 00:29:03+00:00,0.665
2024-12-28 00:30:03+00:00,0.62
2024-12-28 00:31:03+00:00,0.575
2024-12-28 00:32:03+00:00,0.575
2024-12-28 00:33:03+00:00,0.585
2024-12-28 00:34:03+00:00,0.605
2024-12-28 00:35:03+00:00,0.62
2024-12-28 00:36:02+00:00,0.635
2024-12-28 00:37:03+00:00,0.62
2024-12-28 00:38:03+00:00,0.62
2024-12-28 00:39:03+00:00,0.61
2024-12-28 00:40:03+00:00,0.605
2024-12-28 00:41:03+00:00,0.59
2024-12-28 00:42:03+00:00,0.58
2024-12-28 00:43:03+00:00,0.62
2024-12-28 00:44:03+00:00,0.655
2024-12-28 00:45:03+00:00,0.625
2024-12-28 00:46:03+00:00,0.635
2024-12-28 00:47:03+00:00,0.645
2024-12-28 00:48:03+00:00,0.645
2024-12-28 00:49:03+00:00,0.645
2024-12-28 00:50:03+00:00,0.665
2024-12-28 00:51:03+00:00,0.635
2024-12-28 00:52:03+00:00,0.64
2024-12-28 00:53:03+00:00,0.655
2024-12-28 00:54:03+00:00,0.63
2024-12-28 00:55:03+00:00,0.625
2024-12-28 00:56:03+00:00,0.645
2024-12-28 00:57:03+00:00,0.655
2024-12-28 00:58:03+00:00,0.665
2024-12-28 00:59:03+00:00,0.685
2024-12-28 01:00:03+00:00,0.655
2024-12-28 01:01:03+00:00,0.655
2024-12-28 01:02:03+00:00,0.625
2024-12-28 01:03:03+00:00,0.615
2024-12-28 01:04:03+00:00,0.64
2024-12-28 01:05:03+00:00,0.615
2024-12-28 01:06:03+00:00,0.56
2024-12-28 01:07:03+00:00,0.595
2024-12-28 01:08:03+00:00,0.62
2024-12-28 01:09:03+00:00,0.635
2024-12-28 01:10:03+00:00,0.635
2024-12-28 01:11:03+00:00,0.675
2024-12-28 01:12:03+00:00,0.675
2024-12-28 01:13:03+00:00,0.705
2024-12-28 01:14:02+00:00,0.69
2024-12-28 01:15:03+00:00,0.68
2024-12-28 01:16:03+00:00,0.68
2024-12-28 01:17:02+00:00,0.64
2024-12-28 01:18:03+00:00,0.655
2024-12-28 01:19:03+00:00,0.66
2024-12-28 01:20:03+00:00,0.635
2024-12-28 01:21:03+00:00,0.635
2024-12-28 01:22:03+00:00,0.635
2024-12-28 01:23:03+00:00,0.635
2024-12-28 01:24:03+00:00,0.635
2024-12-28 01:25:03+00:00,0.63
2024-12-28 01:26:03+00:00,0.635
2024-12-28 01:27:03+00:00,0.635
2024-12-28 01:28:03+00:00,0.635
2024-12-28 01:29:03+00:00,0.63
2024-12-28 01:30:03+00:00,0.63
2024-12-28 01:31:03+00:00,0.63
2024-12-28 01:32:03+00:00,0.64
2024-12-28 01:33:03+00:00,0.615
2024-12-28 01:34:03+00:00,0.555
2024-12-28 01:35:03+00:00,0.58
2024-12-28 01:36:03+00:00,0.62
2024-12-28 01:37:03+00:00,0.605
2024-12-28 01:38:03+00:00,0.615
2024-12-28 01:39:03+00:00,0.635
2024-12-28 01:40:03+00:00,0.635
2024-12-28 01:41:03+00:00,0.615
2024-12-28 01:42:03+00:00,0.625
2024-12-28 01:43:03+00:00,0.615
2024-12-28 01:44:03+00:00,0.59
2024-12-28 01:45:03+00:00,0.575
2024-12-28 01:46:03+00:00,0.625
2024-12-28 01:47:03+00:00,0.615
2024-12-28 01:48:03+00:00,0.595
2024-12-28 01:49:03+00:00,0.63
2024-12-28 01:50:03+00:00,0.65
2024-12-28 01:51:03+00:00,0.675
2024-12-28 01:52:03+00:00,0.715
2024-12-28 01:53:03+00:00,0.725
2024-12-28 01:54:03+00:00,0.725
2024-12-28 01:55:03+00:00,0.775
2024-12-28 01:56:03+00:00,0.755
2024-12-28 01:57:03+00:00,0.775
2024-12-28 01:58:03+00:00,0.76
2024-12-28 01:59:03+00:00,0.78
2024-12-28 02:00:03+00:00,0.82
2024-12-28 02:01:02+00:00,0.775
2024-12-28 02:02:03+00:00,0.79
2024-12-28 02:03:03+00:00,0.795
2024-12-28 02:04:03+00:00,0.83
2024-12-28 02:05:03+00:00,0.83
2024-12-28 02:06:03+00:00,0.87
2024-12-28 02:07:03+00:00,0.855
2024-12-28 02:08:03+00:00,0.885
2024-12-28 02:09:02+00:00,0.91
2024-12-28 02:10:03+00:00,0.945
2024-12-28 02:11:03+00:00,0.935
2024-12-28 02:12:03+00:00,0.94
2024-12-28 02:13:02+00:00,0.94
2024-12-28 02:14:03+00:00,0.94
2024-12-28 02:15:03+00:00,0.955
2024-12-28 02:16:03+00:00,0.955
2024-12-28 02:17:03+00:00,0.96
2024-12-28 02:18:03+00:00,0.975
2024-12-28 02:19:03+00:00,0.965
2024-12-28 02:20:03+00:00,0.965
2024-12-28 02:21:03+00:00,0.9795
2024-12-28 02:22:03+00:00,0.9745
2024-12-28 02:23:03+00:00,0.9805
2024-12-28 02:24:03+00:00,0.9905
2024-12-28 02:25:03+00:00,0.9975
2024-12-28 02:26:03+00:00,0.9985
2024-12-28 02:27:03+00:00,0.9985
2024-12-28 02:28:03+00:00,0.9985
2024-12-28 02:29:03+00:00,0.999
2024-12-28 02:30:03+00:00,0.999
2024-12-28 02:31:03+00:00,0.9995
2024-12-28 02:32:03+00:00,0.9995
2024-12-28 02:33:03+00:00,0.9995
2024-12-28 02:34:03+00:00,0.9995
2024-12-28 02:35:03+00:00,0.9995
2024-12-28 02:36:03+00:00,0.9995
2024-12-28 02:37:03+00:00,0.9995
2024-12-28 02:38:03+00:00,0.9995
2024-12-28 02:39:03+00:00,0.9995
2024-12-28 02:40:03+00:00,0.9995
2024-12-28 02:41:03+00:00,0.9995
2024-12-28 02:42:03+00:00,0.9995
2024-12-28 02:43:03+00:00,0.9995
2024-12-28 02:44:03+00:00,0.9995
2024-12-28 02:45:03+00:00,0.9995
2024-12-28 02:46:03+00:00,0.9995
2024-12-28 02:47:03+00:00,0.9995
2024-12-28 02:48:03+00:00,0.9995
2024-12-28 02:49:03+00:00,0.9995
2024-12-28 02:50:03+00:00,0.9995
2024-12-28 02:51:03+00:00,0.9995
2024-12-28 02:52:03+00:00,0.9995
2024-12-28 02:53:03+00:00,0.9995
2024-12-28 02:54:03+00:00,0.9995
2024-12-28 02:55:03+00:00,0.9995
2024-12-28 02:56:03+00:00,0.9995
2024-12-28 02:57:03+00:00,0.9995
2024-12-28 02:58:03+00:00,0.9995
2024-12-28 02:59:02+00:00,0.9995
2024-12-28 03:00:03+00:00,0.9995
2024-12-28 03:01:03+00:00,0.9995
2024-12-28 03:02:03+00:00,0.9995
2024-12-28 03:03:03+00:00,0.9995
2024-12-28 03:04:03+00:00,0.9995
2024-12-28 03:05:03+00:00,0.9995
2024-12-28 03:06:02+00:00,0.9995
2024-12-28 03:07:03+00:00,0.9995
2024-12-28 03:08:03+00:00,0.9995
2024-12-28 03:09:03+00:00,0.9995
2024-12-28 03:10:03+00:00,0.9995
2024-12-28 03:11:03+00:00,0.9995
2024-12-28 03:12:03+00:00,0.9995
2024-12-28 03:13:03+00:00,0.9995
2024-12-28 03:14:03+00:00,0.9995
2024-12-28 03:15:03+00:00,0.9995
2024-12-28 03:16:03+00:00,0.9995
2024-12-28 03:17:03+00:00,0.9995
2024-12-28 03:18:03+00:00,0.9995
2024-12-28 03:19:03+00:00,0.9995
2024-12-28 03:20:03+00:00,0.9995
2024-12-28 03:21:03+00:00,0.9995
2024-12-28 03:22:03+00:00,0.9995
2024-12-28 03:23:03+00:00,0.9995
2024-12-28 03:24:03+00:00,0.9995
2024-12-28 03:25:03+00:00,0.9995
2024-12-28 03:26:03+00:00,0.9995
2024-12-28 03:27:03+00:00,0.9995
2024-12-28 03:28:03+00:00,0.9995
2024-12-28 03:29:03+00:00,0.9995
2024-12-28 03:30:03+00:00,0.9995
2024-12-28 03:31:03+00:00,0.9995
2024-12-28 03:32:03+00:00,0.9995
2024-12-28 03:33:03+00:00,0.9995
2024-12-28 03:34:03+00:00,0.9995
2024-12-28 03:35:03+00:00,0.9995
2024-12-28 03:36:03+00:00,0.9995
2024-12-28 03:37:03+00:00,0.9995
2024-12-28 03:38:03+00:00,0.9995
2024-12-28 03:39:03+00:00,0.9995
2024-12-28 03:40:03+00:00,0.9995
2024-12-28 03:41:03+00:00,0.9995
2024-12-28 03:42:03+00:00,0.9995
2024-12-28 03:43:03+00:00,0.9995
2024-12-28 03:44:02+00:00,0.9995
2024-12-28 03:45:03+00:00,0.9995
2024-12-28 03:46:03+00:00,0.9995
2024-12-28 03:47:03+00:00,0.9995
2024-12-28 03:48:03+00:00,0.9995
2024-12-28 03:49:03+00:00,0.9995
2024-12-28 03:50:03+00:00,0.9995
2024-12-28 03:51:03+00:00,0.9995
2024-12-28 03:52:03+00:00,0.9995
2024-12-28 03:53:03+00:00,0.9995
2024-12-28 03:54:03+00:00,0.9995
2024-12-28 03:55:03+00:00,0.9995
2024-12-28 03:56:03+00:00,0.9995
2024-12-28 03:57:03+00:00,0.9995
2024-12-28 03:58:03+00:00,0.9995
2024-12-28 03:59:02+00:00,0.9995
2024-12-28 04:00:03+00:00,0.9995
2024-12-28 04:01:03+00:00,0.9995
2024-12-28 04:02:03+00:00,0.9995
2024-12-28 04:03:02+00:00,0.9995
2024-12-28 04:04:03+00:00,0.9995
2024-12-28 04:05:03+00:00,0.9995
2024-12-28 04:06:03+00:00,0.9995
2024-12-28 04:07:03+00:00,0.9995
2024-12-28 04:08:03+00:00,0.9995
2024-12-28 04:09:02+00:00,0.9995
2024-12-28 04:10:03+00:00,0.9995
2024-12-28 04:11:03+00:00,0.9995
2024-12-28 04:12:03+00:00,0.9995
2024-12-28 04:13:03+00:00,0.9995
2024-12-28 04:14:03+00:00,0.9995
2024-12-28 04:15:03+00:00,0.9995
2024-12-28 04:16:03+00:00,0.9995
2024-12-28 04:17:03+00:00,0.9995
2024-12-28 04:18:03+00:00,0.9995
2024-12-28 04:19:03+00:00,0.9995
2024-12-28 04:20:03+00:00,0.9995
2024-12-28 04:21:02+00:00,0.9995
2024-12-28 04:22:03+00:00,0.9995
2024-12-28 04:23:03+00:00,0.9995
2024-12-28 04:24:03+00:00,0.9995
2024-12-28 04:25:03+00:00,0.9995
2024-12-28 04:26:03+00:00,0.9995
2024-12-28 04:27:03+00:00,0.9995
2024-12-28 04:28:03+00:00,0.9995
2024-12-28 04:29:03+00:00,0.9995
2024-12-28 04:30:03+00:00,0.9995
2024-12-28 04:31:03+00:00,0.9995
2024-12-28 04:32:03+00:00,0.9995
2024-12-28 04:33:03+00:00,0.9995
2024-12-28 04:34:03+00:00,0.9995
2024-12-28 04:35:03+00:00,0.9995
2024-12-28 04:36:03+00:00,0.9995
2024-12-28 04:37:02+00:00,0.9995
2024-12-28 04:38:03+00:00,0.9995
