timestamp,price
2025-04-27 11:30:06+00:00,0.7845
2025-04-27 11:31:05+00:00,0.7845
2025-04-27 11:32:05+00:00,0.7845
2025-04-27 11:33:05+00:00,0.784
2025-04-27 11:34:05+00:00,0.784
2025-04-27 11:35:05+00:00,0.784
2025-04-27 11:36:05+00:00,0.784
2025-04-27 11:37:05+00:00,0.784
2025-04-27 11:38:06+00:00,0.7845
2025-04-27 11:39:05+00:00,0.7845
2025-04-27 11:40:05+00:00,0.7845
2025-04-27 11:41:05+00:00,0.7845
2025-04-27 11:42:05+00:00,0.7845
2025-04-27 11:43:06+00:00,0.7845
2025-04-27 11:44:06+00:00,0.7845
2025-04-27 11:45:05+00:00,0.784
2025-04-27 11:46:05+00:00,0.784
2025-04-27 11:47:05+00:00,0.784
2025-04-27 11:48:05+00:00,0.784
2025-04-27 11:49:05+00:00,0.784
2025-04-27 11:50:05+00:00,0.784
2025-04-27 11:51:06+00:00,0.784
2025-04-27 11:52:05+00:00,0.784
2025-04-27 11:53:06+00:00,0.784
2025-04-27 11:54:06+00:00,0.784
2025-04-27 11:55:06+00:00,0.784
2025-04-27 11:56:05+00:00,0.7835
2025-04-27 11:57:05+00:00,0.784
2025-04-27 11:58:06+00:00,0.784
2025-04-27 11:59:05+00:00,0.784
2025-04-27 12:00:06+00:00,0.7845
2025-04-27 12:01:06+00:00,0.7845
2025-04-27 12:02:05+00:00,0.7845
2025-04-27 12:03:05+00:00,0.7845
2025-04-27 12:04:05+00:00,0.7845
2025-04-27 12:05:06+00:00,0.7845
2025-04-27 12:06:05+00:00,0.7845
2025-04-27 12:07:05+00:00,0.7845
2025-04-27 12:08:05+00:00,0.7845
2025-04-27 12:09:05+00:00,0.7845
2025-04-27 12:10:06+00:00,0.7845
2025-04-27 12:11:05+00:00,0.7845
2025-04-27 12:12:05+00:00,0.7845
2025-04-27 12:13:05+00:00,0.7845
2025-04-27 12:14:05+00:00,0.7845
2025-04-27 12:15:05+00:00,0.7845
2025-04-27 12:16:06+00:00,0.7845
2025-04-27 12:17:05+00:00,0.7845
2025-04-27 12:18:05+00:00,0.785
2025-04-27 12:19:05+00:00,0.785
2025-04-27 12:20:05+00:00,0.785
2025-04-27 12:21:05+00:00,0.785
2025-04-27 12:22:05+00:00,0.785
2025-04-27 12:23:05+00:00,0.785
2025-04-27 12:24:05+00:00,0.785
2025-04-27 12:25:05+00:00,0.785
2025-04-27 12:26:05+00:00,0.785
2025-04-27 12:27:05+00:00,0.785
2025-04-27 12:28:05+00:00,0.785
2025-04-27 12:29:05+00:00,0.785
2025-04-27 12:30:05+00:00,0.785
2025-04-27 12:31:05+00:00,0.785
2025-04-27 12:32:05+00:00,0.785
2025-04-27 12:33:05+00:00,0.785
2025-04-27 12:34:05+00:00,0.785
2025-04-27 12:35:05+00:00,0.785
2025-04-27 12:36:05+00:00,0.785
2025-04-27 12:37:06+00:00,0.785
2025-04-27 12:38:05+00:00,0.785
2025-04-27 12:39:05+00:00,0.785
2025-04-27 12:40:05+00:00,0.785
2025-04-27 12:41:04+00:00,0.785
2025-04-27 12:42:05+00:00,0.785
2025-04-27 12:43:05+00:00,0.7845
2025-04-27 12:44:06+00:00,0.7845
2025-04-27 12:45:05+00:00,0.783
2025-04-27 12:46:05+00:00,0.783
2025-04-27 12:47:05+00:00,0.783
2025-04-27 12:48:05+00:00,0.7835
2025-04-27 12:49:05+00:00,0.7835
2025-04-27 12:50:05+00:00,0.784
2025-04-27 12:51:05+00:00,0.783
2025-04-27 12:52:06+00:00,0.784
2025-04-27 12:53:05+00:00,0.784
2025-04-27 12:54:05+00:00,0.7845
2025-04-27 12:55:05+00:00,0.7845
2025-04-27 12:56:05+00:00,0.7845
2025-04-27 12:57:05+00:00,0.7845
2025-04-27 12:58:05+00:00,0.7845
2025-04-27 12:59:05+00:00,0.7845
2025-04-27 13:00:05+00:00,0.7845
2025-04-27 13:01:05+00:00,0.7845
2025-04-27 13:02:05+00:00,0.7845
2025-04-27 13:03:05+00:00,0.784
2025-04-27 13:04:05+00:00,0.784
2025-04-27 13:05:05+00:00,0.7845
2025-04-27 13:06:05+00:00,0.7845
2025-04-27 13:07:05+00:00,0.7845
2025-04-27 13:08:05+00:00,0.784
2025-04-27 13:09:05+00:00,0.784
2025-04-27 13:10:05+00:00,0.7845
2025-04-27 13:11:05+00:00,0.782
2025-04-27 13:12:05+00:00,0.782
2025-04-27 13:13:06+00:00,0.782
2025-04-27 13:14:06+00:00,0.782
2025-04-27 13:15:05+00:00,0.782
2025-04-27 13:16:06+00:00,0.782
2025-04-27 13:17:05+00:00,0.782
2025-04-27 13:18:05+00:00,0.782
2025-04-27 13:19:06+00:00,0.7825
2025-04-27 13:20:05+00:00,0.7825
2025-04-27 13:21:05+00:00,0.7825
2025-04-27 13:22:05+00:00,0.783
2025-04-27 13:23:05+00:00,0.7825
2025-04-27 13:24:05+00:00,0.7825
2025-04-27 13:25:05+00:00,0.783
2025-04-27 13:26:05+00:00,0.783
2025-04-27 13:27:05+00:00,0.783
2025-04-27 13:28:05+00:00,0.783
2025-04-27 13:29:06+00:00,0.783
2025-04-27 13:30:06+00:00,0.783
2025-04-27 13:31:05+00:00,0.783
2025-04-27 13:32:05+00:00,0.783
2025-04-27 13:33:05+00:00,0.783
2025-04-27 13:34:06+00:00,0.7825
2025-04-27 13:35:06+00:00,0.7825
2025-04-27 13:36:05+00:00,0.782
2025-04-27 13:37:05+00:00,0.7825
2025-04-27 13:38:06+00:00,0.7825
2025-04-27 13:39:05+00:00,0.7825
2025-04-27 13:40:05+00:00,0.7825
2025-04-27 13:41:05+00:00,0.782
2025-04-27 13:42:05+00:00,0.782
2025-04-27 13:43:06+00:00,0.782
2025-04-27 13:44:05+00:00,0.782
2025-04-27 13:45:05+00:00,0.7835
2025-04-27 13:46:05+00:00,0.7835
2025-04-27 13:47:05+00:00,0.7855
2025-04-27 13:48:05+00:00,0.7855
2025-04-27 13:49:05+00:00,0.7855
2025-04-27 13:50:06+00:00,0.784
2025-04-27 13:51:05+00:00,0.784
2025-04-27 13:52:05+00:00,0.784
2025-04-27 13:53:05+00:00,0.784
2025-04-27 13:54:06+00:00,0.784
2025-04-27 13:55:06+00:00,0.7845
2025-04-27 13:56:06+00:00,0.7845
2025-04-27 13:57:05+00:00,0.7845
2025-04-27 13:58:05+00:00,0.7865
2025-04-27 13:59:05+00:00,0.7865
2025-04-27 14:00:05+00:00,0.7885
2025-04-27 14:01:05+00:00,0.8045
2025-04-27 14:02:05+00:00,0.8025
2025-04-27 14:03:05+00:00,0.8025
2025-04-27 14:04:05+00:00,0.81
2025-04-27 14:05:06+00:00,0.81
2025-04-27 14:06:05+00:00,0.8145
2025-04-27 14:07:06+00:00,0.813
2025-04-27 14:08:05+00:00,0.8155
2025-04-27 14:09:05+00:00,0.815
2025-04-27 14:10:05+00:00,0.8125
2025-04-27 14:11:05+00:00,0.8125
2025-04-27 14:12:05+00:00,0.8045
2025-04-27 14:13:05+00:00,0.8055
2025-04-27 14:14:05+00:00,0.8085
2025-04-27 14:15:05+00:00,0.805
2025-04-27 14:16:05+00:00,0.8035
2025-04-27 14:17:05+00:00,0.802
2025-04-27 14:18:05+00:00,0.801
2025-04-27 14:19:05+00:00,0.7985
2025-04-27 14:20:05+00:00,0.7985
2025-04-27 14:21:05+00:00,0.798
2025-04-27 14:22:05+00:00,0.7985
2025-04-27 14:23:05+00:00,0.7985
2025-04-27 14:24:05+00:00,0.7985
2025-04-27 14:25:05+00:00,0.8075
2025-04-27 14:26:05+00:00,0.8035
2025-04-27 14:27:05+00:00,0.8095
2025-04-27 14:28:05+00:00,0.8005
2025-04-27 14:29:05+00:00,0.801
2025-04-27 14:30:06+00:00,0.8
2025-04-27 14:31:05+00:00,0.8005
2025-04-27 14:32:05+00:00,0.8005
2025-04-27 14:33:05+00:00,0.8
2025-04-27 14:34:06+00:00,0.8015
2025-04-27 14:35:05+00:00,0.802
2025-04-27 14:36:05+00:00,0.8025
2025-04-27 14:37:05+00:00,0.8035
2025-04-27 14:38:05+00:00,0.8035
2025-04-27 14:39:05+00:00,0.805
2025-04-27 14:40:05+00:00,0.8065
2025-04-27 14:41:05+00:00,0.806
2025-04-27 14:42:05+00:00,0.8065
2025-04-27 14:43:05+00:00,0.8065
2025-04-27 14:44:05+00:00,0.8065
2025-04-27 14:45:05+00:00,0.8065
2025-04-27 14:46:05+00:00,0.8065
2025-04-27 14:47:05+00:00,0.8065
2025-04-27 14:48:06+00:00,0.8065
2025-04-27 14:49:05+00:00,0.805
2025-04-27 14:50:05+00:00,0.802
2025-04-27 14:51:05+00:00,0.8025
2025-04-27 14:52:05+00:00,0.8025
2025-04-27 14:53:05+00:00,0.8025
2025-04-27 14:54:06+00:00,0.8
2025-04-27 14:55:05+00:00,0.8025
2025-04-27 14:56:05+00:00,0.8025
2025-04-27 14:57:05+00:00,0.8025
2025-04-27 14:58:05+00:00,0.8005
2025-04-27 14:59:05+00:00,0.8005
2025-04-27 15:00:06+00:00,0.8
2025-04-27 15:01:05+00:00,0.8015
2025-04-27 15:02:05+00:00,0.7985
2025-04-27 15:03:06+00:00,0.796
2025-04-27 15:04:05+00:00,0.796
2025-04-27 15:05:05+00:00,0.79
2025-04-27 15:06:05+00:00,0.7885
2025-04-27 15:07:05+00:00,0.787
2025-04-27 15:08:05+00:00,0.787
2025-04-27 15:09:05+00:00,0.7855
2025-04-27 15:10:06+00:00,0.7865
2025-04-27 15:11:05+00:00,0.7845
2025-04-27 15:12:05+00:00,0.785
2025-04-27 15:13:05+00:00,0.7855
2025-04-27 15:14:05+00:00,0.787
2025-04-27 15:15:05+00:00,0.7875
2025-04-27 15:16:05+00:00,0.788
2025-04-27 15:17:05+00:00,0.788
2025-04-27 15:18:05+00:00,0.7885
2025-04-27 15:19:05+00:00,0.7885
2025-04-27 15:20:05+00:00,0.789
2025-04-27 15:21:05+00:00,0.789
2025-04-27 15:22:05+00:00,0.7895
2025-04-27 15:23:05+00:00,0.789
2025-04-27 15:24:05+00:00,0.789
2025-04-27 15:25:05+00:00,0.7895
2025-04-27 15:26:05+00:00,0.793
2025-04-27 15:27:05+00:00,0.789
2025-04-27 15:28:05+00:00,0.7895
2025-04-27 15:29:05+00:00,0.79
2025-04-27 15:30:05+00:00,0.787
2025-04-27 15:31:05+00:00,0.7875
2025-04-27 15:32:05+00:00,0.7855
2025-04-27 15:33:05+00:00,0.7855
2025-04-27 15:34:05+00:00,0.785
2025-04-27 15:35:05+00:00,0.788
2025-04-27 15:36:05+00:00,0.788
2025-04-27 15:37:05+00:00,0.785
2025-04-27 15:38:05+00:00,0.788
2025-04-27 15:39:05+00:00,0.7855
2025-04-27 15:40:05+00:00,0.7855
2025-04-27 15:41:05+00:00,0.79
2025-04-27 15:42:05+00:00,0.7885
2025-04-27 15:43:05+00:00,0.7865
2025-04-27 15:44:05+00:00,0.788
2025-04-27 15:45:05+00:00,0.787
2025-04-27 15:46:05+00:00,0.79
2025-04-27 15:47:05+00:00,0.7905
2025-04-27 15:48:06+00:00,0.791
2025-04-27 15:49:05+00:00,0.791
2025-04-27 15:50:06+00:00,0.79
2025-04-27 15:51:05+00:00,0.7905
2025-04-27 15:52:05+00:00,0.7905
2025-04-27 15:53:05+00:00,0.7895
2025-04-27 15:54:05+00:00,0.789
2025-04-27 15:55:05+00:00,0.788
2025-04-27 15:56:05+00:00,0.788
2025-04-27 15:57:06+00:00,0.784
2025-04-27 15:58:05+00:00,0.7845
2025-04-27 15:59:05+00:00,0.7845
2025-04-27 16:00:05+00:00,0.7845
2025-04-27 16:01:05+00:00,0.791
2025-04-27 16:02:06+00:00,0.7905
2025-04-27 16:03:05+00:00,0.79
2025-04-27 16:04:05+00:00,0.7905
2025-04-27 16:05:06+00:00,0.791
2025-04-27 16:06:05+00:00,0.789
2025-04-27 16:07:05+00:00,0.788
2025-04-27 16:08:05+00:00,0.7825
2025-04-27 16:09:05+00:00,0.7795
2025-04-27 16:10:05+00:00,0.7765
2025-04-27 16:11:05+00:00,0.7755
2025-04-27 16:12:05+00:00,0.782
2025-04-27 16:13:05+00:00,0.781
2025-04-27 16:14:05+00:00,0.778
2025-04-27 16:15:05+00:00,0.7785
2025-04-27 16:16:06+00:00,0.786
2025-04-27 16:17:05+00:00,0.7825
2025-04-27 16:18:05+00:00,0.7785
2025-04-27 16:19:05+00:00,0.781
2025-04-27 16:20:05+00:00,0.781
2025-04-27 16:21:05+00:00,0.781
2025-04-27 16:22:05+00:00,0.781
2025-04-27 16:23:05+00:00,0.7815
2025-04-27 16:24:05+00:00,0.7815
2025-04-27 16:25:06+00:00,0.783
2025-04-27 16:26:05+00:00,0.781
2025-04-27 16:27:05+00:00,0.7775
2025-04-27 16:28:05+00:00,0.778
2025-04-27 16:29:05+00:00,0.7815
2025-04-27 16:30:05+00:00,0.782
2025-04-27 16:31:05+00:00,0.782
2025-04-27 16:32:05+00:00,0.779
2025-04-27 16:33:05+00:00,0.783
2025-04-27 16:34:05+00:00,0.783
2025-04-27 16:35:05+00:00,0.7845
2025-04-27 16:36:05+00:00,0.7845
2025-04-27 16:37:05+00:00,0.7835
2025-04-27 16:38:05+00:00,0.783
2025-04-27 16:39:05+00:00,0.7835
2025-04-27 16:40:05+00:00,0.7815
2025-04-27 16:41:05+00:00,0.784
2025-04-27 16:42:05+00:00,0.7855
2025-04-27 16:43:05+00:00,0.7855
2025-04-27 16:44:05+00:00,0.7855
2025-04-27 16:45:06+00:00,0.7855
2025-04-27 16:46:05+00:00,0.7855
2025-04-27 16:47:05+00:00,0.7855
2025-04-27 16:48:05+00:00,0.7865
2025-04-27 16:49:05+00:00,0.7865
2025-04-27 16:50:05+00:00,0.7865
2025-04-27 16:51:05+00:00,0.781
2025-04-27 16:52:05+00:00,0.7845
2025-04-27 16:53:05+00:00,0.784
2025-04-27 16:54:05+00:00,0.783
2025-04-27 16:55:05+00:00,0.784
2025-04-27 16:56:06+00:00,0.784
2025-04-27 16:57:05+00:00,0.7825
2025-04-27 16:58:05+00:00,0.7825
2025-04-27 16:59:05+00:00,0.7825
2025-04-27 17:00:06+00:00,0.783
2025-04-27 17:01:06+00:00,0.783
2025-04-27 17:02:05+00:00,0.783
2025-04-27 17:03:05+00:00,0.783
2025-04-27 17:04:06+00:00,0.783
2025-04-27 17:05:05+00:00,0.784
2025-04-27 17:06:05+00:00,0.784
2025-04-27 17:07:05+00:00,0.783
2025-04-27 17:08:05+00:00,0.7825
2025-04-27 17:09:05+00:00,0.783
2025-04-27 17:10:06+00:00,0.7815
2025-04-27 17:11:05+00:00,0.781
2025-04-27 17:12:05+00:00,0.7815
2025-04-27 17:13:05+00:00,0.7805
2025-04-27 17:14:05+00:00,0.7805
2025-04-27 17:15:05+00:00,0.781
2025-04-27 17:16:05+00:00,0.7815
2025-04-27 17:17:05+00:00,0.7815
2025-04-27 17:18:05+00:00,0.7815
2025-04-27 17:19:05+00:00,0.782
2025-04-27 17:20:05+00:00,0.782
2025-04-27 17:21:06+00:00,0.782
2025-04-27 17:22:05+00:00,0.7825
2025-04-27 17:23:05+00:00,0.7825
2025-04-27 17:24:05+00:00,0.783
2025-04-27 17:25:05+00:00,0.783
2025-04-27 17:26:05+00:00,0.783
2025-04-27 17:27:05+00:00,0.7825
2025-04-27 17:28:05+00:00,0.783
2025-04-27 17:29:05+00:00,0.783
2025-04-27 17:30:05+00:00,0.783
2025-04-27 17:31:05+00:00,0.784
2025-04-27 17:32:05+00:00,0.7795
2025-04-27 17:33:05+00:00,0.778
2025-04-27 17:34:05+00:00,0.778
2025-04-27 17:35:05+00:00,0.7745
2025-04-27 17:36:05+00:00,0.774
2025-04-27 17:37:05+00:00,0.774
2025-04-27 17:38:05+00:00,0.774
2025-04-27 17:39:05+00:00,0.776
2025-04-27 17:40:05+00:00,0.7755
2025-04-27 17:41:05+00:00,0.7755
2025-04-27 17:42:05+00:00,0.7765
2025-04-27 17:43:05+00:00,0.7765
2025-04-27 17:44:05+00:00,0.777
2025-04-27 17:45:05+00:00,0.777
2025-04-27 17:46:06+00:00,0.777
2025-04-27 17:47:05+00:00,0.777
2025-04-27 17:48:06+00:00,0.7775
2025-04-27 17:49:05+00:00,0.7775
2025-04-27 17:50:06+00:00,0.7775
2025-04-27 17:51:05+00:00,0.779
2025-04-27 17:52:05+00:00,0.7805
2025-04-27 17:53:05+00:00,0.7825
2025-04-27 17:54:05+00:00,0.783
2025-04-27 17:55:05+00:00,0.783
2025-04-27 17:56:05+00:00,0.783
2025-04-27 17:57:05+00:00,0.783
2025-04-27 17:58:05+00:00,0.783
2025-04-27 17:59:05+00:00,0.783
2025-04-27 18:00:06+00:00,0.783
2025-04-27 18:01:05+00:00,0.783
2025-04-27 18:02:05+00:00,0.783
2025-04-27 18:03:05+00:00,0.783
2025-04-27 18:04:05+00:00,0.783
2025-04-27 18:05:05+00:00,0.783
2025-04-27 18:06:05+00:00,0.783
2025-04-27 18:07:05+00:00,0.783
2025-04-27 18:08:05+00:00,0.783
2025-04-27 18:09:05+00:00,0.783
2025-04-27 18:10:05+00:00,0.783
2025-04-27 18:11:05+00:00,0.783
2025-04-27 18:12:05+00:00,0.783
2025-04-27 18:13:05+00:00,0.783
2025-04-27 18:14:05+00:00,0.783
2025-04-27 18:15:05+00:00,0.787
2025-04-27 18:16:06+00:00,0.788
2025-04-27 18:17:05+00:00,0.788
2025-04-27 18:18:05+00:00,0.7875
2025-04-27 18:19:05+00:00,0.7875
2025-04-27 18:20:06+00:00,0.7875
2025-04-27 18:21:05+00:00,0.7875
2025-04-27 18:22:05+00:00,0.788
2025-04-27 18:23:05+00:00,0.788
2025-04-27 18:24:05+00:00,0.7895
2025-04-27 18:25:05+00:00,0.7895
2025-04-27 18:26:05+00:00,0.7895
2025-04-27 18:27:05+00:00,0.7895
2025-04-27 18:28:05+00:00,0.7895
2025-04-27 18:29:05+00:00,0.79
2025-04-27 18:30:06+00:00,0.7895
2025-04-27 18:31:05+00:00,0.784
2025-04-27 18:32:05+00:00,0.785
2025-04-27 18:33:05+00:00,0.785
2025-04-27 18:34:05+00:00,0.785
2025-04-27 18:35:05+00:00,0.7855
2025-04-27 18:36:05+00:00,0.785
2025-04-27 18:37:05+00:00,0.7865
2025-04-27 18:38:05+00:00,0.786
2025-04-27 18:39:05+00:00,0.7865
2025-04-27 18:40:05+00:00,0.787
2025-04-27 18:41:05+00:00,0.787
2025-04-27 18:42:05+00:00,0.788
2025-04-27 18:43:05+00:00,0.786
2025-04-27 18:44:05+00:00,0.786
2025-04-27 18:45:05+00:00,0.7855
2025-04-27 18:46:05+00:00,0.785
2025-04-27 18:47:05+00:00,0.788
2025-04-27 18:48:05+00:00,0.7885
2025-04-27 18:49:06+00:00,0.788
2025-04-27 18:50:05+00:00,0.7865
2025-04-27 18:51:04+00:00,0.7865
2025-04-27 18:52:06+00:00,0.787
2025-04-27 18:53:05+00:00,0.7865
2025-04-27 18:54:05+00:00,0.785
2025-04-27 18:55:05+00:00,0.785
2025-04-27 18:56:05+00:00,0.785
2025-04-27 18:57:05+00:00,0.785
2025-04-27 18:58:06+00:00,0.785
2025-04-27 18:59:06+00:00,0.7855
2025-04-27 19:00:06+00:00,0.784
2025-04-27 19:01:05+00:00,0.785
2025-04-27 19:02:05+00:00,0.785
2025-04-27 19:03:05+00:00,0.7845
2025-04-27 19:04:05+00:00,0.7845
2025-04-27 19:05:05+00:00,0.7865
2025-04-27 19:06:06+00:00,0.784
2025-04-27 19:07:05+00:00,0.785
2025-04-27 19:08:05+00:00,0.7865
2025-04-27 19:09:05+00:00,0.7865
2025-04-27 19:10:05+00:00,0.786
2025-04-27 19:11:10+00:00,0.786
2025-04-27 19:12:05+00:00,0.787
2025-04-27 19:13:05+00:00,0.787
2025-04-27 19:14:05+00:00,0.787
2025-04-27 19:15:06+00:00,0.787
2025-04-27 19:16:06+00:00,0.7865
2025-04-27 19:17:05+00:00,0.786
2025-04-27 19:18:05+00:00,0.786
2025-04-27 19:19:05+00:00,0.7855
2025-04-27 19:20:05+00:00,0.7855
2025-04-27 19:21:05+00:00,0.7855
2025-04-27 19:22:06+00:00,0.7855
2025-04-27 19:23:05+00:00,0.7855
2025-04-27 19:24:05+00:00,0.7855
2025-04-27 19:25:05+00:00,0.7855
2025-04-27 19:26:05+00:00,0.7855
2025-04-27 19:27:05+00:00,0.7855
2025-04-27 19:28:05+00:00,0.785
2025-04-27 19:29:05+00:00,0.785
2025-04-27 19:30:05+00:00,0.785
2025-04-27 19:31:05+00:00,0.785
2025-04-27 19:32:05+00:00,0.785
2025-04-27 19:33:05+00:00,0.785
2025-04-27 19:34:05+00:00,0.785
2025-04-27 19:35:05+00:00,0.7855
2025-04-27 19:36:05+00:00,0.7855
2025-04-27 19:37:05+00:00,0.7855
2025-04-27 19:38:05+00:00,0.7855
2025-04-27 19:39:05+00:00,0.7855
2025-04-27 19:40:05+00:00,0.7855
2025-04-27 19:41:05+00:00,0.7855
2025-04-27 19:42:05+00:00,0.786
2025-04-27 19:43:05+00:00,0.786
2025-04-27 19:44:05+00:00,0.785
2025-04-27 19:45:05+00:00,0.7835
2025-04-27 19:46:05+00:00,0.7835
2025-04-27 19:47:05+00:00,0.7835
2025-04-27 19:48:05+00:00,0.782
2025-04-27 19:49:05+00:00,0.7815
2025-04-27 19:50:05+00:00,0.7825
2025-04-27 19:51:05+00:00,0.7825
2025-04-27 19:52:05+00:00,0.7815
2025-04-27 19:53:05+00:00,0.7815
2025-04-27 19:54:05+00:00,0.7815
2025-04-27 19:55:05+00:00,0.7815
2025-04-27 19:56:05+00:00,0.7825
2025-04-27 19:57:05+00:00,0.7815
2025-04-27 19:58:05+00:00,0.781
2025-04-27 19:59:05+00:00,0.781
2025-04-27 20:00:05+00:00,0.78
2025-04-27 20:01:05+00:00,0.7795
2025-04-27 20:02:05+00:00,0.7795
2025-04-27 20:03:05+00:00,0.78
2025-04-27 20:04:05+00:00,0.78
2025-04-27 20:05:05+00:00,0.78
2025-04-27 20:06:05+00:00,0.78
2025-04-27 20:07:05+00:00,0.78
2025-04-27 20:08:05+00:00,0.78
2025-04-27 20:09:05+00:00,0.7795
2025-04-27 20:10:05+00:00,0.7795
2025-04-27 20:11:05+00:00,0.7795
2025-04-27 20:12:06+00:00,0.78
2025-04-27 20:13:05+00:00,0.78
2025-04-27 20:14:05+00:00,0.78
2025-04-27 20:15:05+00:00,0.78
2025-04-27 20:16:05+00:00,0.78
2025-04-27 20:17:05+00:00,0.7805
2025-04-27 20:18:05+00:00,0.7805
2025-04-27 20:19:05+00:00,0.7805
2025-04-27 20:20:05+00:00,0.78
2025-04-27 20:21:06+00:00,0.78
2025-04-27 20:22:05+00:00,0.78
2025-04-27 20:23:05+00:00,0.78
2025-04-27 20:24:05+00:00,0.78
2025-04-27 20:25:05+00:00,0.78
2025-04-27 20:26:05+00:00,0.78
2025-04-27 20:27:05+00:00,0.78
2025-04-27 20:28:05+00:00,0.78
2025-04-27 20:29:05+00:00,0.7805
2025-04-27 20:30:06+00:00,0.7805
2025-04-27 20:31:05+00:00,0.7805
2025-04-27 20:32:05+00:00,0.7835
2025-04-27 20:33:05+00:00,0.784
2025-04-27 20:34:05+00:00,0.784
2025-04-27 20:35:05+00:00,0.7805
2025-04-27 20:36:05+00:00,0.7805
2025-04-27 20:37:05+00:00,0.784
2025-04-27 20:38:05+00:00,0.784
2025-04-27 20:39:05+00:00,0.784
2025-04-27 20:40:05+00:00,0.784
2025-04-27 20:41:05+00:00,0.784
2025-04-27 20:42:06+00:00,0.784
2025-04-27 20:43:05+00:00,0.781
2025-04-27 20:44:05+00:00,0.781
2025-04-27 20:45:05+00:00,0.78
2025-04-27 20:46:05+00:00,0.78
2025-04-27 20:47:05+00:00,0.7765
2025-04-27 20:48:05+00:00,0.7765
2025-04-27 20:49:05+00:00,0.778
2025-04-27 20:50:05+00:00,0.779
2025-04-27 20:51:05+00:00,0.7785
2025-04-27 20:52:05+00:00,0.7785
2025-04-27 20:53:05+00:00,0.7785
2025-04-27 20:54:05+00:00,0.779
2025-04-27 20:55:06+00:00,0.7795
2025-04-27 20:56:05+00:00,0.7795
2025-04-27 20:57:05+00:00,0.7795
2025-04-27 20:58:05+00:00,0.7785
2025-04-27 20:59:05+00:00,0.781
2025-04-27 21:00:05+00:00,0.781
2025-04-27 21:01:05+00:00,0.781
2025-04-27 21:02:05+00:00,0.7815
2025-04-27 21:03:05+00:00,0.7815
2025-04-27 21:04:05+00:00,0.7815
2025-04-27 21:05:05+00:00,0.7815
2025-04-27 21:06:05+00:00,0.7815
2025-04-27 21:07:05+00:00,0.7815
2025-04-27 21:08:05+00:00,0.782
2025-04-27 21:09:05+00:00,0.781
2025-04-27 21:10:05+00:00,0.781
2025-04-27 21:11:05+00:00,0.7805
2025-04-27 21:12:05+00:00,0.7795
2025-04-27 21:13:05+00:00,0.78
2025-04-27 21:14:05+00:00,0.78
2025-04-27 21:15:05+00:00,0.78
2025-04-27 21:16:05+00:00,0.78
2025-04-27 21:17:05+00:00,0.78
2025-04-27 21:18:05+00:00,0.7805
2025-04-27 21:19:05+00:00,0.781
2025-04-27 21:20:05+00:00,0.781
2025-04-27 21:21:05+00:00,0.7805
2025-04-27 21:22:05+00:00,0.7805
2025-04-27 21:23:05+00:00,0.78
2025-04-27 21:24:05+00:00,0.7805
2025-04-27 21:25:05+00:00,0.78
2025-04-27 21:26:05+00:00,0.78
2025-04-27 21:27:05+00:00,0.78
2025-04-27 21:28:05+00:00,0.78
2025-04-27 21:29:05+00:00,0.78
2025-04-27 21:30:06+00:00,0.78
2025-04-27 21:31:05+00:00,0.7805
2025-04-27 21:32:05+00:00,0.78
2025-04-27 21:33:05+00:00,0.78
2025-04-27 21:34:05+00:00,0.78
2025-04-27 21:35:05+00:00,0.78
2025-04-27 21:36:05+00:00,0.78
2025-04-27 21:37:05+00:00,0.7795
2025-04-27 21:38:05+00:00,0.7785
2025-04-27 21:39:05+00:00,0.7785
2025-04-27 21:40:06+00:00,0.7785
2025-04-27 21:41:05+00:00,0.7785
2025-04-27 21:42:05+00:00,0.7785
2025-04-27 21:43:05+00:00,0.7785
2025-04-27 21:44:05+00:00,0.7785
2025-04-27 21:45:05+00:00,0.7785
2025-04-27 21:46:05+00:00,0.7785
2025-04-27 21:47:05+00:00,0.7785
2025-04-27 21:48:05+00:00,0.7785
2025-04-27 21:49:05+00:00,0.7785
2025-04-27 21:50:05+00:00,0.7785
2025-04-27 21:51:05+00:00,0.7785
2025-04-27 21:52:05+00:00,0.78
2025-04-27 21:53:05+00:00,0.7785
2025-04-27 21:54:05+00:00,0.779
2025-04-27 21:55:05+00:00,0.779
2025-04-27 21:56:05+00:00,0.779
2025-04-27 21:57:05+00:00,0.779
2025-04-27 21:58:05+00:00,0.781
2025-04-27 21:59:05+00:00,0.781
2025-04-27 22:00:06+00:00,0.7815
2025-04-27 22:01:05+00:00,0.7815
2025-04-27 22:02:05+00:00,0.7815
2025-04-27 22:03:05+00:00,0.7815
2025-04-27 22:04:05+00:00,0.7815
2025-04-27 22:05:05+00:00,0.7815
2025-04-27 22:06:05+00:00,0.7815
2025-04-27 22:07:05+00:00,0.7815
2025-04-27 22:08:05+00:00,0.7815
2025-04-27 22:09:05+00:00,0.7815
2025-04-27 22:10:05+00:00,0.7815
2025-04-27 22:11:05+00:00,0.781
2025-04-27 22:12:05+00:00,0.781
2025-04-27 22:13:05+00:00,0.781
2025-04-27 22:14:06+00:00,0.781
2025-04-27 22:15:06+00:00,0.7785
2025-04-27 22:16:05+00:00,0.7785
2025-04-27 22:17:05+00:00,0.7785
2025-04-27 22:18:05+00:00,0.7785
2025-04-27 22:19:05+00:00,0.7775
2025-04-27 22:20:06+00:00,0.7775
2025-04-27 22:21:05+00:00,0.7775
2025-04-27 22:22:05+00:00,0.778
2025-04-27 22:23:05+00:00,0.7785
2025-04-27 22:24:06+00:00,0.778
2025-04-27 22:25:05+00:00,0.7785
2025-04-27 22:26:05+00:00,0.7785
2025-04-27 22:27:05+00:00,0.7785
2025-04-27 22:28:05+00:00,0.7785
2025-04-27 22:29:05+00:00,0.7785
2025-04-27 22:30:05+00:00,0.7785
2025-04-27 22:31:05+00:00,0.7785
2025-04-27 22:32:05+00:00,0.7785
2025-04-27 22:33:05+00:00,0.7785
2025-04-27 22:34:05+00:00,0.7785
2025-04-27 22:35:06+00:00,0.7775
2025-04-27 22:36:05+00:00,0.7785
2025-04-27 22:37:05+00:00,0.7765
2025-04-27 22:38:05+00:00,0.778
2025-04-27 22:39:05+00:00,0.778
2025-04-27 22:40:05+00:00,0.778
2025-04-27 22:41:05+00:00,0.778
2025-04-27 22:42:06+00:00,0.778
2025-04-27 22:43:06+00:00,0.778
2025-04-27 22:44:05+00:00,0.782
2025-04-27 22:45:05+00:00,0.782
2025-04-27 22:46:05+00:00,0.782
2025-04-27 22:47:05+00:00,0.7805
2025-04-27 22:48:05+00:00,0.7765
2025-04-27 22:49:05+00:00,0.774
2025-04-27 22:50:05+00:00,0.7745
2025-04-27 22:51:05+00:00,0.778
2025-04-27 22:52:05+00:00,0.778
2025-04-27 22:53:05+00:00,0.778
2025-04-27 22:54:05+00:00,0.777
2025-04-27 22:55:05+00:00,0.7765
2025-04-27 22:56:05+00:00,0.7765
2025-04-27 22:57:05+00:00,0.7765
2025-04-27 22:58:05+00:00,0.7765
2025-04-27 22:59:05+00:00,0.7765
2025-04-27 23:00:05+00:00,0.775
2025-04-27 23:01:05+00:00,0.775
2025-04-27 23:02:05+00:00,0.7735
2025-04-27 23:03:05+00:00,0.7775
2025-04-27 23:04:05+00:00,0.7775
2025-04-27 23:05:05+00:00,0.7775
2025-04-27 23:06:05+00:00,0.7745
2025-04-27 23:07:05+00:00,0.7745
2025-04-27 23:08:05+00:00,0.7745
2025-04-27 23:09:04+00:00,0.7745
2025-04-27 23:10:05+00:00,0.774
2025-04-27 23:11:05+00:00,0.774
2025-04-27 23:12:04+00:00,0.773
2025-04-27 23:13:05+00:00,0.7725
2025-04-27 23:14:04+00:00,0.7725
2025-04-27 23:15:05+00:00,0.7725
2025-04-27 23:16:05+00:00,0.772
2025-04-27 23:17:05+00:00,0.772
2025-04-27 23:18:05+00:00,0.772
2025-04-27 23:19:05+00:00,0.7725
2025-04-27 23:20:06+00:00,0.7725
2025-04-27 23:21:05+00:00,0.772
2025-04-27 23:22:05+00:00,0.772
2025-04-27 23:23:05+00:00,0.772
2025-04-27 23:24:05+00:00,0.772
2025-04-27 23:25:05+00:00,0.772
2025-04-27 23:26:05+00:00,0.772
2025-04-27 23:27:05+00:00,0.772
2025-04-27 23:28:05+00:00,0.7735
2025-04-27 23:29:05+00:00,0.775
2025-04-27 23:30:05+00:00,0.778
2025-04-27 23:31:05+00:00,0.7785
2025-04-27 23:32:05+00:00,0.777
2025-04-27 23:33:05+00:00,0.7745
2025-04-27 23:34:05+00:00,0.7745
2025-04-27 23:35:05+00:00,0.772
2025-04-27 23:36:05+00:00,0.771
2025-04-27 23:37:05+00:00,0.771
2025-04-27 23:38:05+00:00,0.7725
2025-04-27 23:39:05+00:00,0.7725
2025-04-27 23:40:05+00:00,0.776
2025-04-27 23:41:05+00:00,0.776
2025-04-27 23:42:05+00:00,0.7765
2025-04-27 23:43:05+00:00,0.7755
2025-04-27 23:44:05+00:00,0.7755
2025-04-27 23:45:05+00:00,0.773
2025-04-27 23:46:05+00:00,0.7745
2025-04-27 23:47:05+00:00,0.7725
2025-04-27 23:48:05+00:00,0.7725
2025-04-27 23:49:05+00:00,0.7725
2025-04-27 23:50:05+00:00,0.7715
2025-04-27 23:51:05+00:00,0.7715
2025-04-27 23:52:05+00:00,0.771
2025-04-27 23:53:05+00:00,0.771
2025-04-27 23:54:06+00:00,0.7735
2025-04-27 23:55:05+00:00,0.777
2025-04-27 23:56:05+00:00,0.7775
2025-04-27 23:57:05+00:00,0.777
2025-04-27 23:58:05+00:00,0.777
2025-04-27 23:59:05+00:00,0.777
2025-04-28 00:00:05+00:00,0.778
2025-04-28 00:01:05+00:00,0.777
2025-04-28 00:02:05+00:00,0.778
2025-04-28 00:03:05+00:00,0.778
2025-04-28 00:04:05+00:00,0.778
2025-04-28 00:05:05+00:00,0.778
2025-04-28 00:06:05+00:00,0.778
2025-04-28 00:07:05+00:00,0.7785
2025-04-28 00:08:05+00:00,0.779
2025-04-28 00:09:05+00:00,0.7795
2025-04-28 00:10:05+00:00,0.7785
2025-04-28 00:11:05+00:00,0.7785
2025-04-28 00:12:05+00:00,0.7785
2025-04-28 00:13:05+00:00,0.78
2025-04-28 00:14:05+00:00,0.78
2025-04-28 00:15:05+00:00,0.7795
2025-04-28 00:16:05+00:00,0.7775
2025-04-28 00:17:05+00:00,0.774
2025-04-28 00:18:05+00:00,0.7725
2025-04-28 00:19:05+00:00,0.772
2025-04-28 00:20:05+00:00,0.772
2025-04-28 00:21:05+00:00,0.772
2025-04-28 00:22:05+00:00,0.772
2025-04-28 00:23:05+00:00,0.772
2025-04-28 00:24:05+00:00,0.772
2025-04-28 00:25:05+00:00,0.772
2025-04-28 00:26:05+00:00,0.772
2025-04-28 00:27:05+00:00,0.772
2025-04-28 00:28:05+00:00,0.772
2025-04-28 00:29:05+00:00,0.7725
2025-04-28 00:30:05+00:00,0.773
2025-04-28 00:31:05+00:00,0.7735
2025-04-28 00:32:05+00:00,0.7735
2025-04-28 00:33:05+00:00,0.7735
2025-04-28 00:34:05+00:00,0.7735
2025-04-28 00:35:06+00:00,0.7735
2025-04-28 00:36:05+00:00,0.773
2025-04-28 00:37:05+00:00,0.774
2025-04-28 00:38:05+00:00,0.773
2025-04-28 00:39:05+00:00,0.773
2025-04-28 00:40:05+00:00,0.7725
2025-04-28 00:41:05+00:00,0.7725
2025-04-28 00:42:05+00:00,0.773
2025-04-28 00:43:05+00:00,0.772
2025-04-28 00:44:05+00:00,0.7715
2025-04-28 00:45:05+00:00,0.7715
2025-04-28 00:46:05+00:00,0.7715
2025-04-28 00:47:05+00:00,0.7715
2025-04-28 00:48:05+00:00,0.7715
2025-04-28 00:49:05+00:00,0.7715
2025-04-28 00:50:05+00:00,0.7715
2025-04-28 00:51:06+00:00,0.7705
2025-04-28 00:52:05+00:00,0.7705
2025-04-28 00:53:05+00:00,0.7705
2025-04-28 00:54:06+00:00,0.7705
2025-04-28 00:55:05+00:00,0.7705
2025-04-28 00:56:05+00:00,0.771
2025-04-28 00:57:05+00:00,0.7715
2025-04-28 00:58:05+00:00,0.772
2025-04-28 00:59:05+00:00,0.772
2025-04-28 01:00:06+00:00,0.7725
2025-04-28 01:01:05+00:00,0.7725
2025-04-28 01:02:05+00:00,0.7745
2025-04-28 01:03:06+00:00,0.7755
2025-04-28 01:04:05+00:00,0.7755
2025-04-28 01:05:05+00:00,0.7755
2025-04-28 01:06:05+00:00,0.776
2025-04-28 01:07:05+00:00,0.776
2025-04-28 01:08:05+00:00,0.776
2025-04-28 01:09:05+00:00,0.776
2025-04-28 01:10:05+00:00,0.776
2025-04-28 01:11:05+00:00,0.7775
2025-04-28 01:12:05+00:00,0.7775
2025-04-28 01:13:05+00:00,0.7775
2025-04-28 01:14:05+00:00,0.778
2025-04-28 01:15:05+00:00,0.7775
2025-04-28 01:16:06+00:00,0.772
2025-04-28 01:17:05+00:00,0.7745
2025-04-28 01:18:05+00:00,0.775
2025-04-28 01:19:05+00:00,0.775
2025-04-28 01:20:05+00:00,0.775
2025-04-28 01:21:05+00:00,0.773
2025-04-28 01:22:05+00:00,0.7775
2025-04-28 01:23:05+00:00,0.777
2025-04-28 01:24:05+00:00,0.772
2025-04-28 01:25:05+00:00,0.774
2025-04-28 01:26:06+00:00,0.7725
2025-04-28 01:27:05+00:00,0.7725
2025-04-28 01:28:05+00:00,0.7725
2025-04-28 01:29:05+00:00,0.774
2025-04-28 01:30:05+00:00,0.773
2025-04-28 01:31:05+00:00,0.7725
2025-04-28 01:32:05+00:00,0.7735
2025-04-28 01:33:05+00:00,0.774
2025-04-28 01:34:05+00:00,0.775
2025-04-28 01:35:05+00:00,0.7745
2025-04-28 01:36:05+00:00,0.7705
2025-04-28 01:37:05+00:00,0.7725
2025-04-28 01:38:05+00:00,0.7725
2025-04-28 01:39:05+00:00,0.7735
2025-04-28 01:40:05+00:00,0.773
2025-04-28 01:41:05+00:00,0.773
2025-04-28 01:42:05+00:00,0.773
2025-04-28 01:43:05+00:00,0.773
2025-04-28 01:44:05+00:00,0.7735
2025-04-28 01:45:05+00:00,0.7735
2025-04-28 01:46:06+00:00,0.7735
2025-04-28 01:47:05+00:00,0.7735
2025-04-28 01:48:05+00:00,0.7735
2025-04-28 01:49:05+00:00,0.773
2025-04-28 01:50:06+00:00,0.7725
2025-04-28 01:51:05+00:00,0.7725
2025-04-28 01:52:05+00:00,0.7715
2025-04-28 01:53:05+00:00,0.772
2025-04-28 01:54:05+00:00,0.7725
2025-04-28 01:55:05+00:00,0.7725
2025-04-28 01:56:05+00:00,0.7695
2025-04-28 01:57:06+00:00,0.769
2025-04-28 01:58:06+00:00,0.7715
2025-04-28 01:59:05+00:00,0.77
2025-04-28 02:00:06+00:00,0.771
2025-04-28 02:01:06+00:00,0.7705
2025-04-28 02:02:05+00:00,0.7725
2025-04-28 02:03:05+00:00,0.771
2025-04-28 02:04:05+00:00,0.77
2025-04-28 02:05:06+00:00,0.771
2025-04-28 02:06:05+00:00,0.7705
2025-04-28 02:07:05+00:00,0.7725
2025-04-28 02:08:05+00:00,0.7715
2025-04-28 02:09:05+00:00,0.772
2025-04-28 02:10:05+00:00,0.772
2025-04-28 02:11:05+00:00,0.772
2025-04-28 02:12:05+00:00,0.772
2025-04-28 02:13:05+00:00,0.7725
2025-04-28 02:14:05+00:00,0.772
2025-04-28 02:15:05+00:00,0.7715
2025-04-28 02:16:06+00:00,0.772
2025-04-28 02:17:05+00:00,0.772
2025-04-28 02:18:05+00:00,0.772
2025-04-28 02:19:05+00:00,0.7715
2025-04-28 02:20:05+00:00,0.7715
2025-04-28 02:21:05+00:00,0.771
2025-04-28 02:22:05+00:00,0.7695
2025-04-28 02:23:05+00:00,0.7695
2025-04-28 02:24:06+00:00,0.7695
2025-04-28 02:25:05+00:00,0.7695
2025-04-28 02:26:05+00:00,0.769
2025-04-28 02:27:05+00:00,0.769
2025-04-28 02:28:05+00:00,0.768
2025-04-28 02:29:05+00:00,0.7695
2025-04-28 02:30:04+00:00,0.7695
2025-04-28 02:31:05+00:00,0.769
2025-04-28 02:32:06+00:00,0.77
2025-04-28 02:33:06+00:00,0.771
2025-04-28 02:34:05+00:00,0.771
2025-04-28 02:35:05+00:00,0.77
2025-04-28 02:36:05+00:00,0.7695
2025-04-28 02:37:05+00:00,0.7695
2025-04-28 02:38:05+00:00,0.7695
2025-04-28 02:39:05+00:00,0.7695
2025-04-28 02:40:05+00:00,0.7695
2025-04-28 02:41:05+00:00,0.7695
2025-04-28 02:42:05+00:00,0.7695
2025-04-28 02:43:06+00:00,0.77
2025-04-28 02:44:05+00:00,0.7705
2025-04-28 02:45:05+00:00,0.7705
2025-04-28 02:46:05+00:00,0.7695
2025-04-28 02:47:05+00:00,0.7695
2025-04-28 02:48:05+00:00,0.7695
2025-04-28 02:49:05+00:00,0.7695
2025-04-28 02:50:05+00:00,0.7695
2025-04-28 02:51:05+00:00,0.7705
2025-04-28 02:52:05+00:00,0.7695
2025-04-28 02:53:05+00:00,0.769
2025-04-28 02:54:05+00:00,0.769
2025-04-28 02:55:06+00:00,0.769
2025-04-28 02:56:05+00:00,0.7685
2025-04-28 02:57:05+00:00,0.768
2025-04-28 02:58:05+00:00,0.768
2025-04-28 02:59:04+00:00,0.768
2025-04-28 03:00:06+00:00,0.7685
2025-04-28 03:01:05+00:00,0.7685
2025-04-28 03:02:05+00:00,0.7685
2025-04-28 03:03:05+00:00,0.768
2025-04-28 03:04:05+00:00,0.768
2025-04-28 03:05:05+00:00,0.768
2025-04-28 03:06:05+00:00,0.768
2025-04-28 03:07:05+00:00,0.7675
2025-04-28 03:08:05+00:00,0.7675
2025-04-28 03:09:05+00:00,0.7675
2025-04-28 03:10:06+00:00,0.7675
2025-04-28 03:11:05+00:00,0.7675
2025-04-28 03:12:05+00:00,0.7675
2025-04-28 03:13:05+00:00,0.7675
2025-04-28 03:14:05+00:00,0.7675
2025-04-28 03:15:06+00:00,0.7675
2025-04-28 03:16:06+00:00,0.767
2025-04-28 03:17:05+00:00,0.7675
2025-04-28 03:18:05+00:00,0.768
2025-04-28 03:19:06+00:00,0.768
2025-04-28 03:20:05+00:00,0.767
2025-04-28 03:21:05+00:00,0.767
2025-04-28 03:22:05+00:00,0.767
2025-04-28 03:23:05+00:00,0.7675
2025-04-28 03:24:05+00:00,0.7685
2025-04-28 03:25:06+00:00,0.7675
2025-04-28 03:26:06+00:00,0.7675
2025-04-28 03:27:05+00:00,0.767
2025-04-28 03:28:05+00:00,0.7675
2025-04-28 03:29:05+00:00,0.7675
2025-04-28 03:30:06+00:00,0.767
2025-04-28 03:31:05+00:00,0.767
2025-04-28 03:32:05+00:00,0.7685
2025-04-28 03:33:05+00:00,0.7675
2025-04-28 03:34:05+00:00,0.7675
2025-04-28 03:35:05+00:00,0.769
2025-04-28 03:36:05+00:00,0.7675
2025-04-28 03:37:05+00:00,0.767
2025-04-28 03:38:05+00:00,0.767
2025-04-28 03:39:05+00:00,0.767
2025-04-28 03:40:06+00:00,0.7675
2025-04-28 03:41:05+00:00,0.7685
2025-04-28 03:42:05+00:00,0.7685
2025-04-28 03:43:05+00:00,0.768
2025-04-28 03:44:06+00:00,0.768
2025-04-28 03:45:05+00:00,0.768
2025-04-28 03:46:05+00:00,0.7675
2025-04-28 03:47:05+00:00,0.767
2025-04-28 03:48:05+00:00,0.767
2025-04-28 03:49:05+00:00,0.767
2025-04-28 03:50:05+00:00,0.767
2025-04-28 03:51:05+00:00,0.767
2025-04-28 03:52:05+00:00,0.767
2025-04-28 03:53:05+00:00,0.767
2025-04-28 03:54:05+00:00,0.767
2025-04-28 03:55:06+00:00,0.767
2025-04-28 03:56:05+00:00,0.767
2025-04-28 03:57:05+00:00,0.7695
2025-04-28 03:58:05+00:00,0.769
2025-04-28 03:59:05+00:00,0.769
2025-04-28 04:00:05+00:00,0.769
2025-04-28 04:01:05+00:00,0.77
2025-04-28 04:02:05+00:00,0.771
2025-04-28 04:03:05+00:00,0.772
2025-04-28 04:04:05+00:00,0.772
2025-04-28 04:05:05+00:00,0.772
2025-04-28 04:06:05+00:00,0.774
2025-04-28 04:07:06+00:00,0.774
2025-04-28 04:08:05+00:00,0.773
2025-04-28 04:09:05+00:00,0.773
2025-04-28 04:10:06+00:00,0.773
2025-04-28 04:11:05+00:00,0.7705
2025-04-28 04:12:05+00:00,0.771
2025-04-28 04:13:05+00:00,0.771
2025-04-28 04:14:05+00:00,0.7705
2025-04-28 04:15:05+00:00,0.7705
2025-04-28 04:16:05+00:00,0.7705
2025-04-28 04:17:05+00:00,0.771
2025-04-28 04:18:05+00:00,0.772
2025-04-28 04:19:05+00:00,0.772
2025-04-28 04:20:06+00:00,0.772
2025-04-28 04:21:06+00:00,0.772
2025-04-28 04:22:05+00:00,0.772
2025-04-28 04:23:05+00:00,0.772
2025-04-28 04:24:06+00:00,0.772
2025-04-28 04:25:05+00:00,0.773
2025-04-28 04:26:05+00:00,0.773
2025-04-28 04:27:05+00:00,0.773
2025-04-28 04:28:05+00:00,0.7735
2025-04-28 04:29:05+00:00,0.775
2025-04-28 04:30:06+00:00,0.776
2025-04-28 04:31:05+00:00,0.7765
2025-04-28 04:32:05+00:00,0.7765
2025-04-28 04:33:05+00:00,0.7765
2025-04-28 04:34:05+00:00,0.7765
2025-04-28 04:35:06+00:00,0.776
2025-04-28 04:36:05+00:00,0.7735
2025-04-28 04:37:05+00:00,0.772
2025-04-28 04:38:05+00:00,0.772
2025-04-28 04:39:04+00:00,0.772
2025-04-28 04:40:05+00:00,0.772
2025-04-28 04:41:05+00:00,0.7715
2025-04-28 04:42:05+00:00,0.771
2025-04-28 04:43:05+00:00,0.7705
2025-04-28 04:44:05+00:00,0.7705
2025-04-28 04:45:05+00:00,0.77
2025-04-28 04:46:05+00:00,0.7685
2025-04-28 04:47:05+00:00,0.768
2025-04-28 04:48:06+00:00,0.7675
2025-04-28 04:49:05+00:00,0.767
2025-04-28 04:50:05+00:00,0.767
2025-04-28 04:51:05+00:00,0.767
2025-04-28 04:52:05+00:00,0.767
2025-04-28 04:53:05+00:00,0.77
2025-04-28 04:54:05+00:00,0.771
2025-04-28 04:55:05+00:00,0.771
2025-04-28 04:56:05+00:00,0.771
2025-04-28 04:57:05+00:00,0.77
2025-04-28 04:58:05+00:00,0.77
2025-04-28 04:59:06+00:00,0.7705
2025-04-28 05:00:06+00:00,0.771
2025-04-28 05:01:05+00:00,0.77
2025-04-28 05:02:05+00:00,0.769
2025-04-28 05:03:05+00:00,0.769
2025-04-28 05:04:05+00:00,0.768
2025-04-28 05:05:05+00:00,0.768
2025-04-28 05:06:05+00:00,0.768
2025-04-28 05:07:05+00:00,0.7675
2025-04-28 05:08:05+00:00,0.7675
2025-04-28 05:09:05+00:00,0.7675
2025-04-28 05:10:05+00:00,0.767
2025-04-28 05:11:05+00:00,0.767
2025-04-28 05:12:05+00:00,0.7665
2025-04-28 05:13:05+00:00,0.7665
2025-04-28 05:14:05+00:00,0.7665
2025-04-28 05:15:05+00:00,0.7665
2025-04-28 05:16:13+00:00,0.7665
2025-04-28 05:17:05+00:00,0.7665
2025-04-28 05:18:05+00:00,0.766
2025-04-28 05:19:05+00:00,0.7655
2025-04-28 05:20:05+00:00,0.7655
2025-04-28 05:21:05+00:00,0.766
2025-04-28 05:22:05+00:00,0.766
2025-04-28 05:23:05+00:00,0.766
2025-04-28 05:24:05+00:00,0.7665
2025-04-28 05:25:06+00:00,0.7665
2025-04-28 05:26:05+00:00,0.766
2025-04-28 05:27:05+00:00,0.767
2025-04-28 05:28:05+00:00,0.767
2025-04-28 05:29:05+00:00,0.7665
2025-04-28 05:30:06+00:00,0.766
2025-04-28 05:31:05+00:00,0.7655
2025-04-28 05:32:05+00:00,0.765
2025-04-28 05:33:05+00:00,0.766
2025-04-28 05:34:05+00:00,0.767
2025-04-28 05:35:05+00:00,0.7675
2025-04-28 05:36:06+00:00,0.7665
2025-04-28 05:37:05+00:00,0.7665
2025-04-28 05:38:05+00:00,0.767
2025-04-28 05:39:05+00:00,0.7675
2025-04-28 05:40:06+00:00,0.7675
2025-04-28 05:41:05+00:00,0.7675
2025-04-28 05:42:05+00:00,0.769
2025-04-28 05:43:05+00:00,0.769
2025-04-28 05:44:05+00:00,0.7665
2025-04-28 05:45:05+00:00,0.7665
2025-04-28 05:46:05+00:00,0.7665
2025-04-28 05:47:05+00:00,0.7665
2025-04-28 05:48:05+00:00,0.7665
2025-04-28 05:49:05+00:00,0.7665
2025-04-28 05:50:06+00:00,0.768
2025-04-28 05:51:05+00:00,0.7695
2025-04-28 05:52:05+00:00,0.769
2025-04-28 05:53:05+00:00,0.769
2025-04-28 05:54:05+00:00,0.769
2025-04-28 05:55:05+00:00,0.769
2025-04-28 05:56:05+00:00,0.769
2025-04-28 05:57:05+00:00,0.769
2025-04-28 05:58:05+00:00,0.7685
2025-04-28 05:59:05+00:00,0.768
2025-04-28 06:00:06+00:00,0.7675
2025-04-28 06:01:05+00:00,0.7675
2025-04-28 06:02:05+00:00,0.7675
2025-04-28 06:03:05+00:00,0.7675
2025-04-28 06:04:05+00:00,0.7675
2025-04-28 06:05:05+00:00,0.7675
2025-04-28 06:06:06+00:00,0.7675
2025-04-28 06:07:06+00:00,0.769
2025-04-28 06:08:05+00:00,0.769
2025-04-28 06:09:05+00:00,0.7695
2025-04-28 06:10:05+00:00,0.7705
2025-04-28 06:11:05+00:00,0.7705
2025-04-28 06:12:05+00:00,0.771
2025-04-28 06:13:05+00:00,0.771
2025-04-28 06:14:05+00:00,0.77
2025-04-28 06:15:05+00:00,0.77
2025-04-28 06:16:05+00:00,0.77
2025-04-28 06:17:05+00:00,0.77
2025-04-28 06:18:05+00:00,0.77
2025-04-28 06:19:05+00:00,0.7695
2025-04-28 06:20:05+00:00,0.7695
2025-04-28 06:21:05+00:00,0.769
2025-04-28 06:22:05+00:00,0.769
2025-04-28 06:23:05+00:00,0.7685
2025-04-28 06:24:06+00:00,0.7685
2025-04-28 06:25:05+00:00,0.7685
2025-04-28 06:26:05+00:00,0.7685
2025-04-28 06:27:05+00:00,0.768
2025-04-28 06:28:05+00:00,0.768
2025-04-28 06:29:05+00:00,0.7675
2025-04-28 06:30:05+00:00,0.7675
2025-04-28 06:31:05+00:00,0.7675
2025-04-28 06:32:05+00:00,0.768
2025-04-28 06:33:05+00:00,0.7665
2025-04-28 06:34:05+00:00,0.7665
2025-04-28 06:35:05+00:00,0.767
2025-04-28 06:36:05+00:00,0.767
2025-04-28 06:37:05+00:00,0.767
2025-04-28 06:38:05+00:00,0.767
2025-04-28 06:39:05+00:00,0.767
2025-04-28 06:40:06+00:00,0.767
2025-04-28 06:41:05+00:00,0.767
2025-04-28 06:42:05+00:00,0.7665
2025-04-28 06:43:05+00:00,0.7665
2025-04-28 06:44:05+00:00,0.7655
2025-04-28 06:45:05+00:00,0.7655
2025-04-28 06:46:05+00:00,0.7655
2025-04-28 06:47:05+00:00,0.7655
2025-04-28 06:48:06+00:00,0.7655
2025-04-28 06:49:05+00:00,0.7655
2025-04-28 06:50:06+00:00,0.7655
2025-04-28 06:51:05+00:00,0.7655
2025-04-28 06:52:05+00:00,0.766
2025-04-28 06:53:05+00:00,0.766
2025-04-28 06:54:05+00:00,0.766
2025-04-28 06:55:05+00:00,0.768
2025-04-28 06:56:05+00:00,0.768
2025-04-28 06:57:05+00:00,0.7675
2025-04-28 06:58:05+00:00,0.77
2025-04-28 06:59:04+00:00,0.7705
2025-04-28 07:00:05+00:00,0.769
2025-04-28 07:01:06+00:00,0.769
2025-04-28 07:02:05+00:00,0.768
2025-04-28 07:03:05+00:00,0.7685
2025-04-28 07:04:05+00:00,0.7685
2025-04-28 07:05:06+00:00,0.7685
2025-04-28 07:06:05+00:00,0.7685
2025-04-28 07:07:06+00:00,0.7695
2025-04-28 07:08:05+00:00,0.77
2025-04-28 07:09:05+00:00,0.7685
2025-04-28 07:10:05+00:00,0.767
2025-04-28 07:11:05+00:00,0.7655
2025-04-28 07:12:05+00:00,0.766
2025-04-28 07:13:05+00:00,0.766
2025-04-28 07:14:06+00:00,0.766
2025-04-28 07:15:05+00:00,0.766
2025-04-28 07:16:05+00:00,0.7675
2025-04-28 07:17:05+00:00,0.7675
2025-04-28 07:18:05+00:00,0.768
2025-04-28 07:19:05+00:00,0.768
2025-04-28 07:20:06+00:00,0.768
2025-04-28 07:21:05+00:00,0.768
2025-04-28 07:22:05+00:00,0.765
2025-04-28 07:23:05+00:00,0.769
2025-04-28 07:24:05+00:00,0.7675
2025-04-28 07:25:06+00:00,0.7675
2025-04-28 07:26:05+00:00,0.768
2025-04-28 07:27:05+00:00,0.7675
2025-04-28 07:28:05+00:00,0.7675
2025-04-28 07:29:05+00:00,0.7675
2025-04-28 07:30:05+00:00,0.7675
2025-04-28 07:31:05+00:00,0.768
2025-04-28 07:32:06+00:00,0.772
2025-04-28 07:33:05+00:00,0.7715
2025-04-28 07:34:05+00:00,0.773
2025-04-28 07:35:05+00:00,0.771
2025-04-28 07:36:05+00:00,0.771
2025-04-28 07:37:05+00:00,0.771
2025-04-28 07:38:05+00:00,0.771
2025-04-28 07:39:04+00:00,0.7705
2025-04-28 07:40:05+00:00,0.7765
2025-04-28 07:41:05+00:00,0.778
2025-04-28 07:42:05+00:00,0.778
2025-04-28 07:43:05+00:00,0.7785
2025-04-28 07:44:05+00:00,0.7785
2025-04-28 07:45:05+00:00,0.777
2025-04-28 07:46:05+00:00,0.7765
2025-04-28 07:47:05+00:00,0.7765
2025-04-28 07:48:05+00:00,0.7775
2025-04-28 07:49:05+00:00,0.7785
2025-04-28 07:50:05+00:00,0.779
2025-04-28 07:51:05+00:00,0.779
2025-04-28 07:52:05+00:00,0.7785
2025-04-28 07:53:05+00:00,0.7785
2025-04-28 07:54:05+00:00,0.7785
2025-04-28 07:55:05+00:00,0.7785
2025-04-28 07:56:05+00:00,0.7785
2025-04-28 07:57:05+00:00,0.7785
2025-04-28 07:58:05+00:00,0.7785
2025-04-28 07:59:06+00:00,0.779
2025-04-28 08:00:05+00:00,0.779
2025-04-28 08:01:05+00:00,0.779
2025-04-28 08:02:05+00:00,0.779
2025-04-28 08:03:05+00:00,0.7795
2025-04-28 08:04:05+00:00,0.7795
2025-04-28 08:05:06+00:00,0.78
2025-04-28 08:06:05+00:00,0.7795
2025-04-28 08:07:05+00:00,0.779
2025-04-28 08:08:05+00:00,0.779
2025-04-28 08:09:05+00:00,0.779
2025-04-28 08:10:06+00:00,0.779
2025-04-28 08:11:05+00:00,0.7785
2025-04-28 08:12:05+00:00,0.7785
2025-04-28 08:13:05+00:00,0.7785
2025-04-28 08:14:06+00:00,0.7785
2025-04-28 08:15:05+00:00,0.7785
2025-04-28 08:16:05+00:00,0.7785
2025-04-28 08:17:05+00:00,0.7785
2025-04-28 08:18:06+00:00,0.7785
2025-04-28 08:19:05+00:00,0.7785
2025-04-28 08:20:06+00:00,0.7785
2025-04-28 08:21:05+00:00,0.7785
2025-04-28 08:22:05+00:00,0.7785
2025-04-28 08:23:05+00:00,0.7785
2025-04-28 08:24:05+00:00,0.7785
2025-04-28 08:25:06+00:00,0.78
2025-04-28 08:26:05+00:00,0.78
2025-04-28 08:27:05+00:00,0.7805
2025-04-28 08:28:05+00:00,0.78
2025-04-28 08:29:05+00:00,0.78
2025-04-28 08:30:05+00:00,0.78
2025-04-28 08:31:05+00:00,0.78
2025-04-28 08:32:05+00:00,0.7795
2025-04-28 08:33:05+00:00,0.7795
2025-04-28 08:34:05+00:00,0.7795
2025-04-28 08:35:06+00:00,0.7795
2025-04-28 08:36:06+00:00,0.7795
2025-04-28 08:37:05+00:00,0.7795
2025-04-28 08:38:05+00:00,0.7795
2025-04-28 08:39:05+00:00,0.781
2025-04-28 08:40:05+00:00,0.7815
2025-04-28 08:41:05+00:00,0.7815
2025-04-28 08:42:05+00:00,0.7815
2025-04-28 08:43:05+00:00,0.7815
2025-04-28 08:44:06+00:00,0.7815
2025-04-28 08:45:05+00:00,0.7815
2025-04-28 08:46:05+00:00,0.782
2025-04-28 08:47:05+00:00,0.7815
2025-04-28 08:48:05+00:00,0.782
2025-04-28 08:49:05+00:00,0.783
2025-04-28 08:50:05+00:00,0.7825
2025-04-28 08:51:05+00:00,0.7835
2025-04-28 08:52:05+00:00,0.7835
2025-04-28 08:53:05+00:00,0.7835
2025-04-28 08:54:05+00:00,0.7835
2025-04-28 08:55:05+00:00,0.7845
2025-04-28 08:56:05+00:00,0.7855
2025-04-28 08:57:05+00:00,0.7855
2025-04-28 08:58:05+00:00,0.7835
2025-04-28 08:59:05+00:00,0.7835
2025-04-28 09:00:06+00:00,0.784
2025-04-28 09:01:05+00:00,0.7845
2025-04-28 09:02:05+00:00,0.7825
2025-04-28 09:03:05+00:00,0.783
2025-04-28 09:04:06+00:00,0.7805
2025-04-28 09:05:05+00:00,0.7795
2025-04-28 09:06:06+00:00,0.78
2025-04-28 09:07:05+00:00,0.7795
2025-04-28 09:08:05+00:00,0.78
2025-04-28 09:09:05+00:00,0.78
2025-04-28 09:10:05+00:00,0.78
2025-04-28 09:11:05+00:00,0.78
2025-04-28 09:12:06+00:00,0.7785
2025-04-28 09:13:05+00:00,0.7775
2025-04-28 09:14:05+00:00,0.7775
2025-04-28 09:15:05+00:00,0.777
2025-04-28 09:16:05+00:00,0.7775
2025-04-28 09:17:05+00:00,0.7775
2025-04-28 09:18:05+00:00,0.777
2025-04-28 09:19:05+00:00,0.777
2025-04-28 09:20:05+00:00,0.7775
2025-04-28 09:21:04+00:00,0.7775
2025-04-28 09:22:05+00:00,0.7775
2025-04-28 09:23:05+00:00,0.7765
2025-04-28 09:24:05+00:00,0.7765
2025-04-28 09:25:05+00:00,0.7765
2025-04-28 09:26:05+00:00,0.777
2025-04-28 09:27:05+00:00,0.777
2025-04-28 09:28:04+00:00,0.777
2025-04-28 09:29:05+00:00,0.777
2025-04-28 09:30:06+00:00,0.777
2025-04-28 09:31:05+00:00,0.777
2025-04-28 09:32:06+00:00,0.7765
2025-04-28 09:33:05+00:00,0.7765
2025-04-28 09:34:05+00:00,0.7765
2025-04-28 09:35:06+00:00,0.7765
2025-04-28 09:36:05+00:00,0.7765
2025-04-28 09:37:05+00:00,0.7765
2025-04-28 09:38:05+00:00,0.7765
2025-04-28 09:39:05+00:00,0.7765
2025-04-28 09:40:05+00:00,0.775
2025-04-28 09:41:05+00:00,0.7765
2025-04-28 09:42:05+00:00,0.773
2025-04-28 09:43:05+00:00,0.7745
2025-04-28 09:44:06+00:00,0.7745
2025-04-28 09:45:06+00:00,0.7745
2025-04-28 09:46:05+00:00,0.7745
2025-04-28 09:47:05+00:00,0.775
2025-04-28 09:48:05+00:00,0.7755
2025-04-28 09:49:05+00:00,0.7755
2025-04-28 09:50:05+00:00,0.7755
2025-04-28 09:51:05+00:00,0.7735
2025-04-28 09:52:05+00:00,0.773
2025-04-28 09:53:05+00:00,0.773
2025-04-28 09:54:05+00:00,0.7735
2025-04-28 09:55:05+00:00,0.7735
2025-04-28 09:56:06+00:00,0.7735
2025-04-28 09:57:04+00:00,0.7735
2025-04-28 09:58:06+00:00,0.7735
2025-04-28 09:59:05+00:00,0.7745
2025-04-28 10:00:06+00:00,0.7745
2025-04-28 10:01:05+00:00,0.7745
2025-04-28 10:02:05+00:00,0.7755
2025-04-28 10:03:05+00:00,0.7755
2025-04-28 10:04:05+00:00,0.7755
2025-04-28 10:05:05+00:00,0.7755
2025-04-28 10:06:05+00:00,0.775
2025-04-28 10:07:05+00:00,0.7755
2025-04-28 10:08:05+00:00,0.776
2025-04-28 10:09:05+00:00,0.7755
2025-04-28 10:10:06+00:00,0.7755
2025-04-28 10:11:05+00:00,0.7755
2025-04-28 10:12:05+00:00,0.7755
2025-04-28 10:13:05+00:00,0.777
2025-04-28 10:14:05+00:00,0.777
2025-04-28 10:15:05+00:00,0.777
2025-04-28 10:16:05+00:00,0.776
2025-04-28 10:17:05+00:00,0.7765
2025-04-28 10:18:05+00:00,0.777
2025-04-28 10:19:05+00:00,0.777
2025-04-28 10:20:05+00:00,0.777
2025-04-28 10:21:05+00:00,0.777
2025-04-28 10:22:05+00:00,0.777
2025-04-28 10:23:05+00:00,0.777
2025-04-28 10:24:05+00:00,0.777
2025-04-28 10:25:05+00:00,0.777
2025-04-28 10:26:06+00:00,0.777
2025-04-28 10:27:05+00:00,0.777
2025-04-28 10:28:05+00:00,0.777
2025-04-28 10:29:05+00:00,0.777
2025-04-28 10:30:06+00:00,0.777
2025-04-28 10:31:05+00:00,0.777
2025-04-28 10:32:05+00:00,0.7765
2025-04-28 10:33:06+00:00,0.776
2025-04-28 10:34:05+00:00,0.776
2025-04-28 10:35:06+00:00,0.776
2025-04-28 10:36:05+00:00,0.776
2025-04-28 10:37:05+00:00,0.776
2025-04-28 10:38:05+00:00,0.776
2025-04-28 10:39:05+00:00,0.776
2025-04-28 10:40:06+00:00,0.776
2025-04-28 10:41:05+00:00,0.776
2025-04-28 10:42:05+00:00,0.776
2025-04-28 10:43:05+00:00,0.776
2025-04-28 10:44:06+00:00,0.777
2025-04-28 10:45:05+00:00,0.777
2025-04-28 10:46:05+00:00,0.7775
2025-04-28 10:47:05+00:00,0.7775
2025-04-28 10:48:05+00:00,0.7775
2025-04-28 10:49:05+00:00,0.7775
2025-04-28 10:50:05+00:00,0.7775
2025-04-28 10:51:05+00:00,0.7775
2025-04-28 10:52:05+00:00,0.7775
2025-04-28 10:53:05+00:00,0.7775
2025-04-28 10:54:06+00:00,0.7775
2025-04-28 10:55:05+00:00,0.7775
2025-04-28 10:56:05+00:00,0.7775
2025-04-28 10:57:05+00:00,0.776
2025-04-28 10:58:05+00:00,0.7755
2025-04-28 10:59:05+00:00,0.7755
2025-04-28 11:00:06+00:00,0.7755
2025-04-28 11:01:05+00:00,0.7755
2025-04-28 11:02:05+00:00,0.7755
2025-04-28 11:03:05+00:00,0.7755
2025-04-28 11:04:05+00:00,0.776
2025-04-28 11:05:05+00:00,0.776
2025-04-28 11:06:06+00:00,0.776
2025-04-28 11:07:05+00:00,0.776
2025-04-28 11:08:05+00:00,0.776
2025-04-28 11:09:05+00:00,0.776
2025-04-28 11:10:06+00:00,0.776
2025-04-28 11:11:05+00:00,0.7755
2025-04-28 11:12:05+00:00,0.7755
2025-04-28 11:13:05+00:00,0.7745
2025-04-28 11:14:06+00:00,0.774
2025-04-28 11:15:05+00:00,0.774
2025-04-28 11:16:05+00:00,0.7745
2025-04-28 11:17:05+00:00,0.7745
2025-04-28 11:18:05+00:00,0.7765
2025-04-28 11:19:05+00:00,0.777
2025-04-28 11:20:05+00:00,0.777
2025-04-28 11:21:06+00:00,0.777
2025-04-28 11:22:05+00:00,0.777
2025-04-28 11:23:05+00:00,0.777
2025-04-28 11:24:05+00:00,0.777
2025-04-28 11:25:05+00:00,0.777
2025-04-28 11:26:05+00:00,0.777
2025-04-28 11:27:05+00:00,0.777
2025-04-28 11:28:05+00:00,0.777
2025-04-28 11:29:05+00:00,0.777
2025-04-28 11:30:05+00:00,0.777
2025-04-28 11:31:05+00:00,0.777
2025-04-28 11:32:05+00:00,0.777
2025-04-28 11:33:05+00:00,0.777
2025-04-28 11:34:05+00:00,0.777
2025-04-28 11:35:05+00:00,0.777
2025-04-28 11:36:05+00:00,0.777
2025-04-28 11:37:05+00:00,0.777
2025-04-28 11:38:06+00:00,0.777
2025-04-28 11:39:05+00:00,0.778
2025-04-28 11:40:05+00:00,0.7825
2025-04-28 11:41:05+00:00,0.7825
2025-04-28 11:42:05+00:00,0.7825
2025-04-28 11:43:05+00:00,0.7825
2025-04-28 11:44:06+00:00,0.7835
2025-04-28 11:45:05+00:00,0.7835
2025-04-28 11:46:05+00:00,0.784
2025-04-28 11:47:05+00:00,0.784
2025-04-28 11:48:05+00:00,0.7835
2025-04-28 11:49:06+00:00,0.7835
2025-04-28 11:50:05+00:00,0.784
2025-04-28 11:51:05+00:00,0.7845
2025-04-28 11:52:05+00:00,0.7845
2025-04-28 11:53:05+00:00,0.783
2025-04-28 11:54:06+00:00,0.78
2025-04-28 11:55:05+00:00,0.7805
2025-04-28 11:56:05+00:00,0.7805
2025-04-28 11:57:05+00:00,0.7805
2025-04-28 11:58:06+00:00,0.7805
2025-04-28 11:59:06+00:00,0.7805
2025-04-28 12:00:06+00:00,0.7805
2025-04-28 12:01:06+00:00,0.7805
2025-04-28 12:02:05+00:00,0.7805
2025-04-28 12:03:05+00:00,0.7805
2025-04-28 12:04:05+00:00,0.781
2025-04-28 12:05:05+00:00,0.7805
2025-04-28 12:06:05+00:00,0.7805
2025-04-28 12:07:05+00:00,0.781
2025-04-28 12:08:05+00:00,0.783
2025-04-28 12:09:05+00:00,0.7835
2025-04-28 12:10:05+00:00,0.784
2025-04-28 12:11:05+00:00,0.7845
2025-04-28 12:12:05+00:00,0.7855
2025-04-28 12:13:05+00:00,0.7855
2025-04-28 12:14:05+00:00,0.787
2025-04-28 12:15:05+00:00,0.7875
2025-04-28 12:16:05+00:00,0.7875
2025-04-28 12:17:05+00:00,0.7875
2025-04-28 12:18:05+00:00,0.7875
2025-04-28 12:19:05+00:00,0.7875
2025-04-28 12:20:05+00:00,0.7875
2025-04-28 12:21:05+00:00,0.7875
2025-04-28 12:22:05+00:00,0.7875
2025-04-28 12:23:05+00:00,0.7875
2025-04-28 12:24:06+00:00,0.7875
2025-04-28 12:25:05+00:00,0.789
2025-04-28 12:26:05+00:00,0.789
2025-04-28 12:27:05+00:00,0.789
2025-04-28 12:28:05+00:00,0.789
2025-04-28 12:29:05+00:00,0.789
2025-04-28 12:30:05+00:00,0.789
2025-04-28 12:31:05+00:00,0.789
2025-04-28 12:32:05+00:00,0.789
2025-04-28 12:33:05+00:00,0.789
2025-04-28 12:34:05+00:00,0.7895
2025-04-28 12:35:06+00:00,0.7895
2025-04-28 12:36:05+00:00,0.7895
2025-04-28 12:37:05+00:00,0.7895
2025-04-28 12:38:05+00:00,0.7895
2025-04-28 12:39:05+00:00,0.7895
2025-04-28 12:40:05+00:00,0.79
2025-04-28 12:41:05+00:00,0.7905
2025-04-28 12:42:05+00:00,0.792
2025-04-28 12:43:05+00:00,0.7955
2025-04-28 12:44:05+00:00,0.7955
2025-04-28 12:45:05+00:00,0.7915
2025-04-28 12:46:06+00:00,0.7915
2025-04-28 12:47:05+00:00,0.7915
2025-04-28 12:48:05+00:00,0.793
2025-04-28 12:49:05+00:00,0.793
2025-04-28 12:50:05+00:00,0.7905
2025-04-28 12:51:05+00:00,0.7915
2025-04-28 12:52:05+00:00,0.791
2025-04-28 12:53:05+00:00,0.791
2025-04-28 12:54:05+00:00,0.7905
2025-04-28 12:55:05+00:00,0.792
2025-04-28 12:56:05+00:00,0.792
2025-04-28 12:57:05+00:00,0.7905
2025-04-28 12:58:05+00:00,0.7915
2025-04-28 12:59:05+00:00,0.7915
2025-04-28 13:00:05+00:00,0.792
2025-04-28 13:01:05+00:00,0.7915
2025-04-28 13:02:05+00:00,0.793
2025-04-28 13:03:05+00:00,0.7935
2025-04-28 13:04:06+00:00,0.794
2025-04-28 13:05:06+00:00,0.794
2025-04-28 13:06:05+00:00,0.795
2025-04-28 13:07:05+00:00,0.795
2025-04-28 13:08:05+00:00,0.795
2025-04-28 13:09:05+00:00,0.794
2025-04-28 13:10:05+00:00,0.7935
2025-04-28 13:11:05+00:00,0.7945
2025-04-28 13:12:05+00:00,0.7955
2025-04-28 13:13:05+00:00,0.7955
2025-04-28 13:14:05+00:00,0.7955
2025-04-28 13:15:05+00:00,0.797
2025-04-28 13:16:05+00:00,0.797
2025-04-28 13:17:04+00:00,0.7975
2025-04-28 13:18:05+00:00,0.8005
2025-04-28 13:19:05+00:00,0.8005
2025-04-28 13:20:05+00:00,0.8005
2025-04-28 13:21:05+00:00,0.8015
2025-04-28 13:22:05+00:00,0.8025
2025-04-28 13:23:05+00:00,0.801
2025-04-28 13:24:06+00:00,0.801
2025-04-28 13:25:06+00:00,0.801
2025-04-28 13:26:05+00:00,0.804
2025-04-28 13:27:05+00:00,0.8055
2025-04-28 13:28:06+00:00,0.807
2025-04-28 13:29:05+00:00,0.8115
2025-04-28 13:30:06+00:00,0.8135
2025-04-28 13:31:05+00:00,0.817
2025-04-28 13:32:05+00:00,0.819
2025-04-28 13:33:05+00:00,0.817
2025-04-28 13:34:05+00:00,0.816
2025-04-28 13:35:05+00:00,0.815
2025-04-28 13:36:05+00:00,0.8165
2025-04-28 13:37:05+00:00,0.817
2025-04-28 13:38:05+00:00,0.8155
2025-04-28 13:39:05+00:00,0.8135
2025-04-28 13:40:05+00:00,0.8155
2025-04-28 13:41:05+00:00,0.816
2025-04-28 13:42:06+00:00,0.8165
2025-04-28 13:43:05+00:00,0.817
2025-04-28 13:44:05+00:00,0.816
2025-04-28 13:45:05+00:00,0.813
2025-04-28 13:46:05+00:00,0.8135
2025-04-28 13:47:05+00:00,0.8185
2025-04-28 13:48:05+00:00,0.8135
2025-04-28 13:49:05+00:00,0.813
2025-04-28 13:50:05+00:00,0.8095
2025-04-28 13:51:05+00:00,0.809
2025-04-28 13:52:05+00:00,0.811
2025-04-28 13:53:06+00:00,0.8115
2025-04-28 13:54:05+00:00,0.812
2025-04-28 13:55:06+00:00,0.811
2025-04-28 13:56:05+00:00,0.8105
2025-04-28 13:57:05+00:00,0.8105
2025-04-28 13:58:05+00:00,0.8105
2025-04-28 13:59:05+00:00,0.8105
2025-04-28 14:00:06+00:00,0.8105
2025-04-28 14:01:05+00:00,0.8105
2025-04-28 14:02:05+00:00,0.8105
2025-04-28 14:03:05+00:00,0.811
2025-04-28 14:04:06+00:00,0.809
2025-04-28 14:05:05+00:00,0.811
2025-04-28 14:06:05+00:00,0.811
2025-04-28 14:07:05+00:00,0.811
2025-04-28 14:08:05+00:00,0.8115
2025-04-28 14:09:05+00:00,0.8095
2025-04-28 14:10:05+00:00,0.81
2025-04-28 14:11:05+00:00,0.8065
2025-04-28 14:12:05+00:00,0.799
2025-04-28 14:13:05+00:00,0.795
2025-04-28 14:14:05+00:00,0.7935
2025-04-28 14:15:05+00:00,0.796
2025-04-28 14:16:05+00:00,0.796
2025-04-28 14:17:05+00:00,0.799
2025-04-28 14:18:05+00:00,0.799
2025-04-28 14:19:05+00:00,0.798
2025-04-28 14:20:05+00:00,0.798
2025-04-28 14:21:05+00:00,0.7955
2025-04-28 14:22:05+00:00,0.795
2025-04-28 14:23:05+00:00,0.794
2025-04-28 14:24:05+00:00,0.7945
2025-04-28 14:25:06+00:00,0.7945
2025-04-28 14:26:05+00:00,0.794
2025-04-28 14:27:05+00:00,0.793
2025-04-28 14:28:06+00:00,0.793
2025-04-28 14:29:05+00:00,0.7935
2025-04-28 14:30:05+00:00,0.7925
2025-04-28 14:31:06+00:00,0.792
2025-04-28 14:32:05+00:00,0.7925
2025-04-28 14:33:05+00:00,0.7945
2025-04-28 14:34:05+00:00,0.7945
2025-04-28 14:35:05+00:00,0.7925
2025-04-28 14:36:05+00:00,0.79
2025-04-28 14:37:05+00:00,0.7925
2025-04-28 14:38:05+00:00,0.7905
2025-04-28 14:39:05+00:00,0.789
2025-04-28 14:40:06+00:00,0.789
2025-04-28 14:41:05+00:00,0.7915
2025-04-28 14:42:05+00:00,0.792
2025-04-28 14:43:05+00:00,0.7915
2025-04-28 14:44:05+00:00,0.791
2025-04-28 14:45:06+00:00,0.7915
2025-04-28 14:46:05+00:00,0.7955
2025-04-28 14:47:05+00:00,0.7955
2025-04-28 14:48:05+00:00,0.7945
2025-04-28 14:49:04+00:00,0.7945
2025-04-28 14:50:05+00:00,0.794
2025-04-28 14:51:05+00:00,0.7945
2025-04-28 14:52:05+00:00,0.7945
2025-04-28 14:53:05+00:00,0.7935
2025-04-28 14:54:05+00:00,0.7935
2025-04-28 14:55:06+00:00,0.794
2025-04-28 14:56:05+00:00,0.7935
2025-04-28 14:57:05+00:00,0.794
2025-04-28 14:58:05+00:00,0.791
2025-04-28 14:59:05+00:00,0.7925
2025-04-28 15:00:06+00:00,0.792
2025-04-28 15:01:05+00:00,0.792
2025-04-28 15:02:04+00:00,0.7905
2025-04-28 15:03:05+00:00,0.791
2025-04-28 15:04:05+00:00,0.7915
2025-04-28 15:05:06+00:00,0.7915
2025-04-28 15:06:05+00:00,0.7915
2025-04-28 15:07:05+00:00,0.7915
2025-04-28 15:08:05+00:00,0.791
2025-04-28 15:09:05+00:00,0.791
2025-04-28 15:10:05+00:00,0.7905
2025-04-28 15:11:05+00:00,0.79
2025-04-28 15:12:05+00:00,0.791
2025-04-28 15:13:05+00:00,0.7915
2025-04-28 15:14:06+00:00,0.7915
2025-04-28 15:15:05+00:00,0.789
2025-04-28 15:16:05+00:00,0.789
2025-04-28 15:17:05+00:00,0.7895
2025-04-28 15:18:05+00:00,0.7895
2025-04-28 15:19:05+00:00,0.789
2025-04-28 15:20:05+00:00,0.7885
2025-04-28 15:21:05+00:00,0.7885
2025-04-28 15:22:06+00:00,0.7885
2025-04-28 15:23:05+00:00,0.7915
2025-04-28 15:24:05+00:00,0.7955
2025-04-28 15:25:05+00:00,0.7955
2025-04-28 15:26:05+00:00,0.795
2025-04-28 15:27:05+00:00,0.795
2025-04-28 15:28:05+00:00,0.795
2025-04-28 15:29:05+00:00,0.795
2025-04-28 15:30:05+00:00,0.7945
2025-04-28 15:31:05+00:00,0.795
2025-04-28 15:32:05+00:00,0.7935
2025-04-28 15:33:04+00:00,0.7935
2025-04-28 15:34:05+00:00,0.7935
2025-04-28 15:35:06+00:00,0.793
2025-04-28 15:36:05+00:00,0.7915
2025-04-28 15:37:05+00:00,0.7915
2025-04-28 15:38:06+00:00,0.7915
2025-04-28 15:39:05+00:00,0.7915
2025-04-28 15:40:06+00:00,0.7915
2025-04-28 15:41:05+00:00,0.7915
2025-04-28 15:42:05+00:00,0.791
2025-04-28 15:43:06+00:00,0.791
2025-04-28 15:44:06+00:00,0.791
2025-04-28 15:45:05+00:00,0.7905
2025-04-28 15:46:05+00:00,0.79
2025-04-28 15:47:05+00:00,0.7895
2025-04-28 15:48:05+00:00,0.789
2025-04-28 15:49:05+00:00,0.7895
2025-04-28 15:50:06+00:00,0.7875
2025-04-28 15:51:05+00:00,0.7875
2025-04-28 15:52:06+00:00,0.7895
2025-04-28 15:53:05+00:00,0.7875
2025-04-28 15:54:05+00:00,0.7875
2025-04-28 15:55:05+00:00,0.7895
2025-04-28 15:56:06+00:00,0.7895
2025-04-28 15:57:05+00:00,0.789
2025-04-28 15:58:05+00:00,0.7905
2025-04-28 15:59:05+00:00,0.7905
2025-04-28 16:00:05+00:00,0.7905
2025-04-28 16:01:05+00:00,0.7905
2025-04-28 16:02:05+00:00,0.7905
2025-04-28 16:03:05+00:00,0.791
2025-04-28 16:04:05+00:00,0.7935
2025-04-28 16:05:05+00:00,0.794
2025-04-28 16:06:05+00:00,0.7995
2025-04-28 16:07:05+00:00,0.7995
2025-04-28 16:08:05+00:00,0.7995
2025-04-28 16:09:05+00:00,0.7995
2025-04-28 16:10:05+00:00,0.7995
2025-04-28 16:11:05+00:00,0.7955
2025-04-28 16:12:06+00:00,0.7965
2025-04-28 16:13:05+00:00,0.7975
2025-04-28 16:14:05+00:00,0.7975
2025-04-28 16:15:06+00:00,0.7975
2025-04-28 16:16:05+00:00,0.7975
2025-04-28 16:17:05+00:00,0.7975
2025-04-28 16:18:05+00:00,0.7985
2025-04-28 16:19:05+00:00,0.797
2025-04-28 16:20:05+00:00,0.7955
2025-04-28 16:21:05+00:00,0.795
2025-04-28 16:22:05+00:00,0.7945
2025-04-28 16:23:05+00:00,0.7945
2025-04-28 16:24:05+00:00,0.7955
2025-04-28 16:25:05+00:00,0.7965
2025-04-28 16:26:05+00:00,0.7945
2025-04-28 16:27:05+00:00,0.794
2025-04-28 16:28:05+00:00,0.794
2025-04-28 16:29:05+00:00,0.794
2025-04-28 16:30:05+00:00,0.794
2025-04-28 16:31:05+00:00,0.793
2025-04-28 16:32:06+00:00,0.7945
2025-04-28 16:33:05+00:00,0.796
2025-04-28 16:34:05+00:00,0.7975
2025-04-28 16:35:06+00:00,0.7975
2025-04-28 16:36:05+00:00,0.797
2025-04-28 16:37:05+00:00,0.7955
2025-04-28 16:38:05+00:00,0.796
2025-04-28 16:39:05+00:00,0.7965
2025-04-28 16:40:05+00:00,0.7965
2025-04-28 16:41:05+00:00,0.797
2025-04-28 16:42:05+00:00,0.7965
2025-04-28 16:43:05+00:00,0.7965
2025-04-28 16:44:05+00:00,0.7965
2025-04-28 16:45:06+00:00,0.797
2025-04-28 16:46:05+00:00,0.7985
2025-04-28 16:47:05+00:00,0.799
2025-04-28 16:48:05+00:00,0.7995
2025-04-28 16:49:05+00:00,0.8
2025-04-28 16:50:05+00:00,0.8
2025-04-28 16:51:05+00:00,0.8005
2025-04-28 16:52:06+00:00,0.8005
2025-04-28 16:53:05+00:00,0.8005
2025-04-28 16:54:05+00:00,0.8005
2025-04-28 16:55:05+00:00,0.8015
2025-04-28 16:56:06+00:00,0.801
2025-04-28 16:57:05+00:00,0.8005
2025-04-28 16:58:05+00:00,0.801
2025-04-28 16:59:05+00:00,0.8005
2025-04-28 17:00:06+00:00,0.8005
2025-04-28 17:01:06+00:00,0.8005
2025-04-28 17:02:05+00:00,0.8005
2025-04-28 17:03:05+00:00,0.801
2025-04-28 17:04:05+00:00,0.801
2025-04-28 17:05:05+00:00,0.8005
2025-04-28 17:06:05+00:00,0.8005
2025-04-28 17:07:06+00:00,0.8005
2025-04-28 17:08:05+00:00,0.8005
2025-04-28 17:09:05+00:00,0.8025
2025-04-28 17:10:05+00:00,0.8025
2025-04-28 17:11:05+00:00,0.8025
2025-04-28 17:12:05+00:00,0.8025
2025-04-28 17:13:05+00:00,0.802
2025-04-28 17:14:05+00:00,0.801
2025-04-28 17:15:05+00:00,0.802
2025-04-28 17:16:05+00:00,0.801
2025-04-28 17:17:05+00:00,0.801
2025-04-28 17:18:05+00:00,0.801
2025-04-28 17:19:05+00:00,0.801
2025-04-28 17:20:05+00:00,0.8
2025-04-28 17:21:05+00:00,0.799
2025-04-28 17:22:05+00:00,0.7995
2025-04-28 17:23:05+00:00,0.8
2025-04-28 17:24:05+00:00,0.8
2025-04-28 17:25:05+00:00,0.801
2025-04-28 17:26:05+00:00,0.7995
2025-04-28 17:27:05+00:00,0.7995
2025-04-28 17:28:05+00:00,0.7995
2025-04-28 17:29:05+00:00,0.7995
2025-04-28 17:30:06+00:00,0.799
2025-04-28 17:31:05+00:00,0.801
2025-04-28 17:32:05+00:00,0.801
2025-04-28 17:33:05+00:00,0.801
2025-04-28 17:34:06+00:00,0.801
2025-04-28 17:35:05+00:00,0.801
2025-04-28 17:36:04+00:00,0.8005
2025-04-28 17:37:05+00:00,0.8025
2025-04-28 17:38:05+00:00,0.8025
2025-04-28 17:39:05+00:00,0.8025
2025-04-28 17:40:05+00:00,0.8
2025-04-28 17:41:05+00:00,0.801
2025-04-28 17:42:05+00:00,0.7995
2025-04-28 17:43:05+00:00,0.799
2025-04-28 17:44:06+00:00,0.799
2025-04-28 17:45:05+00:00,0.799
2025-04-28 17:46:05+00:00,0.7975
2025-04-28 17:47:05+00:00,0.7965
2025-04-28 17:48:05+00:00,0.7975
2025-04-28 17:49:05+00:00,0.7965
2025-04-28 17:50:06+00:00,0.7965
2025-04-28 17:51:05+00:00,0.7965
2025-04-28 17:52:05+00:00,0.7965
2025-04-28 17:53:05+00:00,0.799
2025-04-28 17:54:05+00:00,0.8005
2025-04-28 17:55:06+00:00,0.8005
2025-04-28 17:56:05+00:00,0.8005
2025-04-28 17:57:05+00:00,0.8005
2025-04-28 17:58:05+00:00,0.8005
2025-04-28 17:59:05+00:00,0.799
2025-04-28 18:00:05+00:00,0.799
2025-04-28 18:01:05+00:00,0.799
2025-04-28 18:02:05+00:00,0.798
2025-04-28 18:03:05+00:00,0.798
2025-04-28 18:04:05+00:00,0.798
2025-04-28 18:05:06+00:00,0.798
2025-04-28 18:06:05+00:00,0.7985
2025-04-28 18:07:05+00:00,0.7985
2025-04-28 18:08:06+00:00,0.7955
2025-04-28 18:09:05+00:00,0.7975
2025-04-28 18:10:05+00:00,0.797
2025-04-28 18:11:05+00:00,0.7975
2025-04-28 18:12:05+00:00,0.7975
2025-04-28 18:13:05+00:00,0.7975
2025-04-28 18:14:05+00:00,0.7955
2025-04-28 18:15:05+00:00,0.7945
2025-04-28 18:16:05+00:00,0.7985
2025-04-28 18:17:05+00:00,0.797
2025-04-28 18:18:06+00:00,0.796
2025-04-28 18:19:05+00:00,0.796
2025-04-28 18:20:05+00:00,0.794
2025-04-28 18:21:05+00:00,0.7965
2025-04-28 18:22:05+00:00,0.7955
2025-04-28 18:23:04+00:00,0.7945
2025-04-28 18:24:05+00:00,0.7955
2025-04-28 18:25:06+00:00,0.7955
2025-04-28 18:26:05+00:00,0.796
2025-04-28 18:27:05+00:00,0.796
2025-04-28 18:28:05+00:00,0.7955
2025-04-28 18:29:04+00:00,0.7945
2025-04-28 18:30:06+00:00,0.794
2025-04-28 18:31:04+00:00,0.794
2025-04-28 18:32:05+00:00,0.7935
2025-04-28 18:33:04+00:00,0.793
2025-04-28 18:34:05+00:00,0.793
2025-04-28 18:35:05+00:00,0.793
2025-04-28 18:36:06+00:00,0.793
2025-04-28 18:37:05+00:00,0.7955
2025-04-28 18:38:05+00:00,0.7945
2025-04-28 18:39:05+00:00,0.7945
2025-04-28 18:40:05+00:00,0.7955
2025-04-28 18:41:05+00:00,0.7955
2025-04-28 18:42:05+00:00,0.798
2025-04-28 18:43:05+00:00,0.799
2025-04-28 18:44:05+00:00,0.7985
2025-04-28 18:45:05+00:00,0.797
2025-04-28 18:46:05+00:00,0.797
2025-04-28 18:47:06+00:00,0.797
2025-04-28 18:48:05+00:00,0.797
2025-04-28 18:49:05+00:00,0.7965
2025-04-28 18:50:05+00:00,0.7965
2025-04-28 18:51:05+00:00,0.7955
2025-04-28 18:52:05+00:00,0.7955
2025-04-28 18:53:05+00:00,0.7955
2025-04-28 18:54:05+00:00,0.7965
2025-04-28 18:55:05+00:00,0.8005
2025-04-28 18:56:05+00:00,0.8015
2025-04-28 18:57:05+00:00,0.8045
2025-04-28 18:58:05+00:00,0.8035
2025-04-28 18:59:05+00:00,0.8015
2025-04-28 19:00:06+00:00,0.8015
2025-04-28 19:01:05+00:00,0.8015
2025-04-28 19:02:05+00:00,0.801
2025-04-28 19:03:05+00:00,0.801
2025-04-28 19:04:05+00:00,0.799
2025-04-28 19:05:05+00:00,0.799
2025-04-28 19:06:06+00:00,0.7995
2025-04-28 19:07:05+00:00,0.8
2025-04-28 19:08:05+00:00,0.8
2025-04-28 19:09:05+00:00,0.8
2025-04-28 19:10:06+00:00,0.7995
2025-04-28 19:11:05+00:00,0.7995
2025-04-28 19:12:05+00:00,0.799
2025-04-28 19:13:05+00:00,0.799
2025-04-28 19:14:05+00:00,0.799
2025-04-28 19:15:05+00:00,0.7975
2025-04-28 19:16:05+00:00,0.798
2025-04-28 19:17:05+00:00,0.798
2025-04-28 19:18:05+00:00,0.7975
2025-04-28 19:19:05+00:00,0.7975
2025-04-28 19:20:06+00:00,0.797
2025-04-28 19:21:05+00:00,0.7975
2025-04-28 19:22:05+00:00,0.798
2025-04-28 19:23:05+00:00,0.7985
2025-04-28 19:24:05+00:00,0.7985
2025-04-28 19:25:05+00:00,0.7985
2025-04-28 19:26:05+00:00,0.7995
2025-04-28 19:27:05+00:00,0.7995
2025-04-28 19:28:05+00:00,0.7995
2025-04-28 19:29:05+00:00,0.799
2025-04-28 19:30:05+00:00,0.799
2025-04-28 19:31:05+00:00,0.799
2025-04-28 19:32:05+00:00,0.799
2025-04-28 19:33:05+00:00,0.799
2025-04-28 19:34:05+00:00,0.799
2025-04-28 19:35:05+00:00,0.799
2025-04-28 19:36:05+00:00,0.7985
2025-04-28 19:37:05+00:00,0.798
2025-04-28 19:38:05+00:00,0.7975
2025-04-28 19:39:05+00:00,0.7985
2025-04-28 19:40:05+00:00,0.799
2025-04-28 19:41:05+00:00,0.799
2025-04-28 19:42:05+00:00,0.7995
2025-04-28 19:43:06+00:00,0.7995
2025-04-28 19:44:05+00:00,0.8005
2025-04-28 19:45:05+00:00,0.7995
2025-04-28 19:46:05+00:00,0.7995
2025-04-28 19:47:05+00:00,0.7995
2025-04-28 19:48:05+00:00,0.7995
2025-04-28 19:49:06+00:00,0.799
2025-04-28 19:50:05+00:00,0.798
2025-04-28 19:51:05+00:00,0.798
2025-04-28 19:52:05+00:00,0.7975
2025-04-28 19:53:05+00:00,0.797
2025-04-28 19:54:05+00:00,0.797
2025-04-28 19:55:06+00:00,0.7975
2025-04-28 19:56:05+00:00,0.7975
2025-04-28 19:57:05+00:00,0.796
2025-04-28 19:58:05+00:00,0.7955
2025-04-28 19:59:05+00:00,0.7955
2025-04-28 20:00:06+00:00,0.7955
2025-04-28 20:01:05+00:00,0.7975
2025-04-28 20:02:05+00:00,0.797
2025-04-28 20:03:05+00:00,0.7975
2025-04-28 20:04:05+00:00,0.7975
2025-04-28 20:05:05+00:00,0.7975
2025-04-28 20:06:05+00:00,0.7975
2025-04-28 20:07:05+00:00,0.7975
2025-04-28 20:08:05+00:00,0.7975
2025-04-28 20:09:05+00:00,0.7975
2025-04-28 20:10:05+00:00,0.7975
2025-04-28 20:11:05+00:00,0.798
2025-04-28 20:12:05+00:00,0.7985
2025-04-28 20:13:05+00:00,0.798
2025-04-28 20:14:05+00:00,0.7985
2025-04-28 20:15:06+00:00,0.798
2025-04-28 20:16:05+00:00,0.798
2025-04-28 20:17:05+00:00,0.7975
2025-04-28 20:18:05+00:00,0.7975
2025-04-28 20:19:05+00:00,0.7975
2025-04-28 20:20:05+00:00,0.797
2025-04-28 20:21:05+00:00,0.7975
2025-04-28 20:22:05+00:00,0.798
2025-04-28 20:23:05+00:00,0.7975
2025-04-28 20:24:05+00:00,0.797
2025-04-28 20:25:05+00:00,0.797
2025-04-28 20:26:05+00:00,0.7975
2025-04-28 20:27:05+00:00,0.7975
2025-04-28 20:28:05+00:00,0.7965
2025-04-28 20:29:05+00:00,0.7955
2025-04-28 20:30:05+00:00,0.7965
2025-04-28 20:31:05+00:00,0.797
2025-04-28 20:32:05+00:00,0.799
2025-04-28 20:33:05+00:00,0.798
2025-04-28 20:34:05+00:00,0.7975
2025-04-28 20:35:05+00:00,0.797
2025-04-28 20:36:05+00:00,0.797
2025-04-28 20:37:05+00:00,0.7975
2025-04-28 20:38:06+00:00,0.7975
2025-04-28 20:39:05+00:00,0.7975
2025-04-28 20:40:05+00:00,0.7975
2025-04-28 20:41:06+00:00,0.7975
2025-04-28 20:42:05+00:00,0.7975
2025-04-28 20:43:05+00:00,0.798
2025-04-28 20:44:05+00:00,0.7965
2025-04-28 20:45:05+00:00,0.798
2025-04-28 20:46:05+00:00,0.798
2025-04-28 20:47:05+00:00,0.798
2025-04-28 20:48:05+00:00,0.7985
2025-04-28 20:49:05+00:00,0.7985
2025-04-28 20:50:05+00:00,0.7995
2025-04-28 20:51:05+00:00,0.7995
2025-04-28 20:52:05+00:00,0.7995
2025-04-28 20:53:05+00:00,0.7995
2025-04-28 20:54:05+00:00,0.7995
2025-04-28 20:55:05+00:00,0.7995
2025-04-28 20:56:05+00:00,0.799
2025-04-28 20:57:05+00:00,0.7995
2025-04-28 20:58:05+00:00,0.799
2025-04-28 20:59:05+00:00,0.7995
2025-04-28 21:00:05+00:00,0.7995
2025-04-28 21:01:06+00:00,0.799
2025-04-28 21:02:05+00:00,0.7985
2025-04-28 21:03:05+00:00,0.7985
2025-04-28 21:04:05+00:00,0.7985
2025-04-28 21:05:06+00:00,0.7985
2025-04-28 21:06:05+00:00,0.8
2025-04-28 21:07:05+00:00,0.8015
2025-04-28 21:08:05+00:00,0.801
2025-04-28 21:09:05+00:00,0.8015
2025-04-28 21:10:06+00:00,0.8015
2025-04-28 21:11:06+00:00,0.8015
2025-04-28 21:12:05+00:00,0.8025
2025-04-28 21:13:05+00:00,0.802
2025-04-28 21:14:05+00:00,0.8025
2025-04-28 21:15:05+00:00,0.8025
2025-04-28 21:16:05+00:00,0.802
2025-04-28 21:17:05+00:00,0.8025
2025-04-28 21:18:05+00:00,0.803
2025-04-28 21:19:06+00:00,0.8025
2025-04-28 21:20:05+00:00,0.8025
2025-04-28 21:21:06+00:00,0.8025
2025-04-28 21:22:05+00:00,0.8025
2025-04-28 21:23:05+00:00,0.803
2025-04-28 21:24:05+00:00,0.803
2025-04-28 21:25:05+00:00,0.803
2025-04-28 21:26:06+00:00,0.803
2025-04-28 21:27:05+00:00,0.8025
2025-04-28 21:28:05+00:00,0.8015
2025-04-28 21:29:05+00:00,0.8015
2025-04-28 21:30:06+00:00,0.801
2025-04-28 21:31:05+00:00,0.8015
2025-04-28 21:32:05+00:00,0.8025
2025-04-28 21:33:05+00:00,0.8025
2025-04-28 21:34:05+00:00,0.8035
2025-04-28 21:35:05+00:00,0.8035
2025-04-28 21:36:06+00:00,0.8035
2025-04-28 21:37:05+00:00,0.8035
2025-04-28 21:38:05+00:00,0.803
2025-04-28 21:39:05+00:00,0.8035
2025-04-28 21:40:05+00:00,0.8025
2025-04-28 21:41:05+00:00,0.8025
2025-04-28 21:42:05+00:00,0.803
2025-04-28 21:43:05+00:00,0.804
2025-04-28 21:44:06+00:00,0.804
2025-04-28 21:45:05+00:00,0.8045
2025-04-28 21:46:05+00:00,0.8045
2025-04-28 21:47:05+00:00,0.805
2025-04-28 21:48:05+00:00,0.805
2025-04-28 21:49:05+00:00,0.806
2025-04-28 21:50:06+00:00,0.8075
2025-04-28 21:51:05+00:00,0.8055
2025-04-28 21:52:05+00:00,0.807
2025-04-28 21:53:05+00:00,0.8065
2025-04-28 21:54:05+00:00,0.8055
2025-04-28 21:55:05+00:00,0.8035
2025-04-28 21:56:05+00:00,0.8035
2025-04-28 21:57:05+00:00,0.803
2025-04-28 21:58:05+00:00,0.8045
2025-04-28 21:59:05+00:00,0.8035
2025-04-28 22:00:05+00:00,0.8035
2025-04-28 22:01:05+00:00,0.8045
2025-04-28 22:02:05+00:00,0.8045
2025-04-28 22:03:05+00:00,0.8045
2025-04-28 22:04:06+00:00,0.8045
2025-04-28 22:05:05+00:00,0.804
2025-04-28 22:06:06+00:00,0.804
2025-04-28 22:07:05+00:00,0.8045
2025-04-28 22:08:05+00:00,0.8045
2025-04-28 22:09:06+00:00,0.8045
2025-04-28 22:10:05+00:00,0.804
2025-04-28 22:11:05+00:00,0.8025
2025-04-28 22:12:05+00:00,0.8045
2025-04-28 22:13:05+00:00,0.8045
2025-04-28 22:14:06+00:00,0.8045
2025-04-28 22:15:05+00:00,0.8045
2025-04-28 22:16:05+00:00,0.804
2025-04-28 22:17:05+00:00,0.803
2025-04-28 22:18:06+00:00,0.803
2025-04-28 22:19:05+00:00,0.804
2025-04-28 22:20:05+00:00,0.8035
2025-04-28 22:21:05+00:00,0.8045
2025-04-28 22:22:05+00:00,0.805
2025-04-28 22:23:05+00:00,0.8045
2025-04-28 22:24:05+00:00,0.804
2025-04-28 22:25:05+00:00,0.8035
2025-04-28 22:26:05+00:00,0.805
2025-04-28 22:27:05+00:00,0.8045
2025-04-28 22:28:05+00:00,0.8045
2025-04-28 22:29:05+00:00,0.802
2025-04-28 22:30:06+00:00,0.803
2025-04-28 22:31:05+00:00,0.803
2025-04-28 22:32:05+00:00,0.803
2025-04-28 22:33:05+00:00,0.804
2025-04-28 22:34:05+00:00,0.8045
2025-04-28 22:35:05+00:00,0.8015
2025-04-28 22:36:05+00:00,0.8015
2025-04-28 22:37:05+00:00,0.8015
2025-04-28 22:38:05+00:00,0.8005
2025-04-28 22:39:05+00:00,0.801
2025-04-28 22:40:05+00:00,0.8005
2025-04-28 22:41:06+00:00,0.801
2025-04-28 22:42:06+00:00,0.8005
2025-04-28 22:43:05+00:00,0.801
2025-04-28 22:44:05+00:00,0.801
2025-04-28 22:45:05+00:00,0.801
2025-04-28 22:46:05+00:00,0.8025
2025-04-28 22:47:05+00:00,0.802
2025-04-28 22:48:05+00:00,0.803
2025-04-28 22:49:05+00:00,0.8015
2025-04-28 22:50:06+00:00,0.8025
2025-04-28 22:51:05+00:00,0.8055
2025-04-28 22:52:05+00:00,0.8055
2025-04-28 22:53:05+00:00,0.8055
2025-04-28 22:54:05+00:00,0.8055
2025-04-28 22:55:06+00:00,0.805
2025-04-28 22:56:05+00:00,0.806
2025-04-28 22:57:05+00:00,0.807
2025-04-28 22:58:05+00:00,0.806
2025-04-28 22:59:06+00:00,0.8055
2025-04-28 23:00:05+00:00,0.807
2025-04-28 23:01:05+00:00,0.8065
2025-04-28 23:02:05+00:00,0.8075
2025-04-28 23:03:06+00:00,0.8065
2025-04-28 23:04:06+00:00,0.8075
2025-04-28 23:05:05+00:00,0.806
2025-04-28 23:06:05+00:00,0.8065
2025-04-28 23:07:05+00:00,0.8085
2025-04-28 23:08:05+00:00,0.8055
2025-04-28 23:09:05+00:00,0.807
2025-04-28 23:10:05+00:00,0.8025
2025-04-28 23:11:05+00:00,0.805
2025-04-28 23:12:05+00:00,0.8055
2025-04-28 23:13:05+00:00,0.803
2025-04-28 23:14:05+00:00,0.803
2025-04-28 23:15:06+00:00,0.801
2025-04-28 23:16:05+00:00,0.8015
2025-04-28 23:17:05+00:00,0.8065
2025-04-28 23:18:05+00:00,0.8055
2025-04-28 23:19:05+00:00,0.801
2025-04-28 23:20:05+00:00,0.801
2025-04-28 23:21:05+00:00,0.802
2025-04-28 23:22:05+00:00,0.8045
2025-04-28 23:23:05+00:00,0.8015
2025-04-28 23:24:05+00:00,0.801
2025-04-28 23:25:06+00:00,0.801
2025-04-28 23:26:05+00:00,0.8015
2025-04-28 23:27:05+00:00,0.8045
2025-04-28 23:28:05+00:00,0.8
2025-04-28 23:29:05+00:00,0.8015
2025-04-28 23:30:06+00:00,0.803
2025-04-28 23:31:05+00:00,0.7985
2025-04-28 23:32:05+00:00,0.79
2025-04-28 23:33:04+00:00,0.787
2025-04-28 23:34:05+00:00,0.781
2025-04-28 23:35:05+00:00,0.77
2025-04-28 23:36:05+00:00,0.769
2025-04-28 23:37:05+00:00,0.7685
2025-04-28 23:38:05+00:00,0.764
2025-04-28 23:39:05+00:00,0.756
2025-04-28 23:40:05+00:00,0.7565
2025-04-28 23:41:05+00:00,0.753
2025-04-28 23:42:05+00:00,0.745
2025-04-28 23:43:05+00:00,0.7475
2025-04-28 23:44:05+00:00,0.7445
2025-04-28 23:45:06+00:00,0.731
2025-04-28 23:46:05+00:00,0.719
2025-04-28 23:47:05+00:00,0.7115
2025-04-28 23:48:05+00:00,0.717
2025-04-28 23:49:05+00:00,0.7245
2025-04-28 23:50:05+00:00,0.706
2025-04-28 23:51:05+00:00,0.7095
2025-04-28 23:52:05+00:00,0.7295
2025-04-28 23:53:05+00:00,0.7415
2025-04-28 23:54:05+00:00,0.724
2025-04-28 23:55:05+00:00,0.7225
2025-04-28 23:56:05+00:00,0.7255
2025-04-28 23:57:05+00:00,0.728
2025-04-28 23:58:05+00:00,0.723
2025-04-28 23:59:04+00:00,0.7185
2025-04-29 00:00:05+00:00,0.7185
2025-04-29 00:01:05+00:00,0.7155
2025-04-29 00:02:05+00:00,0.7165
2025-04-29 00:03:05+00:00,0.721
2025-04-29 00:04:05+00:00,0.7195
2025-04-29 00:05:05+00:00,0.7185
2025-04-29 00:06:05+00:00,0.718
2025-04-29 00:07:05+00:00,0.7085
2025-04-29 00:08:06+00:00,0.7095
2025-04-29 00:09:05+00:00,0.7085
2025-04-29 00:10:05+00:00,0.698
2025-04-29 00:11:05+00:00,0.69
2025-04-29 00:12:05+00:00,0.6945
2025-04-29 00:13:05+00:00,0.69
2025-04-29 00:14:05+00:00,0.6705
2025-04-29 00:15:05+00:00,0.638
2025-04-29 00:16:05+00:00,0.6195
2025-04-29 00:17:05+00:00,0.6065
2025-04-29 00:18:06+00:00,0.5285
2025-04-29 00:19:05+00:00,0.534
2025-04-29 00:20:05+00:00,0.5515
2025-04-29 00:21:05+00:00,0.554
2025-04-29 00:22:06+00:00,0.516
2025-04-29 00:23:05+00:00,0.543
2025-04-29 00:24:06+00:00,0.5335
2025-04-29 00:25:06+00:00,0.5535
2025-04-29 00:26:06+00:00,0.566
2025-04-29 00:27:05+00:00,0.571
2025-04-29 00:28:05+00:00,0.589
2025-04-29 00:29:06+00:00,0.6465
2025-04-29 00:30:05+00:00,0.6955
2025-04-29 00:31:05+00:00,0.7105
2025-04-29 00:32:06+00:00,0.6955
2025-04-29 00:33:05+00:00,0.6795
2025-04-29 00:34:05+00:00,0.6875
2025-04-29 00:35:05+00:00,0.6865
2025-04-29 00:36:06+00:00,0.7265
2025-04-29 00:37:05+00:00,0.7245
2025-04-29 00:38:05+00:00,0.71
2025-04-29 00:39:06+00:00,0.713
2025-04-29 00:40:05+00:00,0.713
2025-04-29 00:41:05+00:00,0.712
2025-04-29 00:42:05+00:00,0.716
2025-04-29 00:43:05+00:00,0.713
2025-04-29 00:44:05+00:00,0.717
2025-04-29 00:45:05+00:00,0.7175
2025-04-29 00:46:05+00:00,0.7165
2025-04-29 00:47:05+00:00,0.717
2025-04-29 00:48:05+00:00,0.718
2025-04-29 00:49:05+00:00,0.719
2025-04-29 00:50:05+00:00,0.7215
2025-04-29 00:51:05+00:00,0.7225
2025-04-29 00:52:05+00:00,0.725
2025-04-29 00:53:05+00:00,0.7325
2025-04-29 00:54:05+00:00,0.7265
2025-04-29 00:55:05+00:00,0.7275
2025-04-29 00:56:05+00:00,0.7335
2025-04-29 00:57:05+00:00,0.7365
2025-04-29 00:58:05+00:00,0.7365
2025-04-29 00:59:05+00:00,0.7365
2025-04-29 01:00:06+00:00,0.7335
2025-04-29 01:01:05+00:00,0.7355
2025-04-29 01:02:05+00:00,0.739
2025-04-29 01:03:05+00:00,0.737
2025-04-29 01:04:05+00:00,0.736
2025-04-29 01:05:05+00:00,0.7295
2025-04-29 01:06:05+00:00,0.7305
2025-04-29 01:07:05+00:00,0.7445
2025-04-29 01:08:06+00:00,0.74
2025-04-29 01:09:05+00:00,0.74
2025-04-29 01:10:05+00:00,0.754
2025-04-29 01:11:06+00:00,0.7495
2025-04-29 01:12:05+00:00,0.7715
2025-04-29 01:13:05+00:00,0.7845
2025-04-29 01:14:05+00:00,0.783
2025-04-29 01:15:05+00:00,0.794
2025-04-29 01:16:05+00:00,0.7795
2025-04-29 01:17:05+00:00,0.8025
2025-04-29 01:18:05+00:00,0.8095
2025-04-29 01:19:05+00:00,0.8115
2025-04-29 01:20:05+00:00,0.8005
2025-04-29 01:21:06+00:00,0.7915
2025-04-29 01:22:05+00:00,0.787
2025-04-29 01:23:05+00:00,0.776
2025-04-29 01:24:06+00:00,0.771
2025-04-29 01:25:05+00:00,0.772
2025-04-29 01:26:05+00:00,0.7675
2025-04-29 01:27:05+00:00,0.764
2025-04-29 01:28:05+00:00,0.761
2025-04-29 01:29:06+00:00,0.756
2025-04-29 01:30:05+00:00,0.7545
2025-04-29 01:31:05+00:00,0.74
2025-04-29 01:32:05+00:00,0.7445
2025-04-29 01:33:05+00:00,0.7255
2025-04-29 01:34:05+00:00,0.7325
2025-04-29 01:35:06+00:00,0.734
2025-04-29 01:36:06+00:00,0.7385
2025-04-29 01:37:05+00:00,0.7255
2025-04-29 01:38:05+00:00,0.7205
2025-04-29 01:39:05+00:00,0.732
2025-04-29 01:40:05+00:00,0.7355
2025-04-29 01:41:05+00:00,0.7375
2025-04-29 01:42:05+00:00,0.765
2025-04-29 01:43:05+00:00,0.7605
2025-04-29 01:44:05+00:00,0.745
2025-04-29 01:45:05+00:00,0.7605
2025-04-29 01:46:05+00:00,0.754
2025-04-29 01:47:05+00:00,0.746
2025-04-29 01:48:05+00:00,0.7535
2025-04-29 01:49:05+00:00,0.7665
2025-04-29 01:50:06+00:00,0.763
2025-04-29 01:51:05+00:00,0.777
2025-04-29 01:52:05+00:00,0.791
2025-04-29 01:53:05+00:00,0.8015
2025-04-29 01:54:05+00:00,0.854
2025-04-29 01:55:05+00:00,0.8415
2025-04-29 01:56:05+00:00,0.869
2025-04-29 01:57:05+00:00,0.8885
2025-04-29 01:58:05+00:00,0.8935
2025-04-29 01:59:05+00:00,0.89
2025-04-29 02:00:06+00:00,0.9215
2025-04-29 02:01:05+00:00,0.9205
2025-04-29 02:02:05+00:00,0.9175
2025-04-29 02:03:05+00:00,0.9245
2025-04-29 02:04:05+00:00,0.9375
2025-04-29 02:05:05+00:00,0.937
2025-04-29 02:06:05+00:00,0.9345
2025-04-29 02:07:05+00:00,0.93
2025-04-29 02:08:05+00:00,0.9725
2025-04-29 02:09:05+00:00,0.964
2025-04-29 02:10:05+00:00,0.968
2025-04-29 02:11:05+00:00,0.9745
2025-04-29 02:12:05+00:00,0.9885
2025-04-29 02:13:05+00:00,0.992
2025-04-29 02:14:05+00:00,0.987
2025-04-29 02:15:05+00:00,0.9885
2025-04-29 02:16:05+00:00,0.9895
2025-04-29 02:17:05+00:00,0.9885
2025-04-29 02:18:06+00:00,0.988
2025-04-29 02:19:05+00:00,0.9855
2025-04-29 02:20:06+00:00,0.9865
2025-04-29 02:21:05+00:00,0.987
2025-04-29 02:22:05+00:00,0.984
2025-04-29 02:23:06+00:00,0.987
2025-04-29 02:24:05+00:00,0.986
2025-04-29 02:25:05+00:00,0.986
2025-04-29 02:26:05+00:00,0.9905
2025-04-29 02:27:05+00:00,0.9885
2025-04-29 02:28:05+00:00,0.9865
2025-04-29 02:29:05+00:00,0.9865
2025-04-29 02:30:06+00:00,0.9865
2025-04-29 02:31:05+00:00,0.9865
2025-04-29 02:32:05+00:00,0.986
2025-04-29 02:33:05+00:00,0.9855
2025-04-29 02:34:05+00:00,0.9875
2025-04-29 02:35:05+00:00,0.985
2025-04-29 02:36:05+00:00,0.9855
2025-04-29 02:37:05+00:00,0.9815
2025-04-29 02:38:05+00:00,0.98
2025-04-29 02:39:05+00:00,0.976
2025-04-29 02:40:05+00:00,0.98
2025-04-29 02:41:05+00:00,0.982
2025-04-29 02:42:05+00:00,0.9855
2025-04-29 02:43:05+00:00,0.984
2025-04-29 02:44:06+00:00,0.9825
2025-04-29 02:45:06+00:00,0.9835
2025-04-29 02:46:05+00:00,0.9825
2025-04-29 02:47:05+00:00,0.9835
2025-04-29 02:48:06+00:00,0.9815
2025-04-29 02:49:05+00:00,0.982
2025-04-29 02:50:05+00:00,0.9825
2025-04-29 02:51:05+00:00,0.984
2025-04-29 02:52:05+00:00,0.9845
2025-04-29 02:53:05+00:00,0.9835
2025-04-29 02:54:05+00:00,0.984
2025-04-29 02:55:05+00:00,0.984
2025-04-29 02:56:05+00:00,0.9845
2025-04-29 02:57:05+00:00,0.9845
2025-04-29 02:58:05+00:00,0.983
2025-04-29 02:59:05+00:00,0.982
2025-04-29 03:00:05+00:00,0.9805
2025-04-29 03:01:05+00:00,0.981
2025-04-29 03:02:05+00:00,0.9795
2025-04-29 03:03:05+00:00,0.9785
2025-04-29 03:04:05+00:00,0.978
2025-04-29 03:05:05+00:00,0.9775
2025-04-29 03:06:05+00:00,0.9785
2025-04-29 03:07:05+00:00,0.9795
2025-04-29 03:08:06+00:00,0.9795
2025-04-29 03:09:06+00:00,0.9785
2025-04-29 03:10:05+00:00,0.9735
2025-04-29 03:11:05+00:00,0.967
2025-04-29 03:12:06+00:00,0.956
2025-04-29 03:13:05+00:00,0.957
2025-04-29 03:14:05+00:00,0.957
2025-04-29 03:15:05+00:00,0.959
2025-04-29 03:16:05+00:00,0.96
2025-04-29 03:17:05+00:00,0.962
2025-04-29 03:18:05+00:00,0.956
2025-04-29 03:19:05+00:00,0.953
2025-04-29 03:20:05+00:00,0.9465
2025-04-29 03:21:05+00:00,0.94
2025-04-29 03:22:05+00:00,0.955
2025-04-29 03:23:05+00:00,0.954
2025-04-29 03:24:05+00:00,0.9565
2025-04-29 03:25:06+00:00,0.9615
2025-04-29 03:26:05+00:00,0.967
2025-04-29 03:27:05+00:00,0.969
2025-04-29 03:28:05+00:00,0.9725
2025-04-29 03:29:05+00:00,0.973
2025-04-29 03:30:06+00:00,0.9775
2025-04-29 03:31:05+00:00,0.98
2025-04-29 03:32:06+00:00,0.9795
2025-04-29 03:33:05+00:00,0.9765
2025-04-29 03:34:05+00:00,0.9775
2025-04-29 03:35:05+00:00,0.977
2025-04-29 03:36:05+00:00,0.9775
2025-04-29 03:37:06+00:00,0.9775
2025-04-29 03:38:05+00:00,0.978
2025-04-29 03:39:05+00:00,0.9825
2025-04-29 03:40:06+00:00,0.982
2025-04-29 03:41:05+00:00,0.98
2025-04-29 03:42:05+00:00,0.9805
2025-04-29 03:43:05+00:00,0.98
2025-04-29 03:44:05+00:00,0.9835
2025-04-29 03:45:06+00:00,0.9825
2025-04-29 03:46:05+00:00,0.9825
2025-04-29 03:47:05+00:00,0.9825
2025-04-29 03:48:05+00:00,0.982
2025-04-29 03:49:05+00:00,0.9825
2025-04-29 03:50:05+00:00,0.984
2025-04-29 03:51:05+00:00,0.983
2025-04-29 03:52:05+00:00,0.982
2025-04-29 03:53:05+00:00,0.9795
2025-04-29 03:54:05+00:00,0.982
2025-04-29 03:55:06+00:00,0.9815
2025-04-29 03:56:05+00:00,0.9795
2025-04-29 03:57:05+00:00,0.9795
2025-04-29 03:58:06+00:00,0.9795
2025-04-29 03:59:05+00:00,0.9795
2025-04-29 04:00:06+00:00,0.979
2025-04-29 04:01:05+00:00,0.9805
2025-04-29 04:02:05+00:00,0.9765
2025-04-29 04:03:05+00:00,0.9735
2025-04-29 04:04:05+00:00,0.9695
2025-04-29 04:05:05+00:00,0.973
2025-04-29 04:06:05+00:00,0.975
2025-04-29 04:07:05+00:00,0.9695
2025-04-29 04:08:05+00:00,0.973
2025-04-29 04:09:05+00:00,0.972
2025-04-29 04:10:06+00:00,0.9725
2025-04-29 04:11:05+00:00,0.971
2025-04-29 04:12:05+00:00,0.973
2025-04-29 04:13:05+00:00,0.9725
2025-04-29 04:14:05+00:00,0.9715
2025-04-29 04:15:05+00:00,0.972
2025-04-29 04:16:05+00:00,0.9745
2025-04-29 04:17:05+00:00,0.9735
2025-04-29 04:18:05+00:00,0.973
2025-04-29 04:19:05+00:00,0.972
2025-04-29 04:20:06+00:00,0.9725
2025-04-29 04:21:05+00:00,0.9725
2025-04-29 04:22:05+00:00,0.973
2025-04-29 04:23:05+00:00,0.973
2025-04-29 04:24:05+00:00,0.973
2025-04-29 04:25:06+00:00,0.9735
2025-04-29 04:26:06+00:00,0.9745
2025-04-29 04:27:05+00:00,0.9745
2025-04-29 04:28:05+00:00,0.9745
2025-04-29 04:29:04+00:00,0.9755
2025-04-29 04:30:06+00:00,0.979
2025-04-29 04:31:05+00:00,0.9815
2025-04-29 04:32:05+00:00,0.9825
2025-04-29 04:33:05+00:00,0.982
2025-04-29 04:34:06+00:00,0.981
2025-04-29 04:35:06+00:00,0.981
2025-04-29 04:36:05+00:00,0.9805
2025-04-29 04:37:05+00:00,0.981
2025-04-29 04:38:05+00:00,0.9835
2025-04-29 04:39:05+00:00,0.9845
2025-04-29 04:40:05+00:00,0.9845
2025-04-29 04:41:05+00:00,0.9835
2025-04-29 04:42:05+00:00,0.9835
2025-04-29 04:43:06+00:00,0.9845
2025-04-29 04:44:05+00:00,0.9845
2025-04-29 04:45:05+00:00,0.986
2025-04-29 04:46:05+00:00,0.986
2025-04-29 04:47:05+00:00,0.9875
2025-04-29 04:48:05+00:00,0.9865
2025-04-29 04:49:05+00:00,0.987
2025-04-29 04:50:06+00:00,0.986
2025-04-29 04:51:05+00:00,0.9865
2025-04-29 04:52:05+00:00,0.9875
2025-04-29 04:53:05+00:00,0.987
2025-04-29 04:54:05+00:00,0.9875
2025-04-29 04:55:05+00:00,0.9875
2025-04-29 04:56:05+00:00,0.9885
2025-04-29 04:57:05+00:00,0.9895
2025-04-29 04:58:05+00:00,0.9895
2025-04-29 04:59:05+00:00,0.9865
2025-04-29 05:00:06+00:00,0.9895
2025-04-29 05:01:05+00:00,0.9905
2025-04-29 05:02:05+00:00,0.9925
2025-04-29 05:03:05+00:00,0.9915
2025-04-29 05:04:05+00:00,0.9925
2025-04-29 05:05:05+00:00,0.9945
2025-04-29 05:06:05+00:00,0.9945
2025-04-29 05:07:05+00:00,0.9945
2025-04-29 05:08:05+00:00,0.993
2025-04-29 05:09:05+00:00,0.9935
2025-04-29 05:10:05+00:00,0.993
2025-04-29 05:11:05+00:00,0.993
2025-04-29 05:12:05+00:00,0.993
2025-04-29 05:13:05+00:00,0.9935
2025-04-29 05:14:05+00:00,0.9935
2025-04-29 05:15:05+00:00,0.993
2025-04-29 05:16:05+00:00,0.993
2025-04-29 05:17:05+00:00,0.9925
2025-04-29 05:18:05+00:00,0.9935
2025-04-29 05:19:05+00:00,0.9935
2025-04-29 05:20:05+00:00,0.9935
2025-04-29 05:21:05+00:00,0.9945
2025-04-29 05:22:05+00:00,0.9945
2025-04-29 05:23:05+00:00,0.995
2025-04-29 05:24:05+00:00,0.9955
2025-04-29 05:25:05+00:00,0.995
2025-04-29 05:26:06+00:00,0.995
2025-04-29 05:27:05+00:00,0.995
2025-04-29 05:28:05+00:00,0.995
2025-04-29 05:29:05+00:00,0.995
2025-04-29 05:30:05+00:00,0.9955
2025-04-29 05:31:04+00:00,0.9955
2025-04-29 05:32:05+00:00,0.996
2025-04-29 05:33:05+00:00,0.9955
2025-04-29 05:34:05+00:00,0.9955
2025-04-29 05:35:05+00:00,0.9955
2025-04-29 05:36:05+00:00,0.9955
2025-04-29 05:37:05+00:00,0.996
2025-04-29 05:38:06+00:00,0.9955
2025-04-29 05:39:05+00:00,0.9955
2025-04-29 05:40:06+00:00,0.9955
2025-04-29 05:41:05+00:00,0.9955
2025-04-29 05:42:05+00:00,0.995
2025-04-29 05:43:05+00:00,0.9955
2025-04-29 05:44:05+00:00,0.9955
2025-04-29 05:45:06+00:00,0.995
2025-04-29 05:46:05+00:00,0.996
2025-04-29 05:47:05+00:00,0.9955
2025-04-29 05:48:05+00:00,0.9955
2025-04-29 05:49:05+00:00,0.9955
2025-04-29 05:50:06+00:00,0.9955
2025-04-29 05:51:05+00:00,0.9955
2025-04-29 05:52:05+00:00,0.9955
2025-04-29 05:53:05+00:00,0.9955
2025-04-29 05:54:05+00:00,0.9955
2025-04-29 05:55:05+00:00,0.9955
2025-04-29 05:56:05+00:00,0.9955
2025-04-29 05:57:05+00:00,0.996
2025-04-29 05:58:05+00:00,0.996
2025-04-29 05:59:05+00:00,0.9945
2025-04-29 06:00:06+00:00,0.9945
2025-04-29 06:01:06+00:00,0.9945
2025-04-29 06:02:06+00:00,0.9945
2025-04-29 06:03:05+00:00,0.9955
2025-04-29 06:04:05+00:00,0.9955
2025-04-29 06:05:05+00:00,0.9955
2025-04-29 06:06:05+00:00,0.9955
2025-04-29 06:07:05+00:00,0.9955
2025-04-29 06:08:05+00:00,0.9955
2025-04-29 06:09:05+00:00,0.9955
2025-04-29 06:10:05+00:00,0.995
2025-04-29 06:11:05+00:00,0.9955
2025-04-29 06:12:05+00:00,0.995
2025-04-29 06:13:05+00:00,0.995
2025-04-29 06:14:05+00:00,0.995
2025-04-29 06:15:06+00:00,0.995
2025-04-29 06:16:05+00:00,0.995
2025-04-29 06:17:05+00:00,0.995
2025-04-29 06:18:05+00:00,0.995
2025-04-29 06:19:05+00:00,0.9955
2025-04-29 06:20:06+00:00,0.9955
2025-04-29 06:21:05+00:00,0.996
2025-04-29 06:22:06+00:00,0.9965
2025-04-29 06:23:05+00:00,0.9965
2025-04-29 06:24:05+00:00,0.9965
2025-04-29 06:25:05+00:00,0.9965
2025-04-29 06:26:06+00:00,0.9955
2025-04-29 06:27:05+00:00,0.9955
2025-04-29 06:28:05+00:00,0.996
2025-04-29 06:29:05+00:00,0.996
2025-04-29 06:30:06+00:00,0.996
2025-04-29 06:31:05+00:00,0.996
2025-04-29 06:32:05+00:00,0.9955
2025-04-29 06:33:05+00:00,0.9955
2025-04-29 06:34:05+00:00,0.9955
2025-04-29 06:35:05+00:00,0.9955
2025-04-29 06:36:05+00:00,0.9955
2025-04-29 06:37:05+00:00,0.996
2025-04-29 06:38:05+00:00,0.9955
2025-04-29 06:39:05+00:00,0.9955
2025-04-29 06:40:06+00:00,0.9955
2025-04-29 06:41:05+00:00,0.9955
2025-04-29 06:42:05+00:00,0.9955
2025-04-29 06:43:05+00:00,0.9955
2025-04-29 06:44:05+00:00,0.9955
2025-04-29 06:45:05+00:00,0.996
2025-04-29 06:46:05+00:00,0.996
2025-04-29 06:47:05+00:00,0.996
2025-04-29 06:48:05+00:00,0.996
2025-04-29 06:49:05+00:00,0.996
2025-04-29 06:50:05+00:00,0.9945
2025-04-29 06:51:05+00:00,0.9945
2025-04-29 06:52:04+00:00,0.9945
2025-04-29 06:53:06+00:00,0.9945
2025-04-29 06:54:06+00:00,0.9945
2025-04-29 06:55:05+00:00,0.9945
2025-04-29 06:56:05+00:00,0.9945
2025-04-29 06:57:05+00:00,0.9945
2025-04-29 06:58:05+00:00,0.9945
2025-04-29 06:59:05+00:00,0.9945
2025-04-29 07:00:06+00:00,0.9945
2025-04-29 07:01:05+00:00,0.9945
2025-04-29 07:02:05+00:00,0.9955
2025-04-29 07:03:05+00:00,0.9955
2025-04-29 07:04:05+00:00,0.9955
2025-04-29 07:05:05+00:00,0.9955
2025-04-29 07:06:05+00:00,0.9955
2025-04-29 07:07:05+00:00,0.9955
2025-04-29 07:08:05+00:00,0.9955
2025-04-29 07:09:05+00:00,0.9955
2025-04-29 07:10:05+00:00,0.9955
2025-04-29 07:11:05+00:00,0.9955
2025-04-29 07:12:05+00:00,0.9955
2025-04-29 07:13:05+00:00,0.9955
2025-04-29 07:14:05+00:00,0.9955
2025-04-29 07:15:05+00:00,0.9955
2025-04-29 07:16:05+00:00,0.9955
2025-04-29 07:17:06+00:00,0.9955
2025-04-29 07:18:05+00:00,0.9955
2025-04-29 07:19:05+00:00,0.9955
2025-04-29 07:20:05+00:00,0.9955
2025-04-29 07:21:05+00:00,0.996
2025-04-29 07:22:05+00:00,0.9945
2025-04-29 07:23:05+00:00,0.995
2025-04-29 07:24:05+00:00,0.995
2025-04-29 07:25:05+00:00,0.995
2025-04-29 07:26:05+00:00,0.995
2025-04-29 07:27:05+00:00,0.9945
2025-04-29 07:28:05+00:00,0.9945
2025-04-29 07:29:05+00:00,0.9945
2025-04-29 07:30:05+00:00,0.9945
2025-04-29 07:31:05+00:00,0.9945
2025-04-29 07:32:05+00:00,0.9945
2025-04-29 07:33:05+00:00,0.995
2025-04-29 07:34:05+00:00,0.995
2025-04-29 07:35:06+00:00,0.9955
2025-04-29 07:36:05+00:00,0.9955
2025-04-29 07:37:05+00:00,0.9955
2025-04-29 07:38:05+00:00,0.9955
2025-04-29 07:39:05+00:00,0.9955
2025-04-29 07:40:06+00:00,0.9955
2025-04-29 07:41:05+00:00,0.9955
2025-04-29 07:42:05+00:00,0.9945
2025-04-29 07:43:05+00:00,0.9945
2025-04-29 07:44:05+00:00,0.9945
2025-04-29 07:45:05+00:00,0.9945
2025-04-29 07:46:05+00:00,0.9955
2025-04-29 07:47:05+00:00,0.9955
2025-04-29 07:48:05+00:00,0.9955
2025-04-29 07:49:05+00:00,0.995
2025-04-29 07:50:06+00:00,0.995
2025-04-29 07:51:05+00:00,0.995
2025-04-29 07:52:05+00:00,0.995
2025-04-29 07:53:04+00:00,0.9955
2025-04-29 07:54:05+00:00,0.9955
2025-04-29 07:55:06+00:00,0.995
2025-04-29 07:56:05+00:00,0.995
2025-04-29 07:57:05+00:00,0.9945
2025-04-29 07:58:05+00:00,0.9945
2025-04-29 07:59:05+00:00,0.9945
2025-04-29 08:00:05+00:00,0.9945
2025-04-29 08:01:05+00:00,0.9945
2025-04-29 08:02:04+00:00,0.995
2025-04-29 08:03:05+00:00,0.995
2025-04-29 08:04:05+00:00,0.995
2025-04-29 08:05:06+00:00,0.995
2025-04-29 08:06:05+00:00,0.995
2025-04-29 08:07:05+00:00,0.9945
2025-04-29 08:08:05+00:00,0.9945
2025-04-29 08:09:05+00:00,0.9945
2025-04-29 08:10:06+00:00,0.9945
2025-04-29 08:11:05+00:00,0.9945
2025-04-29 08:12:04+00:00,0.9955
2025-04-29 08:13:05+00:00,0.9955
2025-04-29 08:14:05+00:00,0.9955
2025-04-29 08:15:05+00:00,0.9955
2025-04-29 08:16:05+00:00,0.996
2025-04-29 08:17:05+00:00,0.996
2025-04-29 08:18:05+00:00,0.996
2025-04-29 08:19:05+00:00,0.996
2025-04-29 08:20:05+00:00,0.9955
2025-04-29 08:21:04+00:00,0.9955
2025-04-29 08:22:05+00:00,0.9955
2025-04-29 08:23:05+00:00,0.9955
2025-04-29 08:24:04+00:00,0.9955
2025-04-29 08:25:06+00:00,0.9955
2025-04-29 08:26:05+00:00,0.9955
2025-04-29 08:27:05+00:00,0.9955
2025-04-29 08:28:05+00:00,0.9955
2025-04-29 08:29:05+00:00,0.9955
2025-04-29 08:30:05+00:00,0.9955
2025-04-29 08:31:05+00:00,0.9955
2025-04-29 08:32:05+00:00,0.996
2025-04-29 08:33:05+00:00,0.9955
2025-04-29 08:34:05+00:00,0.9955
2025-04-29 08:35:05+00:00,0.9955
2025-04-29 08:36:05+00:00,0.9955
2025-04-29 08:37:05+00:00,0.996
2025-04-29 08:38:06+00:00,0.996
2025-04-29 08:39:05+00:00,0.996
2025-04-29 08:40:05+00:00,0.9965
2025-04-29 08:41:05+00:00,0.9965
2025-04-29 08:42:05+00:00,0.9965
2025-04-29 08:43:05+00:00,0.9965
2025-04-29 08:44:05+00:00,0.9965
2025-04-29 08:45:05+00:00,0.996
2025-04-29 08:46:05+00:00,0.996
2025-04-29 08:47:05+00:00,0.996
2025-04-29 08:48:05+00:00,0.996
2025-04-29 08:49:05+00:00,0.996
2025-04-29 08:50:05+00:00,0.996
2025-04-29 08:51:05+00:00,0.996
2025-04-29 08:52:05+00:00,0.996
2025-04-29 08:53:05+00:00,0.996
2025-04-29 08:54:05+00:00,0.996
2025-04-29 08:55:05+00:00,0.996
2025-04-29 08:56:05+00:00,0.996
2025-04-29 08:57:05+00:00,0.996
2025-04-29 08:58:06+00:00,0.996
2025-04-29 08:59:05+00:00,0.996
2025-04-29 09:00:05+00:00,0.9965
2025-04-29 09:01:05+00:00,0.996
2025-04-29 09:02:05+00:00,0.996
2025-04-29 09:03:05+00:00,0.996
2025-04-29 09:04:05+00:00,0.996
2025-04-29 09:05:05+00:00,0.9955
2025-04-29 09:06:05+00:00,0.9955
2025-04-29 09:07:05+00:00,0.996
2025-04-29 09:08:06+00:00,0.996
2025-04-29 09:09:05+00:00,0.996
2025-04-29 09:10:06+00:00,0.996
2025-04-29 09:11:06+00:00,0.996
2025-04-29 09:12:05+00:00,0.996
2025-04-29 09:13:05+00:00,0.996
2025-04-29 09:14:05+00:00,0.996
2025-04-29 09:15:06+00:00,0.996
2025-04-29 09:16:05+00:00,0.9955
2025-04-29 09:17:05+00:00,0.9955
2025-04-29 09:18:05+00:00,0.996
2025-04-29 09:19:05+00:00,0.9955
2025-04-29 09:20:05+00:00,0.996
2025-04-29 09:21:05+00:00,0.9965
2025-04-29 09:22:05+00:00,0.9965
2025-04-29 09:23:06+00:00,0.9965
2025-04-29 09:24:06+00:00,0.9965
2025-04-29 09:25:06+00:00,0.9955
2025-04-29 09:26:05+00:00,0.9955
2025-04-29 09:27:05+00:00,0.9955
2025-04-29 09:28:06+00:00,0.9955
2025-04-29 09:29:06+00:00,0.9955
2025-04-29 09:30:07+00:00,0.9955
2025-04-29 09:31:05+00:00,0.9955
2025-04-29 09:32:05+00:00,0.9955
2025-04-29 09:33:05+00:00,0.9955
2025-04-29 09:34:05+00:00,0.996
2025-04-29 09:35:06+00:00,0.996
2025-04-29 09:36:05+00:00,0.996
2025-04-29 09:37:05+00:00,0.996
2025-04-29 09:38:05+00:00,0.996
2025-04-29 09:39:06+00:00,0.996
2025-04-29 09:40:06+00:00,0.996
2025-04-29 09:41:05+00:00,0.996
2025-04-29 09:42:06+00:00,0.996
2025-04-29 09:43:05+00:00,0.996
2025-04-29 09:44:05+00:00,0.996
2025-04-29 09:45:05+00:00,0.996
2025-04-29 09:46:06+00:00,0.996
2025-04-29 09:47:05+00:00,0.996
2025-04-29 09:48:05+00:00,0.996
2025-04-29 09:49:06+00:00,0.996
2025-04-29 09:50:06+00:00,0.996
2025-04-29 09:51:05+00:00,0.996
2025-04-29 09:52:05+00:00,0.995
2025-04-29 09:53:05+00:00,0.9955
2025-04-29 09:54:05+00:00,0.9955
2025-04-29 09:55:06+00:00,0.9955
2025-04-29 09:56:05+00:00,0.9955
2025-04-29 09:57:05+00:00,0.9955
2025-04-29 09:58:05+00:00,0.9955
2025-04-29 09:59:06+00:00,0.9955
2025-04-29 10:00:06+00:00,0.9955
2025-04-29 10:01:05+00:00,0.9955
2025-04-29 10:02:05+00:00,0.9955
2025-04-29 10:03:05+00:00,0.9955
2025-04-29 10:04:06+00:00,0.9955
2025-04-29 10:05:06+00:00,0.9955
2025-04-29 10:06:06+00:00,0.9955
2025-04-29 10:07:05+00:00,0.9955
2025-04-29 10:08:05+00:00,0.9955
2025-04-29 10:09:05+00:00,0.9955
2025-04-29 10:10:06+00:00,0.9955
2025-04-29 10:11:06+00:00,0.9955
2025-04-29 10:12:05+00:00,0.9955
2025-04-29 10:13:05+00:00,0.9955
2025-04-29 10:14:06+00:00,0.9955
2025-04-29 10:15:06+00:00,0.9955
2025-04-29 10:16:05+00:00,0.9955
2025-04-29 10:17:06+00:00,0.9955
2025-04-29 10:18:06+00:00,0.9955
2025-04-29 10:19:05+00:00,0.9955
2025-04-29 10:20:05+00:00,0.9955
2025-04-29 10:21:05+00:00,0.9955
2025-04-29 10:22:06+00:00,0.9955
2025-04-29 10:23:05+00:00,0.9955
2025-04-29 10:24:06+00:00,0.9955
2025-04-29 10:25:06+00:00,0.9955
2025-04-29 10:26:06+00:00,0.9955
2025-04-29 10:27:05+00:00,0.9955
2025-04-29 10:28:05+00:00,0.9955
2025-04-29 10:29:05+00:00,0.9955
2025-04-29 10:30:06+00:00,0.9955
2025-04-29 10:31:05+00:00,0.9955
2025-04-29 10:32:05+00:00,0.9955
2025-04-29 10:33:05+00:00,0.996
2025-04-29 10:34:06+00:00,0.996
2025-04-29 10:35:05+00:00,0.9965
2025-04-29 10:36:05+00:00,0.9965
2025-04-29 10:37:05+00:00,0.9965
2025-04-29 10:38:05+00:00,0.9965
2025-04-29 10:39:05+00:00,0.9965
2025-04-29 10:40:05+00:00,0.9965
2025-04-29 10:41:05+00:00,0.9965
2025-04-29 10:42:05+00:00,0.9965
2025-04-29 10:43:05+00:00,0.9965
2025-04-29 10:44:05+00:00,0.9965
2025-04-29 10:45:05+00:00,0.9965
2025-04-29 10:46:05+00:00,0.9965
2025-04-29 10:47:05+00:00,0.9965
2025-04-29 10:48:05+00:00,0.9965
2025-04-29 10:49:05+00:00,0.9965
2025-04-29 10:50:06+00:00,0.9965
2025-04-29 10:51:05+00:00,0.9965
2025-04-29 10:52:05+00:00,0.9965
2025-04-29 10:53:05+00:00,0.9965
2025-04-29 10:54:06+00:00,0.9965
2025-04-29 10:55:05+00:00,0.9965
2025-04-29 10:56:06+00:00,0.9965
2025-04-29 10:57:05+00:00,0.9965
2025-04-29 10:58:05+00:00,0.9965
2025-04-29 10:59:05+00:00,0.9965
2025-04-29 11:00:05+00:00,0.9965
2025-04-29 11:01:05+00:00,0.9965
2025-04-29 11:02:05+00:00,0.9965
2025-04-29 11:03:06+00:00,0.9965
2025-04-29 11:04:05+00:00,0.9965
2025-04-29 11:05:05+00:00,0.9965
2025-04-29 11:06:06+00:00,0.9965
2025-04-29 11:07:05+00:00,0.9965
2025-04-29 11:08:05+00:00,0.9965
2025-04-29 11:09:05+00:00,0.9965
2025-04-29 11:10:05+00:00,0.9965
2025-04-29 11:11:05+00:00,0.9965
2025-04-29 11:12:05+00:00,0.9965
2025-04-29 11:13:05+00:00,0.9965
2025-04-29 11:14:05+00:00,0.9965
2025-04-29 11:15:06+00:00,0.9965
2025-04-29 11:16:05+00:00,0.9965
2025-04-29 11:17:05+00:00,0.9965
2025-04-29 11:18:05+00:00,0.9965
2025-04-29 11:19:05+00:00,0.9965
2025-04-29 11:20:05+00:00,0.9965
2025-04-29 11:21:05+00:00,0.9965
2025-04-29 11:22:06+00:00,0.9965
2025-04-29 11:23:05+00:00,0.9965
2025-04-29 11:24:05+00:00,0.9965
2025-04-29 11:25:06+00:00,0.9965
2025-04-29 11:26:06+00:00,0.9965
2025-04-29 11:27:05+00:00,0.9965
2025-04-29 11:28:05+00:00,0.9965
2025-04-29 11:29:05+00:00,0.9965
2025-04-29 11:30:06+00:00,0.9965
2025-04-29 11:31:05+00:00,0.9965
2025-04-29 11:32:06+00:00,0.9965
2025-04-29 11:33:05+00:00,0.9965
2025-04-29 11:34:05+00:00,0.9965
2025-04-29 11:35:05+00:00,0.9965
2025-04-29 11:36:05+00:00,0.9965
2025-04-29 11:37:05+00:00,0.997
2025-04-29 11:38:05+00:00,0.997
2025-04-29 11:39:05+00:00,0.997
2025-04-29 11:40:05+00:00,0.997
2025-04-29 11:41:05+00:00,0.997
2025-04-29 11:42:05+00:00,0.997
2025-04-29 11:43:05+00:00,0.997
2025-04-29 11:44:05+00:00,0.997
2025-04-29 11:45:05+00:00,0.997
2025-04-29 11:46:05+00:00,0.997
2025-04-29 11:47:05+00:00,0.997
2025-04-29 11:48:06+00:00,0.997
2025-04-29 11:49:05+00:00,0.997
2025-04-29 11:50:06+00:00,0.997
2025-04-29 11:51:06+00:00,0.997
2025-04-29 11:52:05+00:00,0.997
2025-04-29 11:53:05+00:00,0.9965
2025-04-29 11:54:06+00:00,0.9965
2025-04-29 11:55:06+00:00,0.9965
2025-04-29 11:56:05+00:00,0.9965
2025-04-29 11:57:05+00:00,0.9965
2025-04-29 11:58:05+00:00,0.9965
2025-04-29 11:59:05+00:00,0.9965
2025-04-29 12:00:05+00:00,0.9965
2025-04-29 12:01:05+00:00,0.9965
2025-04-29 12:02:05+00:00,0.9965
2025-04-29 12:03:05+00:00,0.997
2025-04-29 12:04:05+00:00,0.997
2025-04-29 12:05:05+00:00,0.9975
2025-04-29 12:06:05+00:00,0.9975
2025-04-29 12:07:05+00:00,0.9975
2025-04-29 12:08:05+00:00,0.9975
2025-04-29 12:09:05+00:00,0.9975
2025-04-29 12:10:06+00:00,0.9975
2025-04-29 12:11:05+00:00,0.9975
2025-04-29 12:12:06+00:00,0.9975
2025-04-29 12:13:05+00:00,0.9975
2025-04-29 12:14:05+00:00,0.9975
2025-04-29 12:15:05+00:00,0.9965
2025-04-29 12:16:05+00:00,0.9965
2025-04-29 12:17:05+00:00,0.9965
2025-04-29 12:18:06+00:00,0.9965
2025-04-29 12:19:05+00:00,0.9965
2025-04-29 12:20:05+00:00,0.9965
2025-04-29 12:21:05+00:00,0.9965
2025-04-29 12:22:05+00:00,0.9965
2025-04-29 12:23:05+00:00,0.9965
2025-04-29 12:24:06+00:00,0.9965
2025-04-29 12:25:06+00:00,0.9965
2025-04-29 12:26:06+00:00,0.9965
2025-04-29 12:27:05+00:00,0.9965
2025-04-29 12:28:06+00:00,0.9965
2025-04-29 12:29:06+00:00,0.9965
2025-04-29 12:30:05+00:00,0.9965
2025-04-29 12:31:05+00:00,0.9965
2025-04-29 12:32:05+00:00,0.9965
2025-04-29 12:33:05+00:00,0.9965
2025-04-29 12:34:05+00:00,0.9965
2025-04-29 12:35:06+00:00,0.9965
2025-04-29 12:36:05+00:00,0.9965
2025-04-29 12:37:06+00:00,0.9965
2025-04-29 12:38:05+00:00,0.9965
2025-04-29 12:39:05+00:00,0.9965
2025-04-29 12:40:06+00:00,0.9965
2025-04-29 12:41:05+00:00,0.9965
2025-04-29 12:42:06+00:00,0.9965
2025-04-29 12:43:05+00:00,0.9965
2025-04-29 12:44:06+00:00,0.9965
2025-04-29 12:45:05+00:00,0.9965
2025-04-29 12:46:05+00:00,0.9965
2025-04-29 12:47:05+00:00,0.9965
2025-04-29 12:48:05+00:00,0.9965
2025-04-29 12:49:06+00:00,0.9965
2025-04-29 12:50:05+00:00,0.9965
2025-04-29 12:51:05+00:00,0.9965
2025-04-29 12:52:06+00:00,0.9965
2025-04-29 12:53:05+00:00,0.9965
2025-04-29 12:54:05+00:00,0.9965
2025-04-29 12:55:06+00:00,0.9965
2025-04-29 12:56:05+00:00,0.9965
2025-04-29 12:57:05+00:00,0.9965
2025-04-29 12:58:05+00:00,0.9965
2025-04-29 12:59:05+00:00,0.9965
2025-04-29 13:00:05+00:00,0.9965
2025-04-29 13:01:05+00:00,0.9965
2025-04-29 13:02:06+00:00,0.9965
2025-04-29 13:03:05+00:00,0.9965
2025-04-29 13:04:06+00:00,0.9965
2025-04-29 13:05:06+00:00,0.9965
2025-04-29 13:06:05+00:00,0.9965
2025-04-29 13:07:06+00:00,0.9965
2025-04-29 13:08:05+00:00,0.997
2025-04-29 13:09:05+00:00,0.997
2025-04-29 13:10:06+00:00,0.997
2025-04-29 13:11:06+00:00,0.997
2025-04-29 13:12:05+00:00,0.997
2025-04-29 13:13:05+00:00,0.9965
2025-04-29 13:14:05+00:00,0.9965
2025-04-29 13:15:05+00:00,0.9965
2025-04-29 13:16:05+00:00,0.9965
2025-04-29 13:17:05+00:00,0.9965
2025-04-29 13:18:05+00:00,0.9965
2025-04-29 13:19:05+00:00,0.9965
2025-04-29 13:20:06+00:00,0.9965
2025-04-29 13:21:06+00:00,0.9965
2025-04-29 13:22:06+00:00,0.9965
2025-04-29 13:23:05+00:00,0.9965
2025-04-29 13:24:05+00:00,0.9975
2025-04-29 13:25:06+00:00,0.9975
2025-04-29 13:26:05+00:00,0.998
2025-04-29 13:27:06+00:00,0.998
2025-04-29 13:28:05+00:00,0.998
2025-04-29 13:29:05+00:00,0.998
2025-04-29 13:30:06+00:00,0.998
2025-04-29 13:31:05+00:00,0.998
2025-04-29 13:32:05+00:00,0.998
2025-04-29 13:33:06+00:00,0.998
2025-04-29 13:34:06+00:00,0.998
2025-04-29 13:35:05+00:00,0.998
2025-04-29 13:36:06+00:00,0.998
2025-04-29 13:37:05+00:00,0.9975
2025-04-29 13:38:06+00:00,0.9975
2025-04-29 13:39:05+00:00,0.9975
2025-04-29 13:40:06+00:00,0.9975
2025-04-29 13:41:05+00:00,0.9975
2025-04-29 13:42:05+00:00,0.9975
2025-04-29 13:43:06+00:00,0.9975
2025-04-29 13:44:06+00:00,0.9975
2025-04-29 13:45:05+00:00,0.9975
2025-04-29 13:46:06+00:00,0.9975
2025-04-29 13:47:05+00:00,0.9975
2025-04-29 13:48:06+00:00,0.9975
2025-04-29 13:49:05+00:00,0.9975
2025-04-29 13:50:05+00:00,0.9975
2025-04-29 13:51:05+00:00,0.9975
2025-04-29 13:52:06+00:00,0.9975
2025-04-29 13:53:05+00:00,0.998
2025-04-29 13:54:06+00:00,0.998
2025-04-29 13:55:06+00:00,0.9975
2025-04-29 13:56:05+00:00,0.9975
2025-04-29 13:57:05+00:00,0.9975
2025-04-29 13:58:06+00:00,0.9975
2025-04-29 13:59:06+00:00,0.9975
2025-04-29 14:00:06+00:00,0.9975
2025-04-29 14:01:05+00:00,0.9975
2025-04-29 14:02:05+00:00,0.9975
2025-04-29 14:03:05+00:00,0.9975
2025-04-29 14:04:05+00:00,0.9975
2025-04-29 14:05:06+00:00,0.9975
2025-04-29 14:06:05+00:00,0.9975
2025-04-29 14:07:06+00:00,0.9975
2025-04-29 14:08:05+00:00,0.9975
2025-04-29 14:09:05+00:00,0.9975
2025-04-29 14:10:05+00:00,0.9975
2025-04-29 14:11:05+00:00,0.9975
2025-04-29 14:12:06+00:00,0.9975
2025-04-29 14:13:05+00:00,0.9975
2025-04-29 14:14:05+00:00,0.9975
2025-04-29 14:15:06+00:00,0.9975
2025-04-29 14:16:05+00:00,0.9975
2025-04-29 14:17:05+00:00,0.9975
2025-04-29 14:18:06+00:00,0.9975
2025-04-29 14:19:06+00:00,0.9975
2025-04-29 14:20:06+00:00,0.9975
2025-04-29 14:21:05+00:00,0.9975
2025-04-29 14:22:05+00:00,0.9975
2025-04-29 14:23:06+00:00,0.9975
2025-04-29 14:24:05+00:00,0.9975
2025-04-29 14:25:05+00:00,0.9975
2025-04-29 14:26:05+00:00,0.9975
2025-04-29 14:27:05+00:00,0.9975
2025-04-29 14:28:06+00:00,0.998
2025-04-29 14:29:05+00:00,0.9975
2025-04-29 14:30:06+00:00,0.998
2025-04-29 14:31:05+00:00,0.998
2025-04-29 14:32:05+00:00,0.998
2025-04-29 14:33:05+00:00,0.998
2025-04-29 14:34:06+00:00,0.998
2025-04-29 14:35:07+00:00,0.998
2025-04-29 14:36:05+00:00,0.998
2025-04-29 14:37:05+00:00,0.998
2025-04-29 14:38:05+00:00,0.998
2025-04-29 14:39:05+00:00,0.998
2025-04-29 14:40:06+00:00,0.998
2025-04-29 14:41:05+00:00,0.998
2025-04-29 14:42:06+00:00,0.998
2025-04-29 14:43:05+00:00,0.998
2025-04-29 14:44:05+00:00,0.998
2025-04-29 14:45:05+00:00,0.998
2025-04-29 14:46:05+00:00,0.998
2025-04-29 14:47:05+00:00,0.998
2025-04-29 14:48:06+00:00,0.998
2025-04-29 14:49:05+00:00,0.998
2025-04-29 14:50:06+00:00,0.998
2025-04-29 14:51:05+00:00,0.998
2025-04-29 14:52:06+00:00,0.998
2025-04-29 14:53:05+00:00,0.998
2025-04-29 14:54:06+00:00,0.998
2025-04-29 14:55:06+00:00,0.998
2025-04-29 14:56:06+00:00,0.998
2025-04-29 14:57:05+00:00,0.998
2025-04-29 14:58:05+00:00,0.998
2025-04-29 14:59:06+00:00,0.9975
2025-04-29 15:00:06+00:00,0.9975
2025-04-29 15:01:05+00:00,0.9975
2025-04-29 15:02:06+00:00,0.9975
2025-04-29 15:03:05+00:00,0.9975
2025-04-29 15:04:05+00:00,0.9975
2025-04-29 15:05:05+00:00,0.9975
2025-04-29 15:06:05+00:00,0.9975
2025-04-29 15:07:06+00:00,0.9975
2025-04-29 15:08:05+00:00,0.9975
2025-04-29 15:09:05+00:00,0.9975
2025-04-29 15:10:06+00:00,0.9975
2025-04-29 15:11:06+00:00,0.9975
2025-04-29 15:12:05+00:00,0.9975
2025-04-29 15:13:05+00:00,0.998
2025-04-29 15:14:05+00:00,0.998
2025-04-29 15:15:05+00:00,0.998
2025-04-29 15:16:06+00:00,0.998
2025-04-29 15:17:06+00:00,0.998
2025-04-29 15:18:05+00:00,0.998
2025-04-29 15:19:05+00:00,0.998
2025-04-29 15:20:06+00:00,0.998
2025-04-29 15:21:06+00:00,0.998
2025-04-29 15:22:06+00:00,0.998
2025-04-29 15:23:05+00:00,0.998
2025-04-29 15:24:05+00:00,0.998
2025-04-29 15:25:06+00:00,0.998
2025-04-29 15:26:05+00:00,0.998
2025-04-29 15:27:06+00:00,0.998
2025-04-29 15:28:06+00:00,0.998
2025-04-29 15:29:06+00:00,0.9985
2025-04-29 15:30:06+00:00,0.998
2025-04-29 15:31:05+00:00,0.998
2025-04-29 15:32:05+00:00,0.998
2025-04-29 15:33:05+00:00,0.9985
2025-04-29 15:34:06+00:00,0.9985
2025-04-29 15:35:06+00:00,0.9985
2025-04-29 15:36:06+00:00,0.9985
2025-04-29 15:37:05+00:00,0.9985
2025-04-29 15:38:05+00:00,0.9985
2025-04-29 15:39:05+00:00,0.9985
2025-04-29 15:40:06+00:00,0.9985
2025-04-29 15:41:05+00:00,0.9985
2025-04-29 15:42:06+00:00,0.9985
2025-04-29 15:43:05+00:00,0.9985
2025-04-29 15:44:05+00:00,0.9985
2025-04-29 15:45:05+00:00,0.9985
2025-04-29 15:46:05+00:00,0.9985
2025-04-29 15:47:05+00:00,0.9985
2025-04-29 15:48:04+00:00,0.9985
2025-04-29 15:49:06+00:00,0.9985
2025-04-29 15:50:05+00:00,0.9985
2025-04-29 15:51:05+00:00,0.9985
2025-04-29 15:52:05+00:00,0.9985
2025-04-29 15:53:06+00:00,0.9985
2025-04-29 15:54:06+00:00,0.9985
2025-04-29 15:55:05+00:00,0.9985
2025-04-29 15:56:05+00:00,0.9985
2025-04-29 15:57:05+00:00,0.9985
2025-04-29 15:58:05+00:00,0.9985
2025-04-29 15:59:05+00:00,0.9985
2025-04-29 16:00:06+00:00,0.9985
2025-04-29 16:01:05+00:00,0.9985
2025-04-29 16:02:05+00:00,0.9985
2025-04-29 16:03:05+00:00,0.9985
2025-04-29 16:04:05+00:00,0.9985
2025-04-29 16:05:05+00:00,0.9985
2025-04-29 16:06:05+00:00,0.9985
2025-04-29 16:07:04+00:00,0.9985
2025-04-29 16:08:05+00:00,0.9985
2025-04-29 16:09:05+00:00,0.9985
2025-04-29 16:10:06+00:00,0.9985
2025-04-29 16:11:06+00:00,0.9985
2025-04-29 16:12:05+00:00,0.9985
2025-04-29 16:13:05+00:00,0.9985
2025-04-29 16:14:05+00:00,0.9985
2025-04-29 16:15:06+00:00,0.9985
2025-04-29 16:16:05+00:00,0.9985
2025-04-29 16:17:05+00:00,0.9985
2025-04-29 16:18:05+00:00,0.9985
2025-04-29 16:19:05+00:00,0.9985
2025-04-29 16:20:05+00:00,0.9985
2025-04-29 16:21:05+00:00,0.9985
2025-04-29 16:22:05+00:00,0.9985
2025-04-29 16:23:05+00:00,0.9985
2025-04-29 16:24:05+00:00,0.9985
2025-04-29 16:25:05+00:00,0.9985
2025-04-29 16:26:05+00:00,0.9985
2025-04-29 16:27:05+00:00,0.998
2025-04-29 16:28:05+00:00,0.998
2025-04-29 16:29:05+00:00,0.998
2025-04-29 16:30:06+00:00,0.9975
2025-04-29 16:31:05+00:00,0.9975
2025-04-29 16:32:05+00:00,0.9975
2025-04-29 16:33:05+00:00,0.9975
2025-04-29 16:34:05+00:00,0.9975
2025-04-29 16:35:05+00:00,0.9975
2025-04-29 16:36:05+00:00,0.9975
2025-04-29 16:37:05+00:00,0.9975
2025-04-29 16:38:05+00:00,0.9975
2025-04-29 16:39:05+00:00,0.9975
2025-04-29 16:40:06+00:00,0.9975
2025-04-29 16:41:05+00:00,0.998
2025-04-29 16:42:05+00:00,0.998
2025-04-29 16:43:05+00:00,0.998
2025-04-29 16:44:05+00:00,0.998
2025-04-29 16:45:06+00:00,0.998
2025-04-29 16:46:05+00:00,0.998
2025-04-29 16:47:05+00:00,0.998
2025-04-29 16:48:05+00:00,0.998
2025-04-29 16:49:05+00:00,0.998
2025-04-29 16:50:05+00:00,0.998
2025-04-29 16:51:05+00:00,0.998
2025-04-29 16:52:05+00:00,0.998
2025-04-29 16:53:05+00:00,0.9975
2025-04-29 16:54:06+00:00,0.9975
2025-04-29 16:55:05+00:00,0.9975
2025-04-29 16:56:05+00:00,0.9975
2025-04-29 16:57:05+00:00,0.9975
2025-04-29 16:58:06+00:00,0.9975
2025-04-29 16:59:05+00:00,0.9975
2025-04-29 17:00:06+00:00,0.9975
2025-04-29 17:01:06+00:00,0.9975
2025-04-29 17:02:05+00:00,0.9975
2025-04-29 17:03:05+00:00,0.9975
2025-04-29 17:04:05+00:00,0.9975
2025-04-29 17:05:05+00:00,0.9975
2025-04-29 17:06:05+00:00,0.998
2025-04-29 17:07:05+00:00,0.998
2025-04-29 17:08:05+00:00,0.998
2025-04-29 17:09:06+00:00,0.998
2025-04-29 17:10:05+00:00,0.998
2025-04-29 17:11:06+00:00,0.998
2025-04-29 17:12:05+00:00,0.998
2025-04-29 17:13:05+00:00,0.9975
2025-04-29 17:14:05+00:00,0.9975
2025-04-29 17:15:05+00:00,0.9975
2025-04-29 17:16:05+00:00,0.9975
2025-04-29 17:17:05+00:00,0.9975
2025-04-29 17:18:05+00:00,0.9975
2025-04-29 17:19:06+00:00,0.9975
2025-04-29 17:20:06+00:00,0.998
2025-04-29 17:21:05+00:00,0.998
2025-04-29 17:22:05+00:00,0.998
2025-04-29 17:23:05+00:00,0.998
2025-04-29 17:24:05+00:00,0.998
2025-04-29 17:25:06+00:00,0.998
2025-04-29 17:26:05+00:00,0.998
2025-04-29 17:27:05+00:00,0.998
2025-04-29 17:28:05+00:00,0.998
2025-04-29 17:29:05+00:00,0.998
2025-04-29 17:30:06+00:00,0.998
2025-04-29 17:31:05+00:00,0.998
2025-04-29 17:32:05+00:00,0.998
2025-04-29 17:33:06+00:00,0.998
2025-04-29 17:34:05+00:00,0.998
2025-04-29 17:35:05+00:00,0.998
2025-04-29 17:36:05+00:00,0.998
2025-04-29 17:37:05+00:00,0.998
2025-04-29 17:38:05+00:00,0.998
2025-04-29 17:39:06+00:00,0.998
2025-04-29 17:40:05+00:00,0.998
2025-04-29 17:41:05+00:00,0.998
2025-04-29 17:42:05+00:00,0.998
2025-04-29 17:43:05+00:00,0.998
2025-04-29 17:44:06+00:00,0.998
2025-04-29 17:45:06+00:00,0.998
2025-04-29 17:46:05+00:00,0.9975
2025-04-29 17:47:05+00:00,0.9975
2025-04-29 17:48:04+00:00,0.9975
2025-04-29 17:49:05+00:00,0.9975
2025-04-29 17:50:06+00:00,0.998
2025-04-29 17:51:05+00:00,0.998
2025-04-29 17:52:05+00:00,0.998
2025-04-29 17:53:06+00:00,0.998
2025-04-29 17:54:05+00:00,0.998
2025-04-29 17:55:05+00:00,0.998
2025-04-29 17:56:06+00:00,0.9985
2025-04-29 17:57:05+00:00,0.9985
2025-04-29 17:58:05+00:00,0.9985
2025-04-29 17:59:05+00:00,0.9985
2025-04-29 18:00:06+00:00,0.9985
2025-04-29 18:01:05+00:00,0.9985
2025-04-29 18:02:05+00:00,0.9985
2025-04-29 18:03:05+00:00,0.9985
2025-04-29 18:04:05+00:00,0.9985
2025-04-29 18:05:05+00:00,0.9985
2025-04-29 18:06:05+00:00,0.9985
2025-04-29 18:07:05+00:00,0.9985
2025-04-29 18:08:05+00:00,0.9985
2025-04-29 18:09:05+00:00,0.9985
2025-04-29 18:10:05+00:00,0.9985
2025-04-29 18:11:05+00:00,0.9985
2025-04-29 18:12:05+00:00,0.9985
2025-04-29 18:13:05+00:00,0.9985
2025-04-29 18:14:06+00:00,0.9985
2025-04-29 18:15:05+00:00,0.9985
2025-04-29 18:16:05+00:00,0.9985
2025-04-29 18:17:05+00:00,0.9985
2025-04-29 18:18:05+00:00,0.9985
2025-04-29 18:19:05+00:00,0.9985
2025-04-29 18:20:06+00:00,0.9985
2025-04-29 18:21:05+00:00,0.9985
2025-04-29 18:22:06+00:00,0.9985
2025-04-29 18:23:05+00:00,0.9985
2025-04-29 18:24:05+00:00,0.9985
2025-04-29 18:25:06+00:00,0.9985
2025-04-29 18:26:05+00:00,0.9985
2025-04-29 18:27:05+00:00,0.9985
2025-04-29 18:28:05+00:00,0.9985
2025-04-29 18:29:05+00:00,0.9985
2025-04-29 18:30:05+00:00,0.9985
2025-04-29 18:31:05+00:00,0.9985
2025-04-29 18:32:05+00:00,0.9985
2025-04-29 18:33:05+00:00,0.9985
2025-04-29 18:34:05+00:00,0.9985
2025-04-29 18:35:05+00:00,0.9985
2025-04-29 18:36:05+00:00,0.9985
2025-04-29 18:37:05+00:00,0.9985
2025-04-29 18:38:06+00:00,0.9985
2025-04-29 18:39:05+00:00,0.9985
2025-04-29 18:40:05+00:00,0.9985
2025-04-29 18:41:05+00:00,0.9985
2025-04-29 18:42:05+00:00,0.9985
2025-04-29 18:43:05+00:00,0.9985
2025-04-29 18:44:06+00:00,0.9985
2025-04-29 18:45:06+00:00,0.9985
2025-04-29 18:46:06+00:00,0.9985
2025-04-29 18:47:06+00:00,0.9985
2025-04-29 18:48:05+00:00,0.9985
2025-04-29 18:49:05+00:00,0.9985
2025-04-29 18:50:06+00:00,0.9985
2025-04-29 18:51:05+00:00,0.9985
2025-04-29 18:52:06+00:00,0.9985
2025-04-29 18:53:06+00:00,0.9985
2025-04-29 18:54:06+00:00,0.9985
2025-04-29 18:55:06+00:00,0.9985
2025-04-29 18:56:05+00:00,0.9985
2025-04-29 18:57:04+00:00,0.9985
2025-04-29 18:58:05+00:00,0.9985
2025-04-29 18:59:05+00:00,0.9985
2025-04-29 19:00:06+00:00,0.9985
2025-04-29 19:01:05+00:00,0.9985
2025-04-29 19:02:05+00:00,0.9985
2025-04-29 19:03:05+00:00,0.9985
2025-04-29 19:04:05+00:00,0.9985
2025-04-29 19:05:06+00:00,0.9985
2025-04-29 19:06:05+00:00,0.9985
2025-04-29 19:07:05+00:00,0.9985
2025-04-29 19:08:05+00:00,0.9985
2025-04-29 19:09:05+00:00,0.9985
2025-04-29 19:10:05+00:00,0.9985
2025-04-29 19:11:05+00:00,0.9985
2025-04-29 19:12:06+00:00,0.9985
2025-04-29 19:13:05+00:00,0.9985
2025-04-29 19:14:05+00:00,0.9985
2025-04-29 19:15:05+00:00,0.9985
2025-04-29 19:16:05+00:00,0.9985
2025-04-29 19:17:05+00:00,0.9985
2025-04-29 19:18:05+00:00,0.9985
2025-04-29 19:19:05+00:00,0.9985
2025-04-29 19:20:06+00:00,0.9985
2025-04-29 19:21:05+00:00,0.9985
2025-04-29 19:22:05+00:00,0.9985
2025-04-29 19:23:05+00:00,0.9985
2025-04-29 19:24:05+00:00,0.9985
2025-04-29 19:25:06+00:00,0.9985
2025-04-29 19:26:06+00:00,0.9985
2025-04-29 19:27:05+00:00,0.9985
2025-04-29 19:28:05+00:00,0.9985
2025-04-29 19:29:05+00:00,0.9985
2025-04-29 19:30:06+00:00,0.9985
2025-04-29 19:31:05+00:00,0.9985
2025-04-29 19:32:05+00:00,0.9985
2025-04-29 19:33:06+00:00,0.9985
2025-04-29 19:34:05+00:00,0.9985
2025-04-29 19:35:05+00:00,0.9985
2025-04-29 19:36:05+00:00,0.9985
2025-04-29 19:37:05+00:00,0.9985
2025-04-29 19:38:05+00:00,0.9985
2025-04-29 19:39:06+00:00,0.9985
2025-04-29 19:40:06+00:00,0.9985
2025-04-29 19:41:05+00:00,0.9985
2025-04-29 19:42:05+00:00,0.9985
2025-04-29 19:43:05+00:00,0.9985
2025-04-29 19:44:05+00:00,0.9985
2025-04-29 19:45:05+00:00,0.9985
2025-04-29 19:46:05+00:00,0.9985
2025-04-29 19:47:05+00:00,0.9985
2025-04-29 19:48:06+00:00,0.9985
2025-04-29 19:49:06+00:00,0.9985
2025-04-29 19:50:06+00:00,0.9985
2025-04-29 19:51:05+00:00,0.9985
2025-04-29 19:52:06+00:00,0.9985
2025-04-29 19:53:05+00:00,0.9985
2025-04-29 19:54:05+00:00,0.9985
2025-04-29 19:55:05+00:00,0.9985
2025-04-29 19:56:06+00:00,0.9985
2025-04-29 19:57:05+00:00,0.9985
2025-04-29 19:58:05+00:00,0.9985
2025-04-29 19:59:05+00:00,0.9985
2025-04-29 20:00:05+00:00,0.9985
2025-04-29 20:01:05+00:00,0.9985
2025-04-29 20:02:06+00:00,0.9985
2025-04-29 20:03:05+00:00,0.9985
2025-04-29 20:04:06+00:00,0.9985
2025-04-29 20:05:05+00:00,0.9985
2025-04-29 20:06:05+00:00,0.9985
2025-04-29 20:07:05+00:00,0.9985
2025-04-29 20:08:05+00:00,0.9985
2025-04-29 20:09:05+00:00,0.9985
2025-04-29 20:10:05+00:00,0.9985
2025-04-29 20:11:05+00:00,0.9985
2025-04-29 20:12:05+00:00,0.9985
2025-04-29 20:13:05+00:00,0.9985
2025-04-29 20:14:05+00:00,0.9985
2025-04-29 20:15:05+00:00,0.9985
2025-04-29 20:16:05+00:00,0.9985
2025-04-29 20:17:05+00:00,0.9985
2025-04-29 20:18:06+00:00,0.9985
2025-04-29 20:19:06+00:00,0.9985
2025-04-29 20:20:06+00:00,0.9985
2025-04-29 20:21:05+00:00,0.9985
2025-04-29 20:22:05+00:00,0.9985
2025-04-29 20:23:05+00:00,0.9985
2025-04-29 20:24:05+00:00,0.9985
2025-04-29 20:25:06+00:00,0.9985
2025-04-29 20:26:06+00:00,0.9985
2025-04-29 20:27:05+00:00,0.9985
2025-04-29 20:28:06+00:00,0.9985
2025-04-29 20:29:06+00:00,0.9985
2025-04-29 20:30:05+00:00,0.9985
2025-04-29 20:31:06+00:00,0.9985
2025-04-29 20:32:06+00:00,0.9985
2025-04-29 20:33:05+00:00,0.9985
2025-04-29 20:34:05+00:00,0.9985
2025-04-29 20:35:06+00:00,0.9985
2025-04-29 20:36:07+00:00,0.9985
2025-04-29 20:37:06+00:00,0.9985
2025-04-29 20:38:06+00:00,0.9985
2025-04-29 20:39:05+00:00,0.9985
2025-04-29 20:40:06+00:00,0.9985
2025-04-29 20:41:06+00:00,0.9985
2025-04-29 20:42:06+00:00,0.9985
2025-04-29 20:43:06+00:00,0.9985
2025-04-29 20:44:06+00:00,0.9985
2025-04-29 20:45:06+00:00,0.9985
2025-04-29 20:46:05+00:00,0.9985
2025-04-29 20:47:06+00:00,0.9985
2025-04-29 20:48:05+00:00,0.9985
2025-04-29 20:49:05+00:00,0.9985
2025-04-29 20:50:06+00:00,0.9985
2025-04-29 20:51:05+00:00,0.9985
2025-04-29 20:52:06+00:00,0.9985
2025-04-29 20:53:05+00:00,0.9985
2025-04-29 20:54:05+00:00,0.9985
2025-04-29 20:55:05+00:00,0.9985
2025-04-29 20:56:05+00:00,0.9985
2025-04-29 20:57:05+00:00,0.9985
2025-04-29 20:58:06+00:00,0.9985
2025-04-29 20:59:05+00:00,0.9985
2025-04-29 21:00:06+00:00,0.9985
2025-04-29 21:01:05+00:00,0.9985
2025-04-29 21:02:06+00:00,0.9985
2025-04-29 21:03:06+00:00,0.9985
2025-04-29 21:04:05+00:00,0.9985
2025-04-29 21:05:06+00:00,0.9985
2025-04-29 21:06:06+00:00,0.9985
2025-04-29 21:07:05+00:00,0.9985
2025-04-29 21:08:06+00:00,0.9985
2025-04-29 21:09:06+00:00,0.9985
2025-04-29 21:10:06+00:00,0.9985
2025-04-29 21:11:05+00:00,0.9985
2025-04-29 21:12:06+00:00,0.9985
2025-04-29 21:13:06+00:00,0.9985
2025-04-29 21:14:06+00:00,0.9985
2025-04-29 21:15:06+00:00,0.9985
2025-04-29 21:16:05+00:00,0.9985
2025-04-29 21:17:06+00:00,0.9985
2025-04-29 21:18:05+00:00,0.9985
2025-04-29 21:19:06+00:00,0.9985
2025-04-29 21:20:06+00:00,0.9985
2025-04-29 21:21:06+00:00,0.9985
2025-04-29 21:22:05+00:00,0.9985
2025-04-29 21:23:06+00:00,0.9985
2025-04-29 21:24:06+00:00,0.9985
2025-04-29 21:25:06+00:00,0.9985
2025-04-29 21:26:06+00:00,0.9985
2025-04-29 21:27:05+00:00,0.9985
2025-04-29 21:28:05+00:00,0.9985
2025-04-29 21:29:06+00:00,0.9985
2025-04-29 21:30:06+00:00,0.9985
2025-04-29 21:31:06+00:00,0.9985
2025-04-29 21:32:06+00:00,0.9985
2025-04-29 21:33:05+00:00,0.9985
2025-04-29 21:34:05+00:00,0.9985
2025-04-29 21:35:06+00:00,0.9985
2025-04-29 21:36:06+00:00,0.9985
2025-04-29 21:37:06+00:00,0.9985
2025-04-29 21:38:06+00:00,0.9985
2025-04-29 21:39:05+00:00,0.9985
2025-04-29 21:40:06+00:00,0.9985
2025-04-29 21:41:06+00:00,0.9985
2025-04-29 21:42:06+00:00,0.9985
2025-04-29 21:43:06+00:00,0.9985
2025-04-29 21:44:06+00:00,0.9985
2025-04-29 21:45:06+00:00,0.9985
2025-04-29 21:46:05+00:00,0.9985
2025-04-29 21:47:06+00:00,0.9985
2025-04-29 21:48:05+00:00,0.9985
2025-04-29 21:49:05+00:00,0.9985
2025-04-29 21:50:06+00:00,0.9985
2025-04-29 21:51:05+00:00,0.9985
2025-04-29 21:52:06+00:00,0.9985
2025-04-29 21:53:06+00:00,0.9985
2025-04-29 21:54:06+00:00,0.9985
2025-04-29 21:55:06+00:00,0.9985
2025-04-29 21:56:06+00:00,0.9985
2025-04-29 21:57:06+00:00,0.9985
2025-04-29 21:58:06+00:00,0.9985
2025-04-29 21:59:05+00:00,0.9985
2025-04-29 22:00:06+00:00,0.9985
2025-04-29 22:01:06+00:00,0.9985
2025-04-29 22:02:05+00:00,0.9985
2025-04-29 22:03:05+00:00,0.9985
2025-04-29 22:04:06+00:00,0.9985
2025-04-29 22:05:06+00:00,0.9985
2025-04-29 22:06:06+00:00,0.9985
2025-04-29 22:07:05+00:00,0.9985
2025-04-29 22:08:05+00:00,0.9985
2025-04-29 22:09:05+00:00,0.9985
2025-04-29 22:10:06+00:00,0.9985
2025-04-29 22:11:06+00:00,0.9985
2025-04-29 22:12:06+00:00,0.9985
2025-04-29 22:13:06+00:00,0.9985
2025-04-29 22:14:06+00:00,0.9985
2025-04-29 22:15:06+00:00,0.9985
2025-04-29 22:16:06+00:00,0.9985
2025-04-29 22:17:06+00:00,0.9985
2025-04-29 22:18:05+00:00,0.9985
2025-04-29 22:19:06+00:00,0.9985
2025-04-29 22:20:06+00:00,0.9985
2025-04-29 22:21:05+00:00,0.9985
2025-04-29 22:22:06+00:00,0.9985
2025-04-29 22:23:06+00:00,0.9985
2025-04-29 22:24:05+00:00,0.9985
2025-04-29 22:25:06+00:00,0.9985
2025-04-29 22:26:06+00:00,0.9985
2025-04-29 22:27:06+00:00,0.9985
2025-04-29 22:28:07+00:00,0.9985
2025-04-29 22:29:06+00:00,0.9985
2025-04-29 22:30:06+00:00,0.9985
2025-04-29 22:31:06+00:00,0.9985
2025-04-29 22:32:06+00:00,0.9985
2025-04-29 22:33:05+00:00,0.9985
2025-04-29 22:34:06+00:00,0.9985
2025-04-29 22:35:05+00:00,0.9985
2025-04-29 22:36:06+00:00,0.9985
2025-04-29 22:37:06+00:00,0.9985
2025-04-29 22:38:06+00:00,0.9985
2025-04-29 22:39:06+00:00,0.9985
2025-04-29 22:40:06+00:00,0.9985
2025-04-29 22:41:05+00:00,0.9985
2025-04-29 22:42:06+00:00,0.9985
2025-04-29 22:43:05+00:00,0.9985
2025-04-29 22:44:06+00:00,0.9985
2025-04-29 22:45:06+00:00,0.9985
2025-04-29 22:46:06+00:00,0.9985
2025-04-29 22:47:06+00:00,0.9985
2025-04-29 22:48:05+00:00,0.9985
2025-04-29 22:49:06+00:00,0.9985
2025-04-29 22:50:06+00:00,0.9985
2025-04-29 22:51:06+00:00,0.9985
2025-04-29 22:52:06+00:00,0.9985
2025-04-29 22:53:06+00:00,0.9985
2025-04-29 22:54:06+00:00,0.9985
2025-04-29 22:55:05+00:00,0.9985
2025-04-29 22:56:06+00:00,0.9985
2025-04-29 22:57:06+00:00,0.9985
2025-04-29 22:58:06+00:00,0.9985
2025-04-29 22:59:06+00:00,0.9985
2025-04-29 23:00:06+00:00,0.9985
2025-04-29 23:01:05+00:00,0.9985
2025-04-29 23:02:06+00:00,0.9985
2025-04-29 23:03:05+00:00,0.9985
2025-04-29 23:04:06+00:00,0.9985
2025-04-29 23:05:06+00:00,0.9985
2025-04-29 23:06:06+00:00,0.9985
2025-04-29 23:07:06+00:00,0.9985
2025-04-29 23:08:06+00:00,0.9985
2025-04-29 23:09:06+00:00,0.9985
2025-04-29 23:10:06+00:00,0.9985
2025-04-29 23:11:06+00:00,0.9985
2025-04-29 23:12:06+00:00,0.9985
2025-04-29 23:13:06+00:00,0.9985
2025-04-29 23:14:06+00:00,0.9985
2025-04-29 23:15:06+00:00,0.9985
2025-04-29 23:16:05+00:00,0.9985
2025-04-29 23:17:06+00:00,0.9985
2025-04-29 23:18:05+00:00,0.9985
2025-04-29 23:19:05+00:00,0.9985
2025-04-29 23:20:06+00:00,0.9985
2025-04-29 23:21:06+00:00,0.9985
2025-04-29 23:22:05+00:00,0.9985
2025-04-29 23:23:06+00:00,0.9985
2025-04-29 23:24:06+00:00,0.9985
2025-04-29 23:25:06+00:00,0.9985
2025-04-29 23:26:06+00:00,0.9985
2025-04-29 23:27:06+00:00,0.9985
2025-04-29 23:28:06+00:00,0.9985
2025-04-29 23:29:06+00:00,0.9985
2025-04-29 23:30:06+00:00,0.9985
2025-04-29 23:31:06+00:00,0.9985
2025-04-29 23:32:06+00:00,0.9985
2025-04-29 23:33:05+00:00,0.9985
2025-04-29 23:34:06+00:00,0.9985
2025-04-29 23:35:06+00:00,0.9985
2025-04-29 23:36:06+00:00,0.9985
2025-04-29 23:37:05+00:00,0.9985
2025-04-29 23:38:06+00:00,0.9985
2025-04-29 23:39:06+00:00,0.9985
2025-04-29 23:40:06+00:00,0.9985
2025-04-29 23:41:06+00:00,0.9985
2025-04-29 23:42:06+00:00,0.9985
2025-04-29 23:43:06+00:00,0.9985
2025-04-29 23:44:06+00:00,0.9985
2025-04-29 23:45:06+00:00,0.9985
2025-04-29 23:46:06+00:00,0.9985
2025-04-29 23:47:05+00:00,0.9985
2025-04-29 23:48:06+00:00,0.9985
2025-04-29 23:49:05+00:00,0.9985
2025-04-29 23:50:06+00:00,0.9985
2025-04-29 23:51:05+00:00,0.9985
2025-04-29 23:52:06+00:00,0.9985
2025-04-29 23:53:06+00:00,0.9985
2025-04-29 23:54:06+00:00,0.9985
2025-04-29 23:55:06+00:00,0.9985
2025-04-29 23:56:06+00:00,0.9985
2025-04-29 23:57:06+00:00,0.9985
2025-04-29 23:58:05+00:00,0.9985
2025-04-29 23:59:06+00:00,0.9985
2025-04-30 00:00:06+00:00,0.9985
2025-04-30 00:01:06+00:00,0.9985
2025-04-30 00:02:06+00:00,0.9985
2025-04-30 00:03:05+00:00,0.9985
2025-04-30 00:04:06+00:00,0.9985
2025-04-30 00:05:05+00:00,0.9985
2025-04-30 00:06:06+00:00,0.9985
2025-04-30 00:07:05+00:00,0.9985
2025-04-30 00:08:06+00:00,0.9985
2025-04-30 00:09:06+00:00,0.9985
2025-04-30 00:10:06+00:00,0.9985
2025-04-30 00:11:06+00:00,0.9985
2025-04-30 00:12:05+00:00,0.9985
2025-04-30 00:13:05+00:00,0.9985
2025-04-30 00:14:06+00:00,0.9985
2025-04-30 00:15:06+00:00,0.9985
2025-04-30 00:16:05+00:00,0.9985
2025-04-30 00:17:05+00:00,0.9985
2025-04-30 00:18:06+00:00,0.9985
2025-04-30 00:19:06+00:00,0.9985
2025-04-30 00:20:06+00:00,0.9985
2025-04-30 00:21:06+00:00,0.9985
2025-04-30 00:22:06+00:00,0.9985
2025-04-30 00:23:06+00:00,0.9985
2025-04-30 00:24:06+00:00,0.9985
2025-04-30 00:25:06+00:00,0.9985
2025-04-30 00:26:05+00:00,0.9985
2025-04-30 00:27:06+00:00,0.9985
2025-04-30 00:28:06+00:00,0.9985
2025-04-30 00:29:05+00:00,0.9985
2025-04-30 00:30:06+00:00,0.9985
2025-04-30 00:31:06+00:00,0.9985
2025-04-30 00:32:05+00:00,0.9985
2025-04-30 00:33:05+00:00,0.9985
2025-04-30 00:34:06+00:00,0.9985
2025-04-30 00:35:06+00:00,0.9985
2025-04-30 00:36:06+00:00,0.9985
2025-04-30 00:37:05+00:00,0.9985
2025-04-30 00:38:05+00:00,0.9985
2025-04-30 00:39:05+00:00,0.9985
2025-04-30 00:40:06+00:00,0.9985
2025-04-30 00:41:06+00:00,0.9985
2025-04-30 00:42:06+00:00,0.9985
2025-04-30 00:43:06+00:00,0.9985
2025-04-30 00:44:06+00:00,0.9985
2025-04-30 00:45:06+00:00,0.9985
2025-04-30 00:46:05+00:00,0.9985
2025-04-30 00:47:06+00:00,0.9985
2025-04-30 00:48:06+00:00,0.9985
2025-04-30 00:49:05+00:00,0.9985
2025-04-30 00:50:06+00:00,0.9985
2025-04-30 00:51:06+00:00,0.9985
2025-04-30 00:52:06+00:00,0.9985
2025-04-30 00:53:06+00:00,0.9985
2025-04-30 00:54:05+00:00,0.9985
2025-04-30 00:55:05+00:00,0.9985
2025-04-30 00:56:05+00:00,0.9985
2025-04-30 00:57:06+00:00,0.9985
2025-04-30 00:58:06+00:00,0.9985
2025-04-30 00:59:06+00:00,0.9985
2025-04-30 01:00:05+00:00,0.9985
2025-04-30 01:01:06+00:00,0.9985
2025-04-30 01:02:06+00:00,0.9985
2025-04-30 01:03:05+00:00,0.9985
2025-04-30 01:04:06+00:00,0.9985
2025-04-30 01:05:05+00:00,0.9985
2025-04-30 01:06:06+00:00,0.9985
2025-04-30 01:07:05+00:00,0.9985
2025-04-30 01:08:05+00:00,0.9985
2025-04-30 01:09:06+00:00,0.9985
2025-04-30 01:10:06+00:00,0.9985
2025-04-30 01:11:07+00:00,0.9985
2025-04-30 01:12:05+00:00,0.9985
2025-04-30 01:13:05+00:00,0.9985
2025-04-30 01:14:06+00:00,0.9985
2025-04-30 01:15:06+00:00,0.9985
2025-04-30 01:16:05+00:00,0.9985
2025-04-30 01:17:05+00:00,0.9985
2025-04-30 01:18:06+00:00,0.9985
2025-04-30 01:19:06+00:00,0.9985
2025-04-30 01:20:06+00:00,0.9985
2025-04-30 01:21:06+00:00,0.9985
2025-04-30 01:22:06+00:00,0.9985
2025-04-30 01:23:06+00:00,0.9985
2025-04-30 01:24:06+00:00,0.9985
2025-04-30 01:25:06+00:00,0.9985
2025-04-30 01:26:06+00:00,0.9985
2025-04-30 01:27:06+00:00,0.9985
2025-04-30 01:28:06+00:00,0.9985
2025-04-30 01:29:05+00:00,0.9985
2025-04-30 01:30:06+00:00,0.9985
2025-04-30 01:31:05+00:00,0.9985
2025-04-30 01:32:06+00:00,0.9985
2025-04-30 01:33:05+00:00,0.9985
2025-04-30 01:34:05+00:00,0.9985
2025-04-30 01:35:06+00:00,0.9985
2025-04-30 01:36:06+00:00,0.9985
2025-04-30 01:37:06+00:00,0.9985
2025-04-30 01:38:06+00:00,0.9985
2025-04-30 01:39:06+00:00,0.9985
2025-04-30 01:40:05+00:00,0.9985
2025-04-30 01:41:06+00:00,0.9985
2025-04-30 01:42:06+00:00,0.9985
2025-04-30 01:43:06+00:00,0.9985
2025-04-30 01:44:06+00:00,0.9985
2025-04-30 01:45:06+00:00,0.9985
2025-04-30 01:46:06+00:00,0.9985
2025-04-30 01:47:06+00:00,0.9985
2025-04-30 01:48:06+00:00,0.9985
2025-04-30 01:49:06+00:00,0.9985
2025-04-30 01:50:07+00:00,0.9985
2025-04-30 01:51:05+00:00,0.9985
2025-04-30 01:52:06+00:00,0.9985
2025-04-30 01:53:06+00:00,0.9985
2025-04-30 01:54:05+00:00,0.9985
2025-04-30 01:55:06+00:00,0.9985
2025-04-30 01:56:06+00:00,0.9985
2025-04-30 01:57:05+00:00,0.9985
2025-04-30 01:58:06+00:00,0.9985
2025-04-30 01:59:05+00:00,0.9985
2025-04-30 02:00:06+00:00,0.9985
2025-04-30 02:01:05+00:00,0.9985
2025-04-30 02:02:06+00:00,0.9985
2025-04-30 02:03:05+00:00,0.9985
2025-04-30 02:04:05+00:00,0.9985
2025-04-30 02:05:06+00:00,0.9985
2025-04-30 02:06:06+00:00,0.9985
2025-04-30 02:07:05+00:00,0.9985
2025-04-30 02:08:06+00:00,0.9985
2025-04-30 02:09:06+00:00,0.9985
2025-04-30 02:10:06+00:00,0.9985
2025-04-30 02:11:05+00:00,0.9985
2025-04-30 02:12:05+00:00,0.9985
2025-04-30 02:13:05+00:00,0.9985
2025-04-30 02:14:05+00:00,0.9985
2025-04-30 02:15:07+00:00,0.9985
2025-04-30 02:16:06+00:00,0.9985
2025-04-30 02:17:05+00:00,0.9985
2025-04-30 02:18:05+00:00,0.9985
2025-04-30 02:19:06+00:00,0.9985
2025-04-30 02:20:06+00:00,0.9985
2025-04-30 02:21:05+00:00,0.9985
2025-04-30 02:22:05+00:00,0.9985
2025-04-30 02:23:05+00:00,0.9985
2025-04-30 02:24:06+00:00,0.9985
2025-04-30 02:25:06+00:00,0.9985
2025-04-30 02:26:06+00:00,0.9985
2025-04-30 02:27:06+00:00,0.9985
2025-04-30 02:28:06+00:00,0.9985
2025-04-30 02:29:06+00:00,0.9985
2025-04-30 02:30:06+00:00,0.9985
2025-04-30 02:31:06+00:00,0.9985
2025-04-30 02:32:06+00:00,0.9985
2025-04-30 02:33:06+00:00,0.9985
2025-04-30 02:34:05+00:00,0.9985
2025-04-30 02:35:06+00:00,0.9985
2025-04-30 02:36:06+00:00,0.9985
2025-04-30 02:37:06+00:00,0.9985
2025-04-30 02:38:06+00:00,0.9985
2025-04-30 02:39:05+00:00,0.9985
2025-04-30 02:40:06+00:00,0.9985
2025-04-30 02:41:06+00:00,0.9985
2025-04-30 02:42:06+00:00,0.9985
2025-04-30 02:43:05+00:00,0.9985
2025-04-30 02:44:06+00:00,0.9985
2025-04-30 02:45:06+00:00,0.9985
2025-04-30 02:46:05+00:00,0.9985
2025-04-30 02:47:06+00:00,0.9985
2025-04-30 02:48:06+00:00,0.9985
2025-04-30 02:49:06+00:00,0.9985
2025-04-30 02:50:06+00:00,0.9985
2025-04-30 02:51:05+00:00,0.9985
2025-04-30 02:52:05+00:00,0.9985
2025-04-30 02:53:05+00:00,0.9985
2025-04-30 02:54:06+00:00,0.9985
2025-04-30 02:55:06+00:00,0.9985
2025-04-30 02:56:05+00:00,0.9985
2025-04-30 02:57:05+00:00,0.9985
2025-04-30 02:58:06+00:00,0.9985
2025-04-30 02:59:05+00:00,0.9985
2025-04-30 03:00:06+00:00,0.9985
2025-04-30 03:01:05+00:00,0.9985
2025-04-30 03:02:05+00:00,0.9985
2025-04-30 03:03:05+00:00,0.9985
2025-04-30 03:04:05+00:00,0.9985
2025-04-30 03:05:06+00:00,0.9985
2025-04-30 03:06:05+00:00,0.9985
2025-04-30 03:07:05+00:00,0.9985
2025-04-30 03:08:06+00:00,0.9985
2025-04-30 03:09:06+00:00,0.9985
2025-04-30 03:10:06+00:00,0.9985
2025-04-30 03:11:05+00:00,0.9985
2025-04-30 03:12:06+00:00,0.9985
2025-04-30 03:13:05+00:00,0.9985
2025-04-30 03:14:06+00:00,0.9985
2025-04-30 03:15:05+00:00,0.9985
2025-04-30 03:16:06+00:00,0.9985
2025-04-30 03:17:06+00:00,0.9985
2025-04-30 03:18:06+00:00,0.9985
2025-04-30 03:19:06+00:00,0.9985
2025-04-30 03:20:06+00:00,0.9985
2025-04-30 03:21:05+00:00,0.9985
2025-04-30 03:22:06+00:00,0.9985
2025-04-30 03:23:06+00:00,0.9985
2025-04-30 03:24:05+00:00,0.9985
2025-04-30 03:25:06+00:00,0.9985
2025-04-30 03:26:06+00:00,0.9985
2025-04-30 03:27:06+00:00,0.9985
2025-04-30 03:28:06+00:00,0.9985
2025-04-30 03:29:06+00:00,0.9985
2025-04-30 03:30:06+00:00,0.9985
2025-04-30 03:31:06+00:00,0.9985
2025-04-30 03:32:06+00:00,0.9985
2025-04-30 03:33:05+00:00,0.9985
2025-04-30 03:34:06+00:00,0.9985
2025-04-30 03:35:06+00:00,0.9985
2025-04-30 03:36:06+00:00,0.9985
2025-04-30 03:37:05+00:00,0.9985
2025-04-30 03:38:06+00:00,0.9985
2025-04-30 03:39:05+00:00,0.9985
2025-04-30 03:40:06+00:00,0.9985
2025-04-30 03:41:06+00:00,0.9985
2025-04-30 03:42:05+00:00,0.9985
2025-04-30 03:43:06+00:00,0.9985
2025-04-30 03:44:05+00:00,0.9985
2025-04-30 03:45:06+00:00,0.9985
2025-04-30 03:46:05+00:00,0.9985
2025-04-30 03:47:05+00:00,0.9985
2025-04-30 03:48:05+00:00,0.9985
2025-04-30 03:49:05+00:00,0.9985
2025-04-30 03:50:05+00:00,0.9985
2025-04-30 03:51:05+00:00,0.9985
2025-04-30 03:52:06+00:00,0.9985
2025-04-30 03:53:05+00:00,0.9985
2025-04-30 03:54:05+00:00,0.9985
2025-04-30 03:55:06+00:00,0.9985
2025-04-30 03:56:05+00:00,0.9985
2025-04-30 03:57:05+00:00,0.9985
2025-04-30 03:58:06+00:00,0.9985
2025-04-30 03:59:05+00:00,0.9985
2025-04-30 04:00:06+00:00,0.9985
2025-04-30 04:01:06+00:00,0.9985
2025-04-30 04:02:06+00:00,0.9985
2025-04-30 04:03:06+00:00,0.9985
2025-04-30 04:04:06+00:00,0.9985
2025-04-30 04:05:06+00:00,0.9985
2025-04-30 04:06:06+00:00,0.9985
2025-04-30 04:07:06+00:00,0.9985
2025-04-30 04:08:06+00:00,0.9985
2025-04-30 04:09:06+00:00,0.9985
2025-04-30 04:10:07+00:00,0.9985
2025-04-30 04:11:05+00:00,0.9985
2025-04-30 04:12:06+00:00,0.9985
2025-04-30 04:13:06+00:00,0.9985
2025-04-30 04:14:06+00:00,0.9985
2025-04-30 04:15:06+00:00,0.9985
2025-04-30 04:16:06+00:00,0.9985
2025-04-30 04:17:06+00:00,0.9985
2025-04-30 04:18:06+00:00,0.9985
2025-04-30 04:19:05+00:00,0.9985
2025-04-30 04:20:06+00:00,0.9985
2025-04-30 04:21:05+00:00,0.9985
2025-04-30 04:22:06+00:00,0.9985
2025-04-30 04:23:05+00:00,0.9985
2025-04-30 04:24:06+00:00,0.9985
2025-04-30 04:25:06+00:00,0.9985
2025-04-30 04:26:06+00:00,0.9985
2025-04-30 04:27:05+00:00,0.9985
2025-04-30 04:28:06+00:00,0.9985
2025-04-30 04:29:05+00:00,0.9985
2025-04-30 04:30:06+00:00,0.9985
2025-04-30 04:31:05+00:00,0.9985
2025-04-30 04:32:06+00:00,0.9985
2025-04-30 04:33:06+00:00,0.9985
2025-04-30 04:34:05+00:00,0.9985
2025-04-30 04:35:06+00:00,0.9985
2025-04-30 04:36:06+00:00,0.9985
2025-04-30 04:37:05+00:00,0.9985
2025-04-30 04:38:05+00:00,0.9985
2025-04-30 04:39:06+00:00,0.9985
2025-04-30 04:40:06+00:00,0.9985
2025-04-30 04:41:06+00:00,0.9985
2025-04-30 04:42:05+00:00,0.9985
2025-04-30 04:43:06+00:00,0.9985
2025-04-30 04:44:05+00:00,0.9985
2025-04-30 04:45:06+00:00,0.9985
2025-04-30 04:46:06+00:00,0.9985
2025-04-30 04:47:05+00:00,0.9985
2025-04-30 04:48:06+00:00,0.9985
2025-04-30 04:49:05+00:00,0.9985
2025-04-30 04:50:06+00:00,0.9985
2025-04-30 04:51:05+00:00,0.9985
2025-04-30 04:52:05+00:00,0.9985
2025-04-30 04:53:06+00:00,0.9985
2025-04-30 04:54:06+00:00,0.9985
2025-04-30 04:55:06+00:00,0.9985
2025-04-30 04:56:05+00:00,0.9985
2025-04-30 04:57:05+00:00,0.9985
2025-04-30 04:58:06+00:00,0.9985
2025-04-30 04:59:06+00:00,0.9985
2025-04-30 05:00:06+00:00,0.9985
2025-04-30 05:01:06+00:00,0.9985
2025-04-30 05:02:06+00:00,0.9985
2025-04-30 05:03:06+00:00,0.9985
2025-04-30 05:04:06+00:00,0.9985
2025-04-30 05:05:06+00:00,0.9985
2025-04-30 05:06:06+00:00,0.9985
2025-04-30 05:07:06+00:00,0.9985
2025-04-30 05:08:06+00:00,0.9985
2025-04-30 05:09:06+00:00,0.9985
2025-04-30 05:10:07+00:00,0.9985
2025-04-30 05:11:06+00:00,0.9985
2025-04-30 05:12:06+00:00,0.9985
2025-04-30 05:13:05+00:00,0.9985
2025-04-30 05:14:06+00:00,0.9985
2025-04-30 05:15:06+00:00,0.9985
2025-04-30 05:16:06+00:00,0.9985
2025-04-30 05:17:06+00:00,0.9985
2025-04-30 05:18:06+00:00,0.9985
2025-04-30 05:19:06+00:00,0.9985
2025-04-30 05:20:06+00:00,0.9985
2025-04-30 05:21:06+00:00,0.9985
2025-04-30 05:22:05+00:00,0.9985
2025-04-30 05:23:06+00:00,0.9985
2025-04-30 05:24:06+00:00,0.9985
2025-04-30 05:25:06+00:00,0.9985
2025-04-30 05:26:06+00:00,0.9985
2025-04-30 05:27:06+00:00,0.9985
2025-04-30 05:28:06+00:00,0.9985
2025-04-30 05:29:05+00:00,0.9985
2025-04-30 05:30:05+00:00,0.9985
2025-04-30 05:31:06+00:00,0.9985
2025-04-30 05:32:06+00:00,0.9985
2025-04-30 05:33:06+00:00,0.9985
2025-04-30 05:34:05+00:00,0.9985
2025-04-30 05:35:06+00:00,0.9985
2025-04-30 05:36:05+00:00,0.9985
2025-04-30 05:37:05+00:00,0.9985
2025-04-30 05:38:06+00:00,0.9985
2025-04-30 05:39:06+00:00,0.9985
2025-04-30 05:40:06+00:00,0.9985
2025-04-30 05:41:05+00:00,0.9985
2025-04-30 05:42:05+00:00,0.9985
2025-04-30 05:43:06+00:00,0.9985
2025-04-30 05:44:06+00:00,0.9985
2025-04-30 05:45:06+00:00,0.9985
2025-04-30 05:46:05+00:00,0.9985
2025-04-30 05:47:05+00:00,0.9985
2025-04-30 05:48:06+00:00,0.9985
2025-04-30 05:49:06+00:00,0.9985
2025-04-30 05:50:05+00:00,0.9985
2025-04-30 05:51:06+00:00,0.9985
2025-04-30 05:52:06+00:00,0.9985
2025-04-30 05:53:06+00:00,0.9985
2025-04-30 05:54:05+00:00,0.9985
2025-04-30 05:55:05+00:00,0.9985
2025-04-30 05:56:05+00:00,0.9985
2025-04-30 05:57:06+00:00,0.9985
2025-04-30 05:58:06+00:00,0.9985
2025-04-30 05:59:06+00:00,0.9985
2025-04-30 06:00:06+00:00,0.9985
2025-04-30 06:01:05+00:00,0.9985
2025-04-30 06:02:06+00:00,0.9985
2025-04-30 06:03:05+00:00,0.9985
2025-04-30 06:04:06+00:00,0.9985
2025-04-30 06:05:05+00:00,0.9985
2025-04-30 06:06:05+00:00,0.9985
2025-04-30 06:07:05+00:00,0.9985
2025-04-30 06:08:05+00:00,0.9985
2025-04-30 06:09:06+00:00,0.9985
2025-04-30 06:10:06+00:00,0.9985
2025-04-30 06:11:06+00:00,0.9985
2025-04-30 06:12:05+00:00,0.9985
2025-04-30 06:13:06+00:00,0.9985
2025-04-30 06:14:06+00:00,0.9985
2025-04-30 06:15:06+00:00,0.9985
2025-04-30 06:16:06+00:00,0.9985
2025-04-30 06:17:05+00:00,0.9985
2025-04-30 06:18:05+00:00,0.9985
2025-04-30 06:19:06+00:00,0.9985
2025-04-30 06:20:06+00:00,0.9985
2025-04-30 06:21:05+00:00,0.9985
2025-04-30 06:22:06+00:00,0.9985
2025-04-30 06:23:06+00:00,0.9985
2025-04-30 06:24:05+00:00,0.9985
2025-04-30 06:25:06+00:00,0.9985
2025-04-30 06:26:05+00:00,0.9985
2025-04-30 06:27:06+00:00,0.9985
2025-04-30 06:28:06+00:00,0.9985
2025-04-30 06:29:05+00:00,0.9985
2025-04-30 06:30:06+00:00,0.9985
2025-04-30 06:31:05+00:00,0.9985
2025-04-30 06:32:06+00:00,0.9985
2025-04-30 06:33:06+00:00,0.9985
2025-04-30 06:34:06+00:00,0.9985
2025-04-30 06:35:06+00:00,0.9985
2025-04-30 06:36:05+00:00,0.9985
2025-04-30 06:37:05+00:00,0.9985
2025-04-30 06:38:06+00:00,0.9985
2025-04-30 06:39:06+00:00,0.9985
2025-04-30 06:40:06+00:00,0.9985
2025-04-30 06:41:06+00:00,0.9985
2025-04-30 06:42:05+00:00,0.9985
2025-04-30 06:43:06+00:00,0.9985
2025-04-30 06:44:06+00:00,0.9985
2025-04-30 06:45:06+00:00,0.9985
2025-04-30 06:46:05+00:00,0.9985
2025-04-30 06:47:06+00:00,0.9985
2025-04-30 06:48:06+00:00,0.9985
2025-04-30 06:49:06+00:00,0.9985
2025-04-30 06:50:06+00:00,0.9985
2025-04-30 06:51:06+00:00,0.9985
2025-04-30 06:52:06+00:00,0.9985
2025-04-30 06:53:05+00:00,0.9985
2025-04-30 06:54:05+00:00,0.9985
2025-04-30 06:55:06+00:00,0.9985
2025-04-30 06:56:06+00:00,0.9985
2025-04-30 06:57:06+00:00,0.9985
2025-04-30 06:58:06+00:00,0.9985
2025-04-30 06:59:06+00:00,0.9985
2025-04-30 07:00:06+00:00,0.9985
2025-04-30 07:01:05+00:00,0.9985
2025-04-30 07:02:06+00:00,0.9985
2025-04-30 07:03:06+00:00,0.9985
2025-04-30 07:04:06+00:00,0.9985
2025-04-30 07:05:06+00:00,0.9985
2025-04-30 07:06:06+00:00,0.9985
2025-04-30 07:07:06+00:00,0.9985
2025-04-30 07:08:05+00:00,0.9985
2025-04-30 07:09:05+00:00,0.9985
2025-04-30 07:10:06+00:00,0.9985
2025-04-30 07:11:06+00:00,0.9985
2025-04-30 07:12:05+00:00,0.9985
2025-04-30 07:13:06+00:00,0.9985
2025-04-30 07:14:06+00:00,0.9985
2025-04-30 07:15:06+00:00,0.9985
2025-04-30 07:16:06+00:00,0.9985
2025-04-30 07:17:06+00:00,0.9985
2025-04-30 07:18:06+00:00,0.9985
2025-04-30 07:19:05+00:00,0.9985
2025-04-30 07:20:06+00:00,0.9985
2025-04-30 07:21:05+00:00,0.9985
2025-04-30 07:22:06+00:00,0.9985
2025-04-30 07:23:05+00:00,0.9985
2025-04-30 07:24:05+00:00,0.9985
2025-04-30 07:25:06+00:00,0.9985
2025-04-30 07:26:06+00:00,0.9985
2025-04-30 07:27:05+00:00,0.9985
2025-04-30 07:28:07+00:00,0.9985
2025-04-30 07:29:05+00:00,0.9985
2025-04-30 07:30:07+00:00,0.9985
2025-04-30 07:31:06+00:00,0.9985
2025-04-30 07:32:05+00:00,0.9985
2025-04-30 07:33:05+00:00,0.9985
2025-04-30 07:34:06+00:00,0.9985
2025-04-30 07:35:06+00:00,0.9985
2025-04-30 07:36:05+00:00,0.9985
2025-04-30 07:37:05+00:00,0.9985
2025-04-30 07:38:06+00:00,0.9985
2025-04-30 07:39:06+00:00,0.9985
2025-04-30 07:40:06+00:00,0.9985
2025-04-30 07:41:05+00:00,0.9985
2025-04-30 07:42:06+00:00,0.9985
2025-04-30 07:43:06+00:00,0.9985
2025-04-30 07:44:05+00:00,0.9985
2025-04-30 07:45:05+00:00,0.9985
2025-04-30 07:46:06+00:00,0.9985
2025-04-30 07:47:05+00:00,0.9985
2025-04-30 07:48:05+00:00,0.9985
2025-04-30 07:49:06+00:00,0.9985
2025-04-30 07:50:06+00:00,0.9985
2025-04-30 07:51:05+00:00,0.9985
2025-04-30 07:52:05+00:00,0.9985
2025-04-30 07:53:05+00:00,0.9985
2025-04-30 07:54:06+00:00,0.9985
2025-04-30 07:55:07+00:00,0.9985
2025-04-30 07:56:06+00:00,0.9985
2025-04-30 07:57:06+00:00,0.999
2025-04-30 07:58:05+00:00,0.999
2025-04-30 07:59:05+00:00,0.999
2025-04-30 08:00:06+00:00,0.999
2025-04-30 08:01:05+00:00,0.999
2025-04-30 08:02:05+00:00,0.999
2025-04-30 08:03:05+00:00,0.999
2025-04-30 08:04:06+00:00,0.999
2025-04-30 08:05:06+00:00,0.999
2025-04-30 08:06:06+00:00,0.999
2025-04-30 08:07:05+00:00,0.999
2025-04-30 08:08:05+00:00,0.999
2025-04-30 08:09:05+00:00,0.999
2025-04-30 08:10:06+00:00,0.999
2025-04-30 08:11:06+00:00,0.999
2025-04-30 08:12:06+00:00,0.999
2025-04-30 08:13:05+00:00,0.999
2025-04-30 08:14:05+00:00,0.999
2025-04-30 08:15:06+00:00,0.999
2025-04-30 08:16:06+00:00,0.999
2025-04-30 08:17:05+00:00,0.999
2025-04-30 08:18:06+00:00,0.9995
2025-04-30 08:19:05+00:00,0.9995
2025-04-30 08:20:05+00:00,0.9995
2025-04-30 08:21:05+00:00,0.9995
2025-04-30 08:22:05+00:00,0.9995
2025-04-30 08:23:05+00:00,0.9995
2025-04-30 08:24:05+00:00,0.9995
2025-04-30 08:25:06+00:00,0.9995
2025-04-30 08:26:06+00:00,0.9995
2025-04-30 08:27:05+00:00,0.9995
2025-04-30 08:28:05+00:00,0.9995
2025-04-30 08:29:06+00:00,0.9995
2025-04-30 08:30:06+00:00,0.9995
2025-04-30 08:31:05+00:00,0.9995
2025-04-30 08:32:05+00:00,0.9995
2025-04-30 08:33:05+00:00,0.9995
2025-04-30 08:34:05+00:00,0.9995
2025-04-30 08:35:06+00:00,0.9995
2025-04-30 08:36:05+00:00,0.9995
2025-04-30 08:37:05+00:00,0.9995
2025-04-30 08:38:05+00:00,0.9995
2025-04-30 08:39:05+00:00,0.9995
2025-04-30 08:40:06+00:00,0.9995
2025-04-30 08:41:05+00:00,0.9995
2025-04-30 08:42:06+00:00,0.9995
2025-04-30 08:43:05+00:00,0.9995
2025-04-30 08:44:05+00:00,0.9995
2025-04-30 08:45:06+00:00,0.9995
2025-04-30 08:46:05+00:00,0.9995
2025-04-30 08:47:05+00:00,0.9995
2025-04-30 08:48:06+00:00,0.9995
2025-04-30 08:49:05+00:00,0.9995
2025-04-30 08:50:05+00:00,0.9995
2025-04-30 08:51:05+00:00,0.9995
2025-04-30 08:52:06+00:00,0.9995
2025-04-30 08:53:05+00:00,0.9995
2025-04-30 08:54:05+00:00,0.9995
2025-04-30 08:55:06+00:00,0.9995
2025-04-30 08:56:06+00:00,0.9995
2025-04-30 08:57:05+00:00,0.9995
2025-04-30 08:58:05+00:00,0.9995
2025-04-30 08:59:05+00:00,0.9995
2025-04-30 09:00:05+00:00,0.9995
2025-04-30 09:01:05+00:00,0.9995
2025-04-30 09:02:05+00:00,0.9995
2025-04-30 09:03:05+00:00,0.9995
2025-04-30 09:04:05+00:00,0.9995
2025-04-30 09:05:06+00:00,0.9995
2025-04-30 09:06:05+00:00,0.9995
2025-04-30 09:07:05+00:00,0.9995
2025-04-30 09:08:06+00:00,0.9995
2025-04-30 09:09:05+00:00,0.9995
2025-04-30 09:10:06+00:00,0.9995
2025-04-30 09:11:05+00:00,0.9995
2025-04-30 09:12:05+00:00,0.9995
2025-04-30 09:13:06+00:00,0.9995
2025-04-30 09:14:05+00:00,0.9995
2025-04-30 09:15:06+00:00,0.9995
2025-04-30 09:16:05+00:00,0.9995
2025-04-30 09:17:05+00:00,0.9995
2025-04-30 09:18:05+00:00,0.9995
2025-04-30 09:19:05+00:00,0.9995
2025-04-30 09:20:05+00:00,0.9995
2025-04-30 09:21:06+00:00,0.9995
2025-04-30 09:22:06+00:00,0.9995
2025-04-30 09:23:05+00:00,0.9995
2025-04-30 09:24:05+00:00,0.9995
2025-04-30 09:25:06+00:00,0.9995
2025-04-30 09:26:05+00:00,0.9995
2025-04-30 09:27:05+00:00,0.9995
2025-04-30 09:28:05+00:00,0.9995
2025-04-30 09:29:05+00:00,0.9995
2025-04-30 09:30:06+00:00,0.9995
2025-04-30 09:31:05+00:00,0.9995
2025-04-30 09:32:05+00:00,0.9995
2025-04-30 09:33:05+00:00,0.9995
2025-04-30 09:34:05+00:00,0.9995
2025-04-30 09:35:06+00:00,0.9995
2025-04-30 09:36:05+00:00,0.9995
2025-04-30 09:37:05+00:00,0.9995
2025-04-30 09:38:05+00:00,0.9995
2025-04-30 09:39:05+00:00,0.9995
2025-04-30 09:40:06+00:00,0.9995
2025-04-30 09:41:05+00:00,0.9995
2025-04-30 09:42:05+00:00,0.9995
2025-04-30 09:43:05+00:00,0.9995
2025-04-30 09:44:06+00:00,0.9995
2025-04-30 09:45:06+00:00,0.9995
2025-04-30 09:46:06+00:00,0.9995
2025-04-30 09:47:05+00:00,0.9995
2025-04-30 09:48:05+00:00,0.9995
2025-04-30 09:49:05+00:00,0.9995
2025-04-30 09:50:05+00:00,0.9995
2025-04-30 09:51:05+00:00,0.9995
2025-04-30 09:52:05+00:00,0.9995
2025-04-30 09:53:06+00:00,0.9995
2025-04-30 09:54:06+00:00,0.9995
2025-04-30 09:55:05+00:00,0.9995
2025-04-30 09:56:05+00:00,0.9995
2025-04-30 09:57:05+00:00,0.9995
2025-04-30 09:58:05+00:00,0.9995
2025-04-30 09:59:06+00:00,0.9995
2025-04-30 10:00:06+00:00,0.9995
2025-04-30 10:01:05+00:00,0.9995
2025-04-30 10:02:05+00:00,0.9995
2025-04-30 10:03:06+00:00,0.9995
2025-04-30 10:04:05+00:00,0.9995
2025-04-30 10:05:05+00:00,0.9995
2025-04-30 10:06:05+00:00,0.9995
2025-04-30 10:07:06+00:00,0.9995
2025-04-30 10:08:05+00:00,0.9995
2025-04-30 10:09:05+00:00,0.9995
2025-04-30 10:10:05+00:00,0.9995
2025-04-30 10:11:05+00:00,0.9995
2025-04-30 10:12:05+00:00,0.9995
2025-04-30 10:13:05+00:00,0.9995
2025-04-30 10:14:05+00:00,0.9995
2025-04-30 10:15:06+00:00,0.9995
2025-04-30 10:16:05+00:00,0.9995
2025-04-30 10:17:05+00:00,0.9995
2025-04-30 10:18:05+00:00,0.9995
2025-04-30 10:19:05+00:00,0.9995
2025-04-30 10:20:06+00:00,0.9995
2025-04-30 10:21:05+00:00,0.9995
2025-04-30 10:22:05+00:00,0.9995
2025-04-30 10:23:05+00:00,0.9995
2025-04-30 10:24:06+00:00,0.9995
2025-04-30 10:25:05+00:00,0.9995
2025-04-30 10:26:06+00:00,0.9995
2025-04-30 10:27:05+00:00,0.9995
2025-04-30 10:28:05+00:00,0.9995
2025-04-30 10:29:05+00:00,0.9995
2025-04-30 10:30:06+00:00,0.9995
2025-04-30 10:31:05+00:00,0.9995
2025-04-30 10:32:05+00:00,0.9995
2025-04-30 10:33:05+00:00,0.9995
2025-04-30 10:34:05+00:00,0.9995
2025-04-30 10:35:06+00:00,0.9995
2025-04-30 10:36:05+00:00,0.9995
2025-04-30 10:37:05+00:00,0.9995
2025-04-30 10:38:05+00:00,0.9995
2025-04-30 10:39:05+00:00,0.9995
2025-04-30 10:40:06+00:00,0.9995
2025-04-30 10:41:05+00:00,0.9995
2025-04-30 10:42:05+00:00,0.9995
2025-04-30 10:43:05+00:00,0.9995
2025-04-30 10:44:05+00:00,0.9995
2025-04-30 10:45:06+00:00,0.9995
2025-04-30 10:46:06+00:00,0.9995
2025-04-30 10:47:04+00:00,0.9995
2025-04-30 10:48:05+00:00,0.9995
2025-04-30 10:49:06+00:00,0.9995
2025-04-30 10:50:06+00:00,0.9995
2025-04-30 10:51:05+00:00,0.9995
2025-04-30 10:52:05+00:00,0.9995
2025-04-30 10:53:06+00:00,0.9995
2025-04-30 10:54:05+00:00,0.9995
2025-04-30 10:55:05+00:00,0.9995
2025-04-30 10:56:06+00:00,0.9995
2025-04-30 10:57:05+00:00,0.9995
2025-04-30 10:58:06+00:00,0.9995
2025-04-30 10:59:05+00:00,0.9995
2025-04-30 11:00:05+00:00,0.9995
2025-04-30 11:01:06+00:00,0.9995
2025-04-30 11:02:06+00:00,0.9995
2025-04-30 11:03:05+00:00,0.9995
2025-04-30 11:04:06+00:00,0.9995
2025-04-30 11:05:06+00:00,0.9995
2025-04-30 11:06:06+00:00,0.9995
2025-04-30 11:07:05+00:00,0.9995
2025-04-30 11:08:06+00:00,0.9995
2025-04-30 11:09:05+00:00,0.9995
2025-04-30 11:10:06+00:00,0.9995
2025-04-30 11:11:05+00:00,0.9995
2025-04-30 11:12:06+00:00,0.9995
2025-04-30 11:13:05+00:00,0.9995
2025-04-30 11:14:06+00:00,0.9995
2025-04-30 11:15:06+00:00,0.9995
2025-04-30 11:16:06+00:00,0.9995
2025-04-30 11:17:06+00:00,0.9995
2025-04-30 11:18:06+00:00,0.9995
2025-04-30 11:19:05+00:00,0.9995
2025-04-30 11:20:06+00:00,0.9995
2025-04-30 11:21:05+00:00,0.9995
2025-04-30 11:22:06+00:00,0.9995
2025-04-30 11:23:06+00:00,0.9995
2025-04-30 11:24:06+00:00,0.9995
2025-04-30 11:25:05+00:00,0.9995
2025-04-30 11:26:06+00:00,0.9995
2025-04-30 11:27:06+00:00,0.9995
2025-04-30 11:28:05+00:00,0.9995
2025-04-30 11:29:05+00:00,0.9995
