timestamp,price
2025-01-09 05:39:03+00:00,0.505
2025-01-09 05:40:03+00:00,0.51
2025-01-09 05:41:03+00:00,0.51
2025-01-09 05:42:03+00:00,0.51
2025-01-09 05:43:03+00:00,0.505
2025-01-09 05:44:03+00:00,0.505
2025-01-09 05:45:03+00:00,0.505
2025-01-09 05:46:03+00:00,0.505
2025-01-09 05:47:03+00:00,0.515
2025-01-09 05:48:03+00:00,0.515
2025-01-09 05:49:03+00:00,0.515
2025-01-09 05:50:03+00:00,0.515
2025-01-09 05:51:03+00:00,0.515
2025-01-09 05:52:03+00:00,0.515
2025-01-09 05:53:03+00:00,0.515
2025-01-09 05:54:03+00:00,0.515
2025-01-09 05:55:03+00:00,0.515
2025-01-09 05:56:03+00:00,0.515
2025-01-09 05:57:03+00:00,0.515
2025-01-09 05:58:03+00:00,0.515
2025-01-09 05:59:03+00:00,0.515
2025-01-09 06:00:03+00:00,0.515
2025-01-09 06:01:03+00:00,0.515
2025-01-09 06:02:03+00:00,0.555
2025-01-09 06:03:03+00:00,0.555
2025-01-09 06:04:03+00:00,0.555
2025-01-09 06:05:03+00:00,0.555
2025-01-09 06:06:03+00:00,0.555
2025-01-09 06:07:03+00:00,0.555
2025-01-09 06:08:03+00:00,0.555
2025-01-09 06:09:03+00:00,0.555
2025-01-09 06:10:03+00:00,0.555
2025-01-09 06:11:03+00:00,0.555
2025-01-09 06:12:03+00:00,0.555
2025-01-09 06:13:03+00:00,0.555
2025-01-09 06:14:03+00:00,0.555
2025-01-09 06:15:03+00:00,0.555
2025-01-09 06:16:03+00:00,0.555
2025-01-09 06:17:03+00:00,0.555
2025-01-09 06:18:03+00:00,0.555
2025-01-09 06:19:03+00:00,0.555
2025-01-09 06:20:04+00:00,0.555
2025-01-09 06:21:03+00:00,0.555
2025-01-09 06:22:03+00:00,0.555
2025-01-09 06:23:03+00:00,0.555
2025-01-09 06:24:03+00:00,0.555
2025-01-09 06:25:03+00:00,0.555
2025-01-09 06:26:03+00:00,0.555
2025-01-09 06:27:03+00:00,0.555
2025-01-09 06:28:03+00:00,0.555
2025-01-09 06:29:03+00:00,0.555
2025-01-09 06:30:03+00:00,0.555
2025-01-09 06:31:03+00:00,0.555
2025-01-09 06:32:03+00:00,0.555
2025-01-09 06:33:03+00:00,0.555
2025-01-09 06:34:03+00:00,0.555
2025-01-09 06:35:03+00:00,0.555
2025-01-09 06:36:03+00:00,0.555
2025-01-09 06:37:03+00:00,0.555
2025-01-09 06:38:03+00:00,0.555
2025-01-09 06:39:03+00:00,0.555
2025-01-09 06:40:03+00:00,0.555
2025-01-09 06:41:03+00:00,0.555
2025-01-09 06:42:03+00:00,0.555
2025-01-09 06:43:03+00:00,0.555
2025-01-09 06:44:03+00:00,0.555
2025-01-09 06:45:03+00:00,0.555
2025-01-09 06:46:03+00:00,0.555
2025-01-09 06:47:03+00:00,0.555
2025-01-09 06:48:03+00:00,0.555
2025-01-09 06:49:03+00:00,0.555
2025-01-09 06:50:03+00:00,0.555
2025-01-09 06:51:03+00:00,0.555
2025-01-09 06:52:03+00:00,0.555
2025-01-09 06:53:03+00:00,0.555
2025-01-09 06:54:03+00:00,0.555
2025-01-09 06:55:03+00:00,0.555
2025-01-09 06:56:03+00:00,0.555
2025-01-09 06:57:03+00:00,0.555
2025-01-09 06:58:03+00:00,0.555
2025-01-09 06:59:03+00:00,0.555
2025-01-09 07:00:03+00:00,0.555
2025-01-09 07:01:03+00:00,0.555
2025-01-09 07:02:03+00:00,0.555
2025-01-09 07:03:03+00:00,0.555
2025-01-09 07:04:03+00:00,0.555
2025-01-09 07:05:03+00:00,0.555
2025-01-09 07:06:02+00:00,0.555
2025-01-09 07:07:03+00:00,0.555
2025-01-09 07:08:03+00:00,0.555
2025-01-09 07:09:03+00:00,0.555
2025-01-09 07:10:03+00:00,0.555
2025-01-09 07:11:03+00:00,0.555
2025-01-09 07:12:03+00:00,0.555
2025-01-09 07:13:03+00:00,0.555
2025-01-09 07:14:03+00:00,0.555
2025-01-09 07:15:03+00:00,0.555
2025-01-09 07:16:03+00:00,0.555
2025-01-09 07:17:03+00:00,0.555
2025-01-09 07:18:03+00:00,0.555
2025-01-09 07:19:03+00:00,0.555
2025-01-09 07:20:03+00:00,0.555
2025-01-09 07:21:03+00:00,0.555
2025-01-09 07:22:03+00:00,0.555
2025-01-09 07:23:03+00:00,0.555
2025-01-09 07:24:03+00:00,0.555
2025-01-09 07:25:03+00:00,0.555
2025-01-09 07:26:02+00:00,0.555
2025-01-09 07:27:03+00:00,0.555
2025-01-09 07:28:03+00:00,0.555
2025-01-09 07:29:03+00:00,0.555
2025-01-09 07:30:03+00:00,0.555
2025-01-09 07:31:03+00:00,0.555
2025-01-09 07:32:03+00:00,0.555
2025-01-09 07:33:03+00:00,0.555
2025-01-09 07:34:03+00:00,0.555
2025-01-09 07:35:03+00:00,0.555
2025-01-09 07:36:03+00:00,0.555
2025-01-09 07:37:03+00:00,0.555
2025-01-09 07:38:03+00:00,0.555
2025-01-09 07:39:03+00:00,0.555
2025-01-09 07:40:03+00:00,0.555
2025-01-09 07:41:03+00:00,0.555
2025-01-09 07:42:03+00:00,0.555
2025-01-09 07:43:03+00:00,0.555
2025-01-09 07:44:03+00:00,0.555
2025-01-09 07:45:03+00:00,0.555
2025-01-09 07:46:03+00:00,0.555
2025-01-09 07:47:03+00:00,0.555
2025-01-09 07:48:03+00:00,0.555
2025-01-09 07:49:03+00:00,0.555
2025-01-09 07:50:03+00:00,0.555
2025-01-09 07:51:03+00:00,0.555
2025-01-09 07:52:03+00:00,0.555
2025-01-09 07:53:03+00:00,0.555
2025-01-09 07:54:03+00:00,0.555
2025-01-09 07:55:03+00:00,0.555
2025-01-09 07:56:03+00:00,0.555
2025-01-09 07:57:03+00:00,0.555
2025-01-09 07:58:03+00:00,0.555
2025-01-09 07:59:03+00:00,0.555
2025-01-09 08:00:04+00:00,0.555
2025-01-09 08:01:03+00:00,0.555
2025-01-09 08:02:02+00:00,0.555
2025-01-09 08:03:03+00:00,0.555
2025-01-09 08:04:03+00:00,0.555
2025-01-09 08:05:03+00:00,0.555
2025-01-09 08:06:03+00:00,0.555
2025-01-09 08:07:03+00:00,0.555
2025-01-09 08:08:03+00:00,0.555
2025-01-09 08:09:03+00:00,0.555
2025-01-09 08:10:03+00:00,0.555
2025-01-09 08:11:03+00:00,0.555
2025-01-09 08:12:03+00:00,0.555
2025-01-09 08:13:03+00:00,0.555
2025-01-09 08:14:03+00:00,0.555
2025-01-09 08:15:03+00:00,0.555
2025-01-09 08:16:03+00:00,0.555
2025-01-09 08:17:03+00:00,0.555
2025-01-09 08:18:03+00:00,0.555
2025-01-09 08:19:03+00:00,0.555
2025-01-09 08:20:03+00:00,0.555
2025-01-09 08:21:03+00:00,0.555
2025-01-09 08:22:03+00:00,0.555
2025-01-09 08:23:03+00:00,0.555
2025-01-09 08:24:03+00:00,0.555
2025-01-09 08:25:03+00:00,0.555
2025-01-09 08:26:03+00:00,0.555
2025-01-09 08:27:03+00:00,0.555
2025-01-09 08:28:03+00:00,0.555
2025-01-09 08:29:03+00:00,0.555
2025-01-09 08:30:03+00:00,0.555
2025-01-09 08:31:03+00:00,0.555
2025-01-09 08:32:03+00:00,0.555
2025-01-09 08:33:03+00:00,0.555
2025-01-09 08:34:03+00:00,0.555
2025-01-09 08:35:03+00:00,0.555
2025-01-09 08:36:03+00:00,0.555
2025-01-09 08:37:03+00:00,0.555
2025-01-09 08:38:03+00:00,0.555
2025-01-09 08:39:03+00:00,0.555
2025-01-09 08:40:03+00:00,0.555
2025-01-09 08:41:03+00:00,0.555
2025-01-09 08:42:03+00:00,0.555
2025-01-09 08:43:03+00:00,0.555
2025-01-09 08:44:03+00:00,0.555
2025-01-09 08:45:03+00:00,0.555
2025-01-09 08:46:03+00:00,0.555
2025-01-09 08:47:03+00:00,0.555
2025-01-09 08:48:03+00:00,0.555
2025-01-09 08:49:03+00:00,0.555
2025-01-09 08:50:03+00:00,0.555
2025-01-09 08:51:03+00:00,0.555
2025-01-09 08:52:03+00:00,0.555
2025-01-09 08:53:03+00:00,0.555
2025-01-09 08:54:03+00:00,0.555
2025-01-09 08:55:02+00:00,0.555
2025-01-09 08:56:03+00:00,0.555
2025-01-09 08:57:03+00:00,0.555
2025-01-09 08:58:03+00:00,0.555
2025-01-09 08:59:03+00:00,0.555
2025-01-09 09:00:03+00:00,0.555
2025-01-09 09:01:03+00:00,0.555
2025-01-09 09:02:03+00:00,0.555
2025-01-09 09:03:03+00:00,0.555
2025-01-09 09:04:03+00:00,0.555
2025-01-09 09:05:03+00:00,0.555
2025-01-09 09:06:03+00:00,0.555
2025-01-09 09:07:03+00:00,0.555
2025-01-09 09:08:03+00:00,0.555
2025-01-09 09:09:03+00:00,0.555
2025-01-09 09:10:03+00:00,0.555
2025-01-09 09:11:03+00:00,0.555
2025-01-09 09:12:03+00:00,0.555
2025-01-09 09:13:03+00:00,0.555
2025-01-09 09:14:03+00:00,0.555
2025-01-09 09:15:03+00:00,0.555
2025-01-09 09:16:03+00:00,0.555
2025-01-09 09:17:03+00:00,0.555
2025-01-09 09:18:03+00:00,0.555
2025-01-09 09:19:03+00:00,0.555
2025-01-09 09:20:03+00:00,0.555
2025-01-09 09:21:03+00:00,0.555
2025-01-09 09:22:03+00:00,0.555
2025-01-09 09:23:03+00:00,0.555
2025-01-09 09:24:03+00:00,0.585
2025-01-09 09:25:03+00:00,0.585
2025-01-09 09:26:03+00:00,0.585
2025-01-09 09:27:03+00:00,0.585
2025-01-09 09:28:03+00:00,0.585
2025-01-09 09:29:03+00:00,0.585
2025-01-09 09:30:03+00:00,0.585
2025-01-09 09:31:03+00:00,0.585
2025-01-09 09:32:03+00:00,0.585
2025-01-09 09:33:03+00:00,0.59
2025-01-09 09:34:03+00:00,0.59
2025-01-09 09:35:03+00:00,0.59
2025-01-09 09:36:03+00:00,0.59
2025-01-09 09:37:03+00:00,0.59
2025-01-09 09:38:03+00:00,0.59
2025-01-09 09:39:03+00:00,0.585
2025-01-09 09:40:03+00:00,0.585
2025-01-09 09:41:03+00:00,0.585
2025-01-09 09:42:03+00:00,0.585
2025-01-09 09:43:03+00:00,0.585
2025-01-09 09:44:03+00:00,0.585
2025-01-09 09:45:03+00:00,0.585
2025-01-09 09:46:03+00:00,0.585
2025-01-09 09:47:03+00:00,0.585
2025-01-09 09:48:03+00:00,0.585
2025-01-09 09:49:03+00:00,0.585
2025-01-09 09:50:03+00:00,0.585
2025-01-09 09:51:03+00:00,0.585
2025-01-09 09:52:03+00:00,0.585
2025-01-09 09:53:03+00:00,0.585
2025-01-09 09:54:03+00:00,0.585
2025-01-09 09:55:03+00:00,0.585
2025-01-09 09:56:03+00:00,0.585
2025-01-09 09:57:03+00:00,0.585
2025-01-09 09:58:03+00:00,0.585
2025-01-09 09:59:03+00:00,0.585
2025-01-09 10:00:04+00:00,0.585
2025-01-09 10:01:03+00:00,0.585
2025-01-09 10:02:03+00:00,0.585
2025-01-09 10:03:03+00:00,0.585
2025-01-09 10:04:03+00:00,0.585
2025-01-09 10:05:03+00:00,0.585
2025-01-09 10:06:03+00:00,0.585
2025-01-09 10:07:03+00:00,0.585
2025-01-09 10:08:03+00:00,0.585
2025-01-09 10:09:03+00:00,0.585
2025-01-09 10:10:03+00:00,0.585
2025-01-09 10:11:03+00:00,0.585
2025-01-09 10:12:03+00:00,0.585
2025-01-09 10:13:03+00:00,0.575
2025-01-09 10:14:03+00:00,0.575
2025-01-09 10:15:03+00:00,0.575
2025-01-09 10:16:03+00:00,0.575
2025-01-09 10:17:03+00:00,0.575
2025-01-09 10:18:03+00:00,0.585
2025-01-09 10:19:03+00:00,0.58
2025-01-09 10:20:03+00:00,0.58
2025-01-09 10:21:03+00:00,0.575
2025-01-09 10:22:03+00:00,0.58
2025-01-09 10:23:03+00:00,0.58
2025-01-09 10:24:03+00:00,0.565
2025-01-09 10:25:03+00:00,0.565
2025-01-09 10:26:03+00:00,0.58
2025-01-09 10:27:03+00:00,0.58
2025-01-09 10:28:03+00:00,0.58
2025-01-09 10:29:03+00:00,0.575
2025-01-09 10:30:03+00:00,0.575
2025-01-09 10:31:03+00:00,0.575
2025-01-09 10:32:03+00:00,0.565
2025-01-09 10:33:03+00:00,0.53
2025-01-09 10:34:02+00:00,0.53
2025-01-09 10:35:03+00:00,0.53
2025-01-09 10:36:03+00:00,0.53
2025-01-09 10:37:03+00:00,0.53
2025-01-09 10:38:03+00:00,0.53
2025-01-09 10:39:03+00:00,0.55
2025-01-09 10:40:03+00:00,0.555
2025-01-09 10:41:03+00:00,0.555
2025-01-09 10:42:03+00:00,0.555
2025-01-09 10:43:03+00:00,0.56
2025-01-09 10:44:03+00:00,0.555
2025-01-09 10:45:03+00:00,0.52
2025-01-09 10:46:03+00:00,0.52
2025-01-09 10:47:03+00:00,0.52
2025-01-09 10:48:03+00:00,0.52
2025-01-09 10:49:02+00:00,0.52
2025-01-09 10:50:03+00:00,0.52
2025-01-09 10:51:02+00:00,0.52
2025-01-09 10:52:03+00:00,0.52
2025-01-09 10:53:03+00:00,0.52
2025-01-09 10:54:03+00:00,0.52
2025-01-09 10:55:03+00:00,0.52
2025-01-09 10:56:03+00:00,0.52
2025-01-09 10:57:03+00:00,0.52
2025-01-09 10:58:03+00:00,0.52
2025-01-09 10:59:03+00:00,0.52
2025-01-09 11:00:03+00:00,0.525
2025-01-09 11:01:03+00:00,0.525
2025-01-09 11:02:03+00:00,0.525
2025-01-09 11:03:03+00:00,0.525
2025-01-09 11:04:03+00:00,0.525
2025-01-09 11:05:03+00:00,0.525
2025-01-09 11:06:03+00:00,0.495
2025-01-09 11:07:03+00:00,0.495
2025-01-09 11:08:03+00:00,0.495
2025-01-09 11:09:03+00:00,0.455
2025-01-09 11:10:03+00:00,0.455
2025-01-09 11:11:03+00:00,0.455
2025-01-09 11:12:03+00:00,0.455
2025-01-09 11:13:03+00:00,0.455
2025-01-09 11:14:03+00:00,0.455
2025-01-09 11:15:03+00:00,0.455
2025-01-09 11:16:03+00:00,0.455
2025-01-09 11:17:03+00:00,0.455
2025-01-09 11:18:03+00:00,0.455
2025-01-09 11:19:03+00:00,0.455
2025-01-09 11:20:03+00:00,0.455
2025-01-09 11:21:03+00:00,0.455
2025-01-09 11:22:03+00:00,0.455
2025-01-09 11:23:03+00:00,0.455
2025-01-09 11:24:03+00:00,0.455
2025-01-09 11:25:03+00:00,0.455
2025-01-09 11:26:03+00:00,0.455
2025-01-09 11:27:03+00:00,0.455
2025-01-09 11:28:03+00:00,0.455
2025-01-09 11:29:03+00:00,0.455
2025-01-09 11:30:04+00:00,0.455
2025-01-09 11:31:03+00:00,0.455
2025-01-09 11:32:03+00:00,0.455
2025-01-09 11:33:03+00:00,0.455
2025-01-09 11:34:03+00:00,0.455
2025-01-09 11:35:03+00:00,0.455
2025-01-09 11:36:03+00:00,0.455
2025-01-09 11:37:03+00:00,0.455
2025-01-09 11:38:03+00:00,0.455
2025-01-09 11:39:03+00:00,0.455
2025-01-09 11:40:03+00:00,0.455
2025-01-09 11:41:03+00:00,0.455
2025-01-09 11:42:03+00:00,0.455
2025-01-09 11:43:03+00:00,0.455
2025-01-09 11:44:03+00:00,0.455
2025-01-09 11:45:03+00:00,0.455
2025-01-09 11:46:03+00:00,0.455
2025-01-09 11:47:03+00:00,0.455
2025-01-09 11:48:03+00:00,0.455
2025-01-09 11:49:03+00:00,0.455
2025-01-09 11:50:03+00:00,0.455
2025-01-09 11:51:03+00:00,0.455
2025-01-09 11:52:03+00:00,0.495
2025-01-09 11:53:03+00:00,0.5
2025-01-09 11:54:03+00:00,0.5
2025-01-09 11:55:03+00:00,0.5
2025-01-09 11:56:03+00:00,0.5
2025-01-09 11:57:03+00:00,0.5
2025-01-09 11:58:03+00:00,0.505
2025-01-09 11:59:03+00:00,0.505
2025-01-09 12:00:03+00:00,0.47
2025-01-09 12:01:03+00:00,0.465
2025-01-09 12:02:03+00:00,0.475
2025-01-09 12:03:03+00:00,0.505
2025-01-09 12:04:03+00:00,0.505
2025-01-09 12:05:03+00:00,0.505
2025-01-09 12:06:03+00:00,0.505
2025-01-09 12:07:03+00:00,0.505
2025-01-09 12:08:03+00:00,0.505
2025-01-09 12:09:03+00:00,0.5
2025-01-09 12:10:04+00:00,0.5
2025-01-09 12:11:03+00:00,0.495
2025-01-09 12:12:03+00:00,0.5
2025-01-09 12:13:03+00:00,0.5
2025-01-09 12:14:04+00:00,0.495
2025-01-09 12:15:03+00:00,0.495
2025-01-09 12:16:03+00:00,0.495
2025-01-09 12:17:03+00:00,0.505
2025-01-09 12:18:03+00:00,0.5
2025-01-09 12:19:03+00:00,0.515
2025-01-09 12:20:03+00:00,0.515
2025-01-09 12:21:03+00:00,0.505
2025-01-09 12:22:03+00:00,0.505
2025-01-09 12:23:03+00:00,0.505
2025-01-09 12:24:03+00:00,0.47
2025-01-09 12:25:03+00:00,0.465
2025-01-09 12:26:03+00:00,0.465
2025-01-09 12:27:03+00:00,0.47
2025-01-09 12:28:03+00:00,0.47
2025-01-09 12:29:03+00:00,0.47
2025-01-09 12:30:04+00:00,0.47
2025-01-09 12:31:03+00:00,0.47
2025-01-09 12:32:03+00:00,0.47
2025-01-09 12:33:03+00:00,0.47
2025-01-09 12:34:03+00:00,0.47
2025-01-09 12:35:04+00:00,0.47
2025-01-09 12:36:04+00:00,0.47
2025-01-09 12:37:03+00:00,0.47
2025-01-09 12:38:03+00:00,0.47
2025-01-09 12:39:03+00:00,0.47
2025-01-09 12:40:03+00:00,0.47
2025-01-09 12:41:03+00:00,0.47
2025-01-09 12:42:03+00:00,0.47
2025-01-09 12:43:03+00:00,0.47
2025-01-09 12:44:04+00:00,0.47
2025-01-09 12:45:03+00:00,0.47
2025-01-09 12:46:03+00:00,0.47
2025-01-09 12:47:03+00:00,0.47
2025-01-09 12:48:03+00:00,0.47
2025-01-09 12:49:03+00:00,0.47
2025-01-09 12:50:03+00:00,0.47
2025-01-09 12:51:03+00:00,0.47
2025-01-09 12:52:03+00:00,0.47
2025-01-09 12:53:03+00:00,0.47
2025-01-09 12:54:03+00:00,0.47
2025-01-09 12:55:03+00:00,0.47
2025-01-09 12:56:03+00:00,0.47
2025-01-09 12:57:03+00:00,0.47
2025-01-09 12:58:03+00:00,0.465
2025-01-09 12:59:03+00:00,0.47
2025-01-09 13:00:04+00:00,0.475
2025-01-09 13:01:03+00:00,0.475
2025-01-09 13:02:03+00:00,0.47
2025-01-09 13:03:03+00:00,0.47
2025-01-09 13:04:03+00:00,0.47
2025-01-09 13:05:03+00:00,0.47
2025-01-09 13:06:03+00:00,0.47
2025-01-09 13:07:03+00:00,0.47
2025-01-09 13:08:03+00:00,0.47
2025-01-09 13:09:03+00:00,0.47
2025-01-09 13:10:04+00:00,0.47
2025-01-09 13:11:03+00:00,0.47
2025-01-09 13:12:03+00:00,0.47
2025-01-09 13:13:03+00:00,0.47
2025-01-09 13:14:03+00:00,0.47
2025-01-09 13:15:03+00:00,0.47
2025-01-09 13:16:04+00:00,0.47
2025-01-09 13:17:03+00:00,0.47
2025-01-09 13:18:03+00:00,0.47
2025-01-09 13:19:03+00:00,0.47
2025-01-09 13:20:03+00:00,0.47
2025-01-09 13:21:03+00:00,0.47
2025-01-09 13:22:03+00:00,0.47
2025-01-09 13:23:03+00:00,0.47
2025-01-09 13:24:03+00:00,0.47
2025-01-09 13:25:03+00:00,0.47
2025-01-09 13:26:03+00:00,0.47
2025-01-09 13:27:03+00:00,0.47
2025-01-09 13:28:03+00:00,0.47
2025-01-09 13:29:03+00:00,0.47
2025-01-09 13:30:04+00:00,0.47
2025-01-09 13:31:03+00:00,0.47
2025-01-09 13:32:03+00:00,0.47
2025-01-09 13:33:03+00:00,0.47
2025-01-09 13:34:03+00:00,0.47
2025-01-09 13:35:03+00:00,0.47
2025-01-09 13:36:03+00:00,0.47
2025-01-09 13:37:03+00:00,0.465
2025-01-09 13:38:03+00:00,0.465
2025-01-09 13:39:03+00:00,0.465
2025-01-09 13:40:04+00:00,0.465
2025-01-09 13:41:03+00:00,0.465
2025-01-09 13:42:03+00:00,0.47
2025-01-09 13:43:03+00:00,0.47
2025-01-09 13:44:03+00:00,0.47
2025-01-09 13:45:03+00:00,0.47
2025-01-09 13:46:03+00:00,0.465
2025-01-09 13:47:03+00:00,0.465
2025-01-09 13:48:03+00:00,0.465
2025-01-09 13:49:03+00:00,0.465
2025-01-09 13:50:03+00:00,0.465
2025-01-09 13:51:03+00:00,0.47
2025-01-09 13:52:03+00:00,0.47
2025-01-09 13:53:03+00:00,0.47
2025-01-09 13:54:03+00:00,0.47
2025-01-09 13:55:03+00:00,0.47
2025-01-09 13:56:03+00:00,0.475
2025-01-09 13:57:03+00:00,0.475
2025-01-09 13:58:03+00:00,0.475
2025-01-09 13:59:03+00:00,0.475
2025-01-09 14:00:03+00:00,0.475
2025-01-09 14:01:03+00:00,0.475
2025-01-09 14:02:03+00:00,0.475
2025-01-09 14:03:03+00:00,0.475
2025-01-09 14:04:03+00:00,0.475
2025-01-09 14:05:03+00:00,0.475
2025-01-09 14:06:03+00:00,0.475
2025-01-09 14:07:03+00:00,0.475
2025-01-09 14:08:03+00:00,0.475
2025-01-09 14:09:03+00:00,0.475
2025-01-09 14:10:04+00:00,0.475
2025-01-09 14:11:03+00:00,0.475
2025-01-09 14:12:03+00:00,0.475
2025-01-09 14:13:03+00:00,0.475
2025-01-09 14:14:03+00:00,0.46
2025-01-09 14:15:03+00:00,0.46
2025-01-09 14:16:03+00:00,0.46
2025-01-09 14:17:03+00:00,0.46
2025-01-09 14:18:03+00:00,0.46
2025-01-09 14:19:03+00:00,0.46
2025-01-09 14:20:03+00:00,0.46
2025-01-09 14:21:03+00:00,0.46
2025-01-09 14:22:03+00:00,0.46
2025-01-09 14:23:03+00:00,0.46
2025-01-09 14:24:03+00:00,0.46
2025-01-09 14:25:03+00:00,0.46
2025-01-09 14:26:03+00:00,0.46
2025-01-09 14:27:03+00:00,0.46
2025-01-09 14:28:03+00:00,0.465
2025-01-09 14:29:03+00:00,0.465
2025-01-09 14:30:03+00:00,0.465
2025-01-09 14:31:03+00:00,0.465
2025-01-09 14:32:03+00:00,0.46
2025-01-09 14:33:03+00:00,0.46
2025-01-09 14:34:03+00:00,0.46
2025-01-09 14:35:03+00:00,0.46
2025-01-09 14:36:03+00:00,0.46
2025-01-09 14:37:03+00:00,0.46
2025-01-09 14:38:03+00:00,0.46
2025-01-09 14:39:03+00:00,0.46
2025-01-09 14:40:03+00:00,0.46
2025-01-09 14:41:03+00:00,0.46
2025-01-09 14:42:03+00:00,0.46
2025-01-09 14:43:03+00:00,0.46
2025-01-09 14:44:03+00:00,0.475
2025-01-09 14:45:03+00:00,0.475
2025-01-09 14:46:03+00:00,0.475
2025-01-09 14:47:03+00:00,0.475
2025-01-09 14:48:03+00:00,0.475
2025-01-09 14:49:03+00:00,0.475
2025-01-09 14:50:03+00:00,0.475
2025-01-09 14:51:03+00:00,0.475
2025-01-09 14:52:03+00:00,0.475
2025-01-09 14:53:03+00:00,0.475
2025-01-09 14:54:03+00:00,0.475
2025-01-09 14:55:03+00:00,0.475
2025-01-09 14:56:03+00:00,0.475
2025-01-09 14:57:03+00:00,0.475
2025-01-09 14:58:03+00:00,0.48
2025-01-09 14:59:03+00:00,0.48
2025-01-09 15:00:03+00:00,0.475
2025-01-09 15:01:03+00:00,0.475
2025-01-09 15:02:03+00:00,0.475
2025-01-09 15:03:03+00:00,0.475
2025-01-09 15:04:04+00:00,0.475
2025-01-09 15:05:03+00:00,0.475
2025-01-09 15:06:03+00:00,0.475
2025-01-09 15:07:03+00:00,0.475
2025-01-09 15:08:03+00:00,0.475
2025-01-09 15:09:03+00:00,0.475
2025-01-09 15:10:04+00:00,0.475
2025-01-09 15:11:03+00:00,0.475
2025-01-09 15:12:03+00:00,0.47
2025-01-09 15:13:03+00:00,0.455
2025-01-09 15:14:03+00:00,0.455
2025-01-09 15:15:03+00:00,0.455
2025-01-09 15:16:04+00:00,0.455
2025-01-09 15:17:03+00:00,0.455
2025-01-09 15:18:03+00:00,0.455
2025-01-09 15:19:03+00:00,0.455
2025-01-09 15:20:04+00:00,0.455
2025-01-09 15:21:03+00:00,0.455
2025-01-09 15:22:03+00:00,0.455
2025-01-09 15:23:03+00:00,0.455
2025-01-09 15:24:03+00:00,0.455
2025-01-09 15:25:03+00:00,0.455
2025-01-09 15:26:03+00:00,0.455
2025-01-09 15:27:03+00:00,0.455
2025-01-09 15:28:03+00:00,0.455
2025-01-09 15:29:03+00:00,0.455
2025-01-09 15:30:03+00:00,0.455
2025-01-09 15:31:03+00:00,0.455
2025-01-09 15:32:03+00:00,0.455
2025-01-09 15:33:03+00:00,0.455
2025-01-09 15:34:04+00:00,0.455
2025-01-09 15:35:03+00:00,0.455
2025-01-09 15:36:03+00:00,0.455
2025-01-09 15:37:03+00:00,0.455
2025-01-09 15:38:03+00:00,0.435
2025-01-09 15:39:03+00:00,0.43
2025-01-09 15:40:03+00:00,0.43
2025-01-09 15:41:03+00:00,0.43
2025-01-09 15:42:03+00:00,0.43
2025-01-09 15:43:03+00:00,0.43
2025-01-09 15:44:03+00:00,0.435
2025-01-09 15:45:03+00:00,0.435
2025-01-09 15:46:03+00:00,0.435
2025-01-09 15:47:03+00:00,0.435
2025-01-09 15:48:03+00:00,0.43
2025-01-09 15:49:03+00:00,0.43
2025-01-09 15:50:03+00:00,0.43
2025-01-09 15:51:03+00:00,0.43
2025-01-09 15:52:03+00:00,0.43
2025-01-09 15:53:03+00:00,0.435
2025-01-09 15:54:03+00:00,0.435
2025-01-09 15:55:03+00:00,0.43
2025-01-09 15:56:03+00:00,0.43
2025-01-09 15:57:03+00:00,0.43
2025-01-09 15:58:03+00:00,0.43
2025-01-09 15:59:03+00:00,0.43
2025-01-09 16:00:03+00:00,0.43
2025-01-09 16:01:03+00:00,0.43
2025-01-09 16:02:03+00:00,0.43
2025-01-09 16:03:03+00:00,0.425
2025-01-09 16:04:03+00:00,0.425
2025-01-09 16:05:03+00:00,0.425
2025-01-09 16:06:03+00:00,0.43
2025-01-09 16:07:03+00:00,0.43
2025-01-09 16:08:03+00:00,0.435
2025-01-09 16:09:03+00:00,0.435
2025-01-09 16:10:03+00:00,0.425
2025-01-09 16:11:03+00:00,0.425
2025-01-09 16:12:03+00:00,0.425
2025-01-09 16:13:03+00:00,0.425
2025-01-09 16:14:03+00:00,0.445
2025-01-09 16:15:03+00:00,0.445
2025-01-09 16:16:03+00:00,0.44
2025-01-09 16:17:03+00:00,0.45
2025-01-09 16:18:04+00:00,0.45
2025-01-09 16:19:03+00:00,0.44
2025-01-09 16:20:03+00:00,0.44
2025-01-09 16:21:03+00:00,0.45
2025-01-09 16:22:03+00:00,0.45
2025-01-09 16:23:03+00:00,0.45
2025-01-09 16:24:04+00:00,0.45
2025-01-09 16:25:03+00:00,0.45
2025-01-09 16:26:03+00:00,0.45
2025-01-09 16:27:03+00:00,0.45
2025-01-09 16:28:03+00:00,0.45
2025-01-09 16:29:03+00:00,0.45
2025-01-09 16:30:03+00:00,0.475
2025-01-09 16:31:03+00:00,0.475
2025-01-09 16:32:03+00:00,0.475
2025-01-09 16:33:03+00:00,0.475
2025-01-09 16:34:03+00:00,0.475
2025-01-09 16:35:03+00:00,0.475
2025-01-09 16:36:03+00:00,0.475
2025-01-09 16:37:03+00:00,0.475
2025-01-09 16:38:03+00:00,0.475
2025-01-09 16:39:03+00:00,0.475
2025-01-09 16:40:04+00:00,0.475
2025-01-09 16:41:03+00:00,0.475
2025-01-09 16:42:03+00:00,0.475
2025-01-09 16:43:03+00:00,0.475
2025-01-09 16:44:03+00:00,0.475
2025-01-09 16:45:03+00:00,0.475
2025-01-09 16:46:03+00:00,0.475
2025-01-09 16:47:03+00:00,0.475
2025-01-09 16:48:03+00:00,0.475
2025-01-09 16:49:03+00:00,0.475
2025-01-09 16:50:04+00:00,0.475
2025-01-09 16:51:03+00:00,0.475
2025-01-09 16:52:03+00:00,0.475
2025-01-09 16:53:03+00:00,0.475
2025-01-09 16:54:03+00:00,0.475
2025-01-09 16:55:03+00:00,0.475
2025-01-09 16:56:03+00:00,0.475
2025-01-09 16:57:03+00:00,0.475
2025-01-09 16:58:03+00:00,0.475
2025-01-09 16:59:03+00:00,0.475
2025-01-09 17:00:03+00:00,0.475
2025-01-09 17:01:03+00:00,0.475
2025-01-09 17:02:03+00:00,0.475
2025-01-09 17:03:03+00:00,0.475
2025-01-09 17:04:03+00:00,0.475
2025-01-09 17:05:03+00:00,0.475
2025-01-09 17:06:03+00:00,0.475
2025-01-09 17:07:03+00:00,0.475
2025-01-09 17:08:03+00:00,0.475
2025-01-09 17:09:03+00:00,0.475
2025-01-09 17:10:03+00:00,0.475
2025-01-09 17:11:03+00:00,0.475
2025-01-09 17:12:04+00:00,0.475
2025-01-09 17:13:03+00:00,0.475
2025-01-09 17:14:03+00:00,0.475
2025-01-09 17:15:03+00:00,0.475
2025-01-09 17:16:03+00:00,0.475
2025-01-09 17:17:03+00:00,0.475
2025-01-09 17:18:03+00:00,0.475
2025-01-09 17:19:03+00:00,0.475
2025-01-09 17:20:03+00:00,0.475
2025-01-09 17:21:04+00:00,0.475
2025-01-09 17:22:03+00:00,0.475
2025-01-09 17:23:03+00:00,0.475
2025-01-09 17:24:03+00:00,0.475
2025-01-09 17:25:03+00:00,0.475
2025-01-09 17:26:03+00:00,0.475
2025-01-09 17:27:03+00:00,0.475
2025-01-09 17:28:03+00:00,0.475
2025-01-09 17:29:03+00:00,0.475
2025-01-09 17:30:03+00:00,0.475
2025-01-09 17:31:03+00:00,0.475
2025-01-09 17:32:03+00:00,0.475
2025-01-09 17:33:03+00:00,0.475
2025-01-09 17:34:03+00:00,0.475
2025-01-09 17:35:04+00:00,0.475
2025-01-09 17:36:03+00:00,0.475
2025-01-09 17:37:03+00:00,0.475
2025-01-09 17:38:03+00:00,0.475
2025-01-09 17:39:03+00:00,0.475
2025-01-09 17:40:04+00:00,0.475
2025-01-09 17:41:03+00:00,0.475
2025-01-09 17:42:03+00:00,0.475
2025-01-09 17:43:03+00:00,0.475
2025-01-09 17:44:03+00:00,0.475
2025-01-09 17:45:03+00:00,0.475
2025-01-09 17:46:03+00:00,0.475
2025-01-09 17:47:03+00:00,0.475
2025-01-09 17:48:04+00:00,0.475
2025-01-09 17:49:03+00:00,0.475
2025-01-09 17:50:03+00:00,0.475
2025-01-09 17:51:03+00:00,0.475
2025-01-09 17:52:04+00:00,0.475
2025-01-09 17:53:03+00:00,0.475
2025-01-09 17:54:03+00:00,0.475
2025-01-09 17:55:03+00:00,0.475
2025-01-09 17:56:04+00:00,0.475
2025-01-09 17:57:03+00:00,0.475
2025-01-09 17:58:03+00:00,0.475
2025-01-09 17:59:03+00:00,0.45
2025-01-09 18:00:03+00:00,0.45
2025-01-09 18:01:04+00:00,0.45
2025-01-09 18:02:03+00:00,0.45
2025-01-09 18:03:03+00:00,0.45
2025-01-09 18:04:03+00:00,0.455
2025-01-09 18:05:03+00:00,0.455
2025-01-09 18:06:03+00:00,0.455
2025-01-09 18:07:03+00:00,0.455
2025-01-09 18:08:03+00:00,0.455
2025-01-09 18:09:03+00:00,0.45
2025-01-09 18:10:03+00:00,0.45
2025-01-09 18:11:03+00:00,0.45
2025-01-09 18:12:03+00:00,0.45
2025-01-09 18:13:03+00:00,0.45
2025-01-09 18:14:03+00:00,0.45
2025-01-09 18:15:03+00:00,0.45
2025-01-09 18:16:03+00:00,0.45
2025-01-09 18:17:03+00:00,0.45
2025-01-09 18:18:03+00:00,0.45
2025-01-09 18:19:03+00:00,0.455
2025-01-09 18:20:04+00:00,0.455
2025-01-09 18:21:03+00:00,0.455
2025-01-09 18:22:03+00:00,0.455
2025-01-09 18:23:03+00:00,0.45
2025-01-09 18:24:03+00:00,0.45
2025-01-09 18:25:03+00:00,0.45
2025-01-09 18:26:03+00:00,0.445
2025-01-09 18:27:03+00:00,0.445
2025-01-09 18:28:03+00:00,0.445
2025-01-09 18:29:03+00:00,0.445
2025-01-09 18:30:03+00:00,0.445
2025-01-09 18:31:04+00:00,0.445
2025-01-09 18:32:03+00:00,0.445
2025-01-09 18:33:03+00:00,0.445
2025-01-09 18:34:03+00:00,0.445
2025-01-09 18:35:03+00:00,0.445
2025-01-09 18:36:03+00:00,0.445
2025-01-09 18:37:03+00:00,0.445
2025-01-09 18:38:03+00:00,0.445
2025-01-09 18:39:03+00:00,0.445
2025-01-09 18:40:03+00:00,0.445
2025-01-09 18:41:03+00:00,0.445
2025-01-09 18:42:03+00:00,0.445
2025-01-09 18:43:03+00:00,0.445
2025-01-09 18:44:03+00:00,0.45
2025-01-09 18:45:03+00:00,0.45
2025-01-09 18:46:03+00:00,0.45
2025-01-09 18:47:03+00:00,0.45
2025-01-09 18:48:03+00:00,0.45
2025-01-09 18:49:03+00:00,0.45
2025-01-09 18:50:03+00:00,0.45
2025-01-09 18:51:03+00:00,0.445
2025-01-09 18:52:03+00:00,0.45
2025-01-09 18:53:03+00:00,0.45
2025-01-09 18:54:03+00:00,0.45
2025-01-09 18:55:03+00:00,0.45
2025-01-09 18:56:03+00:00,0.45
2025-01-09 18:57:03+00:00,0.45
2025-01-09 18:58:03+00:00,0.45
2025-01-09 18:59:03+00:00,0.465
2025-01-09 19:00:03+00:00,0.465
2025-01-09 19:01:03+00:00,0.45
2025-01-09 19:02:03+00:00,0.45
2025-01-09 19:03:03+00:00,0.45
2025-01-09 19:04:03+00:00,0.45
2025-01-09 19:05:03+00:00,0.475
2025-01-09 19:06:03+00:00,0.475
2025-01-09 19:07:03+00:00,0.475
2025-01-09 19:08:04+00:00,0.475
2025-01-09 19:09:03+00:00,0.475
2025-01-09 19:10:03+00:00,0.475
2025-01-09 19:11:03+00:00,0.475
2025-01-09 19:12:03+00:00,0.475
2025-01-09 19:13:03+00:00,0.475
2025-01-09 19:14:03+00:00,0.475
2025-01-09 19:15:03+00:00,0.475
2025-01-09 19:16:03+00:00,0.475
2025-01-09 19:17:03+00:00,0.475
2025-01-09 19:18:03+00:00,0.475
2025-01-09 19:19:03+00:00,0.475
2025-01-09 19:20:04+00:00,0.475
2025-01-09 19:21:03+00:00,0.475
2025-01-09 19:22:03+00:00,0.45
2025-01-09 19:23:03+00:00,0.45
2025-01-09 19:24:03+00:00,0.445
2025-01-09 19:25:03+00:00,0.445
2025-01-09 19:26:03+00:00,0.445
2025-01-09 19:27:03+00:00,0.45
2025-01-09 19:28:03+00:00,0.45
2025-01-09 19:29:03+00:00,0.45
2025-01-09 19:30:03+00:00,0.45
2025-01-09 19:31:03+00:00,0.45
2025-01-09 19:32:04+00:00,0.45
2025-01-09 19:33:03+00:00,0.445
2025-01-09 19:34:03+00:00,0.455
2025-01-09 19:35:03+00:00,0.46
2025-01-09 19:36:03+00:00,0.46
2025-01-09 19:37:03+00:00,0.465
2025-01-09 19:38:03+00:00,0.465
2025-01-09 19:39:03+00:00,0.465
2025-01-09 19:40:03+00:00,0.465
2025-01-09 19:41:03+00:00,0.465
2025-01-09 19:42:03+00:00,0.465
2025-01-09 19:43:03+00:00,0.465
2025-01-09 19:44:03+00:00,0.475
2025-01-09 19:45:03+00:00,0.475
2025-01-09 19:46:03+00:00,0.475
2025-01-09 19:47:03+00:00,0.475
2025-01-09 19:48:03+00:00,0.465
2025-01-09 19:49:03+00:00,0.465
2025-01-09 19:50:03+00:00,0.475
2025-01-09 19:51:03+00:00,0.475
2025-01-09 19:52:03+00:00,0.475
2025-01-09 19:53:03+00:00,0.475
2025-01-09 19:54:03+00:00,0.475
2025-01-09 19:55:03+00:00,0.475
2025-01-09 19:56:03+00:00,0.475
2025-01-09 19:57:03+00:00,0.475
2025-01-09 19:58:03+00:00,0.475
2025-01-09 19:59:03+00:00,0.475
2025-01-09 20:00:03+00:00,0.475
2025-01-09 20:01:03+00:00,0.475
2025-01-09 20:02:03+00:00,0.475
2025-01-09 20:03:03+00:00,0.475
2025-01-09 20:04:03+00:00,0.475
2025-01-09 20:05:03+00:00,0.475
2025-01-09 20:06:03+00:00,0.475
2025-01-09 20:07:03+00:00,0.475
2025-01-09 20:08:03+00:00,0.475
2025-01-09 20:09:04+00:00,0.475
2025-01-09 20:10:04+00:00,0.475
2025-01-09 20:11:03+00:00,0.475
2025-01-09 20:12:03+00:00,0.475
2025-01-09 20:13:03+00:00,0.475
2025-01-09 20:14:03+00:00,0.475
2025-01-09 20:15:04+00:00,0.475
2025-01-09 20:16:03+00:00,0.475
2025-01-09 20:17:03+00:00,0.475
2025-01-09 20:18:03+00:00,0.475
2025-01-09 20:19:03+00:00,0.475
2025-01-09 20:20:04+00:00,0.475
2025-01-09 20:21:03+00:00,0.475
2025-01-09 20:22:04+00:00,0.475
2025-01-09 20:23:03+00:00,0.475
2025-01-09 20:24:03+00:00,0.475
2025-01-09 20:25:03+00:00,0.475
2025-01-09 20:26:03+00:00,0.475
2025-01-09 20:27:03+00:00,0.475
2025-01-09 20:28:03+00:00,0.475
2025-01-09 20:29:03+00:00,0.475
2025-01-09 20:30:03+00:00,0.475
2025-01-09 20:31:03+00:00,0.475
2025-01-09 20:32:04+00:00,0.475
2025-01-09 20:33:03+00:00,0.475
2025-01-09 20:34:03+00:00,0.475
2025-01-09 20:35:03+00:00,0.475
2025-01-09 20:36:03+00:00,0.475
2025-01-09 20:37:03+00:00,0.475
2025-01-09 20:38:02+00:00,0.475
2025-01-09 20:39:03+00:00,0.475
2025-01-09 20:40:03+00:00,0.475
2025-01-09 20:41:03+00:00,0.475
2025-01-09 20:42:03+00:00,0.475
2025-01-09 20:43:03+00:00,0.475
2025-01-09 20:44:03+00:00,0.475
2025-01-09 20:45:04+00:00,0.475
2025-01-09 20:46:03+00:00,0.475
2025-01-09 20:47:03+00:00,0.475
2025-01-09 20:48:03+00:00,0.475
2025-01-09 20:49:03+00:00,0.475
2025-01-09 20:50:04+00:00,0.475
2025-01-09 20:51:03+00:00,0.475
2025-01-09 20:52:04+00:00,0.475
2025-01-09 20:53:03+00:00,0.475
2025-01-09 20:54:03+00:00,0.475
2025-01-09 20:55:03+00:00,0.475
2025-01-09 20:56:03+00:00,0.475
2025-01-09 20:57:03+00:00,0.475
2025-01-09 20:58:03+00:00,0.475
2025-01-09 20:59:03+00:00,0.475
2025-01-09 21:00:03+00:00,0.475
2025-01-09 21:01:03+00:00,0.475
2025-01-09 21:02:04+00:00,0.475
2025-01-09 21:03:03+00:00,0.475
2025-01-09 21:04:03+00:00,0.475
2025-01-09 21:05:03+00:00,0.475
2025-01-09 21:06:03+00:00,0.475
2025-01-09 21:07:03+00:00,0.475
2025-01-09 21:08:03+00:00,0.475
2025-01-09 21:09:03+00:00,0.475
2025-01-09 21:10:04+00:00,0.475
2025-01-09 21:11:03+00:00,0.475
2025-01-09 21:12:03+00:00,0.475
2025-01-09 21:13:03+00:00,0.475
2025-01-09 21:14:03+00:00,0.475
2025-01-09 21:15:03+00:00,0.475
2025-01-09 21:16:04+00:00,0.475
2025-01-09 21:17:03+00:00,0.475
2025-01-09 21:18:03+00:00,0.475
2025-01-09 21:19:03+00:00,0.475
2025-01-09 21:20:04+00:00,0.475
2025-01-09 21:21:03+00:00,0.475
2025-01-09 21:22:03+00:00,0.475
2025-01-09 21:23:03+00:00,0.475
2025-01-09 21:24:03+00:00,0.475
2025-01-09 21:25:03+00:00,0.475
2025-01-09 21:26:03+00:00,0.475
2025-01-09 21:27:03+00:00,0.475
2025-01-09 21:28:03+00:00,0.475
2025-01-09 21:29:03+00:00,0.475
2025-01-09 21:30:04+00:00,0.475
2025-01-09 21:31:03+00:00,0.475
2025-01-09 21:32:04+00:00,0.475
2025-01-09 21:33:03+00:00,0.475
2025-01-09 21:34:03+00:00,0.475
2025-01-09 21:35:03+00:00,0.475
2025-01-09 21:36:03+00:00,0.475
2025-01-09 21:37:03+00:00,0.475
2025-01-09 21:38:03+00:00,0.475
2025-01-09 21:39:03+00:00,0.475
2025-01-09 21:40:03+00:00,0.475
2025-01-09 21:41:03+00:00,0.475
2025-01-09 21:42:03+00:00,0.475
2025-01-09 21:43:03+00:00,0.475
2025-01-09 21:44:03+00:00,0.475
2025-01-09 21:45:03+00:00,0.475
2025-01-09 21:46:03+00:00,0.475
2025-01-09 21:47:03+00:00,0.475
2025-01-09 21:48:03+00:00,0.475
2025-01-09 21:49:03+00:00,0.475
2025-01-09 21:50:03+00:00,0.475
2025-01-09 21:51:03+00:00,0.475
2025-01-09 21:52:04+00:00,0.475
2025-01-09 21:53:03+00:00,0.475
2025-01-09 21:54:03+00:00,0.475
2025-01-09 21:55:03+00:00,0.475
2025-01-09 21:56:04+00:00,0.475
2025-01-09 21:57:03+00:00,0.475
2025-01-09 21:58:03+00:00,0.475
2025-01-09 21:59:03+00:00,0.475
2025-01-09 22:00:03+00:00,0.475
2025-01-09 22:01:03+00:00,0.475
2025-01-09 22:02:03+00:00,0.475
2025-01-09 22:03:03+00:00,0.475
2025-01-09 22:04:03+00:00,0.475
2025-01-09 22:05:03+00:00,0.475
2025-01-09 22:06:03+00:00,0.475
2025-01-09 22:07:03+00:00,0.475
2025-01-09 22:08:03+00:00,0.475
2025-01-09 22:09:03+00:00,0.475
2025-01-09 22:10:04+00:00,0.475
2025-01-09 22:11:03+00:00,0.475
2025-01-09 22:12:03+00:00,0.475
2025-01-09 22:13:03+00:00,0.475
2025-01-09 22:14:04+00:00,0.475
2025-01-09 22:15:03+00:00,0.475
2025-01-09 22:16:03+00:00,0.475
2025-01-09 22:17:03+00:00,0.475
2025-01-09 22:18:03+00:00,0.475
2025-01-09 22:19:03+00:00,0.475
2025-01-09 22:20:03+00:00,0.475
2025-01-09 22:21:03+00:00,0.475
2025-01-09 22:22:03+00:00,0.475
2025-01-09 22:23:03+00:00,0.475
2025-01-09 22:24:03+00:00,0.475
2025-01-09 22:25:03+00:00,0.475
2025-01-09 22:26:03+00:00,0.475
2025-01-09 22:27:03+00:00,0.475
2025-01-09 22:28:03+00:00,0.475
2025-01-09 22:29:03+00:00,0.475
2025-01-09 22:30:04+00:00,0.475
2025-01-09 22:31:03+00:00,0.475
2025-01-09 22:32:03+00:00,0.475
2025-01-09 22:33:03+00:00,0.475
2025-01-09 22:34:03+00:00,0.475
2025-01-09 22:35:03+00:00,0.475
2025-01-09 22:36:03+00:00,0.475
2025-01-09 22:37:04+00:00,0.475
2025-01-09 22:38:03+00:00,0.475
2025-01-09 22:39:03+00:00,0.475
2025-01-09 22:40:03+00:00,0.475
2025-01-09 22:41:03+00:00,0.475
2025-01-09 22:42:03+00:00,0.475
2025-01-09 22:43:03+00:00,0.475
2025-01-09 22:44:03+00:00,0.475
2025-01-09 22:45:03+00:00,0.475
2025-01-09 22:46:03+00:00,0.475
2025-01-09 22:47:03+00:00,0.475
2025-01-09 22:48:03+00:00,0.475
2025-01-09 22:49:03+00:00,0.475
2025-01-09 22:50:03+00:00,0.475
2025-01-09 22:51:03+00:00,0.475
2025-01-09 22:52:03+00:00,0.475
2025-01-09 22:53:03+00:00,0.475
2025-01-09 22:54:03+00:00,0.475
2025-01-09 22:55:03+00:00,0.475
2025-01-09 22:56:03+00:00,0.475
2025-01-09 22:57:03+00:00,0.475
2025-01-09 22:58:03+00:00,0.475
2025-01-09 22:59:03+00:00,0.475
2025-01-09 23:00:03+00:00,0.475
2025-01-09 23:01:03+00:00,0.475
2025-01-09 23:02:03+00:00,0.475
2025-01-09 23:03:03+00:00,0.475
2025-01-09 23:04:03+00:00,0.475
2025-01-09 23:05:03+00:00,0.475
2025-01-09 23:06:03+00:00,0.475
2025-01-09 23:07:03+00:00,0.475
2025-01-09 23:08:03+00:00,0.475
2025-01-09 23:09:03+00:00,0.475
2025-01-09 23:10:03+00:00,0.475
2025-01-09 23:11:03+00:00,0.475
2025-01-09 23:12:03+00:00,0.475
2025-01-09 23:13:03+00:00,0.475
2025-01-09 23:14:03+00:00,0.475
2025-01-09 23:15:04+00:00,0.475
2025-01-09 23:16:03+00:00,0.475
2025-01-09 23:17:03+00:00,0.475
2025-01-09 23:18:03+00:00,0.475
2025-01-09 23:19:03+00:00,0.475
2025-01-09 23:20:03+00:00,0.475
2025-01-09 23:21:03+00:00,0.475
2025-01-09 23:22:03+00:00,0.475
2025-01-09 23:23:03+00:00,0.475
2025-01-09 23:24:03+00:00,0.475
2025-01-09 23:25:03+00:00,0.475
2025-01-09 23:26:03+00:00,0.475
2025-01-09 23:27:03+00:00,0.475
2025-01-09 23:28:03+00:00,0.475
2025-01-09 23:29:03+00:00,0.475
2025-01-09 23:30:04+00:00,0.475
2025-01-09 23:31:03+00:00,0.475
2025-01-09 23:32:03+00:00,0.475
2025-01-09 23:33:03+00:00,0.475
2025-01-09 23:34:03+00:00,0.475
2025-01-09 23:35:03+00:00,0.475
2025-01-09 23:36:03+00:00,0.475
2025-01-09 23:37:03+00:00,0.475
2025-01-09 23:38:03+00:00,0.475
2025-01-09 23:39:04+00:00,0.475
2025-01-09 23:40:03+00:00,0.475
2025-01-09 23:41:03+00:00,0.475
2025-01-09 23:42:03+00:00,0.475
2025-01-09 23:43:03+00:00,0.475
2025-01-09 23:44:04+00:00,0.475
2025-01-09 23:45:03+00:00,0.475
2025-01-09 23:46:03+00:00,0.475
2025-01-09 23:47:03+00:00,0.475
2025-01-09 23:48:03+00:00,0.475
2025-01-09 23:49:03+00:00,0.475
2025-01-09 23:50:04+00:00,0.475
2025-01-09 23:51:03+00:00,0.475
2025-01-09 23:52:03+00:00,0.475
2025-01-09 23:53:03+00:00,0.475
2025-01-09 23:54:03+00:00,0.475
2025-01-09 23:55:03+00:00,0.475
2025-01-09 23:56:03+00:00,0.475
2025-01-09 23:57:03+00:00,0.475
2025-01-09 23:58:04+00:00,0.475
2025-01-09 23:59:03+00:00,0.475
2025-01-10 00:00:04+00:00,0.475
2025-01-10 00:01:03+00:00,0.475
2025-01-10 00:02:03+00:00,0.475
2025-01-10 00:03:03+00:00,0.475
2025-01-10 00:04:03+00:00,0.475
2025-01-10 00:05:04+00:00,0.475
2025-01-10 00:06:03+00:00,0.475
2025-01-10 00:07:03+00:00,0.475
2025-01-10 00:08:03+00:00,0.475
2025-01-10 00:09:03+00:00,0.475
2025-01-10 00:10:04+00:00,0.475
2025-01-10 00:11:03+00:00,0.475
2025-01-10 00:12:04+00:00,0.475
2025-01-10 00:13:03+00:00,0.475
2025-01-10 00:14:03+00:00,0.475
2025-01-10 00:15:03+00:00,0.475
2025-01-10 00:16:03+00:00,0.475
2025-01-10 00:17:03+00:00,0.475
2025-01-10 00:18:03+00:00,0.475
2025-01-10 00:19:03+00:00,0.475
2025-01-10 00:20:03+00:00,0.475
2025-01-10 00:21:03+00:00,0.475
2025-01-10 00:22:03+00:00,0.475
2025-01-10 00:23:03+00:00,0.475
2025-01-10 00:24:03+00:00,0.475
2025-01-10 00:25:03+00:00,0.475
2025-01-10 00:26:03+00:00,0.475
2025-01-10 00:27:03+00:00,0.475
2025-01-10 00:28:03+00:00,0.475
2025-01-10 00:29:03+00:00,0.475
2025-01-10 00:30:04+00:00,0.475
2025-01-10 00:31:03+00:00,0.475
2025-01-10 00:32:03+00:00,0.475
2025-01-10 00:33:02+00:00,0.475
2025-01-10 00:34:03+00:00,0.475
2025-01-10 00:35:03+00:00,0.475
2025-01-10 00:36:03+00:00,0.475
2025-01-10 00:37:04+00:00,0.45
2025-01-10 00:38:03+00:00,0.45
2025-01-10 00:39:03+00:00,0.45
2025-01-10 00:40:04+00:00,0.45
2025-01-10 00:41:03+00:00,0.45
2025-01-10 00:42:03+00:00,0.45
2025-01-10 00:43:03+00:00,0.455
2025-01-10 00:44:03+00:00,0.45
2025-01-10 00:45:03+00:00,0.445
2025-01-10 00:46:03+00:00,0.445
2025-01-10 00:47:03+00:00,0.445
2025-01-10 00:48:03+00:00,0.445
2025-01-10 00:49:03+00:00,0.45
2025-01-10 00:50:03+00:00,0.465
2025-01-10 00:51:03+00:00,0.465
2025-01-10 00:52:03+00:00,0.465
2025-01-10 00:53:03+00:00,0.465
2025-01-10 00:54:03+00:00,0.465
2025-01-10 00:55:03+00:00,0.465
2025-01-10 00:56:03+00:00,0.465
2025-01-10 00:57:03+00:00,0.465
2025-01-10 00:58:03+00:00,0.465
2025-01-10 00:59:03+00:00,0.465
2025-01-10 01:00:03+00:00,0.465
2025-01-10 01:01:03+00:00,0.465
2025-01-10 01:02:03+00:00,0.465
2025-01-10 01:03:03+00:00,0.465
2025-01-10 01:04:03+00:00,0.465
2025-01-10 01:05:03+00:00,0.465
2025-01-10 01:06:03+00:00,0.465
2025-01-10 01:07:03+00:00,0.465
2025-01-10 01:08:03+00:00,0.465
2025-01-10 01:09:03+00:00,0.465
2025-01-10 01:10:03+00:00,0.465
2025-01-10 01:11:03+00:00,0.465
2025-01-10 01:12:04+00:00,0.465
2025-01-10 01:13:03+00:00,0.465
2025-01-10 01:14:03+00:00,0.465
2025-01-10 01:15:03+00:00,0.465
2025-01-10 01:16:03+00:00,0.465
2025-01-10 01:17:03+00:00,0.465
2025-01-10 01:18:03+00:00,0.465
2025-01-10 01:19:03+00:00,0.465
2025-01-10 01:20:03+00:00,0.465
2025-01-10 01:21:03+00:00,0.465
2025-01-10 01:22:03+00:00,0.465
2025-01-10 01:23:03+00:00,0.465
2025-01-10 01:24:03+00:00,0.465
2025-01-10 01:25:03+00:00,0.465
2025-01-10 01:26:03+00:00,0.465
2025-01-10 01:27:03+00:00,0.465
2025-01-10 01:28:03+00:00,0.465
2025-01-10 01:29:03+00:00,0.465
2025-01-10 01:30:03+00:00,0.465
2025-01-10 01:31:04+00:00,0.465
2025-01-10 01:32:03+00:00,0.465
2025-01-10 01:33:03+00:00,0.465
2025-01-10 01:34:03+00:00,0.465
2025-01-10 01:35:04+00:00,0.465
2025-01-10 01:36:03+00:00,0.465
2025-01-10 01:37:03+00:00,0.465
2025-01-10 01:38:04+00:00,0.465
2025-01-10 01:39:03+00:00,0.465
2025-01-10 01:40:03+00:00,0.465
2025-01-10 01:41:03+00:00,0.465
2025-01-10 01:42:03+00:00,0.465
2025-01-10 01:43:03+00:00,0.465
2025-01-10 01:44:03+00:00,0.465
2025-01-10 01:45:04+00:00,0.465
2025-01-10 01:46:03+00:00,0.465
2025-01-10 01:47:03+00:00,0.465
2025-01-10 01:48:03+00:00,0.465
2025-01-10 01:49:03+00:00,0.465
2025-01-10 01:50:04+00:00,0.465
2025-01-10 01:51:03+00:00,0.465
2025-01-10 01:52:03+00:00,0.465
2025-01-10 01:53:03+00:00,0.465
2025-01-10 01:54:03+00:00,0.465
2025-01-10 01:55:03+00:00,0.465
2025-01-10 01:56:03+00:00,0.465
2025-01-10 01:57:03+00:00,0.465
2025-01-10 01:58:03+00:00,0.465
2025-01-10 01:59:03+00:00,0.465
2025-01-10 02:00:04+00:00,0.465
2025-01-10 02:01:03+00:00,0.465
2025-01-10 02:02:03+00:00,0.465
2025-01-10 02:03:03+00:00,0.465
2025-01-10 02:04:03+00:00,0.465
2025-01-10 02:05:03+00:00,0.465
2025-01-10 02:06:04+00:00,0.465
2025-01-10 02:07:03+00:00,0.465
2025-01-10 02:08:04+00:00,0.465
2025-01-10 02:09:03+00:00,0.465
2025-01-10 02:10:03+00:00,0.465
2025-01-10 02:11:03+00:00,0.465
2025-01-10 02:12:03+00:00,0.465
2025-01-10 02:13:03+00:00,0.465
2025-01-10 02:14:03+00:00,0.465
2025-01-10 02:15:03+00:00,0.465
2025-01-10 02:16:03+00:00,0.465
2025-01-10 02:17:03+00:00,0.465
2025-01-10 02:18:03+00:00,0.465
2025-01-10 02:19:03+00:00,0.465
2025-01-10 02:20:04+00:00,0.465
2025-01-10 02:21:03+00:00,0.465
2025-01-10 02:22:03+00:00,0.465
2025-01-10 02:23:03+00:00,0.465
2025-01-10 02:24:03+00:00,0.465
2025-01-10 02:25:03+00:00,0.465
2025-01-10 02:26:03+00:00,0.465
2025-01-10 02:27:03+00:00,0.465
2025-01-10 02:28:03+00:00,0.465
2025-01-10 02:29:03+00:00,0.465
2025-01-10 02:30:03+00:00,0.465
2025-01-10 02:31:03+00:00,0.465
2025-01-10 02:32:04+00:00,0.465
2025-01-10 02:33:03+00:00,0.465
2025-01-10 02:34:03+00:00,0.465
2025-01-10 02:35:03+00:00,0.465
2025-01-10 02:36:03+00:00,0.465
2025-01-10 02:37:03+00:00,0.465
2025-01-10 02:38:03+00:00,0.465
2025-01-10 02:39:03+00:00,0.465
2025-01-10 02:40:04+00:00,0.465
2025-01-10 02:41:03+00:00,0.465
2025-01-10 02:42:03+00:00,0.465
2025-01-10 02:43:03+00:00,0.465
2025-01-10 02:44:03+00:00,0.465
2025-01-10 02:45:04+00:00,0.465
2025-01-10 02:46:03+00:00,0.465
2025-01-10 02:47:03+00:00,0.465
2025-01-10 02:48:03+00:00,0.465
2025-01-10 02:49:03+00:00,0.465
2025-01-10 02:50:03+00:00,0.465
2025-01-10 02:51:03+00:00,0.465
2025-01-10 02:52:03+00:00,0.465
2025-01-10 02:53:03+00:00,0.465
2025-01-10 02:54:03+00:00,0.465
2025-01-10 02:55:04+00:00,0.465
2025-01-10 02:56:03+00:00,0.465
2025-01-10 02:57:03+00:00,0.465
2025-01-10 02:58:03+00:00,0.465
2025-01-10 02:59:03+00:00,0.465
2025-01-10 03:00:03+00:00,0.465
2025-01-10 03:01:03+00:00,0.465
2025-01-10 03:02:03+00:00,0.465
2025-01-10 03:03:03+00:00,0.465
2025-01-10 03:04:03+00:00,0.465
2025-01-10 03:05:03+00:00,0.465
2025-01-10 03:06:03+00:00,0.465
2025-01-10 03:07:03+00:00,0.465
2025-01-10 03:08:03+00:00,0.465
2025-01-10 03:09:03+00:00,0.465
2025-01-10 03:10:03+00:00,0.465
2025-01-10 03:11:03+00:00,0.465
2025-01-10 03:12:03+00:00,0.465
2025-01-10 03:13:03+00:00,0.465
2025-01-10 03:14:03+00:00,0.465
2025-01-10 03:15:03+00:00,0.465
2025-01-10 03:16:03+00:00,0.465
2025-01-10 03:17:03+00:00,0.465
2025-01-10 03:18:04+00:00,0.465
2025-01-10 03:19:03+00:00,0.465
2025-01-10 03:20:03+00:00,0.465
2025-01-10 03:21:03+00:00,0.465
2025-01-10 03:22:03+00:00,0.465
2025-01-10 03:23:03+00:00,0.465
2025-01-10 03:24:03+00:00,0.465
2025-01-10 03:25:03+00:00,0.465
2025-01-10 03:26:03+00:00,0.465
2025-01-10 03:27:03+00:00,0.465
2025-01-10 03:28:03+00:00,0.465
2025-01-10 03:29:03+00:00,0.465
2025-01-10 03:30:04+00:00,0.465
2025-01-10 03:31:03+00:00,0.465
2025-01-10 03:32:03+00:00,0.465
2025-01-10 03:33:03+00:00,0.465
2025-01-10 03:34:03+00:00,0.465
2025-01-10 03:35:03+00:00,0.465
2025-01-10 03:36:03+00:00,0.465
2025-01-10 03:37:03+00:00,0.465
2025-01-10 03:38:03+00:00,0.465
2025-01-10 03:39:03+00:00,0.465
2025-01-10 03:40:03+00:00,0.465
2025-01-10 03:41:03+00:00,0.465
2025-01-10 03:42:03+00:00,0.465
2025-01-10 03:43:04+00:00,0.465
2025-01-10 03:44:03+00:00,0.465
2025-01-10 03:45:03+00:00,0.465
2025-01-10 03:46:03+00:00,0.465
2025-01-10 03:47:03+00:00,0.465
2025-01-10 03:48:03+00:00,0.465
2025-01-10 03:49:03+00:00,0.465
2025-01-10 03:50:03+00:00,0.465
2025-01-10 03:51:02+00:00,0.465
2025-01-10 03:52:03+00:00,0.465
2025-01-10 03:53:03+00:00,0.465
2025-01-10 03:54:04+00:00,0.465
2025-01-10 03:55:03+00:00,0.465
2025-01-10 03:56:03+00:00,0.465
2025-01-10 03:57:03+00:00,0.465
2025-01-10 03:58:03+00:00,0.465
2025-01-10 03:59:03+00:00,0.465
2025-01-10 04:00:03+00:00,0.465
2025-01-10 04:01:03+00:00,0.465
2025-01-10 04:02:03+00:00,0.465
2025-01-10 04:03:03+00:00,0.465
2025-01-10 04:04:03+00:00,0.465
2025-01-10 04:05:03+00:00,0.45
2025-01-10 04:06:03+00:00,0.45
2025-01-10 04:07:03+00:00,0.45
2025-01-10 04:08:03+00:00,0.45
2025-01-10 04:09:03+00:00,0.45
2025-01-10 04:10:04+00:00,0.45
2025-01-10 04:11:03+00:00,0.45
2025-01-10 04:12:03+00:00,0.45
2025-01-10 04:13:03+00:00,0.45
2025-01-10 04:14:04+00:00,0.45
2025-01-10 04:15:03+00:00,0.45
2025-01-10 04:16:03+00:00,0.45
2025-01-10 04:17:03+00:00,0.45
2025-01-10 04:18:03+00:00,0.45
2025-01-10 04:19:03+00:00,0.45
2025-01-10 04:20:03+00:00,0.45
2025-01-10 04:21:03+00:00,0.45
2025-01-10 04:22:03+00:00,0.45
2025-01-10 04:23:03+00:00,0.45
2025-01-10 04:24:03+00:00,0.45
2025-01-10 04:25:03+00:00,0.45
2025-01-10 04:26:03+00:00,0.45
2025-01-10 04:27:03+00:00,0.45
2025-01-10 04:28:03+00:00,0.45
2025-01-10 04:29:03+00:00,0.45
2025-01-10 04:30:03+00:00,0.45
2025-01-10 04:31:03+00:00,0.45
2025-01-10 04:32:03+00:00,0.45
2025-01-10 04:33:03+00:00,0.45
2025-01-10 04:34:03+00:00,0.45
2025-01-10 04:35:03+00:00,0.45
2025-01-10 04:36:03+00:00,0.45
2025-01-10 04:37:03+00:00,0.45
2025-01-10 04:38:03+00:00,0.45
2025-01-10 04:39:03+00:00,0.45
2025-01-10 04:40:04+00:00,0.45
2025-01-10 04:41:03+00:00,0.45
2025-01-10 04:42:03+00:00,0.45
2025-01-10 04:43:03+00:00,0.45
2025-01-10 04:44:03+00:00,0.45
2025-01-10 04:45:03+00:00,0.45
2025-01-10 04:46:03+00:00,0.45
2025-01-10 04:47:03+00:00,0.45
2025-01-10 04:48:03+00:00,0.45
2025-01-10 04:49:03+00:00,0.45
2025-01-10 04:50:03+00:00,0.45
2025-01-10 04:51:03+00:00,0.45
2025-01-10 04:52:04+00:00,0.45
2025-01-10 04:53:03+00:00,0.45
2025-01-10 04:54:03+00:00,0.45
2025-01-10 04:55:03+00:00,0.45
2025-01-10 04:56:03+00:00,0.45
2025-01-10 04:57:03+00:00,0.45
2025-01-10 04:58:03+00:00,0.45
2025-01-10 04:59:03+00:00,0.45
2025-01-10 05:00:04+00:00,0.45
2025-01-10 05:01:03+00:00,0.45
2025-01-10 05:02:03+00:00,0.45
2025-01-10 05:03:03+00:00,0.45
2025-01-10 05:04:03+00:00,0.45
2025-01-10 05:05:03+00:00,0.45
2025-01-10 05:06:03+00:00,0.45
2025-01-10 05:07:03+00:00,0.45
2025-01-10 05:08:04+00:00,0.45
2025-01-10 05:09:03+00:00,0.45
2025-01-10 05:10:03+00:00,0.45
2025-01-10 05:11:03+00:00,0.45
2025-01-10 05:12:03+00:00,0.45
2025-01-10 05:13:03+00:00,0.45
2025-01-10 05:14:03+00:00,0.45
2025-01-10 05:15:03+00:00,0.45
2025-01-10 05:16:03+00:00,0.45
2025-01-10 05:17:03+00:00,0.45
2025-01-10 05:18:03+00:00,0.45
2025-01-10 05:19:03+00:00,0.45
2025-01-10 05:20:03+00:00,0.45
2025-01-10 05:21:03+00:00,0.45
2025-01-10 05:22:03+00:00,0.45
2025-01-10 05:23:03+00:00,0.45
2025-01-10 05:24:03+00:00,0.45
2025-01-10 05:25:03+00:00,0.45
2025-01-10 05:26:03+00:00,0.45
2025-01-10 05:27:03+00:00,0.45
2025-01-10 05:28:03+00:00,0.45
2025-01-10 05:29:03+00:00,0.45
2025-01-10 05:30:03+00:00,0.45
2025-01-10 05:31:03+00:00,0.45
2025-01-10 05:32:03+00:00,0.45
2025-01-10 05:33:03+00:00,0.45
2025-01-10 05:34:03+00:00,0.45
2025-01-10 05:35:03+00:00,0.45
2025-01-10 05:36:03+00:00,0.45
2025-01-10 05:37:03+00:00,0.45
2025-01-10 05:38:03+00:00,0.45
2025-01-10 05:39:02+00:00,0.45
2025-01-10 05:40:03+00:00,0.45
2025-01-10 05:41:03+00:00,0.45
2025-01-10 05:42:03+00:00,0.45
2025-01-10 05:43:03+00:00,0.45
2025-01-10 05:44:03+00:00,0.45
2025-01-10 05:45:03+00:00,0.45
2025-01-10 05:46:04+00:00,0.45
2025-01-10 05:47:03+00:00,0.45
2025-01-10 05:48:03+00:00,0.45
2025-01-10 05:49:03+00:00,0.45
2025-01-10 05:50:03+00:00,0.45
2025-01-10 05:51:03+00:00,0.45
2025-01-10 05:52:04+00:00,0.45
2025-01-10 05:53:03+00:00,0.445
2025-01-10 05:54:03+00:00,0.445
2025-01-10 05:55:03+00:00,0.445
2025-01-10 05:56:03+00:00,0.445
2025-01-10 05:57:03+00:00,0.445
2025-01-10 05:58:03+00:00,0.45
2025-01-10 05:59:03+00:00,0.465
2025-01-10 06:00:03+00:00,0.465
2025-01-10 06:01:03+00:00,0.465
2025-01-10 06:02:03+00:00,0.465
2025-01-10 06:03:03+00:00,0.465
2025-01-10 06:04:04+00:00,0.465
2025-01-10 06:05:03+00:00,0.465
2025-01-10 06:06:03+00:00,0.465
2025-01-10 06:07:04+00:00,0.465
2025-01-10 06:08:03+00:00,0.465
2025-01-10 06:09:03+00:00,0.465
2025-01-10 06:10:04+00:00,0.465
2025-01-10 06:11:03+00:00,0.465
2025-01-10 06:12:03+00:00,0.445
2025-01-10 06:13:03+00:00,0.445
2025-01-10 06:14:03+00:00,0.445
2025-01-10 06:15:03+00:00,0.445
2025-01-10 06:16:03+00:00,0.445
2025-01-10 06:17:03+00:00,0.445
2025-01-10 06:18:03+00:00,0.45
2025-01-10 06:19:03+00:00,0.45
2025-01-10 06:20:03+00:00,0.45
2025-01-10 06:21:03+00:00,0.45
2025-01-10 06:22:03+00:00,0.45
2025-01-10 06:23:04+00:00,0.445
2025-01-10 06:24:03+00:00,0.44
2025-01-10 06:25:03+00:00,0.45
2025-01-10 06:26:03+00:00,0.45
2025-01-10 06:27:03+00:00,0.45
2025-01-10 06:28:03+00:00,0.445
2025-01-10 06:29:03+00:00,0.445
2025-01-10 06:30:03+00:00,0.445
2025-01-10 06:31:03+00:00,0.445
2025-01-10 06:32:03+00:00,0.45
2025-01-10 06:33:03+00:00,0.45
2025-01-10 06:34:03+00:00,0.45
2025-01-10 06:35:03+00:00,0.46
2025-01-10 06:36:03+00:00,0.46
2025-01-10 06:37:03+00:00,0.46
2025-01-10 06:38:03+00:00,0.45
2025-01-10 06:39:03+00:00,0.45
2025-01-10 06:40:04+00:00,0.455
2025-01-10 06:41:03+00:00,0.455
2025-01-10 06:42:03+00:00,0.455
2025-01-10 06:43:03+00:00,0.45
2025-01-10 06:44:03+00:00,0.45
2025-01-10 06:45:03+00:00,0.45
2025-01-10 06:46:03+00:00,0.45
2025-01-10 06:47:03+00:00,0.45
2025-01-10 06:48:03+00:00,0.45
2025-01-10 06:49:03+00:00,0.45
2025-01-10 06:50:03+00:00,0.45
2025-01-10 06:51:03+00:00,0.45
2025-01-10 06:52:03+00:00,0.45
2025-01-10 06:53:03+00:00,0.45
2025-01-10 06:54:03+00:00,0.45
2025-01-10 06:55:03+00:00,0.45
2025-01-10 06:56:03+00:00,0.45
2025-01-10 06:57:03+00:00,0.45
2025-01-10 06:58:03+00:00,0.445
2025-01-10 06:59:03+00:00,0.445
2025-01-10 07:00:03+00:00,0.445
2025-01-10 07:01:03+00:00,0.45
2025-01-10 07:02:03+00:00,0.45
2025-01-10 07:03:03+00:00,0.45
2025-01-10 07:04:03+00:00,0.45
2025-01-10 07:05:03+00:00,0.45
2025-01-10 07:06:03+00:00,0.45
2025-01-10 07:07:03+00:00,0.45
2025-01-10 07:08:03+00:00,0.465
2025-01-10 07:09:03+00:00,0.465
2025-01-10 07:10:04+00:00,0.465
2025-01-10 07:11:03+00:00,0.465
2025-01-10 07:12:04+00:00,0.465
2025-01-10 07:13:03+00:00,0.45
2025-01-10 07:14:03+00:00,0.45
2025-01-10 07:15:03+00:00,0.45
2025-01-10 07:16:03+00:00,0.445
2025-01-10 07:17:03+00:00,0.445
2025-01-10 07:18:03+00:00,0.445
2025-01-10 07:19:03+00:00,0.445
2025-01-10 07:20:03+00:00,0.445
2025-01-10 07:21:04+00:00,0.445
2025-01-10 07:22:03+00:00,0.435
2025-01-10 07:23:03+00:00,0.435
2025-01-10 07:24:03+00:00,0.435
2025-01-10 07:25:04+00:00,0.435
2025-01-10 07:26:03+00:00,0.435
2025-01-10 07:27:03+00:00,0.435
2025-01-10 07:28:03+00:00,0.435
2025-01-10 07:29:03+00:00,0.435
2025-01-10 07:30:04+00:00,0.435
2025-01-10 07:31:03+00:00,0.445
2025-01-10 07:32:03+00:00,0.445
2025-01-10 07:33:03+00:00,0.445
2025-01-10 07:34:03+00:00,0.445
2025-01-10 07:35:03+00:00,0.445
2025-01-10 07:36:03+00:00,0.445
2025-01-10 07:37:03+00:00,0.445
2025-01-10 07:38:03+00:00,0.445
2025-01-10 07:39:03+00:00,0.445
2025-01-10 07:40:03+00:00,0.46
2025-01-10 07:41:03+00:00,0.45
2025-01-10 07:42:03+00:00,0.45
2025-01-10 07:43:03+00:00,0.45
2025-01-10 07:44:03+00:00,0.455
2025-01-10 07:45:03+00:00,0.455
2025-01-10 07:46:03+00:00,0.45
2025-01-10 07:47:03+00:00,0.45
2025-01-10 07:48:03+00:00,0.45
2025-01-10 07:49:03+00:00,0.45
2025-01-10 07:50:03+00:00,0.45
2025-01-10 07:51:03+00:00,0.445
2025-01-10 07:52:03+00:00,0.445
2025-01-10 07:53:03+00:00,0.445
2025-01-10 07:54:03+00:00,0.445
2025-01-10 07:55:03+00:00,0.445
2025-01-10 07:56:03+00:00,0.425
2025-01-10 07:57:03+00:00,0.43
2025-01-10 07:58:03+00:00,0.43
2025-01-10 07:59:03+00:00,0.43
2025-01-10 08:00:03+00:00,0.43
2025-01-10 08:01:03+00:00,0.435
2025-01-10 08:02:03+00:00,0.435
2025-01-10 08:03:03+00:00,0.435
2025-01-10 08:04:03+00:00,0.435
2025-01-10 08:05:03+00:00,0.43
2025-01-10 08:06:03+00:00,0.43
2025-01-10 08:07:03+00:00,0.43
2025-01-10 08:08:03+00:00,0.43
2025-01-10 08:09:03+00:00,0.43
2025-01-10 08:10:03+00:00,0.43
2025-01-10 08:11:03+00:00,0.43
2025-01-10 08:12:03+00:00,0.43
2025-01-10 08:13:03+00:00,0.43
2025-01-10 08:14:03+00:00,0.43
2025-01-10 08:15:03+00:00,0.43
2025-01-10 08:16:03+00:00,0.43
2025-01-10 08:17:03+00:00,0.43
2025-01-10 08:18:03+00:00,0.435
2025-01-10 08:19:03+00:00,0.435
2025-01-10 08:20:04+00:00,0.435
2025-01-10 08:21:03+00:00,0.435
2025-01-10 08:22:03+00:00,0.435
2025-01-10 08:23:03+00:00,0.435
2025-01-10 08:24:03+00:00,0.435
2025-01-10 08:25:03+00:00,0.435
2025-01-10 08:26:03+00:00,0.43
2025-01-10 08:27:03+00:00,0.43
2025-01-10 08:28:03+00:00,0.43
2025-01-10 08:29:03+00:00,0.43
2025-01-10 08:30:03+00:00,0.43
2025-01-10 08:31:03+00:00,0.43
2025-01-10 08:32:03+00:00,0.43
2025-01-10 08:33:04+00:00,0.425
2025-01-10 08:34:03+00:00,0.425
2025-01-10 08:35:03+00:00,0.425
2025-01-10 08:36:03+00:00,0.425
2025-01-10 08:37:03+00:00,0.425
2025-01-10 08:38:03+00:00,0.425
2025-01-10 08:39:04+00:00,0.425
2025-01-10 08:40:04+00:00,0.425
2025-01-10 08:41:03+00:00,0.425
2025-01-10 08:42:03+00:00,0.425
2025-01-10 08:43:03+00:00,0.425
2025-01-10 08:44:03+00:00,0.425
2025-01-10 08:45:03+00:00,0.425
2025-01-10 08:46:03+00:00,0.425
2025-01-10 08:47:03+00:00,0.425
2025-01-10 08:48:04+00:00,0.425
2025-01-10 08:49:03+00:00,0.425
2025-01-10 08:50:03+00:00,0.425
2025-01-10 08:51:03+00:00,0.425
2025-01-10 08:52:03+00:00,0.425
2025-01-10 08:53:03+00:00,0.425
2025-01-10 08:54:03+00:00,0.425
2025-01-10 08:55:04+00:00,0.425
2025-01-10 08:56:03+00:00,0.425
2025-01-10 08:57:03+00:00,0.425
2025-01-10 08:58:03+00:00,0.425
2025-01-10 08:59:03+00:00,0.425
2025-01-10 09:00:03+00:00,0.425
2025-01-10 09:01:03+00:00,0.425
2025-01-10 09:02:03+00:00,0.425
2025-01-10 09:03:03+00:00,0.425
2025-01-10 09:04:03+00:00,0.425
2025-01-10 09:05:03+00:00,0.425
2025-01-10 09:06:03+00:00,0.425
2025-01-10 09:07:03+00:00,0.425
2025-01-10 09:08:03+00:00,0.425
2025-01-10 09:09:03+00:00,0.425
2025-01-10 09:10:03+00:00,0.425
2025-01-10 09:11:03+00:00,0.425
2025-01-10 09:12:03+00:00,0.425
2025-01-10 09:13:03+00:00,0.425
2025-01-10 09:14:03+00:00,0.425
2025-01-10 09:15:03+00:00,0.425
2025-01-10 09:16:03+00:00,0.425
2025-01-10 09:17:03+00:00,0.425
2025-01-10 09:18:03+00:00,0.425
2025-01-10 09:19:04+00:00,0.425
2025-01-10 09:20:03+00:00,0.425
2025-01-10 09:21:03+00:00,0.425
2025-01-10 09:22:03+00:00,0.425
2025-01-10 09:23:03+00:00,0.425
2025-01-10 09:24:03+00:00,0.425
2025-01-10 09:25:03+00:00,0.425
2025-01-10 09:26:03+00:00,0.425
2025-01-10 09:27:03+00:00,0.425
2025-01-10 09:28:03+00:00,0.425
2025-01-10 09:29:03+00:00,0.425
2025-01-10 09:30:04+00:00,0.425
2025-01-10 09:31:03+00:00,0.425
2025-01-10 09:32:03+00:00,0.425
2025-01-10 09:33:03+00:00,0.425
2025-01-10 09:34:03+00:00,0.425
2025-01-10 09:35:03+00:00,0.425
2025-01-10 09:36:03+00:00,0.425
2025-01-10 09:37:03+00:00,0.425
2025-01-10 09:38:03+00:00,0.425
2025-01-10 09:39:03+00:00,0.45
2025-01-10 09:40:03+00:00,0.455
2025-01-10 09:41:03+00:00,0.45
2025-01-10 09:42:03+00:00,0.45
2025-01-10 09:43:03+00:00,0.445
2025-01-10 09:44:03+00:00,0.445
2025-01-10 09:45:03+00:00,0.445
2025-01-10 09:46:03+00:00,0.45
2025-01-10 09:47:03+00:00,0.45
2025-01-10 09:48:03+00:00,0.45
2025-01-10 09:49:03+00:00,0.45
2025-01-10 09:50:03+00:00,0.45
2025-01-10 09:51:03+00:00,0.45
2025-01-10 09:52:03+00:00,0.455
2025-01-10 09:53:03+00:00,0.465
2025-01-10 09:54:03+00:00,0.465
2025-01-10 09:55:03+00:00,0.465
2025-01-10 09:56:04+00:00,0.465
2025-01-10 09:57:03+00:00,0.455
2025-01-10 09:58:03+00:00,0.455
2025-01-10 09:59:03+00:00,0.455
2025-01-10 10:00:03+00:00,0.455
2025-01-10 10:01:03+00:00,0.45
2025-01-10 10:02:03+00:00,0.45
2025-01-10 10:03:03+00:00,0.445
2025-01-10 10:04:03+00:00,0.445
2025-01-10 10:05:03+00:00,0.445
2025-01-10 10:06:04+00:00,0.445
2025-01-10 10:07:02+00:00,0.43
2025-01-10 10:08:03+00:00,0.43
2025-01-10 10:09:03+00:00,0.43
2025-01-10 10:10:03+00:00,0.43
2025-01-10 10:11:03+00:00,0.43
2025-01-10 10:12:03+00:00,0.43
2025-01-10 10:13:03+00:00,0.445
2025-01-10 10:14:03+00:00,0.445
2025-01-10 10:15:03+00:00,0.45
2025-01-10 10:16:03+00:00,0.45
2025-01-10 10:17:03+00:00,0.45
2025-01-10 10:18:03+00:00,0.455
2025-01-10 10:19:03+00:00,0.465
2025-01-10 10:20:03+00:00,0.465
2025-01-10 10:21:03+00:00,0.465
2025-01-10 10:22:03+00:00,0.465
2025-01-10 10:23:03+00:00,0.465
2025-01-10 10:24:03+00:00,0.465
2025-01-10 10:25:03+00:00,0.465
2025-01-10 10:26:04+00:00,0.465
2025-01-10 10:27:03+00:00,0.465
2025-01-10 10:28:03+00:00,0.465
2025-01-10 10:29:03+00:00,0.465
2025-01-10 10:30:03+00:00,0.465
2025-01-10 10:31:03+00:00,0.465
2025-01-10 10:32:03+00:00,0.465
2025-01-10 10:33:03+00:00,0.465
2025-01-10 10:34:03+00:00,0.465
2025-01-10 10:35:03+00:00,0.465
2025-01-10 10:36:03+00:00,0.465
2025-01-10 10:37:03+00:00,0.465
2025-01-10 10:38:03+00:00,0.465
2025-01-10 10:39:03+00:00,0.465
2025-01-10 10:40:03+00:00,0.465
2025-01-10 10:41:03+00:00,0.465
2025-01-10 10:42:03+00:00,0.465
2025-01-10 10:43:03+00:00,0.465
2025-01-10 10:44:03+00:00,0.465
2025-01-10 10:45:03+00:00,0.465
2025-01-10 10:46:03+00:00,0.465
2025-01-10 10:47:03+00:00,0.465
2025-01-10 10:48:03+00:00,0.465
2025-01-10 10:49:03+00:00,0.465
2025-01-10 10:50:04+00:00,0.465
2025-01-10 10:51:03+00:00,0.465
2025-01-10 10:52:03+00:00,0.465
2025-01-10 10:53:03+00:00,0.465
2025-01-10 10:54:03+00:00,0.465
2025-01-10 10:55:03+00:00,0.465
2025-01-10 10:56:03+00:00,0.465
2025-01-10 10:57:03+00:00,0.465
2025-01-10 10:58:03+00:00,0.465
2025-01-10 10:59:03+00:00,0.465
2025-01-10 11:00:04+00:00,0.465
2025-01-10 11:01:03+00:00,0.465
2025-01-10 11:02:03+00:00,0.465
2025-01-10 11:03:03+00:00,0.465
2025-01-10 11:04:03+00:00,0.465
2025-01-10 11:05:03+00:00,0.465
2025-01-10 11:06:03+00:00,0.465
2025-01-10 11:07:04+00:00,0.465
2025-01-10 11:08:03+00:00,0.465
2025-01-10 11:09:03+00:00,0.465
2025-01-10 11:10:04+00:00,0.465
2025-01-10 11:11:03+00:00,0.465
2025-01-10 11:12:04+00:00,0.465
2025-01-10 11:13:03+00:00,0.465
2025-01-10 11:14:03+00:00,0.465
2025-01-10 11:15:03+00:00,0.465
2025-01-10 11:16:04+00:00,0.465
2025-01-10 11:17:03+00:00,0.465
2025-01-10 11:18:03+00:00,0.465
2025-01-10 11:19:03+00:00,0.465
2025-01-10 11:20:03+00:00,0.465
2025-01-10 11:21:03+00:00,0.465
2025-01-10 11:22:03+00:00,0.465
2025-01-10 11:23:03+00:00,0.465
2025-01-10 11:24:03+00:00,0.465
2025-01-10 11:25:03+00:00,0.465
2025-01-10 11:26:03+00:00,0.465
2025-01-10 11:27:03+00:00,0.465
2025-01-10 11:28:03+00:00,0.465
2025-01-10 11:29:03+00:00,0.465
2025-01-10 11:30:03+00:00,0.465
2025-01-10 11:31:03+00:00,0.465
2025-01-10 11:32:03+00:00,0.465
2025-01-10 11:33:03+00:00,0.465
2025-01-10 11:34:03+00:00,0.465
2025-01-10 11:35:03+00:00,0.465
2025-01-10 11:36:03+00:00,0.465
2025-01-10 11:37:03+00:00,0.465
2025-01-10 11:38:03+00:00,0.465
2025-01-10 11:39:03+00:00,0.465
2025-01-10 11:40:03+00:00,0.465
2025-01-10 11:41:03+00:00,0.465
2025-01-10 11:42:03+00:00,0.465
2025-01-10 11:43:03+00:00,0.465
2025-01-10 11:44:03+00:00,0.465
2025-01-10 11:45:03+00:00,0.465
2025-01-10 11:46:03+00:00,0.465
2025-01-10 11:47:03+00:00,0.465
2025-01-10 11:48:03+00:00,0.465
2025-01-10 11:49:03+00:00,0.465
2025-01-10 11:50:03+00:00,0.465
2025-01-10 11:51:03+00:00,0.465
2025-01-10 11:52:03+00:00,0.465
2025-01-10 11:53:03+00:00,0.465
2025-01-10 11:54:03+00:00,0.465
2025-01-10 11:55:03+00:00,0.465
2025-01-10 11:56:03+00:00,0.465
2025-01-10 11:57:03+00:00,0.465
2025-01-10 11:58:03+00:00,0.465
2025-01-10 11:59:03+00:00,0.465
2025-01-10 12:00:04+00:00,0.465
2025-01-10 12:01:03+00:00,0.465
2025-01-10 12:02:03+00:00,0.465
2025-01-10 12:03:03+00:00,0.465
2025-01-10 12:04:04+00:00,0.465
2025-01-10 12:05:03+00:00,0.465
2025-01-10 12:06:03+00:00,0.465
2025-01-10 12:07:03+00:00,0.465
2025-01-10 12:08:03+00:00,0.465
2025-01-10 12:09:03+00:00,0.465
2025-01-10 12:10:03+00:00,0.465
2025-01-10 12:11:03+00:00,0.465
2025-01-10 12:12:03+00:00,0.465
2025-01-10 12:13:04+00:00,0.465
2025-01-10 12:14:03+00:00,0.465
2025-01-10 12:15:03+00:00,0.465
2025-01-10 12:16:03+00:00,0.465
2025-01-10 12:17:03+00:00,0.465
2025-01-10 12:18:03+00:00,0.465
2025-01-10 12:19:03+00:00,0.465
2025-01-10 12:20:03+00:00,0.465
2025-01-10 12:21:03+00:00,0.465
2025-01-10 12:22:03+00:00,0.465
2025-01-10 12:23:04+00:00,0.465
2025-01-10 12:24:03+00:00,0.465
2025-01-10 12:25:03+00:00,0.465
2025-01-10 12:26:03+00:00,0.465
2025-01-10 12:27:03+00:00,0.465
2025-01-10 12:28:03+00:00,0.465
2025-01-10 12:29:03+00:00,0.465
2025-01-10 12:30:04+00:00,0.465
2025-01-10 12:31:03+00:00,0.465
2025-01-10 12:32:03+00:00,0.465
2025-01-10 12:33:03+00:00,0.465
2025-01-10 12:34:03+00:00,0.465
2025-01-10 12:35:03+00:00,0.465
2025-01-10 12:36:03+00:00,0.465
2025-01-10 12:37:03+00:00,0.465
2025-01-10 12:38:03+00:00,0.465
2025-01-10 12:39:03+00:00,0.465
2025-01-10 12:40:04+00:00,0.465
2025-01-10 12:41:03+00:00,0.465
2025-01-10 12:42:03+00:00,0.465
2025-01-10 12:43:03+00:00,0.465
2025-01-10 12:44:03+00:00,0.465
2025-01-10 12:45:03+00:00,0.465
2025-01-10 12:46:03+00:00,0.465
2025-01-10 12:47:03+00:00,0.465
2025-01-10 12:48:03+00:00,0.465
2025-01-10 12:49:03+00:00,0.465
2025-01-10 12:50:04+00:00,0.465
2025-01-10 12:51:03+00:00,0.465
2025-01-10 12:52:03+00:00,0.465
2025-01-10 12:53:03+00:00,0.465
2025-01-10 12:54:03+00:00,0.465
2025-01-10 12:55:03+00:00,0.465
2025-01-10 12:56:03+00:00,0.455
2025-01-10 12:57:04+00:00,0.455
2025-01-10 12:58:03+00:00,0.455
2025-01-10 12:59:03+00:00,0.455
2025-01-10 13:00:03+00:00,0.455
2025-01-10 13:01:03+00:00,0.455
2025-01-10 13:02:03+00:00,0.455
2025-01-10 13:03:03+00:00,0.455
2025-01-10 13:04:03+00:00,0.455
2025-01-10 13:05:03+00:00,0.455
2025-01-10 13:06:03+00:00,0.455
2025-01-10 13:07:03+00:00,0.455
2025-01-10 13:08:03+00:00,0.455
2025-01-10 13:09:03+00:00,0.455
2025-01-10 13:10:03+00:00,0.455
2025-01-10 13:11:03+00:00,0.455
2025-01-10 13:12:03+00:00,0.455
2025-01-10 13:13:03+00:00,0.455
2025-01-10 13:14:03+00:00,0.455
2025-01-10 13:15:03+00:00,0.455
2025-01-10 13:16:04+00:00,0.455
2025-01-10 13:17:03+00:00,0.455
2025-01-10 13:18:03+00:00,0.455
2025-01-10 13:19:03+00:00,0.455
2025-01-10 13:20:03+00:00,0.455
2025-01-10 13:21:03+00:00,0.455
2025-01-10 13:22:03+00:00,0.455
2025-01-10 13:23:03+00:00,0.455
2025-01-10 13:24:03+00:00,0.455
2025-01-10 13:25:03+00:00,0.45
2025-01-10 13:26:03+00:00,0.445
2025-01-10 13:27:03+00:00,0.445
2025-01-10 13:28:03+00:00,0.455
2025-01-10 13:29:03+00:00,0.44
2025-01-10 13:30:03+00:00,0.44
2025-01-10 13:31:03+00:00,0.455
2025-01-10 13:32:03+00:00,0.445
2025-01-10 13:33:03+00:00,0.455
2025-01-10 13:34:03+00:00,0.45
2025-01-10 13:35:04+00:00,0.45
2025-01-10 13:36:03+00:00,0.445
2025-01-10 13:37:03+00:00,0.445
2025-01-10 13:38:03+00:00,0.445
2025-01-10 13:39:03+00:00,0.445
2025-01-10 13:40:03+00:00,0.445
2025-01-10 13:41:03+00:00,0.455
2025-01-10 13:42:03+00:00,0.455
2025-01-10 13:43:03+00:00,0.455
2025-01-10 13:44:03+00:00,0.455
2025-01-10 13:45:03+00:00,0.45
2025-01-10 13:46:03+00:00,0.455
2025-01-10 13:47:03+00:00,0.455
2025-01-10 13:48:03+00:00,0.46
2025-01-10 13:49:03+00:00,0.46
2025-01-10 13:50:03+00:00,0.46
2025-01-10 13:51:03+00:00,0.46
2025-01-10 13:52:04+00:00,0.46
2025-01-10 13:53:03+00:00,0.455
2025-01-10 13:54:03+00:00,0.455
2025-01-10 13:55:03+00:00,0.465
2025-01-10 13:56:03+00:00,0.465
2025-01-10 13:57:03+00:00,0.465
2025-01-10 13:58:03+00:00,0.465
2025-01-10 13:59:03+00:00,0.465
2025-01-10 14:00:03+00:00,0.465
2025-01-10 14:01:03+00:00,0.465
2025-01-10 14:02:03+00:00,0.465
2025-01-10 14:03:03+00:00,0.465
2025-01-10 14:04:03+00:00,0.465
2025-01-10 14:05:03+00:00,0.465
2025-01-10 14:06:03+00:00,0.465
2025-01-10 14:07:03+00:00,0.465
2025-01-10 14:08:03+00:00,0.465
2025-01-10 14:09:03+00:00,0.465
2025-01-10 14:10:03+00:00,0.465
2025-01-10 14:11:03+00:00,0.465
2025-01-10 14:12:03+00:00,0.465
2025-01-10 14:13:03+00:00,0.465
2025-01-10 14:14:03+00:00,0.465
2025-01-10 14:15:03+00:00,0.46
2025-01-10 14:16:03+00:00,0.46
2025-01-10 14:17:03+00:00,0.46
2025-01-10 14:18:03+00:00,0.46
2025-01-10 14:19:03+00:00,0.46
2025-01-10 14:20:03+00:00,0.46
2025-01-10 14:21:03+00:00,0.46
2025-01-10 14:22:03+00:00,0.46
2025-01-10 14:23:03+00:00,0.46
2025-01-10 14:24:03+00:00,0.465
2025-01-10 14:25:03+00:00,0.465
2025-01-10 14:26:03+00:00,0.465
2025-01-10 14:27:03+00:00,0.465
2025-01-10 14:28:03+00:00,0.465
2025-01-10 14:29:03+00:00,0.465
2025-01-10 14:30:03+00:00,0.465
2025-01-10 14:31:03+00:00,0.465
2025-01-10 14:32:03+00:00,0.465
2025-01-10 14:33:03+00:00,0.465
2025-01-10 14:34:03+00:00,0.465
2025-01-10 14:35:03+00:00,0.465
2025-01-10 14:36:03+00:00,0.465
2025-01-10 14:37:03+00:00,0.465
2025-01-10 14:38:03+00:00,0.465
2025-01-10 14:39:03+00:00,0.465
2025-01-10 14:40:03+00:00,0.465
2025-01-10 14:41:03+00:00,0.465
2025-01-10 14:42:03+00:00,0.465
2025-01-10 14:43:03+00:00,0.465
2025-01-10 14:44:03+00:00,0.465
2025-01-10 14:45:03+00:00,0.465
2025-01-10 14:46:03+00:00,0.465
2025-01-10 14:47:03+00:00,0.465
2025-01-10 14:48:03+00:00,0.465
2025-01-10 14:49:03+00:00,0.465
2025-01-10 14:50:03+00:00,0.465
2025-01-10 14:51:03+00:00,0.465
2025-01-10 14:52:03+00:00,0.465
2025-01-10 14:53:03+00:00,0.465
2025-01-10 14:54:03+00:00,0.465
2025-01-10 14:55:03+00:00,0.465
2025-01-10 14:56:03+00:00,0.465
2025-01-10 14:57:03+00:00,0.465
2025-01-10 14:58:03+00:00,0.465
2025-01-10 14:59:03+00:00,0.465
2025-01-10 15:00:03+00:00,0.465
2025-01-10 15:01:03+00:00,0.465
2025-01-10 15:02:03+00:00,0.465
2025-01-10 15:03:03+00:00,0.465
2025-01-10 15:04:03+00:00,0.465
2025-01-10 15:05:04+00:00,0.465
2025-01-10 15:06:03+00:00,0.465
2025-01-10 15:07:03+00:00,0.465
2025-01-10 15:08:03+00:00,0.465
2025-01-10 15:09:03+00:00,0.465
2025-01-10 15:10:04+00:00,0.465
2025-01-10 15:11:03+00:00,0.465
2025-01-10 15:12:04+00:00,0.465
2025-01-10 15:13:04+00:00,0.465
2025-01-10 15:14:03+00:00,0.465
2025-01-10 15:15:03+00:00,0.465
2025-01-10 15:16:03+00:00,0.465
2025-01-10 15:17:03+00:00,0.465
2025-01-10 15:18:03+00:00,0.465
2025-01-10 15:19:03+00:00,0.465
2025-01-10 15:20:03+00:00,0.465
2025-01-10 15:21:03+00:00,0.465
2025-01-10 15:22:03+00:00,0.465
2025-01-10 15:23:03+00:00,0.465
2025-01-10 15:24:03+00:00,0.465
2025-01-10 15:25:03+00:00,0.465
2025-01-10 15:26:03+00:00,0.465
2025-01-10 15:27:03+00:00,0.465
2025-01-10 15:28:03+00:00,0.465
2025-01-10 15:29:03+00:00,0.465
2025-01-10 15:30:03+00:00,0.465
2025-01-10 15:31:03+00:00,0.465
2025-01-10 15:32:04+00:00,0.46
2025-01-10 15:33:03+00:00,0.46
2025-01-10 15:34:03+00:00,0.46
2025-01-10 15:35:03+00:00,0.46
2025-01-10 15:36:03+00:00,0.46
2025-01-10 15:37:03+00:00,0.46
2025-01-10 15:38:03+00:00,0.46
2025-01-10 15:39:03+00:00,0.46
2025-01-10 15:40:03+00:00,0.46
2025-01-10 15:41:03+00:00,0.46
2025-01-10 15:42:03+00:00,0.46
2025-01-10 15:43:03+00:00,0.46
2025-01-10 15:44:03+00:00,0.46
2025-01-10 15:45:03+00:00,0.46
2025-01-10 15:46:03+00:00,0.46
2025-01-10 15:47:03+00:00,0.46
2025-01-10 15:48:03+00:00,0.465
2025-01-10 15:49:03+00:00,0.465
2025-01-10 15:50:03+00:00,0.465
2025-01-10 15:51:03+00:00,0.465
2025-01-10 15:52:03+00:00,0.465
2025-01-10 15:53:03+00:00,0.465
2025-01-10 15:54:03+00:00,0.465
2025-01-10 15:55:03+00:00,0.465
2025-01-10 15:56:03+00:00,0.465
2025-01-10 15:57:03+00:00,0.465
2025-01-10 15:58:03+00:00,0.465
2025-01-10 15:59:03+00:00,0.47
2025-01-10 16:00:04+00:00,0.47
2025-01-10 16:01:03+00:00,0.47
2025-01-10 16:02:03+00:00,0.47
2025-01-10 16:03:03+00:00,0.465
2025-01-10 16:04:03+00:00,0.465
2025-01-10 16:05:04+00:00,0.465
2025-01-10 16:06:03+00:00,0.465
2025-01-10 16:07:03+00:00,0.465
2025-01-10 16:08:03+00:00,0.465
2025-01-10 16:09:03+00:00,0.465
2025-01-10 16:10:03+00:00,0.465
2025-01-10 16:11:03+00:00,0.47
2025-01-10 16:12:03+00:00,0.47
2025-01-10 16:13:03+00:00,0.47
2025-01-10 16:14:03+00:00,0.47
2025-01-10 16:15:03+00:00,0.47
2025-01-10 16:16:03+00:00,0.47
2025-01-10 16:17:03+00:00,0.47
2025-01-10 16:18:03+00:00,0.47
2025-01-10 16:19:03+00:00,0.47
2025-01-10 16:20:03+00:00,0.47
2025-01-10 16:21:03+00:00,0.47
2025-01-10 16:22:03+00:00,0.47
2025-01-10 16:23:03+00:00,0.465
2025-01-10 16:24:03+00:00,0.465
2025-01-10 16:25:03+00:00,0.465
2025-01-10 16:26:03+00:00,0.465
2025-01-10 16:27:03+00:00,0.465
2025-01-10 16:28:03+00:00,0.465
2025-01-10 16:29:03+00:00,0.465
2025-01-10 16:30:03+00:00,0.47
2025-01-10 16:31:03+00:00,0.47
2025-01-10 16:32:03+00:00,0.47
2025-01-10 16:33:03+00:00,0.47
2025-01-10 16:34:03+00:00,0.47
2025-01-10 16:35:03+00:00,0.465
2025-01-10 16:36:03+00:00,0.465
2025-01-10 16:37:03+00:00,0.47
2025-01-10 16:38:03+00:00,0.465
2025-01-10 16:39:03+00:00,0.47
2025-01-10 16:40:03+00:00,0.465
2025-01-10 16:41:03+00:00,0.465
2025-01-10 16:42:03+00:00,0.465
2025-01-10 16:43:03+00:00,0.465
2025-01-10 16:44:03+00:00,0.465
2025-01-10 16:45:03+00:00,0.465
2025-01-10 16:46:03+00:00,0.465
2025-01-10 16:47:03+00:00,0.465
2025-01-10 16:48:03+00:00,0.46
2025-01-10 16:49:03+00:00,0.465
2025-01-10 16:50:03+00:00,0.465
2025-01-10 16:51:03+00:00,0.465
2025-01-10 16:52:03+00:00,0.465
2025-01-10 16:53:03+00:00,0.465
2025-01-10 16:54:03+00:00,0.465
2025-01-10 16:55:03+00:00,0.465
2025-01-10 16:56:02+00:00,0.465
2025-01-10 16:57:03+00:00,0.465
2025-01-10 16:58:03+00:00,0.465
2025-01-10 16:59:03+00:00,0.465
2025-01-10 17:00:03+00:00,0.465
2025-01-10 17:01:02+00:00,0.455
2025-01-10 17:02:03+00:00,0.465
2025-01-10 17:03:03+00:00,0.465
2025-01-10 17:04:04+00:00,0.465
2025-01-10 17:05:03+00:00,0.465
2025-01-10 17:06:03+00:00,0.465
2025-01-10 17:07:03+00:00,0.465
2025-01-10 17:08:03+00:00,0.465
2025-01-10 17:09:03+00:00,0.46
2025-01-10 17:10:04+00:00,0.46
2025-01-10 17:11:03+00:00,0.46
2025-01-10 17:12:03+00:00,0.46
2025-01-10 17:13:03+00:00,0.455
2025-01-10 17:14:03+00:00,0.455
2025-01-10 17:15:03+00:00,0.455
2025-01-10 17:16:03+00:00,0.455
2025-01-10 17:17:03+00:00,0.455
2025-01-10 17:18:03+00:00,0.455
2025-01-10 17:19:03+00:00,0.455
2025-01-10 17:20:03+00:00,0.455
2025-01-10 17:21:03+00:00,0.455
2025-01-10 17:22:03+00:00,0.46
2025-01-10 17:23:03+00:00,0.46
2025-01-10 17:24:03+00:00,0.465
2025-01-10 17:25:03+00:00,0.465
2025-01-10 17:26:03+00:00,0.465
2025-01-10 17:27:03+00:00,0.465
2025-01-10 17:28:03+00:00,0.465
2025-01-10 17:29:03+00:00,0.465
2025-01-10 17:30:03+00:00,0.465
2025-01-10 17:31:03+00:00,0.475
2025-01-10 17:32:03+00:00,0.475
2025-01-10 17:33:03+00:00,0.475
2025-01-10 17:34:03+00:00,0.475
2025-01-10 17:35:04+00:00,0.475
2025-01-10 17:36:03+00:00,0.475
2025-01-10 17:37:03+00:00,0.475
2025-01-10 17:38:03+00:00,0.475
2025-01-10 17:39:03+00:00,0.475
2025-01-10 17:40:03+00:00,0.475
2025-01-10 17:41:04+00:00,0.475
2025-01-10 17:42:03+00:00,0.475
2025-01-10 17:43:03+00:00,0.475
2025-01-10 17:44:03+00:00,0.475
2025-01-10 17:45:03+00:00,0.475
2025-01-10 17:46:03+00:00,0.475
2025-01-10 17:47:03+00:00,0.475
2025-01-10 17:48:03+00:00,0.475
2025-01-10 17:49:03+00:00,0.475
2025-01-10 17:50:03+00:00,0.475
2025-01-10 17:51:03+00:00,0.475
2025-01-10 17:52:03+00:00,0.475
2025-01-10 17:53:03+00:00,0.475
2025-01-10 17:54:03+00:00,0.475
2025-01-10 17:55:03+00:00,0.475
2025-01-10 17:56:03+00:00,0.475
2025-01-10 17:57:03+00:00,0.475
2025-01-10 17:58:03+00:00,0.475
2025-01-10 17:59:03+00:00,0.475
2025-01-10 18:00:04+00:00,0.475
2025-01-10 18:01:03+00:00,0.475
2025-01-10 18:02:03+00:00,0.475
2025-01-10 18:03:03+00:00,0.475
2025-01-10 18:04:03+00:00,0.475
2025-01-10 18:05:03+00:00,0.475
2025-01-10 18:06:03+00:00,0.475
2025-01-10 18:07:03+00:00,0.475
2025-01-10 18:08:04+00:00,0.475
2025-01-10 18:09:03+00:00,0.475
2025-01-10 18:10:04+00:00,0.475
2025-01-10 18:11:03+00:00,0.475
2025-01-10 18:12:03+00:00,0.475
2025-01-10 18:13:03+00:00,0.475
2025-01-10 18:14:04+00:00,0.475
2025-01-10 18:15:03+00:00,0.475
2025-01-10 18:16:03+00:00,0.475
2025-01-10 18:17:03+00:00,0.475
2025-01-10 18:18:04+00:00,0.475
2025-01-10 18:19:03+00:00,0.475
2025-01-10 18:20:03+00:00,0.475
2025-01-10 18:21:03+00:00,0.475
2025-01-10 18:22:03+00:00,0.475
2025-01-10 18:23:03+00:00,0.475
2025-01-10 18:24:04+00:00,0.475
2025-01-10 18:25:03+00:00,0.475
2025-01-10 18:26:03+00:00,0.475
2025-01-10 18:27:03+00:00,0.475
2025-01-10 18:28:03+00:00,0.475
2025-01-10 18:29:03+00:00,0.475
2025-01-10 18:30:03+00:00,0.475
2025-01-10 18:31:03+00:00,0.475
2025-01-10 18:32:03+00:00,0.475
2025-01-10 18:33:03+00:00,0.475
2025-01-10 18:34:03+00:00,0.475
2025-01-10 18:35:03+00:00,0.475
2025-01-10 18:36:03+00:00,0.475
2025-01-10 18:37:04+00:00,0.475
2025-01-10 18:38:03+00:00,0.475
2025-01-10 18:39:03+00:00,0.475
2025-01-10 18:40:03+00:00,0.475
2025-01-10 18:41:03+00:00,0.475
2025-01-10 18:42:03+00:00,0.475
2025-01-10 18:43:03+00:00,0.475
2025-01-10 18:44:03+00:00,0.475
2025-01-10 18:45:03+00:00,0.475
2025-01-10 18:46:03+00:00,0.475
2025-01-10 18:47:03+00:00,0.475
2025-01-10 18:48:03+00:00,0.475
2025-01-10 18:49:03+00:00,0.475
2025-01-10 18:50:03+00:00,0.475
2025-01-10 18:51:03+00:00,0.475
2025-01-10 18:52:03+00:00,0.475
2025-01-10 18:53:03+00:00,0.475
2025-01-10 18:54:03+00:00,0.475
2025-01-10 18:55:03+00:00,0.475
2025-01-10 18:56:03+00:00,0.475
2025-01-10 18:57:04+00:00,0.475
2025-01-10 18:58:03+00:00,0.475
2025-01-10 18:59:03+00:00,0.475
2025-01-10 19:00:04+00:00,0.475
2025-01-10 19:01:03+00:00,0.475
2025-01-10 19:02:03+00:00,0.475
2025-01-10 19:03:03+00:00,0.475
2025-01-10 19:04:03+00:00,0.475
2025-01-10 19:05:04+00:00,0.475
2025-01-10 19:06:03+00:00,0.475
2025-01-10 19:07:03+00:00,0.475
2025-01-10 19:08:03+00:00,0.475
2025-01-10 19:09:03+00:00,0.475
2025-01-10 19:10:03+00:00,0.475
2025-01-10 19:11:03+00:00,0.475
2025-01-10 19:12:03+00:00,0.475
2025-01-10 19:13:03+00:00,0.465
2025-01-10 19:14:03+00:00,0.465
2025-01-10 19:15:03+00:00,0.46
2025-01-10 19:16:03+00:00,0.46
2025-01-10 19:17:04+00:00,0.465
2025-01-10 19:18:03+00:00,0.465
2025-01-10 19:19:03+00:00,0.465
2025-01-10 19:20:03+00:00,0.465
2025-01-10 19:21:03+00:00,0.465
2025-01-10 19:22:03+00:00,0.465
2025-01-10 19:23:03+00:00,0.465
2025-01-10 19:24:03+00:00,0.47
2025-01-10 19:25:03+00:00,0.47
2025-01-10 19:26:03+00:00,0.47
2025-01-10 19:27:04+00:00,0.47
2025-01-10 19:28:03+00:00,0.47
2025-01-10 19:29:03+00:00,0.47
2025-01-10 19:30:04+00:00,0.465
2025-01-10 19:31:03+00:00,0.465
2025-01-10 19:32:03+00:00,0.465
2025-01-10 19:33:03+00:00,0.465
2025-01-10 19:34:03+00:00,0.465
2025-01-10 19:35:03+00:00,0.46
2025-01-10 19:36:03+00:00,0.46
2025-01-10 19:37:03+00:00,0.46
2025-01-10 19:38:04+00:00,0.465
2025-01-10 19:39:03+00:00,0.465
2025-01-10 19:40:03+00:00,0.465
2025-01-10 19:41:03+00:00,0.46
2025-01-10 19:42:03+00:00,0.46
2025-01-10 19:43:03+00:00,0.46
2025-01-10 19:44:03+00:00,0.465
2025-01-10 19:45:03+00:00,0.465
2025-01-10 19:46:03+00:00,0.46
2025-01-10 19:47:03+00:00,0.46
2025-01-10 19:48:03+00:00,0.46
2025-01-10 19:49:03+00:00,0.46
2025-01-10 19:50:03+00:00,0.46
2025-01-10 19:51:03+00:00,0.46
2025-01-10 19:52:03+00:00,0.46
2025-01-10 19:53:03+00:00,0.47
2025-01-10 19:54:03+00:00,0.47
2025-01-10 19:55:03+00:00,0.465
2025-01-10 19:56:03+00:00,0.465
2025-01-10 19:57:03+00:00,0.47
2025-01-10 19:58:03+00:00,0.47
2025-01-10 19:59:03+00:00,0.475
2025-01-10 20:00:03+00:00,0.475
2025-01-10 20:01:03+00:00,0.475
2025-01-10 20:02:03+00:00,0.475
2025-01-10 20:03:03+00:00,0.475
2025-01-10 20:04:03+00:00,0.475
2025-01-10 20:05:03+00:00,0.475
2025-01-10 20:06:03+00:00,0.475
2025-01-10 20:07:03+00:00,0.475
2025-01-10 20:08:03+00:00,0.475
2025-01-10 20:09:03+00:00,0.475
2025-01-10 20:10:03+00:00,0.475
2025-01-10 20:11:03+00:00,0.475
2025-01-10 20:12:03+00:00,0.475
2025-01-10 20:13:03+00:00,0.475
2025-01-10 20:14:03+00:00,0.475
2025-01-10 20:15:03+00:00,0.475
2025-01-10 20:16:04+00:00,0.475
2025-01-10 20:17:03+00:00,0.475
2025-01-10 20:18:03+00:00,0.475
2025-01-10 20:19:03+00:00,0.475
2025-01-10 20:20:04+00:00,0.475
2025-01-10 20:21:03+00:00,0.475
2025-01-10 20:22:03+00:00,0.475
2025-01-10 20:23:03+00:00,0.475
2025-01-10 20:24:03+00:00,0.475
2025-01-10 20:25:03+00:00,0.475
2025-01-10 20:26:04+00:00,0.475
2025-01-10 20:27:03+00:00,0.475
2025-01-10 20:28:03+00:00,0.475
2025-01-10 20:29:03+00:00,0.475
2025-01-10 20:30:03+00:00,0.475
2025-01-10 20:31:03+00:00,0.475
2025-01-10 20:32:03+00:00,0.475
2025-01-10 20:33:03+00:00,0.475
2025-01-10 20:34:03+00:00,0.475
2025-01-10 20:35:03+00:00,0.475
2025-01-10 20:36:03+00:00,0.475
2025-01-10 20:37:03+00:00,0.475
2025-01-10 20:38:04+00:00,0.475
2025-01-10 20:39:03+00:00,0.475
2025-01-10 20:40:03+00:00,0.475
2025-01-10 20:41:03+00:00,0.475
2025-01-10 20:42:03+00:00,0.475
2025-01-10 20:43:03+00:00,0.475
2025-01-10 20:44:03+00:00,0.475
2025-01-10 20:45:03+00:00,0.475
2025-01-10 20:46:03+00:00,0.475
2025-01-10 20:47:03+00:00,0.475
2025-01-10 20:48:03+00:00,0.475
2025-01-10 20:49:03+00:00,0.475
2025-01-10 20:50:03+00:00,0.475
2025-01-10 20:51:03+00:00,0.475
2025-01-10 20:52:04+00:00,0.475
2025-01-10 20:53:03+00:00,0.475
2025-01-10 20:54:03+00:00,0.475
2025-01-10 20:55:03+00:00,0.475
2025-01-10 20:56:03+00:00,0.475
2025-01-10 20:57:03+00:00,0.475
2025-01-10 20:58:03+00:00,0.475
2025-01-10 20:59:03+00:00,0.475
2025-01-10 21:00:03+00:00,0.475
2025-01-10 21:01:03+00:00,0.475
2025-01-10 21:02:03+00:00,0.475
2025-01-10 21:03:03+00:00,0.475
2025-01-10 21:04:03+00:00,0.475
2025-01-10 21:05:03+00:00,0.475
2025-01-10 21:06:03+00:00,0.475
2025-01-10 21:07:03+00:00,0.475
2025-01-10 21:08:03+00:00,0.475
2025-01-10 21:09:03+00:00,0.475
2025-01-10 21:10:03+00:00,0.475
2025-01-10 21:11:03+00:00,0.475
2025-01-10 21:12:03+00:00,0.475
2025-01-10 21:13:03+00:00,0.475
2025-01-10 21:14:03+00:00,0.475
2025-01-10 21:15:03+00:00,0.475
2025-01-10 21:16:03+00:00,0.475
2025-01-10 21:17:03+00:00,0.475
2025-01-10 21:18:03+00:00,0.475
2025-01-10 21:19:03+00:00,0.475
2025-01-10 21:20:03+00:00,0.475
2025-01-10 21:21:03+00:00,0.475
2025-01-10 21:22:03+00:00,0.475
2025-01-10 21:23:03+00:00,0.475
2025-01-10 21:24:03+00:00,0.465
2025-01-10 21:25:04+00:00,0.465
2025-01-10 21:26:03+00:00,0.46
2025-01-10 21:27:03+00:00,0.46
2025-01-10 21:28:03+00:00,0.46
2025-01-10 21:29:03+00:00,0.46
2025-01-10 21:30:03+00:00,0.46
2025-01-10 21:31:03+00:00,0.47
2025-01-10 21:32:03+00:00,0.465
2025-01-10 21:33:03+00:00,0.46
2025-01-10 21:34:03+00:00,0.455
2025-01-10 21:35:03+00:00,0.455
2025-01-10 21:36:03+00:00,0.455
2025-01-10 21:37:03+00:00,0.455
2025-01-10 21:38:03+00:00,0.455
2025-01-10 21:39:03+00:00,0.455
2025-01-10 21:40:03+00:00,0.455
2025-01-10 21:41:03+00:00,0.455
2025-01-10 21:42:03+00:00,0.455
2025-01-10 21:43:03+00:00,0.465
2025-01-10 21:44:03+00:00,0.465
2025-01-10 21:45:03+00:00,0.46
2025-01-10 21:46:04+00:00,0.46
2025-01-10 21:47:03+00:00,0.46
2025-01-10 21:48:04+00:00,0.46
2025-01-10 21:49:03+00:00,0.455
2025-01-10 21:50:03+00:00,0.455
2025-01-10 21:51:03+00:00,0.455
2025-01-10 21:52:03+00:00,0.455
2025-01-10 21:53:03+00:00,0.46
2025-01-10 21:54:03+00:00,0.46
2025-01-10 21:55:03+00:00,0.46
2025-01-10 21:56:03+00:00,0.46
2025-01-10 21:57:03+00:00,0.455
2025-01-10 21:58:03+00:00,0.455
2025-01-10 21:59:03+00:00,0.455
2025-01-10 22:00:03+00:00,0.455
2025-01-10 22:01:03+00:00,0.455
2025-01-10 22:02:03+00:00,0.455
2025-01-10 22:03:03+00:00,0.455
2025-01-10 22:04:03+00:00,0.465
2025-01-10 22:05:03+00:00,0.465
2025-01-10 22:06:03+00:00,0.46
2025-01-10 22:07:03+00:00,0.46
2025-01-10 22:08:04+00:00,0.46
2025-01-10 22:09:03+00:00,0.455
2025-01-10 22:10:03+00:00,0.455
2025-01-10 22:11:04+00:00,0.455
2025-01-10 22:12:03+00:00,0.445
2025-01-10 22:13:03+00:00,0.445
2025-01-10 22:14:04+00:00,0.455
2025-01-10 22:15:03+00:00,0.44
2025-01-10 22:16:04+00:00,0.455
2025-01-10 22:17:03+00:00,0.45
2025-01-10 22:18:03+00:00,0.455
2025-01-10 22:19:03+00:00,0.455
2025-01-10 22:20:03+00:00,0.445
2025-01-10 22:21:03+00:00,0.445
2025-01-10 22:22:03+00:00,0.435
2025-01-10 22:23:03+00:00,0.445
2025-01-10 22:24:03+00:00,0.445
2025-01-10 22:25:03+00:00,0.445
2025-01-10 22:26:03+00:00,0.46
2025-01-10 22:27:03+00:00,0.46
2025-01-10 22:28:03+00:00,0.46
2025-01-10 22:29:03+00:00,0.46
2025-01-10 22:30:04+00:00,0.46
2025-01-10 22:31:03+00:00,0.46
2025-01-10 22:32:03+00:00,0.46
2025-01-10 22:33:03+00:00,0.465
2025-01-10 22:34:03+00:00,0.465
2025-01-10 22:35:04+00:00,0.465
2025-01-10 22:36:04+00:00,0.465
2025-01-10 22:37:03+00:00,0.465
2025-01-10 22:38:04+00:00,0.465
2025-01-10 22:39:03+00:00,0.465
2025-01-10 22:40:03+00:00,0.465
2025-01-10 22:41:03+00:00,0.465
2025-01-10 22:42:03+00:00,0.465
2025-01-10 22:43:03+00:00,0.46
2025-01-10 22:44:03+00:00,0.465
2025-01-10 22:45:03+00:00,0.465
2025-01-10 22:46:03+00:00,0.465
2025-01-10 22:47:03+00:00,0.465
2025-01-10 22:48:03+00:00,0.455
2025-01-10 22:49:03+00:00,0.455
2025-01-10 22:50:03+00:00,0.445
2025-01-10 22:51:03+00:00,0.445
2025-01-10 22:52:03+00:00,0.445
2025-01-10 22:53:03+00:00,0.45
2025-01-10 22:54:03+00:00,0.45
2025-01-10 22:55:03+00:00,0.45
2025-01-10 22:56:03+00:00,0.45
2025-01-10 22:57:03+00:00,0.45
2025-01-10 22:58:03+00:00,0.46
2025-01-10 22:59:04+00:00,0.46
2025-01-10 23:00:03+00:00,0.46
2025-01-10 23:01:03+00:00,0.46
2025-01-10 23:02:03+00:00,0.465
2025-01-10 23:03:03+00:00,0.465
2025-01-10 23:04:03+00:00,0.46
2025-01-10 23:05:04+00:00,0.46
2025-01-10 23:06:03+00:00,0.44
2025-01-10 23:07:03+00:00,0.44
2025-01-10 23:08:04+00:00,0.445
2025-01-10 23:09:03+00:00,0.445
2025-01-10 23:10:04+00:00,0.445
2025-01-10 23:11:03+00:00,0.44
2025-01-10 23:12:03+00:00,0.44
2025-01-10 23:13:03+00:00,0.46
2025-01-10 23:14:04+00:00,0.475
2025-01-10 23:15:03+00:00,0.475
2025-01-10 23:16:03+00:00,0.475
2025-01-10 23:17:03+00:00,0.475
2025-01-10 23:18:03+00:00,0.46
2025-01-10 23:19:03+00:00,0.46
2025-01-10 23:20:04+00:00,0.46
2025-01-10 23:21:03+00:00,0.46
2025-01-10 23:22:03+00:00,0.475
2025-01-10 23:23:03+00:00,0.475
2025-01-10 23:24:03+00:00,0.475
2025-01-10 23:25:03+00:00,0.475
2025-01-10 23:26:03+00:00,0.475
2025-01-10 23:27:03+00:00,0.475
2025-01-10 23:28:03+00:00,0.475
2025-01-10 23:29:03+00:00,0.475
2025-01-10 23:30:04+00:00,0.475
2025-01-10 23:31:03+00:00,0.475
2025-01-10 23:32:04+00:00,0.475
2025-01-10 23:33:03+00:00,0.475
2025-01-10 23:34:03+00:00,0.46
2025-01-10 23:35:03+00:00,0.46
2025-01-10 23:36:03+00:00,0.46
2025-01-10 23:37:03+00:00,0.46
2025-01-10 23:38:03+00:00,0.46
2025-01-10 23:39:03+00:00,0.46
2025-01-10 23:40:04+00:00,0.46
2025-01-10 23:41:03+00:00,0.46
2025-01-10 23:42:03+00:00,0.455
2025-01-10 23:43:03+00:00,0.455
2025-01-10 23:44:03+00:00,0.455
2025-01-10 23:45:03+00:00,0.455
2025-01-10 23:46:03+00:00,0.455
2025-01-10 23:47:03+00:00,0.46
2025-01-10 23:48:04+00:00,0.46
2025-01-10 23:49:03+00:00,0.46
2025-01-10 23:50:03+00:00,0.46
2025-01-10 23:51:03+00:00,0.46
2025-01-10 23:52:03+00:00,0.46
2025-01-10 23:53:03+00:00,0.46
2025-01-10 23:54:03+00:00,0.46
2025-01-10 23:55:03+00:00,0.455
2025-01-10 23:56:03+00:00,0.455
2025-01-10 23:57:03+00:00,0.455
2025-01-10 23:58:03+00:00,0.455
2025-01-10 23:59:03+00:00,0.455
2025-01-11 00:00:04+00:00,0.46
2025-01-11 00:01:03+00:00,0.46
2025-01-11 00:02:03+00:00,0.455
2025-01-11 00:03:04+00:00,0.455
2025-01-11 00:04:03+00:00,0.455
2025-01-11 00:05:03+00:00,0.455
2025-01-11 00:06:03+00:00,0.455
2025-01-11 00:07:03+00:00,0.455
2025-01-11 00:08:04+00:00,0.455
2025-01-11 00:09:03+00:00,0.455
2025-01-11 00:10:04+00:00,0.455
2025-01-11 00:11:03+00:00,0.455
2025-01-11 00:12:03+00:00,0.455
2025-01-11 00:13:03+00:00,0.455
2025-01-11 00:14:03+00:00,0.455
2025-01-11 00:15:04+00:00,0.455
2025-01-11 00:16:03+00:00,0.455
2025-01-11 00:17:03+00:00,0.455
2025-01-11 00:18:03+00:00,0.455
2025-01-11 00:19:03+00:00,0.455
2025-01-11 00:20:03+00:00,0.455
2025-01-11 00:21:03+00:00,0.455
2025-01-11 00:22:03+00:00,0.455
2025-01-11 00:23:03+00:00,0.455
2025-01-11 00:24:04+00:00,0.455
2025-01-11 00:25:04+00:00,0.455
2025-01-11 00:26:04+00:00,0.455
2025-01-11 00:27:03+00:00,0.455
2025-01-11 00:28:03+00:00,0.455
2025-01-11 00:29:03+00:00,0.455
2025-01-11 00:30:04+00:00,0.455
2025-01-11 00:31:03+00:00,0.455
2025-01-11 00:32:03+00:00,0.455
2025-01-11 00:33:03+00:00,0.455
2025-01-11 00:34:03+00:00,0.455
2025-01-11 00:35:04+00:00,0.455
2025-01-11 00:36:03+00:00,0.455
2025-01-11 00:37:03+00:00,0.455
2025-01-11 00:38:03+00:00,0.455
2025-01-11 00:39:03+00:00,0.455
2025-01-11 00:40:03+00:00,0.455
2025-01-11 00:41:04+00:00,0.455
2025-01-11 00:42:03+00:00,0.455
2025-01-11 00:43:03+00:00,0.455
2025-01-11 00:44:04+00:00,0.455
2025-01-11 00:45:03+00:00,0.455
2025-01-11 00:46:03+00:00,0.455
2025-01-11 00:47:03+00:00,0.455
2025-01-11 00:48:03+00:00,0.455
2025-01-11 00:49:04+00:00,0.455
2025-01-11 00:50:03+00:00,0.455
2025-01-11 00:51:03+00:00,0.455
2025-01-11 00:52:03+00:00,0.455
2025-01-11 00:53:03+00:00,0.455
2025-01-11 00:54:03+00:00,0.455
2025-01-11 00:55:04+00:00,0.455
2025-01-11 00:56:03+00:00,0.455
2025-01-11 00:57:03+00:00,0.455
2025-01-11 00:58:03+00:00,0.455
2025-01-11 00:59:03+00:00,0.455
2025-01-11 01:00:03+00:00,0.455
2025-01-11 01:01:03+00:00,0.455
2025-01-11 01:02:03+00:00,0.455
2025-01-11 01:03:03+00:00,0.455
2025-01-11 01:04:03+00:00,0.455
2025-01-11 01:05:03+00:00,0.455
2025-01-11 01:06:03+00:00,0.455
2025-01-11 01:07:03+00:00,0.455
2025-01-11 01:08:03+00:00,0.455
2025-01-11 01:09:03+00:00,0.455
2025-01-11 01:10:04+00:00,0.455
2025-01-11 01:11:03+00:00,0.455
2025-01-11 01:12:03+00:00,0.455
2025-01-11 01:13:03+00:00,0.455
2025-01-11 01:14:03+00:00,0.455
2025-01-11 01:15:03+00:00,0.455
2025-01-11 01:16:03+00:00,0.455
2025-01-11 01:17:03+00:00,0.455
2025-01-11 01:18:03+00:00,0.455
2025-01-11 01:19:03+00:00,0.455
2025-01-11 01:20:04+00:00,0.455
2025-01-11 01:21:03+00:00,0.455
2025-01-11 01:22:03+00:00,0.455
2025-01-11 01:23:03+00:00,0.455
2025-01-11 01:24:03+00:00,0.455
2025-01-11 01:25:04+00:00,0.455
2025-01-11 01:26:03+00:00,0.455
2025-01-11 01:27:03+00:00,0.455
2025-01-11 01:28:04+00:00,0.455
2025-01-11 01:29:03+00:00,0.455
2025-01-11 01:30:04+00:00,0.455
2025-01-11 01:31:03+00:00,0.455
2025-01-11 01:32:03+00:00,0.455
2025-01-11 01:33:03+00:00,0.455
2025-01-11 01:34:03+00:00,0.455
2025-01-11 01:35:03+00:00,0.455
2025-01-11 01:36:03+00:00,0.455
2025-01-11 01:37:03+00:00,0.455
2025-01-11 01:38:03+00:00,0.455
2025-01-11 01:39:03+00:00,0.455
2025-01-11 01:40:03+00:00,0.455
2025-01-11 01:41:03+00:00,0.455
2025-01-11 01:42:03+00:00,0.455
2025-01-11 01:43:03+00:00,0.46
2025-01-11 01:44:04+00:00,0.46
2025-01-11 01:45:04+00:00,0.46
2025-01-11 01:46:03+00:00,0.465
2025-01-11 01:47:03+00:00,0.465
2025-01-11 01:48:03+00:00,0.465
2025-01-11 01:49:03+00:00,0.465
2025-01-11 01:50:03+00:00,0.46
2025-01-11 01:51:03+00:00,0.46
2025-01-11 01:52:03+00:00,0.46
2025-01-11 01:53:03+00:00,0.455
2025-01-11 01:54:03+00:00,0.455
2025-01-11 01:55:03+00:00,0.46
2025-01-11 01:56:03+00:00,0.46
2025-01-11 01:57:03+00:00,0.46
2025-01-11 01:58:03+00:00,0.455
2025-01-11 01:59:03+00:00,0.455
2025-01-11 02:00:04+00:00,0.455
2025-01-11 02:01:03+00:00,0.46
2025-01-11 02:02:03+00:00,0.46
2025-01-11 02:03:03+00:00,0.46
2025-01-11 02:04:03+00:00,0.455
2025-01-11 02:05:03+00:00,0.455
2025-01-11 02:06:03+00:00,0.455
2025-01-11 02:07:03+00:00,0.455
2025-01-11 02:08:03+00:00,0.455
2025-01-11 02:09:03+00:00,0.455
2025-01-11 02:10:03+00:00,0.455
2025-01-11 02:11:03+00:00,0.455
2025-01-11 02:12:03+00:00,0.455
2025-01-11 02:13:03+00:00,0.455
2025-01-11 02:14:03+00:00,0.455
2025-01-11 02:15:03+00:00,0.455
2025-01-11 02:16:03+00:00,0.46
2025-01-11 02:17:03+00:00,0.46
2025-01-11 02:18:03+00:00,0.46
2025-01-11 02:19:03+00:00,0.465
2025-01-11 02:20:03+00:00,0.465
2025-01-11 02:21:04+00:00,0.465
2025-01-11 02:22:03+00:00,0.465
2025-01-11 02:23:03+00:00,0.465
2025-01-11 02:24:03+00:00,0.465
2025-01-11 02:25:04+00:00,0.46
2025-01-11 02:26:03+00:00,0.46
2025-01-11 02:27:03+00:00,0.46
2025-01-11 02:28:03+00:00,0.465
2025-01-11 02:29:03+00:00,0.46
2025-01-11 02:30:04+00:00,0.46
2025-01-11 02:31:03+00:00,0.465
2025-01-11 02:32:03+00:00,0.465
2025-01-11 02:33:03+00:00,0.465
2025-01-11 02:34:03+00:00,0.465
2025-01-11 02:35:03+00:00,0.465
2025-01-11 02:36:03+00:00,0.46
2025-01-11 02:37:04+00:00,0.46
2025-01-11 02:38:04+00:00,0.465
2025-01-11 02:39:04+00:00,0.465
2025-01-11 02:40:03+00:00,0.47
2025-01-11 02:41:03+00:00,0.47
2025-01-11 02:42:03+00:00,0.465
2025-01-11 02:43:03+00:00,0.465
2025-01-11 02:44:03+00:00,0.465
2025-01-11 02:45:03+00:00,0.465
2025-01-11 02:46:03+00:00,0.465
2025-01-11 02:47:03+00:00,0.465
2025-01-11 02:48:03+00:00,0.47
2025-01-11 02:49:03+00:00,0.47
2025-01-11 02:50:04+00:00,0.47
2025-01-11 02:51:03+00:00,0.47
2025-01-11 02:52:03+00:00,0.47
2025-01-11 02:53:03+00:00,0.47
2025-01-11 02:54:03+00:00,0.47
2025-01-11 02:55:03+00:00,0.47
2025-01-11 02:56:03+00:00,0.47
2025-01-11 02:57:03+00:00,0.47
2025-01-11 02:58:03+00:00,0.465
2025-01-11 02:59:03+00:00,0.475
2025-01-11 03:00:04+00:00,0.475
2025-01-11 03:01:03+00:00,0.475
2025-01-11 03:02:04+00:00,0.475
2025-01-11 03:03:04+00:00,0.475
2025-01-11 03:04:03+00:00,0.475
2025-01-11 03:05:04+00:00,0.475
2025-01-11 03:06:03+00:00,0.475
2025-01-11 03:07:03+00:00,0.475
2025-01-11 03:08:03+00:00,0.475
2025-01-11 03:09:03+00:00,0.47
2025-01-11 03:10:04+00:00,0.475
2025-01-11 03:11:03+00:00,0.48
2025-01-11 03:12:03+00:00,0.48
2025-01-11 03:13:03+00:00,0.48
2025-01-11 03:14:04+00:00,0.475
2025-01-11 03:15:03+00:00,0.48
2025-01-11 03:16:03+00:00,0.48
2025-01-11 03:17:03+00:00,0.48
2025-01-11 03:18:03+00:00,0.475
2025-01-11 03:19:03+00:00,0.475
2025-01-11 03:20:04+00:00,0.475
2025-01-11 03:21:03+00:00,0.47
2025-01-11 03:22:03+00:00,0.475
2025-01-11 03:23:03+00:00,0.47
2025-01-11 03:24:03+00:00,0.475
2025-01-11 03:25:04+00:00,0.48
2025-01-11 03:26:03+00:00,0.48
2025-01-11 03:27:03+00:00,0.475
2025-01-11 03:28:03+00:00,0.48
2025-01-11 03:29:03+00:00,0.48
2025-01-11 03:30:03+00:00,0.48
2025-01-11 03:31:03+00:00,0.475
2025-01-11 03:32:03+00:00,0.48
2025-01-11 03:33:03+00:00,0.48
2025-01-11 03:34:03+00:00,0.48
2025-01-11 03:35:03+00:00,0.48
2025-01-11 03:36:03+00:00,0.475
2025-01-11 03:37:04+00:00,0.475
2025-01-11 03:38:03+00:00,0.475
2025-01-11 03:39:03+00:00,0.475
2025-01-11 03:40:03+00:00,0.48
2025-01-11 03:41:03+00:00,0.48
2025-01-11 03:42:03+00:00,0.48
2025-01-11 03:43:03+00:00,0.48
2025-01-11 03:44:03+00:00,0.475
2025-01-11 03:45:03+00:00,0.475
2025-01-11 03:46:03+00:00,0.475
2025-01-11 03:47:03+00:00,0.475
2025-01-11 03:48:03+00:00,0.475
2025-01-11 03:49:03+00:00,0.475
2025-01-11 03:50:03+00:00,0.475
2025-01-11 03:51:04+00:00,0.475
2025-01-11 03:52:03+00:00,0.475
2025-01-11 03:53:03+00:00,0.475
2025-01-11 03:54:03+00:00,0.475
2025-01-11 03:55:03+00:00,0.475
2025-01-11 03:56:03+00:00,0.475
2025-01-11 03:57:03+00:00,0.475
2025-01-11 03:58:03+00:00,0.475
2025-01-11 03:59:03+00:00,0.475
2025-01-11 04:00:03+00:00,0.475
2025-01-11 04:01:03+00:00,0.475
2025-01-11 04:02:03+00:00,0.475
2025-01-11 04:03:03+00:00,0.475
2025-01-11 04:04:03+00:00,0.475
2025-01-11 04:05:03+00:00,0.475
2025-01-11 04:06:03+00:00,0.475
2025-01-11 04:07:03+00:00,0.48
2025-01-11 04:08:03+00:00,0.475
2025-01-11 04:09:03+00:00,0.475
2025-01-11 04:10:04+00:00,0.475
2025-01-11 04:11:03+00:00,0.475
2025-01-11 04:12:03+00:00,0.485
2025-01-11 04:13:03+00:00,0.485
2025-01-11 04:14:04+00:00,0.485
2025-01-11 04:15:03+00:00,0.485
2025-01-11 04:16:03+00:00,0.485
2025-01-11 04:17:03+00:00,0.485
2025-01-11 04:18:03+00:00,0.485
2025-01-11 04:19:03+00:00,0.485
2025-01-11 04:20:03+00:00,0.485
2025-01-11 04:21:03+00:00,0.485
2025-01-11 04:22:03+00:00,0.485
2025-01-11 04:23:03+00:00,0.485
2025-01-11 04:24:03+00:00,0.485
2025-01-11 04:25:03+00:00,0.485
2025-01-11 04:26:04+00:00,0.485
2025-01-11 04:27:03+00:00,0.48
2025-01-11 04:28:03+00:00,0.48
2025-01-11 04:29:03+00:00,0.48
2025-01-11 04:30:03+00:00,0.48
2025-01-11 04:31:04+00:00,0.48
2025-01-11 04:32:04+00:00,0.48
2025-01-11 04:33:03+00:00,0.48
2025-01-11 04:34:03+00:00,0.48
2025-01-11 04:35:03+00:00,0.48
2025-01-11 04:36:03+00:00,0.48
2025-01-11 04:37:03+00:00,0.48
2025-01-11 04:38:03+00:00,0.48
2025-01-11 04:39:03+00:00,0.48
2025-01-11 04:40:04+00:00,0.48
2025-01-11 04:41:03+00:00,0.48
2025-01-11 04:42:04+00:00,0.48
2025-01-11 04:43:03+00:00,0.475
2025-01-11 04:44:03+00:00,0.475
2025-01-11 04:45:03+00:00,0.475
2025-01-11 04:46:03+00:00,0.475
2025-01-11 04:47:03+00:00,0.485
2025-01-11 04:48:03+00:00,0.485
2025-01-11 04:49:03+00:00,0.485
2025-01-11 04:50:04+00:00,0.485
2025-01-11 04:51:03+00:00,0.485
2025-01-11 04:52:03+00:00,0.48
2025-01-11 04:53:03+00:00,0.485
2025-01-11 04:54:03+00:00,0.485
2025-01-11 04:55:03+00:00,0.485
2025-01-11 04:56:03+00:00,0.485
2025-01-11 04:57:03+00:00,0.485
2025-01-11 04:58:03+00:00,0.485
2025-01-11 04:59:03+00:00,0.485
2025-01-11 05:00:04+00:00,0.485
2025-01-11 05:01:03+00:00,0.485
2025-01-11 05:02:03+00:00,0.485
2025-01-11 05:03:03+00:00,0.485
2025-01-11 05:04:03+00:00,0.485
2025-01-11 05:05:03+00:00,0.485
2025-01-11 05:06:03+00:00,0.485
2025-01-11 05:07:03+00:00,0.485
2025-01-11 05:08:03+00:00,0.485
2025-01-11 05:09:03+00:00,0.485
2025-01-11 05:10:03+00:00,0.485
2025-01-11 05:11:03+00:00,0.485
2025-01-11 05:12:03+00:00,0.485
2025-01-11 05:13:03+00:00,0.485
2025-01-11 05:14:03+00:00,0.485
2025-01-11 05:15:03+00:00,0.485
2025-01-11 05:16:03+00:00,0.485
2025-01-11 05:17:04+00:00,0.485
2025-01-11 05:18:03+00:00,0.485
2025-01-11 05:19:03+00:00,0.485
2025-01-11 05:20:04+00:00,0.485
2025-01-11 05:21:03+00:00,0.485
2025-01-11 05:22:03+00:00,0.485
2025-01-11 05:23:03+00:00,0.485
2025-01-11 05:24:03+00:00,0.485
2025-01-11 05:25:03+00:00,0.485
2025-01-11 05:26:03+00:00,0.485
2025-01-11 05:27:03+00:00,0.485
2025-01-11 05:28:03+00:00,0.485
2025-01-11 05:29:03+00:00,0.485
2025-01-11 05:30:04+00:00,0.485
2025-01-11 05:31:03+00:00,0.485
2025-01-11 05:32:03+00:00,0.485
2025-01-11 05:33:03+00:00,0.485
2025-01-11 05:34:03+00:00,0.485
2025-01-11 05:35:03+00:00,0.485
2025-01-11 05:36:03+00:00,0.485
2025-01-11 05:37:03+00:00,0.485
2025-01-11 05:38:03+00:00,0.485
2025-01-11 05:39:03+00:00,0.485
2025-01-11 05:40:04+00:00,0.485
2025-01-11 05:41:03+00:00,0.485
2025-01-11 05:42:03+00:00,0.485
2025-01-11 05:43:03+00:00,0.485
2025-01-11 05:44:03+00:00,0.485
2025-01-11 05:45:03+00:00,0.485
2025-01-11 05:46:04+00:00,0.48
2025-01-11 05:47:03+00:00,0.48
2025-01-11 05:48:03+00:00,0.48
2025-01-11 05:49:03+00:00,0.48
2025-01-11 05:50:04+00:00,0.485
2025-01-11 05:51:03+00:00,0.485
2025-01-11 05:52:03+00:00,0.48
2025-01-11 05:53:03+00:00,0.48
2025-01-11 05:54:03+00:00,0.48
2025-01-11 05:55:03+00:00,0.48
2025-01-11 05:56:03+00:00,0.48
2025-01-11 05:57:03+00:00,0.48
2025-01-11 05:58:03+00:00,0.48
2025-01-11 05:59:03+00:00,0.48
2025-01-11 06:00:04+00:00,0.48
2025-01-11 06:01:03+00:00,0.48
2025-01-11 06:02:03+00:00,0.48
2025-01-11 06:03:03+00:00,0.48
2025-01-11 06:04:03+00:00,0.48
2025-01-11 06:05:03+00:00,0.48
2025-01-11 06:06:04+00:00,0.48
2025-01-11 06:07:03+00:00,0.48
2025-01-11 06:08:03+00:00,0.48
2025-01-11 06:09:03+00:00,0.48
2025-01-11 06:10:04+00:00,0.48
2025-01-11 06:11:03+00:00,0.48
2025-01-11 06:12:03+00:00,0.48
2025-01-11 06:13:03+00:00,0.48
2025-01-11 06:14:03+00:00,0.48
2025-01-11 06:15:03+00:00,0.48
2025-01-11 06:16:03+00:00,0.48
2025-01-11 06:17:03+00:00,0.48
2025-01-11 06:18:03+00:00,0.48
2025-01-11 06:19:03+00:00,0.48
2025-01-11 06:20:04+00:00,0.48
2025-01-11 06:21:03+00:00,0.48
2025-01-11 06:22:04+00:00,0.48
2025-01-11 06:23:03+00:00,0.48
2025-01-11 06:24:03+00:00,0.48
2025-01-11 06:25:03+00:00,0.48
2025-01-11 06:26:03+00:00,0.48
2025-01-11 06:27:03+00:00,0.48
2025-01-11 06:28:03+00:00,0.48
2025-01-11 06:29:03+00:00,0.48
2025-01-11 06:30:03+00:00,0.48
2025-01-11 06:31:03+00:00,0.475
2025-01-11 06:32:03+00:00,0.465
2025-01-11 06:33:03+00:00,0.475
2025-01-11 06:34:03+00:00,0.475
2025-01-11 06:35:03+00:00,0.475
2025-01-11 06:36:03+00:00,0.475
2025-01-11 06:37:03+00:00,0.48
2025-01-11 06:38:03+00:00,0.48
2025-01-11 06:39:03+00:00,0.48
2025-01-11 06:40:03+00:00,0.48
2025-01-11 06:41:03+00:00,0.48
2025-01-11 06:42:03+00:00,0.48
2025-01-11 06:43:03+00:00,0.475
2025-01-11 06:44:03+00:00,0.475
2025-01-11 06:45:03+00:00,0.47
2025-01-11 06:46:03+00:00,0.47
2025-01-11 06:47:03+00:00,0.47
2025-01-11 06:48:03+00:00,0.47
2025-01-11 06:49:03+00:00,0.47
2025-01-11 06:50:04+00:00,0.47
2025-01-11 06:51:03+00:00,0.47
2025-01-11 06:52:03+00:00,0.47
2025-01-11 06:53:03+00:00,0.47
2025-01-11 06:54:03+00:00,0.47
2025-01-11 06:55:04+00:00,0.47
2025-01-11 06:56:03+00:00,0.47
2025-01-11 06:57:03+00:00,0.47
2025-01-11 06:58:04+00:00,0.47
2025-01-11 06:59:03+00:00,0.475
2025-01-11 07:00:03+00:00,0.475
2025-01-11 07:01:03+00:00,0.475
2025-01-11 07:02:03+00:00,0.475
2025-01-11 07:03:03+00:00,0.475
2025-01-11 07:04:03+00:00,0.475
2025-01-11 07:05:04+00:00,0.475
2025-01-11 07:06:04+00:00,0.475
2025-01-11 07:07:03+00:00,0.475
2025-01-11 07:08:03+00:00,0.475
2025-01-11 07:09:03+00:00,0.475
2025-01-11 07:10:04+00:00,0.475
2025-01-11 07:11:03+00:00,0.475
2025-01-11 07:12:03+00:00,0.475
2025-01-11 07:13:03+00:00,0.475
2025-01-11 07:14:03+00:00,0.475
2025-01-11 07:15:04+00:00,0.475
2025-01-11 07:16:04+00:00,0.475
2025-01-11 07:17:03+00:00,0.475
2025-01-11 07:18:04+00:00,0.475
2025-01-11 07:19:03+00:00,0.475
2025-01-11 07:20:03+00:00,0.475
2025-01-11 07:21:03+00:00,0.475
2025-01-11 07:22:03+00:00,0.475
2025-01-11 07:23:03+00:00,0.475
2025-01-11 07:24:03+00:00,0.475
2025-01-11 07:25:03+00:00,0.475
2025-01-11 07:26:03+00:00,0.475
2025-01-11 07:27:03+00:00,0.475
2025-01-11 07:28:03+00:00,0.475
2025-01-11 07:29:03+00:00,0.475
2025-01-11 07:30:03+00:00,0.475
2025-01-11 07:31:03+00:00,0.475
2025-01-11 07:32:03+00:00,0.475
2025-01-11 07:33:03+00:00,0.475
2025-01-11 07:34:03+00:00,0.475
2025-01-11 07:35:03+00:00,0.475
2025-01-11 07:36:03+00:00,0.475
2025-01-11 07:37:03+00:00,0.475
2025-01-11 07:38:03+00:00,0.475
2025-01-11 07:39:03+00:00,0.475
2025-01-11 07:40:03+00:00,0.475
2025-01-11 07:41:03+00:00,0.475
2025-01-11 07:42:04+00:00,0.475
2025-01-11 07:43:03+00:00,0.475
2025-01-11 07:44:03+00:00,0.475
2025-01-11 07:45:03+00:00,0.475
2025-01-11 07:46:03+00:00,0.475
2025-01-11 07:47:04+00:00,0.475
2025-01-11 07:48:03+00:00,0.475
2025-01-11 07:49:03+00:00,0.475
2025-01-11 07:50:03+00:00,0.475
2025-01-11 07:51:03+00:00,0.475
2025-01-11 07:52:03+00:00,0.475
2025-01-11 07:53:03+00:00,0.475
2025-01-11 07:54:03+00:00,0.475
2025-01-11 07:55:03+00:00,0.475
2025-01-11 07:56:03+00:00,0.475
2025-01-11 07:57:03+00:00,0.475
2025-01-11 07:58:03+00:00,0.475
2025-01-11 07:59:04+00:00,0.48
2025-01-11 08:00:03+00:00,0.48
2025-01-11 08:01:03+00:00,0.48
2025-01-11 08:02:03+00:00,0.48
2025-01-11 08:03:04+00:00,0.48
2025-01-11 08:04:03+00:00,0.48
2025-01-11 08:05:03+00:00,0.48
2025-01-11 08:06:03+00:00,0.48
2025-01-11 08:07:03+00:00,0.48
2025-01-11 08:08:03+00:00,0.48
2025-01-11 08:09:03+00:00,0.48
2025-01-11 08:10:03+00:00,0.48
2025-01-11 08:11:03+00:00,0.48
2025-01-11 08:12:03+00:00,0.48
2025-01-11 08:13:03+00:00,0.48
2025-01-11 08:14:03+00:00,0.48
2025-01-11 08:15:03+00:00,0.48
2025-01-11 08:16:04+00:00,0.48
2025-01-11 08:17:03+00:00,0.48
2025-01-11 08:18:04+00:00,0.48
2025-01-11 08:19:03+00:00,0.48
2025-01-11 08:20:03+00:00,0.48
2025-01-11 08:21:03+00:00,0.48
2025-01-11 08:22:03+00:00,0.48
2025-01-11 08:23:03+00:00,0.48
2025-01-11 08:24:03+00:00,0.48
2025-01-11 08:25:03+00:00,0.48
2025-01-11 08:26:03+00:00,0.48
2025-01-11 08:27:03+00:00,0.48
2025-01-11 08:28:03+00:00,0.48
2025-01-11 08:29:03+00:00,0.48
2025-01-11 08:30:04+00:00,0.48
2025-01-11 08:31:03+00:00,0.48
2025-01-11 08:32:03+00:00,0.48
2025-01-11 08:33:03+00:00,0.48
2025-01-11 08:34:04+00:00,0.48
2025-01-11 08:35:03+00:00,0.485
2025-01-11 08:36:03+00:00,0.48
2025-01-11 08:37:03+00:00,0.48
2025-01-11 08:38:03+00:00,0.475
2025-01-11 08:39:03+00:00,0.475
2025-01-11 08:40:03+00:00,0.475
2025-01-11 08:41:03+00:00,0.48
2025-01-11 08:42:03+00:00,0.48
2025-01-11 08:43:03+00:00,0.48
2025-01-11 08:44:03+00:00,0.48
2025-01-11 08:45:03+00:00,0.475
2025-01-11 08:46:03+00:00,0.475
2025-01-11 08:47:03+00:00,0.475
2025-01-11 08:48:03+00:00,0.475
2025-01-11 08:49:03+00:00,0.475
2025-01-11 08:50:03+00:00,0.475
2025-01-11 08:51:03+00:00,0.475
2025-01-11 08:52:03+00:00,0.475
2025-01-11 08:53:03+00:00,0.475
2025-01-11 08:54:04+00:00,0.475
2025-01-11 08:55:03+00:00,0.475
2025-01-11 08:56:04+00:00,0.475
2025-01-11 08:57:03+00:00,0.475
2025-01-11 08:58:03+00:00,0.475
2025-01-11 08:59:03+00:00,0.475
2025-01-11 09:00:04+00:00,0.475
2025-01-11 09:01:03+00:00,0.475
2025-01-11 09:02:03+00:00,0.475
2025-01-11 09:03:03+00:00,0.475
2025-01-11 09:04:03+00:00,0.475
2025-01-11 09:05:03+00:00,0.475
2025-01-11 09:06:03+00:00,0.475
2025-01-11 09:07:03+00:00,0.485
2025-01-11 09:08:03+00:00,0.485
2025-01-11 09:09:03+00:00,0.485
2025-01-11 09:10:04+00:00,0.485
2025-01-11 09:11:04+00:00,0.48
2025-01-11 09:12:04+00:00,0.48
2025-01-11 09:13:03+00:00,0.485
2025-01-11 09:14:03+00:00,0.485
2025-01-11 09:15:03+00:00,0.475
2025-01-11 09:16:03+00:00,0.485
2025-01-11 09:17:03+00:00,0.475
2025-01-11 09:18:03+00:00,0.475
2025-01-11 09:19:03+00:00,0.485
2025-01-11 09:20:04+00:00,0.475
2025-01-11 09:21:03+00:00,0.48
2025-01-11 09:22:03+00:00,0.48
2025-01-11 09:23:03+00:00,0.48
2025-01-11 09:24:03+00:00,0.485
2025-01-11 09:25:03+00:00,0.485
2025-01-11 09:26:03+00:00,0.485
2025-01-11 09:27:03+00:00,0.485
2025-01-11 09:28:03+00:00,0.485
2025-01-11 09:29:03+00:00,0.48
2025-01-11 09:30:04+00:00,0.485
2025-01-11 09:31:03+00:00,0.48
2025-01-11 09:32:03+00:00,0.48
2025-01-11 09:33:03+00:00,0.48
2025-01-11 09:34:03+00:00,0.48
2025-01-11 09:35:03+00:00,0.48
2025-01-11 09:36:04+00:00,0.48
2025-01-11 09:37:03+00:00,0.475
2025-01-11 09:38:04+00:00,0.475
2025-01-11 09:39:03+00:00,0.475
2025-01-11 09:40:03+00:00,0.475
2025-01-11 09:41:03+00:00,0.48
2025-01-11 09:42:03+00:00,0.48
2025-01-11 09:43:03+00:00,0.485
2025-01-11 09:44:03+00:00,0.485
2025-01-11 09:45:03+00:00,0.485
2025-01-11 09:46:03+00:00,0.48
2025-01-11 09:47:03+00:00,0.48
2025-01-11 09:48:03+00:00,0.48
2025-01-11 09:49:03+00:00,0.485
2025-01-11 09:50:03+00:00,0.48
2025-01-11 09:51:03+00:00,0.48
2025-01-11 09:52:03+00:00,0.48
2025-01-11 09:53:03+00:00,0.48
2025-01-11 09:54:03+00:00,0.48
2025-01-11 09:55:03+00:00,0.48
2025-01-11 09:56:03+00:00,0.48
2025-01-11 09:57:03+00:00,0.48
2025-01-11 09:58:04+00:00,0.48
2025-01-11 09:59:03+00:00,0.48
2025-01-11 10:00:04+00:00,0.48
2025-01-11 10:01:03+00:00,0.48
2025-01-11 10:02:04+00:00,0.475
2025-01-11 10:03:04+00:00,0.475
2025-01-11 10:04:04+00:00,0.48
2025-01-11 10:05:03+00:00,0.485
2025-01-11 10:06:03+00:00,0.485
2025-01-11 10:07:03+00:00,0.485
2025-01-11 10:08:03+00:00,0.485
2025-01-11 10:09:03+00:00,0.475
2025-01-11 10:10:03+00:00,0.475
2025-01-11 10:11:03+00:00,0.475
2025-01-11 10:12:03+00:00,0.48
2025-01-11 10:13:03+00:00,0.475
2025-01-11 10:14:03+00:00,0.48
2025-01-11 10:15:03+00:00,0.485
2025-01-11 10:16:03+00:00,0.485
2025-01-11 10:17:03+00:00,0.48
2025-01-11 10:18:03+00:00,0.48
2025-01-11 10:19:04+00:00,0.48
2025-01-11 10:20:03+00:00,0.48
2025-01-11 10:21:03+00:00,0.48
2025-01-11 10:22:04+00:00,0.48
2025-01-11 10:23:03+00:00,0.48
2025-01-11 10:24:03+00:00,0.48
2025-01-11 10:25:03+00:00,0.485
2025-01-11 10:26:03+00:00,0.485
2025-01-11 10:27:03+00:00,0.485
2025-01-11 10:28:04+00:00,0.485
2025-01-11 10:29:03+00:00,0.48
2025-01-11 10:30:04+00:00,0.48
2025-01-11 10:31:03+00:00,0.48
2025-01-11 10:32:03+00:00,0.48
2025-01-11 10:33:03+00:00,0.485
2025-01-11 10:34:03+00:00,0.485
2025-01-11 10:35:03+00:00,0.485
2025-01-11 10:36:03+00:00,0.48
2025-01-11 10:37:03+00:00,0.48
2025-01-11 10:38:04+00:00,0.48
2025-01-11 10:39:03+00:00,0.485
2025-01-11 10:40:04+00:00,0.485
2025-01-11 10:41:03+00:00,0.485
2025-01-11 10:42:03+00:00,0.485
2025-01-11 10:43:03+00:00,0.485
2025-01-11 10:44:04+00:00,0.485
2025-01-11 10:45:03+00:00,0.485
2025-01-11 10:46:03+00:00,0.485
2025-01-11 10:47:03+00:00,0.485
2025-01-11 10:48:03+00:00,0.485
2025-01-11 10:49:03+00:00,0.485
2025-01-11 10:50:03+00:00,0.485
2025-01-11 10:51:03+00:00,0.485
2025-01-11 10:52:03+00:00,0.485
2025-01-11 10:53:03+00:00,0.485
2025-01-11 10:54:03+00:00,0.485
2025-01-11 10:55:03+00:00,0.485
2025-01-11 10:56:03+00:00,0.485
2025-01-11 10:57:03+00:00,0.485
2025-01-11 10:58:03+00:00,0.485
2025-01-11 10:59:03+00:00,0.485
2025-01-11 11:00:03+00:00,0.485
2025-01-11 11:01:03+00:00,0.485
2025-01-11 11:02:03+00:00,0.485
2025-01-11 11:03:03+00:00,0.485
2025-01-11 11:04:03+00:00,0.485
2025-01-11 11:05:03+00:00,0.485
2025-01-11 11:06:03+00:00,0.485
2025-01-11 11:07:03+00:00,0.485
2025-01-11 11:08:04+00:00,0.485
2025-01-11 11:09:03+00:00,0.485
2025-01-11 11:10:03+00:00,0.485
2025-01-11 11:11:03+00:00,0.485
2025-01-11 11:12:04+00:00,0.485
2025-01-11 11:13:03+00:00,0.485
2025-01-11 11:14:03+00:00,0.485
2025-01-11 11:15:03+00:00,0.485
2025-01-11 11:16:03+00:00,0.485
2025-01-11 11:17:03+00:00,0.485
2025-01-11 11:18:04+00:00,0.485
2025-01-11 11:19:03+00:00,0.485
2025-01-11 11:20:03+00:00,0.485
2025-01-11 11:21:02+00:00,0.485
2025-01-11 11:22:03+00:00,0.485
2025-01-11 11:23:03+00:00,0.485
2025-01-11 11:24:03+00:00,0.485
2025-01-11 11:25:03+00:00,0.485
2025-01-11 11:26:04+00:00,0.485
2025-01-11 11:27:03+00:00,0.485
2025-01-11 11:28:03+00:00,0.485
2025-01-11 11:29:03+00:00,0.485
2025-01-11 11:30:03+00:00,0.485
2025-01-11 11:31:03+00:00,0.485
2025-01-11 11:32:03+00:00,0.485
2025-01-11 11:33:03+00:00,0.485
2025-01-11 11:34:03+00:00,0.485
2025-01-11 11:35:03+00:00,0.485
2025-01-11 11:36:03+00:00,0.485
2025-01-11 11:37:03+00:00,0.485
2025-01-11 11:38:03+00:00,0.485
2025-01-11 11:39:03+00:00,0.485
2025-01-11 11:40:04+00:00,0.485
2025-01-11 11:41:03+00:00,0.485
2025-01-11 11:42:03+00:00,0.485
2025-01-11 11:43:03+00:00,0.485
2025-01-11 11:44:03+00:00,0.485
2025-01-11 11:45:03+00:00,0.485
2025-01-11 11:46:03+00:00,0.485
2025-01-11 11:47:03+00:00,0.485
2025-01-11 11:48:03+00:00,0.485
2025-01-11 11:49:03+00:00,0.485
2025-01-11 11:50:03+00:00,0.485
2025-01-11 11:51:03+00:00,0.485
2025-01-11 11:52:03+00:00,0.485
2025-01-11 11:53:03+00:00,0.485
2025-01-11 11:54:03+00:00,0.485
2025-01-11 11:55:03+00:00,0.485
2025-01-11 11:56:03+00:00,0.485
2025-01-11 11:57:03+00:00,0.485
2025-01-11 11:58:03+00:00,0.485
2025-01-11 11:59:03+00:00,0.485
2025-01-11 12:00:03+00:00,0.485
2025-01-11 12:01:04+00:00,0.485
2025-01-11 12:02:03+00:00,0.485
2025-01-11 12:03:03+00:00,0.485
2025-01-11 12:04:03+00:00,0.485
2025-01-11 12:05:03+00:00,0.485
2025-01-11 12:06:03+00:00,0.485
2025-01-11 12:07:03+00:00,0.485
2025-01-11 12:08:04+00:00,0.485
2025-01-11 12:09:03+00:00,0.485
2025-01-11 12:10:03+00:00,0.485
2025-01-11 12:11:03+00:00,0.485
2025-01-11 12:12:03+00:00,0.485
2025-01-11 12:13:03+00:00,0.485
2025-01-11 12:14:03+00:00,0.485
2025-01-11 12:15:03+00:00,0.485
2025-01-11 12:16:03+00:00,0.485
2025-01-11 12:17:03+00:00,0.485
2025-01-11 12:18:03+00:00,0.485
2025-01-11 12:19:03+00:00,0.485
2025-01-11 12:20:04+00:00,0.485
2025-01-11 12:21:03+00:00,0.485
2025-01-11 12:22:03+00:00,0.485
2025-01-11 12:23:03+00:00,0.485
2025-01-11 12:24:03+00:00,0.485
2025-01-11 12:25:03+00:00,0.485
2025-01-11 12:26:03+00:00,0.485
2025-01-11 12:27:04+00:00,0.48
2025-01-11 12:28:03+00:00,0.48
2025-01-11 12:29:03+00:00,0.48
2025-01-11 12:30:03+00:00,0.48
2025-01-11 12:31:03+00:00,0.48
2025-01-11 12:32:03+00:00,0.475
2025-01-11 12:33:03+00:00,0.475
2025-01-11 12:34:03+00:00,0.475
2025-01-11 12:35:03+00:00,0.48
2025-01-11 12:36:03+00:00,0.48
2025-01-11 12:37:03+00:00,0.48
2025-01-11 12:38:03+00:00,0.48
2025-01-11 12:39:03+00:00,0.48
2025-01-11 12:40:04+00:00,0.48
2025-01-11 12:41:03+00:00,0.48
2025-01-11 12:42:03+00:00,0.48
2025-01-11 12:43:03+00:00,0.48
2025-01-11 12:44:03+00:00,0.475
2025-01-11 12:45:04+00:00,0.48
2025-01-11 12:46:03+00:00,0.485
2025-01-11 12:47:03+00:00,0.48
2025-01-11 12:48:03+00:00,0.48
2025-01-11 12:49:03+00:00,0.48
2025-01-11 12:50:04+00:00,0.48
2025-01-11 12:51:03+00:00,0.48
2025-01-11 12:52:03+00:00,0.485
2025-01-11 12:53:03+00:00,0.485
2025-01-11 12:54:03+00:00,0.48
2025-01-11 12:55:03+00:00,0.48
2025-01-11 12:56:03+00:00,0.475
2025-01-11 12:57:03+00:00,0.475
2025-01-11 12:58:03+00:00,0.48
2025-01-11 12:59:04+00:00,0.48
2025-01-11 13:00:04+00:00,0.485
2025-01-11 13:01:04+00:00,0.485
2025-01-11 13:02:03+00:00,0.485
2025-01-11 13:03:03+00:00,0.485
2025-01-11 13:04:03+00:00,0.475
2025-01-11 13:05:03+00:00,0.475
2025-01-11 13:06:03+00:00,0.475
2025-01-11 13:07:03+00:00,0.475
2025-01-11 13:08:03+00:00,0.475
2025-01-11 13:09:03+00:00,0.475
2025-01-11 13:10:03+00:00,0.475
2025-01-11 13:11:03+00:00,0.485
2025-01-11 13:12:03+00:00,0.485
2025-01-11 13:13:03+00:00,0.48
2025-01-11 13:14:03+00:00,0.485
2025-01-11 13:15:03+00:00,0.485
2025-01-11 13:16:03+00:00,0.485
2025-01-11 13:17:03+00:00,0.485
2025-01-11 13:18:03+00:00,0.485
2025-01-11 13:19:03+00:00,0.495
2025-01-11 13:20:03+00:00,0.495
2025-01-11 13:21:03+00:00,0.495
2025-01-11 13:22:03+00:00,0.495
2025-01-11 13:23:03+00:00,0.495
2025-01-11 13:24:03+00:00,0.495
2025-01-11 13:25:03+00:00,0.495
2025-01-11 13:26:03+00:00,0.495
2025-01-11 13:27:03+00:00,0.495
2025-01-11 13:28:03+00:00,0.495
2025-01-11 13:29:03+00:00,0.495
2025-01-11 13:30:03+00:00,0.495
2025-01-11 13:31:03+00:00,0.5
2025-01-11 13:32:03+00:00,0.5
2025-01-11 13:33:03+00:00,0.505
2025-01-11 13:34:03+00:00,0.505
2025-01-11 13:35:03+00:00,0.505
2025-01-11 13:36:03+00:00,0.505
2025-01-11 13:37:03+00:00,0.505
2025-01-11 13:38:03+00:00,0.505
2025-01-11 13:39:03+00:00,0.505
2025-01-11 13:40:03+00:00,0.505
2025-01-11 13:41:03+00:00,0.505
2025-01-11 13:42:03+00:00,0.505
2025-01-11 13:43:04+00:00,0.505
2025-01-11 13:44:03+00:00,0.505
2025-01-11 13:45:03+00:00,0.505
2025-01-11 13:46:03+00:00,0.505
2025-01-11 13:47:03+00:00,0.505
2025-01-11 13:48:03+00:00,0.505
2025-01-11 13:49:03+00:00,0.495
2025-01-11 13:50:03+00:00,0.495
2025-01-11 13:51:03+00:00,0.495
2025-01-11 13:52:03+00:00,0.495
2025-01-11 13:53:03+00:00,0.475
2025-01-11 13:54:03+00:00,0.465
2025-01-11 13:55:03+00:00,0.475
2025-01-11 13:56:04+00:00,0.48
2025-01-11 13:57:03+00:00,0.475
2025-01-11 13:58:04+00:00,0.485
2025-01-11 13:59:03+00:00,0.485
2025-01-11 14:00:04+00:00,0.48
2025-01-11 14:01:03+00:00,0.47
2025-01-11 14:02:03+00:00,0.47
2025-01-11 14:03:03+00:00,0.475
2025-01-11 14:04:04+00:00,0.475
2025-01-11 14:05:04+00:00,0.48
2025-01-11 14:06:03+00:00,0.475
2025-01-11 14:07:03+00:00,0.475
2025-01-11 14:08:03+00:00,0.475
2025-01-11 14:09:03+00:00,0.465
2025-01-11 14:10:03+00:00,0.465
2025-01-11 14:11:03+00:00,0.465
2025-01-11 14:12:03+00:00,0.465
2025-01-11 14:13:03+00:00,0.465
2025-01-11 14:14:03+00:00,0.465
2025-01-11 14:15:04+00:00,0.465
2025-01-11 14:16:03+00:00,0.465
2025-01-11 14:17:03+00:00,0.465
2025-01-11 14:18:03+00:00,0.465
2025-01-11 14:19:03+00:00,0.465
2025-01-11 14:20:03+00:00,0.465
2025-01-11 14:21:03+00:00,0.465
2025-01-11 14:22:04+00:00,0.465
2025-01-11 14:23:03+00:00,0.465
2025-01-11 14:24:03+00:00,0.465
2025-01-11 14:25:03+00:00,0.465
2025-01-11 14:26:03+00:00,0.465
2025-01-11 14:27:03+00:00,0.465
2025-01-11 14:28:03+00:00,0.465
2025-01-11 14:29:03+00:00,0.465
2025-01-11 14:30:03+00:00,0.465
2025-01-11 14:31:03+00:00,0.465
2025-01-11 14:32:03+00:00,0.465
2025-01-11 14:33:03+00:00,0.475
2025-01-11 14:34:03+00:00,0.475
2025-01-11 14:35:03+00:00,0.475
2025-01-11 14:36:03+00:00,0.475
2025-01-11 14:37:03+00:00,0.475
2025-01-11 14:38:03+00:00,0.475
2025-01-11 14:39:03+00:00,0.475
2025-01-11 14:40:03+00:00,0.475
2025-01-11 14:41:03+00:00,0.475
2025-01-11 14:42:03+00:00,0.475
2025-01-11 14:43:03+00:00,0.475
2025-01-11 14:44:04+00:00,0.475
2025-01-11 14:45:04+00:00,0.475
2025-01-11 14:46:03+00:00,0.475
2025-01-11 14:47:03+00:00,0.475
2025-01-11 14:48:03+00:00,0.475
2025-01-11 14:49:03+00:00,0.475
2025-01-11 14:50:03+00:00,0.475
2025-01-11 14:51:04+00:00,0.475
2025-01-11 14:52:03+00:00,0.475
2025-01-11 14:53:03+00:00,0.475
2025-01-11 14:54:03+00:00,0.475
2025-01-11 14:55:03+00:00,0.475
2025-01-11 14:56:03+00:00,0.475
2025-01-11 14:57:03+00:00,0.475
2025-01-11 14:58:03+00:00,0.475
2025-01-11 14:59:03+00:00,0.475
2025-01-11 15:00:03+00:00,0.475
2025-01-11 15:01:03+00:00,0.475
2025-01-11 15:02:03+00:00,0.475
2025-01-11 15:03:03+00:00,0.475
2025-01-11 15:04:03+00:00,0.475
2025-01-11 15:05:03+00:00,0.475
2025-01-11 15:06:03+00:00,0.475
2025-01-11 15:07:03+00:00,0.475
2025-01-11 15:08:03+00:00,0.475
2025-01-11 15:09:03+00:00,0.475
2025-01-11 15:10:04+00:00,0.475
2025-01-11 15:11:03+00:00,0.475
2025-01-11 15:12:03+00:00,0.475
2025-01-11 15:13:03+00:00,0.475
2025-01-11 15:14:04+00:00,0.475
2025-01-11 15:15:03+00:00,0.475
2025-01-11 15:16:03+00:00,0.475
2025-01-11 15:17:03+00:00,0.475
2025-01-11 15:18:03+00:00,0.475
2025-01-11 15:19:03+00:00,0.475
2025-01-11 15:20:03+00:00,0.475
2025-01-11 15:21:03+00:00,0.465
2025-01-11 15:22:03+00:00,0.465
2025-01-11 15:23:03+00:00,0.465
2025-01-11 15:24:03+00:00,0.465
2025-01-11 15:25:03+00:00,0.465
2025-01-11 15:26:04+00:00,0.465
2025-01-11 15:27:04+00:00,0.465
2025-01-11 15:28:03+00:00,0.465
2025-01-11 15:29:03+00:00,0.465
2025-01-11 15:30:04+00:00,0.465
2025-01-11 15:31:03+00:00,0.465
2025-01-11 15:32:03+00:00,0.465
2025-01-11 15:33:03+00:00,0.465
2025-01-11 15:34:04+00:00,0.465
2025-01-11 15:35:03+00:00,0.465
2025-01-11 15:36:03+00:00,0.465
2025-01-11 15:37:03+00:00,0.465
2025-01-11 15:38:04+00:00,0.465
2025-01-11 15:39:03+00:00,0.465
2025-01-11 15:40:04+00:00,0.465
2025-01-11 15:41:03+00:00,0.465
2025-01-11 15:42:03+00:00,0.465
2025-01-11 15:43:03+00:00,0.465
2025-01-11 15:44:04+00:00,0.465
2025-01-11 15:45:03+00:00,0.465
2025-01-11 15:46:03+00:00,0.465
2025-01-11 15:47:03+00:00,0.465
2025-01-11 15:48:04+00:00,0.465
2025-01-11 15:49:03+00:00,0.465
2025-01-11 15:50:03+00:00,0.465
2025-01-11 15:51:03+00:00,0.465
2025-01-11 15:52:03+00:00,0.465
2025-01-11 15:53:03+00:00,0.465
2025-01-11 15:54:03+00:00,0.465
2025-01-11 15:55:03+00:00,0.465
2025-01-11 15:56:03+00:00,0.47
2025-01-11 15:57:03+00:00,0.47
2025-01-11 15:58:03+00:00,0.465
2025-01-11 15:59:03+00:00,0.465
2025-01-11 16:00:04+00:00,0.465
2025-01-11 16:01:03+00:00,0.465
2025-01-11 16:02:03+00:00,0.465
2025-01-11 16:03:03+00:00,0.465
2025-01-11 16:04:03+00:00,0.465
2025-01-11 16:05:03+00:00,0.465
2025-01-11 16:06:03+00:00,0.465
2025-01-11 16:07:03+00:00,0.47
2025-01-11 16:08:03+00:00,0.47
2025-01-11 16:09:03+00:00,0.47
2025-01-11 16:10:04+00:00,0.465
2025-01-11 16:11:03+00:00,0.465
2025-01-11 16:12:03+00:00,0.465
2025-01-11 16:13:03+00:00,0.465
2025-01-11 16:14:03+00:00,0.465
2025-01-11 16:15:03+00:00,0.465
2025-01-11 16:16:03+00:00,0.465
2025-01-11 16:17:03+00:00,0.465
2025-01-11 16:18:03+00:00,0.465
2025-01-11 16:19:04+00:00,0.465
2025-01-11 16:20:03+00:00,0.465
2025-01-11 16:21:03+00:00,0.465
2025-01-11 16:22:03+00:00,0.465
2025-01-11 16:23:03+00:00,0.465
2025-01-11 16:24:03+00:00,0.465
2025-01-11 16:25:03+00:00,0.47
2025-01-11 16:26:03+00:00,0.47
2025-01-11 16:27:03+00:00,0.47
2025-01-11 16:28:03+00:00,0.465
2025-01-11 16:29:04+00:00,0.465
2025-01-11 16:30:03+00:00,0.465
2025-01-11 16:31:03+00:00,0.465
2025-01-11 16:32:04+00:00,0.465
2025-01-11 16:33:03+00:00,0.465
2025-01-11 16:34:03+00:00,0.465
2025-01-11 16:35:03+00:00,0.465
2025-01-11 16:36:03+00:00,0.465
2025-01-11 16:37:03+00:00,0.465
2025-01-11 16:38:03+00:00,0.465
2025-01-11 16:39:03+00:00,0.475
2025-01-11 16:40:03+00:00,0.475
2025-01-11 16:41:03+00:00,0.475
2025-01-11 16:42:03+00:00,0.475
2025-01-11 16:43:03+00:00,0.475
2025-01-11 16:44:03+00:00,0.465
2025-01-11 16:45:03+00:00,0.465
2025-01-11 16:46:03+00:00,0.465
2025-01-11 16:47:03+00:00,0.465
2025-01-11 16:48:03+00:00,0.465
2025-01-11 16:49:03+00:00,0.465
2025-01-11 16:50:03+00:00,0.465
2025-01-11 16:51:03+00:00,0.465
2025-01-11 16:52:03+00:00,0.465
2025-01-11 16:53:03+00:00,0.455
2025-01-11 16:54:04+00:00,0.455
2025-01-11 16:55:03+00:00,0.455
2025-01-11 16:56:04+00:00,0.46
2025-01-11 16:57:03+00:00,0.455
2025-01-11 16:58:03+00:00,0.455
2025-01-11 16:59:03+00:00,0.455
2025-01-11 17:00:03+00:00,0.455
2025-01-11 17:01:03+00:00,0.46
2025-01-11 17:02:03+00:00,0.455
2025-01-11 17:03:03+00:00,0.455
2025-01-11 17:04:03+00:00,0.455
2025-01-11 17:05:03+00:00,0.455
2025-01-11 17:06:03+00:00,0.455
2025-01-11 17:07:03+00:00,0.455
2025-01-11 17:08:03+00:00,0.455
2025-01-11 17:09:03+00:00,0.455
2025-01-11 17:10:03+00:00,0.455
2025-01-11 17:11:03+00:00,0.455
2025-01-11 17:12:03+00:00,0.455
2025-01-11 17:13:03+00:00,0.46
2025-01-11 17:14:03+00:00,0.46
2025-01-11 17:15:03+00:00,0.455
2025-01-11 17:16:03+00:00,0.46
2025-01-11 17:17:03+00:00,0.455
2025-01-11 17:18:03+00:00,0.455
2025-01-11 17:19:03+00:00,0.455
2025-01-11 17:20:03+00:00,0.46
2025-01-11 17:21:03+00:00,0.46
2025-01-11 17:22:03+00:00,0.455
2025-01-11 17:23:03+00:00,0.46
2025-01-11 17:24:03+00:00,0.46
2025-01-11 17:25:03+00:00,0.46
2025-01-11 17:26:03+00:00,0.46
2025-01-11 17:27:03+00:00,0.455
2025-01-11 17:28:03+00:00,0.46
2025-01-11 17:29:03+00:00,0.455
2025-01-11 17:30:03+00:00,0.46
2025-01-11 17:31:03+00:00,0.455
2025-01-11 17:32:03+00:00,0.46
2025-01-11 17:33:03+00:00,0.46
2025-01-11 17:34:03+00:00,0.46
2025-01-11 17:35:03+00:00,0.455
2025-01-11 17:36:03+00:00,0.455
2025-01-11 17:37:03+00:00,0.455
2025-01-11 17:38:04+00:00,0.455
2025-01-11 17:39:03+00:00,0.455
2025-01-11 17:40:04+00:00,0.455
2025-01-11 17:41:03+00:00,0.455
2025-01-11 17:42:03+00:00,0.46
2025-01-11 17:43:03+00:00,0.46
2025-01-11 17:44:03+00:00,0.46
2025-01-11 17:45:03+00:00,0.46
2025-01-11 17:46:03+00:00,0.455
2025-01-11 17:47:03+00:00,0.455
2025-01-11 17:48:03+00:00,0.455
2025-01-11 17:49:03+00:00,0.455
2025-01-11 17:50:03+00:00,0.455
2025-01-11 17:51:03+00:00,0.455
2025-01-11 17:52:03+00:00,0.455
2025-01-11 17:53:04+00:00,0.455
2025-01-11 17:54:03+00:00,0.455
2025-01-11 17:55:03+00:00,0.455
2025-01-11 17:56:03+00:00,0.46
2025-01-11 17:57:03+00:00,0.46
2025-01-11 17:58:03+00:00,0.46
2025-01-11 17:59:03+00:00,0.46
2025-01-11 18:00:03+00:00,0.46
2025-01-11 18:01:03+00:00,0.46
2025-01-11 18:02:04+00:00,0.46
2025-01-11 18:03:03+00:00,0.46
2025-01-11 18:04:04+00:00,0.455
2025-01-11 18:05:03+00:00,0.455
2025-01-11 18:06:03+00:00,0.455
2025-01-11 18:07:03+00:00,0.46
2025-01-11 18:08:03+00:00,0.465
2025-01-11 18:09:04+00:00,0.465
2025-01-11 18:10:03+00:00,0.465
2025-01-11 18:11:03+00:00,0.465
2025-01-11 18:12:03+00:00,0.465
2025-01-11 18:13:03+00:00,0.465
2025-01-11 18:14:03+00:00,0.465
2025-01-11 18:15:03+00:00,0.465
2025-01-11 18:16:03+00:00,0.465
2025-01-11 18:17:03+00:00,0.465
2025-01-11 18:18:03+00:00,0.465
2025-01-11 18:19:03+00:00,0.465
2025-01-11 18:20:03+00:00,0.465
2025-01-11 18:21:03+00:00,0.465
2025-01-11 18:22:04+00:00,0.465
2025-01-11 18:23:03+00:00,0.465
2025-01-11 18:24:03+00:00,0.465
2025-01-11 18:25:04+00:00,0.465
2025-01-11 18:26:03+00:00,0.465
2025-01-11 18:27:03+00:00,0.465
2025-01-11 18:28:03+00:00,0.465
2025-01-11 18:29:03+00:00,0.465
2025-01-11 18:30:03+00:00,0.465
2025-01-11 18:31:03+00:00,0.465
2025-01-11 18:32:03+00:00,0.465
2025-01-11 18:33:03+00:00,0.465
2025-01-11 18:34:03+00:00,0.465
2025-01-11 18:35:03+00:00,0.465
2025-01-11 18:36:03+00:00,0.465
2025-01-11 18:37:03+00:00,0.465
2025-01-11 18:38:03+00:00,0.465
2025-01-11 18:39:04+00:00,0.465
2025-01-11 18:40:04+00:00,0.465
2025-01-11 18:41:03+00:00,0.465
2025-01-11 18:42:03+00:00,0.465
2025-01-11 18:43:03+00:00,0.465
2025-01-11 18:44:03+00:00,0.465
2025-01-11 18:45:03+00:00,0.46
2025-01-11 18:46:03+00:00,0.46
2025-01-11 18:47:03+00:00,0.46
2025-01-11 18:48:03+00:00,0.465
2025-01-11 18:49:03+00:00,0.465
2025-01-11 18:50:04+00:00,0.46
2025-01-11 18:51:03+00:00,0.46
2025-01-11 18:52:03+00:00,0.455
2025-01-11 18:53:04+00:00,0.455
2025-01-11 18:54:03+00:00,0.455
2025-01-11 18:55:03+00:00,0.455
2025-01-11 18:56:03+00:00,0.46
2025-01-11 18:57:03+00:00,0.455
2025-01-11 18:58:03+00:00,0.455
2025-01-11 18:59:03+00:00,0.46
2025-01-11 19:00:04+00:00,0.46
2025-01-11 19:01:03+00:00,0.46
2025-01-11 19:02:03+00:00,0.46
2025-01-11 19:03:03+00:00,0.455
2025-01-11 19:04:03+00:00,0.455
2025-01-11 19:05:03+00:00,0.455
2025-01-11 19:06:03+00:00,0.455
2025-01-11 19:07:03+00:00,0.455
2025-01-11 19:08:03+00:00,0.455
2025-01-11 19:09:03+00:00,0.455
2025-01-11 19:10:03+00:00,0.46
2025-01-11 19:11:03+00:00,0.46
2025-01-11 19:12:03+00:00,0.46
2025-01-11 19:13:03+00:00,0.465
2025-01-11 19:14:04+00:00,0.465
2025-01-11 19:15:04+00:00,0.465
2025-01-11 19:16:03+00:00,0.465
2025-01-11 19:17:03+00:00,0.465
2025-01-11 19:18:03+00:00,0.465
2025-01-11 19:19:03+00:00,0.465
2025-01-11 19:20:03+00:00,0.465
2025-01-11 19:21:03+00:00,0.465
2025-01-11 19:22:03+00:00,0.465
2025-01-11 19:23:03+00:00,0.465
2025-01-11 19:24:03+00:00,0.465
2025-01-11 19:25:03+00:00,0.465
2025-01-11 19:26:04+00:00,0.465
2025-01-11 19:27:03+00:00,0.465
2025-01-11 19:28:04+00:00,0.465
2025-01-11 19:29:03+00:00,0.465
2025-01-11 19:30:03+00:00,0.465
2025-01-11 19:31:03+00:00,0.465
2025-01-11 19:32:03+00:00,0.465
2025-01-11 19:33:03+00:00,0.465
2025-01-11 19:34:03+00:00,0.465
2025-01-11 19:35:03+00:00,0.465
2025-01-11 19:36:03+00:00,0.465
2025-01-11 19:37:03+00:00,0.465
2025-01-11 19:38:03+00:00,0.465
2025-01-11 19:39:03+00:00,0.465
2025-01-11 19:40:03+00:00,0.465
2025-01-11 19:41:04+00:00,0.465
2025-01-11 19:42:03+00:00,0.465
2025-01-11 19:43:03+00:00,0.465
2025-01-11 19:44:03+00:00,0.465
2025-01-11 19:45:04+00:00,0.465
2025-01-11 19:46:03+00:00,0.465
2025-01-11 19:47:03+00:00,0.465
2025-01-11 19:48:03+00:00,0.465
2025-01-11 19:49:03+00:00,0.46
2025-01-11 19:50:03+00:00,0.455
2025-01-11 19:51:03+00:00,0.455
2025-01-11 19:52:03+00:00,0.455
2025-01-11 19:53:03+00:00,0.455
2025-01-11 19:54:04+00:00,0.455
2025-01-11 19:55:03+00:00,0.455
2025-01-11 19:56:03+00:00,0.455
2025-01-11 19:57:03+00:00,0.455
2025-01-11 19:58:03+00:00,0.455
2025-01-11 19:59:03+00:00,0.455
2025-01-11 20:00:03+00:00,0.455
2025-01-11 20:01:04+00:00,0.455
2025-01-11 20:02:03+00:00,0.455
2025-01-11 20:03:03+00:00,0.455
2025-01-11 20:04:04+00:00,0.455
2025-01-11 20:05:04+00:00,0.455
2025-01-11 20:06:03+00:00,0.455
2025-01-11 20:07:03+00:00,0.455
2025-01-11 20:08:03+00:00,0.455
2025-01-11 20:09:03+00:00,0.455
2025-01-11 20:10:03+00:00,0.455
2025-01-11 20:11:03+00:00,0.455
2025-01-11 20:12:04+00:00,0.455
2025-01-11 20:13:03+00:00,0.455
2025-01-11 20:14:03+00:00,0.455
2025-01-11 20:15:04+00:00,0.455
2025-01-11 20:16:04+00:00,0.455
2025-01-11 20:17:03+00:00,0.455
2025-01-11 20:18:04+00:00,0.455
2025-01-11 20:19:03+00:00,0.455
2025-01-11 20:20:04+00:00,0.455
2025-01-11 20:21:03+00:00,0.455
2025-01-11 20:22:04+00:00,0.455
2025-01-11 20:23:03+00:00,0.455
2025-01-11 20:24:03+00:00,0.455
2025-01-11 20:25:03+00:00,0.455
2025-01-11 20:26:03+00:00,0.455
2025-01-11 20:27:03+00:00,0.455
2025-01-11 20:28:03+00:00,0.455
2025-01-11 20:29:03+00:00,0.455
2025-01-11 20:30:04+00:00,0.455
2025-01-11 20:31:03+00:00,0.455
2025-01-11 20:32:03+00:00,0.455
2025-01-11 20:33:03+00:00,0.455
2025-01-11 20:34:03+00:00,0.455
2025-01-11 20:35:03+00:00,0.455
2025-01-11 20:36:03+00:00,0.455
2025-01-11 20:37:03+00:00,0.455
2025-01-11 20:38:03+00:00,0.455
2025-01-11 20:39:03+00:00,0.455
2025-01-11 20:40:03+00:00,0.455
2025-01-11 20:41:03+00:00,0.455
2025-01-11 20:42:03+00:00,0.455
2025-01-11 20:43:03+00:00,0.455
2025-01-11 20:44:04+00:00,0.455
2025-01-11 20:45:03+00:00,0.455
2025-01-11 20:46:03+00:00,0.455
2025-01-11 20:47:04+00:00,0.455
2025-01-11 20:48:03+00:00,0.455
2025-01-11 20:49:03+00:00,0.455
2025-01-11 20:50:03+00:00,0.455
2025-01-11 20:51:03+00:00,0.455
2025-01-11 20:52:03+00:00,0.455
2025-01-11 20:53:03+00:00,0.455
2025-01-11 20:54:03+00:00,0.455
2025-01-11 20:55:03+00:00,0.455
2025-01-11 20:56:03+00:00,0.455
2025-01-11 20:57:03+00:00,0.455
2025-01-11 20:58:03+00:00,0.455
2025-01-11 20:59:03+00:00,0.455
2025-01-11 21:00:04+00:00,0.455
2025-01-11 21:01:03+00:00,0.455
2025-01-11 21:02:04+00:00,0.455
2025-01-11 21:03:03+00:00,0.455
2025-01-11 21:04:03+00:00,0.455
2025-01-11 21:05:03+00:00,0.455
2025-01-11 21:06:04+00:00,0.455
2025-01-11 21:07:03+00:00,0.455
2025-01-11 21:08:03+00:00,0.455
2025-01-11 21:09:03+00:00,0.455
2025-01-11 21:10:03+00:00,0.455
2025-01-11 21:11:03+00:00,0.455
2025-01-11 21:12:04+00:00,0.455
2025-01-11 21:13:03+00:00,0.455
2025-01-11 21:14:03+00:00,0.455
2025-01-11 21:15:03+00:00,0.455
2025-01-11 21:16:03+00:00,0.455
2025-01-11 21:17:03+00:00,0.455
2025-01-11 21:18:03+00:00,0.455
2025-01-11 21:19:03+00:00,0.455
2025-01-11 21:20:03+00:00,0.455
2025-01-11 21:21:05+00:00,0.455
2025-01-11 21:22:03+00:00,0.455
2025-01-11 21:23:03+00:00,0.455
2025-01-11 21:24:03+00:00,0.455
2025-01-11 21:25:03+00:00,0.455
2025-01-11 21:26:03+00:00,0.455
2025-01-11 21:27:03+00:00,0.455
2025-01-11 21:28:04+00:00,0.455
2025-01-11 21:29:03+00:00,0.45
2025-01-11 21:30:04+00:00,0.455
2025-01-11 21:31:03+00:00,0.455
2025-01-11 21:32:03+00:00,0.455
2025-01-11 21:33:03+00:00,0.455
2025-01-11 21:34:03+00:00,0.455
2025-01-11 21:35:03+00:00,0.455
2025-01-11 21:36:03+00:00,0.455
2025-01-11 21:37:03+00:00,0.455
2025-01-11 21:38:03+00:00,0.455
2025-01-11 21:39:03+00:00,0.455
2025-01-11 21:40:03+00:00,0.455
2025-01-11 21:41:03+00:00,0.455
2025-01-11 21:42:03+00:00,0.455
2025-01-11 21:43:03+00:00,0.455
2025-01-11 21:44:03+00:00,0.455
2025-01-11 21:45:03+00:00,0.455
2025-01-11 21:46:03+00:00,0.455
2025-01-11 21:47:03+00:00,0.455
2025-01-11 21:48:03+00:00,0.455
2025-01-11 21:49:03+00:00,0.455
2025-01-11 21:50:03+00:00,0.455
2025-01-11 21:51:03+00:00,0.455
2025-01-11 21:52:03+00:00,0.455
2025-01-11 21:53:03+00:00,0.455
2025-01-11 21:54:04+00:00,0.455
2025-01-11 21:55:03+00:00,0.455
2025-01-11 21:56:04+00:00,0.455
2025-01-11 21:57:03+00:00,0.455
2025-01-11 21:58:04+00:00,0.455
2025-01-11 21:59:03+00:00,0.455
2025-01-11 22:00:03+00:00,0.455
2025-01-11 22:01:03+00:00,0.455
2025-01-11 22:02:03+00:00,0.455
2025-01-11 22:03:03+00:00,0.455
2025-01-11 22:04:03+00:00,0.455
2025-01-11 22:05:03+00:00,0.455
2025-01-11 22:06:03+00:00,0.455
2025-01-11 22:07:03+00:00,0.455
2025-01-11 22:08:03+00:00,0.455
2025-01-11 22:09:04+00:00,0.455
2025-01-11 22:10:04+00:00,0.455
2025-01-11 22:11:03+00:00,0.455
2025-01-11 22:12:03+00:00,0.455
2025-01-11 22:13:03+00:00,0.455
2025-01-11 22:14:03+00:00,0.455
2025-01-11 22:15:03+00:00,0.455
2025-01-11 22:16:03+00:00,0.455
2025-01-11 22:17:03+00:00,0.455
2025-01-11 22:18:03+00:00,0.455
2025-01-11 22:19:04+00:00,0.455
2025-01-11 22:20:03+00:00,0.455
2025-01-11 22:21:03+00:00,0.455
2025-01-11 22:22:03+00:00,0.455
2025-01-11 22:23:03+00:00,0.455
2025-01-11 22:24:03+00:00,0.455
2025-01-11 22:25:04+00:00,0.455
2025-01-11 22:26:03+00:00,0.455
2025-01-11 22:27:03+00:00,0.455
2025-01-11 22:28:04+00:00,0.455
2025-01-11 22:29:03+00:00,0.455
2025-01-11 22:30:04+00:00,0.455
2025-01-11 22:31:03+00:00,0.455
2025-01-11 22:32:03+00:00,0.455
2025-01-11 22:33:03+00:00,0.455
2025-01-11 22:34:03+00:00,0.455
2025-01-11 22:35:03+00:00,0.455
2025-01-11 22:36:03+00:00,0.455
2025-01-11 22:37:03+00:00,0.455
2025-01-11 22:38:03+00:00,0.455
2025-01-11 22:39:03+00:00,0.455
2025-01-11 22:40:04+00:00,0.455
2025-01-11 22:41:03+00:00,0.455
2025-01-11 22:42:03+00:00,0.455
2025-01-11 22:43:03+00:00,0.455
2025-01-11 22:44:03+00:00,0.455
2025-01-11 22:45:04+00:00,0.455
2025-01-11 22:46:04+00:00,0.455
2025-01-11 22:47:03+00:00,0.455
2025-01-11 22:48:03+00:00,0.455
2025-01-11 22:49:04+00:00,0.455
2025-01-11 22:50:03+00:00,0.455
2025-01-11 22:51:03+00:00,0.455
2025-01-11 22:52:03+00:00,0.455
2025-01-11 22:53:03+00:00,0.455
2025-01-11 22:54:03+00:00,0.455
2025-01-11 22:55:03+00:00,0.455
2025-01-11 22:56:03+00:00,0.455
2025-01-11 22:57:03+00:00,0.455
2025-01-11 22:58:03+00:00,0.455
2025-01-11 22:59:03+00:00,0.455
2025-01-11 23:00:04+00:00,0.455
2025-01-11 23:01:03+00:00,0.455
2025-01-11 23:02:03+00:00,0.455
2025-01-11 23:03:03+00:00,0.455
2025-01-11 23:04:04+00:00,0.455
2025-01-11 23:05:03+00:00,0.455
2025-01-11 23:06:03+00:00,0.455
2025-01-11 23:07:03+00:00,0.455
2025-01-11 23:08:03+00:00,0.455
2025-01-11 23:09:03+00:00,0.455
2025-01-11 23:10:03+00:00,0.455
2025-01-11 23:11:03+00:00,0.455
2025-01-11 23:12:03+00:00,0.455
2025-01-11 23:13:03+00:00,0.455
2025-01-11 23:14:03+00:00,0.455
2025-01-11 23:15:04+00:00,0.455
2025-01-11 23:16:03+00:00,0.455
2025-01-11 23:17:03+00:00,0.455
2025-01-11 23:18:03+00:00,0.455
2025-01-11 23:19:03+00:00,0.455
2025-01-11 23:20:04+00:00,0.455
2025-01-11 23:21:03+00:00,0.455
2025-01-11 23:22:03+00:00,0.455
2025-01-11 23:23:03+00:00,0.455
2025-01-11 23:24:03+00:00,0.455
2025-01-11 23:25:03+00:00,0.455
2025-01-11 23:26:03+00:00,0.455
2025-01-11 23:27:03+00:00,0.455
2025-01-11 23:28:04+00:00,0.455
2025-01-11 23:29:03+00:00,0.455
2025-01-11 23:30:04+00:00,0.455
2025-01-11 23:31:03+00:00,0.455
2025-01-11 23:32:03+00:00,0.455
2025-01-11 23:33:03+00:00,0.455
2025-01-11 23:34:03+00:00,0.455
2025-01-11 23:35:03+00:00,0.455
2025-01-11 23:36:03+00:00,0.455
2025-01-11 23:37:03+00:00,0.455
2025-01-11 23:38:03+00:00,0.455
2025-01-11 23:39:03+00:00,0.455
2025-01-11 23:40:03+00:00,0.455
2025-01-11 23:41:03+00:00,0.455
2025-01-11 23:42:04+00:00,0.455
2025-01-11 23:43:03+00:00,0.465
2025-01-11 23:44:03+00:00,0.465
2025-01-11 23:45:04+00:00,0.465
2025-01-11 23:46:03+00:00,0.465
2025-01-11 23:47:03+00:00,0.465
2025-01-11 23:48:03+00:00,0.465
2025-01-11 23:49:03+00:00,0.465
2025-01-11 23:50:03+00:00,0.465
2025-01-11 23:51:03+00:00,0.465
2025-01-11 23:52:04+00:00,0.465
2025-01-11 23:53:04+00:00,0.465
2025-01-11 23:54:03+00:00,0.465
2025-01-11 23:55:04+00:00,0.465
2025-01-11 23:56:03+00:00,0.465
2025-01-11 23:57:03+00:00,0.465
2025-01-11 23:58:03+00:00,0.465
2025-01-11 23:59:03+00:00,0.465
2025-01-12 00:00:04+00:00,0.465
2025-01-12 00:01:03+00:00,0.465
2025-01-12 00:02:03+00:00,0.465
2025-01-12 00:03:03+00:00,0.465
2025-01-12 00:04:03+00:00,0.465
2025-01-12 00:05:04+00:00,0.465
2025-01-12 00:06:03+00:00,0.465
2025-01-12 00:07:03+00:00,0.465
2025-01-12 00:08:03+00:00,0.465
2025-01-12 00:09:03+00:00,0.465
2025-01-12 00:10:03+00:00,0.465
2025-01-12 00:11:03+00:00,0.465
2025-01-12 00:12:04+00:00,0.465
2025-01-12 00:13:03+00:00,0.465
2025-01-12 00:14:03+00:00,0.465
2025-01-12 00:15:03+00:00,0.465
2025-01-12 00:16:03+00:00,0.465
2025-01-12 00:17:03+00:00,0.465
2025-01-12 00:18:03+00:00,0.465
2025-01-12 00:19:03+00:00,0.465
2025-01-12 00:20:03+00:00,0.465
2025-01-12 00:21:03+00:00,0.465
2025-01-12 00:22:03+00:00,0.465
2025-01-12 00:23:03+00:00,0.465
2025-01-12 00:24:03+00:00,0.465
2025-01-12 00:25:03+00:00,0.465
2025-01-12 00:26:03+00:00,0.465
2025-01-12 00:27:03+00:00,0.465
2025-01-12 00:28:03+00:00,0.465
2025-01-12 00:29:03+00:00,0.465
2025-01-12 00:30:03+00:00,0.465
2025-01-12 00:31:03+00:00,0.465
2025-01-12 00:32:03+00:00,0.465
2025-01-12 00:33:03+00:00,0.465
2025-01-12 00:34:03+00:00,0.455
2025-01-12 00:35:03+00:00,0.455
2025-01-12 00:36:03+00:00,0.455
2025-01-12 00:37:03+00:00,0.455
2025-01-12 00:38:03+00:00,0.455
2025-01-12 00:39:03+00:00,0.455
2025-01-12 00:40:03+00:00,0.455
2025-01-12 00:41:03+00:00,0.455
2025-01-12 00:42:03+00:00,0.455
2025-01-12 00:43:03+00:00,0.455
2025-01-12 00:44:03+00:00,0.455
2025-01-12 00:45:03+00:00,0.455
2025-01-12 00:46:03+00:00,0.455
2025-01-12 00:47:03+00:00,0.455
2025-01-12 00:48:03+00:00,0.455
2025-01-12 00:49:03+00:00,0.455
2025-01-12 00:50:03+00:00,0.455
2025-01-12 00:51:03+00:00,0.455
2025-01-12 00:52:03+00:00,0.455
2025-01-12 00:53:03+00:00,0.465
2025-01-12 00:54:03+00:00,0.465
2025-01-12 00:55:04+00:00,0.465
2025-01-12 00:56:03+00:00,0.465
2025-01-12 00:57:03+00:00,0.465
2025-01-12 00:58:03+00:00,0.465
2025-01-12 00:59:03+00:00,0.455
2025-01-12 01:00:03+00:00,0.445
2025-01-12 01:01:03+00:00,0.45
2025-01-12 01:02:03+00:00,0.455
2025-01-12 01:03:03+00:00,0.46
2025-01-12 01:04:03+00:00,0.46
2025-01-12 01:05:03+00:00,0.465
2025-01-12 01:06:03+00:00,0.465
2025-01-12 01:07:03+00:00,0.465
2025-01-12 01:08:03+00:00,0.47
2025-01-12 01:09:03+00:00,0.47
2025-01-12 01:10:04+00:00,0.465
2025-01-12 01:11:04+00:00,0.47
2025-01-12 01:12:03+00:00,0.435
2025-01-12 01:13:03+00:00,0.445
2025-01-12 01:14:03+00:00,0.43
2025-01-12 01:15:03+00:00,0.48
2025-01-12 01:16:03+00:00,0.475
2025-01-12 01:17:03+00:00,0.485
2025-01-12 01:18:03+00:00,0.495
2025-01-12 01:19:03+00:00,0.44
2025-01-12 01:20:04+00:00,0.435
2025-01-12 01:21:03+00:00,0.455
2025-01-12 01:22:03+00:00,0.45
2025-01-12 01:23:03+00:00,0.445
2025-01-12 01:24:03+00:00,0.47
2025-01-12 01:25:03+00:00,0.465
2025-01-12 01:26:03+00:00,0.47
2025-01-12 01:27:03+00:00,0.38
2025-01-12 01:28:03+00:00,0.385
2025-01-12 01:29:03+00:00,0.395
2025-01-12 01:30:03+00:00,0.39
2025-01-12 01:31:03+00:00,0.445
2025-01-12 01:32:03+00:00,0.475
2025-01-12 01:33:03+00:00,0.445
2025-01-12 01:34:03+00:00,0.49
2025-01-12 01:35:03+00:00,0.495
2025-01-12 01:36:03+00:00,0.46
2025-01-12 01:37:03+00:00,0.515
2025-01-12 01:38:04+00:00,0.545
2025-01-12 01:39:03+00:00,0.53
2025-01-12 01:40:03+00:00,0.535
2025-01-12 01:41:03+00:00,0.58
2025-01-12 01:42:03+00:00,0.495
2025-01-12 01:43:03+00:00,0.495
2025-01-12 01:44:03+00:00,0.495
2025-01-12 01:45:03+00:00,0.485
2025-01-12 01:46:03+00:00,0.47
2025-01-12 01:47:03+00:00,0.53
2025-01-12 01:48:03+00:00,0.54
2025-01-12 01:49:03+00:00,0.53
2025-01-12 01:50:04+00:00,0.525
2025-01-12 01:51:03+00:00,0.545
2025-01-12 01:52:04+00:00,0.515
2025-01-12 01:53:03+00:00,0.425
2025-01-12 01:54:03+00:00,0.425
2025-01-12 01:55:03+00:00,0.42
2025-01-12 01:56:03+00:00,0.425
2025-01-12 01:57:03+00:00,0.42
2025-01-12 01:58:03+00:00,0.42
2025-01-12 01:59:03+00:00,0.435
2025-01-12 02:00:04+00:00,0.5
2025-01-12 02:01:03+00:00,0.425
2025-01-12 02:02:03+00:00,0.43
2025-01-12 02:03:03+00:00,0.455
2025-01-12 02:04:03+00:00,0.415
2025-01-12 02:05:03+00:00,0.415
2025-01-12 02:06:03+00:00,0.37
2025-01-12 02:07:03+00:00,0.445
2025-01-12 02:08:03+00:00,0.45
2025-01-12 02:09:03+00:00,0.45
2025-01-12 02:10:03+00:00,0.45
2025-01-12 02:11:03+00:00,0.45
2025-01-12 02:12:03+00:00,0.45
2025-01-12 02:13:03+00:00,0.45
2025-01-12 02:14:03+00:00,0.445
2025-01-12 02:15:03+00:00,0.45
2025-01-12 02:16:03+00:00,0.445
2025-01-12 02:17:03+00:00,0.445
2025-01-12 02:18:03+00:00,0.445
2025-01-12 02:19:03+00:00,0.44
2025-01-12 02:20:03+00:00,0.44
2025-01-12 02:21:03+00:00,0.44
2025-01-12 02:22:03+00:00,0.435
2025-01-12 02:23:03+00:00,0.435
2025-01-12 02:24:03+00:00,0.395
2025-01-12 02:25:04+00:00,0.355
2025-01-12 02:26:03+00:00,0.345
2025-01-12 02:27:03+00:00,0.345
2025-01-12 02:28:04+00:00,0.435
2025-01-12 02:29:03+00:00,0.44
2025-01-12 02:30:04+00:00,0.49
2025-01-12 02:31:03+00:00,0.485
2025-01-12 02:32:03+00:00,0.475
2025-01-12 02:33:03+00:00,0.425
2025-01-12 02:34:03+00:00,0.46
2025-01-12 02:35:03+00:00,0.42
2025-01-12 02:36:03+00:00,0.44
2025-01-12 02:37:03+00:00,0.465
2025-01-12 02:38:03+00:00,0.535
2025-01-12 02:39:03+00:00,0.4
2025-01-12 02:40:03+00:00,0.44
2025-01-12 02:41:03+00:00,0.415
2025-01-12 02:42:03+00:00,0.455
2025-01-12 02:43:03+00:00,0.465
2025-01-12 02:44:03+00:00,0.465
2025-01-12 02:45:03+00:00,0.4
2025-01-12 02:46:03+00:00,0.345
2025-01-12 02:47:03+00:00,0.315
2025-01-12 02:48:03+00:00,0.31
2025-01-12 02:49:03+00:00,0.315
2025-01-12 02:50:04+00:00,0.295
2025-01-12 02:51:03+00:00,0.295
2025-01-12 02:52:04+00:00,0.3
2025-01-12 02:53:03+00:00,0.315
2025-01-12 02:54:03+00:00,0.345
2025-01-12 02:55:03+00:00,0.345
2025-01-12 02:56:04+00:00,0.34
2025-01-12 02:57:03+00:00,0.365
2025-01-12 02:58:03+00:00,0.36
2025-01-12 02:59:03+00:00,0.355
2025-01-12 03:00:04+00:00,0.35
2025-01-12 03:01:03+00:00,0.42
2025-01-12 03:02:03+00:00,0.505
2025-01-12 03:03:03+00:00,0.435
2025-01-12 03:04:04+00:00,0.355
2025-01-12 03:05:04+00:00,0.165
2025-01-12 03:06:03+00:00,0.155
2025-01-12 03:07:03+00:00,0.165
2025-01-12 03:08:03+00:00,0.16
2025-01-12 03:09:03+00:00,0.225
2025-01-12 03:10:03+00:00,0.24
2025-01-12 03:11:04+00:00,0.245
2025-01-12 03:12:04+00:00,0.37
2025-01-12 03:13:04+00:00,0.41
2025-01-12 03:14:03+00:00,0.41
2025-01-12 03:15:03+00:00,0.475
2025-01-12 03:16:03+00:00,0.235
2025-01-12 03:17:03+00:00,0.2
2025-01-12 03:18:03+00:00,0.195
2025-01-12 03:19:03+00:00,0.215
2025-01-12 03:20:03+00:00,0.22
2025-01-12 03:21:02+00:00,0.2
2025-01-12 03:22:03+00:00,0.275
2025-01-12 03:23:03+00:00,0.545
2025-01-12 03:24:03+00:00,0.735
2025-01-12 03:25:03+00:00,0.76
2025-01-12 03:26:03+00:00,0.745
2025-01-12 03:27:03+00:00,0.755
2025-01-12 03:28:03+00:00,0.995
2025-01-12 03:29:03+00:00,0.995
2025-01-12 03:30:04+00:00,0.995
2025-01-12 03:31:03+00:00,0.9995
2025-01-12 03:32:03+00:00,0.9995
2025-01-12 03:33:03+00:00,0.9995
2025-01-12 03:34:03+00:00,0.9995
2025-01-12 03:35:03+00:00,0.9995
2025-01-12 03:36:03+00:00,0.9995
2025-01-12 03:37:03+00:00,0.9995
2025-01-12 03:38:03+00:00,0.9995
2025-01-12 03:39:03+00:00,0.9995
2025-01-12 03:40:03+00:00,0.9995
2025-01-12 03:41:03+00:00,0.9995
2025-01-12 03:42:03+00:00,0.9995
2025-01-12 03:43:03+00:00,0.9995
2025-01-12 03:44:03+00:00,0.9995
2025-01-12 03:45:03+00:00,0.9995
2025-01-12 03:46:03+00:00,0.9995
2025-01-12 03:47:03+00:00,0.9995
2025-01-12 03:48:03+00:00,0.9995
2025-01-12 03:49:04+00:00,0.9995
2025-01-12 03:50:03+00:00,0.9995
2025-01-12 03:51:03+00:00,0.9995
2025-01-12 03:52:04+00:00,0.9995
2025-01-12 03:53:03+00:00,0.9995
2025-01-12 03:54:03+00:00,0.9995
2025-01-12 03:55:04+00:00,0.9995
2025-01-12 03:56:03+00:00,0.9995
2025-01-12 03:57:03+00:00,0.9995
2025-01-12 03:58:03+00:00,0.9995
2025-01-12 03:59:03+00:00,0.9995
2025-01-12 04:00:04+00:00,0.9995
2025-01-12 04:01:03+00:00,0.9995
2025-01-12 04:02:03+00:00,0.9995
2025-01-12 04:03:03+00:00,0.9995
2025-01-12 04:04:03+00:00,0.9995
2025-01-12 04:05:03+00:00,0.9995
2025-01-12 04:06:03+00:00,0.9995
2025-01-12 04:07:03+00:00,0.9995
2025-01-12 04:08:03+00:00,0.9995
2025-01-12 04:09:03+00:00,0.9995
2025-01-12 04:10:03+00:00,0.9995
2025-01-12 04:11:03+00:00,0.9995
2025-01-12 04:12:03+00:00,0.9995
2025-01-12 04:13:03+00:00,0.9995
2025-01-12 04:14:03+00:00,0.9995
2025-01-12 04:15:04+00:00,0.9995
2025-01-12 04:16:03+00:00,0.9995
2025-01-12 04:17:03+00:00,0.9995
2025-01-12 04:18:04+00:00,0.9995
2025-01-12 04:19:04+00:00,0.9995
2025-01-12 04:20:03+00:00,0.9995
2025-01-12 04:21:03+00:00,0.9995
2025-01-12 04:22:03+00:00,0.9995
2025-01-12 04:23:03+00:00,0.9995
2025-01-12 04:24:04+00:00,0.9995
2025-01-12 04:25:04+00:00,0.9995
2025-01-12 04:26:03+00:00,0.9995
2025-01-12 04:27:03+00:00,0.9995
2025-01-12 04:28:03+00:00,0.9995
2025-01-12 04:29:03+00:00,0.9995
2025-01-12 04:30:03+00:00,0.9995
2025-01-12 04:31:03+00:00,0.9995
2025-01-12 04:32:03+00:00,0.9995
2025-01-12 04:33:03+00:00,0.9995
2025-01-12 04:34:03+00:00,0.9995
2025-01-12 04:35:03+00:00,0.9995
2025-01-12 04:36:03+00:00,0.9995
2025-01-12 04:37:03+00:00,0.9995
2025-01-12 04:38:03+00:00,0.9995
2025-01-12 04:39:03+00:00,0.9995
2025-01-12 04:40:04+00:00,0.9995
2025-01-12 04:41:03+00:00,0.9995
2025-01-12 04:42:04+00:00,0.9995
2025-01-12 04:43:03+00:00,0.9995
2025-01-12 04:44:03+00:00,0.9995
2025-01-12 04:45:03+00:00,0.9995
2025-01-12 04:46:04+00:00,0.9995
2025-01-12 04:47:03+00:00,0.9995
2025-01-12 04:48:04+00:00,0.9995
2025-01-12 04:49:03+00:00,0.9995
2025-01-12 04:50:03+00:00,0.9995
2025-01-12 04:51:03+00:00,0.9995
2025-01-12 04:52:03+00:00,0.9995
2025-01-12 04:53:03+00:00,0.9995
2025-01-12 04:54:03+00:00,0.9995
2025-01-12 04:55:03+00:00,0.9995
2025-01-12 04:56:03+00:00,0.9995
2025-01-12 04:57:03+00:00,0.9995
2025-01-12 04:58:03+00:00,0.9995
2025-01-12 04:59:03+00:00,0.9995
2025-01-12 05:00:03+00:00,0.9995
2025-01-12 05:01:03+00:00,0.9995
2025-01-12 05:02:03+00:00,0.9995
2025-01-12 05:03:03+00:00,0.9995
2025-01-12 05:04:03+00:00,0.9995
2025-01-12 05:05:03+00:00,0.9995
2025-01-12 05:06:03+00:00,0.9995
2025-01-12 05:07:03+00:00,0.9995
2025-01-12 05:08:03+00:00,0.9995
2025-01-12 05:09:03+00:00,0.9995
2025-01-12 05:10:03+00:00,0.9995
2025-01-12 05:11:03+00:00,0.9995
2025-01-12 05:12:03+00:00,0.9995
2025-01-12 05:13:03+00:00,0.9995
2025-01-12 05:14:03+00:00,0.9995
2025-01-12 05:15:03+00:00,0.9995
2025-01-12 05:16:03+00:00,0.9995
2025-01-12 05:17:03+00:00,0.9995
2025-01-12 05:18:03+00:00,0.9995
2025-01-12 05:19:03+00:00,0.9995
2025-01-12 05:20:03+00:00,0.9995
2025-01-12 05:21:03+00:00,0.9995
2025-01-12 05:22:03+00:00,0.9995
2025-01-12 05:23:03+00:00,0.9995
2025-01-12 05:24:03+00:00,0.9995
2025-01-12 05:25:03+00:00,0.9995
2025-01-12 05:26:03+00:00,0.9995
2025-01-12 05:27:03+00:00,0.9995
2025-01-12 05:28:04+00:00,0.9995
2025-01-12 05:29:03+00:00,0.9995
2025-01-12 05:30:04+00:00,0.9995
2025-01-12 05:31:04+00:00,0.9995
2025-01-12 05:32:03+00:00,0.9995
2025-01-12 05:33:03+00:00,0.9995
2025-01-12 05:34:04+00:00,0.9995
2025-01-12 05:35:03+00:00,0.9995
2025-01-12 05:36:03+00:00,0.9995
2025-01-12 05:37:03+00:00,0.9995
2025-01-12 05:38:03+00:00,0.9995
