timestamp,price
2025-02-05 21:59:05+00:00,0.7925
2025-02-05 22:00:05+00:00,0.7925
2025-02-05 22:01:04+00:00,0.7925
2025-02-05 22:02:04+00:00,0.7925
2025-02-05 22:03:04+00:00,0.7925
2025-02-05 22:04:04+00:00,0.792
2025-02-05 22:05:05+00:00,0.792
2025-02-05 22:06:04+00:00,0.7925
2025-02-05 22:07:04+00:00,0.7925
2025-02-05 22:08:04+00:00,0.787
2025-02-05 22:09:04+00:00,0.787
2025-02-05 22:10:05+00:00,0.7925
2025-02-05 22:11:04+00:00,0.7925
2025-02-05 22:12:04+00:00,0.787
2025-02-05 22:13:04+00:00,0.787
2025-02-05 22:14:04+00:00,0.792
2025-02-05 22:15:04+00:00,0.792
2025-02-05 22:16:04+00:00,0.7925
2025-02-05 22:17:04+00:00,0.792
2025-02-05 22:18:04+00:00,0.792
2025-02-05 22:19:04+00:00,0.792
2025-02-05 22:20:04+00:00,0.792
2025-02-05 22:21:04+00:00,0.792
2025-02-05 22:22:04+00:00,0.792
2025-02-05 22:23:04+00:00,0.792
2025-02-05 22:24:04+00:00,0.792
2025-02-05 22:25:04+00:00,0.792
2025-02-05 22:26:04+00:00,0.792
2025-02-05 22:27:04+00:00,0.792
2025-02-05 22:28:04+00:00,0.768
2025-02-05 22:29:04+00:00,0.768
2025-02-05 22:30:04+00:00,0.7695
2025-02-05 22:31:04+00:00,0.7715
2025-02-05 22:32:04+00:00,0.7735
2025-02-05 22:33:04+00:00,0.7735
2025-02-05 22:34:04+00:00,0.7745
2025-02-05 22:35:05+00:00,0.7745
2025-02-05 22:36:04+00:00,0.774
2025-02-05 22:37:04+00:00,0.7755
2025-02-05 22:38:05+00:00,0.7765
2025-02-05 22:39:04+00:00,0.7765
2025-02-05 22:40:04+00:00,0.777
2025-02-05 22:41:04+00:00,0.777
2025-02-05 22:42:05+00:00,0.777
2025-02-05 22:43:03+00:00,0.777
2025-02-05 22:44:04+00:00,0.777
2025-02-05 22:45:04+00:00,0.778
2025-02-05 22:46:05+00:00,0.7775
2025-02-05 22:47:04+00:00,0.777
2025-02-05 22:48:05+00:00,0.78
2025-02-05 22:49:04+00:00,0.781
2025-02-05 22:50:05+00:00,0.781
2025-02-05 22:51:04+00:00,0.782
2025-02-05 22:52:04+00:00,0.782
2025-02-05 22:53:04+00:00,0.783
2025-02-05 22:54:04+00:00,0.783
2025-02-05 22:55:05+00:00,0.784
2025-02-05 22:56:04+00:00,0.7835
2025-02-05 22:57:03+00:00,0.782
2025-02-05 22:58:04+00:00,0.782
2025-02-05 22:59:04+00:00,0.786
2025-02-05 23:00:04+00:00,0.786
2025-02-05 23:01:04+00:00,0.7865
2025-02-05 23:02:04+00:00,0.787
2025-02-05 23:03:04+00:00,0.7875
2025-02-05 23:04:04+00:00,0.7875
2025-02-05 23:05:05+00:00,0.787
2025-02-05 23:06:04+00:00,0.7845
2025-02-05 23:07:04+00:00,0.7845
2025-02-05 23:08:04+00:00,0.7855
2025-02-05 23:09:04+00:00,0.7855
2025-02-05 23:10:05+00:00,0.7865
2025-02-05 23:11:04+00:00,0.7865
2025-02-05 23:12:04+00:00,0.787
2025-02-05 23:13:04+00:00,0.787
2025-02-05 23:14:04+00:00,0.788
2025-02-05 23:15:05+00:00,0.7875
2025-02-05 23:16:04+00:00,0.7875
2025-02-05 23:17:04+00:00,0.788
2025-02-05 23:18:04+00:00,0.788
2025-02-05 23:19:05+00:00,0.7875
2025-02-05 23:20:04+00:00,0.7875
2025-02-05 23:21:04+00:00,0.7875
2025-02-05 23:22:04+00:00,0.788
2025-02-05 23:23:04+00:00,0.788
2025-02-05 23:24:05+00:00,0.787
2025-02-05 23:25:05+00:00,0.787
2025-02-05 23:26:04+00:00,0.787
2025-02-05 23:27:05+00:00,0.787
2025-02-05 23:28:04+00:00,0.787
2025-02-05 23:29:04+00:00,0.787
2025-02-05 23:30:04+00:00,0.787
2025-02-05 23:31:04+00:00,0.787
2025-02-05 23:32:04+00:00,0.787
2025-02-05 23:33:03+00:00,0.787
2025-02-05 23:34:04+00:00,0.787
2025-02-05 23:35:05+00:00,0.787
2025-02-05 23:36:04+00:00,0.787
2025-02-05 23:37:04+00:00,0.787
2025-02-05 23:38:04+00:00,0.787
2025-02-05 23:39:05+00:00,0.787
2025-02-05 23:40:04+00:00,0.787
2025-02-05 23:41:04+00:00,0.787
2025-02-05 23:42:04+00:00,0.787
2025-02-05 23:43:04+00:00,0.787
2025-02-05 23:44:05+00:00,0.787
2025-02-05 23:45:04+00:00,0.787
2025-02-05 23:46:04+00:00,0.787
2025-02-05 23:47:04+00:00,0.787
2025-02-05 23:48:04+00:00,0.787
2025-02-05 23:49:05+00:00,0.787
2025-02-05 23:50:04+00:00,0.787
2025-02-05 23:51:04+00:00,0.787
2025-02-05 23:52:04+00:00,0.787
2025-02-05 23:53:04+00:00,0.787
2025-02-05 23:54:04+00:00,0.787
2025-02-05 23:55:04+00:00,0.787
2025-02-05 23:56:04+00:00,0.787
2025-02-05 23:57:04+00:00,0.787
2025-02-05 23:58:05+00:00,0.787
2025-02-05 23:59:04+00:00,0.787
2025-02-06 00:00:05+00:00,0.787
2025-02-06 00:01:04+00:00,0.787
2025-02-06 00:02:04+00:00,0.787
2025-02-06 00:03:04+00:00,0.787
2025-02-06 00:04:04+00:00,0.787
2025-02-06 00:05:05+00:00,0.787
2025-02-06 00:06:05+00:00,0.787
2025-02-06 00:07:04+00:00,0.787
2025-02-06 00:08:04+00:00,0.787
2025-02-06 00:09:04+00:00,0.787
2025-02-06 00:10:05+00:00,0.787
2025-02-06 00:11:04+00:00,0.787
2025-02-06 00:12:04+00:00,0.7785
2025-02-06 00:13:04+00:00,0.7785
2025-02-06 00:14:04+00:00,0.7645
2025-02-06 00:15:04+00:00,0.7645
2025-02-06 00:16:04+00:00,0.7655
2025-02-06 00:17:04+00:00,0.773
2025-02-06 00:18:04+00:00,0.774
2025-02-06 00:19:04+00:00,0.7735
2025-02-06 00:20:04+00:00,0.774
2025-02-06 00:21:05+00:00,0.7365
2025-02-06 00:22:05+00:00,0.7375
2025-02-06 00:23:04+00:00,0.7375
2025-02-06 00:24:04+00:00,0.74
2025-02-06 00:25:05+00:00,0.7415
2025-02-06 00:26:04+00:00,0.743
2025-02-06 00:27:04+00:00,0.745
2025-02-06 00:28:04+00:00,0.746
2025-02-06 00:29:05+00:00,0.7485
2025-02-06 00:30:05+00:00,0.7425
2025-02-06 00:31:04+00:00,0.7435
2025-02-06 00:32:04+00:00,0.7435
2025-02-06 00:33:04+00:00,0.7475
2025-02-06 00:34:04+00:00,0.7455
2025-02-06 00:35:05+00:00,0.7485
2025-02-06 00:36:04+00:00,0.7485
2025-02-06 00:37:04+00:00,0.7505
2025-02-06 00:38:04+00:00,0.7505
2025-02-06 00:39:04+00:00,0.7515
2025-02-06 00:40:04+00:00,0.733
2025-02-06 00:41:04+00:00,0.734
2025-02-06 00:42:04+00:00,0.736
2025-02-06 00:43:04+00:00,0.73
2025-02-06 00:44:04+00:00,0.732
2025-02-06 00:45:04+00:00,0.7345
2025-02-06 00:46:04+00:00,0.7355
2025-02-06 00:47:04+00:00,0.745
2025-02-06 00:48:04+00:00,0.738
2025-02-06 00:49:04+00:00,0.746
2025-02-06 00:50:05+00:00,0.745
2025-02-06 00:51:04+00:00,0.7425
2025-02-06 00:52:04+00:00,0.743
2025-02-06 00:53:04+00:00,0.7445
2025-02-06 00:54:04+00:00,0.744
2025-02-06 00:55:05+00:00,0.7275
2025-02-06 00:56:04+00:00,0.728
2025-02-06 00:57:04+00:00,0.7285
2025-02-06 00:58:04+00:00,0.7315
2025-02-06 00:59:04+00:00,0.732
2025-02-06 01:00:04+00:00,0.736
2025-02-06 01:01:04+00:00,0.738
2025-02-06 01:02:04+00:00,0.7385
2025-02-06 01:03:04+00:00,0.7385
2025-02-06 01:04:04+00:00,0.726
2025-02-06 01:05:04+00:00,0.7265
2025-02-06 01:06:04+00:00,0.7265
2025-02-06 01:07:04+00:00,0.728
2025-02-06 01:08:04+00:00,0.7265
2025-02-06 01:09:04+00:00,0.7275
2025-02-06 01:10:05+00:00,0.7275
2025-02-06 01:11:04+00:00,0.729
2025-02-06 01:12:05+00:00,0.728
2025-02-06 01:13:04+00:00,0.7285
2025-02-06 01:14:04+00:00,0.7285
2025-02-06 01:15:05+00:00,0.7275
2025-02-06 01:16:05+00:00,0.7275
2025-02-06 01:17:04+00:00,0.7285
2025-02-06 01:18:04+00:00,0.7275
2025-02-06 01:19:04+00:00,0.727
2025-02-06 01:20:04+00:00,0.727
2025-02-06 01:21:04+00:00,0.727
2025-02-06 01:22:04+00:00,0.7265
2025-02-06 01:23:04+00:00,0.7265
2025-02-06 01:24:05+00:00,0.727
2025-02-06 01:25:05+00:00,0.727
2025-02-06 01:26:04+00:00,0.711
2025-02-06 01:27:04+00:00,0.709
2025-02-06 01:28:04+00:00,0.709
2025-02-06 01:29:05+00:00,0.71
2025-02-06 01:30:05+00:00,0.7105
2025-02-06 01:31:04+00:00,0.7105
2025-02-06 01:32:04+00:00,0.71
2025-02-06 01:33:04+00:00,0.71
2025-02-06 01:34:04+00:00,0.709
2025-02-06 01:35:04+00:00,0.7085
2025-02-06 01:36:04+00:00,0.7075
2025-02-06 01:37:04+00:00,0.7075
2025-02-06 01:38:04+00:00,0.7075
2025-02-06 01:39:04+00:00,0.7075
2025-02-06 01:40:04+00:00,0.708
2025-02-06 01:41:04+00:00,0.709
2025-02-06 01:42:04+00:00,0.709
2025-02-06 01:43:04+00:00,0.7085
2025-02-06 01:44:04+00:00,0.7085
2025-02-06 01:45:04+00:00,0.7085
2025-02-06 01:46:05+00:00,0.6915
2025-02-06 01:47:04+00:00,0.6915
2025-02-06 01:48:04+00:00,0.6915
2025-02-06 01:49:04+00:00,0.6915
2025-02-06 01:50:04+00:00,0.692
2025-02-06 01:51:04+00:00,0.6895
2025-02-06 01:52:04+00:00,0.689
2025-02-06 01:53:05+00:00,0.689
2025-02-06 01:54:04+00:00,0.689
2025-02-06 01:55:04+00:00,0.689
2025-02-06 01:56:04+00:00,0.625
2025-02-06 01:57:04+00:00,0.623
2025-02-06 01:58:04+00:00,0.6055
2025-02-06 01:59:04+00:00,0.6055
2025-02-06 02:00:05+00:00,0.64
2025-02-06 02:01:04+00:00,0.623
2025-02-06 02:02:04+00:00,0.6235
2025-02-06 02:03:04+00:00,0.683
2025-02-06 02:04:04+00:00,0.6825
2025-02-06 02:05:04+00:00,0.684
2025-02-06 02:06:04+00:00,0.6875
2025-02-06 02:07:04+00:00,0.689
2025-02-06 02:08:04+00:00,0.69
2025-02-06 02:09:04+00:00,0.679
2025-02-06 02:10:05+00:00,0.6805
2025-02-06 02:11:04+00:00,0.6845
2025-02-06 02:12:04+00:00,0.724
2025-02-06 02:13:04+00:00,0.7235
2025-02-06 02:14:04+00:00,0.683
2025-02-06 02:15:04+00:00,0.7025
2025-02-06 02:16:04+00:00,0.7
2025-02-06 02:17:04+00:00,0.7005
2025-02-06 02:18:04+00:00,0.6695
2025-02-06 02:19:04+00:00,0.671
2025-02-06 02:20:04+00:00,0.6775
2025-02-06 02:21:04+00:00,0.6775
2025-02-06 02:22:04+00:00,0.677
2025-02-06 02:23:04+00:00,0.697
2025-02-06 02:24:05+00:00,0.698
2025-02-06 02:25:05+00:00,0.696
2025-02-06 02:26:04+00:00,0.696
2025-02-06 02:27:04+00:00,0.698
2025-02-06 02:28:04+00:00,0.7
2025-02-06 02:29:04+00:00,0.7005
2025-02-06 02:30:05+00:00,0.7
2025-02-06 02:31:04+00:00,0.7005
2025-02-06 02:32:04+00:00,0.7005
2025-02-06 02:33:04+00:00,0.7015
2025-02-06 02:34:05+00:00,0.7015
2025-02-06 02:35:04+00:00,0.7025
2025-02-06 02:36:04+00:00,0.7025
2025-02-06 02:37:04+00:00,0.7015
2025-02-06 02:38:05+00:00,0.702
2025-02-06 02:39:04+00:00,0.703
2025-02-06 02:40:04+00:00,0.702
2025-02-06 02:41:04+00:00,0.684
2025-02-06 02:42:05+00:00,0.6845
2025-02-06 02:43:04+00:00,0.685
2025-02-06 02:44:04+00:00,0.68
2025-02-06 02:45:04+00:00,0.6815
2025-02-06 02:46:04+00:00,0.6785
2025-02-06 02:47:04+00:00,0.678
2025-02-06 02:48:04+00:00,0.678
2025-02-06 02:49:04+00:00,0.6785
2025-02-06 02:50:05+00:00,0.6785
2025-02-06 02:51:04+00:00,0.6785
2025-02-06 02:52:04+00:00,0.6795
2025-02-06 02:53:04+00:00,0.679
2025-02-06 02:54:04+00:00,0.68
2025-02-06 02:55:05+00:00,0.68
2025-02-06 02:56:04+00:00,0.681
2025-02-06 02:57:04+00:00,0.681
2025-02-06 02:58:04+00:00,0.6815
2025-02-06 02:59:04+00:00,0.682
2025-02-06 03:00:04+00:00,0.683
2025-02-06 03:01:04+00:00,0.6695
2025-02-06 03:02:04+00:00,0.6855
2025-02-06 03:03:05+00:00,0.6775
2025-02-06 03:04:04+00:00,0.6775
2025-02-06 03:05:04+00:00,0.6785
2025-02-06 03:06:04+00:00,0.676
2025-02-06 03:07:04+00:00,0.6765
2025-02-06 03:08:04+00:00,0.6775
2025-02-06 03:09:04+00:00,0.6755
2025-02-06 03:10:04+00:00,0.676
2025-02-06 03:11:04+00:00,0.676
2025-02-06 03:12:04+00:00,0.676
2025-02-06 03:13:04+00:00,0.676
2025-02-06 03:14:05+00:00,0.6705
2025-02-06 03:15:05+00:00,0.67
2025-02-06 03:16:04+00:00,0.677
2025-02-06 03:17:04+00:00,0.6665
2025-02-06 03:18:04+00:00,0.665
2025-02-06 03:19:04+00:00,0.665
2025-02-06 03:20:05+00:00,0.665
2025-02-06 03:21:04+00:00,0.665
2025-02-06 03:22:04+00:00,0.665
2025-02-06 03:23:04+00:00,0.665
2025-02-06 03:24:04+00:00,0.66
2025-02-06 03:25:04+00:00,0.66
2025-02-06 03:26:04+00:00,0.66
2025-02-06 03:27:04+00:00,0.654
2025-02-06 03:28:04+00:00,0.655
2025-02-06 03:29:04+00:00,0.6765
2025-02-06 03:30:05+00:00,0.6555
2025-02-06 03:31:05+00:00,0.655
2025-02-06 03:32:04+00:00,0.6685
2025-02-06 03:33:04+00:00,0.6565
2025-02-06 03:34:04+00:00,0.651
2025-02-06 03:35:05+00:00,0.651
2025-02-06 03:36:04+00:00,0.651
2025-02-06 03:37:04+00:00,0.651
2025-02-06 03:38:05+00:00,0.651
2025-02-06 03:39:04+00:00,0.651
2025-02-06 03:40:04+00:00,0.651
2025-02-06 03:41:04+00:00,0.651
2025-02-06 03:42:04+00:00,0.651
2025-02-06 03:43:04+00:00,0.651
2025-02-06 03:44:04+00:00,0.651
2025-02-06 03:45:04+00:00,0.6585
2025-02-06 03:46:04+00:00,0.6585
2025-02-06 03:47:04+00:00,0.6585
2025-02-06 03:48:04+00:00,0.6585
2025-02-06 03:49:04+00:00,0.6585
2025-02-06 03:50:04+00:00,0.6585
2025-02-06 03:51:04+00:00,0.6585
2025-02-06 03:52:05+00:00,0.658
2025-02-06 03:53:05+00:00,0.658
2025-02-06 03:54:04+00:00,0.658
2025-02-06 03:55:05+00:00,0.6575
2025-02-06 03:56:04+00:00,0.658
2025-02-06 03:57:04+00:00,0.682
2025-02-06 03:58:04+00:00,0.682
2025-02-06 03:59:05+00:00,0.6775
2025-02-06 04:00:05+00:00,0.6775
2025-02-06 04:01:04+00:00,0.6775
2025-02-06 04:02:04+00:00,0.6775
2025-02-06 04:03:04+00:00,0.6775
2025-02-06 04:04:04+00:00,0.678
2025-02-06 04:05:04+00:00,0.678
2025-02-06 04:06:04+00:00,0.678
2025-02-06 04:07:04+00:00,0.6775
2025-02-06 04:08:04+00:00,0.6775
2025-02-06 04:09:04+00:00,0.678
2025-02-06 04:10:05+00:00,0.678
2025-02-06 04:11:04+00:00,0.6775
2025-02-06 04:12:04+00:00,0.6775
2025-02-06 04:13:04+00:00,0.678
2025-02-06 04:14:05+00:00,0.678
2025-02-06 04:15:05+00:00,0.678
2025-02-06 04:16:04+00:00,0.678
2025-02-06 04:17:04+00:00,0.687
2025-02-06 04:18:04+00:00,0.687
2025-02-06 04:19:04+00:00,0.6875
2025-02-06 04:20:04+00:00,0.6875
2025-02-06 04:21:04+00:00,0.6875
2025-02-06 04:22:04+00:00,0.6875
2025-02-06 04:23:04+00:00,0.6875
2025-02-06 04:24:04+00:00,0.6875
2025-02-06 04:25:04+00:00,0.6865
2025-02-06 04:26:05+00:00,0.685
2025-02-06 04:27:04+00:00,0.6855
2025-02-06 04:28:04+00:00,0.6865
2025-02-06 04:29:04+00:00,0.6855
2025-02-06 04:30:05+00:00,0.6855
2025-02-06 04:31:04+00:00,0.6865
2025-02-06 04:32:04+00:00,0.686
2025-02-06 04:33:04+00:00,0.6855
2025-02-06 04:34:04+00:00,0.686
2025-02-06 04:35:05+00:00,0.6855
2025-02-06 04:36:04+00:00,0.685
2025-02-06 04:37:04+00:00,0.685
2025-02-06 04:38:04+00:00,0.685
2025-02-06 04:39:04+00:00,0.6875
2025-02-06 04:40:05+00:00,0.6865
2025-02-06 04:41:04+00:00,0.6865
2025-02-06 04:42:04+00:00,0.6865
2025-02-06 04:43:04+00:00,0.6865
2025-02-06 04:44:04+00:00,0.685
2025-02-06 04:45:04+00:00,0.686
2025-02-06 04:46:04+00:00,0.6865
2025-02-06 04:47:04+00:00,0.684
2025-02-06 04:48:04+00:00,0.6855
2025-02-06 04:49:04+00:00,0.686
2025-02-06 04:50:05+00:00,0.6855
2025-02-06 04:51:04+00:00,0.685
2025-02-06 04:52:04+00:00,0.6865
2025-02-06 04:53:04+00:00,0.686
2025-02-06 04:54:05+00:00,0.687
2025-02-06 04:55:04+00:00,0.6865
2025-02-06 04:56:04+00:00,0.686
2025-02-06 04:57:04+00:00,0.684
2025-02-06 04:58:04+00:00,0.688
2025-02-06 04:59:04+00:00,0.687
2025-02-06 05:00:05+00:00,0.6855
2025-02-06 05:01:04+00:00,0.6865
2025-02-06 05:02:04+00:00,0.684
2025-02-06 05:03:04+00:00,0.6875
2025-02-06 05:04:04+00:00,0.6875
2025-02-06 05:05:05+00:00,0.686
2025-02-06 05:06:04+00:00,0.685
2025-02-06 05:07:04+00:00,0.685
2025-02-06 05:08:04+00:00,0.686
2025-02-06 05:09:04+00:00,0.686
2025-02-06 05:10:05+00:00,0.6855
2025-02-06 05:11:05+00:00,0.6855
2025-02-06 05:12:04+00:00,0.6855
2025-02-06 05:13:04+00:00,0.6855
2025-02-06 05:14:04+00:00,0.6855
2025-02-06 05:15:04+00:00,0.6855
2025-02-06 05:16:04+00:00,0.6855
2025-02-06 05:17:04+00:00,0.6855
2025-02-06 05:18:05+00:00,0.6855
2025-02-06 05:19:04+00:00,0.6855
2025-02-06 05:20:04+00:00,0.683
2025-02-06 05:21:04+00:00,0.6835
2025-02-06 05:22:04+00:00,0.685
2025-02-06 05:23:04+00:00,0.685
2025-02-06 05:24:04+00:00,0.6875
2025-02-06 05:25:04+00:00,0.6855
2025-02-06 05:26:04+00:00,0.6855
2025-02-06 05:27:04+00:00,0.687
2025-02-06 05:28:04+00:00,0.687
2025-02-06 05:29:04+00:00,0.687
2025-02-06 05:30:05+00:00,0.7095
2025-02-06 05:31:04+00:00,0.7085
2025-02-06 05:32:04+00:00,0.709
2025-02-06 05:33:04+00:00,0.715
2025-02-06 05:34:04+00:00,0.7145
2025-02-06 05:35:04+00:00,0.716
2025-02-06 05:36:04+00:00,0.716
2025-02-06 05:37:04+00:00,0.717
2025-02-06 05:38:04+00:00,0.717
2025-02-06 05:39:04+00:00,0.716
2025-02-06 05:40:04+00:00,0.716
2025-02-06 05:41:04+00:00,0.715
2025-02-06 05:42:05+00:00,0.7155
2025-02-06 05:43:04+00:00,0.716
2025-02-06 05:44:04+00:00,0.716
2025-02-06 05:45:04+00:00,0.714
2025-02-06 05:46:04+00:00,0.7155
2025-02-06 05:47:05+00:00,0.7175
2025-02-06 05:48:05+00:00,0.718
2025-02-06 05:49:04+00:00,0.7185
2025-02-06 05:50:04+00:00,0.6945
2025-02-06 05:51:04+00:00,0.6945
2025-02-06 05:52:04+00:00,0.691
2025-02-06 05:53:04+00:00,0.691
2025-02-06 05:54:04+00:00,0.691
2025-02-06 05:55:04+00:00,0.691
2025-02-06 05:56:04+00:00,0.69
2025-02-06 05:57:04+00:00,0.69
2025-02-06 05:58:05+00:00,0.69
2025-02-06 05:59:04+00:00,0.69
2025-02-06 06:00:04+00:00,0.69
2025-02-06 06:01:05+00:00,0.69
2025-02-06 06:02:04+00:00,0.69
2025-02-06 06:03:04+00:00,0.69
2025-02-06 06:04:04+00:00,0.69
2025-02-06 06:05:04+00:00,0.69
2025-02-06 06:06:04+00:00,0.69
2025-02-06 06:07:05+00:00,0.692
2025-02-06 06:08:04+00:00,0.692
2025-02-06 06:09:03+00:00,0.692
2025-02-06 06:10:05+00:00,0.692
2025-02-06 06:11:04+00:00,0.692
2025-02-06 06:12:04+00:00,0.692
2025-02-06 06:13:04+00:00,0.692
2025-02-06 06:14:04+00:00,0.692
2025-02-06 06:15:05+00:00,0.6915
2025-02-06 06:16:04+00:00,0.6915
2025-02-06 06:17:04+00:00,0.6915
2025-02-06 06:18:05+00:00,0.6915
2025-02-06 06:19:04+00:00,0.6915
2025-02-06 06:20:04+00:00,0.6915
2025-02-06 06:21:04+00:00,0.6915
2025-02-06 06:22:05+00:00,0.6915
2025-02-06 06:23:04+00:00,0.6915
2025-02-06 06:24:04+00:00,0.6915
2025-02-06 06:25:04+00:00,0.691
2025-02-06 06:26:04+00:00,0.691
2025-02-06 06:27:04+00:00,0.691
2025-02-06 06:28:04+00:00,0.691
2025-02-06 06:29:04+00:00,0.691
2025-02-06 06:30:05+00:00,0.6905
2025-02-06 06:31:04+00:00,0.6905
2025-02-06 06:32:04+00:00,0.6905
2025-02-06 06:33:05+00:00,0.6905
2025-02-06 06:34:05+00:00,0.6905
2025-02-06 06:35:04+00:00,0.6905
2025-02-06 06:36:04+00:00,0.6905
2025-02-06 06:37:04+00:00,0.6905
2025-02-06 06:38:04+00:00,0.6905
2025-02-06 06:39:04+00:00,0.6905
2025-02-06 06:40:05+00:00,0.69
2025-02-06 06:41:04+00:00,0.69
2025-02-06 06:42:04+00:00,0.69
2025-02-06 06:43:04+00:00,0.69
2025-02-06 06:44:05+00:00,0.69
2025-02-06 06:45:05+00:00,0.6895
2025-02-06 06:46:04+00:00,0.6895
2025-02-06 06:47:05+00:00,0.6895
2025-02-06 06:48:04+00:00,0.6895
2025-02-06 06:49:04+00:00,0.6895
2025-02-06 06:50:04+00:00,0.687
2025-02-06 06:51:04+00:00,0.687
2025-02-06 06:52:04+00:00,0.687
2025-02-06 06:53:04+00:00,0.687
2025-02-06 06:54:04+00:00,0.694
2025-02-06 06:55:04+00:00,0.6945
2025-02-06 06:56:04+00:00,0.6955
2025-02-06 06:57:04+00:00,0.6955
2025-02-06 06:58:04+00:00,0.6965
2025-02-06 06:59:04+00:00,0.6965
2025-02-06 07:00:04+00:00,0.698
2025-02-06 07:01:04+00:00,0.698
2025-02-06 07:02:04+00:00,0.699
2025-02-06 07:03:04+00:00,0.699
2025-02-06 07:04:04+00:00,0.7
2025-02-06 07:05:04+00:00,0.7005
2025-02-06 07:06:04+00:00,0.7015
2025-02-06 07:07:04+00:00,0.7015
2025-02-06 07:08:04+00:00,0.697
2025-02-06 07:09:04+00:00,0.697
2025-02-06 07:10:04+00:00,0.6975
2025-02-06 07:11:04+00:00,0.698
2025-02-06 07:12:04+00:00,0.699
2025-02-06 07:13:04+00:00,0.699
2025-02-06 07:14:04+00:00,0.7
2025-02-06 07:15:04+00:00,0.6995
2025-02-06 07:16:04+00:00,0.698
2025-02-06 07:17:04+00:00,0.698
2025-02-06 07:18:04+00:00,0.6985
2025-02-06 07:19:04+00:00,0.699
2025-02-06 07:20:04+00:00,0.6985
2025-02-06 07:21:04+00:00,0.7015
2025-02-06 07:22:04+00:00,0.702
2025-02-06 07:23:05+00:00,0.715
2025-02-06 07:24:05+00:00,0.7135
2025-02-06 07:25:04+00:00,0.714
2025-02-06 07:26:04+00:00,0.713
2025-02-06 07:27:04+00:00,0.7135
2025-02-06 07:28:04+00:00,0.7135
2025-02-06 07:29:04+00:00,0.7145
2025-02-06 07:30:05+00:00,0.714
2025-02-06 07:31:03+00:00,0.7185
2025-02-06 07:32:04+00:00,0.7215
2025-02-06 07:33:04+00:00,0.722
2025-02-06 07:34:04+00:00,0.722
2025-02-06 07:35:05+00:00,0.7225
2025-02-06 07:36:04+00:00,0.7225
2025-02-06 07:37:04+00:00,0.724
2025-02-06 07:38:03+00:00,0.724
2025-02-06 07:39:04+00:00,0.7245
2025-02-06 07:40:05+00:00,0.725
2025-02-06 07:41:04+00:00,0.725
2025-02-06 07:42:04+00:00,0.726
2025-02-06 07:43:04+00:00,0.726
2025-02-06 07:44:04+00:00,0.727
2025-02-06 07:45:04+00:00,0.727
2025-02-06 07:46:04+00:00,0.7245
2025-02-06 07:47:04+00:00,0.7245
2025-02-06 07:48:04+00:00,0.725
2025-02-06 07:49:04+00:00,0.7245
2025-02-06 07:50:05+00:00,0.7255
2025-02-06 07:51:04+00:00,0.7255
2025-02-06 07:52:04+00:00,0.725
2025-02-06 07:53:04+00:00,0.7275
2025-02-06 07:54:04+00:00,0.7285
2025-02-06 07:55:05+00:00,0.7285
2025-02-06 07:56:05+00:00,0.729
2025-02-06 07:57:04+00:00,0.729
2025-02-06 07:58:04+00:00,0.727
2025-02-06 07:59:04+00:00,0.724
2025-02-06 08:00:05+00:00,0.7245
2025-02-06 08:01:04+00:00,0.7255
2025-02-06 08:02:04+00:00,0.7255
2025-02-06 08:03:04+00:00,0.726
2025-02-06 08:04:04+00:00,0.7255
2025-02-06 08:05:04+00:00,0.7245
2025-02-06 08:06:04+00:00,0.724
2025-02-06 08:07:04+00:00,0.724
2025-02-06 08:08:04+00:00,0.7225
2025-02-06 08:09:04+00:00,0.722
2025-02-06 08:10:04+00:00,0.7235
2025-02-06 08:11:04+00:00,0.7245
2025-02-06 08:12:04+00:00,0.728
2025-02-06 08:13:04+00:00,0.729
2025-02-06 08:14:04+00:00,0.7245
2025-02-06 08:15:04+00:00,0.7015
2025-02-06 08:16:04+00:00,0.7015
2025-02-06 08:17:04+00:00,0.7035
2025-02-06 08:18:04+00:00,0.708
2025-02-06 08:19:04+00:00,0.7055
2025-02-06 08:20:04+00:00,0.7055
2025-02-06 08:21:04+00:00,0.7075
2025-02-06 08:22:04+00:00,0.7185
2025-02-06 08:23:04+00:00,0.724
2025-02-06 08:24:04+00:00,0.7295
2025-02-06 08:25:04+00:00,0.751
2025-02-06 08:26:04+00:00,0.7535
2025-02-06 08:27:04+00:00,0.7535
2025-02-06 08:28:04+00:00,0.7585
2025-02-06 08:29:04+00:00,0.7585
2025-02-06 08:30:04+00:00,0.7615
2025-02-06 08:31:04+00:00,0.761
2025-02-06 08:32:05+00:00,0.7655
2025-02-06 08:33:04+00:00,0.7655
2025-02-06 08:34:04+00:00,0.767
2025-02-06 08:35:04+00:00,0.767
2025-02-06 08:36:04+00:00,0.7675
2025-02-06 08:37:04+00:00,0.7675
2025-02-06 08:38:04+00:00,0.7665
2025-02-06 08:39:04+00:00,0.767
2025-02-06 08:40:04+00:00,0.768
2025-02-06 08:41:04+00:00,0.768
2025-02-06 08:42:04+00:00,0.769
2025-02-06 08:43:04+00:00,0.769
2025-02-06 08:44:04+00:00,0.7695
2025-02-06 08:45:04+00:00,0.7695
2025-02-06 08:46:04+00:00,0.769
2025-02-06 08:47:04+00:00,0.771
2025-02-06 08:48:04+00:00,0.772
2025-02-06 08:49:04+00:00,0.772
2025-02-06 08:50:04+00:00,0.773
2025-02-06 08:51:04+00:00,0.773
2025-02-06 08:52:04+00:00,0.774
2025-02-06 08:53:04+00:00,0.7745
2025-02-06 08:54:05+00:00,0.7745
2025-02-06 08:55:04+00:00,0.7755
2025-02-06 08:56:04+00:00,0.776
2025-02-06 08:57:04+00:00,0.7735
2025-02-06 08:58:05+00:00,0.7735
2025-02-06 08:59:04+00:00,0.7745
2025-02-06 09:00:04+00:00,0.774
2025-02-06 09:01:04+00:00,0.7745
2025-02-06 09:02:04+00:00,0.7745
2025-02-06 09:03:04+00:00,0.7775
2025-02-06 09:04:04+00:00,0.7775
2025-02-06 09:05:04+00:00,0.7785
2025-02-06 09:06:05+00:00,0.7785
2025-02-06 09:07:04+00:00,0.7795
2025-02-06 09:08:05+00:00,0.7795
2025-02-06 09:09:04+00:00,0.7805
2025-02-06 09:10:05+00:00,0.7715
2025-02-06 09:11:04+00:00,0.7445
2025-02-06 09:12:04+00:00,0.748
2025-02-06 09:13:04+00:00,0.7495
2025-02-06 09:14:04+00:00,0.7515
2025-02-06 09:15:05+00:00,0.749
2025-02-06 09:16:05+00:00,0.745
2025-02-06 09:17:04+00:00,0.746
2025-02-06 09:18:04+00:00,0.746
2025-02-06 09:19:04+00:00,0.746
2025-02-06 09:20:05+00:00,0.747
2025-02-06 09:21:04+00:00,0.747
2025-02-06 09:22:04+00:00,0.748
2025-02-06 09:23:04+00:00,0.7425
2025-02-06 09:24:04+00:00,0.7395
2025-02-06 09:25:04+00:00,0.7395
2025-02-06 09:26:04+00:00,0.7395
2025-02-06 09:27:04+00:00,0.726
2025-02-06 09:28:04+00:00,0.727
2025-02-06 09:29:04+00:00,0.727
2025-02-06 09:30:05+00:00,0.728
2025-02-06 09:31:04+00:00,0.728
2025-02-06 09:32:04+00:00,0.729
2025-02-06 09:33:04+00:00,0.729
2025-02-06 09:34:04+00:00,0.73
2025-02-06 09:35:04+00:00,0.73
2025-02-06 09:36:04+00:00,0.7295
2025-02-06 09:37:04+00:00,0.731
2025-02-06 09:38:04+00:00,0.735
2025-02-06 09:39:04+00:00,0.7345
2025-02-06 09:40:04+00:00,0.738
2025-02-06 09:41:04+00:00,0.738
2025-02-06 09:42:04+00:00,0.7405
2025-02-06 09:43:04+00:00,0.741
2025-02-06 09:44:05+00:00,0.7415
2025-02-06 09:45:04+00:00,0.7415
2025-02-06 09:46:04+00:00,0.7425
2025-02-06 09:47:04+00:00,0.7435
2025-02-06 09:48:04+00:00,0.7445
2025-02-06 09:49:04+00:00,0.7455
2025-02-06 09:50:04+00:00,0.7455
2025-02-06 09:51:04+00:00,0.746
2025-02-06 09:52:04+00:00,0.7455
2025-02-06 09:53:04+00:00,0.7435
2025-02-06 09:54:04+00:00,0.7435
2025-02-06 09:55:05+00:00,0.745
2025-02-06 09:56:04+00:00,0.745
2025-02-06 09:57:04+00:00,0.746
2025-02-06 09:58:04+00:00,0.746
2025-02-06 09:59:05+00:00,0.7465
2025-02-06 10:00:04+00:00,0.7465
2025-02-06 10:01:04+00:00,0.7455
2025-02-06 10:02:04+00:00,0.7435
2025-02-06 10:03:04+00:00,0.743
2025-02-06 10:04:04+00:00,0.7435
2025-02-06 10:05:05+00:00,0.7435
2025-02-06 10:06:04+00:00,0.7435
2025-02-06 10:07:05+00:00,0.7435
2025-02-06 10:08:04+00:00,0.7435
2025-02-06 10:09:04+00:00,0.7435
2025-02-06 10:10:05+00:00,0.7435
2025-02-06 10:11:04+00:00,0.7435
2025-02-06 10:12:04+00:00,0.7435
2025-02-06 10:13:04+00:00,0.7435
2025-02-06 10:14:04+00:00,0.7435
2025-02-06 10:15:05+00:00,0.7435
2025-02-06 10:16:05+00:00,0.7435
2025-02-06 10:17:04+00:00,0.7435
2025-02-06 10:18:04+00:00,0.7435
2025-02-06 10:19:04+00:00,0.7435
2025-02-06 10:20:04+00:00,0.7435
2025-02-06 10:21:05+00:00,0.7435
2025-02-06 10:22:04+00:00,0.7435
2025-02-06 10:23:04+00:00,0.7435
2025-02-06 10:24:04+00:00,0.7435
2025-02-06 10:25:05+00:00,0.7435
2025-02-06 10:26:05+00:00,0.7435
2025-02-06 10:27:04+00:00,0.7435
2025-02-06 10:28:04+00:00,0.7435
2025-02-06 10:29:04+00:00,0.7435
2025-02-06 10:30:04+00:00,0.7435
2025-02-06 10:31:04+00:00,0.7435
2025-02-06 10:32:04+00:00,0.7435
2025-02-06 10:33:04+00:00,0.7435
2025-02-06 10:34:04+00:00,0.7435
2025-02-06 10:35:04+00:00,0.7435
2025-02-06 10:36:04+00:00,0.7435
2025-02-06 10:37:04+00:00,0.7435
2025-02-06 10:38:04+00:00,0.7435
2025-02-06 10:39:04+00:00,0.7435
2025-02-06 10:40:04+00:00,0.7435
2025-02-06 10:41:04+00:00,0.7435
2025-02-06 10:42:04+00:00,0.7435
2025-02-06 10:43:04+00:00,0.7435
2025-02-06 10:44:04+00:00,0.7435
2025-02-06 10:45:05+00:00,0.7435
2025-02-06 10:46:04+00:00,0.7435
2025-02-06 10:47:04+00:00,0.7435
2025-02-06 10:48:04+00:00,0.7435
2025-02-06 10:49:04+00:00,0.7435
2025-02-06 10:50:04+00:00,0.7435
2025-02-06 10:51:04+00:00,0.7435
2025-02-06 10:52:04+00:00,0.7435
2025-02-06 10:53:04+00:00,0.743
2025-02-06 10:54:04+00:00,0.743
2025-02-06 10:55:04+00:00,0.744
2025-02-06 10:56:04+00:00,0.744
2025-02-06 10:57:04+00:00,0.744
2025-02-06 10:58:04+00:00,0.745
2025-02-06 10:59:04+00:00,0.7455
2025-02-06 11:00:04+00:00,0.744
2025-02-06 11:01:04+00:00,0.744
2025-02-06 11:02:04+00:00,0.747
2025-02-06 11:03:04+00:00,0.7495
2025-02-06 11:04:04+00:00,0.7505
2025-02-06 11:05:05+00:00,0.7505
2025-02-06 11:06:04+00:00,0.76
2025-02-06 11:07:04+00:00,0.7615
2025-02-06 11:08:04+00:00,0.7605
2025-02-06 11:09:04+00:00,0.762
2025-02-06 11:10:05+00:00,0.762
2025-02-06 11:11:04+00:00,0.763
2025-02-06 11:12:04+00:00,0.763
2025-02-06 11:13:04+00:00,0.7635
2025-02-06 11:14:04+00:00,0.764
2025-02-06 11:15:04+00:00,0.7715
2025-02-06 11:16:04+00:00,0.7715
2025-02-06 11:17:04+00:00,0.7725
2025-02-06 11:18:04+00:00,0.7675
2025-02-06 11:19:04+00:00,0.7675
2025-02-06 11:20:04+00:00,0.8
2025-02-06 11:21:04+00:00,0.8
2025-02-06 11:22:04+00:00,0.8025
2025-02-06 11:23:04+00:00,0.8065
2025-02-06 11:24:04+00:00,0.8075
2025-02-06 11:25:04+00:00,0.792
2025-02-06 11:26:05+00:00,0.79
2025-02-06 11:27:04+00:00,0.784
2025-02-06 11:28:04+00:00,0.7805
2025-02-06 11:29:04+00:00,0.784
2025-02-06 11:30:05+00:00,0.783
2025-02-06 11:31:04+00:00,0.783
2025-02-06 11:32:04+00:00,0.7795
2025-02-06 11:33:04+00:00,0.7835
2025-02-06 11:34:04+00:00,0.779
2025-02-06 11:35:05+00:00,0.783
2025-02-06 11:36:04+00:00,0.781
2025-02-06 11:37:04+00:00,0.7845
2025-02-06 11:38:04+00:00,0.782
2025-02-06 11:39:04+00:00,0.787
2025-02-06 11:40:05+00:00,0.7805
2025-02-06 11:41:04+00:00,0.7825
2025-02-06 11:42:04+00:00,0.7805
2025-02-06 11:43:05+00:00,0.7825
2025-02-06 11:44:05+00:00,0.785
2025-02-06 11:45:04+00:00,0.784
2025-02-06 11:46:05+00:00,0.787
2025-02-06 11:47:04+00:00,0.7805
2025-02-06 11:48:04+00:00,0.7815
2025-02-06 11:49:05+00:00,0.782
2025-02-06 11:50:04+00:00,0.7875
2025-02-06 11:51:04+00:00,0.787
2025-02-06 11:52:04+00:00,0.7855
2025-02-06 11:53:04+00:00,0.784
2025-02-06 11:54:05+00:00,0.7835
2025-02-06 11:55:04+00:00,0.7845
2025-02-06 11:56:04+00:00,0.785
2025-02-06 11:57:04+00:00,0.785
2025-02-06 11:58:04+00:00,0.785
2025-02-06 11:59:04+00:00,0.786
2025-02-06 12:00:04+00:00,0.785
2025-02-06 12:01:04+00:00,0.7825
2025-02-06 12:02:05+00:00,0.7825
2025-02-06 12:03:04+00:00,0.78
2025-02-06 12:04:04+00:00,0.78
2025-02-06 12:05:05+00:00,0.7805
2025-02-06 12:06:04+00:00,0.7795
2025-02-06 12:07:04+00:00,0.78
2025-02-06 12:08:04+00:00,0.78
2025-02-06 12:09:04+00:00,0.78
2025-02-06 12:10:04+00:00,0.7855
2025-02-06 12:11:04+00:00,0.781
2025-02-06 12:12:04+00:00,0.777
2025-02-06 12:13:04+00:00,0.7765
2025-02-06 12:14:04+00:00,0.779
2025-02-06 12:15:04+00:00,0.779
2025-02-06 12:16:05+00:00,0.7795
2025-02-06 12:17:04+00:00,0.777
2025-02-06 12:18:05+00:00,0.777
2025-02-06 12:19:04+00:00,0.778
2025-02-06 12:20:05+00:00,0.778
2025-02-06 12:21:04+00:00,0.779
2025-02-06 12:22:04+00:00,0.7795
2025-02-06 12:23:04+00:00,0.7805
2025-02-06 12:24:05+00:00,0.7805
2025-02-06 12:25:05+00:00,0.781
2025-02-06 12:26:04+00:00,0.781
2025-02-06 12:27:05+00:00,0.7775
2025-02-06 12:28:04+00:00,0.7775
2025-02-06 12:29:04+00:00,0.778
2025-02-06 12:30:04+00:00,0.7795
2025-02-06 12:31:04+00:00,0.7765
2025-02-06 12:32:04+00:00,0.777
2025-02-06 12:33:04+00:00,0.7785
2025-02-06 12:34:04+00:00,0.78
2025-02-06 12:35:04+00:00,0.7655
2025-02-06 12:36:04+00:00,0.7655
2025-02-06 12:37:04+00:00,0.7555
2025-02-06 12:38:04+00:00,0.7535
2025-02-06 12:39:04+00:00,0.754
2025-02-06 12:40:05+00:00,0.7575
2025-02-06 12:41:04+00:00,0.7575
2025-02-06 12:42:05+00:00,0.7615
2025-02-06 12:43:04+00:00,0.761
2025-02-06 12:44:04+00:00,0.762
2025-02-06 12:45:04+00:00,0.761
2025-02-06 12:46:04+00:00,0.755
2025-02-06 12:47:04+00:00,0.7545
2025-02-06 12:48:04+00:00,0.758
2025-02-06 12:49:04+00:00,0.7595
2025-02-06 12:50:04+00:00,0.758
2025-02-06 12:51:04+00:00,0.758
2025-02-06 12:52:04+00:00,0.7535
2025-02-06 12:53:03+00:00,0.7545
2025-02-06 12:54:04+00:00,0.7555
2025-02-06 12:55:04+00:00,0.7545
2025-02-06 12:56:04+00:00,0.7555
2025-02-06 12:57:04+00:00,0.7555
2025-02-06 12:58:04+00:00,0.7555
2025-02-06 12:59:04+00:00,0.755
2025-02-06 13:00:05+00:00,0.7535
2025-02-06 13:01:04+00:00,0.755
2025-02-06 13:02:04+00:00,0.755
2025-02-06 13:03:04+00:00,0.756
2025-02-06 13:04:04+00:00,0.7545
2025-02-06 13:05:05+00:00,0.7505
2025-02-06 13:06:04+00:00,0.7525
2025-02-06 13:07:04+00:00,0.7525
2025-02-06 13:08:04+00:00,0.7535
2025-02-06 13:09:04+00:00,0.7535
2025-02-06 13:10:05+00:00,0.7485
2025-02-06 13:11:04+00:00,0.752
2025-02-06 13:12:04+00:00,0.7505
2025-02-06 13:13:04+00:00,0.7535
2025-02-06 13:14:05+00:00,0.7535
2025-02-06 13:15:04+00:00,0.7505
2025-02-06 13:16:04+00:00,0.738
2025-02-06 13:17:04+00:00,0.738
2025-02-06 13:18:04+00:00,0.738
2025-02-06 13:19:04+00:00,0.738
2025-02-06 13:20:04+00:00,0.738
2025-02-06 13:21:03+00:00,0.738
2025-02-06 13:22:04+00:00,0.738
2025-02-06 13:23:04+00:00,0.738
2025-02-06 13:24:04+00:00,0.738
2025-02-06 13:25:05+00:00,0.738
2025-02-06 13:26:04+00:00,0.738
2025-02-06 13:27:04+00:00,0.738
2025-02-06 13:28:04+00:00,0.7385
2025-02-06 13:29:04+00:00,0.7395
2025-02-06 13:30:04+00:00,0.75
2025-02-06 13:31:04+00:00,0.754
2025-02-06 13:32:04+00:00,0.7545
2025-02-06 13:33:04+00:00,0.755
2025-02-06 13:34:04+00:00,0.756
2025-02-06 13:35:04+00:00,0.756
2025-02-06 13:36:04+00:00,0.757
2025-02-06 13:37:04+00:00,0.7425
2025-02-06 13:38:05+00:00,0.751
2025-02-06 13:39:04+00:00,0.7445
2025-02-06 13:40:05+00:00,0.7445
2025-02-06 13:41:04+00:00,0.7445
2025-02-06 13:42:04+00:00,0.7435
2025-02-06 13:43:04+00:00,0.7435
2025-02-06 13:44:04+00:00,0.7435
2025-02-06 13:45:05+00:00,0.7435
2025-02-06 13:46:05+00:00,0.7435
2025-02-06 13:47:04+00:00,0.7435
2025-02-06 13:48:04+00:00,0.7435
2025-02-06 13:49:04+00:00,0.745
2025-02-06 13:50:04+00:00,0.7445
2025-02-06 13:51:04+00:00,0.7445
2025-02-06 13:52:05+00:00,0.7445
2025-02-06 13:53:04+00:00,0.745
2025-02-06 13:54:28+00:00,0.745
2025-02-06 13:55:04+00:00,0.745
2025-02-06 13:56:04+00:00,0.745
2025-02-06 13:57:04+00:00,0.745
2025-02-06 13:58:04+00:00,0.7465
2025-02-06 13:59:04+00:00,0.746
2025-02-06 14:00:05+00:00,0.7465
2025-02-06 14:01:04+00:00,0.7465
2025-02-06 14:02:04+00:00,0.7465
2025-02-06 14:03:04+00:00,0.7465
2025-02-06 14:04:04+00:00,0.7465
2025-02-06 14:05:04+00:00,0.7465
2025-02-06 14:06:04+00:00,0.7465
2025-02-06 14:07:04+00:00,0.7465
2025-02-06 14:08:04+00:00,0.7465
2025-02-06 14:09:16+00:00,0.7465
2025-02-06 14:10:06+00:00,0.7465
2025-02-06 14:11:04+00:00,0.755
2025-02-06 14:12:04+00:00,0.7555
2025-02-06 14:13:04+00:00,0.7665
2025-02-06 14:14:04+00:00,0.767
2025-02-06 14:15:04+00:00,0.767
2025-02-06 14:16:04+00:00,0.767
2025-02-06 14:17:04+00:00,0.767
2025-02-06 14:18:04+00:00,0.767
2025-02-06 14:19:04+00:00,0.7675
2025-02-06 14:20:05+00:00,0.779
2025-02-06 14:21:03+00:00,0.779
2025-02-06 14:22:04+00:00,0.779
2025-02-06 14:23:04+00:00,0.7825
2025-02-06 14:24:04+00:00,0.783
2025-02-06 14:25:05+00:00,0.7835
2025-02-06 14:26:04+00:00,0.7865
2025-02-06 14:27:04+00:00,0.7855
2025-02-06 14:28:04+00:00,0.786
2025-02-06 14:29:04+00:00,0.7855
2025-02-06 14:30:04+00:00,0.7875
2025-02-06 14:31:04+00:00,0.7875
2025-02-06 14:32:04+00:00,0.785
2025-02-06 14:33:04+00:00,0.787
2025-02-06 14:34:04+00:00,0.787
2025-02-06 14:35:04+00:00,0.7665
2025-02-06 14:36:04+00:00,0.7785
2025-02-06 14:37:04+00:00,0.779
2025-02-06 14:38:04+00:00,0.7805
2025-02-06 14:39:03+00:00,0.7815
2025-02-06 14:40:04+00:00,0.7825
2025-02-06 14:41:04+00:00,0.7805
2025-02-06 14:42:04+00:00,0.7805
2025-02-06 14:43:04+00:00,0.7815
2025-02-06 14:44:04+00:00,0.7815
2025-02-06 14:45:04+00:00,0.782
2025-02-06 14:46:04+00:00,0.782
2025-02-06 14:47:04+00:00,0.7805
2025-02-06 14:48:05+00:00,0.7805
2025-02-06 14:49:05+00:00,0.7815
2025-02-06 14:50:05+00:00,0.7815
2025-02-06 14:51:05+00:00,0.779
2025-02-06 14:52:04+00:00,0.775
2025-02-06 14:53:04+00:00,0.773
2025-02-06 14:54:04+00:00,0.7735
2025-02-06 14:55:04+00:00,0.7735
2025-02-06 14:56:05+00:00,0.775
2025-02-06 14:57:04+00:00,0.775
2025-02-06 14:58:04+00:00,0.776
2025-02-06 14:59:04+00:00,0.776
2025-02-06 15:00:05+00:00,0.777
2025-02-06 15:01:04+00:00,0.7765
2025-02-06 15:02:04+00:00,0.775
2025-02-06 15:03:04+00:00,0.775
2025-02-06 15:04:04+00:00,0.776
2025-02-06 15:05:04+00:00,0.776
2025-02-06 15:06:04+00:00,0.775
2025-02-06 15:07:04+00:00,0.775
2025-02-06 15:08:04+00:00,0.7645
2025-02-06 15:09:03+00:00,0.765
2025-02-06 15:10:05+00:00,0.765
2025-02-06 15:11:04+00:00,0.7665
2025-02-06 15:12:04+00:00,0.766
2025-02-06 15:13:04+00:00,0.767
2025-02-06 15:14:04+00:00,0.767
2025-02-06 15:15:04+00:00,0.768
2025-02-06 15:16:04+00:00,0.7675
2025-02-06 15:17:04+00:00,0.7655
2025-02-06 15:18:04+00:00,0.7665
2025-02-06 15:19:04+00:00,0.7665
2025-02-06 15:20:04+00:00,0.767
2025-02-06 15:21:04+00:00,0.767
2025-02-06 15:22:04+00:00,0.767
2025-02-06 15:23:04+00:00,0.767
2025-02-06 15:24:04+00:00,0.768
2025-02-06 15:25:04+00:00,0.768
2025-02-06 15:26:04+00:00,0.7685
2025-02-06 15:27:04+00:00,0.763
2025-02-06 15:28:04+00:00,0.762
2025-02-06 15:29:04+00:00,0.762
2025-02-06 15:30:05+00:00,0.762
2025-02-06 15:31:04+00:00,0.762
2025-02-06 15:32:04+00:00,0.762
2025-02-06 15:33:03+00:00,0.762
2025-02-06 15:34:04+00:00,0.762
2025-02-06 15:35:05+00:00,0.762
2025-02-06 15:36:04+00:00,0.762
2025-02-06 15:37:04+00:00,0.762
2025-02-06 15:38:04+00:00,0.762
2025-02-06 15:39:03+00:00,0.762
2025-02-06 15:40:04+00:00,0.762
2025-02-06 15:41:04+00:00,0.762
2025-02-06 15:42:04+00:00,0.762
2025-02-06 15:43:04+00:00,0.762
2025-02-06 15:44:04+00:00,0.762
2025-02-06 15:45:04+00:00,0.762
2025-02-06 15:46:04+00:00,0.762
2025-02-06 15:47:04+00:00,0.762
2025-02-06 15:48:04+00:00,0.762
2025-02-06 15:49:04+00:00,0.762
2025-02-06 15:50:04+00:00,0.762
2025-02-06 15:51:04+00:00,0.758
2025-02-06 15:52:04+00:00,0.758
2025-02-06 15:53:04+00:00,0.758
2025-02-06 15:54:04+00:00,0.758
2025-02-06 15:55:05+00:00,0.7575
2025-02-06 15:56:04+00:00,0.758
2025-02-06 15:57:04+00:00,0.758
2025-02-06 15:58:04+00:00,0.758
2025-02-06 15:59:04+00:00,0.758
2025-02-06 16:00:04+00:00,0.7575
2025-02-06 16:01:04+00:00,0.758
2025-02-06 16:02:04+00:00,0.758
2025-02-06 16:03:04+00:00,0.756
2025-02-06 16:04:04+00:00,0.756
2025-02-06 16:05:04+00:00,0.7705
2025-02-06 16:06:04+00:00,0.771
2025-02-06 16:07:04+00:00,0.7695
2025-02-06 16:08:04+00:00,0.7755
2025-02-06 16:09:05+00:00,0.779
2025-02-06 16:10:04+00:00,0.7805
2025-02-06 16:11:04+00:00,0.78
2025-02-06 16:12:04+00:00,0.782
2025-02-06 16:13:04+00:00,0.7805
2025-02-06 16:14:04+00:00,0.7835
2025-02-06 16:15:04+00:00,0.7835
2025-02-06 16:16:04+00:00,0.7845
2025-02-06 16:17:04+00:00,0.7845
2025-02-06 16:18:04+00:00,0.785
2025-02-06 16:19:04+00:00,0.784
2025-02-06 16:20:04+00:00,0.785
2025-02-06 16:21:04+00:00,0.7855
2025-02-06 16:22:04+00:00,0.7855
2025-02-06 16:23:04+00:00,0.785
2025-02-06 16:24:04+00:00,0.784
2025-02-06 16:25:05+00:00,0.7845
2025-02-06 16:26:04+00:00,0.785
2025-02-06 16:27:04+00:00,0.789
2025-02-06 16:28:04+00:00,0.791
2025-02-06 16:29:04+00:00,0.7925
2025-02-06 16:30:04+00:00,0.7925
2025-02-06 16:31:04+00:00,0.7935
2025-02-06 16:32:04+00:00,0.7935
2025-02-06 16:33:04+00:00,0.7935
2025-02-06 16:34:05+00:00,0.794
2025-02-06 16:35:05+00:00,0.793
2025-02-06 16:36:04+00:00,0.7935
2025-02-06 16:37:04+00:00,0.8135
2025-02-06 16:38:04+00:00,0.8125
2025-02-06 16:39:04+00:00,0.8065
2025-02-06 16:40:04+00:00,0.8065
2025-02-06 16:41:04+00:00,0.8075
2025-02-06 16:42:04+00:00,0.8065
2025-02-06 16:43:04+00:00,0.7915
2025-02-06 16:44:04+00:00,0.795
2025-02-06 16:45:04+00:00,0.798
2025-02-06 16:46:04+00:00,0.8005
2025-02-06 16:47:04+00:00,0.792
2025-02-06 16:48:04+00:00,0.7865
2025-02-06 16:49:04+00:00,0.787
2025-02-06 16:50:04+00:00,0.7775
2025-02-06 16:51:04+00:00,0.7955
2025-02-06 16:52:04+00:00,0.7965
2025-02-06 16:53:04+00:00,0.8185
2025-02-06 16:54:04+00:00,0.8195
2025-02-06 16:55:04+00:00,0.8215
2025-02-06 16:56:04+00:00,0.824
2025-02-06 16:57:04+00:00,0.787
2025-02-06 16:58:04+00:00,0.7845
2025-02-06 16:59:04+00:00,0.782
2025-02-06 17:00:04+00:00,0.781
2025-02-06 17:01:05+00:00,0.779
2025-02-06 17:02:05+00:00,0.781
2025-02-06 17:03:04+00:00,0.78
2025-02-06 17:04:04+00:00,0.7925
2025-02-06 17:05:05+00:00,0.796
2025-02-06 17:06:04+00:00,0.7955
2025-02-06 17:07:04+00:00,0.8005
2025-02-06 17:08:04+00:00,0.8005
2025-02-06 17:09:05+00:00,0.8005
2025-02-06 17:10:05+00:00,0.772
2025-02-06 17:11:05+00:00,0.7725
2025-02-06 17:12:04+00:00,0.791
2025-02-06 17:13:04+00:00,0.793
2025-02-06 17:14:04+00:00,0.7975
2025-02-06 17:15:04+00:00,0.802
2025-02-06 17:16:04+00:00,0.7995
2025-02-06 17:17:04+00:00,0.8025
2025-02-06 17:18:04+00:00,0.8
2025-02-06 17:19:04+00:00,0.804
2025-02-06 17:20:04+00:00,0.808
2025-02-06 17:21:04+00:00,0.809
2025-02-06 17:22:04+00:00,0.809
2025-02-06 17:23:04+00:00,0.8095
2025-02-06 17:24:04+00:00,0.8095
2025-02-06 17:25:04+00:00,0.8095
2025-02-06 17:26:04+00:00,0.8045
2025-02-06 17:27:04+00:00,0.8055
2025-02-06 17:28:04+00:00,0.808
2025-02-06 17:29:04+00:00,0.8085
2025-02-06 17:30:05+00:00,0.8095
2025-02-06 17:31:04+00:00,0.8095
2025-02-06 17:32:04+00:00,0.81
2025-02-06 17:33:04+00:00,0.8105
2025-02-06 17:34:04+00:00,0.811
2025-02-06 17:35:05+00:00,0.811
2025-02-06 17:36:04+00:00,0.806
2025-02-06 17:37:04+00:00,0.8065
2025-02-06 17:38:04+00:00,0.8075
2025-02-06 17:39:04+00:00,0.8075
2025-02-06 17:40:05+00:00,0.808
2025-02-06 17:41:04+00:00,0.808
2025-02-06 17:42:04+00:00,0.809
2025-02-06 17:43:05+00:00,0.8095
2025-02-06 17:44:04+00:00,0.783
2025-02-06 17:45:05+00:00,0.779
2025-02-06 17:46:04+00:00,0.774
2025-02-06 17:47:04+00:00,0.7725
2025-02-06 17:48:04+00:00,0.769
2025-02-06 17:49:04+00:00,0.7715
2025-02-06 17:50:04+00:00,0.7745
2025-02-06 17:51:04+00:00,0.7765
2025-02-06 17:52:04+00:00,0.7765
2025-02-06 17:53:04+00:00,0.7775
2025-02-06 17:54:04+00:00,0.7775
2025-02-06 17:55:05+00:00,0.7785
2025-02-06 17:56:04+00:00,0.778
2025-02-06 17:57:04+00:00,0.7795
2025-02-06 17:58:04+00:00,0.7795
2025-02-06 17:59:04+00:00,0.7805
2025-02-06 18:00:04+00:00,0.7805
2025-02-06 18:01:04+00:00,0.7815
2025-02-06 18:02:04+00:00,0.781
2025-02-06 18:03:04+00:00,0.7825
2025-02-06 18:04:04+00:00,0.7745
2025-02-06 18:05:05+00:00,0.7745
2025-02-06 18:06:04+00:00,0.774
2025-02-06 18:07:04+00:00,0.773
2025-02-06 18:08:04+00:00,0.772
2025-02-06 18:09:04+00:00,0.7865
2025-02-06 18:10:05+00:00,0.787
2025-02-06 18:11:04+00:00,0.787
2025-02-06 18:12:04+00:00,0.801
2025-02-06 18:13:04+00:00,0.8025
2025-02-06 18:14:04+00:00,0.8025
2025-02-06 18:15:04+00:00,0.8035
2025-02-06 18:16:04+00:00,0.8045
2025-02-06 18:17:04+00:00,0.805
2025-02-06 18:18:05+00:00,0.805
2025-02-06 18:19:04+00:00,0.805
2025-02-06 18:20:05+00:00,0.806
2025-02-06 18:21:04+00:00,0.806
2025-02-06 18:22:04+00:00,0.8065
2025-02-06 18:23:04+00:00,0.8065
2025-02-06 18:24:05+00:00,0.8065
2025-02-06 18:25:04+00:00,0.8065
2025-02-06 18:26:04+00:00,0.8065
2025-02-06 18:27:04+00:00,0.807
2025-02-06 18:28:04+00:00,0.807
2025-02-06 18:29:04+00:00,0.8035
2025-02-06 18:30:04+00:00,0.8035
2025-02-06 18:31:04+00:00,0.8045
2025-02-06 18:32:04+00:00,0.8045
2025-02-06 18:33:04+00:00,0.804
2025-02-06 18:34:04+00:00,0.8035
2025-02-06 18:35:04+00:00,0.8035
2025-02-06 18:36:04+00:00,0.8045
2025-02-06 18:37:04+00:00,0.8045
2025-02-06 18:38:05+00:00,0.805
2025-02-06 18:39:05+00:00,0.805
2025-02-06 18:40:04+00:00,0.769
2025-02-06 18:41:04+00:00,0.766
2025-02-06 18:42:04+00:00,0.757
2025-02-06 18:43:04+00:00,0.757
2025-02-06 18:44:04+00:00,0.757
2025-02-06 18:45:05+00:00,0.757
2025-02-06 18:46:04+00:00,0.757
2025-02-06 18:47:04+00:00,0.757
2025-02-06 18:48:04+00:00,0.757
2025-02-06 18:49:04+00:00,0.7585
2025-02-06 18:50:05+00:00,0.7585
2025-02-06 18:51:04+00:00,0.759
2025-02-06 18:52:04+00:00,0.759
2025-02-06 18:53:04+00:00,0.7565
2025-02-06 18:54:04+00:00,0.757
2025-02-06 18:55:04+00:00,0.7575
2025-02-06 18:56:04+00:00,0.758
2025-02-06 18:57:04+00:00,0.758
2025-02-06 18:58:04+00:00,0.7585
2025-02-06 18:59:04+00:00,0.7585
2025-02-06 19:00:04+00:00,0.7595
2025-02-06 19:01:05+00:00,0.7945
2025-02-06 19:02:04+00:00,0.7945
2025-02-06 19:03:03+00:00,0.794
2025-02-06 19:04:04+00:00,0.795
2025-02-06 19:05:04+00:00,0.7945
2025-02-06 19:06:04+00:00,0.795
2025-02-06 19:07:04+00:00,0.7875
2025-02-06 19:08:04+00:00,0.7865
2025-02-06 19:09:04+00:00,0.7875
2025-02-06 19:10:05+00:00,0.788
2025-02-06 19:11:04+00:00,0.808
2025-02-06 19:12:04+00:00,0.788
2025-02-06 19:13:03+00:00,0.7875
2025-02-06 19:14:05+00:00,0.7855
2025-02-06 19:15:04+00:00,0.7875
2025-02-06 19:16:04+00:00,0.788
2025-02-06 19:17:04+00:00,0.789
2025-02-06 19:18:04+00:00,0.7895
2025-02-06 19:19:04+00:00,0.7875
2025-02-06 19:20:04+00:00,0.7875
2025-02-06 19:21:04+00:00,0.787
2025-02-06 19:22:04+00:00,0.789
2025-02-06 19:23:04+00:00,0.788
2025-02-06 19:24:04+00:00,0.7895
2025-02-06 19:25:05+00:00,0.7895
2025-02-06 19:26:04+00:00,0.7895
2025-02-06 19:27:04+00:00,0.7795
2025-02-06 19:28:04+00:00,0.784
2025-02-06 19:29:04+00:00,0.784
2025-02-06 19:30:04+00:00,0.785
2025-02-06 19:31:04+00:00,0.785
2025-02-06 19:32:04+00:00,0.786
2025-02-06 19:33:04+00:00,0.786
2025-02-06 19:34:04+00:00,0.7995
2025-02-06 19:35:04+00:00,0.784
2025-02-06 19:36:05+00:00,0.774
2025-02-06 19:37:04+00:00,0.7715
2025-02-06 19:38:04+00:00,0.774
2025-02-06 19:39:05+00:00,0.7765
2025-02-06 19:40:04+00:00,0.7725
2025-02-06 19:41:04+00:00,0.772
2025-02-06 19:42:04+00:00,0.772
2025-02-06 19:43:03+00:00,0.7665
2025-02-06 19:44:04+00:00,0.767
2025-02-06 19:45:05+00:00,0.767
2025-02-06 19:46:04+00:00,0.767
2025-02-06 19:47:04+00:00,0.767
2025-02-06 19:48:04+00:00,0.767
2025-02-06 19:49:04+00:00,0.7665
2025-02-06 19:50:04+00:00,0.767
2025-02-06 19:51:04+00:00,0.763
2025-02-06 19:52:04+00:00,0.763
2025-02-06 19:53:04+00:00,0.758
2025-02-06 19:54:04+00:00,0.758
2025-02-06 19:55:05+00:00,0.7585
2025-02-06 19:56:04+00:00,0.7585
2025-02-06 19:57:04+00:00,0.7585
2025-02-06 19:58:04+00:00,0.758
2025-02-06 19:59:04+00:00,0.7575
2025-02-06 20:00:05+00:00,0.7575
2025-02-06 20:01:04+00:00,0.7575
2025-02-06 20:02:04+00:00,0.7575
2025-02-06 20:03:04+00:00,0.7575
2025-02-06 20:04:04+00:00,0.7575
2025-02-06 20:05:04+00:00,0.7575
2025-02-06 20:06:04+00:00,0.7575
2025-02-06 20:07:04+00:00,0.7575
2025-02-06 20:08:05+00:00,0.7575
2025-02-06 20:09:04+00:00,0.7575
2025-02-06 20:10:04+00:00,0.7575
2025-02-06 20:11:05+00:00,0.7575
2025-02-06 20:12:04+00:00,0.7575
2025-02-06 20:13:04+00:00,0.758
2025-02-06 20:14:07+00:00,0.758
2025-02-06 20:15:04+00:00,0.7585
2025-02-06 20:16:04+00:00,0.761
2025-02-06 20:17:04+00:00,0.761
2025-02-06 20:18:04+00:00,0.761
2025-02-06 20:19:04+00:00,0.7595
2025-02-06 20:20:05+00:00,0.7675
2025-02-06 20:21:04+00:00,0.7575
2025-02-06 20:22:04+00:00,0.7575
2025-02-06 20:23:04+00:00,0.75
2025-02-06 20:24:04+00:00,0.749
2025-02-06 20:25:04+00:00,0.7495
2025-02-06 20:26:05+00:00,0.7495
2025-02-06 20:27:04+00:00,0.7495
2025-02-06 20:28:04+00:00,0.7495
2025-02-06 20:29:04+00:00,0.7495
2025-02-06 20:30:05+00:00,0.7495
2025-02-06 20:31:04+00:00,0.7495
2025-02-06 20:32:04+00:00,0.7495
2025-02-06 20:33:04+00:00,0.7495
2025-02-06 20:34:04+00:00,0.7495
2025-02-06 20:35:04+00:00,0.7495
2025-02-06 20:36:04+00:00,0.761
2025-02-06 20:37:04+00:00,0.761
2025-02-06 20:38:04+00:00,0.761
2025-02-06 20:39:04+00:00,0.761
2025-02-06 20:40:04+00:00,0.761
2025-02-06 20:41:04+00:00,0.761
2025-02-06 20:42:04+00:00,0.761
2025-02-06 20:43:04+00:00,0.761
2025-02-06 20:44:04+00:00,0.761
2025-02-06 20:45:04+00:00,0.761
2025-02-06 20:46:04+00:00,0.761
2025-02-06 20:47:04+00:00,0.761
2025-02-06 20:48:04+00:00,0.761
2025-02-06 20:49:04+00:00,0.761
2025-02-06 20:50:04+00:00,0.7605
2025-02-06 20:51:04+00:00,0.76
2025-02-06 20:52:04+00:00,0.76
2025-02-06 20:53:04+00:00,0.76
2025-02-06 20:54:04+00:00,0.76
2025-02-06 20:55:04+00:00,0.76
2025-02-06 20:56:04+00:00,0.759
2025-02-06 20:57:04+00:00,0.759
2025-02-06 20:58:04+00:00,0.759
2025-02-06 20:59:04+00:00,0.759
2025-02-06 21:00:05+00:00,0.759
2025-02-06 21:01:04+00:00,0.7585
2025-02-06 21:02:04+00:00,0.7585
2025-02-06 21:03:04+00:00,0.7595
2025-02-06 21:04:05+00:00,0.7595
2025-02-06 21:05:04+00:00,0.7595
2025-02-06 21:06:04+00:00,0.7595
2025-02-06 21:07:04+00:00,0.7595
2025-02-06 21:08:04+00:00,0.7595
2025-02-06 21:09:04+00:00,0.7595
2025-02-06 21:10:05+00:00,0.7595
2025-02-06 21:11:04+00:00,0.7595
2025-02-06 21:12:04+00:00,0.7595
2025-02-06 21:13:04+00:00,0.7595
2025-02-06 21:14:05+00:00,0.7595
2025-02-06 21:15:04+00:00,0.7595
2025-02-06 21:16:04+00:00,0.7595
2025-02-06 21:17:05+00:00,0.7595
2025-02-06 21:18:04+00:00,0.7465
2025-02-06 21:19:04+00:00,0.746
2025-02-06 21:20:04+00:00,0.746
2025-02-06 21:21:04+00:00,0.746
2025-02-06 21:22:04+00:00,0.746
2025-02-06 21:23:04+00:00,0.746
2025-02-06 21:24:04+00:00,0.7725
2025-02-06 21:25:04+00:00,0.7725
2025-02-06 21:26:04+00:00,0.773
2025-02-06 21:27:04+00:00,0.773
2025-02-06 21:28:04+00:00,0.7845
2025-02-06 21:29:04+00:00,0.7805
2025-02-06 21:30:04+00:00,0.78
2025-02-06 21:31:04+00:00,0.78
2025-02-06 21:32:04+00:00,0.78
2025-02-06 21:33:04+00:00,0.7805
2025-02-06 21:34:04+00:00,0.7805
2025-02-06 21:35:05+00:00,0.7815
2025-02-06 21:36:04+00:00,0.7815
2025-02-06 21:37:04+00:00,0.7815
2025-02-06 21:38:05+00:00,0.795
2025-02-06 21:39:04+00:00,0.795
2025-02-06 21:40:05+00:00,0.795
2025-02-06 21:41:04+00:00,0.795
2025-02-06 21:42:04+00:00,0.8125
2025-02-06 21:43:04+00:00,0.8125
2025-02-06 21:44:04+00:00,0.8125
2025-02-06 21:45:04+00:00,0.812
2025-02-06 21:46:04+00:00,0.812
2025-02-06 21:47:04+00:00,0.812
2025-02-06 21:48:03+00:00,0.8115
2025-02-06 21:49:04+00:00,0.8175
2025-02-06 21:50:04+00:00,0.817
2025-02-06 21:51:04+00:00,0.817
2025-02-06 21:52:04+00:00,0.8165
2025-02-06 21:53:04+00:00,0.8135
2025-02-06 21:54:04+00:00,0.816
2025-02-06 21:55:05+00:00,0.8105
2025-02-06 21:56:04+00:00,0.811
2025-02-06 21:57:04+00:00,0.8155
2025-02-06 21:58:04+00:00,0.809
2025-02-06 21:59:04+00:00,0.8075
2025-02-06 22:00:05+00:00,0.8105
2025-02-06 22:01:04+00:00,0.8105
2025-02-06 22:02:04+00:00,0.8105
2025-02-06 22:03:04+00:00,0.8095
2025-02-06 22:04:05+00:00,0.811
2025-02-06 22:05:04+00:00,0.811
2025-02-06 22:06:04+00:00,0.811
2025-02-06 22:07:04+00:00,0.8075
2025-02-06 22:08:05+00:00,0.808
2025-02-06 22:09:04+00:00,0.808
2025-02-06 22:10:05+00:00,0.807
2025-02-06 22:11:04+00:00,0.809
2025-02-06 22:12:04+00:00,0.8085
2025-02-06 22:13:04+00:00,0.809
2025-02-06 22:14:04+00:00,0.817
2025-02-06 22:15:05+00:00,0.817
2025-02-06 22:16:04+00:00,0.817
2025-02-06 22:17:04+00:00,0.817
2025-02-06 22:18:04+00:00,0.817
2025-02-06 22:19:04+00:00,0.817
2025-02-06 22:20:04+00:00,0.817
2025-02-06 22:21:04+00:00,0.817
2025-02-06 22:22:05+00:00,0.817
2025-02-06 22:23:04+00:00,0.817
2025-02-06 22:24:04+00:00,0.8165
2025-02-06 22:25:05+00:00,0.8165
2025-02-06 22:26:05+00:00,0.8165
2025-02-06 22:27:04+00:00,0.8165
2025-02-06 22:28:04+00:00,0.8165
2025-02-06 22:29:04+00:00,0.8165
2025-02-06 22:30:04+00:00,0.8165
2025-02-06 22:31:04+00:00,0.8165
2025-02-06 22:32:04+00:00,0.8165
2025-02-06 22:33:05+00:00,0.8165
2025-02-06 22:34:05+00:00,0.8165
2025-02-06 22:35:04+00:00,0.8165
2025-02-06 22:36:04+00:00,0.8165
2025-02-06 22:37:04+00:00,0.8165
2025-02-06 22:38:04+00:00,0.816
2025-02-06 22:39:04+00:00,0.816
2025-02-06 22:40:05+00:00,0.816
2025-02-06 22:41:04+00:00,0.816
2025-02-06 22:42:04+00:00,0.816
2025-02-06 22:43:04+00:00,0.8155
2025-02-06 22:44:04+00:00,0.815
2025-02-06 22:45:04+00:00,0.815
2025-02-06 22:46:04+00:00,0.815
2025-02-06 22:47:04+00:00,0.815
2025-02-06 22:48:04+00:00,0.815
2025-02-06 22:49:04+00:00,0.815
2025-02-06 22:50:04+00:00,0.815
2025-02-06 22:51:04+00:00,0.815
2025-02-06 22:52:04+00:00,0.815
2025-02-06 22:53:05+00:00,0.815
2025-02-06 22:54:04+00:00,0.815
2025-02-06 22:55:04+00:00,0.8115
2025-02-06 22:56:04+00:00,0.8115
2025-02-06 22:57:04+00:00,0.8115
2025-02-06 22:58:04+00:00,0.8115
2025-02-06 22:59:04+00:00,0.8115
2025-02-06 23:00:05+00:00,0.8115
2025-02-06 23:01:04+00:00,0.8115
2025-02-06 23:02:04+00:00,0.8115
2025-02-06 23:03:04+00:00,0.8115
2025-02-06 23:04:04+00:00,0.8115
2025-02-06 23:05:04+00:00,0.8105
2025-02-06 23:06:05+00:00,0.8085
2025-02-06 23:07:04+00:00,0.808
2025-02-06 23:08:04+00:00,0.8095
2025-02-06 23:09:04+00:00,0.81
2025-02-06 23:10:05+00:00,0.81
2025-02-06 23:11:04+00:00,0.811
2025-02-06 23:12:04+00:00,0.813
2025-02-06 23:13:04+00:00,0.813
2025-02-06 23:14:04+00:00,0.814
2025-02-06 23:15:04+00:00,0.8135
2025-02-06 23:16:04+00:00,0.8125
2025-02-06 23:17:04+00:00,0.813
2025-02-06 23:18:04+00:00,0.8135
2025-02-06 23:19:04+00:00,0.8135
2025-02-06 23:20:04+00:00,0.8135
2025-02-06 23:21:04+00:00,0.81
2025-02-06 23:22:04+00:00,0.8095
2025-02-06 23:23:04+00:00,0.8115
2025-02-06 23:24:04+00:00,0.8135
2025-02-06 23:25:04+00:00,0.811
2025-02-06 23:26:04+00:00,0.812
2025-02-06 23:27:04+00:00,0.8095
2025-02-06 23:28:04+00:00,0.8115
2025-02-06 23:29:04+00:00,0.812
2025-02-06 23:30:05+00:00,0.8115
2025-02-06 23:31:04+00:00,0.8105
2025-02-06 23:32:04+00:00,0.812
2025-02-06 23:33:04+00:00,0.812
2025-02-06 23:34:04+00:00,0.813
2025-02-06 23:35:05+00:00,0.8115
2025-02-06 23:36:04+00:00,0.811
2025-02-06 23:37:05+00:00,0.812
2025-02-06 23:38:04+00:00,0.813
2025-02-06 23:39:04+00:00,0.813
2025-02-06 23:40:04+00:00,0.811
2025-02-06 23:41:04+00:00,0.8115
2025-02-06 23:42:04+00:00,0.812
2025-02-06 23:43:04+00:00,0.813
2025-02-06 23:44:04+00:00,0.7985
2025-02-06 23:45:04+00:00,0.7965
2025-02-06 23:46:04+00:00,0.8075
2025-02-06 23:47:04+00:00,0.8075
2025-02-06 23:48:04+00:00,0.8095
2025-02-06 23:49:04+00:00,0.8095
2025-02-06 23:50:04+00:00,0.81
2025-02-06 23:51:04+00:00,0.808
2025-02-06 23:52:04+00:00,0.797
2025-02-06 23:53:05+00:00,0.7955
2025-02-06 23:54:04+00:00,0.797
2025-02-06 23:55:05+00:00,0.7865
2025-02-06 23:56:04+00:00,0.7865
2025-02-06 23:57:04+00:00,0.787
2025-02-06 23:58:04+00:00,0.787
2025-02-06 23:59:04+00:00,0.7855
2025-02-07 00:00:04+00:00,0.7855
2025-02-07 00:01:05+00:00,0.7865
2025-02-07 00:02:04+00:00,0.8005
2025-02-07 00:03:04+00:00,0.801
2025-02-07 00:04:05+00:00,0.7975
2025-02-07 00:05:04+00:00,0.788
2025-02-07 00:06:04+00:00,0.789
2025-02-07 00:07:03+00:00,0.789
2025-02-07 00:08:04+00:00,0.7895
2025-02-07 00:09:04+00:00,0.79
2025-02-07 00:10:05+00:00,0.7905
2025-02-07 00:11:04+00:00,0.7905
2025-02-07 00:12:04+00:00,0.791
2025-02-07 00:13:04+00:00,0.791
2025-02-07 00:14:04+00:00,0.7915
2025-02-07 00:15:04+00:00,0.7915
2025-02-07 00:16:04+00:00,0.7915
2025-02-07 00:17:05+00:00,0.792
2025-02-07 00:18:04+00:00,0.802
2025-02-07 00:19:04+00:00,0.802
2025-02-07 00:20:04+00:00,0.803
2025-02-07 00:21:04+00:00,0.803
2025-02-07 00:22:04+00:00,0.805
2025-02-07 00:23:04+00:00,0.8045
2025-02-07 00:24:04+00:00,0.8045
2025-02-07 00:25:05+00:00,0.803
2025-02-07 00:26:04+00:00,0.8045
2025-02-07 00:27:04+00:00,0.804
2025-02-07 00:28:04+00:00,0.8055
2025-02-07 00:29:04+00:00,0.8055
2025-02-07 00:30:05+00:00,0.806
2025-02-07 00:31:04+00:00,0.8065
2025-02-07 00:32:04+00:00,0.8065
2025-02-07 00:33:04+00:00,0.7955
2025-02-07 00:34:04+00:00,0.7955
2025-02-07 00:35:04+00:00,0.7965
2025-02-07 00:36:04+00:00,0.7965
2025-02-07 00:37:04+00:00,0.8065
2025-02-07 00:38:04+00:00,0.806
2025-02-07 00:39:04+00:00,0.802
2025-02-07 00:40:05+00:00,0.805
2025-02-07 00:41:05+00:00,0.805
2025-02-07 00:42:04+00:00,0.806
2025-02-07 00:43:04+00:00,0.806
2025-02-07 00:44:04+00:00,0.8075
2025-02-07 00:45:04+00:00,0.8075
2025-02-07 00:46:04+00:00,0.8085
2025-02-07 00:47:04+00:00,0.8085
2025-02-07 00:48:04+00:00,0.807
2025-02-07 00:49:04+00:00,0.807
2025-02-07 00:50:04+00:00,0.808
2025-02-07 00:51:04+00:00,0.808
2025-02-07 00:52:04+00:00,0.809
2025-02-07 00:53:04+00:00,0.8085
2025-02-07 00:54:04+00:00,0.806
2025-02-07 00:55:04+00:00,0.807
2025-02-07 00:56:04+00:00,0.807
2025-02-07 00:57:04+00:00,0.808
2025-02-07 00:58:04+00:00,0.8075
2025-02-07 00:59:04+00:00,0.8075
2025-02-07 01:00:04+00:00,0.8075
2025-02-07 01:01:04+00:00,0.8085
2025-02-07 01:02:04+00:00,0.8095
2025-02-07 01:03:04+00:00,0.81
2025-02-07 01:04:05+00:00,0.812
2025-02-07 01:05:04+00:00,0.816
2025-02-07 01:06:04+00:00,0.813
2025-02-07 01:07:04+00:00,0.811
2025-02-07 01:08:04+00:00,0.81
2025-02-07 01:09:04+00:00,0.811
2025-02-07 01:10:04+00:00,0.8115
2025-02-07 01:11:04+00:00,0.81
2025-02-07 01:12:04+00:00,0.8115
2025-02-07 01:13:04+00:00,0.81
2025-02-07 01:14:04+00:00,0.81
2025-02-07 01:15:04+00:00,0.8095
2025-02-07 01:16:04+00:00,0.812
2025-02-07 01:17:04+00:00,0.8125
2025-02-07 01:18:04+00:00,0.8125
2025-02-07 01:19:04+00:00,0.811
2025-02-07 01:20:04+00:00,0.8125
2025-02-07 01:21:04+00:00,0.8195
2025-02-07 01:22:04+00:00,0.8205
2025-02-07 01:23:05+00:00,0.8205
2025-02-07 01:24:04+00:00,0.8225
2025-02-07 01:25:04+00:00,0.8225
2025-02-07 01:26:04+00:00,0.8255
2025-02-07 01:27:04+00:00,0.8265
2025-02-07 01:28:04+00:00,0.8285
2025-02-07 01:29:04+00:00,0.8285
2025-02-07 01:30:04+00:00,0.829
2025-02-07 01:31:04+00:00,0.8285
2025-02-07 01:32:04+00:00,0.8295
2025-02-07 01:33:04+00:00,0.8295
2025-02-07 01:34:04+00:00,0.83
2025-02-07 01:35:05+00:00,0.83
2025-02-07 01:36:04+00:00,0.83
2025-02-07 01:37:04+00:00,0.83
2025-02-07 01:38:04+00:00,0.8305
2025-02-07 01:39:04+00:00,0.8315
2025-02-07 01:40:04+00:00,0.8315
2025-02-07 01:41:04+00:00,0.8315
2025-02-07 01:42:04+00:00,0.8315
2025-02-07 01:43:04+00:00,0.832
2025-02-07 01:44:04+00:00,0.831
2025-02-07 01:45:04+00:00,0.8175
2025-02-07 01:46:04+00:00,0.8175
2025-02-07 01:47:04+00:00,0.8175
2025-02-07 01:48:04+00:00,0.8185
2025-02-07 01:49:05+00:00,0.8185
2025-02-07 01:50:04+00:00,0.8195
2025-02-07 01:51:04+00:00,0.8205
2025-02-07 01:52:05+00:00,0.817
2025-02-07 01:53:04+00:00,0.8195
2025-02-07 01:54:04+00:00,0.8195
2025-02-07 01:55:05+00:00,0.818
2025-02-07 01:56:04+00:00,0.815
2025-02-07 01:57:04+00:00,0.817
2025-02-07 01:58:04+00:00,0.829
2025-02-07 01:59:04+00:00,0.8275
2025-02-07 02:00:05+00:00,0.829
2025-02-07 02:01:04+00:00,0.8285
2025-02-07 02:02:04+00:00,0.8305
2025-02-07 02:03:04+00:00,0.8305
2025-02-07 02:04:04+00:00,0.824
2025-02-07 02:05:04+00:00,0.8215
2025-02-07 02:06:04+00:00,0.8245
2025-02-07 02:07:04+00:00,0.824
2025-02-07 02:08:04+00:00,0.819
2025-02-07 02:09:04+00:00,0.823
2025-02-07 02:10:05+00:00,0.822
2025-02-07 02:11:04+00:00,0.826
2025-02-07 02:12:04+00:00,0.827
2025-02-07 02:13:04+00:00,0.827
2025-02-07 02:14:04+00:00,0.828
2025-02-07 02:15:05+00:00,0.8235
2025-02-07 02:16:04+00:00,0.824
2025-02-07 02:17:04+00:00,0.8265
2025-02-07 02:18:05+00:00,0.8245
2025-02-07 02:19:04+00:00,0.829
2025-02-07 02:20:05+00:00,0.823
2025-02-07 02:21:04+00:00,0.823
2025-02-07 02:22:04+00:00,0.823
2025-02-07 02:23:04+00:00,0.8245
2025-02-07 02:24:04+00:00,0.8245
2025-02-07 02:25:04+00:00,0.824
2025-02-07 02:26:04+00:00,0.824
2025-02-07 02:27:04+00:00,0.8235
2025-02-07 02:28:04+00:00,0.825
2025-02-07 02:29:04+00:00,0.825
2025-02-07 02:30:05+00:00,0.8255
2025-02-07 02:31:04+00:00,0.8255
2025-02-07 02:32:04+00:00,0.8265
2025-02-07 02:33:04+00:00,0.818
2025-02-07 02:34:04+00:00,0.819
2025-02-07 02:35:05+00:00,0.8185
2025-02-07 02:36:04+00:00,0.816
2025-02-07 02:37:04+00:00,0.817
2025-02-07 02:38:04+00:00,0.817
2025-02-07 02:39:04+00:00,0.817
2025-02-07 02:40:04+00:00,0.8175
2025-02-07 02:41:04+00:00,0.8175
2025-02-07 02:42:04+00:00,0.8175
2025-02-07 02:43:05+00:00,0.8185
2025-02-07 02:44:04+00:00,0.8185
2025-02-07 02:45:04+00:00,0.816
2025-02-07 02:46:04+00:00,0.817
2025-02-07 02:47:04+00:00,0.817
2025-02-07 02:48:04+00:00,0.818
2025-02-07 02:49:04+00:00,0.818
2025-02-07 02:50:04+00:00,0.819
2025-02-07 02:51:04+00:00,0.819
2025-02-07 02:52:04+00:00,0.82
2025-02-07 02:53:04+00:00,0.82
2025-02-07 02:54:04+00:00,0.821
2025-02-07 02:55:05+00:00,0.821
2025-02-07 02:56:04+00:00,0.822
2025-02-07 02:57:04+00:00,0.822
2025-02-07 02:58:05+00:00,0.823
2025-02-07 02:59:04+00:00,0.823
2025-02-07 03:00:04+00:00,0.8235
2025-02-07 03:01:04+00:00,0.8235
2025-02-07 03:02:04+00:00,0.8225
2025-02-07 03:03:04+00:00,0.8225
2025-02-07 03:04:04+00:00,0.8225
2025-02-07 03:05:04+00:00,0.823
2025-02-07 03:06:04+00:00,0.823
2025-02-07 03:07:04+00:00,0.8225
2025-02-07 03:08:04+00:00,0.8225
2025-02-07 03:09:04+00:00,0.8235
2025-02-07 03:10:04+00:00,0.823
2025-02-07 03:11:04+00:00,0.816
2025-02-07 03:12:04+00:00,0.816
2025-02-07 03:13:04+00:00,0.817
2025-02-07 03:14:04+00:00,0.817
2025-02-07 03:15:05+00:00,0.8175
2025-02-07 03:16:05+00:00,0.8215
2025-02-07 03:17:04+00:00,0.822
2025-02-07 03:18:04+00:00,0.822
2025-02-07 03:19:04+00:00,0.8195
2025-02-07 03:20:04+00:00,0.821
2025-02-07 03:21:04+00:00,0.8215
2025-02-07 03:22:04+00:00,0.8225
2025-02-07 03:23:05+00:00,0.8225
2025-02-07 03:24:04+00:00,0.8235
2025-02-07 03:25:04+00:00,0.823
2025-02-07 03:26:04+00:00,0.8165
2025-02-07 03:27:04+00:00,0.8165
2025-02-07 03:28:04+00:00,0.8175
2025-02-07 03:29:04+00:00,0.8175
2025-02-07 03:30:05+00:00,0.818
2025-02-07 03:31:04+00:00,0.818
2025-02-07 03:32:04+00:00,0.815
2025-02-07 03:33:04+00:00,0.816
2025-02-07 03:34:04+00:00,0.8145
2025-02-07 03:35:04+00:00,0.8145
2025-02-07 03:36:04+00:00,0.8145
2025-02-07 03:37:04+00:00,0.814
2025-02-07 03:38:05+00:00,0.814
2025-02-07 03:39:04+00:00,0.8145
2025-02-07 03:40:04+00:00,0.8145
2025-02-07 03:41:05+00:00,0.812
2025-02-07 03:42:04+00:00,0.8115
2025-02-07 03:43:04+00:00,0.8125
2025-02-07 03:44:04+00:00,0.8125
2025-02-07 03:45:04+00:00,0.808
2025-02-07 03:46:04+00:00,0.808
2025-02-07 03:47:04+00:00,0.808
2025-02-07 03:48:05+00:00,0.808
2025-02-07 03:49:04+00:00,0.8095
2025-02-07 03:50:04+00:00,0.81
2025-02-07 03:51:04+00:00,0.81
2025-02-07 03:52:05+00:00,0.811
2025-02-07 03:53:04+00:00,0.8105
2025-02-07 03:54:04+00:00,0.811
2025-02-07 03:55:04+00:00,0.811
2025-02-07 03:56:04+00:00,0.81
2025-02-07 03:57:04+00:00,0.81
2025-02-07 03:58:04+00:00,0.8105
2025-02-07 03:59:04+00:00,0.8105
2025-02-07 04:00:05+00:00,0.7985
2025-02-07 04:01:04+00:00,0.796
2025-02-07 04:02:04+00:00,0.796
2025-02-07 04:03:04+00:00,0.7955
2025-02-07 04:04:04+00:00,0.7955
2025-02-07 04:05:05+00:00,0.7955
2025-02-07 04:06:04+00:00,0.7955
2025-02-07 04:07:04+00:00,0.79
2025-02-07 04:08:04+00:00,0.7895
2025-02-07 04:09:04+00:00,0.788
2025-02-07 04:10:05+00:00,0.788
2025-02-07 04:11:04+00:00,0.788
2025-02-07 04:12:04+00:00,0.788
2025-02-07 04:13:05+00:00,0.788
2025-02-07 04:14:05+00:00,0.785
2025-02-07 04:15:04+00:00,0.7775
2025-02-07 04:16:04+00:00,0.7755
2025-02-07 04:17:04+00:00,0.7755
2025-02-07 04:18:04+00:00,0.7755
2025-02-07 04:19:04+00:00,0.7755
2025-02-07 04:20:04+00:00,0.7755
2025-02-07 04:21:04+00:00,0.776
2025-02-07 04:22:04+00:00,0.776
2025-02-07 04:23:04+00:00,0.7755
2025-02-07 04:24:05+00:00,0.7755
2025-02-07 04:25:05+00:00,0.7755
2025-02-07 04:26:04+00:00,0.7755
2025-02-07 04:27:04+00:00,0.776
2025-02-07 04:28:05+00:00,0.776
2025-02-07 04:29:04+00:00,0.776
2025-02-07 04:30:05+00:00,0.776
2025-02-07 04:31:04+00:00,0.7745
2025-02-07 04:32:04+00:00,0.773
2025-02-07 04:33:04+00:00,0.7715
2025-02-07 04:34:05+00:00,0.7715
2025-02-07 04:35:04+00:00,0.7715
2025-02-07 04:36:04+00:00,0.7715
2025-02-07 04:37:04+00:00,0.768
2025-02-07 04:38:04+00:00,0.768
2025-02-07 04:39:04+00:00,0.7655
2025-02-07 04:40:04+00:00,0.7755
2025-02-07 04:41:04+00:00,0.7715
2025-02-07 04:42:04+00:00,0.7675
2025-02-07 04:43:04+00:00,0.7635
2025-02-07 04:44:04+00:00,0.768
2025-02-07 04:45:05+00:00,0.768
2025-02-07 04:46:04+00:00,0.768
2025-02-07 04:47:04+00:00,0.7675
2025-02-07 04:48:04+00:00,0.7675
2025-02-07 04:49:04+00:00,0.767
2025-02-07 04:50:05+00:00,0.764
2025-02-07 04:51:04+00:00,0.768
2025-02-07 04:52:04+00:00,0.767
2025-02-07 04:53:04+00:00,0.7635
2025-02-07 04:54:05+00:00,0.768
2025-02-07 04:55:04+00:00,0.7675
2025-02-07 04:56:04+00:00,0.7665
2025-02-07 04:57:04+00:00,0.7675
2025-02-07 04:58:04+00:00,0.768
2025-02-07 04:59:04+00:00,0.7665
2025-02-07 05:00:05+00:00,0.7645
2025-02-07 05:01:04+00:00,0.7675
2025-02-07 05:02:04+00:00,0.768
2025-02-07 05:03:04+00:00,0.768
2025-02-07 05:04:04+00:00,0.771
2025-02-07 05:05:05+00:00,0.769
2025-02-07 05:06:05+00:00,0.7675
2025-02-07 05:07:04+00:00,0.7665
2025-02-07 05:08:04+00:00,0.7675
2025-02-07 05:09:04+00:00,0.7675
2025-02-07 05:10:04+00:00,0.764
2025-02-07 05:11:04+00:00,0.766
2025-02-07 05:12:04+00:00,0.7635
2025-02-07 05:13:04+00:00,0.7645
2025-02-07 05:14:05+00:00,0.7645
2025-02-07 05:15:04+00:00,0.765
2025-02-07 05:16:04+00:00,0.766
2025-02-07 05:17:04+00:00,0.766
2025-02-07 05:18:04+00:00,0.766
2025-02-07 05:19:04+00:00,0.7645
2025-02-07 05:20:04+00:00,0.76
2025-02-07 05:21:04+00:00,0.7585
2025-02-07 05:22:04+00:00,0.758
2025-02-07 05:23:04+00:00,0.7575
2025-02-07 05:24:04+00:00,0.7575
2025-02-07 05:25:04+00:00,0.758
2025-02-07 05:26:05+00:00,0.758
2025-02-07 05:27:04+00:00,0.758
2025-02-07 05:28:04+00:00,0.7585
2025-02-07 05:29:04+00:00,0.7575
2025-02-07 05:30:04+00:00,0.758
2025-02-07 05:31:04+00:00,0.7585
2025-02-07 05:32:04+00:00,0.7585
2025-02-07 05:33:04+00:00,0.7585
2025-02-07 05:34:05+00:00,0.7585
2025-02-07 05:35:04+00:00,0.7585
2025-02-07 05:36:04+00:00,0.7585
2025-02-07 05:37:04+00:00,0.7585
2025-02-07 05:38:04+00:00,0.7585
2025-02-07 05:39:04+00:00,0.7585
2025-02-07 05:40:04+00:00,0.7585
2025-02-07 05:41:04+00:00,0.7585
2025-02-07 05:42:04+00:00,0.7585
2025-02-07 05:43:04+00:00,0.7585
2025-02-07 05:44:04+00:00,0.7585
2025-02-07 05:45:04+00:00,0.7585
2025-02-07 05:46:04+00:00,0.7585
2025-02-07 05:47:04+00:00,0.7585
2025-02-07 05:48:04+00:00,0.7635
2025-02-07 05:49:04+00:00,0.7645
2025-02-07 05:50:04+00:00,0.764
2025-02-07 05:51:04+00:00,0.764
2025-02-07 05:52:04+00:00,0.764
2025-02-07 05:53:04+00:00,0.7515
2025-02-07 05:54:04+00:00,0.7515
2025-02-07 05:55:05+00:00,0.7515
2025-02-07 05:56:04+00:00,0.7515
2025-02-07 05:57:04+00:00,0.7515
2025-02-07 05:58:05+00:00,0.7515
2025-02-07 05:59:04+00:00,0.7515
2025-02-07 06:00:05+00:00,0.7515
2025-02-07 06:01:04+00:00,0.7515
2025-02-07 06:02:04+00:00,0.7515
2025-02-07 06:03:04+00:00,0.7585
2025-02-07 06:04:04+00:00,0.7575
2025-02-07 06:05:05+00:00,0.7535
2025-02-07 06:06:04+00:00,0.7545
2025-02-07 06:07:04+00:00,0.754
2025-02-07 06:08:04+00:00,0.7535
2025-02-07 06:09:04+00:00,0.754
2025-02-07 06:10:04+00:00,0.754
2025-02-07 06:11:04+00:00,0.7535
2025-02-07 06:12:04+00:00,0.7535
2025-02-07 06:13:04+00:00,0.754
2025-02-07 06:14:04+00:00,0.754
2025-02-07 06:15:04+00:00,0.7565
2025-02-07 06:16:04+00:00,0.7565
2025-02-07 06:17:04+00:00,0.7565
2025-02-07 06:18:04+00:00,0.7565
2025-02-07 06:19:04+00:00,0.7565
2025-02-07 06:20:04+00:00,0.7565
2025-02-07 06:21:04+00:00,0.7565
2025-02-07 06:22:05+00:00,0.7565
2025-02-07 06:23:04+00:00,0.7565
2025-02-07 06:24:04+00:00,0.7565
2025-02-07 06:25:04+00:00,0.7565
2025-02-07 06:26:04+00:00,0.7565
2025-02-07 06:27:04+00:00,0.7565
2025-02-07 06:28:04+00:00,0.7565
2025-02-07 06:29:04+00:00,0.7565
2025-02-07 06:30:04+00:00,0.7565
2025-02-07 06:31:04+00:00,0.7565
2025-02-07 06:32:05+00:00,0.7595
2025-02-07 06:33:04+00:00,0.7595
2025-02-07 06:34:04+00:00,0.76
2025-02-07 06:35:04+00:00,0.759
2025-02-07 06:36:04+00:00,0.759
2025-02-07 06:37:04+00:00,0.759
2025-02-07 06:38:04+00:00,0.759
2025-02-07 06:39:04+00:00,0.759
2025-02-07 06:40:04+00:00,0.759
2025-02-07 06:41:04+00:00,0.759
2025-02-07 06:42:04+00:00,0.759
2025-02-07 06:43:04+00:00,0.759
2025-02-07 06:44:04+00:00,0.759
2025-02-07 06:45:05+00:00,0.759
2025-02-07 06:46:04+00:00,0.759
2025-02-07 06:47:04+00:00,0.759
2025-02-07 06:48:05+00:00,0.759
2025-02-07 06:49:04+00:00,0.759
2025-02-07 06:50:04+00:00,0.759
2025-02-07 06:51:04+00:00,0.759
2025-02-07 06:52:04+00:00,0.759
2025-02-07 06:53:04+00:00,0.759
2025-02-07 06:54:04+00:00,0.759
2025-02-07 06:55:04+00:00,0.759
2025-02-07 06:56:04+00:00,0.759
2025-02-07 06:57:04+00:00,0.759
2025-02-07 06:58:04+00:00,0.759
2025-02-07 06:59:04+00:00,0.759
2025-02-07 07:00:05+00:00,0.759
2025-02-07 07:01:04+00:00,0.759
2025-02-07 07:02:04+00:00,0.759
2025-02-07 07:03:04+00:00,0.759
2025-02-07 07:04:04+00:00,0.759
2025-02-07 07:05:04+00:00,0.759
2025-02-07 07:06:04+00:00,0.759
2025-02-07 07:07:04+00:00,0.759
2025-02-07 07:08:04+00:00,0.759
2025-02-07 07:09:04+00:00,0.759
2025-02-07 07:10:05+00:00,0.759
2025-02-07 07:11:04+00:00,0.759
2025-02-07 07:12:04+00:00,0.759
2025-02-07 07:13:05+00:00,0.759
2025-02-07 07:14:04+00:00,0.759
2025-02-07 07:15:04+00:00,0.759
2025-02-07 07:16:04+00:00,0.759
2025-02-07 07:17:04+00:00,0.759
2025-02-07 07:18:04+00:00,0.759
2025-02-07 07:19:04+00:00,0.759
2025-02-07 07:20:05+00:00,0.759
2025-02-07 07:21:04+00:00,0.759
2025-02-07 07:22:04+00:00,0.759
2025-02-07 07:23:04+00:00,0.759
2025-02-07 07:24:04+00:00,0.759
2025-02-07 07:25:04+00:00,0.759
2025-02-07 07:26:04+00:00,0.759
2025-02-07 07:27:04+00:00,0.759
2025-02-07 07:28:04+00:00,0.759
2025-02-07 07:29:04+00:00,0.759
2025-02-07 07:30:04+00:00,0.759
2025-02-07 07:31:04+00:00,0.759
2025-02-07 07:32:04+00:00,0.759
2025-02-07 07:33:04+00:00,0.759
2025-02-07 07:34:04+00:00,0.759
2025-02-07 07:35:04+00:00,0.759
2025-02-07 07:36:04+00:00,0.7605
2025-02-07 07:37:04+00:00,0.7605
2025-02-07 07:38:04+00:00,0.7605
2025-02-07 07:39:04+00:00,0.7605
2025-02-07 07:40:04+00:00,0.7605
2025-02-07 07:41:04+00:00,0.761
2025-02-07 07:42:04+00:00,0.761
2025-02-07 07:43:04+00:00,0.761
2025-02-07 07:44:04+00:00,0.761
2025-02-07 07:45:04+00:00,0.761
2025-02-07 07:46:04+00:00,0.761
2025-02-07 07:47:04+00:00,0.761
2025-02-07 07:48:04+00:00,0.761
2025-02-07 07:49:04+00:00,0.761
2025-02-07 07:50:05+00:00,0.761
2025-02-07 07:51:04+00:00,0.761
2025-02-07 07:52:04+00:00,0.761
2025-02-07 07:53:04+00:00,0.761
2025-02-07 07:54:04+00:00,0.761
2025-02-07 07:55:04+00:00,0.761
2025-02-07 07:56:04+00:00,0.761
2025-02-07 07:57:04+00:00,0.761
2025-02-07 07:58:04+00:00,0.761
2025-02-07 07:59:04+00:00,0.761
2025-02-07 08:00:04+00:00,0.761
2025-02-07 08:01:03+00:00,0.761
2025-02-07 08:02:04+00:00,0.761
2025-02-07 08:03:04+00:00,0.761
2025-02-07 08:04:04+00:00,0.761
2025-02-07 08:05:04+00:00,0.761
2025-02-07 08:06:04+00:00,0.761
2025-02-07 08:07:04+00:00,0.761
2025-02-07 08:08:04+00:00,0.761
2025-02-07 08:09:04+00:00,0.7605
2025-02-07 08:10:04+00:00,0.7605
2025-02-07 08:11:04+00:00,0.7605
2025-02-07 08:12:04+00:00,0.7605
2025-02-07 08:13:04+00:00,0.7605
2025-02-07 08:14:04+00:00,0.7605
2025-02-07 08:15:04+00:00,0.7605
2025-02-07 08:16:04+00:00,0.7605
2025-02-07 08:17:04+00:00,0.7605
2025-02-07 08:18:04+00:00,0.7605
2025-02-07 08:19:04+00:00,0.7605
2025-02-07 08:20:04+00:00,0.7605
2025-02-07 08:21:04+00:00,0.7605
2025-02-07 08:22:05+00:00,0.7605
2025-02-07 08:23:05+00:00,0.7605
2025-02-07 08:24:04+00:00,0.7605
2025-02-07 08:25:04+00:00,0.7605
2025-02-07 08:26:04+00:00,0.7605
2025-02-07 08:27:04+00:00,0.7605
2025-02-07 08:28:05+00:00,0.7605
2025-02-07 08:29:04+00:00,0.7605
2025-02-07 08:30:05+00:00,0.7605
2025-02-07 08:31:04+00:00,0.7605
2025-02-07 08:32:04+00:00,0.7605
2025-02-07 08:33:04+00:00,0.7605
2025-02-07 08:34:04+00:00,0.7605
2025-02-07 08:35:04+00:00,0.7605
2025-02-07 08:36:04+00:00,0.7605
2025-02-07 08:37:04+00:00,0.7555
2025-02-07 08:38:04+00:00,0.7555
2025-02-07 08:39:04+00:00,0.755
2025-02-07 08:40:05+00:00,0.753
2025-02-07 08:41:04+00:00,0.753
2025-02-07 08:42:04+00:00,0.753
2025-02-07 08:43:04+00:00,0.753
2025-02-07 08:44:04+00:00,0.753
2025-02-07 08:45:04+00:00,0.753
2025-02-07 08:46:04+00:00,0.753
2025-02-07 08:47:03+00:00,0.753
2025-02-07 08:48:04+00:00,0.753
2025-02-07 08:49:04+00:00,0.753
2025-02-07 08:50:04+00:00,0.753
2025-02-07 08:51:03+00:00,0.753
2025-02-07 08:52:04+00:00,0.753
2025-02-07 08:53:04+00:00,0.753
2025-02-07 08:54:04+00:00,0.753
2025-02-07 08:55:04+00:00,0.753
2025-02-07 08:56:04+00:00,0.753
2025-02-07 08:57:04+00:00,0.753
2025-02-07 08:58:04+00:00,0.753
2025-02-07 08:59:04+00:00,0.753
2025-02-07 09:00:05+00:00,0.753
2025-02-07 09:01:04+00:00,0.752
2025-02-07 09:02:04+00:00,0.7505
2025-02-07 09:03:04+00:00,0.749
2025-02-07 09:04:04+00:00,0.7195
2025-02-07 09:05:04+00:00,0.7335
2025-02-07 09:06:04+00:00,0.7285
2025-02-07 09:07:04+00:00,0.73
2025-02-07 09:08:04+00:00,0.73
2025-02-07 09:09:04+00:00,0.733
2025-02-07 09:10:05+00:00,0.734
2025-02-07 09:11:04+00:00,0.741
2025-02-07 09:12:04+00:00,0.744
2025-02-07 09:13:04+00:00,0.7475
2025-02-07 09:14:04+00:00,0.7505
2025-02-07 09:15:05+00:00,0.752
2025-02-07 09:16:04+00:00,0.746
2025-02-07 09:17:04+00:00,0.7455
2025-02-07 09:18:04+00:00,0.746
2025-02-07 09:19:04+00:00,0.747
2025-02-07 09:20:04+00:00,0.747
2025-02-07 09:21:04+00:00,0.7465
2025-02-07 09:22:04+00:00,0.7465
2025-02-07 09:23:04+00:00,0.748
2025-02-07 09:24:04+00:00,0.748
2025-02-07 09:25:04+00:00,0.748
2025-02-07 09:26:05+00:00,0.748
2025-02-07 09:27:04+00:00,0.748
2025-02-07 09:28:04+00:00,0.749
2025-02-07 09:29:04+00:00,0.7495
2025-02-07 09:30:04+00:00,0.75
2025-02-07 09:31:04+00:00,0.751
2025-02-07 09:32:04+00:00,0.751
2025-02-07 09:33:04+00:00,0.751
2025-02-07 09:34:04+00:00,0.751
2025-02-07 09:35:04+00:00,0.751
2025-02-07 09:36:04+00:00,0.756
2025-02-07 09:37:03+00:00,0.751
2025-02-07 09:38:04+00:00,0.7515
2025-02-07 09:39:04+00:00,0.7515
2025-02-07 09:40:04+00:00,0.7515
2025-02-07 09:41:04+00:00,0.7515
2025-02-07 09:42:04+00:00,0.7515
2025-02-07 09:43:04+00:00,0.7515
2025-02-07 09:44:04+00:00,0.7515
2025-02-07 09:45:04+00:00,0.7515
2025-02-07 09:46:04+00:00,0.752
2025-02-07 09:47:04+00:00,0.752
2025-02-07 09:48:04+00:00,0.752
2025-02-07 09:49:04+00:00,0.752
2025-02-07 09:50:04+00:00,0.752
2025-02-07 09:51:04+00:00,0.752
2025-02-07 09:52:04+00:00,0.752
2025-02-07 09:53:04+00:00,0.752
2025-02-07 09:54:05+00:00,0.7525
2025-02-07 09:55:04+00:00,0.7525
2025-02-07 09:56:04+00:00,0.7525
2025-02-07 09:57:04+00:00,0.75
2025-02-07 09:58:04+00:00,0.75
2025-02-07 09:59:04+00:00,0.7545
2025-02-07 10:00:05+00:00,0.7525
2025-02-07 10:01:04+00:00,0.7525
2025-02-07 10:02:04+00:00,0.755
2025-02-07 10:03:04+00:00,0.7545
2025-02-07 10:04:04+00:00,0.7545
2025-02-07 10:05:04+00:00,0.7545
2025-02-07 10:06:04+00:00,0.7545
2025-02-07 10:07:03+00:00,0.7545
2025-02-07 10:08:04+00:00,0.7545
2025-02-07 10:09:04+00:00,0.7565
2025-02-07 10:10:04+00:00,0.757
2025-02-07 10:11:04+00:00,0.757
2025-02-07 10:12:04+00:00,0.757
2025-02-07 10:13:04+00:00,0.757
2025-02-07 10:14:04+00:00,0.757
2025-02-07 10:15:04+00:00,0.757
2025-02-07 10:16:04+00:00,0.7575
2025-02-07 10:17:04+00:00,0.7585
2025-02-07 10:18:04+00:00,0.7585
2025-02-07 10:19:04+00:00,0.7585
2025-02-07 10:20:05+00:00,0.7585
2025-02-07 10:21:04+00:00,0.7585
2025-02-07 10:22:04+00:00,0.7585
2025-02-07 10:23:04+00:00,0.7585
2025-02-07 10:24:04+00:00,0.759
2025-02-07 10:25:04+00:00,0.759
2025-02-07 10:26:04+00:00,0.7595
2025-02-07 10:27:04+00:00,0.7595
2025-02-07 10:28:04+00:00,0.7595
2025-02-07 10:29:04+00:00,0.7595
2025-02-07 10:30:04+00:00,0.7595
2025-02-07 10:31:04+00:00,0.7595
2025-02-07 10:32:04+00:00,0.7595
2025-02-07 10:33:04+00:00,0.7615
2025-02-07 10:34:04+00:00,0.7615
2025-02-07 10:35:04+00:00,0.7615
2025-02-07 10:36:04+00:00,0.7615
2025-02-07 10:37:04+00:00,0.7615
2025-02-07 10:38:04+00:00,0.7615
2025-02-07 10:39:04+00:00,0.7615
2025-02-07 10:40:04+00:00,0.7615
2025-02-07 10:41:04+00:00,0.7615
2025-02-07 10:42:05+00:00,0.7615
2025-02-07 10:43:04+00:00,0.7615
2025-02-07 10:44:04+00:00,0.7615
2025-02-07 10:45:04+00:00,0.7615
2025-02-07 10:46:04+00:00,0.7615
2025-02-07 10:47:04+00:00,0.7615
2025-02-07 10:48:04+00:00,0.7615
2025-02-07 10:49:03+00:00,0.7615
2025-02-07 10:50:04+00:00,0.7615
2025-02-07 10:51:04+00:00,0.7615
2025-02-07 10:52:04+00:00,0.7615
2025-02-07 10:53:04+00:00,0.7615
2025-02-07 10:54:04+00:00,0.7615
2025-02-07 10:55:04+00:00,0.7615
2025-02-07 10:56:04+00:00,0.7615
2025-02-07 10:57:04+00:00,0.7615
2025-02-07 10:58:04+00:00,0.7615
2025-02-07 10:59:04+00:00,0.7615
2025-02-07 11:00:04+00:00,0.7615
2025-02-07 11:01:04+00:00,0.7615
2025-02-07 11:02:04+00:00,0.7615
2025-02-07 11:03:04+00:00,0.7615
2025-02-07 11:04:04+00:00,0.7615
2025-02-07 11:05:04+00:00,0.7615
2025-02-07 11:06:04+00:00,0.7615
2025-02-07 11:07:04+00:00,0.7615
2025-02-07 11:08:04+00:00,0.7615
2025-02-07 11:09:04+00:00,0.7615
2025-02-07 11:10:05+00:00,0.7615
2025-02-07 11:11:04+00:00,0.7615
2025-02-07 11:12:04+00:00,0.7615
2025-02-07 11:13:04+00:00,0.7615
2025-02-07 11:14:04+00:00,0.7615
2025-02-07 11:15:04+00:00,0.7615
2025-02-07 11:16:05+00:00,0.7615
2025-02-07 11:17:04+00:00,0.7615
2025-02-07 11:18:04+00:00,0.7615
2025-02-07 11:19:04+00:00,0.7615
2025-02-07 11:20:04+00:00,0.7615
2025-02-07 11:21:04+00:00,0.7615
2025-02-07 11:22:04+00:00,0.7615
2025-02-07 11:23:04+00:00,0.7615
2025-02-07 11:24:04+00:00,0.7615
2025-02-07 11:25:04+00:00,0.7615
2025-02-07 11:26:04+00:00,0.7615
2025-02-07 11:27:04+00:00,0.7615
2025-02-07 11:28:04+00:00,0.7615
2025-02-07 11:29:04+00:00,0.761
2025-02-07 11:30:04+00:00,0.761
2025-02-07 11:31:04+00:00,0.761
2025-02-07 11:32:04+00:00,0.761
2025-02-07 11:33:04+00:00,0.761
2025-02-07 11:34:04+00:00,0.761
2025-02-07 11:35:04+00:00,0.761
2025-02-07 11:36:04+00:00,0.761
2025-02-07 11:37:04+00:00,0.761
2025-02-07 11:38:04+00:00,0.761
2025-02-07 11:39:04+00:00,0.761
2025-02-07 11:40:04+00:00,0.7655
2025-02-07 11:41:04+00:00,0.7655
2025-02-07 11:42:04+00:00,0.766
2025-02-07 11:43:04+00:00,0.766
2025-02-07 11:44:04+00:00,0.766
2025-02-07 11:45:05+00:00,0.766
2025-02-07 11:46:05+00:00,0.766
2025-02-07 11:47:04+00:00,0.7655
2025-02-07 11:48:04+00:00,0.766
2025-02-07 11:49:04+00:00,0.766
2025-02-07 11:50:04+00:00,0.7655
2025-02-07 11:51:04+00:00,0.7655
2025-02-07 11:52:03+00:00,0.7655
2025-02-07 11:53:04+00:00,0.7655
2025-02-07 11:54:04+00:00,0.7655
2025-02-07 11:55:04+00:00,0.7655
2025-02-07 11:56:04+00:00,0.7655
2025-02-07 11:57:04+00:00,0.7655
2025-02-07 11:58:04+00:00,0.7655
2025-02-07 11:59:04+00:00,0.7655
2025-02-07 12:00:06+00:00,0.7655
2025-02-07 12:01:04+00:00,0.7655
2025-02-07 12:02:04+00:00,0.7655
2025-02-07 12:03:04+00:00,0.7655
2025-02-07 12:04:04+00:00,0.766
2025-02-07 12:05:04+00:00,0.766
2025-02-07 12:06:04+00:00,0.766
2025-02-07 12:07:03+00:00,0.766
2025-02-07 12:08:04+00:00,0.766
2025-02-07 12:09:04+00:00,0.766
2025-02-07 12:10:04+00:00,0.766
2025-02-07 12:11:04+00:00,0.766
2025-02-07 12:12:05+00:00,0.758
2025-02-07 12:13:04+00:00,0.7595
2025-02-07 12:14:04+00:00,0.7595
2025-02-07 12:15:05+00:00,0.7595
2025-02-07 12:16:04+00:00,0.7595
2025-02-07 12:17:04+00:00,0.7595
2025-02-07 12:18:04+00:00,0.7595
2025-02-07 12:19:04+00:00,0.7595
2025-02-07 12:20:04+00:00,0.7595
2025-02-07 12:21:04+00:00,0.7595
2025-02-07 12:22:04+00:00,0.7595
2025-02-07 12:23:04+00:00,0.7595
2025-02-07 12:24:04+00:00,0.7595
2025-02-07 12:25:04+00:00,0.7595
2025-02-07 12:26:04+00:00,0.7595
2025-02-07 12:27:04+00:00,0.7595
2025-02-07 12:28:04+00:00,0.7595
2025-02-07 12:29:04+00:00,0.7595
2025-02-07 12:30:04+00:00,0.7595
2025-02-07 12:31:04+00:00,0.7595
2025-02-07 12:32:04+00:00,0.7595
2025-02-07 12:33:04+00:00,0.7595
2025-02-07 12:34:04+00:00,0.7595
2025-02-07 12:35:04+00:00,0.7595
2025-02-07 12:36:04+00:00,0.7595
2025-02-07 12:37:04+00:00,0.7595
2025-02-07 12:38:04+00:00,0.7595
2025-02-07 12:39:04+00:00,0.7595
2025-02-07 12:40:04+00:00,0.7595
2025-02-07 12:41:04+00:00,0.7595
2025-02-07 12:42:04+00:00,0.759
2025-02-07 12:43:04+00:00,0.7595
2025-02-07 12:44:04+00:00,0.7595
2025-02-07 12:45:04+00:00,0.7595
2025-02-07 12:46:04+00:00,0.7595
2025-02-07 12:47:04+00:00,0.759
2025-02-07 12:48:04+00:00,0.7595
2025-02-07 12:49:04+00:00,0.7595
2025-02-07 12:50:05+00:00,0.7595
2025-02-07 12:51:04+00:00,0.7595
2025-02-07 12:52:04+00:00,0.759
2025-02-07 12:53:04+00:00,0.77
2025-02-07 12:54:04+00:00,0.7605
2025-02-07 12:55:04+00:00,0.7605
2025-02-07 12:56:04+00:00,0.7605
2025-02-07 12:57:05+00:00,0.76
2025-02-07 12:58:04+00:00,0.76
2025-02-07 12:59:04+00:00,0.76
2025-02-07 13:00:05+00:00,0.76
2025-02-07 13:01:04+00:00,0.76
2025-02-07 13:02:04+00:00,0.7605
2025-02-07 13:03:03+00:00,0.7605
2025-02-07 13:04:04+00:00,0.7605
2025-02-07 13:05:04+00:00,0.7605
2025-02-07 13:06:04+00:00,0.7605
2025-02-07 13:07:04+00:00,0.7605
2025-02-07 13:08:04+00:00,0.7605
2025-02-07 13:09:04+00:00,0.7605
2025-02-07 13:10:04+00:00,0.7605
2025-02-07 13:11:04+00:00,0.7605
2025-02-07 13:12:04+00:00,0.7605
2025-02-07 13:13:04+00:00,0.7605
2025-02-07 13:14:04+00:00,0.7605
2025-02-07 13:15:04+00:00,0.7605
2025-02-07 13:16:04+00:00,0.7605
2025-02-07 13:17:04+00:00,0.7605
2025-02-07 13:18:04+00:00,0.76
2025-02-07 13:19:04+00:00,0.76
2025-02-07 13:20:04+00:00,0.76
2025-02-07 13:21:04+00:00,0.7605
2025-02-07 13:22:04+00:00,0.7605
2025-02-07 13:23:04+00:00,0.7605
2025-02-07 13:24:04+00:00,0.76
2025-02-07 13:25:04+00:00,0.76
2025-02-07 13:26:04+00:00,0.76
2025-02-07 13:27:04+00:00,0.76
2025-02-07 13:28:04+00:00,0.7605
2025-02-07 13:29:04+00:00,0.76
2025-02-07 13:30:05+00:00,0.7605
2025-02-07 13:31:04+00:00,0.7605
2025-02-07 13:32:04+00:00,0.763
2025-02-07 13:33:05+00:00,0.7655
2025-02-07 13:34:04+00:00,0.7655
2025-02-07 13:35:04+00:00,0.766
2025-02-07 13:36:03+00:00,0.766
2025-02-07 13:37:04+00:00,0.766
2025-02-07 13:38:04+00:00,0.767
2025-02-07 13:39:04+00:00,0.7665
2025-02-07 13:40:04+00:00,0.7665
2025-02-07 13:41:04+00:00,0.7665
2025-02-07 13:42:04+00:00,0.7665
2025-02-07 13:43:04+00:00,0.7665
2025-02-07 13:44:04+00:00,0.7665
2025-02-07 13:45:04+00:00,0.767
2025-02-07 13:46:04+00:00,0.767
2025-02-07 13:47:04+00:00,0.767
2025-02-07 13:48:04+00:00,0.767
2025-02-07 13:49:04+00:00,0.767
2025-02-07 13:50:04+00:00,0.767
2025-02-07 13:51:04+00:00,0.767
2025-02-07 13:52:04+00:00,0.767
2025-02-07 13:53:04+00:00,0.7665
2025-02-07 13:54:04+00:00,0.7665
2025-02-07 13:55:04+00:00,0.7665
2025-02-07 13:56:05+00:00,0.767
2025-02-07 13:57:04+00:00,0.78
2025-02-07 13:58:03+00:00,0.7925
2025-02-07 13:59:04+00:00,0.795
2025-02-07 14:00:05+00:00,0.7995
2025-02-07 14:01:04+00:00,0.7995
2025-02-07 14:02:04+00:00,0.8015
2025-02-07 14:03:04+00:00,0.8005
2025-02-07 14:04:04+00:00,0.8
2025-02-07 14:05:04+00:00,0.799
2025-02-07 14:06:04+00:00,0.799
2025-02-07 14:07:04+00:00,0.799
2025-02-07 14:08:04+00:00,0.799
2025-02-07 14:09:04+00:00,0.8005
2025-02-07 14:10:04+00:00,0.8035
2025-02-07 14:11:04+00:00,0.804
2025-02-07 14:12:04+00:00,0.804
2025-02-07 14:13:04+00:00,0.804
2025-02-07 14:14:04+00:00,0.804
2025-02-07 14:15:04+00:00,0.804
2025-02-07 14:16:04+00:00,0.8035
2025-02-07 14:17:04+00:00,0.804
2025-02-07 14:18:04+00:00,0.804
2025-02-07 14:19:05+00:00,0.804
2025-02-07 14:20:04+00:00,0.809
2025-02-07 14:21:04+00:00,0.8105
2025-02-07 14:22:04+00:00,0.811
2025-02-07 14:23:04+00:00,0.8115
2025-02-07 14:24:04+00:00,0.813
2025-02-07 14:25:04+00:00,0.813
2025-02-07 14:26:04+00:00,0.813
2025-02-07 14:27:04+00:00,0.814
2025-02-07 14:28:05+00:00,0.798
2025-02-07 14:29:04+00:00,0.798
2025-02-07 14:30:05+00:00,0.798
2025-02-07 14:31:05+00:00,0.798
2025-02-07 14:32:04+00:00,0.798
2025-02-07 14:33:04+00:00,0.798
2025-02-07 14:34:04+00:00,0.798
2025-02-07 14:35:04+00:00,0.7955
2025-02-07 14:36:04+00:00,0.806
2025-02-07 14:37:04+00:00,0.8085
2025-02-07 14:38:04+00:00,0.8245
2025-02-07 14:39:04+00:00,0.8255
2025-02-07 14:40:04+00:00,0.8255
2025-02-07 14:41:04+00:00,0.8255
2025-02-07 14:42:04+00:00,0.8255
2025-02-07 14:43:04+00:00,0.8255
2025-02-07 14:44:04+00:00,0.826
2025-02-07 14:45:04+00:00,0.826
2025-02-07 14:46:04+00:00,0.826
2025-02-07 14:47:04+00:00,0.825
2025-02-07 14:48:04+00:00,0.8255
2025-02-07 14:49:05+00:00,0.826
2025-02-07 14:50:05+00:00,0.8265
2025-02-07 14:51:04+00:00,0.8265
2025-02-07 14:52:04+00:00,0.8225
2025-02-07 14:53:04+00:00,0.8175
2025-02-07 14:54:04+00:00,0.818
2025-02-07 14:55:04+00:00,0.8175
2025-02-07 14:56:04+00:00,0.8155
2025-02-07 14:57:04+00:00,0.817
2025-02-07 14:58:04+00:00,0.818
2025-02-07 14:59:04+00:00,0.818
2025-02-07 15:00:04+00:00,0.82
2025-02-07 15:01:04+00:00,0.82
2025-02-07 15:02:04+00:00,0.82
2025-02-07 15:03:04+00:00,0.82
2025-02-07 15:04:05+00:00,0.82
2025-02-07 15:05:05+00:00,0.8205
2025-02-07 15:06:04+00:00,0.8205
2025-02-07 15:07:04+00:00,0.8185
2025-02-07 15:08:04+00:00,0.819
2025-02-07 15:09:04+00:00,0.8195
2025-02-07 15:10:05+00:00,0.82
2025-02-07 15:11:04+00:00,0.8205
2025-02-07 15:12:04+00:00,0.819
2025-02-07 15:13:04+00:00,0.819
2025-02-07 15:14:04+00:00,0.819
2025-02-07 15:15:04+00:00,0.817
2025-02-07 15:16:03+00:00,0.8185
2025-02-07 15:17:04+00:00,0.8185
2025-02-07 15:18:04+00:00,0.8195
2025-02-07 15:19:04+00:00,0.819
2025-02-07 15:20:04+00:00,0.818
2025-02-07 15:21:04+00:00,0.818
2025-02-07 15:22:04+00:00,0.8185
2025-02-07 15:23:04+00:00,0.8185
2025-02-07 15:24:05+00:00,0.813
2025-02-07 15:25:04+00:00,0.81
2025-02-07 15:26:04+00:00,0.814
2025-02-07 15:27:04+00:00,0.814
2025-02-07 15:28:04+00:00,0.814
2025-02-07 15:29:04+00:00,0.815
2025-02-07 15:30:04+00:00,0.8155
2025-02-07 15:31:04+00:00,0.816
2025-02-07 15:32:05+00:00,0.817
2025-02-07 15:33:04+00:00,0.817
2025-02-07 15:34:04+00:00,0.8165
2025-02-07 15:35:04+00:00,0.817
2025-02-07 15:36:04+00:00,0.817
2025-02-07 15:37:04+00:00,0.8135
2025-02-07 15:38:04+00:00,0.8125
2025-02-07 15:39:04+00:00,0.8125
2025-02-07 15:40:05+00:00,0.813
2025-02-07 15:41:04+00:00,0.813
2025-02-07 15:42:04+00:00,0.8135
2025-02-07 15:43:04+00:00,0.814
2025-02-07 15:44:04+00:00,0.8135
2025-02-07 15:45:04+00:00,0.815
2025-02-07 15:46:04+00:00,0.8155
2025-02-07 15:47:04+00:00,0.8165
2025-02-07 15:48:04+00:00,0.8215
2025-02-07 15:49:04+00:00,0.807
2025-02-07 15:50:05+00:00,0.808
2025-02-07 15:51:04+00:00,0.808
2025-02-07 15:52:04+00:00,0.8085
2025-02-07 15:53:04+00:00,0.8085
2025-02-07 15:54:04+00:00,0.809
2025-02-07 15:55:04+00:00,0.81
2025-02-07 15:56:04+00:00,0.816
2025-02-07 15:57:04+00:00,0.8155
2025-02-07 15:58:04+00:00,0.814
2025-02-07 15:59:04+00:00,0.813
2025-02-07 16:00:04+00:00,0.8145
2025-02-07 16:01:04+00:00,0.8145
2025-02-07 16:02:04+00:00,0.815
2025-02-07 16:03:04+00:00,0.815
2025-02-07 16:04:04+00:00,0.815
2025-02-07 16:05:04+00:00,0.8225
2025-02-07 16:06:04+00:00,0.8245
2025-02-07 16:07:04+00:00,0.8255
2025-02-07 16:08:04+00:00,0.8255
2025-02-07 16:09:04+00:00,0.828
2025-02-07 16:10:04+00:00,0.8295
2025-02-07 16:11:04+00:00,0.8315
2025-02-07 16:12:04+00:00,0.8305
2025-02-07 16:13:04+00:00,0.8325
2025-02-07 16:14:04+00:00,0.8365
2025-02-07 16:15:05+00:00,0.837
2025-02-07 16:16:04+00:00,0.839
2025-02-07 16:17:04+00:00,0.914
2025-02-07 16:18:04+00:00,0.9205
2025-02-07 16:19:04+00:00,0.924
2025-02-07 16:20:04+00:00,0.94
2025-02-07 16:21:04+00:00,0.9585
2025-02-07 16:22:05+00:00,0.9625
2025-02-07 16:23:04+00:00,0.976
2025-02-07 16:24:05+00:00,0.9995
2025-02-07 16:25:04+00:00,0.995
2025-02-07 16:26:04+00:00,0.995
2025-02-07 16:27:04+00:00,0.995
2025-02-07 16:28:04+00:00,0.9955
2025-02-07 16:29:04+00:00,0.9955
2025-02-07 16:30:04+00:00,0.996
2025-02-07 16:31:04+00:00,0.996
2025-02-07 16:32:04+00:00,0.996
2025-02-07 16:33:04+00:00,0.996
2025-02-07 16:34:04+00:00,0.9965
2025-02-07 16:35:04+00:00,0.997
2025-02-07 16:36:04+00:00,0.997
2025-02-07 16:37:04+00:00,0.9985
2025-02-07 16:38:04+00:00,0.9985
2025-02-07 16:39:04+00:00,0.9985
2025-02-07 16:40:04+00:00,0.9985
2025-02-07 16:41:04+00:00,0.9985
2025-02-07 16:42:04+00:00,0.9985
2025-02-07 16:43:04+00:00,0.9985
2025-02-07 16:44:04+00:00,0.9985
2025-02-07 16:45:04+00:00,0.9985
2025-02-07 16:46:04+00:00,0.999
2025-02-07 16:47:04+00:00,0.9985
2025-02-07 16:48:05+00:00,0.9985
2025-02-07 16:49:04+00:00,0.9985
2025-02-07 16:50:04+00:00,0.9985
2025-02-07 16:51:04+00:00,0.9985
2025-02-07 16:52:04+00:00,0.9985
2025-02-07 16:53:04+00:00,0.9985
2025-02-07 16:54:04+00:00,0.9985
2025-02-07 16:55:04+00:00,0.9985
2025-02-07 16:56:04+00:00,0.9985
2025-02-07 16:57:04+00:00,0.9985
2025-02-07 16:58:04+00:00,0.9985
2025-02-07 16:59:04+00:00,0.9975
2025-02-07 17:00:04+00:00,0.9975
2025-02-07 17:01:04+00:00,0.9955
2025-02-07 17:02:04+00:00,0.9955
2025-02-07 17:03:04+00:00,0.9955
2025-02-07 17:04:05+00:00,0.9955
2025-02-07 17:05:04+00:00,0.9955
2025-02-07 17:06:04+00:00,0.9955
2025-02-07 17:07:04+00:00,0.9955
2025-02-07 17:08:05+00:00,0.9955
2025-02-07 17:09:05+00:00,0.996
2025-02-07 17:10:04+00:00,0.9965
2025-02-07 17:11:04+00:00,0.997
2025-02-07 17:12:04+00:00,0.997
2025-02-07 17:13:04+00:00,0.9965
2025-02-07 17:14:04+00:00,0.9965
2025-02-07 17:15:04+00:00,0.9965
2025-02-07 17:16:04+00:00,0.9965
2025-02-07 17:17:04+00:00,0.9965
2025-02-07 17:18:03+00:00,0.9965
2025-02-07 17:19:04+00:00,0.9965
2025-02-07 17:20:04+00:00,0.9965
2025-02-07 17:21:04+00:00,0.996
2025-02-07 17:22:05+00:00,0.996
2025-02-07 17:23:05+00:00,0.996
2025-02-07 17:24:04+00:00,0.996
2025-02-07 17:25:04+00:00,0.996
2025-02-07 17:26:05+00:00,0.996
2025-02-07 17:27:04+00:00,0.9965
2025-02-07 17:28:04+00:00,0.9965
2025-02-07 17:29:05+00:00,0.9965
2025-02-07 17:30:04+00:00,0.996
2025-02-07 17:31:04+00:00,0.996
2025-02-07 17:32:04+00:00,0.996
2025-02-07 17:33:04+00:00,0.996
2025-02-07 17:34:04+00:00,0.996
2025-02-07 17:35:05+00:00,0.996
2025-02-07 17:36:04+00:00,0.996
2025-02-07 17:37:04+00:00,0.996
2025-02-07 17:38:05+00:00,0.996
2025-02-07 17:39:04+00:00,0.9965
2025-02-07 17:40:05+00:00,0.9965
2025-02-07 17:41:04+00:00,0.9965
2025-02-07 17:42:04+00:00,0.9965
2025-02-07 17:43:04+00:00,0.9965
2025-02-07 17:44:04+00:00,0.9965
2025-02-07 17:45:04+00:00,0.9965
2025-02-07 17:46:04+00:00,0.9965
2025-02-07 17:47:04+00:00,0.9965
2025-02-07 17:48:04+00:00,0.9965
2025-02-07 17:49:04+00:00,0.9965
2025-02-07 17:50:04+00:00,0.9965
2025-02-07 17:51:04+00:00,0.996
2025-02-07 17:52:04+00:00,0.996
2025-02-07 17:53:04+00:00,0.996
2025-02-07 17:54:04+00:00,0.996
2025-02-07 17:55:04+00:00,0.996
2025-02-07 17:56:04+00:00,0.996
2025-02-07 17:57:04+00:00,0.996
2025-02-07 17:58:04+00:00,0.996
2025-02-07 17:59:04+00:00,0.996
2025-02-07 18:00:05+00:00,0.996
2025-02-07 18:01:04+00:00,0.996
2025-02-07 18:02:04+00:00,0.996
2025-02-07 18:03:04+00:00,0.996
2025-02-07 18:04:04+00:00,0.996
2025-02-07 18:05:04+00:00,0.9945
2025-02-07 18:06:04+00:00,0.9955
2025-02-07 18:07:04+00:00,0.995
2025-02-07 18:08:04+00:00,0.995
2025-02-07 18:09:04+00:00,0.995
2025-02-07 18:10:04+00:00,0.995
2025-02-07 18:11:04+00:00,0.995
2025-02-07 18:12:05+00:00,0.995
2025-02-07 18:13:04+00:00,0.995
2025-02-07 18:14:04+00:00,0.995
2025-02-07 18:15:04+00:00,0.995
2025-02-07 18:16:04+00:00,0.996
2025-02-07 18:17:04+00:00,0.996
2025-02-07 18:18:05+00:00,0.996
2025-02-07 18:19:04+00:00,0.996
2025-02-07 18:20:04+00:00,0.9945
2025-02-07 18:21:04+00:00,0.9955
2025-02-07 18:22:04+00:00,0.9955
2025-02-07 18:23:04+00:00,0.9955
2025-02-07 18:24:05+00:00,0.9955
2025-02-07 18:25:04+00:00,0.9955
2025-02-07 18:26:04+00:00,0.9955
2025-02-07 18:27:04+00:00,0.9955
2025-02-07 18:28:04+00:00,0.9955
2025-02-07 18:29:04+00:00,0.9935
2025-02-07 18:30:05+00:00,0.9935
2025-02-07 18:31:04+00:00,0.9935
2025-02-07 18:32:04+00:00,0.9935
2025-02-07 18:33:04+00:00,0.9935
2025-02-07 18:34:04+00:00,0.9935
2025-02-07 18:35:05+00:00,0.9935
2025-02-07 18:36:04+00:00,0.9935
2025-02-07 18:37:04+00:00,0.9955
2025-02-07 18:38:04+00:00,0.9955
2025-02-07 18:39:04+00:00,0.9955
2025-02-07 18:40:04+00:00,0.9955
2025-02-07 18:41:04+00:00,0.9955
2025-02-07 18:42:04+00:00,0.996
2025-02-07 18:43:04+00:00,0.9955
2025-02-07 18:44:04+00:00,0.995
2025-02-07 18:45:05+00:00,0.995
2025-02-07 18:46:04+00:00,0.995
2025-02-07 18:47:04+00:00,0.995
2025-02-07 18:48:04+00:00,0.995
2025-02-07 18:49:04+00:00,0.995
2025-02-07 18:50:05+00:00,0.995
2025-02-07 18:51:04+00:00,0.995
2025-02-07 18:52:05+00:00,0.995
2025-02-07 18:53:04+00:00,0.995
2025-02-07 18:54:04+00:00,0.995
2025-02-07 18:55:04+00:00,0.996
2025-02-07 18:56:05+00:00,0.996
2025-02-07 18:57:04+00:00,0.995
2025-02-07 18:58:04+00:00,0.9955
2025-02-07 18:59:04+00:00,0.9955
2025-02-07 19:00:05+00:00,0.9955
2025-02-07 19:01:04+00:00,0.996
2025-02-07 19:02:04+00:00,0.996
2025-02-07 19:03:04+00:00,0.996
2025-02-07 19:04:04+00:00,0.996
2025-02-07 19:05:05+00:00,0.996
2025-02-07 19:06:05+00:00,0.996
2025-02-07 19:07:04+00:00,0.996
2025-02-07 19:08:04+00:00,0.996
2025-02-07 19:09:04+00:00,0.996
2025-02-07 19:10:05+00:00,0.996
2025-02-07 19:11:04+00:00,0.996
2025-02-07 19:12:04+00:00,0.996
2025-02-07 19:13:04+00:00,0.996
2025-02-07 19:14:04+00:00,0.996
2025-02-07 19:15:04+00:00,0.996
2025-02-07 19:16:05+00:00,0.996
2025-02-07 19:17:05+00:00,0.996
2025-02-07 19:18:04+00:00,0.996
2025-02-07 19:19:04+00:00,0.996
2025-02-07 19:20:05+00:00,0.9945
2025-02-07 19:21:04+00:00,0.9945
2025-02-07 19:22:04+00:00,0.9945
2025-02-07 19:23:04+00:00,0.9945
2025-02-07 19:24:05+00:00,0.9945
2025-02-07 19:25:04+00:00,0.9945
2025-02-07 19:26:04+00:00,0.9945
2025-02-07 19:27:04+00:00,0.991
2025-02-07 19:28:04+00:00,0.9925
2025-02-07 19:29:04+00:00,0.9925
2025-02-07 19:30:05+00:00,0.9925
2025-02-07 19:31:04+00:00,0.9925
2025-02-07 19:32:05+00:00,0.9925
2025-02-07 19:33:04+00:00,0.9925
2025-02-07 19:34:05+00:00,0.9925
2025-02-07 19:35:05+00:00,0.9925
2025-02-07 19:36:04+00:00,0.993
2025-02-07 19:37:04+00:00,0.9925
2025-02-07 19:38:04+00:00,0.989
2025-02-07 19:39:04+00:00,0.989
2025-02-07 19:40:04+00:00,0.989
2025-02-07 19:41:04+00:00,0.989
2025-02-07 19:42:04+00:00,0.989
2025-02-07 19:43:04+00:00,0.989
2025-02-07 19:44:04+00:00,0.989
2025-02-07 19:45:04+00:00,0.989
2025-02-07 19:46:04+00:00,0.989
2025-02-07 19:47:04+00:00,0.9885
2025-02-07 19:48:04+00:00,0.9885
2025-02-07 19:49:04+00:00,0.9885
2025-02-07 19:50:05+00:00,0.9885
2025-02-07 19:51:04+00:00,0.9885
2025-02-07 19:52:04+00:00,0.9885
2025-02-07 19:53:04+00:00,0.9885
2025-02-07 19:54:05+00:00,0.989
2025-02-07 19:55:04+00:00,0.989
2025-02-07 19:56:04+00:00,0.989
2025-02-07 19:57:04+00:00,0.989
2025-02-07 19:58:04+00:00,0.989
2025-02-07 19:59:04+00:00,0.989
2025-02-07 20:00:04+00:00,0.989
2025-02-07 20:01:04+00:00,0.989
2025-02-07 20:02:04+00:00,0.9885
2025-02-07 20:03:04+00:00,0.9885
2025-02-07 20:04:04+00:00,0.9885
2025-02-07 20:05:04+00:00,0.9885
2025-02-07 20:06:04+00:00,0.9885
2025-02-07 20:07:05+00:00,0.9885
2025-02-07 20:08:04+00:00,0.9885
2025-02-07 20:09:04+00:00,0.988
2025-02-07 20:10:04+00:00,0.989
2025-02-07 20:11:04+00:00,0.9885
2025-02-07 20:12:04+00:00,0.9895
2025-02-07 20:13:04+00:00,0.9905
2025-02-07 20:14:04+00:00,0.991
2025-02-07 20:15:04+00:00,0.9905
2025-02-07 20:16:04+00:00,0.991
2025-02-07 20:17:04+00:00,0.9915
2025-02-07 20:18:05+00:00,0.991
2025-02-07 20:19:04+00:00,0.9895
2025-02-07 20:20:05+00:00,0.9895
2025-02-07 20:21:05+00:00,0.9905
2025-02-07 20:22:05+00:00,0.9905
2025-02-07 20:23:05+00:00,0.991
2025-02-07 20:24:04+00:00,0.991
2025-02-07 20:25:04+00:00,0.9895
2025-02-07 20:26:05+00:00,0.9895
2025-02-07 20:27:04+00:00,0.991
2025-02-07 20:28:04+00:00,0.9915
2025-02-07 20:29:04+00:00,0.9895
2025-02-07 20:30:05+00:00,0.9895
2025-02-07 20:31:04+00:00,0.9905
2025-02-07 20:32:05+00:00,0.9905
2025-02-07 20:33:04+00:00,0.991
2025-02-07 20:34:05+00:00,0.991
2025-02-07 20:35:04+00:00,0.99
2025-02-07 20:36:04+00:00,0.99
2025-02-07 20:37:03+00:00,0.991
2025-02-07 20:38:04+00:00,0.9905
2025-02-07 20:39:04+00:00,0.99
2025-02-07 20:40:04+00:00,0.9915
2025-02-07 20:41:04+00:00,0.991
2025-02-07 20:42:04+00:00,0.992
2025-02-07 20:43:04+00:00,0.9905
2025-02-07 20:44:04+00:00,0.99
2025-02-07 20:45:04+00:00,0.9905
2025-02-07 20:46:04+00:00,0.991
2025-02-07 20:47:04+00:00,0.991
2025-02-07 20:48:04+00:00,0.991
2025-02-07 20:49:05+00:00,0.99
2025-02-07 20:50:04+00:00,0.99
2025-02-07 20:51:04+00:00,0.99
2025-02-07 20:52:04+00:00,0.9905
2025-02-07 20:53:05+00:00,0.9905
2025-02-07 20:54:04+00:00,0.9905
2025-02-07 20:55:04+00:00,0.9905
2025-02-07 20:56:04+00:00,0.9905
2025-02-07 20:57:05+00:00,0.9905
2025-02-07 20:58:04+00:00,0.9905
2025-02-07 20:59:04+00:00,0.9905
2025-02-07 21:00:05+00:00,0.9905
2025-02-07 21:01:05+00:00,0.9905
2025-02-07 21:02:04+00:00,0.9905
2025-02-07 21:03:04+00:00,0.9895
2025-02-07 21:04:04+00:00,0.989
2025-02-07 21:05:04+00:00,0.989
2025-02-07 21:06:04+00:00,0.989
2025-02-07 21:07:04+00:00,0.99
2025-02-07 21:08:05+00:00,0.99
2025-02-07 21:09:04+00:00,0.99
2025-02-07 21:10:04+00:00,0.99
2025-02-07 21:11:04+00:00,0.99
2025-02-07 21:12:04+00:00,0.992
2025-02-07 21:13:04+00:00,0.992
2025-02-07 21:14:04+00:00,0.992
2025-02-07 21:15:04+00:00,0.992
2025-02-07 21:16:04+00:00,0.992
2025-02-07 21:17:04+00:00,0.992
2025-02-07 21:18:04+00:00,0.992
2025-02-07 21:19:04+00:00,0.992
2025-02-07 21:20:04+00:00,0.992
2025-02-07 21:21:04+00:00,0.992
2025-02-07 21:22:04+00:00,0.992
2025-02-07 21:23:04+00:00,0.992
2025-02-07 21:24:04+00:00,0.99
2025-02-07 21:25:04+00:00,0.991
2025-02-07 21:26:04+00:00,0.99
2025-02-07 21:27:04+00:00,0.9905
2025-02-07 21:28:04+00:00,0.9905
2025-02-07 21:29:05+00:00,0.99
2025-02-07 21:30:05+00:00,0.99
2025-02-07 21:31:04+00:00,0.99
2025-02-07 21:32:04+00:00,0.99
2025-02-07 21:33:04+00:00,0.99
2025-02-07 21:34:04+00:00,0.99
2025-02-07 21:35:05+00:00,0.99
2025-02-07 21:36:04+00:00,0.99
2025-02-07 21:37:04+00:00,0.99
2025-02-07 21:38:04+00:00,0.9905
2025-02-07 21:39:04+00:00,0.991
2025-02-07 21:40:05+00:00,0.991
2025-02-07 21:41:04+00:00,0.99
2025-02-07 21:42:04+00:00,0.99
2025-02-07 21:43:04+00:00,0.991
2025-02-07 21:44:04+00:00,0.9905
2025-02-07 21:45:04+00:00,0.9915
2025-02-07 21:46:04+00:00,0.9915
2025-02-07 21:47:04+00:00,0.99
2025-02-07 21:48:05+00:00,0.99
2025-02-07 21:49:04+00:00,0.99
2025-02-07 21:50:04+00:00,0.99
2025-02-07 21:51:04+00:00,0.99
2025-02-07 21:52:04+00:00,0.99
2025-02-07 21:53:04+00:00,0.99
2025-02-07 21:54:04+00:00,0.991
2025-02-07 21:55:04+00:00,0.99
2025-02-07 21:56:04+00:00,0.99
2025-02-07 21:57:04+00:00,0.9905
2025-02-07 21:58:04+00:00,0.9905
2025-02-07 21:59:04+00:00,0.9915
2025-02-07 22:00:05+00:00,0.991
2025-02-07 22:01:04+00:00,0.99
2025-02-07 22:02:04+00:00,0.99
2025-02-07 22:03:04+00:00,0.99
2025-02-07 22:04:04+00:00,0.9905
2025-02-07 22:05:04+00:00,0.991
2025-02-07 22:06:04+00:00,0.991
2025-02-07 22:07:04+00:00,0.99
2025-02-07 22:08:04+00:00,0.99
2025-02-07 22:09:04+00:00,0.991
2025-02-07 22:10:04+00:00,0.991
2025-02-07 22:11:04+00:00,0.99
2025-02-07 22:12:04+00:00,0.99
2025-02-07 22:13:05+00:00,0.9895
2025-02-07 22:14:04+00:00,0.9895
2025-02-07 22:15:05+00:00,0.9895
2025-02-07 22:16:04+00:00,0.9905
2025-02-07 22:17:04+00:00,0.9895
2025-02-07 22:18:04+00:00,0.9895
2025-02-07 22:19:04+00:00,0.99
2025-02-07 22:20:04+00:00,0.99
2025-02-07 22:21:04+00:00,0.9895
2025-02-07 22:22:04+00:00,0.9895
2025-02-07 22:23:04+00:00,0.99
2025-02-07 22:24:05+00:00,0.99
2025-02-07 22:25:04+00:00,0.9895
2025-02-07 22:26:04+00:00,0.9895
2025-02-07 22:27:04+00:00,0.99
2025-02-07 22:28:04+00:00,0.9905
2025-02-07 22:29:04+00:00,0.99
2025-02-07 22:30:05+00:00,0.99
2025-02-07 22:31:04+00:00,0.9895
2025-02-07 22:32:04+00:00,0.99
2025-02-07 22:33:04+00:00,0.991
2025-02-07 22:34:05+00:00,0.9905
2025-02-07 22:35:04+00:00,0.9895
2025-02-07 22:36:05+00:00,0.9895
2025-02-07 22:37:04+00:00,0.9895
2025-02-07 22:38:04+00:00,0.99
2025-02-07 22:39:04+00:00,0.99
2025-02-07 22:40:04+00:00,0.99
2025-02-07 22:41:04+00:00,0.99
2025-02-07 22:42:04+00:00,0.9895
2025-02-07 22:43:04+00:00,0.99
2025-02-07 22:44:04+00:00,0.9895
2025-02-07 22:45:04+00:00,0.99
2025-02-07 22:46:04+00:00,0.99
2025-02-07 22:47:04+00:00,0.9905
2025-02-07 22:48:04+00:00,0.9905
2025-02-07 22:49:04+00:00,0.991
2025-02-07 22:50:04+00:00,0.991
2025-02-07 22:51:04+00:00,0.9905
2025-02-07 22:52:05+00:00,0.9905
2025-02-07 22:53:04+00:00,0.991
2025-02-07 22:54:05+00:00,0.991
2025-02-07 22:55:05+00:00,0.9905
2025-02-07 22:56:04+00:00,0.9905
2025-02-07 22:57:04+00:00,0.991
2025-02-07 22:58:04+00:00,0.991
2025-02-07 22:59:04+00:00,0.9905
2025-02-07 23:00:04+00:00,0.9905
2025-02-07 23:01:04+00:00,0.9905
2025-02-07 23:02:04+00:00,0.9905
2025-02-07 23:03:04+00:00,0.991
2025-02-07 23:04:04+00:00,0.991
2025-02-07 23:05:05+00:00,0.9905
2025-02-07 23:06:04+00:00,0.9905
2025-02-07 23:07:04+00:00,0.991
2025-02-07 23:08:04+00:00,0.991
2025-02-07 23:09:04+00:00,0.9905
2025-02-07 23:10:05+00:00,0.9905
2025-02-07 23:11:04+00:00,0.991
2025-02-07 23:12:04+00:00,0.991
2025-02-07 23:13:04+00:00,0.9905
2025-02-07 23:14:04+00:00,0.9905
2025-02-07 23:15:04+00:00,0.991
2025-02-07 23:16:04+00:00,0.991
2025-02-07 23:17:04+00:00,0.9905
2025-02-07 23:18:04+00:00,0.9905
2025-02-07 23:19:04+00:00,0.991
2025-02-07 23:20:04+00:00,0.991
2025-02-07 23:21:04+00:00,0.9905
2025-02-07 23:22:04+00:00,0.9905
2025-02-07 23:23:04+00:00,0.991
2025-02-07 23:24:04+00:00,0.991
2025-02-07 23:25:04+00:00,0.991
2025-02-07 23:26:04+00:00,0.9905
2025-02-07 23:27:04+00:00,0.991
2025-02-07 23:28:04+00:00,0.991
2025-02-07 23:29:04+00:00,0.991
2025-02-07 23:30:04+00:00,0.991
2025-02-07 23:31:04+00:00,0.991
2025-02-07 23:32:04+00:00,0.991
2025-02-07 23:33:04+00:00,0.9905
2025-02-07 23:34:05+00:00,0.9905
2025-02-07 23:35:04+00:00,0.9905
2025-02-07 23:36:04+00:00,0.9905
2025-02-07 23:37:04+00:00,0.9905
2025-02-07 23:38:04+00:00,0.991
2025-02-07 23:39:04+00:00,0.9905
2025-02-07 23:40:04+00:00,0.9905
2025-02-07 23:41:04+00:00,0.991
2025-02-07 23:42:04+00:00,0.991
2025-02-07 23:43:03+00:00,0.9905
2025-02-07 23:44:04+00:00,0.9905
2025-02-07 23:45:05+00:00,0.9895
2025-02-07 23:46:04+00:00,0.99
2025-02-07 23:47:04+00:00,0.99
2025-02-07 23:48:04+00:00,0.99
2025-02-07 23:49:04+00:00,0.99
2025-02-07 23:50:04+00:00,0.99
2025-02-07 23:51:04+00:00,0.99
2025-02-07 23:52:04+00:00,0.99
2025-02-07 23:53:04+00:00,0.99
2025-02-07 23:54:05+00:00,0.99
2025-02-07 23:55:04+00:00,0.99
2025-02-07 23:56:04+00:00,0.9895
2025-02-07 23:57:04+00:00,0.988
2025-02-07 23:58:04+00:00,0.988
2025-02-07 23:59:05+00:00,0.988
2025-02-08 00:00:04+00:00,0.988
2025-02-08 00:01:04+00:00,0.988
2025-02-08 00:02:04+00:00,0.9885
2025-02-08 00:03:05+00:00,0.9885
2025-02-08 00:04:04+00:00,0.9885
2025-02-08 00:05:04+00:00,0.9885
2025-02-08 00:06:04+00:00,0.988
2025-02-08 00:07:04+00:00,0.9885
2025-02-08 00:08:04+00:00,0.9885
2025-02-08 00:09:04+00:00,0.9885
2025-02-08 00:10:04+00:00,0.9885
2025-02-08 00:11:04+00:00,0.988
2025-02-08 00:12:04+00:00,0.9885
2025-02-08 00:13:04+00:00,0.9885
2025-02-08 00:14:05+00:00,0.9885
2025-02-08 00:15:04+00:00,0.9885
2025-02-08 00:16:04+00:00,0.988
2025-02-08 00:17:04+00:00,0.9885
2025-02-08 00:18:04+00:00,0.9885
2025-02-08 00:19:04+00:00,0.9885
2025-02-08 00:20:04+00:00,0.9885
2025-02-08 00:21:04+00:00,0.988
2025-02-08 00:22:05+00:00,0.988
2025-02-08 00:23:04+00:00,0.988
2025-02-08 00:24:05+00:00,0.988
2025-02-08 00:25:04+00:00,0.9885
2025-02-08 00:26:04+00:00,0.988
2025-02-08 00:27:04+00:00,0.9885
2025-02-08 00:28:04+00:00,0.9885
2025-02-08 00:29:04+00:00,0.9885
2025-02-08 00:30:04+00:00,0.9885
2025-02-08 00:31:05+00:00,0.988
2025-02-08 00:32:04+00:00,0.9895
2025-02-08 00:33:04+00:00,0.9895
2025-02-08 00:34:04+00:00,0.9895
2025-02-08 00:35:05+00:00,0.9915
2025-02-08 00:36:05+00:00,0.99
2025-02-08 00:37:04+00:00,0.9915
2025-02-08 00:38:04+00:00,0.9915
2025-02-08 00:39:04+00:00,0.9915
2025-02-08 00:40:04+00:00,0.9915
2025-02-08 00:41:04+00:00,0.99
2025-02-08 00:42:04+00:00,0.9915
2025-02-08 00:43:04+00:00,0.9915
2025-02-08 00:44:05+00:00,0.9915
2025-02-08 00:45:04+00:00,0.9915
2025-02-08 00:46:04+00:00,0.99
2025-02-08 00:47:05+00:00,0.9915
2025-02-08 00:48:04+00:00,0.9915
2025-02-08 00:49:04+00:00,0.9915
2025-02-08 00:50:04+00:00,0.9915
2025-02-08 00:51:04+00:00,0.9915
2025-02-08 00:52:04+00:00,0.9905
2025-02-08 00:53:04+00:00,0.9905
2025-02-08 00:54:04+00:00,0.9915
2025-02-08 00:55:04+00:00,0.9915
2025-02-08 00:56:04+00:00,0.9915
2025-02-08 00:57:04+00:00,0.9915
2025-02-08 00:58:04+00:00,0.9915
2025-02-08 00:59:04+00:00,0.9915
2025-02-08 01:00:04+00:00,0.9915
2025-02-08 01:01:04+00:00,0.9915
2025-02-08 01:02:04+00:00,0.9905
2025-02-08 01:03:04+00:00,0.9915
2025-02-08 01:04:04+00:00,0.9915
2025-02-08 01:05:04+00:00,0.9915
2025-02-08 01:06:04+00:00,0.9915
2025-02-08 01:07:04+00:00,0.9915
2025-02-08 01:08:04+00:00,0.9905
2025-02-08 01:09:04+00:00,0.99
2025-02-08 01:10:05+00:00,0.99
2025-02-08 01:11:04+00:00,0.9895
2025-02-08 01:12:04+00:00,0.9895
2025-02-08 01:13:04+00:00,0.99
2025-02-08 01:14:04+00:00,0.9895
2025-02-08 01:15:05+00:00,0.9895
2025-02-08 01:16:05+00:00,0.9895
2025-02-08 01:17:04+00:00,0.99
2025-02-08 01:18:04+00:00,0.9895
2025-02-08 01:19:04+00:00,0.9895
2025-02-08 01:20:04+00:00,0.9895
2025-02-08 01:21:04+00:00,0.9895
2025-02-08 01:22:04+00:00,0.99
2025-02-08 01:23:04+00:00,0.99
2025-02-08 01:24:04+00:00,0.9895
2025-02-08 01:25:04+00:00,0.9895
2025-02-08 01:26:04+00:00,0.9895
2025-02-08 01:27:04+00:00,0.99
2025-02-08 01:28:04+00:00,0.9895
2025-02-08 01:29:04+00:00,0.9895
2025-02-08 01:30:04+00:00,0.9895
2025-02-08 01:31:04+00:00,0.9895
2025-02-08 01:32:04+00:00,0.9895
2025-02-08 01:33:04+00:00,0.9895
2025-02-08 01:34:04+00:00,0.9895
2025-02-08 01:35:04+00:00,0.9895
2025-02-08 01:36:05+00:00,0.9895
2025-02-08 01:37:04+00:00,0.99
2025-02-08 01:38:05+00:00,0.9905
2025-02-08 01:39:05+00:00,0.9905
2025-02-08 01:40:04+00:00,0.991
2025-02-08 01:41:04+00:00,0.9905
2025-02-08 01:42:04+00:00,0.9905
2025-02-08 01:43:04+00:00,0.9905
2025-02-08 01:44:04+00:00,0.9905
2025-02-08 01:45:03+00:00,0.9905
2025-02-08 01:46:04+00:00,0.9905
2025-02-08 01:47:04+00:00,0.991
2025-02-08 01:48:05+00:00,0.9905
2025-02-08 01:49:04+00:00,0.991
2025-02-08 01:50:05+00:00,0.9905
2025-02-08 01:51:05+00:00,0.991
2025-02-08 01:52:04+00:00,0.991
2025-02-08 01:53:04+00:00,0.9905
2025-02-08 01:54:04+00:00,0.9905
2025-02-08 01:55:05+00:00,0.9905
2025-02-08 01:56:04+00:00,0.9905
2025-02-08 01:57:04+00:00,0.9905
2025-02-08 01:58:04+00:00,0.9905
2025-02-08 01:59:05+00:00,0.991
2025-02-08 02:00:04+00:00,0.9905
2025-02-08 02:01:05+00:00,0.9905
2025-02-08 02:02:05+00:00,0.9905
2025-02-08 02:03:04+00:00,0.9905
2025-02-08 02:04:04+00:00,0.9905
2025-02-08 02:05:04+00:00,0.9905
2025-02-08 02:06:04+00:00,0.991
2025-02-08 02:07:04+00:00,0.9905
2025-02-08 02:08:04+00:00,0.991
2025-02-08 02:09:04+00:00,0.9905
2025-02-08 02:10:05+00:00,0.9905
2025-02-08 02:11:05+00:00,0.9905
2025-02-08 02:12:05+00:00,0.9905
2025-02-08 02:13:04+00:00,0.9905
2025-02-08 02:14:04+00:00,0.991
2025-02-08 02:15:04+00:00,0.9905
2025-02-08 02:16:04+00:00,0.9905
2025-02-08 02:17:04+00:00,0.991
2025-02-08 02:18:05+00:00,0.9905
2025-02-08 02:19:04+00:00,0.9905
2025-02-08 02:20:04+00:00,0.9905
2025-02-08 02:21:05+00:00,0.9905
2025-02-08 02:22:04+00:00,0.991
2025-02-08 02:23:04+00:00,0.9905
2025-02-08 02:24:05+00:00,0.9905
2025-02-08 02:25:04+00:00,0.991
2025-02-08 02:26:05+00:00,0.991
2025-02-08 02:27:04+00:00,0.991
2025-02-08 02:28:04+00:00,0.991
2025-02-08 02:29:05+00:00,0.9905
2025-02-08 02:30:05+00:00,0.9905
2025-02-08 02:31:04+00:00,0.9905
2025-02-08 02:32:04+00:00,0.9905
2025-02-08 02:33:04+00:00,0.9905
2025-02-08 02:34:05+00:00,0.991
2025-02-08 02:35:05+00:00,0.991
2025-02-08 02:36:04+00:00,0.9905
2025-02-08 02:37:05+00:00,0.991
2025-02-08 02:38:04+00:00,0.987
2025-02-08 02:39:04+00:00,0.987
2025-02-08 02:40:05+00:00,0.987
2025-02-08 02:41:04+00:00,0.987
2025-02-08 02:42:04+00:00,0.987
2025-02-08 02:43:04+00:00,0.987
2025-02-08 02:44:05+00:00,0.987
2025-02-08 02:45:05+00:00,0.987
2025-02-08 02:46:04+00:00,0.987
2025-02-08 02:47:05+00:00,0.987
2025-02-08 02:48:05+00:00,0.987
2025-02-08 02:49:04+00:00,0.987
2025-02-08 02:50:05+00:00,0.987
2025-02-08 02:51:04+00:00,0.987
2025-02-08 02:52:05+00:00,0.987
2025-02-08 02:53:05+00:00,0.987
2025-02-08 02:54:05+00:00,0.987
2025-02-08 02:55:05+00:00,0.987
2025-02-08 02:56:04+00:00,0.987
2025-02-08 02:57:04+00:00,0.987
2025-02-08 02:58:04+00:00,0.987
2025-02-08 02:59:04+00:00,0.987
2025-02-08 03:00:05+00:00,0.9895
2025-02-08 03:01:04+00:00,0.9895
2025-02-08 03:02:04+00:00,0.9895
2025-02-08 03:03:04+00:00,0.9895
2025-02-08 03:04:05+00:00,0.9895
2025-02-08 03:05:05+00:00,0.9895
2025-02-08 03:06:04+00:00,0.9895
2025-02-08 03:07:04+00:00,0.9895
2025-02-08 03:08:04+00:00,0.9895
2025-02-08 03:09:04+00:00,0.9895
2025-02-08 03:10:05+00:00,0.9895
2025-02-08 03:11:05+00:00,0.9895
2025-02-08 03:12:04+00:00,0.9895
2025-02-08 03:13:04+00:00,0.9895
2025-02-08 03:14:04+00:00,0.9895
2025-02-08 03:15:04+00:00,0.9895
2025-02-08 03:16:05+00:00,0.9895
2025-02-08 03:17:04+00:00,0.9895
2025-02-08 03:18:04+00:00,0.9895
2025-02-08 03:19:03+00:00,0.9895
2025-02-08 03:20:04+00:00,0.9865
2025-02-08 03:21:04+00:00,0.9865
2025-02-08 03:22:04+00:00,0.9865
2025-02-08 03:23:04+00:00,0.9865
2025-02-08 03:24:05+00:00,0.9865
2025-02-08 03:25:05+00:00,0.9865
2025-02-08 03:26:05+00:00,0.9865
2025-02-08 03:27:04+00:00,0.9865
2025-02-08 03:28:04+00:00,0.9865
2025-02-08 03:29:04+00:00,0.9865
2025-02-08 03:30:04+00:00,0.9865
2025-02-08 03:31:04+00:00,0.9865
2025-02-08 03:32:04+00:00,0.9865
2025-02-08 03:33:04+00:00,0.9865
2025-02-08 03:34:05+00:00,0.9865
2025-02-08 03:35:05+00:00,0.9865
2025-02-08 03:36:05+00:00,0.9865
2025-02-08 03:37:04+00:00,0.9865
2025-02-08 03:38:04+00:00,0.9865
2025-02-08 03:39:04+00:00,0.9865
2025-02-08 03:40:05+00:00,0.9865
2025-02-08 03:41:05+00:00,0.9865
2025-02-08 03:42:04+00:00,0.9865
2025-02-08 03:43:04+00:00,0.9865
2025-02-08 03:44:05+00:00,0.9865
2025-02-08 03:45:04+00:00,0.9865
2025-02-08 03:46:04+00:00,0.9865
2025-02-08 03:47:04+00:00,0.9865
2025-02-08 03:48:04+00:00,0.9865
2025-02-08 03:49:04+00:00,0.9865
2025-02-08 03:50:05+00:00,0.9865
2025-02-08 03:51:04+00:00,0.9865
2025-02-08 03:52:04+00:00,0.9865
2025-02-08 03:53:04+00:00,0.9865
2025-02-08 03:54:05+00:00,0.9865
2025-02-08 03:55:05+00:00,0.9865
2025-02-08 03:56:04+00:00,0.9865
2025-02-08 03:57:04+00:00,0.9865
2025-02-08 03:58:04+00:00,0.9855
2025-02-08 03:59:04+00:00,0.9855
2025-02-08 04:00:05+00:00,0.9855
2025-02-08 04:01:05+00:00,0.9855
2025-02-08 04:02:05+00:00,0.9855
2025-02-08 04:03:04+00:00,0.9855
2025-02-08 04:04:04+00:00,0.9855
2025-02-08 04:05:05+00:00,0.9855
2025-02-08 04:06:04+00:00,0.9855
2025-02-08 04:07:04+00:00,0.9855
2025-02-08 04:08:05+00:00,0.9855
2025-02-08 04:09:04+00:00,0.9855
2025-02-08 04:10:05+00:00,0.9855
2025-02-08 04:11:04+00:00,0.9855
2025-02-08 04:12:05+00:00,0.9855
2025-02-08 04:13:04+00:00,0.9855
2025-02-08 04:14:04+00:00,0.9855
2025-02-08 04:15:05+00:00,0.9855
2025-02-08 04:16:04+00:00,0.9855
2025-02-08 04:17:04+00:00,0.9855
2025-02-08 04:18:04+00:00,0.9855
2025-02-08 04:19:05+00:00,0.9855
2025-02-08 04:20:04+00:00,0.9855
2025-02-08 04:21:04+00:00,0.9855
2025-02-08 04:22:05+00:00,0.9855
2025-02-08 04:23:04+00:00,0.9855
2025-02-08 04:24:04+00:00,0.9855
2025-02-08 04:25:05+00:00,0.9855
2025-02-08 04:26:05+00:00,0.9855
2025-02-08 04:27:04+00:00,0.9855
2025-02-08 04:28:04+00:00,0.9855
2025-02-08 04:29:04+00:00,0.9855
2025-02-08 04:30:04+00:00,0.9855
2025-02-08 04:31:04+00:00,0.9855
2025-02-08 04:32:04+00:00,0.9855
2025-02-08 04:33:05+00:00,0.9855
2025-02-08 04:34:04+00:00,0.9855
2025-02-08 04:35:05+00:00,0.9855
2025-02-08 04:36:05+00:00,0.9855
2025-02-08 04:37:04+00:00,0.9855
2025-02-08 04:38:04+00:00,0.9855
2025-02-08 04:39:04+00:00,0.9855
2025-02-08 04:40:04+00:00,0.9855
2025-02-08 04:41:04+00:00,0.9855
2025-02-08 04:42:04+00:00,0.9855
2025-02-08 04:43:04+00:00,0.9855
2025-02-08 04:44:04+00:00,0.9855
2025-02-08 04:45:05+00:00,0.9855
2025-02-08 04:46:04+00:00,0.9855
2025-02-08 04:47:04+00:00,0.9855
2025-02-08 04:48:04+00:00,0.9855
2025-02-08 04:49:04+00:00,0.9855
2025-02-08 04:50:05+00:00,0.9855
2025-02-08 04:51:04+00:00,0.9855
2025-02-08 04:52:05+00:00,0.9855
2025-02-08 04:53:04+00:00,0.9855
2025-02-08 04:54:04+00:00,0.9855
2025-02-08 04:55:04+00:00,0.9855
2025-02-08 04:56:05+00:00,0.9855
2025-02-08 04:57:04+00:00,0.9855
2025-02-08 04:58:04+00:00,0.9855
2025-02-08 04:59:04+00:00,0.9855
2025-02-08 05:00:04+00:00,0.9855
2025-02-08 05:01:04+00:00,0.9855
2025-02-08 05:02:05+00:00,0.9855
2025-02-08 05:03:05+00:00,0.9855
2025-02-08 05:04:04+00:00,0.9855
2025-02-08 05:05:05+00:00,0.9855
2025-02-08 05:06:04+00:00,0.9855
2025-02-08 05:07:05+00:00,0.9855
2025-02-08 05:08:04+00:00,0.9855
2025-02-08 05:09:04+00:00,0.9855
2025-02-08 05:10:05+00:00,0.9855
2025-02-08 05:11:04+00:00,0.9855
2025-02-08 05:12:04+00:00,0.9855
2025-02-08 05:13:04+00:00,0.9855
2025-02-08 05:14:04+00:00,0.9855
2025-02-08 05:15:05+00:00,0.9855
2025-02-08 05:16:04+00:00,0.9855
2025-02-08 05:17:04+00:00,0.9855
2025-02-08 05:18:05+00:00,0.9855
2025-02-08 05:19:05+00:00,0.9855
2025-02-08 05:20:05+00:00,0.9855
2025-02-08 05:21:04+00:00,0.9855
2025-02-08 05:22:05+00:00,0.9855
2025-02-08 05:23:04+00:00,0.9855
2025-02-08 05:24:05+00:00,0.9855
2025-02-08 05:25:04+00:00,0.9855
2025-02-08 05:26:04+00:00,0.9855
2025-02-08 05:27:04+00:00,0.983
2025-02-08 05:28:05+00:00,0.983
2025-02-08 05:29:04+00:00,0.983
2025-02-08 05:30:04+00:00,0.9825
2025-02-08 05:31:04+00:00,0.9825
2025-02-08 05:32:04+00:00,0.9825
2025-02-08 05:33:04+00:00,0.9825
2025-02-08 05:34:04+00:00,0.9825
2025-02-08 05:35:05+00:00,0.9825
2025-02-08 05:36:04+00:00,0.9835
2025-02-08 05:37:04+00:00,0.9835
2025-02-08 05:38:04+00:00,0.9835
2025-02-08 05:39:04+00:00,0.9835
2025-02-08 05:40:05+00:00,0.9835
2025-02-08 05:41:05+00:00,0.9835
2025-02-08 05:42:05+00:00,0.9835
2025-02-08 05:43:04+00:00,0.983
2025-02-08 05:44:04+00:00,0.983
2025-02-08 05:45:05+00:00,0.983
2025-02-08 05:46:04+00:00,0.983
2025-02-08 05:47:04+00:00,0.983
2025-02-08 05:48:04+00:00,0.985
2025-02-08 05:49:04+00:00,0.985
2025-02-08 05:50:05+00:00,0.985
2025-02-08 05:51:04+00:00,0.985
2025-02-08 05:52:04+00:00,0.985
2025-02-08 05:53:04+00:00,0.985
2025-02-08 05:54:05+00:00,0.985
2025-02-08 05:55:04+00:00,0.985
2025-02-08 05:56:04+00:00,0.985
2025-02-08 05:57:04+00:00,0.985
2025-02-08 05:58:04+00:00,0.985
2025-02-08 05:59:04+00:00,0.985
2025-02-08 06:00:05+00:00,0.985
2025-02-08 06:01:05+00:00,0.985
2025-02-08 06:02:04+00:00,0.985
2025-02-08 06:03:04+00:00,0.985
2025-02-08 06:04:04+00:00,0.985
2025-02-08 06:05:05+00:00,0.985
2025-02-08 06:06:04+00:00,0.985
2025-02-08 06:07:05+00:00,0.985
2025-02-08 06:08:04+00:00,0.985
2025-02-08 06:09:04+00:00,0.985
2025-02-08 06:10:05+00:00,0.986
2025-02-08 06:11:04+00:00,0.986
2025-02-08 06:12:04+00:00,0.986
2025-02-08 06:13:04+00:00,0.986
2025-02-08 06:14:05+00:00,0.986
2025-02-08 06:15:05+00:00,0.986
2025-02-08 06:16:05+00:00,0.986
2025-02-08 06:17:04+00:00,0.986
2025-02-08 06:18:05+00:00,0.986
2025-02-08 06:19:04+00:00,0.986
2025-02-08 06:20:05+00:00,0.986
2025-02-08 06:21:04+00:00,0.986
2025-02-08 06:22:04+00:00,0.986
2025-02-08 06:23:04+00:00,0.9895
2025-02-08 06:24:04+00:00,0.9895
2025-02-08 06:25:05+00:00,0.9895
2025-02-08 06:26:05+00:00,0.9895
2025-02-08 06:27:04+00:00,0.9895
2025-02-08 06:28:04+00:00,0.9895
2025-02-08 06:29:04+00:00,0.9895
2025-02-08 06:30:04+00:00,0.991
2025-02-08 06:31:04+00:00,0.991
2025-02-08 06:32:04+00:00,0.991
2025-02-08 06:33:03+00:00,0.991
2025-02-08 06:34:04+00:00,0.991
2025-02-08 06:35:04+00:00,0.991
2025-02-08 06:36:04+00:00,0.991
2025-02-08 06:37:04+00:00,0.991
2025-02-08 06:38:04+00:00,0.991
2025-02-08 06:39:04+00:00,0.991
2025-02-08 06:40:04+00:00,0.991
2025-02-08 06:41:04+00:00,0.991
2025-02-08 06:42:04+00:00,0.991
2025-02-08 06:43:04+00:00,0.991
2025-02-08 06:44:05+00:00,0.991
2025-02-08 06:45:05+00:00,0.991
2025-02-08 06:46:05+00:00,0.991
2025-02-08 06:47:04+00:00,0.991
2025-02-08 06:48:04+00:00,0.991
2025-02-08 06:49:04+00:00,0.991
2025-02-08 06:50:04+00:00,0.991
2025-02-08 06:51:04+00:00,0.991
2025-02-08 06:52:05+00:00,0.991
2025-02-08 06:53:04+00:00,0.991
2025-02-08 06:54:05+00:00,0.991
2025-02-08 06:55:04+00:00,0.991
2025-02-08 06:56:05+00:00,0.991
2025-02-08 06:57:04+00:00,0.991
2025-02-08 06:58:05+00:00,0.991
2025-02-08 06:59:04+00:00,0.989
2025-02-08 07:00:04+00:00,0.9895
2025-02-08 07:01:04+00:00,0.99
2025-02-08 07:02:04+00:00,0.989
2025-02-08 07:03:05+00:00,0.9895
2025-02-08 07:04:04+00:00,0.991
2025-02-08 07:05:04+00:00,0.9905
2025-02-08 07:06:04+00:00,0.991
2025-02-08 07:07:04+00:00,0.9905
2025-02-08 07:08:04+00:00,0.9905
2025-02-08 07:09:04+00:00,0.9905
2025-02-08 07:10:05+00:00,0.9905
2025-02-08 07:11:04+00:00,0.9905
2025-02-08 07:12:05+00:00,0.9905
2025-02-08 07:13:04+00:00,0.9905
2025-02-08 07:14:04+00:00,0.9905
2025-02-08 07:15:05+00:00,0.9905
2025-02-08 07:16:04+00:00,0.9905
2025-02-08 07:17:04+00:00,0.9905
2025-02-08 07:18:05+00:00,0.9905
2025-02-08 07:19:04+00:00,0.9895
2025-02-08 07:20:04+00:00,0.9905
2025-02-08 07:21:04+00:00,0.9905
2025-02-08 07:22:04+00:00,0.9905
2025-02-08 07:23:05+00:00,0.9905
2025-02-08 07:24:05+00:00,0.9905
2025-02-08 07:25:05+00:00,0.9905
2025-02-08 07:26:05+00:00,0.9905
2025-02-08 07:27:04+00:00,0.9905
2025-02-08 07:28:04+00:00,0.9905
2025-02-08 07:29:04+00:00,0.9905
2025-02-08 07:30:04+00:00,0.9905
2025-02-08 07:31:04+00:00,0.9905
2025-02-08 07:32:05+00:00,0.9905
2025-02-08 07:33:05+00:00,0.9905
2025-02-08 07:34:05+00:00,0.9905
2025-02-08 07:35:05+00:00,0.9905
2025-02-08 07:36:05+00:00,0.9905
2025-02-08 07:37:05+00:00,0.9905
2025-02-08 07:38:05+00:00,0.9905
2025-02-08 07:39:04+00:00,0.9895
2025-02-08 07:40:05+00:00,0.9905
2025-02-08 07:41:05+00:00,0.9905
2025-02-08 07:42:05+00:00,0.9905
2025-02-08 07:43:04+00:00,0.9905
2025-02-08 07:44:05+00:00,0.989
2025-02-08 07:45:05+00:00,0.9905
2025-02-08 07:46:04+00:00,0.9905
2025-02-08 07:47:05+00:00,0.9905
2025-02-08 07:48:05+00:00,0.9905
2025-02-08 07:49:05+00:00,0.99
2025-02-08 07:50:05+00:00,0.9905
2025-02-08 07:51:05+00:00,0.9905
2025-02-08 07:52:05+00:00,0.9905
2025-02-08 07:53:05+00:00,0.9905
2025-02-08 07:54:05+00:00,0.99
2025-02-08 07:55:05+00:00,0.9905
2025-02-08 07:56:05+00:00,0.9905
2025-02-08 07:57:04+00:00,0.9905
2025-02-08 07:58:04+00:00,0.9905
2025-02-08 07:59:05+00:00,0.99
2025-02-08 08:00:05+00:00,0.9905
2025-02-08 08:01:04+00:00,0.9905
2025-02-08 08:02:05+00:00,0.9905
2025-02-08 08:03:05+00:00,0.9905
2025-02-08 08:04:04+00:00,0.9905
2025-02-08 08:05:05+00:00,0.9905
2025-02-08 08:06:05+00:00,0.9905
2025-02-08 08:07:05+00:00,0.9905
2025-02-08 08:08:05+00:00,0.9905
2025-02-08 08:09:05+00:00,0.9905
2025-02-08 08:10:05+00:00,0.9905
2025-02-08 08:11:05+00:00,0.9905
2025-02-08 08:12:05+00:00,0.9905
2025-02-08 08:13:04+00:00,0.9905
2025-02-08 08:14:05+00:00,0.99
2025-02-08 08:15:05+00:00,0.99
2025-02-08 08:16:05+00:00,0.99
2025-02-08 08:17:05+00:00,0.9895
2025-02-08 08:18:04+00:00,0.9895
2025-02-08 08:19:05+00:00,0.9895
2025-02-08 08:20:05+00:00,0.99
2025-02-08 08:21:05+00:00,0.987
2025-02-08 08:22:05+00:00,0.9865
2025-02-08 08:23:05+00:00,0.9865
2025-02-08 08:24:05+00:00,0.9875
2025-02-08 08:25:05+00:00,0.987
2025-02-08 08:26:05+00:00,0.9865
2025-02-08 08:27:05+00:00,0.9865
2025-02-08 08:28:04+00:00,0.9865
2025-02-08 08:29:05+00:00,0.9865
2025-02-08 08:30:05+00:00,0.9875
2025-02-08 08:31:05+00:00,0.9865
2025-02-08 08:32:05+00:00,0.9865
2025-02-08 08:33:04+00:00,0.9865
2025-02-08 08:34:05+00:00,0.9865
2025-02-08 08:35:05+00:00,0.987
2025-02-08 08:36:05+00:00,0.9865
2025-02-08 08:37:05+00:00,0.9865
2025-02-08 08:38:05+00:00,0.9865
2025-02-08 08:39:05+00:00,0.9865
2025-02-08 08:40:05+00:00,0.9865
2025-02-08 08:41:04+00:00,0.9865
2025-02-08 08:42:05+00:00,0.987
2025-02-08 08:43:05+00:00,0.9865
2025-02-08 08:44:05+00:00,0.9865
2025-02-08 08:45:06+00:00,0.9865
2025-02-08 08:46:04+00:00,0.9865
2025-02-08 08:47:05+00:00,0.987
2025-02-08 08:48:05+00:00,0.987
2025-02-08 08:49:05+00:00,0.987
2025-02-08 08:50:05+00:00,0.9865
2025-02-08 08:51:05+00:00,0.9865
2025-02-08 08:52:05+00:00,0.9865
2025-02-08 08:53:04+00:00,0.987
2025-02-08 08:54:04+00:00,0.9865
2025-02-08 08:55:05+00:00,0.9865
2025-02-08 08:56:05+00:00,0.987
2025-02-08 08:57:05+00:00,0.987
2025-02-08 08:58:05+00:00,0.987
2025-02-08 08:59:04+00:00,0.9865
2025-02-08 09:00:04+00:00,0.9865
2025-02-08 09:01:04+00:00,0.987
2025-02-08 09:02:05+00:00,0.986
2025-02-08 09:03:05+00:00,0.9895
2025-02-08 09:04:04+00:00,0.992
2025-02-08 09:05:04+00:00,0.994
2025-02-08 09:06:04+00:00,0.994
2025-02-08 09:07:04+00:00,0.994
2025-02-08 09:08:04+00:00,0.995
2025-02-08 09:09:04+00:00,0.995
2025-02-08 09:10:05+00:00,0.9955
2025-02-08 09:11:05+00:00,0.9925
2025-02-08 09:12:05+00:00,0.995
2025-02-08 09:13:05+00:00,0.9935
2025-02-08 09:14:05+00:00,0.995
2025-02-08 09:15:05+00:00,0.995
2025-02-08 09:16:05+00:00,0.995
2025-02-08 09:17:05+00:00,0.9935
2025-02-08 09:18:05+00:00,0.9945
2025-02-08 09:19:05+00:00,0.9945
2025-02-08 09:20:06+00:00,0.994
2025-02-08 09:21:05+00:00,0.996
2025-02-08 09:22:05+00:00,0.9965
2025-02-08 09:23:05+00:00,0.9965
2025-02-08 09:24:04+00:00,0.9955
2025-02-08 09:25:05+00:00,0.997
2025-02-08 09:26:04+00:00,0.997
2025-02-08 09:27:05+00:00,0.997
2025-02-08 09:28:05+00:00,0.997
2025-02-08 09:29:04+00:00,0.997
2025-02-08 09:30:06+00:00,0.997
2025-02-08 09:31:05+00:00,0.997
2025-02-08 09:32:05+00:00,0.997
2025-02-08 09:33:05+00:00,0.997
2025-02-08 09:34:05+00:00,0.997
2025-02-08 09:35:05+00:00,0.9965
2025-02-08 09:36:05+00:00,0.9965
2025-02-08 09:37:05+00:00,0.9965
2025-02-08 09:38:04+00:00,0.9965
2025-02-08 09:39:05+00:00,0.9965
2025-02-08 09:40:05+00:00,0.9965
2025-02-08 09:41:05+00:00,0.9965
2025-02-08 09:42:05+00:00,0.9965
2025-02-08 09:43:05+00:00,0.9965
2025-02-08 09:44:04+00:00,0.9965
2025-02-08 09:45:05+00:00,0.9965
2025-02-08 09:46:05+00:00,0.9965
2025-02-08 09:47:04+00:00,0.9965
2025-02-08 09:48:05+00:00,0.9965
2025-02-08 09:49:04+00:00,0.9965
2025-02-08 09:50:05+00:00,0.9965
2025-02-08 09:51:04+00:00,0.997
2025-02-08 09:52:05+00:00,0.997
2025-02-08 09:53:04+00:00,0.9985
2025-02-08 09:54:05+00:00,0.9985
2025-02-08 09:55:05+00:00,0.9985
2025-02-08 09:56:04+00:00,0.9985
2025-02-08 09:57:05+00:00,0.9985
2025-02-08 09:58:04+00:00,0.9985
2025-02-08 09:59:05+00:00,0.9985
2025-02-08 10:00:04+00:00,0.9985
2025-02-08 10:01:05+00:00,0.9985
2025-02-08 10:02:05+00:00,0.9985
2025-02-08 10:03:04+00:00,0.9985
2025-02-08 10:04:05+00:00,0.9985
2025-02-08 10:05:05+00:00,0.9985
2025-02-08 10:06:05+00:00,0.9985
2025-02-08 10:07:05+00:00,0.9985
2025-02-08 10:08:05+00:00,0.9985
2025-02-08 10:09:04+00:00,0.9985
2025-02-08 10:10:05+00:00,0.9985
2025-02-08 10:11:04+00:00,0.9985
2025-02-08 10:12:04+00:00,0.9985
2025-02-08 10:13:05+00:00,0.9985
2025-02-08 10:14:05+00:00,0.9985
2025-02-08 10:15:05+00:00,0.9985
2025-02-08 10:16:05+00:00,0.9985
2025-02-08 10:17:04+00:00,0.9985
2025-02-08 10:18:05+00:00,0.9985
2025-02-08 10:19:05+00:00,0.9985
2025-02-08 10:20:05+00:00,0.9985
2025-02-08 10:21:05+00:00,0.9985
2025-02-08 10:22:05+00:00,0.9985
2025-02-08 10:23:04+00:00,0.9985
2025-02-08 10:24:05+00:00,0.9985
2025-02-08 10:25:05+00:00,0.9985
2025-02-08 10:26:05+00:00,0.9985
2025-02-08 10:27:05+00:00,0.9985
2025-02-08 10:28:05+00:00,0.9985
2025-02-08 10:29:04+00:00,0.9985
2025-02-08 10:30:05+00:00,0.9985
2025-02-08 10:31:05+00:00,0.9985
2025-02-08 10:32:05+00:00,0.9985
2025-02-08 10:33:05+00:00,0.9985
2025-02-08 10:34:05+00:00,0.9985
2025-02-08 10:35:05+00:00,0.9985
2025-02-08 10:36:05+00:00,0.9985
2025-02-08 10:37:04+00:00,0.9985
2025-02-08 10:38:05+00:00,0.9985
2025-02-08 10:39:05+00:00,0.9985
2025-02-08 10:40:05+00:00,0.9985
2025-02-08 10:41:05+00:00,0.9985
2025-02-08 10:42:05+00:00,0.9985
2025-02-08 10:43:05+00:00,0.9985
2025-02-08 10:44:05+00:00,0.9985
2025-02-08 10:45:05+00:00,0.9985
2025-02-08 10:46:05+00:00,0.9985
2025-02-08 10:47:05+00:00,0.9985
2025-02-08 10:48:05+00:00,0.9985
2025-02-08 10:49:05+00:00,0.9985
2025-02-08 10:50:05+00:00,0.9985
2025-02-08 10:51:05+00:00,0.9985
2025-02-08 10:52:05+00:00,0.9985
2025-02-08 10:53:05+00:00,0.9985
2025-02-08 10:54:05+00:00,0.9985
2025-02-08 10:55:05+00:00,0.9985
2025-02-08 10:56:04+00:00,0.9985
2025-02-08 10:57:04+00:00,0.9985
2025-02-08 10:58:05+00:00,0.9985
2025-02-08 10:59:05+00:00,0.9985
2025-02-08 11:00:05+00:00,0.9985
2025-02-08 11:01:04+00:00,0.9985
2025-02-08 11:02:05+00:00,0.9985
2025-02-08 11:03:04+00:00,0.9985
2025-02-08 11:04:05+00:00,0.9985
2025-02-08 11:05:05+00:00,0.9985
2025-02-08 11:06:05+00:00,0.9985
2025-02-08 11:07:05+00:00,0.9985
2025-02-08 11:08:05+00:00,0.9985
2025-02-08 11:09:05+00:00,0.9985
2025-02-08 11:10:05+00:00,0.9985
2025-02-08 11:11:04+00:00,0.9985
2025-02-08 11:12:05+00:00,0.9985
2025-02-08 11:13:05+00:00,0.9985
2025-02-08 11:14:05+00:00,0.9985
2025-02-08 11:15:05+00:00,0.9985
2025-02-08 11:16:05+00:00,0.9985
2025-02-08 11:17:04+00:00,0.9985
2025-02-08 11:18:05+00:00,0.9985
2025-02-08 11:19:04+00:00,0.9985
2025-02-08 11:20:05+00:00,0.9985
2025-02-08 11:21:04+00:00,0.9985
2025-02-08 11:22:04+00:00,0.9985
2025-02-08 11:23:04+00:00,0.9985
2025-02-08 11:24:05+00:00,0.9985
2025-02-08 11:25:05+00:00,0.9985
2025-02-08 11:26:05+00:00,0.9985
2025-02-08 11:27:05+00:00,0.9975
2025-02-08 11:28:05+00:00,0.9975
2025-02-08 11:29:04+00:00,0.9975
2025-02-08 11:30:05+00:00,0.9975
2025-02-08 11:31:04+00:00,0.9975
2025-02-08 11:32:05+00:00,0.9975
2025-02-08 11:33:05+00:00,0.9975
2025-02-08 11:34:04+00:00,0.9975
2025-02-08 11:35:05+00:00,0.9975
2025-02-08 11:36:05+00:00,0.998
2025-02-08 11:37:04+00:00,0.998
2025-02-08 11:38:05+00:00,0.998
2025-02-08 11:39:05+00:00,0.998
2025-02-08 11:40:05+00:00,0.998
2025-02-08 11:41:05+00:00,0.998
2025-02-08 11:42:05+00:00,0.998
2025-02-08 11:43:04+00:00,0.998
2025-02-08 11:44:05+00:00,0.998
2025-02-08 11:45:04+00:00,0.998
2025-02-08 11:46:05+00:00,0.998
2025-02-08 11:47:05+00:00,0.998
2025-02-08 11:48:05+00:00,0.998
2025-02-08 11:49:05+00:00,0.998
2025-02-08 11:50:05+00:00,0.998
2025-02-08 11:51:05+00:00,0.998
2025-02-08 11:52:05+00:00,0.998
2025-02-08 11:53:05+00:00,0.998
2025-02-08 11:54:05+00:00,0.998
2025-02-08 11:55:05+00:00,0.998
2025-02-08 11:56:04+00:00,0.998
2025-02-08 11:57:04+00:00,0.998
2025-02-08 11:58:05+00:00,0.998
2025-02-08 11:59:05+00:00,0.998
2025-02-08 12:00:05+00:00,0.998
2025-02-08 12:01:05+00:00,0.998
2025-02-08 12:02:05+00:00,0.998
2025-02-08 12:03:05+00:00,0.998
2025-02-08 12:04:05+00:00,0.998
2025-02-08 12:05:05+00:00,0.998
2025-02-08 12:06:04+00:00,0.998
2025-02-08 12:07:04+00:00,0.998
2025-02-08 12:08:05+00:00,0.998
2025-02-08 12:09:05+00:00,0.998
2025-02-08 12:10:04+00:00,0.998
2025-02-08 12:11:04+00:00,0.998
2025-02-08 12:12:05+00:00,0.998
2025-02-08 12:13:05+00:00,0.998
2025-02-08 12:14:04+00:00,0.998
2025-02-08 12:15:05+00:00,0.998
2025-02-08 12:16:05+00:00,0.998
2025-02-08 12:17:05+00:00,0.998
2025-02-08 12:18:05+00:00,0.998
2025-02-08 12:19:05+00:00,0.998
2025-02-08 12:20:05+00:00,0.998
2025-02-08 12:21:05+00:00,0.998
2025-02-08 12:22:05+00:00,0.998
2025-02-08 12:23:05+00:00,0.998
2025-02-08 12:24:05+00:00,0.998
2025-02-08 12:25:05+00:00,0.998
2025-02-08 12:26:05+00:00,0.998
2025-02-08 12:27:05+00:00,0.998
2025-02-08 12:28:05+00:00,0.998
2025-02-08 12:29:04+00:00,0.998
2025-02-08 12:30:05+00:00,0.998
2025-02-08 12:31:05+00:00,0.998
2025-02-08 12:32:05+00:00,0.998
2025-02-08 12:33:04+00:00,0.998
2025-02-08 12:34:05+00:00,0.998
2025-02-08 12:35:05+00:00,0.998
2025-02-08 12:36:05+00:00,0.998
2025-02-08 12:37:05+00:00,0.998
2025-02-08 12:38:05+00:00,0.998
2025-02-08 12:39:05+00:00,0.998
2025-02-08 12:40:05+00:00,0.998
2025-02-08 12:41:05+00:00,0.998
2025-02-08 12:42:04+00:00,0.998
2025-02-08 12:43:05+00:00,0.998
2025-02-08 12:44:05+00:00,0.998
2025-02-08 12:45:05+00:00,0.998
2025-02-08 12:46:05+00:00,0.998
2025-02-08 12:47:05+00:00,0.998
2025-02-08 12:48:04+00:00,0.998
2025-02-08 12:49:05+00:00,0.998
2025-02-08 12:50:04+00:00,0.998
2025-02-08 12:51:05+00:00,0.998
2025-02-08 12:52:05+00:00,0.998
2025-02-08 12:53:05+00:00,0.998
2025-02-08 12:54:04+00:00,0.998
2025-02-08 12:55:05+00:00,0.998
2025-02-08 12:56:04+00:00,0.998
2025-02-08 12:57:05+00:00,0.998
2025-02-08 12:58:05+00:00,0.998
2025-02-08 12:59:04+00:00,0.998
2025-02-08 13:00:05+00:00,0.998
2025-02-08 13:01:04+00:00,0.998
2025-02-08 13:02:04+00:00,0.998
2025-02-08 13:03:05+00:00,0.998
2025-02-08 13:04:05+00:00,0.998
2025-02-08 13:05:05+00:00,0.998
2025-02-08 13:06:05+00:00,0.998
2025-02-08 13:07:04+00:00,0.998
2025-02-08 13:08:04+00:00,0.998
2025-02-08 13:09:05+00:00,0.998
2025-02-08 13:10:04+00:00,0.998
2025-02-08 13:11:04+00:00,0.998
2025-02-08 13:12:05+00:00,0.998
2025-02-08 13:13:04+00:00,0.998
2025-02-08 13:14:05+00:00,0.998
2025-02-08 13:15:05+00:00,0.998
2025-02-08 13:16:05+00:00,0.998
2025-02-08 13:17:04+00:00,0.998
2025-02-08 13:18:05+00:00,0.998
2025-02-08 13:19:04+00:00,0.998
2025-02-08 13:20:05+00:00,0.998
2025-02-08 13:21:05+00:00,0.998
2025-02-08 13:22:04+00:00,0.998
2025-02-08 13:23:05+00:00,0.998
2025-02-08 13:24:05+00:00,0.998
2025-02-08 13:25:05+00:00,0.998
2025-02-08 13:26:05+00:00,0.998
2025-02-08 13:27:04+00:00,0.998
2025-02-08 13:28:04+00:00,0.998
2025-02-08 13:29:05+00:00,0.998
2025-02-08 13:30:05+00:00,0.998
2025-02-08 13:31:05+00:00,0.998
2025-02-08 13:32:05+00:00,0.998
2025-02-08 13:33:05+00:00,0.998
2025-02-08 13:34:05+00:00,0.9985
2025-02-08 13:35:05+00:00,0.9985
2025-02-08 13:36:05+00:00,0.9985
2025-02-08 13:37:05+00:00,0.9985
2025-02-08 13:38:04+00:00,0.9985
2025-02-08 13:39:05+00:00,0.9985
2025-02-08 13:40:05+00:00,0.9985
2025-02-08 13:41:04+00:00,0.9985
2025-02-08 13:42:04+00:00,0.9985
2025-02-08 13:43:05+00:00,0.9985
2025-02-08 13:44:04+00:00,0.9985
2025-02-08 13:45:05+00:00,0.9985
2025-02-08 13:46:05+00:00,0.9985
2025-02-08 13:47:04+00:00,0.9985
2025-02-08 13:48:04+00:00,0.9985
2025-02-08 13:49:05+00:00,0.9985
2025-02-08 13:50:05+00:00,0.9985
2025-02-08 13:51:04+00:00,0.9985
2025-02-08 13:52:05+00:00,0.998
2025-02-08 13:53:04+00:00,0.998
2025-02-08 13:54:04+00:00,0.998
2025-02-08 13:55:05+00:00,0.998
2025-02-08 13:56:04+00:00,0.998
2025-02-08 13:57:04+00:00,0.998
2025-02-08 13:58:05+00:00,0.998
2025-02-08 13:59:05+00:00,0.998
2025-02-08 14:00:05+00:00,0.998
2025-02-08 14:01:04+00:00,0.998
2025-02-08 14:02:04+00:00,0.998
2025-02-08 14:03:05+00:00,0.998
2025-02-08 14:04:05+00:00,0.998
2025-02-08 14:05:04+00:00,0.998
2025-02-08 14:06:05+00:00,0.998
2025-02-08 14:07:05+00:00,0.998
2025-02-08 14:08:05+00:00,0.998
2025-02-08 14:09:04+00:00,0.998
2025-02-08 14:10:05+00:00,0.998
2025-02-08 14:11:04+00:00,0.998
2025-02-08 14:12:05+00:00,0.998
2025-02-08 14:13:05+00:00,0.998
2025-02-08 14:14:05+00:00,0.998
2025-02-08 14:15:05+00:00,0.998
2025-02-08 14:16:04+00:00,0.998
2025-02-08 14:17:05+00:00,0.998
2025-02-08 14:18:05+00:00,0.998
2025-02-08 14:19:05+00:00,0.998
2025-02-08 14:20:05+00:00,0.998
2025-02-08 14:21:04+00:00,0.998
2025-02-08 14:22:05+00:00,0.998
2025-02-08 14:23:05+00:00,0.998
2025-02-08 14:24:04+00:00,0.998
2025-02-08 14:25:05+00:00,0.998
2025-02-08 14:26:05+00:00,0.998
2025-02-08 14:27:04+00:00,0.998
2025-02-08 14:28:05+00:00,0.998
2025-02-08 14:29:04+00:00,0.998
2025-02-08 14:30:04+00:00,0.998
2025-02-08 14:31:05+00:00,0.998
2025-02-08 14:32:04+00:00,0.998
2025-02-08 14:33:05+00:00,0.998
2025-02-08 14:34:04+00:00,0.998
2025-02-08 14:35:05+00:00,0.998
2025-02-08 14:36:05+00:00,0.998
2025-02-08 14:37:05+00:00,0.999
2025-02-08 14:38:04+00:00,0.9985
2025-02-08 14:39:04+00:00,0.9985
2025-02-08 14:40:05+00:00,0.9985
2025-02-08 14:41:04+00:00,0.9985
2025-02-08 14:42:05+00:00,0.9985
2025-02-08 14:43:04+00:00,0.9985
2025-02-08 14:44:05+00:00,0.9985
2025-02-08 14:45:06+00:00,0.9985
2025-02-08 14:46:05+00:00,0.9985
2025-02-08 14:47:05+00:00,0.9985
2025-02-08 14:48:05+00:00,0.9985
2025-02-08 14:49:05+00:00,0.9985
2025-02-08 14:50:05+00:00,0.9985
2025-02-08 14:51:05+00:00,0.9985
2025-02-08 14:52:05+00:00,0.9985
2025-02-08 14:53:05+00:00,0.9985
2025-02-08 14:54:04+00:00,0.9985
2025-02-08 14:55:05+00:00,0.9985
2025-02-08 14:56:05+00:00,0.9985
2025-02-08 14:57:05+00:00,0.9985
2025-02-08 14:58:04+00:00,0.9985
2025-02-08 14:59:05+00:00,0.9985
2025-02-08 15:00:06+00:00,0.9985
2025-02-08 15:01:05+00:00,0.999
2025-02-08 15:02:04+00:00,0.999
2025-02-08 15:03:05+00:00,0.9985
2025-02-08 15:04:05+00:00,0.9985
2025-02-08 15:05:05+00:00,0.9995
2025-02-08 15:06:04+00:00,0.9995
2025-02-08 15:07:05+00:00,0.998
2025-02-08 15:08:05+00:00,0.9995
2025-02-08 15:09:04+00:00,0.9995
2025-02-08 15:10:05+00:00,0.9985
2025-02-08 15:11:04+00:00,0.998
2025-02-08 15:12:05+00:00,0.998
2025-02-08 15:13:04+00:00,0.998
2025-02-08 15:14:05+00:00,0.998
2025-02-08 15:15:05+00:00,0.998
2025-02-08 15:16:04+00:00,0.998
2025-02-08 15:17:05+00:00,0.998
2025-02-08 15:18:05+00:00,0.998
2025-02-08 15:19:04+00:00,0.998
2025-02-08 15:20:05+00:00,0.998
2025-02-08 15:21:04+00:00,0.998
2025-02-08 15:22:05+00:00,0.998
2025-02-08 15:23:04+00:00,0.998
2025-02-08 15:24:05+00:00,0.998
2025-02-08 15:25:05+00:00,0.998
2025-02-08 15:26:04+00:00,0.998
2025-02-08 15:27:04+00:00,0.998
2025-02-08 15:28:05+00:00,0.998
2025-02-08 15:29:05+00:00,0.998
2025-02-08 15:30:05+00:00,0.998
2025-02-08 15:31:04+00:00,0.998
2025-02-08 15:32:05+00:00,0.998
2025-02-08 15:33:05+00:00,0.998
2025-02-08 15:34:05+00:00,0.998
2025-02-08 15:35:05+00:00,0.998
2025-02-08 15:36:05+00:00,0.998
2025-02-08 15:37:05+00:00,0.998
2025-02-08 15:38:05+00:00,0.998
2025-02-08 15:39:04+00:00,0.998
2025-02-08 15:40:05+00:00,0.998
2025-02-08 15:41:04+00:00,0.998
2025-02-08 15:42:05+00:00,0.998
2025-02-08 15:43:04+00:00,0.998
2025-02-08 15:44:05+00:00,0.998
2025-02-08 15:45:05+00:00,0.998
2025-02-08 15:46:05+00:00,0.998
2025-02-08 15:47:05+00:00,0.998
2025-02-08 15:48:05+00:00,0.998
2025-02-08 15:49:05+00:00,0.998
2025-02-08 15:50:05+00:00,0.998
2025-02-08 15:51:05+00:00,0.998
2025-02-08 15:52:05+00:00,0.998
2025-02-08 15:53:05+00:00,0.998
2025-02-08 15:54:05+00:00,0.998
2025-02-08 15:55:05+00:00,0.998
2025-02-08 15:56:05+00:00,0.998
2025-02-08 15:57:04+00:00,0.998
2025-02-08 15:58:04+00:00,0.998
2025-02-08 15:59:05+00:00,0.998
2025-02-08 16:00:05+00:00,0.998
2025-02-08 16:01:04+00:00,0.9955
2025-02-08 16:02:05+00:00,0.996
2025-02-08 16:03:05+00:00,0.998
2025-02-08 16:04:05+00:00,0.998
2025-02-08 16:05:05+00:00,0.998
2025-02-08 16:06:04+00:00,0.998
2025-02-08 16:07:05+00:00,0.998
2025-02-08 16:08:05+00:00,0.998
2025-02-08 16:09:05+00:00,0.998
2025-02-08 16:10:05+00:00,0.998
2025-02-08 16:11:05+00:00,0.998
2025-02-08 16:12:05+00:00,0.998
2025-02-08 16:13:05+00:00,0.998
2025-02-08 16:14:04+00:00,0.998
2025-02-08 16:15:05+00:00,0.998
2025-02-08 16:16:05+00:00,0.998
2025-02-08 16:17:05+00:00,0.998
2025-02-08 16:18:04+00:00,0.998
2025-02-08 16:19:05+00:00,0.998
2025-02-08 16:20:05+00:00,0.998
2025-02-08 16:21:05+00:00,0.998
2025-02-08 16:22:05+00:00,0.998
2025-02-08 16:23:05+00:00,0.998
2025-02-08 16:24:04+00:00,0.998
2025-02-08 16:25:05+00:00,0.998
2025-02-08 16:26:04+00:00,0.998
2025-02-08 16:27:04+00:00,0.998
2025-02-08 16:28:05+00:00,0.998
2025-02-08 16:29:04+00:00,0.998
2025-02-08 16:30:05+00:00,0.998
2025-02-08 16:31:05+00:00,0.998
2025-02-08 16:32:05+00:00,0.998
2025-02-08 16:33:05+00:00,0.998
2025-02-08 16:34:05+00:00,0.998
2025-02-08 16:35:04+00:00,0.998
2025-02-08 16:36:05+00:00,0.998
2025-02-08 16:37:05+00:00,0.998
2025-02-08 16:38:05+00:00,0.998
2025-02-08 16:39:04+00:00,0.998
2025-02-08 16:40:06+00:00,0.998
2025-02-08 16:41:05+00:00,0.998
2025-02-08 16:42:05+00:00,0.998
2025-02-08 16:43:05+00:00,0.998
2025-02-08 16:44:05+00:00,0.998
2025-02-08 16:45:05+00:00,0.998
2025-02-08 16:46:04+00:00,0.998
2025-02-08 16:47:04+00:00,0.998
2025-02-08 16:48:05+00:00,0.998
2025-02-08 16:49:05+00:00,0.998
2025-02-08 16:50:05+00:00,0.998
2025-02-08 16:51:04+00:00,0.9985
2025-02-08 16:52:05+00:00,0.9985
2025-02-08 16:53:04+00:00,0.9985
2025-02-08 16:54:05+00:00,0.9985
2025-02-08 16:55:04+00:00,0.9985
2025-02-08 16:56:04+00:00,0.9985
2025-02-08 16:57:04+00:00,0.9985
2025-02-08 16:58:05+00:00,0.9985
2025-02-08 16:59:04+00:00,0.9985
2025-02-08 17:00:05+00:00,0.9985
2025-02-08 17:01:05+00:00,0.9985
2025-02-08 17:02:05+00:00,0.9985
2025-02-08 17:03:04+00:00,0.9985
2025-02-08 17:04:05+00:00,0.9985
2025-02-08 17:05:05+00:00,0.9985
2025-02-08 17:06:04+00:00,0.9985
2025-02-08 17:07:04+00:00,0.9985
2025-02-08 17:08:05+00:00,0.9985
2025-02-08 17:09:05+00:00,0.9985
2025-02-08 17:10:05+00:00,0.9985
2025-02-08 17:11:05+00:00,0.9985
2025-02-08 17:12:04+00:00,0.9985
2025-02-08 17:13:05+00:00,0.9985
2025-02-08 17:14:05+00:00,0.9985
2025-02-08 17:15:05+00:00,0.9985
2025-02-08 17:16:05+00:00,0.9985
2025-02-08 17:17:04+00:00,0.9985
2025-02-08 17:18:05+00:00,0.9985
2025-02-08 17:19:05+00:00,0.9985
2025-02-08 17:20:05+00:00,0.9985
2025-02-08 17:21:04+00:00,0.9985
2025-02-08 17:22:04+00:00,0.9985
2025-02-08 17:23:05+00:00,0.9985
2025-02-08 17:24:05+00:00,0.9985
2025-02-08 17:25:05+00:00,0.9985
2025-02-08 17:26:05+00:00,0.9985
2025-02-08 17:27:04+00:00,0.9985
2025-02-08 17:28:05+00:00,0.9985
2025-02-08 17:29:05+00:00,0.9985
2025-02-08 17:30:05+00:00,0.9985
2025-02-08 17:31:04+00:00,0.9985
2025-02-08 17:32:04+00:00,0.9985
2025-02-08 17:33:04+00:00,0.999
2025-02-08 17:34:05+00:00,0.999
2025-02-08 17:35:05+00:00,0.999
2025-02-08 17:36:05+00:00,0.999
2025-02-08 17:37:05+00:00,0.9995
2025-02-08 17:38:05+00:00,0.9995
2025-02-08 17:39:05+00:00,0.9995
2025-02-08 17:40:05+00:00,0.9995
2025-02-08 17:41:05+00:00,0.9995
2025-02-08 17:42:05+00:00,0.9995
2025-02-08 17:43:05+00:00,0.9995
2025-02-08 17:44:05+00:00,0.9995
2025-02-08 17:45:05+00:00,0.9995
2025-02-08 17:46:05+00:00,0.9995
2025-02-08 17:47:04+00:00,0.9995
2025-02-08 17:48:05+00:00,0.9995
2025-02-08 17:49:04+00:00,0.9995
2025-02-08 17:50:05+00:00,0.9995
2025-02-08 17:51:05+00:00,0.9995
2025-02-08 17:52:05+00:00,0.9995
2025-02-08 17:53:05+00:00,0.9995
2025-02-08 17:54:05+00:00,0.9995
2025-02-08 17:55:05+00:00,0.9995
2025-02-08 17:56:05+00:00,0.9995
2025-02-08 17:57:05+00:00,0.9995
2025-02-08 17:58:04+00:00,0.9995
2025-02-08 17:59:05+00:00,0.9995
2025-02-08 18:00:05+00:00,0.9995
2025-02-08 18:01:05+00:00,0.9995
2025-02-08 18:02:05+00:00,0.9995
2025-02-08 18:03:05+00:00,0.9995
2025-02-08 18:04:05+00:00,0.9995
2025-02-08 18:05:05+00:00,0.9995
2025-02-08 18:06:04+00:00,0.9995
2025-02-08 18:07:05+00:00,0.9995
2025-02-08 18:08:05+00:00,0.9995
2025-02-08 18:09:05+00:00,0.9995
2025-02-08 18:10:05+00:00,0.9995
2025-02-08 18:11:05+00:00,0.9995
2025-02-08 18:12:05+00:00,0.9995
2025-02-08 18:13:04+00:00,0.9995
2025-02-08 18:14:05+00:00,0.9995
2025-02-08 18:15:05+00:00,0.9995
2025-02-08 18:16:05+00:00,0.9995
2025-02-08 18:17:04+00:00,0.9995
2025-02-08 18:18:04+00:00,0.9995
2025-02-08 18:19:05+00:00,0.9995
2025-02-08 18:20:05+00:00,0.9995
2025-02-08 18:21:05+00:00,0.9995
2025-02-08 18:22:05+00:00,0.9995
2025-02-08 18:23:04+00:00,0.9995
2025-02-08 18:24:05+00:00,0.9995
2025-02-08 18:25:05+00:00,0.9995
2025-02-08 18:26:04+00:00,0.9995
2025-02-08 18:27:05+00:00,0.9995
2025-02-08 18:28:05+00:00,0.9995
2025-02-08 18:29:05+00:00,0.9995
2025-02-08 18:30:05+00:00,0.9995
2025-02-08 18:31:04+00:00,0.9995
2025-02-08 18:32:05+00:00,0.9995
2025-02-08 18:33:04+00:00,0.9985
2025-02-08 18:34:04+00:00,0.9985
2025-02-08 18:35:05+00:00,0.9985
2025-02-08 18:36:04+00:00,0.9985
2025-02-08 18:37:05+00:00,0.9985
2025-02-08 18:38:05+00:00,0.9985
2025-02-08 18:39:04+00:00,0.9985
2025-02-08 18:40:06+00:00,0.9985
2025-02-08 18:41:04+00:00,0.9985
2025-02-08 18:42:05+00:00,0.9985
2025-02-08 18:43:05+00:00,0.9985
2025-02-08 18:44:05+00:00,0.9985
2025-02-08 18:45:05+00:00,0.9985
2025-02-08 18:46:05+00:00,0.9985
2025-02-08 18:47:05+00:00,0.9985
2025-02-08 18:48:05+00:00,0.9985
2025-02-08 18:49:05+00:00,0.9985
2025-02-08 18:50:05+00:00,0.9985
2025-02-08 18:51:05+00:00,0.9985
2025-02-08 18:52:05+00:00,0.9985
2025-02-08 18:53:04+00:00,0.9985
2025-02-08 18:54:05+00:00,0.9985
2025-02-08 18:55:05+00:00,0.9985
2025-02-08 18:56:05+00:00,0.9985
2025-02-08 18:57:05+00:00,0.9985
2025-02-08 18:58:05+00:00,0.9985
2025-02-08 18:59:04+00:00,0.9985
2025-02-08 19:00:05+00:00,0.9985
2025-02-08 19:01:04+00:00,0.9985
2025-02-08 19:02:05+00:00,0.9985
2025-02-08 19:03:04+00:00,0.9985
2025-02-08 19:04:05+00:00,0.9985
2025-02-08 19:05:05+00:00,0.9985
2025-02-08 19:06:05+00:00,0.9985
2025-02-08 19:07:04+00:00,0.9985
2025-02-08 19:08:05+00:00,0.9985
2025-02-08 19:09:05+00:00,0.9985
2025-02-08 19:10:04+00:00,0.9985
2025-02-08 19:11:04+00:00,0.9985
2025-02-08 19:12:04+00:00,0.9985
2025-02-08 19:13:05+00:00,0.9985
2025-02-08 19:14:05+00:00,0.9985
2025-02-08 19:15:06+00:00,0.9985
2025-02-08 19:16:05+00:00,0.9985
2025-02-08 19:17:05+00:00,0.9985
2025-02-08 19:18:04+00:00,0.9985
2025-02-08 19:19:05+00:00,0.9985
2025-02-08 19:20:05+00:00,0.9985
2025-02-08 19:21:04+00:00,0.9985
2025-02-08 19:22:05+00:00,0.9985
2025-02-08 19:23:04+00:00,0.9985
2025-02-08 19:24:05+00:00,0.9985
2025-02-08 19:25:05+00:00,0.9985
2025-02-08 19:26:04+00:00,0.9985
2025-02-08 19:27:05+00:00,0.9985
2025-02-08 19:28:05+00:00,0.9985
2025-02-08 19:29:05+00:00,0.9985
2025-02-08 19:30:05+00:00,0.9985
2025-02-08 19:31:05+00:00,0.9985
2025-02-08 19:32:05+00:00,0.9985
2025-02-08 19:33:05+00:00,0.9985
2025-02-08 19:34:05+00:00,0.9995
2025-02-08 19:35:05+00:00,0.9995
2025-02-08 19:36:05+00:00,0.9995
2025-02-08 19:37:05+00:00,0.9995
2025-02-08 19:38:05+00:00,0.9995
2025-02-08 19:39:05+00:00,0.9995
2025-02-08 19:40:05+00:00,0.9995
2025-02-08 19:41:05+00:00,0.9995
2025-02-08 19:42:05+00:00,0.9995
2025-02-08 19:43:05+00:00,0.9995
2025-02-08 19:44:05+00:00,0.9995
2025-02-08 19:45:05+00:00,0.9995
2025-02-08 19:46:05+00:00,0.9995
2025-02-08 19:47:05+00:00,0.9995
2025-02-08 19:48:05+00:00,0.9995
2025-02-08 19:49:05+00:00,0.9995
2025-02-08 19:50:05+00:00,0.9995
2025-02-08 19:51:05+00:00,0.9995
2025-02-08 19:52:05+00:00,0.9995
2025-02-08 19:53:05+00:00,0.9995
2025-02-08 19:54:05+00:00,0.9995
2025-02-08 19:55:05+00:00,0.9995
2025-02-08 19:56:05+00:00,0.9995
2025-02-08 19:57:05+00:00,0.9995
2025-02-08 19:58:04+00:00,0.999
2025-02-08 19:59:05+00:00,0.9995
2025-02-08 20:00:06+00:00,0.9995
2025-02-08 20:01:05+00:00,0.9995
2025-02-08 20:02:05+00:00,0.9995
2025-02-08 20:03:05+00:00,0.9995
2025-02-08 20:04:04+00:00,0.9995
2025-02-08 20:05:05+00:00,0.9995
2025-02-08 20:06:05+00:00,0.9995
2025-02-08 20:07:05+00:00,0.9995
2025-02-08 20:08:04+00:00,0.9995
2025-02-08 20:09:04+00:00,0.9995
2025-02-08 20:10:05+00:00,0.9995
2025-02-08 20:11:04+00:00,0.9995
2025-02-08 20:12:05+00:00,0.9995
2025-02-08 20:13:04+00:00,0.9995
2025-02-08 20:14:05+00:00,0.9995
2025-02-08 20:15:05+00:00,0.9995
2025-02-08 20:16:05+00:00,0.9995
2025-02-08 20:17:05+00:00,0.9995
2025-02-08 20:18:05+00:00,0.9995
2025-02-08 20:19:05+00:00,0.9995
2025-02-08 20:20:05+00:00,0.9995
2025-02-08 20:21:05+00:00,0.9995
2025-02-08 20:22:05+00:00,0.9995
2025-02-08 20:23:04+00:00,0.9995
2025-02-08 20:24:05+00:00,0.9995
2025-02-08 20:25:05+00:00,0.9995
2025-02-08 20:26:05+00:00,0.9995
2025-02-08 20:27:05+00:00,0.9995
2025-02-08 20:28:04+00:00,0.9995
2025-02-08 20:29:05+00:00,0.9995
2025-02-08 20:30:05+00:00,0.9995
2025-02-08 20:31:04+00:00,0.9995
2025-02-08 20:32:04+00:00,0.9995
2025-02-08 20:33:05+00:00,0.9995
2025-02-08 20:34:05+00:00,0.9995
2025-02-08 20:35:05+00:00,0.9995
2025-02-08 20:36:05+00:00,0.9995
2025-02-08 20:37:04+00:00,0.9995
2025-02-08 20:38:05+00:00,0.9995
2025-02-08 20:39:05+00:00,0.9995
2025-02-08 20:40:05+00:00,0.9995
2025-02-08 20:41:04+00:00,0.9995
2025-02-08 20:42:05+00:00,0.9995
2025-02-08 20:43:05+00:00,0.9995
2025-02-08 20:44:05+00:00,0.9995
2025-02-08 20:45:05+00:00,0.9995
2025-02-08 20:46:04+00:00,0.9995
2025-02-08 20:47:04+00:00,0.9995
2025-02-08 20:48:05+00:00,0.9995
2025-02-08 20:49:04+00:00,0.9995
2025-02-08 20:50:05+00:00,0.9995
2025-02-08 20:51:04+00:00,0.9995
2025-02-08 20:52:05+00:00,0.9995
2025-02-08 20:53:04+00:00,0.9995
2025-02-08 20:54:05+00:00,0.9995
2025-02-08 20:55:05+00:00,0.9995
2025-02-08 20:56:04+00:00,0.9995
2025-02-08 20:57:05+00:00,0.9995
2025-02-08 20:58:04+00:00,0.9995
2025-02-08 20:59:05+00:00,0.9995
2025-02-08 21:00:05+00:00,0.9995
2025-02-08 21:01:04+00:00,0.9995
2025-02-08 21:02:04+00:00,0.9995
2025-02-08 21:03:05+00:00,0.9995
2025-02-08 21:04:05+00:00,0.9995
2025-02-08 21:05:05+00:00,0.9995
2025-02-08 21:06:05+00:00,0.9995
2025-02-08 21:07:05+00:00,0.9995
2025-02-08 21:08:05+00:00,0.9995
2025-02-08 21:09:04+00:00,0.9995
2025-02-08 21:10:05+00:00,0.9995
2025-02-08 21:11:05+00:00,0.9995
2025-02-08 21:12:04+00:00,0.9995
2025-02-08 21:13:04+00:00,0.9995
2025-02-08 21:14:05+00:00,0.9995
2025-02-08 21:15:05+00:00,0.9995
2025-02-08 21:16:05+00:00,0.9995
2025-02-08 21:17:05+00:00,0.9995
2025-02-08 21:18:05+00:00,0.9995
2025-02-08 21:19:04+00:00,0.9995
2025-02-08 21:20:05+00:00,0.9995
2025-02-08 21:21:04+00:00,0.9995
2025-02-08 21:22:05+00:00,0.9995
2025-02-08 21:23:04+00:00,0.9995
2025-02-08 21:24:05+00:00,0.9995
2025-02-08 21:25:05+00:00,0.9995
2025-02-08 21:26:05+00:00,0.9995
2025-02-08 21:27:05+00:00,0.9995
2025-02-08 21:28:05+00:00,0.9995
2025-02-08 21:29:05+00:00,0.9995
2025-02-08 21:30:04+00:00,0.9995
2025-02-08 21:31:04+00:00,0.9995
2025-02-08 21:32:05+00:00,0.9995
2025-02-08 21:33:04+00:00,0.9995
2025-02-08 21:34:05+00:00,0.9995
2025-02-08 21:35:05+00:00,0.9995
2025-02-08 21:36:04+00:00,0.9995
2025-02-08 21:37:05+00:00,0.9995
2025-02-08 21:38:05+00:00,0.9995
2025-02-08 21:39:05+00:00,0.9995
2025-02-08 21:40:05+00:00,0.9995
2025-02-08 21:41:05+00:00,0.9995
2025-02-08 21:42:05+00:00,0.9995
2025-02-08 21:43:05+00:00,0.9995
2025-02-08 21:44:05+00:00,0.9995
2025-02-08 21:45:05+00:00,0.9995
2025-02-08 21:46:05+00:00,0.9995
2025-02-08 21:47:05+00:00,0.9995
2025-02-08 21:48:05+00:00,0.9995
2025-02-08 21:49:05+00:00,0.9995
2025-02-08 21:50:05+00:00,0.9995
2025-02-08 21:51:05+00:00,0.9995
2025-02-08 21:52:04+00:00,0.9995
2025-02-08 21:53:04+00:00,0.9995
2025-02-08 21:54:05+00:00,0.9995
2025-02-08 21:55:05+00:00,0.9995
2025-02-08 21:56:05+00:00,0.9995
2025-02-08 21:57:04+00:00,0.9995
2025-02-08 21:58:05+00:00,0.9995
