timestamp,price
2025-03-02 08:06:05+00:00,0.5
2025-03-02 08:07:05+00:00,0.5
2025-03-02 08:08:05+00:00,0.5
2025-03-02 08:09:04+00:00,0.5
2025-03-02 08:10:05+00:00,0.5
2025-03-02 08:11:04+00:00,0.5
2025-03-02 08:12:04+00:00,0.5
2025-03-02 08:13:04+00:00,0.5
2025-03-02 08:14:04+00:00,0.5
2025-03-02 08:15:05+00:00,0.5
2025-03-02 08:16:04+00:00,0.5
2025-03-02 08:17:05+00:00,0.5
2025-03-02 08:18:04+00:00,0.5
2025-03-02 08:19:04+00:00,0.5
2025-03-02 08:20:05+00:00,0.5
2025-03-02 08:21:04+00:00,0.5
2025-03-02 08:22:04+00:00,0.5
2025-03-02 08:23:04+00:00,0.5
2025-03-02 08:24:04+00:00,0.5
2025-03-02 08:25:05+00:00,0.5
2025-03-02 08:26:05+00:00,0.5
2025-03-02 08:27:05+00:00,0.5
2025-03-02 08:28:04+00:00,0.5
2025-03-02 08:29:04+00:00,0.5
2025-03-02 08:30:04+00:00,0.5
2025-03-02 08:31:04+00:00,0.5
2025-03-02 08:32:04+00:00,0.5
2025-03-02 08:33:05+00:00,0.5
2025-03-02 08:34:05+00:00,0.5
2025-03-02 08:35:04+00:00,0.5
2025-03-02 08:36:05+00:00,0.5
2025-03-02 08:37:04+00:00,0.5
2025-03-02 08:38:04+00:00,0.5
2025-03-02 08:39:04+00:00,0.5
2025-03-02 08:40:04+00:00,0.5
2025-03-02 08:41:05+00:00,0.5
2025-03-02 08:42:04+00:00,0.5
2025-03-02 08:43:04+00:00,0.5
2025-03-02 08:44:04+00:00,0.5
2025-03-02 08:45:05+00:00,0.5
2025-03-02 08:46:04+00:00,0.5
2025-03-02 08:47:04+00:00,0.5
2025-03-02 08:48:04+00:00,0.5
2025-03-02 08:49:04+00:00,0.5
2025-03-02 08:50:05+00:00,0.5
2025-03-02 08:51:04+00:00,0.5
2025-03-02 08:52:04+00:00,0.5
2025-03-02 08:53:05+00:00,0.5
2025-03-02 08:54:05+00:00,0.5
2025-03-02 08:55:04+00:00,0.5
2025-03-02 08:56:05+00:00,0.5
2025-03-02 08:57:04+00:00,0.5
2025-03-02 08:58:04+00:00,0.5
2025-03-02 08:59:04+00:00,0.5
2025-03-02 09:00:04+00:00,0.5
2025-03-02 09:01:04+00:00,0.5
2025-03-02 09:02:05+00:00,0.5
2025-03-02 09:03:04+00:00,0.5
2025-03-02 09:04:04+00:00,0.5
2025-03-02 09:05:04+00:00,0.5
2025-03-02 09:06:04+00:00,0.5
2025-03-02 09:07:04+00:00,0.5
2025-03-02 09:08:04+00:00,0.5
2025-03-02 09:09:05+00:00,0.5
2025-03-02 09:10:05+00:00,0.5
2025-03-02 09:11:04+00:00,0.5
2025-03-02 09:12:04+00:00,0.5
2025-03-02 09:13:05+00:00,0.5
2025-03-02 09:14:04+00:00,0.5
2025-03-02 09:15:05+00:00,0.5
2025-03-02 09:16:04+00:00,0.5
2025-03-02 09:17:05+00:00,0.5
2025-03-02 09:18:04+00:00,0.5
2025-03-02 09:19:05+00:00,0.5
2025-03-02 09:20:05+00:00,0.5
2025-03-02 09:21:04+00:00,0.5
2025-03-02 09:22:05+00:00,0.5
2025-03-02 09:23:04+00:00,0.5
2025-03-02 09:24:05+00:00,0.5
2025-03-02 09:25:04+00:00,0.5
2025-03-02 09:26:04+00:00,0.5
2025-03-02 09:27:04+00:00,0.5
2025-03-02 09:28:04+00:00,0.5
2025-03-02 09:29:04+00:00,0.5
2025-03-02 09:30:05+00:00,0.5
2025-03-02 09:31:04+00:00,0.5
2025-03-02 09:32:04+00:00,0.5
2025-03-02 09:33:04+00:00,0.5
2025-03-02 09:34:04+00:00,0.5
2025-03-02 09:35:04+00:00,0.5
2025-03-02 09:36:04+00:00,0.5
2025-03-02 09:37:04+00:00,0.5
2025-03-02 09:38:05+00:00,0.5
2025-03-02 09:39:05+00:00,0.5
2025-03-02 09:40:05+00:00,0.5
2025-03-02 09:41:05+00:00,0.5
2025-03-02 09:42:05+00:00,0.5
2025-03-02 09:43:04+00:00,0.5
2025-03-02 09:44:04+00:00,0.5
2025-03-02 09:45:04+00:00,0.5
2025-03-02 09:46:05+00:00,0.5
2025-03-02 09:47:05+00:00,0.5
2025-03-02 09:48:05+00:00,0.5
2025-03-02 09:49:04+00:00,0.5
2025-03-02 09:50:04+00:00,0.5
2025-03-02 09:51:05+00:00,0.5
2025-03-02 09:52:05+00:00,0.5
2025-03-02 09:53:05+00:00,0.5
2025-03-02 09:54:05+00:00,0.5
2025-03-02 09:55:05+00:00,0.5
2025-03-02 09:56:04+00:00,0.5
2025-03-02 09:57:04+00:00,0.5
2025-03-02 09:58:04+00:00,0.5
2025-03-02 09:59:04+00:00,0.5
2025-03-02 10:00:05+00:00,0.5
2025-03-02 10:01:04+00:00,0.5
2025-03-02 10:02:05+00:00,0.5
2025-03-02 10:03:04+00:00,0.5
2025-03-02 10:04:05+00:00,0.5
2025-03-02 10:05:05+00:00,0.5
2025-03-02 10:06:04+00:00,0.5
2025-03-02 10:07:04+00:00,0.5
2025-03-02 10:08:05+00:00,0.5
2025-03-02 10:09:05+00:00,0.5
2025-03-02 10:10:05+00:00,0.5
2025-03-02 10:11:05+00:00,0.5
2025-03-02 10:12:04+00:00,0.5
2025-03-02 10:13:05+00:00,0.5
2025-03-02 10:14:04+00:00,0.5
2025-03-02 10:15:05+00:00,0.5
2025-03-02 10:16:04+00:00,0.5
2025-03-02 10:17:04+00:00,0.5
2025-03-02 10:18:04+00:00,0.5
2025-03-02 10:19:04+00:00,0.5
2025-03-02 10:20:05+00:00,0.5
2025-03-02 10:21:04+00:00,0.5
2025-03-02 10:22:05+00:00,0.5
2025-03-02 10:23:05+00:00,0.5
2025-03-02 10:24:05+00:00,0.5
2025-03-02 10:25:05+00:00,0.5
2025-03-02 10:26:05+00:00,0.5
2025-03-02 10:27:04+00:00,0.5
2025-03-02 10:28:05+00:00,0.5
2025-03-02 10:29:04+00:00,0.5
2025-03-02 10:30:04+00:00,0.5
2025-03-02 10:31:05+00:00,0.5
2025-03-02 10:32:05+00:00,0.5
2025-03-02 10:33:04+00:00,0.5
2025-03-02 10:34:05+00:00,0.5
2025-03-02 10:35:05+00:00,0.5
2025-03-02 10:36:04+00:00,0.5
2025-03-02 10:37:04+00:00,0.5
2025-03-02 10:38:05+00:00,0.5
2025-03-02 10:39:05+00:00,0.5
2025-03-02 10:40:05+00:00,0.5
2025-03-02 10:41:04+00:00,0.5
2025-03-02 10:42:04+00:00,0.5
2025-03-02 10:43:05+00:00,0.5
2025-03-02 10:44:04+00:00,0.5
2025-03-02 10:45:05+00:00,0.5
2025-03-02 10:46:05+00:00,0.5
2025-03-02 10:47:04+00:00,0.5
2025-03-02 10:48:05+00:00,0.5
2025-03-02 10:49:05+00:00,0.5
2025-03-02 10:50:05+00:00,0.5
2025-03-02 10:51:05+00:00,0.5
2025-03-02 10:52:05+00:00,0.5
2025-03-02 10:53:04+00:00,0.5
2025-03-02 10:54:05+00:00,0.5
2025-03-02 10:55:04+00:00,0.5
2025-03-02 10:56:04+00:00,0.5
2025-03-02 10:57:05+00:00,0.5
2025-03-02 10:58:04+00:00,0.5
2025-03-02 10:59:05+00:00,0.5
2025-03-02 11:00:05+00:00,0.5
2025-03-02 11:01:05+00:00,0.5
2025-03-02 11:02:04+00:00,0.5
2025-03-02 11:03:04+00:00,0.5
2025-03-02 11:04:04+00:00,0.5
2025-03-02 11:05:04+00:00,0.5
2025-03-02 11:06:04+00:00,0.5
2025-03-02 11:07:05+00:00,0.5
2025-03-02 11:08:05+00:00,0.5
2025-03-02 11:09:04+00:00,0.5
2025-03-02 11:10:04+00:00,0.5
2025-03-02 11:11:05+00:00,0.5
2025-03-02 11:12:04+00:00,0.5
2025-03-02 11:13:04+00:00,0.5
2025-03-02 11:14:05+00:00,0.5
2025-03-02 11:15:05+00:00,0.5
2025-03-02 11:16:05+00:00,0.5
2025-03-02 11:17:04+00:00,0.5
2025-03-02 11:18:04+00:00,0.5
2025-03-02 11:19:04+00:00,0.5
2025-03-02 11:20:05+00:00,0.5
2025-03-02 11:21:05+00:00,0.5
2025-03-02 11:22:05+00:00,0.5
2025-03-02 11:23:05+00:00,0.5
2025-03-02 11:24:05+00:00,0.5
2025-03-02 11:25:05+00:00,0.5
2025-03-02 11:26:05+00:00,0.5
2025-03-02 11:27:05+00:00,0.5
2025-03-02 11:28:04+00:00,0.5
2025-03-02 11:29:04+00:00,0.5
2025-03-02 11:30:05+00:00,0.5
2025-03-02 11:31:04+00:00,0.5
2025-03-02 11:32:04+00:00,0.5
2025-03-02 11:33:05+00:00,0.5
2025-03-02 11:34:05+00:00,0.5
2025-03-02 11:35:05+00:00,0.5
2025-03-02 11:36:05+00:00,0.5
2025-03-02 11:37:05+00:00,0.5
2025-03-02 11:38:05+00:00,0.5
2025-03-02 11:39:05+00:00,0.5
2025-03-02 11:40:05+00:00,0.5
2025-03-02 11:41:04+00:00,0.5
2025-03-02 11:42:05+00:00,0.5
2025-03-02 11:43:04+00:00,0.5
2025-03-02 11:44:05+00:00,0.5
2025-03-02 11:45:05+00:00,0.5
2025-03-02 11:46:04+00:00,0.5
2025-03-02 11:47:05+00:00,0.5
2025-03-02 11:48:05+00:00,0.5
2025-03-02 11:49:04+00:00,0.5
2025-03-02 11:50:04+00:00,0.5
2025-03-02 11:51:04+00:00,0.5
2025-03-02 11:52:05+00:00,0.5
2025-03-02 11:53:04+00:00,0.5
2025-03-02 11:54:05+00:00,0.5
2025-03-02 11:55:05+00:00,0.5
2025-03-02 11:56:05+00:00,0.5
2025-03-02 11:57:05+00:00,0.5
2025-03-02 11:58:05+00:00,0.5
2025-03-02 11:59:04+00:00,0.5
2025-03-02 12:00:05+00:00,0.5
2025-03-02 12:01:04+00:00,0.5
2025-03-02 12:02:04+00:00,0.5
2025-03-02 12:03:04+00:00,0.5
2025-03-02 12:04:04+00:00,0.5
2025-03-02 12:05:05+00:00,0.5
2025-03-02 12:06:05+00:00,0.5
2025-03-02 12:07:05+00:00,0.5
2025-03-02 12:08:04+00:00,0.5
2025-03-02 12:09:05+00:00,0.5
2025-03-02 12:10:04+00:00,0.5
2025-03-02 12:11:04+00:00,0.5
2025-03-02 12:12:05+00:00,0.5
2025-03-02 12:13:05+00:00,0.5
2025-03-02 12:14:05+00:00,0.5
2025-03-02 12:15:05+00:00,0.5
2025-03-02 12:16:05+00:00,0.5
2025-03-02 12:17:04+00:00,0.5
2025-03-02 12:18:05+00:00,0.5
2025-03-02 12:19:04+00:00,0.5
2025-03-02 12:20:05+00:00,0.5
2025-03-02 12:21:04+00:00,0.5
2025-03-02 12:22:05+00:00,0.5
2025-03-02 12:23:04+00:00,0.5
2025-03-02 12:24:04+00:00,0.5
2025-03-02 12:25:05+00:00,0.5
2025-03-02 12:26:04+00:00,0.5
2025-03-02 12:27:04+00:00,0.5
2025-03-02 12:28:05+00:00,0.5
2025-03-02 12:29:04+00:00,0.5
2025-03-02 12:30:04+00:00,0.5
2025-03-02 12:31:05+00:00,0.5
2025-03-02 12:32:05+00:00,0.5
2025-03-02 12:33:04+00:00,0.5
2025-03-02 12:34:04+00:00,0.5
2025-03-02 12:35:04+00:00,0.5
2025-03-02 12:36:05+00:00,0.5
2025-03-02 12:37:04+00:00,0.5
2025-03-02 12:38:04+00:00,0.5
2025-03-02 12:39:05+00:00,0.5
2025-03-02 12:40:04+00:00,0.5
2025-03-02 12:41:04+00:00,0.5
2025-03-02 12:42:05+00:00,0.5
2025-03-02 12:43:04+00:00,0.5
2025-03-02 12:44:05+00:00,0.5
2025-03-02 12:45:04+00:00,0.5
2025-03-02 12:46:04+00:00,0.5
2025-03-02 12:47:04+00:00,0.5
2025-03-02 12:48:05+00:00,0.51
2025-03-02 12:49:04+00:00,0.51
2025-03-02 12:50:05+00:00,0.51
2025-03-02 12:51:05+00:00,0.51
2025-03-02 12:52:04+00:00,0.51
2025-03-02 12:53:04+00:00,0.51
2025-03-02 12:54:05+00:00,0.51
2025-03-02 12:55:05+00:00,0.51
2025-03-02 12:56:05+00:00,0.51
2025-03-02 12:57:05+00:00,0.51
2025-03-02 12:58:04+00:00,0.51
2025-03-02 12:59:05+00:00,0.51
2025-03-02 13:00:05+00:00,0.51
2025-03-02 13:01:04+00:00,0.51
2025-03-02 13:02:07+00:00,0.51
2025-03-02 13:03:05+00:00,0.51
2025-03-02 13:04:04+00:00,0.51
2025-03-02 13:05:05+00:00,0.51
2025-03-02 13:06:05+00:00,0.51
2025-03-02 13:07:04+00:00,0.51
2025-03-02 13:08:04+00:00,0.51
2025-03-02 13:09:04+00:00,0.51
2025-03-02 13:10:05+00:00,0.51
2025-03-02 13:11:05+00:00,0.51
2025-03-02 13:12:04+00:00,0.51
2025-03-02 13:13:05+00:00,0.51
2025-03-02 13:14:04+00:00,0.51
2025-03-02 13:15:05+00:00,0.51
2025-03-02 13:16:04+00:00,0.51
2025-03-02 13:17:04+00:00,0.51
2025-03-02 13:18:05+00:00,0.51
2025-03-02 13:19:04+00:00,0.51
2025-03-02 13:20:04+00:00,0.51
2025-03-02 13:21:04+00:00,0.51
2025-03-02 13:22:05+00:00,0.51
2025-03-02 13:23:04+00:00,0.51
2025-03-02 13:24:05+00:00,0.51
2025-03-02 13:25:04+00:00,0.51
2025-03-02 13:26:04+00:00,0.51
2025-03-02 13:27:04+00:00,0.51
2025-03-02 13:28:04+00:00,0.51
2025-03-02 13:29:05+00:00,0.51
2025-03-02 13:30:04+00:00,0.51
2025-03-02 13:31:04+00:00,0.51
2025-03-02 13:32:05+00:00,0.51
2025-03-02 13:33:04+00:00,0.51
2025-03-02 13:34:04+00:00,0.51
2025-03-02 13:35:04+00:00,0.51
2025-03-02 13:36:04+00:00,0.51
2025-03-02 13:37:04+00:00,0.51
2025-03-02 13:38:05+00:00,0.51
2025-03-02 13:39:04+00:00,0.51
2025-03-02 13:40:04+00:00,0.51
2025-03-02 13:41:04+00:00,0.51
2025-03-02 13:42:04+00:00,0.51
2025-03-02 13:43:04+00:00,0.51
2025-03-02 13:44:05+00:00,0.51
2025-03-02 13:45:05+00:00,0.51
2025-03-02 13:46:05+00:00,0.51
2025-03-02 13:47:05+00:00,0.51
2025-03-02 13:48:04+00:00,0.51
2025-03-02 13:49:05+00:00,0.51
2025-03-02 13:50:05+00:00,0.51
2025-03-02 13:51:04+00:00,0.51
2025-03-02 13:52:04+00:00,0.51
2025-03-02 13:53:04+00:00,0.51
2025-03-02 13:54:05+00:00,0.51
2025-03-02 13:55:04+00:00,0.51
2025-03-02 13:56:04+00:00,0.51
2025-03-02 13:57:05+00:00,0.51
2025-03-02 13:58:04+00:00,0.51
2025-03-02 13:59:05+00:00,0.51
2025-03-02 14:00:05+00:00,0.51
2025-03-02 14:01:04+00:00,0.51
2025-03-02 14:02:05+00:00,0.51
2025-03-02 14:03:05+00:00,0.51
2025-03-02 14:04:04+00:00,0.51
2025-03-02 14:05:04+00:00,0.51
2025-03-02 14:06:05+00:00,0.51
2025-03-02 14:07:04+00:00,0.51
2025-03-02 14:08:05+00:00,0.51
2025-03-02 14:09:04+00:00,0.51
2025-03-02 14:10:04+00:00,0.51
2025-03-02 14:11:04+00:00,0.51
2025-03-02 14:12:05+00:00,0.51
2025-03-02 14:13:04+00:00,0.51
2025-03-02 14:14:04+00:00,0.51
2025-03-02 14:15:05+00:00,0.51
2025-03-02 14:16:04+00:00,0.51
2025-03-02 14:17:05+00:00,0.51
2025-03-02 14:18:05+00:00,0.51
2025-03-02 14:19:05+00:00,0.51
2025-03-02 14:20:04+00:00,0.51
2025-03-02 14:21:04+00:00,0.51
2025-03-02 14:22:04+00:00,0.51
2025-03-02 14:23:04+00:00,0.51
2025-03-02 14:24:04+00:00,0.51
2025-03-02 14:25:05+00:00,0.51
2025-03-02 14:26:05+00:00,0.51
2025-03-02 14:27:04+00:00,0.51
2025-03-02 14:28:04+00:00,0.51
2025-03-02 14:29:05+00:00,0.51
2025-03-02 14:30:05+00:00,0.51
2025-03-02 14:31:04+00:00,0.51
2025-03-02 14:32:04+00:00,0.51
2025-03-02 14:33:04+00:00,0.51
2025-03-02 14:34:04+00:00,0.51
2025-03-02 14:35:05+00:00,0.51
2025-03-02 14:36:04+00:00,0.51
2025-03-02 14:37:05+00:00,0.51
2025-03-02 14:38:04+00:00,0.51
2025-03-02 14:39:05+00:00,0.51
2025-03-02 14:40:05+00:00,0.51
2025-03-02 14:41:04+00:00,0.51
2025-03-02 14:42:04+00:00,0.51
2025-03-02 14:43:05+00:00,0.51
2025-03-02 14:44:04+00:00,0.51
2025-03-02 14:45:05+00:00,0.51
2025-03-02 14:46:05+00:00,0.51
2025-03-02 14:47:05+00:00,0.51
2025-03-02 14:48:05+00:00,0.51
2025-03-02 14:49:05+00:00,0.51
2025-03-02 14:50:05+00:00,0.51
2025-03-02 14:51:04+00:00,0.51
2025-03-02 14:52:05+00:00,0.51
2025-03-02 14:53:05+00:00,0.51
2025-03-02 14:54:04+00:00,0.51
2025-03-02 14:55:05+00:00,0.51
2025-03-02 14:56:04+00:00,0.51
2025-03-02 14:57:04+00:00,0.51
2025-03-02 14:58:04+00:00,0.51
2025-03-02 14:59:04+00:00,0.51
2025-03-02 15:00:05+00:00,0.51
2025-03-02 15:01:04+00:00,0.51
2025-03-02 15:02:04+00:00,0.51
2025-03-02 15:03:04+00:00,0.51
2025-03-02 15:04:04+00:00,0.51
2025-03-02 15:05:05+00:00,0.51
2025-03-02 15:06:04+00:00,0.51
2025-03-02 15:07:05+00:00,0.51
2025-03-02 15:08:04+00:00,0.51
2025-03-02 15:09:04+00:00,0.51
2025-03-02 15:10:04+00:00,0.51
2025-03-02 15:11:04+00:00,0.51
2025-03-02 15:12:05+00:00,0.51
2025-03-02 15:13:04+00:00,0.51
2025-03-02 15:14:05+00:00,0.51
2025-03-02 15:15:05+00:00,0.51
2025-03-02 15:16:04+00:00,0.51
2025-03-02 15:17:04+00:00,0.51
2025-03-02 15:18:05+00:00,0.51
2025-03-02 15:19:04+00:00,0.51
2025-03-02 15:20:05+00:00,0.51
2025-03-02 15:21:05+00:00,0.51
2025-03-02 15:22:04+00:00,0.51
2025-03-02 15:23:05+00:00,0.51
2025-03-02 15:24:04+00:00,0.51
2025-03-02 15:25:05+00:00,0.51
2025-03-02 15:26:05+00:00,0.51
2025-03-02 15:27:05+00:00,0.51
2025-03-02 15:28:04+00:00,0.51
2025-03-02 15:29:04+00:00,0.51
2025-03-02 15:30:05+00:00,0.51
2025-03-02 15:31:05+00:00,0.51
2025-03-02 15:32:04+00:00,0.51
2025-03-02 15:33:05+00:00,0.51
2025-03-02 15:34:04+00:00,0.51
2025-03-02 15:35:05+00:00,0.51
2025-03-02 15:36:04+00:00,0.51
2025-03-02 15:37:04+00:00,0.51
2025-03-02 15:38:05+00:00,0.51
2025-03-02 15:39:04+00:00,0.51
2025-03-02 15:40:04+00:00,0.51
2025-03-02 15:41:04+00:00,0.51
2025-03-02 15:42:04+00:00,0.51
2025-03-02 15:43:04+00:00,0.51
2025-03-02 15:44:04+00:00,0.51
2025-03-02 15:45:04+00:00,0.51
2025-03-02 15:46:05+00:00,0.51
2025-03-02 15:47:04+00:00,0.51
2025-03-02 15:48:04+00:00,0.51
2025-03-02 15:49:04+00:00,0.51
2025-03-02 15:50:04+00:00,0.51
2025-03-02 15:51:04+00:00,0.51
2025-03-02 15:52:04+00:00,0.51
2025-03-02 15:53:05+00:00,0.51
2025-03-02 15:54:05+00:00,0.51
2025-03-02 15:55:04+00:00,0.51
2025-03-02 15:56:04+00:00,0.51
2025-03-02 15:57:05+00:00,0.51
2025-03-02 15:58:04+00:00,0.51
2025-03-02 15:59:04+00:00,0.51
2025-03-02 16:00:05+00:00,0.51
2025-03-02 16:01:04+00:00,0.51
2025-03-02 16:02:04+00:00,0.51
2025-03-02 16:03:05+00:00,0.51
2025-03-02 16:04:05+00:00,0.51
2025-03-02 16:05:05+00:00,0.51
2025-03-02 16:06:04+00:00,0.51
2025-03-02 16:07:05+00:00,0.51
2025-03-02 16:08:04+00:00,0.51
2025-03-02 16:09:05+00:00,0.51
2025-03-02 16:10:05+00:00,0.51
2025-03-02 16:11:04+00:00,0.51
2025-03-02 16:12:05+00:00,0.51
2025-03-02 16:13:04+00:00,0.51
2025-03-02 16:14:04+00:00,0.51
2025-03-02 16:15:05+00:00,0.51
2025-03-02 16:16:05+00:00,0.51
2025-03-02 16:17:04+00:00,0.51
2025-03-02 16:18:04+00:00,0.51
2025-03-02 16:19:04+00:00,0.51
2025-03-02 16:20:05+00:00,0.51
2025-03-02 16:21:04+00:00,0.51
2025-03-02 16:22:04+00:00,0.51
2025-03-02 16:23:05+00:00,0.51
2025-03-02 16:24:04+00:00,0.51
2025-03-02 16:25:05+00:00,0.51
2025-03-02 16:26:05+00:00,0.51
2025-03-02 16:27:04+00:00,0.51
2025-03-02 16:28:05+00:00,0.51
2025-03-02 16:29:04+00:00,0.51
2025-03-02 16:30:05+00:00,0.51
2025-03-02 16:31:04+00:00,0.51
2025-03-02 16:32:04+00:00,0.51
2025-03-02 16:33:04+00:00,0.51
2025-03-02 16:34:04+00:00,0.51
2025-03-02 16:35:05+00:00,0.51
2025-03-02 16:36:04+00:00,0.51
2025-03-02 16:37:04+00:00,0.51
2025-03-02 16:38:04+00:00,0.51
2025-03-02 16:39:04+00:00,0.51
2025-03-02 16:40:05+00:00,0.51
2025-03-02 16:41:04+00:00,0.51
2025-03-02 16:42:05+00:00,0.51
2025-03-02 16:43:04+00:00,0.51
2025-03-02 16:44:05+00:00,0.51
2025-03-02 16:45:04+00:00,0.51
2025-03-02 16:46:04+00:00,0.51
2025-03-02 16:47:05+00:00,0.51
2025-03-02 16:48:05+00:00,0.51
2025-03-02 16:49:04+00:00,0.51
2025-03-02 16:50:05+00:00,0.51
2025-03-02 16:51:05+00:00,0.51
2025-03-02 16:52:04+00:00,0.51
2025-03-02 16:53:04+00:00,0.51
2025-03-02 16:54:05+00:00,0.51
2025-03-02 16:55:05+00:00,0.51
2025-03-02 16:56:05+00:00,0.51
2025-03-02 16:57:05+00:00,0.51
2025-03-02 16:58:04+00:00,0.51
2025-03-02 16:59:04+00:00,0.51
2025-03-02 17:00:05+00:00,0.51
2025-03-02 17:01:04+00:00,0.51
2025-03-02 17:02:04+00:00,0.51
2025-03-02 17:03:04+00:00,0.51
2025-03-02 17:04:04+00:00,0.51
2025-03-02 17:05:05+00:00,0.51
2025-03-02 17:06:04+00:00,0.51
2025-03-02 17:07:04+00:00,0.51
2025-03-02 17:08:04+00:00,0.51
2025-03-02 17:09:04+00:00,0.51
2025-03-02 17:10:05+00:00,0.51
2025-03-02 17:11:04+00:00,0.51
2025-03-02 17:12:05+00:00,0.51
2025-03-02 17:13:05+00:00,0.51
2025-03-02 17:14:04+00:00,0.51
2025-03-02 17:15:04+00:00,0.51
2025-03-02 17:16:05+00:00,0.51
2025-03-02 17:17:05+00:00,0.51
2025-03-02 17:18:04+00:00,0.51
2025-03-02 17:19:04+00:00,0.51
2025-03-02 17:20:05+00:00,0.51
2025-03-02 17:21:04+00:00,0.51
2025-03-02 17:22:04+00:00,0.51
2025-03-02 17:23:05+00:00,0.51
2025-03-02 17:24:05+00:00,0.51
2025-03-02 17:25:04+00:00,0.51
2025-03-02 17:26:04+00:00,0.51
2025-03-02 17:27:04+00:00,0.51
2025-03-02 17:28:04+00:00,0.51
2025-03-02 17:29:04+00:00,0.51
2025-03-02 17:30:05+00:00,0.51
2025-03-02 17:31:05+00:00,0.51
2025-03-02 17:32:05+00:00,0.51
2025-03-02 17:33:04+00:00,0.51
2025-03-02 17:34:05+00:00,0.51
2025-03-02 17:35:04+00:00,0.51
2025-03-02 17:36:05+00:00,0.51
2025-03-02 17:37:04+00:00,0.51
2025-03-02 17:38:04+00:00,0.51
2025-03-02 17:39:04+00:00,0.51
2025-03-02 17:40:04+00:00,0.51
2025-03-02 17:41:05+00:00,0.51
2025-03-02 17:42:04+00:00,0.51
2025-03-02 17:43:04+00:00,0.51
2025-03-02 17:44:04+00:00,0.51
2025-03-02 17:45:04+00:00,0.51
2025-03-02 17:46:04+00:00,0.51
2025-03-02 17:47:05+00:00,0.51
2025-03-02 17:48:04+00:00,0.51
2025-03-02 17:49:04+00:00,0.51
2025-03-02 17:50:04+00:00,0.51
2025-03-02 17:51:04+00:00,0.51
2025-03-02 17:52:04+00:00,0.51
2025-03-02 17:53:04+00:00,0.51
2025-03-02 17:54:04+00:00,0.51
2025-03-02 17:55:04+00:00,0.51
2025-03-02 17:56:04+00:00,0.51
2025-03-02 17:57:04+00:00,0.51
2025-03-02 17:58:05+00:00,0.51
2025-03-02 17:59:04+00:00,0.51
2025-03-02 18:00:05+00:00,0.51
2025-03-02 18:01:04+00:00,0.51
2025-03-02 18:02:04+00:00,0.51
2025-03-02 18:03:04+00:00,0.51
2025-03-02 18:04:04+00:00,0.51
2025-03-02 18:05:05+00:00,0.51
2025-03-02 18:06:04+00:00,0.51
2025-03-02 18:07:04+00:00,0.51
2025-03-02 18:08:04+00:00,0.51
2025-03-02 18:09:05+00:00,0.51
2025-03-02 18:10:05+00:00,0.51
2025-03-02 18:11:04+00:00,0.51
2025-03-02 18:12:04+00:00,0.51
2025-03-02 18:13:05+00:00,0.51
2025-03-02 18:14:04+00:00,0.51
2025-03-02 18:15:04+00:00,0.51
2025-03-02 18:16:04+00:00,0.51
2025-03-02 18:17:04+00:00,0.51
2025-03-02 18:18:05+00:00,0.51
2025-03-02 18:19:05+00:00,0.51
2025-03-02 18:20:04+00:00,0.51
2025-03-02 18:21:05+00:00,0.51
2025-03-02 18:22:05+00:00,0.51
2025-03-02 18:23:04+00:00,0.51
2025-03-02 18:24:04+00:00,0.51
2025-03-02 18:25:04+00:00,0.51
2025-03-02 18:26:05+00:00,0.51
2025-03-02 18:27:05+00:00,0.51
2025-03-02 18:28:04+00:00,0.51
2025-03-02 18:29:05+00:00,0.51
2025-03-02 18:30:04+00:00,0.51
2025-03-02 18:31:04+00:00,0.51
2025-03-02 18:32:04+00:00,0.51
2025-03-02 18:33:04+00:00,0.51
2025-03-02 18:34:04+00:00,0.51
2025-03-02 18:35:05+00:00,0.51
2025-03-02 18:36:04+00:00,0.51
2025-03-02 18:37:05+00:00,0.51
2025-03-02 18:38:05+00:00,0.51
2025-03-02 18:39:04+00:00,0.51
2025-03-02 18:40:05+00:00,0.51
2025-03-02 18:41:05+00:00,0.51
2025-03-02 18:42:05+00:00,0.51
2025-03-02 18:43:04+00:00,0.51
2025-03-02 18:44:04+00:00,0.51
2025-03-02 18:45:04+00:00,0.51
2025-03-02 18:46:04+00:00,0.51
2025-03-02 18:47:04+00:00,0.51
2025-03-02 18:48:05+00:00,0.51
2025-03-02 18:49:04+00:00,0.51
2025-03-02 18:50:05+00:00,0.51
2025-03-02 18:51:04+00:00,0.51
2025-03-02 18:52:04+00:00,0.51
2025-03-02 18:53:04+00:00,0.51
2025-03-02 18:54:04+00:00,0.51
2025-03-02 18:55:05+00:00,0.51
2025-03-02 18:56:04+00:00,0.51
2025-03-02 18:57:04+00:00,0.51
2025-03-02 18:58:04+00:00,0.51
2025-03-02 18:59:04+00:00,0.51
2025-03-02 19:00:05+00:00,0.51
2025-03-02 19:01:04+00:00,0.51
2025-03-02 19:02:04+00:00,0.51
2025-03-02 19:03:04+00:00,0.51
2025-03-02 19:04:05+00:00,0.51
2025-03-02 19:05:04+00:00,0.51
2025-03-02 19:06:04+00:00,0.51
2025-03-02 19:07:04+00:00,0.51
2025-03-02 19:08:04+00:00,0.51
2025-03-02 19:09:05+00:00,0.51
2025-03-02 19:10:05+00:00,0.51
2025-03-02 19:11:04+00:00,0.51
2025-03-02 19:12:04+00:00,0.51
2025-03-02 19:13:05+00:00,0.51
2025-03-02 19:14:04+00:00,0.51
2025-03-02 19:15:04+00:00,0.51
2025-03-02 19:16:04+00:00,0.51
2025-03-02 19:17:04+00:00,0.51
2025-03-02 19:18:04+00:00,0.51
2025-03-02 19:19:04+00:00,0.51
2025-03-02 19:20:04+00:00,0.51
2025-03-02 19:21:04+00:00,0.51
2025-03-02 19:22:05+00:00,0.51
2025-03-02 19:23:05+00:00,0.51
2025-03-02 19:24:04+00:00,0.51
2025-03-02 19:25:04+00:00,0.51
2025-03-02 19:26:05+00:00,0.51
2025-03-02 19:27:04+00:00,0.51
2025-03-02 19:28:05+00:00,0.51
2025-03-02 19:29:04+00:00,0.51
2025-03-02 19:30:04+00:00,0.51
2025-03-02 19:31:04+00:00,0.51
2025-03-02 19:32:04+00:00,0.51
2025-03-02 19:33:05+00:00,0.51
2025-03-02 19:34:04+00:00,0.51
2025-03-02 19:35:05+00:00,0.51
2025-03-02 19:36:05+00:00,0.51
2025-03-02 19:37:04+00:00,0.51
2025-03-02 19:38:05+00:00,0.51
2025-03-02 19:39:05+00:00,0.51
2025-03-02 19:40:04+00:00,0.51
2025-03-02 19:41:05+00:00,0.51
2025-03-02 19:42:05+00:00,0.51
2025-03-02 19:43:04+00:00,0.51
2025-03-02 19:44:04+00:00,0.51
2025-03-02 19:45:04+00:00,0.51
2025-03-02 19:46:04+00:00,0.51
2025-03-02 19:47:04+00:00,0.51
2025-03-02 19:48:04+00:00,0.51
2025-03-02 19:49:05+00:00,0.51
2025-03-02 19:50:04+00:00,0.51
2025-03-02 19:51:04+00:00,0.51
2025-03-02 19:52:04+00:00,0.51
2025-03-02 19:53:04+00:00,0.51
2025-03-02 19:54:05+00:00,0.51
2025-03-02 19:55:04+00:00,0.51
2025-03-02 19:56:05+00:00,0.51
2025-03-02 19:57:04+00:00,0.51
2025-03-02 19:58:04+00:00,0.51
2025-03-02 19:59:05+00:00,0.51
2025-03-02 20:00:05+00:00,0.51
2025-03-02 20:01:05+00:00,0.51
2025-03-02 20:02:05+00:00,0.51
2025-03-02 20:03:04+00:00,0.51
2025-03-02 20:04:04+00:00,0.51
2025-03-02 20:05:04+00:00,0.51
2025-03-02 20:06:04+00:00,0.51
2025-03-02 20:07:04+00:00,0.51
2025-03-02 20:08:04+00:00,0.51
2025-03-02 20:09:04+00:00,0.51
2025-03-02 20:10:05+00:00,0.51
2025-03-02 20:11:05+00:00,0.51
2025-03-02 20:12:04+00:00,0.51
2025-03-02 20:13:05+00:00,0.51
2025-03-02 20:14:05+00:00,0.51
2025-03-02 20:15:04+00:00,0.51
2025-03-02 20:16:04+00:00,0.51
2025-03-02 20:17:05+00:00,0.51
2025-03-02 20:18:04+00:00,0.51
2025-03-02 20:19:04+00:00,0.51
2025-03-02 20:20:04+00:00,0.51
2025-03-02 20:21:05+00:00,0.51
2025-03-02 20:22:05+00:00,0.51
2025-03-02 20:23:04+00:00,0.51
2025-03-02 20:24:04+00:00,0.51
2025-03-02 20:25:05+00:00,0.51
2025-03-02 20:26:04+00:00,0.51
2025-03-02 20:27:05+00:00,0.51
2025-03-02 20:28:04+00:00,0.51
2025-03-02 20:29:04+00:00,0.51
2025-03-02 20:30:05+00:00,0.51
2025-03-02 20:31:04+00:00,0.51
2025-03-02 20:32:04+00:00,0.51
2025-03-02 20:33:04+00:00,0.51
2025-03-02 20:34:05+00:00,0.51
2025-03-02 20:35:05+00:00,0.51
2025-03-02 20:36:05+00:00,0.51
2025-03-02 20:37:04+00:00,0.51
2025-03-02 20:38:04+00:00,0.51
2025-03-02 20:39:04+00:00,0.51
2025-03-02 20:40:04+00:00,0.51
2025-03-02 20:41:04+00:00,0.51
2025-03-02 20:42:04+00:00,0.51
2025-03-02 20:43:05+00:00,0.51
2025-03-02 20:44:05+00:00,0.51
2025-03-02 20:45:05+00:00,0.51
2025-03-02 20:46:04+00:00,0.51
2025-03-02 20:47:04+00:00,0.51
2025-03-02 20:48:04+00:00,0.51
2025-03-02 20:49:04+00:00,0.51
2025-03-02 20:50:04+00:00,0.51
2025-03-02 20:51:05+00:00,0.51
2025-03-02 20:52:05+00:00,0.51
2025-03-02 20:53:04+00:00,0.51
2025-03-02 20:54:04+00:00,0.51
2025-03-02 20:55:05+00:00,0.51
2025-03-02 20:56:05+00:00,0.51
2025-03-02 20:57:04+00:00,0.51
2025-03-02 20:58:04+00:00,0.51
2025-03-02 20:59:05+00:00,0.51
2025-03-02 21:00:05+00:00,0.51
2025-03-02 21:01:04+00:00,0.51
2025-03-02 21:02:04+00:00,0.51
2025-03-02 21:03:04+00:00,0.51
2025-03-02 21:04:05+00:00,0.51
2025-03-02 21:05:04+00:00,0.51
2025-03-02 21:06:04+00:00,0.51
2025-03-02 21:07:04+00:00,0.51
2025-03-02 21:08:04+00:00,0.51
2025-03-02 21:09:04+00:00,0.51
2025-03-02 21:10:04+00:00,0.51
2025-03-02 21:11:04+00:00,0.51
2025-03-02 21:12:04+00:00,0.51
2025-03-02 21:13:04+00:00,0.51
2025-03-02 21:14:05+00:00,0.51
2025-03-02 21:15:05+00:00,0.51
2025-03-02 21:16:04+00:00,0.51
2025-03-02 21:17:04+00:00,0.51
2025-03-02 21:18:04+00:00,0.51
2025-03-02 21:19:04+00:00,0.51
2025-03-02 21:20:04+00:00,0.51
2025-03-02 21:21:05+00:00,0.51
2025-03-02 21:22:04+00:00,0.51
2025-03-02 21:23:05+00:00,0.51
2025-03-02 21:24:04+00:00,0.51
2025-03-02 21:25:04+00:00,0.51
2025-03-02 21:26:05+00:00,0.51
2025-03-02 21:27:04+00:00,0.51
2025-03-02 21:28:04+00:00,0.51
2025-03-02 21:29:05+00:00,0.51
2025-03-02 21:30:05+00:00,0.51
2025-03-02 21:31:04+00:00,0.51
2025-03-02 21:32:04+00:00,0.51
2025-03-02 21:33:04+00:00,0.51
2025-03-02 21:34:04+00:00,0.51
2025-03-02 21:35:05+00:00,0.51
2025-03-02 21:36:04+00:00,0.51
2025-03-02 21:37:04+00:00,0.51
2025-03-02 21:38:04+00:00,0.51
2025-03-02 21:39:04+00:00,0.51
2025-03-02 21:40:04+00:00,0.51
2025-03-02 21:41:04+00:00,0.51
2025-03-02 21:42:05+00:00,0.51
2025-03-02 21:43:04+00:00,0.51
2025-03-02 21:44:05+00:00,0.51
2025-03-02 21:45:04+00:00,0.51
2025-03-02 21:46:04+00:00,0.51
2025-03-02 21:47:04+00:00,0.51
2025-03-02 21:48:04+00:00,0.51
2025-03-02 21:49:04+00:00,0.51
2025-03-02 21:50:05+00:00,0.51
2025-03-02 21:51:05+00:00,0.51
2025-03-02 21:52:04+00:00,0.51
2025-03-02 21:53:05+00:00,0.51
2025-03-02 21:54:04+00:00,0.51
2025-03-02 21:55:04+00:00,0.51
2025-03-02 21:56:05+00:00,0.51
2025-03-02 21:57:04+00:00,0.51
2025-03-02 21:58:05+00:00,0.51
2025-03-02 21:59:04+00:00,0.51
2025-03-02 22:00:05+00:00,0.51
2025-03-02 22:01:05+00:00,0.51
2025-03-02 22:02:04+00:00,0.51
2025-03-02 22:03:05+00:00,0.51
2025-03-02 22:04:05+00:00,0.51
2025-03-02 22:05:05+00:00,0.51
2025-03-02 22:06:05+00:00,0.51
2025-03-02 22:07:04+00:00,0.51
2025-03-02 22:08:04+00:00,0.51
2025-03-02 22:09:04+00:00,0.51
2025-03-02 22:10:04+00:00,0.51
2025-03-02 22:11:05+00:00,0.51
2025-03-02 22:12:04+00:00,0.51
2025-03-02 22:13:04+00:00,0.51
2025-03-02 22:14:05+00:00,0.51
2025-03-02 22:15:04+00:00,0.51
2025-03-02 22:16:05+00:00,0.51
2025-03-02 22:17:04+00:00,0.51
2025-03-02 22:18:04+00:00,0.51
2025-03-02 22:19:05+00:00,0.51
2025-03-02 22:20:04+00:00,0.51
2025-03-02 22:21:04+00:00,0.51
2025-03-02 22:22:04+00:00,0.51
2025-03-02 22:23:04+00:00,0.51
2025-03-02 22:24:05+00:00,0.51
2025-03-02 22:25:04+00:00,0.51
2025-03-02 22:26:04+00:00,0.51
2025-03-02 22:27:04+00:00,0.51
2025-03-02 22:28:05+00:00,0.51
2025-03-02 22:29:04+00:00,0.51
2025-03-02 22:30:04+00:00,0.51
2025-03-02 22:31:05+00:00,0.51
2025-03-02 22:32:05+00:00,0.51
2025-03-02 22:33:05+00:00,0.51
2025-03-02 22:34:04+00:00,0.51
2025-03-02 22:35:05+00:00,0.51
2025-03-02 22:36:05+00:00,0.51
2025-03-02 22:37:04+00:00,0.51
2025-03-02 22:38:04+00:00,0.51
2025-03-02 22:39:04+00:00,0.51
2025-03-02 22:40:05+00:00,0.51
2025-03-02 22:41:04+00:00,0.51
2025-03-02 22:42:04+00:00,0.51
2025-03-02 22:43:04+00:00,0.51
2025-03-02 22:44:05+00:00,0.51
2025-03-02 22:45:05+00:00,0.51
2025-03-02 22:46:04+00:00,0.51
2025-03-02 22:47:04+00:00,0.51
2025-03-02 22:48:04+00:00,0.51
2025-03-02 22:49:04+00:00,0.51
2025-03-02 22:50:05+00:00,0.51
2025-03-02 22:51:04+00:00,0.51
2025-03-02 22:52:05+00:00,0.51
2025-03-02 22:53:04+00:00,0.51
2025-03-02 22:54:04+00:00,0.51
2025-03-02 22:55:05+00:00,0.51
2025-03-02 22:56:04+00:00,0.51
2025-03-02 22:57:04+00:00,0.51
2025-03-02 22:58:04+00:00,0.51
2025-03-02 22:59:04+00:00,0.51
2025-03-02 23:00:04+00:00,0.51
2025-03-02 23:01:05+00:00,0.51
2025-03-02 23:02:04+00:00,0.51
2025-03-02 23:03:04+00:00,0.51
2025-03-02 23:04:05+00:00,0.51
2025-03-02 23:05:04+00:00,0.51
2025-03-02 23:06:04+00:00,0.51
2025-03-02 23:07:04+00:00,0.51
2025-03-02 23:08:04+00:00,0.51
2025-03-02 23:09:04+00:00,0.51
2025-03-02 23:10:05+00:00,0.51
2025-03-02 23:11:05+00:00,0.51
2025-03-02 23:12:04+00:00,0.51
2025-03-02 23:13:04+00:00,0.51
2025-03-02 23:14:04+00:00,0.51
2025-03-02 23:15:05+00:00,0.51
2025-03-02 23:16:05+00:00,0.51
2025-03-02 23:17:05+00:00,0.51
2025-03-02 23:18:04+00:00,0.51
2025-03-02 23:19:05+00:00,0.51
2025-03-02 23:20:04+00:00,0.51
2025-03-02 23:21:04+00:00,0.51
2025-03-02 23:22:05+00:00,0.51
2025-03-02 23:23:04+00:00,0.51
2025-03-02 23:24:05+00:00,0.51
2025-03-02 23:25:05+00:00,0.51
2025-03-02 23:26:04+00:00,0.51
2025-03-02 23:27:05+00:00,0.51
2025-03-02 23:28:05+00:00,0.51
2025-03-02 23:29:04+00:00,0.51
2025-03-02 23:30:04+00:00,0.51
2025-03-02 23:31:04+00:00,0.51
2025-03-02 23:32:05+00:00,0.51
2025-03-02 23:33:05+00:00,0.51
2025-03-02 23:34:04+00:00,0.51
2025-03-02 23:35:05+00:00,0.51
2025-03-02 23:36:04+00:00,0.51
2025-03-02 23:37:04+00:00,0.51
2025-03-02 23:38:04+00:00,0.51
2025-03-02 23:39:04+00:00,0.51
2025-03-02 23:40:04+00:00,0.51
2025-03-02 23:41:04+00:00,0.51
2025-03-02 23:42:05+00:00,0.51
2025-03-02 23:43:05+00:00,0.51
2025-03-02 23:44:05+00:00,0.51
2025-03-02 23:45:05+00:00,0.51
2025-03-02 23:46:04+00:00,0.51
2025-03-02 23:47:05+00:00,0.51
2025-03-02 23:48:04+00:00,0.51
2025-03-02 23:49:04+00:00,0.51
2025-03-02 23:50:04+00:00,0.51
2025-03-02 23:51:04+00:00,0.51
2025-03-02 23:52:04+00:00,0.51
2025-03-02 23:53:05+00:00,0.51
2025-03-02 23:54:05+00:00,0.51
2025-03-02 23:55:04+00:00,0.51
2025-03-02 23:56:04+00:00,0.51
2025-03-02 23:57:04+00:00,0.51
2025-03-02 23:58:04+00:00,0.51
2025-03-02 23:59:05+00:00,0.51
2025-03-03 00:00:05+00:00,0.51
2025-03-03 00:01:05+00:00,0.51
2025-03-03 00:02:05+00:00,0.51
2025-03-03 00:03:04+00:00,0.51
2025-03-03 00:04:04+00:00,0.51
2025-03-03 00:05:05+00:00,0.51
2025-03-03 00:06:04+00:00,0.51
2025-03-03 00:07:04+00:00,0.51
2025-03-03 00:08:04+00:00,0.51
2025-03-03 00:09:05+00:00,0.51
2025-03-03 00:10:04+00:00,0.51
2025-03-03 00:11:04+00:00,0.51
2025-03-03 00:12:05+00:00,0.51
2025-03-03 00:13:04+00:00,0.51
2025-03-03 00:14:04+00:00,0.51
2025-03-03 00:15:05+00:00,0.51
2025-03-03 00:16:05+00:00,0.51
2025-03-03 00:17:05+00:00,0.51
2025-03-03 00:18:05+00:00,0.51
2025-03-03 00:19:05+00:00,0.51
2025-03-03 00:20:04+00:00,0.51
2025-03-03 00:21:04+00:00,0.51
2025-03-03 00:22:04+00:00,0.51
2025-03-03 00:23:04+00:00,0.51
2025-03-03 00:24:04+00:00,0.51
2025-03-03 00:25:05+00:00,0.51
2025-03-03 00:26:04+00:00,0.51
2025-03-03 00:27:04+00:00,0.51
2025-03-03 00:28:04+00:00,0.51
2025-03-03 00:29:04+00:00,0.51
2025-03-03 00:30:04+00:00,0.51
2025-03-03 00:31:05+00:00,0.51
2025-03-03 00:32:05+00:00,0.51
2025-03-03 00:33:04+00:00,0.51
2025-03-03 00:34:04+00:00,0.51
2025-03-03 00:35:04+00:00,0.51
2025-03-03 00:36:04+00:00,0.51
2025-03-03 00:37:05+00:00,0.51
2025-03-03 00:38:04+00:00,0.51
2025-03-03 00:39:04+00:00,0.51
2025-03-03 00:40:05+00:00,0.51
2025-03-03 00:41:04+00:00,0.51
2025-03-03 00:42:05+00:00,0.51
2025-03-03 00:43:04+00:00,0.51
2025-03-03 00:44:05+00:00,0.36
2025-03-03 00:45:05+00:00,0.36
2025-03-03 00:46:04+00:00,0.36
2025-03-03 00:47:04+00:00,0.36
2025-03-03 00:48:04+00:00,0.36
2025-03-03 00:49:04+00:00,0.36
2025-03-03 00:50:05+00:00,0.36
2025-03-03 00:51:04+00:00,0.36
2025-03-03 00:52:05+00:00,0.36
2025-03-03 00:53:04+00:00,0.36
2025-03-03 00:54:04+00:00,0.36
2025-03-03 00:55:05+00:00,0.36
2025-03-03 00:56:04+00:00,0.36
2025-03-03 00:57:04+00:00,0.36
2025-03-03 00:58:04+00:00,0.36
2025-03-03 00:59:04+00:00,0.36
2025-03-03 01:00:05+00:00,0.36
2025-03-03 01:01:04+00:00,0.36
2025-03-03 01:02:04+00:00,0.36
2025-03-03 01:03:04+00:00,0.36
2025-03-03 01:04:05+00:00,0.36
2025-03-03 01:05:04+00:00,0.36
2025-03-03 01:06:04+00:00,0.36
2025-03-03 01:07:04+00:00,0.36
2025-03-03 01:08:05+00:00,0.35
2025-03-03 01:09:05+00:00,0.35
2025-03-03 01:10:05+00:00,0.35
2025-03-03 01:11:04+00:00,0.35
2025-03-03 01:12:04+00:00,0.35
2025-03-03 01:13:04+00:00,0.35
2025-03-03 01:14:05+00:00,0.35
2025-03-03 01:15:04+00:00,0.35
2025-03-03 01:16:04+00:00,0.35
2025-03-03 01:17:04+00:00,0.35
2025-03-03 01:18:05+00:00,0.35
2025-03-03 01:19:04+00:00,0.35
2025-03-03 01:20:05+00:00,0.35
2025-03-03 01:21:05+00:00,0.35
2025-03-03 01:22:04+00:00,0.35
2025-03-03 01:23:04+00:00,0.35
2025-03-03 01:24:04+00:00,0.35
2025-03-03 01:25:04+00:00,0.35
2025-03-03 01:26:04+00:00,0.35
2025-03-03 01:27:04+00:00,0.35
2025-03-03 01:28:04+00:00,0.35
2025-03-03 01:29:05+00:00,0.35
2025-03-03 01:30:05+00:00,0.35
2025-03-03 01:31:04+00:00,0.35
2025-03-03 01:32:04+00:00,0.35
2025-03-03 01:33:04+00:00,0.35
2025-03-03 01:34:04+00:00,0.35
2025-03-03 01:35:04+00:00,0.35
2025-03-03 01:36:04+00:00,0.35
2025-03-03 01:37:05+00:00,0.35
2025-03-03 01:38:04+00:00,0.35
2025-03-03 01:39:04+00:00,0.35
2025-03-03 01:40:04+00:00,0.35
2025-03-03 01:41:04+00:00,0.35
2025-03-03 01:42:04+00:00,0.35
2025-03-03 01:43:04+00:00,0.35
2025-03-03 01:44:04+00:00,0.35
2025-03-03 01:45:04+00:00,0.35
2025-03-03 01:46:04+00:00,0.35
2025-03-03 01:47:04+00:00,0.35
2025-03-03 01:48:04+00:00,0.35
2025-03-03 01:49:04+00:00,0.35
2025-03-03 01:50:04+00:00,0.35
2025-03-03 01:51:04+00:00,0.35
2025-03-03 01:52:04+00:00,0.35
2025-03-03 01:53:04+00:00,0.35
2025-03-03 01:54:04+00:00,0.35
2025-03-03 01:55:05+00:00,0.35
2025-03-03 01:56:04+00:00,0.35
2025-03-03 01:57:04+00:00,0.35
2025-03-03 01:58:04+00:00,0.35
2025-03-03 01:59:05+00:00,0.35
2025-03-03 02:00:04+00:00,0.35
2025-03-03 02:01:04+00:00,0.35
2025-03-03 02:02:05+00:00,0.35
2025-03-03 02:03:04+00:00,0.35
2025-03-03 02:04:05+00:00,0.35
2025-03-03 02:05:04+00:00,0.35
2025-03-03 02:06:04+00:00,0.35
2025-03-03 02:07:04+00:00,0.35
2025-03-03 02:08:04+00:00,0.35
2025-03-03 02:09:05+00:00,0.35
2025-03-03 02:10:05+00:00,0.35
2025-03-03 02:11:04+00:00,0.35
2025-03-03 02:12:04+00:00,0.35
2025-03-03 02:13:04+00:00,0.35
2025-03-03 02:14:05+00:00,0.35
2025-03-03 02:15:04+00:00,0.35
2025-03-03 02:16:04+00:00,0.35
2025-03-03 02:17:04+00:00,0.35
2025-03-03 02:18:05+00:00,0.35
2025-03-03 02:19:05+00:00,0.35
2025-03-03 02:20:04+00:00,0.35
2025-03-03 02:21:05+00:00,0.35
2025-03-03 02:22:04+00:00,0.35
2025-03-03 02:23:04+00:00,0.35
2025-03-03 02:24:05+00:00,0.35
2025-03-03 02:25:05+00:00,0.35
2025-03-03 02:26:04+00:00,0.35
2025-03-03 02:27:04+00:00,0.35
2025-03-03 02:28:05+00:00,0.35
2025-03-03 02:29:04+00:00,0.35
2025-03-03 02:30:04+00:00,0.35
2025-03-03 02:31:05+00:00,0.35
2025-03-03 02:32:04+00:00,0.35
2025-03-03 02:33:04+00:00,0.35
2025-03-03 02:34:04+00:00,0.35
2025-03-03 02:35:04+00:00,0.35
2025-03-03 02:36:04+00:00,0.35
2025-03-03 02:37:04+00:00,0.35
2025-03-03 02:38:04+00:00,0.35
2025-03-03 02:39:04+00:00,0.35
2025-03-03 02:40:04+00:00,0.35
2025-03-03 02:41:04+00:00,0.35
2025-03-03 02:42:04+00:00,0.35
2025-03-03 02:43:04+00:00,0.35
2025-03-03 02:44:04+00:00,0.35
2025-03-03 02:45:04+00:00,0.35
2025-03-03 02:46:04+00:00,0.35
2025-03-03 02:47:04+00:00,0.35
2025-03-03 02:48:04+00:00,0.35
2025-03-03 02:49:05+00:00,0.35
2025-03-03 02:50:05+00:00,0.35
2025-03-03 02:51:04+00:00,0.35
2025-03-03 02:52:04+00:00,0.35
2025-03-03 02:53:05+00:00,0.35
2025-03-03 02:54:04+00:00,0.35
2025-03-03 02:55:05+00:00,0.35
2025-03-03 02:56:04+00:00,0.35
2025-03-03 02:57:04+00:00,0.35
2025-03-03 02:58:04+00:00,0.35
2025-03-03 02:59:04+00:00,0.35
2025-03-03 03:00:05+00:00,0.35
2025-03-03 03:01:05+00:00,0.35
2025-03-03 03:02:04+00:00,0.35
2025-03-03 03:03:04+00:00,0.35
2025-03-03 03:04:04+00:00,0.35
2025-03-03 03:05:04+00:00,0.35
2025-03-03 03:06:04+00:00,0.35
2025-03-03 03:07:04+00:00,0.35
2025-03-03 03:08:04+00:00,0.35
2025-03-03 03:09:04+00:00,0.35
2025-03-03 03:10:05+00:00,0.35
2025-03-03 03:11:04+00:00,0.35
2025-03-03 03:12:04+00:00,0.35
2025-03-03 03:13:04+00:00,0.35
2025-03-03 03:14:04+00:00,0.35
2025-03-03 03:15:04+00:00,0.35
2025-03-03 03:16:04+00:00,0.35
2025-03-03 03:17:04+00:00,0.35
2025-03-03 03:18:05+00:00,0.35
2025-03-03 03:19:05+00:00,0.35
2025-03-03 03:20:04+00:00,0.35
2025-03-03 03:21:05+00:00,0.35
2025-03-03 03:22:05+00:00,0.35
2025-03-03 03:23:04+00:00,0.35
2025-03-03 03:24:04+00:00,0.35
2025-03-03 03:25:04+00:00,0.35
2025-03-03 03:26:04+00:00,0.35
2025-03-03 03:27:05+00:00,0.35
2025-03-03 03:28:04+00:00,0.35
2025-03-03 03:29:04+00:00,0.35
2025-03-03 03:30:05+00:00,0.35
2025-03-03 03:31:04+00:00,0.35
2025-03-03 03:32:04+00:00,0.35
2025-03-03 03:33:04+00:00,0.35
2025-03-03 03:34:04+00:00,0.35
2025-03-03 03:35:04+00:00,0.35
2025-03-03 03:36:05+00:00,0.35
2025-03-03 03:37:04+00:00,0.35
2025-03-03 03:38:04+00:00,0.35
2025-03-03 03:39:04+00:00,0.35
2025-03-03 03:40:04+00:00,0.35
2025-03-03 03:41:04+00:00,0.35
2025-03-03 03:42:04+00:00,0.35
2025-03-03 03:43:04+00:00,0.35
2025-03-03 03:44:05+00:00,0.35
2025-03-03 03:45:05+00:00,0.35
2025-03-03 03:46:04+00:00,0.35
2025-03-03 03:47:04+00:00,0.35
2025-03-03 03:48:05+00:00,0.35
2025-03-03 03:49:04+00:00,0.35
2025-03-03 03:50:05+00:00,0.35
2025-03-03 03:51:04+00:00,0.35
2025-03-03 03:52:05+00:00,0.35
2025-03-03 03:53:05+00:00,0.35
2025-03-03 03:54:04+00:00,0.35
2025-03-03 03:55:05+00:00,0.35
2025-03-03 03:56:04+00:00,0.35
2025-03-03 03:57:04+00:00,0.35
2025-03-03 03:58:04+00:00,0.35
2025-03-03 03:59:04+00:00,0.35
2025-03-03 04:00:04+00:00,0.35
2025-03-03 04:01:05+00:00,0.35
2025-03-03 04:02:04+00:00,0.35
2025-03-03 04:03:04+00:00,0.35
2025-03-03 04:04:04+00:00,0.35
2025-03-03 04:05:05+00:00,0.35
2025-03-03 04:06:04+00:00,0.35
2025-03-03 04:07:04+00:00,0.35
2025-03-03 04:08:04+00:00,0.35
2025-03-03 04:09:05+00:00,0.35
2025-03-03 04:10:04+00:00,0.35
2025-03-03 04:11:04+00:00,0.35
2025-03-03 04:12:04+00:00,0.35
2025-03-03 04:13:04+00:00,0.35
2025-03-03 04:14:05+00:00,0.35
2025-03-03 04:15:04+00:00,0.35
2025-03-03 04:16:05+00:00,0.35
2025-03-03 04:17:04+00:00,0.35
2025-03-03 04:18:04+00:00,0.35
2025-03-03 04:19:04+00:00,0.35
2025-03-03 04:20:04+00:00,0.35
2025-03-03 04:21:05+00:00,0.35
2025-03-03 04:22:05+00:00,0.35
2025-03-03 04:23:04+00:00,0.35
2025-03-03 04:24:04+00:00,0.35
2025-03-03 04:25:04+00:00,0.35
2025-03-03 04:26:04+00:00,0.35
2025-03-03 04:27:04+00:00,0.35
2025-03-03 04:28:04+00:00,0.35
2025-03-03 04:29:04+00:00,0.35
2025-03-03 04:30:05+00:00,0.34
2025-03-03 04:31:04+00:00,0.34
2025-03-03 04:32:04+00:00,0.34
2025-03-03 04:33:04+00:00,0.34
2025-03-03 04:34:04+00:00,0.34
2025-03-03 04:35:04+00:00,0.34
2025-03-03 04:36:05+00:00,0.34
2025-03-03 04:37:04+00:00,0.34
2025-03-03 04:38:04+00:00,0.34
2025-03-03 04:39:04+00:00,0.34
2025-03-03 04:40:05+00:00,0.34
2025-03-03 04:41:04+00:00,0.34
2025-03-03 04:42:04+00:00,0.34
2025-03-03 04:43:04+00:00,0.34
2025-03-03 04:44:04+00:00,0.34
2025-03-03 04:45:04+00:00,0.34
2025-03-03 04:46:05+00:00,0.34
2025-03-03 04:47:04+00:00,0.34
2025-03-03 04:48:04+00:00,0.34
2025-03-03 04:49:04+00:00,0.34
2025-03-03 04:50:04+00:00,0.34
2025-03-03 04:51:04+00:00,0.34
2025-03-03 04:52:04+00:00,0.34
2025-03-03 04:53:04+00:00,0.34
2025-03-03 04:54:05+00:00,0.34
2025-03-03 04:55:04+00:00,0.34
2025-03-03 04:56:04+00:00,0.34
2025-03-03 04:57:04+00:00,0.34
2025-03-03 04:58:04+00:00,0.34
2025-03-03 04:59:04+00:00,0.34
2025-03-03 05:00:05+00:00,0.34
2025-03-03 05:01:04+00:00,0.34
2025-03-03 05:02:04+00:00,0.315
2025-03-03 05:03:04+00:00,0.315
2025-03-03 05:04:05+00:00,0.315
2025-03-03 05:05:04+00:00,0.315
2025-03-03 05:06:04+00:00,0.315
2025-03-03 05:07:04+00:00,0.315
2025-03-03 05:08:04+00:00,0.315
2025-03-03 05:09:04+00:00,0.315
2025-03-03 05:10:05+00:00,0.315
2025-03-03 05:11:04+00:00,0.315
2025-03-03 05:12:04+00:00,0.315
2025-03-03 05:13:05+00:00,0.315
2025-03-03 05:14:05+00:00,0.315
2025-03-03 05:15:04+00:00,0.315
2025-03-03 05:16:04+00:00,0.315
2025-03-03 05:17:04+00:00,0.315
2025-03-03 05:18:04+00:00,0.315
2025-03-03 05:19:04+00:00,0.315
2025-03-03 05:20:04+00:00,0.315
2025-03-03 05:21:04+00:00,0.315
2025-03-03 05:22:04+00:00,0.315
2025-03-03 05:23:04+00:00,0.315
2025-03-03 05:24:04+00:00,0.315
2025-03-03 05:25:04+00:00,0.315
2025-03-03 05:26:04+00:00,0.315
2025-03-03 05:27:04+00:00,0.315
2025-03-03 05:28:04+00:00,0.315
2025-03-03 05:29:04+00:00,0.315
2025-03-03 05:30:04+00:00,0.315
2025-03-03 05:31:04+00:00,0.315
2025-03-03 05:32:04+00:00,0.315
2025-03-03 05:33:04+00:00,0.315
2025-03-03 05:34:04+00:00,0.315
2025-03-03 05:35:04+00:00,0.315
2025-03-03 05:36:05+00:00,0.315
2025-03-03 05:37:04+00:00,0.315
2025-03-03 05:38:04+00:00,0.315
2025-03-03 05:39:04+00:00,0.315
2025-03-03 05:40:04+00:00,0.315
2025-03-03 05:41:04+00:00,0.315
2025-03-03 05:42:04+00:00,0.315
2025-03-03 05:43:04+00:00,0.315
2025-03-03 05:44:04+00:00,0.315
2025-03-03 05:45:04+00:00,0.315
2025-03-03 05:46:05+00:00,0.315
2025-03-03 05:47:04+00:00,0.315
2025-03-03 05:48:04+00:00,0.315
2025-03-03 05:49:05+00:00,0.315
2025-03-03 05:50:04+00:00,0.315
2025-03-03 05:51:05+00:00,0.315
2025-03-03 05:52:04+00:00,0.315
2025-03-03 05:53:04+00:00,0.315
2025-03-03 05:54:04+00:00,0.315
2025-03-03 05:55:04+00:00,0.315
2025-03-03 05:56:04+00:00,0.315
2025-03-03 05:57:04+00:00,0.315
2025-03-03 05:58:04+00:00,0.315
2025-03-03 05:59:04+00:00,0.315
2025-03-03 06:00:04+00:00,0.315
2025-03-03 06:01:04+00:00,0.315
2025-03-03 06:02:04+00:00,0.315
2025-03-03 06:03:04+00:00,0.315
2025-03-03 06:04:04+00:00,0.315
2025-03-03 06:05:04+00:00,0.315
2025-03-03 06:06:04+00:00,0.315
2025-03-03 06:07:04+00:00,0.315
2025-03-03 06:08:04+00:00,0.315
2025-03-03 06:09:04+00:00,0.315
2025-03-03 06:10:04+00:00,0.315
2025-03-03 06:11:05+00:00,0.315
2025-03-03 06:12:04+00:00,0.315
2025-03-03 06:13:04+00:00,0.315
2025-03-03 06:14:04+00:00,0.315
2025-03-03 06:15:04+00:00,0.315
2025-03-03 06:16:04+00:00,0.315
2025-03-03 06:17:04+00:00,0.315
2025-03-03 06:18:04+00:00,0.315
2025-03-03 06:19:05+00:00,0.315
2025-03-03 06:20:05+00:00,0.315
2025-03-03 06:21:04+00:00,0.315
2025-03-03 06:22:04+00:00,0.315
2025-03-03 06:23:04+00:00,0.315
2025-03-03 06:24:04+00:00,0.315
2025-03-03 06:25:05+00:00,0.315
2025-03-03 06:26:04+00:00,0.315
2025-03-03 06:27:04+00:00,0.315
2025-03-03 06:28:04+00:00,0.315
2025-03-03 06:29:04+00:00,0.315
2025-03-03 06:30:04+00:00,0.315
2025-03-03 06:31:04+00:00,0.315
2025-03-03 06:32:05+00:00,0.315
2025-03-03 06:33:04+00:00,0.315
2025-03-03 06:34:05+00:00,0.315
2025-03-03 06:35:04+00:00,0.315
2025-03-03 06:36:04+00:00,0.315
2025-03-03 06:37:04+00:00,0.315
2025-03-03 06:38:05+00:00,0.315
2025-03-03 06:39:04+00:00,0.315
2025-03-03 06:40:04+00:00,0.315
2025-03-03 06:41:04+00:00,0.315
2025-03-03 06:42:04+00:00,0.315
2025-03-03 06:43:04+00:00,0.315
2025-03-03 06:44:04+00:00,0.315
2025-03-03 06:45:04+00:00,0.315
2025-03-03 06:46:04+00:00,0.315
2025-03-03 06:47:04+00:00,0.315
2025-03-03 06:48:04+00:00,0.315
2025-03-03 06:49:04+00:00,0.315
2025-03-03 06:50:04+00:00,0.315
2025-03-03 06:51:04+00:00,0.315
2025-03-03 06:52:04+00:00,0.315
2025-03-03 06:53:04+00:00,0.315
2025-03-03 06:54:05+00:00,0.315
2025-03-03 06:55:04+00:00,0.315
2025-03-03 06:56:05+00:00,0.315
2025-03-03 06:57:04+00:00,0.315
2025-03-03 06:58:04+00:00,0.315
2025-03-03 06:59:05+00:00,0.315
2025-03-03 07:00:04+00:00,0.315
2025-03-03 07:01:04+00:00,0.315
2025-03-03 07:02:04+00:00,0.315
2025-03-03 07:03:04+00:00,0.315
2025-03-03 07:04:04+00:00,0.315
2025-03-03 07:05:04+00:00,0.315
2025-03-03 07:06:04+00:00,0.315
2025-03-03 07:07:04+00:00,0.315
2025-03-03 07:08:05+00:00,0.315
2025-03-03 07:09:05+00:00,0.315
2025-03-03 07:10:05+00:00,0.315
2025-03-03 07:11:04+00:00,0.315
2025-03-03 07:12:04+00:00,0.315
2025-03-03 07:13:05+00:00,0.315
2025-03-03 07:14:04+00:00,0.315
2025-03-03 07:15:05+00:00,0.315
2025-03-03 07:16:04+00:00,0.315
2025-03-03 07:17:04+00:00,0.315
2025-03-03 07:18:04+00:00,0.315
2025-03-03 07:19:04+00:00,0.315
2025-03-03 07:20:05+00:00,0.315
2025-03-03 07:21:04+00:00,0.315
2025-03-03 07:22:04+00:00,0.315
2025-03-03 07:23:04+00:00,0.315
2025-03-03 07:24:04+00:00,0.315
2025-03-03 07:25:04+00:00,0.315
2025-03-03 07:26:04+00:00,0.315
2025-03-03 07:27:04+00:00,0.315
2025-03-03 07:28:04+00:00,0.315
2025-03-03 07:29:04+00:00,0.315
2025-03-03 07:30:04+00:00,0.315
2025-03-03 07:31:04+00:00,0.315
2025-03-03 07:32:04+00:00,0.315
2025-03-03 07:33:04+00:00,0.315
2025-03-03 07:34:04+00:00,0.315
2025-03-03 07:35:04+00:00,0.31
2025-03-03 07:36:04+00:00,0.31
2025-03-03 07:37:04+00:00,0.31
2025-03-03 07:38:04+00:00,0.31
2025-03-03 07:39:05+00:00,0.31
2025-03-03 07:40:05+00:00,0.31
2025-03-03 07:41:04+00:00,0.31
2025-03-03 07:42:04+00:00,0.305
2025-03-03 07:43:04+00:00,0.305
2025-03-03 07:44:04+00:00,0.305
2025-03-03 07:45:04+00:00,0.305
2025-03-03 07:46:04+00:00,0.305
2025-03-03 07:47:04+00:00,0.305
2025-03-03 07:48:05+00:00,0.305
2025-03-03 07:49:04+00:00,0.305
2025-03-03 07:50:04+00:00,0.305
2025-03-03 07:51:04+00:00,0.305
2025-03-03 07:52:05+00:00,0.35
2025-03-03 07:53:04+00:00,0.35
2025-03-03 07:54:03+00:00,0.35
2025-03-03 07:55:04+00:00,0.35
2025-03-03 07:56:04+00:00,0.35
2025-03-03 07:57:04+00:00,0.35
2025-03-03 07:58:04+00:00,0.35
2025-03-03 07:59:04+00:00,0.35
2025-03-03 08:00:05+00:00,0.35
2025-03-03 08:01:04+00:00,0.35
2025-03-03 08:02:04+00:00,0.35
2025-03-03 08:03:04+00:00,0.35
2025-03-03 08:04:04+00:00,0.35
2025-03-03 08:05:04+00:00,0.35
2025-03-03 08:06:04+00:00,0.35
2025-03-03 08:07:04+00:00,0.35
2025-03-03 08:08:04+00:00,0.35
2025-03-03 08:09:04+00:00,0.35
2025-03-03 08:10:04+00:00,0.35
2025-03-03 08:11:05+00:00,0.35
2025-03-03 08:12:05+00:00,0.35
2025-03-03 08:13:04+00:00,0.35
2025-03-03 08:14:03+00:00,0.35
2025-03-03 08:15:04+00:00,0.35
2025-03-03 08:16:04+00:00,0.35
2025-03-03 08:17:04+00:00,0.35
2025-03-03 08:18:04+00:00,0.35
2025-03-03 08:19:04+00:00,0.35
2025-03-03 08:20:04+00:00,0.35
2025-03-03 08:21:04+00:00,0.35
2025-03-03 08:22:04+00:00,0.35
2025-03-03 08:23:04+00:00,0.35
2025-03-03 08:24:04+00:00,0.35
2025-03-03 08:25:04+00:00,0.35
2025-03-03 08:26:04+00:00,0.35
2025-03-03 08:27:04+00:00,0.35
2025-03-03 08:28:04+00:00,0.35
2025-03-03 08:29:04+00:00,0.35
2025-03-03 08:30:04+00:00,0.35
2025-03-03 08:31:04+00:00,0.35
2025-03-03 08:32:04+00:00,0.35
2025-03-03 08:33:04+00:00,0.35
2025-03-03 08:34:04+00:00,0.35
2025-03-03 08:35:04+00:00,0.35
2025-03-03 08:36:04+00:00,0.35
2025-03-03 08:37:04+00:00,0.35
2025-03-03 08:38:04+00:00,0.35
2025-03-03 08:39:04+00:00,0.35
2025-03-03 08:40:05+00:00,0.35
2025-03-03 08:41:04+00:00,0.35
2025-03-03 08:42:04+00:00,0.35
2025-03-03 08:43:04+00:00,0.35
2025-03-03 08:44:04+00:00,0.35
2025-03-03 08:45:04+00:00,0.35
2025-03-03 08:46:04+00:00,0.35
2025-03-03 08:47:04+00:00,0.35
2025-03-03 08:48:04+00:00,0.35
2025-03-03 08:49:04+00:00,0.35
2025-03-03 08:50:04+00:00,0.35
2025-03-03 08:51:04+00:00,0.35
2025-03-03 08:52:04+00:00,0.35
2025-03-03 08:53:04+00:00,0.35
2025-03-03 08:54:04+00:00,0.35
2025-03-03 08:55:04+00:00,0.35
2025-03-03 08:56:04+00:00,0.35
2025-03-03 08:57:04+00:00,0.35
2025-03-03 08:58:04+00:00,0.35
2025-03-03 08:59:04+00:00,0.35
2025-03-03 09:00:04+00:00,0.35
2025-03-03 09:01:04+00:00,0.35
2025-03-03 09:02:04+00:00,0.35
2025-03-03 09:03:04+00:00,0.35
2025-03-03 09:04:04+00:00,0.35
2025-03-03 09:05:04+00:00,0.35
2025-03-03 09:06:04+00:00,0.35
2025-03-03 09:07:04+00:00,0.35
2025-03-03 09:08:04+00:00,0.35
2025-03-03 09:09:03+00:00,0.35
2025-03-03 09:10:04+00:00,0.35
2025-03-03 09:11:04+00:00,0.35
2025-03-03 09:12:04+00:00,0.35
2025-03-03 09:13:04+00:00,0.35
2025-03-03 09:14:04+00:00,0.35
2025-03-03 09:15:05+00:00,0.35
2025-03-03 09:16:04+00:00,0.35
2025-03-03 09:17:04+00:00,0.35
2025-03-03 09:18:04+00:00,0.35
2025-03-03 09:19:04+00:00,0.35
2025-03-03 09:20:04+00:00,0.35
2025-03-03 09:21:04+00:00,0.35
2025-03-03 09:22:05+00:00,0.35
2025-03-03 09:23:04+00:00,0.35
2025-03-03 09:24:04+00:00,0.35
2025-03-03 09:25:04+00:00,0.35
2025-03-03 09:26:04+00:00,0.35
2025-03-03 09:27:04+00:00,0.35
2025-03-03 09:28:04+00:00,0.35
2025-03-03 09:29:05+00:00,0.35
2025-03-03 09:30:04+00:00,0.35
2025-03-03 09:31:04+00:00,0.35
2025-03-03 09:32:04+00:00,0.35
2025-03-03 09:33:04+00:00,0.35
2025-03-03 09:34:04+00:00,0.35
2025-03-03 09:35:04+00:00,0.4
2025-03-03 09:36:04+00:00,0.4
2025-03-03 09:37:04+00:00,0.4
2025-03-03 09:38:04+00:00,0.4
2025-03-03 09:39:04+00:00,0.4
2025-03-03 09:40:04+00:00,0.4
2025-03-03 09:41:04+00:00,0.4
2025-03-03 09:42:04+00:00,0.4
2025-03-03 09:43:04+00:00,0.4
2025-03-03 09:44:04+00:00,0.4
2025-03-03 09:45:04+00:00,0.4
2025-03-03 09:46:04+00:00,0.4
2025-03-03 09:47:04+00:00,0.4
2025-03-03 09:48:04+00:00,0.4
2025-03-03 09:49:04+00:00,0.4
2025-03-03 09:50:05+00:00,0.4
2025-03-03 09:51:03+00:00,0.4
2025-03-03 09:52:04+00:00,0.4
2025-03-03 09:53:04+00:00,0.4
2025-03-03 09:54:04+00:00,0.4
2025-03-03 09:55:04+00:00,0.4
2025-03-03 09:56:04+00:00,0.4
2025-03-03 09:57:04+00:00,0.4
2025-03-03 09:58:04+00:00,0.4
2025-03-03 09:59:04+00:00,0.4
2025-03-03 10:00:04+00:00,0.4
2025-03-03 10:01:04+00:00,0.4
2025-03-03 10:02:04+00:00,0.4
2025-03-03 10:03:04+00:00,0.4
2025-03-03 10:04:04+00:00,0.4
2025-03-03 10:05:04+00:00,0.4
2025-03-03 10:06:04+00:00,0.4
2025-03-03 10:07:04+00:00,0.4
2025-03-03 10:08:04+00:00,0.4
2025-03-03 10:09:04+00:00,0.4
2025-03-03 10:10:04+00:00,0.4
2025-03-03 10:11:04+00:00,0.4
2025-03-03 10:12:04+00:00,0.4
2025-03-03 10:13:04+00:00,0.4
2025-03-03 10:14:04+00:00,0.4
2025-03-03 10:15:04+00:00,0.4
2025-03-03 10:16:04+00:00,0.4
2025-03-03 10:17:04+00:00,0.4
2025-03-03 10:18:04+00:00,0.4
2025-03-03 10:19:04+00:00,0.4
2025-03-03 10:20:04+00:00,0.4
2025-03-03 10:21:04+00:00,0.4
2025-03-03 10:22:05+00:00,0.4
2025-03-03 10:23:04+00:00,0.4
2025-03-03 10:24:04+00:00,0.4
2025-03-03 10:25:04+00:00,0.4
2025-03-03 10:26:04+00:00,0.4
2025-03-03 10:27:04+00:00,0.4
2025-03-03 10:28:04+00:00,0.4
2025-03-03 10:29:04+00:00,0.4
2025-03-03 10:30:04+00:00,0.4
2025-03-03 10:31:04+00:00,0.4
2025-03-03 10:32:04+00:00,0.4
2025-03-03 10:33:04+00:00,0.4
2025-03-03 10:34:04+00:00,0.4
2025-03-03 10:35:04+00:00,0.4
2025-03-03 10:36:04+00:00,0.4
2025-03-03 10:37:04+00:00,0.4
2025-03-03 10:38:04+00:00,0.4
2025-03-03 10:39:04+00:00,0.4
2025-03-03 10:40:05+00:00,0.4
2025-03-03 10:41:04+00:00,0.4
2025-03-03 10:42:04+00:00,0.4
2025-03-03 10:43:04+00:00,0.4
2025-03-03 10:44:04+00:00,0.4
2025-03-03 10:45:04+00:00,0.4
2025-03-03 10:46:04+00:00,0.4
2025-03-03 10:47:04+00:00,0.41
2025-03-03 10:48:04+00:00,0.41
2025-03-03 10:49:04+00:00,0.41
2025-03-03 10:50:04+00:00,0.41
2025-03-03 10:51:04+00:00,0.41
2025-03-03 10:52:04+00:00,0.41
2025-03-03 10:53:04+00:00,0.41
2025-03-03 10:54:04+00:00,0.41
2025-03-03 10:55:04+00:00,0.41
2025-03-03 10:56:04+00:00,0.41
2025-03-03 10:57:04+00:00,0.41
2025-03-03 10:58:04+00:00,0.41
2025-03-03 10:59:04+00:00,0.41
2025-03-03 11:00:04+00:00,0.41
2025-03-03 11:01:04+00:00,0.41
2025-03-03 11:02:04+00:00,0.41
2025-03-03 11:03:04+00:00,0.41
2025-03-03 11:04:04+00:00,0.41
2025-03-03 11:05:04+00:00,0.41
2025-03-03 11:06:04+00:00,0.41
2025-03-03 11:07:04+00:00,0.41
2025-03-03 11:08:04+00:00,0.41
2025-03-03 11:09:03+00:00,0.41
2025-03-03 11:10:05+00:00,0.41
2025-03-03 11:11:04+00:00,0.41
2025-03-03 11:12:04+00:00,0.41
2025-03-03 11:13:04+00:00,0.41
2025-03-03 11:14:04+00:00,0.41
2025-03-03 11:15:05+00:00,0.41
2025-03-03 11:16:04+00:00,0.41
2025-03-03 11:17:04+00:00,0.41
2025-03-03 11:18:04+00:00,0.41
2025-03-03 11:19:04+00:00,0.41
2025-03-03 11:20:05+00:00,0.41
2025-03-03 11:21:04+00:00,0.41
2025-03-03 11:22:04+00:00,0.41
2025-03-03 11:23:05+00:00,0.41
2025-03-03 11:24:04+00:00,0.41
2025-03-03 11:25:04+00:00,0.41
2025-03-03 11:26:04+00:00,0.41
2025-03-03 11:27:04+00:00,0.41
2025-03-03 11:28:04+00:00,0.41
2025-03-03 11:29:04+00:00,0.41
2025-03-03 11:30:04+00:00,0.41
2025-03-03 11:31:04+00:00,0.41
2025-03-03 11:32:04+00:00,0.41
2025-03-03 11:33:04+00:00,0.41
2025-03-03 11:34:04+00:00,0.41
2025-03-03 11:35:04+00:00,0.41
2025-03-03 11:36:04+00:00,0.41
2025-03-03 11:37:04+00:00,0.41
2025-03-03 11:38:04+00:00,0.41
2025-03-03 11:39:04+00:00,0.41
2025-03-03 11:40:05+00:00,0.41
2025-03-03 11:41:04+00:00,0.41
2025-03-03 11:42:04+00:00,0.41
2025-03-03 11:43:03+00:00,0.41
2025-03-03 11:44:04+00:00,0.41
2025-03-03 11:45:04+00:00,0.41
2025-03-03 11:46:04+00:00,0.41
2025-03-03 11:47:03+00:00,0.41
2025-03-03 11:48:03+00:00,0.41
2025-03-03 11:49:04+00:00,0.41
2025-03-03 11:50:04+00:00,0.41
2025-03-03 11:51:04+00:00,0.41
2025-03-03 11:52:04+00:00,0.41
2025-03-03 11:53:04+00:00,0.41
2025-03-03 11:54:04+00:00,0.41
2025-03-03 11:55:04+00:00,0.41
2025-03-03 11:56:04+00:00,0.41
2025-03-03 11:57:04+00:00,0.41
2025-03-03 11:58:04+00:00,0.41
2025-03-03 11:59:04+00:00,0.41
2025-03-03 12:00:05+00:00,0.41
2025-03-03 12:01:04+00:00,0.41
2025-03-03 12:02:04+00:00,0.41
2025-03-03 12:03:04+00:00,0.41
2025-03-03 12:04:04+00:00,0.41
2025-03-03 12:05:04+00:00,0.41
2025-03-03 12:06:04+00:00,0.41
2025-03-03 12:07:04+00:00,0.41
2025-03-03 12:08:04+00:00,0.41
2025-03-03 12:09:04+00:00,0.41
2025-03-03 12:10:04+00:00,0.41
2025-03-03 12:11:04+00:00,0.41
2025-03-03 12:12:04+00:00,0.41
2025-03-03 12:13:04+00:00,0.41
2025-03-03 12:14:04+00:00,0.41
2025-03-03 12:15:04+00:00,0.41
2025-03-03 12:16:04+00:00,0.41
2025-03-03 12:17:04+00:00,0.41
2025-03-03 12:18:04+00:00,0.41
2025-03-03 12:19:04+00:00,0.41
2025-03-03 12:20:04+00:00,0.41
2025-03-03 12:21:04+00:00,0.41
2025-03-03 12:22:04+00:00,0.41
2025-03-03 12:23:04+00:00,0.41
2025-03-03 12:24:04+00:00,0.41
2025-03-03 12:25:04+00:00,0.41
2025-03-03 12:26:05+00:00,0.41
2025-03-03 12:27:04+00:00,0.41
2025-03-03 12:28:04+00:00,0.41
2025-03-03 12:29:04+00:00,0.41
2025-03-03 12:30:04+00:00,0.41
2025-03-03 12:31:04+00:00,0.41
2025-03-03 12:32:05+00:00,0.41
2025-03-03 12:33:04+00:00,0.41
2025-03-03 12:34:04+00:00,0.41
2025-03-03 12:35:04+00:00,0.41
2025-03-03 12:36:04+00:00,0.41
2025-03-03 12:37:04+00:00,0.41
2025-03-03 12:38:04+00:00,0.41
2025-03-03 12:39:04+00:00,0.41
2025-03-03 12:40:04+00:00,0.41
2025-03-03 12:41:04+00:00,0.41
2025-03-03 12:42:04+00:00,0.41
2025-03-03 12:43:04+00:00,0.41
2025-03-03 12:44:04+00:00,0.41
2025-03-03 12:45:04+00:00,0.41
2025-03-03 12:46:04+00:00,0.41
2025-03-03 12:47:04+00:00,0.41
2025-03-03 12:48:04+00:00,0.41
2025-03-03 12:49:04+00:00,0.41
2025-03-03 12:50:04+00:00,0.41
2025-03-03 12:51:04+00:00,0.41
2025-03-03 12:52:04+00:00,0.41
2025-03-03 12:53:03+00:00,0.41
2025-03-03 12:54:04+00:00,0.41
2025-03-03 12:55:05+00:00,0.41
2025-03-03 12:56:04+00:00,0.41
2025-03-03 12:57:04+00:00,0.41
2025-03-03 12:58:04+00:00,0.41
2025-03-03 12:59:04+00:00,0.41
2025-03-03 13:00:04+00:00,0.41
2025-03-03 13:01:04+00:00,0.41
2025-03-03 13:02:04+00:00,0.41
2025-03-03 13:03:04+00:00,0.41
2025-03-03 13:04:04+00:00,0.41
2025-03-03 13:05:04+00:00,0.41
2025-03-03 13:06:05+00:00,0.41
2025-03-03 13:07:04+00:00,0.41
2025-03-03 13:08:04+00:00,0.41
2025-03-03 13:09:04+00:00,0.41
2025-03-03 13:10:04+00:00,0.41
2025-03-03 13:11:04+00:00,0.41
2025-03-03 13:12:04+00:00,0.41
2025-03-03 13:13:04+00:00,0.41
2025-03-03 13:14:04+00:00,0.41
2025-03-03 13:15:04+00:00,0.41
2025-03-03 13:16:04+00:00,0.41
2025-03-03 13:17:04+00:00,0.41
2025-03-03 13:18:04+00:00,0.41
2025-03-03 13:19:03+00:00,0.41
2025-03-03 13:20:05+00:00,0.41
2025-03-03 13:21:04+00:00,0.41
2025-03-03 13:22:04+00:00,0.41
2025-03-03 13:23:04+00:00,0.41
2025-03-03 13:24:04+00:00,0.41
2025-03-03 13:25:04+00:00,0.41
2025-03-03 13:26:04+00:00,0.41
2025-03-03 13:27:04+00:00,0.41
2025-03-03 13:28:04+00:00,0.41
2025-03-03 13:29:04+00:00,0.41
2025-03-03 13:30:04+00:00,0.41
2025-03-03 13:31:04+00:00,0.41
2025-03-03 13:32:04+00:00,0.41
2025-03-03 13:33:04+00:00,0.41
2025-03-03 13:34:04+00:00,0.41
2025-03-03 13:35:04+00:00,0.41
2025-03-03 13:36:04+00:00,0.41
2025-03-03 13:37:04+00:00,0.41
2025-03-03 13:38:04+00:00,0.41
2025-03-03 13:39:04+00:00,0.41
2025-03-03 13:40:04+00:00,0.41
2025-03-03 13:41:04+00:00,0.41
2025-03-03 13:42:04+00:00,0.41
2025-03-03 13:43:04+00:00,0.41
2025-03-03 13:44:04+00:00,0.41
2025-03-03 13:45:04+00:00,0.41
2025-03-03 13:46:04+00:00,0.41
2025-03-03 13:47:04+00:00,0.41
2025-03-03 13:48:04+00:00,0.41
2025-03-03 13:49:04+00:00,0.41
2025-03-03 13:50:05+00:00,0.41
2025-03-03 13:51:04+00:00,0.41
2025-03-03 13:52:04+00:00,0.41
2025-03-03 13:53:04+00:00,0.41
2025-03-03 13:54:04+00:00,0.41
2025-03-03 13:55:05+00:00,0.41
2025-03-03 13:56:04+00:00,0.41
2025-03-03 13:57:04+00:00,0.41
2025-03-03 13:58:04+00:00,0.41
2025-03-03 13:59:04+00:00,0.41
2025-03-03 14:00:04+00:00,0.41
2025-03-03 14:01:04+00:00,0.41
2025-03-03 14:02:04+00:00,0.41
2025-03-03 14:03:04+00:00,0.41
2025-03-03 14:04:04+00:00,0.41
2025-03-03 14:05:04+00:00,0.41
2025-03-03 14:06:04+00:00,0.41
2025-03-03 14:07:04+00:00,0.41
2025-03-03 14:08:04+00:00,0.41
2025-03-03 14:09:04+00:00,0.41
2025-03-03 14:10:04+00:00,0.41
2025-03-03 14:11:04+00:00,0.41
2025-03-03 14:12:04+00:00,0.41
2025-03-03 14:13:04+00:00,0.41
2025-03-03 14:14:03+00:00,0.41
2025-03-03 14:15:04+00:00,0.41
2025-03-03 14:16:04+00:00,0.41
2025-03-03 14:17:04+00:00,0.41
2025-03-03 14:18:04+00:00,0.41
2025-03-03 14:19:04+00:00,0.41
2025-03-03 14:20:04+00:00,0.41
2025-03-03 14:21:05+00:00,0.41
2025-03-03 14:22:04+00:00,0.41
2025-03-03 14:23:04+00:00,0.41
2025-03-03 14:24:04+00:00,0.41
2025-03-03 14:25:04+00:00,0.41
2025-03-03 14:26:04+00:00,0.41
2025-03-03 14:27:04+00:00,0.41
2025-03-03 14:28:04+00:00,0.41
2025-03-03 14:29:04+00:00,0.41
2025-03-03 14:30:04+00:00,0.41
2025-03-03 14:31:04+00:00,0.41
2025-03-03 14:32:04+00:00,0.41
2025-03-03 14:33:04+00:00,0.41
2025-03-03 14:34:04+00:00,0.41
2025-03-03 14:35:04+00:00,0.41
2025-03-03 14:36:05+00:00,0.41
2025-03-03 14:37:04+00:00,0.41
2025-03-03 14:38:04+00:00,0.41
2025-03-03 14:39:04+00:00,0.41
2025-03-03 14:40:04+00:00,0.41
2025-03-03 14:41:04+00:00,0.41
2025-03-03 14:42:04+00:00,0.41
2025-03-03 14:43:04+00:00,0.41
2025-03-03 14:44:04+00:00,0.41
2025-03-03 14:45:05+00:00,0.41
2025-03-03 14:46:04+00:00,0.41
2025-03-03 14:47:04+00:00,0.41
2025-03-03 14:48:04+00:00,0.41
2025-03-03 14:49:04+00:00,0.41
2025-03-03 14:50:04+00:00,0.41
2025-03-03 14:51:04+00:00,0.41
2025-03-03 14:52:04+00:00,0.41
2025-03-03 14:53:04+00:00,0.41
2025-03-03 14:54:04+00:00,0.41
2025-03-03 14:55:04+00:00,0.41
2025-03-03 14:56:04+00:00,0.41
2025-03-03 14:57:04+00:00,0.41
2025-03-03 14:58:04+00:00,0.41
2025-03-03 14:59:04+00:00,0.41
2025-03-03 15:00:04+00:00,0.41
2025-03-03 15:01:04+00:00,0.41
2025-03-03 15:02:04+00:00,0.41
2025-03-03 15:03:04+00:00,0.41
2025-03-03 15:04:04+00:00,0.41
2025-03-03 15:05:04+00:00,0.41
2025-03-03 15:06:04+00:00,0.41
2025-03-03 15:07:04+00:00,0.41
2025-03-03 15:08:04+00:00,0.41
2025-03-03 15:09:04+00:00,0.41
2025-03-03 15:10:05+00:00,0.41
2025-03-03 15:11:04+00:00,0.41
2025-03-03 15:12:04+00:00,0.41
2025-03-03 15:13:04+00:00,0.41
2025-03-03 15:14:04+00:00,0.41
2025-03-03 15:15:04+00:00,0.41
2025-03-03 15:16:04+00:00,0.41
2025-03-03 15:17:04+00:00,0.41
2025-03-03 15:18:04+00:00,0.41
2025-03-03 15:19:04+00:00,0.41
2025-03-03 15:20:05+00:00,0.41
2025-03-03 15:21:04+00:00,0.41
2025-03-03 15:22:04+00:00,0.41
2025-03-03 15:23:04+00:00,0.41
2025-03-03 15:24:04+00:00,0.41
2025-03-03 15:25:04+00:00,0.41
2025-03-03 15:26:04+00:00,0.41
2025-03-03 15:27:04+00:00,0.41
2025-03-03 15:28:04+00:00,0.41
2025-03-03 15:29:04+00:00,0.41
2025-03-03 15:30:04+00:00,0.41
2025-03-03 15:31:04+00:00,0.41
2025-03-03 15:32:04+00:00,0.41
2025-03-03 15:33:04+00:00,0.41
2025-03-03 15:34:04+00:00,0.41
2025-03-03 15:35:04+00:00,0.41
2025-03-03 15:36:04+00:00,0.41
2025-03-03 15:37:04+00:00,0.41
2025-03-03 15:38:04+00:00,0.41
2025-03-03 15:39:04+00:00,0.41
2025-03-03 15:40:04+00:00,0.41
2025-03-03 15:41:04+00:00,0.41
2025-03-03 15:42:05+00:00,0.41
2025-03-03 15:43:04+00:00,0.41
2025-03-03 15:44:04+00:00,0.41
2025-03-03 15:45:04+00:00,0.41
2025-03-03 15:46:04+00:00,0.41
2025-03-03 15:47:05+00:00,0.41
2025-03-03 15:48:04+00:00,0.41
2025-03-03 15:49:04+00:00,0.41
2025-03-03 15:50:04+00:00,0.41
2025-03-03 15:51:04+00:00,0.41
2025-03-03 15:52:04+00:00,0.41
2025-03-03 15:53:04+00:00,0.41
2025-03-03 15:54:04+00:00,0.41
2025-03-03 15:55:04+00:00,0.41
2025-03-03 15:56:04+00:00,0.41
2025-03-03 15:57:04+00:00,0.45
2025-03-03 15:58:04+00:00,0.45
2025-03-03 15:59:04+00:00,0.45
2025-03-03 16:00:04+00:00,0.45
2025-03-03 16:01:04+00:00,0.45
2025-03-03 16:02:04+00:00,0.45
2025-03-03 16:03:04+00:00,0.45
2025-03-03 16:04:05+00:00,0.45
2025-03-03 16:05:04+00:00,0.45
2025-03-03 16:06:04+00:00,0.45
2025-03-03 16:07:04+00:00,0.45
2025-03-03 16:08:05+00:00,0.45
2025-03-03 16:09:04+00:00,0.45
2025-03-03 16:10:04+00:00,0.45
2025-03-03 16:11:04+00:00,0.45
2025-03-03 16:12:04+00:00,0.45
2025-03-03 16:13:04+00:00,0.45
2025-03-03 16:14:04+00:00,0.45
2025-03-03 16:15:04+00:00,0.45
2025-03-03 16:16:04+00:00,0.45
2025-03-03 16:17:04+00:00,0.45
2025-03-03 16:18:04+00:00,0.45
2025-03-03 16:19:04+00:00,0.45
2025-03-03 16:20:04+00:00,0.45
2025-03-03 16:21:05+00:00,0.45
2025-03-03 16:22:04+00:00,0.45
2025-03-03 16:23:04+00:00,0.45
2025-03-03 16:24:04+00:00,0.45
2025-03-03 16:25:04+00:00,0.45
2025-03-03 16:26:04+00:00,0.45
2025-03-03 16:27:04+00:00,0.45
2025-03-03 16:28:04+00:00,0.45
2025-03-03 16:29:04+00:00,0.45
2025-03-03 16:30:04+00:00,0.45
2025-03-03 16:31:04+00:00,0.45
2025-03-03 16:32:04+00:00,0.45
2025-03-03 16:33:04+00:00,0.45
2025-03-03 16:34:04+00:00,0.45
2025-03-03 16:35:04+00:00,0.45
2025-03-03 16:36:04+00:00,0.45
2025-03-03 16:37:04+00:00,0.45
2025-03-03 16:38:04+00:00,0.45
2025-03-03 16:39:05+00:00,0.45
2025-03-03 16:40:04+00:00,0.45
2025-03-03 16:41:04+00:00,0.45
2025-03-03 16:42:04+00:00,0.45
2025-03-03 16:43:04+00:00,0.45
2025-03-03 16:44:04+00:00,0.45
2025-03-03 16:45:05+00:00,0.45
2025-03-03 16:46:04+00:00,0.45
2025-03-03 16:47:04+00:00,0.45
2025-03-03 16:48:04+00:00,0.45
2025-03-03 16:49:04+00:00,0.45
2025-03-03 16:50:04+00:00,0.45
2025-03-03 16:51:04+00:00,0.45
2025-03-03 16:52:04+00:00,0.45
2025-03-03 16:53:04+00:00,0.45
2025-03-03 16:54:04+00:00,0.45
2025-03-03 16:55:04+00:00,0.45
2025-03-03 16:56:04+00:00,0.45
2025-03-03 16:57:04+00:00,0.45
2025-03-03 16:58:04+00:00,0.45
2025-03-03 16:59:04+00:00,0.45
2025-03-03 17:00:04+00:00,0.45
2025-03-03 17:01:04+00:00,0.45
2025-03-03 17:02:04+00:00,0.45
2025-03-03 17:03:04+00:00,0.45
2025-03-03 17:04:04+00:00,0.45
2025-03-03 17:05:04+00:00,0.45
2025-03-03 17:06:04+00:00,0.45
2025-03-03 17:07:04+00:00,0.45
2025-03-03 17:08:04+00:00,0.45
2025-03-03 17:09:04+00:00,0.45
2025-03-03 17:10:05+00:00,0.45
2025-03-03 17:11:04+00:00,0.45
2025-03-03 17:12:04+00:00,0.45
2025-03-03 17:13:04+00:00,0.45
2025-03-03 17:14:04+00:00,0.45
2025-03-03 17:15:04+00:00,0.45
2025-03-03 17:16:04+00:00,0.45
2025-03-03 17:17:04+00:00,0.45
2025-03-03 17:18:04+00:00,0.45
2025-03-03 17:19:04+00:00,0.45
2025-03-03 17:20:04+00:00,0.45
2025-03-03 17:21:04+00:00,0.45
2025-03-03 17:22:04+00:00,0.45
2025-03-03 17:23:04+00:00,0.45
2025-03-03 17:24:03+00:00,0.45
2025-03-03 17:25:04+00:00,0.45
2025-03-03 17:26:04+00:00,0.45
2025-03-03 17:27:04+00:00,0.45
2025-03-03 17:28:04+00:00,0.45
2025-03-03 17:29:05+00:00,0.45
2025-03-03 17:30:04+00:00,0.45
2025-03-03 17:31:04+00:00,0.45
2025-03-03 17:32:04+00:00,0.45
2025-03-03 17:33:03+00:00,0.45
2025-03-03 17:34:04+00:00,0.45
2025-03-03 17:35:04+00:00,0.45
2025-03-03 17:36:04+00:00,0.45
2025-03-03 17:37:04+00:00,0.45
2025-03-03 17:38:04+00:00,0.45
2025-03-03 17:39:04+00:00,0.45
2025-03-03 17:40:04+00:00,0.45
2025-03-03 17:41:04+00:00,0.45
2025-03-03 17:42:04+00:00,0.45
2025-03-03 17:43:04+00:00,0.45
2025-03-03 17:44:04+00:00,0.45
2025-03-03 17:45:04+00:00,0.44
2025-03-03 17:46:04+00:00,0.445
2025-03-03 17:47:04+00:00,0.445
2025-03-03 17:48:04+00:00,0.445
2025-03-03 17:49:04+00:00,0.445
2025-03-03 17:50:04+00:00,0.445
2025-03-03 17:51:03+00:00,0.445
2025-03-03 17:52:04+00:00,0.445
2025-03-03 17:53:04+00:00,0.455
2025-03-03 17:54:04+00:00,0.445
2025-03-03 17:55:04+00:00,0.445
2025-03-03 17:56:04+00:00,0.445
2025-03-03 17:57:04+00:00,0.445
2025-03-03 17:58:04+00:00,0.445
2025-03-03 17:59:04+00:00,0.445
2025-03-03 18:00:04+00:00,0.455
2025-03-03 18:01:04+00:00,0.445
2025-03-03 18:02:04+00:00,0.445
2025-03-03 18:03:04+00:00,0.445
2025-03-03 18:04:04+00:00,0.445
2025-03-03 18:05:04+00:00,0.445
2025-03-03 18:06:05+00:00,0.445
2025-03-03 18:07:04+00:00,0.445
2025-03-03 18:08:04+00:00,0.445
2025-03-03 18:09:04+00:00,0.445
2025-03-03 18:10:04+00:00,0.445
2025-03-03 18:11:04+00:00,0.445
2025-03-03 18:12:04+00:00,0.445
2025-03-03 18:13:04+00:00,0.445
2025-03-03 18:14:04+00:00,0.445
2025-03-03 18:15:04+00:00,0.445
2025-03-03 18:16:04+00:00,0.45
2025-03-03 18:17:04+00:00,0.45
2025-03-03 18:18:04+00:00,0.45
2025-03-03 18:19:04+00:00,0.45
2025-03-03 18:20:04+00:00,0.45
2025-03-03 18:21:04+00:00,0.45
2025-03-03 18:22:04+00:00,0.45
2025-03-03 18:23:04+00:00,0.45
2025-03-03 18:24:04+00:00,0.45
2025-03-03 18:25:04+00:00,0.45
2025-03-03 18:26:04+00:00,0.45
2025-03-03 18:27:04+00:00,0.45
2025-03-03 18:28:04+00:00,0.45
2025-03-03 18:29:04+00:00,0.45
2025-03-03 18:30:04+00:00,0.45
2025-03-03 18:31:05+00:00,0.45
2025-03-03 18:32:04+00:00,0.45
2025-03-03 18:33:04+00:00,0.45
2025-03-03 18:34:04+00:00,0.45
2025-03-03 18:35:04+00:00,0.45
2025-03-03 18:36:04+00:00,0.45
2025-03-03 18:37:04+00:00,0.45
2025-03-03 18:38:04+00:00,0.45
2025-03-03 18:39:04+00:00,0.45
2025-03-03 18:40:04+00:00,0.45
2025-03-03 18:41:04+00:00,0.45
2025-03-03 18:42:04+00:00,0.45
2025-03-03 18:43:04+00:00,0.45
2025-03-03 18:44:04+00:00,0.45
2025-03-03 18:45:04+00:00,0.45
2025-03-03 18:46:04+00:00,0.45
2025-03-03 18:47:04+00:00,0.45
2025-03-03 18:48:04+00:00,0.45
2025-03-03 18:49:04+00:00,0.45
2025-03-03 18:50:04+00:00,0.45
2025-03-03 18:51:04+00:00,0.46
2025-03-03 18:52:04+00:00,0.46
2025-03-03 18:53:04+00:00,0.46
2025-03-03 18:54:04+00:00,0.46
2025-03-03 18:55:04+00:00,0.465
2025-03-03 18:56:04+00:00,0.465
2025-03-03 18:57:04+00:00,0.465
2025-03-03 18:58:04+00:00,0.465
2025-03-03 18:59:04+00:00,0.465
2025-03-03 19:00:04+00:00,0.465
2025-03-03 19:01:04+00:00,0.465
2025-03-03 19:02:04+00:00,0.465
2025-03-03 19:03:04+00:00,0.465
2025-03-03 19:04:04+00:00,0.465
2025-03-03 19:05:04+00:00,0.445
2025-03-03 19:06:04+00:00,0.455
2025-03-03 19:07:04+00:00,0.455
2025-03-03 19:08:05+00:00,0.455
2025-03-03 19:09:04+00:00,0.46
2025-03-03 19:10:04+00:00,0.46
2025-03-03 19:11:04+00:00,0.46
2025-03-03 19:12:04+00:00,0.46
2025-03-03 19:13:03+00:00,0.46
2025-03-03 19:14:04+00:00,0.46
2025-03-03 19:15:04+00:00,0.46
2025-03-03 19:16:04+00:00,0.46
2025-03-03 19:17:04+00:00,0.46
2025-03-03 19:18:04+00:00,0.46
2025-03-03 19:19:04+00:00,0.46
2025-03-03 19:20:04+00:00,0.46
2025-03-03 19:21:04+00:00,0.46
2025-03-03 19:22:04+00:00,0.46
2025-03-03 19:23:04+00:00,0.46
2025-03-03 19:24:04+00:00,0.46
2025-03-03 19:25:04+00:00,0.46
2025-03-03 19:26:04+00:00,0.46
2025-03-03 19:27:04+00:00,0.46
2025-03-03 19:28:04+00:00,0.46
2025-03-03 19:29:04+00:00,0.46
2025-03-03 19:30:04+00:00,0.46
2025-03-03 19:31:04+00:00,0.46
2025-03-03 19:32:04+00:00,0.46
2025-03-03 19:33:04+00:00,0.46
2025-03-03 19:34:04+00:00,0.46
2025-03-03 19:35:04+00:00,0.46
2025-03-03 19:36:04+00:00,0.46
2025-03-03 19:37:04+00:00,0.46
2025-03-03 19:38:04+00:00,0.46
2025-03-03 19:39:04+00:00,0.46
2025-03-03 19:40:04+00:00,0.46
2025-03-03 19:41:04+00:00,0.46
2025-03-03 19:42:04+00:00,0.46
2025-03-03 19:43:04+00:00,0.46
2025-03-03 19:44:05+00:00,0.46
2025-03-03 19:45:04+00:00,0.46
2025-03-03 19:46:04+00:00,0.46
2025-03-03 19:47:04+00:00,0.46
2025-03-03 19:48:04+00:00,0.46
2025-03-03 19:49:04+00:00,0.46
2025-03-03 19:50:04+00:00,0.46
2025-03-03 19:51:04+00:00,0.46
2025-03-03 19:52:04+00:00,0.46
2025-03-03 19:53:04+00:00,0.46
2025-03-03 19:54:04+00:00,0.46
2025-03-03 19:55:04+00:00,0.46
2025-03-03 19:56:05+00:00,0.46
2025-03-03 19:57:03+00:00,0.46
2025-03-03 19:58:03+00:00,0.46
2025-03-03 19:59:04+00:00,0.46
2025-03-03 20:00:04+00:00,0.46
2025-03-03 20:01:04+00:00,0.46
2025-03-03 20:02:04+00:00,0.46
2025-03-03 20:03:04+00:00,0.46
2025-03-03 20:04:04+00:00,0.46
2025-03-03 20:05:04+00:00,0.46
2025-03-03 20:06:04+00:00,0.46
2025-03-03 20:07:04+00:00,0.46
2025-03-03 20:08:04+00:00,0.46
2025-03-03 20:09:04+00:00,0.46
2025-03-03 20:10:04+00:00,0.46
2025-03-03 20:11:04+00:00,0.46
2025-03-03 20:12:04+00:00,0.46
2025-03-03 20:13:04+00:00,0.46
2025-03-03 20:14:04+00:00,0.46
2025-03-03 20:15:04+00:00,0.46
2025-03-03 20:16:04+00:00,0.46
2025-03-03 20:17:04+00:00,0.46
2025-03-03 20:18:04+00:00,0.46
2025-03-03 20:19:04+00:00,0.46
2025-03-03 20:20:05+00:00,0.46
2025-03-03 20:21:04+00:00,0.46
2025-03-03 20:22:04+00:00,0.46
2025-03-03 20:23:04+00:00,0.46
2025-03-03 20:24:04+00:00,0.46
2025-03-03 20:25:04+00:00,0.46
2025-03-03 20:26:04+00:00,0.46
2025-03-03 20:27:04+00:00,0.46
2025-03-03 20:28:04+00:00,0.46
2025-03-03 20:29:04+00:00,0.46
2025-03-03 20:30:04+00:00,0.46
2025-03-03 20:31:04+00:00,0.46
2025-03-03 20:32:04+00:00,0.46
2025-03-03 20:33:04+00:00,0.46
2025-03-03 20:34:04+00:00,0.46
2025-03-03 20:35:04+00:00,0.46
2025-03-03 20:36:04+00:00,0.46
2025-03-03 20:37:04+00:00,0.46
2025-03-03 20:38:04+00:00,0.46
2025-03-03 20:39:04+00:00,0.46
2025-03-03 20:40:04+00:00,0.46
2025-03-03 20:41:04+00:00,0.46
2025-03-03 20:42:04+00:00,0.46
2025-03-03 20:43:04+00:00,0.46
2025-03-03 20:44:04+00:00,0.46
2025-03-03 20:45:04+00:00,0.46
2025-03-03 20:46:04+00:00,0.46
2025-03-03 20:47:04+00:00,0.46
2025-03-03 20:48:04+00:00,0.46
2025-03-03 20:49:04+00:00,0.46
2025-03-03 20:50:05+00:00,0.46
2025-03-03 20:51:04+00:00,0.46
2025-03-03 20:52:04+00:00,0.46
2025-03-03 20:53:04+00:00,0.46
2025-03-03 20:54:04+00:00,0.46
2025-03-03 20:55:04+00:00,0.46
2025-03-03 20:56:04+00:00,0.455
2025-03-03 20:57:04+00:00,0.46
2025-03-03 20:58:04+00:00,0.46
2025-03-03 20:59:04+00:00,0.46
2025-03-03 21:00:05+00:00,0.46
2025-03-03 21:01:04+00:00,0.46
2025-03-03 21:02:04+00:00,0.46
2025-03-03 21:03:04+00:00,0.455
2025-03-03 21:04:04+00:00,0.47
2025-03-03 21:05:04+00:00,0.46
2025-03-03 21:06:04+00:00,0.46
2025-03-03 21:07:04+00:00,0.465
2025-03-03 21:08:04+00:00,0.465
2025-03-03 21:09:04+00:00,0.465
2025-03-03 21:10:04+00:00,0.465
2025-03-03 21:11:04+00:00,0.465
2025-03-03 21:12:04+00:00,0.465
2025-03-03 21:13:04+00:00,0.465
2025-03-03 21:14:04+00:00,0.465
2025-03-03 21:15:04+00:00,0.465
2025-03-03 21:16:04+00:00,0.465
2025-03-03 21:17:04+00:00,0.465
2025-03-03 21:18:04+00:00,0.465
2025-03-03 21:19:04+00:00,0.465
2025-03-03 21:20:04+00:00,0.465
2025-03-03 21:21:04+00:00,0.335
2025-03-03 21:22:04+00:00,0.35
2025-03-03 21:23:04+00:00,0.355
2025-03-03 21:24:04+00:00,0.365
2025-03-03 21:25:04+00:00,0.36
2025-03-03 21:26:04+00:00,0.36
2025-03-03 21:27:04+00:00,0.36
2025-03-03 21:28:04+00:00,0.36
2025-03-03 21:29:04+00:00,0.36
2025-03-03 21:30:04+00:00,0.36
2025-03-03 21:31:04+00:00,0.36
2025-03-03 21:32:04+00:00,0.235
2025-03-03 21:33:04+00:00,0.225
2025-03-03 21:34:04+00:00,0.345
2025-03-03 21:35:04+00:00,0.335
2025-03-03 21:36:04+00:00,0.335
2025-03-03 21:37:04+00:00,0.335
2025-03-03 21:38:04+00:00,0.33
2025-03-03 21:39:04+00:00,0.33
2025-03-03 21:40:04+00:00,0.33
2025-03-03 21:41:04+00:00,0.325
2025-03-03 21:42:04+00:00,0.325
2025-03-03 21:43:04+00:00,0.325
2025-03-03 21:44:04+00:00,0.32
2025-03-03 21:45:04+00:00,0.32
2025-03-03 21:46:04+00:00,0.32
2025-03-03 21:47:04+00:00,0.315
2025-03-03 21:48:04+00:00,0.315
2025-03-03 21:49:04+00:00,0.315
2025-03-03 21:50:04+00:00,0.31
2025-03-03 21:51:04+00:00,0.31
2025-03-03 21:52:05+00:00,0.31
2025-03-03 21:53:04+00:00,0.305
2025-03-03 21:54:04+00:00,0.305
2025-03-03 21:55:04+00:00,0.305
2025-03-03 21:56:04+00:00,0.3
2025-03-03 21:57:04+00:00,0.3
2025-03-03 21:58:04+00:00,0.3
2025-03-03 21:59:04+00:00,0.295
2025-03-03 22:00:04+00:00,0.295
2025-03-03 22:01:04+00:00,0.295
2025-03-03 22:02:05+00:00,0.29
2025-03-03 22:03:04+00:00,0.29
2025-03-03 22:04:04+00:00,0.29
2025-03-03 22:05:04+00:00,0.285
2025-03-03 22:06:04+00:00,0.285
2025-03-03 22:07:04+00:00,0.28
2025-03-03 22:08:04+00:00,0.345
2025-03-03 22:09:04+00:00,0.345
2025-03-03 22:10:04+00:00,0.345
2025-03-03 22:11:04+00:00,0.345
2025-03-03 22:12:05+00:00,0.345
2025-03-03 22:13:04+00:00,0.335
2025-03-03 22:14:04+00:00,0.33
2025-03-03 22:15:05+00:00,0.325
2025-03-03 22:16:04+00:00,0.32
2025-03-03 22:17:04+00:00,0.315
2025-03-03 22:18:04+00:00,0.315
2025-03-03 22:19:04+00:00,0.31
2025-03-03 22:20:04+00:00,0.305
2025-03-03 22:21:04+00:00,0.305
2025-03-03 22:22:04+00:00,0.305
2025-03-03 22:23:04+00:00,0.3
2025-03-03 22:24:04+00:00,0.3
2025-03-03 22:25:04+00:00,0.3
2025-03-03 22:26:04+00:00,0.295
2025-03-03 22:27:04+00:00,0.295
2025-03-03 22:28:04+00:00,0.29
2025-03-03 22:29:04+00:00,0.29
2025-03-03 22:30:04+00:00,0.29
2025-03-03 22:31:04+00:00,0.29
2025-03-03 22:32:03+00:00,0.285
2025-03-03 22:33:04+00:00,0.285
2025-03-03 22:34:04+00:00,0.28
2025-03-03 22:35:04+00:00,0.28
2025-03-03 22:36:04+00:00,0.28
2025-03-03 22:37:04+00:00,0.28
2025-03-03 22:38:05+00:00,0.275
2025-03-03 22:39:04+00:00,0.275
2025-03-03 22:40:04+00:00,0.275
2025-03-03 22:41:04+00:00,0.27
2025-03-03 22:42:04+00:00,0.295
2025-03-03 22:43:04+00:00,0.27
2025-03-03 22:44:04+00:00,0.35
2025-03-03 22:45:04+00:00,0.345
2025-03-03 22:46:04+00:00,0.345
2025-03-03 22:47:04+00:00,0.345
2025-03-03 22:48:04+00:00,0.345
2025-03-03 22:49:04+00:00,0.345
2025-03-03 22:50:04+00:00,0.345
2025-03-03 22:51:04+00:00,0.345
2025-03-03 22:52:04+00:00,0.345
2025-03-03 22:53:04+00:00,0.345
2025-03-03 22:54:04+00:00,0.355
2025-03-03 22:55:05+00:00,0.355
2025-03-03 22:56:05+00:00,0.35
2025-03-03 22:57:04+00:00,0.215
2025-03-03 22:58:05+00:00,0.32
2025-03-03 22:59:04+00:00,0.275
2025-03-03 23:00:04+00:00,0.27
2025-03-03 23:01:05+00:00,0.265
2025-03-03 23:02:04+00:00,0.325
2025-03-03 23:03:04+00:00,0.325
2025-03-03 23:04:04+00:00,0.325
2025-03-03 23:05:04+00:00,0.335
2025-03-03 23:06:05+00:00,0.335
2025-03-03 23:07:04+00:00,0.335
2025-03-03 23:08:04+00:00,0.335
2025-03-03 23:09:05+00:00,0.335
2025-03-03 23:10:05+00:00,0.335
2025-03-03 23:11:04+00:00,0.335
2025-03-03 23:12:05+00:00,0.335
2025-03-03 23:13:04+00:00,0.335
2025-03-03 23:14:05+00:00,0.335
2025-03-03 23:15:05+00:00,0.335
2025-03-03 23:16:04+00:00,0.34
2025-03-03 23:17:04+00:00,0.34
2025-03-03 23:18:04+00:00,0.34
2025-03-03 23:19:04+00:00,0.34
2025-03-03 23:20:04+00:00,0.34
2025-03-03 23:21:05+00:00,0.34
2025-03-03 23:22:05+00:00,0.34
2025-03-03 23:23:04+00:00,0.34
2025-03-03 23:24:05+00:00,0.35
2025-03-03 23:25:04+00:00,0.35
2025-03-03 23:26:04+00:00,0.35
2025-03-03 23:27:04+00:00,0.35
2025-03-03 23:28:04+00:00,0.35
2025-03-03 23:29:04+00:00,0.235
2025-03-03 23:30:05+00:00,0.34
2025-03-03 23:31:04+00:00,0.325
2025-03-03 23:32:05+00:00,0.35
2025-03-03 23:33:05+00:00,0.36
2025-03-03 23:34:05+00:00,0.35
2025-03-03 23:35:05+00:00,0.365
2025-03-03 23:36:05+00:00,0.38
2025-03-03 23:37:04+00:00,0.395
2025-03-03 23:38:05+00:00,0.41
2025-03-03 23:39:05+00:00,0.425
2025-03-03 23:40:05+00:00,0.435
2025-03-03 23:41:04+00:00,0.355
2025-03-03 23:42:04+00:00,0.37
2025-03-03 23:43:05+00:00,0.385
2025-03-03 23:44:05+00:00,0.4
2025-03-03 23:45:05+00:00,0.4
2025-03-03 23:46:04+00:00,0.415
2025-03-03 23:47:05+00:00,0.425
2025-03-03 23:48:04+00:00,0.36
2025-03-03 23:49:04+00:00,0.375
2025-03-03 23:50:04+00:00,0.385
2025-03-03 23:51:04+00:00,0.395
2025-03-03 23:52:04+00:00,0.395
2025-03-03 23:53:04+00:00,0.395
2025-03-03 23:54:04+00:00,0.405
2025-03-03 23:55:05+00:00,0.42
2025-03-03 23:56:05+00:00,0.425
2025-03-03 23:57:04+00:00,0.425
2025-03-03 23:58:05+00:00,0.425
2025-03-03 23:59:04+00:00,0.42
2025-03-04 00:00:05+00:00,0.425
2025-03-04 00:01:04+00:00,0.42
2025-03-04 00:02:04+00:00,0.425
2025-03-04 00:03:04+00:00,0.425
2025-03-04 00:04:04+00:00,0.43
2025-03-04 00:05:04+00:00,0.43
2025-03-04 00:06:05+00:00,0.35
2025-03-04 00:07:05+00:00,0.37
2025-03-04 00:08:04+00:00,0.37
2025-03-04 00:09:04+00:00,0.385
2025-03-04 00:10:05+00:00,0.395
2025-03-04 00:11:04+00:00,0.405
2025-03-04 00:12:04+00:00,0.355
2025-03-04 00:13:04+00:00,0.365
2025-03-04 00:14:05+00:00,0.375
2025-03-04 00:15:04+00:00,0.385
2025-03-04 00:16:04+00:00,0.385
2025-03-04 00:17:05+00:00,0.35
2025-03-04 00:18:05+00:00,0.35
2025-03-04 00:19:04+00:00,0.36
2025-03-04 00:20:05+00:00,0.375
2025-03-04 00:21:04+00:00,0.35
2025-03-04 00:22:05+00:00,0.355
2025-03-04 00:23:04+00:00,0.355
2025-03-04 00:24:04+00:00,0.355
2025-03-04 00:25:05+00:00,0.365
2025-03-04 00:26:04+00:00,0.375
2025-03-04 00:27:05+00:00,0.355
2025-03-04 00:28:05+00:00,0.365
2025-03-04 00:29:04+00:00,0.365
2025-03-04 00:30:05+00:00,0.355
2025-03-04 00:31:04+00:00,0.365
2025-03-04 00:32:05+00:00,0.375
2025-03-04 00:33:04+00:00,0.385
2025-03-04 00:34:04+00:00,0.4
2025-03-04 00:35:04+00:00,0.41
2025-03-04 00:36:04+00:00,0.41
2025-03-04 00:37:04+00:00,0.42
2025-03-04 00:38:04+00:00,0.425
2025-03-04 00:39:04+00:00,0.3
2025-03-04 00:40:04+00:00,0.315
2025-03-04 00:41:05+00:00,0.325
2025-03-04 00:42:04+00:00,0.34
2025-03-04 00:43:04+00:00,0.35
2025-03-04 00:44:05+00:00,0.365
2025-03-04 00:45:04+00:00,0.375
2025-03-04 00:46:04+00:00,0.39
2025-03-04 00:47:04+00:00,0.29
2025-03-04 00:48:05+00:00,0.305
2025-03-04 00:49:05+00:00,0.32
2025-03-04 00:50:05+00:00,0.335
2025-03-04 00:51:04+00:00,0.345
2025-03-04 00:52:04+00:00,0.355
2025-03-04 00:53:04+00:00,0.37
2025-03-04 00:54:04+00:00,0.37
2025-03-04 00:55:05+00:00,0.39
2025-03-04 00:56:04+00:00,0.4
2025-03-04 00:57:05+00:00,0.4
2025-03-04 00:58:04+00:00,0.415
2025-03-04 00:59:04+00:00,0.425
2025-03-04 01:00:04+00:00,0.435
2025-03-04 01:01:04+00:00,0.295
2025-03-04 01:02:04+00:00,0.445
2025-03-04 01:03:05+00:00,0.465
2025-03-04 01:04:04+00:00,0.465
2025-03-04 01:05:04+00:00,0.465
2025-03-04 01:06:04+00:00,0.465
2025-03-04 01:07:04+00:00,0.465
2025-03-04 01:08:04+00:00,0.465
2025-03-04 01:09:05+00:00,0.465
2025-03-04 01:10:05+00:00,0.465
2025-03-04 01:11:04+00:00,0.465
2025-03-04 01:12:04+00:00,0.465
2025-03-04 01:13:04+00:00,0.465
2025-03-04 01:14:04+00:00,0.465
2025-03-04 01:15:05+00:00,0.465
2025-03-04 01:16:04+00:00,0.46
2025-03-04 01:17:04+00:00,0.465
2025-03-04 01:18:04+00:00,0.465
2025-03-04 01:19:05+00:00,0.465
2025-03-04 01:20:05+00:00,0.465
2025-03-04 01:21:05+00:00,0.465
2025-03-04 01:22:04+00:00,0.465
2025-03-04 01:23:04+00:00,0.465
2025-03-04 01:24:04+00:00,0.465
2025-03-04 01:25:04+00:00,0.465
2025-03-04 01:26:04+00:00,0.465
2025-03-04 01:27:04+00:00,0.465
2025-03-04 01:28:05+00:00,0.465
2025-03-04 01:29:04+00:00,0.46
2025-03-04 01:30:04+00:00,0.465
2025-03-04 01:31:04+00:00,0.465
2025-03-04 01:32:04+00:00,0.465
2025-03-04 01:33:04+00:00,0.465
2025-03-04 01:34:05+00:00,0.465
2025-03-04 01:35:05+00:00,0.465
2025-03-04 01:36:04+00:00,0.465
2025-03-04 01:37:04+00:00,0.465
2025-03-04 01:38:04+00:00,0.465
2025-03-04 01:39:04+00:00,0.465
2025-03-04 01:40:05+00:00,0.465
2025-03-04 01:41:04+00:00,0.465
2025-03-04 01:42:04+00:00,0.465
2025-03-04 01:43:05+00:00,0.465
2025-03-04 01:44:05+00:00,0.465
2025-03-04 01:45:04+00:00,0.465
2025-03-04 01:46:05+00:00,0.47
2025-03-04 01:47:04+00:00,0.47
2025-03-04 01:48:04+00:00,0.47
2025-03-04 01:49:05+00:00,0.47
2025-03-04 01:50:05+00:00,0.47
2025-03-04 01:51:05+00:00,0.47
2025-03-04 01:52:04+00:00,0.47
2025-03-04 01:53:04+00:00,0.425
2025-03-04 01:54:05+00:00,0.44
2025-03-04 01:55:05+00:00,0.435
2025-03-04 01:56:05+00:00,0.45
2025-03-04 01:57:05+00:00,0.45
2025-03-04 01:58:04+00:00,0.45
2025-03-04 01:59:04+00:00,0.45
2025-03-04 02:00:05+00:00,0.45
2025-03-04 02:01:04+00:00,0.45
2025-03-04 02:02:04+00:00,0.45
2025-03-04 02:03:05+00:00,0.44
2025-03-04 02:04:05+00:00,0.44
2025-03-04 02:05:05+00:00,0.44
2025-03-04 02:06:04+00:00,0.44
2025-03-04 02:07:04+00:00,0.44
2025-03-04 02:08:04+00:00,0.44
2025-03-04 02:09:04+00:00,0.44
2025-03-04 02:10:05+00:00,0.44
2025-03-04 02:11:04+00:00,0.435
2025-03-04 02:12:04+00:00,0.44
2025-03-04 02:13:04+00:00,0.44
2025-03-04 02:14:05+00:00,0.435
2025-03-04 02:15:05+00:00,0.44
2025-03-04 02:16:05+00:00,0.44
2025-03-04 02:17:04+00:00,0.44
2025-03-04 02:18:04+00:00,0.44
2025-03-04 02:19:05+00:00,0.435
2025-03-04 02:20:04+00:00,0.44
2025-03-04 02:21:04+00:00,0.44
2025-03-04 02:22:04+00:00,0.44
2025-03-04 02:23:04+00:00,0.44
2025-03-04 02:24:05+00:00,0.44
2025-03-04 02:25:04+00:00,0.44
2025-03-04 02:26:04+00:00,0.44
2025-03-04 02:27:04+00:00,0.44
2025-03-04 02:28:04+00:00,0.435
2025-03-04 02:29:04+00:00,0.435
2025-03-04 02:30:05+00:00,0.44
2025-03-04 02:31:04+00:00,0.44
2025-03-04 02:32:04+00:00,0.44
2025-03-04 02:33:04+00:00,0.44
2025-03-04 02:34:04+00:00,0.44
2025-03-04 02:35:05+00:00,0.435
2025-03-04 02:36:05+00:00,0.44
2025-03-04 02:37:04+00:00,0.435
2025-03-04 02:38:05+00:00,0.44
2025-03-04 02:39:05+00:00,0.445
2025-03-04 02:40:04+00:00,0.44
2025-03-04 02:41:04+00:00,0.445
2025-03-04 02:42:04+00:00,0.44
2025-03-04 02:43:04+00:00,0.445
2025-03-04 02:44:05+00:00,0.445
2025-03-04 02:45:04+00:00,0.445
2025-03-04 02:46:04+00:00,0.44
2025-03-04 02:47:04+00:00,0.44
2025-03-04 02:48:04+00:00,0.44
2025-03-04 02:49:05+00:00,0.445
2025-03-04 02:50:05+00:00,0.445
2025-03-04 02:51:04+00:00,0.465
2025-03-04 02:52:04+00:00,0.465
2025-03-04 02:53:05+00:00,0.465
2025-03-04 02:54:04+00:00,0.45
2025-03-04 02:55:05+00:00,0.45
2025-03-04 02:56:05+00:00,0.45
2025-03-04 02:57:04+00:00,0.45
2025-03-04 02:58:04+00:00,0.45
2025-03-04 02:59:04+00:00,0.45
2025-03-04 03:00:05+00:00,0.45
2025-03-04 03:01:04+00:00,0.45
2025-03-04 03:02:05+00:00,0.45
2025-03-04 03:03:04+00:00,0.445
2025-03-04 03:04:05+00:00,0.445
2025-03-04 03:05:05+00:00,0.445
2025-03-04 03:06:04+00:00,0.445
2025-03-04 03:07:04+00:00,0.445
2025-03-04 03:08:04+00:00,0.445
2025-03-04 03:09:04+00:00,0.445
2025-03-04 03:10:05+00:00,0.445
2025-03-04 03:11:04+00:00,0.445
2025-03-04 03:12:04+00:00,0.445
2025-03-04 03:13:04+00:00,0.445
2025-03-04 03:14:04+00:00,0.445
2025-03-04 03:15:05+00:00,0.445
2025-03-04 03:16:04+00:00,0.445
2025-03-04 03:17:04+00:00,0.445
2025-03-04 03:18:04+00:00,0.445
2025-03-04 03:19:04+00:00,0.445
2025-03-04 03:20:04+00:00,0.445
2025-03-04 03:21:04+00:00,0.445
2025-03-04 03:22:04+00:00,0.445
2025-03-04 03:23:05+00:00,0.445
2025-03-04 03:24:04+00:00,0.445
2025-03-04 03:25:04+00:00,0.445
2025-03-04 03:26:04+00:00,0.445
2025-03-04 03:27:04+00:00,0.445
2025-03-04 03:28:05+00:00,0.445
2025-03-04 03:29:05+00:00,0.445
2025-03-04 03:30:05+00:00,0.44
2025-03-04 03:31:04+00:00,0.445
2025-03-04 03:32:04+00:00,0.445
2025-03-04 03:33:04+00:00,0.445
2025-03-04 03:34:04+00:00,0.445
2025-03-04 03:35:04+00:00,0.445
2025-03-04 03:36:04+00:00,0.445
2025-03-04 03:37:04+00:00,0.445
2025-03-04 03:38:05+00:00,0.445
2025-03-04 03:39:04+00:00,0.445
2025-03-04 03:40:05+00:00,0.445
2025-03-04 03:41:05+00:00,0.445
2025-03-04 03:42:05+00:00,0.445
2025-03-04 03:43:04+00:00,0.445
2025-03-04 03:44:04+00:00,0.445
2025-03-04 03:45:05+00:00,0.445
2025-03-04 03:46:04+00:00,0.445
2025-03-04 03:47:04+00:00,0.445
2025-03-04 03:48:04+00:00,0.445
2025-03-04 03:49:04+00:00,0.445
2025-03-04 03:50:04+00:00,0.445
2025-03-04 03:51:04+00:00,0.445
2025-03-04 03:52:05+00:00,0.445
2025-03-04 03:53:04+00:00,0.445
2025-03-04 03:54:05+00:00,0.445
2025-03-04 03:55:05+00:00,0.445
2025-03-04 03:56:05+00:00,0.445
2025-03-04 03:57:04+00:00,0.445
2025-03-04 03:58:05+00:00,0.445
2025-03-04 03:59:04+00:00,0.445
2025-03-04 04:00:04+00:00,0.445
2025-03-04 04:01:04+00:00,0.445
2025-03-04 04:02:04+00:00,0.445
2025-03-04 04:03:04+00:00,0.445
2025-03-04 04:04:04+00:00,0.445
2025-03-04 04:05:05+00:00,0.445
2025-03-04 04:06:04+00:00,0.445
2025-03-04 04:07:04+00:00,0.445
2025-03-04 04:08:05+00:00,0.445
2025-03-04 04:09:04+00:00,0.445
2025-03-04 04:10:04+00:00,0.445
2025-03-04 04:11:04+00:00,0.445
2025-03-04 04:12:04+00:00,0.445
2025-03-04 04:13:04+00:00,0.445
2025-03-04 04:14:04+00:00,0.445
2025-03-04 04:15:05+00:00,0.445
2025-03-04 04:16:04+00:00,0.445
2025-03-04 04:17:04+00:00,0.445
2025-03-04 04:18:04+00:00,0.445
2025-03-04 04:19:04+00:00,0.445
2025-03-04 04:20:05+00:00,0.445
2025-03-04 04:21:04+00:00,0.445
2025-03-04 04:22:04+00:00,0.445
2025-03-04 04:23:05+00:00,0.445
2025-03-04 04:24:04+00:00,0.445
2025-03-04 04:25:04+00:00,0.445
2025-03-04 04:26:04+00:00,0.445
2025-03-04 04:27:04+00:00,0.445
2025-03-04 04:28:04+00:00,0.445
2025-03-04 04:29:05+00:00,0.445
2025-03-04 04:30:05+00:00,0.445
2025-03-04 04:31:04+00:00,0.445
2025-03-04 04:32:04+00:00,0.445
2025-03-04 04:33:04+00:00,0.445
2025-03-04 04:34:04+00:00,0.445
2025-03-04 04:35:04+00:00,0.445
2025-03-04 04:36:05+00:00,0.445
2025-03-04 04:37:04+00:00,0.445
2025-03-04 04:38:04+00:00,0.445
2025-03-04 04:39:05+00:00,0.445
2025-03-04 04:40:05+00:00,0.445
2025-03-04 04:41:04+00:00,0.445
2025-03-04 04:42:05+00:00,0.445
2025-03-04 04:43:04+00:00,0.445
2025-03-04 04:44:05+00:00,0.445
2025-03-04 04:45:04+00:00,0.445
2025-03-04 04:46:04+00:00,0.445
2025-03-04 04:47:05+00:00,0.445
2025-03-04 04:48:04+00:00,0.445
2025-03-04 04:49:04+00:00,0.445
2025-03-04 04:50:05+00:00,0.445
2025-03-04 04:51:04+00:00,0.445
2025-03-04 04:52:05+00:00,0.445
2025-03-04 04:53:05+00:00,0.445
2025-03-04 04:54:04+00:00,0.445
2025-03-04 04:55:04+00:00,0.445
2025-03-04 04:56:04+00:00,0.445
2025-03-04 04:57:04+00:00,0.445
2025-03-04 04:58:04+00:00,0.445
2025-03-04 04:59:04+00:00,0.445
2025-03-04 05:00:05+00:00,0.445
2025-03-04 05:01:05+00:00,0.445
2025-03-04 05:02:04+00:00,0.445
2025-03-04 05:03:04+00:00,0.445
2025-03-04 05:04:04+00:00,0.445
2025-03-04 05:05:04+00:00,0.445
2025-03-04 05:06:05+00:00,0.445
2025-03-04 05:07:04+00:00,0.445
2025-03-04 05:08:04+00:00,0.445
2025-03-04 05:09:04+00:00,0.445
2025-03-04 05:10:05+00:00,0.445
2025-03-04 05:11:04+00:00,0.445
2025-03-04 05:12:04+00:00,0.445
2025-03-04 05:13:04+00:00,0.445
2025-03-04 05:14:05+00:00,0.445
2025-03-04 05:15:05+00:00,0.445
2025-03-04 05:16:04+00:00,0.445
2025-03-04 05:17:04+00:00,0.445
2025-03-04 05:18:04+00:00,0.445
2025-03-04 05:19:04+00:00,0.445
2025-03-04 05:20:05+00:00,0.445
2025-03-04 05:21:04+00:00,0.445
2025-03-04 05:22:04+00:00,0.445
2025-03-04 05:23:04+00:00,0.445
2025-03-04 05:24:04+00:00,0.445
2025-03-04 05:25:05+00:00,0.445
2025-03-04 05:26:04+00:00,0.445
2025-03-04 05:27:04+00:00,0.445
2025-03-04 05:28:04+00:00,0.445
2025-03-04 05:29:04+00:00,0.445
2025-03-04 05:30:05+00:00,0.445
2025-03-04 05:31:04+00:00,0.445
2025-03-04 05:32:04+00:00,0.445
2025-03-04 05:33:04+00:00,0.445
2025-03-04 05:34:04+00:00,0.445
2025-03-04 05:35:04+00:00,0.445
2025-03-04 05:36:04+00:00,0.445
2025-03-04 05:37:04+00:00,0.445
2025-03-04 05:38:04+00:00,0.445
2025-03-04 05:39:05+00:00,0.445
2025-03-04 05:40:04+00:00,0.445
2025-03-04 05:41:04+00:00,0.445
2025-03-04 05:42:04+00:00,0.445
2025-03-04 05:43:04+00:00,0.445
2025-03-04 05:44:04+00:00,0.445
2025-03-04 05:45:04+00:00,0.445
2025-03-04 05:46:05+00:00,0.445
2025-03-04 05:47:04+00:00,0.445
2025-03-04 05:48:04+00:00,0.445
2025-03-04 05:49:04+00:00,0.445
2025-03-04 05:50:05+00:00,0.445
2025-03-04 05:51:04+00:00,0.445
2025-03-04 05:52:05+00:00,0.445
2025-03-04 05:53:04+00:00,0.445
2025-03-04 05:54:04+00:00,0.445
2025-03-04 05:55:04+00:00,0.445
2025-03-04 05:56:04+00:00,0.445
2025-03-04 05:57:04+00:00,0.445
2025-03-04 05:58:04+00:00,0.445
2025-03-04 05:59:04+00:00,0.445
2025-03-04 06:00:05+00:00,0.445
2025-03-04 06:01:04+00:00,0.445
2025-03-04 06:02:04+00:00,0.445
2025-03-04 06:03:05+00:00,0.445
2025-03-04 06:04:04+00:00,0.445
2025-03-04 06:05:05+00:00,0.445
2025-03-04 06:06:04+00:00,0.445
2025-03-04 06:07:04+00:00,0.445
2025-03-04 06:08:04+00:00,0.445
2025-03-04 06:09:04+00:00,0.445
2025-03-04 06:10:05+00:00,0.445
2025-03-04 06:11:04+00:00,0.445
2025-03-04 06:12:04+00:00,0.445
2025-03-04 06:13:05+00:00,0.445
2025-03-04 06:14:04+00:00,0.445
2025-03-04 06:15:05+00:00,0.445
2025-03-04 06:16:04+00:00,0.445
2025-03-04 06:17:05+00:00,0.445
2025-03-04 06:18:05+00:00,0.445
2025-03-04 06:19:04+00:00,0.445
2025-03-04 06:20:05+00:00,0.445
2025-03-04 06:21:04+00:00,0.445
2025-03-04 06:22:04+00:00,0.445
2025-03-04 06:23:04+00:00,0.445
2025-03-04 06:24:04+00:00,0.445
2025-03-04 06:25:05+00:00,0.445
2025-03-04 06:26:05+00:00,0.445
2025-03-04 06:27:05+00:00,0.445
2025-03-04 06:28:04+00:00,0.445
2025-03-04 06:29:04+00:00,0.445
2025-03-04 06:30:04+00:00,0.445
2025-03-04 06:31:04+00:00,0.445
2025-03-04 06:32:05+00:00,0.445
2025-03-04 06:33:04+00:00,0.445
2025-03-04 06:34:04+00:00,0.445
2025-03-04 06:35:04+00:00,0.445
2025-03-04 06:36:04+00:00,0.445
2025-03-04 06:37:04+00:00,0.445
2025-03-04 06:38:05+00:00,0.445
2025-03-04 06:39:04+00:00,0.445
2025-03-04 06:40:05+00:00,0.445
2025-03-04 06:41:04+00:00,0.445
2025-03-04 06:42:04+00:00,0.445
2025-03-04 06:43:05+00:00,0.445
2025-03-04 06:44:04+00:00,0.445
2025-03-04 06:45:04+00:00,0.445
2025-03-04 06:46:04+00:00,0.445
2025-03-04 06:47:04+00:00,0.445
2025-03-04 06:48:04+00:00,0.445
2025-03-04 06:49:05+00:00,0.445
2025-03-04 06:50:04+00:00,0.445
2025-03-04 06:51:04+00:00,0.445
2025-03-04 06:52:04+00:00,0.445
2025-03-04 06:53:04+00:00,0.445
2025-03-04 06:54:04+00:00,0.445
2025-03-04 06:55:05+00:00,0.445
2025-03-04 06:56:04+00:00,0.445
2025-03-04 06:57:04+00:00,0.445
2025-03-04 06:58:04+00:00,0.445
2025-03-04 06:59:04+00:00,0.445
2025-03-04 07:00:05+00:00,0.445
2025-03-04 07:01:04+00:00,0.445
2025-03-04 07:02:04+00:00,0.445
2025-03-04 07:03:04+00:00,0.445
2025-03-04 07:04:04+00:00,0.445
2025-03-04 07:05:04+00:00,0.445
2025-03-04 07:06:05+00:00,0.445
2025-03-04 07:07:04+00:00,0.445
2025-03-04 07:08:05+00:00,0.445
2025-03-04 07:09:04+00:00,0.445
2025-03-04 07:10:05+00:00,0.445
2025-03-04 07:11:04+00:00,0.445
2025-03-04 07:12:04+00:00,0.445
2025-03-04 07:13:04+00:00,0.445
2025-03-04 07:14:04+00:00,0.445
2025-03-04 07:15:05+00:00,0.445
2025-03-04 07:16:04+00:00,0.445
2025-03-04 07:17:04+00:00,0.445
2025-03-04 07:18:04+00:00,0.445
2025-03-04 07:19:04+00:00,0.445
2025-03-04 07:20:05+00:00,0.445
2025-03-04 07:21:04+00:00,0.455
2025-03-04 07:22:04+00:00,0.455
2025-03-04 07:23:05+00:00,0.455
2025-03-04 07:24:04+00:00,0.455
2025-03-04 07:25:05+00:00,0.455
2025-03-04 07:26:04+00:00,0.455
2025-03-04 07:27:05+00:00,0.455
2025-03-04 07:28:04+00:00,0.455
2025-03-04 07:29:05+00:00,0.455
2025-03-04 07:30:05+00:00,0.455
2025-03-04 07:31:04+00:00,0.455
2025-03-04 07:32:05+00:00,0.455
2025-03-04 07:33:05+00:00,0.455
2025-03-04 07:34:04+00:00,0.455
2025-03-04 07:35:05+00:00,0.455
2025-03-04 07:36:04+00:00,0.455
2025-03-04 07:37:05+00:00,0.455
2025-03-04 07:38:05+00:00,0.455
2025-03-04 07:39:05+00:00,0.455
2025-03-04 07:40:05+00:00,0.455
2025-03-04 07:41:05+00:00,0.455
2025-03-04 07:42:04+00:00,0.455
2025-03-04 07:43:05+00:00,0.455
2025-03-04 07:44:04+00:00,0.455
2025-03-04 07:45:04+00:00,0.455
2025-03-04 07:46:04+00:00,0.455
2025-03-04 07:47:05+00:00,0.455
2025-03-04 07:48:04+00:00,0.455
2025-03-04 07:49:05+00:00,0.455
2025-03-04 07:50:04+00:00,0.455
2025-03-04 07:51:05+00:00,0.455
2025-03-04 07:52:05+00:00,0.455
2025-03-04 07:53:04+00:00,0.455
2025-03-04 07:54:05+00:00,0.455
2025-03-04 07:55:04+00:00,0.455
2025-03-04 07:56:05+00:00,0.455
2025-03-04 07:57:05+00:00,0.455
2025-03-04 07:58:05+00:00,0.455
2025-03-04 07:59:04+00:00,0.455
2025-03-04 08:00:04+00:00,0.455
2025-03-04 08:01:05+00:00,0.455
2025-03-04 08:02:05+00:00,0.455
2025-03-04 08:03:04+00:00,0.455
2025-03-04 08:04:04+00:00,0.455
2025-03-04 08:05:05+00:00,0.455
2025-03-04 08:06:05+00:00,0.455
2025-03-04 08:07:05+00:00,0.455
2025-03-04 08:08:04+00:00,0.455
2025-03-04 08:09:05+00:00,0.455
2025-03-04 08:10:04+00:00,0.455
2025-03-04 08:11:04+00:00,0.455
2025-03-04 08:12:04+00:00,0.455
2025-03-04 08:13:04+00:00,0.455
2025-03-04 08:14:05+00:00,0.455
2025-03-04 08:15:05+00:00,0.46
2025-03-04 08:16:04+00:00,0.455
2025-03-04 08:17:05+00:00,0.455
2025-03-04 08:18:05+00:00,0.455
2025-03-04 08:19:04+00:00,0.455
2025-03-04 08:20:05+00:00,0.455
2025-03-04 08:21:04+00:00,0.455
2025-03-04 08:22:04+00:00,0.455
2025-03-04 08:23:05+00:00,0.455
2025-03-04 08:24:05+00:00,0.455
2025-03-04 08:25:05+00:00,0.455
2025-03-04 08:26:04+00:00,0.455
2025-03-04 08:27:04+00:00,0.455
2025-03-04 08:28:05+00:00,0.455
2025-03-04 08:29:04+00:00,0.455
2025-03-04 08:30:05+00:00,0.455
2025-03-04 08:31:05+00:00,0.455
2025-03-04 08:32:04+00:00,0.455
2025-03-04 08:33:05+00:00,0.455
2025-03-04 08:34:04+00:00,0.455
2025-03-04 08:35:05+00:00,0.455
2025-03-04 08:36:05+00:00,0.455
2025-03-04 08:37:04+00:00,0.455
2025-03-04 08:38:05+00:00,0.455
2025-03-04 08:39:04+00:00,0.455
2025-03-04 08:40:05+00:00,0.455
2025-03-04 08:41:04+00:00,0.455
2025-03-04 08:42:04+00:00,0.455
2025-03-04 08:43:04+00:00,0.455
2025-03-04 08:44:05+00:00,0.455
2025-03-04 08:45:04+00:00,0.455
2025-03-04 08:46:04+00:00,0.455
2025-03-04 08:47:04+00:00,0.455
2025-03-04 08:48:05+00:00,0.455
2025-03-04 08:49:05+00:00,0.455
2025-03-04 08:50:05+00:00,0.455
2025-03-04 08:51:04+00:00,0.455
2025-03-04 08:52:04+00:00,0.455
2025-03-04 08:53:05+00:00,0.455
2025-03-04 08:54:04+00:00,0.455
2025-03-04 08:55:04+00:00,0.455
2025-03-04 08:56:05+00:00,0.455
2025-03-04 08:57:05+00:00,0.455
2025-03-04 08:58:05+00:00,0.455
2025-03-04 08:59:04+00:00,0.455
2025-03-04 09:00:05+00:00,0.455
2025-03-04 09:01:04+00:00,0.455
2025-03-04 09:02:05+00:00,0.455
2025-03-04 09:03:04+00:00,0.455
2025-03-04 09:04:04+00:00,0.455
2025-03-04 09:05:05+00:00,0.455
2025-03-04 09:06:04+00:00,0.455
2025-03-04 09:07:05+00:00,0.455
2025-03-04 09:08:05+00:00,0.455
2025-03-04 09:09:04+00:00,0.455
2025-03-04 09:10:05+00:00,0.455
2025-03-04 09:11:04+00:00,0.455
2025-03-04 09:12:05+00:00,0.455
2025-03-04 09:13:05+00:00,0.455
2025-03-04 09:14:05+00:00,0.455
2025-03-04 09:15:05+00:00,0.455
2025-03-04 09:16:05+00:00,0.455
2025-03-04 09:17:05+00:00,0.455
2025-03-04 09:18:05+00:00,0.455
2025-03-04 09:19:04+00:00,0.455
2025-03-04 09:20:05+00:00,0.455
2025-03-04 09:21:04+00:00,0.455
2025-03-04 09:22:05+00:00,0.455
2025-03-04 09:23:05+00:00,0.455
2025-03-04 09:24:04+00:00,0.455
2025-03-04 09:25:05+00:00,0.455
2025-03-04 09:26:04+00:00,0.455
2025-03-04 09:27:05+00:00,0.455
2025-03-04 09:28:05+00:00,0.455
2025-03-04 09:29:04+00:00,0.455
2025-03-04 09:30:04+00:00,0.455
2025-03-04 09:31:04+00:00,0.455
2025-03-04 09:32:05+00:00,0.455
2025-03-04 09:33:05+00:00,0.455
2025-03-04 09:34:05+00:00,0.455
2025-03-04 09:35:05+00:00,0.455
2025-03-04 09:36:05+00:00,0.455
2025-03-04 09:37:04+00:00,0.455
2025-03-04 09:38:04+00:00,0.455
2025-03-04 09:39:05+00:00,0.455
2025-03-04 09:40:05+00:00,0.455
2025-03-04 09:41:05+00:00,0.455
2025-03-04 09:42:04+00:00,0.455
2025-03-04 09:43:05+00:00,0.46
2025-03-04 09:44:05+00:00,0.46
2025-03-04 09:45:05+00:00,0.46
2025-03-04 09:46:05+00:00,0.46
2025-03-04 09:47:04+00:00,0.46
2025-03-04 09:48:04+00:00,0.46
2025-03-04 09:49:05+00:00,0.46
2025-03-04 09:50:05+00:00,0.46
2025-03-04 09:51:04+00:00,0.46
2025-03-04 09:52:04+00:00,0.46
2025-03-04 09:53:04+00:00,0.46
2025-03-04 09:54:05+00:00,0.46
2025-03-04 09:55:05+00:00,0.46
2025-03-04 09:56:05+00:00,0.46
2025-03-04 09:57:04+00:00,0.46
2025-03-04 09:58:04+00:00,0.46
2025-03-04 09:59:05+00:00,0.46
2025-03-04 10:00:05+00:00,0.46
2025-03-04 10:01:05+00:00,0.46
2025-03-04 10:02:05+00:00,0.46
2025-03-04 10:03:04+00:00,0.46
2025-03-04 10:04:05+00:00,0.46
2025-03-04 10:05:05+00:00,0.46
2025-03-04 10:06:04+00:00,0.46
2025-03-04 10:07:05+00:00,0.46
2025-03-04 10:08:04+00:00,0.46
2025-03-04 10:09:04+00:00,0.46
2025-03-04 10:10:04+00:00,0.46
2025-03-04 10:11:05+00:00,0.465
2025-03-04 10:12:04+00:00,0.46
2025-03-04 10:13:04+00:00,0.46
2025-03-04 10:14:05+00:00,0.455
2025-03-04 10:15:04+00:00,0.455
2025-03-04 10:16:04+00:00,0.455
2025-03-04 10:17:04+00:00,0.455
2025-03-04 10:18:05+00:00,0.455
2025-03-04 10:19:05+00:00,0.455
2025-03-04 10:20:04+00:00,0.455
2025-03-04 10:21:04+00:00,0.455
2025-03-04 10:22:04+00:00,0.455
2025-03-04 10:23:04+00:00,0.455
2025-03-04 10:24:05+00:00,0.455
2025-03-04 10:25:05+00:00,0.455
2025-03-04 10:26:05+00:00,0.455
2025-03-04 10:27:04+00:00,0.455
2025-03-04 10:28:05+00:00,0.455
2025-03-04 10:29:05+00:00,0.455
2025-03-04 10:30:05+00:00,0.455
2025-03-04 10:31:05+00:00,0.455
2025-03-04 10:32:04+00:00,0.455
2025-03-04 10:33:04+00:00,0.455
2025-03-04 10:34:05+00:00,0.455
2025-03-04 10:35:05+00:00,0.455
2025-03-04 10:36:05+00:00,0.455
2025-03-04 10:37:05+00:00,0.455
2025-03-04 10:38:04+00:00,0.455
2025-03-04 10:39:04+00:00,0.455
2025-03-04 10:40:05+00:00,0.455
2025-03-04 10:41:04+00:00,0.455
2025-03-04 10:42:04+00:00,0.46
2025-03-04 10:43:05+00:00,0.46
2025-03-04 10:44:05+00:00,0.46
2025-03-04 10:45:05+00:00,0.46
2025-03-04 10:46:04+00:00,0.46
2025-03-04 10:47:04+00:00,0.46
2025-03-04 10:48:05+00:00,0.46
2025-03-04 10:49:04+00:00,0.455
2025-03-04 10:50:05+00:00,0.465
2025-03-04 10:51:05+00:00,0.465
2025-03-04 10:52:04+00:00,0.465
2025-03-04 10:53:04+00:00,0.465
2025-03-04 10:54:04+00:00,0.465
2025-03-04 10:55:05+00:00,0.465
2025-03-04 10:56:03+00:00,0.465
2025-03-04 10:57:05+00:00,0.465
2025-03-04 10:58:04+00:00,0.465
2025-03-04 10:59:05+00:00,0.465
2025-03-04 11:00:05+00:00,0.465
2025-03-04 11:01:05+00:00,0.465
2025-03-04 11:02:04+00:00,0.465
2025-03-04 11:03:04+00:00,0.465
2025-03-04 11:04:05+00:00,0.465
2025-03-04 11:05:05+00:00,0.465
2025-03-04 11:06:04+00:00,0.465
2025-03-04 11:07:04+00:00,0.465
2025-03-04 11:08:04+00:00,0.465
2025-03-04 11:09:04+00:00,0.465
2025-03-04 11:10:05+00:00,0.465
2025-03-04 11:11:04+00:00,0.465
2025-03-04 11:12:04+00:00,0.465
2025-03-04 11:13:05+00:00,0.465
2025-03-04 11:14:05+00:00,0.465
2025-03-04 11:15:05+00:00,0.465
2025-03-04 11:16:05+00:00,0.465
2025-03-04 11:17:05+00:00,0.465
2025-03-04 11:18:05+00:00,0.465
2025-03-04 11:19:04+00:00,0.465
2025-03-04 11:20:05+00:00,0.465
2025-03-04 11:21:04+00:00,0.465
2025-03-04 11:22:04+00:00,0.465
2025-03-04 11:23:05+00:00,0.465
2025-03-04 11:24:04+00:00,0.465
2025-03-04 11:25:05+00:00,0.465
2025-03-04 11:26:05+00:00,0.465
2025-03-04 11:27:04+00:00,0.465
2025-03-04 11:28:04+00:00,0.465
2025-03-04 11:29:04+00:00,0.465
2025-03-04 11:30:05+00:00,0.465
2025-03-04 11:31:04+00:00,0.465
2025-03-04 11:32:04+00:00,0.465
2025-03-04 11:33:04+00:00,0.465
2025-03-04 11:34:05+00:00,0.465
2025-03-04 11:35:05+00:00,0.465
2025-03-04 11:36:05+00:00,0.465
2025-03-04 11:37:04+00:00,0.465
2025-03-04 11:38:05+00:00,0.465
2025-03-04 11:39:04+00:00,0.465
2025-03-04 11:40:05+00:00,0.465
2025-03-04 11:41:05+00:00,0.465
2025-03-04 11:42:05+00:00,0.465
2025-03-04 11:43:04+00:00,0.465
2025-03-04 11:44:04+00:00,0.465
2025-03-04 11:45:05+00:00,0.465
2025-03-04 11:46:04+00:00,0.465
2025-03-04 11:47:04+00:00,0.465
2025-03-04 11:48:05+00:00,0.465
2025-03-04 11:49:05+00:00,0.465
2025-03-04 11:50:05+00:00,0.465
2025-03-04 11:51:04+00:00,0.465
2025-03-04 11:52:05+00:00,0.465
2025-03-04 11:53:05+00:00,0.465
2025-03-04 11:54:04+00:00,0.465
2025-03-04 11:55:05+00:00,0.465
2025-03-04 11:56:05+00:00,0.465
2025-03-04 11:57:04+00:00,0.465
2025-03-04 11:58:04+00:00,0.465
2025-03-04 11:59:05+00:00,0.465
2025-03-04 12:00:05+00:00,0.465
2025-03-04 12:01:05+00:00,0.465
2025-03-04 12:02:05+00:00,0.465
2025-03-04 12:03:04+00:00,0.465
2025-03-04 12:04:04+00:00,0.465
2025-03-04 12:05:05+00:00,0.465
2025-03-04 12:06:05+00:00,0.465
2025-03-04 12:07:04+00:00,0.465
2025-03-04 12:08:04+00:00,0.465
2025-03-04 12:09:04+00:00,0.465
2025-03-04 12:10:05+00:00,0.465
2025-03-04 12:11:04+00:00,0.465
2025-03-04 12:12:04+00:00,0.465
2025-03-04 12:13:04+00:00,0.465
2025-03-04 12:14:04+00:00,0.465
2025-03-04 12:15:05+00:00,0.465
2025-03-04 12:16:05+00:00,0.465
2025-03-04 12:17:05+00:00,0.465
2025-03-04 12:18:05+00:00,0.465
2025-03-04 12:19:04+00:00,0.465
2025-03-04 12:20:05+00:00,0.465
2025-03-04 12:21:04+00:00,0.465
2025-03-04 12:22:04+00:00,0.465
2025-03-04 12:23:05+00:00,0.465
2025-03-04 12:24:05+00:00,0.465
2025-03-04 12:25:05+00:00,0.465
2025-03-04 12:26:04+00:00,0.465
2025-03-04 12:27:04+00:00,0.465
2025-03-04 12:28:04+00:00,0.465
2025-03-04 12:29:04+00:00,0.465
2025-03-04 12:30:05+00:00,0.46
2025-03-04 12:31:04+00:00,0.455
2025-03-04 12:32:05+00:00,0.455
2025-03-04 12:33:05+00:00,0.455
2025-03-04 12:34:05+00:00,0.455
2025-03-04 12:35:05+00:00,0.455
2025-03-04 12:36:04+00:00,0.455
2025-03-04 12:37:04+00:00,0.455
2025-03-04 12:38:05+00:00,0.455
2025-03-04 12:39:04+00:00,0.455
2025-03-04 12:40:04+00:00,0.455
2025-03-04 12:41:04+00:00,0.455
2025-03-04 12:42:04+00:00,0.455
2025-03-04 12:43:04+00:00,0.455
2025-03-04 12:44:05+00:00,0.455
2025-03-04 12:45:05+00:00,0.455
2025-03-04 12:46:05+00:00,0.465
2025-03-04 12:47:04+00:00,0.465
2025-03-04 12:48:05+00:00,0.455
2025-03-04 12:49:05+00:00,0.455
2025-03-04 12:50:04+00:00,0.455
2025-03-04 12:51:04+00:00,0.455
2025-03-04 12:52:05+00:00,0.455
2025-03-04 12:53:04+00:00,0.46
2025-03-04 12:54:05+00:00,0.46
2025-03-04 12:55:04+00:00,0.455
2025-03-04 12:56:04+00:00,0.46
2025-03-04 12:57:05+00:00,0.46
2025-03-04 12:58:05+00:00,0.46
2025-03-04 12:59:04+00:00,0.455
2025-03-04 13:00:05+00:00,0.455
2025-03-04 13:01:05+00:00,0.455
2025-03-04 13:02:04+00:00,0.455
2025-03-04 13:03:04+00:00,0.455
2025-03-04 13:04:04+00:00,0.455
2025-03-04 13:05:05+00:00,0.455
2025-03-04 13:06:05+00:00,0.455
2025-03-04 13:07:05+00:00,0.465
2025-03-04 13:08:05+00:00,0.465
2025-03-04 13:09:04+00:00,0.465
2025-03-04 13:10:05+00:00,0.46
2025-03-04 13:11:04+00:00,0.46
2025-03-04 13:12:05+00:00,0.46
2025-03-04 13:13:04+00:00,0.46
2025-03-04 13:14:05+00:00,0.455
2025-03-04 13:15:05+00:00,0.455
2025-03-04 13:16:04+00:00,0.455
2025-03-04 13:17:05+00:00,0.455
2025-03-04 13:18:05+00:00,0.455
2025-03-04 13:19:05+00:00,0.455
2025-03-04 13:20:05+00:00,0.45
2025-03-04 13:21:05+00:00,0.445
2025-03-04 13:22:04+00:00,0.445
2025-03-04 13:23:05+00:00,0.445
2025-03-04 13:24:04+00:00,0.445
2025-03-04 13:25:05+00:00,0.445
2025-03-04 13:26:05+00:00,0.445
2025-03-04 13:27:04+00:00,0.445
2025-03-04 13:28:05+00:00,0.445
2025-03-04 13:29:04+00:00,0.445
2025-03-04 13:30:05+00:00,0.445
2025-03-04 13:31:05+00:00,0.445
2025-03-04 13:32:05+00:00,0.445
2025-03-04 13:33:04+00:00,0.445
2025-03-04 13:34:05+00:00,0.445
2025-03-04 13:35:05+00:00,0.445
2025-03-04 13:36:04+00:00,0.445
2025-03-04 13:37:04+00:00,0.445
2025-03-04 13:38:05+00:00,0.445
2025-03-04 13:39:05+00:00,0.445
2025-03-04 13:40:05+00:00,0.445
2025-03-04 13:41:05+00:00,0.445
2025-03-04 13:42:05+00:00,0.445
2025-03-04 13:43:05+00:00,0.445
2025-03-04 13:44:05+00:00,0.445
2025-03-04 13:45:05+00:00,0.445
2025-03-04 13:46:04+00:00,0.435
2025-03-04 13:47:04+00:00,0.435
2025-03-04 13:48:04+00:00,0.44
2025-03-04 13:49:04+00:00,0.44
2025-03-04 13:50:05+00:00,0.44
2025-03-04 13:51:05+00:00,0.44
2025-03-04 13:52:05+00:00,0.44
2025-03-04 13:53:05+00:00,0.44
2025-03-04 13:54:04+00:00,0.44
2025-03-04 13:55:05+00:00,0.44
2025-03-04 13:56:05+00:00,0.44
2025-03-04 13:57:05+00:00,0.435
2025-03-04 13:58:05+00:00,0.435
2025-03-04 13:59:05+00:00,0.435
2025-03-04 14:00:05+00:00,0.435
2025-03-04 14:01:04+00:00,0.435
2025-03-04 14:02:05+00:00,0.435
2025-03-04 14:03:04+00:00,0.435
2025-03-04 14:04:04+00:00,0.435
2025-03-04 14:05:05+00:00,0.435
2025-03-04 14:06:05+00:00,0.435
2025-03-04 14:07:05+00:00,0.435
2025-03-04 14:08:04+00:00,0.435
2025-03-04 14:09:04+00:00,0.435
2025-03-04 14:10:05+00:00,0.435
2025-03-04 14:11:04+00:00,0.435
2025-03-04 14:12:04+00:00,0.435
2025-03-04 14:13:04+00:00,0.435
2025-03-04 14:14:04+00:00,0.435
2025-03-04 14:15:05+00:00,0.435
2025-03-04 14:16:04+00:00,0.435
2025-03-04 14:17:05+00:00,0.435
2025-03-04 14:18:04+00:00,0.435
2025-03-04 14:19:04+00:00,0.435
2025-03-04 14:20:05+00:00,0.435
2025-03-04 14:21:05+00:00,0.435
2025-03-04 14:22:05+00:00,0.435
2025-03-04 14:23:05+00:00,0.435
2025-03-04 14:24:05+00:00,0.435
2025-03-04 14:25:05+00:00,0.435
2025-03-04 14:26:05+00:00,0.435
2025-03-04 14:27:04+00:00,0.435
2025-03-04 14:28:04+00:00,0.435
2025-03-04 14:29:04+00:00,0.435
2025-03-04 14:30:05+00:00,0.435
2025-03-04 14:31:05+00:00,0.435
2025-03-04 14:32:05+00:00,0.435
2025-03-04 14:33:04+00:00,0.44
2025-03-04 14:34:05+00:00,0.445
2025-03-04 14:35:04+00:00,0.445
2025-03-04 14:36:05+00:00,0.445
2025-03-04 14:37:05+00:00,0.445
2025-03-04 14:38:04+00:00,0.445
2025-03-04 14:39:04+00:00,0.445
2025-03-04 14:40:05+00:00,0.445
2025-03-04 14:41:04+00:00,0.445
2025-03-04 14:42:05+00:00,0.445
2025-03-04 14:43:04+00:00,0.445
2025-03-04 14:44:05+00:00,0.445
2025-03-04 14:45:05+00:00,0.445
2025-03-04 14:46:04+00:00,0.44
2025-03-04 14:47:04+00:00,0.44
2025-03-04 14:48:04+00:00,0.44
2025-03-04 14:49:05+00:00,0.44
2025-03-04 14:50:05+00:00,0.44
2025-03-04 14:51:04+00:00,0.44
2025-03-04 14:52:04+00:00,0.44
2025-03-04 14:53:05+00:00,0.44
2025-03-04 14:54:05+00:00,0.44
2025-03-04 14:55:05+00:00,0.44
2025-03-04 14:56:05+00:00,0.44
2025-03-04 14:57:04+00:00,0.44
2025-03-04 14:58:04+00:00,0.44
2025-03-04 14:59:04+00:00,0.44
2025-03-04 15:00:05+00:00,0.44
2025-03-04 15:01:05+00:00,0.44
2025-03-04 15:02:05+00:00,0.44
2025-03-04 15:03:05+00:00,0.435
2025-03-04 15:04:05+00:00,0.435
2025-03-04 15:05:04+00:00,0.435
2025-03-04 15:06:05+00:00,0.435
2025-03-04 15:07:05+00:00,0.435
2025-03-04 15:08:04+00:00,0.435
2025-03-04 15:09:05+00:00,0.435
2025-03-04 15:10:04+00:00,0.44
2025-03-04 15:11:05+00:00,0.44
2025-03-04 15:12:05+00:00,0.44
2025-03-04 15:13:04+00:00,0.44
2025-03-04 15:14:05+00:00,0.44
2025-03-04 15:15:05+00:00,0.44
2025-03-04 15:16:05+00:00,0.44
2025-03-04 15:17:05+00:00,0.44
2025-03-04 15:18:05+00:00,0.435
2025-03-04 15:19:04+00:00,0.435
2025-03-04 15:20:04+00:00,0.435
2025-03-04 15:21:04+00:00,0.435
2025-03-04 15:22:05+00:00,0.435
2025-03-04 15:23:04+00:00,0.435
2025-03-04 15:24:05+00:00,0.435
2025-03-04 15:25:05+00:00,0.435
2025-03-04 15:26:05+00:00,0.435
2025-03-04 15:27:04+00:00,0.435
2025-03-04 15:28:05+00:00,0.435
2025-03-04 15:29:05+00:00,0.435
2025-03-04 15:30:05+00:00,0.435
2025-03-04 15:31:05+00:00,0.435
2025-03-04 15:32:05+00:00,0.435
2025-03-04 15:33:05+00:00,0.435
2025-03-04 15:34:04+00:00,0.435
2025-03-04 15:35:05+00:00,0.435
2025-03-04 15:36:04+00:00,0.435
2025-03-04 15:37:04+00:00,0.435
2025-03-04 15:38:05+00:00,0.435
2025-03-04 15:39:04+00:00,0.435
2025-03-04 15:40:05+00:00,0.435
2025-03-04 15:41:04+00:00,0.435
2025-03-04 15:42:04+00:00,0.435
2025-03-04 15:43:05+00:00,0.435
2025-03-04 15:44:05+00:00,0.435
2025-03-04 15:45:05+00:00,0.435
2025-03-04 15:46:05+00:00,0.435
2025-03-04 15:47:05+00:00,0.435
2025-03-04 15:48:04+00:00,0.435
2025-03-04 15:49:05+00:00,0.435
2025-03-04 15:50:04+00:00,0.435
2025-03-04 15:51:04+00:00,0.435
2025-03-04 15:52:05+00:00,0.435
2025-03-04 15:53:05+00:00,0.435
2025-03-04 15:54:04+00:00,0.435
2025-03-04 15:55:05+00:00,0.435
2025-03-04 15:56:05+00:00,0.435
2025-03-04 15:57:05+00:00,0.435
2025-03-04 15:58:05+00:00,0.435
2025-03-04 15:59:05+00:00,0.435
2025-03-04 16:00:05+00:00,0.435
2025-03-04 16:01:05+00:00,0.435
2025-03-04 16:02:05+00:00,0.435
2025-03-04 16:03:05+00:00,0.435
2025-03-04 16:04:05+00:00,0.435
2025-03-04 16:05:05+00:00,0.435
2025-03-04 16:06:04+00:00,0.435
2025-03-04 16:07:05+00:00,0.435
2025-03-04 16:08:05+00:00,0.435
2025-03-04 16:09:05+00:00,0.435
2025-03-04 16:10:05+00:00,0.435
2025-03-04 16:11:04+00:00,0.435
2025-03-04 16:12:04+00:00,0.435
2025-03-04 16:13:04+00:00,0.435
2025-03-04 16:14:05+00:00,0.435
2025-03-04 16:15:04+00:00,0.435
2025-03-04 16:16:05+00:00,0.435
2025-03-04 16:17:05+00:00,0.435
2025-03-04 16:18:04+00:00,0.435
2025-03-04 16:19:04+00:00,0.435
2025-03-04 16:20:05+00:00,0.435
2025-03-04 16:21:04+00:00,0.435
2025-03-04 16:22:05+00:00,0.435
2025-03-04 16:23:05+00:00,0.435
2025-03-04 16:24:05+00:00,0.425
2025-03-04 16:25:05+00:00,0.425
2025-03-04 16:26:04+00:00,0.425
2025-03-04 16:27:05+00:00,0.425
2025-03-04 16:28:05+00:00,0.425
2025-03-04 16:29:04+00:00,0.425
2025-03-04 16:30:04+00:00,0.425
2025-03-04 16:31:04+00:00,0.425
2025-03-04 16:32:04+00:00,0.425
2025-03-04 16:33:05+00:00,0.425
2025-03-04 16:34:05+00:00,0.425
2025-03-04 16:35:05+00:00,0.425
2025-03-04 16:36:05+00:00,0.425
2025-03-04 16:37:05+00:00,0.425
2025-03-04 16:38:05+00:00,0.425
2025-03-04 16:39:05+00:00,0.425
2025-03-04 16:40:05+00:00,0.425
2025-03-04 16:41:05+00:00,0.425
2025-03-04 16:42:05+00:00,0.425
2025-03-04 16:43:04+00:00,0.425
2025-03-04 16:44:04+00:00,0.425
2025-03-04 16:45:04+00:00,0.425
2025-03-04 16:46:05+00:00,0.425
2025-03-04 16:47:04+00:00,0.425
2025-03-04 16:48:05+00:00,0.425
2025-03-04 16:49:05+00:00,0.425
2025-03-04 16:50:05+00:00,0.425
2025-03-04 16:51:04+00:00,0.425
2025-03-04 16:52:05+00:00,0.425
2025-03-04 16:53:04+00:00,0.425
2025-03-04 16:54:04+00:00,0.425
2025-03-04 16:55:05+00:00,0.415
2025-03-04 16:56:04+00:00,0.415
2025-03-04 16:57:05+00:00,0.415
2025-03-04 16:58:05+00:00,0.415
2025-03-04 16:59:04+00:00,0.415
2025-03-04 17:00:05+00:00,0.415
2025-03-04 17:01:05+00:00,0.415
2025-03-04 17:02:05+00:00,0.415
2025-03-04 17:03:05+00:00,0.415
2025-03-04 17:04:05+00:00,0.415
2025-03-04 17:05:04+00:00,0.415
2025-03-04 17:06:05+00:00,0.415
2025-03-04 17:07:04+00:00,0.415
2025-03-04 17:08:05+00:00,0.415
2025-03-04 17:09:05+00:00,0.415
2025-03-04 17:10:04+00:00,0.415
2025-03-04 17:11:04+00:00,0.415
2025-03-04 17:12:04+00:00,0.415
2025-03-04 17:13:05+00:00,0.415
2025-03-04 17:14:04+00:00,0.41
2025-03-04 17:15:05+00:00,0.41
2025-03-04 17:16:04+00:00,0.415
2025-03-04 17:17:04+00:00,0.415
2025-03-04 17:18:05+00:00,0.415
2025-03-04 17:19:05+00:00,0.415
2025-03-04 17:20:04+00:00,0.415
2025-03-04 17:21:05+00:00,0.415
2025-03-04 17:22:04+00:00,0.415
2025-03-04 17:23:05+00:00,0.415
2025-03-04 17:24:04+00:00,0.415
2025-03-04 17:25:04+00:00,0.415
2025-03-04 17:26:04+00:00,0.415
2025-03-04 17:27:04+00:00,0.415
2025-03-04 17:28:04+00:00,0.415
2025-03-04 17:29:04+00:00,0.42
2025-03-04 17:30:05+00:00,0.42
2025-03-04 17:31:04+00:00,0.42
2025-03-04 17:32:05+00:00,0.42
2025-03-04 17:33:05+00:00,0.415
2025-03-04 17:34:04+00:00,0.415
2025-03-04 17:35:05+00:00,0.415
2025-03-04 17:36:05+00:00,0.42
2025-03-04 17:37:05+00:00,0.42
2025-03-04 17:38:05+00:00,0.42
2025-03-04 17:39:05+00:00,0.42
2025-03-04 17:40:05+00:00,0.42
2025-03-04 17:41:05+00:00,0.415
2025-03-04 17:42:05+00:00,0.415
2025-03-04 17:43:05+00:00,0.415
2025-03-04 17:44:04+00:00,0.415
2025-03-04 17:45:05+00:00,0.415
2025-03-04 17:46:05+00:00,0.42
2025-03-04 17:47:05+00:00,0.42
2025-03-04 17:48:05+00:00,0.42
2025-03-04 17:49:05+00:00,0.42
2025-03-04 17:50:04+00:00,0.415
2025-03-04 17:51:04+00:00,0.435
2025-03-04 17:52:04+00:00,0.435
2025-03-04 17:53:05+00:00,0.435
2025-03-04 17:54:04+00:00,0.435
2025-03-04 17:55:05+00:00,0.435
2025-03-04 17:56:04+00:00,0.435
2025-03-04 17:57:05+00:00,0.435
2025-03-04 17:58:04+00:00,0.435
2025-03-04 17:59:04+00:00,0.435
2025-03-04 18:00:05+00:00,0.435
2025-03-04 18:01:04+00:00,0.435
2025-03-04 18:02:05+00:00,0.435
2025-03-04 18:03:05+00:00,0.435
2025-03-04 18:04:05+00:00,0.435
2025-03-04 18:05:05+00:00,0.435
2025-03-04 18:06:04+00:00,0.435
2025-03-04 18:07:04+00:00,0.435
2025-03-04 18:08:05+00:00,0.435
2025-03-04 18:09:05+00:00,0.435
2025-03-04 18:10:05+00:00,0.435
2025-03-04 18:11:04+00:00,0.435
2025-03-04 18:12:04+00:00,0.435
2025-03-04 18:13:05+00:00,0.435
2025-03-04 18:14:04+00:00,0.435
2025-03-04 18:15:05+00:00,0.435
2025-03-04 18:16:04+00:00,0.435
2025-03-04 18:17:04+00:00,0.435
2025-03-04 18:18:05+00:00,0.435
2025-03-04 18:19:04+00:00,0.435
2025-03-04 18:20:05+00:00,0.43
2025-03-04 18:21:04+00:00,0.43
2025-03-04 18:22:04+00:00,0.43
2025-03-04 18:23:05+00:00,0.43
2025-03-04 18:24:05+00:00,0.43
2025-03-04 18:25:05+00:00,0.43
2025-03-04 18:26:05+00:00,0.43
2025-03-04 18:27:05+00:00,0.43
2025-03-04 18:28:04+00:00,0.43
2025-03-04 18:29:05+00:00,0.43
2025-03-04 18:30:05+00:00,0.43
2025-03-04 18:31:04+00:00,0.43
2025-03-04 18:32:05+00:00,0.43
2025-03-04 18:33:04+00:00,0.43
2025-03-04 18:34:05+00:00,0.43
2025-03-04 18:35:05+00:00,0.435
2025-03-04 18:36:05+00:00,0.435
2025-03-04 18:37:04+00:00,0.435
2025-03-04 18:38:05+00:00,0.435
2025-03-04 18:39:05+00:00,0.435
2025-03-04 18:40:05+00:00,0.435
2025-03-04 18:41:05+00:00,0.435
2025-03-04 18:42:04+00:00,0.435
2025-03-04 18:43:04+00:00,0.43
2025-03-04 18:44:04+00:00,0.43
2025-03-04 18:45:05+00:00,0.435
2025-03-04 18:46:05+00:00,0.43
2025-03-04 18:47:04+00:00,0.43
2025-03-04 18:48:05+00:00,0.43
2025-03-04 18:49:05+00:00,0.435
2025-03-04 18:50:05+00:00,0.435
2025-03-04 18:51:05+00:00,0.435
2025-03-04 18:52:05+00:00,0.435
2025-03-04 18:53:04+00:00,0.435
2025-03-04 18:54:04+00:00,0.435
2025-03-04 18:55:05+00:00,0.435
2025-03-04 18:56:05+00:00,0.435
2025-03-04 18:57:04+00:00,0.435
2025-03-04 18:58:05+00:00,0.435
2025-03-04 18:59:04+00:00,0.43
2025-03-04 19:00:05+00:00,0.43
2025-03-04 19:01:05+00:00,0.435
2025-03-04 19:02:05+00:00,0.435
2025-03-04 19:03:05+00:00,0.435
2025-03-04 19:04:04+00:00,0.435
2025-03-04 19:05:04+00:00,0.435
2025-03-04 19:06:05+00:00,0.435
2025-03-04 19:07:04+00:00,0.435
2025-03-04 19:08:05+00:00,0.435
2025-03-04 19:09:04+00:00,0.435
2025-03-04 19:10:05+00:00,0.435
2025-03-04 19:11:05+00:00,0.435
2025-03-04 19:12:05+00:00,0.435
2025-03-04 19:13:04+00:00,0.435
2025-03-04 19:14:05+00:00,0.435
2025-03-04 19:15:04+00:00,0.435
2025-03-04 19:16:04+00:00,0.435
2025-03-04 19:17:05+00:00,0.435
2025-03-04 19:18:05+00:00,0.435
2025-03-04 19:19:04+00:00,0.435
2025-03-04 19:20:04+00:00,0.435
2025-03-04 19:21:04+00:00,0.435
2025-03-04 19:22:05+00:00,0.435
2025-03-04 19:23:04+00:00,0.435
2025-03-04 19:24:05+00:00,0.435
2025-03-04 19:25:04+00:00,0.435
2025-03-04 19:26:05+00:00,0.435
2025-03-04 19:27:05+00:00,0.435
2025-03-04 19:28:05+00:00,0.435
2025-03-04 19:29:05+00:00,0.435
2025-03-04 19:30:05+00:00,0.435
2025-03-04 19:31:04+00:00,0.435
2025-03-04 19:32:04+00:00,0.435
2025-03-04 19:33:04+00:00,0.435
2025-03-04 19:34:04+00:00,0.435
2025-03-04 19:35:05+00:00,0.425
2025-03-04 19:36:05+00:00,0.425
2025-03-04 19:37:05+00:00,0.425
2025-03-04 19:38:04+00:00,0.425
2025-03-04 19:39:04+00:00,0.425
2025-03-04 19:40:05+00:00,0.425
2025-03-04 19:41:04+00:00,0.425
2025-03-04 19:42:05+00:00,0.425
2025-03-04 19:43:04+00:00,0.425
2025-03-04 19:44:04+00:00,0.425
2025-03-04 19:45:05+00:00,0.425
2025-03-04 19:46:05+00:00,0.425
2025-03-04 19:47:04+00:00,0.425
2025-03-04 19:48:04+00:00,0.425
2025-03-04 19:49:05+00:00,0.425
2025-03-04 19:50:05+00:00,0.425
2025-03-04 19:51:04+00:00,0.425
2025-03-04 19:52:05+00:00,0.425
2025-03-04 19:53:05+00:00,0.425
2025-03-04 19:54:05+00:00,0.425
2025-03-04 19:55:05+00:00,0.425
2025-03-04 19:56:05+00:00,0.425
2025-03-04 19:57:05+00:00,0.425
2025-03-04 19:58:04+00:00,0.425
2025-03-04 19:59:04+00:00,0.425
2025-03-04 20:00:05+00:00,0.425
2025-03-04 20:01:04+00:00,0.425
2025-03-04 20:02:05+00:00,0.425
2025-03-04 20:03:04+00:00,0.425
2025-03-04 20:04:04+00:00,0.425
2025-03-04 20:05:05+00:00,0.425
2025-03-04 20:06:04+00:00,0.425
2025-03-04 20:07:04+00:00,0.425
2025-03-04 20:08:04+00:00,0.425
2025-03-04 20:09:05+00:00,0.425
2025-03-04 20:10:05+00:00,0.425
2025-03-04 20:11:05+00:00,0.425
2025-03-04 20:12:04+00:00,0.425
2025-03-04 20:13:04+00:00,0.425
2025-03-04 20:14:04+00:00,0.425
2025-03-04 20:15:05+00:00,0.425
2025-03-04 20:16:05+00:00,0.425
2025-03-04 20:17:04+00:00,0.425
2025-03-04 20:18:04+00:00,0.425
2025-03-04 20:19:05+00:00,0.425
2025-03-04 20:20:05+00:00,0.425
2025-03-04 20:21:05+00:00,0.425
2025-03-04 20:22:04+00:00,0.425
2025-03-04 20:23:05+00:00,0.425
2025-03-04 20:24:05+00:00,0.425
2025-03-04 20:25:05+00:00,0.425
2025-03-04 20:26:04+00:00,0.425
2025-03-04 20:27:04+00:00,0.425
2025-03-04 20:28:04+00:00,0.425
2025-03-04 20:29:05+00:00,0.425
2025-03-04 20:30:04+00:00,0.425
2025-03-04 20:31:05+00:00,0.425
2025-03-04 20:32:05+00:00,0.425
2025-03-04 20:33:04+00:00,0.425
2025-03-04 20:34:05+00:00,0.425
2025-03-04 20:35:05+00:00,0.425
2025-03-04 20:36:05+00:00,0.425
2025-03-04 20:37:05+00:00,0.425
2025-03-04 20:38:05+00:00,0.425
2025-03-04 20:39:05+00:00,0.425
2025-03-04 20:40:05+00:00,0.425
2025-03-04 20:41:04+00:00,0.425
2025-03-04 20:42:05+00:00,0.425
2025-03-04 20:43:04+00:00,0.425
2025-03-04 20:44:04+00:00,0.425
2025-03-04 20:45:05+00:00,0.425
2025-03-04 20:46:05+00:00,0.425
2025-03-04 20:47:05+00:00,0.425
2025-03-04 20:48:05+00:00,0.425
2025-03-04 20:49:05+00:00,0.425
2025-03-04 20:50:05+00:00,0.425
2025-03-04 20:51:05+00:00,0.425
2025-03-04 20:52:04+00:00,0.425
2025-03-04 20:53:05+00:00,0.425
2025-03-04 20:54:05+00:00,0.425
2025-03-04 20:55:05+00:00,0.425
2025-03-04 20:56:04+00:00,0.425
2025-03-04 20:57:05+00:00,0.425
2025-03-04 20:58:04+00:00,0.425
2025-03-04 20:59:04+00:00,0.425
2025-03-04 21:00:05+00:00,0.425
2025-03-04 21:01:05+00:00,0.425
2025-03-04 21:02:04+00:00,0.425
2025-03-04 21:03:05+00:00,0.425
2025-03-04 21:04:04+00:00,0.425
2025-03-04 21:05:05+00:00,0.425
2025-03-04 21:06:04+00:00,0.425
2025-03-04 21:07:04+00:00,0.425
2025-03-04 21:08:04+00:00,0.425
2025-03-04 21:09:05+00:00,0.425
2025-03-04 21:10:05+00:00,0.425
2025-03-04 21:11:05+00:00,0.42
2025-03-04 21:12:05+00:00,0.42
2025-03-04 21:13:04+00:00,0.42
2025-03-04 21:14:05+00:00,0.42
2025-03-04 21:15:04+00:00,0.42
2025-03-04 21:16:05+00:00,0.42
2025-03-04 21:17:05+00:00,0.42
2025-03-04 21:18:05+00:00,0.42
2025-03-04 21:19:04+00:00,0.42
2025-03-04 21:20:04+00:00,0.42
2025-03-04 21:21:04+00:00,0.415
2025-03-04 21:22:05+00:00,0.415
2025-03-04 21:23:04+00:00,0.415
2025-03-04 21:24:05+00:00,0.415
2025-03-04 21:25:05+00:00,0.415
2025-03-04 21:26:05+00:00,0.415
2025-03-04 21:27:04+00:00,0.415
2025-03-04 21:28:04+00:00,0.415
2025-03-04 21:29:05+00:00,0.415
2025-03-04 21:30:05+00:00,0.415
2025-03-04 21:31:05+00:00,0.415
2025-03-04 21:32:04+00:00,0.415
2025-03-04 21:33:04+00:00,0.415
2025-03-04 21:34:04+00:00,0.42
2025-03-04 21:35:04+00:00,0.42
2025-03-04 21:36:05+00:00,0.42
2025-03-04 21:37:05+00:00,0.42
2025-03-04 21:38:05+00:00,0.42
2025-03-04 21:39:04+00:00,0.42
2025-03-04 21:40:05+00:00,0.42
2025-03-04 21:41:04+00:00,0.42
2025-03-04 21:42:05+00:00,0.42
2025-03-04 21:43:04+00:00,0.425
2025-03-04 21:44:05+00:00,0.425
2025-03-04 21:45:05+00:00,0.425
2025-03-04 21:46:05+00:00,0.425
2025-03-04 21:47:05+00:00,0.425
2025-03-04 21:48:05+00:00,0.425
2025-03-04 21:49:04+00:00,0.425
2025-03-04 21:50:05+00:00,0.425
2025-03-04 21:51:04+00:00,0.425
2025-03-04 21:52:04+00:00,0.425
2025-03-04 21:53:04+00:00,0.425
2025-03-04 21:54:03+00:00,0.425
2025-03-04 21:55:04+00:00,0.425
2025-03-04 21:56:05+00:00,0.425
2025-03-04 21:57:04+00:00,0.425
2025-03-04 21:58:04+00:00,0.425
2025-03-04 21:59:04+00:00,0.425
2025-03-04 22:00:05+00:00,0.425
2025-03-04 22:01:05+00:00,0.425
2025-03-04 22:02:05+00:00,0.425
2025-03-04 22:03:05+00:00,0.425
2025-03-04 22:04:04+00:00,0.425
2025-03-04 22:05:05+00:00,0.425
2025-03-04 22:06:05+00:00,0.425
2025-03-04 22:07:05+00:00,0.425
2025-03-04 22:08:04+00:00,0.425
2025-03-04 22:09:05+00:00,0.425
2025-03-04 22:10:04+00:00,0.425
2025-03-04 22:11:05+00:00,0.425
2025-03-04 22:12:05+00:00,0.425
2025-03-04 22:13:04+00:00,0.425
2025-03-04 22:14:05+00:00,0.425
2025-03-04 22:15:04+00:00,0.425
2025-03-04 22:16:05+00:00,0.425
2025-03-04 22:17:04+00:00,0.425
2025-03-04 22:18:05+00:00,0.425
2025-03-04 22:19:04+00:00,0.425
2025-03-04 22:20:05+00:00,0.425
2025-03-04 22:21:04+00:00,0.425
2025-03-04 22:22:04+00:00,0.425
2025-03-04 22:23:05+00:00,0.425
2025-03-04 22:24:05+00:00,0.425
2025-03-04 22:25:05+00:00,0.425
2025-03-04 22:26:05+00:00,0.425
2025-03-04 22:27:04+00:00,0.425
2025-03-04 22:28:05+00:00,0.425
2025-03-04 22:29:05+00:00,0.425
2025-03-04 22:30:05+00:00,0.425
2025-03-04 22:31:05+00:00,0.425
2025-03-04 22:32:05+00:00,0.425
2025-03-04 22:33:05+00:00,0.425
2025-03-04 22:34:05+00:00,0.425
2025-03-04 22:35:05+00:00,0.425
2025-03-04 22:36:05+00:00,0.425
2025-03-04 22:37:05+00:00,0.425
2025-03-04 22:38:05+00:00,0.425
2025-03-04 22:39:05+00:00,0.425
2025-03-04 22:40:05+00:00,0.425
2025-03-04 22:41:04+00:00,0.425
2025-03-04 22:42:05+00:00,0.425
2025-03-04 22:43:05+00:00,0.425
2025-03-04 22:44:05+00:00,0.425
2025-03-04 22:45:05+00:00,0.425
2025-03-04 22:46:05+00:00,0.425
2025-03-04 22:47:05+00:00,0.425
2025-03-04 22:48:04+00:00,0.425
2025-03-04 22:49:05+00:00,0.425
2025-03-04 22:50:04+00:00,0.425
2025-03-04 22:51:04+00:00,0.425
2025-03-04 22:52:04+00:00,0.425
2025-03-04 22:53:05+00:00,0.425
2025-03-04 22:54:05+00:00,0.425
2025-03-04 22:55:04+00:00,0.425
2025-03-04 22:56:05+00:00,0.425
2025-03-04 22:57:04+00:00,0.425
2025-03-04 22:58:05+00:00,0.425
2025-03-04 22:59:05+00:00,0.425
2025-03-04 23:00:05+00:00,0.425
2025-03-04 23:01:05+00:00,0.425
2025-03-04 23:02:05+00:00,0.425
2025-03-04 23:03:04+00:00,0.425
2025-03-04 23:04:05+00:00,0.425
2025-03-04 23:05:05+00:00,0.425
2025-03-04 23:06:05+00:00,0.425
2025-03-04 23:07:05+00:00,0.425
2025-03-04 23:08:05+00:00,0.425
2025-03-04 23:09:05+00:00,0.425
2025-03-04 23:10:05+00:00,0.425
2025-03-04 23:11:04+00:00,0.425
2025-03-04 23:12:05+00:00,0.425
2025-03-04 23:13:05+00:00,0.425
2025-03-04 23:14:05+00:00,0.425
2025-03-04 23:15:04+00:00,0.425
2025-03-04 23:16:04+00:00,0.425
2025-03-04 23:17:05+00:00,0.42
2025-03-04 23:18:04+00:00,0.42
2025-03-04 23:19:04+00:00,0.42
2025-03-04 23:20:05+00:00,0.42
2025-03-04 23:21:05+00:00,0.42
2025-03-04 23:22:05+00:00,0.42
2025-03-04 23:23:05+00:00,0.42
2025-03-04 23:24:04+00:00,0.42
2025-03-04 23:25:05+00:00,0.42
2025-03-04 23:26:04+00:00,0.42
2025-03-04 23:27:04+00:00,0.42
2025-03-04 23:28:05+00:00,0.42
2025-03-04 23:29:05+00:00,0.42
2025-03-04 23:30:04+00:00,0.42
2025-03-04 23:31:05+00:00,0.42
2025-03-04 23:32:04+00:00,0.42
2025-03-04 23:33:05+00:00,0.42
2025-03-04 23:34:05+00:00,0.42
2025-03-04 23:35:05+00:00,0.42
2025-03-04 23:36:04+00:00,0.42
2025-03-04 23:37:05+00:00,0.42
2025-03-04 23:38:05+00:00,0.42
2025-03-04 23:39:04+00:00,0.415
2025-03-04 23:40:05+00:00,0.415
2025-03-04 23:41:05+00:00,0.415
2025-03-04 23:42:05+00:00,0.415
2025-03-04 23:43:04+00:00,0.415
2025-03-04 23:44:05+00:00,0.415
2025-03-04 23:45:05+00:00,0.415
2025-03-04 23:46:05+00:00,0.415
2025-03-04 23:47:05+00:00,0.415
2025-03-04 23:48:05+00:00,0.405
2025-03-04 23:49:04+00:00,0.405
2025-03-04 23:50:05+00:00,0.405
2025-03-04 23:51:04+00:00,0.405
2025-03-04 23:52:05+00:00,0.405
2025-03-04 23:53:04+00:00,0.405
2025-03-04 23:54:04+00:00,0.405
2025-03-04 23:55:05+00:00,0.405
2025-03-04 23:56:05+00:00,0.405
2025-03-04 23:57:03+00:00,0.405
2025-03-04 23:58:04+00:00,0.405
2025-03-04 23:59:04+00:00,0.405
2025-03-05 00:00:04+00:00,0.405
2025-03-05 00:01:05+00:00,0.405
2025-03-05 00:02:04+00:00,0.405
2025-03-05 00:03:05+00:00,0.415
2025-03-05 00:04:04+00:00,0.415
2025-03-05 00:05:05+00:00,0.415
2025-03-05 00:06:04+00:00,0.415
2025-03-05 00:07:04+00:00,0.415
2025-03-05 00:08:04+00:00,0.415
2025-03-05 00:09:05+00:00,0.415
2025-03-05 00:10:05+00:00,0.415
2025-03-05 00:11:05+00:00,0.415
2025-03-05 00:12:05+00:00,0.415
2025-03-05 00:13:05+00:00,0.415
2025-03-05 00:14:04+00:00,0.415
2025-03-05 00:15:04+00:00,0.415
2025-03-05 00:16:04+00:00,0.415
2025-03-05 00:17:05+00:00,0.415
2025-03-05 00:18:05+00:00,0.415
2025-03-05 00:19:05+00:00,0.415
2025-03-05 00:20:05+00:00,0.415
2025-03-05 00:21:05+00:00,0.415
2025-03-05 00:22:04+00:00,0.415
2025-03-05 00:23:05+00:00,0.415
2025-03-05 00:24:04+00:00,0.415
2025-03-05 00:25:05+00:00,0.415
2025-03-05 00:26:05+00:00,0.415
2025-03-05 00:27:05+00:00,0.415
2025-03-05 00:28:05+00:00,0.415
2025-03-05 00:29:05+00:00,0.415
2025-03-05 00:30:05+00:00,0.415
2025-03-05 00:31:05+00:00,0.415
2025-03-05 00:32:05+00:00,0.415
2025-03-05 00:33:04+00:00,0.415
2025-03-05 00:34:04+00:00,0.415
2025-03-05 00:35:05+00:00,0.415
2025-03-05 00:36:04+00:00,0.415
2025-03-05 00:37:05+00:00,0.415
2025-03-05 00:38:05+00:00,0.415
2025-03-05 00:39:05+00:00,0.415
2025-03-05 00:40:05+00:00,0.415
2025-03-05 00:41:04+00:00,0.415
2025-03-05 00:42:04+00:00,0.415
2025-03-05 00:43:05+00:00,0.415
2025-03-05 00:44:05+00:00,0.415
2025-03-05 00:45:05+00:00,0.415
2025-03-05 00:46:04+00:00,0.415
2025-03-05 00:47:04+00:00,0.415
2025-03-05 00:48:04+00:00,0.415
2025-03-05 00:49:05+00:00,0.415
2025-03-05 00:50:05+00:00,0.415
2025-03-05 00:51:04+00:00,0.405
2025-03-05 00:52:05+00:00,0.405
2025-03-05 00:53:05+00:00,0.405
2025-03-05 00:54:05+00:00,0.405
2025-03-05 00:55:05+00:00,0.405
2025-03-05 00:56:04+00:00,0.405
2025-03-05 00:57:04+00:00,0.415
2025-03-05 00:58:04+00:00,0.415
2025-03-05 00:59:04+00:00,0.415
2025-03-05 01:00:04+00:00,0.415
2025-03-05 01:01:05+00:00,0.415
2025-03-05 01:02:05+00:00,0.415
2025-03-05 01:03:04+00:00,0.415
2025-03-05 01:04:04+00:00,0.415
2025-03-05 01:05:05+00:00,0.415
2025-03-05 01:06:04+00:00,0.415
2025-03-05 01:07:04+00:00,0.415
2025-03-05 01:08:04+00:00,0.415
2025-03-05 01:09:05+00:00,0.415
2025-03-05 01:10:05+00:00,0.415
2025-03-05 01:11:05+00:00,0.415
2025-03-05 01:12:05+00:00,0.415
2025-03-05 01:13:04+00:00,0.415
2025-03-05 01:14:05+00:00,0.415
2025-03-05 01:15:04+00:00,0.415
2025-03-05 01:16:04+00:00,0.415
2025-03-05 01:17:04+00:00,0.415
2025-03-05 01:18:04+00:00,0.41
2025-03-05 01:19:05+00:00,0.41
2025-03-05 01:20:04+00:00,0.41
2025-03-05 01:21:05+00:00,0.41
2025-03-05 01:22:05+00:00,0.41
2025-03-05 01:23:05+00:00,0.41
2025-03-05 01:24:04+00:00,0.41
2025-03-05 01:25:05+00:00,0.41
2025-03-05 01:26:04+00:00,0.41
2025-03-05 01:27:05+00:00,0.41
2025-03-05 01:28:04+00:00,0.41
2025-03-05 01:29:04+00:00,0.41
2025-03-05 01:30:05+00:00,0.41
2025-03-05 01:31:05+00:00,0.41
2025-03-05 01:32:04+00:00,0.41
2025-03-05 01:33:05+00:00,0.41
2025-03-05 01:34:05+00:00,0.41
2025-03-05 01:35:05+00:00,0.41
2025-03-05 01:36:04+00:00,0.41
2025-03-05 01:37:04+00:00,0.41
2025-03-05 01:38:05+00:00,0.41
2025-03-05 01:39:05+00:00,0.41
2025-03-05 01:40:04+00:00,0.41
2025-03-05 01:41:04+00:00,0.41
2025-03-05 01:42:04+00:00,0.41
2025-03-05 01:43:05+00:00,0.41
2025-03-05 01:44:05+00:00,0.41
2025-03-05 01:45:05+00:00,0.41
2025-03-05 01:46:05+00:00,0.41
2025-03-05 01:47:04+00:00,0.415
2025-03-05 01:48:04+00:00,0.415
2025-03-05 01:49:04+00:00,0.415
2025-03-05 01:50:05+00:00,0.415
2025-03-05 01:51:05+00:00,0.415
2025-03-05 01:52:05+00:00,0.415
2025-03-05 01:53:04+00:00,0.415
2025-03-05 01:54:05+00:00,0.415
2025-03-05 01:55:05+00:00,0.415
2025-03-05 01:56:05+00:00,0.415
2025-03-05 01:57:05+00:00,0.415
2025-03-05 01:58:04+00:00,0.415
2025-03-05 01:59:05+00:00,0.415
2025-03-05 02:00:05+00:00,0.41
2025-03-05 02:01:05+00:00,0.41
2025-03-05 02:02:05+00:00,0.405
2025-03-05 02:03:04+00:00,0.405
2025-03-05 02:04:04+00:00,0.405
2025-03-05 02:05:04+00:00,0.405
2025-03-05 02:06:04+00:00,0.405
2025-03-05 02:07:04+00:00,0.405
2025-03-05 02:08:04+00:00,0.405
2025-03-05 02:09:04+00:00,0.405
2025-03-05 02:10:05+00:00,0.405
2025-03-05 02:11:05+00:00,0.405
2025-03-05 02:12:04+00:00,0.41
2025-03-05 02:13:05+00:00,0.415
2025-03-05 02:14:05+00:00,0.415
2025-03-05 02:15:04+00:00,0.415
2025-03-05 02:16:05+00:00,0.415
2025-03-05 02:17:04+00:00,0.415
2025-03-05 02:18:04+00:00,0.415
2025-03-05 02:19:04+00:00,0.425
2025-03-05 02:20:05+00:00,0.425
2025-03-05 02:21:04+00:00,0.425
2025-03-05 02:22:04+00:00,0.425
2025-03-05 02:23:04+00:00,0.425
2025-03-05 02:24:05+00:00,0.425
2025-03-05 02:25:05+00:00,0.425
2025-03-05 02:26:05+00:00,0.425
2025-03-05 02:27:04+00:00,0.425
2025-03-05 02:28:05+00:00,0.425
2025-03-05 02:29:04+00:00,0.425
2025-03-05 02:30:05+00:00,0.425
2025-03-05 02:31:05+00:00,0.425
2025-03-05 02:32:05+00:00,0.425
2025-03-05 02:33:05+00:00,0.425
2025-03-05 02:34:04+00:00,0.43
2025-03-05 02:35:05+00:00,0.43
2025-03-05 02:36:05+00:00,0.43
2025-03-05 02:37:04+00:00,0.435
2025-03-05 02:38:04+00:00,0.435
2025-03-05 02:39:05+00:00,0.43
2025-03-05 02:40:05+00:00,0.43
2025-03-05 02:41:05+00:00,0.43
2025-03-05 02:42:05+00:00,0.425
2025-03-05 02:43:04+00:00,0.43
2025-03-05 02:44:04+00:00,0.43
2025-03-05 02:45:04+00:00,0.43
2025-03-05 02:46:05+00:00,0.43
2025-03-05 02:47:05+00:00,0.435
2025-03-05 02:48:04+00:00,0.425
2025-03-05 02:49:05+00:00,0.425
2025-03-05 02:50:05+00:00,0.435
2025-03-05 02:51:05+00:00,0.425
2025-03-05 02:52:04+00:00,0.43
2025-03-05 02:53:05+00:00,0.435
2025-03-05 02:54:04+00:00,0.435
2025-03-05 02:55:05+00:00,0.435
2025-03-05 02:56:05+00:00,0.435
2025-03-05 02:57:05+00:00,0.445
2025-03-05 02:58:04+00:00,0.445
2025-03-05 02:59:05+00:00,0.44
2025-03-05 03:00:05+00:00,0.44
2025-03-05 03:01:05+00:00,0.435
2025-03-05 03:02:04+00:00,0.445
2025-03-05 03:03:05+00:00,0.445
2025-03-05 03:04:04+00:00,0.445
2025-03-05 03:05:05+00:00,0.445
2025-03-05 03:06:05+00:00,0.45
2025-03-05 03:07:04+00:00,0.44
2025-03-05 03:08:05+00:00,0.445
2025-03-05 03:09:04+00:00,0.445
2025-03-05 03:10:05+00:00,0.445
2025-03-05 03:11:04+00:00,0.445
2025-03-05 03:12:04+00:00,0.425
2025-03-05 03:13:05+00:00,0.42
2025-03-05 03:14:05+00:00,0.415
2025-03-05 03:15:05+00:00,0.45
2025-03-05 03:16:05+00:00,0.43
2025-03-05 03:17:04+00:00,0.41
2025-03-05 03:18:05+00:00,0.375
2025-03-05 03:19:05+00:00,0.325
2025-03-05 03:20:05+00:00,0.345
2025-03-05 03:21:04+00:00,0.345
2025-03-05 03:22:05+00:00,0.345
2025-03-05 03:23:05+00:00,0.36
2025-03-05 03:24:05+00:00,0.335
2025-03-05 03:25:04+00:00,0.36
2025-03-05 03:26:05+00:00,0.355
2025-03-05 03:27:04+00:00,0.36
2025-03-05 03:28:05+00:00,0.35
2025-03-05 03:29:04+00:00,0.345
2025-03-05 03:30:05+00:00,0.36
2025-03-05 03:31:05+00:00,0.355
2025-03-05 03:32:05+00:00,0.355
2025-03-05 03:33:05+00:00,0.355
2025-03-05 03:34:04+00:00,0.405
2025-03-05 03:35:05+00:00,0.43
2025-03-05 03:36:04+00:00,0.48
2025-03-05 03:37:04+00:00,0.49
2025-03-05 03:38:05+00:00,0.455
2025-03-05 03:39:04+00:00,0.555
2025-03-05 03:40:04+00:00,0.555
2025-03-05 03:41:04+00:00,0.575
2025-03-05 03:42:04+00:00,0.565
2025-03-05 03:43:05+00:00,0.525
2025-03-05 03:44:04+00:00,0.49
2025-03-05 03:45:05+00:00,0.485
2025-03-05 03:46:05+00:00,0.475
2025-03-05 03:47:05+00:00,0.445
2025-03-05 03:48:05+00:00,0.44
2025-03-05 03:49:05+00:00,0.445
2025-03-05 03:50:05+00:00,0.45
2025-03-05 03:51:04+00:00,0.42
2025-03-05 03:52:04+00:00,0.435
2025-03-05 03:53:05+00:00,0.365
2025-03-05 03:54:05+00:00,0.345
2025-03-05 03:55:04+00:00,0.29
2025-03-05 03:56:05+00:00,0.275
2025-03-05 03:57:04+00:00,0.22
2025-03-05 03:58:05+00:00,0.26
2025-03-05 03:59:05+00:00,0.245
2025-03-05 04:00:05+00:00,0.165
2025-03-05 04:01:04+00:00,0.145
2025-03-05 04:02:05+00:00,0.16
2025-03-05 04:03:05+00:00,0.155
2025-03-05 04:04:05+00:00,0.165
2025-03-05 04:05:05+00:00,0.14
2025-03-05 04:06:05+00:00,0.115
2025-03-05 04:07:04+00:00,0.11
2025-03-05 04:08:04+00:00,0.11
2025-03-05 04:09:05+00:00,0.115
2025-03-05 04:10:05+00:00,0.11
2025-03-05 04:11:04+00:00,0.115
2025-03-05 04:12:04+00:00,0.11
2025-03-05 04:13:05+00:00,0.115
2025-03-05 04:14:04+00:00,0.115
2025-03-05 04:15:05+00:00,0.12
2025-03-05 04:16:05+00:00,0.12
2025-03-05 04:17:05+00:00,0.12
2025-03-05 04:18:05+00:00,0.115
2025-03-05 04:19:04+00:00,0.12
2025-03-05 04:20:05+00:00,0.12
2025-03-05 04:21:05+00:00,0.12
2025-03-05 04:22:04+00:00,0.12
2025-03-05 04:23:04+00:00,0.115
2025-03-05 04:24:04+00:00,0.085
2025-03-05 04:25:05+00:00,0.085
2025-03-05 04:26:04+00:00,0.07
2025-03-05 04:27:04+00:00,0.07
2025-03-05 04:28:04+00:00,0.06
2025-03-05 04:29:04+00:00,0.065
2025-03-05 04:30:05+00:00,0.055
2025-03-05 04:31:05+00:00,0.07
2025-03-05 04:32:04+00:00,0.05
2025-03-05 04:33:05+00:00,0.05
2025-03-05 04:34:05+00:00,0.04
2025-03-05 04:35:05+00:00,0.04
2025-03-05 04:36:04+00:00,0.045
2025-03-05 04:37:04+00:00,0.04
2025-03-05 04:38:04+00:00,0.04
2025-03-05 04:39:05+00:00,0.03
2025-03-05 04:40:05+00:00,0.025
2025-03-05 04:41:04+00:00,0.02
2025-03-05 04:42:05+00:00,0.025
2025-03-05 04:43:04+00:00,0.025
2025-03-05 04:44:05+00:00,0.015
2025-03-05 04:45:05+00:00,0.0195
2025-03-05 04:46:05+00:00,0.0165
2025-03-05 04:47:04+00:00,0.0125
2025-03-05 04:48:04+00:00,0.015
2025-03-05 04:49:05+00:00,0.0145
2025-03-05 04:50:05+00:00,0.0125
2025-03-05 04:51:05+00:00,0.015
2025-03-05 04:52:04+00:00,0.013
2025-03-05 04:53:05+00:00,0.0245
2025-03-05 04:54:04+00:00,0.0405
2025-03-05 04:55:05+00:00,0.0355
2025-03-05 04:56:05+00:00,0.055
2025-03-05 04:57:04+00:00,0.065
2025-03-05 04:58:05+00:00,0.057
2025-03-05 04:59:05+00:00,0.12
2025-03-05 05:00:05+00:00,0.115
2025-03-05 05:01:04+00:00,0.1255
2025-03-05 05:02:04+00:00,0.1145
2025-03-05 05:03:05+00:00,0.1145
2025-03-05 05:04:04+00:00,0.09
2025-03-05 05:05:05+00:00,0.115
2025-03-05 05:06:05+00:00,0.145
2025-03-05 05:07:04+00:00,0.1655
2025-03-05 05:08:04+00:00,0.125
2025-03-05 05:09:04+00:00,0.2
2025-03-05 05:10:05+00:00,0.345
2025-03-05 05:11:05+00:00,0.335
2025-03-05 05:12:04+00:00,0.355
2025-03-05 05:13:04+00:00,0.335
2025-03-05 05:14:04+00:00,0.345
2025-03-05 05:15:04+00:00,0.44
2025-03-05 05:16:05+00:00,0.455
2025-03-05 05:17:05+00:00,0.46
2025-03-05 05:18:04+00:00,0.64
2025-03-05 05:19:05+00:00,0.665
2025-03-05 05:20:04+00:00,0.67
2025-03-05 05:21:04+00:00,0.685
2025-03-05 05:22:05+00:00,0.76
2025-03-05 05:23:04+00:00,0.805
2025-03-05 05:24:04+00:00,0.775
2025-03-05 05:25:05+00:00,0.885
2025-03-05 05:26:05+00:00,0.76
2025-03-05 05:27:05+00:00,0.78
2025-03-05 05:28:05+00:00,0.845
2025-03-05 05:29:05+00:00,0.77
2025-03-05 05:30:05+00:00,0.96
2025-03-05 05:31:05+00:00,0.9845
2025-03-05 05:32:04+00:00,0.9555
2025-03-05 05:33:04+00:00,0.97
2025-03-05 05:34:05+00:00,0.982
2025-03-05 05:35:05+00:00,0.98
2025-03-05 05:36:05+00:00,0.9835
2025-03-05 05:37:04+00:00,0.9995
2025-03-05 05:38:05+00:00,0.9995
2025-03-05 05:39:04+00:00,0.9995
2025-03-05 05:40:05+00:00,0.9995
2025-03-05 05:41:05+00:00,0.9995
2025-03-05 05:42:05+00:00,0.9995
2025-03-05 05:43:04+00:00,0.9995
2025-03-05 05:44:05+00:00,0.9995
2025-03-05 05:45:04+00:00,0.9995
2025-03-05 05:46:04+00:00,0.9995
2025-03-05 05:47:04+00:00,0.9995
2025-03-05 05:48:04+00:00,0.9995
2025-03-05 05:49:04+00:00,0.9995
2025-03-05 05:50:05+00:00,0.9995
2025-03-05 05:51:05+00:00,0.9995
2025-03-05 05:52:04+00:00,0.9995
2025-03-05 05:53:05+00:00,0.9995
2025-03-05 05:54:04+00:00,0.9995
2025-03-05 05:55:04+00:00,0.9995
2025-03-05 05:56:04+00:00,0.9995
2025-03-05 05:57:04+00:00,0.9995
2025-03-05 05:58:04+00:00,0.9995
2025-03-05 05:59:05+00:00,0.9995
2025-03-05 06:00:05+00:00,0.9995
2025-03-05 06:01:05+00:00,0.9995
2025-03-05 06:02:04+00:00,0.9995
2025-03-05 06:03:05+00:00,0.9995
2025-03-05 06:04:04+00:00,0.9995
2025-03-05 06:05:05+00:00,0.9995
2025-03-05 06:06:04+00:00,0.9995
2025-03-05 06:07:05+00:00,0.9995
2025-03-05 06:08:05+00:00,0.9995
2025-03-05 06:09:04+00:00,0.9995
2025-03-05 06:10:05+00:00,0.9995
2025-03-05 06:11:05+00:00,0.9995
2025-03-05 06:12:04+00:00,0.9995
2025-03-05 06:13:04+00:00,0.9995
2025-03-05 06:14:05+00:00,0.9995
2025-03-05 06:15:05+00:00,0.9995
2025-03-05 06:16:04+00:00,0.9995
2025-03-05 06:17:04+00:00,0.9995
2025-03-05 06:18:05+00:00,0.9995
2025-03-05 06:19:05+00:00,0.9995
2025-03-05 06:20:05+00:00,0.9995
2025-03-05 06:21:04+00:00,0.9995
2025-03-05 06:22:04+00:00,0.9995
2025-03-05 06:23:04+00:00,0.9995
2025-03-05 06:24:04+00:00,0.9995
2025-03-05 06:25:05+00:00,0.9995
2025-03-05 06:26:05+00:00,0.9995
2025-03-05 06:27:04+00:00,0.9995
2025-03-05 06:28:04+00:00,0.9995
2025-03-05 06:29:04+00:00,0.9995
2025-03-05 06:30:05+00:00,0.9995
2025-03-05 06:31:05+00:00,0.9995
2025-03-05 06:32:05+00:00,0.9995
2025-03-05 06:33:04+00:00,0.9995
2025-03-05 06:34:05+00:00,0.9995
2025-03-05 06:35:05+00:00,0.9995
2025-03-05 06:36:04+00:00,0.9995
2025-03-05 06:37:04+00:00,0.9995
2025-03-05 06:38:04+00:00,0.9995
2025-03-05 06:39:04+00:00,0.9995
2025-03-05 06:40:04+00:00,0.9995
2025-03-05 06:41:04+00:00,0.9995
2025-03-05 06:42:05+00:00,0.9995
2025-03-05 06:43:05+00:00,0.9995
2025-03-05 06:44:04+00:00,0.9995
2025-03-05 06:45:05+00:00,0.9995
2025-03-05 06:46:05+00:00,0.9995
2025-03-05 06:47:05+00:00,0.9995
2025-03-05 06:48:05+00:00,0.9995
2025-03-05 06:49:04+00:00,0.9995
2025-03-05 06:50:04+00:00,0.9995
2025-03-05 06:51:05+00:00,0.9995
2025-03-05 06:52:04+00:00,0.9995
2025-03-05 06:53:04+00:00,0.9995
2025-03-05 06:54:04+00:00,0.9995
2025-03-05 06:55:04+00:00,0.9995
2025-03-05 06:56:05+00:00,0.9995
2025-03-05 06:57:04+00:00,0.9995
2025-03-05 06:58:04+00:00,0.9995
2025-03-05 06:59:04+00:00,0.9995
2025-03-05 07:00:05+00:00,0.9995
2025-03-05 07:01:04+00:00,0.9995
2025-03-05 07:02:04+00:00,0.9995
2025-03-05 07:03:05+00:00,0.9995
2025-03-05 07:04:05+00:00,0.9995
2025-03-05 07:05:04+00:00,0.9995
2025-03-05 07:06:05+00:00,0.9995
2025-03-05 07:07:04+00:00,0.9995
2025-03-05 07:08:05+00:00,0.9995
2025-03-05 07:09:04+00:00,0.9995
2025-03-05 07:10:04+00:00,0.9995
2025-03-05 07:11:04+00:00,0.9995
2025-03-05 07:12:04+00:00,0.9995
2025-03-05 07:13:04+00:00,0.9995
2025-03-05 07:14:05+00:00,0.9995
2025-03-05 07:15:05+00:00,0.9995
2025-03-05 07:16:04+00:00,0.9995
2025-03-05 07:17:05+00:00,0.9995
2025-03-05 07:18:04+00:00,0.9995
2025-03-05 07:19:04+00:00,0.9995
2025-03-05 07:20:04+00:00,0.9995
2025-03-05 07:21:04+00:00,0.9995
2025-03-05 07:22:05+00:00,0.9995
2025-03-05 07:23:05+00:00,0.9995
2025-03-05 07:24:04+00:00,0.9995
2025-03-05 07:25:04+00:00,0.9995
2025-03-05 07:26:05+00:00,0.9995
2025-03-05 07:27:05+00:00,0.9995
2025-03-05 07:28:04+00:00,0.9995
2025-03-05 07:29:04+00:00,0.9995
2025-03-05 07:30:05+00:00,0.9995
2025-03-05 07:31:04+00:00,0.9995
2025-03-05 07:32:05+00:00,0.9995
2025-03-05 07:33:05+00:00,0.9995
2025-03-05 07:34:04+00:00,0.9995
2025-03-05 07:35:05+00:00,0.9995
2025-03-05 07:36:05+00:00,0.9995
2025-03-05 07:37:04+00:00,0.9995
2025-03-05 07:38:05+00:00,0.9995
2025-03-05 07:39:04+00:00,0.9995
2025-03-05 07:40:05+00:00,0.9995
2025-03-05 07:41:04+00:00,0.9995
2025-03-05 07:42:05+00:00,0.9995
2025-03-05 07:43:04+00:00,0.9995
2025-03-05 07:44:05+00:00,0.9995
2025-03-05 07:45:04+00:00,0.9995
2025-03-05 07:46:04+00:00,0.9995
2025-03-05 07:47:05+00:00,0.9995
2025-03-05 07:48:04+00:00,0.9995
2025-03-05 07:49:04+00:00,0.9995
2025-03-05 07:50:04+00:00,0.9995
2025-03-05 07:51:05+00:00,0.9995
2025-03-05 07:52:04+00:00,0.9995
2025-03-05 07:53:05+00:00,0.9995
2025-03-05 07:54:04+00:00,0.9995
2025-03-05 07:55:04+00:00,0.9995
2025-03-05 07:56:04+00:00,0.9995
2025-03-05 07:57:05+00:00,0.9995
2025-03-05 07:58:04+00:00,0.9995
2025-03-05 07:59:05+00:00,0.9995
2025-03-05 08:00:05+00:00,0.9995
2025-03-05 08:01:04+00:00,0.9995
2025-03-05 08:02:04+00:00,0.9995
2025-03-05 08:03:05+00:00,0.9995
2025-03-05 08:04:04+00:00,0.9995
2025-03-05 08:05:04+00:00,0.9995
