timestamp,price
2026-07-09 02:59:04+00:00,0.9405
2026-07-09 03:00:09+00:00,0.9405
2026-07-09 03:01:05+00:00,0.9405
2026-07-09 03:02:07+00:00,0.9405
2026-07-09 03:03:05+00:00,0.9405
2026-07-09 03:04:04+00:00,0.9405
2026-07-09 03:05:04+00:00,0.9405
2026-07-09 03:06:04+00:00,0.9405
2026-07-09 03:07:27+00:00,0.9405
2026-07-09 03:08:08+00:00,0.9405
2026-07-09 03:09:05+00:00,0.9405
2026-07-09 03:10:04+00:00,0.9405
2026-07-09 03:11:04+00:00,0.9405
2026-07-09 03:12:18+00:00,0.9405
2026-07-09 03:13:05+00:00,0.9405
2026-07-09 03:14:06+00:00,0.9405
2026-07-09 03:15:05+00:00,0.9405
2026-07-09 03:16:05+00:00,0.9405
2026-07-09 03:17:18+00:00,0.9405
2026-07-09 03:18:05+00:00,0.9405
2026-07-09 03:19:05+00:00,0.9405
2026-07-09 03:20:05+00:00,0.9405
2026-07-09 03:21:04+00:00,0.9405
2026-07-09 03:22:04+00:00,0.9405
2026-07-09 03:23:05+00:00,0.9405
2026-07-09 03:24:06+00:00,0.9405
2026-07-09 03:25:06+00:00,0.9405
2026-07-09 03:26:04+00:00,0.9405
2026-07-09 03:27:20+00:00,0.9405
2026-07-09 03:28:05+00:00,0.9405
2026-07-09 03:29:06+00:00,0.9405
2026-07-09 03:30:17+00:00,0.9405
2026-07-09 03:31:04+00:00,0.9405
2026-07-09 03:32:04+00:00,0.9405
2026-07-09 03:33:17+00:00,0.9405
2026-07-09 03:34:03+00:00,0.9405
2026-07-09 03:35:04+00:00,0.9405
2026-07-09 03:36:04+00:00,0.9405
2026-07-09 03:37:04+00:00,0.9405
2026-07-09 03:38:05+00:00,0.9405
2026-07-09 03:39:04+00:00,0.9405
2026-07-09 03:40:04+00:00,0.9405
2026-07-09 03:41:04+00:00,0.9405
2026-07-09 03:42:16+00:00,0.9405
2026-07-09 03:43:18+00:00,0.9405
2026-07-09 03:44:05+00:00,0.9405
2026-07-09 03:45:05+00:00,0.9405
2026-07-09 03:46:04+00:00,0.9405
2026-07-09 03:47:04+00:00,0.9405
2026-07-09 03:48:04+00:00,0.9405
2026-07-09 03:49:05+00:00,0.9405
2026-07-09 03:50:18+00:00,0.9405
2026-07-09 03:51:04+00:00,0.9405
2026-07-09 03:52:04+00:00,0.9405
2026-07-09 03:53:04+00:00,0.9405
2026-07-09 03:54:05+00:00,0.9405
2026-07-09 03:55:04+00:00,0.9405
2026-07-09 03:56:04+00:00,0.9405
2026-07-09 03:57:05+00:00,0.9405
2026-07-09 03:58:05+00:00,0.9405
2026-07-09 03:59:04+00:00,0.9405
2026-07-09 04:00:06+00:00,0.9405
2026-07-09 04:01:05+00:00,0.9405
2026-07-09 04:02:05+00:00,0.9405
2026-07-09 04:03:06+00:00,0.9405
2026-07-09 04:04:05+00:00,0.9405
2026-07-09 04:05:05+00:00,0.9405
2026-07-09 04:06:05+00:00,0.9405
2026-07-09 04:07:16+00:00,0.9405
2026-07-09 04:08:16+00:00,0.9405
2026-07-09 04:09:05+00:00,0.9405
2026-07-09 04:10:09+00:00,0.9405
2026-07-09 04:11:05+00:00,0.9405
2026-07-09 04:12:05+00:00,0.9405
2026-07-09 04:13:05+00:00,0.9405
2026-07-09 04:14:05+00:00,0.9405
2026-07-09 04:15:09+00:00,0.9405
2026-07-09 04:16:07+00:00,0.9405
2026-07-09 04:17:05+00:00,0.9405
2026-07-09 04:18:05+00:00,0.9405
2026-07-09 04:19:05+00:00,0.9405
2026-07-09 04:20:05+00:00,0.9405
2026-07-09 04:21:05+00:00,0.9405
2026-07-09 04:22:05+00:00,0.9405
2026-07-09 04:23:05+00:00,0.9405
2026-07-09 04:24:05+00:00,0.9405
2026-07-09 04:25:05+00:00,0.9405
2026-07-09 04:26:06+00:00,0.9405
2026-07-09 04:27:04+00:00,0.9405
2026-07-09 04:28:04+00:00,0.9405
2026-07-09 04:29:04+00:00,0.9405
2026-07-09 04:30:07+00:00,0.9405
2026-07-09 04:31:05+00:00,0.9405
2026-07-09 04:32:05+00:00,0.9405
2026-07-09 04:33:04+00:00,0.9405
2026-07-09 04:34:05+00:00,0.9405
2026-07-09 04:35:06+00:00,0.9405
2026-07-09 04:36:05+00:00,0.9405
2026-07-09 04:37:05+00:00,0.9405
2026-07-09 04:38:05+00:00,0.9405
2026-07-09 04:39:04+00:00,0.9405
2026-07-09 04:40:05+00:00,0.9405
2026-07-09 04:41:04+00:00,0.9405
2026-07-09 04:42:07+00:00,0.9405
2026-07-09 04:43:05+00:00,0.9405
2026-07-09 04:44:04+00:00,0.9405
2026-07-09 04:45:05+00:00,0.9405
2026-07-09 04:46:05+00:00,0.9405
2026-07-09 04:47:04+00:00,0.9405
2026-07-09 04:48:05+00:00,0.9405
2026-07-09 04:49:03+00:00,0.9405
2026-07-09 04:50:06+00:00,0.9405
2026-07-09 04:51:15+00:00,0.9405
2026-07-09 04:52:04+00:00,0.9405
2026-07-09 04:53:05+00:00,0.9405
2026-07-09 04:54:04+00:00,0.9405
2026-07-09 04:55:04+00:00,0.9405
2026-07-09 04:56:06+00:00,0.9405
2026-07-09 04:57:05+00:00,0.9405
2026-07-09 04:58:16+00:00,0.9405
2026-07-09 04:59:04+00:00,0.9405
2026-07-09 05:00:07+00:00,0.9405
2026-07-09 05:01:05+00:00,0.9405
2026-07-09 05:02:05+00:00,0.9405
2026-07-09 05:03:05+00:00,0.9405
2026-07-09 05:04:04+00:00,0.9405
2026-07-09 05:05:05+00:00,0.9405
2026-07-09 05:06:05+00:00,0.9405
2026-07-09 05:07:05+00:00,0.9405
2026-07-09 05:08:07+00:00,0.9405
2026-07-09 05:09:05+00:00,0.9405
2026-07-09 05:10:07+00:00,0.9405
2026-07-09 05:11:04+00:00,0.9405
2026-07-09 05:12:07+00:00,0.9405
2026-07-09 05:13:05+00:00,0.9405
2026-07-09 05:14:05+00:00,0.9405
2026-07-09 05:15:06+00:00,0.9405
2026-07-09 05:16:05+00:00,0.9405
2026-07-09 05:17:06+00:00,0.9405
2026-07-09 05:18:20+00:00,0.9405
2026-07-09 05:19:05+00:00,0.9405
2026-07-09 05:20:05+00:00,0.9405
2026-07-09 05:21:05+00:00,0.9405
2026-07-09 05:22:05+00:00,0.9405
2026-07-09 05:23:05+00:00,0.9405
2026-07-09 05:24:16+00:00,0.9405
2026-07-09 05:25:04+00:00,0.9405
2026-07-09 05:26:04+00:00,0.9405
2026-07-09 05:27:04+00:00,0.9405
2026-07-09 05:28:05+00:00,0.9405
2026-07-09 05:29:04+00:00,0.9405
2026-07-09 05:30:19+00:00,0.9405
2026-07-09 05:31:05+00:00,0.9405
2026-07-09 05:32:05+00:00,0.9405
2026-07-09 05:33:05+00:00,0.9405
2026-07-09 05:34:07+00:00,0.9405
2026-07-09 05:35:06+00:00,0.9405
2026-07-09 05:36:04+00:00,0.9405
2026-07-09 05:37:04+00:00,0.9405
2026-07-09 05:38:05+00:00,0.9405
2026-07-09 05:39:06+00:00,0.9405
2026-07-09 05:40:05+00:00,0.9405
2026-07-09 05:41:05+00:00,0.9405
2026-07-09 05:42:04+00:00,0.9405
2026-07-09 05:43:05+00:00,0.9405
2026-07-09 05:44:05+00:00,0.9405
2026-07-09 05:45:04+00:00,0.9405
2026-07-09 05:46:03+00:00,0.9405
2026-07-09 05:47:06+00:00,0.9405
2026-07-09 05:48:05+00:00,0.9405
2026-07-09 05:49:05+00:00,0.9405
2026-07-09 05:50:04+00:00,0.9405
2026-07-09 05:51:04+00:00,0.9405
2026-07-09 05:52:04+00:00,0.9405
2026-07-09 05:53:16+00:00,0.9405
2026-07-09 05:54:04+00:00,0.9405
2026-07-09 05:55:04+00:00,0.9405
2026-07-09 05:56:05+00:00,0.9405
2026-07-09 05:57:06+00:00,0.9405
2026-07-09 05:58:05+00:00,0.9405
2026-07-09 05:59:04+00:00,0.9405
2026-07-09 06:00:08+00:00,0.9405
2026-07-09 06:01:20+00:00,0.9405
2026-07-09 06:02:04+00:00,0.9405
2026-07-09 06:03:04+00:00,0.9405
2026-07-09 06:04:04+00:00,0.9405
2026-07-09 06:05:04+00:00,0.9405
2026-07-09 06:06:04+00:00,0.9405
2026-07-09 06:07:04+00:00,0.9405
2026-07-09 06:08:04+00:00,0.9405
2026-07-09 06:09:04+00:00,0.9405
2026-07-09 06:10:04+00:00,0.9405
2026-07-09 06:11:04+00:00,0.9405
2026-07-09 06:12:04+00:00,0.9405
2026-07-09 06:13:06+00:00,0.9405
2026-07-09 06:14:04+00:00,0.9405
2026-07-09 06:15:04+00:00,0.9405
2026-07-09 06:16:05+00:00,0.9405
2026-07-09 06:17:05+00:00,0.9405
2026-07-09 06:18:05+00:00,0.9405
2026-07-09 06:19:04+00:00,0.9405
2026-07-09 06:20:04+00:00,0.9405
2026-07-09 06:21:06+00:00,0.9405
2026-07-09 06:22:05+00:00,0.9405
2026-07-09 06:23:05+00:00,0.9405
2026-07-09 06:24:04+00:00,0.9405
2026-07-09 06:25:04+00:00,0.9405
2026-07-09 06:26:04+00:00,0.9405
2026-07-09 06:27:05+00:00,0.9405
2026-07-09 06:28:05+00:00,0.9405
2026-07-09 06:29:16+00:00,0.9405
2026-07-09 06:30:04+00:00,0.9405
2026-07-09 06:31:05+00:00,0.9405
2026-07-09 06:32:04+00:00,0.9405
2026-07-09 06:33:05+00:00,0.9405
2026-07-09 06:34:07+00:00,0.9405
2026-07-09 06:35:05+00:00,0.9405
2026-07-09 06:36:04+00:00,0.9405
2026-07-09 06:37:04+00:00,0.9405
2026-07-09 06:38:06+00:00,0.9405
2026-07-09 06:39:04+00:00,0.9405
2026-07-09 06:40:04+00:00,0.9405
2026-07-09 06:41:04+00:00,0.9405
2026-07-09 06:42:04+00:00,0.9405
2026-07-09 06:43:05+00:00,0.9405
2026-07-09 06:44:04+00:00,0.9405
2026-07-09 06:45:04+00:00,0.9405
2026-07-09 06:46:03+00:00,0.9405
2026-07-09 06:47:04+00:00,0.9405
2026-07-09 06:48:05+00:00,0.9405
2026-07-09 06:49:04+00:00,0.9405
2026-07-09 06:50:04+00:00,0.9405
2026-07-09 06:51:04+00:00,0.9405
2026-07-09 06:52:04+00:00,0.9405
2026-07-09 06:53:04+00:00,0.9405
2026-07-09 06:54:05+00:00,0.9405
2026-07-09 06:55:04+00:00,0.9405
2026-07-09 06:56:06+00:00,0.9405
2026-07-09 06:57:05+00:00,0.9405
2026-07-09 06:58:05+00:00,0.9405
2026-07-09 06:59:04+00:00,0.9405
2026-07-09 07:00:07+00:00,0.9405
2026-07-09 07:01:05+00:00,0.9405
2026-07-09 07:02:05+00:00,0.9405
2026-07-09 07:03:05+00:00,0.9405
2026-07-09 07:04:05+00:00,0.9405
2026-07-09 07:05:04+00:00,0.9405
2026-07-09 07:06:04+00:00,0.9405
2026-07-09 07:07:04+00:00,0.9405
2026-07-09 07:08:05+00:00,0.9405
2026-07-09 07:09:05+00:00,0.9405
2026-07-09 07:10:04+00:00,0.9405
2026-07-09 07:11:04+00:00,0.9405
2026-07-09 07:12:04+00:00,0.9405
2026-07-09 07:13:05+00:00,0.9405
2026-07-09 07:14:04+00:00,0.9405
2026-07-09 07:15:04+00:00,0.9405
2026-07-09 07:16:12+00:00,0.9405
2026-07-09 07:17:04+00:00,0.9405
2026-07-09 07:18:05+00:00,0.9405
2026-07-09 07:19:05+00:00,0.9405
2026-07-09 07:20:05+00:00,0.9405
2026-07-09 07:21:04+00:00,0.9405
2026-07-09 07:22:04+00:00,0.9405
2026-07-09 07:23:05+00:00,0.9405
2026-07-09 07:24:05+00:00,0.9405
2026-07-09 07:25:04+00:00,0.9405
2026-07-09 07:26:04+00:00,0.9405
2026-07-09 07:27:04+00:00,0.9405
2026-07-09 07:28:05+00:00,0.9405
2026-07-09 07:29:04+00:00,0.9405
2026-07-09 07:30:04+00:00,0.9405
2026-07-09 07:31:05+00:00,0.9405
2026-07-09 07:32:04+00:00,0.9405
2026-07-09 07:33:15+00:00,0.9405
2026-07-09 07:34:04+00:00,0.9405
2026-07-09 07:35:04+00:00,0.9405
2026-07-09 07:36:04+00:00,0.9405
2026-07-09 07:37:04+00:00,0.9405
2026-07-09 07:38:05+00:00,0.9405
2026-07-09 07:39:04+00:00,0.9405
2026-07-09 07:40:19+00:00,0.9405
2026-07-09 07:41:05+00:00,0.9405
2026-07-09 07:42:06+00:00,0.9405
2026-07-09 07:43:04+00:00,0.9405
2026-07-09 07:44:05+00:00,0.9405
2026-07-09 07:45:05+00:00,0.9405
2026-07-09 07:46:04+00:00,0.9405
2026-07-09 07:47:05+00:00,0.9405
2026-07-09 07:48:05+00:00,0.9405
2026-07-09 07:49:04+00:00,0.9405
2026-07-09 07:50:04+00:00,0.9405
2026-07-09 07:51:04+00:00,0.9405
2026-07-09 07:52:05+00:00,0.9405
2026-07-09 07:53:05+00:00,0.9405
2026-07-09 07:54:05+00:00,0.9405
2026-07-09 07:55:05+00:00,0.9405
2026-07-09 07:56:05+00:00,0.9405
2026-07-09 07:57:05+00:00,0.9405
2026-07-09 07:58:05+00:00,0.9405
2026-07-09 07:59:05+00:00,0.9405
2026-07-09 08:00:06+00:00,0.9405
2026-07-09 08:01:06+00:00,0.9405
2026-07-09 08:02:04+00:00,0.9405
2026-07-09 08:03:05+00:00,0.9405
2026-07-09 08:04:04+00:00,0.9405
2026-07-09 08:05:05+00:00,0.9405
2026-07-09 08:06:20+00:00,0.9405
2026-07-09 08:07:05+00:00,0.9405
2026-07-09 08:08:07+00:00,0.9405
2026-07-09 08:09:05+00:00,0.9405
2026-07-09 08:10:04+00:00,0.9405
2026-07-09 08:11:04+00:00,0.9405
2026-07-09 08:12:04+00:00,0.9405
2026-07-09 08:13:05+00:00,0.9405
2026-07-09 08:14:04+00:00,0.9405
2026-07-09 08:15:05+00:00,0.9405
2026-07-09 08:16:04+00:00,0.9405
2026-07-09 08:17:05+00:00,0.9405
2026-07-09 08:18:05+00:00,0.9405
2026-07-09 08:19:05+00:00,0.9405
2026-07-09 08:20:05+00:00,0.9405
2026-07-09 08:21:04+00:00,0.9405
2026-07-09 08:22:04+00:00,0.9405
2026-07-09 08:23:05+00:00,0.9405
2026-07-09 08:24:04+00:00,0.9405
2026-07-09 08:25:04+00:00,0.9405
2026-07-09 08:26:06+00:00,0.9405
2026-07-09 08:27:05+00:00,0.9405
2026-07-09 08:28:04+00:00,0.9405
2026-07-09 08:29:05+00:00,0.9405
2026-07-09 08:30:06+00:00,0.9405
2026-07-09 08:31:04+00:00,0.9405
2026-07-09 08:32:04+00:00,0.9405
2026-07-09 08:33:05+00:00,0.9405
2026-07-09 08:34:06+00:00,0.9405
2026-07-09 08:35:05+00:00,0.9405
2026-07-09 08:36:04+00:00,0.9405
2026-07-09 08:37:04+00:00,0.9405
2026-07-09 08:38:05+00:00,0.9395
2026-07-09 08:39:05+00:00,0.9395
2026-07-09 08:40:04+00:00,0.9395
2026-07-09 08:41:16+00:00,0.9395
2026-07-09 08:42:17+00:00,0.9395
2026-07-09 08:43:05+00:00,0.9395
2026-07-09 08:44:05+00:00,0.9395
2026-07-09 08:45:04+00:00,0.9395
2026-07-09 08:46:04+00:00,0.9395
2026-07-09 08:47:04+00:00,0.9395
2026-07-09 08:48:05+00:00,0.9395
2026-07-09 08:49:05+00:00,0.9395
2026-07-09 08:50:16+00:00,0.9395
2026-07-09 08:51:18+00:00,0.9395
2026-07-09 08:52:04+00:00,0.9395
2026-07-09 08:53:06+00:00,0.9395
2026-07-09 08:54:05+00:00,0.9395
2026-07-09 08:55:06+00:00,0.9395
2026-07-09 08:56:04+00:00,0.9395
2026-07-09 08:57:05+00:00,0.9395
2026-07-09 08:58:05+00:00,0.9395
2026-07-09 08:59:05+00:00,0.9395
2026-07-09 09:00:06+00:00,0.9395
2026-07-09 09:01:06+00:00,0.9395
2026-07-09 09:02:05+00:00,0.9395
2026-07-09 09:03:06+00:00,0.9395
2026-07-09 09:04:05+00:00,0.9395
2026-07-09 09:05:05+00:00,0.9395
2026-07-09 09:06:05+00:00,0.9395
2026-07-09 09:07:05+00:00,0.9395
2026-07-09 09:08:05+00:00,0.9395
2026-07-09 09:09:05+00:00,0.9395
2026-07-09 09:10:05+00:00,0.9395
2026-07-09 09:11:05+00:00,0.9395
2026-07-09 09:12:05+00:00,0.9395
2026-07-09 09:13:18+00:00,0.9395
2026-07-09 09:14:03+00:00,0.9395
2026-07-09 09:15:04+00:00,0.9395
2026-07-09 09:16:06+00:00,0.9395
2026-07-09 09:17:06+00:00,0.9395
2026-07-09 09:18:05+00:00,0.9395
2026-07-09 09:19:05+00:00,0.9395
2026-07-09 09:20:05+00:00,0.9395
2026-07-09 09:21:05+00:00,0.9395
2026-07-09 09:22:16+00:00,0.9395
2026-07-09 09:23:05+00:00,0.9395
2026-07-09 09:24:05+00:00,0.9395
2026-07-09 09:25:05+00:00,0.9395
2026-07-09 09:26:04+00:00,0.9395
2026-07-09 09:27:04+00:00,0.9395
2026-07-09 09:28:04+00:00,0.9395
2026-07-09 09:29:05+00:00,0.9395
2026-07-09 09:30:07+00:00,0.9395
2026-07-09 09:31:05+00:00,0.9395
2026-07-09 09:32:04+00:00,0.9395
2026-07-09 09:33:05+00:00,0.9395
2026-07-09 09:34:04+00:00,0.9395
2026-07-09 09:35:05+00:00,0.9395
2026-07-09 09:36:04+00:00,0.9395
2026-07-09 09:37:05+00:00,0.9395
2026-07-09 09:38:05+00:00,0.9395
2026-07-09 09:39:05+00:00,0.9395
2026-07-09 09:40:04+00:00,0.9395
2026-07-09 09:41:04+00:00,0.9395
2026-07-09 09:42:06+00:00,0.9395
2026-07-09 09:43:08+00:00,0.9395
2026-07-09 09:44:05+00:00,0.9395
2026-07-09 09:45:05+00:00,0.9395
2026-07-09 09:46:06+00:00,0.9395
2026-07-09 09:47:04+00:00,0.9395
2026-07-09 09:48:05+00:00,0.9395
2026-07-09 09:49:05+00:00,0.9395
2026-07-09 09:50:06+00:00,0.9395
2026-07-09 09:51:05+00:00,0.9395
2026-07-09 09:52:04+00:00,0.9395
2026-07-09 09:53:05+00:00,0.9395
2026-07-09 09:54:04+00:00,0.9395
2026-07-09 09:55:05+00:00,0.9395
2026-07-09 09:56:05+00:00,0.9395
2026-07-09 09:57:05+00:00,0.9395
2026-07-09 09:58:05+00:00,0.9395
2026-07-09 09:59:17+00:00,0.9395
2026-07-09 10:00:09+00:00,0.9395
2026-07-09 10:01:04+00:00,0.9395
2026-07-09 10:02:07+00:00,0.9395
2026-07-09 10:03:04+00:00,0.9395
2026-07-09 10:04:05+00:00,0.9395
2026-07-09 10:05:07+00:00,0.9395
2026-07-09 10:06:07+00:00,0.9395
2026-07-09 10:07:22+00:00,0.9395
2026-07-09 10:08:05+00:00,0.9395
2026-07-09 10:09:05+00:00,0.9395
2026-07-09 10:10:22+00:00,0.9395
2026-07-09 10:11:05+00:00,0.9395
2026-07-09 10:12:05+00:00,0.9395
2026-07-09 10:13:05+00:00,0.9395
2026-07-09 10:14:04+00:00,0.9395
2026-07-09 10:15:04+00:00,0.9395
2026-07-09 10:16:07+00:00,0.9395
2026-07-09 10:17:04+00:00,0.9395
2026-07-09 10:18:05+00:00,0.9395
2026-07-09 10:19:04+00:00,0.9395
2026-07-09 10:20:05+00:00,0.9395
2026-07-09 10:21:05+00:00,0.9395
2026-07-09 10:22:04+00:00,0.9395
2026-07-09 10:23:04+00:00,0.9395
2026-07-09 10:24:04+00:00,0.9395
2026-07-09 10:25:05+00:00,0.9395
2026-07-09 10:26:06+00:00,0.9395
2026-07-09 10:27:05+00:00,0.9395
2026-07-09 10:28:05+00:00,0.9395
2026-07-09 10:29:05+00:00,0.9395
2026-07-09 10:30:08+00:00,0.9395
2026-07-09 10:31:05+00:00,0.9395
2026-07-09 10:32:05+00:00,0.9395
2026-07-09 10:33:05+00:00,0.9395
2026-07-09 10:34:04+00:00,0.9395
2026-07-09 10:35:04+00:00,0.9395
2026-07-09 10:36:04+00:00,0.9395
2026-07-09 10:37:05+00:00,0.9395
2026-07-09 10:38:06+00:00,0.9395
2026-07-09 10:39:05+00:00,0.9395
2026-07-09 10:40:05+00:00,0.9395
2026-07-09 10:41:05+00:00,0.9395
2026-07-09 10:42:05+00:00,0.9395
2026-07-09 10:43:04+00:00,0.9395
2026-07-09 10:44:05+00:00,0.9395
2026-07-09 10:45:05+00:00,0.9395
2026-07-09 10:46:06+00:00,0.9395
2026-07-09 10:47:04+00:00,0.9395
2026-07-09 10:48:05+00:00,0.9395
2026-07-09 10:49:04+00:00,0.9395
2026-07-09 10:50:05+00:00,0.9395
2026-07-09 10:51:05+00:00,0.9395
2026-07-09 10:52:07+00:00,0.9395
2026-07-09 10:53:05+00:00,0.9395
2026-07-09 10:54:04+00:00,0.9395
2026-07-09 10:55:06+00:00,0.9395
2026-07-09 10:56:08+00:00,0.9395
2026-07-09 10:57:05+00:00,0.9395
2026-07-09 10:58:20+00:00,0.9395
2026-07-09 10:59:05+00:00,0.9395
2026-07-09 11:00:12+00:00,0.9395
2026-07-09 11:01:07+00:00,0.9395
2026-07-09 11:02:07+00:00,0.9395
2026-07-09 11:03:05+00:00,0.9395
2026-07-09 11:04:05+00:00,0.9395
2026-07-09 11:05:06+00:00,0.9395
2026-07-09 11:06:05+00:00,0.9395
2026-07-09 11:07:05+00:00,0.9395
2026-07-09 11:08:05+00:00,0.9395
2026-07-09 11:09:05+00:00,0.9395
2026-07-09 11:10:08+00:00,0.9395
2026-07-09 11:11:06+00:00,0.9395
2026-07-09 11:12:05+00:00,0.9395
2026-07-09 11:13:05+00:00,0.9395
2026-07-09 11:14:04+00:00,0.9395
2026-07-09 11:15:24+00:00,0.9395
2026-07-09 11:16:05+00:00,0.9395
2026-07-09 11:17:05+00:00,0.9395
2026-07-09 11:18:05+00:00,0.9395
2026-07-09 11:19:06+00:00,0.9395
2026-07-09 11:20:04+00:00,0.9395
2026-07-09 11:21:05+00:00,0.9395
2026-07-09 11:22:05+00:00,0.9395
2026-07-09 11:23:05+00:00,0.9395
2026-07-09 11:24:07+00:00,0.9395
2026-07-09 11:25:04+00:00,0.9395
2026-07-09 11:26:04+00:00,0.9395
2026-07-09 11:27:04+00:00,0.9395
2026-07-09 11:28:05+00:00,0.9395
2026-07-09 11:29:19+00:00,0.9395
2026-07-09 11:30:07+00:00,0.9395
2026-07-09 11:31:05+00:00,0.9395
2026-07-09 11:32:05+00:00,0.9395
2026-07-09 11:33:05+00:00,0.9395
2026-07-09 11:34:05+00:00,0.9395
2026-07-09 11:35:04+00:00,0.9395
2026-07-09 11:36:06+00:00,0.9395
2026-07-09 11:37:04+00:00,0.9395
2026-07-09 11:38:05+00:00,0.9395
2026-07-09 11:39:07+00:00,0.9395
2026-07-09 11:40:05+00:00,0.9395
2026-07-09 11:41:06+00:00,0.9395
2026-07-09 11:42:18+00:00,0.9395
2026-07-09 11:43:05+00:00,0.9395
2026-07-09 11:44:05+00:00,0.9395
2026-07-09 11:45:04+00:00,0.9395
2026-07-09 11:46:06+00:00,0.9395
2026-07-09 11:47:04+00:00,0.9395
2026-07-09 11:48:05+00:00,0.9395
2026-07-09 11:49:05+00:00,0.9395
2026-07-09 11:50:05+00:00,0.9395
2026-07-09 11:51:04+00:00,0.9395
2026-07-09 11:52:04+00:00,0.9395
2026-07-09 11:53:05+00:00,0.9395
2026-07-09 11:54:19+00:00,0.9395
2026-07-09 11:55:04+00:00,0.9395
2026-07-09 11:56:05+00:00,0.9395
2026-07-09 11:57:05+00:00,0.9395
2026-07-09 11:58:05+00:00,0.9395
2026-07-09 11:59:05+00:00,0.9395
2026-07-09 12:00:10+00:00,0.9395
2026-07-09 12:01:05+00:00,0.9395
2026-07-09 12:02:05+00:00,0.9395
2026-07-09 12:03:05+00:00,0.9395
2026-07-09 12:04:04+00:00,0.9395
2026-07-09 12:05:04+00:00,0.9395
2026-07-09 12:06:05+00:00,0.9395
2026-07-09 12:07:04+00:00,0.9395
2026-07-09 12:08:07+00:00,0.9395
2026-07-09 12:09:05+00:00,0.9395
2026-07-09 12:10:08+00:00,0.9395
2026-07-09 12:11:16+00:00,0.9395
2026-07-09 12:12:07+00:00,0.9395
2026-07-09 12:13:05+00:00,0.9395
2026-07-09 12:14:06+00:00,0.9395
2026-07-09 12:15:05+00:00,0.9395
2026-07-09 12:16:05+00:00,0.9395
2026-07-09 12:17:06+00:00,0.9395
2026-07-09 12:18:08+00:00,0.9395
2026-07-09 12:19:08+00:00,0.9395
2026-07-09 12:20:07+00:00,0.9395
2026-07-09 12:21:05+00:00,0.9395
2026-07-09 12:22:06+00:00,0.9395
2026-07-09 12:23:05+00:00,0.9395
2026-07-09 12:24:05+00:00,0.9395
2026-07-09 12:25:04+00:00,0.9395
2026-07-09 12:26:04+00:00,0.9395
2026-07-09 12:27:04+00:00,0.9395
2026-07-09 12:28:06+00:00,0.9395
2026-07-09 12:29:05+00:00,0.9395
2026-07-09 12:30:07+00:00,0.9395
2026-07-09 12:31:05+00:00,0.9395
2026-07-09 12:32:06+00:00,0.9395
2026-07-09 12:33:06+00:00,0.9395
2026-07-09 12:34:04+00:00,0.9395
2026-07-09 12:35:18+00:00,0.9395
2026-07-09 12:36:07+00:00,0.9395
2026-07-09 12:37:04+00:00,0.9395
2026-07-09 12:38:07+00:00,0.9395
2026-07-09 12:39:05+00:00,0.9395
2026-07-09 12:40:06+00:00,0.9395
2026-07-09 12:41:06+00:00,0.9395
2026-07-09 12:42:05+00:00,0.9395
2026-07-09 12:43:06+00:00,0.9395
2026-07-09 12:44:05+00:00,0.9395
2026-07-09 12:45:04+00:00,0.9395
2026-07-09 12:46:06+00:00,0.9395
2026-07-09 12:47:05+00:00,0.9395
2026-07-09 12:48:05+00:00,0.9395
2026-07-09 12:49:05+00:00,0.9395
2026-07-09 12:50:06+00:00,0.9395
2026-07-09 12:51:06+00:00,0.9395
2026-07-09 12:52:04+00:00,0.9395
2026-07-09 12:53:05+00:00,0.9395
2026-07-09 12:54:07+00:00,0.9395
2026-07-09 12:55:05+00:00,0.9395
2026-07-09 12:56:18+00:00,0.9395
2026-07-09 12:57:05+00:00,0.9395
2026-07-09 12:58:05+00:00,0.9395
2026-07-09 12:59:05+00:00,0.9395
2026-07-09 13:00:08+00:00,0.9395
2026-07-09 13:01:05+00:00,0.9395
2026-07-09 13:02:05+00:00,0.9395
2026-07-09 13:03:05+00:00,0.9395
2026-07-09 13:04:05+00:00,0.9395
2026-07-09 13:05:04+00:00,0.9395
2026-07-09 13:06:04+00:00,0.9395
2026-07-09 13:07:06+00:00,0.9395
2026-07-09 13:08:05+00:00,0.9395
2026-07-09 13:09:04+00:00,0.9395
2026-07-09 13:10:05+00:00,0.9395
2026-07-09 13:11:05+00:00,0.9395
2026-07-09 13:12:05+00:00,0.9395
2026-07-09 13:13:05+00:00,0.9395
2026-07-09 13:14:05+00:00,0.9395
2026-07-09 13:15:04+00:00,0.9395
2026-07-09 13:16:05+00:00,0.9395
2026-07-09 13:17:05+00:00,0.9395
2026-07-09 13:18:05+00:00,0.9395
2026-07-09 13:19:04+00:00,0.9395
2026-07-09 13:20:08+00:00,0.9395
2026-07-09 13:21:04+00:00,0.9395
2026-07-09 13:22:04+00:00,0.9395
2026-07-09 13:23:07+00:00,0.9395
2026-07-09 13:24:04+00:00,0.9395
2026-07-09 13:25:06+00:00,0.9395
2026-07-09 13:26:04+00:00,0.9395
2026-07-09 13:27:05+00:00,0.9395
2026-07-09 13:28:05+00:00,0.9395
2026-07-09 13:29:05+00:00,0.9395
2026-07-09 13:30:09+00:00,0.9395
2026-07-09 13:31:05+00:00,0.9395
2026-07-09 13:32:05+00:00,0.9395
2026-07-09 13:33:04+00:00,0.9395
2026-07-09 13:34:05+00:00,0.9395
2026-07-09 13:35:08+00:00,0.9395
2026-07-09 13:36:18+00:00,0.9395
2026-07-09 13:37:16+00:00,0.9395
2026-07-09 13:38:17+00:00,0.9395
2026-07-09 13:39:06+00:00,0.9395
2026-07-09 13:40:06+00:00,0.9395
2026-07-09 13:41:05+00:00,0.9395
2026-07-09 13:42:04+00:00,0.9395
2026-07-09 13:43:07+00:00,0.9395
2026-07-09 13:44:04+00:00,0.9395
2026-07-09 13:45:09+00:00,0.9395
2026-07-09 13:46:05+00:00,0.9395
2026-07-09 13:47:05+00:00,0.9395
2026-07-09 13:48:06+00:00,0.9395
2026-07-09 13:49:06+00:00,0.9395
2026-07-09 13:50:06+00:00,0.9395
2026-07-09 13:51:09+00:00,0.9395
2026-07-09 13:52:04+00:00,0.9395
2026-07-09 13:53:07+00:00,0.9395
2026-07-09 13:54:05+00:00,0.9395
2026-07-09 13:55:07+00:00,0.9395
2026-07-09 13:56:07+00:00,0.9395
2026-07-09 13:57:05+00:00,0.9395
2026-07-09 13:58:06+00:00,0.9395
2026-07-09 13:59:08+00:00,0.9395
2026-07-09 14:00:09+00:00,0.9395
2026-07-09 14:01:08+00:00,0.9395
2026-07-09 14:02:05+00:00,0.9395
2026-07-09 14:03:06+00:00,0.9395
2026-07-09 14:04:05+00:00,0.9395
2026-07-09 14:05:05+00:00,0.9395
2026-07-09 14:06:04+00:00,0.9395
2026-07-09 14:07:05+00:00,0.9395
2026-07-09 14:08:07+00:00,0.9395
2026-07-09 14:09:05+00:00,0.9395
2026-07-09 14:10:05+00:00,0.9395
2026-07-09 14:11:05+00:00,0.9395
2026-07-09 14:12:06+00:00,0.9395
2026-07-09 14:13:08+00:00,0.9395
2026-07-09 14:14:05+00:00,0.9395
2026-07-09 14:15:05+00:00,0.9395
2026-07-09 14:16:04+00:00,0.9395
2026-07-09 14:17:04+00:00,0.9395
2026-07-09 14:18:07+00:00,0.9395
2026-07-09 14:19:08+00:00,0.9395
2026-07-09 14:20:07+00:00,0.9395
2026-07-09 14:21:04+00:00,0.9395
2026-07-09 14:22:09+00:00,0.9395
2026-07-09 14:23:07+00:00,0.9395
2026-07-09 14:24:07+00:00,0.9395
2026-07-09 14:25:06+00:00,0.9395
2026-07-09 14:26:05+00:00,0.9395
2026-07-09 14:27:06+00:00,0.9395
2026-07-09 14:28:05+00:00,0.9395
2026-07-09 14:29:05+00:00,0.9395
2026-07-09 14:30:07+00:00,0.9395
2026-07-09 14:31:05+00:00,0.9395
2026-07-09 14:32:06+00:00,0.9395
2026-07-09 14:33:06+00:00,0.9395
2026-07-09 14:34:06+00:00,0.9395
2026-07-09 14:35:04+00:00,0.9395
2026-07-09 14:36:06+00:00,0.9395
2026-07-09 14:37:06+00:00,0.9395
2026-07-09 14:38:06+00:00,0.9395
2026-07-09 14:39:05+00:00,0.9395
2026-07-09 14:40:05+00:00,0.9395
2026-07-09 14:41:06+00:00,0.9395
2026-07-09 14:42:07+00:00,0.9395
2026-07-09 14:43:20+00:00,0.9395
2026-07-09 14:44:05+00:00,0.9395
2026-07-09 14:45:05+00:00,0.9395
2026-07-09 14:46:05+00:00,0.9395
2026-07-09 14:47:20+00:00,0.9395
2026-07-09 14:48:07+00:00,0.9395
2026-07-09 14:49:04+00:00,0.9395
2026-07-09 14:50:05+00:00,0.9395
2026-07-09 14:51:06+00:00,0.9395
2026-07-09 14:52:06+00:00,0.9395
2026-07-09 14:53:05+00:00,0.9395
2026-07-09 14:54:06+00:00,0.9395
2026-07-09 14:55:05+00:00,0.9395
2026-07-09 14:56:05+00:00,0.9395
2026-07-09 14:57:06+00:00,0.9395
2026-07-09 14:58:06+00:00,0.9395
2026-07-09 14:59:07+00:00,0.9395
2026-07-09 15:00:09+00:00,0.9395
2026-07-09 15:01:05+00:00,0.9395
2026-07-09 15:02:05+00:00,0.9395
2026-07-09 15:03:04+00:00,0.9395
2026-07-09 15:04:05+00:00,0.9395
2026-07-09 15:05:04+00:00,0.9395
2026-07-09 15:06:06+00:00,0.9395
2026-07-09 15:07:06+00:00,0.9395
2026-07-09 15:08:05+00:00,0.9395
2026-07-09 15:09:05+00:00,0.9395
2026-07-09 15:10:05+00:00,0.9395
2026-07-09 15:11:12+00:00,0.9395
2026-07-09 15:12:05+00:00,0.9395
2026-07-09 15:13:07+00:00,0.9395
2026-07-09 15:14:07+00:00,0.9405
2026-07-09 15:15:05+00:00,0.9405
2026-07-09 15:16:06+00:00,0.9405
2026-07-09 15:17:05+00:00,0.9405
2026-07-09 15:18:06+00:00,0.9405
2026-07-09 15:19:05+00:00,0.9405
2026-07-09 15:20:05+00:00,0.9405
2026-07-09 15:21:05+00:00,0.9405
2026-07-09 15:22:05+00:00,0.9405
2026-07-09 15:23:05+00:00,0.9405
2026-07-09 15:24:05+00:00,0.9405
2026-07-09 15:25:04+00:00,0.9405
2026-07-09 15:26:04+00:00,0.9405
2026-07-09 15:27:05+00:00,0.9405
2026-07-09 15:28:05+00:00,0.9405
2026-07-09 15:29:05+00:00,0.9405
2026-07-09 15:30:07+00:00,0.9405
2026-07-09 15:31:05+00:00,0.9405
2026-07-09 15:32:05+00:00,0.9405
2026-07-09 15:33:05+00:00,0.9405
2026-07-09 15:34:06+00:00,0.9405
2026-07-09 15:35:04+00:00,0.9405
2026-07-09 15:36:05+00:00,0.9405
2026-07-09 15:37:04+00:00,0.9405
2026-07-09 15:38:04+00:00,0.9405
2026-07-09 15:39:06+00:00,0.9405
2026-07-09 15:40:05+00:00,0.9405
2026-07-09 15:41:04+00:00,0.9405
2026-07-09 15:42:05+00:00,0.9405
2026-07-09 15:43:05+00:00,0.9405
2026-07-09 15:44:05+00:00,0.9405
2026-07-09 15:45:04+00:00,0.9405
2026-07-09 15:46:04+00:00,0.9405
2026-07-09 15:47:04+00:00,0.9405
2026-07-09 15:48:05+00:00,0.9405
2026-07-09 15:49:05+00:00,0.9405
2026-07-09 15:50:05+00:00,0.9405
2026-07-09 15:51:05+00:00,0.9405
2026-07-09 15:52:05+00:00,0.9405
2026-07-09 15:53:05+00:00,0.9405
2026-07-09 15:54:05+00:00,0.9405
2026-07-09 15:55:05+00:00,0.9405
2026-07-09 15:56:06+00:00,0.9405
2026-07-09 15:57:06+00:00,0.9405
2026-07-09 15:58:05+00:00,0.9405
2026-07-09 15:59:17+00:00,0.9405
2026-07-09 16:00:09+00:00,0.9405
2026-07-09 16:01:07+00:00,0.9405
2026-07-09 16:02:06+00:00,0.9405
2026-07-09 16:03:07+00:00,0.9405
2026-07-09 16:04:05+00:00,0.9405
2026-07-09 16:05:04+00:00,0.9405
2026-07-09 16:06:05+00:00,0.9405
2026-07-09 16:07:07+00:00,0.9405
2026-07-09 16:08:08+00:00,0.9405
2026-07-09 16:09:05+00:00,0.9405
2026-07-09 16:10:05+00:00,0.9405
2026-07-09 16:11:06+00:00,0.9405
2026-07-09 16:12:09+00:00,0.9405
2026-07-09 16:13:06+00:00,0.9405
2026-07-09 16:14:08+00:00,0.9405
2026-07-09 16:15:05+00:00,0.9405
2026-07-09 16:16:06+00:00,0.9405
2026-07-09 16:17:05+00:00,0.9405
2026-07-09 16:18:06+00:00,0.9405
2026-07-09 16:19:05+00:00,0.9405
2026-07-09 16:20:05+00:00,0.9405
2026-07-09 16:21:07+00:00,0.9405
2026-07-09 16:22:05+00:00,0.9405
2026-07-09 16:23:05+00:00,0.9405
2026-07-09 16:24:05+00:00,0.9405
2026-07-09 16:25:05+00:00,0.9405
2026-07-09 16:26:10+00:00,0.9405
2026-07-09 16:27:05+00:00,0.9405
2026-07-09 16:28:06+00:00,0.9405
2026-07-09 16:29:05+00:00,0.9405
2026-07-09 16:30:08+00:00,0.9405
2026-07-09 16:31:06+00:00,0.9405
2026-07-09 16:32:08+00:00,0.9405
2026-07-09 16:33:05+00:00,0.9405
2026-07-09 16:34:05+00:00,0.9405
2026-07-09 16:35:05+00:00,0.9405
2026-07-09 16:36:08+00:00,0.9405
2026-07-09 16:37:04+00:00,0.9405
2026-07-09 16:38:05+00:00,0.9405
2026-07-09 16:39:05+00:00,0.9405
2026-07-09 16:40:06+00:00,0.9405
2026-07-09 16:41:05+00:00,0.9405
2026-07-09 16:42:06+00:00,0.9405
2026-07-09 16:43:05+00:00,0.9405
2026-07-09 16:44:05+00:00,0.9405
2026-07-09 16:45:06+00:00,0.9405
2026-07-09 16:46:07+00:00,0.9405
2026-07-09 16:47:06+00:00,0.9405
2026-07-09 16:48:05+00:00,0.9405
2026-07-09 16:49:05+00:00,0.9405
2026-07-09 16:50:06+00:00,0.9405
2026-07-09 16:51:05+00:00,0.9405
2026-07-09 16:52:07+00:00,0.9405
2026-07-09 16:53:05+00:00,0.9405
2026-07-09 16:54:05+00:00,0.9405
2026-07-09 16:55:07+00:00,0.9405
2026-07-09 16:56:05+00:00,0.9405
2026-07-09 16:57:05+00:00,0.9405
2026-07-09 16:58:05+00:00,0.9405
2026-07-09 16:59:06+00:00,0.9405
2026-07-09 17:00:14+00:00,0.9405
2026-07-09 17:01:05+00:00,0.9405
2026-07-09 17:02:06+00:00,0.9405
2026-07-09 17:03:16+00:00,0.9405
2026-07-09 17:04:06+00:00,0.9405
2026-07-09 17:05:06+00:00,0.9405
2026-07-09 17:06:05+00:00,0.9405
2026-07-09 17:07:08+00:00,0.9405
2026-07-09 17:08:05+00:00,0.9405
2026-07-09 17:09:05+00:00,0.9405
2026-07-09 17:10:06+00:00,0.9405
2026-07-09 17:11:06+00:00,0.9405
2026-07-09 17:12:05+00:00,0.9405
2026-07-09 17:13:05+00:00,0.9405
2026-07-09 17:14:05+00:00,0.9405
2026-07-09 17:15:07+00:00,0.9405
2026-07-09 17:16:06+00:00,0.9405
2026-07-09 17:17:06+00:00,0.9405
2026-07-09 17:18:05+00:00,0.9405
2026-07-09 17:19:05+00:00,0.9405
2026-07-09 17:20:05+00:00,0.9405
2026-07-09 17:21:05+00:00,0.9405
2026-07-09 17:22:05+00:00,0.9405
2026-07-09 17:23:08+00:00,0.9405
2026-07-09 17:24:07+00:00,0.9405
2026-07-09 17:25:07+00:00,0.9405
2026-07-09 17:26:04+00:00,0.9405
2026-07-09 17:27:04+00:00,0.9405
2026-07-09 17:28:05+00:00,0.9405
2026-07-09 17:29:05+00:00,0.9405
2026-07-09 17:30:07+00:00,0.9405
2026-07-09 17:31:07+00:00,0.9405
2026-07-09 17:32:07+00:00,0.9405
2026-07-09 17:33:07+00:00,0.9405
2026-07-09 17:34:06+00:00,0.9405
2026-07-09 17:35:05+00:00,0.9405
2026-07-09 17:36:05+00:00,0.9405
2026-07-09 17:37:07+00:00,0.9405
2026-07-09 17:38:07+00:00,0.9405
2026-07-09 17:39:05+00:00,0.9405
2026-07-09 17:40:05+00:00,0.9405
2026-07-09 17:41:06+00:00,0.9405
2026-07-09 17:42:05+00:00,0.9405
2026-07-09 17:43:05+00:00,0.9405
2026-07-09 17:44:06+00:00,0.9405
2026-07-09 17:45:05+00:00,0.9405
2026-07-09 17:46:06+00:00,0.9405
2026-07-09 17:47:04+00:00,0.9405
2026-07-09 17:48:05+00:00,0.9405
2026-07-09 17:49:04+00:00,0.9405
2026-07-09 17:50:05+00:00,0.9405
2026-07-09 17:51:07+00:00,0.9405
2026-07-09 17:52:05+00:00,0.9405
2026-07-09 17:53:07+00:00,0.9405
2026-07-09 17:54:05+00:00,0.9405
2026-07-09 17:55:05+00:00,0.9405
2026-07-09 17:56:05+00:00,0.9405
2026-07-09 17:57:05+00:00,0.9405
2026-07-09 17:58:05+00:00,0.9405
2026-07-09 17:59:07+00:00,0.9405
2026-07-09 18:00:17+00:00,0.9405
2026-07-09 18:01:07+00:00,0.9405
2026-07-09 18:02:07+00:00,0.9405
2026-07-09 18:03:08+00:00,0.9405
2026-07-09 18:04:07+00:00,0.9405
2026-07-09 18:05:04+00:00,0.9405
2026-07-09 18:06:05+00:00,0.9405
2026-07-09 18:07:05+00:00,0.9405
2026-07-09 18:08:05+00:00,0.9405
2026-07-09 18:09:05+00:00,0.9405
2026-07-09 18:10:05+00:00,0.9405
2026-07-09 18:11:06+00:00,0.9405
2026-07-09 18:12:06+00:00,0.9405
2026-07-09 18:13:07+00:00,0.9405
2026-07-09 18:14:07+00:00,0.9405
2026-07-09 18:15:07+00:00,0.9405
2026-07-09 18:16:06+00:00,0.9405
2026-07-09 18:17:05+00:00,0.9405
2026-07-09 18:18:05+00:00,0.9405
2026-07-09 18:19:05+00:00,0.9405
2026-07-09 18:20:05+00:00,0.9405
2026-07-09 18:21:05+00:00,0.9405
2026-07-09 18:22:05+00:00,0.9405
2026-07-09 18:23:05+00:00,0.9405
2026-07-09 18:24:05+00:00,0.9405
2026-07-09 18:25:07+00:00,0.9405
2026-07-09 18:26:05+00:00,0.9405
2026-07-09 18:27:05+00:00,0.9405
2026-07-09 18:28:05+00:00,0.9405
2026-07-09 18:29:05+00:00,0.9405
2026-07-09 18:30:09+00:00,0.9405
2026-07-09 18:31:05+00:00,0.9405
2026-07-09 18:32:05+00:00,0.9405
2026-07-09 18:33:07+00:00,0.9405
2026-07-09 18:34:04+00:00,0.9395
2026-07-09 18:35:05+00:00,0.9385
2026-07-09 18:36:05+00:00,0.9385
2026-07-09 18:37:05+00:00,0.9385
2026-07-09 18:38:05+00:00,0.9385
2026-07-09 18:39:05+00:00,0.9385
2026-07-09 18:40:20+00:00,0.9385
2026-07-09 18:41:05+00:00,0.9385
2026-07-09 18:42:05+00:00,0.9385
2026-07-09 18:43:04+00:00,0.9385
2026-07-09 18:44:05+00:00,0.9385
2026-07-09 18:45:05+00:00,0.9385
2026-07-09 18:46:06+00:00,0.9385
2026-07-09 18:47:05+00:00,0.9385
2026-07-09 18:48:21+00:00,0.9385
2026-07-09 18:49:05+00:00,0.9385
2026-07-09 18:50:06+00:00,0.9385
2026-07-09 18:51:05+00:00,0.9385
2026-07-09 18:52:04+00:00,0.9385
2026-07-09 18:53:06+00:00,0.9385
2026-07-09 18:54:05+00:00,0.9385
2026-07-09 18:55:05+00:00,0.9385
2026-07-09 18:56:05+00:00,0.9385
2026-07-09 18:57:05+00:00,0.9385
2026-07-09 18:58:05+00:00,0.9385
2026-07-09 18:59:06+00:00,0.9385
2026-07-09 19:00:08+00:00,0.9385
2026-07-09 19:01:05+00:00,0.9385
2026-07-09 19:02:08+00:00,0.9385
2026-07-09 19:03:05+00:00,0.9385
2026-07-09 19:04:05+00:00,0.9385
2026-07-09 19:05:05+00:00,0.9385
2026-07-09 19:06:05+00:00,0.9385
2026-07-09 19:07:04+00:00,0.9385
2026-07-09 19:08:05+00:00,0.9385
2026-07-09 19:09:05+00:00,0.9385
2026-07-09 19:10:05+00:00,0.9385
2026-07-09 19:11:19+00:00,0.9385
2026-07-09 19:12:08+00:00,0.9385
2026-07-09 19:13:05+00:00,0.9385
2026-07-09 19:14:05+00:00,0.9385
2026-07-09 19:15:05+00:00,0.9385
2026-07-09 19:16:05+00:00,0.9385
2026-07-09 19:17:06+00:00,0.9385
2026-07-09 19:18:05+00:00,0.9385
2026-07-09 19:19:04+00:00,0.9385
2026-07-09 19:20:05+00:00,0.9385
2026-07-09 19:21:04+00:00,0.9385
2026-07-09 19:22:05+00:00,0.9385
2026-07-09 19:23:05+00:00,0.9385
2026-07-09 19:24:05+00:00,0.9385
2026-07-09 19:25:04+00:00,0.9385
2026-07-09 19:26:07+00:00,0.9385
2026-07-09 19:27:05+00:00,0.9385
2026-07-09 19:28:05+00:00,0.9385
2026-07-09 19:29:05+00:00,0.9385
2026-07-09 19:30:08+00:00,0.9385
2026-07-09 19:31:04+00:00,0.9385
2026-07-09 19:32:07+00:00,0.9385
2026-07-09 19:33:05+00:00,0.9385
2026-07-09 19:34:05+00:00,0.9385
2026-07-09 19:35:04+00:00,0.9385
2026-07-09 19:36:04+00:00,0.9385
2026-07-09 19:37:04+00:00,0.9385
2026-07-09 19:38:07+00:00,0.9385
2026-07-09 19:39:05+00:00,0.9385
2026-07-09 19:40:05+00:00,0.9385
2026-07-09 19:41:04+00:00,0.9385
2026-07-09 19:42:04+00:00,0.9385
2026-07-09 19:43:06+00:00,0.9385
2026-07-09 19:44:05+00:00,0.9385
2026-07-09 19:45:05+00:00,0.9385
2026-07-09 19:46:05+00:00,0.9385
2026-07-09 19:47:05+00:00,0.9385
2026-07-09 19:48:05+00:00,0.9385
2026-07-09 19:49:05+00:00,0.9385
2026-07-09 19:50:12+00:00,0.9385
2026-07-09 19:51:09+00:00,0.9385
2026-07-09 19:52:04+00:00,0.9385
2026-07-09 19:53:05+00:00,0.9385
2026-07-09 19:54:08+00:00,0.9385
2026-07-09 19:55:05+00:00,0.9385
2026-07-09 19:56:07+00:00,0.9385
2026-07-09 19:57:05+00:00,0.9395
2026-07-09 19:58:05+00:00,0.9395
2026-07-09 19:59:07+00:00,0.9395
2026-07-09 20:00:11+00:00,0.9395
2026-07-09 20:01:06+00:00,0.9395
2026-07-09 20:02:05+00:00,0.9395
2026-07-09 20:03:06+00:00,0.9395
2026-07-09 20:04:07+00:00,0.9395
2026-07-09 20:05:05+00:00,0.9395
2026-07-09 20:06:05+00:00,0.9395
2026-07-09 20:07:06+00:00,0.9395
2026-07-09 20:08:05+00:00,0.9395
2026-07-09 20:09:05+00:00,0.9395
2026-07-09 20:10:06+00:00,0.9395
2026-07-09 20:11:05+00:00,0.9395
2026-07-09 20:12:04+00:00,0.9395
2026-07-09 20:13:06+00:00,0.9385
2026-07-09 20:14:05+00:00,0.9385
2026-07-09 20:15:04+00:00,0.9385
2026-07-09 20:16:04+00:00,0.9385
2026-07-09 20:17:04+00:00,0.9385
2026-07-09 20:18:20+00:00,0.9385
2026-07-09 20:19:04+00:00,0.9385
2026-07-09 20:20:05+00:00,0.9385
2026-07-09 20:21:04+00:00,0.9385
2026-07-09 20:22:05+00:00,0.9385
2026-07-09 20:23:05+00:00,0.9385
2026-07-09 20:24:05+00:00,0.9385
2026-07-09 20:25:05+00:00,0.9385
2026-07-09 20:26:05+00:00,0.9375
2026-07-09 20:27:04+00:00,0.9375
2026-07-09 20:28:05+00:00,0.9375
2026-07-09 20:29:04+00:00,0.9375
2026-07-09 20:30:11+00:00,0.9375
2026-07-09 20:31:04+00:00,0.9375
2026-07-09 20:32:05+00:00,0.9375
2026-07-09 20:33:05+00:00,0.9375
2026-07-09 20:34:05+00:00,0.9375
2026-07-09 20:35:04+00:00,0.9375
2026-07-09 20:36:04+00:00,0.9375
2026-07-09 20:37:05+00:00,0.9375
2026-07-09 20:38:07+00:00,0.9365
2026-07-09 20:39:05+00:00,0.9375
2026-07-09 20:40:04+00:00,0.9375
2026-07-09 20:41:04+00:00,0.9375
2026-07-09 20:42:04+00:00,0.9375
2026-07-09 20:43:05+00:00,0.9365
2026-07-09 20:44:05+00:00,0.9365
2026-07-09 20:45:05+00:00,0.9365
2026-07-09 20:46:05+00:00,0.9365
2026-07-09 20:47:05+00:00,0.9365
2026-07-09 20:48:05+00:00,0.9365
2026-07-09 20:49:05+00:00,0.9365
2026-07-09 20:50:05+00:00,0.9365
2026-07-09 20:51:04+00:00,0.9365
2026-07-09 20:52:07+00:00,0.9365
2026-07-09 20:53:05+00:00,0.9365
2026-07-09 20:54:05+00:00,0.9365
2026-07-09 20:55:05+00:00,0.9365
2026-07-09 20:56:05+00:00,0.9365
2026-07-09 20:57:05+00:00,0.9365
2026-07-09 20:58:05+00:00,0.9365
2026-07-09 20:59:05+00:00,0.9365
2026-07-09 21:00:10+00:00,0.9275
2026-07-09 21:01:05+00:00,0.9295
2026-07-09 21:02:05+00:00,0.93
2026-07-09 21:03:06+00:00,0.93
2026-07-09 21:04:07+00:00,0.93
2026-07-09 21:05:05+00:00,0.9275
2026-07-09 21:06:04+00:00,0.9275
2026-07-09 21:07:05+00:00,0.9285
2026-07-09 21:08:05+00:00,0.933
2026-07-09 21:09:05+00:00,0.9345
2026-07-09 21:10:05+00:00,0.934
2026-07-09 21:11:05+00:00,0.9325
2026-07-09 21:12:04+00:00,0.9335
2026-07-09 21:13:05+00:00,0.9335
2026-07-09 21:14:04+00:00,0.9345
2026-07-09 21:15:05+00:00,0.9345
2026-07-09 21:16:05+00:00,0.9345
2026-07-09 21:17:04+00:00,0.9345
2026-07-09 21:18:05+00:00,0.9345
2026-07-09 21:19:05+00:00,0.9365
2026-07-09 21:20:06+00:00,0.9365
2026-07-09 21:21:04+00:00,0.9365
2026-07-09 21:22:05+00:00,0.9365
2026-07-09 21:23:06+00:00,0.9365
2026-07-09 21:24:05+00:00,0.9375
2026-07-09 21:25:05+00:00,0.9385
2026-07-09 21:26:05+00:00,0.9385
2026-07-09 21:27:04+00:00,0.9385
2026-07-09 21:28:05+00:00,0.9385
2026-07-09 21:29:05+00:00,0.9385
2026-07-09 21:30:08+00:00,0.939
2026-07-09 21:31:04+00:00,0.9385
2026-07-09 21:32:04+00:00,0.9405
2026-07-09 21:33:05+00:00,0.9405
2026-07-09 21:34:04+00:00,0.9405
2026-07-09 21:35:04+00:00,0.9405
2026-07-09 21:36:04+00:00,0.9405
2026-07-09 21:37:05+00:00,0.9405
2026-07-09 21:38:05+00:00,0.9405
2026-07-09 21:39:05+00:00,0.9405
2026-07-09 21:40:04+00:00,0.9405
2026-07-09 21:41:04+00:00,0.9405
2026-07-09 21:42:04+00:00,0.9405
2026-07-09 21:43:05+00:00,0.9405
2026-07-09 21:44:05+00:00,0.9405
2026-07-09 21:45:04+00:00,0.9405
2026-07-09 21:46:06+00:00,0.9405
2026-07-09 21:47:04+00:00,0.9405
2026-07-09 21:48:05+00:00,0.9405
2026-07-09 21:49:05+00:00,0.9415
2026-07-09 21:50:05+00:00,0.9415
2026-07-09 21:51:04+00:00,0.9415
2026-07-09 21:52:06+00:00,0.9415
2026-07-09 21:53:05+00:00,0.9415
2026-07-09 21:54:05+00:00,0.9415
2026-07-09 21:55:07+00:00,0.9415
2026-07-09 21:56:06+00:00,0.9415
2026-07-09 21:57:05+00:00,0.9415
2026-07-09 21:58:05+00:00,0.9415
2026-07-09 21:59:06+00:00,0.9415
2026-07-09 22:00:09+00:00,0.9415
2026-07-09 22:01:05+00:00,0.9415
2026-07-09 22:02:05+00:00,0.9415
2026-07-09 22:03:08+00:00,0.9415
2026-07-09 22:04:05+00:00,0.9415
2026-07-09 22:05:05+00:00,0.9415
2026-07-09 22:06:05+00:00,0.9415
2026-07-09 22:07:05+00:00,0.9415
2026-07-09 22:08:05+00:00,0.9415
2026-07-09 22:09:05+00:00,0.9415
2026-07-09 22:10:20+00:00,0.9415
2026-07-09 22:11:05+00:00,0.9415
2026-07-09 22:12:07+00:00,0.9415
2026-07-09 22:13:05+00:00,0.9415
2026-07-09 22:14:05+00:00,0.9415
2026-07-09 22:15:05+00:00,0.9415
2026-07-09 22:16:08+00:00,0.9415
2026-07-09 22:17:06+00:00,0.9415
2026-07-09 22:18:05+00:00,0.9425
2026-07-09 22:19:20+00:00,0.9425
2026-07-09 22:20:04+00:00,0.9425
2026-07-09 22:21:06+00:00,0.9415
2026-07-09 22:22:05+00:00,0.9415
2026-07-09 22:23:05+00:00,0.9415
2026-07-09 22:24:05+00:00,0.9415
2026-07-09 22:25:04+00:00,0.9415
2026-07-09 22:26:05+00:00,0.9415
2026-07-09 22:27:06+00:00,0.9415
2026-07-09 22:28:04+00:00,0.9415
2026-07-09 22:29:05+00:00,0.9415
2026-07-09 22:30:07+00:00,0.9415
2026-07-09 22:31:04+00:00,0.9415
2026-07-09 22:32:04+00:00,0.9415
2026-07-09 22:33:04+00:00,0.9415
2026-07-09 22:34:04+00:00,0.9415
2026-07-09 22:35:04+00:00,0.9415
2026-07-09 22:36:06+00:00,0.9415
2026-07-09 22:37:04+00:00,0.9415
2026-07-09 22:38:05+00:00,0.9415
2026-07-09 22:39:05+00:00,0.9415
2026-07-09 22:40:05+00:00,0.9415
2026-07-09 22:41:04+00:00,0.9415
2026-07-09 22:42:04+00:00,0.9415
2026-07-09 22:43:05+00:00,0.9415
2026-07-09 22:44:05+00:00,0.9415
2026-07-09 22:45:05+00:00,0.9415
2026-07-09 22:46:04+00:00,0.9415
2026-07-09 22:47:05+00:00,0.9415
2026-07-09 22:48:05+00:00,0.9415
2026-07-09 22:49:05+00:00,0.9415
2026-07-09 22:50:04+00:00,0.9415
2026-07-09 22:51:04+00:00,0.9415
2026-07-09 22:52:04+00:00,0.9415
2026-07-09 22:53:04+00:00,0.9415
2026-07-09 22:54:05+00:00,0.9415
2026-07-09 22:55:04+00:00,0.9415
2026-07-09 22:56:18+00:00,0.9415
2026-07-09 22:57:05+00:00,0.9415
2026-07-09 22:58:05+00:00,0.9415
2026-07-09 22:59:05+00:00,0.9415
2026-07-09 23:00:07+00:00,0.9415
2026-07-09 23:01:08+00:00,0.9415
2026-07-09 23:02:06+00:00,0.9415
2026-07-09 23:03:06+00:00,0.9415
2026-07-09 23:04:06+00:00,0.9415
2026-07-09 23:05:21+00:00,0.9415
2026-07-09 23:06:17+00:00,0.9415
2026-07-09 23:07:06+00:00,0.9415
2026-07-09 23:08:06+00:00,0.9415
2026-07-09 23:09:16+00:00,0.9415
2026-07-09 23:10:06+00:00,0.9415
2026-07-09 23:11:06+00:00,0.9415
2026-07-09 23:12:05+00:00,0.9415
2026-07-09 23:13:07+00:00,0.9415
2026-07-09 23:14:05+00:00,0.9415
2026-07-09 23:15:05+00:00,0.9415
2026-07-09 23:16:05+00:00,0.9415
2026-07-09 23:17:05+00:00,0.9415
2026-07-09 23:18:06+00:00,0.9415
2026-07-09 23:19:05+00:00,0.9415
2026-07-09 23:20:05+00:00,0.9415
2026-07-09 23:21:05+00:00,0.9415
2026-07-09 23:22:05+00:00,0.9415
2026-07-09 23:23:05+00:00,0.9415
2026-07-09 23:24:05+00:00,0.9415
2026-07-09 23:25:08+00:00,0.9415
2026-07-09 23:26:09+00:00,0.9415
2026-07-09 23:27:07+00:00,0.9415
2026-07-09 23:28:07+00:00,0.9415
2026-07-09 23:29:08+00:00,0.9415
2026-07-09 23:30:09+00:00,0.9415
2026-07-09 23:31:05+00:00,0.9415
2026-07-09 23:32:05+00:00,0.9415
2026-07-09 23:33:05+00:00,0.9415
2026-07-09 23:34:19+00:00,0.9415
2026-07-09 23:35:05+00:00,0.9415
2026-07-09 23:36:04+00:00,0.9415
2026-07-09 23:37:04+00:00,0.9415
2026-07-09 23:38:05+00:00,0.9415
2026-07-09 23:39:06+00:00,0.9415
2026-07-09 23:40:07+00:00,0.9415
2026-07-09 23:41:06+00:00,0.9415
2026-07-09 23:42:04+00:00,0.9415
2026-07-09 23:43:05+00:00,0.9415
2026-07-09 23:44:05+00:00,0.9415
2026-07-09 23:45:06+00:00,0.9415
2026-07-09 23:46:05+00:00,0.9415
2026-07-09 23:47:04+00:00,0.9415
2026-07-09 23:48:05+00:00,0.9415
2026-07-09 23:49:04+00:00,0.9415
2026-07-09 23:50:04+00:00,0.9415
2026-07-09 23:51:04+00:00,0.9415
2026-07-09 23:52:07+00:00,0.9415
2026-07-09 23:53:05+00:00,0.9415
2026-07-09 23:54:04+00:00,0.9415
2026-07-09 23:55:05+00:00,0.9415
2026-07-09 23:56:18+00:00,0.9415
2026-07-09 23:57:04+00:00,0.9415
2026-07-09 23:58:05+00:00,0.9415
2026-07-09 23:59:05+00:00,0.9415
2026-07-10 00:00:09+00:00,0.9415
2026-07-10 00:01:05+00:00,0.9415
2026-07-10 00:02:05+00:00,0.9415
2026-07-10 00:03:16+00:00,0.9415
2026-07-10 00:04:04+00:00,0.9415
2026-07-10 00:05:04+00:00,0.9415
2026-07-10 00:06:05+00:00,0.9415
2026-07-10 00:07:06+00:00,0.9415
2026-07-10 00:08:05+00:00,0.9415
2026-07-10 00:09:05+00:00,0.9415
2026-07-10 00:10:08+00:00,0.9415
2026-07-10 00:11:04+00:00,0.9415
2026-07-10 00:12:04+00:00,0.9415
2026-07-10 00:13:05+00:00,0.9415
2026-07-10 00:14:04+00:00,0.9415
2026-07-10 00:15:05+00:00,0.9415
2026-07-10 00:16:05+00:00,0.9415
2026-07-10 00:17:04+00:00,0.9415
2026-07-10 00:18:06+00:00,0.9415
2026-07-10 00:19:05+00:00,0.9415
2026-07-10 00:20:04+00:00,0.9415
2026-07-10 00:21:04+00:00,0.9415
2026-07-10 00:22:20+00:00,0.9415
2026-07-10 00:23:06+00:00,0.9415
2026-07-10 00:24:04+00:00,0.9415
2026-07-10 00:25:05+00:00,0.9415
2026-07-10 00:26:04+00:00,0.9415
2026-07-10 00:27:04+00:00,0.9415
2026-07-10 00:28:05+00:00,0.9415
2026-07-10 00:29:04+00:00,0.9415
2026-07-10 00:30:06+00:00,0.9415
2026-07-10 00:31:04+00:00,0.9415
2026-07-10 00:32:04+00:00,0.9415
2026-07-10 00:33:05+00:00,0.9415
2026-07-10 00:34:05+00:00,0.9415
2026-07-10 00:35:05+00:00,0.9415
2026-07-10 00:36:04+00:00,0.9415
2026-07-10 00:37:05+00:00,0.9415
2026-07-10 00:38:05+00:00,0.9415
2026-07-10 00:39:05+00:00,0.9415
2026-07-10 00:40:05+00:00,0.9415
2026-07-10 00:41:08+00:00,0.9415
2026-07-10 00:42:06+00:00,0.9415
2026-07-10 00:43:06+00:00,0.9415
2026-07-10 00:44:06+00:00,0.9415
2026-07-10 00:45:05+00:00,0.9415
2026-07-10 00:46:07+00:00,0.9415
2026-07-10 00:47:20+00:00,0.9415
2026-07-10 00:48:07+00:00,0.9415
2026-07-10 00:49:06+00:00,0.9415
2026-07-10 00:50:05+00:00,0.9415
2026-07-10 00:51:07+00:00,0.9415
2026-07-10 00:52:05+00:00,0.9415
2026-07-10 00:53:05+00:00,0.9415
2026-07-10 00:54:16+00:00,0.9415
2026-07-10 00:55:04+00:00,0.9415
2026-07-10 00:56:15+00:00,0.9415
2026-07-10 00:57:04+00:00,0.9415
2026-07-10 00:58:05+00:00,0.9415
2026-07-10 00:59:18+00:00,0.9415
2026-07-10 01:00:04+00:00,0.9415
2026-07-10 01:01:05+00:00,0.9415
2026-07-10 01:02:05+00:00,0.9415
2026-07-10 01:03:05+00:00,0.9415
2026-07-10 01:04:05+00:00,0.9415
2026-07-10 01:05:18+00:00,0.9415
2026-07-10 01:06:05+00:00,0.9415
2026-07-10 01:07:05+00:00,0.9415
2026-07-10 01:08:05+00:00,0.9415
2026-07-10 01:09:04+00:00,0.9415
2026-07-10 01:10:05+00:00,0.9415
2026-07-10 01:11:05+00:00,0.9415
2026-07-10 01:12:05+00:00,0.9415
2026-07-10 01:13:05+00:00,0.9415
2026-07-10 01:14:04+00:00,0.9415
2026-07-10 01:15:05+00:00,0.9415
2026-07-10 01:16:19+00:00,0.9415
2026-07-10 01:17:06+00:00,0.9415
2026-07-10 01:18:05+00:00,0.9415
2026-07-10 01:19:04+00:00,0.9415
2026-07-10 01:20:05+00:00,0.9415
2026-07-10 01:21:05+00:00,0.9415
2026-07-10 01:22:04+00:00,0.9415
2026-07-10 01:23:05+00:00,0.9415
2026-07-10 01:24:04+00:00,0.9415
2026-07-10 01:25:05+00:00,0.9415
2026-07-10 01:26:04+00:00,0.9415
2026-07-10 01:27:05+00:00,0.9415
2026-07-10 01:28:05+00:00,0.9415
2026-07-10 01:29:04+00:00,0.9415
2026-07-10 01:30:06+00:00,0.9415
2026-07-10 01:31:06+00:00,0.9415
2026-07-10 01:32:05+00:00,0.9415
2026-07-10 01:33:07+00:00,0.9415
2026-07-10 01:34:05+00:00,0.9415
2026-07-10 01:35:05+00:00,0.9415
2026-07-10 01:36:05+00:00,0.9415
2026-07-10 01:37:04+00:00,0.9415
2026-07-10 01:38:05+00:00,0.9415
2026-07-10 01:39:05+00:00,0.9415
2026-07-10 01:40:05+00:00,0.9415
2026-07-10 01:41:04+00:00,0.9415
2026-07-10 01:42:05+00:00,0.9415
2026-07-10 01:43:06+00:00,0.9415
2026-07-10 01:44:04+00:00,0.9415
2026-07-10 01:45:08+00:00,0.9415
2026-07-10 01:46:05+00:00,0.9415
2026-07-10 01:47:05+00:00,0.9415
2026-07-10 01:48:05+00:00,0.9415
2026-07-10 01:49:05+00:00,0.9415
2026-07-10 01:50:05+00:00,0.9415
2026-07-10 01:51:07+00:00,0.9415
2026-07-10 01:52:05+00:00,0.9415
2026-07-10 01:53:05+00:00,0.9415
2026-07-10 01:54:04+00:00,0.9415
2026-07-10 01:55:06+00:00,0.9415
2026-07-10 01:56:05+00:00,0.9415
2026-07-10 01:57:05+00:00,0.9415
2026-07-10 01:58:06+00:00,0.9415
2026-07-10 01:59:05+00:00,0.9415
2026-07-10 02:00:05+00:00,0.9415
2026-07-10 02:01:08+00:00,0.9415
2026-07-10 02:02:07+00:00,0.9415
2026-07-10 02:03:06+00:00,0.9415
2026-07-10 02:04:04+00:00,0.9415
2026-07-10 02:05:05+00:00,0.9415
2026-07-10 02:06:05+00:00,0.9415
2026-07-10 02:07:07+00:00,0.9415
2026-07-10 02:08:05+00:00,0.9415
2026-07-10 02:09:06+00:00,0.9415
2026-07-10 02:10:06+00:00,0.9415
2026-07-10 02:11:05+00:00,0.9415
2026-07-10 02:12:20+00:00,0.9415
2026-07-10 02:13:05+00:00,0.9415
2026-07-10 02:14:06+00:00,0.9415
2026-07-10 02:15:04+00:00,0.9415
2026-07-10 02:16:05+00:00,0.9415
2026-07-10 02:17:05+00:00,0.9415
2026-07-10 02:18:05+00:00,0.9415
2026-07-10 02:19:06+00:00,0.9415
2026-07-10 02:20:05+00:00,0.9415
2026-07-10 02:21:05+00:00,0.9415
2026-07-10 02:22:04+00:00,0.9415
2026-07-10 02:23:04+00:00,0.9415
2026-07-10 02:24:06+00:00,0.9415
2026-07-10 02:25:05+00:00,0.9415
2026-07-10 02:26:05+00:00,0.9415
2026-07-10 02:27:04+00:00,0.9415
2026-07-10 02:28:05+00:00,0.9415
2026-07-10 02:29:05+00:00,0.9415
2026-07-10 02:30:06+00:00,0.9415
2026-07-10 02:31:05+00:00,0.9415
2026-07-10 02:32:05+00:00,0.9415
2026-07-10 02:33:05+00:00,0.9415
2026-07-10 02:34:04+00:00,0.9415
2026-07-10 02:35:04+00:00,0.9415
2026-07-10 02:36:03+00:00,0.9415
2026-07-10 02:37:04+00:00,0.9415
2026-07-10 02:38:05+00:00,0.9415
2026-07-10 02:39:05+00:00,0.9415
2026-07-10 02:40:05+00:00,0.9415
2026-07-10 02:41:05+00:00,0.9415
2026-07-10 02:42:04+00:00,0.9415
2026-07-10 02:43:05+00:00,0.9415
2026-07-10 02:44:07+00:00,0.9415
2026-07-10 02:45:04+00:00,0.9415
2026-07-10 02:46:04+00:00,0.9415
2026-07-10 02:47:05+00:00,0.9415
2026-07-10 02:48:05+00:00,0.9415
2026-07-10 02:49:05+00:00,0.9415
2026-07-10 02:50:06+00:00,0.9415
2026-07-10 02:51:16+00:00,0.9415
2026-07-10 02:52:03+00:00,0.9415
2026-07-10 02:53:05+00:00,0.9415
2026-07-10 02:54:04+00:00,0.9415
2026-07-10 02:55:04+00:00,0.9415
2026-07-10 02:56:04+00:00,0.9415
2026-07-10 02:57:20+00:00,0.9415
2026-07-10 02:58:16+00:00,0.9415
2026-07-10 02:59:04+00:00,0.9415
2026-07-10 03:00:07+00:00,0.9415
2026-07-10 03:01:05+00:00,0.9415
2026-07-10 03:02:04+00:00,0.9415
2026-07-10 03:03:05+00:00,0.9415
2026-07-10 03:04:04+00:00,0.9415
2026-07-10 03:05:04+00:00,0.9415
2026-07-10 03:06:04+00:00,0.9415
2026-07-10 03:07:04+00:00,0.9415
2026-07-10 03:08:07+00:00,0.9415
2026-07-10 03:09:04+00:00,0.9415
2026-07-10 03:10:05+00:00,0.9415
2026-07-10 03:11:18+00:00,0.9415
2026-07-10 03:12:05+00:00,0.9415
2026-07-10 03:13:05+00:00,0.9415
2026-07-10 03:14:04+00:00,0.9415
2026-07-10 03:15:04+00:00,0.9415
2026-07-10 03:16:04+00:00,0.9415
2026-07-10 03:17:18+00:00,0.9415
2026-07-10 03:18:05+00:00,0.9415
2026-07-10 03:19:04+00:00,0.9415
2026-07-10 03:20:04+00:00,0.9415
2026-07-10 03:21:04+00:00,0.9415
2026-07-10 03:22:06+00:00,0.9415
2026-07-10 03:23:05+00:00,0.9415
2026-07-10 03:24:04+00:00,0.9415
2026-07-10 03:25:04+00:00,0.9415
2026-07-10 03:26:03+00:00,0.9415
2026-07-10 03:27:05+00:00,0.9415
2026-07-10 03:28:05+00:00,0.9415
2026-07-10 03:29:04+00:00,0.9415
2026-07-10 03:30:10+00:00,0.9415
2026-07-10 03:31:05+00:00,0.9415
2026-07-10 03:32:06+00:00,0.9415
2026-07-10 03:33:05+00:00,0.9415
2026-07-10 03:34:06+00:00,0.9415
2026-07-10 03:35:04+00:00,0.9415
2026-07-10 03:36:05+00:00,0.9415
2026-07-10 03:37:03+00:00,0.9415
2026-07-10 03:38:05+00:00,0.9415
2026-07-10 03:39:05+00:00,0.9415
2026-07-10 03:40:04+00:00,0.9415
2026-07-10 03:41:04+00:00,0.9415
2026-07-10 03:42:05+00:00,0.9415
2026-07-10 03:43:20+00:00,0.9415
2026-07-10 03:44:05+00:00,0.9415
2026-07-10 03:45:04+00:00,0.9415
2026-07-10 03:46:05+00:00,0.9415
2026-07-10 03:47:15+00:00,0.9415
2026-07-10 03:48:04+00:00,0.9415
2026-07-10 03:49:04+00:00,0.9415
2026-07-10 03:50:05+00:00,0.9415
2026-07-10 03:51:04+00:00,0.9415
2026-07-10 03:52:04+00:00,0.9415
2026-07-10 03:53:05+00:00,0.9415
2026-07-10 03:54:04+00:00,0.9415
2026-07-10 03:55:04+00:00,0.9415
2026-07-10 03:56:05+00:00,0.9415
2026-07-10 03:57:05+00:00,0.9415
2026-07-10 03:58:04+00:00,0.9415
2026-07-10 03:59:05+00:00,0.9415
2026-07-10 04:00:13+00:00,0.9415
2026-07-10 04:01:05+00:00,0.9415
2026-07-10 04:02:05+00:00,0.9415
2026-07-10 04:03:05+00:00,0.9415
2026-07-10 04:04:05+00:00,0.9415
2026-07-10 04:05:05+00:00,0.9415
2026-07-10 04:06:05+00:00,0.9415
2026-07-10 04:11:40+00:00,0.9415
2026-07-10 04:12:04+00:00,0.9415
2026-07-10 04:13:05+00:00,0.9415
2026-07-10 04:14:04+00:00,0.9415
2026-07-10 04:15:05+00:00,0.9415
2026-07-10 04:16:05+00:00,0.9415
2026-07-10 04:17:05+00:00,0.9415
2026-07-10 04:18:05+00:00,0.9415
2026-07-10 04:19:04+00:00,0.9415
2026-07-10 04:20:06+00:00,0.9415
2026-07-10 04:21:05+00:00,0.9415
2026-07-10 04:22:04+00:00,0.9415
2026-07-10 04:23:04+00:00,0.9415
2026-07-10 04:24:04+00:00,0.9415
2026-07-10 04:25:04+00:00,0.9415
2026-07-10 04:26:06+00:00,0.9415
2026-07-10 04:27:06+00:00,0.9415
2026-07-10 04:28:04+00:00,0.9415
2026-07-10 04:29:04+00:00,0.9415
2026-07-10 04:30:06+00:00,0.9415
2026-07-10 04:31:04+00:00,0.9415
2026-07-10 04:32:03+00:00,0.9415
2026-07-10 04:33:04+00:00,0.9415
2026-07-10 04:34:03+00:00,0.9415
2026-07-10 04:35:05+00:00,0.9415
2026-07-10 04:36:05+00:00,0.9415
2026-07-10 04:37:04+00:00,0.9415
2026-07-10 04:38:05+00:00,0.9415
2026-07-10 04:39:04+00:00,0.9415
2026-07-10 04:40:05+00:00,0.9415
2026-07-10 04:41:05+00:00,0.9415
2026-07-10 04:42:04+00:00,0.9415
2026-07-10 04:43:04+00:00,0.9415
2026-07-10 04:44:05+00:00,0.9415
2026-07-10 04:45:04+00:00,0.9415
2026-07-10 04:46:04+00:00,0.9415
2026-07-10 04:47:03+00:00,0.9415
2026-07-10 04:48:04+00:00,0.9415
2026-07-10 04:49:04+00:00,0.9415
2026-07-10 04:50:03+00:00,0.9415
2026-07-10 04:51:05+00:00,0.9415
2026-07-10 04:52:04+00:00,0.9415
2026-07-10 04:53:06+00:00,0.9415
2026-07-10 04:54:04+00:00,0.9415
2026-07-10 04:55:04+00:00,0.9415
2026-07-10 04:56:03+00:00,0.9415
2026-07-10 04:57:05+00:00,0.9415
2026-07-10 04:58:04+00:00,0.9415
2026-07-10 04:59:05+00:00,0.9415
2026-07-10 05:00:06+00:00,0.9415
2026-07-10 05:01:05+00:00,0.9415
2026-07-10 05:02:04+00:00,0.9415
2026-07-10 05:03:04+00:00,0.9415
2026-07-10 05:04:04+00:00,0.9415
2026-07-10 05:05:05+00:00,0.9415
2026-07-10 05:06:04+00:00,0.9415
2026-07-10 05:07:16+00:00,0.9415
2026-07-10 05:08:04+00:00,0.9415
2026-07-10 05:09:04+00:00,0.9415
2026-07-10 05:10:04+00:00,0.9415
2026-07-10 05:11:17+00:00,0.9415
2026-07-10 05:12:04+00:00,0.9415
2026-07-10 05:13:04+00:00,0.9415
2026-07-10 05:14:04+00:00,0.9415
2026-07-10 05:15:04+00:00,0.9415
2026-07-10 05:16:04+00:00,0.9415
2026-07-10 05:17:03+00:00,0.9415
2026-07-10 05:18:05+00:00,0.9415
2026-07-10 05:19:07+00:00,0.9415
2026-07-10 05:20:04+00:00,0.9415
2026-07-10 05:21:04+00:00,0.9415
2026-07-10 05:22:03+00:00,0.9415
2026-07-10 05:23:05+00:00,0.9415
2026-07-10 05:24:04+00:00,0.9415
2026-07-10 05:25:04+00:00,0.9415
2026-07-10 05:26:05+00:00,0.9415
2026-07-10 05:27:04+00:00,0.9415
2026-07-10 05:28:04+00:00,0.9415
2026-07-10 05:29:05+00:00,0.9415
2026-07-10 05:30:07+00:00,0.9415
2026-07-10 05:31:05+00:00,0.9415
2026-07-10 05:32:04+00:00,0.9415
2026-07-10 05:33:05+00:00,0.9415
2026-07-10 05:34:04+00:00,0.9415
2026-07-10 05:35:07+00:00,0.9415
2026-07-10 05:36:04+00:00,0.9415
2026-07-10 05:37:12+00:00,0.9415
2026-07-10 05:38:07+00:00,0.9415
2026-07-10 05:39:07+00:00,0.9415
2026-07-10 05:40:05+00:00,0.9415
2026-07-10 05:41:04+00:00,0.9415
2026-07-10 05:42:04+00:00,0.9415
2026-07-10 05:43:04+00:00,0.9415
2026-07-10 05:44:05+00:00,0.9415
2026-07-10 05:45:04+00:00,0.9415
2026-07-10 05:46:05+00:00,0.9405
2026-07-10 05:47:04+00:00,0.9405
2026-07-10 05:48:05+00:00,0.9405
2026-07-10 05:49:04+00:00,0.9395
2026-07-10 05:50:05+00:00,0.9395
2026-07-10 05:51:03+00:00,0.9395
2026-07-10 05:52:05+00:00,0.9395
2026-07-10 05:53:04+00:00,0.9395
2026-07-10 05:54:05+00:00,0.9395
2026-07-10 05:55:03+00:00,0.9395
2026-07-10 05:56:05+00:00,0.9395
2026-07-10 05:57:07+00:00,0.9395
2026-07-10 05:58:04+00:00,0.9395
2026-07-10 05:59:04+00:00,0.9395
2026-07-10 06:00:10+00:00,0.9395
2026-07-10 06:01:05+00:00,0.9395
2026-07-10 06:02:04+00:00,0.9395
2026-07-10 06:03:05+00:00,0.9395
2026-07-10 06:04:04+00:00,0.9395
2026-07-10 06:05:04+00:00,0.9395
2026-07-10 06:06:04+00:00,0.9395
2026-07-10 06:07:06+00:00,0.9395
2026-07-10 06:08:04+00:00,0.9395
2026-07-10 06:09:15+00:00,0.9395
2026-07-10 06:10:04+00:00,0.9395
2026-07-10 06:11:04+00:00,0.9395
2026-07-10 06:12:03+00:00,0.9395
2026-07-10 06:13:04+00:00,0.9395
2026-07-10 06:14:03+00:00,0.9395
2026-07-10 06:15:04+00:00,0.9395
2026-07-10 06:16:03+00:00,0.9395
2026-07-10 06:17:03+00:00,0.9395
2026-07-10 06:18:04+00:00,0.9395
2026-07-10 06:19:04+00:00,0.9395
2026-07-10 06:20:04+00:00,0.9395
2026-07-10 06:21:04+00:00,0.9395
2026-07-10 06:22:04+00:00,0.9395
2026-07-10 06:23:05+00:00,0.9395
2026-07-10 06:24:04+00:00,0.9395
2026-07-10 06:25:03+00:00,0.9395
2026-07-10 06:26:04+00:00,0.9395
2026-07-10 06:27:03+00:00,0.9395
2026-07-10 06:28:04+00:00,0.9395
2026-07-10 06:29:03+00:00,0.9395
2026-07-10 06:30:05+00:00,0.9395
2026-07-10 06:31:05+00:00,0.9395
2026-07-10 06:32:04+00:00,0.9395
2026-07-10 06:33:06+00:00,0.9395
2026-07-10 06:34:04+00:00,0.9395
2026-07-10 06:35:07+00:00,0.9395
2026-07-10 06:36:04+00:00,0.9395
2026-07-10 06:37:03+00:00,0.9395
2026-07-10 06:38:04+00:00,0.9395
2026-07-10 06:39:04+00:00,0.9395
2026-07-10 06:40:04+00:00,0.9395
2026-07-10 06:41:04+00:00,0.9395
2026-07-10 06:42:04+00:00,0.9395
2026-07-10 06:43:04+00:00,0.9395
2026-07-10 06:44:04+00:00,0.9395
2026-07-10 06:45:04+00:00,0.9395
2026-07-10 06:46:04+00:00,0.9395
2026-07-10 06:47:15+00:00,0.9395
2026-07-10 06:48:05+00:00,0.9395
2026-07-10 06:49:04+00:00,0.9395
2026-07-10 06:50:07+00:00,0.9395
2026-07-10 06:51:04+00:00,0.9395
2026-07-10 06:52:05+00:00,0.9395
2026-07-10 06:53:05+00:00,0.9395
2026-07-10 06:54:05+00:00,0.9395
2026-07-10 06:55:05+00:00,0.9395
2026-07-10 06:56:15+00:00,0.9395
2026-07-10 06:57:05+00:00,0.9395
2026-07-10 06:58:05+00:00,0.9395
2026-07-10 06:59:05+00:00,0.9395
2026-07-10 07:00:24+00:00,0.9395
2026-07-10 07:01:04+00:00,0.9395
2026-07-10 07:02:04+00:00,0.9395
2026-07-10 07:03:05+00:00,0.9395
2026-07-10 07:04:05+00:00,0.9395
2026-07-10 07:05:05+00:00,0.9395
2026-07-10 07:06:05+00:00,0.9395
2026-07-10 07:07:04+00:00,0.9395
2026-07-10 07:08:04+00:00,0.9395
2026-07-10 07:09:05+00:00,0.9395
2026-07-10 07:10:05+00:00,0.9395
2026-07-10 07:11:04+00:00,0.9395
2026-07-10 07:12:04+00:00,0.9395
2026-07-10 07:13:05+00:00,0.9395
2026-07-10 07:14:05+00:00,0.9395
2026-07-10 07:15:05+00:00,0.9395
2026-07-10 07:16:06+00:00,0.9395
2026-07-10 07:17:04+00:00,0.9395
2026-07-10 07:18:04+00:00,0.9395
2026-07-10 07:19:03+00:00,0.9395
2026-07-10 07:20:05+00:00,0.9395
2026-07-10 07:21:04+00:00,0.9395
2026-07-10 07:22:04+00:00,0.9395
2026-07-10 07:23:04+00:00,0.9395
2026-07-10 07:24:04+00:00,0.9395
2026-07-10 07:25:03+00:00,0.9395
2026-07-10 07:26:04+00:00,0.9395
2026-07-10 07:27:04+00:00,0.9395
2026-07-10 07:28:04+00:00,0.9395
2026-07-10 07:29:04+00:00,0.9395
2026-07-10 07:30:05+00:00,0.9395
2026-07-10 07:31:05+00:00,0.9395
2026-07-10 07:32:03+00:00,0.9395
2026-07-10 07:33:04+00:00,0.9395
2026-07-10 07:34:04+00:00,0.9395
2026-07-10 07:35:04+00:00,0.9395
2026-07-10 07:36:04+00:00,0.9395
2026-07-10 07:37:03+00:00,0.9395
2026-07-10 07:38:04+00:00,0.9395
2026-07-10 07:39:05+00:00,0.9395
2026-07-10 07:40:04+00:00,0.9395
2026-07-10 07:41:04+00:00,0.9395
2026-07-10 07:42:06+00:00,0.9395
2026-07-10 07:43:15+00:00,0.9395
2026-07-10 07:44:06+00:00,0.9395
2026-07-10 07:45:18+00:00,0.9395
2026-07-10 07:46:04+00:00,0.9395
2026-07-10 07:47:05+00:00,0.9395
2026-07-10 07:48:04+00:00,0.9395
2026-07-10 07:49:04+00:00,0.9395
2026-07-10 07:50:04+00:00,0.9395
2026-07-10 07:51:04+00:00,0.9395
2026-07-10 07:52:04+00:00,0.9395
2026-07-10 07:53:04+00:00,0.9395
2026-07-10 07:54:04+00:00,0.9395
2026-07-10 07:55:04+00:00,0.9395
2026-07-10 07:56:11+00:00,0.9395
2026-07-10 07:57:04+00:00,0.9395
2026-07-10 07:58:18+00:00,0.9395
2026-07-10 07:59:04+00:00,0.9395
2026-07-10 08:00:04+00:00,0.9395
2026-07-10 08:01:04+00:00,0.9395
2026-07-10 08:02:04+00:00,0.9395
2026-07-10 08:03:04+00:00,0.9395
2026-07-10 08:04:04+00:00,0.9395
2026-07-10 08:05:04+00:00,0.9395
2026-07-10 08:06:15+00:00,0.9395
2026-07-10 08:07:03+00:00,0.9395
2026-07-10 08:08:06+00:00,0.9395
2026-07-10 08:09:04+00:00,0.9395
2026-07-10 08:10:04+00:00,0.9395
2026-07-10 08:11:03+00:00,0.9395
2026-07-10 08:12:04+00:00,0.9395
2026-07-10 08:13:04+00:00,0.9395
2026-07-10 08:14:04+00:00,0.9395
2026-07-10 08:15:04+00:00,0.9395
2026-07-10 08:16:19+00:00,0.9395
2026-07-10 08:17:03+00:00,0.9395
2026-07-10 08:18:05+00:00,0.9395
2026-07-10 08:19:04+00:00,0.9395
2026-07-10 08:20:05+00:00,0.9395
2026-07-10 08:21:04+00:00,0.9395
2026-07-10 08:22:04+00:00,0.9395
2026-07-10 08:23:05+00:00,0.9395
2026-07-10 08:24:03+00:00,0.9395
2026-07-10 08:25:04+00:00,0.9395
2026-07-10 08:26:04+00:00,0.9395
2026-07-10 08:27:04+00:00,0.9395
2026-07-10 08:28:04+00:00,0.9395
2026-07-10 08:29:04+00:00,0.9395
2026-07-10 08:30:05+00:00,0.9395
2026-07-10 08:31:05+00:00,0.9395
2026-07-10 08:32:03+00:00,0.9395
2026-07-10 08:33:04+00:00,0.9395
2026-07-10 08:34:05+00:00,0.9395
2026-07-10 08:35:04+00:00,0.9395
2026-07-10 08:36:03+00:00,0.9395
2026-07-10 08:37:18+00:00,0.9395
2026-07-10 08:38:04+00:00,0.9395
2026-07-10 08:39:04+00:00,0.9395
2026-07-10 08:40:04+00:00,0.9395
2026-07-10 08:41:04+00:00,0.9395
2026-07-10 08:42:03+00:00,0.9395
2026-07-10 08:43:04+00:00,0.9395
2026-07-10 08:44:04+00:00,0.9395
2026-07-10 08:45:03+00:00,0.9395
2026-07-10 08:46:04+00:00,0.9395
2026-07-10 08:47:05+00:00,0.9395
2026-07-10 08:48:05+00:00,0.9395
2026-07-10 08:49:04+00:00,0.9395
2026-07-10 08:50:04+00:00,0.9395
2026-07-10 08:51:04+00:00,0.9395
2026-07-10 08:52:04+00:00,0.9395
2026-07-10 08:53:04+00:00,0.9395
2026-07-10 08:54:04+00:00,0.9395
2026-07-10 08:55:04+00:00,0.9395
2026-07-10 08:56:05+00:00,0.9395
2026-07-10 08:57:05+00:00,0.9395
2026-07-10 08:58:04+00:00,0.9395
2026-07-10 08:59:05+00:00,0.9395
2026-07-10 09:00:19+00:00,0.9395
2026-07-10 09:01:05+00:00,0.9395
2026-07-10 09:02:05+00:00,0.9395
2026-07-10 09:03:05+00:00,0.9395
2026-07-10 09:04:03+00:00,0.9395
2026-07-10 09:05:05+00:00,0.9395
2026-07-10 09:06:05+00:00,0.9395
2026-07-10 09:07:04+00:00,0.9395
2026-07-10 09:08:05+00:00,0.9395
2026-07-10 09:09:04+00:00,0.9395
2026-07-10 09:10:05+00:00,0.9395
2026-07-10 09:11:05+00:00,0.9395
2026-07-10 09:12:04+00:00,0.9395
2026-07-10 09:13:06+00:00,0.9395
2026-07-10 09:14:03+00:00,0.9395
2026-07-10 09:15:04+00:00,0.9395
2026-07-10 09:16:04+00:00,0.9395
2026-07-10 09:17:05+00:00,0.9395
2026-07-10 09:18:05+00:00,0.9395
2026-07-10 09:19:07+00:00,0.9395
2026-07-10 09:20:33+00:00,0.9395
2026-07-10 09:21:04+00:00,0.9395
2026-07-10 09:22:04+00:00,0.9395
2026-07-10 09:23:04+00:00,0.9395
2026-07-10 09:24:04+00:00,0.9395
2026-07-10 09:25:03+00:00,0.9395
2026-07-10 09:26:03+00:00,0.9395
2026-07-10 09:27:04+00:00,0.9395
2026-07-10 09:28:05+00:00,0.9395
2026-07-10 09:29:04+00:00,0.9395
2026-07-10 09:30:05+00:00,0.9395
2026-07-10 09:31:05+00:00,0.9395
2026-07-10 09:32:04+00:00,0.9395
2026-07-10 09:33:05+00:00,0.9395
2026-07-10 09:34:14+00:00,0.9395
2026-07-10 09:35:04+00:00,0.9395
2026-07-10 09:36:04+00:00,0.9395
2026-07-10 09:37:04+00:00,0.9395
2026-07-10 09:38:04+00:00,0.9395
2026-07-10 09:39:04+00:00,0.9395
2026-07-10 09:40:04+00:00,0.9395
2026-07-10 09:41:04+00:00,0.9395
2026-07-10 09:42:04+00:00,0.9395
2026-07-10 09:43:05+00:00,0.9395
2026-07-10 09:44:04+00:00,0.9395
2026-07-10 09:45:07+00:00,0.9395
2026-07-10 09:46:07+00:00,0.9395
2026-07-10 09:47:03+00:00,0.9395
2026-07-10 09:48:05+00:00,0.9395
2026-07-10 09:49:05+00:00,0.9395
2026-07-10 09:50:05+00:00,0.9395
2026-07-10 09:51:05+00:00,0.9395
2026-07-10 09:52:04+00:00,0.9395
2026-07-10 09:53:04+00:00,0.9395
2026-07-10 09:54:04+00:00,0.9395
2026-07-10 09:55:04+00:00,0.9395
2026-07-10 09:56:05+00:00,0.9395
2026-07-10 09:57:04+00:00,0.9395
2026-07-10 09:58:05+00:00,0.9395
2026-07-10 09:59:05+00:00,0.9395
2026-07-10 10:00:18+00:00,0.9395
2026-07-10 10:01:05+00:00,0.9395
2026-07-10 10:02:05+00:00,0.9395
2026-07-10 10:03:05+00:00,0.9395
2026-07-10 10:04:04+00:00,0.9395
2026-07-10 10:05:04+00:00,0.9395
2026-07-10 10:06:04+00:00,0.9395
2026-07-10 10:07:04+00:00,0.9395
2026-07-10 10:08:05+00:00,0.9395
2026-07-10 10:09:04+00:00,0.9395
2026-07-10 10:10:05+00:00,0.9395
2026-07-10 10:11:07+00:00,0.9395
2026-07-10 10:12:03+00:00,0.9395
2026-07-10 10:13:05+00:00,0.9395
2026-07-10 10:14:16+00:00,0.9395
2026-07-10 10:15:04+00:00,0.9395
2026-07-10 10:16:04+00:00,0.9395
2026-07-10 10:17:04+00:00,0.9395
2026-07-10 10:18:05+00:00,0.9395
2026-07-10 10:19:04+00:00,0.9395
2026-07-10 10:20:07+00:00,0.9395
2026-07-10 10:21:06+00:00,0.9395
2026-07-10 10:22:04+00:00,0.9395
2026-07-10 10:23:04+00:00,0.9395
2026-07-10 10:24:04+00:00,0.9395
2026-07-10 10:25:04+00:00,0.9395
2026-07-10 10:26:03+00:00,0.9395
2026-07-10 10:27:03+00:00,0.9395
2026-07-10 10:28:03+00:00,0.9395
2026-07-10 10:29:04+00:00,0.9405
2026-07-10 10:30:07+00:00,0.9405
2026-07-10 10:31:04+00:00,0.9405
2026-07-10 10:32:18+00:00,0.9405
2026-07-10 10:33:05+00:00,0.9405
2026-07-10 10:34:04+00:00,0.9405
2026-07-10 10:35:03+00:00,0.9405
2026-07-10 10:36:03+00:00,0.9405
2026-07-10 10:37:20+00:00,0.9405
2026-07-10 10:38:16+00:00,0.9405
2026-07-10 10:39:04+00:00,0.9405
2026-07-10 10:40:05+00:00,0.9405
2026-07-10 10:41:04+00:00,0.9405
2026-07-10 10:42:05+00:00,0.9405
2026-07-10 10:43:05+00:00,0.9405
2026-07-10 10:44:06+00:00,0.9405
2026-07-10 10:45:04+00:00,0.9405
2026-07-10 10:46:04+00:00,0.9405
2026-07-10 10:47:03+00:00,0.9405
2026-07-10 10:48:05+00:00,0.9405
2026-07-10 10:49:04+00:00,0.9405
2026-07-10 10:50:05+00:00,0.9405
2026-07-10 10:51:05+00:00,0.9405
2026-07-10 10:52:04+00:00,0.9405
2026-07-10 10:53:04+00:00,0.9405
2026-07-10 10:54:04+00:00,0.9405
2026-07-10 10:55:40+00:00,0.9405
2026-07-10 10:56:05+00:00,0.9405
2026-07-10 10:57:04+00:00,0.9405
2026-07-10 10:58:04+00:00,0.9405
2026-07-10 10:59:05+00:00,0.9405
2026-07-10 11:00:06+00:00,0.9405
2026-07-10 11:01:05+00:00,0.9405
2026-07-10 11:02:05+00:00,0.9405
2026-07-10 11:03:05+00:00,0.9405
2026-07-10 11:04:04+00:00,0.9405
2026-07-10 11:05:17+00:00,0.9405
2026-07-10 11:06:05+00:00,0.9405
2026-07-10 11:07:04+00:00,0.9405
2026-07-10 11:08:05+00:00,0.9405
2026-07-10 11:09:05+00:00,0.9405
2026-07-10 11:10:07+00:00,0.9405
2026-07-10 11:11:05+00:00,0.9405
2026-07-10 11:12:04+00:00,0.9405
2026-07-10 11:13:04+00:00,0.9405
2026-07-10 11:14:03+00:00,0.9405
2026-07-10 11:15:05+00:00,0.9405
2026-07-10 11:16:04+00:00,0.9405
2026-07-10 11:17:05+00:00,0.9405
2026-07-10 11:18:05+00:00,0.9405
2026-07-10 11:19:04+00:00,0.9405
2026-07-10 11:20:04+00:00,0.9405
2026-07-10 11:21:04+00:00,0.9405
2026-07-10 11:22:05+00:00,0.9405
2026-07-10 11:23:06+00:00,0.9405
2026-07-10 11:24:04+00:00,0.9405
2026-07-10 11:25:04+00:00,0.9405
2026-07-10 11:26:04+00:00,0.9405
2026-07-10 11:27:05+00:00,0.9405
2026-07-10 11:28:05+00:00,0.9405
2026-07-10 11:29:04+00:00,0.9405
2026-07-10 11:30:09+00:00,0.9405
2026-07-10 11:31:05+00:00,0.9405
2026-07-10 11:32:05+00:00,0.9405
2026-07-10 11:33:05+00:00,0.9405
2026-07-10 11:34:04+00:00,0.9405
2026-07-10 11:35:04+00:00,0.9405
2026-07-10 11:36:04+00:00,0.9405
2026-07-10 11:37:04+00:00,0.9405
2026-07-10 11:38:04+00:00,0.9405
2026-07-10 11:39:04+00:00,0.9405
2026-07-10 11:40:04+00:00,0.9405
2026-07-10 11:41:04+00:00,0.9405
2026-07-10 11:42:03+00:00,0.9405
2026-07-10 11:43:05+00:00,0.9405
2026-07-10 11:44:04+00:00,0.9405
2026-07-10 11:45:04+00:00,0.9405
2026-07-10 11:46:03+00:00,0.9405
2026-07-10 11:47:04+00:00,0.9425
2026-07-10 11:48:04+00:00,0.9425
2026-07-10 11:49:04+00:00,0.9425
2026-07-10 11:50:04+00:00,0.9425
2026-07-10 11:51:05+00:00,0.9425
2026-07-10 11:52:04+00:00,0.9425
2026-07-10 11:53:06+00:00,0.9425
2026-07-10 11:54:05+00:00,0.9425
2026-07-10 11:55:04+00:00,0.9425
2026-07-10 11:56:07+00:00,0.9425
2026-07-10 11:57:05+00:00,0.9425
2026-07-10 11:58:05+00:00,0.9425
2026-07-10 11:59:05+00:00,0.9425
2026-07-10 12:00:08+00:00,0.9425
2026-07-10 12:01:05+00:00,0.9415
2026-07-10 12:02:05+00:00,0.9415
2026-07-10 12:03:05+00:00,0.9415
2026-07-10 12:04:04+00:00,0.9415
2026-07-10 12:05:05+00:00,0.9415
2026-07-10 12:06:04+00:00,0.9415
2026-07-10 12:07:04+00:00,0.9415
2026-07-10 12:08:05+00:00,0.9415
2026-07-10 12:09:04+00:00,0.9415
2026-07-10 12:10:05+00:00,0.9415
2026-07-10 12:11:04+00:00,0.9415
2026-07-10 12:12:06+00:00,0.9415
2026-07-10 12:13:04+00:00,0.9415
2026-07-10 12:14:16+00:00,0.9415
2026-07-10 12:15:04+00:00,0.9415
2026-07-10 12:16:05+00:00,0.9415
2026-07-10 12:17:05+00:00,0.9415
2026-07-10 12:18:05+00:00,0.9415
2026-07-10 12:19:07+00:00,0.9415
2026-07-10 12:20:05+00:00,0.9415
2026-07-10 12:21:05+00:00,0.9415
2026-07-10 12:22:04+00:00,0.9415
2026-07-10 12:23:05+00:00,0.9415
2026-07-10 12:24:03+00:00,0.9415
2026-07-10 12:25:05+00:00,0.9415
2026-07-10 12:26:05+00:00,0.9415
2026-07-10 12:27:04+00:00,0.9415
2026-07-10 12:28:04+00:00,0.9415
2026-07-10 12:29:05+00:00,0.9415
2026-07-10 12:30:05+00:00,0.9415
2026-07-10 12:31:04+00:00,0.9415
2026-07-10 12:32:07+00:00,0.9415
2026-07-10 12:33:04+00:00,0.9415
2026-07-10 12:34:05+00:00,0.9415
2026-07-10 12:35:04+00:00,0.9415
2026-07-10 12:36:04+00:00,0.9415
2026-07-10 12:37:05+00:00,0.9415
2026-07-10 12:38:05+00:00,0.9415
2026-07-10 12:39:05+00:00,0.9415
2026-07-10 12:40:04+00:00,0.9415
2026-07-10 12:41:15+00:00,0.9415
2026-07-10 12:42:05+00:00,0.9415
2026-07-10 12:43:04+00:00,0.9415
2026-07-10 12:44:05+00:00,0.9415
2026-07-10 12:45:17+00:00,0.9415
2026-07-10 12:46:06+00:00,0.9415
2026-07-10 12:47:19+00:00,0.9415
2026-07-10 12:48:05+00:00,0.9415
2026-07-10 12:49:05+00:00,0.9415
2026-07-10 12:50:05+00:00,0.9415
2026-07-10 12:51:03+00:00,0.9415
2026-07-10 12:52:05+00:00,0.9415
2026-07-10 12:53:18+00:00,0.9415
2026-07-10 12:54:05+00:00,0.9415
2026-07-10 12:55:04+00:00,0.9415
2026-07-10 12:56:05+00:00,0.9415
2026-07-10 12:57:05+00:00,0.9415
2026-07-10 12:58:05+00:00,0.9415
2026-07-10 12:59:17+00:00,0.9415
2026-07-10 13:00:06+00:00,0.9415
2026-07-10 13:01:05+00:00,0.9415
2026-07-10 13:02:05+00:00,0.9415
2026-07-10 13:03:05+00:00,0.9415
2026-07-10 13:04:04+00:00,0.9415
2026-07-10 13:05:04+00:00,0.9415
2026-07-10 13:06:04+00:00,0.9415
2026-07-10 13:07:04+00:00,0.9415
2026-07-10 13:08:04+00:00,0.9415
2026-07-10 13:09:04+00:00,0.9415
2026-07-10 13:10:05+00:00,0.9415
2026-07-10 13:11:06+00:00,0.9415
2026-07-10 13:12:05+00:00,0.9415
2026-07-10 13:13:05+00:00,0.9415
2026-07-10 13:14:03+00:00,0.9415
2026-07-10 13:15:05+00:00,0.9415
2026-07-10 13:16:04+00:00,0.9415
2026-07-10 13:17:04+00:00,0.9415
2026-07-10 13:18:04+00:00,0.9415
2026-07-10 13:19:04+00:00,0.9415
2026-07-10 13:20:05+00:00,0.9415
2026-07-10 13:21:04+00:00,0.9415
2026-07-10 13:22:03+00:00,0.9415
2026-07-10 13:23:05+00:00,0.9415
2026-07-10 13:24:04+00:00,0.9415
2026-07-10 13:25:04+00:00,0.9415
2026-07-10 13:26:04+00:00,0.9415
2026-07-10 13:27:03+00:00,0.9415
2026-07-10 13:28:04+00:00,0.9415
2026-07-10 13:29:04+00:00,0.9415
2026-07-10 13:30:08+00:00,0.9415
2026-07-10 13:31:05+00:00,0.9415
2026-07-10 13:32:04+00:00,0.9415
2026-07-10 13:33:04+00:00,0.9415
2026-07-10 13:34:05+00:00,0.9415
2026-07-10 13:35:04+00:00,0.9415
2026-07-10 13:36:04+00:00,0.9415
2026-07-10 13:37:18+00:00,0.9415
2026-07-10 13:38:05+00:00,0.9415
2026-07-10 13:39:04+00:00,0.9415
2026-07-10 13:40:05+00:00,0.9415
2026-07-10 13:41:04+00:00,0.9415
2026-07-10 13:42:05+00:00,0.9415
2026-07-10 13:43:06+00:00,0.9415
2026-07-10 13:44:04+00:00,0.9415
2026-07-10 13:45:05+00:00,0.9415
2026-07-10 13:46:05+00:00,0.9415
2026-07-10 13:47:05+00:00,0.9415
2026-07-10 13:48:05+00:00,0.9415
2026-07-10 13:49:05+00:00,0.9415
2026-07-10 13:50:04+00:00,0.9415
2026-07-10 13:51:05+00:00,0.9415
2026-07-10 13:52:04+00:00,0.9415
2026-07-10 13:53:04+00:00,0.9415
2026-07-10 13:54:04+00:00,0.9415
2026-07-10 13:55:05+00:00,0.9415
2026-07-10 13:56:04+00:00,0.9415
2026-07-10 13:57:06+00:00,0.9415
2026-07-10 13:58:05+00:00,0.9415
2026-07-10 13:59:07+00:00,0.9415
2026-07-10 14:00:05+00:00,0.9415
2026-07-10 14:01:05+00:00,0.9415
2026-07-10 14:02:21+00:00,0.9415
2026-07-10 14:03:07+00:00,0.9415
2026-07-10 14:04:05+00:00,0.9415
2026-07-10 14:05:04+00:00,0.9415
2026-07-10 14:06:05+00:00,0.9415
2026-07-10 14:07:05+00:00,0.9415
2026-07-10 14:08:05+00:00,0.9415
2026-07-10 14:09:17+00:00,0.9415
2026-07-10 14:10:05+00:00,0.9415
2026-07-10 14:11:04+00:00,0.9415
2026-07-10 14:12:04+00:00,0.9415
2026-07-10 14:13:04+00:00,0.9415
2026-07-10 14:14:05+00:00,0.9415
2026-07-10 14:15:05+00:00,0.9415
2026-07-10 14:16:18+00:00,0.9415
2026-07-10 14:17:04+00:00,0.9415
2026-07-10 14:18:07+00:00,0.9415
2026-07-10 14:19:05+00:00,0.9415
2026-07-10 14:20:05+00:00,0.9415
2026-07-10 14:21:04+00:00,0.9415
2026-07-10 14:22:05+00:00,0.9415
2026-07-10 14:23:07+00:00,0.9415
2026-07-10 14:24:05+00:00,0.9415
2026-07-10 14:25:04+00:00,0.9415
2026-07-10 14:26:07+00:00,0.9415
2026-07-10 14:27:04+00:00,0.9415
2026-07-10 14:28:06+00:00,0.9415
2026-07-10 14:29:04+00:00,0.9415
2026-07-10 14:30:06+00:00,0.9415
2026-07-10 14:31:05+00:00,0.9415
2026-07-10 14:32:05+00:00,0.9415
2026-07-10 14:33:06+00:00,0.9415
2026-07-10 14:34:05+00:00,0.9415
2026-07-10 14:35:05+00:00,0.9415
2026-07-10 14:36:05+00:00,0.9415
2026-07-10 14:37:05+00:00,0.9415
2026-07-10 14:38:10+00:00,0.9415
2026-07-10 14:39:05+00:00,0.9415
2026-07-10 14:40:05+00:00,0.9415
2026-07-10 14:41:05+00:00,0.9415
2026-07-10 14:42:05+00:00,0.9415
2026-07-10 14:43:05+00:00,0.9415
2026-07-10 14:44:05+00:00,0.9415
2026-07-10 14:45:05+00:00,0.9415
2026-07-10 14:46:20+00:00,0.9415
2026-07-10 14:47:05+00:00,0.9415
2026-07-10 14:48:05+00:00,0.9415
2026-07-10 14:49:04+00:00,0.9415
2026-07-10 14:50:05+00:00,0.9415
2026-07-10 14:51:05+00:00,0.9415
2026-07-10 14:52:07+00:00,0.9415
2026-07-10 14:53:05+00:00,0.9415
2026-07-10 14:54:05+00:00,0.9415
2026-07-10 14:55:05+00:00,0.9415
2026-07-10 14:56:05+00:00,0.9415
2026-07-10 14:57:05+00:00,0.9415
2026-07-10 14:58:06+00:00,0.9415
2026-07-10 14:59:05+00:00,0.9415
2026-07-10 15:00:08+00:00,0.9415
2026-07-10 15:01:05+00:00,0.9415
2026-07-10 15:02:05+00:00,0.9415
2026-07-10 15:03:21+00:00,0.9415
2026-07-10 15:04:05+00:00,0.9415
2026-07-10 15:05:04+00:00,0.9415
2026-07-10 15:06:05+00:00,0.9415
2026-07-10 15:07:06+00:00,0.9415
2026-07-10 15:08:05+00:00,0.9415
2026-07-10 15:09:06+00:00,0.9415
2026-07-10 15:10:04+00:00,0.9415
2026-07-10 15:11:05+00:00,0.9415
2026-07-10 15:12:05+00:00,0.9415
2026-07-10 15:13:06+00:00,0.9415
2026-07-10 15:14:04+00:00,0.9415
2026-07-10 15:15:04+00:00,0.9415
2026-07-10 15:16:05+00:00,0.9415
2026-07-10 15:17:05+00:00,0.9415
2026-07-10 15:18:03+00:00,0.9415
2026-07-10 15:19:05+00:00,0.9395
2026-07-10 15:20:05+00:00,0.9385
2026-07-10 15:21:19+00:00,0.9385
2026-07-10 15:22:04+00:00,0.9385
2026-07-10 15:23:06+00:00,0.9385
2026-07-10 15:24:04+00:00,0.9385
2026-07-10 15:25:04+00:00,0.9385
2026-07-10 15:26:03+00:00,0.9385
2026-07-10 15:27:04+00:00,0.9385
2026-07-10 15:28:20+00:00,0.9385
2026-07-10 15:29:05+00:00,0.9385
2026-07-10 15:30:06+00:00,0.9385
2026-07-10 15:31:04+00:00,0.9385
2026-07-10 15:32:04+00:00,0.9385
2026-07-10 15:33:04+00:00,0.9385
2026-07-10 15:34:04+00:00,0.9385
2026-07-10 15:35:06+00:00,0.9385
2026-07-10 15:36:04+00:00,0.9385
2026-07-10 15:37:04+00:00,0.9385
2026-07-10 15:38:04+00:00,0.9385
2026-07-10 15:39:04+00:00,0.9385
2026-07-10 15:40:03+00:00,0.9385
2026-07-10 15:41:05+00:00,0.9385
2026-07-10 15:42:04+00:00,0.9385
2026-07-10 15:43:05+00:00,0.9385
2026-07-10 15:44:05+00:00,0.9385
2026-07-10 15:45:04+00:00,0.9385
2026-07-10 15:46:06+00:00,0.9385
2026-07-10 15:47:04+00:00,0.9385
2026-07-10 15:48:05+00:00,0.9385
2026-07-10 15:49:03+00:00,0.9385
2026-07-10 15:50:04+00:00,0.9385
2026-07-10 15:51:05+00:00,0.9385
2026-07-10 15:52:04+00:00,0.9385
2026-07-10 15:53:05+00:00,0.9385
2026-07-10 15:54:05+00:00,0.9385
2026-07-10 15:55:04+00:00,0.9385
2026-07-10 15:56:04+00:00,0.9385
2026-07-10 15:57:05+00:00,0.9385
2026-07-10 15:58:05+00:00,0.9385
2026-07-10 15:59:04+00:00,0.9385
2026-07-10 16:00:06+00:00,0.9385
2026-07-10 16:01:07+00:00,0.9385
2026-07-10 16:02:04+00:00,0.9385
2026-07-10 16:03:04+00:00,0.9385
2026-07-10 16:04:04+00:00,0.9385
2026-07-10 16:05:05+00:00,0.9385
2026-07-10 16:06:05+00:00,0.9385
2026-07-10 16:07:17+00:00,0.9385
2026-07-10 16:08:05+00:00,0.9385
2026-07-10 16:09:06+00:00,0.9385
2026-07-10 16:10:16+00:00,0.9385
2026-07-10 16:11:04+00:00,0.9385
2026-07-10 16:12:05+00:00,0.9385
2026-07-10 16:13:05+00:00,0.9385
2026-07-10 16:14:03+00:00,0.9385
2026-07-10 16:15:05+00:00,0.9385
2026-07-10 16:16:07+00:00,0.9385
2026-07-10 16:17:05+00:00,0.9385
2026-07-10 16:18:04+00:00,0.9385
2026-07-10 16:19:05+00:00,0.9385
2026-07-10 16:20:05+00:00,0.9385
2026-07-10 16:21:04+00:00,0.9385
2026-07-10 16:22:05+00:00,0.9385
2026-07-10 16:23:05+00:00,0.9385
2026-07-10 16:24:04+00:00,0.9385
2026-07-10 16:25:06+00:00,0.9385
2026-07-10 16:26:05+00:00,0.9385
2026-07-10 16:27:07+00:00,0.9385
2026-07-10 16:28:07+00:00,0.9385
2026-07-10 16:29:05+00:00,0.9385
2026-07-10 16:30:06+00:00,0.9385
2026-07-10 16:31:05+00:00,0.9385
2026-07-10 16:32:05+00:00,0.9385
2026-07-10 16:33:05+00:00,0.9385
2026-07-10 16:34:05+00:00,0.9385
2026-07-10 16:35:05+00:00,0.9385
2026-07-10 16:36:04+00:00,0.9385
2026-07-10 16:37:04+00:00,0.9385
2026-07-10 16:38:05+00:00,0.9385
2026-07-10 16:39:04+00:00,0.9385
2026-07-10 16:40:05+00:00,0.9385
2026-07-10 16:41:05+00:00,0.9385
2026-07-10 16:42:04+00:00,0.9385
2026-07-10 16:43:04+00:00,0.9385
2026-07-10 16:44:05+00:00,0.9385
2026-07-10 16:45:05+00:00,0.9385
2026-07-10 16:46:05+00:00,0.9385
2026-07-10 16:47:04+00:00,0.9385
2026-07-10 16:48:05+00:00,0.9385
2026-07-10 16:49:05+00:00,0.9385
2026-07-10 16:50:04+00:00,0.9385
2026-07-10 16:51:04+00:00,0.9385
2026-07-10 16:52:04+00:00,0.9385
2026-07-10 16:53:05+00:00,0.9385
2026-07-10 16:54:06+00:00,0.9385
2026-07-10 16:55:04+00:00,0.9385
2026-07-10 16:56:04+00:00,0.9385
2026-07-10 16:57:05+00:00,0.9385
2026-07-10 16:58:04+00:00,0.9385
2026-07-10 16:59:04+00:00,0.9385
2026-07-10 17:00:05+00:00,0.9385
2026-07-10 17:01:04+00:00,0.9385
2026-07-10 17:02:04+00:00,0.9385
2026-07-10 17:03:04+00:00,0.9385
2026-07-10 17:04:10+00:00,0.9385
2026-07-10 17:05:05+00:00,0.9385
2026-07-10 17:06:05+00:00,0.9385
2026-07-10 17:07:04+00:00,0.9385
2026-07-10 17:08:04+00:00,0.9385
2026-07-10 17:09:05+00:00,0.9385
2026-07-10 17:10:05+00:00,0.9385
2026-07-10 17:11:05+00:00,0.9385
2026-07-10 17:12:04+00:00,0.9385
2026-07-10 17:13:05+00:00,0.9385
2026-07-10 17:14:04+00:00,0.9385
2026-07-10 17:15:05+00:00,0.9385
2026-07-10 17:16:05+00:00,0.9385
2026-07-10 17:17:05+00:00,0.9385
2026-07-10 17:18:05+00:00,0.9385
2026-07-10 17:19:05+00:00,0.9385
2026-07-10 17:20:07+00:00,0.9385
2026-07-10 17:21:05+00:00,0.9385
2026-07-10 17:22:04+00:00,0.9385
2026-07-10 17:23:04+00:00,0.9385
2026-07-10 17:24:05+00:00,0.9385
2026-07-10 17:25:04+00:00,0.9385
2026-07-10 17:26:05+00:00,0.9385
2026-07-10 17:27:05+00:00,0.9385
2026-07-10 17:28:07+00:00,0.9385
2026-07-10 17:29:07+00:00,0.9385
2026-07-10 17:30:05+00:00,0.9385
2026-07-10 17:31:05+00:00,0.9385
2026-07-10 17:32:03+00:00,0.9385
2026-07-10 17:33:04+00:00,0.9385
2026-07-10 17:34:05+00:00,0.9385
2026-07-10 17:35:04+00:00,0.9385
2026-07-10 17:36:03+00:00,0.9385
2026-07-10 17:37:04+00:00,0.9385
2026-07-10 17:38:06+00:00,0.9385
2026-07-10 17:39:05+00:00,0.9385
2026-07-10 17:40:18+00:00,0.9385
2026-07-10 17:41:16+00:00,0.9385
2026-07-10 17:42:04+00:00,0.9385
2026-07-10 17:43:05+00:00,0.9385
2026-07-10 17:44:05+00:00,0.9385
2026-07-10 17:45:05+00:00,0.9385
2026-07-10 17:46:06+00:00,0.9385
2026-07-10 17:47:04+00:00,0.9385
2026-07-10 17:48:05+00:00,0.9385
2026-07-10 17:49:05+00:00,0.9385
2026-07-10 17:50:04+00:00,0.9385
2026-07-10 17:51:05+00:00,0.9385
2026-07-10 17:52:04+00:00,0.9385
2026-07-10 17:53:05+00:00,0.9385
2026-07-10 17:54:04+00:00,0.9385
2026-07-10 17:55:05+00:00,0.9385
2026-07-10 17:56:04+00:00,0.9385
2026-07-10 17:57:05+00:00,0.9385
2026-07-10 17:58:06+00:00,0.9385
2026-07-10 17:59:05+00:00,0.9385
2026-07-10 18:00:07+00:00,0.9385
2026-07-10 18:01:05+00:00,0.9385
2026-07-10 18:02:05+00:00,0.9385
2026-07-10 18:03:05+00:00,0.9385
2026-07-10 18:04:05+00:00,0.9385
2026-07-10 18:05:04+00:00,0.9385
2026-07-10 18:06:05+00:00,0.9385
2026-07-10 18:07:03+00:00,0.9385
2026-07-10 18:08:05+00:00,0.9385
2026-07-10 18:09:05+00:00,0.9385
2026-07-10 18:10:04+00:00,0.9385
2026-07-10 18:11:04+00:00,0.9385
2026-07-10 18:12:05+00:00,0.9385
2026-07-10 18:13:05+00:00,0.9385
2026-07-10 18:14:04+00:00,0.9385
2026-07-10 18:15:06+00:00,0.9385
2026-07-10 18:16:04+00:00,0.9385
2026-07-10 18:17:05+00:00,0.9385
2026-07-10 18:18:05+00:00,0.9385
2026-07-10 18:19:18+00:00,0.9385
2026-07-10 18:20:05+00:00,0.9385
2026-07-10 18:21:05+00:00,0.9385
2026-07-10 18:22:04+00:00,0.9385
2026-07-10 18:23:05+00:00,0.9385
2026-07-10 18:24:19+00:00,0.9385
2026-07-10 18:25:05+00:00,0.9385
2026-07-10 18:26:05+00:00,0.9385
2026-07-10 18:27:05+00:00,0.9385
2026-07-10 18:28:05+00:00,0.9385
2026-07-10 18:29:05+00:00,0.9385
2026-07-10 18:30:06+00:00,0.9385
2026-07-10 18:31:05+00:00,0.9385
2026-07-10 18:32:05+00:00,0.9385
2026-07-10 18:33:05+00:00,0.9385
2026-07-10 18:34:05+00:00,0.9385
2026-07-10 18:35:05+00:00,0.9385
2026-07-10 18:36:05+00:00,0.9385
2026-07-10 18:37:04+00:00,0.9385
2026-07-10 18:38:04+00:00,0.9385
2026-07-10 18:39:05+00:00,0.9385
2026-07-10 18:40:04+00:00,0.9385
2026-07-10 18:41:05+00:00,0.9385
2026-07-10 18:42:07+00:00,0.9385
2026-07-10 18:43:05+00:00,0.9385
2026-07-10 18:44:05+00:00,0.9385
2026-07-10 18:45:05+00:00,0.9385
2026-07-10 18:46:05+00:00,0.9385
2026-07-10 18:47:05+00:00,0.9385
2026-07-10 18:48:04+00:00,0.9375
2026-07-10 18:49:05+00:00,0.9375
2026-07-10 18:50:07+00:00,0.938
2026-07-10 18:51:05+00:00,0.9385
2026-07-10 18:52:03+00:00,0.938
2026-07-10 18:53:05+00:00,0.9375
2026-07-10 18:54:05+00:00,0.9375
2026-07-10 18:55:05+00:00,0.9375
2026-07-10 18:56:04+00:00,0.9375
2026-07-10 18:57:17+00:00,0.9375
2026-07-10 18:58:05+00:00,0.9375
2026-07-10 18:59:05+00:00,0.9375
2026-07-10 19:00:06+00:00,0.9375
2026-07-10 19:01:17+00:00,0.9375
2026-07-10 19:02:04+00:00,0.9375
2026-07-10 19:03:05+00:00,0.9375
2026-07-10 19:04:18+00:00,0.9375
2026-07-10 19:05:05+00:00,0.9375
2026-07-10 19:06:04+00:00,0.9375
2026-07-10 19:07:03+00:00,0.9375
2026-07-10 19:08:04+00:00,0.9375
2026-07-10 19:09:04+00:00,0.9375
2026-07-10 19:10:04+00:00,0.9375
2026-07-10 19:11:04+00:00,0.9375
2026-07-10 19:12:04+00:00,0.9375
2026-07-10 19:13:06+00:00,0.9375
2026-07-10 19:14:04+00:00,0.9375
2026-07-10 19:15:05+00:00,0.9375
2026-07-10 19:16:08+00:00,0.9375
2026-07-10 19:17:04+00:00,0.9375
2026-07-10 19:18:06+00:00,0.9375
2026-07-10 19:19:04+00:00,0.9375
2026-07-10 19:20:05+00:00,0.9375
2026-07-10 19:21:04+00:00,0.9375
2026-07-10 19:22:05+00:00,0.9375
2026-07-10 19:23:04+00:00,0.9375
2026-07-10 19:24:03+00:00,0.9375
2026-07-10 19:25:04+00:00,0.9375
2026-07-10 19:26:04+00:00,0.9375
2026-07-10 19:27:04+00:00,0.9375
2026-07-10 19:28:04+00:00,0.9375
2026-07-10 19:29:04+00:00,0.9375
2026-07-10 19:30:08+00:00,0.9375
2026-07-10 19:31:05+00:00,0.9375
2026-07-10 19:32:03+00:00,0.9375
2026-07-10 19:33:05+00:00,0.9375
2026-07-10 19:34:04+00:00,0.9375
2026-07-10 19:35:05+00:00,0.9375
2026-07-10 19:36:04+00:00,0.9375
2026-07-10 19:37:04+00:00,0.9375
2026-07-10 19:38:07+00:00,0.9375
2026-07-10 19:39:05+00:00,0.9375
2026-07-10 19:40:05+00:00,0.9375
2026-07-10 19:41:04+00:00,0.9375
2026-07-10 19:42:04+00:00,0.9375
2026-07-10 19:43:05+00:00,0.9375
2026-07-10 19:44:04+00:00,0.9375
2026-07-10 19:45:04+00:00,0.9375
2026-07-10 19:46:04+00:00,0.9375
2026-07-10 19:47:04+00:00,0.9375
2026-07-10 19:48:05+00:00,0.9375
2026-07-10 19:49:04+00:00,0.9375
2026-07-10 19:50:05+00:00,0.9375
2026-07-10 19:51:04+00:00,0.9375
2026-07-10 19:52:03+00:00,0.9375
2026-07-10 19:53:04+00:00,0.9375
2026-07-10 19:54:05+00:00,0.9375
2026-07-10 19:55:05+00:00,0.9375
2026-07-10 19:56:04+00:00,0.9375
2026-07-10 19:57:05+00:00,0.9375
2026-07-10 19:58:05+00:00,0.9375
2026-07-10 19:59:05+00:00,0.9375
2026-07-10 20:00:06+00:00,0.9375
2026-07-10 20:01:04+00:00,0.9375
2026-07-10 20:02:04+00:00,0.9375
2026-07-10 20:03:04+00:00,0.9375
2026-07-10 20:04:07+00:00,0.9375
2026-07-10 20:05:06+00:00,0.9375
2026-07-10 20:06:04+00:00,0.9375
2026-07-10 20:07:05+00:00,0.9375
2026-07-10 20:08:05+00:00,0.9375
2026-07-10 20:09:04+00:00,0.9375
2026-07-10 20:10:05+00:00,0.9375
2026-07-10 20:11:03+00:00,0.9375
2026-07-10 20:12:04+00:00,0.9375
2026-07-10 20:13:05+00:00,0.9375
2026-07-10 20:14:15+00:00,0.9375
2026-07-10 20:15:17+00:00,0.9375
2026-07-10 20:16:05+00:00,0.9375
2026-07-10 20:17:05+00:00,0.9375
2026-07-10 20:18:04+00:00,0.9375
2026-07-10 20:19:18+00:00,0.9375
2026-07-10 20:20:04+00:00,0.9375
2026-07-10 20:21:04+00:00,0.9375
2026-07-10 20:22:04+00:00,0.9375
2026-07-10 20:23:04+00:00,0.9375
2026-07-10 20:24:05+00:00,0.9375
2026-07-10 20:25:05+00:00,0.9375
2026-07-10 20:26:04+00:00,0.9375
2026-07-10 20:27:04+00:00,0.9375
2026-07-10 20:28:05+00:00,0.9375
2026-07-10 20:29:05+00:00,0.9375
2026-07-10 20:30:08+00:00,0.9375
2026-07-10 20:31:04+00:00,0.9375
2026-07-10 20:32:15+00:00,0.9375
2026-07-10 20:33:05+00:00,0.9375
2026-07-10 20:34:04+00:00,0.9375
2026-07-10 20:35:04+00:00,0.9375
2026-07-10 20:36:03+00:00,0.9375
2026-07-10 20:37:04+00:00,0.9375
2026-07-10 20:38:04+00:00,0.9375
2026-07-10 20:39:04+00:00,0.9375
2026-07-10 20:40:06+00:00,0.9375
2026-07-10 20:41:05+00:00,0.9375
2026-07-10 20:42:04+00:00,0.9375
2026-07-10 20:43:04+00:00,0.9375
2026-07-10 20:44:04+00:00,0.9375
2026-07-10 20:45:05+00:00,0.9375
2026-07-10 20:46:04+00:00,0.9375
2026-07-10 20:47:03+00:00,0.9375
2026-07-10 20:48:04+00:00,0.9375
2026-07-10 20:49:04+00:00,0.9375
2026-07-10 20:50:04+00:00,0.9375
2026-07-10 20:51:04+00:00,0.9375
2026-07-10 20:52:04+00:00,0.9375
2026-07-10 20:53:04+00:00,0.9375
2026-07-10 20:54:05+00:00,0.9375
2026-07-10 20:55:04+00:00,0.9385
2026-07-10 20:56:07+00:00,0.9395
2026-07-10 20:57:05+00:00,0.9395
2026-07-10 20:58:05+00:00,0.9395
2026-07-10 20:59:05+00:00,0.9395
2026-07-10 21:00:07+00:00,0.9395
2026-07-10 21:01:05+00:00,0.9395
2026-07-10 21:02:05+00:00,0.9395
2026-07-10 21:03:05+00:00,0.9395
2026-07-10 21:04:05+00:00,0.9395
2026-07-10 21:05:04+00:00,0.9395
2026-07-10 21:06:04+00:00,0.9395
2026-07-10 21:07:06+00:00,0.9395
2026-07-10 21:08:05+00:00,0.9395
2026-07-10 21:09:05+00:00,0.9395
2026-07-10 21:10:05+00:00,0.9395
2026-07-10 21:11:04+00:00,0.9395
2026-07-10 21:12:03+00:00,0.9395
2026-07-10 21:13:04+00:00,0.9395
2026-07-10 21:14:05+00:00,0.9395
2026-07-10 21:15:04+00:00,0.9395
2026-07-10 21:16:04+00:00,0.9395
2026-07-10 21:17:07+00:00,0.9395
2026-07-10 21:18:05+00:00,0.9395
2026-07-10 21:19:04+00:00,0.9395
2026-07-10 21:20:05+00:00,0.9395
2026-07-10 21:21:03+00:00,0.9395
2026-07-10 21:22:06+00:00,0.9395
2026-07-10 21:23:05+00:00,0.9395
2026-07-10 21:24:04+00:00,0.9395
2026-07-10 21:25:04+00:00,0.9395
2026-07-10 21:26:03+00:00,0.9395
2026-07-10 21:27:04+00:00,0.9395
2026-07-10 21:28:05+00:00,0.9395
2026-07-10 21:29:04+00:00,0.9395
2026-07-10 21:30:05+00:00,0.9395
2026-07-10 21:31:04+00:00,0.9395
2026-07-10 21:32:04+00:00,0.9395
2026-07-10 21:33:04+00:00,0.9395
2026-07-10 21:34:04+00:00,0.9395
2026-07-10 21:35:05+00:00,0.9395
2026-07-10 21:36:05+00:00,0.9395
2026-07-10 21:37:05+00:00,0.9395
2026-07-10 21:38:05+00:00,0.9395
2026-07-10 21:39:05+00:00,0.9395
2026-07-10 21:40:07+00:00,0.9395
2026-07-10 21:41:06+00:00,0.9395
2026-07-10 21:42:05+00:00,0.9395
2026-07-10 21:43:16+00:00,0.9395
2026-07-10 21:44:05+00:00,0.9395
2026-07-10 21:45:05+00:00,0.9395
2026-07-10 21:46:04+00:00,0.9395
2026-07-10 21:47:15+00:00,0.9395
2026-07-10 21:48:06+00:00,0.9395
2026-07-10 21:49:04+00:00,0.9395
2026-07-10 21:50:05+00:00,0.9395
2026-07-10 21:52:34+00:00,0.9395
2026-07-10 21:53:05+00:00,0.9395
2026-07-10 21:54:04+00:00,0.9395
2026-07-10 21:55:04+00:00,0.9395
2026-07-10 21:56:09+00:00,0.9395
2026-07-10 22:47:12+00:00,0.9395
2026-07-10 22:48:05+00:00,0.9395
2026-07-10 22:49:05+00:00,0.9395
2026-07-10 22:50:05+00:00,0.9395
2026-07-10 22:51:05+00:00,0.9395
2026-07-10 22:52:05+00:00,0.9395
2026-07-10 22:53:05+00:00,0.9395
2026-07-10 22:54:05+00:00,0.9395
2026-07-10 22:55:05+00:00,0.9395
2026-07-10 22:56:04+00:00,0.9395
2026-07-10 22:57:04+00:00,0.9395
2026-07-10 22:58:06+00:00,0.9395
2026-07-10 22:59:17+00:00,0.9395
2026-07-10 23:00:22+00:00,0.9395
2026-07-10 23:01:16+00:00,0.9395
2026-07-10 23:02:05+00:00,0.9395
2026-07-10 23:03:04+00:00,0.9395
2026-07-10 23:04:04+00:00,0.9395
2026-07-10 23:05:05+00:00,0.9395
2026-07-10 23:06:05+00:00,0.9395
2026-07-10 23:07:07+00:00,0.9395
2026-07-10 23:08:05+00:00,0.9395
2026-07-10 23:09:06+00:00,0.9395
2026-07-10 23:10:04+00:00,0.9395
2026-07-10 23:11:04+00:00,0.9395
2026-07-10 23:12:18+00:00,0.9395
2026-07-10 23:13:17+00:00,0.9395
2026-07-10 23:14:19+00:00,0.9395
2026-07-10 23:15:05+00:00,0.9395
2026-07-10 23:16:05+00:00,0.9395
2026-07-10 23:17:05+00:00,0.9395
2026-07-10 23:18:05+00:00,0.9395
2026-07-10 23:19:04+00:00,0.9395
2026-07-10 23:20:04+00:00,0.9395
2026-07-10 23:21:06+00:00,0.9395
2026-07-10 23:22:06+00:00,0.9395
2026-07-10 23:23:05+00:00,0.9395
2026-07-10 23:24:06+00:00,0.9395
2026-07-10 23:25:05+00:00,0.9395
2026-07-10 23:26:05+00:00,0.9395
2026-07-10 23:27:05+00:00,0.9395
2026-07-10 23:28:06+00:00,0.9395
2026-07-10 23:29:05+00:00,0.9395
2026-07-10 23:30:06+00:00,0.9395
2026-07-10 23:31:06+00:00,0.9395
2026-07-10 23:32:05+00:00,0.9395
2026-07-10 23:33:05+00:00,0.9395
2026-07-10 23:34:05+00:00,0.9395
2026-07-10 23:35:04+00:00,0.9395
2026-07-10 23:36:04+00:00,0.9395
2026-07-10 23:37:04+00:00,0.9395
2026-07-10 23:38:05+00:00,0.9395
2026-07-10 23:39:05+00:00,0.9395
2026-07-10 23:40:06+00:00,0.9395
2026-07-10 23:41:06+00:00,0.9395
2026-07-10 23:42:04+00:00,0.9395
2026-07-10 23:43:04+00:00,0.9395
2026-07-10 23:44:18+00:00,0.9395
2026-07-10 23:45:04+00:00,0.9395
2026-07-10 23:46:04+00:00,0.9395
2026-07-10 23:47:05+00:00,0.9395
2026-07-10 23:48:07+00:00,0.9395
2026-07-10 23:49:19+00:00,0.9395
2026-07-10 23:50:05+00:00,0.9395
2026-07-10 23:51:05+00:00,0.9395
2026-07-10 23:52:04+00:00,0.9395
2026-07-10 23:53:05+00:00,0.9395
2026-07-10 23:54:05+00:00,0.9395
2026-07-10 23:55:05+00:00,0.9395
2026-07-10 23:56:04+00:00,0.9395
2026-07-10 23:57:05+00:00,0.9395
2026-07-10 23:58:05+00:00,0.9395
2026-07-10 23:59:05+00:00,0.9395
2026-07-11 00:00:09+00:00,0.9395
2026-07-11 00:01:05+00:00,0.9395
2026-07-11 00:02:05+00:00,0.9395
2026-07-11 00:03:04+00:00,0.9395
2026-07-11 00:04:05+00:00,0.9395
2026-07-11 00:05:04+00:00,0.9395
2026-07-11 00:06:04+00:00,0.9395
2026-07-11 00:07:05+00:00,0.9395
2026-07-11 00:08:05+00:00,0.9395
2026-07-11 00:09:04+00:00,0.9395
2026-07-11 00:10:05+00:00,0.9395
2026-07-11 00:11:04+00:00,0.9395
2026-07-11 00:12:04+00:00,0.9395
2026-07-11 00:13:04+00:00,0.9395
2026-07-11 00:14:04+00:00,0.9395
2026-07-11 00:15:04+00:00,0.9395
2026-07-11 00:16:04+00:00,0.9395
2026-07-11 00:17:05+00:00,0.9395
2026-07-11 00:18:04+00:00,0.9395
2026-07-11 00:19:04+00:00,0.9395
2026-07-11 00:20:04+00:00,0.9395
2026-07-11 00:21:05+00:00,0.9395
2026-07-11 00:22:05+00:00,0.9395
2026-07-11 00:23:05+00:00,0.9395
2026-07-11 00:24:06+00:00,0.9395
2026-07-11 00:25:05+00:00,0.9395
2026-07-11 00:26:04+00:00,0.9395
2026-07-11 00:27:05+00:00,0.9395
2026-07-11 00:28:04+00:00,0.9395
2026-07-11 00:29:05+00:00,0.9395
2026-07-11 00:30:06+00:00,0.9395
2026-07-11 00:31:04+00:00,0.9395
2026-07-11 00:32:05+00:00,0.9395
2026-07-11 00:33:04+00:00,0.9395
2026-07-11 00:34:05+00:00,0.9395
2026-07-11 00:35:05+00:00,0.9395
2026-07-11 00:36:04+00:00,0.9405
2026-07-11 00:37:05+00:00,0.9405
2026-07-11 00:38:05+00:00,0.9405
2026-07-11 00:39:05+00:00,0.9405
2026-07-11 00:40:05+00:00,0.9405
2026-07-11 00:41:05+00:00,0.9405
2026-07-11 00:42:05+00:00,0.9405
2026-07-11 00:43:04+00:00,0.9405
2026-07-11 00:44:05+00:00,0.9405
2026-07-11 00:45:04+00:00,0.9405
2026-07-11 00:46:06+00:00,0.9405
2026-07-11 00:47:03+00:00,0.9405
2026-07-11 00:48:04+00:00,0.9405
2026-07-11 00:49:05+00:00,0.9405
2026-07-11 00:50:05+00:00,0.9405
2026-07-11 00:51:04+00:00,0.9405
2026-07-11 00:52:16+00:00,0.9405
2026-07-11 00:53:04+00:00,0.9405
2026-07-11 00:54:04+00:00,0.9405
2026-07-11 00:55:04+00:00,0.9405
2026-07-11 00:56:03+00:00,0.9405
2026-07-11 00:57:05+00:00,0.9405
2026-07-11 00:58:05+00:00,0.9405
2026-07-11 00:59:04+00:00,0.9405
2026-07-11 01:00:05+00:00,0.9405
2026-07-11 01:01:04+00:00,0.9405
2026-07-11 01:02:05+00:00,0.9405
2026-07-11 01:03:04+00:00,0.9405
2026-07-11 01:04:05+00:00,0.9405
2026-07-11 01:05:05+00:00,0.9405
2026-07-11 01:06:05+00:00,0.9405
2026-07-11 01:07:05+00:00,0.9405
2026-07-11 01:08:04+00:00,0.9405
2026-07-11 01:09:05+00:00,0.9405
2026-07-11 01:10:05+00:00,0.9405
2026-07-11 01:11:04+00:00,0.9405
2026-07-11 01:12:06+00:00,0.9405
2026-07-11 01:13:07+00:00,0.9405
2026-07-11 01:14:04+00:00,0.9405
2026-07-11 01:15:05+00:00,0.9405
2026-07-11 01:16:05+00:00,0.9405
2026-07-11 01:17:05+00:00,0.9405
2026-07-11 01:18:05+00:00,0.9405
2026-07-11 01:19:05+00:00,0.9405
2026-07-11 01:20:05+00:00,0.9405
2026-07-11 01:21:05+00:00,0.9405
2026-07-11 01:22:05+00:00,0.9405
2026-07-11 01:23:05+00:00,0.9405
2026-07-11 01:24:04+00:00,0.9405
2026-07-11 01:25:04+00:00,0.9405
2026-07-11 01:26:04+00:00,0.9405
2026-07-11 01:27:04+00:00,0.9405
2026-07-11 01:28:04+00:00,0.9405
2026-07-11 01:29:04+00:00,0.9405
2026-07-11 01:30:07+00:00,0.9405
2026-07-11 01:31:04+00:00,0.9405
2026-07-11 01:32:04+00:00,0.9405
2026-07-11 01:33:07+00:00,0.9405
2026-07-11 01:34:04+00:00,0.9405
2026-07-11 01:35:05+00:00,0.9405
2026-07-11 01:36:04+00:00,0.9405
2026-07-11 01:37:04+00:00,0.9405
2026-07-11 01:38:05+00:00,0.9405
2026-07-11 01:39:04+00:00,0.9405
2026-07-11 01:40:04+00:00,0.9405
2026-07-11 01:41:04+00:00,0.9405
2026-07-11 01:42:03+00:00,0.9405
2026-07-11 01:43:04+00:00,0.9405
2026-07-11 01:44:19+00:00,0.9405
2026-07-11 01:45:04+00:00,0.9405
2026-07-11 01:46:04+00:00,0.9405
2026-07-11 01:47:04+00:00,0.9405
2026-07-11 01:48:05+00:00,0.9405
2026-07-11 01:49:04+00:00,0.9405
2026-07-11 01:50:05+00:00,0.9405
2026-07-11 01:51:04+00:00,0.9405
2026-07-11 01:52:04+00:00,0.9405
2026-07-11 01:53:05+00:00,0.9405
2026-07-11 01:54:05+00:00,0.9405
2026-07-11 01:55:04+00:00,0.9405
2026-07-11 01:56:03+00:00,0.9405
2026-07-11 01:57:05+00:00,0.9405
2026-07-11 01:58:05+00:00,0.9405
2026-07-11 01:59:06+00:00,0.9405
2026-07-11 02:00:06+00:00,0.9405
2026-07-11 02:01:05+00:00,0.9405
2026-07-11 02:02:19+00:00,0.9405
2026-07-11 02:03:18+00:00,0.9405
2026-07-11 02:04:04+00:00,0.9405
2026-07-11 02:05:04+00:00,0.9405
2026-07-11 02:06:03+00:00,0.9405
2026-07-11 02:07:04+00:00,0.9405
2026-07-11 02:08:05+00:00,0.9405
2026-07-11 02:09:04+00:00,0.9405
2026-07-11 02:10:04+00:00,0.9405
2026-07-11 02:11:04+00:00,0.9405
2026-07-11 02:12:04+00:00,0.9405
2026-07-11 02:13:04+00:00,0.9405
2026-07-11 02:14:04+00:00,0.9405
2026-07-11 02:15:04+00:00,0.9405
2026-07-11 02:16:04+00:00,0.9405
2026-07-11 02:17:04+00:00,0.9405
2026-07-11 02:18:04+00:00,0.9405
2026-07-11 02:19:04+00:00,0.9405
2026-07-11 02:20:04+00:00,0.9405
2026-07-11 02:21:18+00:00,0.9405
2026-07-11 02:22:04+00:00,0.9405
2026-07-11 02:23:04+00:00,0.9405
2026-07-11 02:24:03+00:00,0.9405
2026-07-11 02:25:06+00:00,0.9405
2026-07-11 02:26:06+00:00,0.9405
2026-07-11 02:27:04+00:00,0.9405
2026-07-11 02:28:04+00:00,0.9405
2026-07-11 02:29:04+00:00,0.9405
2026-07-11 02:30:05+00:00,0.9405
2026-07-11 02:31:04+00:00,0.9405
2026-07-11 02:32:03+00:00,0.9405
2026-07-11 02:33:04+00:00,0.9405
2026-07-11 02:34:05+00:00,0.9405
2026-07-11 02:35:04+00:00,0.9405
2026-07-11 02:36:03+00:00,0.9405
2026-07-11 02:37:18+00:00,0.9405
2026-07-11 02:38:04+00:00,0.9405
2026-07-11 02:39:04+00:00,0.9405
2026-07-11 02:40:04+00:00,0.9405
2026-07-11 02:41:04+00:00,0.9405
2026-07-11 02:42:04+00:00,0.9405
2026-07-11 02:43:05+00:00,0.9405
2026-07-11 02:44:04+00:00,0.9405
2026-07-11 02:45:04+00:00,0.9405
2026-07-11 02:46:04+00:00,0.9405
2026-07-11 02:47:04+00:00,0.9405
2026-07-11 02:48:04+00:00,0.9405
2026-07-11 02:49:04+00:00,0.9405
2026-07-11 02:50:04+00:00,0.9405
2026-07-11 02:51:04+00:00,0.9405
2026-07-11 02:52:07+00:00,0.9405
2026-07-11 02:53:05+00:00,0.9405
2026-07-11 02:54:05+00:00,0.9405
2026-07-11 02:55:04+00:00,0.9405
2026-07-11 02:56:04+00:00,0.9405
2026-07-11 02:57:04+00:00,0.9405
2026-07-11 02:58:04+00:00,0.9405
2026-07-11 02:59:04+00:00,0.9405
2026-07-11 03:00:06+00:00,0.9405
2026-07-11 03:01:05+00:00,0.9405
2026-07-11 03:02:04+00:00,0.9405
2026-07-11 03:03:04+00:00,0.9405
2026-07-11 03:04:04+00:00,0.9405
2026-07-11 03:05:05+00:00,0.9405
2026-07-11 03:06:04+00:00,0.9405
2026-07-11 03:07:03+00:00,0.9405
2026-07-11 03:08:04+00:00,0.9405
2026-07-11 03:09:05+00:00,0.9405
2026-07-11 03:10:04+00:00,0.9405
2026-07-11 03:11:03+00:00,0.9405
2026-07-11 03:12:03+00:00,0.9405
2026-07-11 03:13:04+00:00,0.9405
2026-07-11 03:14:04+00:00,0.9405
2026-07-11 03:15:04+00:00,0.9405
2026-07-11 03:16:05+00:00,0.9405
2026-07-11 03:17:04+00:00,0.9405
2026-07-11 03:18:10+00:00,0.9405
2026-07-11 03:19:04+00:00,0.9405
2026-07-11 03:20:04+00:00,0.9405
2026-07-11 03:21:05+00:00,0.9405
2026-07-11 03:22:18+00:00,0.9405
2026-07-11 03:23:17+00:00,0.9405
2026-07-11 03:24:04+00:00,0.9405
2026-07-11 03:25:06+00:00,0.9405
2026-07-11 03:26:04+00:00,0.9405
2026-07-11 03:27:04+00:00,0.9405
2026-07-11 03:28:05+00:00,0.9405
2026-07-11 03:29:04+00:00,0.9405
2026-07-11 03:30:05+00:00,0.9405
2026-07-11 03:31:05+00:00,0.9405
2026-07-11 03:32:04+00:00,0.9405
2026-07-11 03:33:04+00:00,0.9405
2026-07-11 03:34:05+00:00,0.9405
2026-07-11 03:35:04+00:00,0.9405
2026-07-11 03:36:04+00:00,0.9405
2026-07-11 03:37:04+00:00,0.9405
2026-07-11 03:38:05+00:00,0.9405
2026-07-11 03:39:05+00:00,0.9405
2026-07-11 03:40:05+00:00,0.9405
2026-07-11 03:41:04+00:00,0.9405
2026-07-11 03:42:04+00:00,0.9405
2026-07-11 03:43:04+00:00,0.9405
2026-07-11 03:44:06+00:00,0.9405
2026-07-11 03:45:05+00:00,0.9405
2026-07-11 03:46:04+00:00,0.9405
2026-07-11 03:47:04+00:00,0.9405
2026-07-11 03:48:04+00:00,0.9405
2026-07-11 03:49:04+00:00,0.9405
2026-07-11 03:50:04+00:00,0.9405
2026-07-11 03:51:04+00:00,0.9405
2026-07-11 03:52:04+00:00,0.9405
2026-07-11 03:53:04+00:00,0.9405
2026-07-11 03:54:06+00:00,0.9405
2026-07-11 03:55:05+00:00,0.9405
2026-07-11 03:56:03+00:00,0.9405
2026-07-11 03:57:04+00:00,0.9405
2026-07-11 03:58:04+00:00,0.9405
2026-07-11 03:59:05+00:00,0.9405
2026-07-11 04:00:08+00:00,0.9405
2026-07-11 04:01:05+00:00,0.9405
2026-07-11 04:02:04+00:00,0.9405
2026-07-11 04:03:05+00:00,0.9405
2026-07-11 04:04:05+00:00,0.9405
2026-07-11 04:05:05+00:00,0.9405
2026-07-11 04:06:05+00:00,0.9405
2026-07-11 04:07:04+00:00,0.9405
2026-07-11 04:08:05+00:00,0.9405
2026-07-11 04:09:04+00:00,0.9405
2026-07-11 04:10:05+00:00,0.9405
2026-07-11 04:11:05+00:00,0.9405
2026-07-11 04:12:05+00:00,0.9405
2026-07-11 04:13:06+00:00,0.9405
2026-07-11 04:14:05+00:00,0.9405
2026-07-11 04:15:05+00:00,0.9405
2026-07-11 04:16:05+00:00,0.9405
2026-07-11 04:17:05+00:00,0.9405
2026-07-11 04:18:20+00:00,0.9405
2026-07-11 04:19:19+00:00,0.9405
2026-07-11 04:20:08+00:00,0.9405
2026-07-11 04:21:05+00:00,0.9405
2026-07-11 04:22:05+00:00,0.9405
2026-07-11 04:23:06+00:00,0.9405
2026-07-11 04:24:04+00:00,0.9405
2026-07-11 04:25:05+00:00,0.9405
2026-07-11 04:26:05+00:00,0.9405
2026-07-11 04:27:04+00:00,0.9405
2026-07-11 04:28:04+00:00,0.9405
2026-07-11 04:29:04+00:00,0.9405
2026-07-11 04:30:05+00:00,0.9405
2026-07-11 04:31:04+00:00,0.9405
2026-07-11 04:32:04+00:00,0.9405
2026-07-11 04:33:06+00:00,0.9405
2026-07-11 04:34:18+00:00,0.9405
2026-07-11 04:35:19+00:00,0.9405
2026-07-11 04:36:04+00:00,0.9405
2026-07-11 04:37:19+00:00,0.9405
2026-07-11 04:38:06+00:00,0.9405
2026-07-11 04:39:05+00:00,0.9405
2026-07-11 04:40:06+00:00,0.9405
2026-07-11 04:41:04+00:00,0.9405
2026-07-11 04:42:06+00:00,0.9405
2026-07-11 04:43:05+00:00,0.9405
2026-07-11 04:44:04+00:00,0.9405
2026-07-11 04:45:06+00:00,0.9405
2026-07-11 04:46:08+00:00,0.9405
2026-07-11 04:47:04+00:00,0.9405
2026-07-11 04:48:06+00:00,0.9405
2026-07-11 04:49:05+00:00,0.9405
2026-07-11 04:50:06+00:00,0.9405
2026-07-11 04:51:04+00:00,0.9405
2026-07-11 04:52:04+00:00,0.9405
2026-07-11 04:53:05+00:00,0.9405
2026-07-11 04:54:05+00:00,0.9405
2026-07-11 04:55:05+00:00,0.9405
2026-07-11 04:56:05+00:00,0.9405
2026-07-11 04:57:05+00:00,0.9405
2026-07-11 04:58:04+00:00,0.9405
2026-07-11 04:59:17+00:00,0.9405
2026-07-11 05:00:07+00:00,0.9405
2026-07-11 05:01:07+00:00,0.9405
2026-07-11 05:02:05+00:00,0.9405
2026-07-11 05:03:05+00:00,0.9405
2026-07-11 05:04:05+00:00,0.9405
2026-07-11 05:05:05+00:00,0.9405
2026-07-11 05:06:04+00:00,0.9405
2026-07-11 05:07:05+00:00,0.9405
2026-07-11 05:08:17+00:00,0.9405
2026-07-11 05:09:06+00:00,0.9405
2026-07-11 05:10:20+00:00,0.9405
2026-07-11 05:11:04+00:00,0.9405
2026-07-11 05:12:06+00:00,0.9405
2026-07-11 05:13:19+00:00,0.9405
2026-07-11 05:14:05+00:00,0.9405
2026-07-11 05:15:17+00:00,0.9405
2026-07-11 05:16:05+00:00,0.9405
2026-07-11 05:17:05+00:00,0.9405
2026-07-11 05:18:19+00:00,0.9405
2026-07-11 05:19:05+00:00,0.9405
2026-07-11 05:20:04+00:00,0.9405
2026-07-11 05:21:05+00:00,0.9405
2026-07-11 05:22:04+00:00,0.9405
2026-07-11 05:23:05+00:00,0.9405
2026-07-11 05:24:05+00:00,0.9405
2026-07-11 05:25:04+00:00,0.9405
2026-07-11 05:26:05+00:00,0.9405
2026-07-11 05:27:15+00:00,0.9405
2026-07-11 05:28:05+00:00,0.9405
2026-07-11 05:29:04+00:00,0.9405
2026-07-11 05:30:06+00:00,0.9405
2026-07-11 05:31:04+00:00,0.9405
2026-07-11 05:32:05+00:00,0.9405
2026-07-11 05:33:05+00:00,0.9405
2026-07-11 05:34:05+00:00,0.9405
2026-07-11 05:35:04+00:00,0.9405
2026-07-11 05:36:04+00:00,0.9405
2026-07-11 05:37:05+00:00,0.9405
2026-07-11 05:38:07+00:00,0.9405
2026-07-11 05:39:05+00:00,0.9405
2026-07-11 05:40:04+00:00,0.9405
2026-07-11 05:41:04+00:00,0.9405
2026-07-11 05:42:05+00:00,0.9405
2026-07-11 05:43:05+00:00,0.9405
2026-07-11 05:44:04+00:00,0.9405
2026-07-11 05:45:05+00:00,0.9405
2026-07-11 05:46:05+00:00,0.9415
2026-07-11 05:47:04+00:00,0.9415
2026-07-11 05:48:05+00:00,0.9415
2026-07-11 05:49:04+00:00,0.9415
2026-07-11 05:50:08+00:00,0.9415
2026-07-11 05:51:05+00:00,0.9415
2026-07-11 05:52:04+00:00,0.9425
2026-07-11 05:53:05+00:00,0.9425
2026-07-11 05:54:05+00:00,0.9415
2026-07-11 05:55:05+00:00,0.9415
2026-07-11 05:56:04+00:00,0.9415
2026-07-11 05:57:05+00:00,0.9415
2026-07-11 05:58:06+00:00,0.9415
2026-07-11 05:59:04+00:00,0.9415
2026-07-11 06:00:11+00:00,0.9415
2026-07-11 06:01:06+00:00,0.9415
2026-07-11 06:02:20+00:00,0.9415
2026-07-11 06:03:05+00:00,0.9415
2026-07-11 06:04:04+00:00,0.9415
2026-07-11 06:05:05+00:00,0.9415
2026-07-11 06:06:04+00:00,0.9415
2026-07-11 06:07:04+00:00,0.9415
2026-07-11 06:08:05+00:00,0.9415
2026-07-11 06:09:05+00:00,0.9415
2026-07-11 06:10:05+00:00,0.9415
2026-07-11 06:11:18+00:00,0.9415
2026-07-11 06:12:04+00:00,0.9415
2026-07-11 06:13:04+00:00,0.9415
2026-07-11 06:14:05+00:00,0.9415
2026-07-11 06:15:06+00:00,0.9415
2026-07-11 06:16:05+00:00,0.9415
2026-07-11 06:17:04+00:00,0.9415
2026-07-11 06:18:06+00:00,0.9415
2026-07-11 06:19:04+00:00,0.9415
2026-07-11 06:20:04+00:00,0.9415
2026-07-11 06:21:04+00:00,0.9415
2026-07-11 06:22:04+00:00,0.9415
2026-07-11 06:23:04+00:00,0.9415
2026-07-11 06:24:04+00:00,0.9415
2026-07-11 06:25:06+00:00,0.9415
2026-07-11 06:26:04+00:00,0.9415
2026-07-11 06:27:05+00:00,0.9415
2026-07-11 06:28:05+00:00,0.9415
2026-07-11 06:29:05+00:00,0.9415
2026-07-11 06:30:06+00:00,0.9415
2026-07-11 06:31:04+00:00,0.9415
2026-07-11 06:32:04+00:00,0.9415
2026-07-11 06:33:05+00:00,0.9415
2026-07-11 06:34:07+00:00,0.9415
2026-07-11 06:35:04+00:00,0.9415
2026-07-11 06:36:04+00:00,0.9415
2026-07-11 06:37:04+00:00,0.9415
2026-07-11 06:38:05+00:00,0.9415
2026-07-11 06:39:04+00:00,0.9415
2026-07-11 06:40:17+00:00,0.9415
2026-07-11 06:41:04+00:00,0.9415
2026-07-11 06:42:06+00:00,0.9415
2026-07-11 06:43:05+00:00,0.9415
2026-07-11 06:44:05+00:00,0.9415
2026-07-11 06:45:05+00:00,0.9415
2026-07-11 06:46:04+00:00,0.9415
2026-07-11 06:47:04+00:00,0.9415
2026-07-11 06:48:05+00:00,0.9415
2026-07-11 06:49:06+00:00,0.9415
2026-07-11 06:50:06+00:00,0.9415
2026-07-11 06:51:19+00:00,0.9415
2026-07-11 06:52:04+00:00,0.9415
2026-07-11 06:53:06+00:00,0.9415
2026-07-11 06:54:05+00:00,0.9415
2026-07-11 06:55:05+00:00,0.9415
2026-07-11 06:56:05+00:00,0.9415
2026-07-11 06:57:05+00:00,0.9415
2026-07-11 06:58:05+00:00,0.9415
2026-07-11 06:59:04+00:00,0.9415
2026-07-11 07:00:06+00:00,0.9415
2026-07-11 07:01:05+00:00,0.9415
2026-07-11 07:02:05+00:00,0.9415
2026-07-11 07:03:05+00:00,0.9415
2026-07-11 07:04:05+00:00,0.9415
2026-07-11 07:05:06+00:00,0.9415
2026-07-11 07:06:04+00:00,0.9415
2026-07-11 07:07:16+00:00,0.9415
2026-07-11 07:08:07+00:00,0.9415
2026-07-11 07:09:19+00:00,0.9415
2026-07-11 07:10:06+00:00,0.9415
2026-07-11 07:11:05+00:00,0.9415
2026-07-11 07:12:18+00:00,0.9415
2026-07-11 07:13:05+00:00,0.9415
2026-07-11 07:14:04+00:00,0.9415
2026-07-11 07:15:05+00:00,0.9415
2026-07-11 07:16:05+00:00,0.9415
2026-07-11 07:17:18+00:00,0.9415
2026-07-11 07:18:05+00:00,0.9415
2026-07-11 07:19:05+00:00,0.9415
2026-07-11 07:20:17+00:00,0.9415
2026-07-11 07:21:05+00:00,0.9415
2026-07-11 07:22:16+00:00,0.9415
2026-07-11 07:23:04+00:00,0.9415
2026-07-11 07:24:05+00:00,0.9415
2026-07-11 07:25:04+00:00,0.9415
2026-07-11 07:26:04+00:00,0.9415
2026-07-11 07:27:05+00:00,0.9415
2026-07-11 07:28:07+00:00,0.9415
2026-07-11 07:29:04+00:00,0.9415
2026-07-11 07:30:06+00:00,0.9415
2026-07-11 07:31:03+00:00,0.9415
2026-07-11 07:32:04+00:00,0.9415
2026-07-11 07:33:04+00:00,0.9415
2026-07-11 07:34:04+00:00,0.9415
2026-07-11 07:35:04+00:00,0.9415
2026-07-11 07:36:03+00:00,0.9415
2026-07-11 07:37:04+00:00,0.9415
2026-07-11 07:38:16+00:00,0.9415
2026-07-11 07:39:04+00:00,0.9415
2026-07-11 07:40:04+00:00,0.9415
2026-07-11 07:41:05+00:00,0.9415
2026-07-11 07:42:04+00:00,0.9415
2026-07-11 07:43:03+00:00,0.9415
2026-07-11 07:44:04+00:00,0.9415
2026-07-11 07:45:15+00:00,0.9415
2026-07-11 07:46:04+00:00,0.9415
2026-07-11 07:47:04+00:00,0.9415
2026-07-11 07:48:04+00:00,0.9415
2026-07-11 07:49:04+00:00,0.9415
2026-07-11 07:50:05+00:00,0.9415
2026-07-11 07:51:05+00:00,0.9415
2026-07-11 07:52:04+00:00,0.9415
2026-07-11 07:53:05+00:00,0.9415
2026-07-11 07:54:07+00:00,0.9415
2026-07-11 07:55:04+00:00,0.9415
2026-07-11 07:56:04+00:00,0.9415
2026-07-11 07:57:04+00:00,0.9415
2026-07-11 07:58:05+00:00,0.9415
2026-07-11 07:59:04+00:00,0.9415
2026-07-11 08:00:06+00:00,0.9415
2026-07-11 08:01:05+00:00,0.9415
2026-07-11 08:02:06+00:00,0.9415
2026-07-11 08:03:05+00:00,0.9415
2026-07-11 08:04:04+00:00,0.9415
2026-07-11 08:05:05+00:00,0.9415
2026-07-11 08:06:19+00:00,0.9415
2026-07-11 08:07:04+00:00,0.9415
2026-07-11 08:08:05+00:00,0.9415
2026-07-11 08:09:05+00:00,0.9415
2026-07-11 08:10:05+00:00,0.9415
2026-07-11 08:11:04+00:00,0.9415
2026-07-11 08:12:04+00:00,0.9415
2026-07-11 08:13:04+00:00,0.9415
2026-07-11 08:14:04+00:00,0.9415
2026-07-11 08:15:06+00:00,0.9415
2026-07-11 08:16:04+00:00,0.9415
2026-07-11 08:17:04+00:00,0.9415
2026-07-11 08:18:04+00:00,0.9415
2026-07-11 08:19:16+00:00,0.9415
2026-07-11 08:20:09+00:00,0.9415
2026-07-11 08:21:04+00:00,0.9415
2026-07-11 08:22:04+00:00,0.9415
2026-07-11 08:23:04+00:00,0.9415
2026-07-11 08:24:04+00:00,0.9415
2026-07-11 08:25:04+00:00,0.9415
2026-07-11 08:26:04+00:00,0.9415
2026-07-11 08:27:04+00:00,0.9415
2026-07-11 08:28:04+00:00,0.9415
2026-07-11 08:29:05+00:00,0.9415
2026-07-11 08:30:20+00:00,0.9415
2026-07-11 08:31:04+00:00,0.9415
2026-07-11 08:32:03+00:00,0.9415
2026-07-11 08:33:05+00:00,0.9415
2026-07-11 08:34:04+00:00,0.9415
2026-07-11 08:35:04+00:00,0.9415
2026-07-11 08:36:04+00:00,0.9415
2026-07-11 08:37:04+00:00,0.9415
2026-07-11 08:38:04+00:00,0.9415
2026-07-11 08:39:04+00:00,0.9415
2026-07-11 08:40:05+00:00,0.9415
2026-07-11 08:41:04+00:00,0.9415
2026-07-11 08:42:03+00:00,0.9415
2026-07-11 08:43:05+00:00,0.9415
2026-07-11 08:44:04+00:00,0.9415
2026-07-11 08:45:04+00:00,0.9415
2026-07-11 08:46:06+00:00,0.9415
2026-07-11 08:47:03+00:00,0.9415
2026-07-11 08:48:04+00:00,0.9415
2026-07-11 08:49:05+00:00,0.9415
2026-07-11 08:50:06+00:00,0.9415
2026-07-11 08:51:15+00:00,0.9415
2026-07-11 08:52:04+00:00,0.9415
2026-07-11 08:53:05+00:00,0.9415
2026-07-11 08:54:04+00:00,0.9415
2026-07-11 08:55:04+00:00,0.9415
2026-07-11 08:56:05+00:00,0.9415
2026-07-11 08:57:05+00:00,0.9415
2026-07-11 08:58:05+00:00,0.9415
2026-07-11 08:59:05+00:00,0.9415
2026-07-11 09:00:06+00:00,0.9415
2026-07-11 09:01:05+00:00,0.9415
2026-07-11 09:02:05+00:00,0.9415
2026-07-11 09:03:06+00:00,0.9415
2026-07-11 09:04:04+00:00,0.9415
2026-07-11 09:05:04+00:00,0.9415
2026-07-11 09:06:04+00:00,0.9415
2026-07-11 09:07:05+00:00,0.9415
2026-07-11 09:08:04+00:00,0.9415
2026-07-11 09:09:05+00:00,0.9415
2026-07-11 09:10:05+00:00,0.9415
2026-07-11 09:11:03+00:00,0.9415
2026-07-11 09:12:06+00:00,0.9415
2026-07-11 09:13:05+00:00,0.9415
2026-07-11 09:14:06+00:00,0.9415
2026-07-11 09:15:05+00:00,0.9415
2026-07-11 09:16:18+00:00,0.9415
2026-07-11 09:17:04+00:00,0.9415
2026-07-11 09:18:04+00:00,0.9415
2026-07-11 09:19:04+00:00,0.9415
2026-07-11 09:20:04+00:00,0.9415
2026-07-11 09:21:18+00:00,0.9415
2026-07-11 09:22:04+00:00,0.9415
2026-07-11 09:23:05+00:00,0.9415
2026-07-11 09:24:04+00:00,0.9415
2026-07-11 09:25:05+00:00,0.9415
2026-07-11 09:26:04+00:00,0.9415
2026-07-11 09:27:04+00:00,0.9415
2026-07-11 09:28:05+00:00,0.9415
2026-07-11 09:29:04+00:00,0.9415
2026-07-11 09:30:05+00:00,0.9415
2026-07-11 09:31:04+00:00,0.9415
2026-07-11 09:32:04+00:00,0.9415
2026-07-11 09:33:05+00:00,0.9415
2026-07-11 09:34:04+00:00,0.9415
2026-07-11 09:35:04+00:00,0.9415
2026-07-11 09:36:03+00:00,0.9415
2026-07-11 09:37:04+00:00,0.9415
2026-07-11 09:38:04+00:00,0.9415
2026-07-11 09:39:03+00:00,0.9415
2026-07-11 09:40:07+00:00,0.9415
2026-07-11 09:41:17+00:00,0.9415
2026-07-11 09:42:05+00:00,0.9415
2026-07-11 09:43:05+00:00,0.9415
2026-07-11 09:44:04+00:00,0.9415
2026-07-11 09:45:04+00:00,0.9415
2026-07-11 09:46:03+00:00,0.9415
2026-07-11 09:47:04+00:00,0.9415
2026-07-11 09:48:05+00:00,0.9415
2026-07-11 09:49:03+00:00,0.9415
2026-07-11 09:50:05+00:00,0.9415
2026-07-11 09:51:04+00:00,0.9415
2026-07-11 09:52:04+00:00,0.9415
2026-07-11 09:53:04+00:00,0.9415
2026-07-11 09:54:04+00:00,0.9415
2026-07-11 09:55:04+00:00,0.9415
2026-07-11 09:56:04+00:00,0.9415
2026-07-11 09:57:05+00:00,0.9415
2026-07-11 09:58:04+00:00,0.9415
2026-07-11 09:59:05+00:00,0.9415
2026-07-11 10:00:06+00:00,0.9415
2026-07-11 10:01:04+00:00,0.9415
2026-07-11 10:02:04+00:00,0.9415
2026-07-11 10:03:04+00:00,0.9415
2026-07-11 10:04:19+00:00,0.9415
2026-07-11 10:05:04+00:00,0.9415
2026-07-11 10:06:07+00:00,0.9415
2026-07-11 10:07:05+00:00,0.9415
2026-07-11 10:08:05+00:00,0.9415
2026-07-11 10:09:05+00:00,0.9415
2026-07-11 10:10:07+00:00,0.9415
2026-07-11 10:11:04+00:00,0.9415
2026-07-11 10:12:04+00:00,0.9415
2026-07-11 10:13:05+00:00,0.9415
2026-07-11 10:14:05+00:00,0.9415
2026-07-11 10:15:04+00:00,0.9415
2026-07-11 10:16:06+00:00,0.9415
2026-07-11 10:17:07+00:00,0.9415
2026-07-11 10:18:05+00:00,0.9415
2026-07-11 10:19:05+00:00,0.9415
2026-07-11 10:20:06+00:00,0.9415
2026-07-11 10:21:05+00:00,0.9415
2026-07-11 10:22:04+00:00,0.9415
2026-07-11 10:23:05+00:00,0.9415
2026-07-11 10:24:05+00:00,0.9415
2026-07-11 10:25:16+00:00,0.9415
2026-07-11 10:26:04+00:00,0.9415
2026-07-11 10:27:04+00:00,0.9415
2026-07-11 10:28:20+00:00,0.9415
2026-07-11 10:29:05+00:00,0.9415
2026-07-11 10:30:06+00:00,0.9415
2026-07-11 10:31:04+00:00,0.9415
2026-07-11 10:32:04+00:00,0.9415
2026-07-11 10:33:05+00:00,0.9415
2026-07-11 10:34:04+00:00,0.9415
2026-07-11 10:35:05+00:00,0.9415
2026-07-11 10:36:05+00:00,0.9415
2026-07-11 10:37:04+00:00,0.9415
2026-07-11 10:38:05+00:00,0.9415
2026-07-11 10:39:05+00:00,0.9415
2026-07-11 10:40:05+00:00,0.9415
2026-07-11 10:41:04+00:00,0.9415
2026-07-11 10:42:05+00:00,0.9415
2026-07-11 10:43:07+00:00,0.9415
2026-07-11 10:44:05+00:00,0.9415
2026-07-11 10:45:05+00:00,0.9415
2026-07-11 10:46:05+00:00,0.9415
2026-07-11 10:47:04+00:00,0.9415
2026-07-11 10:48:05+00:00,0.9415
2026-07-11 10:49:18+00:00,0.9415
2026-07-11 10:50:05+00:00,0.9415
2026-07-11 10:51:06+00:00,0.9415
2026-07-11 10:52:04+00:00,0.9415
2026-07-11 10:53:05+00:00,0.9415
2026-07-11 10:54:04+00:00,0.9415
2026-07-11 10:55:07+00:00,0.9415
2026-07-11 10:56:05+00:00,0.9425
2026-07-11 10:57:08+00:00,0.9425
2026-07-11 10:58:04+00:00,0.9425
2026-07-11 10:59:17+00:00,0.9425
2026-07-11 11:00:06+00:00,0.9405
2026-07-11 11:01:05+00:00,0.9405
2026-07-11 11:02:05+00:00,0.9405
2026-07-11 11:03:04+00:00,0.9405
2026-07-11 11:04:07+00:00,0.9405
2026-07-11 11:05:05+00:00,0.9405
2026-07-11 11:06:04+00:00,0.9405
2026-07-11 11:07:04+00:00,0.9405
2026-07-11 11:08:05+00:00,0.9405
2026-07-11 11:09:05+00:00,0.9405
2026-07-11 11:10:05+00:00,0.9405
2026-07-11 11:11:04+00:00,0.9405
2026-07-11 11:12:04+00:00,0.9405
2026-07-11 11:13:16+00:00,0.9405
2026-07-11 11:14:05+00:00,0.9405
2026-07-11 11:15:04+00:00,0.9405
2026-07-11 11:16:04+00:00,0.9405
2026-07-11 11:17:04+00:00,0.9405
2026-07-11 11:18:05+00:00,0.9405
2026-07-11 11:19:06+00:00,0.9405
2026-07-11 11:20:04+00:00,0.9405
2026-07-11 11:21:04+00:00,0.9405
2026-07-11 11:22:04+00:00,0.9405
2026-07-11 11:23:05+00:00,0.9405
2026-07-11 11:24:04+00:00,0.9395
2026-07-11 11:25:04+00:00,0.9395
2026-07-11 11:26:04+00:00,0.9395
2026-07-11 11:27:18+00:00,0.9405
2026-07-11 11:28:05+00:00,0.9405
2026-07-11 11:29:06+00:00,0.9405
2026-07-11 11:30:08+00:00,0.9405
2026-07-11 11:31:05+00:00,0.9405
2026-07-11 11:32:04+00:00,0.9405
2026-07-11 11:33:05+00:00,0.9405
2026-07-11 11:34:05+00:00,0.9405
2026-07-11 11:35:19+00:00,0.9405
2026-07-11 11:36:05+00:00,0.9405
2026-07-11 11:37:05+00:00,0.9405
2026-07-11 11:38:19+00:00,0.9405
2026-07-11 11:39:05+00:00,0.9405
2026-07-11 11:40:06+00:00,0.9405
2026-07-11 11:41:05+00:00,0.9405
2026-07-11 11:42:05+00:00,0.9405
2026-07-11 11:43:04+00:00,0.9405
2026-07-11 11:44:05+00:00,0.9405
2026-07-11 11:45:05+00:00,0.9405
2026-07-11 11:46:04+00:00,0.9405
2026-07-11 11:47:05+00:00,0.9405
2026-07-11 11:48:05+00:00,0.9405
2026-07-11 11:49:05+00:00,0.9405
2026-07-11 11:50:17+00:00,0.9405
2026-07-11 11:51:05+00:00,0.9405
2026-07-11 11:52:04+00:00,0.9405
2026-07-11 11:53:06+00:00,0.9405
2026-07-11 11:54:06+00:00,0.9405
2026-07-11 11:55:04+00:00,0.9405
2026-07-11 11:56:06+00:00,0.9405
2026-07-11 11:57:05+00:00,0.9405
2026-07-11 11:58:05+00:00,0.9395
2026-07-11 11:59:04+00:00,0.9395
2026-07-11 12:00:09+00:00,0.9395
2026-07-11 12:01:15+00:00,0.94
2026-07-11 12:02:05+00:00,0.9405
2026-07-11 12:03:05+00:00,0.9415
2026-07-11 12:04:04+00:00,0.9415
2026-07-11 12:05:04+00:00,0.9415
2026-07-11 12:06:04+00:00,0.9405
2026-07-11 12:07:05+00:00,0.9405
2026-07-11 12:08:06+00:00,0.9405
2026-07-11 12:09:05+00:00,0.9405
2026-07-11 12:10:04+00:00,0.9405
2026-07-11 12:11:04+00:00,0.9405
2026-07-11 12:12:04+00:00,0.9405
2026-07-11 12:13:04+00:00,0.9405
2026-07-11 12:14:04+00:00,0.9405
2026-07-11 12:15:04+00:00,0.9405
2026-07-11 12:16:03+00:00,0.9405
2026-07-11 12:17:04+00:00,0.9405
2026-07-11 12:18:05+00:00,0.9405
2026-07-11 12:19:03+00:00,0.9405
2026-07-11 12:20:05+00:00,0.9405
2026-07-11 12:21:04+00:00,0.9405
2026-07-11 12:22:06+00:00,0.9405
2026-07-11 12:23:05+00:00,0.9415
2026-07-11 12:24:03+00:00,0.9415
2026-07-11 12:25:04+00:00,0.9415
2026-07-11 12:26:04+00:00,0.9415
2026-07-11 12:27:04+00:00,0.941
2026-07-11 12:28:04+00:00,0.941
2026-07-11 12:29:04+00:00,0.941
2026-07-11 12:30:05+00:00,0.9405
2026-07-11 12:31:05+00:00,0.9405
2026-07-11 12:32:05+00:00,0.9405
2026-07-11 12:33:06+00:00,0.9405
2026-07-11 12:34:04+00:00,0.9415
2026-07-11 12:35:04+00:00,0.9415
2026-07-11 12:36:05+00:00,0.9415
2026-07-11 12:37:05+00:00,0.9405
2026-07-11 12:38:05+00:00,0.9405
2026-07-11 12:39:05+00:00,0.9405
2026-07-11 12:40:05+00:00,0.9405
2026-07-11 12:41:05+00:00,0.9405
2026-07-11 12:42:05+00:00,0.9405
2026-07-11 12:43:05+00:00,0.9405
2026-07-11 12:44:05+00:00,0.9405
2026-07-11 12:45:05+00:00,0.9405
2026-07-11 12:46:04+00:00,0.9405
2026-07-11 12:47:04+00:00,0.9405
2026-07-11 12:48:06+00:00,0.9405
2026-07-11 12:49:04+00:00,0.9405
2026-07-11 12:50:06+00:00,0.9405
2026-07-11 12:51:04+00:00,0.9405
2026-07-11 12:52:04+00:00,0.9405
2026-07-11 12:53:03+00:00,0.9405
2026-07-11 12:54:05+00:00,0.9405
2026-07-11 12:55:05+00:00,0.9405
2026-07-11 12:56:05+00:00,0.9405
2026-07-11 12:57:05+00:00,0.9405
2026-07-11 12:58:04+00:00,0.9405
2026-07-11 12:59:05+00:00,0.9405
2026-07-11 13:00:05+00:00,0.9405
2026-07-11 13:01:21+00:00,0.9405
2026-07-11 13:02:05+00:00,0.9405
2026-07-11 13:03:05+00:00,0.9405
2026-07-11 13:04:05+00:00,0.9405
2026-07-11 13:05:04+00:00,0.9405
2026-07-11 13:06:18+00:00,0.9405
2026-07-11 13:07:04+00:00,0.9405
2026-07-11 13:08:05+00:00,0.9405
2026-07-11 13:09:05+00:00,0.9405
2026-07-11 13:10:04+00:00,0.9405
2026-07-11 13:11:04+00:00,0.9405
2026-07-11 13:12:03+00:00,0.9405
2026-07-11 13:13:06+00:00,0.9405
2026-07-11 13:14:05+00:00,0.9405
2026-07-11 13:15:06+00:00,0.9405
2026-07-11 13:16:06+00:00,0.9405
2026-07-11 13:17:19+00:00,0.9405
2026-07-11 13:18:06+00:00,0.9405
2026-07-11 13:19:05+00:00,0.9405
2026-07-11 13:20:05+00:00,0.9415
2026-07-11 13:21:05+00:00,0.9415
2026-07-11 13:22:06+00:00,0.9415
2026-07-11 13:23:06+00:00,0.9425
2026-07-11 13:24:04+00:00,0.9425
2026-07-11 13:25:04+00:00,0.9425
2026-07-11 13:26:04+00:00,0.9425
2026-07-11 13:27:04+00:00,0.9425
2026-07-11 13:28:05+00:00,0.9425
2026-07-11 13:29:04+00:00,0.9425
2026-07-11 13:30:05+00:00,0.9425
2026-07-11 13:31:04+00:00,0.9425
2026-07-11 13:32:04+00:00,0.9425
2026-07-11 13:33:05+00:00,0.9425
2026-07-11 13:34:03+00:00,0.9425
2026-07-11 13:35:05+00:00,0.9415
2026-07-11 13:36:04+00:00,0.9415
2026-07-11 13:37:04+00:00,0.9415
2026-07-11 13:38:05+00:00,0.9415
2026-07-11 13:39:04+00:00,0.9415
2026-07-11 13:40:07+00:00,0.9415
2026-07-11 13:41:07+00:00,0.9415
2026-07-11 13:42:04+00:00,0.9415
2026-07-11 13:43:05+00:00,0.9415
2026-07-11 13:44:04+00:00,0.9415
2026-07-11 13:45:05+00:00,0.9415
2026-07-11 13:46:03+00:00,0.9415
2026-07-11 13:47:04+00:00,0.9415
2026-07-11 13:48:05+00:00,0.9415
2026-07-11 13:49:03+00:00,0.9415
2026-07-11 13:50:04+00:00,0.9415
2026-07-11 13:51:04+00:00,0.9415
2026-07-11 13:52:04+00:00,0.9415
2026-07-11 13:53:04+00:00,0.9415
2026-07-11 13:54:04+00:00,0.9415
2026-07-11 13:55:06+00:00,0.9415
2026-07-11 13:56:04+00:00,0.9415
2026-07-11 13:57:05+00:00,0.9415
2026-07-11 13:58:05+00:00,0.9415
2026-07-11 13:59:05+00:00,0.9415
2026-07-11 14:00:06+00:00,0.9415
2026-07-11 14:01:05+00:00,0.9415
2026-07-11 14:02:04+00:00,0.9415
2026-07-11 14:03:05+00:00,0.9415
2026-07-11 14:04:04+00:00,0.9415
2026-07-11 14:05:04+00:00,0.9415
2026-07-11 14:06:04+00:00,0.9415
2026-07-11 14:07:07+00:00,0.9415
2026-07-11 14:08:05+00:00,0.9415
2026-07-11 14:09:04+00:00,0.9415
2026-07-11 14:10:05+00:00,0.9415
2026-07-11 14:11:04+00:00,0.9415
2026-07-11 14:12:04+00:00,0.9415
2026-07-11 14:13:04+00:00,0.9415
2026-07-11 14:14:03+00:00,0.9415
2026-07-11 14:15:05+00:00,0.9415
2026-07-11 14:16:04+00:00,0.9415
2026-07-11 14:17:05+00:00,0.9415
2026-07-11 14:18:05+00:00,0.9415
2026-07-11 14:19:05+00:00,0.9415
2026-07-11 14:20:07+00:00,0.9415
2026-07-11 14:21:04+00:00,0.9415
2026-07-11 14:22:04+00:00,0.9415
2026-07-11 14:23:04+00:00,0.9415
2026-07-11 14:24:05+00:00,0.9415
2026-07-11 14:25:04+00:00,0.9415
2026-07-11 14:26:04+00:00,0.9415
2026-07-11 14:27:03+00:00,0.9415
2026-07-11 14:28:05+00:00,0.9415
2026-07-11 14:29:03+00:00,0.9415
2026-07-11 14:30:06+00:00,0.9415
2026-07-11 14:31:05+00:00,0.9415
2026-07-11 14:32:04+00:00,0.9415
2026-07-11 14:33:20+00:00,0.9415
2026-07-11 14:34:07+00:00,0.9415
2026-07-11 14:35:07+00:00,0.9415
2026-07-11 14:36:06+00:00,0.9415
2026-07-11 14:37:04+00:00,0.9415
2026-07-11 14:38:04+00:00,0.9415
2026-07-11 14:39:04+00:00,0.9415
2026-07-11 14:40:04+00:00,0.9415
2026-07-11 14:41:03+00:00,0.9415
2026-07-11 14:42:04+00:00,0.9415
2026-07-11 14:43:04+00:00,0.9415
2026-07-11 14:44:04+00:00,0.9415
2026-07-11 14:45:04+00:00,0.9415
2026-07-11 14:46:04+00:00,0.9415
2026-07-11 14:47:04+00:00,0.9415
2026-07-11 14:48:18+00:00,0.9415
2026-07-11 14:49:03+00:00,0.9415
2026-07-11 14:50:04+00:00,0.9415
2026-07-11 14:51:04+00:00,0.9415
2026-07-11 14:52:04+00:00,0.9415
2026-07-11 14:53:04+00:00,0.9415
2026-07-11 14:54:03+00:00,0.9415
2026-07-11 14:55:04+00:00,0.9415
2026-07-11 14:56:04+00:00,0.9425
2026-07-11 14:57:04+00:00,0.9425
2026-07-11 14:58:04+00:00,0.9425
2026-07-11 14:59:04+00:00,0.9425
2026-07-11 15:00:07+00:00,0.9425
2026-07-11 15:01:04+00:00,0.9425
2026-07-11 15:02:06+00:00,0.9425
2026-07-11 15:03:04+00:00,0.9425
2026-07-11 15:04:04+00:00,0.9425
2026-07-11 15:05:07+00:00,0.9425
2026-07-11 15:06:05+00:00,0.9425
2026-07-11 15:07:05+00:00,0.9425
2026-07-11 15:08:05+00:00,0.9425
2026-07-11 15:09:05+00:00,0.9425
2026-07-11 15:10:05+00:00,0.9425
2026-07-11 15:11:07+00:00,0.9425
2026-07-11 15:12:05+00:00,0.9425
2026-07-11 15:13:05+00:00,0.9425
2026-07-11 15:14:05+00:00,0.9425
2026-07-11 15:15:07+00:00,0.9425
2026-07-11 15:16:05+00:00,0.9425
2026-07-11 15:17:05+00:00,0.9425
2026-07-11 15:18:05+00:00,0.9425
2026-07-11 15:19:04+00:00,0.9425
2026-07-11 15:20:06+00:00,0.9425
2026-07-11 15:21:05+00:00,0.9425
2026-07-11 15:22:04+00:00,0.9425
2026-07-11 15:23:04+00:00,0.9425
2026-07-11 15:24:05+00:00,0.9425
2026-07-11 15:25:05+00:00,0.9425
2026-07-11 15:26:05+00:00,0.9425
2026-07-11 15:27:04+00:00,0.9425
2026-07-11 15:28:05+00:00,0.9425
2026-07-11 15:29:04+00:00,0.9425
2026-07-11 15:30:06+00:00,0.9425
2026-07-11 15:31:05+00:00,0.9425
2026-07-11 15:32:05+00:00,0.9425
2026-07-11 15:33:06+00:00,0.9425
2026-07-11 15:34:05+00:00,0.9425
2026-07-11 15:35:06+00:00,0.9425
2026-07-11 15:36:08+00:00,0.9425
2026-07-11 15:37:05+00:00,0.9425
2026-07-11 15:38:05+00:00,0.9425
2026-07-11 15:39:06+00:00,0.9425
2026-07-11 15:40:05+00:00,0.9425
2026-07-11 15:41:07+00:00,0.9425
2026-07-11 15:42:05+00:00,0.9425
2026-07-11 15:43:05+00:00,0.9425
2026-07-11 15:44:04+00:00,0.9425
2026-07-11 15:45:06+00:00,0.9425
2026-07-11 15:46:05+00:00,0.9425
2026-07-11 15:47:05+00:00,0.9425
2026-07-11 15:48:05+00:00,0.9425
2026-07-11 15:49:06+00:00,0.9425
2026-07-11 15:50:04+00:00,0.9425
2026-07-11 15:51:04+00:00,0.9425
2026-07-11 15:52:04+00:00,0.9425
2026-07-11 15:53:04+00:00,0.9415
2026-07-11 15:54:04+00:00,0.9415
2026-07-11 15:55:04+00:00,0.9415
2026-07-11 15:56:04+00:00,0.9415
2026-07-11 15:57:04+00:00,0.9415
2026-07-11 15:58:04+00:00,0.9415
2026-07-11 15:59:04+00:00,0.9415
2026-07-11 16:00:05+00:00,0.9415
2026-07-11 16:01:04+00:00,0.9415
2026-07-11 16:02:04+00:00,0.9415
2026-07-11 16:03:04+00:00,0.9415
2026-07-11 16:04:04+00:00,0.9415
2026-07-11 16:05:04+00:00,0.9415
2026-07-11 16:06:04+00:00,0.9415
2026-07-11 16:07:07+00:00,0.9415
2026-07-11 16:08:06+00:00,0.9415
2026-07-11 16:09:06+00:00,0.941
2026-07-11 16:10:05+00:00,0.941
2026-07-11 16:11:06+00:00,0.941
2026-07-11 16:12:04+00:00,0.941
2026-07-11 16:13:05+00:00,0.9405
2026-07-11 16:14:04+00:00,0.9405
2026-07-11 16:15:04+00:00,0.9405
2026-07-11 16:16:04+00:00,0.9405
2026-07-11 16:17:04+00:00,0.9405
2026-07-11 16:18:04+00:00,0.9405
2026-07-11 16:19:04+00:00,0.9405
2026-07-11 16:20:04+00:00,0.9405
2026-07-11 16:21:04+00:00,0.9405
2026-07-11 16:22:04+00:00,0.9405
2026-07-11 16:23:04+00:00,0.9405
2026-07-11 16:24:04+00:00,0.9405
2026-07-11 16:25:04+00:00,0.9405
2026-07-11 16:26:04+00:00,0.9405
2026-07-11 16:27:04+00:00,0.9405
2026-07-11 16:28:04+00:00,0.9405
2026-07-11 16:29:03+00:00,0.9405
2026-07-11 16:30:05+00:00,0.9405
2026-07-11 16:31:05+00:00,0.9405
2026-07-11 16:32:04+00:00,0.9405
2026-07-11 16:33:04+00:00,0.9405
2026-07-11 16:34:07+00:00,0.9405
2026-07-11 16:35:04+00:00,0.9405
2026-07-11 16:36:05+00:00,0.9405
2026-07-11 16:37:06+00:00,0.9405
2026-07-11 16:38:04+00:00,0.9405
2026-07-11 16:39:04+00:00,0.9405
2026-07-11 16:40:05+00:00,0.9405
2026-07-11 16:41:04+00:00,0.9405
2026-07-11 16:42:04+00:00,0.9405
2026-07-11 16:43:05+00:00,0.9405
2026-07-11 16:44:05+00:00,0.9405
2026-07-11 16:45:04+00:00,0.9405
2026-07-11 16:46:05+00:00,0.9405
2026-07-11 16:47:05+00:00,0.9405
2026-07-11 16:48:04+00:00,0.9405
2026-07-11 16:49:04+00:00,0.9405
2026-07-11 16:50:04+00:00,0.9405
2026-07-11 16:51:05+00:00,0.9405
2026-07-11 16:52:04+00:00,0.9405
2026-07-11 16:53:04+00:00,0.9405
2026-07-11 16:54:04+00:00,0.9405
2026-07-11 16:55:04+00:00,0.9405
2026-07-11 16:56:05+00:00,0.9405
2026-07-11 16:57:03+00:00,0.9405
2026-07-11 16:58:04+00:00,0.9405
2026-07-11 16:59:04+00:00,0.9405
2026-07-11 17:00:09+00:00,0.9405
2026-07-11 17:01:19+00:00,0.9405
2026-07-11 17:02:04+00:00,0.9405
2026-07-11 17:03:05+00:00,0.9405
2026-07-11 17:04:04+00:00,0.9405
2026-07-11 17:05:04+00:00,0.9405
2026-07-11 17:06:04+00:00,0.9405
2026-07-11 17:07:04+00:00,0.9405
2026-07-11 17:08:04+00:00,0.9405
2026-07-11 17:09:04+00:00,0.9405
2026-07-11 17:10:04+00:00,0.9405
2026-07-11 17:11:04+00:00,0.9405
2026-07-11 17:12:04+00:00,0.9405
2026-07-11 17:13:05+00:00,0.9405
2026-07-11 17:14:17+00:00,0.9405
2026-07-11 17:15:04+00:00,0.9405
2026-07-11 17:16:03+00:00,0.9405
2026-07-11 17:17:04+00:00,0.9405
2026-07-11 17:18:04+00:00,0.9405
2026-07-11 17:19:05+00:00,0.9405
2026-07-11 17:20:05+00:00,0.9405
2026-07-11 17:21:04+00:00,0.94
2026-07-11 17:22:05+00:00,0.9395
2026-07-11 17:23:04+00:00,0.9395
2026-07-11 17:24:07+00:00,0.9395
2026-07-11 17:25:07+00:00,0.9395
2026-07-11 17:26:06+00:00,0.9395
2026-07-11 17:27:04+00:00,0.9395
2026-07-11 17:28:04+00:00,0.9395
2026-07-11 17:29:06+00:00,0.9395
2026-07-11 17:30:06+00:00,0.9395
2026-07-11 17:31:04+00:00,0.9395
2026-07-11 17:32:04+00:00,0.9405
2026-07-11 17:33:05+00:00,0.9405
2026-07-11 17:34:06+00:00,0.9405
2026-07-11 17:35:06+00:00,0.9405
2026-07-11 17:36:05+00:00,0.9405
2026-07-11 17:37:05+00:00,0.94
2026-07-11 17:38:05+00:00,0.94
2026-07-11 17:39:05+00:00,0.9405
2026-07-11 17:40:07+00:00,0.9405
2026-07-11 17:41:05+00:00,0.9405
2026-07-11 17:42:05+00:00,0.9405
2026-07-11 17:43:04+00:00,0.9405
2026-07-11 17:44:05+00:00,0.9405
2026-07-11 17:45:04+00:00,0.9405
2026-07-11 17:46:06+00:00,0.9405
2026-07-11 17:47:04+00:00,0.9405
2026-07-11 17:48:04+00:00,0.9405
2026-07-11 17:49:04+00:00,0.9405
2026-07-11 17:50:05+00:00,0.9405
2026-07-11 17:51:04+00:00,0.9405
2026-07-11 17:52:04+00:00,0.9405
2026-07-11 17:53:05+00:00,0.9405
2026-07-11 17:54:04+00:00,0.9405
2026-07-11 17:55:05+00:00,0.9405
2026-07-11 17:56:05+00:00,0.9405
2026-07-11 17:57:05+00:00,0.9405
2026-07-11 17:58:05+00:00,0.9405
2026-07-11 17:59:05+00:00,0.9405
2026-07-11 18:00:08+00:00,0.9405
2026-07-11 18:01:05+00:00,0.9405
2026-07-11 18:02:04+00:00,0.9395
2026-07-11 18:03:05+00:00,0.9395
2026-07-11 18:04:06+00:00,0.9395
2026-07-11 18:05:05+00:00,0.9395
2026-07-11 18:06:06+00:00,0.9395
2026-07-11 18:07:18+00:00,0.9395
2026-07-11 18:08:06+00:00,0.9395
2026-07-11 18:09:04+00:00,0.9395
2026-07-11 18:10:05+00:00,0.9405
2026-07-11 18:11:04+00:00,0.9405
2026-07-11 18:12:07+00:00,0.9405
2026-07-11 18:13:05+00:00,0.9405
2026-07-11 18:14:04+00:00,0.9395
2026-07-11 18:15:06+00:00,0.9395
2026-07-11 18:16:05+00:00,0.9395
2026-07-11 18:17:05+00:00,0.9395
2026-07-11 18:18:04+00:00,0.9395
2026-07-11 18:19:05+00:00,0.9395
2026-07-11 18:20:05+00:00,0.9395
2026-07-11 18:21:05+00:00,0.9395
2026-07-11 18:22:04+00:00,0.9395
2026-07-11 18:23:05+00:00,0.9395
2026-07-11 18:24:04+00:00,0.9395
2026-07-11 18:25:05+00:00,0.9395
2026-07-11 18:26:05+00:00,0.9395
2026-07-11 18:27:04+00:00,0.9395
2026-07-11 18:28:05+00:00,0.9395
2026-07-11 18:29:05+00:00,0.9395
2026-07-11 18:30:06+00:00,0.9395
2026-07-11 18:31:04+00:00,0.9395
2026-07-11 18:32:04+00:00,0.9395
2026-07-11 18:33:04+00:00,0.9395
2026-07-11 18:34:05+00:00,0.9395
2026-07-11 18:35:05+00:00,0.9395
2026-07-11 18:36:04+00:00,0.9395
2026-07-11 18:37:05+00:00,0.9395
2026-07-11 18:38:06+00:00,0.9395
2026-07-11 18:39:05+00:00,0.9395
2026-07-11 18:40:05+00:00,0.9395
2026-07-11 18:41:04+00:00,0.9395
2026-07-11 18:42:05+00:00,0.9395
2026-07-11 18:43:04+00:00,0.9395
2026-07-11 18:44:04+00:00,0.9395
2026-07-11 18:45:05+00:00,0.9395
2026-07-11 18:46:05+00:00,0.9395
2026-07-11 18:47:05+00:00,0.9395
2026-07-11 18:48:05+00:00,0.9395
2026-07-11 18:49:05+00:00,0.9395
2026-07-11 18:50:05+00:00,0.9395
2026-07-11 18:51:04+00:00,0.9395
2026-07-11 18:52:05+00:00,0.9395
2026-07-11 18:53:04+00:00,0.9395
2026-07-11 18:54:05+00:00,0.9395
2026-07-11 18:55:05+00:00,0.9395
2026-07-11 18:56:05+00:00,0.9395
2026-07-11 18:57:05+00:00,0.9395
2026-07-11 18:58:05+00:00,0.9395
2026-07-11 18:59:07+00:00,0.9395
2026-07-11 19:00:07+00:00,0.9395
2026-07-11 19:01:05+00:00,0.9395
2026-07-11 19:02:04+00:00,0.9395
2026-07-11 19:03:04+00:00,0.9395
2026-07-11 19:04:07+00:00,0.9395
2026-07-11 19:05:05+00:00,0.9395
2026-07-11 19:06:05+00:00,0.9395
2026-07-11 19:07:05+00:00,0.9395
2026-07-11 19:08:05+00:00,0.9395
2026-07-11 19:09:07+00:00,0.9395
2026-07-11 19:10:06+00:00,0.9395
2026-07-11 19:11:05+00:00,0.9395
2026-07-11 19:12:05+00:00,0.9395
2026-07-11 19:13:05+00:00,0.9395
2026-07-11 19:14:05+00:00,0.9395
2026-07-11 19:15:05+00:00,0.9395
2026-07-11 19:16:05+00:00,0.9395
2026-07-11 19:17:05+00:00,0.9395
2026-07-11 19:18:05+00:00,0.9395
2026-07-11 19:19:04+00:00,0.9395
2026-07-11 19:20:05+00:00,0.9395
2026-07-11 19:21:05+00:00,0.9395
2026-07-11 19:22:04+00:00,0.9395
2026-07-11 19:23:04+00:00,0.9395
2026-07-11 19:24:05+00:00,0.9395
2026-07-11 19:25:05+00:00,0.9395
2026-07-11 19:26:06+00:00,0.9395
2026-07-11 19:27:04+00:00,0.9395
2026-07-11 19:28:04+00:00,0.9395
2026-07-11 19:29:04+00:00,0.9395
2026-07-11 19:30:05+00:00,0.9395
2026-07-11 19:31:04+00:00,0.9395
2026-07-11 19:32:04+00:00,0.9395
2026-07-11 19:33:05+00:00,0.9395
2026-07-11 19:34:05+00:00,0.9395
2026-07-11 19:35:08+00:00,0.9395
2026-07-11 19:36:04+00:00,0.9395
2026-07-11 19:37:04+00:00,0.9395
2026-07-11 19:38:05+00:00,0.9395
2026-07-11 19:39:05+00:00,0.9395
2026-07-11 19:40:05+00:00,0.9395
2026-07-11 19:41:04+00:00,0.9395
2026-07-11 19:42:04+00:00,0.9395
2026-07-11 19:43:05+00:00,0.9395
2026-07-11 19:44:04+00:00,0.9395
2026-07-11 19:45:05+00:00,0.9395
2026-07-11 19:46:05+00:00,0.9395
2026-07-11 19:47:04+00:00,0.9395
2026-07-11 19:48:05+00:00,0.9395
2026-07-11 19:49:04+00:00,0.9395
2026-07-11 19:50:05+00:00,0.9395
2026-07-11 19:51:05+00:00,0.9395
2026-07-11 19:52:05+00:00,0.9395
2026-07-11 19:53:04+00:00,0.9405
2026-07-11 19:54:05+00:00,0.9405
2026-07-11 19:55:05+00:00,0.9405
2026-07-11 19:56:05+00:00,0.9405
2026-07-11 19:57:05+00:00,0.9405
2026-07-11 19:58:05+00:00,0.9405
2026-07-11 19:59:06+00:00,0.9405
2026-07-11 20:00:08+00:00,0.9405
2026-07-11 20:01:08+00:00,0.9405
2026-07-11 20:02:19+00:00,0.9405
2026-07-11 20:03:05+00:00,0.9405
2026-07-11 20:04:05+00:00,0.9405
2026-07-11 20:05:06+00:00,0.9405
2026-07-11 20:06:05+00:00,0.9405
2026-07-11 20:07:04+00:00,0.9405
2026-07-11 20:08:05+00:00,0.9405
2026-07-11 20:09:05+00:00,0.9405
2026-07-11 20:10:05+00:00,0.9405
2026-07-11 20:11:05+00:00,0.9405
2026-07-11 20:12:05+00:00,0.9405
2026-07-11 20:13:05+00:00,0.9405
2026-07-11 20:14:05+00:00,0.9405
2026-07-11 20:15:05+00:00,0.9405
2026-07-11 20:16:04+00:00,0.9405
2026-07-11 20:17:04+00:00,0.9405
2026-07-11 20:18:04+00:00,0.9405
2026-07-11 20:19:05+00:00,0.9405
2026-07-11 20:20:05+00:00,0.9405
2026-07-11 20:21:04+00:00,0.9405
2026-07-11 20:22:05+00:00,0.9405
2026-07-11 20:23:04+00:00,0.9405
2026-07-11 20:24:05+00:00,0.9405
2026-07-11 20:25:04+00:00,0.9405
2026-07-11 20:26:04+00:00,0.9415
2026-07-11 20:27:06+00:00,0.9415
2026-07-11 20:28:04+00:00,0.9415
2026-07-11 20:29:05+00:00,0.9415
2026-07-11 20:30:06+00:00,0.9415
2026-07-11 20:31:05+00:00,0.9415
2026-07-11 20:32:04+00:00,0.9415
2026-07-11 20:33:04+00:00,0.9415
2026-07-11 20:34:05+00:00,0.9415
2026-07-11 20:35:05+00:00,0.9415
2026-07-11 20:36:04+00:00,0.9425
2026-07-11 20:37:04+00:00,0.9425
2026-07-11 20:38:05+00:00,0.9425
2026-07-11 20:39:04+00:00,0.9425
2026-07-11 20:40:04+00:00,0.9425
2026-07-11 20:41:06+00:00,0.9425
2026-07-11 20:42:04+00:00,0.9425
2026-07-11 20:43:04+00:00,0.9425
2026-07-11 20:44:04+00:00,0.9425
2026-07-11 20:45:04+00:00,0.9425
2026-07-11 20:46:05+00:00,0.9425
2026-07-11 20:47:04+00:00,0.9425
2026-07-11 20:48:03+00:00,0.9435
2026-07-11 20:49:04+00:00,0.9435
2026-07-11 20:50:05+00:00,0.9435
2026-07-11 20:51:04+00:00,0.9435
2026-07-11 20:52:05+00:00,0.9435
2026-07-11 20:53:06+00:00,0.9435
2026-07-11 20:54:05+00:00,0.946
2026-07-11 20:55:05+00:00,0.943
2026-07-11 20:56:05+00:00,0.943
2026-07-11 20:57:06+00:00,0.946
2026-07-11 20:58:05+00:00,0.945
2026-07-11 20:59:06+00:00,0.9455
2026-07-11 21:00:07+00:00,0.9445
2026-07-11 21:01:05+00:00,0.9445
2026-07-11 21:02:05+00:00,0.9445
2026-07-11 21:03:21+00:00,0.9425
2026-07-11 21:04:03+00:00,0.9425
2026-07-11 21:05:05+00:00,0.943
2026-07-11 21:06:04+00:00,0.9425
2026-07-11 21:07:04+00:00,0.9425
2026-07-11 21:08:05+00:00,0.942
2026-07-11 21:09:04+00:00,0.941
2026-07-11 21:10:04+00:00,0.9415
2026-07-11 21:11:04+00:00,0.9425
2026-07-11 21:12:04+00:00,0.9395
2026-07-11 21:13:07+00:00,0.9395
2026-07-11 21:14:04+00:00,0.9385
2026-07-11 21:15:05+00:00,0.9395
2026-07-11 21:16:04+00:00,0.94
2026-07-11 21:17:04+00:00,0.9405
2026-07-11 21:18:04+00:00,0.9415
2026-07-11 21:19:05+00:00,0.9425
2026-07-11 21:20:05+00:00,0.946
2026-07-11 21:21:17+00:00,0.9445
2026-07-11 21:22:04+00:00,0.9455
2026-07-11 21:23:05+00:00,0.945
2026-07-11 21:24:04+00:00,0.9455
2026-07-11 21:25:06+00:00,0.9455
2026-07-11 21:26:04+00:00,0.946
2026-07-11 21:27:04+00:00,0.9475
2026-07-11 21:28:05+00:00,0.9475
2026-07-11 21:29:03+00:00,0.947
2026-07-11 21:30:05+00:00,0.9465
2026-07-11 21:31:05+00:00,0.9465
2026-07-11 21:32:05+00:00,0.947
2026-07-11 21:33:05+00:00,0.9475
2026-07-11 21:34:03+00:00,0.947
2026-07-11 21:35:04+00:00,0.945
2026-07-11 21:36:05+00:00,0.9475
2026-07-11 21:37:05+00:00,0.932
2026-07-11 21:38:07+00:00,0.9225
2026-07-11 21:39:04+00:00,0.9175
2026-07-11 21:40:04+00:00,0.9195
2026-07-11 21:41:05+00:00,0.9195
2026-07-11 21:42:16+00:00,0.917
2026-07-11 21:43:05+00:00,0.916
2026-07-11 21:44:03+00:00,0.9165
2026-07-11 21:45:04+00:00,0.916
2026-07-11 21:46:05+00:00,0.921
2026-07-11 21:47:04+00:00,0.9175
2026-07-11 21:48:05+00:00,0.942
2026-07-11 21:49:07+00:00,0.943
2026-07-11 21:50:04+00:00,0.943
2026-07-11 21:51:04+00:00,0.9435
2026-07-11 21:52:06+00:00,0.9485
2026-07-11 21:53:16+00:00,0.9465
2026-07-11 21:54:05+00:00,0.948
2026-07-11 21:55:04+00:00,0.9475
2026-07-11 21:56:04+00:00,0.9475
2026-07-11 21:57:04+00:00,0.948
2026-07-11 21:58:05+00:00,0.948
2026-07-11 21:59:05+00:00,0.9485
2026-07-11 22:00:04+00:00,0.9485
2026-07-11 22:01:05+00:00,0.9475
2026-07-11 22:02:05+00:00,0.948
2026-07-11 22:03:07+00:00,0.949
2026-07-11 22:04:05+00:00,0.948
2026-07-11 22:05:06+00:00,0.948
2026-07-11 22:06:04+00:00,0.9455
2026-07-11 22:07:05+00:00,0.9455
2026-07-11 22:08:05+00:00,0.9465
2026-07-11 22:09:05+00:00,0.943
2026-07-11 22:10:05+00:00,0.944
2026-07-11 22:11:05+00:00,0.944
2026-07-11 22:12:05+00:00,0.9435
2026-07-11 22:13:05+00:00,0.942
2026-07-11 22:14:04+00:00,0.9425
2026-07-11 22:15:07+00:00,0.9425
2026-07-11 22:16:05+00:00,0.9425
2026-07-11 22:17:07+00:00,0.91
2026-07-11 22:18:05+00:00,0.9345
2026-07-11 22:19:07+00:00,0.939
2026-07-11 22:20:07+00:00,0.9415
2026-07-11 22:21:05+00:00,0.936
2026-07-11 22:22:16+00:00,0.9405
2026-07-11 22:23:05+00:00,0.9405
2026-07-11 22:24:05+00:00,0.942
2026-07-11 22:25:08+00:00,0.943
2026-07-11 22:26:04+00:00,0.936
2026-07-11 22:27:19+00:00,0.9365
2026-07-11 22:28:05+00:00,0.9365
2026-07-11 22:29:04+00:00,0.9365
2026-07-11 22:30:06+00:00,0.947
2026-07-11 22:31:05+00:00,0.9425
2026-07-11 22:32:05+00:00,0.9415
2026-07-11 22:33:05+00:00,0.9415
2026-07-11 22:34:04+00:00,0.9385
2026-07-11 22:35:05+00:00,0.9375
2026-07-11 22:36:05+00:00,0.9375
2026-07-11 22:37:04+00:00,0.9345
2026-07-11 22:38:06+00:00,0.933
2026-07-11 22:39:05+00:00,0.933
2026-07-11 22:40:05+00:00,0.9335
2026-07-11 22:41:04+00:00,0.9345
2026-07-11 22:42:04+00:00,0.9345
2026-07-11 22:43:05+00:00,0.9345
2026-07-11 22:44:06+00:00,0.938
2026-07-11 22:45:04+00:00,0.9355
2026-07-11 22:46:05+00:00,0.9375
2026-07-11 22:47:04+00:00,0.9385
2026-07-11 22:48:18+00:00,0.9355
2026-07-11 22:49:04+00:00,0.9365
2026-07-11 22:50:04+00:00,0.9365
2026-07-11 22:51:07+00:00,0.938
2026-07-11 22:52:05+00:00,0.943
2026-07-11 22:53:05+00:00,0.9385
2026-07-11 22:54:05+00:00,0.9385
2026-07-11 22:55:05+00:00,0.944
2026-07-11 22:56:04+00:00,0.942
2026-07-11 22:57:06+00:00,0.9445
2026-07-11 22:58:04+00:00,0.943
2026-07-11 22:59:04+00:00,0.9455
2026-07-11 23:00:05+00:00,0.9415
2026-07-11 23:01:05+00:00,0.941
2026-07-11 23:02:05+00:00,0.9385
2026-07-11 23:03:17+00:00,0.9355
2026-07-11 23:04:05+00:00,0.936
2026-07-11 23:05:05+00:00,0.94
2026-07-11 23:06:05+00:00,0.9345
2026-07-11 23:07:05+00:00,0.931
2026-07-11 23:08:05+00:00,0.9325
2026-07-11 23:09:05+00:00,0.9385
2026-07-11 23:10:06+00:00,0.968
2026-07-11 23:11:05+00:00,0.976
2026-07-11 23:12:05+00:00,0.981
2026-07-11 23:13:05+00:00,0.9805
2026-07-11 23:14:05+00:00,0.9825
2026-07-11 23:15:05+00:00,0.982
2026-07-11 23:16:05+00:00,0.982
2026-07-11 23:17:05+00:00,0.9905
2026-07-11 23:18:06+00:00,0.988
2026-07-11 23:19:05+00:00,0.9835
2026-07-11 23:20:06+00:00,0.985
2026-07-11 23:21:05+00:00,0.983
2026-07-11 23:22:05+00:00,0.982
2026-07-11 23:23:07+00:00,0.983
2026-07-11 23:24:05+00:00,0.9855
2026-07-11 23:25:04+00:00,0.9885
2026-07-11 23:26:05+00:00,0.987
2026-07-11 23:27:05+00:00,0.987
2026-07-11 23:28:05+00:00,0.985
2026-07-11 23:29:05+00:00,0.9855
2026-07-11 23:30:08+00:00,0.987
2026-07-11 23:31:20+00:00,0.9865
2026-07-11 23:32:06+00:00,0.9875
2026-07-11 23:33:05+00:00,0.9885
2026-07-11 23:34:06+00:00,0.9915
2026-07-11 23:35:05+00:00,0.992
2026-07-11 23:36:05+00:00,0.992
2026-07-11 23:37:05+00:00,0.9925
2026-07-11 23:38:04+00:00,0.9915
2026-07-11 23:39:05+00:00,0.994
2026-07-11 23:40:04+00:00,0.9945
2026-07-11 23:41:05+00:00,0.9935
2026-07-11 23:42:04+00:00,0.9935
2026-07-11 23:43:04+00:00,0.995
2026-07-11 23:44:05+00:00,0.9975
2026-07-11 23:45:05+00:00,0.9985
2026-07-11 23:46:05+00:00,0.9985
2026-07-11 23:47:06+00:00,0.9995
2026-07-11 23:48:06+00:00,0.9995
2026-07-11 23:49:05+00:00,0.9995
2026-07-11 23:50:05+00:00,0.9995
2026-07-11 23:51:05+00:00,0.9995
2026-07-11 23:52:05+00:00,0.9995
2026-07-11 23:53:05+00:00,0.9995
2026-07-11 23:54:06+00:00,0.9995
2026-07-11 23:55:06+00:00,0.9995
2026-07-11 23:56:04+00:00,0.9995
2026-07-11 23:57:07+00:00,0.9995
2026-07-11 23:58:05+00:00,0.9995
2026-07-11 23:59:07+00:00,0.9995
2026-07-12 00:00:22+00:00,0.9995
2026-07-12 00:01:08+00:00,0.9995
2026-07-12 00:02:05+00:00,0.9995
2026-07-12 00:03:05+00:00,0.9995
2026-07-12 00:04:11+00:00,0.9995
2026-07-12 00:05:06+00:00,0.9995
2026-07-12 00:06:05+00:00,0.9995
2026-07-12 00:07:05+00:00,0.9995
2026-07-12 00:08:11+00:00,0.9995
2026-07-12 00:09:16+00:00,0.9995
2026-07-12 00:10:05+00:00,0.9995
2026-07-12 00:11:09+00:00,0.9995
2026-07-12 00:12:06+00:00,0.9995
2026-07-12 00:13:22+00:00,0.9995
2026-07-12 00:14:04+00:00,0.9995
2026-07-12 00:15:05+00:00,0.9995
2026-07-12 00:16:04+00:00,0.9995
2026-07-12 00:17:05+00:00,0.9995
2026-07-12 00:18:07+00:00,0.9995
2026-07-12 00:19:05+00:00,0.9995
2026-07-12 00:20:04+00:00,0.9995
2026-07-12 00:21:21+00:00,0.9995
2026-07-12 00:22:06+00:00,0.9995
2026-07-12 00:23:06+00:00,0.9995
2026-07-12 00:24:05+00:00,0.9995
2026-07-12 00:25:19+00:00,0.9995
2026-07-12 00:26:06+00:00,0.9995
2026-07-12 00:27:07+00:00,0.9995
2026-07-12 00:28:06+00:00,0.9995
2026-07-12 00:29:05+00:00,0.9995
2026-07-12 00:30:07+00:00,0.9995
2026-07-12 00:31:08+00:00,0.9995
2026-07-12 00:32:04+00:00,0.9995
2026-07-12 00:33:09+00:00,0.9995
2026-07-12 00:34:06+00:00,0.9995
2026-07-12 00:35:03+00:00,0.9995
2026-07-12 00:36:04+00:00,0.9995
2026-07-12 00:37:04+00:00,0.9995
2026-07-12 00:38:05+00:00,0.9995
2026-07-12 00:39:05+00:00,0.9995
2026-07-12 00:40:06+00:00,0.9995
2026-07-12 00:41:04+00:00,0.9995
2026-07-12 00:42:16+00:00,0.9995
2026-07-12 00:43:05+00:00,0.9995
2026-07-12 00:44:04+00:00,0.9995
2026-07-12 00:45:04+00:00,0.9995
2026-07-12 00:46:04+00:00,0.9995
2026-07-12 00:47:04+00:00,0.9995
2026-07-12 00:48:05+00:00,0.9995
2026-07-12 00:49:05+00:00,0.9995
2026-07-12 00:50:04+00:00,0.9995
2026-07-12 00:51:05+00:00,0.9995
2026-07-12 00:52:05+00:00,0.9995
2026-07-12 00:53:05+00:00,0.9995
2026-07-12 00:54:06+00:00,0.9995
2026-07-12 00:55:04+00:00,0.9995
2026-07-12 00:56:04+00:00,0.9995
2026-07-12 00:57:04+00:00,0.9995
2026-07-12 00:58:05+00:00,0.9995
2026-07-12 00:59:05+00:00,0.9995
2026-07-12 01:00:05+00:00,0.9995
2026-07-12 01:01:05+00:00,0.9995
2026-07-12 01:02:04+00:00,0.9995
2026-07-12 01:03:05+00:00,0.9995
2026-07-12 01:04:05+00:00,0.9995
2026-07-12 01:05:06+00:00,0.9995
2026-07-12 01:06:04+00:00,0.9995
2026-07-12 01:07:06+00:00,0.9995
2026-07-12 01:08:05+00:00,0.9995
2026-07-12 01:09:05+00:00,0.9995
2026-07-12 01:10:05+00:00,0.9995
2026-07-12 01:11:05+00:00,0.9995
2026-07-12 01:12:05+00:00,0.9995
2026-07-12 01:13:06+00:00,0.9995
2026-07-12 01:14:05+00:00,0.9995
2026-07-12 01:15:05+00:00,0.9995
2026-07-12 01:16:05+00:00,0.9995
2026-07-12 01:17:06+00:00,0.9995
2026-07-12 01:18:05+00:00,0.9995
2026-07-12 01:19:04+00:00,0.9995
2026-07-12 01:20:05+00:00,0.9995
2026-07-12 01:21:04+00:00,0.9995
2026-07-12 01:22:04+00:00,0.9995
2026-07-12 01:23:06+00:00,0.9995
2026-07-12 01:24:04+00:00,0.9995
2026-07-12 01:25:04+00:00,0.9995
2026-07-12 01:26:03+00:00,0.9995
2026-07-12 01:27:05+00:00,0.9995
2026-07-12 01:28:06+00:00,0.9995
2026-07-12 01:29:04+00:00,0.9995
2026-07-12 01:30:05+00:00,0.9995
2026-07-12 01:31:04+00:00,0.9995
2026-07-12 01:32:04+00:00,0.9995
2026-07-12 01:33:06+00:00,0.9995
2026-07-12 01:34:03+00:00,0.9995
2026-07-12 01:35:04+00:00,0.9995
2026-07-12 01:36:04+00:00,0.9995
2026-07-12 01:37:03+00:00,0.9995
2026-07-12 01:38:05+00:00,0.9995
2026-07-12 01:39:06+00:00,0.9995
2026-07-12 01:40:05+00:00,0.9995
2026-07-12 01:41:04+00:00,0.9995
2026-07-12 01:42:04+00:00,0.9995
2026-07-12 01:43:04+00:00,0.9995
2026-07-12 01:44:03+00:00,0.9995
2026-07-12 01:45:04+00:00,0.9995
2026-07-12 01:46:04+00:00,0.9995
2026-07-12 01:47:04+00:00,0.9995
2026-07-12 01:48:04+00:00,0.9995
2026-07-12 01:49:04+00:00,0.9995
2026-07-12 01:50:04+00:00,0.9995
2026-07-12 01:51:03+00:00,0.9995
2026-07-12 01:52:04+00:00,0.9995
2026-07-12 01:53:06+00:00,0.9995
2026-07-12 01:54:03+00:00,0.9995
2026-07-12 01:55:04+00:00,0.9995
2026-07-12 01:56:04+00:00,0.9995
2026-07-12 01:57:04+00:00,0.9995
2026-07-12 01:58:07+00:00,0.9995
2026-07-12 01:59:04+00:00,0.9995
2026-07-12 02:00:06+00:00,0.9995
2026-07-12 02:01:04+00:00,0.9995
2026-07-12 02:02:03+00:00,0.9995
2026-07-12 02:03:04+00:00,0.9995
2026-07-12 02:04:05+00:00,0.9995
2026-07-12 02:05:05+00:00,0.9995
2026-07-12 02:06:04+00:00,0.9995
2026-07-12 02:07:04+00:00,0.9995
2026-07-12 02:08:05+00:00,0.9995
2026-07-12 02:09:05+00:00,0.9995
2026-07-12 02:10:05+00:00,0.9995
2026-07-12 02:11:05+00:00,0.9995
2026-07-12 02:12:04+00:00,0.9995
2026-07-12 02:13:06+00:00,0.9995
2026-07-12 02:14:05+00:00,0.9995
2026-07-12 02:15:04+00:00,0.9995
2026-07-12 02:16:05+00:00,0.9995
2026-07-12 02:17:05+00:00,0.9995
2026-07-12 02:18:05+00:00,0.9995
2026-07-12 02:19:04+00:00,0.9995
2026-07-12 02:20:04+00:00,0.9995
2026-07-12 02:21:05+00:00,0.9995
2026-07-12 02:22:04+00:00,0.9995
2026-07-12 02:23:04+00:00,0.9995
2026-07-12 02:24:04+00:00,0.9995
2026-07-12 02:25:05+00:00,0.9995
2026-07-12 02:26:03+00:00,0.9995
2026-07-12 02:27:04+00:00,0.9995
2026-07-12 02:28:05+00:00,0.9995
2026-07-12 02:29:04+00:00,0.9995
2026-07-12 02:30:06+00:00,0.9995
2026-07-12 02:31:08+00:00,0.9995
2026-07-12 02:32:03+00:00,0.9995
2026-07-12 02:33:05+00:00,0.9995
2026-07-12 02:34:04+00:00,0.9995
2026-07-12 02:35:05+00:00,0.9995
2026-07-12 02:36:03+00:00,0.9995
2026-07-12 02:37:04+00:00,0.9995
2026-07-12 02:38:05+00:00,0.9995
2026-07-12 02:39:05+00:00,0.9995
2026-07-12 02:40:04+00:00,0.9995
2026-07-12 02:41:03+00:00,0.9995
2026-07-12 02:42:03+00:00,0.9995
2026-07-12 02:43:05+00:00,0.9995
2026-07-12 02:44:04+00:00,0.9995
2026-07-12 02:45:06+00:00,0.9995
2026-07-12 02:46:04+00:00,0.9995
2026-07-12 02:47:03+00:00,0.9995
2026-07-12 02:48:05+00:00,0.9995
2026-07-12 02:49:05+00:00,0.9995
2026-07-12 02:50:04+00:00,0.9995
2026-07-12 02:51:04+00:00,0.9995
2026-07-12 02:52:06+00:00,0.9995
2026-07-12 02:53:04+00:00,0.9995
2026-07-12 02:54:04+00:00,0.9995
2026-07-12 02:55:04+00:00,0.9995
2026-07-12 02:56:04+00:00,0.9995
2026-07-12 02:57:03+00:00,0.9995
2026-07-12 02:58:04+00:00,0.9995
