timestamp,price
2025-12-03 00:33:06+00:00,0.9805
2025-12-03 00:34:06+00:00,0.98
2025-12-03 00:35:06+00:00,0.9785
2025-12-03 00:36:06+00:00,0.977
2025-12-03 00:37:06+00:00,0.972
2025-12-03 00:38:06+00:00,0.972
2025-12-03 00:39:06+00:00,0.976
2025-12-03 00:40:06+00:00,0.9745
2025-12-03 00:41:06+00:00,0.976
2025-12-03 00:42:06+00:00,0.975
2025-12-03 00:43:05+00:00,0.9775
2025-12-03 00:44:06+00:00,0.9785
2025-12-03 00:45:06+00:00,0.9795
2025-12-03 00:46:06+00:00,0.98
2025-12-03 00:47:06+00:00,0.9805
2025-12-03 00:48:06+00:00,0.9775
2025-12-03 00:49:06+00:00,0.9785
2025-12-03 00:50:07+00:00,0.9785
2025-12-03 00:51:06+00:00,0.9785
2025-12-03 00:52:07+00:00,0.9785
2025-12-03 00:53:06+00:00,0.9785
2025-12-03 00:54:06+00:00,0.978
2025-12-03 00:55:06+00:00,0.9785
2025-12-03 00:56:06+00:00,0.9785
2025-12-03 00:57:06+00:00,0.9785
2025-12-03 00:58:05+00:00,0.9795
2025-12-03 00:59:06+00:00,0.9795
2025-12-03 01:00:08+00:00,0.98
2025-12-03 01:01:06+00:00,0.966
2025-12-03 01:02:06+00:00,0.9615
2025-12-03 01:03:06+00:00,0.964
2025-12-03 01:04:05+00:00,0.9635
2025-12-03 01:05:06+00:00,0.9715
2025-12-03 01:06:06+00:00,0.971
2025-12-03 01:07:06+00:00,0.9715
2025-12-03 01:08:05+00:00,0.966
2025-12-03 01:09:06+00:00,0.9655
2025-12-03 01:10:06+00:00,0.9665
2025-12-03 01:11:06+00:00,0.9695
2025-12-03 01:12:06+00:00,0.956
2025-12-03 01:13:06+00:00,0.9455
2025-12-03 01:14:06+00:00,0.942
2025-12-03 01:15:06+00:00,0.945
2025-12-03 01:16:06+00:00,0.936
2025-12-03 01:17:06+00:00,0.9365
2025-12-03 01:18:06+00:00,0.9375
2025-12-03 01:19:06+00:00,0.936
2025-12-03 01:20:06+00:00,0.9355
2025-12-03 01:21:06+00:00,0.9355
2025-12-03 01:22:06+00:00,0.9355
2025-12-03 01:23:05+00:00,0.9385
2025-12-03 01:24:06+00:00,0.9385
2025-12-03 01:25:05+00:00,0.9395
2025-12-03 01:26:07+00:00,0.9375
2025-12-03 01:27:06+00:00,0.9345
2025-12-03 01:28:06+00:00,0.929
2025-12-03 01:29:06+00:00,0.9245
2025-12-03 01:30:07+00:00,0.9175
2025-12-03 01:31:06+00:00,0.924
2025-12-03 01:32:06+00:00,0.92
2025-12-03 01:33:06+00:00,0.9205
2025-12-03 01:34:06+00:00,0.92
2025-12-03 01:35:06+00:00,0.92
2025-12-03 01:36:18+00:00,0.921
2025-12-03 01:37:06+00:00,0.921
2025-12-03 01:38:06+00:00,0.9215
2025-12-03 01:39:06+00:00,0.922
2025-12-03 01:40:06+00:00,0.921
2025-12-03 01:41:06+00:00,0.9225
2025-12-03 01:42:06+00:00,0.9225
2025-12-03 01:43:06+00:00,0.9215
2025-12-03 01:44:06+00:00,0.9225
2025-12-03 01:45:06+00:00,0.922
2025-12-03 01:46:05+00:00,0.924
2025-12-03 01:47:06+00:00,0.9245
2025-12-03 01:48:06+00:00,0.9225
2025-12-03 01:49:06+00:00,0.912
2025-12-03 01:50:18+00:00,0.9185
2025-12-03 01:51:06+00:00,0.9145
2025-12-03 01:52:07+00:00,0.914
2025-12-03 01:53:05+00:00,0.9125
2025-12-03 01:54:06+00:00,0.9125
2025-12-03 01:55:06+00:00,0.913
2025-12-03 01:56:06+00:00,0.9195
2025-12-03 01:57:05+00:00,0.9175
2025-12-03 01:58:06+00:00,0.9185
2025-12-03 01:59:06+00:00,0.9175
2025-12-03 02:00:08+00:00,0.921
2025-12-03 02:01:06+00:00,0.915
2025-12-03 02:02:06+00:00,0.919
2025-12-03 02:03:06+00:00,0.92
2025-12-03 02:04:05+00:00,0.92
2025-12-03 02:05:06+00:00,0.9175
2025-12-03 02:06:06+00:00,0.9205
2025-12-03 02:07:06+00:00,0.918
2025-12-03 02:08:06+00:00,0.9195
2025-12-03 02:09:06+00:00,0.92
2025-12-03 02:10:06+00:00,0.92
2025-12-03 02:11:06+00:00,0.921
2025-12-03 02:12:06+00:00,0.921
2025-12-03 02:13:06+00:00,0.9215
2025-12-03 02:14:06+00:00,0.917
2025-12-03 02:15:25+00:00,0.9185
2025-12-03 02:16:06+00:00,0.92
2025-12-03 02:17:06+00:00,0.922
2025-12-03 02:18:06+00:00,0.924
2025-12-03 02:19:06+00:00,0.9235
2025-12-03 02:20:06+00:00,0.9275
2025-12-03 02:21:06+00:00,0.9285
2025-12-03 02:22:06+00:00,0.9315
2025-12-03 02:23:05+00:00,0.932
2025-12-03 02:24:06+00:00,0.9325
2025-12-03 02:25:06+00:00,0.9335
2025-12-03 02:26:11+00:00,0.9335
2025-12-03 02:27:06+00:00,0.9335
2025-12-03 02:28:05+00:00,0.9335
2025-12-03 02:29:05+00:00,0.935
2025-12-03 02:30:06+00:00,0.933
2025-12-03 02:31:06+00:00,0.931
2025-12-03 02:32:06+00:00,0.9305
2025-12-03 02:33:06+00:00,0.93
2025-12-03 02:34:05+00:00,0.925
2025-12-03 02:35:06+00:00,0.9255
2025-12-03 02:36:18+00:00,0.923
2025-12-03 02:37:06+00:00,0.922
2025-12-03 02:38:06+00:00,0.9225
2025-12-03 02:39:06+00:00,0.922
2025-12-03 02:40:06+00:00,0.922
2025-12-03 02:41:06+00:00,0.922
2025-12-03 02:42:06+00:00,0.922
2025-12-03 02:43:06+00:00,0.9175
2025-12-03 02:44:26+00:00,0.9175
2025-12-03 02:45:06+00:00,0.9185
2025-12-03 02:46:06+00:00,0.918
2025-12-03 02:47:06+00:00,0.918
2025-12-03 02:48:06+00:00,0.918
2025-12-03 02:49:06+00:00,0.9185
2025-12-03 02:50:06+00:00,0.9185
2025-12-03 02:51:05+00:00,0.9185
2025-12-03 02:53:04+00:00,0.9185
2025-12-03 02:53:30+00:00,0.9175
2025-12-03 02:54:06+00:00,0.922
2025-12-03 02:55:06+00:00,0.9215
2025-12-03 02:56:06+00:00,0.9215
2025-12-03 02:57:05+00:00,0.9215
2025-12-03 02:58:06+00:00,0.922
2025-12-03 02:59:06+00:00,0.921
2025-12-03 03:00:08+00:00,0.929
2025-12-03 03:01:06+00:00,0.926
2025-12-03 03:02:06+00:00,0.926
2025-12-03 03:03:06+00:00,0.926
2025-12-03 03:04:06+00:00,0.9265
2025-12-03 03:05:06+00:00,0.9275
2025-12-03 03:06:06+00:00,0.927
2025-12-03 03:07:05+00:00,0.9255
2025-12-03 03:08:06+00:00,0.925
2025-12-03 03:09:06+00:00,0.925
2025-12-03 03:10:06+00:00,0.9255
2025-12-03 03:11:06+00:00,0.927
2025-12-03 03:12:06+00:00,0.9275
2025-12-03 03:13:06+00:00,0.9275
2025-12-03 03:14:06+00:00,0.9275
2025-12-03 03:15:06+00:00,0.926
2025-12-03 03:16:06+00:00,0.924
2025-12-03 03:17:06+00:00,0.9255
2025-12-03 03:18:06+00:00,0.929
2025-12-03 03:19:06+00:00,0.9235
2025-12-03 03:20:06+00:00,0.9235
2025-12-03 03:21:06+00:00,0.9235
2025-12-03 03:22:05+00:00,0.924
2025-12-03 03:23:05+00:00,0.924
2025-12-03 03:24:06+00:00,0.924
2025-12-03 03:25:07+00:00,0.9235
2025-12-03 03:26:07+00:00,0.9235
2025-12-03 03:27:06+00:00,0.9235
2025-12-03 03:28:06+00:00,0.9235
2025-12-03 03:29:06+00:00,0.923
2025-12-03 03:30:07+00:00,0.9215
2025-12-03 03:31:06+00:00,0.922
2025-12-03 03:32:06+00:00,0.922
2025-12-03 03:33:06+00:00,0.9195
2025-12-03 03:34:05+00:00,0.9185
2025-12-03 03:35:06+00:00,0.919
2025-12-03 03:36:06+00:00,0.9185
2025-12-03 03:37:06+00:00,0.9185
2025-12-03 03:38:05+00:00,0.9185
2025-12-03 03:39:06+00:00,0.9185
2025-12-03 03:40:06+00:00,0.919
2025-12-03 03:41:05+00:00,0.9155
2025-12-03 03:42:06+00:00,0.9155
2025-12-03 03:43:06+00:00,0.9155
2025-12-03 03:44:06+00:00,0.9215
2025-12-03 03:45:06+00:00,0.9155
2025-12-03 03:46:06+00:00,0.9155
2025-12-03 03:47:06+00:00,0.9215
2025-12-03 03:48:06+00:00,0.9215
2025-12-03 03:49:06+00:00,0.9205
2025-12-03 03:50:06+00:00,0.921
2025-12-03 03:51:06+00:00,0.9205
2025-12-03 03:52:20+00:00,0.921
2025-12-03 03:53:06+00:00,0.92
2025-12-03 03:54:06+00:00,0.9195
2025-12-03 03:55:06+00:00,0.92
2025-12-03 03:56:06+00:00,0.9195
2025-12-03 03:57:06+00:00,0.92
2025-12-03 03:58:05+00:00,0.928
2025-12-03 03:59:06+00:00,0.9235
2025-12-03 04:00:09+00:00,0.9235
2025-12-03 04:01:06+00:00,0.919
2025-12-03 04:02:06+00:00,0.918
2025-12-03 04:03:06+00:00,0.918
2025-12-03 04:04:06+00:00,0.918
2025-12-03 04:05:06+00:00,0.918
2025-12-03 04:06:06+00:00,0.918
2025-12-03 04:07:06+00:00,0.918
2025-12-03 04:08:06+00:00,0.9185
2025-12-03 04:09:06+00:00,0.9185
2025-12-03 04:10:06+00:00,0.92
2025-12-03 04:11:06+00:00,0.9205
2025-12-03 04:12:06+00:00,0.9205
2025-12-03 04:13:06+00:00,0.9195
2025-12-03 04:14:06+00:00,0.9195
2025-12-03 04:15:06+00:00,0.9195
2025-12-03 04:16:06+00:00,0.9195
2025-12-03 04:17:06+00:00,0.9195
2025-12-03 04:18:06+00:00,0.927
2025-12-03 04:19:05+00:00,0.9365
2025-12-03 04:20:06+00:00,0.936
2025-12-03 04:21:05+00:00,0.9435
2025-12-03 04:22:06+00:00,0.945
2025-12-03 04:23:06+00:00,0.9505
2025-12-03 04:24:06+00:00,0.9505
2025-12-03 04:25:06+00:00,0.9555
2025-12-03 04:26:07+00:00,0.9585
2025-12-03 04:27:06+00:00,0.96
2025-12-03 04:28:06+00:00,0.962
2025-12-03 04:29:06+00:00,0.962
2025-12-03 04:30:06+00:00,0.962
2025-12-03 04:31:06+00:00,0.9475
2025-12-03 04:32:06+00:00,0.959
2025-12-03 04:33:06+00:00,0.958
2025-12-03 04:34:06+00:00,0.9575
2025-12-03 04:35:06+00:00,0.956
2025-12-03 04:36:06+00:00,0.9565
2025-12-03 04:37:06+00:00,0.9545
2025-12-03 04:38:05+00:00,0.9515
2025-12-03 04:39:06+00:00,0.953
2025-12-03 04:40:06+00:00,0.9545
2025-12-03 04:41:06+00:00,0.9545
2025-12-03 04:42:06+00:00,0.9545
2025-12-03 04:43:05+00:00,0.9545
2025-12-03 04:44:06+00:00,0.9545
2025-12-03 04:45:06+00:00,0.955
2025-12-03 04:46:06+00:00,0.9595
2025-12-03 04:47:05+00:00,0.958
2025-12-03 04:48:06+00:00,0.959
2025-12-03 04:49:05+00:00,0.9585
2025-12-03 04:50:06+00:00,0.9575
2025-12-03 04:51:06+00:00,0.9585
2025-12-03 04:52:07+00:00,0.9585
2025-12-03 04:53:05+00:00,0.9585
2025-12-03 04:54:06+00:00,0.9585
2025-12-03 04:55:06+00:00,0.9585
2025-12-03 04:56:06+00:00,0.958
2025-12-03 04:57:05+00:00,0.9605
2025-12-03 04:58:06+00:00,0.9605
2025-12-03 04:59:06+00:00,0.963
2025-12-03 05:00:09+00:00,0.9625
2025-12-03 05:01:05+00:00,0.962
2025-12-03 05:02:06+00:00,0.962
2025-12-03 05:03:06+00:00,0.962
2025-12-03 05:04:06+00:00,0.963
2025-12-03 05:05:06+00:00,0.963
2025-12-03 05:06:06+00:00,0.963
2025-12-03 05:07:06+00:00,0.966
2025-12-03 05:08:06+00:00,0.964
2025-12-03 05:09:05+00:00,0.964
2025-12-03 05:10:06+00:00,0.9635
2025-12-03 05:11:06+00:00,0.963
2025-12-03 05:12:06+00:00,0.9635
2025-12-03 05:13:06+00:00,0.963
2025-12-03 05:14:06+00:00,0.963
2025-12-03 05:15:17+00:00,0.963
2025-12-03 05:16:06+00:00,0.963
2025-12-03 05:17:06+00:00,0.964
2025-12-03 05:18:06+00:00,0.964
2025-12-03 05:19:05+00:00,0.966
2025-12-03 05:20:06+00:00,0.966
2025-12-03 05:21:06+00:00,0.969
2025-12-03 05:22:06+00:00,0.9695
2025-12-03 05:23:05+00:00,0.9695
2025-12-03 05:24:05+00:00,0.9705
2025-12-03 05:25:06+00:00,0.972
2025-12-03 05:26:07+00:00,0.972
2025-12-03 05:27:06+00:00,0.9735
2025-12-03 05:28:06+00:00,0.9735
2025-12-03 05:29:06+00:00,0.9735
2025-12-03 05:30:07+00:00,0.972
2025-12-03 05:31:06+00:00,0.973
2025-12-03 05:32:06+00:00,0.9745
2025-12-03 05:33:06+00:00,0.975
2025-12-03 05:34:06+00:00,0.975
2025-12-03 05:35:06+00:00,0.9745
2025-12-03 05:36:05+00:00,0.9745
2025-12-03 05:37:06+00:00,0.975
2025-12-03 05:38:06+00:00,0.9745
2025-12-03 05:39:06+00:00,0.9745
2025-12-03 05:40:06+00:00,0.9745
2025-12-03 05:41:05+00:00,0.974
2025-12-03 05:42:06+00:00,0.973
2025-12-03 05:43:05+00:00,0.974
2025-12-03 05:44:06+00:00,0.974
2025-12-03 05:45:06+00:00,0.9735
2025-12-03 05:46:06+00:00,0.9735
2025-12-03 05:47:06+00:00,0.9735
2025-12-03 05:48:06+00:00,0.9735
2025-12-03 05:49:06+00:00,0.9735
2025-12-03 05:50:06+00:00,0.9735
2025-12-03 05:51:05+00:00,0.9755
2025-12-03 05:52:07+00:00,0.978
2025-12-03 05:53:06+00:00,0.9775
2025-12-03 05:54:06+00:00,0.976
2025-12-03 05:55:06+00:00,0.976
2025-12-03 05:56:06+00:00,0.9755
2025-12-03 05:57:06+00:00,0.9755
2025-12-03 05:58:06+00:00,0.977
2025-12-03 05:59:06+00:00,0.9765
2025-12-03 06:00:09+00:00,0.9745
2025-12-03 06:01:05+00:00,0.974
2025-12-03 06:02:06+00:00,0.9725
2025-12-03 06:03:05+00:00,0.973
2025-12-03 06:04:06+00:00,0.9725
2025-12-03 06:05:06+00:00,0.9705
2025-12-03 06:06:06+00:00,0.9705
2025-12-03 06:07:06+00:00,0.9695
2025-12-03 06:08:05+00:00,0.9695
2025-12-03 06:09:06+00:00,0.9695
2025-12-03 06:10:06+00:00,0.9695
2025-12-03 06:11:06+00:00,0.9695
2025-12-03 06:12:06+00:00,0.9705
2025-12-03 06:13:06+00:00,0.9705
2025-12-03 06:14:06+00:00,0.971
2025-12-03 06:15:05+00:00,0.972
2025-12-03 06:16:06+00:00,0.972
2025-12-03 06:17:06+00:00,0.972
2025-12-03 06:18:06+00:00,0.9705
2025-12-03 06:19:06+00:00,0.971
2025-12-03 06:20:06+00:00,0.971
2025-12-03 06:21:06+00:00,0.9705
2025-12-03 06:22:05+00:00,0.9705
2025-12-03 06:23:06+00:00,0.9705
2025-12-03 06:24:06+00:00,0.9705
2025-12-03 06:25:06+00:00,0.97
2025-12-03 06:26:07+00:00,0.968
2025-12-03 06:27:06+00:00,0.9675
2025-12-03 06:28:06+00:00,0.9665
2025-12-03 06:29:06+00:00,0.9665
2025-12-03 06:30:07+00:00,0.966
2025-12-03 06:31:06+00:00,0.9655
2025-12-03 06:32:06+00:00,0.9655
2025-12-03 06:33:06+00:00,0.966
2025-12-03 06:34:06+00:00,0.9655
2025-12-03 06:35:08+00:00,0.966
2025-12-03 06:36:06+00:00,0.9655
2025-12-03 06:37:06+00:00,0.966
2025-12-03 06:38:06+00:00,0.9665
2025-12-03 06:39:06+00:00,0.966
2025-12-03 06:40:06+00:00,0.966
2025-12-03 06:41:06+00:00,0.966
2025-12-03 06:42:05+00:00,0.966
2025-12-03 06:43:06+00:00,0.966
2025-12-03 06:44:06+00:00,0.9665
2025-12-03 06:45:06+00:00,0.9675
2025-12-03 06:46:05+00:00,0.9675
2025-12-03 06:47:06+00:00,0.97
2025-12-03 06:48:06+00:00,0.97
2025-12-03 06:49:05+00:00,0.97
2025-12-03 06:50:06+00:00,0.9725
2025-12-03 06:51:06+00:00,0.974
2025-12-03 06:52:05+00:00,0.973
2025-12-03 06:53:06+00:00,0.973
2025-12-03 06:54:06+00:00,0.973
2025-12-03 06:55:06+00:00,0.973
2025-12-03 06:56:05+00:00,0.973
2025-12-03 06:57:06+00:00,0.9735
2025-12-03 06:58:06+00:00,0.9735
2025-12-03 06:59:06+00:00,0.9735
2025-12-03 07:00:09+00:00,0.9765
2025-12-03 07:01:06+00:00,0.977
2025-12-03 07:02:06+00:00,0.9785
2025-12-03 07:03:06+00:00,0.9795
2025-12-03 07:04:06+00:00,0.98
2025-12-03 07:05:06+00:00,0.98
2025-12-03 07:06:06+00:00,0.98
2025-12-03 07:07:06+00:00,0.98
2025-12-03 07:08:06+00:00,0.9795
2025-12-03 07:09:05+00:00,0.9795
2025-12-03 07:10:06+00:00,0.9765
2025-12-03 07:11:05+00:00,0.974
2025-12-03 07:12:06+00:00,0.9755
2025-12-03 07:13:06+00:00,0.975
2025-12-03 07:14:06+00:00,0.973
2025-12-03 07:15:06+00:00,0.9725
2025-12-03 07:16:06+00:00,0.9725
2025-12-03 07:17:06+00:00,0.9725
2025-12-03 07:18:06+00:00,0.9725
2025-12-03 07:19:05+00:00,0.9725
2025-12-03 07:20:06+00:00,0.9725
2025-12-03 07:21:06+00:00,0.9725
2025-12-03 07:22:06+00:00,0.9735
2025-12-03 07:23:06+00:00,0.9735
2025-12-03 07:24:05+00:00,0.9735
2025-12-03 07:25:05+00:00,0.9735
2025-12-03 07:26:07+00:00,0.9735
2025-12-03 07:27:06+00:00,0.9735
2025-12-03 07:28:05+00:00,0.9735
2025-12-03 07:29:06+00:00,0.9735
2025-12-03 07:30:07+00:00,0.9735
2025-12-03 07:31:06+00:00,0.9755
2025-12-03 07:32:06+00:00,0.9775
2025-12-03 07:33:06+00:00,0.977
2025-12-03 07:34:06+00:00,0.977
2025-12-03 07:35:06+00:00,0.977
2025-12-03 07:36:06+00:00,0.977
2025-12-03 07:37:05+00:00,0.977
2025-12-03 07:38:06+00:00,0.9775
2025-12-03 07:39:06+00:00,0.9775
2025-12-03 07:40:06+00:00,0.9775
2025-12-03 07:41:06+00:00,0.9775
2025-12-03 07:42:06+00:00,0.9775
2025-12-03 07:43:06+00:00,0.9775
2025-12-03 07:44:06+00:00,0.9775
2025-12-03 07:45:06+00:00,0.9775
2025-12-03 07:46:06+00:00,0.9775
2025-12-03 07:47:05+00:00,0.9775
2025-12-03 07:48:06+00:00,0.9775
2025-12-03 07:49:06+00:00,0.9775
2025-12-03 07:50:06+00:00,0.9775
2025-12-03 07:51:06+00:00,0.9775
2025-12-03 07:52:07+00:00,0.9775
2025-12-03 07:53:05+00:00,0.9775
2025-12-03 07:54:05+00:00,0.9775
2025-12-03 07:55:06+00:00,0.9775
2025-12-03 07:56:05+00:00,0.9775
2025-12-03 07:57:06+00:00,0.9775
2025-12-03 07:58:06+00:00,0.978
2025-12-03 07:59:05+00:00,0.9785
2025-12-03 08:00:08+00:00,0.9785
2025-12-03 08:01:06+00:00,0.9795
2025-12-03 08:02:07+00:00,0.9795
2025-12-03 08:03:06+00:00,0.9795
2025-12-03 08:04:06+00:00,0.9795
2025-12-03 08:05:06+00:00,0.9785
2025-12-03 08:06:05+00:00,0.9785
2025-12-03 08:07:06+00:00,0.978
2025-12-03 08:08:06+00:00,0.978
2025-12-03 08:09:06+00:00,0.9785
2025-12-03 08:10:06+00:00,0.9785
2025-12-03 08:11:06+00:00,0.9775
2025-12-03 08:12:06+00:00,0.9775
2025-12-03 08:13:06+00:00,0.9775
2025-12-03 08:14:05+00:00,0.9775
2025-12-03 08:15:06+00:00,0.9775
2025-12-03 08:16:06+00:00,0.9775
2025-12-03 08:17:06+00:00,0.9775
2025-12-03 08:18:06+00:00,0.9775
2025-12-03 08:19:05+00:00,0.9775
2025-12-03 08:20:06+00:00,0.9775
2025-12-03 08:21:05+00:00,0.97
2025-12-03 08:22:06+00:00,0.97
2025-12-03 08:23:06+00:00,0.974
2025-12-03 08:24:06+00:00,0.973
2025-12-03 08:25:06+00:00,0.9695
2025-12-03 08:26:07+00:00,0.9695
2025-12-03 08:27:06+00:00,0.97
2025-12-03 08:28:05+00:00,0.9725
2025-12-03 08:29:05+00:00,0.9725
2025-12-03 08:30:07+00:00,0.973
2025-12-03 08:31:05+00:00,0.973
2025-12-03 08:32:06+00:00,0.974
2025-12-03 08:33:06+00:00,0.9745
2025-12-03 08:34:06+00:00,0.9745
2025-12-03 08:35:06+00:00,0.9745
2025-12-03 08:36:06+00:00,0.9725
2025-12-03 08:37:06+00:00,0.973
2025-12-03 08:38:06+00:00,0.973
2025-12-03 08:39:06+00:00,0.973
2025-12-03 08:40:06+00:00,0.9725
2025-12-03 08:41:05+00:00,0.9725
2025-12-03 08:42:06+00:00,0.973
2025-12-03 08:43:06+00:00,0.971
2025-12-03 08:44:06+00:00,0.97
2025-12-03 08:45:06+00:00,0.9705
2025-12-03 08:46:06+00:00,0.971
2025-12-03 08:47:06+00:00,0.97
2025-12-03 08:48:06+00:00,0.9685
2025-12-03 08:49:06+00:00,0.969
2025-12-03 08:50:06+00:00,0.969
2025-12-03 08:51:05+00:00,0.969
2025-12-03 08:52:07+00:00,0.969
2025-12-03 08:53:06+00:00,0.966
2025-12-03 08:54:06+00:00,0.9625
2025-12-03 08:55:06+00:00,0.9615
2025-12-03 08:56:05+00:00,0.9615
2025-12-03 08:57:05+00:00,0.962
2025-12-03 08:58:06+00:00,0.9615
2025-12-03 08:59:06+00:00,0.9615
2025-12-03 09:00:09+00:00,0.9605
2025-12-03 09:01:05+00:00,0.9595
2025-12-03 09:02:06+00:00,0.962
2025-12-03 09:03:06+00:00,0.9605
2025-12-03 09:04:06+00:00,0.9585
2025-12-03 09:05:05+00:00,0.9585
2025-12-03 09:06:07+00:00,0.9585
2025-12-03 09:07:06+00:00,0.958
2025-12-03 09:08:06+00:00,0.9605
2025-12-03 09:09:06+00:00,0.9615
2025-12-03 09:10:06+00:00,0.9615
2025-12-03 09:11:05+00:00,0.9615
2025-12-03 09:12:06+00:00,0.962
2025-12-03 09:13:06+00:00,0.962
2025-12-03 09:14:06+00:00,0.963
2025-12-03 09:15:06+00:00,0.9625
2025-12-03 09:16:06+00:00,0.9615
2025-12-03 09:17:06+00:00,0.9615
2025-12-03 09:18:06+00:00,0.9615
2025-12-03 09:19:05+00:00,0.9645
2025-12-03 09:20:06+00:00,0.9625
2025-12-03 09:21:05+00:00,0.961
2025-12-03 09:22:06+00:00,0.961
2025-12-03 09:23:05+00:00,0.9605
2025-12-03 09:24:06+00:00,0.9605
2025-12-03 09:25:05+00:00,0.961
2025-12-03 09:26:07+00:00,0.9595
2025-12-03 09:27:05+00:00,0.9595
2025-12-03 09:28:06+00:00,0.9595
2025-12-03 09:29:06+00:00,0.9595
2025-12-03 09:30:06+00:00,0.9595
2025-12-03 09:31:06+00:00,0.9595
2025-12-03 09:32:06+00:00,0.9595
2025-12-03 09:33:06+00:00,0.9595
2025-12-03 09:34:06+00:00,0.9595
2025-12-03 09:35:06+00:00,0.9595
2025-12-03 09:36:05+00:00,0.9595
2025-12-03 09:37:05+00:00,0.9595
2025-12-03 09:38:06+00:00,0.9595
2025-12-03 09:39:05+00:00,0.9595
2025-12-03 09:40:06+00:00,0.9595
2025-12-03 09:41:05+00:00,0.9595
2025-12-03 09:42:06+00:00,0.9595
2025-12-03 09:43:05+00:00,0.9595
2025-12-03 09:44:06+00:00,0.9595
2025-12-03 09:45:06+00:00,0.9595
2025-12-03 09:46:06+00:00,0.9595
2025-12-03 09:47:06+00:00,0.9595
2025-12-03 09:48:06+00:00,0.9595
2025-12-03 09:49:05+00:00,0.9595
2025-12-03 09:50:07+00:00,0.9595
2025-12-03 09:51:06+00:00,0.9595
2025-12-03 09:52:07+00:00,0.9595
2025-12-03 09:53:06+00:00,0.9595
2025-12-03 09:54:06+00:00,0.959
2025-12-03 09:55:06+00:00,0.959
2025-12-03 09:56:05+00:00,0.959
2025-12-03 09:57:05+00:00,0.959
2025-12-03 09:58:06+00:00,0.9585
2025-12-03 09:59:05+00:00,0.9585
2025-12-03 10:00:08+00:00,0.9585
2025-12-03 10:01:06+00:00,0.9585
2025-12-03 10:02:06+00:00,0.9585
2025-12-03 10:03:06+00:00,0.9595
2025-12-03 10:04:05+00:00,0.9595
2025-12-03 10:05:06+00:00,0.9595
2025-12-03 10:06:06+00:00,0.9595
2025-12-03 10:07:05+00:00,0.9595
2025-12-03 10:08:06+00:00,0.9595
2025-12-03 10:09:05+00:00,0.9595
2025-12-03 10:10:06+00:00,0.9595
2025-12-03 10:11:06+00:00,0.9595
2025-12-03 10:12:05+00:00,0.9595
2025-12-03 10:13:05+00:00,0.9595
2025-12-03 10:14:06+00:00,0.9595
2025-12-03 10:15:06+00:00,0.9595
2025-12-03 10:16:06+00:00,0.9615
2025-12-03 10:17:06+00:00,0.9615
2025-12-03 10:18:06+00:00,0.9615
2025-12-03 10:19:06+00:00,0.9615
2025-12-03 10:20:06+00:00,0.9615
2025-12-03 10:21:06+00:00,0.962
2025-12-03 10:22:06+00:00,0.962
2025-12-03 10:23:05+00:00,0.962
2025-12-03 10:24:05+00:00,0.962
2025-12-03 10:25:06+00:00,0.962
2025-12-03 10:26:07+00:00,0.962
2025-12-03 10:27:06+00:00,0.962
2025-12-03 10:28:05+00:00,0.962
2025-12-03 10:29:05+00:00,0.962
2025-12-03 10:30:18+00:00,0.962
2025-12-03 10:31:06+00:00,0.962
2025-12-03 10:32:06+00:00,0.962
2025-12-03 10:33:06+00:00,0.9635
2025-12-03 10:34:05+00:00,0.961
2025-12-03 10:35:06+00:00,0.962
2025-12-03 10:36:06+00:00,0.963
2025-12-03 10:37:05+00:00,0.963
2025-12-03 10:38:05+00:00,0.963
2025-12-03 10:39:05+00:00,0.963
2025-12-03 10:40:06+00:00,0.9635
2025-12-03 10:41:05+00:00,0.9635
2025-12-03 10:42:06+00:00,0.9635
2025-12-03 10:43:06+00:00,0.9635
2025-12-03 10:44:06+00:00,0.9635
2025-12-03 10:45:06+00:00,0.9635
2025-12-03 10:46:06+00:00,0.965
2025-12-03 10:47:06+00:00,0.9655
2025-12-03 10:48:06+00:00,0.9645
2025-12-03 10:49:05+00:00,0.9645
2025-12-03 10:50:06+00:00,0.9645
2025-12-03 10:51:05+00:00,0.9645
2025-12-03 10:52:07+00:00,0.9645
2025-12-03 10:53:06+00:00,0.964
2025-12-03 10:54:06+00:00,0.964
2025-12-03 10:55:06+00:00,0.964
2025-12-03 10:56:05+00:00,0.964
2025-12-03 10:57:06+00:00,0.964
2025-12-03 10:58:06+00:00,0.9645
2025-12-03 10:59:05+00:00,0.9645
2025-12-03 11:00:09+00:00,0.9645
2025-12-03 11:01:06+00:00,0.9645
2025-12-03 11:02:06+00:00,0.9635
2025-12-03 11:03:06+00:00,0.9635
2025-12-03 11:04:05+00:00,0.9635
2025-12-03 11:05:06+00:00,0.966
2025-12-03 11:06:19+00:00,0.966
2025-12-03 11:07:06+00:00,0.9665
2025-12-03 11:08:05+00:00,0.967
2025-12-03 11:09:05+00:00,0.968
2025-12-03 11:10:06+00:00,0.9705
2025-12-03 11:11:05+00:00,0.9695
2025-12-03 11:12:06+00:00,0.9705
2025-12-03 11:13:06+00:00,0.9705
2025-12-03 11:14:06+00:00,0.97
2025-12-03 11:15:06+00:00,0.97
2025-12-03 11:16:06+00:00,0.97
2025-12-03 11:17:06+00:00,0.97
2025-12-03 11:18:06+00:00,0.97
2025-12-03 11:19:06+00:00,0.97
2025-12-03 11:20:07+00:00,0.97
2025-12-03 11:21:06+00:00,0.97
2025-12-03 11:22:06+00:00,0.97
2025-12-03 11:23:06+00:00,0.97
2025-12-03 11:24:05+00:00,0.97
2025-12-03 11:25:06+00:00,0.97
2025-12-03 11:26:08+00:00,0.97
2025-12-03 11:27:06+00:00,0.97
2025-12-03 11:28:05+00:00,0.9705
2025-12-03 11:29:05+00:00,0.968
2025-12-03 11:30:07+00:00,0.9655
2025-12-03 11:31:06+00:00,0.9655
2025-12-03 11:32:06+00:00,0.965
2025-12-03 11:33:06+00:00,0.966
2025-12-03 11:34:05+00:00,0.9665
2025-12-03 11:35:06+00:00,0.967
2025-12-03 11:36:06+00:00,0.967
2025-12-03 11:37:05+00:00,0.967
2025-12-03 11:38:06+00:00,0.968
2025-12-03 11:39:06+00:00,0.969
2025-12-03 11:40:07+00:00,0.969
2025-12-03 11:41:05+00:00,0.969
2025-12-03 11:42:06+00:00,0.969
2025-12-03 11:43:05+00:00,0.969
2025-12-03 11:44:05+00:00,0.969
2025-12-03 11:45:06+00:00,0.969
2025-12-03 11:46:06+00:00,0.969
2025-12-03 11:47:06+00:00,0.969
2025-12-03 11:48:06+00:00,0.969
2025-12-03 11:49:06+00:00,0.969
2025-12-03 11:50:06+00:00,0.969
2025-12-03 11:51:05+00:00,0.969
2025-12-03 11:52:07+00:00,0.9685
2025-12-03 11:53:06+00:00,0.968
2025-12-03 11:54:06+00:00,0.968
2025-12-03 11:55:18+00:00,0.968
2025-12-03 11:56:05+00:00,0.968
2025-12-03 11:57:06+00:00,0.968
2025-12-03 11:58:06+00:00,0.968
2025-12-03 11:59:05+00:00,0.968
2025-12-03 12:00:10+00:00,0.9675
2025-12-03 12:01:06+00:00,0.9675
2025-12-03 12:02:06+00:00,0.9675
2025-12-03 12:03:06+00:00,0.9675
2025-12-03 12:04:06+00:00,0.9675
2025-12-03 12:05:06+00:00,0.9675
2025-12-03 12:06:06+00:00,0.967
2025-12-03 12:07:06+00:00,0.9665
2025-12-03 12:08:07+00:00,0.9665
2025-12-03 12:09:06+00:00,0.9665
2025-12-03 12:10:06+00:00,0.9665
2025-12-03 12:11:06+00:00,0.9665
2025-12-03 12:12:06+00:00,0.9665
2025-12-03 12:13:06+00:00,0.9665
2025-12-03 12:14:05+00:00,0.9665
2025-12-03 12:15:21+00:00,0.9665
2025-12-03 12:16:06+00:00,0.9665
2025-12-03 12:17:06+00:00,0.9665
2025-12-03 12:18:06+00:00,0.9665
2025-12-03 12:19:06+00:00,0.9665
2025-12-03 12:20:07+00:00,0.968
2025-12-03 12:21:06+00:00,0.969
2025-12-03 12:22:06+00:00,0.9685
2025-12-03 12:23:06+00:00,0.9685
2025-12-03 12:24:06+00:00,0.9685
2025-12-03 12:25:06+00:00,0.9685
2025-12-03 12:26:07+00:00,0.9685
2025-12-03 12:27:06+00:00,0.9695
2025-12-03 12:28:06+00:00,0.9695
2025-12-03 12:29:06+00:00,0.9705
2025-12-03 12:30:06+00:00,0.9705
2025-12-03 12:31:05+00:00,0.9705
2025-12-03 12:32:06+00:00,0.9705
2025-12-03 12:33:06+00:00,0.9705
2025-12-03 12:34:06+00:00,0.9705
2025-12-03 12:35:06+00:00,0.9705
2025-12-03 12:36:06+00:00,0.9705
2025-12-03 12:37:06+00:00,0.9705
2025-12-03 12:38:06+00:00,0.9725
2025-12-03 12:39:05+00:00,0.9725
2025-12-03 12:40:06+00:00,0.9735
2025-12-03 12:41:05+00:00,0.973
2025-12-03 12:42:07+00:00,0.973
2025-12-03 12:43:05+00:00,0.972
2025-12-03 12:44:06+00:00,0.972
2025-12-03 12:45:06+00:00,0.973
2025-12-03 12:46:06+00:00,0.9755
2025-12-03 12:47:06+00:00,0.9775
2025-12-03 12:48:06+00:00,0.976
2025-12-03 12:49:06+00:00,0.9775
2025-12-03 12:50:06+00:00,0.9755
2025-12-03 12:51:06+00:00,0.977
2025-12-03 12:52:07+00:00,0.9765
2025-12-03 12:53:06+00:00,0.9745
2025-12-03 12:54:06+00:00,0.974
2025-12-03 12:55:06+00:00,0.9735
2025-12-03 12:56:05+00:00,0.974
2025-12-03 12:57:06+00:00,0.9745
2025-12-03 12:58:06+00:00,0.975
2025-12-03 12:59:06+00:00,0.973
2025-12-03 13:00:08+00:00,0.9745
2025-12-03 13:01:06+00:00,0.9745
2025-12-03 13:02:06+00:00,0.9745
2025-12-03 13:03:06+00:00,0.974
2025-12-03 13:04:06+00:00,0.973
2025-12-03 13:05:06+00:00,0.973
2025-12-03 13:06:06+00:00,0.973
2025-12-03 13:07:06+00:00,0.973
2025-12-03 13:08:05+00:00,0.973
2025-12-03 13:09:05+00:00,0.973
2025-12-03 13:10:07+00:00,0.973
2025-12-03 13:11:20+00:00,0.9725
2025-12-03 13:12:06+00:00,0.9725
2025-12-03 13:13:06+00:00,0.9725
2025-12-03 13:14:06+00:00,0.973
2025-12-03 13:15:06+00:00,0.973
2025-12-03 13:16:06+00:00,0.972
2025-12-03 13:17:06+00:00,0.972
2025-12-03 13:18:06+00:00,0.972
2025-12-03 13:19:06+00:00,0.9725
2025-12-03 13:20:06+00:00,0.972
2025-12-03 13:21:06+00:00,0.9725
2025-12-03 13:22:06+00:00,0.9725
2025-12-03 13:23:05+00:00,0.972
2025-12-03 13:24:06+00:00,0.972
2025-12-03 13:25:06+00:00,0.972
2025-12-03 13:26:07+00:00,0.9695
2025-12-03 13:27:06+00:00,0.9695
2025-12-03 13:28:06+00:00,0.9695
2025-12-03 13:29:05+00:00,0.968
2025-12-03 13:30:07+00:00,0.9665
2025-12-03 13:31:05+00:00,0.9675
2025-12-03 13:32:07+00:00,0.9675
2025-12-03 13:33:06+00:00,0.968
2025-12-03 13:34:06+00:00,0.9665
2025-12-03 13:35:06+00:00,0.966
2025-12-03 13:36:06+00:00,0.966
2025-12-03 13:37:06+00:00,0.966
2025-12-03 13:38:06+00:00,0.9655
2025-12-03 13:39:06+00:00,0.9645
2025-12-03 13:40:06+00:00,0.964
2025-12-03 13:41:06+00:00,0.966
2025-12-03 13:42:06+00:00,0.9675
2025-12-03 13:43:05+00:00,0.9675
2025-12-03 13:44:05+00:00,0.9675
2025-12-03 13:45:06+00:00,0.9675
2025-12-03 13:46:06+00:00,0.967
2025-12-03 13:47:06+00:00,0.967
2025-12-03 13:48:06+00:00,0.967
2025-12-03 13:49:06+00:00,0.967
2025-12-03 13:50:06+00:00,0.968
2025-12-03 13:51:05+00:00,0.968
2025-12-03 13:52:08+00:00,0.9675
2025-12-03 13:53:05+00:00,0.9675
2025-12-03 13:54:06+00:00,0.9675
2025-12-03 13:55:07+00:00,0.9675
2025-12-03 13:56:06+00:00,0.969
2025-12-03 13:57:05+00:00,0.969
2025-12-03 13:58:06+00:00,0.97
2025-12-03 13:59:06+00:00,0.9705
2025-12-03 14:00:09+00:00,0.9725
2025-12-03 14:01:06+00:00,0.9725
2025-12-03 14:02:07+00:00,0.973
2025-12-03 14:03:06+00:00,0.974
2025-12-03 14:04:06+00:00,0.976
2025-12-03 14:05:06+00:00,0.977
2025-12-03 14:06:06+00:00,0.977
2025-12-03 14:07:05+00:00,0.9775
2025-12-03 14:08:06+00:00,0.977
2025-12-03 14:09:06+00:00,0.977
2025-12-03 14:10:06+00:00,0.9775
2025-12-03 14:11:06+00:00,0.977
2025-12-03 14:12:06+00:00,0.9785
2025-12-03 14:13:06+00:00,0.9785
2025-12-03 14:14:06+00:00,0.9795
2025-12-03 14:15:06+00:00,0.9795
2025-12-03 14:16:06+00:00,0.98
2025-12-03 14:17:06+00:00,0.9795
2025-12-03 14:18:06+00:00,0.9795
2025-12-03 14:19:06+00:00,0.9745
2025-12-03 14:20:06+00:00,0.974
2025-12-03 14:21:06+00:00,0.974
2025-12-03 14:22:06+00:00,0.974
2025-12-03 14:23:06+00:00,0.974
2025-12-03 14:24:06+00:00,0.974
2025-12-03 14:25:06+00:00,0.974
2025-12-03 14:26:08+00:00,0.974
2025-12-03 14:27:06+00:00,0.9735
2025-12-03 14:28:06+00:00,0.9725
2025-12-03 14:29:05+00:00,0.9725
2025-12-03 14:30:07+00:00,0.9725
2025-12-03 14:31:06+00:00,0.9725
2025-12-03 14:32:06+00:00,0.9735
2025-12-03 14:33:06+00:00,0.973
2025-12-03 14:34:06+00:00,0.973
2025-12-03 14:35:06+00:00,0.973
2025-12-03 14:36:06+00:00,0.974
2025-12-03 14:37:06+00:00,0.973
2025-12-03 14:38:06+00:00,0.9705
2025-12-03 14:39:06+00:00,0.969
2025-12-03 14:40:06+00:00,0.9685
2025-12-03 14:41:06+00:00,0.9685
2025-12-03 14:42:06+00:00,0.9685
2025-12-03 14:43:05+00:00,0.9685
2025-12-03 14:44:06+00:00,0.9685
2025-12-03 14:45:06+00:00,0.9685
2025-12-03 14:46:06+00:00,0.9685
2025-12-03 14:47:05+00:00,0.9675
2025-12-03 14:48:06+00:00,0.9675
2025-12-03 14:49:06+00:00,0.9675
2025-12-03 14:50:06+00:00,0.9675
2025-12-03 14:51:06+00:00,0.9675
2025-12-03 14:52:08+00:00,0.9675
2025-12-03 14:53:06+00:00,0.9675
2025-12-03 14:54:06+00:00,0.9675
2025-12-03 14:55:06+00:00,0.982
2025-12-03 14:56:06+00:00,0.988
2025-12-03 14:57:06+00:00,0.988
2025-12-03 14:58:06+00:00,0.9915
2025-12-03 14:59:06+00:00,0.9925
2025-12-03 15:00:07+00:00,0.9925
2025-12-03 15:01:05+00:00,0.992
2025-12-03 15:02:06+00:00,0.993
2025-12-03 15:03:06+00:00,0.994
2025-12-03 15:04:06+00:00,0.994
2025-12-03 15:05:06+00:00,0.995
2025-12-03 15:06:06+00:00,0.9945
2025-12-03 15:07:06+00:00,0.9955
2025-12-03 15:08:06+00:00,0.9975
2025-12-03 15:09:06+00:00,0.9965
2025-12-03 15:10:07+00:00,0.9965
2025-12-03 15:11:06+00:00,0.9955
2025-12-03 15:12:06+00:00,0.9945
2025-12-03 15:13:06+00:00,0.9945
2025-12-03 15:14:06+00:00,0.9945
2025-12-03 15:15:06+00:00,0.9945
2025-12-03 15:16:06+00:00,0.995
2025-12-03 15:17:06+00:00,0.9955
2025-12-03 15:18:07+00:00,0.9955
2025-12-03 15:19:05+00:00,0.9955
2025-12-03 15:20:07+00:00,0.996
2025-12-03 15:21:06+00:00,0.9965
2025-12-03 15:22:06+00:00,0.9965
2025-12-03 15:23:06+00:00,0.9965
2025-12-03 15:24:06+00:00,0.9965
2025-12-03 15:25:06+00:00,0.9965
2025-12-03 15:26:06+00:00,0.9955
2025-12-03 15:27:06+00:00,0.9955
2025-12-03 15:28:07+00:00,0.996
2025-12-03 15:29:06+00:00,0.996
2025-12-03 15:30:06+00:00,0.995
2025-12-03 15:31:06+00:00,0.9955
2025-12-03 15:32:06+00:00,0.9955
2025-12-03 15:33:06+00:00,0.9955
2025-12-03 15:34:06+00:00,0.9945
2025-12-03 15:35:06+00:00,0.994
2025-12-03 15:36:06+00:00,0.994
2025-12-03 15:37:06+00:00,0.994
2025-12-03 15:38:06+00:00,0.9945
2025-12-03 15:39:06+00:00,0.995
2025-12-03 15:40:07+00:00,0.9945
2025-12-03 15:41:06+00:00,0.9935
2025-12-03 15:42:06+00:00,0.9945
2025-12-03 15:43:06+00:00,0.9955
2025-12-03 15:44:08+00:00,0.9955
2025-12-03 15:45:06+00:00,0.995
2025-12-03 15:46:06+00:00,0.9955
2025-12-03 15:47:06+00:00,0.9955
2025-12-03 15:48:06+00:00,0.9955
2025-12-03 15:49:06+00:00,0.9955
2025-12-03 15:50:06+00:00,0.9955
2025-12-03 15:51:06+00:00,0.9955
2025-12-03 15:52:06+00:00,0.9955
2025-12-03 15:53:06+00:00,0.9945
2025-12-03 15:54:06+00:00,0.9955
2025-12-03 15:55:06+00:00,0.995
2025-12-03 15:56:06+00:00,0.9955
2025-12-03 15:57:06+00:00,0.9955
2025-12-03 15:58:07+00:00,0.9955
2025-12-03 15:59:06+00:00,0.9955
2025-12-03 16:00:09+00:00,0.9955
2025-12-03 16:01:06+00:00,0.9955
2025-12-03 16:02:06+00:00,0.9955
2025-12-03 16:03:06+00:00,0.9955
2025-12-03 16:04:06+00:00,0.9955
2025-12-03 16:05:06+00:00,0.9955
2025-12-03 16:06:06+00:00,0.9955
2025-12-03 16:07:06+00:00,0.9965
2025-12-03 16:08:06+00:00,0.9965
2025-12-03 16:09:06+00:00,0.9965
2025-12-03 16:10:06+00:00,0.9965
2025-12-03 16:11:18+00:00,0.9965
2025-12-03 16:12:06+00:00,0.9965
2025-12-03 16:13:06+00:00,0.9965
2025-12-03 16:14:06+00:00,0.9965
2025-12-03 16:15:06+00:00,0.9965
2025-12-03 16:16:06+00:00,0.9965
2025-12-03 16:17:06+00:00,0.9965
2025-12-03 16:18:06+00:00,0.9965
2025-12-03 16:19:06+00:00,0.9965
2025-12-03 16:20:07+00:00,0.9965
2025-12-03 16:21:06+00:00,0.9965
2025-12-03 16:22:06+00:00,0.9965
2025-12-03 16:23:06+00:00,0.9965
2025-12-03 16:24:06+00:00,0.996
2025-12-03 16:25:06+00:00,0.9965
2025-12-03 16:26:08+00:00,0.9965
2025-12-03 16:27:06+00:00,0.9955
2025-12-03 16:28:06+00:00,0.9955
2025-12-03 16:29:06+00:00,0.9965
2025-12-03 16:30:07+00:00,0.9965
2025-12-03 16:31:06+00:00,0.9965
2025-12-03 16:32:06+00:00,0.9965
2025-12-03 16:33:06+00:00,0.9955
2025-12-03 16:34:07+00:00,0.9955
2025-12-03 16:35:06+00:00,0.9955
2025-12-03 16:36:06+00:00,0.9955
2025-12-03 16:37:05+00:00,0.9955
2025-12-03 16:38:06+00:00,0.9955
2025-12-03 16:39:06+00:00,0.9955
2025-12-03 16:40:06+00:00,0.9955
2025-12-03 16:41:06+00:00,0.9955
2025-12-03 16:42:06+00:00,0.9955
2025-12-03 16:43:06+00:00,0.9955
2025-12-03 16:44:06+00:00,0.9955
2025-12-03 16:45:06+00:00,0.9955
2025-12-03 16:46:06+00:00,0.9955
2025-12-03 16:47:06+00:00,0.9955
2025-12-03 16:48:06+00:00,0.9955
2025-12-03 16:49:06+00:00,0.9955
2025-12-03 16:50:06+00:00,0.9955
2025-12-03 16:51:05+00:00,0.9955
2025-12-03 16:52:08+00:00,0.9955
2025-12-03 16:53:06+00:00,0.9955
2025-12-03 16:54:06+00:00,0.9955
2025-12-03 16:55:06+00:00,0.9955
2025-12-03 16:56:06+00:00,0.9955
2025-12-03 16:57:06+00:00,0.9955
2025-12-03 16:58:06+00:00,0.9955
2025-12-03 16:59:05+00:00,0.9955
2025-12-03 17:00:09+00:00,0.9955
2025-12-03 17:01:06+00:00,0.995
2025-12-03 17:02:06+00:00,0.995
2025-12-03 17:03:06+00:00,0.9955
2025-12-03 17:04:06+00:00,0.9955
2025-12-03 17:05:06+00:00,0.9945
2025-12-03 17:06:06+00:00,0.9945
2025-12-03 17:07:06+00:00,0.9945
2025-12-03 17:08:06+00:00,0.9945
2025-12-03 17:09:06+00:00,0.9945
2025-12-03 17:10:07+00:00,0.995
2025-12-03 17:11:06+00:00,0.995
2025-12-03 17:12:06+00:00,0.995
2025-12-03 17:13:05+00:00,0.9945
2025-12-03 17:14:06+00:00,0.9945
2025-12-03 17:15:06+00:00,0.9945
2025-12-03 17:16:06+00:00,0.9945
2025-12-03 17:17:06+00:00,0.9955
2025-12-03 17:18:06+00:00,0.9955
2025-12-03 17:19:06+00:00,0.9945
2025-12-03 17:20:06+00:00,0.995
2025-12-03 17:21:06+00:00,0.9945
2025-12-03 17:22:06+00:00,0.9945
2025-12-03 17:23:05+00:00,0.9945
2025-12-03 17:24:06+00:00,0.9945
2025-12-03 17:25:06+00:00,0.9945
2025-12-03 17:26:07+00:00,0.9955
2025-12-03 17:27:06+00:00,0.9955
2025-12-03 17:28:05+00:00,0.9955
2025-12-03 17:29:05+00:00,0.9955
2025-12-03 17:30:07+00:00,0.9955
2025-12-03 17:31:06+00:00,0.9955
2025-12-03 17:32:06+00:00,0.995
2025-12-03 17:33:06+00:00,0.9955
2025-12-03 17:34:06+00:00,0.9955
2025-12-03 17:35:06+00:00,0.9955
2025-12-03 17:36:06+00:00,0.9955
2025-12-03 17:37:05+00:00,0.9955
2025-12-03 17:38:06+00:00,0.9955
2025-12-03 17:39:06+00:00,0.9955
2025-12-03 17:40:06+00:00,0.9955
2025-12-03 17:41:06+00:00,0.9955
2025-12-03 17:42:06+00:00,0.9955
2025-12-03 17:43:06+00:00,0.9955
2025-12-03 17:44:06+00:00,0.9955
2025-12-03 17:45:06+00:00,0.9955
2025-12-03 17:46:06+00:00,0.9955
2025-12-03 17:47:06+00:00,0.9955
2025-12-03 17:48:06+00:00,0.9955
2025-12-03 17:49:06+00:00,0.9955
2025-12-03 17:50:06+00:00,0.9955
2025-12-03 17:51:06+00:00,0.9955
2025-12-03 17:52:07+00:00,0.9955
2025-12-03 17:53:06+00:00,0.9955
2025-12-03 17:54:06+00:00,0.9955
2025-12-03 17:55:06+00:00,0.9955
2025-12-03 17:56:06+00:00,0.9955
2025-12-03 17:57:06+00:00,0.9955
2025-12-03 17:58:07+00:00,0.9955
2025-12-03 17:59:06+00:00,0.9955
2025-12-03 18:00:09+00:00,0.9955
2025-12-03 18:01:06+00:00,0.9955
2025-12-03 18:02:06+00:00,0.9955
2025-12-03 18:03:06+00:00,0.9955
2025-12-03 18:04:06+00:00,0.9955
2025-12-03 18:05:06+00:00,0.9955
2025-12-03 18:06:06+00:00,0.9955
2025-12-03 18:07:06+00:00,0.9955
2025-12-03 18:08:06+00:00,0.9955
2025-12-03 18:09:06+00:00,0.9955
2025-12-03 18:10:06+00:00,0.9955
2025-12-03 18:11:06+00:00,0.9955
2025-12-03 18:12:06+00:00,0.9955
2025-12-03 18:13:06+00:00,0.9955
2025-12-03 18:14:06+00:00,0.9955
2025-12-03 18:15:06+00:00,0.9945
2025-12-03 18:16:06+00:00,0.9945
2025-12-03 18:17:06+00:00,0.9945
2025-12-03 18:18:07+00:00,0.9945
2025-12-03 18:19:06+00:00,0.994
2025-12-03 18:20:06+00:00,0.9935
2025-12-03 18:21:06+00:00,0.9935
2025-12-03 18:22:06+00:00,0.9945
2025-12-03 18:23:06+00:00,0.9945
2025-12-03 18:24:06+00:00,0.9935
2025-12-03 18:25:06+00:00,0.9935
2025-12-03 18:26:08+00:00,0.994
2025-12-03 18:27:06+00:00,0.9945
2025-12-03 18:28:06+00:00,0.9945
2025-12-03 18:29:06+00:00,0.994
2025-12-03 18:30:07+00:00,0.994
2025-12-03 18:31:06+00:00,0.9935
2025-12-03 18:32:06+00:00,0.9935
2025-12-03 18:33:06+00:00,0.9935
2025-12-03 18:34:06+00:00,0.9935
2025-12-03 18:35:06+00:00,0.9935
2025-12-03 18:36:06+00:00,0.9935
2025-12-03 18:37:06+00:00,0.9935
2025-12-03 18:38:06+00:00,0.9935
2025-12-03 18:39:06+00:00,0.993
2025-12-03 18:40:07+00:00,0.9925
2025-12-03 18:41:06+00:00,0.9925
2025-12-03 18:42:06+00:00,0.9925
2025-12-03 18:43:06+00:00,0.992
2025-12-03 18:44:06+00:00,0.9925
2025-12-03 18:45:06+00:00,0.993
2025-12-03 18:46:06+00:00,0.993
2025-12-03 18:47:06+00:00,0.993
2025-12-03 18:48:06+00:00,0.992
2025-12-03 18:49:06+00:00,0.992
2025-12-03 18:50:07+00:00,0.9925
2025-12-03 18:51:06+00:00,0.9925
2025-12-03 18:52:07+00:00,0.992
2025-12-03 18:53:06+00:00,0.9925
2025-12-03 18:54:06+00:00,0.992
2025-12-03 18:55:06+00:00,0.9935
2025-12-03 18:56:06+00:00,0.9935
2025-12-03 18:57:06+00:00,0.993
2025-12-03 18:58:06+00:00,0.993
2025-12-03 18:59:06+00:00,0.994
2025-12-03 19:00:09+00:00,0.994
2025-12-03 19:01:07+00:00,0.994
2025-12-03 19:02:06+00:00,0.994
2025-12-03 19:03:07+00:00,0.9935
2025-12-03 19:04:06+00:00,0.994
2025-12-03 19:05:07+00:00,0.9935
2025-12-03 19:06:06+00:00,0.9935
2025-12-03 19:07:06+00:00,0.9935
2025-12-03 19:08:06+00:00,0.994
2025-12-03 19:09:05+00:00,0.9945
2025-12-03 19:10:06+00:00,0.9945
2025-12-03 19:11:06+00:00,0.9945
2025-12-03 19:12:06+00:00,0.9935
2025-12-03 19:13:06+00:00,0.9935
2025-12-03 19:14:06+00:00,0.9945
2025-12-03 19:15:07+00:00,0.9945
2025-12-03 19:16:06+00:00,0.9945
2025-12-03 19:17:06+00:00,0.9945
2025-12-03 19:18:06+00:00,0.9945
2025-12-03 19:19:06+00:00,0.9935
2025-12-03 19:20:06+00:00,0.9935
2025-12-03 19:21:06+00:00,0.9935
2025-12-03 19:22:06+00:00,0.993
2025-12-03 19:23:06+00:00,0.9925
2025-12-03 19:24:06+00:00,0.9925
2025-12-03 19:25:06+00:00,0.992
2025-12-03 19:26:08+00:00,0.9935
2025-12-03 19:27:06+00:00,0.9935
2025-12-03 19:28:06+00:00,0.9925
2025-12-03 19:29:06+00:00,0.9925
2025-12-03 19:30:07+00:00,0.992
2025-12-03 19:31:06+00:00,0.992
2025-12-03 19:32:06+00:00,0.992
2025-12-03 19:33:06+00:00,0.992
2025-12-03 19:34:06+00:00,0.9905
2025-12-03 19:35:06+00:00,0.9905
2025-12-03 19:36:06+00:00,0.9905
2025-12-03 19:37:06+00:00,0.9905
2025-12-03 19:38:06+00:00,0.9895
2025-12-03 19:39:06+00:00,0.99
2025-12-03 19:40:06+00:00,0.99
2025-12-03 19:41:06+00:00,0.99
2025-12-03 19:42:06+00:00,0.99
2025-12-03 19:43:06+00:00,0.9905
2025-12-03 19:44:06+00:00,0.9905
2025-12-03 19:45:07+00:00,0.9915
2025-12-03 19:46:06+00:00,0.9915
2025-12-03 19:47:06+00:00,0.9915
2025-12-03 19:48:06+00:00,0.991
2025-12-03 19:49:06+00:00,0.991
2025-12-03 19:50:07+00:00,0.991
2025-12-03 19:51:06+00:00,0.991
2025-12-03 19:52:07+00:00,0.9905
2025-12-03 19:53:06+00:00,0.9905
2025-12-03 19:54:06+00:00,0.9895
2025-12-03 19:55:07+00:00,0.9895
2025-12-03 19:56:06+00:00,0.9895
2025-12-03 19:57:06+00:00,0.9895
2025-12-03 19:58:06+00:00,0.9895
2025-12-03 19:59:06+00:00,0.9895
2025-12-03 20:00:09+00:00,0.9895
2025-12-03 20:01:06+00:00,0.9895
2025-12-03 20:02:06+00:00,0.9895
2025-12-03 20:03:06+00:00,0.9905
2025-12-03 20:04:06+00:00,0.9905
2025-12-03 20:05:06+00:00,0.9905
2025-12-03 20:06:06+00:00,0.9905
2025-12-03 20:07:06+00:00,0.991
2025-12-03 20:08:06+00:00,0.991
2025-12-03 20:09:06+00:00,0.991
2025-12-03 20:10:07+00:00,0.991
2025-12-03 20:11:06+00:00,0.991
2025-12-03 20:12:06+00:00,0.9915
2025-12-03 20:13:06+00:00,0.991
2025-12-03 20:14:06+00:00,0.9915
2025-12-03 20:15:06+00:00,0.9915
2025-12-03 20:16:06+00:00,0.9915
2025-12-03 20:17:06+00:00,0.9915
2025-12-03 20:18:06+00:00,0.9915
2025-12-03 20:19:06+00:00,0.9915
2025-12-03 20:20:07+00:00,0.9915
2025-12-03 20:21:06+00:00,0.992
2025-12-03 20:22:06+00:00,0.9925
2025-12-03 20:23:06+00:00,0.9925
2025-12-03 20:24:06+00:00,0.9915
2025-12-03 20:25:06+00:00,0.9915
2025-12-03 20:26:07+00:00,0.9915
2025-12-03 20:27:06+00:00,0.9915
2025-12-03 20:28:06+00:00,0.9915
2025-12-03 20:29:06+00:00,0.9915
2025-12-03 20:30:07+00:00,0.9915
2025-12-03 20:31:06+00:00,0.9915
2025-12-03 20:32:06+00:00,0.9915
2025-12-03 20:33:07+00:00,0.9915
2025-12-03 20:34:06+00:00,0.9915
2025-12-03 20:35:07+00:00,0.9915
2025-12-03 20:36:06+00:00,0.9915
2025-12-03 20:37:06+00:00,0.991
2025-12-03 20:38:06+00:00,0.9905
2025-12-03 20:39:06+00:00,0.9905
2025-12-03 20:40:07+00:00,0.9905
2025-12-03 20:41:06+00:00,0.9915
2025-12-03 20:42:06+00:00,0.9915
2025-12-03 20:43:06+00:00,0.9915
2025-12-03 20:44:06+00:00,0.9915
2025-12-03 20:45:07+00:00,0.9915
2025-12-03 20:46:06+00:00,0.9915
2025-12-03 20:47:05+00:00,0.991
2025-12-03 20:48:06+00:00,0.9905
2025-12-03 20:49:06+00:00,0.99
2025-12-03 20:50:07+00:00,0.99
2025-12-03 20:51:06+00:00,0.99
2025-12-03 20:52:08+00:00,0.9895
2025-12-03 20:53:06+00:00,0.9905
2025-12-03 20:54:06+00:00,0.989
2025-12-03 20:55:07+00:00,0.989
2025-12-03 20:56:07+00:00,0.9885
2025-12-03 20:57:06+00:00,0.9885
2025-12-03 20:58:06+00:00,0.9875
2025-12-03 20:59:06+00:00,0.9875
2025-12-03 21:00:10+00:00,0.988
2025-12-03 21:01:37+00:00,0.988
2025-12-03 21:02:06+00:00,0.9885
2025-12-03 21:03:06+00:00,0.989
2025-12-03 21:04:06+00:00,0.989
2025-12-03 21:05:06+00:00,0.9885
2025-12-03 21:06:07+00:00,0.988
2025-12-03 21:07:06+00:00,0.988
2025-12-03 21:08:06+00:00,0.988
2025-12-03 21:09:06+00:00,0.988
2025-12-03 21:10:06+00:00,0.988
2025-12-03 21:11:06+00:00,0.9885
2025-12-03 21:12:06+00:00,0.9885
2025-12-03 21:13:06+00:00,0.9875
2025-12-03 21:14:06+00:00,0.9875
2025-12-03 21:15:06+00:00,0.9865
2025-12-03 21:16:06+00:00,0.9855
2025-12-03 21:17:06+00:00,0.9845
2025-12-03 21:18:06+00:00,0.984
2025-12-03 21:19:06+00:00,0.9835
2025-12-03 21:20:07+00:00,0.984
2025-12-03 21:21:06+00:00,0.984
2025-12-03 21:22:06+00:00,0.984
2025-12-03 21:23:06+00:00,0.9835
2025-12-03 21:24:06+00:00,0.9835
2025-12-03 21:25:07+00:00,0.983
2025-12-03 21:26:06+00:00,0.982
2025-12-03 21:27:08+00:00,0.9825
2025-12-03 21:28:06+00:00,0.9825
2025-12-03 21:29:06+00:00,0.9825
2025-12-03 21:30:22+00:00,0.9835
2025-12-03 21:31:06+00:00,0.986
2025-12-03 21:32:06+00:00,0.9855
2025-12-03 21:33:06+00:00,0.986
2025-12-03 21:34:07+00:00,0.984
2025-12-03 21:35:06+00:00,0.983
2025-12-03 21:36:06+00:00,0.9845
2025-12-03 21:37:06+00:00,0.9825
2025-12-03 21:38:06+00:00,0.9825
2025-12-03 21:39:06+00:00,0.982
2025-12-03 21:40:06+00:00,0.983
2025-12-03 21:41:06+00:00,0.9835
2025-12-03 21:42:06+00:00,0.983
2025-12-03 21:43:06+00:00,0.986
2025-12-03 21:44:06+00:00,0.989
2025-12-03 21:45:07+00:00,0.989
2025-12-03 21:46:06+00:00,0.989
2025-12-03 21:47:06+00:00,0.9905
2025-12-03 21:48:07+00:00,0.9915
2025-12-03 21:49:06+00:00,0.9915
2025-12-03 21:50:07+00:00,0.9905
2025-12-03 21:51:06+00:00,0.9905
2025-12-03 21:52:07+00:00,0.9905
2025-12-03 21:53:07+00:00,0.9895
2025-12-03 21:54:06+00:00,0.989
2025-12-03 21:55:07+00:00,0.989
2025-12-03 21:56:06+00:00,0.989
2025-12-03 21:57:06+00:00,0.9885
2025-12-03 21:58:06+00:00,0.988
2025-12-03 21:59:06+00:00,0.9875
2025-12-03 22:00:09+00:00,0.9865
2025-12-03 22:01:20+00:00,0.9865
2025-12-03 22:02:07+00:00,0.986
2025-12-03 22:03:06+00:00,0.987
2025-12-03 22:04:06+00:00,0.9875
2025-12-03 22:05:07+00:00,0.988
2025-12-03 22:06:06+00:00,0.988
2025-12-03 22:07:06+00:00,0.988
2025-12-03 22:08:06+00:00,0.9875
2025-12-03 22:09:06+00:00,0.9885
2025-12-03 22:10:06+00:00,0.9875
2025-12-03 22:11:06+00:00,0.9875
2025-12-03 22:12:06+00:00,0.9885
2025-12-03 22:13:06+00:00,0.988
2025-12-03 22:14:06+00:00,0.9895
2025-12-03 22:15:06+00:00,0.9895
2025-12-03 22:16:06+00:00,0.99
2025-12-03 22:17:06+00:00,0.99
2025-12-03 22:18:06+00:00,0.9895
2025-12-03 22:19:06+00:00,0.989
2025-12-03 22:20:07+00:00,0.9885
2025-12-03 22:21:06+00:00,0.9885
2025-12-03 22:22:06+00:00,0.9885
2025-12-03 22:23:06+00:00,0.9895
2025-12-03 22:24:06+00:00,0.9895
2025-12-03 22:25:20+00:00,0.9895
2025-12-03 22:26:07+00:00,0.9895
2025-12-03 22:27:06+00:00,0.9885
2025-12-03 22:28:06+00:00,0.9885
2025-12-03 22:29:06+00:00,0.988
2025-12-03 22:30:08+00:00,0.9845
2025-12-03 22:31:06+00:00,0.984
2025-12-03 22:32:06+00:00,0.985
2025-12-03 22:33:06+00:00,0.986
2025-12-03 22:34:06+00:00,0.986
2025-12-03 22:35:06+00:00,0.9865
2025-12-03 22:36:06+00:00,0.9865
2025-12-03 22:37:06+00:00,0.9865
2025-12-03 22:38:06+00:00,0.9865
2025-12-03 22:39:06+00:00,0.9865
2025-12-03 22:40:06+00:00,0.9865
2025-12-03 22:41:06+00:00,0.9855
2025-12-03 22:42:06+00:00,0.9855
2025-12-03 22:43:06+00:00,0.9865
2025-12-03 22:44:06+00:00,0.9865
2025-12-03 22:45:06+00:00,0.9865
2025-12-03 22:46:06+00:00,0.9865
2025-12-03 22:47:06+00:00,0.987
2025-12-03 22:48:06+00:00,0.987
2025-12-03 22:49:06+00:00,0.9865
2025-12-03 22:50:06+00:00,0.987
2025-12-03 22:51:06+00:00,0.987
2025-12-03 22:52:07+00:00,0.9865
2025-12-03 22:53:06+00:00,0.9865
2025-12-03 22:54:06+00:00,0.9865
2025-12-03 22:55:07+00:00,0.9865
2025-12-03 22:56:06+00:00,0.9855
2025-12-03 22:57:06+00:00,0.986
2025-12-03 22:58:17+00:00,0.986
2025-12-03 22:59:06+00:00,0.9855
2025-12-03 23:00:09+00:00,0.986
2025-12-03 23:01:06+00:00,0.9845
2025-12-03 23:02:07+00:00,0.9845
2025-12-03 23:03:06+00:00,0.9845
2025-12-03 23:04:06+00:00,0.9845
2025-12-03 23:05:06+00:00,0.9865
2025-12-03 23:06:06+00:00,0.986
2025-12-03 23:07:06+00:00,0.9855
2025-12-03 23:08:06+00:00,0.9855
2025-12-03 23:09:06+00:00,0.9855
2025-12-03 23:10:06+00:00,0.9855
2025-12-03 23:11:06+00:00,0.9855
2025-12-03 23:12:06+00:00,0.9855
2025-12-03 23:13:06+00:00,0.9855
2025-12-03 23:14:06+00:00,0.986
2025-12-03 23:15:06+00:00,0.9865
2025-12-03 23:16:06+00:00,0.9865
2025-12-03 23:17:06+00:00,0.9865
2025-12-03 23:18:06+00:00,0.9865
2025-12-03 23:19:20+00:00,0.987
2025-12-03 23:20:07+00:00,0.987
2025-12-03 23:21:06+00:00,0.9865
2025-12-03 23:22:06+00:00,0.9865
2025-12-03 23:23:06+00:00,0.9865
2025-12-03 23:24:06+00:00,0.9865
2025-12-03 23:25:07+00:00,0.9875
2025-12-03 23:26:07+00:00,0.9875
2025-12-03 23:27:06+00:00,0.9875
2025-12-03 23:28:06+00:00,0.9865
2025-12-03 23:29:06+00:00,0.9865
2025-12-03 23:30:08+00:00,0.9865
2025-12-03 23:31:06+00:00,0.9865
2025-12-03 23:32:06+00:00,0.9865
2025-12-03 23:33:06+00:00,0.9865
2025-12-03 23:34:06+00:00,0.9865
2025-12-03 23:35:06+00:00,0.9865
2025-12-03 23:36:06+00:00,0.9865
2025-12-03 23:37:06+00:00,0.9865
2025-12-03 23:38:06+00:00,0.987
2025-12-03 23:39:06+00:00,0.986
2025-12-03 23:40:06+00:00,0.9865
2025-12-03 23:41:06+00:00,0.986
2025-12-03 23:42:06+00:00,0.9865
2025-12-03 23:43:05+00:00,0.9895
2025-12-03 23:44:05+00:00,0.9915
2025-12-03 23:45:06+00:00,0.992
2025-12-03 23:46:06+00:00,0.992
2025-12-03 23:47:06+00:00,0.9915
2025-12-03 23:48:06+00:00,0.9915
2025-12-03 23:49:06+00:00,0.9925
2025-12-03 23:50:06+00:00,0.9925
2025-12-03 23:51:05+00:00,0.9925
2025-12-03 23:52:07+00:00,0.9915
2025-12-03 23:53:06+00:00,0.9915
2025-12-03 23:54:06+00:00,0.992
2025-12-03 23:55:06+00:00,0.9955
2025-12-03 23:56:06+00:00,0.9955
2025-12-03 23:57:06+00:00,0.9955
2025-12-03 23:58:06+00:00,0.9945
2025-12-03 23:59:06+00:00,0.9935
2025-12-04 00:00:08+00:00,0.9935
2025-12-04 00:01:06+00:00,0.9945
2025-12-04 00:02:06+00:00,0.9945
2025-12-04 00:03:06+00:00,0.9945
2025-12-04 00:04:06+00:00,0.9945
2025-12-04 00:05:06+00:00,0.9935
2025-12-04 00:06:06+00:00,0.9935
2025-12-04 00:07:06+00:00,0.994
2025-12-04 00:08:06+00:00,0.9935
2025-12-04 00:09:06+00:00,0.9935
2025-12-04 00:10:06+00:00,0.9935
2025-12-04 00:11:06+00:00,0.9935
2025-12-04 00:12:06+00:00,0.9935
2025-12-04 00:13:06+00:00,0.9935
2025-12-04 00:14:06+00:00,0.9935
2025-12-04 00:15:06+00:00,0.9935
2025-12-04 00:16:07+00:00,0.994
2025-12-04 00:17:06+00:00,0.995
2025-12-04 00:18:06+00:00,0.9945
2025-12-04 00:19:06+00:00,0.9945
2025-12-04 00:20:06+00:00,0.995
2025-12-04 00:21:06+00:00,0.9955
2025-12-04 00:22:06+00:00,0.995
2025-12-04 00:23:06+00:00,0.9955
2025-12-04 00:24:06+00:00,0.9955
2025-12-04 00:25:06+00:00,0.9955
2025-12-04 00:26:06+00:00,0.9945
2025-12-04 00:27:06+00:00,0.9945
2025-12-04 00:28:06+00:00,0.9945
2025-12-04 00:29:06+00:00,0.9945
2025-12-04 00:30:07+00:00,0.9945
2025-12-04 00:31:05+00:00,0.9945
2025-12-04 00:32:06+00:00,0.9945
2025-12-04 00:33:06+00:00,0.9945
2025-12-04 00:34:06+00:00,0.9945
2025-12-04 00:35:06+00:00,0.9925
2025-12-04 00:36:06+00:00,0.993
2025-12-04 00:37:06+00:00,0.992
2025-12-04 00:38:06+00:00,0.993
2025-12-04 00:39:06+00:00,0.9925
2025-12-04 00:40:06+00:00,0.9925
2025-12-04 00:41:06+00:00,0.9925
2025-12-04 00:42:06+00:00,0.9925
2025-12-04 00:43:05+00:00,0.9935
2025-12-04 00:44:06+00:00,0.9935
2025-12-04 00:45:06+00:00,0.9935
2025-12-04 00:46:06+00:00,0.9935
2025-12-04 00:47:06+00:00,0.9935
2025-12-04 00:48:06+00:00,0.9935
2025-12-04 00:49:06+00:00,0.9935
2025-12-04 00:50:06+00:00,0.9935
2025-12-04 00:51:06+00:00,0.9935
2025-12-04 00:52:06+00:00,0.9935
2025-12-04 00:53:06+00:00,0.9935
2025-12-04 00:54:06+00:00,0.9935
2025-12-04 00:55:06+00:00,0.9935
2025-12-04 00:56:06+00:00,0.9935
2025-12-04 00:57:06+00:00,0.9935
2025-12-04 00:58:07+00:00,0.9945
2025-12-04 00:59:06+00:00,0.9945
2025-12-04 01:00:08+00:00,0.9945
2025-12-04 01:01:06+00:00,0.9945
2025-12-04 01:02:06+00:00,0.9945
2025-12-04 01:03:06+00:00,0.9945
2025-12-04 01:04:06+00:00,0.9945
2025-12-04 01:05:06+00:00,0.9945
2025-12-04 01:06:07+00:00,0.9945
2025-12-04 01:07:06+00:00,0.9945
2025-12-04 01:08:06+00:00,0.9945
2025-12-04 01:09:06+00:00,0.9945
2025-12-04 01:10:07+00:00,0.9945
2025-12-04 01:11:07+00:00,0.9945
2025-12-04 01:12:06+00:00,0.9945
2025-12-04 01:13:06+00:00,0.9945
2025-12-04 01:14:07+00:00,0.9945
2025-12-04 01:15:06+00:00,0.9945
2025-12-04 01:16:06+00:00,0.9945
2025-12-04 01:17:06+00:00,0.9945
2025-12-04 01:18:06+00:00,0.9945
2025-12-04 01:19:06+00:00,0.9935
2025-12-04 01:20:06+00:00,0.9935
2025-12-04 01:21:06+00:00,0.9935
2025-12-04 01:22:06+00:00,0.9935
2025-12-04 01:23:06+00:00,0.9935
2025-12-04 01:24:06+00:00,0.9935
2025-12-04 01:25:06+00:00,0.9935
2025-12-04 01:26:08+00:00,0.9935
2025-12-04 01:27:06+00:00,0.9935
2025-12-04 01:28:06+00:00,0.9935
2025-12-04 01:29:06+00:00,0.994
2025-12-04 01:30:07+00:00,0.994
2025-12-04 01:31:06+00:00,0.9935
2025-12-04 01:32:06+00:00,0.9935
2025-12-04 01:33:06+00:00,0.9945
2025-12-04 01:34:06+00:00,0.9945
2025-12-04 01:35:06+00:00,0.9945
2025-12-04 01:36:06+00:00,0.9945
2025-12-04 01:37:05+00:00,0.994
2025-12-04 01:38:07+00:00,0.994
2025-12-04 01:39:06+00:00,0.994
2025-12-04 01:40:08+00:00,0.9935
2025-12-04 01:41:06+00:00,0.9935
2025-12-04 01:42:06+00:00,0.9935
2025-12-04 01:43:06+00:00,0.9935
2025-12-04 01:44:06+00:00,0.9935
2025-12-04 01:45:06+00:00,0.9935
2025-12-04 01:46:06+00:00,0.994
2025-12-04 01:47:06+00:00,0.9945
2025-12-04 01:48:06+00:00,0.9935
2025-12-04 01:49:06+00:00,0.9935
2025-12-04 01:50:06+00:00,0.9935
2025-12-04 01:51:05+00:00,0.9935
2025-12-04 01:52:07+00:00,0.994
2025-12-04 01:53:06+00:00,0.9945
2025-12-04 01:54:07+00:00,0.9945
2025-12-04 01:55:06+00:00,0.9945
2025-12-04 01:56:06+00:00,0.9945
2025-12-04 01:57:06+00:00,0.9945
2025-12-04 01:58:05+00:00,0.9945
2025-12-04 01:59:06+00:00,0.9945
2025-12-04 02:00:08+00:00,0.9945
2025-12-04 02:01:06+00:00,0.9945
2025-12-04 02:02:06+00:00,0.994
2025-12-04 02:03:06+00:00,0.9945
2025-12-04 02:04:06+00:00,0.994
2025-12-04 02:05:06+00:00,0.994
2025-12-04 02:06:06+00:00,0.9945
2025-12-04 02:07:06+00:00,0.994
2025-12-04 02:08:07+00:00,0.9945
2025-12-04 02:09:06+00:00,0.994
2025-12-04 02:10:06+00:00,0.994
2025-12-04 02:11:06+00:00,0.9945
2025-12-04 02:12:06+00:00,0.9945
2025-12-04 02:13:06+00:00,0.9935
2025-12-04 02:14:06+00:00,0.9935
2025-12-04 02:15:06+00:00,0.9935
2025-12-04 02:16:06+00:00,0.9935
2025-12-04 02:17:06+00:00,0.9935
2025-12-04 02:18:06+00:00,0.9935
2025-12-04 02:19:06+00:00,0.9945
2025-12-04 02:20:06+00:00,0.9945
2025-12-04 02:21:06+00:00,0.9945
2025-12-04 02:22:06+00:00,0.994
2025-12-04 02:23:06+00:00,0.9945
2025-12-04 02:24:06+00:00,0.994
2025-12-04 02:25:06+00:00,0.994
2025-12-04 02:26:07+00:00,0.994
2025-12-04 02:27:06+00:00,0.994
2025-12-04 02:28:06+00:00,0.994
2025-12-04 02:29:06+00:00,0.994
2025-12-04 02:30:07+00:00,0.994
2025-12-04 02:31:06+00:00,0.9935
2025-12-04 02:32:06+00:00,0.9935
2025-12-04 02:33:06+00:00,0.9935
2025-12-04 02:34:06+00:00,0.9935
2025-12-04 02:35:06+00:00,0.9935
2025-12-04 02:36:06+00:00,0.9935
2025-12-04 02:37:06+00:00,0.9935
2025-12-04 02:38:06+00:00,0.9935
2025-12-04 02:39:06+00:00,0.9935
2025-12-04 02:40:06+00:00,0.9935
2025-12-04 02:41:06+00:00,0.9935
2025-12-04 02:42:06+00:00,0.993
2025-12-04 02:43:06+00:00,0.9935
2025-12-04 02:44:06+00:00,0.9935
2025-12-04 02:45:06+00:00,0.9935
2025-12-04 02:46:06+00:00,0.9935
2025-12-04 02:47:06+00:00,0.993
2025-12-04 02:48:06+00:00,0.993
2025-12-04 02:49:06+00:00,0.9935
2025-12-04 02:50:07+00:00,0.9935
2025-12-04 02:51:06+00:00,0.9935
2025-12-04 02:52:07+00:00,0.9935
2025-12-04 02:53:06+00:00,0.9935
2025-12-04 02:54:06+00:00,0.9935
2025-12-04 02:55:06+00:00,0.9935
2025-12-04 02:56:06+00:00,0.9935
2025-12-04 02:57:06+00:00,0.9935
2025-12-04 02:58:06+00:00,0.9935
2025-12-04 02:59:06+00:00,0.9935
2025-12-04 03:00:08+00:00,0.9935
2025-12-04 03:01:06+00:00,0.9935
2025-12-04 03:02:06+00:00,0.9935
2025-12-04 03:03:06+00:00,0.9935
2025-12-04 03:04:06+00:00,0.9935
2025-12-04 03:05:06+00:00,0.9935
2025-12-04 03:06:06+00:00,0.9935
2025-12-04 03:07:06+00:00,0.9935
2025-12-04 03:08:07+00:00,0.9935
2025-12-04 03:09:06+00:00,0.9935
2025-12-04 03:10:06+00:00,0.9935
2025-12-04 03:11:06+00:00,0.9935
2025-12-04 03:12:06+00:00,0.9935
2025-12-04 03:13:06+00:00,0.9935
2025-12-04 03:14:06+00:00,0.9935
2025-12-04 03:15:06+00:00,0.9935
2025-12-04 03:16:06+00:00,0.9935
2025-12-04 03:17:06+00:00,0.9935
2025-12-04 03:18:07+00:00,0.9935
2025-12-04 03:19:06+00:00,0.9935
2025-12-04 03:20:07+00:00,0.9935
2025-12-04 03:21:07+00:00,0.993
2025-12-04 03:22:06+00:00,0.9925
2025-12-04 03:23:06+00:00,0.9925
2025-12-04 03:24:06+00:00,0.9925
2025-12-04 03:25:06+00:00,0.9925
2025-12-04 03:26:07+00:00,0.9925
2025-12-04 03:27:06+00:00,0.9925
2025-12-04 03:28:06+00:00,0.9925
2025-12-04 03:29:06+00:00,0.9925
2025-12-04 03:30:06+00:00,0.9925
2025-12-04 03:31:06+00:00,0.9925
2025-12-04 03:32:06+00:00,0.9925
2025-12-04 03:33:06+00:00,0.9925
2025-12-04 03:34:06+00:00,0.9925
2025-12-04 03:35:06+00:00,0.9925
2025-12-04 03:36:06+00:00,0.9915
2025-12-04 03:37:06+00:00,0.9915
2025-12-04 03:38:06+00:00,0.9915
2025-12-04 03:39:06+00:00,0.9915
2025-12-04 03:40:06+00:00,0.991
2025-12-04 03:41:06+00:00,0.9915
2025-12-04 03:42:06+00:00,0.9915
2025-12-04 03:43:06+00:00,0.9915
2025-12-04 03:44:06+00:00,0.9915
2025-12-04 03:45:06+00:00,0.9915
2025-12-04 03:46:06+00:00,0.9915
2025-12-04 03:47:06+00:00,0.9915
2025-12-04 03:48:06+00:00,0.9915
2025-12-04 03:49:06+00:00,0.9915
2025-12-04 03:50:06+00:00,0.9915
2025-12-04 03:51:06+00:00,0.9915
2025-12-04 03:52:07+00:00,0.9915
2025-12-04 03:53:06+00:00,0.9915
2025-12-04 03:54:05+00:00,0.9915
2025-12-04 03:55:06+00:00,0.9915
2025-12-04 03:56:06+00:00,0.9915
2025-12-04 03:57:06+00:00,0.9915
2025-12-04 03:58:06+00:00,0.9915
2025-12-04 03:59:06+00:00,0.9915
2025-12-04 04:00:09+00:00,0.9915
2025-12-04 04:01:06+00:00,0.9915
2025-12-04 04:02:06+00:00,0.9915
2025-12-04 04:03:06+00:00,0.9915
2025-12-04 04:04:06+00:00,0.9915
2025-12-04 04:05:06+00:00,0.9915
2025-12-04 04:06:06+00:00,0.9915
2025-12-04 04:07:06+00:00,0.9915
2025-12-04 04:08:06+00:00,0.9915
2025-12-04 04:09:06+00:00,0.992
2025-12-04 04:10:06+00:00,0.992
2025-12-04 04:11:06+00:00,0.992
2025-12-04 04:12:06+00:00,0.992
2025-12-04 04:13:06+00:00,0.992
2025-12-04 04:14:05+00:00,0.992
2025-12-04 04:15:06+00:00,0.992
2025-12-04 04:16:06+00:00,0.9915
2025-12-04 04:17:06+00:00,0.9915
2025-12-04 04:18:06+00:00,0.9915
2025-12-04 04:19:06+00:00,0.9915
2025-12-04 04:20:06+00:00,0.9915
2025-12-04 04:21:06+00:00,0.9915
2025-12-04 04:22:06+00:00,0.9915
2025-12-04 04:23:06+00:00,0.9915
2025-12-04 04:24:06+00:00,0.992
2025-12-04 04:25:06+00:00,0.992
2025-12-04 04:26:08+00:00,0.992
2025-12-04 04:27:06+00:00,0.992
2025-12-04 04:28:06+00:00,0.992
2025-12-04 04:29:06+00:00,0.9915
2025-12-04 04:30:07+00:00,0.9915
2025-12-04 04:31:06+00:00,0.9915
2025-12-04 04:32:05+00:00,0.9915
2025-12-04 04:33:06+00:00,0.9915
2025-12-04 04:34:06+00:00,0.9915
2025-12-04 04:35:06+00:00,0.9915
2025-12-04 04:36:06+00:00,0.9915
2025-12-04 04:37:05+00:00,0.9915
2025-12-04 04:38:06+00:00,0.9915
2025-12-04 04:39:06+00:00,0.9915
2025-12-04 04:40:06+00:00,0.9915
2025-12-04 04:41:06+00:00,0.9915
2025-12-04 04:42:06+00:00,0.9915
2025-12-04 04:43:06+00:00,0.9915
2025-12-04 04:44:06+00:00,0.9915
2025-12-04 04:45:06+00:00,0.9915
2025-12-04 04:46:06+00:00,0.9915
2025-12-04 04:47:06+00:00,0.9925
2025-12-04 04:48:06+00:00,0.9925
2025-12-04 04:49:06+00:00,0.9925
2025-12-04 04:50:07+00:00,0.9925
2025-12-04 04:51:06+00:00,0.992
2025-12-04 04:52:07+00:00,0.992
2025-12-04 04:53:06+00:00,0.992
2025-12-04 04:54:06+00:00,0.9915
2025-12-04 04:55:06+00:00,0.9915
2025-12-04 04:56:07+00:00,0.9915
2025-12-04 04:57:06+00:00,0.9915
2025-12-04 04:58:05+00:00,0.9915
2025-12-04 04:59:06+00:00,0.9915
2025-12-04 05:00:08+00:00,0.9915
2025-12-04 05:01:06+00:00,0.9915
2025-12-04 05:02:06+00:00,0.9915
2025-12-04 05:03:06+00:00,0.9925
2025-12-04 05:04:06+00:00,0.992
2025-12-04 05:05:06+00:00,0.992
2025-12-04 05:06:06+00:00,0.9915
2025-12-04 05:07:06+00:00,0.9915
2025-12-04 05:08:06+00:00,0.9915
2025-12-04 05:09:05+00:00,0.9915
2025-12-04 05:10:07+00:00,0.9915
2025-12-04 05:11:06+00:00,0.992
2025-12-04 05:12:05+00:00,0.992
2025-12-04 05:13:06+00:00,0.9925
2025-12-04 05:14:06+00:00,0.992
2025-12-04 05:15:06+00:00,0.992
2025-12-04 05:16:06+00:00,0.992
2025-12-04 05:17:06+00:00,0.992
2025-12-04 05:18:06+00:00,0.992
2025-12-04 05:19:05+00:00,0.992
2025-12-04 05:20:06+00:00,0.992
2025-12-04 05:21:05+00:00,0.9915
2025-12-04 05:22:06+00:00,0.9915
2025-12-04 05:23:06+00:00,0.991
2025-12-04 05:24:06+00:00,0.991
2025-12-04 05:25:06+00:00,0.991
2025-12-04 05:26:07+00:00,0.991
2025-12-04 05:27:06+00:00,0.9915
2025-12-04 05:28:05+00:00,0.9915
2025-12-04 05:29:06+00:00,0.9915
2025-12-04 05:30:07+00:00,0.9915
2025-12-04 05:31:06+00:00,0.9915
2025-12-04 05:32:06+00:00,0.991
2025-12-04 05:33:06+00:00,0.991
2025-12-04 05:34:06+00:00,0.991
2025-12-04 05:35:06+00:00,0.991
2025-12-04 05:36:06+00:00,0.9905
2025-12-04 05:37:05+00:00,0.9905
2025-12-04 05:38:06+00:00,0.9905
2025-12-04 05:39:05+00:00,0.9905
2025-12-04 05:40:06+00:00,0.9905
2025-12-04 05:41:06+00:00,0.991
2025-12-04 05:42:06+00:00,0.991
2025-12-04 05:43:06+00:00,0.991
2025-12-04 05:44:05+00:00,0.991
2025-12-04 05:45:06+00:00,0.991
2025-12-04 05:46:06+00:00,0.9905
2025-12-04 05:47:06+00:00,0.991
2025-12-04 05:48:06+00:00,0.9905
2025-12-04 05:49:06+00:00,0.9905
2025-12-04 05:50:06+00:00,0.9905
2025-12-04 05:51:06+00:00,0.9905
2025-12-04 05:52:08+00:00,0.9905
2025-12-04 05:53:05+00:00,0.991
2025-12-04 05:54:06+00:00,0.9905
2025-12-04 05:55:06+00:00,0.9905
2025-12-04 05:56:06+00:00,0.9905
2025-12-04 05:57:06+00:00,0.9905
2025-12-04 05:58:06+00:00,0.9905
2025-12-04 05:59:05+00:00,0.9905
2025-12-04 06:00:08+00:00,0.9905
2025-12-04 06:01:06+00:00,0.9905
2025-12-04 06:02:06+00:00,0.9905
2025-12-04 06:03:06+00:00,0.9905
2025-12-04 06:04:06+00:00,0.9905
2025-12-04 06:05:06+00:00,0.9905
2025-12-04 06:06:06+00:00,0.9905
2025-12-04 06:07:06+00:00,0.9905
2025-12-04 06:08:06+00:00,0.9905
2025-12-04 06:09:06+00:00,0.991
2025-12-04 06:10:06+00:00,0.991
2025-12-04 06:11:05+00:00,0.991
2025-12-04 06:12:06+00:00,0.991
2025-12-04 06:13:06+00:00,0.9905
2025-12-04 06:14:06+00:00,0.9905
2025-12-04 06:15:06+00:00,0.9905
2025-12-04 06:16:06+00:00,0.9905
2025-12-04 06:17:05+00:00,0.9905
2025-12-04 06:18:06+00:00,0.9905
2025-12-04 06:19:06+00:00,0.9905
2025-12-04 06:20:06+00:00,0.9905
2025-12-04 06:21:06+00:00,0.9905
2025-12-04 06:22:06+00:00,0.991
2025-12-04 06:23:06+00:00,0.99
2025-12-04 06:24:06+00:00,0.99
2025-12-04 06:25:06+00:00,0.9895
2025-12-04 06:26:08+00:00,0.9895
2025-12-04 06:27:06+00:00,0.9895
2025-12-04 06:28:06+00:00,0.99
2025-12-04 06:29:06+00:00,0.99
2025-12-04 06:30:07+00:00,0.9895
2025-12-04 06:31:06+00:00,0.989
2025-12-04 06:32:06+00:00,0.989
2025-12-04 06:33:06+00:00,0.9885
2025-12-04 06:34:07+00:00,0.9885
2025-12-04 06:35:08+00:00,0.9885
2025-12-04 06:36:06+00:00,0.989
2025-12-04 06:37:06+00:00,0.989
2025-12-04 06:38:06+00:00,0.9885
2025-12-04 06:39:06+00:00,0.9885
2025-12-04 06:40:06+00:00,0.9895
2025-12-04 06:41:06+00:00,0.989
2025-12-04 06:42:06+00:00,0.9885
2025-12-04 06:43:06+00:00,0.989
2025-12-04 06:44:06+00:00,0.989
2025-12-04 06:45:06+00:00,0.989
2025-12-04 06:46:05+00:00,0.989
2025-12-04 06:47:06+00:00,0.9905
2025-12-04 06:48:06+00:00,0.9895
2025-12-04 06:49:06+00:00,0.9895
2025-12-04 06:50:06+00:00,0.99
2025-12-04 06:51:05+00:00,0.9895
2025-12-04 06:52:06+00:00,0.99
2025-12-04 06:53:06+00:00,0.9895
2025-12-04 06:54:06+00:00,0.9895
2025-12-04 06:55:06+00:00,0.9895
2025-12-04 06:56:06+00:00,0.9895
2025-12-04 06:57:06+00:00,0.9895
2025-12-04 06:58:05+00:00,0.9895
2025-12-04 06:59:05+00:00,0.9895
2025-12-04 07:00:08+00:00,0.9895
2025-12-04 07:01:06+00:00,0.9895
2025-12-04 07:02:06+00:00,0.9895
2025-12-04 07:03:06+00:00,0.9895
2025-12-04 07:04:05+00:00,0.9895
2025-12-04 07:05:06+00:00,0.9895
2025-12-04 07:06:06+00:00,0.99
2025-12-04 07:07:05+00:00,0.9895
2025-12-04 07:08:06+00:00,0.99
2025-12-04 07:09:06+00:00,0.99
2025-12-04 07:10:06+00:00,0.99
2025-12-04 07:11:06+00:00,0.99
2025-12-04 07:12:05+00:00,0.9895
2025-12-04 07:13:06+00:00,0.9895
2025-12-04 07:14:06+00:00,0.9895
2025-12-04 07:15:06+00:00,0.99
2025-12-04 07:16:06+00:00,0.9905
2025-12-04 07:17:05+00:00,0.9895
2025-12-04 07:18:06+00:00,0.9895
2025-12-04 07:19:05+00:00,0.99
2025-12-04 07:20:06+00:00,0.99
2025-12-04 07:21:05+00:00,0.9905
2025-12-04 07:22:06+00:00,0.9905
2025-12-04 07:23:06+00:00,0.9905
2025-12-04 07:24:06+00:00,0.9905
2025-12-04 07:25:06+00:00,0.9905
2025-12-04 07:26:07+00:00,0.9895
2025-12-04 07:27:06+00:00,0.9895
2025-12-04 07:28:05+00:00,0.9895
2025-12-04 07:29:06+00:00,0.9895
2025-12-04 07:30:06+00:00,0.99
2025-12-04 07:31:05+00:00,0.9895
2025-12-04 07:32:06+00:00,0.99
2025-12-04 07:33:06+00:00,0.99
2025-12-04 07:34:06+00:00,0.9905
2025-12-04 07:35:06+00:00,0.9905
2025-12-04 07:36:05+00:00,0.9905
2025-12-04 07:37:06+00:00,0.9905
2025-12-04 07:38:06+00:00,0.991
2025-12-04 07:39:05+00:00,0.991
2025-12-04 07:40:06+00:00,0.991
2025-12-04 07:41:06+00:00,0.9905
2025-12-04 07:42:06+00:00,0.9905
2025-12-04 07:43:06+00:00,0.9905
2025-12-04 07:44:05+00:00,0.9905
2025-12-04 07:45:06+00:00,0.9905
2025-12-04 07:46:06+00:00,0.9905
2025-12-04 07:47:05+00:00,0.9905
2025-12-04 07:48:06+00:00,0.9905
2025-12-04 07:49:05+00:00,0.9905
2025-12-04 07:50:06+00:00,0.9905
2025-12-04 07:51:06+00:00,0.9905
2025-12-04 07:52:07+00:00,0.9905
2025-12-04 07:53:06+00:00,0.9915
2025-12-04 07:54:05+00:00,0.9915
2025-12-04 07:55:06+00:00,0.9925
2025-12-04 07:56:06+00:00,0.992
2025-12-04 07:57:06+00:00,0.9935
2025-12-04 07:58:05+00:00,0.993
2025-12-04 07:59:05+00:00,0.993
2025-12-04 08:00:07+00:00,0.9935
2025-12-04 08:01:06+00:00,0.993
2025-12-04 08:02:06+00:00,0.9935
2025-12-04 08:03:06+00:00,0.9935
2025-12-04 08:04:06+00:00,0.9935
2025-12-04 08:05:06+00:00,0.9935
2025-12-04 08:06:05+00:00,0.9935
2025-12-04 08:07:05+00:00,0.9935
2025-12-04 08:08:06+00:00,0.9935
2025-12-04 08:09:06+00:00,0.9935
2025-12-04 08:10:06+00:00,0.9935
2025-12-04 08:11:05+00:00,0.9935
2025-12-04 08:12:05+00:00,0.9935
2025-12-04 08:13:05+00:00,0.9935
2025-12-04 08:14:05+00:00,0.9935
2025-12-04 08:15:06+00:00,0.9935
2025-12-04 08:16:05+00:00,0.9935
2025-12-04 08:17:06+00:00,0.9935
2025-12-04 08:18:05+00:00,0.9935
2025-12-04 08:19:06+00:00,0.9935
2025-12-04 08:20:06+00:00,0.9935
2025-12-04 08:21:05+00:00,0.9935
2025-12-04 08:22:06+00:00,0.9935
2025-12-04 08:23:05+00:00,0.9935
2025-12-04 08:24:06+00:00,0.9935
2025-12-04 08:25:06+00:00,0.9935
2025-12-04 08:26:07+00:00,0.9935
2025-12-04 08:27:06+00:00,0.9935
2025-12-04 08:28:05+00:00,0.9935
2025-12-04 08:29:05+00:00,0.9935
2025-12-04 08:30:07+00:00,0.9935
2025-12-04 08:31:05+00:00,0.9935
2025-12-04 08:32:06+00:00,0.9935
2025-12-04 08:33:06+00:00,0.9935
2025-12-04 08:34:05+00:00,0.9935
2025-12-04 08:35:05+00:00,0.9935
2025-12-04 08:36:05+00:00,0.9935
2025-12-04 08:37:06+00:00,0.9935
2025-12-04 08:38:05+00:00,0.9935
2025-12-04 08:39:05+00:00,0.9935
2025-12-04 08:40:05+00:00,0.9935
2025-12-04 08:41:05+00:00,0.9935
2025-12-04 08:42:05+00:00,0.9935
2025-12-04 08:43:05+00:00,0.9935
2025-12-04 08:44:05+00:00,0.992
2025-12-04 08:45:06+00:00,0.9925
2025-12-04 08:46:05+00:00,0.9915
2025-12-04 08:47:05+00:00,0.9925
2025-12-04 08:48:06+00:00,0.9925
2025-12-04 08:49:06+00:00,0.992
2025-12-04 08:50:06+00:00,0.9925
2025-12-04 08:51:05+00:00,0.9925
2025-12-04 08:52:07+00:00,0.9925
2025-12-04 08:53:06+00:00,0.9925
2025-12-04 08:54:06+00:00,0.9925
2025-12-04 08:55:06+00:00,0.9925
2025-12-04 08:56:05+00:00,0.9925
2025-12-04 08:57:05+00:00,0.9925
2025-12-04 08:58:05+00:00,0.9925
2025-12-04 08:59:05+00:00,0.9925
2025-12-04 09:00:14+00:00,0.9925
2025-12-04 09:01:05+00:00,0.9925
2025-12-04 09:02:06+00:00,0.9925
2025-12-04 09:03:06+00:00,0.9935
2025-12-04 09:04:06+00:00,0.9935
2025-12-04 09:05:06+00:00,0.993
2025-12-04 09:06:05+00:00,0.9935
2025-12-04 09:07:06+00:00,0.9935
2025-12-04 09:08:05+00:00,0.9935
2025-12-04 09:09:06+00:00,0.9925
2025-12-04 09:10:06+00:00,0.993
2025-12-04 09:11:06+00:00,0.993
2025-12-04 09:12:05+00:00,0.993
2025-12-04 09:13:05+00:00,0.993
2025-12-04 09:14:05+00:00,0.9925
2025-12-04 09:15:05+00:00,0.9925
2025-12-04 09:16:05+00:00,0.993
2025-12-04 09:17:05+00:00,0.9935
2025-12-04 09:18:06+00:00,0.9935
2025-12-04 09:19:06+00:00,0.9935
2025-12-04 09:20:06+00:00,0.9935
2025-12-04 09:21:05+00:00,0.9925
2025-12-04 09:22:05+00:00,0.9935
2025-12-04 09:23:06+00:00,0.9935
2025-12-04 09:24:05+00:00,0.9935
2025-12-04 09:25:06+00:00,0.9935
2025-12-04 09:26:07+00:00,0.9935
2025-12-04 09:27:06+00:00,0.9935
2025-12-04 09:28:05+00:00,0.9935
2025-12-04 09:29:05+00:00,0.9935
2025-12-04 09:30:06+00:00,0.9935
2025-12-04 09:31:05+00:00,0.9935
2025-12-04 09:32:05+00:00,0.9935
2025-12-04 09:33:06+00:00,0.9935
2025-12-04 09:34:05+00:00,0.9935
2025-12-04 09:35:06+00:00,0.9935
2025-12-04 09:36:06+00:00,0.9935
2025-12-04 09:37:05+00:00,0.9935
2025-12-04 09:38:06+00:00,0.9935
2025-12-04 09:39:06+00:00,0.9935
2025-12-04 09:40:06+00:00,0.9935
2025-12-04 09:41:05+00:00,0.9935
2025-12-04 09:42:06+00:00,0.9935
2025-12-04 09:43:05+00:00,0.9935
2025-12-04 09:44:06+00:00,0.9935
2025-12-04 09:45:06+00:00,0.9935
2025-12-04 09:46:06+00:00,0.9935
2025-12-04 09:47:05+00:00,0.9935
2025-12-04 09:48:06+00:00,0.9935
2025-12-04 09:49:05+00:00,0.9935
2025-12-04 09:50:06+00:00,0.9935
2025-12-04 09:51:06+00:00,0.9935
2025-12-04 09:52:07+00:00,0.9935
2025-12-04 09:53:06+00:00,0.9935
2025-12-04 09:54:06+00:00,0.9935
2025-12-04 09:55:06+00:00,0.9935
2025-12-04 09:56:06+00:00,0.9935
2025-12-04 09:57:06+00:00,0.9935
2025-12-04 09:58:05+00:00,0.9935
2025-12-04 09:59:05+00:00,0.9935
2025-12-04 10:00:08+00:00,0.9935
2025-12-04 10:01:06+00:00,0.9935
2025-12-04 10:02:05+00:00,0.9935
2025-12-04 10:03:06+00:00,0.9935
2025-12-04 10:04:05+00:00,0.9935
2025-12-04 10:05:05+00:00,0.9935
2025-12-04 10:06:06+00:00,0.9935
2025-12-04 10:07:05+00:00,0.9935
2025-12-04 10:08:05+00:00,0.9935
2025-12-04 10:09:05+00:00,0.9935
2025-12-04 10:10:06+00:00,0.9935
2025-12-04 10:11:06+00:00,0.9935
2025-12-04 10:12:06+00:00,0.9935
2025-12-04 10:13:06+00:00,0.9935
2025-12-04 10:14:05+00:00,0.9935
2025-12-04 10:15:05+00:00,0.9935
2025-12-04 10:16:05+00:00,0.9935
2025-12-04 10:17:06+00:00,0.9935
2025-12-04 10:18:06+00:00,0.9935
2025-12-04 10:19:06+00:00,0.9935
2025-12-04 10:20:06+00:00,0.9935
2025-12-04 10:21:05+00:00,0.9935
2025-12-04 10:22:06+00:00,0.9935
2025-12-04 10:23:05+00:00,0.9935
2025-12-04 10:24:05+00:00,0.9935
2025-12-04 10:25:05+00:00,0.9935
2025-12-04 10:26:07+00:00,0.9935
2025-12-04 10:27:05+00:00,0.9935
2025-12-04 10:28:06+00:00,0.9935
2025-12-04 10:29:05+00:00,0.9935
2025-12-04 10:30:07+00:00,0.9935
2025-12-04 10:31:05+00:00,0.9935
2025-12-04 10:32:06+00:00,0.9935
2025-12-04 10:33:06+00:00,0.994
2025-12-04 10:34:05+00:00,0.9945
2025-12-04 10:35:06+00:00,0.9945
2025-12-04 10:36:05+00:00,0.9945
2025-12-04 10:37:05+00:00,0.9945
2025-12-04 10:38:06+00:00,0.9945
2025-12-04 10:39:06+00:00,0.9945
2025-12-04 10:40:05+00:00,0.9945
2025-12-04 10:41:05+00:00,0.9945
2025-12-04 10:42:05+00:00,0.9945
2025-12-04 10:43:05+00:00,0.9945
2025-12-04 10:44:05+00:00,0.9945
2025-12-04 10:45:05+00:00,0.9945
2025-12-04 10:46:05+00:00,0.9945
2025-12-04 10:47:05+00:00,0.9945
2025-12-04 10:48:05+00:00,0.9945
2025-12-04 10:49:05+00:00,0.9945
2025-12-04 10:50:06+00:00,0.9935
2025-12-04 10:51:06+00:00,0.9935
2025-12-04 10:52:07+00:00,0.9935
2025-12-04 10:53:05+00:00,0.9935
2025-12-04 10:54:06+00:00,0.9935
2025-12-04 10:55:06+00:00,0.9935
2025-12-04 10:56:05+00:00,0.9935
2025-12-04 10:57:05+00:00,0.9935
2025-12-04 10:58:05+00:00,0.9935
2025-12-04 10:59:05+00:00,0.9935
2025-12-04 11:00:08+00:00,0.9935
2025-12-04 11:01:06+00:00,0.9935
2025-12-04 11:02:06+00:00,0.9935
2025-12-04 11:03:06+00:00,0.9935
2025-12-04 11:04:05+00:00,0.994
2025-12-04 11:05:05+00:00,0.994
2025-12-04 11:06:05+00:00,0.994
2025-12-04 11:07:05+00:00,0.994
2025-12-04 11:08:05+00:00,0.994
2025-12-04 11:09:05+00:00,0.994
2025-12-04 11:10:06+00:00,0.994
2025-12-04 11:11:05+00:00,0.994
2025-12-04 11:12:05+00:00,0.994
2025-12-04 11:13:06+00:00,0.994
2025-12-04 11:14:05+00:00,0.9935
2025-12-04 11:15:05+00:00,0.9935
2025-12-04 11:16:05+00:00,0.9935
2025-12-04 11:17:05+00:00,0.9935
2025-12-04 11:18:06+00:00,0.9935
2025-12-04 11:19:06+00:00,0.9935
2025-12-04 11:20:19+00:00,0.9935
2025-12-04 11:21:05+00:00,0.9935
2025-12-04 11:22:05+00:00,0.9935
2025-12-04 11:23:05+00:00,0.9935
2025-12-04 11:24:05+00:00,0.9935
2025-12-04 11:25:05+00:00,0.9935
2025-12-04 11:26:07+00:00,0.9935
2025-12-04 11:27:05+00:00,0.9935
2025-12-04 11:28:05+00:00,0.9935
2025-12-04 11:29:05+00:00,0.9935
2025-12-04 11:30:07+00:00,0.9935
2025-12-04 11:31:06+00:00,0.9945
2025-12-04 11:32:06+00:00,0.994
2025-12-04 11:33:06+00:00,0.9935
2025-12-04 11:34:05+00:00,0.9935
2025-12-04 11:35:05+00:00,0.9935
2025-12-04 11:36:05+00:00,0.9935
2025-12-04 11:37:06+00:00,0.9935
2025-12-04 11:38:05+00:00,0.9935
2025-12-04 11:39:06+00:00,0.9935
2025-12-04 11:40:06+00:00,0.994
2025-12-04 11:41:05+00:00,0.9945
2025-12-04 11:42:05+00:00,0.994
2025-12-04 11:43:05+00:00,0.994
2025-12-04 11:44:05+00:00,0.994
2025-12-04 11:45:05+00:00,0.994
2025-12-04 11:46:06+00:00,0.994
2025-12-04 11:47:05+00:00,0.9935
2025-12-04 11:48:05+00:00,0.9935
2025-12-04 11:49:05+00:00,0.9935
2025-12-04 11:50:06+00:00,0.9935
2025-12-04 11:51:05+00:00,0.9935
2025-12-04 11:52:07+00:00,0.9935
2025-12-04 11:53:05+00:00,0.9935
2025-12-04 11:54:05+00:00,0.9935
2025-12-04 11:55:06+00:00,0.9935
2025-12-04 11:56:06+00:00,0.9935
2025-12-04 11:57:06+00:00,0.9935
2025-12-04 11:58:05+00:00,0.9935
2025-12-04 11:59:05+00:00,0.9935
2025-12-04 12:00:10+00:00,0.9935
2025-12-04 12:01:06+00:00,0.9935
2025-12-04 12:02:06+00:00,0.9935
2025-12-04 12:03:06+00:00,0.9935
2025-12-04 12:04:05+00:00,0.9945
2025-12-04 12:05:06+00:00,0.9945
2025-12-04 12:06:06+00:00,0.9945
2025-12-04 12:07:05+00:00,0.9945
2025-12-04 12:08:06+00:00,0.9945
2025-12-04 12:09:05+00:00,0.9945
2025-12-04 12:10:06+00:00,0.9945
2025-12-04 12:11:06+00:00,0.9945
2025-12-04 12:12:05+00:00,0.9945
2025-12-04 12:13:06+00:00,0.9945
2025-12-04 12:14:05+00:00,0.9945
2025-12-04 12:15:05+00:00,0.9945
2025-12-04 12:16:05+00:00,0.9945
2025-12-04 12:17:05+00:00,0.9945
2025-12-04 12:18:06+00:00,0.9945
2025-12-04 12:19:05+00:00,0.9945
2025-12-04 12:20:06+00:00,0.9945
2025-12-04 12:21:05+00:00,0.9945
2025-12-04 12:22:05+00:00,0.9945
2025-12-04 12:23:05+00:00,0.9945
2025-12-04 12:24:05+00:00,0.9945
2025-12-04 12:25:05+00:00,0.9945
2025-12-04 12:26:07+00:00,0.9945
2025-12-04 12:27:05+00:00,0.9945
2025-12-04 12:28:05+00:00,0.9945
2025-12-04 12:29:05+00:00,0.9945
2025-12-04 12:30:06+00:00,0.9945
2025-12-04 12:31:05+00:00,0.9945
2025-12-04 12:32:05+00:00,0.9945
2025-12-04 12:33:06+00:00,0.9945
2025-12-04 12:34:06+00:00,0.9945
2025-12-04 12:35:05+00:00,0.9945
2025-12-04 12:36:05+00:00,0.9945
2025-12-04 12:37:05+00:00,0.9945
2025-12-04 12:38:05+00:00,0.9945
2025-12-04 12:39:18+00:00,0.9945
2025-12-04 12:40:06+00:00,0.9945
2025-12-04 12:41:06+00:00,0.9945
2025-12-04 12:42:05+00:00,0.9945
2025-12-04 12:43:05+00:00,0.9945
2025-12-04 12:44:05+00:00,0.9945
2025-12-04 12:45:05+00:00,0.9945
2025-12-04 12:46:05+00:00,0.9945
2025-12-04 12:47:06+00:00,0.9945
2025-12-04 12:48:06+00:00,0.9945
2025-12-04 12:49:05+00:00,0.9945
2025-12-04 12:50:06+00:00,0.9945
2025-12-04 12:51:06+00:00,0.9945
2025-12-04 12:52:07+00:00,0.994
2025-12-04 12:53:06+00:00,0.9935
2025-12-04 12:54:05+00:00,0.9935
2025-12-04 12:55:06+00:00,0.9945
2025-12-04 12:56:05+00:00,0.9945
2025-12-04 12:57:06+00:00,0.9945
2025-12-04 12:58:05+00:00,0.9945
2025-12-04 12:59:05+00:00,0.9945
2025-12-04 13:00:08+00:00,0.9945
2025-12-04 13:01:05+00:00,0.9945
2025-12-04 13:02:05+00:00,0.9945
2025-12-04 13:03:05+00:00,0.9945
2025-12-04 13:04:05+00:00,0.9945
2025-12-04 13:05:06+00:00,0.9945
2025-12-04 13:06:05+00:00,0.9945
2025-12-04 13:07:06+00:00,0.9945
2025-12-04 13:08:05+00:00,0.9945
2025-12-04 13:09:05+00:00,0.9945
2025-12-04 13:10:06+00:00,0.9945
2025-12-04 13:11:05+00:00,0.994
2025-12-04 13:12:06+00:00,0.9945
2025-12-04 13:13:05+00:00,0.9945
2025-12-04 13:14:05+00:00,0.9935
2025-12-04 13:15:06+00:00,0.9935
2025-12-04 13:16:06+00:00,0.9935
2025-12-04 13:17:06+00:00,0.994
2025-12-04 13:18:06+00:00,0.994
2025-12-04 13:19:06+00:00,0.994
2025-12-04 13:20:06+00:00,0.994
2025-12-04 13:21:06+00:00,0.9945
2025-12-04 13:22:05+00:00,0.994
2025-12-04 13:23:05+00:00,0.994
2025-12-04 13:24:05+00:00,0.994
2025-12-04 13:25:06+00:00,0.9935
2025-12-04 13:26:07+00:00,0.9935
2025-12-04 13:27:05+00:00,0.9935
2025-12-04 13:28:05+00:00,0.9935
2025-12-04 13:29:05+00:00,0.9935
2025-12-04 13:30:06+00:00,0.9935
2025-12-04 13:31:06+00:00,0.9935
2025-12-04 13:32:06+00:00,0.9935
2025-12-04 13:33:06+00:00,0.994
2025-12-04 13:34:05+00:00,0.9945
2025-12-04 13:35:06+00:00,0.9945
2025-12-04 13:36:06+00:00,0.9945
2025-12-04 13:37:06+00:00,0.9945
2025-12-04 13:38:06+00:00,0.994
2025-12-04 13:39:06+00:00,0.9935
2025-12-04 13:40:06+00:00,0.9935
2025-12-04 13:41:06+00:00,0.9935
2025-12-04 13:42:06+00:00,0.9945
2025-12-04 13:43:05+00:00,0.9945
2025-12-04 13:44:05+00:00,0.9945
2025-12-04 13:45:06+00:00,0.9945
2025-12-04 13:46:06+00:00,0.9945
2025-12-04 13:47:05+00:00,0.9945
2025-12-04 13:48:06+00:00,0.9945
2025-12-04 13:49:06+00:00,0.994
2025-12-04 13:50:06+00:00,0.994
2025-12-04 13:51:05+00:00,0.9945
2025-12-04 13:52:07+00:00,0.9945
2025-12-04 13:53:06+00:00,0.9945
2025-12-04 13:54:05+00:00,0.9945
2025-12-04 13:55:06+00:00,0.9945
2025-12-04 13:56:05+00:00,0.9945
2025-12-04 13:57:05+00:00,0.9945
2025-12-04 13:58:05+00:00,0.9945
2025-12-04 13:59:05+00:00,0.9945
2025-12-04 14:00:08+00:00,0.9945
2025-12-04 14:01:05+00:00,0.9945
2025-12-04 14:02:05+00:00,0.9945
2025-12-04 14:03:06+00:00,0.9945
2025-12-04 14:04:05+00:00,0.9945
2025-12-04 14:05:06+00:00,0.9945
2025-12-04 14:06:05+00:00,0.9945
2025-12-04 14:07:06+00:00,0.9945
2025-12-04 14:08:05+00:00,0.9945
2025-12-04 14:09:05+00:00,0.9945
2025-12-04 14:10:06+00:00,0.9945
2025-12-04 14:11:06+00:00,0.9945
2025-12-04 14:12:05+00:00,0.9945
2025-12-04 14:13:05+00:00,0.9945
2025-12-04 14:14:05+00:00,0.9945
2025-12-04 14:15:06+00:00,0.9945
2025-12-04 14:16:06+00:00,0.9945
2025-12-04 14:17:05+00:00,0.9945
2025-12-04 14:18:06+00:00,0.9945
2025-12-04 14:19:06+00:00,0.9945
2025-12-04 14:20:06+00:00,0.9945
2025-12-04 14:21:06+00:00,0.9945
2025-12-04 14:22:06+00:00,0.9945
2025-12-04 14:23:06+00:00,0.9945
2025-12-04 14:24:05+00:00,0.9945
2025-12-04 14:25:06+00:00,0.9945
2025-12-04 14:26:07+00:00,0.9945
2025-12-04 14:27:06+00:00,0.994
2025-12-04 14:28:05+00:00,0.994
2025-12-04 14:29:05+00:00,0.994
2025-12-04 14:30:06+00:00,0.9945
2025-12-04 14:31:06+00:00,0.9945
2025-12-04 14:32:06+00:00,0.9945
2025-12-04 14:33:06+00:00,0.9945
2025-12-04 14:34:07+00:00,0.9945
2025-12-04 14:35:06+00:00,0.9945
2025-12-04 14:36:06+00:00,0.9945
2025-12-04 14:37:06+00:00,0.9945
2025-12-04 14:38:06+00:00,0.9945
2025-12-04 14:39:06+00:00,0.9945
2025-12-04 14:40:06+00:00,0.9945
2025-12-04 14:41:05+00:00,0.9945
2025-12-04 14:42:06+00:00,0.9945
2025-12-04 14:43:05+00:00,0.9945
2025-12-04 14:44:06+00:00,0.9945
2025-12-04 14:45:06+00:00,0.9935
2025-12-04 14:46:06+00:00,0.9935
2025-12-04 14:47:05+00:00,0.9925
2025-12-04 14:48:06+00:00,0.9935
2025-12-04 14:49:05+00:00,0.9935
2025-12-04 14:50:06+00:00,0.9935
2025-12-04 14:51:06+00:00,0.9925
2025-12-04 14:52:07+00:00,0.9925
2025-12-04 14:53:06+00:00,0.9925
2025-12-04 14:54:06+00:00,0.9925
2025-12-04 14:55:06+00:00,0.9925
2025-12-04 14:56:05+00:00,0.9925
2025-12-04 14:57:06+00:00,0.9925
2025-12-04 14:58:06+00:00,0.9925
2025-12-04 14:59:06+00:00,0.9925
2025-12-04 15:00:08+00:00,0.9925
2025-12-04 15:01:05+00:00,0.9925
2025-12-04 15:02:06+00:00,0.9925
2025-12-04 15:03:06+00:00,0.9925
2025-12-04 15:04:06+00:00,0.9925
2025-12-04 15:05:06+00:00,0.9925
2025-12-04 15:06:06+00:00,0.9925
2025-12-04 15:07:06+00:00,0.9925
2025-12-04 15:08:05+00:00,0.9925
2025-12-04 15:09:05+00:00,0.9925
2025-12-04 15:10:06+00:00,0.9925
2025-12-04 15:11:05+00:00,0.9925
2025-12-04 15:12:05+00:00,0.9925
2025-12-04 15:13:06+00:00,0.9925
2025-12-04 15:14:06+00:00,0.9925
2025-12-04 15:15:06+00:00,0.9925
2025-12-04 15:16:06+00:00,0.9925
2025-12-04 15:17:06+00:00,0.9925
2025-12-04 15:18:06+00:00,0.9925
2025-12-04 15:19:06+00:00,0.9925
2025-12-04 15:20:06+00:00,0.9925
2025-12-04 15:21:06+00:00,0.9925
2025-12-04 15:22:06+00:00,0.9925
2025-12-04 15:23:06+00:00,0.9925
2025-12-04 15:24:06+00:00,0.9925
2025-12-04 15:25:06+00:00,0.9925
2025-12-04 15:26:08+00:00,0.9925
2025-12-04 15:27:06+00:00,0.9925
2025-12-04 15:28:05+00:00,0.9925
2025-12-04 15:29:06+00:00,0.9925
2025-12-04 15:30:06+00:00,0.9925
2025-12-04 15:31:05+00:00,0.9925
2025-12-04 15:32:06+00:00,0.9925
2025-12-04 15:33:05+00:00,0.9925
2025-12-04 15:34:06+00:00,0.9925
2025-12-04 15:35:06+00:00,0.9925
2025-12-04 15:36:06+00:00,0.9925
2025-12-04 15:37:07+00:00,0.9915
2025-12-04 15:38:06+00:00,0.9915
2025-12-04 15:39:05+00:00,0.9915
2025-12-04 15:40:06+00:00,0.9915
2025-12-04 15:41:06+00:00,0.9915
2025-12-04 15:42:06+00:00,0.9915
2025-12-04 15:43:05+00:00,0.9915
2025-12-04 15:44:06+00:00,0.9915
2025-12-04 15:45:06+00:00,0.9915
2025-12-04 15:46:05+00:00,0.9915
2025-12-04 15:47:06+00:00,0.9915
2025-12-04 15:48:06+00:00,0.9915
2025-12-04 15:49:05+00:00,0.9915
2025-12-04 15:50:06+00:00,0.9915
2025-12-04 15:51:06+00:00,0.9915
2025-12-04 15:52:06+00:00,0.9915
2025-12-04 15:53:06+00:00,0.9915
2025-12-04 15:54:06+00:00,0.9915
2025-12-04 15:55:06+00:00,0.9925
2025-12-04 15:56:06+00:00,0.9915
2025-12-04 15:57:05+00:00,0.9915
2025-12-04 15:58:05+00:00,0.9915
2025-12-04 15:59:05+00:00,0.9915
2025-12-04 16:00:06+00:00,0.9915
2025-12-04 16:01:06+00:00,0.9925
2025-12-04 16:02:06+00:00,0.9925
2025-12-04 16:03:08+00:00,0.9925
2025-12-04 16:04:06+00:00,0.9925
2025-12-04 16:05:06+00:00,0.9925
2025-12-04 16:06:06+00:00,0.9925
2025-12-04 16:07:05+00:00,0.9925
2025-12-04 16:08:06+00:00,0.9925
2025-12-04 16:09:06+00:00,0.9925
2025-12-04 16:10:06+00:00,0.9925
2025-12-04 16:11:05+00:00,0.9925
2025-12-04 16:12:05+00:00,0.9925
2025-12-04 16:13:06+00:00,0.9925
2025-12-04 16:14:06+00:00,0.9925
2025-12-04 16:15:06+00:00,0.9925
2025-12-04 16:16:06+00:00,0.9925
2025-12-04 16:17:06+00:00,0.9925
2025-12-04 16:18:06+00:00,0.9925
2025-12-04 16:19:06+00:00,0.992
2025-12-04 16:20:06+00:00,0.992
2025-12-04 16:21:06+00:00,0.9915
2025-12-04 16:22:07+00:00,0.9925
2025-12-04 16:23:06+00:00,0.9925
2025-12-04 16:24:06+00:00,0.9925
2025-12-04 16:25:06+00:00,0.9925
2025-12-04 16:26:06+00:00,0.9925
2025-12-04 16:27:06+00:00,0.9925
2025-12-04 16:28:06+00:00,0.9925
2025-12-04 16:29:07+00:00,0.992
2025-12-04 16:30:06+00:00,0.992
2025-12-04 16:31:06+00:00,0.9915
2025-12-04 16:32:06+00:00,0.9915
2025-12-04 16:33:06+00:00,0.9915
2025-12-04 16:34:06+00:00,0.9915
2025-12-04 16:35:06+00:00,0.9915
2025-12-04 16:36:06+00:00,0.9915
2025-12-04 16:37:06+00:00,0.9915
2025-12-04 16:38:05+00:00,0.9915
2025-12-04 16:39:05+00:00,0.992
2025-12-04 16:40:06+00:00,0.992
2025-12-04 16:41:05+00:00,0.992
2025-12-04 16:42:06+00:00,0.992
2025-12-04 16:43:07+00:00,0.992
2025-12-04 16:44:05+00:00,0.9915
2025-12-04 16:45:06+00:00,0.9925
2025-12-04 16:46:06+00:00,0.9915
2025-12-04 16:47:06+00:00,0.9915
2025-12-04 16:48:06+00:00,0.9915
2025-12-04 16:49:18+00:00,0.9915
2025-12-04 16:50:06+00:00,0.9915
2025-12-04 16:51:06+00:00,0.9915
2025-12-04 16:52:05+00:00,0.9915
2025-12-04 16:53:06+00:00,0.9915
2025-12-04 16:54:06+00:00,0.9915
2025-12-04 16:55:06+00:00,0.9915
2025-12-04 16:56:06+00:00,0.9915
2025-12-04 16:57:06+00:00,0.9915
2025-12-04 16:58:06+00:00,0.9915
2025-12-04 16:59:05+00:00,0.9915
2025-12-04 17:00:07+00:00,0.9915
2025-12-04 17:01:06+00:00,0.9915
2025-12-04 17:02:06+00:00,0.9915
2025-12-04 17:03:06+00:00,0.9915
2025-12-04 17:04:07+00:00,0.9915
2025-12-04 17:05:06+00:00,0.9915
2025-12-04 17:06:05+00:00,0.9915
2025-12-04 17:07:06+00:00,0.9915
2025-12-04 17:08:06+00:00,0.9915
2025-12-04 17:09:06+00:00,0.9915
2025-12-04 17:10:06+00:00,0.9915
2025-12-04 17:11:06+00:00,0.9915
2025-12-04 17:12:06+00:00,0.9915
2025-12-04 17:13:06+00:00,0.9915
2025-12-04 17:14:06+00:00,0.9915
2025-12-04 17:15:06+00:00,0.9915
2025-12-04 17:16:06+00:00,0.9915
2025-12-04 17:17:06+00:00,0.9915
2025-12-04 17:18:06+00:00,0.9915
2025-12-04 17:19:06+00:00,0.9915
2025-12-04 17:20:06+00:00,0.9915
2025-12-04 17:21:06+00:00,0.9915
2025-12-04 17:22:06+00:00,0.9915
2025-12-04 17:23:06+00:00,0.9915
2025-12-04 17:24:06+00:00,0.9915
2025-12-04 17:25:06+00:00,0.9915
2025-12-04 17:26:06+00:00,0.9915
2025-12-04 17:27:05+00:00,0.9915
2025-12-04 17:28:06+00:00,0.9915
2025-12-04 17:29:06+00:00,0.9915
2025-12-04 17:30:08+00:00,0.9915
2025-12-04 17:31:06+00:00,0.9915
2025-12-04 17:32:06+00:00,0.9915
2025-12-04 17:33:06+00:00,0.9915
2025-12-04 17:34:06+00:00,0.992
2025-12-04 17:35:06+00:00,0.9925
2025-12-04 17:36:06+00:00,0.9925
2025-12-04 17:37:06+00:00,0.992
2025-12-04 17:38:06+00:00,0.992
2025-12-04 17:39:06+00:00,0.9915
2025-12-04 17:40:06+00:00,0.9915
2025-12-04 17:41:06+00:00,0.9915
2025-12-04 17:42:05+00:00,0.9915
2025-12-04 17:43:05+00:00,0.9915
2025-12-04 17:44:06+00:00,0.9915
2025-12-04 17:45:06+00:00,0.9915
2025-12-04 17:46:05+00:00,0.9915
2025-12-04 17:47:21+00:00,0.9915
2025-12-04 17:48:06+00:00,0.9915
2025-12-04 17:49:05+00:00,0.9915
2025-12-04 17:50:06+00:00,0.9915
2025-12-04 17:51:06+00:00,0.9915
2025-12-04 17:52:06+00:00,0.9915
2025-12-04 17:53:05+00:00,0.9915
2025-12-04 17:54:06+00:00,0.9915
2025-12-04 17:55:06+00:00,0.9915
2025-12-04 17:56:07+00:00,0.9915
2025-12-04 17:57:05+00:00,0.9915
2025-12-04 17:58:05+00:00,0.9915
2025-12-04 17:59:05+00:00,0.9915
2025-12-04 18:00:07+00:00,0.9915
2025-12-04 18:01:07+00:00,0.9915
2025-12-04 18:02:06+00:00,0.9915
2025-12-04 18:03:06+00:00,0.9915
2025-12-04 18:04:06+00:00,0.9915
2025-12-04 18:05:06+00:00,0.9915
2025-12-04 18:06:06+00:00,0.9915
2025-12-04 18:07:06+00:00,0.9915
2025-12-04 18:08:05+00:00,0.992
2025-12-04 18:09:06+00:00,0.992
2025-12-04 18:10:06+00:00,0.992
2025-12-04 18:11:05+00:00,0.9925
2025-12-04 18:12:05+00:00,0.992
2025-12-04 18:13:05+00:00,0.9925
2025-12-04 18:14:06+00:00,0.9925
2025-12-04 18:15:06+00:00,0.9925
2025-12-04 18:16:06+00:00,0.9925
2025-12-04 18:17:06+00:00,0.9925
2025-12-04 18:18:06+00:00,0.9925
2025-12-04 18:19:06+00:00,0.9925
2025-12-04 18:20:06+00:00,0.9925
2025-12-04 18:21:06+00:00,0.9925
2025-12-04 18:22:06+00:00,0.9925
2025-12-04 18:23:06+00:00,0.9925
2025-12-04 18:24:05+00:00,0.9925
2025-12-04 18:25:06+00:00,0.9925
2025-12-04 18:26:06+00:00,0.9925
2025-12-04 18:27:07+00:00,0.9925
2025-12-04 18:28:06+00:00,0.9925
2025-12-04 18:29:05+00:00,0.9925
2025-12-04 18:30:07+00:00,0.9925
2025-12-04 18:31:06+00:00,0.9925
2025-12-04 18:32:05+00:00,0.9925
2025-12-04 18:33:06+00:00,0.9925
2025-12-04 18:34:05+00:00,0.9925
2025-12-04 18:35:05+00:00,0.9925
2025-12-04 18:36:06+00:00,0.9915
2025-12-04 18:37:06+00:00,0.9915
2025-12-04 18:38:06+00:00,0.9915
2025-12-04 18:39:05+00:00,0.9915
2025-12-04 18:40:06+00:00,0.9915
2025-12-04 18:41:05+00:00,0.9915
2025-12-04 18:42:06+00:00,0.9915
2025-12-04 18:43:06+00:00,0.9915
2025-12-04 18:44:05+00:00,0.992
2025-12-04 18:45:06+00:00,0.992
2025-12-04 18:46:06+00:00,0.992
2025-12-04 18:47:06+00:00,0.9925
2025-12-04 18:48:06+00:00,0.9925
2025-12-04 18:49:06+00:00,0.9925
2025-12-04 18:50:06+00:00,0.9925
2025-12-04 18:51:06+00:00,0.9925
2025-12-04 18:52:06+00:00,0.9925
2025-12-04 18:53:07+00:00,0.9925
2025-12-04 18:54:05+00:00,0.9925
2025-12-04 18:55:06+00:00,0.9925
2025-12-04 18:56:05+00:00,0.9925
2025-12-04 18:57:06+00:00,0.9925
2025-12-04 18:58:06+00:00,0.9925
2025-12-04 18:59:05+00:00,0.9925
2025-12-04 19:00:06+00:00,0.9925
2025-12-04 19:01:06+00:00,0.9925
2025-12-04 19:02:07+00:00,0.9925
2025-12-04 19:03:06+00:00,0.9925
2025-12-04 19:04:05+00:00,0.9925
2025-12-04 19:05:05+00:00,0.9925
2025-12-04 19:06:06+00:00,0.9925
2025-12-04 19:07:06+00:00,0.9925
2025-12-04 19:08:06+00:00,0.9925
2025-12-04 19:09:06+00:00,0.9925
2025-12-04 19:10:08+00:00,0.9925
2025-12-04 19:11:05+00:00,0.9925
2025-12-04 19:12:05+00:00,0.9925
2025-12-04 19:13:06+00:00,0.9925
2025-12-04 19:14:06+00:00,0.9925
2025-12-04 19:15:06+00:00,0.9925
2025-12-04 19:16:06+00:00,0.9925
2025-12-04 19:17:06+00:00,0.9925
2025-12-04 19:18:06+00:00,0.9925
2025-12-04 19:19:06+00:00,0.9925
2025-12-04 19:20:06+00:00,0.9925
2025-12-04 19:21:05+00:00,0.9925
2025-12-04 19:22:06+00:00,0.9925
2025-12-04 19:23:06+00:00,0.9925
2025-12-04 19:24:06+00:00,0.9925
2025-12-04 19:25:06+00:00,0.9925
2025-12-04 19:26:06+00:00,0.9925
2025-12-04 19:27:06+00:00,0.9925
2025-12-04 19:28:06+00:00,0.9925
2025-12-04 19:29:06+00:00,0.9925
2025-12-04 19:30:07+00:00,0.992
2025-12-04 19:31:06+00:00,0.992
2025-12-04 19:32:05+00:00,0.9925
2025-12-04 19:33:06+00:00,0.9925
2025-12-04 19:34:06+00:00,0.9925
2025-12-04 19:35:06+00:00,0.9925
2025-12-04 19:36:07+00:00,0.9925
2025-12-04 19:37:06+00:00,0.9925
2025-12-04 19:38:06+00:00,0.9925
2025-12-04 19:39:05+00:00,0.992
2025-12-04 19:40:06+00:00,0.9925
2025-12-04 19:41:05+00:00,0.9925
2025-12-04 19:42:05+00:00,0.9925
2025-12-04 19:43:06+00:00,0.9925
2025-12-04 19:44:05+00:00,0.9925
2025-12-04 19:45:06+00:00,0.9925
2025-12-04 19:46:06+00:00,0.9925
2025-12-04 19:47:06+00:00,0.9925
2025-12-04 19:48:06+00:00,0.9925
2025-12-04 19:49:06+00:00,0.9925
2025-12-04 19:50:06+00:00,0.9925
2025-12-04 19:51:06+00:00,0.9925
2025-12-04 19:52:05+00:00,0.9925
2025-12-04 19:53:06+00:00,0.9925
2025-12-04 19:54:06+00:00,0.9925
2025-12-04 19:55:06+00:00,0.9925
2025-12-04 19:56:06+00:00,0.9925
2025-12-04 19:57:06+00:00,0.9925
2025-12-04 19:58:06+00:00,0.9925
2025-12-04 19:59:06+00:00,0.9925
2025-12-04 20:00:06+00:00,0.9925
2025-12-04 20:01:06+00:00,0.9925
2025-12-04 20:02:07+00:00,0.9925
2025-12-04 20:03:06+00:00,0.9925
2025-12-04 20:04:06+00:00,0.9925
2025-12-04 20:05:07+00:00,0.9925
2025-12-04 20:06:06+00:00,0.9925
2025-12-04 20:07:06+00:00,0.9925
2025-12-04 20:08:06+00:00,0.9925
2025-12-04 20:09:06+00:00,0.9925
2025-12-04 20:10:06+00:00,0.9925
2025-12-04 20:11:06+00:00,0.9925
2025-12-04 20:12:06+00:00,0.9925
2025-12-04 20:13:06+00:00,0.9925
2025-12-04 20:14:06+00:00,0.9925
2025-12-04 20:15:06+00:00,0.9925
2025-12-04 20:16:06+00:00,0.9925
2025-12-04 20:17:06+00:00,0.9925
2025-12-04 20:18:06+00:00,0.9925
2025-12-04 20:19:06+00:00,0.9925
2025-12-04 20:20:06+00:00,0.9925
2025-12-04 20:21:06+00:00,0.9925
2025-12-04 20:22:06+00:00,0.9925
2025-12-04 20:23:06+00:00,0.9925
2025-12-04 20:24:06+00:00,0.9925
2025-12-04 20:25:06+00:00,0.9925
2025-12-04 20:26:06+00:00,0.9925
2025-12-04 20:27:06+00:00,0.9925
2025-12-04 20:28:07+00:00,0.9925
2025-12-04 20:29:06+00:00,0.9925
2025-12-04 20:30:07+00:00,0.9925
2025-12-04 20:31:06+00:00,0.9925
2025-12-04 20:32:06+00:00,0.9925
2025-12-04 20:33:05+00:00,0.9925
2025-12-04 20:34:06+00:00,0.9925
2025-12-04 20:35:06+00:00,0.9925
2025-12-04 20:36:05+00:00,0.9925
2025-12-04 20:37:06+00:00,0.9925
2025-12-04 20:38:06+00:00,0.9925
2025-12-04 20:39:07+00:00,0.9925
2025-12-04 20:40:06+00:00,0.9925
2025-12-04 20:41:06+00:00,0.9925
2025-12-04 20:42:06+00:00,0.9925
2025-12-04 20:43:06+00:00,0.9925
2025-12-04 20:44:06+00:00,0.9925
2025-12-04 20:45:06+00:00,0.9925
2025-12-04 20:46:06+00:00,0.9925
2025-12-04 20:47:06+00:00,0.9925
2025-12-04 20:48:07+00:00,0.9925
2025-12-04 20:49:06+00:00,0.9925
2025-12-04 20:50:06+00:00,0.9925
2025-12-04 20:51:05+00:00,0.9925
2025-12-04 20:52:06+00:00,0.9925
2025-12-04 20:53:06+00:00,0.9925
2025-12-04 20:54:06+00:00,0.9925
2025-12-04 20:55:06+00:00,0.9925
2025-12-04 20:56:06+00:00,0.9925
2025-12-04 20:57:06+00:00,0.9925
2025-12-04 20:58:06+00:00,0.9925
2025-12-04 20:59:06+00:00,0.9925
2025-12-04 21:00:07+00:00,0.9925
2025-12-04 21:01:06+00:00,0.9925
2025-12-04 21:02:06+00:00,0.9925
2025-12-04 21:03:06+00:00,0.9925
2025-12-04 21:04:05+00:00,0.9925
2025-12-04 21:05:08+00:00,0.9925
2025-12-04 21:06:05+00:00,0.9925
2025-12-04 21:07:06+00:00,0.9925
2025-12-04 21:08:06+00:00,0.9925
2025-12-04 21:09:06+00:00,0.9925
2025-12-04 21:10:06+00:00,0.9925
2025-12-04 21:11:06+00:00,0.9925
2025-12-04 21:12:06+00:00,0.9925
2025-12-04 21:13:07+00:00,0.9925
2025-12-04 21:14:06+00:00,0.9925
2025-12-04 21:15:05+00:00,0.9925
2025-12-04 21:16:06+00:00,0.9925
2025-12-04 21:17:05+00:00,0.9925
2025-12-04 21:18:06+00:00,0.9925
2025-12-04 21:19:06+00:00,0.9925
2025-12-04 21:20:06+00:00,0.9925
2025-12-04 21:21:06+00:00,0.9925
2025-12-04 21:22:05+00:00,0.9925
2025-12-04 21:23:06+00:00,0.9925
2025-12-04 21:24:06+00:00,0.9925
2025-12-04 21:25:06+00:00,0.9925
2025-12-04 21:26:06+00:00,0.9925
2025-12-04 21:27:06+00:00,0.9925
2025-12-04 21:28:06+00:00,0.992
2025-12-04 21:29:08+00:00,0.9925
2025-12-04 21:30:06+00:00,0.9925
2025-12-04 21:31:06+00:00,0.9925
2025-12-04 21:32:06+00:00,0.9925
2025-12-04 21:33:06+00:00,0.9925
2025-12-04 21:34:06+00:00,0.9925
2025-12-04 21:35:05+00:00,0.9925
2025-12-04 21:36:06+00:00,0.9925
2025-12-04 21:37:05+00:00,0.9925
2025-12-04 21:38:06+00:00,0.992
2025-12-04 21:39:06+00:00,0.992
2025-12-04 21:40:06+00:00,0.992
2025-12-04 21:41:06+00:00,0.992
2025-12-04 21:42:05+00:00,0.992
2025-12-04 21:43:05+00:00,0.992
2025-12-04 21:44:07+00:00,0.992
2025-12-04 21:45:06+00:00,0.992
2025-12-04 21:46:05+00:00,0.992
2025-12-04 21:47:05+00:00,0.9915
2025-12-04 21:48:06+00:00,0.9915
2025-12-04 21:49:05+00:00,0.9915
2025-12-04 21:50:06+00:00,0.9915
2025-12-04 21:51:06+00:00,0.9915
2025-12-04 21:52:06+00:00,0.9915
2025-12-04 21:53:05+00:00,0.9915
2025-12-04 21:54:06+00:00,0.9915
2025-12-04 21:55:05+00:00,0.9925
2025-12-04 21:56:06+00:00,0.9925
2025-12-04 21:57:06+00:00,0.992
2025-12-04 21:58:06+00:00,0.992
2025-12-04 21:59:05+00:00,0.992
2025-12-04 22:00:06+00:00,0.9915
2025-12-04 22:01:06+00:00,0.9915
2025-12-04 22:02:06+00:00,0.9915
2025-12-04 22:03:06+00:00,0.9925
2025-12-04 22:04:06+00:00,0.9925
2025-12-04 22:05:06+00:00,0.9925
2025-12-04 22:06:06+00:00,0.9925
2025-12-04 22:07:05+00:00,0.9925
2025-12-04 22:08:06+00:00,0.9925
2025-12-04 22:09:06+00:00,0.9925
2025-12-04 22:10:08+00:00,0.9925
2025-12-04 22:11:06+00:00,0.9925
2025-12-04 22:12:05+00:00,0.9925
2025-12-04 22:13:06+00:00,0.9925
2025-12-04 22:14:06+00:00,0.9925
2025-12-04 22:15:07+00:00,0.9925
2025-12-04 22:16:06+00:00,0.9925
2025-12-04 22:17:06+00:00,0.9925
2025-12-04 22:18:06+00:00,0.992
2025-12-04 22:19:06+00:00,0.9915
2025-12-04 22:20:06+00:00,0.9915
2025-12-04 22:21:06+00:00,0.9925
2025-12-04 22:22:06+00:00,0.9925
2025-12-04 22:23:06+00:00,0.9925
2025-12-04 22:24:06+00:00,0.9925
2025-12-04 22:25:06+00:00,0.9925
2025-12-04 22:26:06+00:00,0.9925
2025-12-04 22:27:06+00:00,0.9925
2025-12-04 22:28:06+00:00,0.9925
2025-12-04 22:29:06+00:00,0.9925
2025-12-04 22:30:07+00:00,0.9925
2025-12-04 22:31:05+00:00,0.9925
2025-12-04 22:32:06+00:00,0.9925
2025-12-04 22:33:06+00:00,0.9925
2025-12-04 22:34:06+00:00,0.9925
2025-12-04 22:35:06+00:00,0.9925
2025-12-04 22:36:07+00:00,0.9925
2025-12-04 22:37:06+00:00,0.9925
2025-12-04 22:38:06+00:00,0.9925
2025-12-04 22:39:06+00:00,0.9925
2025-12-04 22:40:07+00:00,0.9925
2025-12-04 22:41:06+00:00,0.9925
2025-12-04 22:42:06+00:00,0.9925
2025-12-04 22:43:06+00:00,0.9925
2025-12-04 22:44:06+00:00,0.9925
2025-12-04 22:45:06+00:00,0.9925
2025-12-04 22:46:06+00:00,0.9925
2025-12-04 22:47:06+00:00,0.9925
2025-12-04 22:48:06+00:00,0.9925
2025-12-04 22:49:05+00:00,0.9925
2025-12-04 22:50:06+00:00,0.9925
2025-12-04 22:51:06+00:00,0.9925
2025-12-04 22:52:06+00:00,0.9925
2025-12-04 22:53:06+00:00,0.9925
2025-12-04 22:54:06+00:00,0.9925
2025-12-04 22:55:06+00:00,0.9925
2025-12-04 22:56:06+00:00,0.9925
2025-12-04 22:57:06+00:00,0.9925
2025-12-04 22:58:05+00:00,0.9925
2025-12-04 22:59:06+00:00,0.9925
2025-12-04 23:00:07+00:00,0.9925
2025-12-04 23:01:06+00:00,0.9925
2025-12-04 23:02:07+00:00,0.9925
2025-12-04 23:03:07+00:00,0.9925
2025-12-04 23:04:06+00:00,0.992
2025-12-04 23:05:07+00:00,0.992
2025-12-04 23:06:06+00:00,0.9925
2025-12-04 23:07:06+00:00,0.9925
2025-12-04 23:08:06+00:00,0.9925
2025-12-04 23:09:06+00:00,0.9925
2025-12-04 23:10:06+00:00,0.9925
2025-12-04 23:11:06+00:00,0.9925
2025-12-04 23:12:06+00:00,0.9925
2025-12-04 23:13:06+00:00,0.9925
2025-12-04 23:14:06+00:00,0.9925
2025-12-04 23:15:06+00:00,0.9925
2025-12-04 23:16:06+00:00,0.9925
2025-12-04 23:17:06+00:00,0.9925
2025-12-04 23:18:06+00:00,0.9925
2025-12-04 23:19:06+00:00,0.9925
2025-12-04 23:20:06+00:00,0.9925
2025-12-04 23:21:06+00:00,0.9925
2025-12-04 23:22:06+00:00,0.9915
2025-12-04 23:23:05+00:00,0.9915
2025-12-04 23:24:05+00:00,0.9915
2025-12-04 23:25:06+00:00,0.9915
2025-12-04 23:26:06+00:00,0.9915
2025-12-04 23:27:06+00:00,0.9915
2025-12-04 23:28:06+00:00,0.9915
2025-12-04 23:29:07+00:00,0.9915
2025-12-04 23:30:07+00:00,0.9915
2025-12-04 23:31:05+00:00,0.9915
2025-12-04 23:32:06+00:00,0.9915
2025-12-04 23:33:06+00:00,0.9915
2025-12-04 23:34:06+00:00,0.9915
2025-12-04 23:35:06+00:00,0.9915
2025-12-04 23:36:05+00:00,0.9915
2025-12-04 23:37:06+00:00,0.9915
2025-12-04 23:38:06+00:00,0.9915
2025-12-04 23:39:06+00:00,0.9915
2025-12-04 23:40:06+00:00,0.9915
2025-12-04 23:41:06+00:00,0.9915
2025-12-04 23:42:06+00:00,0.9915
2025-12-04 23:43:06+00:00,0.9915
2025-12-04 23:44:06+00:00,0.9915
2025-12-04 23:45:06+00:00,0.9915
2025-12-04 23:46:06+00:00,0.9915
2025-12-04 23:47:06+00:00,0.9915
2025-12-04 23:48:06+00:00,0.9915
2025-12-04 23:49:06+00:00,0.9915
2025-12-04 23:50:06+00:00,0.9915
2025-12-04 23:51:06+00:00,0.9915
2025-12-04 23:52:06+00:00,0.9925
2025-12-04 23:53:06+00:00,0.9925
2025-12-04 23:54:06+00:00,0.9925
2025-12-04 23:55:08+00:00,0.9925
2025-12-04 23:56:06+00:00,0.9925
2025-12-04 23:57:06+00:00,0.9925
2025-12-04 23:58:06+00:00,0.9925
2025-12-04 23:59:06+00:00,0.9925
2025-12-05 00:00:08+00:00,0.9925
2025-12-05 00:01:06+00:00,0.9925
2025-12-05 00:02:06+00:00,0.9925
2025-12-05 00:03:07+00:00,0.9925
2025-12-05 00:04:06+00:00,0.9925
2025-12-05 00:05:06+00:00,0.9925
2025-12-05 00:06:06+00:00,0.9925
2025-12-05 00:07:06+00:00,0.9925
2025-12-05 00:08:06+00:00,0.9925
2025-12-05 00:09:06+00:00,0.9935
2025-12-05 00:10:08+00:00,0.9935
2025-12-05 00:11:06+00:00,0.9935
2025-12-05 00:12:06+00:00,0.9935
2025-12-05 00:13:06+00:00,0.9935
2025-12-05 00:14:06+00:00,0.9935
2025-12-05 00:15:06+00:00,0.9935
2025-12-05 00:16:06+00:00,0.9935
2025-12-05 00:17:06+00:00,0.9935
2025-12-05 00:18:07+00:00,0.9935
2025-12-05 00:19:06+00:00,0.9935
2025-12-05 00:20:06+00:00,0.9935
2025-12-05 00:21:06+00:00,0.9935
2025-12-05 00:22:06+00:00,0.9935
2025-12-05 00:23:06+00:00,0.9935
2025-12-05 00:24:06+00:00,0.9935
2025-12-05 00:25:06+00:00,0.9935
2025-12-05 00:26:05+00:00,0.9935
2025-12-05 00:27:05+00:00,0.9945
2025-12-05 00:28:06+00:00,0.9955
2025-12-05 00:29:06+00:00,0.9945
2025-12-05 00:30:07+00:00,0.9955
2025-12-05 00:31:06+00:00,0.9955
2025-12-05 00:32:06+00:00,0.9955
2025-12-05 00:33:06+00:00,0.9955
2025-12-05 00:34:06+00:00,0.9955
2025-12-05 00:35:06+00:00,0.9955
2025-12-05 00:36:07+00:00,0.9955
2025-12-05 00:37:06+00:00,0.9955
2025-12-05 00:38:06+00:00,0.9955
2025-12-05 00:39:06+00:00,0.9955
2025-12-05 00:40:06+00:00,0.9955
2025-12-05 00:41:05+00:00,0.9955
2025-12-05 00:42:06+00:00,0.9955
2025-12-05 00:43:05+00:00,0.9955
2025-12-05 00:44:05+00:00,0.9955
2025-12-05 00:45:06+00:00,0.9955
2025-12-05 00:46:05+00:00,0.9955
2025-12-05 00:47:06+00:00,0.9955
2025-12-05 00:48:06+00:00,0.9955
2025-12-05 00:49:06+00:00,0.9955
2025-12-05 00:50:06+00:00,0.9965
2025-12-05 00:51:06+00:00,0.9955
2025-12-05 00:52:06+00:00,0.9965
2025-12-05 00:53:05+00:00,0.9965
2025-12-05 00:54:06+00:00,0.9965
2025-12-05 00:55:06+00:00,0.996
2025-12-05 00:56:06+00:00,0.9955
2025-12-05 00:57:05+00:00,0.9955
2025-12-05 00:58:05+00:00,0.9965
2025-12-05 00:59:05+00:00,0.9965
2025-12-05 01:00:07+00:00,0.996
2025-12-05 01:01:06+00:00,0.996
2025-12-05 01:02:07+00:00,0.9955
2025-12-05 01:03:06+00:00,0.9965
2025-12-05 01:04:06+00:00,0.9965
2025-12-05 01:05:06+00:00,0.997
2025-12-05 01:06:06+00:00,0.9975
2025-12-05 01:07:06+00:00,0.9975
2025-12-05 01:08:06+00:00,0.9975
2025-12-05 01:09:06+00:00,0.9965
2025-12-05 01:10:06+00:00,0.9965
2025-12-05 01:11:05+00:00,0.9965
2025-12-05 01:12:06+00:00,0.9965
2025-12-05 01:13:07+00:00,0.9965
2025-12-05 01:14:06+00:00,0.9965
2025-12-05 01:15:06+00:00,0.9965
2025-12-05 01:16:06+00:00,0.9965
2025-12-05 01:17:06+00:00,0.9965
2025-12-05 01:18:06+00:00,0.9965
2025-12-05 01:19:06+00:00,0.9965
2025-12-05 01:20:07+00:00,0.9965
2025-12-05 01:21:06+00:00,0.9965
2025-12-05 01:22:06+00:00,0.9965
2025-12-05 01:23:06+00:00,0.9965
2025-12-05 01:24:06+00:00,0.9965
2025-12-05 01:25:06+00:00,0.996
2025-12-05 01:26:06+00:00,0.996
2025-12-05 01:27:06+00:00,0.9955
2025-12-05 01:28:06+00:00,0.9955
2025-12-05 01:29:06+00:00,0.9955
2025-12-05 01:30:06+00:00,0.9955
2025-12-05 01:31:05+00:00,0.9955
2025-12-05 01:32:05+00:00,0.9955
2025-12-05 01:33:06+00:00,0.9955
2025-12-05 01:34:06+00:00,0.9955
2025-12-05 01:35:06+00:00,0.9955
2025-12-05 01:36:06+00:00,0.9955
2025-12-05 01:37:06+00:00,0.9955
2025-12-05 01:38:06+00:00,0.9955
2025-12-05 01:39:07+00:00,0.9955
2025-12-05 01:40:06+00:00,0.996
2025-12-05 01:41:06+00:00,0.996
2025-12-05 01:42:06+00:00,0.9965
2025-12-05 01:43:05+00:00,0.9965
2025-12-05 01:44:06+00:00,0.9965
2025-12-05 01:45:06+00:00,0.9965
2025-12-05 01:46:06+00:00,0.9965
2025-12-05 01:47:06+00:00,0.9965
2025-12-05 01:48:06+00:00,0.9965
2025-12-05 01:49:06+00:00,0.9965
2025-12-05 01:50:06+00:00,0.9965
2025-12-05 01:51:06+00:00,0.9965
2025-12-05 01:52:06+00:00,0.9965
2025-12-05 01:53:06+00:00,0.9965
2025-12-05 01:54:06+00:00,0.9965
2025-12-05 01:55:06+00:00,0.9965
2025-12-05 01:56:06+00:00,0.9965
2025-12-05 01:57:06+00:00,0.9965
2025-12-05 01:58:06+00:00,0.9965
2025-12-05 01:59:06+00:00,0.9965
2025-12-05 02:00:07+00:00,0.9965
2025-12-05 02:01:06+00:00,0.9965
2025-12-05 02:02:06+00:00,0.9965
2025-12-05 02:03:06+00:00,0.9965
2025-12-05 02:04:06+00:00,0.9965
2025-12-05 02:05:08+00:00,0.9965
2025-12-05 02:06:06+00:00,0.9965
2025-12-05 02:07:06+00:00,0.9965
2025-12-05 02:08:06+00:00,0.9965
2025-12-05 02:09:06+00:00,0.9965
2025-12-05 02:10:06+00:00,0.9965
2025-12-05 02:11:06+00:00,0.9965
2025-12-05 02:12:06+00:00,0.9965
2025-12-05 02:13:06+00:00,0.9965
2025-12-05 02:14:06+00:00,0.9975
2025-12-05 02:15:06+00:00,0.9965
2025-12-05 02:16:06+00:00,0.9965
2025-12-05 02:17:06+00:00,0.9965
2025-12-05 02:18:06+00:00,0.9965
2025-12-05 02:19:06+00:00,0.9965
2025-12-05 02:20:06+00:00,0.9965
2025-12-05 02:21:06+00:00,0.9965
2025-12-05 02:22:06+00:00,0.9965
2025-12-05 02:23:06+00:00,0.9965
2025-12-05 02:24:06+00:00,0.9965
2025-12-05 02:25:06+00:00,0.9965
2025-12-05 02:26:08+00:00,0.9965
2025-12-05 02:27:06+00:00,0.9965
2025-12-05 02:28:06+00:00,0.9975
2025-12-05 02:29:06+00:00,0.9975
2025-12-05 02:30:07+00:00,0.9975
2025-12-05 02:31:06+00:00,0.9975
2025-12-05 02:32:06+00:00,0.9975
2025-12-05 02:33:06+00:00,0.997
2025-12-05 02:34:06+00:00,0.9975
2025-12-05 02:35:06+00:00,0.9975
2025-12-05 02:36:06+00:00,0.9975
2025-12-05 02:37:06+00:00,0.9975
2025-12-05 02:38:06+00:00,0.9975
2025-12-05 02:39:06+00:00,0.9975
2025-12-05 02:40:06+00:00,0.9975
2025-12-05 02:41:06+00:00,0.9975
2025-12-05 02:42:06+00:00,0.9975
2025-12-05 02:43:06+00:00,0.9975
2025-12-05 02:44:06+00:00,0.9975
2025-12-05 02:45:20+00:00,0.9975
2025-12-05 02:46:06+00:00,0.9975
2025-12-05 02:47:06+00:00,0.9975
2025-12-05 02:48:06+00:00,0.9975
2025-12-05 02:49:06+00:00,0.9975
2025-12-05 02:50:06+00:00,0.9975
2025-12-05 02:51:06+00:00,0.9975
2025-12-05 02:52:07+00:00,0.9975
2025-12-05 02:53:06+00:00,0.9975
2025-12-05 02:54:06+00:00,0.9975
2025-12-05 02:55:07+00:00,0.9975
2025-12-05 02:56:06+00:00,0.9975
2025-12-05 02:57:06+00:00,0.998
2025-12-05 02:58:07+00:00,0.9985
2025-12-05 02:59:06+00:00,0.9975
2025-12-05 03:00:07+00:00,0.9975
2025-12-05 03:01:06+00:00,0.998
2025-12-05 03:02:06+00:00,0.9985
2025-12-05 03:03:06+00:00,0.9985
2025-12-05 03:04:06+00:00,0.9985
2025-12-05 03:05:06+00:00,0.9985
2025-12-05 03:06:06+00:00,0.9985
2025-12-05 03:07:06+00:00,0.9985
2025-12-05 03:08:06+00:00,0.998
2025-12-05 03:09:06+00:00,0.9985
2025-12-05 03:10:06+00:00,0.9985
2025-12-05 03:11:06+00:00,0.9985
2025-12-05 03:12:06+00:00,0.9985
2025-12-05 03:13:06+00:00,0.9985
2025-12-05 03:14:06+00:00,0.9985
2025-12-05 03:15:06+00:00,0.998
2025-12-05 03:16:06+00:00,0.9975
2025-12-05 03:17:06+00:00,0.9975
2025-12-05 03:18:06+00:00,0.9975
2025-12-05 03:19:06+00:00,0.9985
2025-12-05 03:20:06+00:00,0.9985
2025-12-05 03:21:06+00:00,0.998
2025-12-05 03:22:06+00:00,0.9975
2025-12-05 03:23:06+00:00,0.998
2025-12-05 03:24:07+00:00,0.998
2025-12-05 03:25:06+00:00,0.998
2025-12-05 03:26:06+00:00,0.9975
2025-12-05 03:27:06+00:00,0.9985
2025-12-05 03:28:06+00:00,0.9985
2025-12-05 03:29:06+00:00,0.9985
2025-12-05 03:30:07+00:00,0.9985
2025-12-05 03:31:06+00:00,0.9985
2025-12-05 03:32:06+00:00,0.9985
2025-12-05 03:33:06+00:00,0.9985
2025-12-05 03:34:06+00:00,0.9985
2025-12-05 03:35:06+00:00,0.9985
2025-12-05 03:36:06+00:00,0.9985
2025-12-05 03:37:06+00:00,0.9985
2025-12-05 03:38:06+00:00,0.9985
2025-12-05 03:39:06+00:00,0.9985
2025-12-05 03:40:06+00:00,0.9985
2025-12-05 03:41:06+00:00,0.9985
2025-12-05 03:42:06+00:00,0.9985
2025-12-05 03:43:06+00:00,0.9985
2025-12-05 03:44:05+00:00,0.9985
2025-12-05 03:45:06+00:00,0.9985
2025-12-05 03:46:06+00:00,0.9985
2025-12-05 03:47:06+00:00,0.9985
2025-12-05 03:48:06+00:00,0.998
2025-12-05 03:49:06+00:00,0.998
2025-12-05 03:50:08+00:00,0.9985
2025-12-05 03:51:06+00:00,0.9985
2025-12-05 03:52:06+00:00,0.9985
2025-12-05 03:53:06+00:00,0.9985
2025-12-05 03:54:06+00:00,0.998
2025-12-05 03:55:06+00:00,0.9985
2025-12-05 03:56:06+00:00,0.9985
2025-12-05 03:57:06+00:00,0.9985
2025-12-05 03:58:06+00:00,0.9985
2025-12-05 03:59:06+00:00,0.9985
2025-12-05 04:00:07+00:00,0.9985
2025-12-05 04:01:06+00:00,0.9985
2025-12-05 04:02:06+00:00,0.9985
2025-12-05 04:03:06+00:00,0.9985
2025-12-05 04:04:06+00:00,0.998
2025-12-05 04:05:08+00:00,0.9975
2025-12-05 04:06:06+00:00,0.9975
2025-12-05 04:07:06+00:00,0.9975
2025-12-05 04:08:06+00:00,0.9975
2025-12-05 04:09:06+00:00,0.9975
2025-12-05 04:10:06+00:00,0.9975
2025-12-05 04:11:06+00:00,0.9975
2025-12-05 04:12:06+00:00,0.9975
2025-12-05 04:13:06+00:00,0.9975
2025-12-05 04:14:06+00:00,0.9975
2025-12-05 04:15:06+00:00,0.9975
2025-12-05 04:16:06+00:00,0.9975
2025-12-05 04:17:06+00:00,0.9975
2025-12-05 04:18:06+00:00,0.9975
2025-12-05 04:19:06+00:00,0.9975
2025-12-05 04:20:07+00:00,0.9975
2025-12-05 04:21:06+00:00,0.9985
2025-12-05 04:22:06+00:00,0.9985
2025-12-05 04:23:06+00:00,0.9985
2025-12-05 04:24:06+00:00,0.9985
2025-12-05 04:25:06+00:00,0.9985
2025-12-05 04:26:06+00:00,0.9985
2025-12-05 04:27:06+00:00,0.9985
2025-12-05 04:28:06+00:00,0.9985
2025-12-05 04:29:06+00:00,0.9985
2025-12-05 04:30:06+00:00,0.9985
2025-12-05 04:31:08+00:00,0.9985
2025-12-05 04:32:06+00:00,0.9985
2025-12-05 04:33:06+00:00,0.9985
2025-12-05 04:34:06+00:00,0.9985
2025-12-05 04:35:07+00:00,0.9985
2025-12-05 04:36:08+00:00,0.9985
2025-12-05 04:37:06+00:00,0.9985
2025-12-05 04:38:06+00:00,0.9985
2025-12-05 04:39:06+00:00,0.9985
2025-12-05 04:40:07+00:00,0.9985
2025-12-05 04:41:06+00:00,0.9985
2025-12-05 04:42:06+00:00,0.9985
2025-12-05 04:43:06+00:00,0.9985
2025-12-05 04:44:06+00:00,0.9985
2025-12-05 04:45:06+00:00,0.9975
2025-12-05 04:46:06+00:00,0.9975
2025-12-05 04:47:06+00:00,0.9975
2025-12-05 04:48:06+00:00,0.9975
2025-12-05 04:49:06+00:00,0.9975
2025-12-05 04:50:07+00:00,0.9975
2025-12-05 04:51:06+00:00,0.9975
2025-12-05 04:52:06+00:00,0.998
2025-12-05 04:53:06+00:00,0.998
2025-12-05 04:54:06+00:00,0.998
2025-12-05 04:55:07+00:00,0.998
2025-12-05 04:56:06+00:00,0.9985
2025-12-05 04:57:06+00:00,0.998
2025-12-05 04:58:06+00:00,0.9985
2025-12-05 04:59:06+00:00,0.9985
2025-12-05 05:00:07+00:00,0.998
2025-12-05 05:01:06+00:00,0.998
2025-12-05 05:02:08+00:00,0.9975
2025-12-05 05:03:06+00:00,0.998
2025-12-05 05:04:06+00:00,0.998
2025-12-05 05:05:06+00:00,0.998
2025-12-05 05:06:06+00:00,0.998
2025-12-05 05:07:06+00:00,0.998
2025-12-05 05:08:06+00:00,0.998
2025-12-05 05:09:06+00:00,0.9985
2025-12-05 05:10:06+00:00,0.9985
2025-12-05 05:11:06+00:00,0.9985
2025-12-05 05:12:06+00:00,0.9985
2025-12-05 05:13:06+00:00,0.998
2025-12-05 05:14:06+00:00,0.9975
2025-12-05 05:15:06+00:00,0.9975
2025-12-05 05:16:06+00:00,0.9985
2025-12-05 05:17:06+00:00,0.9985
2025-12-05 05:18:06+00:00,0.9985
2025-12-05 05:19:06+00:00,0.9985
2025-12-05 05:20:07+00:00,0.9985
2025-12-05 05:21:07+00:00,0.9985
2025-12-05 05:22:06+00:00,0.9985
2025-12-05 05:23:06+00:00,0.9985
2025-12-05 05:24:06+00:00,0.9985
2025-12-05 05:25:06+00:00,0.9985
2025-12-05 05:26:06+00:00,0.998
2025-12-05 05:27:06+00:00,0.998
2025-12-05 05:28:08+00:00,0.9985
2025-12-05 05:29:06+00:00,0.9985
2025-12-05 05:30:07+00:00,0.998
2025-12-05 05:31:06+00:00,0.998
2025-12-05 05:32:06+00:00,0.998
2025-12-05 05:33:06+00:00,0.998
2025-12-05 05:34:06+00:00,0.998
2025-12-05 05:35:06+00:00,0.9985
2025-12-05 05:36:06+00:00,0.9985
2025-12-05 05:37:06+00:00,0.9985
2025-12-05 05:38:06+00:00,0.9985
2025-12-05 05:39:06+00:00,0.9985
2025-12-05 05:40:06+00:00,0.9985
2025-12-05 05:41:06+00:00,0.9985
2025-12-05 05:42:06+00:00,0.9985
2025-12-05 05:43:06+00:00,0.9985
2025-12-05 05:44:06+00:00,0.9985
2025-12-05 05:45:06+00:00,0.9985
2025-12-05 05:46:06+00:00,0.9985
2025-12-05 05:47:06+00:00,0.9985
2025-12-05 05:48:06+00:00,0.9985
2025-12-05 05:49:05+00:00,0.998
2025-12-05 05:50:06+00:00,0.9975
2025-12-05 05:51:06+00:00,0.9975
2025-12-05 05:52:06+00:00,0.9975
2025-12-05 05:53:06+00:00,0.9975
2025-12-05 05:54:07+00:00,0.9975
2025-12-05 05:55:06+00:00,0.9975
2025-12-05 05:56:06+00:00,0.9975
2025-12-05 05:57:06+00:00,0.9975
2025-12-05 05:58:06+00:00,0.9975
2025-12-05 05:59:06+00:00,0.9975
2025-12-05 06:00:07+00:00,0.9975
2025-12-05 06:01:06+00:00,0.9985
2025-12-05 06:02:06+00:00,0.9985
2025-12-05 06:03:06+00:00,0.9985
2025-12-05 06:04:06+00:00,0.9985
2025-12-05 06:05:08+00:00,0.9985
2025-12-05 06:06:06+00:00,0.9985
2025-12-05 06:07:06+00:00,0.9975
2025-12-05 06:08:06+00:00,0.9975
2025-12-05 06:09:06+00:00,0.9975
2025-12-05 06:10:06+00:00,0.9975
2025-12-05 06:11:06+00:00,0.9975
2025-12-05 06:12:17+00:00,0.9975
2025-12-05 06:13:06+00:00,0.9975
2025-12-05 06:14:06+00:00,0.9975
2025-12-05 06:15:06+00:00,0.9975
2025-12-05 06:16:06+00:00,0.9975
2025-12-05 06:17:06+00:00,0.9975
2025-12-05 06:18:06+00:00,0.9975
2025-12-05 06:19:06+00:00,0.9975
2025-12-05 06:20:06+00:00,0.9975
2025-12-05 06:21:06+00:00,0.9975
2025-12-05 06:22:06+00:00,0.9975
2025-12-05 06:23:06+00:00,0.9975
2025-12-05 06:24:06+00:00,0.9975
2025-12-05 06:25:06+00:00,0.9975
2025-12-05 06:26:06+00:00,0.998
2025-12-05 06:27:06+00:00,0.9975
2025-12-05 06:28:06+00:00,0.9975
2025-12-05 06:29:06+00:00,0.9975
2025-12-05 06:30:07+00:00,0.998
2025-12-05 06:31:08+00:00,0.9975
2025-12-05 06:32:06+00:00,0.9975
2025-12-05 06:33:06+00:00,0.9975
2025-12-05 06:34:06+00:00,0.9975
2025-12-05 06:35:06+00:00,0.9975
2025-12-05 06:36:07+00:00,0.9985
2025-12-05 06:37:06+00:00,0.998
2025-12-05 06:38:06+00:00,0.9975
2025-12-05 06:39:06+00:00,0.9975
2025-12-05 06:40:06+00:00,0.9975
2025-12-05 06:41:06+00:00,0.9975
2025-12-05 06:42:06+00:00,0.9975
2025-12-05 06:43:06+00:00,0.9975
2025-12-05 06:44:06+00:00,0.998
2025-12-05 06:45:06+00:00,0.9975
2025-12-05 06:46:06+00:00,0.9975
2025-12-05 06:47:06+00:00,0.9975
2025-12-05 06:48:06+00:00,0.9975
2025-12-05 06:49:06+00:00,0.9975
2025-12-05 06:50:06+00:00,0.9975
2025-12-05 06:51:06+00:00,0.998
2025-12-05 06:52:06+00:00,0.9985
2025-12-05 06:53:06+00:00,0.9985
2025-12-05 06:54:06+00:00,0.9975
2025-12-05 06:55:06+00:00,0.9975
2025-12-05 06:56:06+00:00,0.9975
2025-12-05 06:57:06+00:00,0.9985
2025-12-05 06:58:06+00:00,0.9985
2025-12-05 06:59:06+00:00,0.9985
2025-12-05 07:00:07+00:00,0.9975
2025-12-05 07:01:06+00:00,0.9975
2025-12-05 07:02:08+00:00,0.9985
2025-12-05 07:03:07+00:00,0.9975
2025-12-05 07:04:06+00:00,0.9985
2025-12-05 07:05:06+00:00,0.9975
2025-12-05 07:06:07+00:00,0.9975
2025-12-05 07:07:06+00:00,0.9975
2025-12-05 07:08:06+00:00,0.9975
2025-12-05 07:09:06+00:00,0.9975
2025-12-05 07:10:06+00:00,0.9975
2025-12-05 07:11:06+00:00,0.9985
2025-12-05 07:12:06+00:00,0.9985
2025-12-05 07:13:06+00:00,0.9985
2025-12-05 07:14:06+00:00,0.9985
2025-12-05 07:15:06+00:00,0.9985
2025-12-05 07:16:06+00:00,0.9985
2025-12-05 07:17:06+00:00,0.9985
2025-12-05 07:18:06+00:00,0.9985
2025-12-05 07:19:06+00:00,0.9985
2025-12-05 07:20:06+00:00,0.9985
2025-12-05 07:21:06+00:00,0.9985
2025-12-05 07:22:06+00:00,0.9985
2025-12-05 07:23:05+00:00,0.9985
2025-12-05 07:24:06+00:00,0.9985
2025-12-05 07:25:06+00:00,0.9985
2025-12-05 07:26:06+00:00,0.9985
2025-12-05 07:27:06+00:00,0.9985
2025-12-05 07:28:07+00:00,0.9985
2025-12-05 07:29:06+00:00,0.9985
2025-12-05 07:30:07+00:00,0.9985
2025-12-05 07:31:06+00:00,0.9985
2025-12-05 07:32:06+00:00,0.9985
2025-12-05 07:33:06+00:00,0.9985
2025-12-05 07:34:06+00:00,0.9985
2025-12-05 07:35:06+00:00,0.9985
2025-12-05 07:36:08+00:00,0.9985
2025-12-05 07:37:06+00:00,0.9985
2025-12-05 07:38:06+00:00,0.9985
2025-12-05 07:39:06+00:00,0.9985
2025-12-05 07:40:07+00:00,0.9985
2025-12-05 07:41:06+00:00,0.9985
2025-12-05 07:42:06+00:00,0.9985
2025-12-05 07:43:06+00:00,0.9985
2025-12-05 07:44:06+00:00,0.9985
2025-12-05 07:45:06+00:00,0.9985
2025-12-05 07:46:06+00:00,0.9985
2025-12-05 07:47:06+00:00,0.9985
2025-12-05 07:48:06+00:00,0.9985
2025-12-05 07:49:06+00:00,0.9985
2025-12-05 07:50:06+00:00,0.9985
2025-12-05 07:51:06+00:00,0.9985
2025-12-05 07:52:06+00:00,0.9985
2025-12-05 07:53:06+00:00,0.9985
2025-12-05 07:54:06+00:00,0.9985
2025-12-05 07:55:06+00:00,0.9985
2025-12-05 07:56:06+00:00,0.9985
2025-12-05 07:57:06+00:00,0.9985
2025-12-05 07:58:06+00:00,0.9985
2025-12-05 07:59:06+00:00,0.9985
2025-12-05 08:00:06+00:00,0.9985
2025-12-05 08:01:06+00:00,0.9985
2025-12-05 08:02:07+00:00,0.9985
2025-12-05 08:03:06+00:00,0.9985
2025-12-05 08:04:06+00:00,0.9985
2025-12-05 08:05:06+00:00,0.9985
2025-12-05 08:06:06+00:00,0.9985
2025-12-05 08:07:06+00:00,0.9985
2025-12-05 08:08:12+00:00,0.9985
2025-12-05 08:09:06+00:00,0.9985
2025-12-05 08:10:06+00:00,0.9985
2025-12-05 08:11:06+00:00,0.9985
2025-12-05 08:12:06+00:00,0.9985
2025-12-05 08:13:06+00:00,0.9985
2025-12-05 08:14:06+00:00,0.9985
2025-12-05 08:15:06+00:00,0.9985
2025-12-05 08:16:06+00:00,0.9985
2025-12-05 08:17:06+00:00,0.9985
2025-12-05 08:18:06+00:00,0.9985
2025-12-05 08:19:06+00:00,0.9985
2025-12-05 08:20:06+00:00,0.9985
2025-12-05 08:21:06+00:00,0.9985
2025-12-05 08:22:06+00:00,0.9985
2025-12-05 08:23:06+00:00,0.9985
2025-12-05 08:24:06+00:00,0.9985
2025-12-05 08:25:06+00:00,0.9985
2025-12-05 08:26:07+00:00,0.9985
2025-12-05 08:27:06+00:00,0.9985
2025-12-05 08:28:08+00:00,0.9985
2025-12-05 08:29:06+00:00,0.9985
2025-12-05 08:30:07+00:00,0.9985
2025-12-05 08:31:06+00:00,0.9985
2025-12-05 08:32:06+00:00,0.9985
2025-12-05 08:33:06+00:00,0.9985
2025-12-05 08:34:06+00:00,0.9985
2025-12-05 08:35:06+00:00,0.9985
2025-12-05 08:36:06+00:00,0.9985
2025-12-05 08:37:06+00:00,0.9985
2025-12-05 08:38:06+00:00,0.9985
2025-12-05 08:39:06+00:00,0.9985
2025-12-05 08:40:06+00:00,0.9985
2025-12-05 08:41:06+00:00,0.9985
2025-12-05 08:42:06+00:00,0.9985
2025-12-05 08:43:05+00:00,0.9985
2025-12-05 08:44:06+00:00,0.9985
2025-12-05 08:45:06+00:00,0.9985
2025-12-05 08:46:06+00:00,0.9985
2025-12-05 08:47:06+00:00,0.9985
2025-12-05 08:48:06+00:00,0.9985
2025-12-05 08:49:07+00:00,0.9985
2025-12-05 08:50:06+00:00,0.9985
2025-12-05 08:51:05+00:00,0.9985
2025-12-05 08:52:05+00:00,0.9985
2025-12-05 08:53:05+00:00,0.9985
2025-12-05 08:54:05+00:00,0.9985
2025-12-05 08:55:05+00:00,0.9985
2025-12-05 08:56:05+00:00,0.9985
2025-12-05 08:57:05+00:00,0.9985
2025-12-05 08:58:05+00:00,0.9985
2025-12-05 08:59:05+00:00,0.9985
2025-12-05 09:00:07+00:00,0.9985
2025-12-05 09:01:05+00:00,0.9985
2025-12-05 09:02:05+00:00,0.9985
2025-12-05 09:03:05+00:00,0.9985
2025-12-05 09:04:05+00:00,0.9985
2025-12-05 09:05:05+00:00,0.9985
2025-12-05 09:06:05+00:00,0.9985
2025-12-05 09:07:05+00:00,0.9985
2025-12-05 09:08:05+00:00,0.9985
2025-12-05 09:09:05+00:00,0.9985
2025-12-05 09:10:05+00:00,0.9985
2025-12-05 09:11:05+00:00,0.9985
2025-12-05 09:12:06+00:00,0.9985
2025-12-05 09:13:06+00:00,0.9985
2025-12-05 09:14:06+00:00,0.9985
2025-12-05 09:15:08+00:00,0.9985
2025-12-05 09:16:06+00:00,0.9985
2025-12-05 09:17:06+00:00,0.9985
2025-12-05 09:18:06+00:00,0.9985
2025-12-05 09:19:06+00:00,0.9985
2025-12-05 09:20:06+00:00,0.9985
2025-12-05 09:21:06+00:00,0.9985
2025-12-05 09:22:06+00:00,0.9985
2025-12-05 09:23:06+00:00,0.9985
2025-12-05 09:24:06+00:00,0.9985
2025-12-05 09:25:06+00:00,0.9985
2025-12-05 09:26:06+00:00,0.9985
2025-12-05 09:27:06+00:00,0.9985
2025-12-05 09:28:06+00:00,0.9985
2025-12-05 09:29:06+00:00,0.9985
2025-12-05 09:30:06+00:00,0.9985
2025-12-05 09:31:06+00:00,0.9985
2025-12-05 09:32:06+00:00,0.9985
2025-12-05 09:33:06+00:00,0.9985
2025-12-05 09:34:06+00:00,0.9985
2025-12-05 09:35:06+00:00,0.9985
2025-12-05 09:36:06+00:00,0.9985
2025-12-05 09:37:06+00:00,0.9975
2025-12-05 09:38:06+00:00,0.9975
2025-12-05 09:39:06+00:00,0.9975
2025-12-05 09:40:06+00:00,0.9975
2025-12-05 09:41:07+00:00,0.9975
2025-12-05 09:42:06+00:00,0.9975
2025-12-05 09:43:06+00:00,0.9975
2025-12-05 09:44:06+00:00,0.9975
2025-12-05 09:45:06+00:00,0.9975
2025-12-05 09:46:06+00:00,0.9975
2025-12-05 09:47:06+00:00,0.9975
2025-12-05 09:48:06+00:00,0.9975
2025-12-05 09:49:06+00:00,0.9975
2025-12-05 09:50:07+00:00,0.9975
2025-12-05 09:51:06+00:00,0.9975
2025-12-05 09:52:06+00:00,0.9975
2025-12-05 09:53:05+00:00,0.9975
2025-12-05 09:54:06+00:00,0.9975
2025-12-05 09:55:06+00:00,0.9975
2025-12-05 09:56:06+00:00,0.9975
2025-12-05 09:57:06+00:00,0.9975
2025-12-05 09:58:06+00:00,0.9975
2025-12-05 09:59:06+00:00,0.9975
2025-12-05 10:00:07+00:00,0.9975
2025-12-05 10:01:06+00:00,0.9975
2025-12-05 10:02:06+00:00,0.9975
2025-12-05 10:03:06+00:00,0.9975
2025-12-05 10:04:06+00:00,0.9975
2025-12-05 10:05:06+00:00,0.9975
2025-12-05 10:06:06+00:00,0.9975
2025-12-05 10:07:07+00:00,0.9975
2025-12-05 10:08:07+00:00,0.9975
2025-12-05 10:09:06+00:00,0.9975
2025-12-05 10:10:07+00:00,0.9975
2025-12-05 10:11:06+00:00,0.9975
2025-12-05 10:12:06+00:00,0.9975
2025-12-05 10:13:06+00:00,0.9975
2025-12-05 10:14:05+00:00,0.9975
2025-12-05 10:15:06+00:00,0.9975
2025-12-05 10:16:06+00:00,0.9975
2025-12-05 10:17:06+00:00,0.9975
2025-12-05 10:18:06+00:00,0.9975
2025-12-05 10:19:06+00:00,0.9975
2025-12-05 10:20:06+00:00,0.9975
2025-12-05 10:21:06+00:00,0.9975
2025-12-05 10:22:06+00:00,0.9975
2025-12-05 10:23:05+00:00,0.9975
2025-12-05 10:24:06+00:00,0.9975
2025-12-05 10:25:06+00:00,0.9975
2025-12-05 10:26:06+00:00,0.9975
2025-12-05 10:27:05+00:00,0.9975
2025-12-05 10:28:06+00:00,0.9975
2025-12-05 10:29:06+00:00,0.9975
2025-12-05 10:30:07+00:00,0.9975
2025-12-05 10:31:06+00:00,0.9975
2025-12-05 10:32:06+00:00,0.9975
2025-12-05 10:33:06+00:00,0.9975
2025-12-05 10:34:07+00:00,0.9975
2025-12-05 10:35:06+00:00,0.9975
2025-12-05 10:36:06+00:00,0.9975
2025-12-05 10:37:06+00:00,0.9975
2025-12-05 10:38:06+00:00,0.9975
2025-12-05 10:39:06+00:00,0.9975
2025-12-05 10:40:06+00:00,0.9975
2025-12-05 10:41:06+00:00,0.9975
2025-12-05 10:42:06+00:00,0.9975
2025-12-05 10:43:06+00:00,0.9975
2025-12-05 10:44:06+00:00,0.9975
2025-12-05 10:45:08+00:00,0.9975
2025-12-05 10:46:06+00:00,0.9975
2025-12-05 10:47:06+00:00,0.9975
2025-12-05 10:48:06+00:00,0.9975
2025-12-05 10:49:06+00:00,0.9975
2025-12-05 10:50:06+00:00,0.9975
2025-12-05 10:51:06+00:00,0.9975
2025-12-05 10:52:06+00:00,0.9975
2025-12-05 10:53:06+00:00,0.9975
2025-12-05 10:54:06+00:00,0.9975
2025-12-05 10:55:06+00:00,0.9975
2025-12-05 10:56:06+00:00,0.9975
2025-12-05 10:57:06+00:00,0.9975
2025-12-05 10:58:06+00:00,0.9975
2025-12-05 10:59:06+00:00,0.9975
2025-12-05 11:00:06+00:00,0.9975
2025-12-05 11:01:06+00:00,0.9975
2025-12-05 11:02:06+00:00,0.9975
2025-12-05 11:03:06+00:00,0.9975
2025-12-05 11:04:06+00:00,0.9975
2025-12-05 11:05:06+00:00,0.9975
2025-12-05 11:06:06+00:00,0.9975
2025-12-05 11:07:05+00:00,0.9975
2025-12-05 11:08:06+00:00,0.9975
2025-12-05 11:09:06+00:00,0.9975
2025-12-05 11:10:06+00:00,0.9975
2025-12-05 11:11:07+00:00,0.9975
2025-12-05 11:12:06+00:00,0.9975
2025-12-05 11:13:06+00:00,0.9975
2025-12-05 11:14:06+00:00,0.9975
2025-12-05 11:15:06+00:00,0.9975
2025-12-05 11:16:06+00:00,0.9975
2025-12-05 11:17:05+00:00,0.9975
2025-12-05 11:18:06+00:00,0.9975
2025-12-05 11:19:06+00:00,0.9975
2025-12-05 11:20:07+00:00,0.9975
2025-12-05 11:21:06+00:00,0.9975
2025-12-05 11:22:06+00:00,0.9975
2025-12-05 11:23:06+00:00,0.9975
2025-12-05 11:24:06+00:00,0.9975
2025-12-05 11:25:06+00:00,0.9975
2025-12-05 11:26:06+00:00,0.9975
2025-12-05 11:27:06+00:00,0.9975
2025-12-05 11:28:06+00:00,0.9975
2025-12-05 11:29:06+00:00,0.9975
2025-12-05 11:30:06+00:00,0.9975
2025-12-05 11:31:06+00:00,0.9975
2025-12-05 11:32:06+00:00,0.9975
2025-12-05 11:33:08+00:00,0.9975
2025-12-05 11:34:06+00:00,0.9975
2025-12-05 11:35:06+00:00,0.9975
2025-12-05 11:36:06+00:00,0.9975
2025-12-05 11:37:06+00:00,0.9975
2025-12-05 11:38:06+00:00,0.9975
2025-12-05 11:39:06+00:00,0.9975
2025-12-05 11:40:06+00:00,0.9975
2025-12-05 11:41:06+00:00,0.9975
2025-12-05 11:42:06+00:00,0.9975
2025-12-05 11:43:06+00:00,0.9975
2025-12-05 11:44:06+00:00,0.9975
2025-12-05 11:45:06+00:00,0.9975
2025-12-05 11:46:06+00:00,0.9975
2025-12-05 11:47:06+00:00,0.9975
2025-12-05 11:48:06+00:00,0.9985
2025-12-05 11:49:06+00:00,0.998
2025-12-05 11:50:06+00:00,0.9985
2025-12-05 11:51:06+00:00,0.9975
2025-12-05 11:52:06+00:00,0.9975
2025-12-05 11:53:06+00:00,0.9975
2025-12-05 11:54:06+00:00,0.9975
2025-12-05 11:55:06+00:00,0.9975
2025-12-05 11:56:06+00:00,0.9975
2025-12-05 11:57:06+00:00,0.998
2025-12-05 11:58:06+00:00,0.9985
2025-12-05 11:59:08+00:00,0.9985
2025-12-05 12:00:08+00:00,0.9985
2025-12-05 12:01:06+00:00,0.9985
2025-12-05 12:02:06+00:00,0.9985
2025-12-05 12:03:06+00:00,0.9985
2025-12-05 12:04:06+00:00,0.9985
2025-12-05 12:05:06+00:00,0.9985
2025-12-05 12:06:06+00:00,0.9985
2025-12-05 12:07:06+00:00,0.9985
2025-12-05 12:08:06+00:00,0.9985
2025-12-05 12:09:06+00:00,0.9985
2025-12-05 12:10:07+00:00,0.9985
2025-12-05 12:11:06+00:00,0.9985
2025-12-05 12:12:06+00:00,0.9985
2025-12-05 12:13:06+00:00,0.9985
2025-12-05 12:14:06+00:00,0.9985
2025-12-05 12:15:21+00:00,0.9985
2025-12-05 12:16:06+00:00,0.9985
2025-12-05 12:17:06+00:00,0.9985
2025-12-05 12:18:06+00:00,0.9985
2025-12-05 12:19:06+00:00,0.9985
2025-12-05 12:20:07+00:00,0.9985
2025-12-05 12:21:06+00:00,0.9985
2025-12-05 12:22:06+00:00,0.9985
2025-12-05 12:23:06+00:00,0.9985
2025-12-05 12:24:06+00:00,0.9985
2025-12-05 12:25:08+00:00,0.9985
2025-12-05 12:26:06+00:00,0.9985
2025-12-05 12:27:06+00:00,0.9985
2025-12-05 12:28:06+00:00,0.9985
2025-12-05 12:29:06+00:00,0.9985
2025-12-05 12:30:06+00:00,0.9985
2025-12-05 12:31:06+00:00,0.9985
2025-12-05 12:32:06+00:00,0.9985
2025-12-05 12:33:06+00:00,0.9985
2025-12-05 12:34:06+00:00,0.9985
2025-12-05 12:35:06+00:00,0.9985
2025-12-05 12:36:06+00:00,0.9985
2025-12-05 12:37:06+00:00,0.9985
2025-12-05 12:38:07+00:00,0.9985
2025-12-05 12:39:06+00:00,0.9985
2025-12-05 12:40:06+00:00,0.9985
2025-12-05 12:41:06+00:00,0.9985
2025-12-05 12:42:06+00:00,0.9985
2025-12-05 12:43:06+00:00,0.9985
2025-12-05 12:44:06+00:00,0.9985
2025-12-05 12:45:06+00:00,0.9985
2025-12-05 12:46:05+00:00,0.9985
2025-12-05 12:47:06+00:00,0.9985
2025-12-05 12:48:06+00:00,0.9985
2025-12-05 12:49:06+00:00,0.9985
2025-12-05 12:50:07+00:00,0.9975
2025-12-05 12:51:07+00:00,0.998
2025-12-05 12:52:06+00:00,0.998
2025-12-05 12:53:06+00:00,0.9985
2025-12-05 12:54:06+00:00,0.9985
2025-12-05 12:55:07+00:00,0.9975
2025-12-05 12:56:06+00:00,0.9985
2025-12-05 12:57:06+00:00,0.9985
2025-12-05 12:58:06+00:00,0.9985
2025-12-05 12:59:06+00:00,0.9985
2025-12-05 13:00:07+00:00,0.9985
2025-12-05 13:01:06+00:00,0.9985
2025-12-05 13:02:06+00:00,0.9985
2025-12-05 13:03:06+00:00,0.9985
2025-12-05 13:04:06+00:00,0.9985
2025-12-05 13:05:06+00:00,0.998
2025-12-05 13:06:07+00:00,0.9975
2025-12-05 13:07:06+00:00,0.9975
2025-12-05 13:08:06+00:00,0.9975
2025-12-05 13:09:06+00:00,0.998
2025-12-05 13:10:06+00:00,0.9985
2025-12-05 13:11:06+00:00,0.9985
2025-12-05 13:12:06+00:00,0.9985
2025-12-05 13:13:06+00:00,0.9985
2025-12-05 13:14:06+00:00,0.9975
2025-12-05 13:15:07+00:00,0.9975
2025-12-05 13:16:06+00:00,0.9975
2025-12-05 13:17:08+00:00,0.9975
2025-12-05 13:18:06+00:00,0.9975
2025-12-05 13:19:06+00:00,0.998
2025-12-05 13:20:07+00:00,0.998
2025-12-05 13:21:06+00:00,0.9975
2025-12-05 13:22:06+00:00,0.9975
2025-12-05 13:23:06+00:00,0.9975
2025-12-05 13:24:06+00:00,0.9975
2025-12-05 13:25:06+00:00,0.9975
2025-12-05 13:26:06+00:00,0.9975
2025-12-05 13:27:06+00:00,0.9975
2025-12-05 13:28:06+00:00,0.9975
2025-12-05 13:29:06+00:00,0.9985
2025-12-05 13:30:07+00:00,0.9985
2025-12-05 13:31:06+00:00,0.9975
2025-12-05 13:32:06+00:00,0.9975
2025-12-05 13:33:06+00:00,0.9975
2025-12-05 13:34:06+00:00,0.9975
2025-12-05 13:35:06+00:00,0.9975
2025-12-05 13:36:06+00:00,0.9975
2025-12-05 13:37:06+00:00,0.9975
2025-12-05 13:38:06+00:00,0.9975
2025-12-05 13:39:06+00:00,0.9975
2025-12-05 13:40:06+00:00,0.9985
2025-12-05 13:41:06+00:00,0.9975
2025-12-05 13:42:06+00:00,0.9975
2025-12-05 13:43:07+00:00,0.9985
2025-12-05 13:44:06+00:00,0.9985
2025-12-05 13:45:07+00:00,0.9985
2025-12-05 13:46:06+00:00,0.9985
2025-12-05 13:47:06+00:00,0.9985
2025-12-05 13:48:06+00:00,0.9985
2025-12-05 13:49:06+00:00,0.9985
2025-12-05 13:50:06+00:00,0.9985
2025-12-05 13:51:06+00:00,0.9985
2025-12-05 13:52:06+00:00,0.9985
2025-12-05 13:53:06+00:00,0.9985
2025-12-05 13:54:06+00:00,0.9985
2025-12-05 13:55:06+00:00,0.9985
2025-12-05 13:56:06+00:00,0.9985
2025-12-05 13:57:06+00:00,0.9985
2025-12-05 13:58:06+00:00,0.9985
2025-12-05 13:59:06+00:00,0.9985
2025-12-05 14:00:07+00:00,0.9985
2025-12-05 14:01:07+00:00,0.9985
2025-12-05 14:02:07+00:00,0.9985
2025-12-05 14:03:06+00:00,0.9985
2025-12-05 14:04:06+00:00,0.9985
2025-12-05 14:05:06+00:00,0.9985
2025-12-05 14:06:06+00:00,0.9985
2025-12-05 14:07:06+00:00,0.9985
2025-12-05 14:08:07+00:00,0.9985
2025-12-05 14:09:07+00:00,0.9985
2025-12-05 14:10:06+00:00,0.9985
2025-12-05 14:11:06+00:00,0.9985
2025-12-05 14:12:07+00:00,0.9985
2025-12-05 14:13:06+00:00,0.9985
2025-12-05 14:14:06+00:00,0.9985
2025-12-05 14:15:06+00:00,0.9985
2025-12-05 14:16:07+00:00,0.9985
2025-12-05 14:17:06+00:00,0.9985
2025-12-05 14:18:07+00:00,0.9985
2025-12-05 14:19:06+00:00,0.9985
2025-12-05 14:20:06+00:00,0.9985
2025-12-05 14:21:06+00:00,0.9985
2025-12-05 14:22:06+00:00,0.9985
2025-12-05 14:23:06+00:00,0.9985
2025-12-05 14:24:06+00:00,0.9985
2025-12-05 14:25:07+00:00,0.9985
2025-12-05 14:26:06+00:00,0.9985
2025-12-05 14:27:06+00:00,0.9985
2025-12-05 14:28:06+00:00,0.9985
2025-12-05 14:29:06+00:00,0.9985
2025-12-05 14:30:06+00:00,0.9985
2025-12-05 14:31:06+00:00,0.9985
2025-12-05 14:32:06+00:00,0.9985
2025-12-05 14:33:06+00:00,0.9985
2025-12-05 14:34:07+00:00,0.9985
2025-12-05 14:35:09+00:00,0.9985
2025-12-05 14:36:06+00:00,0.9985
2025-12-05 14:37:06+00:00,0.9985
2025-12-05 14:38:06+00:00,0.9985
2025-12-05 14:39:06+00:00,0.9985
2025-12-05 14:40:06+00:00,0.9985
2025-12-05 14:41:06+00:00,0.9985
2025-12-05 14:42:06+00:00,0.9985
2025-12-05 14:43:06+00:00,0.9985
2025-12-05 14:44:06+00:00,0.9985
2025-12-05 14:45:06+00:00,0.9985
2025-12-05 14:46:06+00:00,0.9985
2025-12-05 14:47:06+00:00,0.9985
2025-12-05 14:48:06+00:00,0.9985
2025-12-05 14:49:06+00:00,0.9985
2025-12-05 14:50:07+00:00,0.9985
2025-12-05 14:51:06+00:00,0.9985
2025-12-05 14:52:06+00:00,0.9985
2025-12-05 14:53:06+00:00,0.9985
2025-12-05 14:54:06+00:00,0.9985
2025-12-05 14:55:06+00:00,0.9985
2025-12-05 14:56:06+00:00,0.9985
2025-12-05 14:57:06+00:00,0.9985
2025-12-05 14:58:06+00:00,0.9985
2025-12-05 14:59:06+00:00,0.9985
2025-12-05 15:00:08+00:00,0.9985
2025-12-05 15:01:07+00:00,0.9985
2025-12-05 15:02:06+00:00,0.9985
2025-12-05 15:03:06+00:00,0.9985
2025-12-05 15:04:06+00:00,0.9985
2025-12-05 15:05:06+00:00,0.9985
2025-12-05 15:06:06+00:00,0.9985
2025-12-05 15:07:06+00:00,0.9985
2025-12-05 15:08:06+00:00,0.9985
2025-12-05 15:09:06+00:00,0.9985
2025-12-05 15:10:06+00:00,0.9985
2025-12-05 15:11:06+00:00,0.9985
2025-12-05 15:12:06+00:00,0.9985
2025-12-05 15:13:06+00:00,0.9985
2025-12-05 15:14:06+00:00,0.9985
2025-12-05 15:15:06+00:00,0.9985
2025-12-05 15:16:06+00:00,0.9985
2025-12-05 15:17:06+00:00,0.9985
2025-12-05 15:18:06+00:00,0.9985
2025-12-05 15:19:06+00:00,0.9985
2025-12-05 15:20:08+00:00,0.9985
2025-12-05 15:21:06+00:00,0.9985
2025-12-05 15:22:06+00:00,0.9985
2025-12-05 15:23:06+00:00,0.9985
2025-12-05 15:24:06+00:00,0.9985
2025-12-05 15:25:06+00:00,0.9985
2025-12-05 15:26:06+00:00,0.9985
2025-12-05 15:27:06+00:00,0.9985
2025-12-05 15:28:06+00:00,0.9985
2025-12-05 15:29:06+00:00,0.9985
2025-12-05 15:30:07+00:00,0.9985
2025-12-05 15:31:06+00:00,0.9985
2025-12-05 15:32:06+00:00,0.9985
2025-12-05 15:33:07+00:00,0.9985
2025-12-05 15:34:06+00:00,0.9985
2025-12-05 15:35:06+00:00,0.9985
2025-12-05 15:36:07+00:00,0.9985
2025-12-05 15:37:06+00:00,0.9985
2025-12-05 15:38:06+00:00,0.9985
2025-12-05 15:39:06+00:00,0.9985
2025-12-05 15:40:07+00:00,0.9985
2025-12-05 15:41:06+00:00,0.9985
2025-12-05 15:42:06+00:00,0.9985
2025-12-05 15:43:06+00:00,0.9985
2025-12-05 15:44:06+00:00,0.9985
2025-12-05 15:45:06+00:00,0.9985
2025-12-05 15:46:08+00:00,0.9985
2025-12-05 15:47:07+00:00,0.9985
2025-12-05 15:48:06+00:00,0.9985
2025-12-05 15:49:06+00:00,0.9985
2025-12-05 15:50:07+00:00,0.9985
2025-12-05 15:51:06+00:00,0.9985
2025-12-05 15:52:06+00:00,0.9985
2025-12-05 15:53:06+00:00,0.9985
2025-12-05 15:54:06+00:00,0.9985
2025-12-05 15:55:06+00:00,0.9985
2025-12-05 15:56:06+00:00,0.9985
2025-12-05 15:57:06+00:00,0.9985
2025-12-05 15:58:06+00:00,0.9985
2025-12-05 15:59:06+00:00,0.9985
2025-12-05 16:00:07+00:00,0.9985
2025-12-05 16:01:06+00:00,0.9985
2025-12-05 16:02:06+00:00,0.9985
2025-12-05 16:03:06+00:00,0.9985
2025-12-05 16:04:06+00:00,0.9985
2025-12-05 16:05:06+00:00,0.9985
2025-12-05 16:06:06+00:00,0.9985
2025-12-05 16:07:06+00:00,0.9985
2025-12-05 16:08:06+00:00,0.9985
2025-12-05 16:09:06+00:00,0.9985
2025-12-05 16:10:06+00:00,0.9985
2025-12-05 16:11:06+00:00,0.9985
2025-12-05 16:12:06+00:00,0.9985
2025-12-05 16:13:08+00:00,0.9985
2025-12-05 16:14:06+00:00,0.9985
2025-12-05 16:15:07+00:00,0.9985
2025-12-05 16:16:06+00:00,0.9985
2025-12-05 16:17:06+00:00,0.9985
2025-12-05 16:18:06+00:00,0.9985
2025-12-05 16:19:06+00:00,0.9985
2025-12-05 16:20:07+00:00,0.9985
2025-12-05 16:21:06+00:00,0.9985
2025-12-05 16:22:07+00:00,0.9985
2025-12-05 16:23:06+00:00,0.9985
2025-12-05 16:24:06+00:00,0.9985
2025-12-05 16:25:06+00:00,0.9985
2025-12-05 16:26:06+00:00,0.9985
2025-12-05 16:27:06+00:00,0.9985
2025-12-05 16:28:06+00:00,0.9985
2025-12-05 16:29:06+00:00,0.9985
2025-12-05 16:30:07+00:00,0.9985
2025-12-05 16:31:06+00:00,0.9985
2025-12-05 16:32:06+00:00,0.9985
2025-12-05 16:33:06+00:00,0.9985
2025-12-05 16:34:06+00:00,0.9985
2025-12-05 16:35:06+00:00,0.9985
2025-12-05 16:36:07+00:00,0.9985
2025-12-05 16:37:06+00:00,0.9985
2025-12-05 16:38:06+00:00,0.9985
2025-12-05 16:39:08+00:00,0.9985
2025-12-05 16:40:07+00:00,0.9985
2025-12-05 16:41:06+00:00,0.9985
2025-12-05 16:42:06+00:00,0.9985
2025-12-05 16:43:06+00:00,0.9985
2025-12-05 16:44:06+00:00,0.9985
2025-12-05 16:45:06+00:00,0.9985
2025-12-05 16:46:06+00:00,0.9985
2025-12-05 16:47:06+00:00,0.9985
2025-12-05 16:48:06+00:00,0.9985
2025-12-05 16:49:06+00:00,0.9985
2025-12-05 16:50:07+00:00,0.9985
2025-12-05 16:51:06+00:00,0.9985
2025-12-05 16:52:06+00:00,0.9985
2025-12-05 16:53:06+00:00,0.9985
2025-12-05 16:54:06+00:00,0.9985
2025-12-05 16:55:06+00:00,0.9985
2025-12-05 16:56:06+00:00,0.9985
2025-12-05 16:57:06+00:00,0.9985
2025-12-05 16:58:06+00:00,0.9985
2025-12-05 16:59:06+00:00,0.9985
2025-12-05 17:00:07+00:00,0.9985
2025-12-05 17:01:06+00:00,0.9985
2025-12-05 17:02:06+00:00,0.9985
2025-12-05 17:03:06+00:00,0.9985
2025-12-05 17:04:06+00:00,0.9985
2025-12-05 17:05:08+00:00,0.9985
2025-12-05 17:06:06+00:00,0.9985
2025-12-05 17:07:06+00:00,0.9985
2025-12-05 17:08:06+00:00,0.9985
2025-12-05 17:09:06+00:00,0.9985
2025-12-05 17:10:07+00:00,0.9985
2025-12-05 17:11:07+00:00,0.9985
2025-12-05 17:12:06+00:00,0.9985
2025-12-05 17:13:06+00:00,0.9985
2025-12-05 17:14:06+00:00,0.9985
2025-12-05 17:15:07+00:00,0.9985
2025-12-05 17:16:06+00:00,0.9985
2025-12-05 17:17:06+00:00,0.9995
2025-12-05 17:18:07+00:00,0.9995
2025-12-05 17:19:06+00:00,0.9995
2025-12-05 17:20:07+00:00,0.9995
2025-12-05 17:21:06+00:00,0.9995
2025-12-05 17:22:06+00:00,0.9995
2025-12-05 17:23:06+00:00,0.9995
2025-12-05 17:24:06+00:00,0.9995
2025-12-05 17:25:07+00:00,0.9995
2025-12-05 17:26:06+00:00,0.9995
2025-12-05 17:27:06+00:00,0.9995
2025-12-05 17:28:06+00:00,0.9995
2025-12-05 17:29:06+00:00,0.9995
2025-12-05 17:30:07+00:00,0.9995
2025-12-05 17:31:06+00:00,0.9995
2025-12-05 17:32:07+00:00,0.9995
2025-12-05 17:33:06+00:00,0.9995
2025-12-05 17:34:06+00:00,0.9995
2025-12-05 17:35:06+00:00,0.9995
2025-12-05 17:36:06+00:00,0.9995
2025-12-05 17:37:07+00:00,0.9995
2025-12-05 17:38:06+00:00,0.9995
2025-12-05 17:39:06+00:00,0.9995
2025-12-05 17:40:07+00:00,0.9995
2025-12-05 17:41:06+00:00,0.9995
2025-12-05 17:42:06+00:00,0.9995
2025-12-05 17:43:06+00:00,0.9995
2025-12-05 17:44:06+00:00,0.9995
2025-12-05 17:45:06+00:00,0.9995
2025-12-05 17:46:07+00:00,0.9995
2025-12-05 17:47:06+00:00,0.9995
2025-12-05 17:48:06+00:00,0.9995
2025-12-05 17:49:06+00:00,0.9995
2025-12-05 17:50:06+00:00,0.9995
2025-12-05 17:51:06+00:00,0.9995
2025-12-05 17:52:06+00:00,0.9995
2025-12-05 17:53:06+00:00,0.9995
2025-12-05 17:54:06+00:00,0.9995
2025-12-05 17:55:06+00:00,0.9995
2025-12-05 17:56:06+00:00,0.9995
2025-12-05 17:57:06+00:00,0.999
2025-12-05 17:58:06+00:00,0.9985
2025-12-05 17:59:06+00:00,0.9985
2025-12-05 18:00:07+00:00,0.9985
2025-12-05 18:01:06+00:00,0.9985
2025-12-05 18:02:06+00:00,0.9985
2025-12-05 18:03:08+00:00,0.9985
2025-12-05 18:04:06+00:00,0.9985
2025-12-05 18:05:06+00:00,0.9985
2025-12-05 18:06:06+00:00,0.9985
2025-12-05 18:07:06+00:00,0.9985
2025-12-05 18:08:06+00:00,0.9985
2025-12-05 18:09:06+00:00,0.9985
2025-12-05 18:10:06+00:00,0.9985
2025-12-05 18:11:06+00:00,0.9985
2025-12-05 18:12:06+00:00,0.9985
2025-12-05 18:13:06+00:00,0.9985
2025-12-05 18:14:06+00:00,0.9985
2025-12-05 18:15:06+00:00,0.9985
2025-12-05 18:16:06+00:00,0.9985
2025-12-05 18:17:06+00:00,0.999
2025-12-05 18:18:06+00:00,0.9995
2025-12-05 18:19:06+00:00,0.9995
2025-12-05 18:20:06+00:00,0.9995
2025-12-05 18:21:06+00:00,0.9995
2025-12-05 18:22:06+00:00,0.9995
2025-12-05 18:23:06+00:00,0.9995
2025-12-05 18:24:06+00:00,0.9985
2025-12-05 18:25:08+00:00,0.9985
2025-12-05 18:26:06+00:00,0.9985
2025-12-05 18:27:06+00:00,0.9985
2025-12-05 18:28:06+00:00,0.9985
2025-12-05 18:29:06+00:00,0.9985
2025-12-05 18:30:06+00:00,0.9985
2025-12-05 18:31:06+00:00,0.9985
2025-12-05 18:32:07+00:00,0.9985
2025-12-05 18:33:06+00:00,0.9985
2025-12-05 18:34:06+00:00,0.9985
2025-12-05 18:35:06+00:00,0.9985
2025-12-05 18:36:07+00:00,0.9985
2025-12-05 18:37:06+00:00,0.9985
2025-12-05 18:38:06+00:00,0.9985
2025-12-05 18:39:06+00:00,0.9985
2025-12-05 18:40:06+00:00,0.9985
2025-12-05 18:41:06+00:00,0.9985
2025-12-05 18:42:06+00:00,0.9985
2025-12-05 18:43:06+00:00,0.9985
2025-12-05 18:44:06+00:00,0.9985
2025-12-05 18:45:06+00:00,0.9985
2025-12-05 18:46:06+00:00,0.9985
2025-12-05 18:47:06+00:00,0.9985
2025-12-05 18:48:07+00:00,0.9985
2025-12-05 18:49:06+00:00,0.9985
2025-12-05 18:50:06+00:00,0.9985
2025-12-05 18:51:08+00:00,0.9985
2025-12-05 18:52:06+00:00,0.9985
2025-12-05 18:53:07+00:00,0.9985
2025-12-05 18:54:06+00:00,0.9985
2025-12-05 18:55:07+00:00,0.9985
2025-12-05 18:56:06+00:00,0.9985
2025-12-05 18:57:08+00:00,0.9985
2025-12-05 18:58:06+00:00,0.9985
2025-12-05 18:59:06+00:00,0.9985
2025-12-05 19:00:09+00:00,0.9985
2025-12-05 19:01:07+00:00,0.9985
2025-12-05 19:02:07+00:00,0.9985
2025-12-05 19:03:06+00:00,0.9985
2025-12-05 19:04:06+00:00,0.9985
2025-12-05 19:05:06+00:00,0.9985
2025-12-05 19:06:06+00:00,0.9985
2025-12-05 19:07:06+00:00,0.9985
2025-12-05 19:08:06+00:00,0.9985
2025-12-05 19:09:06+00:00,0.9985
2025-12-05 19:10:06+00:00,0.9985
2025-12-05 19:11:06+00:00,0.9995
2025-12-05 19:12:06+00:00,0.9995
2025-12-05 19:13:06+00:00,0.9995
2025-12-05 19:14:06+00:00,0.9995
2025-12-05 19:15:07+00:00,0.9995
2025-12-05 19:16:06+00:00,0.9995
2025-12-05 19:17:06+00:00,0.9995
2025-12-05 19:18:06+00:00,0.9995
2025-12-05 19:19:06+00:00,0.9995
2025-12-05 19:20:06+00:00,0.9995
2025-12-05 19:21:06+00:00,0.999
2025-12-05 19:22:06+00:00,0.999
2025-12-05 19:23:08+00:00,0.999
2025-12-05 19:24:06+00:00,0.9985
2025-12-05 19:25:06+00:00,0.9985
2025-12-05 19:26:06+00:00,0.9985
2025-12-05 19:27:06+00:00,0.9985
2025-12-05 19:28:06+00:00,0.9985
2025-12-05 19:29:06+00:00,0.9985
2025-12-05 19:30:22+00:00,0.9985
2025-12-05 19:31:07+00:00,0.9985
2025-12-05 19:32:06+00:00,0.9985
2025-12-05 19:33:06+00:00,0.9985
2025-12-05 19:34:06+00:00,0.9985
2025-12-05 19:35:06+00:00,0.9985
2025-12-05 19:36:06+00:00,0.9985
2025-12-05 19:37:06+00:00,0.9985
2025-12-05 19:38:06+00:00,0.9985
2025-12-05 19:39:06+00:00,0.9985
2025-12-05 19:40:06+00:00,0.9985
2025-12-05 19:41:06+00:00,0.9985
2025-12-05 19:42:06+00:00,0.9985
2025-12-05 19:43:06+00:00,0.9985
2025-12-05 19:44:06+00:00,0.9985
2025-12-05 19:45:06+00:00,0.9985
2025-12-05 19:46:06+00:00,0.9985
2025-12-05 19:47:06+00:00,0.9985
2025-12-05 19:48:06+00:00,0.9985
2025-12-05 19:49:08+00:00,0.9985
2025-12-05 19:50:07+00:00,0.9985
2025-12-05 19:51:06+00:00,0.9985
2025-12-05 19:52:06+00:00,0.9985
2025-12-05 19:53:06+00:00,0.9985
2025-12-05 19:54:06+00:00,0.9985
2025-12-05 19:55:07+00:00,0.9985
2025-12-05 19:56:06+00:00,0.9985
2025-12-05 19:57:06+00:00,0.9985
2025-12-05 19:58:06+00:00,0.9985
2025-12-05 19:59:06+00:00,0.9985
2025-12-05 20:00:07+00:00,0.9985
2025-12-05 20:01:06+00:00,0.9985
2025-12-05 20:02:06+00:00,0.9985
2025-12-05 20:03:06+00:00,0.9985
2025-12-05 20:04:06+00:00,0.9985
2025-12-05 20:05:06+00:00,0.9985
2025-12-05 20:06:06+00:00,0.9985
2025-12-05 20:07:06+00:00,0.9985
2025-12-05 20:08:06+00:00,0.9985
2025-12-05 20:09:06+00:00,0.9985
2025-12-05 20:10:06+00:00,0.9985
2025-12-05 20:11:06+00:00,0.9985
2025-12-05 20:12:06+00:00,0.9985
2025-12-05 20:13:06+00:00,0.9985
2025-12-05 20:14:07+00:00,0.9985
2025-12-05 20:15:09+00:00,0.9985
2025-12-05 20:16:06+00:00,0.9985
2025-12-05 20:17:06+00:00,0.9985
2025-12-05 20:18:06+00:00,0.9985
2025-12-05 20:19:06+00:00,0.9985
2025-12-05 20:20:06+00:00,0.9985
2025-12-05 20:21:06+00:00,0.9985
2025-12-05 20:22:07+00:00,0.9985
2025-12-05 20:23:06+00:00,0.9985
2025-12-05 20:24:07+00:00,0.9985
2025-12-05 20:25:06+00:00,0.998
2025-12-05 20:26:06+00:00,0.998
2025-12-05 20:27:06+00:00,0.9975
2025-12-05 20:28:06+00:00,0.9975
2025-12-05 20:29:06+00:00,0.9975
2025-12-05 20:30:07+00:00,0.9975
2025-12-05 20:31:06+00:00,0.9975
2025-12-05 20:32:06+00:00,0.9975
2025-12-05 20:33:06+00:00,0.9985
2025-12-05 20:34:07+00:00,0.9985
2025-12-05 20:35:06+00:00,0.9985
2025-12-05 20:36:07+00:00,0.9985
2025-12-05 20:37:06+00:00,0.9985
2025-12-05 20:38:06+00:00,0.9985
2025-12-05 20:39:06+00:00,0.9985
2025-12-05 20:40:06+00:00,0.9985
2025-12-05 20:41:07+00:00,0.9985
2025-12-05 20:42:06+00:00,0.9985
2025-12-05 20:43:06+00:00,0.9985
2025-12-05 20:44:06+00:00,0.9985
2025-12-05 20:45:07+00:00,0.9985
2025-12-05 20:46:06+00:00,0.9985
2025-12-05 20:47:06+00:00,0.9985
2025-12-05 20:48:06+00:00,0.9985
2025-12-05 20:49:06+00:00,0.9985
2025-12-05 20:50:06+00:00,0.9985
2025-12-05 20:51:06+00:00,0.998
2025-12-05 20:52:06+00:00,0.9975
2025-12-05 20:53:06+00:00,0.9975
2025-12-05 20:54:06+00:00,0.9975
2025-12-05 20:55:06+00:00,0.9975
2025-12-05 20:56:06+00:00,0.9975
2025-12-05 20:57:08+00:00,0.9975
2025-12-05 20:58:06+00:00,0.9975
2025-12-05 20:59:06+00:00,0.9975
2025-12-05 21:00:07+00:00,0.9975
2025-12-05 21:01:06+00:00,0.9975
2025-12-05 21:02:06+00:00,0.9975
2025-12-05 21:03:06+00:00,0.9975
2025-12-05 21:04:06+00:00,0.9975
2025-12-05 21:05:06+00:00,0.9975
2025-12-05 21:06:06+00:00,0.9975
2025-12-05 21:07:06+00:00,0.9975
2025-12-05 21:08:06+00:00,0.9975
2025-12-05 21:09:06+00:00,0.9975
2025-12-05 21:10:07+00:00,0.9975
2025-12-05 21:11:06+00:00,0.9975
2025-12-05 21:12:06+00:00,0.9975
2025-12-05 21:13:07+00:00,0.9975
2025-12-05 21:14:06+00:00,0.9975
2025-12-05 21:15:06+00:00,0.9975
2025-12-05 21:16:06+00:00,0.9975
2025-12-05 21:17:06+00:00,0.9975
2025-12-05 21:18:06+00:00,0.9975
2025-12-05 21:19:06+00:00,0.9975
2025-12-05 21:20:07+00:00,0.9975
2025-12-05 21:21:06+00:00,0.9975
2025-12-05 21:22:06+00:00,0.9975
2025-12-05 21:23:08+00:00,0.9975
2025-12-05 21:24:06+00:00,0.9975
2025-12-05 21:25:07+00:00,0.9975
2025-12-05 21:26:06+00:00,0.9975
2025-12-05 21:27:06+00:00,0.9975
2025-12-05 21:28:06+00:00,0.9975
2025-12-05 21:29:06+00:00,0.9975
2025-12-05 21:30:07+00:00,0.9975
2025-12-05 21:31:06+00:00,0.997
2025-12-05 21:32:06+00:00,0.997
2025-12-05 21:33:06+00:00,0.997
2025-12-05 21:34:06+00:00,0.9975
2025-12-05 21:35:06+00:00,0.997
2025-12-05 21:36:06+00:00,0.997
2025-12-05 21:37:06+00:00,0.997
2025-12-05 21:38:06+00:00,0.9975
2025-12-05 21:39:08+00:00,0.9975
2025-12-05 21:40:07+00:00,0.9975
2025-12-05 21:41:05+00:00,0.9975
2025-12-05 21:42:06+00:00,0.9975
2025-12-05 21:43:06+00:00,0.9975
2025-12-05 21:44:06+00:00,0.9975
2025-12-05 21:45:06+00:00,0.9975
2025-12-05 21:46:06+00:00,0.9975
2025-12-05 21:47:06+00:00,0.9975
2025-12-05 21:48:06+00:00,0.9975
2025-12-05 21:49:06+00:00,0.9975
2025-12-05 21:50:07+00:00,0.9975
2025-12-05 21:51:06+00:00,0.9975
2025-12-05 21:52:07+00:00,0.998
2025-12-05 21:53:06+00:00,0.9975
2025-12-05 21:54:06+00:00,0.9975
2025-12-05 21:55:07+00:00,0.9975
2025-12-05 21:56:06+00:00,0.9975
2025-12-05 21:57:06+00:00,0.9975
2025-12-05 21:58:06+00:00,0.9975
2025-12-05 21:59:06+00:00,0.9975
2025-12-05 22:00:07+00:00,0.9975
2025-12-05 22:01:06+00:00,0.998
2025-12-05 22:02:06+00:00,0.9985
2025-12-05 22:03:06+00:00,0.9975
2025-12-05 22:04:06+00:00,0.9975
2025-12-05 22:05:08+00:00,0.9975
2025-12-05 22:06:06+00:00,0.9975
2025-12-05 22:07:06+00:00,0.9975
2025-12-05 22:08:06+00:00,0.9975
2025-12-05 22:09:06+00:00,0.9975
2025-12-05 22:10:07+00:00,0.9975
2025-12-05 22:11:06+00:00,0.9975
2025-12-05 22:12:07+00:00,0.9975
2025-12-05 22:13:06+00:00,0.9985
2025-12-05 22:14:06+00:00,0.998
2025-12-05 22:15:06+00:00,0.998
2025-12-05 22:16:06+00:00,0.9985
2025-12-05 22:17:06+00:00,0.9985
2025-12-05 22:18:06+00:00,0.9985
2025-12-05 22:19:06+00:00,0.9985
2025-12-05 22:20:06+00:00,0.9985
2025-12-05 22:21:06+00:00,0.9985
2025-12-05 22:22:06+00:00,0.9985
2025-12-05 22:23:06+00:00,0.9985
2025-12-05 22:24:06+00:00,0.9985
2025-12-05 22:25:06+00:00,0.9985
2025-12-05 22:26:06+00:00,0.9985
2025-12-05 22:27:07+00:00,0.9985
2025-12-05 22:28:06+00:00,0.9985
2025-12-05 22:29:06+00:00,0.9985
2025-12-05 22:30:07+00:00,0.9985
2025-12-05 22:31:06+00:00,0.9985
2025-12-05 22:32:06+00:00,0.9985
2025-12-05 22:33:06+00:00,0.9985
2025-12-05 22:34:06+00:00,0.9985
2025-12-05 22:35:06+00:00,0.9985
2025-12-05 22:36:06+00:00,0.9985
2025-12-05 22:37:06+00:00,0.9985
2025-12-05 22:38:06+00:00,0.9985
2025-12-05 22:39:06+00:00,0.9985
2025-12-05 22:40:06+00:00,0.9985
2025-12-05 22:41:06+00:00,0.9985
2025-12-05 22:42:06+00:00,0.9985
2025-12-05 22:43:06+00:00,0.9995
2025-12-05 22:44:06+00:00,0.9995
2025-12-05 22:45:06+00:00,0.9995
2025-12-05 22:46:06+00:00,0.999
2025-12-05 22:47:06+00:00,0.999
2025-12-05 22:48:06+00:00,0.9995
2025-12-05 22:49:06+00:00,0.9995
2025-12-05 22:50:07+00:00,0.9995
2025-12-05 22:51:06+00:00,0.9995
2025-12-05 22:52:06+00:00,0.999
2025-12-05 22:53:07+00:00,0.9985
2025-12-05 22:54:06+00:00,0.9985
2025-12-05 22:55:09+00:00,0.9985
2025-12-05 22:56:07+00:00,0.9985
2025-12-05 22:57:06+00:00,0.9985
2025-12-05 22:58:06+00:00,0.9985
2025-12-05 22:59:06+00:00,0.9985
2025-12-05 23:00:06+00:00,0.9985
2025-12-05 23:01:06+00:00,0.9985
2025-12-05 23:02:06+00:00,0.9985
2025-12-05 23:03:06+00:00,0.9985
2025-12-05 23:04:06+00:00,0.9995
2025-12-05 23:05:07+00:00,0.999
2025-12-05 23:06:06+00:00,0.999
2025-12-05 23:07:06+00:00,0.9985
2025-12-05 23:08:06+00:00,0.9985
2025-12-05 23:09:06+00:00,0.999
2025-12-05 23:10:06+00:00,0.999
2025-12-05 23:11:06+00:00,0.9995
2025-12-05 23:12:06+00:00,0.9995
2025-12-05 23:13:06+00:00,0.9985
2025-12-05 23:14:06+00:00,0.9985
2025-12-05 23:15:06+00:00,0.9985
2025-12-05 23:16:06+00:00,0.9985
2025-12-05 23:17:07+00:00,0.9985
2025-12-05 23:18:06+00:00,0.9985
2025-12-05 23:19:06+00:00,0.9985
2025-12-05 23:20:07+00:00,0.9985
2025-12-05 23:21:08+00:00,0.9985
2025-12-05 23:22:08+00:00,0.9985
2025-12-05 23:23:06+00:00,0.9985
2025-12-05 23:24:06+00:00,0.9985
2025-12-05 23:25:07+00:00,0.9985
2025-12-05 23:26:07+00:00,0.9985
2025-12-05 23:27:07+00:00,0.9985
2025-12-05 23:28:06+00:00,0.9985
2025-12-05 23:29:06+00:00,0.9985
2025-12-05 23:30:07+00:00,0.9985
2025-12-05 23:31:06+00:00,0.9985
2025-12-05 23:32:06+00:00,0.9985
2025-12-05 23:33:06+00:00,0.9985
2025-12-05 23:34:06+00:00,0.9985
2025-12-05 23:35:06+00:00,0.9985
2025-12-05 23:36:06+00:00,0.9985
2025-12-05 23:37:06+00:00,0.9985
2025-12-05 23:38:06+00:00,0.9985
2025-12-05 23:39:06+00:00,0.9985
2025-12-05 23:40:07+00:00,0.9985
2025-12-05 23:41:07+00:00,0.9985
2025-12-05 23:42:07+00:00,0.9985
2025-12-05 23:43:06+00:00,0.9985
2025-12-05 23:44:06+00:00,0.9985
2025-12-05 23:45:07+00:00,0.9985
2025-12-05 23:46:07+00:00,0.9985
2025-12-05 23:47:06+00:00,0.9985
2025-12-05 23:48:08+00:00,0.9985
2025-12-05 23:49:07+00:00,0.9985
2025-12-05 23:50:07+00:00,0.9985
2025-12-05 23:51:07+00:00,0.9985
2025-12-05 23:52:06+00:00,0.9985
2025-12-05 23:53:07+00:00,0.9985
2025-12-05 23:54:07+00:00,0.9985
2025-12-05 23:55:07+00:00,0.9985
2025-12-05 23:56:07+00:00,0.9985
2025-12-05 23:57:06+00:00,0.9985
2025-12-05 23:58:06+00:00,0.9985
2025-12-05 23:59:07+00:00,0.9985
2025-12-06 00:00:09+00:00,0.9985
2025-12-06 00:01:06+00:00,0.9995
2025-12-06 00:02:06+00:00,0.9995
2025-12-06 00:03:06+00:00,0.9995
2025-12-06 00:04:06+00:00,0.9995
2025-12-06 00:05:07+00:00,0.9995
2025-12-06 00:06:06+00:00,0.9995
2025-12-06 00:07:07+00:00,0.9995
2025-12-06 00:08:07+00:00,0.9995
2025-12-06 00:09:07+00:00,0.9995
2025-12-06 00:10:07+00:00,0.9985
2025-12-06 00:11:07+00:00,0.9985
2025-12-06 00:12:06+00:00,0.9985
2025-12-06 00:13:06+00:00,0.9985
2025-12-06 00:14:07+00:00,0.9995
2025-12-06 00:15:07+00:00,0.9995
2025-12-06 00:16:07+00:00,0.9995
2025-12-06 00:17:06+00:00,0.9995
2025-12-06 00:18:06+00:00,0.9995
2025-12-06 00:19:07+00:00,0.9995
2025-12-06 00:20:07+00:00,0.9985
2025-12-06 00:21:07+00:00,0.9995
2025-12-06 00:22:06+00:00,0.999
2025-12-06 00:23:06+00:00,0.9985
2025-12-06 00:24:07+00:00,0.9995
2025-12-06 00:25:07+00:00,0.9985
2025-12-06 00:26:07+00:00,0.9995
2025-12-06 00:27:06+00:00,0.9995
2025-12-06 00:28:06+00:00,0.9995
2025-12-06 00:29:06+00:00,0.9995
2025-12-06 00:30:08+00:00,0.9995
2025-12-06 00:31:06+00:00,0.9995
2025-12-06 00:32:06+00:00,0.9995
