timestamp,price
2026-03-01 19:26:27+00:00,0.937
2026-03-01 19:27:56+00:00,0.937
2026-03-01 19:28:39+00:00,0.937
2026-03-01 19:29:27+00:00,0.937
2026-03-01 19:31:09+00:00,0.937
2026-03-01 19:31:42+00:00,0.937
2026-03-01 19:32:27+00:00,0.937
2026-03-01 19:33:29+00:00,0.937
2026-03-01 19:34:41+00:00,0.9375
2026-03-01 19:35:35+00:00,0.9375
2026-03-01 19:36:30+00:00,0.9375
2026-03-01 19:37:39+00:00,0.9375
2026-03-01 19:38:28+00:00,0.9375
2026-03-01 19:39:30+00:00,0.9375
2026-03-01 19:40:30+00:00,0.9375
2026-03-01 19:41:27+00:00,0.937
2026-03-01 19:42:28+00:00,0.937
2026-03-01 19:43:26+00:00,0.937
2026-03-01 19:44:29+00:00,0.937
2026-03-01 19:45:31+00:00,0.937
2026-03-01 19:46:30+00:00,0.937
2026-03-01 19:47:30+00:00,0.937
2026-03-01 19:48:31+00:00,0.937
2026-03-01 19:49:30+00:00,0.937
2026-03-01 19:50:46+00:00,0.937
2026-03-01 19:51:27+00:00,0.937
2026-03-01 19:52:30+00:00,0.937
2026-03-01 19:54:18+00:00,0.937
2026-03-01 19:54:54+00:00,0.937
2026-03-01 19:55:41+00:00,0.937
2026-03-01 19:56:29+00:00,0.937
2026-03-01 19:57:29+00:00,0.933
2026-03-01 19:58:27+00:00,0.933
2026-03-01 19:59:27+00:00,0.9335
2026-03-01 20:00:37+00:00,0.9335
2026-03-01 20:01:29+00:00,0.9335
2026-03-01 20:02:30+00:00,0.9335
2026-03-01 20:03:30+00:00,0.9335
2026-03-01 20:05:01+00:00,0.9335
2026-03-01 20:05:46+00:00,0.9335
2026-03-01 20:06:29+00:00,0.9335
2026-03-01 20:07:30+00:00,0.9335
2026-03-01 20:08:28+00:00,0.9335
2026-03-01 20:09:31+00:00,0.9335
2026-03-01 20:10:33+00:00,0.9335
2026-03-01 20:11:29+00:00,0.9335
2026-03-01 20:12:28+00:00,0.9335
2026-03-01 20:13:28+00:00,0.933
2026-03-01 20:14:31+00:00,0.933
2026-03-01 20:15:33+00:00,0.9325
2026-03-01 20:16:29+00:00,0.9325
2026-03-01 20:17:31+00:00,0.9325
2026-03-01 20:18:28+00:00,0.9325
2026-03-01 20:19:29+00:00,0.9325
2026-03-01 20:20:30+00:00,0.9325
2026-03-01 20:22:03+00:00,0.9325
2026-03-01 20:22:38+00:00,0.9325
2026-03-01 20:23:29+00:00,0.9325
2026-03-01 20:24:31+00:00,0.9325
2026-03-01 20:25:41+00:00,0.9325
2026-03-01 20:26:30+00:00,0.9325
2026-03-01 20:27:30+00:00,0.9325
2026-03-01 20:28:31+00:00,0.9325
2026-03-01 20:29:28+00:00,0.9325
2026-03-01 20:30:37+00:00,0.9325
2026-03-01 20:31:29+00:00,0.9325
2026-03-01 20:32:28+00:00,0.9325
2026-03-01 20:33:28+00:00,0.9325
2026-03-01 20:34:28+00:00,0.9325
2026-03-01 20:35:33+00:00,0.9325
2026-03-01 20:36:31+00:00,0.9325
2026-03-01 20:37:28+00:00,0.9325
2026-03-01 20:38:29+00:00,0.9335
2026-03-01 20:39:29+00:00,0.9335
2026-03-01 20:40:35+00:00,0.9335
2026-03-01 20:41:35+00:00,0.9335
2026-03-01 20:42:29+00:00,0.9335
2026-03-01 20:43:28+00:00,0.9335
2026-03-01 20:44:28+00:00,0.9335
2026-03-01 20:45:32+00:00,0.932
2026-03-01 20:46:30+00:00,0.932
2026-03-01 20:48:02+00:00,0.932
2026-03-01 20:48:36+00:00,0.9325
2026-03-01 20:49:29+00:00,0.9335
2026-03-01 20:50:38+00:00,0.9335
2026-03-01 20:51:29+00:00,0.9345
2026-03-01 20:52:28+00:00,0.932
2026-03-01 20:53:27+00:00,0.932
2026-03-01 20:54:29+00:00,0.9325
2026-03-01 20:55:30+00:00,0.9325
2026-03-01 20:56:28+00:00,0.9325
2026-03-01 20:57:29+00:00,0.9325
2026-03-01 20:58:30+00:00,0.9325
2026-03-01 20:59:31+00:00,0.9325
2026-03-01 21:00:46+00:00,0.9325
2026-03-01 21:01:29+00:00,0.9325
2026-03-01 21:02:29+00:00,0.9325
2026-03-01 21:03:28+00:00,0.9325
2026-03-01 21:04:30+00:00,0.9325
2026-03-01 21:05:34+00:00,0.9325
2026-03-01 21:06:31+00:00,0.9325
2026-03-01 21:07:31+00:00,0.9325
2026-03-01 21:08:43+00:00,0.9325
2026-03-01 21:09:29+00:00,0.9325
2026-03-01 21:10:29+00:00,0.9325
2026-03-01 21:11:27+00:00,0.9325
2026-03-01 21:12:29+00:00,0.9325
2026-03-01 21:14:03+00:00,0.9325
2026-03-01 21:14:35+00:00,0.933
2026-03-01 21:15:39+00:00,0.933
2026-03-01 21:16:30+00:00,0.933
2026-03-01 21:17:28+00:00,0.933
2026-03-01 21:18:30+00:00,0.933
2026-03-01 21:19:28+00:00,0.9335
2026-03-01 21:20:33+00:00,0.9335
2026-03-01 21:21:28+00:00,0.9335
2026-03-01 21:22:29+00:00,0.934
2026-03-01 21:23:27+00:00,0.934
2026-03-01 21:24:29+00:00,0.933
2026-03-01 21:25:32+00:00,0.9335
2026-03-01 21:26:28+00:00,0.934
2026-03-01 21:27:28+00:00,0.934
2026-03-01 21:28:28+00:00,0.934
2026-03-01 21:30:06+00:00,0.934
2026-03-01 21:30:57+00:00,0.9335
2026-03-01 21:31:27+00:00,0.9335
2026-03-01 21:32:28+00:00,0.9335
2026-03-01 21:33:29+00:00,0.9335
2026-03-01 21:34:28+00:00,0.934
2026-03-01 21:35:30+00:00,0.934
2026-03-01 21:36:27+00:00,0.934
2026-03-01 21:37:30+00:00,0.934
2026-03-01 21:38:27+00:00,0.934
2026-03-01 21:39:28+00:00,0.934
2026-03-01 21:40:32+00:00,0.934
2026-03-01 21:41:30+00:00,0.9335
2026-03-01 21:42:31+00:00,0.9335
2026-03-01 21:43:28+00:00,0.933
2026-03-01 21:44:41+00:00,0.933
2026-03-01 21:45:31+00:00,0.933
2026-03-01 21:46:29+00:00,0.933
2026-03-01 21:47:28+00:00,0.933
2026-03-01 21:48:29+00:00,0.933
2026-03-01 21:49:27+00:00,0.933
2026-03-01 21:50:31+00:00,0.933
2026-03-01 21:51:28+00:00,0.933
2026-03-01 21:52:28+00:00,0.933
2026-03-01 21:53:28+00:00,0.933
2026-03-01 21:54:27+00:00,0.933
2026-03-01 21:56:11+00:00,0.933
2026-03-01 21:57:12+00:00,0.932
2026-03-01 21:57:43+00:00,0.932
2026-03-01 21:58:28+00:00,0.932
2026-03-01 21:59:28+00:00,0.9335
2026-03-01 22:00:41+00:00,0.9335
2026-03-01 22:01:27+00:00,0.9335
2026-03-01 22:02:28+00:00,0.934
2026-03-01 22:03:26+00:00,0.934
2026-03-01 22:04:26+00:00,0.934
2026-03-01 22:05:31+00:00,0.934
2026-03-01 22:06:28+00:00,0.934
2026-03-01 22:07:27+00:00,0.934
2026-03-01 22:08:29+00:00,0.934
2026-03-01 22:09:27+00:00,0.9345
2026-03-01 22:10:31+00:00,0.9345
2026-03-01 22:11:26+00:00,0.9345
2026-03-01 22:12:27+00:00,0.9345
2026-03-01 22:13:27+00:00,0.9345
2026-03-01 22:14:40+00:00,0.9345
2026-03-01 22:15:32+00:00,0.9345
2026-03-01 22:16:43+00:00,0.9345
2026-03-01 22:17:29+00:00,0.935
2026-03-01 22:18:32+00:00,0.935
2026-03-01 22:19:31+00:00,0.9355
2026-03-01 22:20:40+00:00,0.935
2026-03-01 22:21:59+00:00,0.935
2026-03-01 22:22:32+00:00,0.938
2026-03-01 22:23:56+00:00,0.938
2026-03-01 22:24:29+00:00,0.938
2026-03-01 22:25:38+00:00,0.937
2026-03-01 22:26:30+00:00,0.9365
2026-03-01 22:27:27+00:00,0.936
2026-03-01 22:28:27+00:00,0.9365
2026-03-01 22:29:29+00:00,0.935
2026-03-01 22:30:36+00:00,0.935
2026-03-01 22:31:29+00:00,0.936
2026-03-01 22:32:29+00:00,0.9345
2026-03-01 22:33:28+00:00,0.935
2026-03-01 22:34:28+00:00,0.9365
2026-03-01 22:35:30+00:00,0.9365
2026-03-01 22:36:29+00:00,0.9365
2026-03-01 22:37:29+00:00,0.9375
2026-03-01 22:38:27+00:00,0.9375
2026-03-01 22:39:28+00:00,0.9375
2026-03-01 22:40:43+00:00,0.9375
2026-03-01 22:41:30+00:00,0.9375
2026-03-01 22:42:29+00:00,0.9375
2026-03-01 22:43:27+00:00,0.9375
2026-03-01 22:44:28+00:00,0.9375
2026-03-01 22:45:31+00:00,0.937
2026-03-01 22:46:28+00:00,0.9375
2026-03-01 22:47:28+00:00,0.9375
2026-03-01 22:48:28+00:00,0.937
2026-03-01 22:49:59+00:00,0.937
2026-03-01 22:50:44+00:00,0.9375
2026-03-01 22:51:28+00:00,0.9375
2026-03-01 22:52:28+00:00,0.938
2026-03-01 22:53:27+00:00,0.938
2026-03-01 22:54:29+00:00,0.938
2026-03-01 22:55:29+00:00,0.9375
2026-03-01 22:56:41+00:00,0.9365
2026-03-01 22:57:28+00:00,0.938
2026-03-01 22:58:28+00:00,0.938
2026-03-01 22:59:28+00:00,0.938
2026-03-01 23:00:36+00:00,0.938
2026-03-01 23:01:28+00:00,0.938
2026-03-01 23:02:29+00:00,0.938
2026-03-01 23:03:29+00:00,0.938
2026-03-01 23:04:28+00:00,0.938
2026-03-01 23:05:31+00:00,0.9385
2026-03-01 23:06:29+00:00,0.9385
2026-03-01 23:07:35+00:00,0.9385
2026-03-01 23:08:28+00:00,0.9385
2026-03-01 23:09:27+00:00,0.9385
2026-03-01 23:10:32+00:00,0.9385
2026-03-01 23:11:29+00:00,0.9385
2026-03-01 23:12:30+00:00,0.9385
2026-03-01 23:13:28+00:00,0.938
2026-03-01 23:14:27+00:00,0.938
2026-03-01 23:16:08+00:00,0.938
2026-03-01 23:16:43+00:00,0.938
2026-03-01 23:17:30+00:00,0.938
2026-03-01 23:18:28+00:00,0.938
2026-03-01 23:19:29+00:00,0.938
2026-03-01 23:20:33+00:00,0.9385
2026-03-01 23:21:27+00:00,0.9355
2026-03-01 23:22:27+00:00,0.935
2026-03-01 23:23:27+00:00,0.935
2026-03-01 23:24:27+00:00,0.935
2026-03-01 23:25:30+00:00,0.935
2026-03-01 23:26:29+00:00,0.935
2026-03-01 23:27:27+00:00,0.935
2026-03-01 23:28:28+00:00,0.935
2026-03-01 23:29:28+00:00,0.935
2026-03-01 23:30:35+00:00,0.935
2026-03-01 23:31:29+00:00,0.936
2026-03-01 23:32:31+00:00,0.934
2026-03-01 23:33:32+00:00,0.9335
2026-03-01 23:34:27+00:00,0.9335
2026-03-01 23:35:30+00:00,0.9335
2026-03-01 23:36:30+00:00,0.9335
2026-03-01 23:37:28+00:00,0.9335
2026-03-01 23:38:27+00:00,0.9335
2026-03-01 23:40:01+00:00,0.9335
2026-03-01 23:40:44+00:00,0.9335
2026-03-01 23:41:29+00:00,0.9335
2026-03-01 23:42:30+00:00,0.9335
2026-03-01 23:43:28+00:00,0.9335
2026-03-01 23:44:27+00:00,0.9335
2026-03-01 23:45:30+00:00,0.9335
2026-03-01 23:46:30+00:00,0.9335
2026-03-01 23:47:30+00:00,0.9335
2026-03-01 23:48:28+00:00,0.9335
2026-03-01 23:49:29+00:00,0.9335
2026-03-01 23:50:32+00:00,0.9335
2026-03-01 23:51:28+00:00,0.9335
2026-03-01 23:52:28+00:00,0.9335
2026-03-01 23:53:30+00:00,0.9335
2026-03-01 23:54:28+00:00,0.9335
2026-03-01 23:55:32+00:00,0.9335
2026-03-01 23:56:30+00:00,0.9335
2026-03-01 23:57:40+00:00,0.9335
2026-03-01 23:58:27+00:00,0.9335
2026-03-01 23:59:30+00:00,0.9335
2026-03-02 00:01:00+00:00,0.9335
2026-03-02 00:01:31+00:00,0.9335
2026-03-02 00:02:29+00:00,0.9335
2026-03-02 00:03:30+00:00,0.9335
2026-03-02 00:04:30+00:00,0.934
2026-03-02 00:05:40+00:00,0.9345
2026-03-02 00:06:29+00:00,0.9345
2026-03-02 00:07:27+00:00,0.9345
2026-03-02 00:08:28+00:00,0.9345
2026-03-02 00:09:29+00:00,0.9345
2026-03-02 00:10:31+00:00,0.9345
2026-03-02 00:11:29+00:00,0.9345
2026-03-02 00:12:30+00:00,0.9345
2026-03-02 00:13:28+00:00,0.9345
2026-03-02 00:14:27+00:00,0.9345
2026-03-02 00:15:32+00:00,0.9345
2026-03-02 00:16:28+00:00,0.9345
2026-03-02 00:17:27+00:00,0.9345
2026-03-02 00:18:29+00:00,0.9345
2026-03-02 00:19:39+00:00,0.9355
2026-03-02 00:20:31+00:00,0.935
2026-03-02 00:21:28+00:00,0.9365
2026-03-02 00:22:39+00:00,0.9365
2026-03-02 00:23:28+00:00,0.9365
2026-03-02 00:24:28+00:00,0.9365
2026-03-02 00:25:46+00:00,0.937
2026-03-02 00:26:27+00:00,0.937
2026-03-02 00:27:31+00:00,0.9375
2026-03-02 00:28:28+00:00,0.9375
2026-03-02 00:29:27+00:00,0.9375
2026-03-02 00:30:37+00:00,0.9375
2026-03-02 00:31:27+00:00,0.9375
2026-03-02 00:32:27+00:00,0.9375
2026-03-02 00:33:26+00:00,0.9375
2026-03-02 00:34:27+00:00,0.939
2026-03-02 00:35:29+00:00,0.939
2026-03-02 00:36:39+00:00,0.939
2026-03-02 00:37:27+00:00,0.939
2026-03-02 00:38:27+00:00,0.939
2026-03-02 00:39:27+00:00,0.939
2026-03-02 00:40:28+00:00,0.9355
2026-03-02 00:41:27+00:00,0.9355
2026-03-02 00:42:28+00:00,0.9355
2026-03-02 00:43:28+00:00,0.9355
2026-03-02 00:44:30+00:00,0.936
2026-03-02 00:45:42+00:00,0.936
2026-03-02 00:46:27+00:00,0.936
2026-03-02 00:47:41+00:00,0.936
2026-03-02 00:48:28+00:00,0.936
2026-03-02 00:49:29+00:00,0.936
2026-03-02 00:50:33+00:00,0.936
2026-03-02 00:51:29+00:00,0.936
2026-03-02 00:52:28+00:00,0.936
2026-03-02 00:53:30+00:00,0.936
2026-03-02 00:54:28+00:00,0.936
2026-03-02 00:55:44+00:00,0.936
2026-03-02 00:56:28+00:00,0.936
2026-03-02 00:57:26+00:00,0.936
2026-03-02 00:58:27+00:00,0.9365
2026-03-02 00:59:28+00:00,0.9365
2026-03-02 01:00:34+00:00,0.9365
2026-03-02 01:01:27+00:00,0.9365
2026-03-02 01:02:28+00:00,0.9365
2026-03-02 01:03:28+00:00,0.937
2026-03-02 01:04:28+00:00,0.937
2026-03-02 01:05:32+00:00,0.937
2026-03-02 01:06:28+00:00,0.937
2026-03-02 01:07:28+00:00,0.937
2026-03-02 01:08:29+00:00,0.937
2026-03-02 01:09:27+00:00,0.937
2026-03-02 01:10:29+00:00,0.937
2026-03-02 01:11:27+00:00,0.937
2026-03-02 01:12:28+00:00,0.9395
2026-03-02 01:13:45+00:00,0.939
2026-03-02 01:14:26+00:00,0.939
2026-03-02 01:15:30+00:00,0.9395
2026-03-02 01:16:29+00:00,0.9395
2026-03-02 01:17:30+00:00,0.9395
2026-03-02 01:18:28+00:00,0.9395
2026-03-02 01:19:29+00:00,0.9395
2026-03-02 01:20:29+00:00,0.9395
2026-03-02 01:21:27+00:00,0.94
2026-03-02 01:22:28+00:00,0.9405
2026-03-02 01:23:26+00:00,0.9405
2026-03-02 01:24:27+00:00,0.9405
2026-03-02 01:25:30+00:00,0.9375
2026-03-02 01:26:27+00:00,0.9375
2026-03-02 01:27:29+00:00,0.9375
2026-03-02 01:28:28+00:00,0.938
2026-03-02 01:29:28+00:00,0.938
2026-03-02 01:30:37+00:00,0.938
2026-03-02 01:31:27+00:00,0.936
2026-03-02 01:32:28+00:00,0.936
2026-03-02 01:33:33+00:00,0.936
2026-03-02 01:34:28+00:00,0.936
2026-03-02 01:35:29+00:00,0.936
2026-03-02 01:36:28+00:00,0.936
2026-03-02 01:37:27+00:00,0.936
2026-03-02 01:38:29+00:00,0.936
2026-03-02 01:39:49+00:00,0.936
2026-03-02 01:40:30+00:00,0.936
2026-03-02 01:41:27+00:00,0.936
2026-03-02 01:42:27+00:00,0.936
2026-03-02 01:43:29+00:00,0.9365
2026-03-02 01:44:28+00:00,0.937
2026-03-02 01:45:30+00:00,0.937
2026-03-02 01:46:28+00:00,0.9365
2026-03-02 01:47:28+00:00,0.9365
2026-03-02 01:48:28+00:00,0.937
2026-03-02 01:49:27+00:00,0.937
2026-03-02 01:50:30+00:00,0.937
2026-03-02 01:51:27+00:00,0.937
2026-03-02 01:52:25+00:00,0.938
2026-03-02 01:53:27+00:00,0.938
2026-03-02 01:54:26+00:00,0.938
2026-03-02 01:55:28+00:00,0.938
2026-03-02 01:56:28+00:00,0.938
2026-03-02 01:57:30+00:00,0.938
2026-03-02 01:58:27+00:00,0.938
2026-03-02 01:59:26+00:00,0.938
2026-03-02 02:00:36+00:00,0.9385
2026-03-02 02:01:28+00:00,0.9385
2026-03-02 02:02:48+00:00,0.9385
2026-03-02 02:03:29+00:00,0.9385
2026-03-02 02:04:28+00:00,0.937
2026-03-02 02:05:30+00:00,0.937
2026-03-02 02:06:26+00:00,0.9375
2026-03-02 02:07:27+00:00,0.938
2026-03-02 02:08:26+00:00,0.937
2026-03-02 02:09:26+00:00,0.937
2026-03-02 02:10:29+00:00,0.937
2026-03-02 02:11:26+00:00,0.938
2026-03-02 02:12:26+00:00,0.938
2026-03-02 02:13:25+00:00,0.938
2026-03-02 02:14:28+00:00,0.938
2026-03-02 02:15:28+00:00,0.938
2026-03-02 02:16:29+00:00,0.938
2026-03-02 02:17:29+00:00,0.938
2026-03-02 02:18:27+00:00,0.9385
2026-03-02 02:19:28+00:00,0.939
2026-03-02 02:20:31+00:00,0.939
2026-03-02 02:21:27+00:00,0.9395
2026-03-02 02:22:26+00:00,0.9395
2026-03-02 02:23:27+00:00,0.94
2026-03-02 02:24:26+00:00,0.94
2026-03-02 02:25:32+00:00,0.9405
2026-03-02 02:26:25+00:00,0.9405
2026-03-02 02:27:28+00:00,0.9405
2026-03-02 02:28:52+00:00,0.9405
2026-03-02 02:29:26+00:00,0.9405
2026-03-02 02:30:36+00:00,0.9405
2026-03-02 02:31:27+00:00,0.9405
2026-03-02 02:32:27+00:00,0.9405
2026-03-02 02:33:27+00:00,0.9405
2026-03-02 02:34:26+00:00,0.9405
2026-03-02 02:35:29+00:00,0.94
2026-03-02 02:36:26+00:00,0.939
2026-03-02 02:37:26+00:00,0.938
2026-03-02 02:38:26+00:00,0.9385
2026-03-02 02:39:28+00:00,0.9385
2026-03-02 02:40:28+00:00,0.9385
2026-03-02 02:41:26+00:00,0.9385
2026-03-02 02:42:25+00:00,0.9385
2026-03-02 02:43:25+00:00,0.9385
2026-03-02 02:44:26+00:00,0.9385
2026-03-02 02:45:30+00:00,0.9385
2026-03-02 02:46:25+00:00,0.9385
2026-03-02 02:47:27+00:00,0.9385
2026-03-02 02:48:27+00:00,0.9385
2026-03-02 02:49:26+00:00,0.9385
2026-03-02 02:50:27+00:00,0.9385
2026-03-02 02:51:26+00:00,0.9385
2026-03-02 02:52:25+00:00,0.9385
2026-03-02 02:53:26+00:00,0.9385
2026-03-02 02:54:54+00:00,0.939
2026-03-02 02:55:28+00:00,0.939
2026-03-02 02:56:26+00:00,0.939
2026-03-02 02:57:25+00:00,0.939
2026-03-02 02:58:26+00:00,0.9395
2026-03-02 02:59:26+00:00,0.9395
2026-03-02 03:00:41+00:00,0.9395
2026-03-02 03:01:25+00:00,0.9395
2026-03-02 03:02:26+00:00,0.937
2026-03-02 03:03:25+00:00,0.937
2026-03-02 03:04:26+00:00,0.937
2026-03-02 03:05:29+00:00,0.938
2026-03-02 03:06:25+00:00,0.937
2026-03-02 03:07:25+00:00,0.937
2026-03-02 03:08:26+00:00,0.937
2026-03-02 03:09:28+00:00,0.9375
2026-03-02 03:10:29+00:00,0.9375
2026-03-02 03:11:25+00:00,0.9375
2026-03-02 03:12:25+00:00,0.9375
2026-03-02 03:13:25+00:00,0.9375
2026-03-02 03:14:26+00:00,0.9375
2026-03-02 03:15:27+00:00,0.9375
2026-03-02 03:16:26+00:00,0.9375
2026-03-02 03:17:28+00:00,0.938
2026-03-02 03:18:26+00:00,0.938
2026-03-02 03:19:27+00:00,0.938
2026-03-02 03:21:00+00:00,0.9385
2026-03-02 03:21:31+00:00,0.9385
2026-03-02 03:22:25+00:00,0.9385
2026-03-02 03:23:27+00:00,0.9385
2026-03-02 03:24:24+00:00,0.939
2026-03-02 03:25:28+00:00,0.939
2026-03-02 03:26:26+00:00,0.939
2026-03-02 03:27:28+00:00,0.939
2026-03-02 03:28:26+00:00,0.939
2026-03-02 03:29:27+00:00,0.9385
2026-03-02 03:30:34+00:00,0.9375
2026-03-02 03:31:27+00:00,0.937
2026-03-02 03:32:27+00:00,0.937
2026-03-02 03:33:27+00:00,0.937
2026-03-02 03:34:26+00:00,0.937
2026-03-02 03:35:27+00:00,0.937
2026-03-02 03:36:26+00:00,0.937
2026-03-02 03:37:24+00:00,0.937
2026-03-02 03:38:25+00:00,0.937
2026-03-02 03:39:24+00:00,0.938
2026-03-02 03:40:27+00:00,0.938
2026-03-02 03:41:26+00:00,0.938
2026-03-02 03:42:24+00:00,0.938
2026-03-02 03:43:26+00:00,0.938
2026-03-02 03:44:27+00:00,0.938
2026-03-02 03:45:27+00:00,0.937
2026-03-02 03:46:57+00:00,0.937
2026-03-02 03:47:26+00:00,0.937
2026-03-02 03:48:23+00:00,0.937
2026-03-02 03:49:24+00:00,0.937
2026-03-02 03:50:29+00:00,0.938
2026-03-02 03:51:26+00:00,0.938
2026-03-02 03:52:26+00:00,0.938
2026-03-02 03:53:25+00:00,0.938
2026-03-02 03:54:25+00:00,0.938
2026-03-02 03:55:26+00:00,0.938
2026-03-02 03:56:24+00:00,0.938
2026-03-02 03:57:24+00:00,0.938
2026-03-02 03:58:25+00:00,0.938
2026-03-02 03:59:30+00:00,0.937
2026-03-02 04:00:34+00:00,0.938
2026-03-02 04:01:27+00:00,0.938
2026-03-02 04:02:26+00:00,0.938
2026-03-02 04:03:25+00:00,0.938
2026-03-02 04:04:26+00:00,0.938
2026-03-02 04:05:27+00:00,0.9385
2026-03-02 04:06:25+00:00,0.9385
2026-03-02 04:07:24+00:00,0.9385
2026-03-02 04:08:25+00:00,0.9385
2026-03-02 04:09:26+00:00,0.9385
2026-03-02 04:10:28+00:00,0.9385
2026-03-02 04:11:26+00:00,0.9385
2026-03-02 04:12:57+00:00,0.9385
2026-03-02 04:13:28+00:00,0.9385
2026-03-02 04:14:24+00:00,0.9385
2026-03-02 04:15:29+00:00,0.9385
2026-03-02 04:16:25+00:00,0.9385
2026-03-02 04:17:25+00:00,0.9385
2026-03-02 04:18:28+00:00,0.9385
2026-03-02 04:19:26+00:00,0.9385
2026-03-02 04:20:28+00:00,0.9385
2026-03-02 04:21:25+00:00,0.9385
2026-03-02 04:22:26+00:00,0.9385
2026-03-02 04:23:42+00:00,0.9385
2026-03-02 04:24:27+00:00,0.9385
2026-03-02 04:25:41+00:00,0.9385
2026-03-02 04:26:25+00:00,0.937
2026-03-02 04:27:26+00:00,0.937
2026-03-02 04:28:24+00:00,0.937
2026-03-02 04:29:25+00:00,0.937
2026-03-02 04:30:34+00:00,0.937
2026-03-02 04:31:25+00:00,0.937
2026-03-02 04:32:27+00:00,0.937
2026-03-02 04:33:25+00:00,0.937
2026-03-02 04:34:26+00:00,0.9375
2026-03-02 04:35:27+00:00,0.9375
2026-03-02 04:36:26+00:00,0.9375
2026-03-02 04:37:25+00:00,0.9375
2026-03-02 04:38:59+00:00,0.9375
2026-03-02 04:39:29+00:00,0.9375
2026-03-02 04:40:29+00:00,0.9375
2026-03-02 04:41:25+00:00,0.9375
2026-03-02 04:42:25+00:00,0.9375
2026-03-02 04:43:25+00:00,0.937
2026-03-02 04:44:26+00:00,0.937
2026-03-02 04:45:29+00:00,0.937
2026-03-02 04:46:27+00:00,0.937
2026-03-02 04:47:26+00:00,0.937
2026-03-02 04:48:25+00:00,0.9375
2026-03-02 04:49:24+00:00,0.937
2026-03-02 04:50:30+00:00,0.937
2026-03-02 04:51:25+00:00,0.937
2026-03-02 04:52:24+00:00,0.937
2026-03-02 04:53:24+00:00,0.937
2026-03-02 04:54:35+00:00,0.937
2026-03-02 04:55:26+00:00,0.937
2026-03-02 04:56:23+00:00,0.937
2026-03-02 04:57:25+00:00,0.937
2026-03-02 04:58:25+00:00,0.937
2026-03-02 04:59:25+00:00,0.937
2026-03-02 05:00:33+00:00,0.937
2026-03-02 05:01:26+00:00,0.937
2026-03-02 05:02:25+00:00,0.937
2026-03-02 05:03:25+00:00,0.937
2026-03-02 05:05:08+00:00,0.937
2026-03-02 05:05:41+00:00,0.9375
2026-03-02 05:06:26+00:00,0.9375
2026-03-02 05:07:26+00:00,0.9375
2026-03-02 05:08:25+00:00,0.9375
2026-03-02 05:09:26+00:00,0.9375
2026-03-02 05:10:29+00:00,0.9375
2026-03-02 05:11:25+00:00,0.937
2026-03-02 05:12:25+00:00,0.937
2026-03-02 05:13:26+00:00,0.937
2026-03-02 05:14:26+00:00,0.937
2026-03-02 05:15:27+00:00,0.937
2026-03-02 05:16:26+00:00,0.937
2026-03-02 05:17:26+00:00,0.937
2026-03-02 05:18:24+00:00,0.937
2026-03-02 05:19:25+00:00,0.937
2026-03-02 05:20:28+00:00,0.937
2026-03-02 05:21:25+00:00,0.937
2026-03-02 05:22:26+00:00,0.937
2026-03-02 05:23:27+00:00,0.937
2026-03-02 05:24:27+00:00,0.937
2026-03-02 05:25:27+00:00,0.937
2026-03-02 05:26:26+00:00,0.937
2026-03-02 05:27:27+00:00,0.937
2026-03-02 05:28:25+00:00,0.937
2026-03-02 05:29:25+00:00,0.937
2026-03-02 05:31:03+00:00,0.937
2026-03-02 05:31:34+00:00,0.937
2026-03-02 05:32:25+00:00,0.937
2026-03-02 05:33:23+00:00,0.937
2026-03-02 05:34:24+00:00,0.937
2026-03-02 05:35:26+00:00,0.937
2026-03-02 05:36:25+00:00,0.937
2026-03-02 05:37:38+00:00,0.937
2026-03-02 05:38:25+00:00,0.9375
2026-03-02 05:39:25+00:00,0.9375
2026-03-02 05:40:26+00:00,0.9375
2026-03-02 05:41:53+00:00,0.9375
2026-03-02 05:42:25+00:00,0.937
2026-03-02 05:43:25+00:00,0.937
2026-03-02 05:44:26+00:00,0.937
2026-03-02 05:45:30+00:00,0.9375
2026-03-02 05:46:25+00:00,0.9375
2026-03-02 05:47:25+00:00,0.938
2026-03-02 05:48:24+00:00,0.938
2026-03-02 05:49:27+00:00,0.938
2026-03-02 05:50:27+00:00,0.938
2026-03-02 05:51:25+00:00,0.938
2026-03-02 05:52:24+00:00,0.938
2026-03-02 05:53:25+00:00,0.938
2026-03-02 05:54:24+00:00,0.938
2026-03-02 05:55:25+00:00,0.938
2026-03-02 05:56:24+00:00,0.938
2026-03-02 05:57:25+00:00,0.9375
2026-03-02 05:58:24+00:00,0.9375
2026-03-02 05:59:24+00:00,0.9375
2026-03-02 06:00:36+00:00,0.9375
2026-03-02 06:01:24+00:00,0.9375
2026-03-02 06:02:35+00:00,0.9375
2026-03-02 06:03:26+00:00,0.9375
2026-03-02 06:04:24+00:00,0.9375
2026-03-02 06:05:28+00:00,0.9375
2026-03-02 06:06:24+00:00,0.9365
2026-03-02 06:07:56+00:00,0.9365
2026-03-02 06:08:25+00:00,0.9365
2026-03-02 06:09:26+00:00,0.9365
2026-03-02 06:10:30+00:00,0.9365
2026-03-02 06:11:25+00:00,0.9365
2026-03-02 06:12:25+00:00,0.9365
2026-03-02 06:13:25+00:00,0.9365
2026-03-02 06:14:24+00:00,0.9365
2026-03-02 06:15:26+00:00,0.9365
2026-03-02 06:16:25+00:00,0.9365
2026-03-02 06:17:25+00:00,0.9365
2026-03-02 06:18:26+00:00,0.9365
2026-03-02 06:19:25+00:00,0.9365
2026-03-02 06:20:28+00:00,0.9365
2026-03-02 06:21:26+00:00,0.9365
2026-03-02 06:22:25+00:00,0.9365
2026-03-02 06:23:24+00:00,0.9365
2026-03-02 06:24:26+00:00,0.9365
2026-03-02 06:25:34+00:00,0.9365
2026-03-02 06:26:25+00:00,0.9365
2026-03-02 06:27:31+00:00,0.9365
2026-03-02 06:28:25+00:00,0.9365
2026-03-02 06:29:24+00:00,0.9365
2026-03-02 06:30:34+00:00,0.9365
2026-03-02 06:31:26+00:00,0.9365
2026-03-02 06:32:25+00:00,0.9365
2026-03-02 06:34:01+00:00,0.9365
2026-03-02 06:34:32+00:00,0.9365
2026-03-02 06:36:04+00:00,0.9365
2026-03-02 06:36:35+00:00,0.9365
2026-03-02 06:37:26+00:00,0.9365
2026-03-02 06:38:25+00:00,0.9365
2026-03-02 06:39:26+00:00,0.934
2026-03-02 06:40:26+00:00,0.933
2026-03-02 06:41:28+00:00,0.9325
2026-03-02 06:42:28+00:00,0.932
2026-03-02 06:43:40+00:00,0.932
2026-03-02 06:44:24+00:00,0.9325
2026-03-02 06:45:28+00:00,0.9325
2026-03-02 06:46:27+00:00,0.9325
2026-03-02 06:47:27+00:00,0.9325
2026-03-02 06:48:27+00:00,0.9325
2026-03-02 06:49:28+00:00,0.9325
2026-03-02 06:50:44+00:00,0.9325
2026-03-02 06:51:24+00:00,0.9325
2026-03-02 06:52:25+00:00,0.9325
2026-03-02 06:53:26+00:00,0.9325
2026-03-02 06:54:26+00:00,0.933
2026-03-02 06:55:27+00:00,0.934
2026-03-02 06:56:24+00:00,0.934
2026-03-02 06:57:24+00:00,0.934
2026-03-02 06:58:27+00:00,0.934
2026-03-02 06:59:25+00:00,0.933
2026-03-02 07:00:35+00:00,0.9335
2026-03-02 07:01:59+00:00,0.9325
2026-03-02 07:02:27+00:00,0.9325
2026-03-02 07:03:27+00:00,0.9325
2026-03-02 07:04:25+00:00,0.9325
2026-03-02 07:05:29+00:00,0.9325
2026-03-02 07:06:25+00:00,0.9325
2026-03-02 07:07:25+00:00,0.9325
2026-03-02 07:08:25+00:00,0.9325
2026-03-02 07:09:24+00:00,0.9325
2026-03-02 07:10:26+00:00,0.9325
2026-03-02 07:11:25+00:00,0.9325
2026-03-02 07:12:24+00:00,0.9325
2026-03-02 07:13:26+00:00,0.9325
2026-03-02 07:14:25+00:00,0.9325
2026-03-02 07:15:27+00:00,0.9325
2026-03-02 07:17:10+00:00,0.933
2026-03-02 07:17:43+00:00,0.933
2026-03-02 07:18:26+00:00,0.933
2026-03-02 07:19:27+00:00,0.933
2026-03-02 07:20:28+00:00,0.933
2026-03-02 07:21:27+00:00,0.933
2026-03-02 07:22:26+00:00,0.9335
2026-03-02 07:23:27+00:00,0.934
2026-03-02 07:24:27+00:00,0.933
2026-03-02 07:25:26+00:00,0.933
2026-03-02 07:26:25+00:00,0.933
2026-03-02 07:27:55+00:00,0.933
2026-03-02 07:28:27+00:00,0.933
2026-03-02 07:29:25+00:00,0.933
2026-03-02 07:30:37+00:00,0.933
2026-03-02 07:31:28+00:00,0.933
2026-03-02 07:32:27+00:00,0.933
2026-03-02 07:33:25+00:00,0.933
2026-03-02 07:34:31+00:00,0.933
2026-03-02 07:35:29+00:00,0.933
2026-03-02 07:36:26+00:00,0.933
2026-03-02 07:37:26+00:00,0.933
2026-03-02 07:38:26+00:00,0.933
2026-03-02 07:39:25+00:00,0.933
2026-03-02 07:40:35+00:00,0.933
2026-03-02 07:41:31+00:00,0.933
2026-03-02 07:42:26+00:00,0.933
2026-03-02 07:43:26+00:00,0.933
2026-03-02 07:44:26+00:00,0.934
2026-03-02 07:45:28+00:00,0.934
2026-03-02 07:46:25+00:00,0.934
2026-03-02 07:47:27+00:00,0.934
2026-03-02 07:48:25+00:00,0.933
2026-03-02 07:49:25+00:00,0.933
2026-03-02 07:50:28+00:00,0.9325
2026-03-02 07:51:24+00:00,0.9325
2026-03-02 07:52:25+00:00,0.9325
2026-03-02 07:53:52+00:00,0.9335
2026-03-02 07:54:27+00:00,0.9335
2026-03-02 07:55:31+00:00,0.9335
2026-03-02 07:56:26+00:00,0.933
2026-03-02 07:57:25+00:00,0.933
2026-03-02 07:58:26+00:00,0.9335
2026-03-02 07:59:26+00:00,0.9335
2026-03-02 08:00:35+00:00,0.9335
2026-03-02 08:01:26+00:00,0.9335
2026-03-02 08:02:27+00:00,0.934
2026-03-02 08:03:26+00:00,0.934
2026-03-02 08:04:27+00:00,0.933
2026-03-02 08:05:27+00:00,0.9335
2026-03-02 08:06:25+00:00,0.9335
2026-03-02 08:07:25+00:00,0.9335
2026-03-02 08:08:26+00:00,0.9335
2026-03-02 08:09:26+00:00,0.9335
2026-03-02 08:10:28+00:00,0.9335
2026-03-02 08:11:25+00:00,0.9335
2026-03-02 08:12:25+00:00,0.9335
2026-03-02 08:13:26+00:00,0.9335
2026-03-02 08:14:25+00:00,0.933
2026-03-02 08:15:27+00:00,0.933
2026-03-02 08:16:24+00:00,0.933
2026-03-02 08:17:26+00:00,0.9335
2026-03-02 08:18:25+00:00,0.934
2026-03-02 08:19:55+00:00,0.934
2026-03-02 08:20:32+00:00,0.934
2026-03-02 08:21:27+00:00,0.934
2026-03-02 08:22:28+00:00,0.934
2026-03-02 08:23:26+00:00,0.934
2026-03-02 08:24:26+00:00,0.934
2026-03-02 08:25:28+00:00,0.934
2026-03-02 08:26:25+00:00,0.934
2026-03-02 08:27:25+00:00,0.934
2026-03-02 08:28:26+00:00,0.934
2026-03-02 08:29:25+00:00,0.934
2026-03-02 08:30:34+00:00,0.934
2026-03-02 08:31:26+00:00,0.934
2026-03-02 08:32:25+00:00,0.934
2026-03-02 08:33:26+00:00,0.934
2026-03-02 08:34:40+00:00,0.934
2026-03-02 08:35:28+00:00,0.934
2026-03-02 08:36:27+00:00,0.934
2026-03-02 08:37:27+00:00,0.9335
2026-03-02 08:38:26+00:00,0.9335
2026-03-02 08:39:26+00:00,0.9335
2026-03-02 08:40:39+00:00,0.933
2026-03-02 08:41:25+00:00,0.933
2026-03-02 08:42:26+00:00,0.933
2026-03-02 08:43:25+00:00,0.933
2026-03-02 08:44:27+00:00,0.933
2026-03-02 08:46:03+00:00,0.933
2026-03-02 08:46:35+00:00,0.933
2026-03-02 08:47:26+00:00,0.933
2026-03-02 08:48:25+00:00,0.933
2026-03-02 08:49:25+00:00,0.933
2026-03-02 08:50:28+00:00,0.933
2026-03-02 08:51:31+00:00,0.933
2026-03-02 08:52:24+00:00,0.933
2026-03-02 08:53:31+00:00,0.933
2026-03-02 08:54:25+00:00,0.933
2026-03-02 08:55:26+00:00,0.933
2026-03-02 08:56:26+00:00,0.933
2026-03-02 08:57:26+00:00,0.933
2026-03-02 08:58:24+00:00,0.933
2026-03-02 08:59:24+00:00,0.933
2026-03-02 09:00:40+00:00,0.933
2026-03-02 09:01:25+00:00,0.933
2026-03-02 09:02:26+00:00,0.933
2026-03-02 09:03:29+00:00,0.933
2026-03-02 09:04:27+00:00,0.9335
2026-03-02 09:05:28+00:00,0.9335
2026-03-02 09:06:26+00:00,0.9335
2026-03-02 09:07:25+00:00,0.9335
2026-03-02 09:08:26+00:00,0.9335
2026-03-02 09:09:27+00:00,0.9335
2026-03-02 09:10:28+00:00,0.9335
2026-03-02 09:12:00+00:00,0.9335
2026-03-02 09:12:30+00:00,0.9335
2026-03-02 09:13:24+00:00,0.9335
2026-03-02 09:14:27+00:00,0.9335
2026-03-02 09:15:35+00:00,0.9335
2026-03-02 09:16:27+00:00,0.9335
2026-03-02 09:17:28+00:00,0.9335
2026-03-02 09:18:25+00:00,0.9325
2026-03-02 09:19:25+00:00,0.9335
2026-03-02 09:20:29+00:00,0.9335
2026-03-02 09:21:25+00:00,0.934
2026-03-02 09:22:25+00:00,0.934
2026-03-02 09:23:26+00:00,0.934
2026-03-02 09:24:28+00:00,0.9335
2026-03-02 09:25:27+00:00,0.934
2026-03-02 09:26:26+00:00,0.934
2026-03-02 09:27:26+00:00,0.933
2026-03-02 09:28:25+00:00,0.9335
2026-03-02 09:29:25+00:00,0.9335
2026-03-02 09:30:34+00:00,0.9335
2026-03-02 09:31:26+00:00,0.933
2026-03-02 09:32:26+00:00,0.933
2026-03-02 09:33:26+00:00,0.9335
2026-03-02 09:34:27+00:00,0.933
2026-03-02 09:35:26+00:00,0.933
2026-03-02 09:36:26+00:00,0.933
2026-03-02 09:38:01+00:00,0.934
2026-03-02 09:38:33+00:00,0.934
2026-03-02 09:39:27+00:00,0.9335
2026-03-02 09:40:31+00:00,0.9335
2026-03-02 09:41:25+00:00,0.933
2026-03-02 09:43:05+00:00,0.933
2026-03-02 09:43:38+00:00,0.933
2026-03-02 09:44:27+00:00,0.933
2026-03-02 09:45:27+00:00,0.933
2026-03-02 09:46:26+00:00,0.933
2026-03-02 09:47:26+00:00,0.933
2026-03-02 09:48:27+00:00,0.933
2026-03-02 09:49:25+00:00,0.933
2026-03-02 09:50:29+00:00,0.933
2026-03-02 09:51:27+00:00,0.933
2026-03-02 09:52:27+00:00,0.933
2026-03-02 09:53:25+00:00,0.933
2026-03-02 09:54:27+00:00,0.933
2026-03-02 09:55:28+00:00,0.933
2026-03-02 09:56:26+00:00,0.933
2026-03-02 09:57:25+00:00,0.933
2026-03-02 09:58:25+00:00,0.933
2026-03-02 09:59:26+00:00,0.933
2026-03-02 10:00:36+00:00,0.933
2026-03-02 10:01:26+00:00,0.933
2026-03-02 10:02:26+00:00,0.933
2026-03-02 10:03:56+00:00,0.933
2026-03-02 10:04:27+00:00,0.933
2026-03-02 10:05:34+00:00,0.933
2026-03-02 10:06:34+00:00,0.933
2026-03-02 10:07:34+00:00,0.933
2026-03-02 10:08:26+00:00,0.933
2026-03-02 10:09:27+00:00,0.933
2026-03-02 10:10:27+00:00,0.933
2026-03-02 10:11:26+00:00,0.933
2026-03-02 10:12:27+00:00,0.933
2026-03-02 10:13:26+00:00,0.933
2026-03-02 10:14:25+00:00,0.933
2026-03-02 10:15:28+00:00,0.933
2026-03-02 10:16:27+00:00,0.933
2026-03-02 10:17:27+00:00,0.933
2026-03-02 10:18:27+00:00,0.933
2026-03-02 10:19:27+00:00,0.933
2026-03-02 10:20:28+00:00,0.933
2026-03-02 10:21:26+00:00,0.933
2026-03-02 10:22:27+00:00,0.933
2026-03-02 10:23:25+00:00,0.933
2026-03-02 10:24:26+00:00,0.933
2026-03-02 10:25:28+00:00,0.933
2026-03-02 10:26:25+00:00,0.933
2026-03-02 10:27:26+00:00,0.9325
2026-03-02 10:28:27+00:00,0.9325
2026-03-02 10:29:55+00:00,0.933
2026-03-02 10:30:38+00:00,0.933
2026-03-02 10:31:25+00:00,0.933
2026-03-02 10:32:26+00:00,0.933
2026-03-02 10:33:27+00:00,0.933
2026-03-02 10:34:26+00:00,0.933
2026-03-02 10:35:28+00:00,0.933
2026-03-02 10:36:25+00:00,0.933
2026-03-02 10:37:25+00:00,0.933
2026-03-02 10:38:26+00:00,0.933
2026-03-02 10:39:26+00:00,0.933
2026-03-02 10:40:29+00:00,0.933
2026-03-02 10:41:26+00:00,0.933
2026-03-02 10:42:25+00:00,0.933
2026-03-02 10:43:27+00:00,0.933
2026-03-02 10:44:25+00:00,0.933
2026-03-02 10:45:28+00:00,0.933
2026-03-02 10:46:25+00:00,0.933
2026-03-02 10:47:26+00:00,0.933
2026-03-02 10:48:26+00:00,0.933
2026-03-02 10:49:27+00:00,0.933
2026-03-02 10:50:28+00:00,0.933
2026-03-02 10:51:25+00:00,0.933
2026-03-02 10:52:25+00:00,0.933
2026-03-02 10:53:25+00:00,0.933
2026-03-02 10:54:26+00:00,0.933
2026-03-02 10:56:03+00:00,0.933
2026-03-02 10:56:34+00:00,0.933
2026-03-02 10:57:26+00:00,0.933
2026-03-02 10:58:26+00:00,0.9325
2026-03-02 10:59:27+00:00,0.933
2026-03-02 11:00:34+00:00,0.933
2026-03-02 11:01:26+00:00,0.933
2026-03-02 11:02:26+00:00,0.933
2026-03-02 11:03:26+00:00,0.933
2026-03-02 11:04:25+00:00,0.933
2026-03-02 11:05:28+00:00,0.933
2026-03-02 11:06:25+00:00,0.933
2026-03-02 11:07:27+00:00,0.933
2026-03-02 11:08:26+00:00,0.933
2026-03-02 11:09:26+00:00,0.933
2026-03-02 11:10:29+00:00,0.933
2026-03-02 11:11:27+00:00,0.933
2026-03-02 11:12:27+00:00,0.933
2026-03-02 11:13:26+00:00,0.933
2026-03-02 11:14:42+00:00,0.933
2026-03-02 11:15:29+00:00,0.933
2026-03-02 11:16:27+00:00,0.9355
2026-03-02 11:17:32+00:00,0.935
2026-03-02 11:18:26+00:00,0.935
2026-03-02 11:19:33+00:00,0.9345
2026-03-02 11:20:29+00:00,0.934
2026-03-02 11:21:58+00:00,0.934
2026-03-02 11:22:30+00:00,0.9335
2026-03-02 11:23:27+00:00,0.934
2026-03-02 11:24:27+00:00,0.9345
2026-03-02 11:25:32+00:00,0.936
2026-03-02 11:26:27+00:00,0.9355
2026-03-02 11:27:26+00:00,0.935
2026-03-02 11:28:27+00:00,0.9355
2026-03-02 11:29:28+00:00,0.9355
2026-03-02 11:30:35+00:00,0.9355
2026-03-02 11:31:26+00:00,0.9355
2026-03-02 11:32:28+00:00,0.9355
2026-03-02 11:33:28+00:00,0.9355
2026-03-02 11:34:26+00:00,0.9355
2026-03-02 11:35:29+00:00,0.935
2026-03-02 11:36:26+00:00,0.935
2026-03-02 11:37:27+00:00,0.935
2026-03-02 11:38:25+00:00,0.935
2026-03-02 11:39:25+00:00,0.935
2026-03-02 11:40:28+00:00,0.935
2026-03-02 11:41:29+00:00,0.935
2026-03-02 11:42:30+00:00,0.935
2026-03-02 11:43:25+00:00,0.935
2026-03-02 11:44:26+00:00,0.935
2026-03-02 11:45:27+00:00,0.935
2026-03-02 11:46:28+00:00,0.935
2026-03-02 11:48:02+00:00,0.935
2026-03-02 11:48:34+00:00,0.935
2026-03-02 11:49:27+00:00,0.935
2026-03-02 11:50:45+00:00,0.935
2026-03-02 11:51:43+00:00,0.935
2026-03-02 11:52:28+00:00,0.935
2026-03-02 11:53:28+00:00,0.935
2026-03-02 11:54:27+00:00,0.935
2026-03-02 11:55:29+00:00,0.9345
2026-03-02 11:56:26+00:00,0.9335
2026-03-02 11:57:26+00:00,0.934
2026-03-02 11:58:27+00:00,0.934
2026-03-02 11:59:26+00:00,0.934
2026-03-02 12:00:54+00:00,0.9345
2026-03-02 12:01:26+00:00,0.9345
2026-03-02 12:02:28+00:00,0.933
2026-03-02 12:03:29+00:00,0.933
2026-03-02 12:04:28+00:00,0.9335
2026-03-02 12:05:29+00:00,0.9335
2026-03-02 12:06:25+00:00,0.933
2026-03-02 12:07:28+00:00,0.9335
2026-03-02 12:09:06+00:00,0.933
2026-03-02 12:09:37+00:00,0.9335
2026-03-02 12:10:28+00:00,0.9335
2026-03-02 12:11:25+00:00,0.9335
2026-03-02 12:12:26+00:00,0.933
2026-03-02 12:13:57+00:00,0.9335
2026-03-02 12:14:30+00:00,0.9335
2026-03-02 12:15:33+00:00,0.9335
2026-03-02 12:16:26+00:00,0.934
2026-03-02 12:17:26+00:00,0.934
2026-03-02 12:18:25+00:00,0.934
2026-03-02 12:19:27+00:00,0.934
2026-03-02 12:20:28+00:00,0.9335
2026-03-02 12:21:26+00:00,0.9335
2026-03-02 12:22:26+00:00,0.9335
2026-03-02 12:23:26+00:00,0.9335
2026-03-02 12:24:28+00:00,0.9335
2026-03-02 12:25:29+00:00,0.9335
2026-03-02 12:26:27+00:00,0.9335
2026-03-02 12:27:26+00:00,0.9335
2026-03-02 12:28:36+00:00,0.9335
2026-03-02 12:29:26+00:00,0.9335
2026-03-02 12:30:52+00:00,0.9335
2026-03-02 12:31:27+00:00,0.9335
2026-03-02 12:32:33+00:00,0.9335
2026-03-02 12:33:33+00:00,0.9335
2026-03-02 12:34:27+00:00,0.9335
2026-03-02 12:35:27+00:00,0.9335
2026-03-02 12:36:27+00:00,0.9335
2026-03-02 12:37:27+00:00,0.934
2026-03-02 12:38:28+00:00,0.934
2026-03-02 12:39:54+00:00,0.934
2026-03-02 12:40:34+00:00,0.934
2026-03-02 12:41:39+00:00,0.9345
2026-03-02 12:42:28+00:00,0.9345
2026-03-02 12:43:28+00:00,0.9345
2026-03-02 12:44:26+00:00,0.9345
2026-03-02 12:45:28+00:00,0.9335
2026-03-02 12:46:27+00:00,0.9335
2026-03-02 12:47:26+00:00,0.9335
2026-03-02 12:48:27+00:00,0.9335
2026-03-02 12:49:27+00:00,0.9335
2026-03-02 12:50:28+00:00,0.9335
2026-03-02 12:51:26+00:00,0.9335
2026-03-02 12:52:25+00:00,0.9335
2026-03-02 12:53:26+00:00,0.9335
2026-03-02 12:54:30+00:00,0.9335
2026-03-02 12:55:29+00:00,0.9335
2026-03-02 12:56:27+00:00,0.9335
2026-03-02 12:57:27+00:00,0.9335
2026-03-02 12:58:26+00:00,0.9335
2026-03-02 12:59:27+00:00,0.9335
2026-03-02 13:00:36+00:00,0.9335
2026-03-02 13:01:28+00:00,0.9335
2026-03-02 13:02:27+00:00,0.9335
2026-03-02 13:03:26+00:00,0.9335
2026-03-02 13:04:28+00:00,0.934
2026-03-02 13:06:04+00:00,0.934
2026-03-02 13:06:37+00:00,0.934
2026-03-02 13:07:26+00:00,0.934
2026-03-02 13:08:39+00:00,0.934
2026-03-02 13:10:01+00:00,0.934
2026-03-02 13:10:41+00:00,0.934
2026-03-02 13:11:27+00:00,0.934
2026-03-02 13:12:27+00:00,0.934
2026-03-02 13:13:26+00:00,0.934
2026-03-02 13:14:27+00:00,0.934
2026-03-02 13:15:29+00:00,0.9345
2026-03-02 13:16:26+00:00,0.934
2026-03-02 13:17:27+00:00,0.934
2026-03-02 13:18:26+00:00,0.934
2026-03-02 13:19:27+00:00,0.9335
2026-03-02 13:20:29+00:00,0.9335
2026-03-02 13:21:27+00:00,0.9335
2026-03-02 13:22:27+00:00,0.9335
2026-03-02 13:23:26+00:00,0.9335
2026-03-02 13:24:26+00:00,0.9335
2026-03-02 13:25:28+00:00,0.9335
2026-03-02 13:26:26+00:00,0.9345
2026-03-02 13:27:27+00:00,0.9345
2026-03-02 13:28:27+00:00,0.935
2026-03-02 13:29:27+00:00,0.934
2026-03-02 13:30:36+00:00,0.934
2026-03-02 13:31:27+00:00,0.934
2026-03-02 13:32:26+00:00,0.934
2026-03-02 13:33:26+00:00,0.934
2026-03-02 13:34:26+00:00,0.934
2026-03-02 13:36:05+00:00,0.9345
2026-03-02 13:36:36+00:00,0.934
2026-03-02 13:37:27+00:00,0.934
2026-03-02 13:38:28+00:00,0.934
2026-03-02 13:39:27+00:00,0.934
2026-03-02 13:40:28+00:00,0.9345
2026-03-02 13:41:27+00:00,0.934
2026-03-02 13:42:28+00:00,0.935
2026-03-02 13:43:32+00:00,0.935
2026-03-02 13:44:26+00:00,0.935
2026-03-02 13:45:35+00:00,0.935
2026-03-02 13:46:26+00:00,0.935
2026-03-02 13:47:38+00:00,0.935
2026-03-02 13:48:26+00:00,0.935
2026-03-02 13:49:27+00:00,0.935
2026-03-02 13:50:28+00:00,0.935
2026-03-02 13:51:27+00:00,0.935
2026-03-02 13:52:26+00:00,0.9335
2026-03-02 13:53:26+00:00,0.9335
2026-03-02 13:54:26+00:00,0.9335
2026-03-02 13:55:29+00:00,0.9335
2026-03-02 13:56:26+00:00,0.9335
2026-03-02 13:57:27+00:00,0.9335
2026-03-02 13:58:25+00:00,0.9335
2026-03-02 13:59:28+00:00,0.9335
2026-03-02 14:00:37+00:00,0.9335
2026-03-02 14:02:03+00:00,0.9335
2026-03-02 14:02:32+00:00,0.9335
2026-03-02 14:03:27+00:00,0.9335
2026-03-02 14:04:27+00:00,0.9335
2026-03-02 14:05:37+00:00,0.9335
2026-03-02 14:06:27+00:00,0.9335
2026-03-02 14:07:29+00:00,0.9335
2026-03-02 14:08:26+00:00,0.9335
2026-03-02 14:09:26+00:00,0.9335
2026-03-02 14:10:29+00:00,0.9335
2026-03-02 14:11:26+00:00,0.9335
2026-03-02 14:12:27+00:00,0.9335
2026-03-02 14:13:25+00:00,0.9335
2026-03-02 14:14:27+00:00,0.9335
2026-03-02 14:15:28+00:00,0.9335
2026-03-02 14:16:26+00:00,0.9335
2026-03-02 14:17:27+00:00,0.9335
2026-03-02 14:18:28+00:00,0.9335
2026-03-02 14:19:28+00:00,0.9335
2026-03-02 14:20:31+00:00,0.9335
2026-03-02 14:21:26+00:00,0.9335
2026-03-02 14:22:26+00:00,0.9335
2026-03-02 14:23:26+00:00,0.9335
2026-03-02 14:24:28+00:00,0.9335
2026-03-02 14:25:28+00:00,0.9335
2026-03-02 14:26:26+00:00,0.9335
2026-03-02 14:28:03+00:00,0.9335
2026-03-02 14:28:37+00:00,0.9335
2026-03-02 14:29:39+00:00,0.9335
2026-03-02 14:30:41+00:00,0.9335
2026-03-02 14:31:28+00:00,0.9335
2026-03-02 14:32:27+00:00,0.9335
2026-03-02 14:33:27+00:00,0.9335
2026-03-02 14:35:25+00:00,0.9335
2026-03-02 14:36:16+00:00,0.933
2026-03-02 14:36:45+00:00,0.9325
2026-03-02 14:37:27+00:00,0.9325
2026-03-02 14:38:27+00:00,0.9325
2026-03-02 14:39:27+00:00,0.9325
2026-03-02 14:40:33+00:00,0.9325
2026-03-02 14:41:28+00:00,0.9325
2026-03-02 14:42:26+00:00,0.9325
2026-03-02 14:43:28+00:00,0.9325
2026-03-02 14:44:27+00:00,0.9325
2026-03-02 14:45:29+00:00,0.9325
2026-03-02 14:46:27+00:00,0.9325
2026-03-02 14:47:28+00:00,0.9325
2026-03-02 14:48:27+00:00,0.9325
2026-03-02 14:49:26+00:00,0.9325
2026-03-02 14:50:30+00:00,0.9325
2026-03-02 14:51:28+00:00,0.9325
2026-03-02 14:52:28+00:00,0.9325
2026-03-02 14:53:27+00:00,0.9325
2026-03-02 14:54:28+00:00,0.9325
2026-03-02 14:55:28+00:00,0.9325
2026-03-02 14:56:26+00:00,0.9325
2026-03-02 14:57:28+00:00,0.9325
2026-03-02 14:58:33+00:00,0.9325
2026-03-02 14:59:32+00:00,0.9325
2026-03-02 15:01:11+00:00,0.9325
2026-03-02 15:01:51+00:00,0.9325
2026-03-02 15:02:27+00:00,0.9325
2026-03-02 15:03:29+00:00,0.9325
2026-03-02 15:04:28+00:00,0.9325
2026-03-02 15:05:32+00:00,0.9325
2026-03-02 15:06:26+00:00,0.9325
2026-03-02 15:07:26+00:00,0.9325
2026-03-02 15:08:28+00:00,0.9325
2026-03-02 15:09:26+00:00,0.9325
2026-03-02 15:10:31+00:00,0.9325
2026-03-02 15:11:27+00:00,0.9325
2026-03-02 15:12:28+00:00,0.934
2026-03-02 15:13:25+00:00,0.9345
2026-03-02 15:14:28+00:00,0.935
2026-03-02 15:15:33+00:00,0.9355
2026-03-02 15:16:29+00:00,0.9335
2026-03-02 15:17:28+00:00,0.9335
2026-03-02 15:18:39+00:00,0.9335
2026-03-02 15:19:27+00:00,0.9355
2026-03-02 15:20:30+00:00,0.935
2026-03-02 15:21:27+00:00,0.9355
2026-03-02 15:22:28+00:00,0.9355
2026-03-02 15:23:27+00:00,0.9355
2026-03-02 15:24:29+00:00,0.9355
2026-03-02 15:25:31+00:00,0.9345
2026-03-02 15:26:28+00:00,0.934
2026-03-02 15:27:57+00:00,0.934
2026-03-02 15:28:30+00:00,0.934
2026-03-02 15:29:28+00:00,0.934
2026-03-02 15:30:56+00:00,0.934
2026-03-02 15:31:27+00:00,0.934
2026-03-02 15:32:28+00:00,0.934
2026-03-02 15:33:27+00:00,0.934
2026-03-02 15:34:28+00:00,0.934
2026-03-02 15:35:40+00:00,0.934
2026-03-02 15:36:27+00:00,0.934
2026-03-02 15:37:27+00:00,0.934
2026-03-02 15:38:25+00:00,0.934
2026-03-02 15:39:27+00:00,0.934
2026-03-02 15:41:04+00:00,0.934
2026-03-02 15:41:35+00:00,0.934
2026-03-02 15:42:26+00:00,0.9345
2026-03-02 15:43:26+00:00,0.9345
2026-03-02 15:44:39+00:00,0.935
2026-03-02 15:45:43+00:00,0.933
2026-03-02 15:46:28+00:00,0.933
2026-03-02 15:47:27+00:00,0.9335
2026-03-02 15:48:27+00:00,0.9335
2026-03-02 15:49:27+00:00,0.934
2026-03-02 15:50:30+00:00,0.9345
2026-03-02 15:51:25+00:00,0.9345
2026-03-02 15:52:26+00:00,0.9345
2026-03-02 15:53:28+00:00,0.9325
2026-03-02 15:54:26+00:00,0.9325
2026-03-02 15:55:29+00:00,0.9325
2026-03-02 15:56:27+00:00,0.9325
2026-03-02 15:57:27+00:00,0.9325
2026-03-02 15:58:26+00:00,0.9325
2026-03-02 15:59:27+00:00,0.9325
2026-03-02 16:00:37+00:00,0.9325
2026-03-02 16:01:28+00:00,0.9325
2026-03-02 16:02:28+00:00,0.9325
2026-03-02 16:03:42+00:00,0.9325
2026-03-02 16:04:29+00:00,0.9325
2026-03-02 16:05:29+00:00,0.933
2026-03-02 16:07:01+00:00,0.933
2026-03-02 16:07:33+00:00,0.9335
2026-03-02 16:08:27+00:00,0.9335
2026-03-02 16:09:31+00:00,0.9335
2026-03-02 16:10:35+00:00,0.9335
2026-03-02 16:11:34+00:00,0.934
2026-03-02 16:12:26+00:00,0.9335
2026-03-02 16:13:27+00:00,0.9335
2026-03-02 16:14:27+00:00,0.9335
2026-03-02 16:15:29+00:00,0.934
2026-03-02 16:16:27+00:00,0.934
2026-03-02 16:17:28+00:00,0.934
2026-03-02 16:18:28+00:00,0.934
2026-03-02 16:19:29+00:00,0.9325
2026-03-02 16:20:45+00:00,0.9355
2026-03-02 16:21:28+00:00,0.936
2026-03-02 16:22:28+00:00,0.936
2026-03-02 16:23:25+00:00,0.936
2026-03-02 16:24:27+00:00,0.937
2026-03-02 16:25:30+00:00,0.937
2026-03-02 16:26:28+00:00,0.937
2026-03-02 16:27:27+00:00,0.937
2026-03-02 16:28:26+00:00,0.937
2026-03-02 16:29:25+00:00,0.9365
2026-03-02 16:30:37+00:00,0.9365
2026-03-02 16:31:29+00:00,0.9365
2026-03-02 16:33:00+00:00,0.9365
2026-03-02 16:33:35+00:00,0.9365
2026-03-02 16:34:29+00:00,0.937
2026-03-02 16:35:36+00:00,0.937
2026-03-02 16:36:29+00:00,0.937
2026-03-02 16:37:28+00:00,0.937
2026-03-02 16:38:28+00:00,0.937
2026-03-02 16:39:28+00:00,0.937
2026-03-02 16:40:30+00:00,0.937
2026-03-02 16:41:26+00:00,0.937
2026-03-02 16:42:26+00:00,0.937
2026-03-02 16:43:26+00:00,0.937
2026-03-02 16:44:27+00:00,0.937
2026-03-02 16:45:29+00:00,0.937
2026-03-02 16:46:28+00:00,0.937
2026-03-02 16:47:28+00:00,0.937
2026-03-02 16:48:28+00:00,0.937
2026-03-02 16:49:29+00:00,0.9365
2026-03-02 16:50:28+00:00,0.936
2026-03-02 16:51:27+00:00,0.936
2026-03-02 16:52:27+00:00,0.9365
2026-03-02 16:53:28+00:00,0.937
2026-03-02 16:54:26+00:00,0.936
2026-03-02 16:55:29+00:00,0.936
2026-03-02 16:56:27+00:00,0.936
2026-03-02 16:57:26+00:00,0.936
2026-03-02 16:59:00+00:00,0.936
2026-03-02 16:59:33+00:00,0.936
2026-03-02 17:01:23+00:00,0.936
2026-03-02 17:01:54+00:00,0.936
2026-03-02 17:02:28+00:00,0.936
2026-03-02 17:03:27+00:00,0.9355
2026-03-02 17:04:28+00:00,0.936
2026-03-02 17:05:31+00:00,0.9365
2026-03-02 17:06:27+00:00,0.936
2026-03-02 17:07:28+00:00,0.9365
2026-03-02 17:08:27+00:00,0.9365
2026-03-02 17:09:25+00:00,0.9365
2026-03-02 17:10:30+00:00,0.9365
2026-03-02 17:11:28+00:00,0.9365
2026-03-02 17:12:28+00:00,0.9365
2026-03-02 17:13:28+00:00,0.936
2026-03-02 17:14:26+00:00,0.936
2026-03-02 17:15:29+00:00,0.936
2026-03-02 17:16:43+00:00,0.936
2026-03-02 17:17:29+00:00,0.936
2026-03-02 17:18:29+00:00,0.936
2026-03-02 17:19:28+00:00,0.936
2026-03-02 17:20:30+00:00,0.936
2026-03-02 17:21:28+00:00,0.936
2026-03-02 17:22:29+00:00,0.9365
2026-03-02 17:23:29+00:00,0.9355
2026-03-02 17:25:04+00:00,0.9355
2026-03-02 17:25:51+00:00,0.9355
2026-03-02 17:26:28+00:00,0.9355
2026-03-02 17:27:28+00:00,0.9355
2026-03-02 17:28:27+00:00,0.9355
2026-03-02 17:29:29+00:00,0.9355
2026-03-02 17:30:36+00:00,0.9355
2026-03-02 17:31:28+00:00,0.9355
2026-03-02 17:32:28+00:00,0.9355
2026-03-02 17:33:27+00:00,0.9355
2026-03-02 17:34:50+00:00,0.9355
2026-03-02 17:35:44+00:00,0.9355
2026-03-02 17:36:29+00:00,0.936
2026-03-02 17:37:27+00:00,0.936
2026-03-02 17:38:39+00:00,0.9365
2026-03-02 17:39:26+00:00,0.9365
2026-03-02 17:40:30+00:00,0.9365
2026-03-02 17:41:27+00:00,0.9365
2026-03-02 17:42:29+00:00,0.9365
2026-03-02 17:43:28+00:00,0.9365
2026-03-02 17:44:27+00:00,0.9365
2026-03-02 17:45:31+00:00,0.937
2026-03-02 17:46:29+00:00,0.936
2026-03-02 17:47:30+00:00,0.936
2026-03-02 17:48:27+00:00,0.935
2026-03-02 17:49:28+00:00,0.935
2026-03-02 17:50:30+00:00,0.9355
2026-03-02 17:51:29+00:00,0.935
2026-03-02 17:52:28+00:00,0.935
2026-03-02 17:53:28+00:00,0.935
2026-03-02 17:54:28+00:00,0.935
2026-03-02 17:55:30+00:00,0.935
2026-03-02 17:56:27+00:00,0.9355
2026-03-02 17:57:29+00:00,0.9355
2026-03-02 17:58:28+00:00,0.935
2026-03-02 17:59:43+00:00,0.9355
2026-03-02 18:01:15+00:00,0.9355
2026-03-02 18:01:48+00:00,0.935
2026-03-02 18:02:27+00:00,0.935
2026-03-02 18:03:29+00:00,0.9355
2026-03-02 18:04:26+00:00,0.9355
2026-03-02 18:05:34+00:00,0.9355
2026-03-02 18:06:29+00:00,0.9355
2026-03-02 18:07:29+00:00,0.9355
2026-03-02 18:08:29+00:00,0.936
2026-03-02 18:09:28+00:00,0.935
2026-03-02 18:10:30+00:00,0.9355
2026-03-02 18:11:28+00:00,0.9355
2026-03-02 18:12:29+00:00,0.937
2026-03-02 18:13:28+00:00,0.936
2026-03-02 18:14:28+00:00,0.936
2026-03-02 18:15:31+00:00,0.936
2026-03-02 18:16:28+00:00,0.936
2026-03-02 18:17:28+00:00,0.936
2026-03-02 18:18:29+00:00,0.936
2026-03-02 18:19:30+00:00,0.9365
2026-03-02 18:20:31+00:00,0.9365
2026-03-02 18:21:28+00:00,0.9355
2026-03-02 18:22:30+00:00,0.9355
2026-03-02 18:23:30+00:00,0.9355
2026-03-02 18:24:28+00:00,0.936
2026-03-02 18:25:31+00:00,0.936
2026-03-02 18:26:58+00:00,0.936
2026-03-02 18:27:36+00:00,0.936
2026-03-02 18:28:28+00:00,0.937
2026-03-02 18:29:28+00:00,0.936
2026-03-02 18:30:46+00:00,0.9365
2026-03-02 18:31:28+00:00,0.937
2026-03-02 18:32:28+00:00,0.936
2026-03-02 18:33:28+00:00,0.936
2026-03-02 18:34:29+00:00,0.936
2026-03-02 18:35:36+00:00,0.936
2026-03-02 18:36:29+00:00,0.936
2026-03-02 18:37:34+00:00,0.936
2026-03-02 18:38:29+00:00,0.936
2026-03-02 18:39:30+00:00,0.936
2026-03-02 18:40:30+00:00,0.936
2026-03-02 18:41:29+00:00,0.936
2026-03-02 18:42:29+00:00,0.936
2026-03-02 18:43:31+00:00,0.936
2026-03-02 18:44:28+00:00,0.9365
2026-03-02 18:45:29+00:00,0.9355
2026-03-02 18:46:27+00:00,0.9355
2026-03-02 18:47:29+00:00,0.9355
2026-03-02 18:48:29+00:00,0.9355
2026-03-02 18:49:30+00:00,0.9355
2026-03-02 18:50:32+00:00,0.9355
2026-03-02 18:51:28+00:00,0.9355
2026-03-02 18:53:02+00:00,0.9355
2026-03-02 18:53:37+00:00,0.9355
2026-03-02 18:54:30+00:00,0.9355
2026-03-02 18:55:38+00:00,0.9355
2026-03-02 18:56:29+00:00,0.9355
2026-03-02 18:57:29+00:00,0.9355
2026-03-02 18:58:29+00:00,0.9355
2026-03-02 18:59:30+00:00,0.9355
2026-03-02 19:00:40+00:00,0.9355
2026-03-02 19:02:01+00:00,0.9355
2026-03-02 19:02:36+00:00,0.9355
2026-03-02 19:03:28+00:00,0.9355
2026-03-02 19:04:29+00:00,0.9355
2026-03-02 19:05:37+00:00,0.9355
2026-03-02 19:06:28+00:00,0.9355
2026-03-02 19:07:28+00:00,0.9355
2026-03-02 19:08:29+00:00,0.9355
2026-03-02 19:09:29+00:00,0.9355
2026-03-02 19:10:31+00:00,0.9355
2026-03-02 19:11:28+00:00,0.9355
2026-03-02 19:12:29+00:00,0.9355
2026-03-02 19:13:28+00:00,0.9355
2026-03-02 19:14:29+00:00,0.9355
2026-03-02 19:15:29+00:00,0.9355
2026-03-02 19:16:30+00:00,0.9355
2026-03-02 19:17:30+00:00,0.936
2026-03-02 19:18:28+00:00,0.936
2026-03-02 19:19:28+00:00,0.936
2026-03-02 19:20:30+00:00,0.936
2026-03-02 19:21:29+00:00,0.936
2026-03-02 19:22:28+00:00,0.936
2026-03-02 19:23:29+00:00,0.936
2026-03-02 19:24:29+00:00,0.936
2026-03-02 19:25:29+00:00,0.9365
2026-03-02 19:27:09+00:00,0.9365
2026-03-02 19:28:12+00:00,0.9365
2026-03-02 19:28:46+00:00,0.9365
2026-03-02 19:29:27+00:00,0.936
2026-03-02 19:30:45+00:00,0.936
2026-03-02 19:31:28+00:00,0.936
2026-03-02 19:32:27+00:00,0.936
2026-03-02 19:33:29+00:00,0.936
2026-03-02 19:34:27+00:00,0.936
2026-03-02 19:35:29+00:00,0.936
2026-03-02 19:36:28+00:00,0.936
2026-03-02 19:37:27+00:00,0.936
2026-03-02 19:38:28+00:00,0.936
2026-03-02 19:39:27+00:00,0.936
2026-03-02 19:40:30+00:00,0.936
2026-03-02 19:41:28+00:00,0.936
2026-03-02 19:42:29+00:00,0.936
2026-03-02 19:43:29+00:00,0.936
2026-03-02 19:44:30+00:00,0.936
2026-03-02 19:45:30+00:00,0.936
2026-03-02 19:46:28+00:00,0.936
2026-03-02 19:47:29+00:00,0.936
2026-03-02 19:48:28+00:00,0.936
2026-03-02 19:49:28+00:00,0.936
2026-03-02 19:50:37+00:00,0.936
2026-03-02 19:51:35+00:00,0.936
2026-03-02 19:52:28+00:00,0.936
2026-03-02 19:53:57+00:00,0.936
2026-03-02 19:54:31+00:00,0.936
2026-03-02 19:55:57+00:00,0.936
2026-03-02 19:56:39+00:00,0.936
2026-03-02 19:57:28+00:00,0.936
2026-03-02 19:58:28+00:00,0.936
2026-03-02 19:59:28+00:00,0.936
2026-03-02 20:00:40+00:00,0.936
2026-03-02 20:01:41+00:00,0.936
2026-03-02 20:02:29+00:00,0.936
2026-03-02 20:03:28+00:00,0.936
2026-03-02 20:04:29+00:00,0.936
2026-03-02 20:05:30+00:00,0.936
2026-03-02 20:06:28+00:00,0.936
2026-03-02 20:07:29+00:00,0.936
2026-03-02 20:08:27+00:00,0.936
2026-03-02 20:09:28+00:00,0.936
2026-03-02 20:10:32+00:00,0.936
2026-03-02 20:11:28+00:00,0.936
2026-03-02 20:12:31+00:00,0.936
2026-03-02 20:13:29+00:00,0.936
2026-03-02 20:14:28+00:00,0.936
2026-03-02 20:15:31+00:00,0.9365
2026-03-02 20:16:29+00:00,0.936
2026-03-02 20:17:43+00:00,0.936
2026-03-02 20:18:29+00:00,0.936
2026-03-02 20:19:28+00:00,0.936
2026-03-02 20:20:30+00:00,0.936
2026-03-02 20:21:48+00:00,0.936
2026-03-02 20:22:42+00:00,0.936
2026-03-02 20:23:28+00:00,0.936
2026-03-02 20:24:28+00:00,0.936
2026-03-02 20:25:36+00:00,0.936
2026-03-02 20:26:28+00:00,0.936
2026-03-02 20:27:27+00:00,0.936
2026-03-02 20:28:28+00:00,0.936
2026-03-02 20:29:28+00:00,0.936
2026-03-02 20:30:38+00:00,0.936
2026-03-02 20:31:29+00:00,0.936
2026-03-02 20:32:29+00:00,0.936
2026-03-02 20:33:28+00:00,0.936
2026-03-02 20:34:28+00:00,0.936
2026-03-02 20:35:31+00:00,0.936
2026-03-02 20:36:29+00:00,0.936
2026-03-02 20:37:29+00:00,0.936
2026-03-02 20:38:28+00:00,0.936
2026-03-02 20:39:29+00:00,0.936
2026-03-02 20:40:31+00:00,0.936
2026-03-02 20:41:28+00:00,0.936
2026-03-02 20:42:27+00:00,0.936
2026-03-02 20:43:27+00:00,0.936
2026-03-02 20:44:27+00:00,0.936
2026-03-02 20:45:31+00:00,0.936
2026-03-02 20:46:28+00:00,0.936
2026-03-02 20:47:55+00:00,0.936
2026-03-02 20:48:36+00:00,0.936
2026-03-02 20:49:28+00:00,0.936
2026-03-02 20:50:38+00:00,0.936
2026-03-02 20:51:29+00:00,0.936
2026-03-02 20:52:28+00:00,0.936
2026-03-02 20:53:29+00:00,0.936
2026-03-02 20:54:28+00:00,0.936
2026-03-02 20:55:33+00:00,0.936
2026-03-02 20:56:29+00:00,0.936
2026-03-02 20:57:29+00:00,0.936
2026-03-02 20:58:29+00:00,0.936
2026-03-02 20:59:28+00:00,0.936
2026-03-02 21:00:42+00:00,0.936
2026-03-02 21:01:35+00:00,0.936
2026-03-02 21:02:28+00:00,0.936
2026-03-02 21:03:36+00:00,0.936
2026-03-02 21:04:28+00:00,0.936
2026-03-02 21:05:30+00:00,0.936
2026-03-02 21:06:28+00:00,0.936
2026-03-02 21:07:28+00:00,0.936
2026-03-02 21:08:28+00:00,0.936
2026-03-02 21:09:29+00:00,0.936
2026-03-02 21:10:31+00:00,0.936
2026-03-02 21:11:28+00:00,0.936
2026-03-02 21:12:29+00:00,0.936
2026-03-02 21:13:55+00:00,0.936
2026-03-02 21:14:39+00:00,0.936
2026-03-02 21:15:37+00:00,0.936
2026-03-02 21:16:29+00:00,0.936
2026-03-02 21:17:29+00:00,0.936
2026-03-02 21:18:28+00:00,0.936
2026-03-02 21:19:31+00:00,0.936
2026-03-02 21:20:31+00:00,0.936
2026-03-02 21:21:28+00:00,0.936
2026-03-02 21:22:28+00:00,0.936
2026-03-02 21:23:28+00:00,0.936
2026-03-02 21:24:27+00:00,0.936
2026-03-02 21:25:33+00:00,0.9355
2026-03-02 21:26:30+00:00,0.9355
2026-03-02 21:27:28+00:00,0.9355
2026-03-02 21:28:27+00:00,0.9355
2026-03-02 21:29:27+00:00,0.9355
2026-03-02 21:30:37+00:00,0.9355
2026-03-02 21:31:28+00:00,0.9355
2026-03-02 21:32:28+00:00,0.9355
2026-03-02 21:33:28+00:00,0.9355
2026-03-02 21:34:28+00:00,0.9355
2026-03-02 21:35:30+00:00,0.9355
2026-03-02 21:36:40+00:00,0.9355
2026-03-02 21:37:27+00:00,0.9355
2026-03-02 21:38:28+00:00,0.9355
2026-03-02 21:39:41+00:00,0.9355
2026-03-02 21:41:10+00:00,0.9355
2026-03-02 21:41:43+00:00,0.9355
2026-03-02 21:42:26+00:00,0.9355
2026-03-02 21:43:27+00:00,0.9355
2026-03-02 21:44:27+00:00,0.9355
2026-03-02 21:45:31+00:00,0.9355
2026-03-02 21:46:28+00:00,0.9355
2026-03-02 21:47:28+00:00,0.9355
2026-03-02 21:48:27+00:00,0.9355
2026-03-02 21:49:27+00:00,0.9355
2026-03-02 21:50:29+00:00,0.9355
2026-03-02 21:51:27+00:00,0.9355
2026-03-02 21:53:07+00:00,0.9355
2026-03-02 21:53:40+00:00,0.9355
2026-03-02 21:54:29+00:00,0.9355
2026-03-02 21:55:31+00:00,0.9355
2026-03-02 21:56:27+00:00,0.9355
2026-03-02 21:57:26+00:00,0.9355
2026-03-02 21:58:28+00:00,0.9355
2026-03-02 21:59:27+00:00,0.9355
2026-03-02 22:00:38+00:00,0.9355
2026-03-02 22:01:28+00:00,0.9355
2026-03-02 22:02:30+00:00,0.9355
2026-03-02 22:03:27+00:00,0.9355
2026-03-02 22:04:28+00:00,0.9355
2026-03-02 22:05:31+00:00,0.9355
2026-03-02 22:07:00+00:00,0.9355
2026-03-02 22:07:31+00:00,0.9355
2026-03-02 22:08:29+00:00,0.9355
2026-03-02 22:09:28+00:00,0.936
2026-03-02 22:10:38+00:00,0.936
2026-03-02 22:11:29+00:00,0.936
2026-03-02 22:13:00+00:00,0.936
2026-03-02 22:13:32+00:00,0.936
2026-03-02 22:14:28+00:00,0.936
2026-03-02 22:15:39+00:00,0.936
2026-03-02 22:16:34+00:00,0.936
2026-03-02 22:17:33+00:00,0.936
2026-03-02 22:18:28+00:00,0.936
2026-03-02 22:19:28+00:00,0.936
2026-03-02 22:20:30+00:00,0.936
2026-03-02 22:21:28+00:00,0.936
2026-03-02 22:22:27+00:00,0.936
2026-03-02 22:23:28+00:00,0.936
2026-03-02 22:24:28+00:00,0.936
2026-03-02 22:25:30+00:00,0.9365
2026-03-02 22:26:27+00:00,0.936
2026-03-02 22:27:28+00:00,0.936
2026-03-02 22:28:26+00:00,0.936
2026-03-02 22:29:26+00:00,0.936
2026-03-02 22:30:39+00:00,0.936
2026-03-02 22:31:27+00:00,0.936
2026-03-02 22:32:28+00:00,0.936
2026-03-02 22:33:27+00:00,0.936
2026-03-02 22:34:38+00:00,0.935
2026-03-02 22:35:28+00:00,0.9355
2026-03-02 22:36:27+00:00,0.9355
2026-03-02 22:37:41+00:00,0.9355
2026-03-02 22:39:00+00:00,0.9355
2026-03-02 22:39:32+00:00,0.9355
2026-03-02 22:40:36+00:00,0.936
2026-03-02 22:41:27+00:00,0.9355
2026-03-02 22:42:41+00:00,0.9355
2026-03-02 22:43:26+00:00,0.9355
2026-03-02 22:44:28+00:00,0.935
2026-03-02 22:45:43+00:00,0.935
2026-03-02 22:46:25+00:00,0.9355
2026-03-02 22:47:29+00:00,0.935
2026-03-02 22:48:27+00:00,0.935
2026-03-02 22:49:28+00:00,0.935
2026-03-02 22:50:28+00:00,0.935
2026-03-02 22:51:26+00:00,0.935
2026-03-02 22:52:26+00:00,0.935
2026-03-02 22:53:26+00:00,0.935
2026-03-02 22:54:26+00:00,0.935
2026-03-02 22:55:29+00:00,0.935
2026-03-02 22:56:25+00:00,0.935
2026-03-02 22:57:26+00:00,0.935
2026-03-02 22:58:25+00:00,0.935
2026-03-02 22:59:26+00:00,0.935
2026-03-02 23:00:36+00:00,0.935
2026-03-02 23:01:26+00:00,0.935
2026-03-02 23:02:27+00:00,0.935
2026-03-02 23:03:29+00:00,0.935
2026-03-02 23:04:59+00:00,0.935
2026-03-02 23:05:40+00:00,0.935
2026-03-02 23:06:27+00:00,0.935
2026-03-02 23:07:27+00:00,0.935
2026-03-02 23:08:26+00:00,0.935
2026-03-02 23:09:26+00:00,0.935
2026-03-02 23:10:31+00:00,0.935
2026-03-02 23:11:28+00:00,0.935
2026-03-02 23:12:27+00:00,0.935
2026-03-02 23:13:28+00:00,0.935
2026-03-02 23:14:28+00:00,0.935
2026-03-02 23:15:29+00:00,0.935
2026-03-02 23:16:27+00:00,0.935
2026-03-02 23:17:28+00:00,0.9345
2026-03-02 23:18:28+00:00,0.9345
2026-03-02 23:19:30+00:00,0.9345
2026-03-02 23:20:30+00:00,0.9345
2026-03-02 23:21:29+00:00,0.9345
2026-03-02 23:22:41+00:00,0.9345
2026-03-02 23:23:28+00:00,0.9345
2026-03-02 23:24:28+00:00,0.9345
2026-03-02 23:25:29+00:00,0.9345
2026-03-02 23:26:27+00:00,0.9345
2026-03-02 23:27:33+00:00,0.9345
2026-03-02 23:28:27+00:00,0.9345
2026-03-02 23:29:33+00:00,0.9345
2026-03-02 23:31:12+00:00,0.9345
2026-03-02 23:31:45+00:00,0.9345
2026-03-02 23:32:29+00:00,0.9345
2026-03-02 23:33:27+00:00,0.9345
2026-03-02 23:34:28+00:00,0.9345
2026-03-02 23:35:32+00:00,0.9345
2026-03-02 23:36:27+00:00,0.9345
2026-03-02 23:37:28+00:00,0.9345
2026-03-02 23:38:28+00:00,0.9345
2026-03-02 23:39:30+00:00,0.9345
2026-03-02 23:40:30+00:00,0.9345
2026-03-02 23:41:27+00:00,0.9345
2026-03-02 23:42:27+00:00,0.9345
2026-03-02 23:43:29+00:00,0.9345
2026-03-02 23:44:28+00:00,0.9345
2026-03-02 23:45:28+00:00,0.9345
2026-03-02 23:46:28+00:00,0.9345
2026-03-02 23:47:29+00:00,0.9345
2026-03-02 23:48:28+00:00,0.9345
2026-03-02 23:49:28+00:00,0.9345
2026-03-02 23:50:30+00:00,0.9345
2026-03-02 23:51:29+00:00,0.9345
2026-03-02 23:52:27+00:00,0.9345
2026-03-02 23:53:29+00:00,0.9345
2026-03-02 23:54:27+00:00,0.9345
2026-03-02 23:55:30+00:00,0.9345
2026-03-02 23:57:02+00:00,0.9345
2026-03-02 23:57:34+00:00,0.9345
2026-03-02 23:58:25+00:00,0.9345
2026-03-02 23:59:26+00:00,0.9345
2026-03-03 00:00:59+00:00,0.9345
2026-03-03 00:01:31+00:00,0.9345
2026-03-03 00:02:44+00:00,0.9345
2026-03-03 00:03:26+00:00,0.9345
2026-03-03 00:04:28+00:00,0.9345
2026-03-03 00:05:37+00:00,0.9345
2026-03-03 00:06:27+00:00,0.9345
2026-03-03 00:07:26+00:00,0.9345
2026-03-03 00:08:27+00:00,0.9345
2026-03-03 00:09:26+00:00,0.9345
2026-03-03 00:10:29+00:00,0.9345
2026-03-03 00:11:26+00:00,0.9345
2026-03-03 00:12:26+00:00,0.9345
2026-03-03 00:13:25+00:00,0.9345
2026-03-03 00:14:36+00:00,0.9345
2026-03-03 00:15:30+00:00,0.9345
2026-03-03 00:16:28+00:00,0.9345
2026-03-03 00:17:26+00:00,0.9345
2026-03-03 00:18:51+00:00,0.9345
2026-03-03 00:19:28+00:00,0.9345
2026-03-03 00:20:31+00:00,0.9345
2026-03-03 00:21:28+00:00,0.9345
2026-03-03 00:22:27+00:00,0.9345
2026-03-03 00:23:28+00:00,0.9345
2026-03-03 00:24:28+00:00,0.9345
2026-03-03 00:25:31+00:00,0.9345
2026-03-03 00:26:27+00:00,0.9345
2026-03-03 00:27:27+00:00,0.9345
2026-03-03 00:28:45+00:00,0.9345
2026-03-03 00:29:28+00:00,0.9345
2026-03-03 00:30:43+00:00,0.9345
2026-03-03 00:31:28+00:00,0.9345
2026-03-03 00:32:29+00:00,0.9345
2026-03-03 00:33:27+00:00,0.9345
2026-03-03 00:34:27+00:00,0.9345
2026-03-03 00:35:42+00:00,0.9345
2026-03-03 00:36:27+00:00,0.9345
2026-03-03 00:37:26+00:00,0.9345
2026-03-03 00:38:27+00:00,0.9345
2026-03-03 00:39:27+00:00,0.9345
2026-03-03 00:40:41+00:00,0.9345
2026-03-03 00:41:27+00:00,0.9345
2026-03-03 00:42:29+00:00,0.9345
2026-03-03 00:43:29+00:00,0.9345
2026-03-03 00:44:28+00:00,0.9345
2026-03-03 00:45:29+00:00,0.9345
2026-03-03 00:46:27+00:00,0.9345
2026-03-03 00:47:28+00:00,0.9345
2026-03-03 00:48:29+00:00,0.9345
2026-03-03 00:49:27+00:00,0.9345
2026-03-03 00:50:28+00:00,0.9345
2026-03-03 00:51:28+00:00,0.9345
2026-03-03 00:52:27+00:00,0.9345
2026-03-03 00:53:28+00:00,0.9345
2026-03-03 00:54:48+00:00,0.935
2026-03-03 00:55:36+00:00,0.935
2026-03-03 00:56:28+00:00,0.935
2026-03-03 00:57:27+00:00,0.935
2026-03-03 00:58:27+00:00,0.935
2026-03-03 00:59:27+00:00,0.935
2026-03-03 01:00:37+00:00,0.935
2026-03-03 01:01:27+00:00,0.935
2026-03-03 01:02:28+00:00,0.935
2026-03-03 01:03:27+00:00,0.935
2026-03-03 01:04:30+00:00,0.935
2026-03-03 01:05:30+00:00,0.935
2026-03-03 01:06:26+00:00,0.935
2026-03-03 01:07:27+00:00,0.935
2026-03-03 01:08:28+00:00,0.935
2026-03-03 01:09:27+00:00,0.935
2026-03-03 01:10:42+00:00,0.935
2026-03-03 01:11:28+00:00,0.935
2026-03-03 01:12:36+00:00,0.935
2026-03-03 01:13:40+00:00,0.935
2026-03-03 01:14:28+00:00,0.935
2026-03-03 01:15:52+00:00,0.935
2026-03-03 01:16:28+00:00,0.935
2026-03-03 01:17:43+00:00,0.935
2026-03-03 01:18:27+00:00,0.935
2026-03-03 01:19:28+00:00,0.935
2026-03-03 01:20:28+00:00,0.935
2026-03-03 01:21:28+00:00,0.935
2026-03-03 01:22:27+00:00,0.935
2026-03-03 01:23:28+00:00,0.935
2026-03-03 01:24:26+00:00,0.935
2026-03-03 01:25:29+00:00,0.935
2026-03-03 01:26:27+00:00,0.935
2026-03-03 01:27:53+00:00,0.935
2026-03-03 01:28:27+00:00,0.935
2026-03-03 01:29:26+00:00,0.935
2026-03-03 01:30:44+00:00,0.935
2026-03-03 01:31:27+00:00,0.935
2026-03-03 01:32:28+00:00,0.935
2026-03-03 01:33:28+00:00,0.935
2026-03-03 01:34:29+00:00,0.935
2026-03-03 01:35:30+00:00,0.935
2026-03-03 01:36:29+00:00,0.935
2026-03-03 01:37:28+00:00,0.935
2026-03-03 01:38:26+00:00,0.935
2026-03-03 01:39:29+00:00,0.935
2026-03-03 01:40:30+00:00,0.935
2026-03-03 01:41:27+00:00,0.935
2026-03-03 01:42:27+00:00,0.935
2026-03-03 01:43:28+00:00,0.935
2026-03-03 01:44:28+00:00,0.935
2026-03-03 01:45:30+00:00,0.935
2026-03-03 01:46:27+00:00,0.935
2026-03-03 01:47:27+00:00,0.935
2026-03-03 01:48:27+00:00,0.935
2026-03-03 01:49:28+00:00,0.935
2026-03-03 01:50:30+00:00,0.935
2026-03-03 01:51:26+00:00,0.935
2026-03-03 01:52:28+00:00,0.935
2026-03-03 01:53:59+00:00,0.935
2026-03-03 01:54:33+00:00,0.935
2026-03-03 01:55:40+00:00,0.935
2026-03-03 01:56:28+00:00,0.935
2026-03-03 01:57:27+00:00,0.935
2026-03-03 01:58:26+00:00,0.935
2026-03-03 01:59:27+00:00,0.935
2026-03-03 02:00:50+00:00,0.935
2026-03-03 02:01:27+00:00,0.935
2026-03-03 02:02:28+00:00,0.935
2026-03-03 02:03:27+00:00,0.935
2026-03-03 02:04:27+00:00,0.935
2026-03-03 02:05:30+00:00,0.935
2026-03-03 02:06:28+00:00,0.935
2026-03-03 02:07:28+00:00,0.935
2026-03-03 02:08:27+00:00,0.935
2026-03-03 02:09:28+00:00,0.935
2026-03-03 02:10:31+00:00,0.935
2026-03-03 02:11:28+00:00,0.935
2026-03-03 02:12:27+00:00,0.935
2026-03-03 02:13:28+00:00,0.935
2026-03-03 02:14:27+00:00,0.935
2026-03-03 02:15:31+00:00,0.935
2026-03-03 02:16:29+00:00,0.935
2026-03-03 02:17:31+00:00,0.935
2026-03-03 02:18:36+00:00,0.935
2026-03-03 02:19:49+00:00,0.935
2026-03-03 02:20:48+00:00,0.935
2026-03-03 02:21:27+00:00,0.935
2026-03-03 02:22:28+00:00,0.935
2026-03-03 02:23:28+00:00,0.935
2026-03-03 02:24:28+00:00,0.935
2026-03-03 02:25:32+00:00,0.935
2026-03-03 02:26:27+00:00,0.935
2026-03-03 02:27:28+00:00,0.935
2026-03-03 02:28:28+00:00,0.935
2026-03-03 02:29:27+00:00,0.935
2026-03-03 02:30:39+00:00,0.935
2026-03-03 02:31:27+00:00,0.935
2026-03-03 02:32:28+00:00,0.935
2026-03-03 02:33:27+00:00,0.935
2026-03-03 02:34:29+00:00,0.935
2026-03-03 02:35:30+00:00,0.935
2026-03-03 02:36:28+00:00,0.935
2026-03-03 02:37:27+00:00,0.935
2026-03-03 02:38:41+00:00,0.935
2026-03-03 02:39:27+00:00,0.935
2026-03-03 02:40:30+00:00,0.935
2026-03-03 02:41:27+00:00,0.935
2026-03-03 02:42:29+00:00,0.935
2026-03-03 02:43:41+00:00,0.935
2026-03-03 02:44:57+00:00,0.935
2026-03-03 02:45:50+00:00,0.935
2026-03-03 02:46:27+00:00,0.935
2026-03-03 02:47:29+00:00,0.935
2026-03-03 02:48:27+00:00,0.935
2026-03-03 02:49:28+00:00,0.935
2026-03-03 02:50:30+00:00,0.935
2026-03-03 02:51:28+00:00,0.935
2026-03-03 02:52:27+00:00,0.935
2026-03-03 02:53:28+00:00,0.935
2026-03-03 02:54:28+00:00,0.935
2026-03-03 02:55:29+00:00,0.935
2026-03-03 02:56:26+00:00,0.935
2026-03-03 02:57:28+00:00,0.935
2026-03-03 02:58:29+00:00,0.935
2026-03-03 02:59:28+00:00,0.935
2026-03-03 03:00:45+00:00,0.935
2026-03-03 03:01:29+00:00,0.935
2026-03-03 03:02:29+00:00,0.935
2026-03-03 03:03:29+00:00,0.935
2026-03-03 03:04:39+00:00,0.935
2026-03-03 03:05:29+00:00,0.935
2026-03-03 03:06:26+00:00,0.935
2026-03-03 03:07:29+00:00,0.935
2026-03-03 03:08:29+00:00,0.935
2026-03-03 03:09:30+00:00,0.935
2026-03-03 03:11:04+00:00,0.935
2026-03-03 03:11:37+00:00,0.935
2026-03-03 03:12:26+00:00,0.935
2026-03-03 03:13:26+00:00,0.935
2026-03-03 03:14:28+00:00,0.935
2026-03-03 03:15:31+00:00,0.935
2026-03-03 03:16:27+00:00,0.935
2026-03-03 03:17:26+00:00,0.935
2026-03-03 03:18:30+00:00,0.935
2026-03-03 03:19:27+00:00,0.935
2026-03-03 03:20:30+00:00,0.935
2026-03-03 03:21:27+00:00,0.935
2026-03-03 03:22:27+00:00,0.935
2026-03-03 03:23:27+00:00,0.935
2026-03-03 03:24:28+00:00,0.935
2026-03-03 03:25:29+00:00,0.935
2026-03-03 03:26:26+00:00,0.935
2026-03-03 03:27:28+00:00,0.935
2026-03-03 03:28:27+00:00,0.935
2026-03-03 03:29:27+00:00,0.935
2026-03-03 03:30:42+00:00,0.935
2026-03-03 03:31:26+00:00,0.935
2026-03-03 03:32:27+00:00,0.935
2026-03-03 03:33:27+00:00,0.935
2026-03-03 03:34:28+00:00,0.935
2026-03-03 03:35:29+00:00,0.935
2026-03-03 03:37:11+00:00,0.935
2026-03-03 03:37:43+00:00,0.935
2026-03-03 03:38:26+00:00,0.935
2026-03-03 03:39:28+00:00,0.935
2026-03-03 03:40:36+00:00,0.935
2026-03-03 03:42:02+00:00,0.935
2026-03-03 03:42:33+00:00,0.935
2026-03-03 03:43:27+00:00,0.935
2026-03-03 03:44:27+00:00,0.935
2026-03-03 03:45:36+00:00,0.935
2026-03-03 03:46:26+00:00,0.9355
2026-03-03 03:47:27+00:00,0.9355
2026-03-03 03:48:27+00:00,0.935
2026-03-03 03:49:27+00:00,0.935
2026-03-03 03:50:28+00:00,0.935
2026-03-03 03:51:26+00:00,0.935
2026-03-03 03:52:27+00:00,0.935
2026-03-03 03:53:28+00:00,0.935
2026-03-03 03:54:28+00:00,0.935
2026-03-03 03:55:29+00:00,0.935
2026-03-03 03:56:25+00:00,0.9355
2026-03-03 03:57:26+00:00,0.9355
2026-03-03 03:58:26+00:00,0.9355
2026-03-03 03:59:27+00:00,0.9355
2026-03-03 04:00:37+00:00,0.9355
2026-03-03 04:01:27+00:00,0.9355
2026-03-03 04:02:26+00:00,0.9355
2026-03-03 04:03:28+00:00,0.9355
2026-03-03 04:04:29+00:00,0.9355
2026-03-03 04:05:27+00:00,0.9355
2026-03-03 04:06:26+00:00,0.9355
2026-03-03 04:08:01+00:00,0.9355
2026-03-03 04:08:33+00:00,0.9355
2026-03-03 04:09:27+00:00,0.9355
2026-03-03 04:10:38+00:00,0.9355
2026-03-03 04:11:26+00:00,0.9355
2026-03-03 04:12:26+00:00,0.935
2026-03-03 04:13:27+00:00,0.935
2026-03-03 04:14:28+00:00,0.935
2026-03-03 04:15:29+00:00,0.935
2026-03-03 04:16:27+00:00,0.935
2026-03-03 04:17:27+00:00,0.935
2026-03-03 04:18:28+00:00,0.935
2026-03-03 04:19:33+00:00,0.935
2026-03-03 04:20:30+00:00,0.935
2026-03-03 04:21:31+00:00,0.935
2026-03-03 04:22:28+00:00,0.935
2026-03-03 04:24:00+00:00,0.935
2026-03-03 04:24:33+00:00,0.935
2026-03-03 04:25:34+00:00,0.935
2026-03-03 04:26:27+00:00,0.935
2026-03-03 04:27:27+00:00,0.935
2026-03-03 04:28:26+00:00,0.935
2026-03-03 04:29:25+00:00,0.935
2026-03-03 04:30:37+00:00,0.935
2026-03-03 04:31:27+00:00,0.935
2026-03-03 04:32:38+00:00,0.935
2026-03-03 04:33:25+00:00,0.935
2026-03-03 04:34:27+00:00,0.935
2026-03-03 04:35:28+00:00,0.935
2026-03-03 04:36:27+00:00,0.935
2026-03-03 04:37:26+00:00,0.935
2026-03-03 04:38:28+00:00,0.9355
2026-03-03 04:39:27+00:00,0.936
2026-03-03 04:40:30+00:00,0.9375
2026-03-03 04:41:27+00:00,0.935
2026-03-03 04:42:29+00:00,0.9355
2026-03-03 04:43:28+00:00,0.9355
2026-03-03 04:44:28+00:00,0.9355
2026-03-03 04:45:29+00:00,0.9355
2026-03-03 04:46:27+00:00,0.936
2026-03-03 04:47:26+00:00,0.936
2026-03-03 04:48:26+00:00,0.9365
2026-03-03 04:50:02+00:00,0.936
2026-03-03 04:50:45+00:00,0.9355
2026-03-03 04:51:29+00:00,0.935
2026-03-03 04:52:26+00:00,0.935
2026-03-03 04:53:27+00:00,0.935
2026-03-03 04:54:28+00:00,0.935
2026-03-03 04:55:29+00:00,0.935
2026-03-03 04:56:28+00:00,0.935
2026-03-03 04:57:28+00:00,0.935
2026-03-03 04:58:26+00:00,0.935
2026-03-03 04:59:27+00:00,0.935
2026-03-03 05:00:37+00:00,0.935
2026-03-03 05:01:26+00:00,0.935
2026-03-03 05:02:27+00:00,0.935
2026-03-03 05:03:27+00:00,0.935
2026-03-03 05:04:27+00:00,0.935
2026-03-03 05:05:30+00:00,0.935
2026-03-03 05:06:27+00:00,0.935
2026-03-03 05:07:27+00:00,0.935
2026-03-03 05:08:27+00:00,0.935
2026-03-03 05:09:27+00:00,0.935
2026-03-03 05:10:42+00:00,0.935
2026-03-03 05:11:28+00:00,0.935
2026-03-03 05:12:29+00:00,0.9355
2026-03-03 05:13:27+00:00,0.936
2026-03-03 05:14:27+00:00,0.936
2026-03-03 05:16:04+00:00,0.936
2026-03-03 05:16:37+00:00,0.936
2026-03-03 05:17:29+00:00,0.9375
2026-03-03 05:18:27+00:00,0.937
2026-03-03 05:19:28+00:00,0.9365
2026-03-03 05:20:29+00:00,0.9365
2026-03-03 05:21:28+00:00,0.9365
2026-03-03 05:22:27+00:00,0.9365
2026-03-03 05:23:27+00:00,0.936
2026-03-03 05:24:27+00:00,0.936
2026-03-03 05:25:30+00:00,0.936
2026-03-03 05:26:29+00:00,0.936
2026-03-03 05:27:29+00:00,0.936
2026-03-03 05:28:28+00:00,0.936
2026-03-03 05:29:26+00:00,0.936
2026-03-03 05:30:39+00:00,0.936
2026-03-03 05:31:26+00:00,0.936
2026-03-03 05:32:26+00:00,0.936
2026-03-03 05:33:27+00:00,0.936
2026-03-03 05:34:41+00:00,0.936
2026-03-03 05:35:30+00:00,0.936
2026-03-03 05:36:26+00:00,0.936
2026-03-03 05:37:28+00:00,0.936
2026-03-03 05:38:27+00:00,0.936
2026-03-03 05:39:26+00:00,0.9355
2026-03-03 05:40:30+00:00,0.9355
2026-03-03 05:41:58+00:00,0.9355
2026-03-03 05:42:29+00:00,0.9355
2026-03-03 05:43:26+00:00,0.9355
2026-03-03 05:44:28+00:00,0.9355
2026-03-03 05:45:36+00:00,0.9355
2026-03-03 05:46:28+00:00,0.9355
2026-03-03 05:47:28+00:00,0.9355
2026-03-03 05:48:26+00:00,0.9365
2026-03-03 05:49:26+00:00,0.9365
2026-03-03 05:50:30+00:00,0.9365
2026-03-03 05:51:28+00:00,0.9365
2026-03-03 05:52:28+00:00,0.9365
2026-03-03 05:53:28+00:00,0.9365
2026-03-03 05:54:27+00:00,0.9365
2026-03-03 05:55:44+00:00,0.936
2026-03-03 05:56:42+00:00,0.9375
2026-03-03 05:57:26+00:00,0.9375
2026-03-03 05:58:26+00:00,0.9375
2026-03-03 05:59:27+00:00,0.9375
2026-03-03 06:01:04+00:00,0.936
2026-03-03 06:01:50+00:00,0.936
2026-03-03 06:02:26+00:00,0.936
2026-03-03 06:03:42+00:00,0.936
2026-03-03 06:04:26+00:00,0.936
2026-03-03 06:05:32+00:00,0.936
2026-03-03 06:06:26+00:00,0.9375
2026-03-03 06:07:28+00:00,0.9375
2026-03-03 06:08:28+00:00,0.936
2026-03-03 06:09:29+00:00,0.936
2026-03-03 06:10:29+00:00,0.9365
2026-03-03 06:11:27+00:00,0.9365
2026-03-03 06:12:27+00:00,0.9365
2026-03-03 06:13:27+00:00,0.9365
2026-03-03 06:14:29+00:00,0.9365
2026-03-03 06:15:29+00:00,0.9365
2026-03-03 06:16:27+00:00,0.9365
2026-03-03 06:17:29+00:00,0.9365
2026-03-03 06:18:29+00:00,0.9365
2026-03-03 06:19:28+00:00,0.9365
2026-03-03 06:20:29+00:00,0.9365
2026-03-03 06:21:27+00:00,0.9365
2026-03-03 06:22:28+00:00,0.9365
2026-03-03 06:23:26+00:00,0.9365
2026-03-03 06:24:27+00:00,0.9365
2026-03-03 06:25:29+00:00,0.9365
2026-03-03 06:26:26+00:00,0.9365
2026-03-03 06:28:04+00:00,0.9365
2026-03-03 06:28:36+00:00,0.9365
2026-03-03 06:29:29+00:00,0.9365
2026-03-03 06:31:00+00:00,0.937
2026-03-03 06:31:32+00:00,0.936
2026-03-03 06:32:29+00:00,0.936
2026-03-03 06:33:26+00:00,0.936
2026-03-03 06:34:32+00:00,0.936
2026-03-03 06:36:03+00:00,0.936
2026-03-03 06:36:40+00:00,0.936
2026-03-03 06:37:54+00:00,0.936
2026-03-03 06:38:28+00:00,0.9355
2026-03-03 06:39:27+00:00,0.9355
2026-03-03 06:40:36+00:00,0.9355
2026-03-03 06:41:26+00:00,0.935
2026-03-03 06:42:28+00:00,0.935
2026-03-03 06:43:26+00:00,0.935
2026-03-03 06:44:28+00:00,0.935
2026-03-03 06:45:30+00:00,0.935
2026-03-03 06:46:26+00:00,0.935
2026-03-03 06:47:27+00:00,0.935
2026-03-03 06:48:27+00:00,0.935
2026-03-03 06:49:26+00:00,0.935
2026-03-03 06:50:29+00:00,0.935
2026-03-03 06:51:27+00:00,0.935
2026-03-03 06:52:28+00:00,0.935
2026-03-03 06:53:27+00:00,0.935
2026-03-03 06:54:27+00:00,0.935
2026-03-03 06:55:30+00:00,0.935
2026-03-03 06:56:28+00:00,0.935
2026-03-03 06:57:27+00:00,0.935
2026-03-03 06:58:26+00:00,0.935
2026-03-03 06:59:28+00:00,0.935
2026-03-03 07:00:40+00:00,0.935
2026-03-03 07:01:27+00:00,0.9355
2026-03-03 07:02:28+00:00,0.9355
2026-03-03 07:04:02+00:00,0.9355
2026-03-03 07:04:34+00:00,0.9355
2026-03-03 07:05:37+00:00,0.9355
2026-03-03 07:06:27+00:00,0.9355
2026-03-03 07:07:40+00:00,0.9355
2026-03-03 07:08:26+00:00,0.9355
2026-03-03 07:09:29+00:00,0.9355
2026-03-03 07:10:29+00:00,0.935
2026-03-03 07:11:28+00:00,0.935
2026-03-03 07:12:28+00:00,0.935
2026-03-03 07:14:02+00:00,0.934
2026-03-03 07:14:34+00:00,0.934
2026-03-03 07:15:36+00:00,0.934
2026-03-03 07:16:36+00:00,0.934
2026-03-03 07:17:27+00:00,0.934
2026-03-03 07:18:28+00:00,0.934
2026-03-03 07:19:28+00:00,0.9345
2026-03-03 07:20:28+00:00,0.9345
2026-03-03 07:21:27+00:00,0.9345
2026-03-03 07:22:29+00:00,0.9345
2026-03-03 07:23:26+00:00,0.935
2026-03-03 07:24:40+00:00,0.935
2026-03-03 07:25:31+00:00,0.9345
2026-03-03 07:26:28+00:00,0.9345
2026-03-03 07:27:25+00:00,0.9345
2026-03-03 07:28:26+00:00,0.9345
2026-03-03 07:29:28+00:00,0.9355
2026-03-03 07:30:37+00:00,0.9355
2026-03-03 07:31:26+00:00,0.9355
2026-03-03 07:32:26+00:00,0.937
2026-03-03 07:33:27+00:00,0.937
2026-03-03 07:34:27+00:00,0.937
2026-03-03 07:35:29+00:00,0.937
2026-03-03 07:36:40+00:00,0.937
2026-03-03 07:37:25+00:00,0.937
2026-03-03 07:38:27+00:00,0.9375
2026-03-03 07:39:58+00:00,0.938
2026-03-03 07:40:41+00:00,0.9375
2026-03-03 07:41:26+00:00,0.9375
2026-03-03 07:42:28+00:00,0.9375
2026-03-03 07:43:27+00:00,0.9375
2026-03-03 07:44:27+00:00,0.9375
2026-03-03 07:45:29+00:00,0.938
2026-03-03 07:46:26+00:00,0.9385
2026-03-03 07:47:27+00:00,0.9375
2026-03-03 07:48:40+00:00,0.9375
2026-03-03 07:49:26+00:00,0.9375
2026-03-03 07:50:31+00:00,0.9375
2026-03-03 07:51:27+00:00,0.9375
2026-03-03 07:52:26+00:00,0.9375
2026-03-03 07:53:43+00:00,0.9375
2026-03-03 07:54:29+00:00,0.9375
2026-03-03 07:55:28+00:00,0.9375
2026-03-03 07:56:26+00:00,0.9375
2026-03-03 07:57:25+00:00,0.937
2026-03-03 07:58:28+00:00,0.937
2026-03-03 07:59:27+00:00,0.937
2026-03-03 08:00:38+00:00,0.937
2026-03-03 08:01:31+00:00,0.937
2026-03-03 08:02:28+00:00,0.937
2026-03-03 08:03:29+00:00,0.937
2026-03-03 08:04:29+00:00,0.937
2026-03-03 08:06:06+00:00,0.937
2026-03-03 08:06:39+00:00,0.937
2026-03-03 08:07:27+00:00,0.937
2026-03-03 08:08:27+00:00,0.937
2026-03-03 08:09:28+00:00,0.937
2026-03-03 08:10:33+00:00,0.937
2026-03-03 08:11:29+00:00,0.937
2026-03-03 08:12:27+00:00,0.937
2026-03-03 08:13:28+00:00,0.937
2026-03-03 08:14:29+00:00,0.937
2026-03-03 08:15:30+00:00,0.937
2026-03-03 08:16:26+00:00,0.937
2026-03-03 08:17:29+00:00,0.937
2026-03-03 08:18:28+00:00,0.937
2026-03-03 08:19:28+00:00,0.937
2026-03-03 08:20:30+00:00,0.937
2026-03-03 08:21:29+00:00,0.937
2026-03-03 08:22:28+00:00,0.937
2026-03-03 08:23:38+00:00,0.937
2026-03-03 08:24:28+00:00,0.937
2026-03-03 08:25:28+00:00,0.937
2026-03-03 08:26:26+00:00,0.937
2026-03-03 08:27:27+00:00,0.937
2026-03-03 08:28:26+00:00,0.937
2026-03-03 08:29:28+00:00,0.937
2026-03-03 08:30:39+00:00,0.937
2026-03-03 08:32:00+00:00,0.937
2026-03-03 08:32:33+00:00,0.937
2026-03-03 08:33:28+00:00,0.937
2026-03-03 08:34:29+00:00,0.937
2026-03-03 08:35:38+00:00,0.937
2026-03-03 08:36:26+00:00,0.937
2026-03-03 08:37:26+00:00,0.937
2026-03-03 08:38:27+00:00,0.937
2026-03-03 08:39:28+00:00,0.937
2026-03-03 08:40:32+00:00,0.937
2026-03-03 08:42:03+00:00,0.937
2026-03-03 08:42:36+00:00,0.937
2026-03-03 08:43:39+00:00,0.937
2026-03-03 08:44:28+00:00,0.937
2026-03-03 08:45:39+00:00,0.937
2026-03-03 08:46:27+00:00,0.937
2026-03-03 08:47:27+00:00,0.935
2026-03-03 08:48:29+00:00,0.935
2026-03-03 08:49:27+00:00,0.935
2026-03-03 08:50:30+00:00,0.935
2026-03-03 08:51:26+00:00,0.935
2026-03-03 08:52:27+00:00,0.935
2026-03-03 08:53:31+00:00,0.935
2026-03-03 08:54:29+00:00,0.935
2026-03-03 08:56:09+00:00,0.935
2026-03-03 08:56:41+00:00,0.935
2026-03-03 08:57:28+00:00,0.9345
2026-03-03 08:58:29+00:00,0.9345
2026-03-03 08:59:43+00:00,0.9345
2026-03-03 09:00:44+00:00,0.9345
2026-03-03 09:01:30+00:00,0.9345
2026-03-03 09:02:43+00:00,0.9345
2026-03-03 09:03:29+00:00,0.9345
2026-03-03 09:04:29+00:00,0.9345
2026-03-03 09:05:31+00:00,0.935
2026-03-03 09:06:29+00:00,0.935
2026-03-03 09:07:27+00:00,0.935
2026-03-03 09:08:28+00:00,0.935
2026-03-03 09:09:28+00:00,0.935
2026-03-03 09:10:31+00:00,0.935
2026-03-03 09:11:34+00:00,0.935
2026-03-03 09:12:41+00:00,0.935
2026-03-03 09:13:31+00:00,0.935
2026-03-03 09:14:29+00:00,0.935
2026-03-03 09:15:29+00:00,0.935
2026-03-03 09:16:27+00:00,0.935
2026-03-03 09:17:29+00:00,0.935
2026-03-03 09:18:28+00:00,0.935
2026-03-03 09:19:28+00:00,0.9345
2026-03-03 09:20:31+00:00,0.9345
2026-03-03 09:22:06+00:00,0.9345
2026-03-03 09:22:38+00:00,0.9345
2026-03-03 09:23:28+00:00,0.9345
2026-03-03 09:24:29+00:00,0.9345
2026-03-03 09:25:37+00:00,0.934
2026-03-03 09:26:29+00:00,0.934
2026-03-03 09:27:30+00:00,0.934
2026-03-03 09:28:28+00:00,0.934
2026-03-03 09:29:27+00:00,0.934
2026-03-03 09:30:38+00:00,0.934
2026-03-03 09:31:29+00:00,0.934
2026-03-03 09:32:29+00:00,0.934
2026-03-03 09:33:28+00:00,0.934
2026-03-03 09:34:30+00:00,0.934
2026-03-03 09:35:32+00:00,0.934
2026-03-03 09:36:31+00:00,0.934
2026-03-03 09:37:30+00:00,0.934
2026-03-03 09:38:28+00:00,0.9335
2026-03-03 09:39:30+00:00,0.9335
2026-03-03 09:40:30+00:00,0.9335
2026-03-03 09:41:28+00:00,0.9335
2026-03-03 09:42:57+00:00,0.9335
2026-03-03 09:43:30+00:00,0.9335
2026-03-03 09:44:28+00:00,0.9335
2026-03-03 09:45:30+00:00,0.9335
2026-03-03 09:46:29+00:00,0.9335
2026-03-03 09:48:01+00:00,0.9335
2026-03-03 09:48:35+00:00,0.9335
2026-03-03 09:49:29+00:00,0.9335
2026-03-03 09:50:38+00:00,0.9335
2026-03-03 09:51:28+00:00,0.934
2026-03-03 09:52:29+00:00,0.934
2026-03-03 09:53:29+00:00,0.934
2026-03-03 09:54:29+00:00,0.934
2026-03-03 09:55:31+00:00,0.9335
2026-03-03 09:56:29+00:00,0.9335
2026-03-03 09:57:30+00:00,0.9335
2026-03-03 09:58:29+00:00,0.9335
2026-03-03 09:59:29+00:00,0.9335
2026-03-03 10:00:39+00:00,0.9335
2026-03-03 10:01:30+00:00,0.9335
2026-03-03 10:02:42+00:00,0.9335
2026-03-03 10:03:28+00:00,0.933
2026-03-03 10:04:30+00:00,0.933
2026-03-03 10:05:33+00:00,0.933
2026-03-03 10:06:31+00:00,0.933
2026-03-03 10:07:32+00:00,0.933
2026-03-03 10:08:30+00:00,0.9345
2026-03-03 10:09:29+00:00,0.9345
2026-03-03 10:10:31+00:00,0.9345
2026-03-03 10:11:27+00:00,0.9345
2026-03-03 10:12:28+00:00,0.9345
2026-03-03 10:13:58+00:00,0.9345
2026-03-03 10:14:32+00:00,0.9345
2026-03-03 10:15:38+00:00,0.9345
2026-03-03 10:16:28+00:00,0.9345
2026-03-03 10:17:29+00:00,0.9345
2026-03-03 10:18:29+00:00,0.9345
2026-03-03 10:19:29+00:00,0.933
2026-03-03 10:20:31+00:00,0.933
2026-03-03 10:21:30+00:00,0.933
2026-03-03 10:22:29+00:00,0.933
2026-03-03 10:23:29+00:00,0.9345
2026-03-03 10:24:29+00:00,0.9345
2026-03-03 10:25:33+00:00,0.9345
2026-03-03 10:26:31+00:00,0.9335
2026-03-03 10:27:33+00:00,0.9335
2026-03-03 10:28:57+00:00,0.9335
2026-03-03 10:29:28+00:00,0.9335
2026-03-03 10:30:58+00:00,0.9345
2026-03-03 10:31:32+00:00,0.9345
2026-03-03 10:32:29+00:00,0.934
2026-03-03 10:33:29+00:00,0.934
2026-03-03 10:34:29+00:00,0.934
2026-03-03 10:35:31+00:00,0.934
2026-03-03 10:36:29+00:00,0.934
2026-03-03 10:37:28+00:00,0.934
2026-03-03 10:38:28+00:00,0.934
2026-03-03 10:39:30+00:00,0.934
2026-03-03 10:40:31+00:00,0.934
2026-03-03 10:41:28+00:00,0.934
2026-03-03 10:42:27+00:00,0.934
2026-03-03 10:43:30+00:00,0.933
2026-03-03 10:44:27+00:00,0.933
2026-03-03 10:45:32+00:00,0.9335
2026-03-03 10:46:29+00:00,0.9335
2026-03-03 10:47:28+00:00,0.933
2026-03-03 10:48:30+00:00,0.933
2026-03-03 10:49:42+00:00,0.933
2026-03-03 10:50:31+00:00,0.933
2026-03-03 10:51:26+00:00,0.9325
2026-03-03 10:52:28+00:00,0.933
2026-03-03 10:53:28+00:00,0.933
2026-03-03 10:55:00+00:00,0.933
2026-03-03 10:55:44+00:00,0.933
2026-03-03 10:56:29+00:00,0.933
2026-03-03 10:57:28+00:00,0.9335
2026-03-03 10:58:29+00:00,0.9335
2026-03-03 10:59:29+00:00,0.934
2026-03-03 11:00:49+00:00,0.934
2026-03-03 11:01:30+00:00,0.934
2026-03-03 11:02:28+00:00,0.933
2026-03-03 11:03:28+00:00,0.933
2026-03-03 11:04:28+00:00,0.933
2026-03-03 11:05:31+00:00,0.933
2026-03-03 11:06:41+00:00,0.9335
2026-03-03 11:07:27+00:00,0.9335
2026-03-03 11:08:29+00:00,0.9335
2026-03-03 11:10:17+00:00,0.9335
2026-03-03 11:11:00+00:00,0.933
2026-03-03 11:11:33+00:00,0.9345
2026-03-03 11:12:29+00:00,0.9345
2026-03-03 11:13:28+00:00,0.9345
2026-03-03 11:14:28+00:00,0.9345
2026-03-03 11:15:33+00:00,0.9345
2026-03-03 11:16:29+00:00,0.9345
2026-03-03 11:17:40+00:00,0.9345
2026-03-03 11:18:29+00:00,0.9345
2026-03-03 11:19:32+00:00,0.9345
2026-03-03 11:20:32+00:00,0.9345
2026-03-03 11:21:29+00:00,0.9345
2026-03-03 11:22:29+00:00,0.9345
2026-03-03 11:23:30+00:00,0.9345
2026-03-03 11:24:28+00:00,0.9345
2026-03-03 11:25:34+00:00,0.9345
2026-03-03 11:26:28+00:00,0.9345
2026-03-03 11:27:29+00:00,0.9345
2026-03-03 11:28:44+00:00,0.9345
2026-03-03 11:29:31+00:00,0.9345
2026-03-03 11:30:53+00:00,0.9345
2026-03-03 11:31:31+00:00,0.9345
2026-03-03 11:32:30+00:00,0.933
2026-03-03 11:33:28+00:00,0.933
2026-03-03 11:34:29+00:00,0.933
2026-03-03 11:35:42+00:00,0.933
2026-03-03 11:36:56+00:00,0.933
2026-03-03 11:37:34+00:00,0.933
2026-03-03 11:38:28+00:00,0.933
2026-03-03 11:39:30+00:00,0.933
2026-03-03 11:40:36+00:00,0.933
2026-03-03 11:41:27+00:00,0.933
2026-03-03 11:42:29+00:00,0.9335
2026-03-03 11:43:29+00:00,0.9335
2026-03-03 11:44:29+00:00,0.934
2026-03-03 11:45:32+00:00,0.934
2026-03-03 11:46:30+00:00,0.934
2026-03-03 11:47:27+00:00,0.934
2026-03-03 11:48:28+00:00,0.934
2026-03-03 11:49:29+00:00,0.934
2026-03-03 11:50:29+00:00,0.934
2026-03-03 11:51:29+00:00,0.934
2026-03-03 11:52:27+00:00,0.934
2026-03-03 11:53:27+00:00,0.934
2026-03-03 11:54:43+00:00,0.934
2026-03-03 11:55:29+00:00,0.934
2026-03-03 11:56:29+00:00,0.933
2026-03-03 11:57:29+00:00,0.933
2026-03-03 11:58:28+00:00,0.933
2026-03-03 11:59:28+00:00,0.9335
2026-03-03 12:01:00+00:00,0.9335
2026-03-03 12:03:46+00:00,0.9335
2026-03-03 12:04:21+00:00,0.935
2026-03-03 12:04:51+00:00,0.935
2026-03-03 12:05:37+00:00,0.935
2026-03-03 12:06:26+00:00,0.935
2026-03-03 12:07:27+00:00,0.935
2026-03-03 12:08:27+00:00,0.935
2026-03-03 12:09:57+00:00,0.935
2026-03-03 12:10:31+00:00,0.935
2026-03-03 12:11:28+00:00,0.9355
2026-03-03 12:12:28+00:00,0.9355
2026-03-03 12:13:27+00:00,0.936
2026-03-03 12:14:26+00:00,0.936
2026-03-03 12:15:43+00:00,0.9355
2026-03-03 12:16:27+00:00,0.935
2026-03-03 12:17:31+00:00,0.935
2026-03-03 12:18:29+00:00,0.9355
2026-03-03 12:19:40+00:00,0.9355
2026-03-03 12:21:00+00:00,0.936
2026-03-03 12:21:30+00:00,0.936
2026-03-03 12:22:27+00:00,0.936
2026-03-03 12:23:28+00:00,0.936
2026-03-03 12:24:43+00:00,0.936
2026-03-03 12:25:34+00:00,0.9365
2026-03-03 12:26:30+00:00,0.9365
2026-03-03 12:27:31+00:00,0.9365
2026-03-03 12:28:43+00:00,0.9365
2026-03-03 12:29:40+00:00,0.9365
2026-03-03 12:30:53+00:00,0.937
2026-03-03 12:31:29+00:00,0.9375
2026-03-03 12:32:40+00:00,0.936
2026-03-03 12:33:31+00:00,0.936
2026-03-03 12:34:32+00:00,0.936
2026-03-03 12:35:33+00:00,0.936
2026-03-03 12:36:27+00:00,0.936
2026-03-03 12:37:29+00:00,0.936
2026-03-03 12:38:27+00:00,0.9345
2026-03-03 12:39:28+00:00,0.934
2026-03-03 12:40:31+00:00,0.934
2026-03-03 12:41:27+00:00,0.934
2026-03-03 12:42:28+00:00,0.934
2026-03-03 12:43:28+00:00,0.9345
2026-03-03 12:44:29+00:00,0.9335
2026-03-03 12:45:54+00:00,0.9335
2026-03-03 12:46:39+00:00,0.9335
2026-03-03 12:47:29+00:00,0.9335
2026-03-03 12:48:29+00:00,0.9335
2026-03-03 12:49:30+00:00,0.9345
2026-03-03 12:50:34+00:00,0.934
2026-03-03 12:51:29+00:00,0.933
2026-03-03 12:52:30+00:00,0.9335
2026-03-03 12:53:31+00:00,0.9335
2026-03-03 12:54:31+00:00,0.9335
2026-03-03 12:55:32+00:00,0.9335
2026-03-03 12:56:29+00:00,0.9335
2026-03-03 12:57:29+00:00,0.934
2026-03-03 12:58:44+00:00,0.934
2026-03-03 12:59:29+00:00,0.933
2026-03-03 13:00:40+00:00,0.933
2026-03-03 13:01:31+00:00,0.933
2026-03-03 13:02:29+00:00,0.933
2026-03-03 13:03:29+00:00,0.9325
2026-03-03 13:04:29+00:00,0.932
2026-03-03 13:05:32+00:00,0.932
2026-03-03 13:06:30+00:00,0.9325
2026-03-03 13:07:30+00:00,0.9325
2026-03-03 13:08:28+00:00,0.9325
2026-03-03 13:09:30+00:00,0.9325
2026-03-03 13:10:31+00:00,0.9325
2026-03-03 13:11:51+00:00,0.9325
2026-03-03 13:12:40+00:00,0.9325
2026-03-03 13:13:29+00:00,0.9325
2026-03-03 13:15:01+00:00,0.9325
2026-03-03 13:15:47+00:00,0.9325
2026-03-03 13:16:42+00:00,0.9325
2026-03-03 13:17:30+00:00,0.9325
2026-03-03 13:18:29+00:00,0.9325
2026-03-03 13:19:29+00:00,0.9325
2026-03-03 13:20:32+00:00,0.9325
2026-03-03 13:21:30+00:00,0.9325
2026-03-03 13:22:29+00:00,0.9325
2026-03-03 13:23:29+00:00,0.9325
2026-03-03 13:24:30+00:00,0.9325
2026-03-03 13:25:32+00:00,0.9325
2026-03-03 13:26:29+00:00,0.9325
2026-03-03 13:27:30+00:00,0.9325
2026-03-03 13:28:29+00:00,0.9325
2026-03-03 13:29:29+00:00,0.9325
2026-03-03 13:30:37+00:00,0.9325
2026-03-03 13:31:30+00:00,0.9325
2026-03-03 13:32:29+00:00,0.9325
2026-03-03 13:33:29+00:00,0.9325
2026-03-03 13:34:30+00:00,0.932
2026-03-03 13:35:31+00:00,0.932
2026-03-03 13:36:29+00:00,0.932
2026-03-03 13:37:30+00:00,0.9315
2026-03-03 13:38:31+00:00,0.9315
2026-03-03 13:39:30+00:00,0.9315
2026-03-03 13:41:10+00:00,0.9315
2026-03-03 13:41:44+00:00,0.9315
2026-03-03 13:42:30+00:00,0.9315
2026-03-03 13:43:29+00:00,0.9315
2026-03-03 13:44:30+00:00,0.9315
2026-03-03 13:45:34+00:00,0.9315
2026-03-03 13:47:05+00:00,0.9315
2026-03-03 13:47:39+00:00,0.9315
2026-03-03 13:48:28+00:00,0.9315
2026-03-03 13:49:27+00:00,0.9315
2026-03-03 13:50:37+00:00,0.9315
2026-03-03 13:51:27+00:00,0.9315
2026-03-03 13:52:30+00:00,0.9315
2026-03-03 13:53:27+00:00,0.9315
2026-03-03 13:54:28+00:00,0.9315
2026-03-03 13:55:30+00:00,0.9315
2026-03-03 13:56:30+00:00,0.9315
2026-03-03 13:57:28+00:00,0.9315
2026-03-03 13:58:30+00:00,0.9315
2026-03-03 13:59:44+00:00,0.9315
2026-03-03 14:01:01+00:00,0.9315
2026-03-03 14:01:32+00:00,0.9315
2026-03-03 14:02:28+00:00,0.9315
2026-03-03 14:03:29+00:00,0.9315
2026-03-03 14:04:35+00:00,0.9315
2026-03-03 14:05:32+00:00,0.9315
2026-03-03 14:06:31+00:00,0.9335
2026-03-03 14:07:30+00:00,0.9325
2026-03-03 14:08:28+00:00,0.934
2026-03-03 14:09:28+00:00,0.9335
2026-03-03 14:10:30+00:00,0.933
2026-03-03 14:11:28+00:00,0.933
2026-03-03 14:12:28+00:00,0.9335
2026-03-03 14:13:28+00:00,0.9335
2026-03-03 14:14:28+00:00,0.9335
2026-03-03 14:15:33+00:00,0.9335
2026-03-03 14:16:30+00:00,0.9335
2026-03-03 14:17:29+00:00,0.9335
2026-03-03 14:18:31+00:00,0.9335
2026-03-03 14:19:30+00:00,0.933
2026-03-03 14:20:33+00:00,0.933
2026-03-03 14:21:30+00:00,0.933
2026-03-03 14:22:30+00:00,0.933
2026-03-03 14:23:28+00:00,0.933
2026-03-03 14:24:43+00:00,0.933
2026-03-03 14:26:01+00:00,0.933
2026-03-03 14:26:48+00:00,0.933
2026-03-03 14:27:31+00:00,0.933
2026-03-03 14:28:32+00:00,0.933
2026-03-03 14:29:32+00:00,0.933
2026-03-03 14:30:45+00:00,0.933
2026-03-03 14:31:31+00:00,0.933
2026-03-03 14:32:29+00:00,0.933
2026-03-03 14:33:30+00:00,0.933
2026-03-03 14:34:31+00:00,0.933
2026-03-03 14:36:01+00:00,0.933
2026-03-03 14:36:36+00:00,0.933
2026-03-03 14:37:30+00:00,0.933
2026-03-03 14:38:30+00:00,0.933
2026-03-03 14:39:29+00:00,0.933
2026-03-03 14:40:33+00:00,0.933
2026-03-03 14:41:31+00:00,0.933
2026-03-03 14:42:29+00:00,0.933
2026-03-03 14:43:28+00:00,0.933
2026-03-03 14:44:29+00:00,0.933
2026-03-03 14:45:32+00:00,0.933
2026-03-03 14:46:29+00:00,0.933
2026-03-03 14:47:30+00:00,0.933
2026-03-03 14:48:30+00:00,0.933
2026-03-03 14:49:31+00:00,0.933
2026-03-03 14:50:33+00:00,0.933
2026-03-03 14:51:47+00:00,0.933
2026-03-03 14:52:46+00:00,0.933
2026-03-03 14:53:30+00:00,0.933
2026-03-03 14:54:29+00:00,0.933
2026-03-03 14:55:53+00:00,0.933
2026-03-03 14:56:29+00:00,0.933
2026-03-03 14:57:30+00:00,0.933
2026-03-03 14:58:30+00:00,0.9335
2026-03-03 14:59:31+00:00,0.9335
2026-03-03 15:00:52+00:00,0.9335
2026-03-03 15:02:00+00:00,0.933
2026-03-03 15:02:35+00:00,0.933
2026-03-03 15:03:30+00:00,0.933
2026-03-03 15:04:32+00:00,0.9325
2026-03-03 15:05:38+00:00,0.9325
2026-03-03 15:06:30+00:00,0.932
2026-03-03 15:07:30+00:00,0.9325
2026-03-03 15:08:29+00:00,0.9335
2026-03-03 15:09:32+00:00,0.9335
2026-03-03 15:10:32+00:00,0.9335
2026-03-03 15:11:32+00:00,0.9335
2026-03-03 15:12:31+00:00,0.9335
2026-03-03 15:13:32+00:00,0.932
2026-03-03 15:14:30+00:00,0.932
2026-03-03 15:15:32+00:00,0.932
2026-03-03 15:16:31+00:00,0.932
2026-03-03 15:17:29+00:00,0.932
2026-03-03 15:18:29+00:00,0.9325
2026-03-03 15:19:31+00:00,0.9325
2026-03-03 15:20:33+00:00,0.9325
2026-03-03 15:21:45+00:00,0.9325
2026-03-03 15:22:29+00:00,0.9325
2026-03-03 15:23:30+00:00,0.9315
2026-03-03 15:24:30+00:00,0.9315
2026-03-03 15:25:33+00:00,0.9315
2026-03-03 15:26:30+00:00,0.9315
2026-03-03 15:28:01+00:00,0.9315
2026-03-03 15:28:37+00:00,0.9315
2026-03-03 15:29:30+00:00,0.9315
2026-03-03 15:30:46+00:00,0.9315
2026-03-03 15:31:29+00:00,0.9315
2026-03-03 15:32:29+00:00,0.931
2026-03-03 15:33:28+00:00,0.931
2026-03-03 15:34:27+00:00,0.931
2026-03-03 15:35:30+00:00,0.931
2026-03-03 15:36:29+00:00,0.931
2026-03-03 15:37:29+00:00,0.9315
2026-03-03 15:38:29+00:00,0.9315
2026-03-03 15:39:29+00:00,0.9315
2026-03-03 15:40:30+00:00,0.9315
2026-03-03 15:41:30+00:00,0.9315
2026-03-03 15:42:30+00:00,0.9315
2026-03-03 15:43:42+00:00,0.932
2026-03-03 15:44:29+00:00,0.932
2026-03-03 15:45:31+00:00,0.932
2026-03-03 15:46:30+00:00,0.932
2026-03-03 15:47:31+00:00,0.932
2026-03-03 15:48:29+00:00,0.932
2026-03-03 15:49:29+00:00,0.932
2026-03-03 15:50:32+00:00,0.932
2026-03-03 15:51:29+00:00,0.932
2026-03-03 15:52:29+00:00,0.932
2026-03-03 15:54:03+00:00,0.932
2026-03-03 15:54:43+00:00,0.932
2026-03-03 15:55:39+00:00,0.932
2026-03-03 15:56:30+00:00,0.932
2026-03-03 15:57:30+00:00,0.932
2026-03-03 15:58:30+00:00,0.932
2026-03-03 15:59:28+00:00,0.932
2026-03-03 16:00:40+00:00,0.932
2026-03-03 16:01:30+00:00,0.932
2026-03-03 16:02:28+00:00,0.932
2026-03-03 16:03:30+00:00,0.932
2026-03-03 16:04:44+00:00,0.932
2026-03-03 16:05:33+00:00,0.932
2026-03-03 16:06:29+00:00,0.932
2026-03-03 16:07:30+00:00,0.932
2026-03-03 16:08:27+00:00,0.932
2026-03-03 16:09:27+00:00,0.932
2026-03-03 16:10:33+00:00,0.932
2026-03-03 16:11:29+00:00,0.932
2026-03-03 16:12:33+00:00,0.932
2026-03-03 16:13:28+00:00,0.9325
2026-03-03 16:14:28+00:00,0.9325
2026-03-03 16:15:32+00:00,0.9325
2026-03-03 16:16:31+00:00,0.9325
2026-03-03 16:17:28+00:00,0.9325
2026-03-03 16:18:29+00:00,0.932
2026-03-03 16:19:35+00:00,0.932
2026-03-03 16:21:06+00:00,0.932
2026-03-03 16:21:39+00:00,0.9325
2026-03-03 16:22:44+00:00,0.9325
2026-03-03 16:23:28+00:00,0.9325
2026-03-03 16:24:31+00:00,0.9325
2026-03-03 16:25:33+00:00,0.9325
2026-03-03 16:26:28+00:00,0.9325
2026-03-03 16:27:30+00:00,0.932
2026-03-03 16:28:31+00:00,0.932
2026-03-03 16:29:30+00:00,0.9325
2026-03-03 16:30:47+00:00,0.933
2026-03-03 16:31:29+00:00,0.933
2026-03-03 16:32:32+00:00,0.933
2026-03-03 16:33:28+00:00,0.933
2026-03-03 16:34:29+00:00,0.933
2026-03-03 16:35:32+00:00,0.933
2026-03-03 16:36:29+00:00,0.933
2026-03-03 16:37:28+00:00,0.933
2026-03-03 16:38:29+00:00,0.932
2026-03-03 16:39:30+00:00,0.9325
2026-03-03 16:40:32+00:00,0.9325
2026-03-03 16:41:29+00:00,0.932
2026-03-03 16:42:29+00:00,0.9325
2026-03-03 16:43:30+00:00,0.9335
2026-03-03 16:44:28+00:00,0.9335
2026-03-03 16:46:24+00:00,0.9305
2026-03-03 16:47:00+00:00,0.9315
2026-03-03 16:47:33+00:00,0.931
2026-03-03 16:48:30+00:00,0.931
2026-03-03 16:49:29+00:00,0.931
2026-03-03 16:50:36+00:00,0.9305
2026-03-03 16:51:29+00:00,0.932
2026-03-03 16:52:30+00:00,0.931
2026-03-03 16:53:40+00:00,0.931
2026-03-03 16:54:32+00:00,0.931
2026-03-03 16:55:32+00:00,0.9315
2026-03-03 16:56:29+00:00,0.932
2026-03-03 16:57:29+00:00,0.932
2026-03-03 16:58:28+00:00,0.933
2026-03-03 16:59:29+00:00,0.9325
2026-03-03 17:00:40+00:00,0.9315
2026-03-03 17:02:30+00:00,0.932
2026-03-03 17:03:07+00:00,0.9325
2026-03-03 17:03:41+00:00,0.9325
2026-03-03 17:04:31+00:00,0.9325
2026-03-03 17:05:39+00:00,0.933
2026-03-03 17:06:30+00:00,0.932
2026-03-03 17:07:30+00:00,0.9315
2026-03-03 17:08:28+00:00,0.9315
2026-03-03 17:09:29+00:00,0.9315
2026-03-03 17:10:30+00:00,0.932
2026-03-03 17:11:28+00:00,0.932
2026-03-03 17:12:29+00:00,0.932
2026-03-03 17:13:29+00:00,0.932
2026-03-03 17:14:29+00:00,0.932
2026-03-03 17:15:32+00:00,0.932
2026-03-03 17:16:29+00:00,0.932
2026-03-03 17:17:30+00:00,0.932
2026-03-03 17:18:30+00:00,0.932
2026-03-03 17:19:31+00:00,0.932
2026-03-03 17:20:31+00:00,0.932
2026-03-03 17:21:42+00:00,0.932
2026-03-03 17:22:30+00:00,0.932
2026-03-03 17:23:29+00:00,0.9335
2026-03-03 17:24:29+00:00,0.932
2026-03-03 17:25:35+00:00,0.932
2026-03-03 17:26:33+00:00,0.932
2026-03-03 17:28:00+00:00,0.932
2026-03-03 17:28:35+00:00,0.932
2026-03-03 17:29:29+00:00,0.932
2026-03-03 17:30:46+00:00,0.932
2026-03-03 17:31:43+00:00,0.932
2026-03-03 17:32:44+00:00,0.932
2026-03-03 17:33:28+00:00,0.932
2026-03-03 17:34:29+00:00,0.932
2026-03-03 17:35:32+00:00,0.932
2026-03-03 17:36:29+00:00,0.932
2026-03-03 17:37:32+00:00,0.9325
2026-03-03 17:38:29+00:00,0.9325
2026-03-03 17:39:32+00:00,0.9325
2026-03-03 17:40:33+00:00,0.933
2026-03-03 17:41:29+00:00,0.933
2026-03-03 17:42:29+00:00,0.933
2026-03-03 17:43:29+00:00,0.933
2026-03-03 17:44:30+00:00,0.933
2026-03-03 17:45:34+00:00,0.932
2026-03-03 17:46:32+00:00,0.932
2026-03-03 17:47:30+00:00,0.932
2026-03-03 17:48:29+00:00,0.932
2026-03-03 17:49:30+00:00,0.932
2026-03-03 17:50:32+00:00,0.9325
2026-03-03 17:51:32+00:00,0.932
2026-03-03 17:52:30+00:00,0.932
2026-03-03 17:54:01+00:00,0.932
2026-03-03 17:54:38+00:00,0.932
2026-03-03 17:55:39+00:00,0.9325
2026-03-03 17:56:30+00:00,0.932
2026-03-03 17:57:31+00:00,0.932
2026-03-03 17:58:29+00:00,0.9325
2026-03-03 17:59:31+00:00,0.9325
2026-03-03 18:00:48+00:00,0.932
2026-03-03 18:01:30+00:00,0.932
2026-03-03 18:02:29+00:00,0.931
2026-03-03 18:03:31+00:00,0.933
2026-03-03 18:04:32+00:00,0.933
2026-03-03 18:05:33+00:00,0.933
2026-03-03 18:06:30+00:00,0.933
2026-03-03 18:07:32+00:00,0.933
2026-03-03 18:08:30+00:00,0.933
2026-03-03 18:09:29+00:00,0.933
2026-03-03 18:10:32+00:00,0.933
2026-03-03 18:11:29+00:00,0.933
2026-03-03 18:12:30+00:00,0.933
2026-03-03 18:13:28+00:00,0.933
2026-03-03 18:14:28+00:00,0.933
2026-03-03 18:15:33+00:00,0.933
2026-03-03 18:16:29+00:00,0.933
2026-03-03 18:17:30+00:00,0.933
2026-03-03 18:18:29+00:00,0.933
2026-03-03 18:20:05+00:00,0.9325
2026-03-03 18:20:49+00:00,0.9325
2026-03-03 18:21:30+00:00,0.9325
2026-03-03 18:22:41+00:00,0.9325
2026-03-03 18:23:28+00:00,0.9325
2026-03-03 18:24:28+00:00,0.9325
2026-03-03 18:25:31+00:00,0.9325
2026-03-03 18:26:30+00:00,0.9325
2026-03-03 18:27:30+00:00,0.9325
2026-03-03 18:28:28+00:00,0.9325
2026-03-03 18:29:30+00:00,0.9325
2026-03-03 18:30:42+00:00,0.9325
2026-03-03 18:31:30+00:00,0.9325
2026-03-03 18:32:29+00:00,0.9325
2026-03-03 18:33:30+00:00,0.9325
2026-03-03 18:34:30+00:00,0.9325
2026-03-03 18:35:33+00:00,0.9325
2026-03-03 18:36:29+00:00,0.9325
2026-03-03 18:37:31+00:00,0.9325
2026-03-03 18:38:34+00:00,0.9325
2026-03-03 18:39:30+00:00,0.9325
2026-03-03 18:40:32+00:00,0.9325
2026-03-03 18:41:30+00:00,0.9325
2026-03-03 18:42:30+00:00,0.9325
2026-03-03 18:43:29+00:00,0.9325
2026-03-03 18:44:45+00:00,0.9325
2026-03-03 18:46:13+00:00,0.9325
2026-03-03 18:46:48+00:00,0.933
2026-03-03 18:47:30+00:00,0.933
2026-03-03 18:48:31+00:00,0.933
2026-03-03 18:49:32+00:00,0.933
2026-03-03 18:50:35+00:00,0.933
2026-03-03 18:51:31+00:00,0.933
2026-03-03 18:52:31+00:00,0.933
2026-03-03 18:53:45+00:00,0.933
2026-03-03 18:54:53+00:00,0.933
2026-03-03 18:55:40+00:00,0.933
2026-03-03 18:56:35+00:00,0.933
2026-03-03 18:57:30+00:00,0.933
2026-03-03 18:58:34+00:00,0.933
2026-03-03 18:59:30+00:00,0.933
2026-03-03 19:00:41+00:00,0.933
2026-03-03 19:01:31+00:00,0.933
2026-03-03 19:02:29+00:00,0.933
2026-03-03 19:03:31+00:00,0.933
2026-03-03 19:04:32+00:00,0.933
2026-03-03 19:05:33+00:00,0.933
2026-03-03 19:06:31+00:00,0.9335
2026-03-03 19:07:31+00:00,0.9335
2026-03-03 19:08:31+00:00,0.9335
2026-03-03 19:09:30+00:00,0.9335
2026-03-03 19:10:44+00:00,0.9335
2026-03-03 19:11:31+00:00,0.9335
2026-03-03 19:12:32+00:00,0.9335
2026-03-03 19:13:31+00:00,0.9335
2026-03-03 19:14:30+00:00,0.9335
2026-03-03 19:15:34+00:00,0.9335
2026-03-03 19:16:31+00:00,0.9335
2026-03-03 19:17:31+00:00,0.9335
2026-03-03 19:18:33+00:00,0.9335
2026-03-03 19:19:51+00:00,0.9335
2026-03-03 19:21:06+00:00,0.9335
2026-03-03 19:22:16+00:00,0.9335
2026-03-03 19:22:50+00:00,0.9335
2026-03-03 19:23:30+00:00,0.9335
2026-03-03 19:24:29+00:00,0.9335
2026-03-03 19:25:40+00:00,0.9335
2026-03-03 19:26:31+00:00,0.9335
2026-03-03 19:28:00+00:00,0.9335
2026-03-03 19:28:35+00:00,0.9335
2026-03-03 19:29:30+00:00,0.9335
2026-03-03 19:30:40+00:00,0.9335
2026-03-03 19:31:32+00:00,0.9335
2026-03-03 19:32:30+00:00,0.9335
2026-03-03 19:33:31+00:00,0.9335
2026-03-03 19:34:31+00:00,0.9335
2026-03-03 19:35:33+00:00,0.9335
2026-03-03 19:36:32+00:00,0.9335
2026-03-03 19:37:31+00:00,0.9335
2026-03-03 19:38:31+00:00,0.9335
2026-03-03 19:39:32+00:00,0.9335
2026-03-03 19:40:34+00:00,0.9335
2026-03-03 19:41:29+00:00,0.9335
2026-03-03 19:42:31+00:00,0.9335
2026-03-03 19:43:33+00:00,0.9335
2026-03-03 19:44:32+00:00,0.9335
2026-03-03 19:45:35+00:00,0.9335
2026-03-03 19:46:29+00:00,0.9335
2026-03-03 19:48:15+00:00,0.9335
2026-03-03 19:48:54+00:00,0.9335
2026-03-03 19:49:31+00:00,0.9335
2026-03-03 19:50:54+00:00,0.9335
2026-03-03 19:51:34+00:00,0.9335
2026-03-03 19:52:33+00:00,0.9335
2026-03-03 19:53:31+00:00,0.9335
2026-03-03 19:54:31+00:00,0.9335
2026-03-03 19:55:32+00:00,0.9335
2026-03-03 19:56:31+00:00,0.9335
2026-03-03 19:57:30+00:00,0.9335
2026-03-03 19:58:31+00:00,0.9335
2026-03-03 19:59:30+00:00,0.9335
2026-03-03 20:00:41+00:00,0.9335
2026-03-03 20:01:31+00:00,0.9335
2026-03-03 20:02:31+00:00,0.9335
2026-03-03 20:03:31+00:00,0.9335
2026-03-03 20:04:31+00:00,0.9335
2026-03-03 20:05:32+00:00,0.9335
2026-03-03 20:06:32+00:00,0.9335
2026-03-03 20:08:03+00:00,0.9335
2026-03-03 20:08:39+00:00,0.9335
2026-03-03 20:09:31+00:00,0.9335
2026-03-03 20:10:41+00:00,0.9335
2026-03-03 20:11:31+00:00,0.9335
2026-03-03 20:12:31+00:00,0.9335
2026-03-03 20:13:30+00:00,0.9335
2026-03-03 20:14:30+00:00,0.9335
2026-03-03 20:15:46+00:00,0.9335
2026-03-03 20:16:31+00:00,0.9335
2026-03-03 20:17:32+00:00,0.9335
2026-03-03 20:18:32+00:00,0.9335
2026-03-03 20:19:31+00:00,0.9335
2026-03-03 20:20:34+00:00,0.9335
2026-03-03 20:21:31+00:00,0.9335
2026-03-03 20:22:33+00:00,0.9335
2026-03-03 20:23:29+00:00,0.9335
2026-03-03 20:24:32+00:00,0.9335
2026-03-03 20:25:33+00:00,0.9335
2026-03-03 20:26:31+00:00,0.9335
2026-03-03 20:27:30+00:00,0.9335
2026-03-03 20:28:32+00:00,0.9335
2026-03-03 20:29:30+00:00,0.9335
2026-03-03 20:30:42+00:00,0.9335
2026-03-03 20:31:31+00:00,0.9335
2026-03-03 20:32:30+00:00,0.9335
2026-03-03 20:34:05+00:00,0.9335
2026-03-03 20:34:43+00:00,0.9335
2026-03-03 20:35:41+00:00,0.9335
2026-03-03 20:36:30+00:00,0.9335
2026-03-03 20:37:31+00:00,0.9335
2026-03-03 20:38:31+00:00,0.9335
2026-03-03 20:39:30+00:00,0.9335
2026-03-03 20:40:35+00:00,0.9335
2026-03-03 20:41:30+00:00,0.9335
2026-03-03 20:42:29+00:00,0.9335
2026-03-03 20:43:30+00:00,0.9335
2026-03-03 20:44:30+00:00,0.9335
2026-03-03 20:45:33+00:00,0.9335
2026-03-03 20:46:30+00:00,0.9335
2026-03-03 20:47:30+00:00,0.9335
2026-03-03 20:48:31+00:00,0.9335
2026-03-03 20:49:30+00:00,0.9335
2026-03-03 20:50:33+00:00,0.9335
2026-03-03 20:51:30+00:00,0.9335
2026-03-03 20:52:30+00:00,0.9335
2026-03-03 20:53:28+00:00,0.9335
2026-03-03 20:54:31+00:00,0.9335
2026-03-03 20:55:32+00:00,0.9335
2026-03-03 20:56:47+00:00,0.9335
2026-03-03 20:57:31+00:00,0.9335
2026-03-03 20:58:30+00:00,0.9335
2026-03-03 21:00:12+00:00,0.9335
2026-03-03 21:01:03+00:00,0.9335
2026-03-03 21:01:37+00:00,0.9335
2026-03-03 21:02:31+00:00,0.9335
2026-03-03 21:03:31+00:00,0.9335
2026-03-03 21:05:12+00:00,0.9335
2026-03-03 21:05:56+00:00,0.9335
2026-03-03 21:06:31+00:00,0.9335
2026-03-03 21:07:31+00:00,0.9335
2026-03-03 21:08:30+00:00,0.9335
2026-03-03 21:09:31+00:00,0.9335
2026-03-03 21:10:33+00:00,0.9335
2026-03-03 21:11:29+00:00,0.9335
2026-03-03 21:12:30+00:00,0.9335
2026-03-03 21:13:29+00:00,0.9335
2026-03-03 21:14:44+00:00,0.9335
2026-03-03 21:15:32+00:00,0.9335
2026-03-03 21:16:32+00:00,0.9335
2026-03-03 21:17:30+00:00,0.9335
2026-03-03 21:18:28+00:00,0.9335
2026-03-03 21:19:29+00:00,0.9335
2026-03-03 21:20:33+00:00,0.9335
2026-03-03 21:21:30+00:00,0.9335
2026-03-03 21:22:34+00:00,0.9335
2026-03-03 21:23:29+00:00,0.9335
2026-03-03 21:24:31+00:00,0.9335
2026-03-03 21:25:31+00:00,0.9335
2026-03-03 21:26:29+00:00,0.9335
2026-03-03 21:27:30+00:00,0.9335
2026-03-03 21:28:29+00:00,0.9335
2026-03-03 21:29:30+00:00,0.9335
2026-03-03 21:31:16+00:00,0.9335
2026-03-03 21:31:49+00:00,0.9335
2026-03-03 21:32:29+00:00,0.9335
2026-03-03 21:33:28+00:00,0.9335
2026-03-03 21:34:29+00:00,0.933
2026-03-03 21:35:33+00:00,0.933
2026-03-03 21:36:29+00:00,0.933
2026-03-03 21:37:30+00:00,0.933
2026-03-03 21:38:29+00:00,0.933
2026-03-03 21:39:29+00:00,0.9335
2026-03-03 21:40:45+00:00,0.9335
2026-03-03 21:41:27+00:00,0.934
2026-03-03 21:42:29+00:00,0.934
2026-03-03 21:43:29+00:00,0.934
2026-03-03 21:44:30+00:00,0.934
2026-03-03 21:45:33+00:00,0.934
2026-03-03 21:46:31+00:00,0.9345
2026-03-03 21:47:29+00:00,0.9345
2026-03-03 21:48:29+00:00,0.9345
2026-03-03 21:49:32+00:00,0.9345
2026-03-03 21:50:42+00:00,0.935
2026-03-03 21:51:28+00:00,0.934
2026-03-03 21:52:28+00:00,0.934
2026-03-03 21:53:58+00:00,0.934
2026-03-03 21:54:32+00:00,0.934
2026-03-03 21:55:32+00:00,0.934
2026-03-03 21:57:03+00:00,0.934
2026-03-03 21:57:39+00:00,0.934
2026-03-03 21:58:29+00:00,0.9335
2026-03-03 21:59:31+00:00,0.9345
2026-03-03 22:00:51+00:00,0.9345
2026-03-03 22:01:29+00:00,0.934
2026-03-03 22:02:28+00:00,0.9345
2026-03-03 22:03:29+00:00,0.9345
2026-03-03 22:04:29+00:00,0.935
2026-03-03 22:05:33+00:00,0.935
2026-03-03 22:06:41+00:00,0.935
2026-03-03 22:07:30+00:00,0.9345
2026-03-03 22:08:29+00:00,0.9345
2026-03-03 22:09:31+00:00,0.9345
2026-03-03 22:10:33+00:00,0.9345
2026-03-03 22:11:31+00:00,0.9345
2026-03-03 22:12:29+00:00,0.9345
2026-03-03 22:13:55+00:00,0.934
2026-03-03 22:14:31+00:00,0.934
2026-03-03 22:15:32+00:00,0.934
2026-03-03 22:16:30+00:00,0.934
2026-03-03 22:17:33+00:00,0.934
2026-03-03 22:18:33+00:00,0.934
2026-03-03 22:19:30+00:00,0.934
2026-03-03 22:20:32+00:00,0.934
2026-03-03 22:21:29+00:00,0.934
2026-03-03 22:23:02+00:00,0.934
2026-03-03 22:23:38+00:00,0.933
2026-03-03 22:24:28+00:00,0.9335
2026-03-03 22:25:40+00:00,0.9335
2026-03-03 22:26:30+00:00,0.9335
2026-03-03 22:27:30+00:00,0.9335
2026-03-03 22:28:29+00:00,0.9335
2026-03-03 22:29:30+00:00,0.9335
2026-03-03 22:30:41+00:00,0.9335
2026-03-03 22:31:31+00:00,0.9335
2026-03-03 22:32:27+00:00,0.933
2026-03-03 22:33:28+00:00,0.933
2026-03-03 22:34:29+00:00,0.933
2026-03-03 22:35:31+00:00,0.933
2026-03-03 22:36:28+00:00,0.933
2026-03-03 22:37:31+00:00,0.933
2026-03-03 22:38:32+00:00,0.933
2026-03-03 22:39:30+00:00,0.933
2026-03-03 22:40:31+00:00,0.933
2026-03-03 22:41:28+00:00,0.933
2026-03-03 22:42:29+00:00,0.933
2026-03-03 22:43:28+00:00,0.933
2026-03-03 22:44:30+00:00,0.933
2026-03-03 22:45:31+00:00,0.933
2026-03-03 22:46:29+00:00,0.933
2026-03-03 22:47:29+00:00,0.933
2026-03-03 22:49:01+00:00,0.933
2026-03-03 22:49:58+00:00,0.933
2026-03-03 22:50:40+00:00,0.933
2026-03-03 22:51:30+00:00,0.9335
2026-03-03 22:52:29+00:00,0.933
2026-03-03 22:53:29+00:00,0.933
2026-03-03 22:54:30+00:00,0.933
2026-03-03 22:55:32+00:00,0.933
2026-03-03 22:56:28+00:00,0.933
2026-03-03 22:57:29+00:00,0.933
2026-03-03 22:58:29+00:00,0.933
2026-03-03 22:59:31+00:00,0.933
2026-03-03 23:00:41+00:00,0.934
2026-03-03 23:01:31+00:00,0.9335
2026-03-03 23:02:28+00:00,0.933
2026-03-03 23:03:30+00:00,0.933
2026-03-03 23:04:31+00:00,0.933
2026-03-03 23:05:32+00:00,0.9335
2026-03-03 23:06:44+00:00,0.9335
2026-03-03 23:07:29+00:00,0.933
2026-03-03 23:08:30+00:00,0.933
2026-03-03 23:09:30+00:00,0.9335
2026-03-03 23:10:33+00:00,0.9335
2026-03-03 23:11:30+00:00,0.9335
2026-03-03 23:12:31+00:00,0.9335
2026-03-03 23:13:28+00:00,0.9335
2026-03-03 23:14:30+00:00,0.9335
2026-03-03 23:16:13+00:00,0.9335
2026-03-03 23:16:46+00:00,0.9335
2026-03-03 23:17:33+00:00,0.9335
2026-03-03 23:18:31+00:00,0.9335
2026-03-03 23:19:42+00:00,0.9335
2026-03-03 23:20:35+00:00,0.9335
2026-03-03 23:21:29+00:00,0.9335
2026-03-03 23:22:31+00:00,0.9335
2026-03-03 23:23:30+00:00,0.933
2026-03-03 23:24:29+00:00,0.933
2026-03-03 23:25:31+00:00,0.933
2026-03-03 23:26:30+00:00,0.933
2026-03-03 23:27:28+00:00,0.933
2026-03-03 23:28:29+00:00,0.933
2026-03-03 23:29:30+00:00,0.933
2026-03-03 23:30:43+00:00,0.933
2026-03-03 23:31:30+00:00,0.933
2026-03-03 23:32:29+00:00,0.933
2026-03-03 23:33:29+00:00,0.933
2026-03-03 23:34:30+00:00,0.9335
2026-03-03 23:35:31+00:00,0.9335
2026-03-03 23:36:31+00:00,0.934
2026-03-03 23:37:30+00:00,0.934
2026-03-03 23:38:28+00:00,0.934
2026-03-03 23:39:31+00:00,0.934
2026-03-03 23:40:33+00:00,0.9335
2026-03-03 23:42:08+00:00,0.9335
2026-03-03 23:42:42+00:00,0.9335
2026-03-03 23:43:30+00:00,0.9335
2026-03-03 23:44:31+00:00,0.9335
2026-03-03 23:45:40+00:00,0.9335
2026-03-03 23:46:29+00:00,0.9335
2026-03-03 23:47:29+00:00,0.9335
2026-03-03 23:48:35+00:00,0.9335
2026-03-03 23:49:31+00:00,0.9335
2026-03-03 23:50:34+00:00,0.9335
2026-03-03 23:51:29+00:00,0.9335
2026-03-03 23:52:29+00:00,0.9335
2026-03-03 23:53:29+00:00,0.9335
2026-03-03 23:54:30+00:00,0.9335
2026-03-03 23:55:31+00:00,0.9335
2026-03-03 23:56:29+00:00,0.9335
2026-03-03 23:57:30+00:00,0.9335
2026-03-03 23:58:32+00:00,0.934
2026-03-03 23:59:28+00:00,0.934
2026-03-04 00:00:59+00:00,0.934
2026-03-04 00:01:31+00:00,0.934
2026-03-04 00:02:28+00:00,0.934
2026-03-04 00:03:28+00:00,0.9335
2026-03-04 00:04:30+00:00,0.9335
2026-03-04 00:05:31+00:00,0.9335
2026-03-04 00:06:29+00:00,0.9335
2026-03-04 00:07:39+00:00,0.934
2026-03-04 00:08:28+00:00,0.933
2026-03-04 00:09:29+00:00,0.933
2026-03-04 00:10:33+00:00,0.933
2026-03-04 00:11:30+00:00,0.934
2026-03-04 00:12:32+00:00,0.934
2026-03-04 00:13:43+00:00,0.9345
2026-03-04 00:14:29+00:00,0.9345
2026-03-04 00:15:33+00:00,0.935
2026-03-04 00:16:30+00:00,0.935
2026-03-04 00:17:29+00:00,0.935
2026-03-04 00:18:30+00:00,0.933
2026-03-04 00:19:30+00:00,0.933
2026-03-04 00:20:31+00:00,0.9335
2026-03-04 00:21:29+00:00,0.934
2026-03-04 00:22:29+00:00,0.934
2026-03-04 00:23:30+00:00,0.933
2026-03-04 00:24:29+00:00,0.933
2026-03-04 00:25:40+00:00,0.933
2026-03-04 00:26:27+00:00,0.933
2026-03-04 00:27:28+00:00,0.933
2026-03-04 00:28:30+00:00,0.9335
2026-03-04 00:29:28+00:00,0.933
2026-03-04 00:30:39+00:00,0.933
2026-03-04 00:31:31+00:00,0.933
2026-03-04 00:32:31+00:00,0.933
2026-03-04 00:33:30+00:00,0.933
2026-03-04 00:34:29+00:00,0.933
2026-03-04 00:35:43+00:00,0.933
2026-03-04 00:36:29+00:00,0.933
2026-03-04 00:37:30+00:00,0.9335
2026-03-04 00:38:29+00:00,0.934
2026-03-04 00:39:30+00:00,0.934
2026-03-04 00:40:32+00:00,0.933
2026-03-04 00:41:29+00:00,0.933
2026-03-04 00:42:29+00:00,0.933
2026-03-04 00:43:30+00:00,0.9335
2026-03-04 00:44:31+00:00,0.933
2026-03-04 00:45:33+00:00,0.933
2026-03-04 00:46:30+00:00,0.933
2026-03-04 00:47:30+00:00,0.933
2026-03-04 00:48:30+00:00,0.933
2026-03-04 00:49:29+00:00,0.9335
2026-03-04 00:50:32+00:00,0.934
2026-03-04 00:51:45+00:00,0.9335
2026-03-04 00:52:29+00:00,0.934
2026-03-04 00:53:30+00:00,0.934
2026-03-04 00:54:30+00:00,0.934
2026-03-04 00:55:31+00:00,0.934
2026-03-04 00:56:29+00:00,0.9335
2026-03-04 00:57:28+00:00,0.933
2026-03-04 00:58:31+00:00,0.933
2026-03-04 00:59:30+00:00,0.933
2026-03-04 01:00:41+00:00,0.933
2026-03-04 01:01:31+00:00,0.933
2026-03-04 01:02:31+00:00,0.933
2026-03-04 01:03:30+00:00,0.933
2026-03-04 01:04:45+00:00,0.933
2026-03-04 01:05:32+00:00,0.933
2026-03-04 01:06:31+00:00,0.9335
2026-03-04 01:07:31+00:00,0.9335
2026-03-04 01:08:31+00:00,0.934
2026-03-04 01:09:43+00:00,0.9335
2026-03-04 01:10:33+00:00,0.9335
2026-03-04 01:11:31+00:00,0.933
2026-03-04 01:12:31+00:00,0.933
2026-03-04 01:13:30+00:00,0.933
2026-03-04 01:14:31+00:00,0.933
2026-03-04 01:15:32+00:00,0.933
2026-03-04 01:16:30+00:00,0.933
2026-03-04 01:17:50+00:00,0.933
2026-03-04 01:18:30+00:00,0.933
2026-03-04 01:19:29+00:00,0.9335
2026-03-04 01:20:32+00:00,0.934
2026-03-04 01:21:31+00:00,0.934
2026-03-04 01:22:30+00:00,0.934
2026-03-04 01:23:49+00:00,0.934
2026-03-04 01:24:30+00:00,0.933
2026-03-04 01:25:34+00:00,0.933
2026-03-04 01:26:30+00:00,0.9335
2026-03-04 01:27:29+00:00,0.9335
2026-03-04 01:28:31+00:00,0.9335
2026-03-04 01:29:32+00:00,0.933
2026-03-04 01:30:41+00:00,0.933
2026-03-04 01:31:30+00:00,0.933
2026-03-04 01:32:30+00:00,0.9345
2026-03-04 01:33:29+00:00,0.9345
2026-03-04 01:34:31+00:00,0.9335
2026-03-04 01:35:34+00:00,0.9335
2026-03-04 01:36:31+00:00,0.9335
2026-03-04 01:37:30+00:00,0.9335
2026-03-04 01:38:30+00:00,0.9335
2026-03-04 01:39:31+00:00,0.9335
2026-03-04 01:40:32+00:00,0.9335
2026-03-04 01:41:30+00:00,0.9335
2026-03-04 01:42:29+00:00,0.9335
2026-03-04 01:43:31+00:00,0.934
2026-03-04 01:44:30+00:00,0.934
2026-03-04 01:45:32+00:00,0.934
2026-03-04 01:46:30+00:00,0.934
2026-03-04 01:47:29+00:00,0.934
2026-03-04 01:48:28+00:00,0.934
2026-03-04 01:49:51+00:00,0.934
2026-03-04 01:50:33+00:00,0.934
2026-03-04 01:51:28+00:00,0.934
2026-03-04 01:52:31+00:00,0.934
2026-03-04 01:53:41+00:00,0.934
2026-03-04 01:54:30+00:00,0.934
2026-03-04 01:55:32+00:00,0.934
2026-03-04 01:56:30+00:00,0.934
2026-03-04 01:57:28+00:00,0.934
2026-03-04 01:58:29+00:00,0.934
2026-03-04 01:59:29+00:00,0.934
2026-03-04 02:00:42+00:00,0.934
2026-03-04 02:01:31+00:00,0.934
2026-03-04 02:02:30+00:00,0.934
2026-03-04 02:03:32+00:00,0.934
2026-03-04 02:04:29+00:00,0.934
2026-03-04 02:05:32+00:00,0.934
2026-03-04 02:06:30+00:00,0.934
2026-03-04 02:07:29+00:00,0.934
2026-03-04 02:08:44+00:00,0.9345
2026-03-04 02:09:31+00:00,0.934
2026-03-04 02:10:33+00:00,0.934
2026-03-04 02:11:29+00:00,0.934
2026-03-04 02:12:30+00:00,0.934
2026-03-04 02:13:30+00:00,0.934
2026-03-04 02:14:35+00:00,0.934
2026-03-04 02:15:59+00:00,0.934
2026-03-04 02:16:33+00:00,0.934
2026-03-04 02:17:31+00:00,0.934
2026-03-04 02:18:29+00:00,0.934
2026-03-04 02:19:33+00:00,0.934
2026-03-04 02:20:31+00:00,0.934
2026-03-04 02:21:28+00:00,0.934
2026-03-04 02:22:31+00:00,0.934
2026-03-04 02:23:29+00:00,0.934
2026-03-04 02:24:31+00:00,0.934
2026-03-04 02:25:35+00:00,0.934
2026-03-04 02:26:30+00:00,0.934
2026-03-04 02:27:29+00:00,0.934
2026-03-04 02:28:28+00:00,0.934
2026-03-04 02:29:29+00:00,0.934
2026-03-04 02:30:40+00:00,0.934
2026-03-04 02:31:59+00:00,0.934
2026-03-04 02:32:33+00:00,0.934
2026-03-04 02:33:31+00:00,0.934
2026-03-04 02:34:31+00:00,0.934
2026-03-04 02:35:33+00:00,0.934
2026-03-04 02:36:29+00:00,0.934
2026-03-04 02:37:29+00:00,0.934
2026-03-04 02:38:31+00:00,0.934
2026-03-04 02:39:32+00:00,0.934
2026-03-04 02:40:33+00:00,0.934
2026-03-04 02:41:29+00:00,0.934
2026-03-04 02:42:31+00:00,0.934
2026-03-04 02:43:30+00:00,0.934
2026-03-04 02:44:31+00:00,0.934
2026-03-04 02:45:30+00:00,0.934
2026-03-04 02:46:28+00:00,0.934
2026-03-04 02:47:30+00:00,0.934
2026-03-04 02:48:29+00:00,0.934
2026-03-04 02:49:31+00:00,0.934
2026-03-04 02:50:36+00:00,0.934
2026-03-04 02:51:34+00:00,0.934
2026-03-04 02:52:28+00:00,0.934
2026-03-04 02:53:29+00:00,0.934
2026-03-04 02:54:30+00:00,0.934
2026-03-04 02:55:32+00:00,0.934
2026-03-04 02:56:30+00:00,0.934
2026-03-04 02:57:29+00:00,0.934
2026-03-04 02:58:29+00:00,0.934
2026-03-04 02:59:30+00:00,0.934
2026-03-04 03:00:44+00:00,0.934
2026-03-04 03:01:29+00:00,0.934
2026-03-04 03:02:30+00:00,0.934
2026-03-04 03:03:29+00:00,0.934
2026-03-04 03:04:30+00:00,0.934
2026-03-04 03:05:30+00:00,0.934
2026-03-04 03:06:29+00:00,0.934
2026-03-04 03:07:28+00:00,0.934
2026-03-04 03:08:28+00:00,0.934
2026-03-04 03:09:29+00:00,0.934
2026-03-04 03:10:31+00:00,0.9335
2026-03-04 03:11:29+00:00,0.933
2026-03-04 03:12:28+00:00,0.933
2026-03-04 03:13:46+00:00,0.933
2026-03-04 03:14:30+00:00,0.933
2026-03-04 03:15:31+00:00,0.933
2026-03-04 03:16:35+00:00,0.933
2026-03-04 03:17:35+00:00,0.933
2026-03-04 03:18:29+00:00,0.933
2026-03-04 03:19:29+00:00,0.933
2026-03-04 03:20:34+00:00,0.933
2026-03-04 03:21:29+00:00,0.933
2026-03-04 03:22:31+00:00,0.933
2026-03-04 03:23:31+00:00,0.933
2026-03-04 03:24:30+00:00,0.9335
2026-03-04 03:25:31+00:00,0.933
2026-03-04 03:26:30+00:00,0.9335
2026-03-04 03:27:28+00:00,0.9335
2026-03-04 03:28:29+00:00,0.9335
2026-03-04 03:29:28+00:00,0.9335
2026-03-04 03:30:38+00:00,0.9335
2026-03-04 03:31:28+00:00,0.9335
2026-03-04 03:32:30+00:00,0.9335
2026-03-04 03:33:29+00:00,0.9335
2026-03-04 03:34:29+00:00,0.9335
2026-03-04 03:35:31+00:00,0.9335
2026-03-04 03:36:28+00:00,0.9335
2026-03-04 03:37:29+00:00,0.9335
2026-03-04 03:38:29+00:00,0.9335
2026-03-04 03:39:28+00:00,0.9335
2026-03-04 03:40:30+00:00,0.9335
2026-03-04 03:41:29+00:00,0.934
2026-03-04 03:42:30+00:00,0.9345
2026-03-04 03:43:37+00:00,0.9345
2026-03-04 03:44:28+00:00,0.9345
2026-03-04 03:45:33+00:00,0.933
2026-03-04 03:46:28+00:00,0.933
2026-03-04 03:47:30+00:00,0.933
2026-03-04 03:48:29+00:00,0.933
2026-03-04 03:49:29+00:00,0.933
2026-03-04 03:50:32+00:00,0.933
2026-03-04 03:51:31+00:00,0.933
2026-03-04 03:52:28+00:00,0.933
2026-03-04 03:53:30+00:00,0.933
2026-03-04 03:54:30+00:00,0.933
2026-03-04 03:55:32+00:00,0.933
2026-03-04 03:56:29+00:00,0.933
2026-03-04 03:57:29+00:00,0.933
2026-03-04 03:58:28+00:00,0.933
2026-03-04 03:59:29+00:00,0.933
2026-03-04 04:00:39+00:00,0.9335
2026-03-04 04:01:32+00:00,0.9335
2026-03-04 04:02:30+00:00,0.9335
2026-03-04 04:03:31+00:00,0.9335
2026-03-04 04:04:31+00:00,0.9335
2026-03-04 04:05:33+00:00,0.9335
2026-03-04 04:06:41+00:00,0.9335
2026-03-04 04:07:30+00:00,0.934
2026-03-04 04:08:32+00:00,0.9335
2026-03-04 04:09:37+00:00,0.9335
2026-03-04 04:10:31+00:00,0.9335
2026-03-04 04:11:28+00:00,0.933
2026-03-04 04:12:29+00:00,0.933
2026-03-04 04:13:30+00:00,0.933
2026-03-04 04:14:29+00:00,0.933
2026-03-04 04:15:31+00:00,0.933
2026-03-04 04:16:30+00:00,0.933
2026-03-04 04:17:30+00:00,0.933
2026-03-04 04:18:40+00:00,0.933
2026-03-04 04:19:29+00:00,0.933
2026-03-04 04:20:33+00:00,0.933
2026-03-04 04:21:30+00:00,0.933
2026-03-04 04:22:30+00:00,0.933
2026-03-04 04:23:31+00:00,0.933
2026-03-04 04:24:31+00:00,0.933
2026-03-04 04:25:32+00:00,0.933
2026-03-04 04:26:28+00:00,0.933
2026-03-04 04:27:28+00:00,0.933
2026-03-04 04:28:28+00:00,0.933
2026-03-04 04:29:29+00:00,0.933
2026-03-04 04:30:37+00:00,0.933
2026-03-04 04:31:29+00:00,0.933
2026-03-04 04:32:41+00:00,0.933
2026-03-04 04:33:30+00:00,0.933
2026-03-04 04:34:32+00:00,0.933
2026-03-04 04:35:30+00:00,0.933
2026-03-04 04:36:30+00:00,0.933
2026-03-04 04:37:30+00:00,0.933
2026-03-04 04:38:30+00:00,0.933
2026-03-04 04:39:29+00:00,0.9335
2026-03-04 04:40:36+00:00,0.9335
2026-03-04 04:41:30+00:00,0.9335
2026-03-04 04:42:29+00:00,0.9335
2026-03-04 04:43:28+00:00,0.9335
2026-03-04 04:44:38+00:00,0.9335
2026-03-04 04:45:33+00:00,0.9335
2026-03-04 04:46:29+00:00,0.9335
2026-03-04 04:47:28+00:00,0.9335
2026-03-04 04:48:41+00:00,0.9335
2026-03-04 04:49:28+00:00,0.9335
2026-03-04 04:50:36+00:00,0.9335
2026-03-04 04:51:29+00:00,0.933
2026-03-04 04:52:28+00:00,0.933
2026-03-04 04:53:29+00:00,0.933
2026-03-04 04:54:29+00:00,0.933
2026-03-04 04:55:30+00:00,0.933
2026-03-04 04:56:28+00:00,0.933
2026-03-04 04:57:29+00:00,0.933
2026-03-04 04:58:30+00:00,0.9335
2026-03-04 04:59:28+00:00,0.933
2026-03-04 05:00:36+00:00,0.933
2026-03-04 05:01:28+00:00,0.933
2026-03-04 05:02:30+00:00,0.933
2026-03-04 05:03:32+00:00,0.933
2026-03-04 05:04:32+00:00,0.933
2026-03-04 05:05:33+00:00,0.933
2026-03-04 05:06:30+00:00,0.933
2026-03-04 05:07:28+00:00,0.933
2026-03-04 05:08:30+00:00,0.933
2026-03-04 05:09:31+00:00,0.933
2026-03-04 05:10:43+00:00,0.933
2026-03-04 05:11:28+00:00,0.933
2026-03-04 05:12:29+00:00,0.933
2026-03-04 05:13:31+00:00,0.933
2026-03-04 05:14:29+00:00,0.9345
2026-03-04 05:15:31+00:00,0.9345
2026-03-04 05:16:28+00:00,0.9345
2026-03-04 05:17:28+00:00,0.933
2026-03-04 05:18:29+00:00,0.933
2026-03-04 05:19:30+00:00,0.933
2026-03-04 05:20:31+00:00,0.933
2026-03-04 05:21:29+00:00,0.933
2026-03-04 05:22:29+00:00,0.933
2026-03-04 05:23:38+00:00,0.9315
2026-03-04 05:24:27+00:00,0.9315
2026-03-04 05:25:31+00:00,0.9315
2026-03-04 05:26:43+00:00,0.9325
2026-03-04 05:27:29+00:00,0.9325
2026-03-04 05:28:28+00:00,0.933
2026-03-04 05:29:28+00:00,0.9335
2026-03-04 05:30:37+00:00,0.9335
2026-03-04 05:31:29+00:00,0.934
2026-03-04 05:32:29+00:00,0.934
2026-03-04 05:33:28+00:00,0.934
2026-03-04 05:34:30+00:00,0.9355
2026-03-04 05:35:30+00:00,0.9355
2026-03-04 05:36:29+00:00,0.934
2026-03-04 05:37:30+00:00,0.934
2026-03-04 05:38:38+00:00,0.934
2026-03-04 05:39:27+00:00,0.9355
2026-03-04 05:40:34+00:00,0.9345
2026-03-04 05:41:29+00:00,0.935
2026-03-04 05:42:27+00:00,0.935
2026-03-04 05:43:26+00:00,0.935
2026-03-04 05:44:29+00:00,0.9345
2026-03-04 05:45:29+00:00,0.934
2026-03-04 05:46:30+00:00,0.9345
2026-03-04 05:47:27+00:00,0.9345
2026-03-04 05:48:29+00:00,0.935
2026-03-04 05:49:28+00:00,0.935
2026-03-04 05:50:32+00:00,0.935
2026-03-04 05:51:27+00:00,0.935
2026-03-04 05:52:27+00:00,0.935
2026-03-04 05:53:29+00:00,0.935
2026-03-04 05:54:28+00:00,0.935
2026-03-04 05:55:31+00:00,0.935
2026-03-04 05:56:29+00:00,0.9355
2026-03-04 05:57:29+00:00,0.9355
2026-03-04 05:58:27+00:00,0.9355
2026-03-04 05:59:29+00:00,0.9355
2026-03-04 06:00:45+00:00,0.9355
2026-03-04 06:01:29+00:00,0.9345
2026-03-04 06:02:29+00:00,0.9345
2026-03-04 06:03:30+00:00,0.9345
2026-03-04 06:04:37+00:00,0.9345
2026-03-04 06:05:33+00:00,0.9345
2026-03-04 06:06:28+00:00,0.9345
2026-03-04 06:07:28+00:00,0.9345
2026-03-04 06:08:28+00:00,0.9345
2026-03-04 06:09:29+00:00,0.9335
2026-03-04 06:10:32+00:00,0.9335
2026-03-04 06:11:30+00:00,0.9335
2026-03-04 06:12:27+00:00,0.9335
2026-03-04 06:13:29+00:00,0.9335
2026-03-04 06:14:27+00:00,0.9335
2026-03-04 06:15:32+00:00,0.9335
2026-03-04 06:16:30+00:00,0.9335
2026-03-04 06:17:30+00:00,0.9335
2026-03-04 06:18:30+00:00,0.9335
2026-03-04 06:19:30+00:00,0.9335
2026-03-04 06:20:33+00:00,0.9335
2026-03-04 06:21:29+00:00,0.9335
2026-03-04 06:22:29+00:00,0.9335
2026-03-04 06:23:28+00:00,0.9335
2026-03-04 06:24:29+00:00,0.9335
2026-03-04 06:25:30+00:00,0.9335
2026-03-04 06:26:28+00:00,0.9335
2026-03-04 06:27:32+00:00,0.9335
2026-03-04 06:28:28+00:00,0.9335
2026-03-04 06:29:29+00:00,0.9335
2026-03-04 06:31:01+00:00,0.9335
2026-03-04 06:31:31+00:00,0.9335
2026-03-04 06:32:39+00:00,0.9335
2026-03-04 06:33:28+00:00,0.9335
2026-03-04 06:34:28+00:00,0.9335
2026-03-04 06:35:43+00:00,0.9335
2026-03-04 06:36:26+00:00,0.9335
2026-03-04 06:37:30+00:00,0.9335
2026-03-04 06:38:27+00:00,0.9335
2026-03-04 06:39:29+00:00,0.9335
2026-03-04 06:40:30+00:00,0.9335
2026-03-04 06:41:29+00:00,0.9335
2026-03-04 06:42:26+00:00,0.9335
2026-03-04 06:43:27+00:00,0.9335
2026-03-04 06:44:29+00:00,0.9335
2026-03-04 06:45:31+00:00,0.9335
2026-03-04 06:46:29+00:00,0.9335
2026-03-04 06:47:29+00:00,0.9335
2026-03-04 06:48:28+00:00,0.9335
2026-03-04 06:49:28+00:00,0.9335
2026-03-04 06:50:32+00:00,0.9335
2026-03-04 06:51:28+00:00,0.9335
2026-03-04 06:52:28+00:00,0.9335
2026-03-04 06:53:28+00:00,0.9335
2026-03-04 06:54:28+00:00,0.9335
2026-03-04 06:55:29+00:00,0.9335
2026-03-04 06:56:27+00:00,0.9335
2026-03-04 06:57:26+00:00,0.9335
2026-03-04 06:58:28+00:00,0.9335
2026-03-04 06:59:29+00:00,0.9335
2026-03-04 07:00:36+00:00,0.9335
2026-03-04 07:01:38+00:00,0.9335
2026-03-04 07:02:28+00:00,0.9335
2026-03-04 07:03:28+00:00,0.9335
2026-03-04 07:04:28+00:00,0.9335
2026-03-04 07:05:30+00:00,0.9335
2026-03-04 07:06:31+00:00,0.9335
2026-03-04 07:07:29+00:00,0.9335
2026-03-04 07:08:27+00:00,0.9335
2026-03-04 07:09:27+00:00,0.9335
2026-03-04 07:10:30+00:00,0.9335
2026-03-04 07:11:30+00:00,0.9335
2026-03-04 07:12:28+00:00,0.9335
2026-03-04 07:13:28+00:00,0.9335
2026-03-04 07:14:28+00:00,0.9335
2026-03-04 07:15:43+00:00,0.9335
2026-03-04 07:17:16+00:00,0.9335
2026-03-04 07:17:50+00:00,0.9335
2026-03-04 07:18:29+00:00,0.9335
2026-03-04 07:19:28+00:00,0.9335
2026-03-04 07:20:31+00:00,0.9335
2026-03-04 07:21:30+00:00,0.9335
2026-03-04 07:22:29+00:00,0.9335
2026-03-04 07:23:28+00:00,0.9335
2026-03-04 07:24:30+00:00,0.9335
2026-03-04 07:25:30+00:00,0.9335
2026-03-04 07:26:27+00:00,0.9335
2026-03-04 07:27:39+00:00,0.9335
2026-03-04 07:28:38+00:00,0.9335
2026-03-04 07:29:27+00:00,0.9335
2026-03-04 07:30:39+00:00,0.9335
2026-03-04 07:31:29+00:00,0.9335
2026-03-04 07:32:30+00:00,0.9335
2026-03-04 07:33:28+00:00,0.9335
2026-03-04 07:34:31+00:00,0.9335
2026-03-04 07:35:31+00:00,0.933
2026-03-04 07:36:28+00:00,0.933
2026-03-04 07:37:29+00:00,0.933
2026-03-04 07:38:27+00:00,0.933
2026-03-04 07:39:28+00:00,0.933
2026-03-04 07:40:50+00:00,0.933
2026-03-04 07:41:31+00:00,0.933
2026-03-04 07:42:28+00:00,0.933
2026-03-04 07:43:44+00:00,0.933
2026-03-04 07:44:43+00:00,0.933
2026-03-04 07:45:32+00:00,0.933
2026-03-04 07:46:30+00:00,0.933
2026-03-04 07:47:28+00:00,0.933
2026-03-04 07:48:28+00:00,0.933
2026-03-04 07:49:29+00:00,0.933
2026-03-04 07:50:32+00:00,0.933
2026-03-04 07:51:31+00:00,0.933
2026-03-04 07:52:28+00:00,0.933
2026-03-04 07:53:27+00:00,0.933
2026-03-04 07:54:37+00:00,0.9335
2026-03-04 07:55:31+00:00,0.9335
2026-03-04 07:56:29+00:00,0.9335
2026-03-04 07:57:29+00:00,0.9335
2026-03-04 07:58:28+00:00,0.9335
2026-03-04 07:59:29+00:00,0.9335
2026-03-04 08:00:36+00:00,0.9335
2026-03-04 08:01:30+00:00,0.9335
2026-03-04 08:02:30+00:00,0.9335
2026-03-04 08:03:30+00:00,0.9335
2026-03-04 08:04:29+00:00,0.9335
2026-03-04 08:05:29+00:00,0.9335
2026-03-04 08:06:29+00:00,0.9335
2026-03-04 08:07:28+00:00,0.9335
2026-03-04 08:08:27+00:00,0.9335
2026-03-04 08:09:28+00:00,0.9335
2026-03-04 08:10:32+00:00,0.9335
2026-03-04 08:11:30+00:00,0.9335
2026-03-04 08:12:29+00:00,0.9335
2026-03-04 08:13:30+00:00,0.9335
2026-03-04 08:14:28+00:00,0.9335
2026-03-04 08:15:31+00:00,0.9335
2026-03-04 08:16:29+00:00,0.9335
2026-03-04 08:17:29+00:00,0.9335
2026-03-04 08:18:30+00:00,0.9335
2026-03-04 08:19:28+00:00,0.9335
2026-03-04 08:20:43+00:00,0.9335
2026-03-04 08:21:29+00:00,0.9335
2026-03-04 08:22:30+00:00,0.9335
2026-03-04 08:23:30+00:00,0.9335
2026-03-04 08:24:30+00:00,0.9335
2026-03-04 08:25:30+00:00,0.9335
2026-03-04 08:26:29+00:00,0.9335
2026-03-04 08:27:28+00:00,0.9335
2026-03-04 08:28:30+00:00,0.9335
2026-03-04 08:29:30+00:00,0.9335
2026-03-04 08:30:36+00:00,0.9335
2026-03-04 08:31:30+00:00,0.9335
2026-03-04 08:32:28+00:00,0.9335
2026-03-04 08:33:28+00:00,0.9335
2026-03-04 08:34:28+00:00,0.9335
2026-03-04 08:35:29+00:00,0.9335
2026-03-04 08:36:28+00:00,0.9335
2026-03-04 08:37:29+00:00,0.9335
2026-03-04 08:38:29+00:00,0.9335
2026-03-04 08:39:28+00:00,0.9335
2026-03-04 08:40:29+00:00,0.9335
2026-03-04 08:41:28+00:00,0.9335
2026-03-04 08:42:27+00:00,0.9335
2026-03-04 08:43:29+00:00,0.9335
2026-03-04 08:44:28+00:00,0.9335
2026-03-04 08:45:32+00:00,0.9335
2026-03-04 08:46:42+00:00,0.9335
2026-03-04 08:47:30+00:00,0.9335
2026-03-04 08:48:27+00:00,0.9335
2026-03-04 08:49:29+00:00,0.9335
2026-03-04 08:50:31+00:00,0.9335
2026-03-04 08:51:29+00:00,0.9335
2026-03-04 08:52:28+00:00,0.9335
2026-03-04 08:53:30+00:00,0.9335
2026-03-04 08:54:29+00:00,0.9335
2026-03-04 08:55:31+00:00,0.9335
2026-03-04 08:56:29+00:00,0.9335
2026-03-04 08:57:42+00:00,0.9335
2026-03-04 08:58:27+00:00,0.9335
2026-03-04 08:59:28+00:00,0.9335
2026-03-04 09:00:44+00:00,0.9335
2026-03-04 09:01:29+00:00,0.9335
2026-03-04 09:02:30+00:00,0.9335
2026-03-04 09:03:33+00:00,0.9335
2026-03-04 09:04:29+00:00,0.9335
2026-03-04 09:05:31+00:00,0.9335
2026-03-04 09:06:30+00:00,0.9335
2026-03-04 09:07:28+00:00,0.9335
2026-03-04 09:08:30+00:00,0.9335
2026-03-04 09:09:30+00:00,0.9335
2026-03-04 09:10:30+00:00,0.9335
2026-03-04 09:11:30+00:00,0.9335
2026-03-04 09:12:41+00:00,0.9335
2026-03-04 09:13:30+00:00,0.9335
2026-03-04 09:14:30+00:00,0.9335
2026-03-04 09:15:35+00:00,0.9335
2026-03-04 09:16:30+00:00,0.933
2026-03-04 09:17:31+00:00,0.933
2026-03-04 09:18:31+00:00,0.933
2026-03-04 09:19:30+00:00,0.933
2026-03-04 09:20:33+00:00,0.933
2026-03-04 09:21:30+00:00,0.933
2026-03-04 09:22:29+00:00,0.933
2026-03-04 09:23:30+00:00,0.933
2026-03-04 09:24:31+00:00,0.933
2026-03-04 09:25:32+00:00,0.933
2026-03-04 09:26:30+00:00,0.933
2026-03-04 09:27:29+00:00,0.933
2026-03-04 09:28:29+00:00,0.9335
2026-03-04 09:29:30+00:00,0.9335
2026-03-04 09:30:37+00:00,0.9335
2026-03-04 09:31:30+00:00,0.9335
2026-03-04 09:32:34+00:00,0.9335
2026-03-04 09:33:30+00:00,0.9335
2026-03-04 09:34:30+00:00,0.9335
2026-03-04 09:35:47+00:00,0.9335
2026-03-04 09:36:31+00:00,0.9335
2026-03-04 09:37:32+00:00,0.9335
2026-03-04 09:38:41+00:00,0.9335
2026-03-04 09:39:29+00:00,0.9335
2026-03-04 09:40:33+00:00,0.9335
2026-03-04 09:41:29+00:00,0.9335
2026-03-04 09:42:39+00:00,0.9335
2026-03-04 09:43:28+00:00,0.9335
2026-03-04 09:44:29+00:00,0.9335
2026-03-04 09:45:32+00:00,0.9335
2026-03-04 09:46:29+00:00,0.9335
2026-03-04 09:47:31+00:00,0.9335
2026-03-04 09:48:31+00:00,0.9335
2026-03-04 09:49:29+00:00,0.9335
2026-03-04 09:50:32+00:00,0.9335
2026-03-04 09:51:29+00:00,0.9335
2026-03-04 09:52:31+00:00,0.9335
2026-03-04 09:53:29+00:00,0.9335
2026-03-04 09:54:29+00:00,0.9335
2026-03-04 09:55:32+00:00,0.9335
2026-03-04 09:56:30+00:00,0.9335
2026-03-04 09:57:29+00:00,0.9335
2026-03-04 09:58:30+00:00,0.9335
2026-03-04 09:59:31+00:00,0.9335
2026-03-04 10:00:41+00:00,0.9335
2026-03-04 10:01:31+00:00,0.9335
2026-03-04 10:02:32+00:00,0.9335
2026-03-04 10:03:30+00:00,0.9335
2026-03-04 10:04:39+00:00,0.9335
2026-03-04 10:05:35+00:00,0.9335
2026-03-04 10:06:34+00:00,0.9335
2026-03-04 10:07:33+00:00,0.9335
2026-03-04 10:08:31+00:00,0.9335
2026-03-04 10:09:28+00:00,0.9335
2026-03-04 10:10:33+00:00,0.9335
2026-03-04 10:11:28+00:00,0.9335
2026-03-04 10:12:30+00:00,0.9335
2026-03-04 10:13:28+00:00,0.9335
2026-03-04 10:14:28+00:00,0.9335
2026-03-04 10:15:31+00:00,0.9335
2026-03-04 10:16:30+00:00,0.9335
2026-03-04 10:17:31+00:00,0.9335
2026-03-04 10:18:29+00:00,0.9335
2026-03-04 10:19:29+00:00,0.9335
2026-03-04 10:20:33+00:00,0.9335
2026-03-04 10:21:30+00:00,0.9335
2026-03-04 10:22:29+00:00,0.9335
2026-03-04 10:23:29+00:00,0.9335
2026-03-04 10:24:28+00:00,0.934
2026-03-04 10:25:30+00:00,0.934
2026-03-04 10:26:29+00:00,0.934
2026-03-04 10:27:28+00:00,0.934
2026-03-04 10:28:29+00:00,0.9345
2026-03-04 10:29:30+00:00,0.9345
2026-03-04 10:31:01+00:00,0.9345
2026-03-04 10:31:34+00:00,0.9345
2026-03-04 10:32:40+00:00,0.934
2026-03-04 10:33:30+00:00,0.9335
2026-03-04 10:34:28+00:00,0.9335
2026-03-04 10:35:32+00:00,0.9335
2026-03-04 10:36:29+00:00,0.9335
2026-03-04 10:37:29+00:00,0.9335
2026-03-04 10:38:30+00:00,0.9335
2026-03-04 10:39:30+00:00,0.9335
2026-03-04 10:40:31+00:00,0.9335
2026-03-04 10:41:29+00:00,0.9335
2026-03-04 10:42:31+00:00,0.9335
2026-03-04 10:43:30+00:00,0.9335
2026-03-04 10:44:30+00:00,0.9335
2026-03-04 10:45:32+00:00,0.9315
2026-03-04 10:46:29+00:00,0.9315
2026-03-04 10:47:29+00:00,0.9315
2026-03-04 10:48:29+00:00,0.9315
2026-03-04 10:49:29+00:00,0.9315
2026-03-04 10:50:34+00:00,0.9315
2026-03-04 10:51:28+00:00,0.9315
2026-03-04 10:52:29+00:00,0.9315
2026-03-04 10:53:29+00:00,0.9315
2026-03-04 10:54:29+00:00,0.9315
2026-03-04 10:55:31+00:00,0.9315
2026-03-04 10:56:29+00:00,0.9315
2026-03-04 10:57:30+00:00,0.9315
2026-03-04 10:58:40+00:00,0.9315
2026-03-04 10:59:31+00:00,0.9315
2026-03-04 11:00:40+00:00,0.9315
2026-03-04 11:01:30+00:00,0.9315
2026-03-04 11:02:30+00:00,0.9315
2026-03-04 11:03:30+00:00,0.9315
2026-03-04 11:04:30+00:00,0.9315
2026-03-04 11:05:32+00:00,0.9315
2026-03-04 11:06:28+00:00,0.9315
2026-03-04 11:07:30+00:00,0.9315
2026-03-04 11:08:28+00:00,0.9315
2026-03-04 11:09:30+00:00,0.9315
2026-03-04 11:10:32+00:00,0.9315
2026-03-04 11:11:32+00:00,0.9315
2026-03-04 11:12:32+00:00,0.9315
2026-03-04 11:13:29+00:00,0.9315
2026-03-04 11:14:29+00:00,0.9315
2026-03-04 11:15:33+00:00,0.9315
2026-03-04 11:16:31+00:00,0.9315
2026-03-04 11:17:30+00:00,0.9315
2026-03-04 11:18:31+00:00,0.9315
2026-03-04 11:19:34+00:00,0.9315
2026-03-04 11:20:33+00:00,0.9315
2026-03-04 11:21:30+00:00,0.9315
2026-03-04 11:22:32+00:00,0.9315
2026-03-04 11:23:30+00:00,0.9315
2026-03-04 11:24:40+00:00,0.9315
2026-03-04 11:25:33+00:00,0.931
2026-03-04 11:26:31+00:00,0.931
2026-03-04 11:27:29+00:00,0.931
2026-03-04 11:28:30+00:00,0.931
2026-03-04 11:29:31+00:00,0.931
2026-03-04 11:30:36+00:00,0.931
2026-03-04 11:31:31+00:00,0.931
2026-03-04 11:32:31+00:00,0.931
2026-03-04 11:33:42+00:00,0.931
2026-03-04 11:34:31+00:00,0.931
2026-03-04 11:35:32+00:00,0.931
2026-03-04 11:36:30+00:00,0.931
2026-03-04 11:37:28+00:00,0.931
2026-03-04 11:38:29+00:00,0.931
2026-03-04 11:39:29+00:00,0.931
2026-03-04 11:40:32+00:00,0.9305
2026-03-04 11:41:29+00:00,0.93
2026-03-04 11:42:29+00:00,0.93
2026-03-04 11:43:27+00:00,0.9295
2026-03-04 11:44:29+00:00,0.9315
2026-03-04 11:45:39+00:00,0.9315
2026-03-04 11:46:33+00:00,0.9315
2026-03-04 11:47:29+00:00,0.9315
2026-03-04 11:48:28+00:00,0.9315
2026-03-04 11:49:30+00:00,0.9315
2026-03-04 11:50:31+00:00,0.9315
2026-03-04 11:51:45+00:00,0.9315
2026-03-04 11:52:29+00:00,0.9315
2026-03-04 11:53:29+00:00,0.9315
2026-03-04 11:54:30+00:00,0.9315
2026-03-04 11:55:32+00:00,0.9315
2026-03-04 11:56:29+00:00,0.9315
2026-03-04 11:57:31+00:00,0.9315
2026-03-04 11:58:36+00:00,0.9315
2026-03-04 11:59:29+00:00,0.9315
2026-03-04 12:00:54+00:00,0.931
2026-03-04 12:01:29+00:00,0.931
2026-03-04 12:02:30+00:00,0.931
2026-03-04 12:03:31+00:00,0.931
2026-03-04 12:04:31+00:00,0.931
2026-03-04 12:05:34+00:00,0.931
2026-03-04 12:06:32+00:00,0.931
2026-03-04 12:07:30+00:00,0.931
2026-03-04 12:09:15+00:00,0.931
2026-03-04 12:09:52+00:00,0.931
2026-03-04 12:10:33+00:00,0.931
2026-03-04 12:11:40+00:00,0.931
2026-03-04 12:12:30+00:00,0.931
2026-03-04 12:13:29+00:00,0.931
2026-03-04 12:14:29+00:00,0.931
2026-03-04 12:15:33+00:00,0.931
2026-03-04 12:16:28+00:00,0.931
2026-03-04 12:17:31+00:00,0.931
2026-03-04 12:18:31+00:00,0.931
2026-03-04 12:19:29+00:00,0.931
2026-03-04 12:20:30+00:00,0.931
2026-03-04 12:21:29+00:00,0.931
2026-03-04 12:22:32+00:00,0.931
2026-03-04 12:23:29+00:00,0.93
2026-03-04 12:24:32+00:00,0.9305
2026-03-04 12:25:33+00:00,0.9305
2026-03-04 12:26:31+00:00,0.9305
2026-03-04 12:27:29+00:00,0.9305
2026-03-04 12:28:31+00:00,0.93
2026-03-04 12:29:29+00:00,0.9315
2026-03-04 12:31:00+00:00,0.9315
2026-03-04 12:31:35+00:00,0.9315
2026-03-04 12:32:34+00:00,0.9305
2026-03-04 12:33:34+00:00,0.9305
2026-03-04 12:34:28+00:00,0.931
2026-03-04 12:35:31+00:00,0.931
2026-03-04 12:36:40+00:00,0.9305
2026-03-04 12:37:29+00:00,0.93
2026-03-04 12:38:32+00:00,0.93
2026-03-04 12:39:32+00:00,0.93
2026-03-04 12:40:33+00:00,0.93
2026-03-04 12:41:30+00:00,0.9305
2026-03-04 12:42:30+00:00,0.93
2026-03-04 12:43:31+00:00,0.93
2026-03-04 12:44:29+00:00,0.93
2026-03-04 12:45:33+00:00,0.93
2026-03-04 12:46:28+00:00,0.93
2026-03-04 12:47:30+00:00,0.9305
2026-03-04 12:48:31+00:00,0.9305
2026-03-04 12:49:29+00:00,0.9305
2026-03-04 12:50:32+00:00,0.9305
2026-03-04 12:51:29+00:00,0.9305
2026-03-04 12:52:31+00:00,0.9305
2026-03-04 12:53:31+00:00,0.931
2026-03-04 12:54:30+00:00,0.931
2026-03-04 12:55:32+00:00,0.931
2026-03-04 12:56:30+00:00,0.931
2026-03-04 12:57:32+00:00,0.931
2026-03-04 12:58:29+00:00,0.931
2026-03-04 12:59:29+00:00,0.931
2026-03-04 13:00:40+00:00,0.931
2026-03-04 13:01:29+00:00,0.931
2026-03-04 13:02:40+00:00,0.931
2026-03-04 13:03:30+00:00,0.931
2026-03-04 13:04:30+00:00,0.931
2026-03-04 13:05:33+00:00,0.931
2026-03-04 13:06:30+00:00,0.931
2026-03-04 13:07:31+00:00,0.931
2026-03-04 13:08:31+00:00,0.931
2026-03-04 13:09:29+00:00,0.931
2026-03-04 13:10:32+00:00,0.931
2026-03-04 13:11:30+00:00,0.931
2026-03-04 13:12:29+00:00,0.931
2026-03-04 13:13:28+00:00,0.931
2026-03-04 13:14:47+00:00,0.931
2026-03-04 13:15:40+00:00,0.931
2026-03-04 13:16:29+00:00,0.931
2026-03-04 13:17:31+00:00,0.9305
2026-03-04 13:18:31+00:00,0.9305
2026-03-04 13:19:29+00:00,0.9305
2026-03-04 13:20:31+00:00,0.9305
2026-03-04 13:21:29+00:00,0.9305
2026-03-04 13:22:29+00:00,0.9305
2026-03-04 13:23:33+00:00,0.9305
2026-03-04 13:24:31+00:00,0.9305
2026-03-04 13:25:32+00:00,0.9305
2026-03-04 13:26:31+00:00,0.9305
2026-03-04 13:27:32+00:00,0.9305
2026-03-04 13:28:29+00:00,0.9305
2026-03-04 13:29:32+00:00,0.9305
2026-03-04 13:30:38+00:00,0.9305
2026-03-04 13:31:29+00:00,0.9305
2026-03-04 13:32:31+00:00,0.9305
2026-03-04 13:33:30+00:00,0.9305
2026-03-04 13:34:33+00:00,0.9305
2026-03-04 13:35:36+00:00,0.9305
2026-03-04 13:36:29+00:00,0.9305
2026-03-04 13:37:32+00:00,0.9305
2026-03-04 13:38:30+00:00,0.9305
2026-03-04 13:39:30+00:00,0.9305
2026-03-04 13:40:33+00:00,0.9305
2026-03-04 13:41:40+00:00,0.9305
2026-03-04 13:42:30+00:00,0.9305
2026-03-04 13:43:30+00:00,0.9305
2026-03-04 13:44:32+00:00,0.9305
2026-03-04 13:45:37+00:00,0.9305
2026-03-04 13:46:41+00:00,0.9305
2026-03-04 13:47:29+00:00,0.9305
2026-03-04 13:48:29+00:00,0.9305
2026-03-04 13:49:29+00:00,0.9305
2026-03-04 13:50:32+00:00,0.9305
2026-03-04 13:51:30+00:00,0.9305
2026-03-04 13:52:29+00:00,0.9305
2026-03-04 13:53:31+00:00,0.9305
2026-03-04 13:54:30+00:00,0.9305
2026-03-04 13:55:34+00:00,0.9305
2026-03-04 13:56:30+00:00,0.9305
2026-03-04 13:57:30+00:00,0.9305
2026-03-04 13:58:29+00:00,0.9305
2026-03-04 13:59:29+00:00,0.9305
2026-03-04 14:00:39+00:00,0.9305
2026-03-04 14:01:32+00:00,0.9305
2026-03-04 14:02:31+00:00,0.931
2026-03-04 14:03:30+00:00,0.931
2026-03-04 14:04:30+00:00,0.931
2026-03-04 14:05:33+00:00,0.931
2026-03-04 14:06:30+00:00,0.931
2026-03-04 14:07:30+00:00,0.931
2026-03-04 14:08:41+00:00,0.9315
2026-03-04 14:09:31+00:00,0.9315
2026-03-04 14:10:32+00:00,0.932
2026-03-04 14:11:30+00:00,0.9335
2026-03-04 14:12:41+00:00,0.9335
2026-03-04 14:13:30+00:00,0.9335
2026-03-04 14:14:31+00:00,0.9335
2026-03-04 14:15:35+00:00,0.9335
2026-03-04 14:16:29+00:00,0.9335
2026-03-04 14:17:29+00:00,0.9335
2026-03-04 14:18:32+00:00,0.9335
2026-03-04 14:19:32+00:00,0.932
2026-03-04 14:20:34+00:00,0.932
2026-03-04 14:21:29+00:00,0.932
2026-03-04 14:22:31+00:00,0.9325
2026-03-04 14:23:30+00:00,0.9325
2026-03-04 14:24:35+00:00,0.933
2026-03-04 14:25:33+00:00,0.933
2026-03-04 14:26:30+00:00,0.9325
2026-03-04 14:27:31+00:00,0.932
2026-03-04 14:28:30+00:00,0.932
2026-03-04 14:29:29+00:00,0.932
2026-03-04 14:30:40+00:00,0.932
2026-03-04 14:31:31+00:00,0.9325
2026-03-04 14:32:40+00:00,0.9325
2026-03-04 14:33:29+00:00,0.9325
2026-03-04 14:35:16+00:00,0.9325
2026-03-04 14:35:54+00:00,0.9325
2026-03-04 14:36:32+00:00,0.9325
2026-03-04 14:37:31+00:00,0.9325
2026-03-04 14:38:40+00:00,0.9325
2026-03-04 14:39:30+00:00,0.9325
2026-03-04 14:40:36+00:00,0.933
2026-03-04 14:41:30+00:00,0.933
2026-03-04 14:42:32+00:00,0.933
2026-03-04 14:43:29+00:00,0.932
2026-03-04 14:44:30+00:00,0.932
2026-03-04 14:45:34+00:00,0.932
2026-03-04 14:46:32+00:00,0.932
2026-03-04 14:47:31+00:00,0.932
2026-03-04 14:48:33+00:00,0.9325
2026-03-04 14:49:32+00:00,0.932
2026-03-04 14:50:34+00:00,0.932
2026-03-04 14:51:31+00:00,0.932
2026-03-04 14:52:33+00:00,0.932
2026-03-04 14:53:31+00:00,0.932
2026-03-04 14:54:31+00:00,0.932
2026-03-04 14:55:33+00:00,0.932
2026-03-04 14:56:30+00:00,0.932
2026-03-04 14:57:43+00:00,0.932
2026-03-04 14:58:33+00:00,0.932
2026-03-04 14:59:33+00:00,0.932
2026-03-04 15:01:01+00:00,0.932
2026-03-04 15:01:34+00:00,0.932
2026-03-04 15:02:31+00:00,0.933
2026-03-04 15:03:29+00:00,0.9315
2026-03-04 15:04:40+00:00,0.931
2026-03-04 15:05:34+00:00,0.931
2026-03-04 15:06:32+00:00,0.931
2026-03-04 15:07:29+00:00,0.931
2026-03-04 15:08:31+00:00,0.931
2026-03-04 15:09:31+00:00,0.931
2026-03-04 15:10:33+00:00,0.931
2026-03-04 15:11:30+00:00,0.931
2026-03-04 15:12:30+00:00,0.931
2026-03-04 15:13:31+00:00,0.931
2026-03-04 15:14:29+00:00,0.931
2026-03-04 15:15:33+00:00,0.931
2026-03-04 15:16:31+00:00,0.931
2026-03-04 15:17:31+00:00,0.931
2026-03-04 15:18:39+00:00,0.931
2026-03-04 15:19:30+00:00,0.931
2026-03-04 15:20:37+00:00,0.931
2026-03-04 15:21:31+00:00,0.931
2026-03-04 15:22:32+00:00,0.931
2026-03-04 15:23:31+00:00,0.931
2026-03-04 15:24:33+00:00,0.931
2026-03-04 15:25:32+00:00,0.931
2026-03-04 15:26:30+00:00,0.931
2026-03-04 15:27:31+00:00,0.931
2026-03-04 15:28:28+00:00,0.931
2026-03-04 15:29:29+00:00,0.931
2026-03-04 15:30:53+00:00,0.931
2026-03-04 15:31:40+00:00,0.931
2026-03-04 15:32:30+00:00,0.931
2026-03-04 15:33:31+00:00,0.9315
2026-03-04 15:34:31+00:00,0.932
2026-03-04 15:35:33+00:00,0.932
2026-03-04 15:36:30+00:00,0.9325
2026-03-04 15:37:31+00:00,0.9325
2026-03-04 15:38:32+00:00,0.9325
2026-03-04 15:39:30+00:00,0.9325
2026-03-04 15:40:32+00:00,0.9325
2026-03-04 15:41:30+00:00,0.9315
2026-03-04 15:42:31+00:00,0.9315
2026-03-04 15:43:31+00:00,0.9315
2026-03-04 15:44:41+00:00,0.9315
2026-03-04 15:45:36+00:00,0.9315
2026-03-04 15:46:31+00:00,0.9315
2026-03-04 15:47:43+00:00,0.931
2026-03-04 15:48:30+00:00,0.931
2026-03-04 15:49:30+00:00,0.931
2026-03-04 15:50:33+00:00,0.931
2026-03-04 15:51:30+00:00,0.931
2026-03-04 15:52:30+00:00,0.931
2026-03-04 15:53:30+00:00,0.931
2026-03-04 15:54:31+00:00,0.931
2026-03-04 15:55:32+00:00,0.931
2026-03-04 15:56:29+00:00,0.931
2026-03-04 15:57:30+00:00,0.931
2026-03-04 15:58:30+00:00,0.931
2026-03-04 15:59:29+00:00,0.9305
2026-03-04 16:00:40+00:00,0.9305
2026-03-04 16:01:34+00:00,0.9305
2026-03-04 16:02:31+00:00,0.9305
2026-03-04 16:03:34+00:00,0.9305
2026-03-04 16:04:34+00:00,0.9305
2026-03-04 16:05:32+00:00,0.9305
2026-03-04 16:06:32+00:00,0.9305
2026-03-04 16:07:30+00:00,0.9615
2026-03-04 16:08:29+00:00,0.9775
2026-03-04 16:09:29+00:00,0.995
2026-03-04 16:10:46+00:00,0.9975
2026-03-04 16:11:32+00:00,0.9965
2026-03-04 16:12:32+00:00,0.9945
2026-03-04 16:13:29+00:00,0.9925
2026-03-04 16:14:29+00:00,0.995
2026-03-04 16:15:47+00:00,0.9935
2026-03-04 16:16:30+00:00,0.994
2026-03-04 16:17:28+00:00,0.9955
2026-03-04 16:18:43+00:00,0.9965
2026-03-04 16:19:29+00:00,0.9975
2026-03-04 16:20:34+00:00,0.9965
2026-03-04 16:21:31+00:00,0.9965
2026-03-04 16:22:30+00:00,0.997
2026-03-04 16:23:30+00:00,0.997
2026-03-04 16:24:30+00:00,0.9975
2026-03-04 16:25:31+00:00,0.9985
2026-03-04 16:26:30+00:00,0.9975
2026-03-04 16:27:29+00:00,0.9975
2026-03-04 16:28:30+00:00,0.9975
2026-03-04 16:29:29+00:00,0.9975
2026-03-04 16:30:40+00:00,0.9985
2026-03-04 16:31:30+00:00,0.9985
2026-03-04 16:32:29+00:00,0.9985
2026-03-04 16:33:30+00:00,0.9985
2026-03-04 16:34:30+00:00,0.9985
2026-03-04 16:35:33+00:00,0.9985
2026-03-04 16:36:31+00:00,0.9985
2026-03-04 16:37:30+00:00,0.9985
2026-03-04 16:38:30+00:00,0.9985
2026-03-04 16:39:31+00:00,0.998
2026-03-04 16:40:31+00:00,0.9975
2026-03-04 16:41:40+00:00,0.9985
2026-03-04 16:42:43+00:00,0.9985
2026-03-04 16:43:28+00:00,0.9985
2026-03-04 16:44:30+00:00,0.9985
2026-03-04 16:45:37+00:00,0.9985
2026-03-04 16:46:31+00:00,0.9985
2026-03-04 16:47:32+00:00,0.9985
2026-03-04 16:48:32+00:00,0.9985
2026-03-04 16:49:30+00:00,0.9985
2026-03-04 16:50:37+00:00,0.9985
2026-03-04 16:51:29+00:00,0.9985
2026-03-04 16:52:30+00:00,0.9985
2026-03-04 16:53:29+00:00,0.9985
2026-03-04 16:54:30+00:00,0.9995
2026-03-04 16:55:30+00:00,0.9995
2026-03-04 16:56:30+00:00,0.9985
2026-03-04 16:57:29+00:00,0.9985
2026-03-04 16:58:30+00:00,0.9985
2026-03-04 16:59:30+00:00,0.9985
2026-03-04 17:01:20+00:00,0.9985
2026-03-04 17:01:57+00:00,0.9985
2026-03-04 17:02:29+00:00,0.9985
2026-03-04 17:03:30+00:00,0.9985
2026-03-04 17:04:31+00:00,0.9985
2026-03-04 17:05:34+00:00,0.9985
2026-03-04 17:06:31+00:00,0.9985
2026-03-04 17:07:41+00:00,0.9985
2026-03-04 17:08:30+00:00,0.9985
2026-03-04 17:09:31+00:00,0.9985
2026-03-04 17:10:34+00:00,0.9985
2026-03-04 17:11:30+00:00,0.9985
2026-03-04 17:12:30+00:00,0.9985
2026-03-04 17:13:30+00:00,0.9985
2026-03-04 17:14:30+00:00,0.9985
2026-03-04 17:15:35+00:00,0.9985
2026-03-04 17:16:32+00:00,0.9985
2026-03-04 17:17:33+00:00,0.9985
2026-03-04 17:18:33+00:00,0.9985
2026-03-04 17:19:32+00:00,0.9985
2026-03-04 17:20:34+00:00,0.9985
2026-03-04 17:21:30+00:00,0.9985
2026-03-04 17:22:31+00:00,0.9985
2026-03-04 17:23:32+00:00,0.9985
2026-03-04 17:24:32+00:00,0.9985
2026-03-04 17:25:38+00:00,0.9985
2026-03-04 17:26:31+00:00,0.9985
2026-03-04 17:27:29+00:00,0.9985
2026-03-04 17:28:30+00:00,0.9985
2026-03-04 17:29:29+00:00,0.9985
2026-03-04 17:30:49+00:00,0.9985
2026-03-04 17:31:30+00:00,0.9985
2026-03-04 17:32:30+00:00,0.9985
2026-03-04 17:33:40+00:00,0.9985
2026-03-04 17:34:32+00:00,0.9985
2026-03-04 17:35:37+00:00,0.9985
2026-03-04 17:36:31+00:00,0.9985
2026-03-04 17:37:30+00:00,0.9985
2026-03-04 17:38:32+00:00,0.9985
2026-03-04 17:39:31+00:00,0.9985
2026-03-04 17:40:34+00:00,0.9985
2026-03-04 17:41:30+00:00,0.9985
2026-03-04 17:42:46+00:00,0.9985
2026-03-04 17:43:30+00:00,0.9985
2026-03-04 17:44:32+00:00,0.9985
2026-03-04 17:45:34+00:00,0.9985
2026-03-04 17:46:31+00:00,0.9985
2026-03-04 17:47:31+00:00,0.9985
2026-03-04 17:48:31+00:00,0.9985
2026-03-04 17:49:31+00:00,0.9985
2026-03-04 17:50:33+00:00,0.9985
2026-03-04 17:51:30+00:00,0.9985
2026-03-04 17:52:32+00:00,0.9985
2026-03-04 17:53:30+00:00,0.9985
2026-03-04 17:54:32+00:00,0.9985
2026-03-04 17:55:33+00:00,0.9985
2026-03-04 17:56:30+00:00,0.9985
2026-03-04 17:57:31+00:00,0.9985
2026-03-04 17:58:30+00:00,0.9985
2026-03-04 17:59:40+00:00,0.9985
2026-03-04 18:00:45+00:00,0.9985
2026-03-04 18:01:31+00:00,0.9985
2026-03-04 18:02:31+00:00,0.9985
2026-03-04 18:03:31+00:00,0.9985
2026-03-04 18:04:30+00:00,0.9985
2026-03-04 18:05:33+00:00,0.9985
2026-03-04 18:06:30+00:00,0.9985
2026-03-04 18:07:31+00:00,0.9985
2026-03-04 18:08:30+00:00,0.9985
2026-03-04 18:09:31+00:00,0.9985
2026-03-04 18:10:33+00:00,0.9985
2026-03-04 18:11:31+00:00,0.9985
2026-03-04 18:12:30+00:00,0.9985
2026-03-04 18:13:31+00:00,0.9985
2026-03-04 18:14:31+00:00,0.9985
2026-03-04 18:15:31+00:00,0.9985
2026-03-04 18:16:32+00:00,0.9985
2026-03-04 18:17:31+00:00,0.9985
2026-03-04 18:18:33+00:00,0.9985
2026-03-04 18:19:29+00:00,0.9985
2026-03-04 18:20:33+00:00,0.9985
2026-03-04 18:21:30+00:00,0.9985
2026-03-04 18:22:31+00:00,0.9985
2026-03-04 18:23:30+00:00,0.9985
2026-03-04 18:24:31+00:00,0.9985
2026-03-04 18:25:46+00:00,0.9985
2026-03-04 18:26:30+00:00,0.999
2026-03-04 18:27:31+00:00,0.9985
2026-03-04 18:28:31+00:00,0.9985
2026-03-04 18:29:30+00:00,0.9985
2026-03-04 18:30:40+00:00,0.9985
2026-03-04 18:31:30+00:00,0.9995
2026-03-04 18:32:32+00:00,0.9995
2026-03-04 18:33:29+00:00,0.9995
2026-03-04 18:34:30+00:00,0.9995
2026-03-04 18:35:31+00:00,0.9985
2026-03-04 18:36:30+00:00,0.9985
2026-03-04 18:37:34+00:00,0.9995
2026-03-04 18:38:29+00:00,0.9995
2026-03-04 18:39:31+00:00,0.9995
2026-03-04 18:40:32+00:00,0.9985
2026-03-04 18:41:31+00:00,0.998
2026-03-04 18:42:31+00:00,0.9985
2026-03-04 18:43:29+00:00,0.9985
2026-03-04 18:44:30+00:00,0.9995
2026-03-04 18:45:32+00:00,0.9995
2026-03-04 18:46:29+00:00,0.9985
2026-03-04 18:47:34+00:00,0.9985
2026-03-04 18:48:39+00:00,0.9995
2026-03-04 18:49:30+00:00,0.9985
2026-03-04 18:50:36+00:00,0.9985
2026-03-04 18:51:30+00:00,0.9985
2026-03-04 18:52:31+00:00,0.9985
2026-03-04 18:53:30+00:00,0.9995
2026-03-04 18:54:32+00:00,0.9995
2026-03-04 18:55:32+00:00,0.9995
2026-03-04 18:56:31+00:00,0.9985
2026-03-04 18:57:29+00:00,0.9985
2026-03-04 18:58:32+00:00,0.9985
2026-03-04 18:59:31+00:00,0.9985
2026-03-04 19:00:39+00:00,0.9985
2026-03-04 19:01:30+00:00,0.9985
2026-03-04 19:02:31+00:00,0.9985
2026-03-04 19:03:31+00:00,0.9985
2026-03-04 19:04:32+00:00,0.9985
2026-03-04 19:05:33+00:00,0.9985
2026-03-04 19:06:44+00:00,0.9985
2026-03-04 19:07:30+00:00,0.9985
2026-03-04 19:08:32+00:00,0.9985
2026-03-04 19:09:31+00:00,0.9985
2026-03-04 19:10:34+00:00,0.9985
2026-03-04 19:11:31+00:00,0.9985
2026-03-04 19:12:33+00:00,0.9985
2026-03-04 19:13:34+00:00,0.9995
2026-03-04 19:14:37+00:00,0.9995
2026-03-04 19:15:38+00:00,0.9995
2026-03-04 19:16:37+00:00,0.9995
2026-03-04 19:17:32+00:00,0.9995
2026-03-04 19:18:31+00:00,0.9995
2026-03-04 19:19:31+00:00,0.9995
2026-03-04 19:20:36+00:00,0.9995
2026-03-04 19:21:30+00:00,0.9995
2026-03-04 19:22:32+00:00,0.9995
2026-03-04 19:23:28+00:00,0.9995
2026-03-04 19:24:44+00:00,0.9995
2026-03-04 19:25:33+00:00,0.9995
