timestamp,price
2026-04-26 21:25:04+00:00,0.9995
2026-04-26 21:26:03+00:00,0.9995
2026-04-26 21:27:05+00:00,0.9995
2026-04-26 21:28:05+00:00,0.9995
2026-04-26 21:29:03+00:00,0.9995
2026-04-26 21:30:05+00:00,0.9995
2026-04-26 21:31:05+00:00,0.9995
2026-04-26 21:32:17+00:00,0.9995
2026-04-26 21:33:03+00:00,0.9995
2026-04-26 21:34:04+00:00,0.9995
2026-04-26 21:35:03+00:00,0.9995
2026-04-26 21:36:03+00:00,0.9995
2026-04-26 21:37:05+00:00,0.9995
2026-04-26 21:38:06+00:00,0.9995
2026-04-26 21:39:04+00:00,0.9995
2026-04-26 21:40:03+00:00,0.9995
2026-04-26 21:41:04+00:00,0.9995
2026-04-26 21:42:03+00:00,0.9995
2026-04-26 21:43:03+00:00,0.9995
2026-04-26 21:44:03+00:00,0.9995
2026-04-26 21:45:20+00:00,0.9995
2026-04-26 21:46:05+00:00,0.9995
2026-04-26 21:47:04+00:00,0.9995
2026-04-26 21:48:05+00:00,0.9995
2026-04-26 21:49:04+00:00,0.9995
2026-04-26 21:50:07+00:00,0.9995
2026-04-26 21:51:04+00:00,0.9995
2026-04-26 21:52:08+00:00,0.9995
2026-04-26 21:53:04+00:00,0.9995
2026-04-26 21:54:04+00:00,0.9995
2026-04-26 21:55:07+00:00,0.9995
2026-04-26 21:56:04+00:00,0.9995
2026-04-26 21:57:06+00:00,0.9995
2026-04-26 21:58:04+00:00,0.9995
2026-04-26 21:59:04+00:00,0.9995
2026-04-26 22:00:06+00:00,0.9995
2026-04-26 22:01:04+00:00,0.9995
2026-04-26 22:02:04+00:00,0.9995
2026-04-26 22:03:05+00:00,0.9995
2026-04-26 22:04:04+00:00,0.9995
2026-04-26 22:05:06+00:00,0.9995
2026-04-26 22:06:06+00:00,0.9995
2026-04-26 22:07:04+00:00,0.9995
2026-04-26 22:08:19+00:00,0.9995
2026-04-26 22:09:04+00:00,0.9995
2026-04-26 22:10:05+00:00,0.9995
2026-04-26 22:11:05+00:00,0.9995
2026-04-26 22:12:05+00:00,0.9995
2026-04-26 22:13:04+00:00,0.9995
2026-04-26 22:14:05+00:00,0.9995
2026-04-26 22:15:06+00:00,0.9995
2026-04-26 22:16:04+00:00,0.9995
2026-04-26 22:17:05+00:00,0.9995
2026-04-26 22:18:04+00:00,0.9995
2026-04-26 22:19:04+00:00,0.9995
2026-04-26 22:20:04+00:00,0.9995
2026-04-26 22:21:05+00:00,0.9995
2026-04-26 22:22:03+00:00,0.9995
2026-04-26 22:23:04+00:00,0.9995
2026-04-26 22:24:04+00:00,0.9995
2026-04-26 22:25:04+00:00,0.9995
2026-04-26 22:26:05+00:00,0.9995
2026-04-26 22:27:05+00:00,0.9995
2026-04-26 22:28:04+00:00,0.9995
2026-04-26 22:29:04+00:00,0.9995
2026-04-26 22:30:04+00:00,0.9995
2026-04-26 22:31:04+00:00,0.9995
2026-04-26 22:32:04+00:00,0.9995
2026-04-26 22:33:04+00:00,0.9995
2026-04-26 22:34:04+00:00,0.9995
2026-04-26 22:35:04+00:00,0.9995
2026-04-26 22:36:04+00:00,0.9995
2026-04-26 22:37:06+00:00,0.9995
2026-04-26 22:38:05+00:00,0.9995
2026-04-26 22:39:05+00:00,0.9995
2026-04-26 22:40:05+00:00,0.9995
2026-04-26 22:41:03+00:00,0.9995
2026-04-26 22:42:03+00:00,0.9995
2026-04-26 22:43:03+00:00,0.9995
2026-04-26 22:44:04+00:00,0.9995
2026-04-26 22:45:04+00:00,0.9995
2026-04-26 22:46:03+00:00,0.9995
2026-04-26 22:47:03+00:00,0.9995
2026-04-26 22:48:04+00:00,0.9995
2026-04-26 22:49:18+00:00,0.9995
2026-04-26 22:50:04+00:00,0.9995
2026-04-26 22:51:05+00:00,0.9995
2026-04-26 22:52:04+00:00,0.9995
2026-04-26 22:53:05+00:00,0.9995
2026-04-26 22:54:04+00:00,0.9995
2026-04-26 22:55:07+00:00,0.9995
2026-04-26 22:56:05+00:00,0.9995
2026-04-26 22:57:05+00:00,0.9995
2026-04-26 22:58:04+00:00,0.9995
2026-04-26 22:59:04+00:00,0.9995
2026-04-26 23:00:04+00:00,0.9995
2026-04-26 23:01:03+00:00,0.9995
2026-04-26 23:02:03+00:00,0.9995
2026-04-26 23:03:05+00:00,0.9995
2026-04-26 23:04:03+00:00,0.9995
2026-04-26 23:05:04+00:00,0.9995
2026-04-26 23:06:04+00:00,0.9995
2026-04-26 23:07:04+00:00,0.9995
2026-04-26 23:08:04+00:00,0.9995
2026-04-26 23:09:04+00:00,0.9995
2026-04-26 23:10:04+00:00,0.9995
2026-04-26 23:11:04+00:00,0.9995
2026-04-26 23:12:04+00:00,0.9995
2026-04-26 23:13:05+00:00,0.9995
2026-04-26 23:14:04+00:00,0.9995
2026-04-26 23:15:05+00:00,0.9995
2026-04-26 23:16:05+00:00,0.9995
2026-04-26 23:17:04+00:00,0.9995
2026-04-26 23:18:04+00:00,0.9995
2026-04-26 23:19:04+00:00,0.9995
2026-04-26 23:20:05+00:00,0.9995
2026-04-26 23:21:07+00:00,0.9995
2026-04-26 23:22:04+00:00,0.9995
2026-04-26 23:23:04+00:00,0.9995
2026-04-26 23:24:04+00:00,0.9995
2026-04-26 23:25:05+00:00,0.9995
2026-04-26 23:26:05+00:00,0.9995
2026-04-26 23:27:04+00:00,0.9995
2026-04-26 23:28:05+00:00,0.9995
2026-04-26 23:29:04+00:00,0.9995
2026-04-26 23:30:07+00:00,0.9995
2026-04-26 23:31:04+00:00,0.9995
2026-04-26 23:32:04+00:00,0.9995
2026-04-26 23:33:17+00:00,0.9995
2026-04-26 23:34:04+00:00,0.9995
2026-04-26 23:35:04+00:00,0.9995
2026-04-26 23:36:03+00:00,0.9995
2026-04-26 23:37:03+00:00,0.9995
2026-04-26 23:38:06+00:00,0.9995
2026-04-26 23:39:05+00:00,0.9995
2026-04-26 23:40:03+00:00,0.9995
2026-04-26 23:41:04+00:00,0.9995
2026-04-26 23:42:03+00:00,0.9995
2026-04-26 23:43:03+00:00,0.9995
2026-04-26 23:44:04+00:00,0.9995
2026-04-26 23:45:04+00:00,0.9995
2026-04-26 23:46:03+00:00,0.9995
2026-04-26 23:47:05+00:00,0.9995
2026-04-26 23:48:06+00:00,0.9995
2026-04-26 23:49:05+00:00,0.9995
2026-04-26 23:50:05+00:00,0.9995
2026-04-26 23:51:04+00:00,0.9995
2026-04-26 23:52:03+00:00,0.9995
2026-04-26 23:53:04+00:00,0.9995
2026-04-26 23:54:04+00:00,0.9995
2026-04-26 23:55:04+00:00,0.9995
2026-04-26 23:56:04+00:00,0.9995
2026-04-26 23:57:06+00:00,0.9995
2026-04-26 23:58:04+00:00,0.9995
2026-04-26 23:59:05+00:00,0.9995
2026-04-27 00:00:08+00:00,0.9995
2026-04-27 00:01:03+00:00,0.9995
2026-04-27 00:02:03+00:00,0.9995
2026-04-27 00:03:05+00:00,0.9995
2026-04-27 00:04:04+00:00,0.9995
2026-04-27 00:05:04+00:00,0.9995
2026-04-27 00:06:04+00:00,0.9995
2026-04-27 00:07:03+00:00,0.9995
2026-04-27 00:08:04+00:00,0.9995
2026-04-27 00:09:04+00:00,0.9995
2026-04-27 00:10:17+00:00,0.9995
2026-04-27 00:11:03+00:00,0.9995
2026-04-27 00:12:04+00:00,0.9995
2026-04-27 00:13:03+00:00,0.9995
2026-04-27 00:14:04+00:00,0.9995
2026-04-27 00:15:17+00:00,0.9995
2026-04-27 00:16:03+00:00,0.9995
2026-04-27 00:17:04+00:00,0.9995
2026-04-27 00:18:07+00:00,0.9995
2026-04-27 00:19:04+00:00,0.9995
2026-04-27 00:20:05+00:00,0.9995
2026-04-27 00:21:04+00:00,0.9995
2026-04-27 00:22:03+00:00,0.9995
2026-04-27 00:23:06+00:00,0.9995
2026-04-27 00:24:04+00:00,0.9995
2026-04-27 00:25:03+00:00,0.9995
2026-04-27 00:26:03+00:00,0.9995
2026-04-27 00:27:06+00:00,0.9995
2026-04-27 00:28:05+00:00,0.9995
2026-04-27 00:29:03+00:00,0.9995
2026-04-27 00:30:05+00:00,0.9995
2026-04-27 00:31:15+00:00,0.9995
2026-04-27 00:32:03+00:00,0.9995
2026-04-27 00:33:07+00:00,0.9995
2026-04-27 00:34:04+00:00,0.9995
2026-04-27 00:35:05+00:00,0.9995
2026-04-27 00:36:05+00:00,0.9995
2026-04-27 00:37:05+00:00,0.9995
2026-04-27 00:38:04+00:00,0.9995
2026-04-27 00:39:04+00:00,0.9995
2026-04-27 00:40:19+00:00,0.9995
2026-04-27 00:41:03+00:00,0.9995
2026-04-27 00:42:04+00:00,0.9995
2026-04-27 00:43:03+00:00,0.9995
2026-04-27 00:44:15+00:00,0.9995
2026-04-27 00:45:04+00:00,0.9995
2026-04-27 00:46:05+00:00,0.9995
2026-04-27 00:47:05+00:00,0.9995
2026-04-27 00:48:04+00:00,0.9995
2026-04-27 00:49:04+00:00,0.9995
2026-04-27 00:50:04+00:00,0.9995
2026-04-27 00:51:05+00:00,0.9995
2026-04-27 00:52:04+00:00,0.9995
2026-04-27 00:53:04+00:00,0.9995
2026-04-27 00:54:05+00:00,0.9995
2026-04-27 00:55:03+00:00,0.9995
2026-04-27 00:56:03+00:00,0.9995
2026-04-27 00:57:18+00:00,0.9995
2026-04-27 00:58:03+00:00,0.9995
2026-04-27 00:59:04+00:00,0.9995
2026-04-27 01:00:04+00:00,0.9995
2026-04-27 01:01:04+00:00,0.9995
2026-04-27 01:02:04+00:00,0.9995
2026-04-27 01:03:05+00:00,0.9995
2026-04-27 01:04:05+00:00,0.9995
2026-04-27 01:05:03+00:00,0.9995
2026-04-27 01:06:05+00:00,0.9995
2026-04-27 01:07:04+00:00,0.9995
2026-04-27 01:08:04+00:00,0.9995
2026-04-27 01:09:04+00:00,0.9995
2026-04-27 01:10:06+00:00,0.9995
2026-04-27 01:11:04+00:00,0.9995
2026-04-27 01:12:03+00:00,0.9995
2026-04-27 01:13:16+00:00,0.9995
2026-04-27 01:14:04+00:00,0.9995
2026-04-27 01:15:03+00:00,0.9995
2026-04-27 01:16:04+00:00,0.9995
2026-04-27 01:17:04+00:00,0.9995
2026-04-27 01:18:04+00:00,0.9995
2026-04-27 01:19:04+00:00,0.9995
2026-04-27 01:20:04+00:00,0.9995
2026-04-27 01:21:04+00:00,0.9995
2026-04-27 01:22:04+00:00,0.9995
2026-04-27 01:23:04+00:00,0.9995
2026-04-27 01:24:04+00:00,0.9995
2026-04-27 01:25:03+00:00,0.9995
2026-04-27 01:26:04+00:00,0.9995
2026-04-27 01:27:17+00:00,0.9995
2026-04-27 01:28:04+00:00,0.9995
2026-04-27 01:29:04+00:00,0.9995
2026-04-27 01:30:05+00:00,0.9995
2026-04-27 01:31:03+00:00,0.9995
2026-04-27 01:32:04+00:00,0.9995
2026-04-27 01:33:07+00:00,0.9995
2026-04-27 01:34:04+00:00,0.9995
2026-04-27 01:35:04+00:00,0.9995
2026-04-27 01:36:03+00:00,0.9995
2026-04-27 01:37:03+00:00,0.9995
2026-04-27 01:38:05+00:00,0.9995
2026-04-27 01:39:04+00:00,0.9995
2026-04-27 01:40:06+00:00,0.9995
2026-04-27 01:41:04+00:00,0.9995
2026-04-27 01:42:04+00:00,0.9995
2026-04-27 01:43:03+00:00,0.9995
2026-04-27 01:44:04+00:00,0.9995
2026-04-27 01:45:06+00:00,0.9995
2026-04-27 01:46:03+00:00,0.9995
2026-04-27 01:47:05+00:00,0.9995
2026-04-27 01:48:05+00:00,0.9995
2026-04-27 01:49:18+00:00,0.9995
2026-04-27 01:50:03+00:00,0.9995
2026-04-27 01:51:04+00:00,0.9995
2026-04-27 01:52:04+00:00,0.9995
2026-04-27 01:53:03+00:00,0.9995
2026-04-27 01:54:04+00:00,0.9995
2026-04-27 01:55:04+00:00,0.9995
2026-04-27 01:56:05+00:00,0.9995
2026-04-27 01:57:19+00:00,0.9995
2026-04-27 01:58:04+00:00,0.9995
2026-04-27 01:59:04+00:00,0.9995
2026-04-27 02:00:05+00:00,0.9995
2026-04-27 02:01:16+00:00,0.9995
2026-04-27 02:02:03+00:00,0.9995
2026-04-27 02:03:04+00:00,0.9995
2026-04-27 02:04:05+00:00,0.9995
2026-04-27 02:05:03+00:00,0.9995
2026-04-27 02:06:03+00:00,0.9995
2026-04-27 02:07:03+00:00,0.9995
2026-04-27 02:08:04+00:00,0.9995
2026-04-27 02:09:04+00:00,0.9995
2026-04-27 02:10:04+00:00,0.9995
2026-04-27 02:11:04+00:00,0.9995
2026-04-27 02:12:04+00:00,0.9995
2026-04-27 02:13:04+00:00,0.9995
2026-04-27 02:14:04+00:00,0.9995
2026-04-27 02:15:04+00:00,0.9995
2026-04-27 02:16:03+00:00,0.9995
2026-04-27 02:17:03+00:00,0.9995
2026-04-27 02:18:03+00:00,0.9995
2026-04-27 02:19:03+00:00,0.9995
2026-04-27 02:20:04+00:00,0.9995
2026-04-27 02:21:03+00:00,0.9995
2026-04-27 02:22:04+00:00,0.9995
2026-04-27 02:23:04+00:00,0.9995
2026-04-27 02:24:04+00:00,0.9995
2026-04-27 02:25:04+00:00,0.9995
2026-04-27 02:26:05+00:00,0.9995
2026-04-27 02:27:06+00:00,0.9995
2026-04-27 02:28:05+00:00,0.9995
2026-04-27 02:29:19+00:00,0.9995
2026-04-27 02:30:07+00:00,0.9995
2026-04-27 02:31:04+00:00,0.9995
2026-04-27 02:32:04+00:00,0.9995
2026-04-27 02:33:06+00:00,0.9995
2026-04-27 02:34:06+00:00,0.9995
2026-04-27 02:35:06+00:00,0.9995
2026-04-27 02:36:04+00:00,0.9995
2026-04-27 02:37:05+00:00,0.9995
2026-04-27 02:38:04+00:00,0.9995
2026-04-27 02:39:04+00:00,0.9995
2026-04-27 02:40:03+00:00,0.9995
2026-04-27 02:41:03+00:00,0.9995
2026-04-27 02:42:03+00:00,0.9995
2026-04-27 02:43:04+00:00,0.9995
2026-04-27 02:44:04+00:00,0.9995
2026-04-27 02:45:04+00:00,0.9995
2026-04-27 02:46:04+00:00,0.9995
2026-04-27 02:47:18+00:00,0.9995
2026-04-27 02:48:17+00:00,0.9995
2026-04-27 02:49:16+00:00,0.9995
2026-04-27 02:50:03+00:00,0.9995
2026-04-27 02:51:17+00:00,0.9995
2026-04-27 02:52:04+00:00,0.9995
2026-04-27 02:53:03+00:00,0.9995
2026-04-27 02:54:04+00:00,0.9995
2026-04-27 02:55:03+00:00,0.9995
2026-04-27 02:56:03+00:00,0.9995
2026-04-27 02:57:06+00:00,0.9995
2026-04-27 02:58:04+00:00,0.9995
2026-04-27 02:59:04+00:00,0.9995
2026-04-27 03:00:08+00:00,0.9995
2026-04-27 03:01:03+00:00,0.9995
2026-04-27 03:02:03+00:00,0.9995
2026-04-27 03:03:06+00:00,0.9995
2026-04-27 03:04:04+00:00,0.9995
2026-04-27 03:05:04+00:00,0.9995
2026-04-27 03:06:03+00:00,0.9995
2026-04-27 03:07:03+00:00,0.9995
2026-04-27 03:08:05+00:00,0.9995
2026-04-27 03:09:04+00:00,0.9995
2026-04-27 03:10:04+00:00,0.9995
2026-04-27 03:11:04+00:00,0.9995
2026-04-27 03:12:03+00:00,0.9995
2026-04-27 03:13:04+00:00,0.9995
2026-04-27 03:14:04+00:00,0.9995
2026-04-27 03:15:04+00:00,0.9995
2026-04-27 03:16:03+00:00,0.9995
2026-04-27 03:17:04+00:00,0.9995
2026-04-27 03:18:04+00:00,0.9995
2026-04-27 03:19:05+00:00,0.9995
2026-04-27 03:20:04+00:00,0.9995
2026-04-27 03:21:03+00:00,0.9995
2026-04-27 03:22:03+00:00,0.9995
2026-04-27 03:23:03+00:00,0.9995
2026-04-27 03:24:04+00:00,0.9995
2026-04-27 03:25:03+00:00,0.9995
2026-04-27 03:26:03+00:00,0.9995
2026-04-27 03:27:04+00:00,0.9995
2026-04-27 03:28:04+00:00,0.9995
2026-04-27 03:29:05+00:00,0.9995
2026-04-27 03:30:04+00:00,0.9995
2026-04-27 03:31:03+00:00,0.9995
2026-04-27 03:32:03+00:00,0.9995
2026-04-27 03:33:03+00:00,0.9995
2026-04-27 03:34:04+00:00,0.9995
2026-04-27 03:35:03+00:00,0.9995
2026-04-27 03:36:03+00:00,0.9995
2026-04-27 03:37:18+00:00,0.9995
2026-04-27 03:38:04+00:00,0.9995
2026-04-27 03:39:04+00:00,0.9995
2026-04-27 03:40:03+00:00,0.9995
2026-04-27 03:41:03+00:00,0.9995
2026-04-27 03:42:03+00:00,0.9995
2026-04-27 03:43:04+00:00,0.9995
2026-04-27 03:44:04+00:00,0.9995
2026-04-27 03:45:04+00:00,0.9995
2026-04-27 03:46:04+00:00,0.9995
2026-04-27 03:47:04+00:00,0.9995
2026-04-27 03:48:04+00:00,0.9995
2026-04-27 03:49:04+00:00,0.9995
2026-04-27 03:50:04+00:00,0.9995
2026-04-27 03:51:04+00:00,0.9995
2026-04-27 03:52:03+00:00,0.9995
2026-04-27 03:53:03+00:00,0.9995
2026-04-27 03:54:04+00:00,0.9995
2026-04-27 03:55:04+00:00,0.9995
2026-04-27 03:56:03+00:00,0.9995
2026-04-27 03:57:05+00:00,0.9995
2026-04-27 03:58:04+00:00,0.9995
2026-04-27 03:59:04+00:00,0.9995
2026-04-27 04:00:07+00:00,0.9995
2026-04-27 04:01:03+00:00,0.9995
2026-04-27 04:02:03+00:00,0.9995
2026-04-27 04:03:04+00:00,0.9995
2026-04-27 04:04:04+00:00,0.9995
2026-04-27 04:05:04+00:00,0.9995
2026-04-27 04:06:04+00:00,0.9995
2026-04-27 04:07:03+00:00,0.9995
2026-04-27 04:08:05+00:00,0.9995
2026-04-27 04:09:04+00:00,0.9995
2026-04-27 04:10:05+00:00,0.9995
2026-04-27 04:11:04+00:00,0.9995
2026-04-27 04:12:19+00:00,0.9995
2026-04-27 04:13:04+00:00,0.9995
2026-04-27 04:14:04+00:00,0.9995
2026-04-27 04:15:05+00:00,0.9995
2026-04-27 04:16:04+00:00,0.9995
2026-04-27 04:17:04+00:00,0.9995
2026-04-27 04:18:04+00:00,0.9995
2026-04-27 04:19:04+00:00,0.9995
2026-04-27 04:20:04+00:00,0.9995
2026-04-27 04:21:04+00:00,0.9995
2026-04-27 04:22:04+00:00,0.9995
2026-04-27 04:23:04+00:00,0.9995
2026-04-27 04:24:04+00:00,0.9995
2026-04-27 04:25:19+00:00,0.9995
2026-04-27 04:26:04+00:00,0.9995
2026-04-27 04:27:04+00:00,0.9995
2026-04-27 04:28:19+00:00,0.9995
2026-04-27 04:29:04+00:00,0.9995
2026-04-27 04:30:06+00:00,0.9995
2026-04-27 04:31:04+00:00,0.9995
2026-04-27 04:32:15+00:00,0.9995
2026-04-27 04:33:04+00:00,0.9995
2026-04-27 04:34:05+00:00,0.9995
2026-04-27 04:35:04+00:00,0.9995
2026-04-27 04:36:04+00:00,0.9995
2026-04-27 04:37:04+00:00,0.9995
2026-04-27 04:38:15+00:00,0.9995
2026-04-27 04:39:04+00:00,0.9995
2026-04-27 04:40:04+00:00,0.9995
2026-04-27 04:41:04+00:00,0.9995
2026-04-27 04:42:04+00:00,0.9995
2026-04-27 04:43:04+00:00,0.9995
2026-04-27 04:44:04+00:00,0.9995
2026-04-27 04:45:19+00:00,0.9995
2026-04-27 04:46:04+00:00,0.9995
2026-04-27 04:47:04+00:00,0.9995
2026-04-27 04:48:04+00:00,0.9995
2026-04-27 04:49:04+00:00,0.9995
2026-04-27 04:50:06+00:00,0.9995
2026-04-27 04:51:04+00:00,0.9995
2026-04-27 04:52:04+00:00,0.9995
2026-04-27 04:53:19+00:00,0.9995
2026-04-27 04:54:04+00:00,0.9995
2026-04-27 04:55:05+00:00,0.9995
2026-04-27 04:56:04+00:00,0.9995
2026-04-27 04:57:04+00:00,0.9995
2026-04-27 04:58:04+00:00,0.9995
2026-04-27 04:59:04+00:00,0.9995
2026-04-27 05:00:07+00:00,0.9995
2026-04-27 05:01:04+00:00,0.9995
2026-04-27 05:02:04+00:00,0.9995
2026-04-27 05:03:04+00:00,0.9995
2026-04-27 05:04:04+00:00,0.9995
2026-04-27 05:05:05+00:00,0.9995
2026-04-27 05:06:04+00:00,0.9995
2026-04-27 05:07:19+00:00,0.9995
2026-04-27 05:08:04+00:00,0.9995
2026-04-27 05:09:04+00:00,0.9995
2026-04-27 05:10:05+00:00,0.9995
2026-04-27 05:11:04+00:00,0.9995
2026-04-27 05:12:04+00:00,0.9995
2026-04-27 05:13:04+00:00,0.9995
2026-04-27 05:14:16+00:00,0.9995
2026-04-27 05:15:04+00:00,0.9995
2026-04-27 05:16:06+00:00,0.9995
2026-04-27 05:17:04+00:00,0.9995
2026-04-27 05:18:04+00:00,0.9995
2026-04-27 05:19:04+00:00,0.9995
2026-04-27 05:20:04+00:00,0.9995
2026-04-27 05:21:04+00:00,0.9995
2026-04-27 05:22:05+00:00,0.9995
2026-04-27 05:23:05+00:00,0.9995
2026-04-27 05:24:04+00:00,0.9995
2026-04-27 05:25:05+00:00,0.9995
2026-04-27 05:26:21+00:00,0.9995
2026-04-27 05:27:06+00:00,0.9995
2026-04-27 05:28:04+00:00,0.9995
2026-04-27 05:29:04+00:00,0.9995
2026-04-27 05:30:08+00:00,0.9995
2026-04-27 05:31:04+00:00,0.9995
2026-04-27 05:32:04+00:00,0.9995
2026-04-27 05:33:04+00:00,0.9995
2026-04-27 05:34:05+00:00,0.9995
2026-04-27 05:35:06+00:00,0.9995
2026-04-27 05:36:05+00:00,0.9995
2026-04-27 05:37:04+00:00,0.9995
2026-04-27 05:38:04+00:00,0.9995
2026-04-27 05:39:04+00:00,0.9995
2026-04-27 05:40:05+00:00,0.9995
2026-04-27 05:41:04+00:00,0.9995
2026-04-27 05:42:04+00:00,0.9995
2026-04-27 05:43:04+00:00,0.9995
2026-04-27 05:44:04+00:00,0.9995
2026-04-27 05:45:05+00:00,0.9995
2026-04-27 05:46:04+00:00,0.9995
2026-04-27 05:47:05+00:00,0.9995
2026-04-27 05:48:05+00:00,0.9995
2026-04-27 05:49:04+00:00,0.9995
2026-04-27 05:50:04+00:00,0.9995
2026-04-27 05:51:03+00:00,0.9995
2026-04-27 05:52:04+00:00,0.9995
2026-04-27 05:53:19+00:00,0.9995
2026-04-27 05:54:19+00:00,0.9995
2026-04-27 05:55:03+00:00,0.9995
2026-04-27 05:56:04+00:00,0.9995
2026-04-27 05:57:07+00:00,0.9995
2026-04-27 05:58:05+00:00,0.9995
2026-04-27 05:59:04+00:00,0.9995
2026-04-27 06:00:07+00:00,0.9995
2026-04-27 06:01:03+00:00,0.9995
2026-04-27 06:02:03+00:00,0.9995
2026-04-27 06:03:06+00:00,0.9995
2026-04-27 06:04:05+00:00,0.9995
2026-04-27 06:05:04+00:00,0.9995
2026-04-27 06:06:03+00:00,0.9995
2026-04-27 06:07:03+00:00,0.9995
2026-04-27 06:08:03+00:00,0.9995
2026-04-27 06:09:05+00:00,0.9995
2026-04-27 06:10:05+00:00,0.9995
2026-04-27 06:11:17+00:00,0.9995
2026-04-27 06:12:04+00:00,0.9995
2026-04-27 06:13:03+00:00,0.9995
2026-04-27 06:14:04+00:00,0.9995
2026-04-27 06:15:04+00:00,0.9995
2026-04-27 06:16:03+00:00,0.9995
2026-04-27 06:17:04+00:00,0.9995
2026-04-27 06:18:17+00:00,0.9995
2026-04-27 06:19:05+00:00,0.9995
2026-04-27 06:20:20+00:00,0.9995
2026-04-27 06:21:18+00:00,0.9995
2026-04-27 06:22:03+00:00,0.9995
2026-04-27 06:23:04+00:00,0.9995
2026-04-27 06:24:04+00:00,0.9995
2026-04-27 06:25:04+00:00,0.9995
2026-04-27 06:26:04+00:00,0.9995
2026-04-27 06:27:05+00:00,0.9995
2026-04-27 06:28:04+00:00,0.9995
2026-04-27 06:29:04+00:00,0.9995
2026-04-27 06:30:07+00:00,0.9995
2026-04-27 06:31:06+00:00,0.9995
2026-04-27 06:32:05+00:00,0.9995
2026-04-27 06:33:03+00:00,0.9995
2026-04-27 06:34:04+00:00,0.9995
2026-04-27 06:35:07+00:00,0.9995
2026-04-27 06:36:04+00:00,0.9995
2026-04-27 06:37:04+00:00,0.9995
2026-04-27 06:38:04+00:00,0.9995
2026-04-27 06:39:04+00:00,0.9995
2026-04-27 06:40:04+00:00,0.9995
2026-04-27 06:41:04+00:00,0.9995
2026-04-27 06:42:03+00:00,0.9995
2026-04-27 06:43:05+00:00,0.9995
2026-04-27 06:44:04+00:00,0.9995
2026-04-27 06:45:04+00:00,0.9995
2026-04-27 06:46:04+00:00,0.9995
2026-04-27 06:47:03+00:00,0.9995
2026-04-27 06:48:05+00:00,0.9995
2026-04-27 06:49:04+00:00,0.9995
2026-04-27 06:50:05+00:00,0.9995
2026-04-27 06:51:05+00:00,0.9995
2026-04-27 06:52:03+00:00,0.9995
2026-04-27 06:53:04+00:00,0.9995
2026-04-27 06:54:04+00:00,0.9995
2026-04-27 06:55:04+00:00,0.9995
2026-04-27 06:56:04+00:00,0.9995
2026-04-27 06:57:06+00:00,0.9995
2026-04-27 06:58:04+00:00,0.9995
2026-04-27 06:59:04+00:00,0.9995
2026-04-27 07:00:06+00:00,0.9995
2026-04-27 07:01:07+00:00,0.9995
2026-04-27 07:02:04+00:00,0.9995
2026-04-27 07:03:04+00:00,0.9995
2026-04-27 07:04:04+00:00,0.9995
2026-04-27 07:05:05+00:00,0.9995
2026-04-27 07:06:03+00:00,0.9995
2026-04-27 07:07:04+00:00,0.9995
2026-04-27 07:08:17+00:00,0.9995
2026-04-27 07:09:04+00:00,0.9995
2026-04-27 07:10:04+00:00,0.9995
2026-04-27 07:11:03+00:00,0.9995
2026-04-27 07:12:04+00:00,0.9995
2026-04-27 07:13:06+00:00,0.9995
2026-04-27 07:14:05+00:00,0.9995
2026-04-27 07:15:06+00:00,0.9995
2026-04-27 07:16:06+00:00,0.9995
2026-04-27 07:17:05+00:00,0.9995
2026-04-27 07:18:04+00:00,0.9995
2026-04-27 07:19:04+00:00,0.9995
2026-04-27 07:20:04+00:00,0.9995
2026-04-27 07:21:03+00:00,0.9995
2026-04-27 07:22:03+00:00,0.9995
2026-04-27 07:23:03+00:00,0.9995
2026-04-27 07:24:18+00:00,0.9995
2026-04-27 07:25:05+00:00,0.9995
2026-04-27 07:26:04+00:00,0.9995
2026-04-27 07:27:07+00:00,0.9995
2026-04-27 07:28:05+00:00,0.9995
2026-04-27 07:29:04+00:00,0.9995
2026-04-27 07:30:04+00:00,0.9995
2026-04-27 07:31:03+00:00,0.9995
2026-04-27 07:32:03+00:00,0.9995
2026-04-27 07:33:03+00:00,0.9995
2026-04-27 07:34:04+00:00,0.9995
2026-04-27 07:35:05+00:00,0.9995
2026-04-27 07:36:03+00:00,0.9995
2026-04-27 07:37:04+00:00,0.9995
2026-04-27 07:38:04+00:00,0.9995
2026-04-27 07:39:04+00:00,0.9995
2026-04-27 07:40:05+00:00,0.9995
2026-04-27 07:41:04+00:00,0.9995
2026-04-27 07:42:04+00:00,0.9995
2026-04-27 07:43:03+00:00,0.9995
2026-04-27 07:44:05+00:00,0.9995
2026-04-27 07:45:04+00:00,0.9995
2026-04-27 07:46:04+00:00,0.9995
2026-04-27 07:47:06+00:00,0.9995
2026-04-27 07:48:16+00:00,0.9995
2026-04-27 07:49:05+00:00,0.9995
2026-04-27 07:50:17+00:00,0.9995
2026-04-27 07:51:05+00:00,0.9995
2026-04-27 07:52:04+00:00,0.9995
2026-04-27 07:53:06+00:00,0.9995
2026-04-27 07:54:04+00:00,0.9995
2026-04-27 07:55:06+00:00,0.9995
2026-04-27 07:56:06+00:00,0.9995
2026-04-27 07:57:05+00:00,0.9995
2026-04-27 07:58:05+00:00,0.9995
2026-04-27 07:59:05+00:00,0.9995
2026-04-27 08:00:18+00:00,0.9995
2026-04-27 08:01:17+00:00,0.9995
2026-04-27 08:02:04+00:00,0.9995
2026-04-27 08:03:06+00:00,0.9995
2026-04-27 08:04:04+00:00,0.9995
2026-04-27 08:05:05+00:00,0.9995
2026-04-27 08:06:05+00:00,0.9995
2026-04-27 08:07:04+00:00,0.9995
2026-04-27 08:08:18+00:00,0.9995
2026-04-27 08:09:04+00:00,0.9995
2026-04-27 08:10:06+00:00,0.9995
2026-04-27 08:11:04+00:00,0.9995
2026-04-27 08:12:04+00:00,0.9995
2026-04-27 08:13:04+00:00,0.9995
2026-04-27 08:14:04+00:00,0.9995
2026-04-27 08:15:05+00:00,0.9995
2026-04-27 08:16:06+00:00,0.9995
2026-04-27 08:17:05+00:00,0.9995
2026-04-27 08:18:05+00:00,0.9995
2026-04-27 08:19:05+00:00,0.9995
2026-04-27 08:20:06+00:00,0.9995
2026-04-27 08:21:05+00:00,0.9995
2026-04-27 08:22:04+00:00,0.9995
2026-04-27 08:23:04+00:00,0.9995
2026-04-27 08:24:04+00:00,0.9995
2026-04-27 08:25:05+00:00,0.9995
2026-04-27 08:26:05+00:00,0.9995
2026-04-27 08:27:06+00:00,0.9995
2026-04-27 08:28:04+00:00,0.9995
2026-04-27 08:29:04+00:00,0.9995
2026-04-27 08:30:06+00:00,0.9995
2026-04-27 08:31:05+00:00,0.9995
2026-04-27 08:32:05+00:00,0.9995
2026-04-27 08:33:05+00:00,0.9995
2026-04-27 08:34:04+00:00,0.9995
2026-04-27 08:35:05+00:00,0.9995
2026-04-27 08:36:04+00:00,0.9995
2026-04-27 08:37:04+00:00,0.9995
2026-04-27 08:38:05+00:00,0.9995
2026-04-27 08:39:16+00:00,0.9995
2026-04-27 08:40:04+00:00,0.9995
2026-04-27 08:41:05+00:00,0.9995
2026-04-27 08:42:04+00:00,0.9995
2026-04-27 08:43:04+00:00,0.9995
2026-04-27 08:44:04+00:00,0.9995
2026-04-27 08:45:04+00:00,0.9995
2026-04-27 08:46:04+00:00,0.9995
2026-04-27 08:47:04+00:00,0.9995
2026-04-27 08:48:05+00:00,0.9995
2026-04-27 08:49:05+00:00,0.9995
2026-04-27 08:50:05+00:00,0.9995
2026-04-27 08:51:16+00:00,0.9995
2026-04-27 08:52:04+00:00,0.9995
2026-04-27 08:53:19+00:00,0.9995
2026-04-27 08:54:04+00:00,0.9995
2026-04-27 08:55:04+00:00,0.9995
2026-04-27 08:56:20+00:00,0.9995
2026-04-27 08:57:05+00:00,0.9995
2026-04-27 08:58:03+00:00,0.9995
2026-04-27 08:59:04+00:00,0.9995
2026-04-27 09:00:07+00:00,0.9995
2026-04-27 09:01:04+00:00,0.9995
2026-04-27 09:02:04+00:00,0.9995
2026-04-27 09:03:07+00:00,0.9995
2026-04-27 09:04:19+00:00,0.9995
2026-04-27 09:05:04+00:00,0.9995
2026-04-27 09:06:14+00:00,0.9995
2026-04-27 09:07:04+00:00,0.9995
2026-04-27 09:08:04+00:00,0.9995
2026-04-27 09:09:04+00:00,0.9995
2026-04-27 09:10:05+00:00,0.9995
2026-04-27 09:11:05+00:00,0.9995
2026-04-27 09:12:03+00:00,0.9995
2026-04-27 09:13:04+00:00,0.9995
2026-04-27 09:14:04+00:00,0.9995
2026-04-27 09:15:05+00:00,0.9995
2026-04-27 09:16:03+00:00,0.9995
2026-04-27 09:17:05+00:00,0.9995
2026-04-27 09:18:04+00:00,0.9995
2026-04-27 09:19:04+00:00,0.9995
2026-04-27 09:20:16+00:00,0.9995
2026-04-27 09:21:03+00:00,0.9995
2026-04-27 09:22:03+00:00,0.9995
2026-04-27 09:23:03+00:00,0.9995
2026-04-27 09:24:04+00:00,0.9995
2026-04-27 09:25:03+00:00,0.9995
2026-04-27 09:26:03+00:00,0.9995
2026-04-27 09:27:05+00:00,0.9995
2026-04-27 09:28:05+00:00,0.9995
2026-04-27 09:29:15+00:00,0.9995
2026-04-27 09:30:06+00:00,0.9995
2026-04-27 09:31:04+00:00,0.9995
2026-04-27 09:32:03+00:00,0.9995
2026-04-27 09:33:04+00:00,0.9995
2026-04-27 09:34:04+00:00,0.9995
2026-04-27 09:35:04+00:00,0.9995
2026-04-27 09:36:04+00:00,0.9995
2026-04-27 09:37:03+00:00,0.9995
2026-04-27 09:38:04+00:00,0.9995
2026-04-27 09:39:06+00:00,0.9995
2026-04-27 09:40:04+00:00,0.9995
2026-04-27 09:41:03+00:00,0.9995
2026-04-27 09:42:05+00:00,0.9995
2026-04-27 09:43:03+00:00,0.9995
2026-04-27 09:44:04+00:00,0.9995
2026-04-27 09:45:16+00:00,0.9995
2026-04-27 09:46:04+00:00,0.9995
2026-04-27 09:47:05+00:00,0.9995
2026-04-27 09:48:04+00:00,0.9995
2026-04-27 09:49:04+00:00,0.9995
2026-04-27 09:50:03+00:00,0.9995
2026-04-27 09:51:04+00:00,0.9995
2026-04-27 09:52:03+00:00,0.9995
2026-04-27 09:53:04+00:00,0.9995
2026-04-27 09:54:04+00:00,0.9995
2026-04-27 09:55:03+00:00,0.9995
2026-04-27 09:56:03+00:00,0.9995
2026-04-27 09:57:05+00:00,0.9995
2026-04-27 09:58:03+00:00,0.9995
2026-04-27 09:59:04+00:00,0.9995
2026-04-27 10:00:05+00:00,0.9995
2026-04-27 10:01:04+00:00,0.9995
2026-04-27 10:02:03+00:00,0.9995
2026-04-27 10:03:05+00:00,0.9995
2026-04-27 10:04:04+00:00,0.9995
2026-04-27 10:05:06+00:00,0.9995
2026-04-27 10:06:04+00:00,0.9995
2026-04-27 10:07:04+00:00,0.9995
2026-04-27 10:08:17+00:00,0.9995
2026-04-27 10:09:04+00:00,0.9995
2026-04-27 10:10:03+00:00,0.9995
2026-04-27 10:11:04+00:00,0.9995
2026-04-27 10:12:03+00:00,0.9995
2026-04-27 10:13:03+00:00,0.9995
2026-04-27 10:14:04+00:00,0.9995
2026-04-27 10:15:03+00:00,0.9995
2026-04-27 10:16:03+00:00,0.9995
2026-04-27 10:17:06+00:00,0.9995
2026-04-27 10:18:19+00:00,0.9995
2026-04-27 10:19:04+00:00,0.9995
2026-04-27 10:20:04+00:00,0.9995
2026-04-27 10:21:03+00:00,0.9995
2026-04-27 10:22:03+00:00,0.9995
2026-04-27 10:23:03+00:00,0.9995
2026-04-27 10:24:04+00:00,0.9995
2026-04-27 10:25:03+00:00,0.9995
2026-04-27 10:26:04+00:00,0.9995
2026-04-27 10:27:04+00:00,0.9995
2026-04-27 10:28:03+00:00,0.9995
2026-04-27 10:29:05+00:00,0.9995
2026-04-27 10:30:06+00:00,0.9995
2026-04-27 10:31:04+00:00,0.9995
2026-04-27 10:32:03+00:00,0.9995
2026-04-27 10:33:04+00:00,0.9995
2026-04-27 10:34:04+00:00,0.9995
2026-04-27 10:35:04+00:00,0.9995
2026-04-27 10:36:17+00:00,0.9995
2026-04-27 10:37:03+00:00,0.9995
2026-04-27 10:38:03+00:00,0.9995
2026-04-27 10:39:04+00:00,0.9995
2026-04-27 10:40:14+00:00,0.9995
2026-04-27 10:41:03+00:00,0.9995
2026-04-27 10:42:03+00:00,0.9995
2026-04-27 10:43:03+00:00,0.9995
2026-04-27 10:44:04+00:00,0.9995
2026-04-27 10:45:04+00:00,0.9995
2026-04-27 10:46:03+00:00,0.9995
2026-04-27 10:47:03+00:00,0.9995
2026-04-27 10:48:03+00:00,0.9995
2026-04-27 10:49:04+00:00,0.9995
2026-04-27 10:50:04+00:00,0.9995
2026-04-27 10:51:04+00:00,0.9995
2026-04-27 10:52:03+00:00,0.9995
2026-04-27 10:53:03+00:00,0.9995
2026-04-27 10:54:04+00:00,0.9995
2026-04-27 10:55:04+00:00,0.9995
2026-04-27 10:56:04+00:00,0.9995
2026-04-27 10:57:06+00:00,0.9995
2026-04-27 10:58:03+00:00,0.9995
2026-04-27 10:59:04+00:00,0.9995
2026-04-27 11:00:04+00:00,0.9995
2026-04-27 11:01:03+00:00,0.9995
2026-04-27 11:02:04+00:00,0.9995
2026-04-27 11:03:04+00:00,0.9995
2026-04-27 11:04:05+00:00,0.9995
2026-04-27 11:05:05+00:00,0.9995
2026-04-27 11:06:17+00:00,0.9995
2026-04-27 11:07:04+00:00,0.9995
2026-04-27 11:08:05+00:00,0.9995
2026-04-27 11:09:04+00:00,0.9995
2026-04-27 11:10:04+00:00,0.9995
2026-04-27 11:11:03+00:00,0.9995
2026-04-27 11:12:03+00:00,0.9995
2026-04-27 11:13:04+00:00,0.9995
2026-04-27 11:14:04+00:00,0.9995
2026-04-27 11:15:05+00:00,0.9995
2026-04-27 11:16:04+00:00,0.9995
2026-04-27 11:17:06+00:00,0.9995
2026-04-27 11:18:16+00:00,0.9995
2026-04-27 11:19:05+00:00,0.9995
2026-04-27 11:20:05+00:00,0.9995
2026-04-27 11:21:04+00:00,0.9995
2026-04-27 11:22:04+00:00,0.9995
2026-04-27 11:23:04+00:00,0.9995
2026-04-27 11:24:04+00:00,0.9995
2026-04-27 11:25:03+00:00,0.9995
2026-04-27 11:26:03+00:00,0.9995
2026-04-27 11:27:04+00:00,0.9995
2026-04-27 11:28:04+00:00,0.9995
2026-04-27 11:29:05+00:00,0.9995
2026-04-27 11:30:06+00:00,0.9995
2026-04-27 11:31:04+00:00,0.9995
2026-04-27 11:32:04+00:00,0.9995
2026-04-27 11:33:05+00:00,0.9995
2026-04-27 11:34:04+00:00,0.9995
2026-04-27 11:35:03+00:00,0.9995
2026-04-27 11:36:03+00:00,0.9995
2026-04-27 11:37:04+00:00,0.9995
2026-04-27 11:38:04+00:00,0.9995
2026-04-27 11:39:04+00:00,0.9995
2026-04-27 11:40:04+00:00,0.9995
2026-04-27 11:41:03+00:00,0.9995
2026-04-27 11:42:03+00:00,0.9995
2026-04-27 11:43:05+00:00,0.9995
2026-04-27 11:44:04+00:00,0.9995
2026-04-27 11:45:04+00:00,0.9995
2026-04-27 11:46:03+00:00,0.9995
2026-04-27 11:47:03+00:00,0.9995
2026-04-27 11:48:04+00:00,0.9995
2026-04-27 11:49:04+00:00,0.9995
2026-04-27 11:50:04+00:00,0.9995
2026-04-27 11:51:03+00:00,0.9995
2026-04-27 11:52:03+00:00,0.9995
2026-04-27 11:53:04+00:00,0.9995
2026-04-27 11:54:05+00:00,0.9995
2026-04-27 11:55:03+00:00,0.9995
2026-04-27 11:56:03+00:00,0.9995
2026-04-27 11:57:05+00:00,0.9995
2026-04-27 11:58:04+00:00,0.9995
2026-04-27 11:59:04+00:00,0.9995
2026-04-27 12:00:20+00:00,0.9995
2026-04-27 12:01:03+00:00,0.9995
2026-04-27 12:02:03+00:00,0.9995
2026-04-27 12:03:04+00:00,0.9995
2026-04-27 12:04:04+00:00,0.9995
2026-04-27 12:05:04+00:00,0.9995
2026-04-27 12:06:17+00:00,0.9995
2026-04-27 12:07:04+00:00,0.9995
2026-04-27 12:08:16+00:00,0.9995
2026-04-27 12:09:05+00:00,0.9995
2026-04-27 12:10:05+00:00,0.9995
2026-04-27 12:11:04+00:00,0.9995
2026-04-27 12:12:04+00:00,0.9995
2026-04-27 12:13:03+00:00,0.9995
2026-04-27 12:14:04+00:00,0.9995
2026-04-27 12:15:04+00:00,0.9995
2026-04-27 12:16:04+00:00,0.9995
2026-04-27 12:17:04+00:00,0.9995
2026-04-27 12:18:04+00:00,0.9995
2026-04-27 12:19:04+00:00,0.9995
2026-04-27 12:20:19+00:00,0.9995
2026-04-27 12:21:04+00:00,0.9995
2026-04-27 12:22:04+00:00,0.9995
2026-04-27 12:23:04+00:00,0.9995
2026-04-27 12:24:04+00:00,0.9995
2026-04-27 12:25:05+00:00,0.9995
2026-04-27 12:26:04+00:00,0.9995
2026-04-27 12:27:05+00:00,0.9995
2026-04-27 12:28:04+00:00,0.9995
2026-04-27 12:29:04+00:00,0.9995
2026-04-27 12:30:08+00:00,0.9995
2026-04-27 12:31:04+00:00,0.9995
2026-04-27 12:32:04+00:00,0.9995
2026-04-27 12:33:05+00:00,0.9995
2026-04-27 12:34:20+00:00,0.9995
2026-04-27 12:35:21+00:00,0.9995
2026-04-27 12:36:04+00:00,0.9995
2026-04-27 12:37:04+00:00,0.9995
2026-04-27 12:38:04+00:00,0.9995
2026-04-27 12:39:04+00:00,0.9995
2026-04-27 12:40:05+00:00,0.9995
2026-04-27 12:41:04+00:00,0.9995
2026-04-27 12:42:06+00:00,0.9995
2026-04-27 12:43:05+00:00,0.9995
2026-04-27 12:44:04+00:00,0.9995
2026-04-27 12:45:17+00:00,0.9995
2026-04-27 12:46:04+00:00,0.9995
2026-04-27 12:47:03+00:00,0.9995
2026-04-27 12:48:05+00:00,0.9995
2026-04-27 12:49:04+00:00,0.9995
2026-04-27 12:50:04+00:00,0.9995
2026-04-27 12:51:05+00:00,0.9995
2026-04-27 12:52:03+00:00,0.9995
2026-04-27 12:53:04+00:00,0.9995
2026-04-27 12:54:04+00:00,0.9995
2026-04-27 12:55:05+00:00,0.9995
2026-04-27 12:56:03+00:00,0.9995
2026-04-27 12:57:05+00:00,0.9995
2026-04-27 12:58:04+00:00,0.9995
2026-04-27 12:59:04+00:00,0.9995
2026-04-27 13:00:06+00:00,0.9995
2026-04-27 13:01:03+00:00,0.9995
2026-04-27 13:02:04+00:00,0.9995
2026-04-27 13:03:04+00:00,0.9995
2026-04-27 13:04:04+00:00,0.9995
2026-04-27 13:05:05+00:00,0.9995
2026-04-27 13:06:03+00:00,0.9995
2026-04-27 13:07:04+00:00,0.9995
2026-04-27 13:08:04+00:00,0.9995
2026-04-27 13:09:04+00:00,0.9995
2026-04-27 13:10:04+00:00,0.9995
2026-04-27 13:11:17+00:00,0.9995
2026-04-27 13:12:03+00:00,0.9995
2026-04-27 13:13:03+00:00,0.9995
2026-04-27 13:14:04+00:00,0.9995
2026-04-27 13:15:03+00:00,0.9995
2026-04-27 13:16:03+00:00,0.9995
2026-04-27 13:17:17+00:00,0.9995
2026-04-27 13:18:06+00:00,0.9995
2026-04-27 13:19:03+00:00,0.9995
2026-04-27 13:20:04+00:00,0.9995
2026-04-27 13:21:06+00:00,0.9995
2026-04-27 13:22:04+00:00,0.9995
2026-04-27 13:23:03+00:00,0.9995
2026-04-27 13:24:04+00:00,0.9995
2026-04-27 13:25:06+00:00,0.9995
2026-04-27 13:26:03+00:00,0.9995
2026-04-27 13:27:05+00:00,0.9995
2026-04-27 13:28:15+00:00,0.9995
2026-04-27 13:29:03+00:00,0.9995
2026-04-27 13:30:21+00:00,0.9995
2026-04-27 13:31:05+00:00,0.9995
2026-04-27 13:32:04+00:00,0.9995
2026-04-27 13:33:03+00:00,0.9995
2026-04-27 13:34:04+00:00,0.9995
2026-04-27 13:35:05+00:00,0.9995
2026-04-27 13:36:04+00:00,0.9995
2026-04-27 13:37:16+00:00,0.9995
2026-04-27 13:38:04+00:00,0.9995
2026-04-27 13:39:04+00:00,0.9995
2026-04-27 13:40:04+00:00,0.9995
2026-04-27 13:41:04+00:00,0.9995
2026-04-27 13:42:06+00:00,0.9995
2026-04-27 13:43:04+00:00,0.9995
2026-04-27 13:44:04+00:00,0.9995
2026-04-27 13:45:05+00:00,0.9995
2026-04-27 13:46:05+00:00,0.9995
2026-04-27 13:47:07+00:00,0.9995
2026-04-27 13:48:06+00:00,0.9995
2026-04-27 13:49:04+00:00,0.9995
2026-04-27 13:50:05+00:00,0.9995
2026-04-27 13:51:04+00:00,0.9995
2026-04-27 13:52:04+00:00,0.9995
2026-04-27 13:53:05+00:00,0.9995
2026-04-27 13:54:04+00:00,0.9995
2026-04-27 13:55:06+00:00,0.9995
2026-04-27 13:56:06+00:00,0.9995
2026-04-27 13:57:07+00:00,0.9995
2026-04-27 13:58:04+00:00,0.9995
2026-04-27 13:59:04+00:00,0.9995
2026-04-27 14:00:06+00:00,0.9995
2026-04-27 14:01:19+00:00,0.9995
2026-04-27 14:02:04+00:00,0.9995
2026-04-27 14:03:05+00:00,0.9995
2026-04-27 14:04:04+00:00,0.9995
2026-04-27 14:05:04+00:00,0.9995
2026-04-27 14:06:05+00:00,0.9995
2026-04-27 14:07:04+00:00,0.9995
2026-04-27 14:08:03+00:00,0.9995
2026-04-27 14:09:04+00:00,0.9995
2026-04-27 14:10:05+00:00,0.9995
2026-04-27 14:11:03+00:00,0.9995
2026-04-27 14:12:04+00:00,0.9995
2026-04-27 14:13:06+00:00,0.9995
2026-04-27 14:14:05+00:00,0.9995
2026-04-27 14:15:07+00:00,0.9995
2026-04-27 14:16:03+00:00,0.9995
2026-04-27 14:17:04+00:00,0.9995
2026-04-27 14:18:05+00:00,0.9995
2026-04-27 14:19:04+00:00,0.9995
2026-04-27 14:20:05+00:00,0.9995
2026-04-27 14:21:04+00:00,0.9995
2026-04-27 14:22:03+00:00,0.9995
2026-04-27 14:23:04+00:00,0.9995
2026-04-27 14:24:03+00:00,0.9995
2026-04-27 14:25:06+00:00,0.9995
2026-04-27 14:26:21+00:00,0.9995
2026-04-27 14:27:06+00:00,0.9995
2026-04-27 14:28:04+00:00,0.9995
2026-04-27 14:29:04+00:00,0.9995
2026-04-27 14:30:06+00:00,0.9995
2026-04-27 14:31:03+00:00,0.9995
2026-04-27 14:32:05+00:00,0.9995
2026-04-27 14:33:06+00:00,0.9995
2026-04-27 14:34:13+00:00,0.9995
2026-04-27 14:35:07+00:00,0.9995
2026-04-27 14:36:05+00:00,0.9995
2026-04-27 14:37:04+00:00,0.9995
2026-04-27 14:38:04+00:00,0.9995
2026-04-27 14:39:15+00:00,0.9995
2026-04-27 14:40:05+00:00,0.9995
2026-04-27 14:41:04+00:00,0.9995
2026-04-27 14:42:04+00:00,0.9995
2026-04-27 14:43:16+00:00,0.9995
2026-04-27 14:44:04+00:00,0.9995
2026-04-27 14:45:05+00:00,0.9995
2026-04-27 14:46:03+00:00,0.9995
2026-04-27 14:47:04+00:00,0.9995
2026-04-27 14:48:04+00:00,0.9995
2026-04-27 14:49:04+00:00,0.9995
2026-04-27 14:50:05+00:00,0.9995
2026-04-27 14:51:04+00:00,0.9995
2026-04-27 14:52:05+00:00,0.9995
2026-04-27 14:53:04+00:00,0.9995
2026-04-27 14:54:04+00:00,0.9995
2026-04-27 14:55:05+00:00,0.9995
2026-04-27 14:56:05+00:00,0.9995
2026-04-27 14:57:05+00:00,0.9995
2026-04-27 14:58:05+00:00,0.9995
2026-04-27 14:59:05+00:00,0.9995
2026-04-27 15:00:09+00:00,0.9995
2026-04-27 15:01:04+00:00,0.9995
2026-04-27 15:02:04+00:00,0.9995
2026-04-27 15:03:04+00:00,0.9995
2026-04-27 15:04:04+00:00,0.9995
2026-04-27 15:05:06+00:00,0.9995
2026-04-27 15:06:04+00:00,0.9995
2026-04-27 15:07:04+00:00,0.9995
2026-04-27 15:08:04+00:00,0.9995
2026-04-27 15:09:16+00:00,0.9995
2026-04-27 15:10:06+00:00,0.9995
2026-04-27 15:11:03+00:00,0.9995
2026-04-27 15:12:03+00:00,0.9995
2026-04-27 15:13:04+00:00,0.9995
2026-04-27 15:14:18+00:00,0.9995
2026-04-27 15:15:04+00:00,0.9995
2026-04-27 15:16:04+00:00,0.9995
2026-04-27 15:17:03+00:00,0.9995
2026-04-27 15:18:04+00:00,0.9995
2026-04-27 15:19:04+00:00,0.9995
2026-04-27 15:20:04+00:00,0.9995
2026-04-27 15:21:03+00:00,0.9995
2026-04-27 15:22:03+00:00,0.9995
2026-04-27 15:23:03+00:00,0.9995
2026-04-27 15:24:04+00:00,0.9995
2026-04-27 15:25:04+00:00,0.9995
2026-04-27 15:26:03+00:00,0.9995
2026-04-27 15:27:04+00:00,0.9995
2026-04-27 15:28:19+00:00,0.9995
2026-04-27 15:29:04+00:00,0.9995
2026-04-27 15:30:07+00:00,0.9995
2026-04-27 15:31:03+00:00,0.9995
2026-04-27 15:32:03+00:00,0.9995
2026-04-27 15:33:04+00:00,0.9995
2026-04-27 15:34:04+00:00,0.9995
2026-04-27 15:35:04+00:00,0.9995
2026-04-27 15:36:03+00:00,0.9995
2026-04-27 15:37:04+00:00,0.9995
2026-04-27 15:38:03+00:00,0.9995
2026-04-27 15:39:04+00:00,0.9995
2026-04-27 15:40:05+00:00,0.9995
2026-04-27 15:41:03+00:00,0.9995
2026-04-27 15:42:04+00:00,0.9995
2026-04-27 15:43:17+00:00,0.9995
2026-04-27 15:44:04+00:00,0.9995
2026-04-27 15:45:05+00:00,0.9995
2026-04-27 15:46:03+00:00,0.9995
2026-04-27 15:47:03+00:00,0.9995
2026-04-27 15:48:05+00:00,0.9995
2026-04-27 15:49:04+00:00,0.9995
2026-04-27 15:50:05+00:00,0.9995
2026-04-27 15:51:18+00:00,0.9995
2026-04-27 15:52:03+00:00,0.9995
2026-04-27 15:53:04+00:00,0.9995
2026-04-27 15:54:07+00:00,0.9995
2026-04-27 15:55:04+00:00,0.9995
2026-04-27 15:56:03+00:00,0.9995
2026-04-27 15:57:15+00:00,0.9995
2026-04-27 15:58:04+00:00,0.9995
2026-04-27 15:59:04+00:00,0.9995
2026-04-27 16:00:08+00:00,0.9995
2026-04-27 16:01:05+00:00,0.9995
2026-04-27 16:02:06+00:00,0.9995
2026-04-27 16:03:05+00:00,0.9995
2026-04-27 16:04:06+00:00,0.9995
2026-04-27 16:05:05+00:00,0.9995
2026-04-27 16:06:05+00:00,0.9995
2026-04-27 16:07:05+00:00,0.9995
2026-04-27 16:08:04+00:00,0.9995
2026-04-27 16:09:14+00:00,0.9995
2026-04-27 16:10:18+00:00,0.9995
2026-04-27 16:11:05+00:00,0.9995
2026-04-27 16:12:03+00:00,0.9995
2026-04-27 16:13:04+00:00,0.9995
2026-04-27 16:14:04+00:00,0.9995
2026-04-27 16:15:07+00:00,0.9995
2026-04-27 16:16:04+00:00,0.9995
2026-04-27 16:17:04+00:00,0.9995
2026-04-27 16:18:04+00:00,0.9995
2026-04-27 16:19:04+00:00,0.9995
2026-04-27 16:20:04+00:00,0.9995
2026-04-27 16:21:19+00:00,0.9995
2026-04-27 16:22:06+00:00,0.9995
2026-04-27 16:23:04+00:00,0.9995
2026-04-27 16:24:04+00:00,0.9995
2026-04-27 16:25:04+00:00,0.9995
2026-04-27 16:26:04+00:00,0.9995
2026-04-27 16:27:05+00:00,0.9995
2026-04-27 16:28:04+00:00,0.9995
2026-04-27 16:29:04+00:00,0.9995
2026-04-27 16:30:21+00:00,0.9995
2026-04-27 16:31:05+00:00,0.9995
2026-04-27 16:32:05+00:00,0.9995
2026-04-27 16:33:04+00:00,0.9995
2026-04-27 16:34:04+00:00,0.9995
2026-04-27 16:35:05+00:00,0.9995
2026-04-27 16:36:04+00:00,0.9995
2026-04-27 16:37:04+00:00,0.9995
2026-04-27 16:38:04+00:00,0.9995
2026-04-27 16:39:04+00:00,0.9995
2026-04-27 16:40:17+00:00,0.9995
2026-04-27 16:41:05+00:00,0.9995
2026-04-27 16:42:04+00:00,0.9995
2026-04-27 16:43:04+00:00,0.9995
2026-04-27 16:44:04+00:00,0.9995
2026-04-27 16:45:07+00:00,0.9995
2026-04-27 16:46:04+00:00,0.9995
2026-04-27 16:47:04+00:00,0.9995
2026-04-27 16:48:04+00:00,0.9995
2026-04-27 16:49:05+00:00,0.9995
2026-04-27 16:50:03+00:00,0.9995
2026-04-27 16:51:03+00:00,0.9995
2026-04-27 16:52:04+00:00,0.9995
2026-04-27 16:53:03+00:00,0.9995
2026-04-27 16:54:04+00:00,0.9995
2026-04-27 16:55:04+00:00,0.9995
2026-04-27 16:56:04+00:00,0.9995
2026-04-27 16:57:05+00:00,0.9995
2026-04-27 16:58:04+00:00,0.9995
2026-04-27 16:59:04+00:00,0.9995
2026-04-27 17:00:08+00:00,0.9995
2026-04-27 17:01:03+00:00,0.9995
2026-04-27 17:02:03+00:00,0.9995
2026-04-27 17:03:03+00:00,0.9995
2026-04-27 17:04:04+00:00,0.9995
2026-04-27 17:05:16+00:00,0.9995
2026-04-27 17:06:04+00:00,0.9995
2026-04-27 17:07:06+00:00,0.9995
2026-04-27 17:08:04+00:00,0.9995
2026-04-27 17:09:04+00:00,0.9995
2026-04-27 17:10:06+00:00,0.9995
2026-04-27 17:11:05+00:00,0.9995
2026-04-27 17:12:04+00:00,0.9995
2026-04-27 17:13:04+00:00,0.9995
2026-04-27 17:14:04+00:00,0.9995
2026-04-27 17:15:06+00:00,0.9995
2026-04-27 17:16:04+00:00,0.9995
2026-04-27 17:17:06+00:00,0.9995
2026-04-27 17:18:05+00:00,0.9995
2026-04-27 17:19:05+00:00,0.9995
2026-04-27 17:20:04+00:00,0.9995
2026-04-27 17:21:05+00:00,0.9995
2026-04-27 17:22:04+00:00,0.9995
2026-04-27 17:23:07+00:00,0.9995
2026-04-27 17:24:05+00:00,0.9995
2026-04-27 17:25:05+00:00,0.9995
2026-04-27 17:26:05+00:00,0.9995
2026-04-27 17:27:05+00:00,0.9995
2026-04-27 17:28:05+00:00,0.9995
2026-04-27 17:29:04+00:00,0.9995
2026-04-27 17:30:08+00:00,0.9995
2026-04-27 17:31:03+00:00,0.9995
2026-04-27 17:32:04+00:00,0.9995
2026-04-27 17:33:07+00:00,0.9995
2026-04-27 17:34:06+00:00,0.9995
2026-04-27 17:35:08+00:00,0.9995
2026-04-27 17:36:04+00:00,0.9995
2026-04-27 17:37:04+00:00,0.9995
2026-04-27 17:38:04+00:00,0.9995
2026-04-27 17:39:04+00:00,0.9995
2026-04-27 17:40:05+00:00,0.9995
2026-04-27 17:41:04+00:00,0.9995
2026-04-27 17:42:03+00:00,0.9995
2026-04-27 17:43:07+00:00,0.9995
2026-04-27 17:44:18+00:00,0.9995
2026-04-27 17:45:06+00:00,0.9995
2026-04-27 17:46:05+00:00,0.9995
2026-04-27 17:47:04+00:00,0.9995
2026-04-27 17:48:06+00:00,0.9995
2026-04-27 17:49:04+00:00,0.9995
2026-04-27 17:50:05+00:00,0.9995
2026-04-27 17:51:04+00:00,0.9995
2026-04-27 17:52:03+00:00,0.9995
2026-04-27 17:53:04+00:00,0.9995
2026-04-27 17:54:04+00:00,0.9995
2026-04-27 17:55:04+00:00,0.9995
2026-04-27 17:56:04+00:00,0.9995
2026-04-27 17:57:07+00:00,0.9995
2026-04-27 17:58:05+00:00,0.9995
2026-04-27 17:59:05+00:00,0.9995
2026-04-27 18:00:20+00:00,0.9995
2026-04-27 18:01:04+00:00,0.9995
2026-04-27 18:02:03+00:00,0.9995
2026-04-27 18:03:06+00:00,0.9995
2026-04-27 18:04:05+00:00,0.9995
2026-04-27 18:05:05+00:00,0.9995
2026-04-27 18:06:03+00:00,0.9995
2026-04-27 18:07:04+00:00,0.9995
2026-04-27 18:08:05+00:00,0.9995
2026-04-27 18:09:04+00:00,0.9995
2026-04-27 18:10:05+00:00,0.9995
2026-04-27 18:11:04+00:00,0.9995
2026-04-27 18:12:04+00:00,0.9995
2026-04-27 18:13:04+00:00,0.9995
2026-04-27 18:14:06+00:00,0.9995
2026-04-27 18:15:04+00:00,0.9995
2026-04-27 18:16:17+00:00,0.9995
2026-04-27 18:17:07+00:00,0.9995
2026-04-27 18:18:04+00:00,0.9995
2026-04-27 18:19:04+00:00,0.9995
2026-04-27 18:20:04+00:00,0.9995
2026-04-27 18:21:03+00:00,0.9995
2026-04-27 18:22:05+00:00,0.9995
2026-04-27 18:23:03+00:00,0.9995
2026-04-27 18:24:06+00:00,0.9995
2026-04-27 18:25:05+00:00,0.9995
2026-04-27 18:26:05+00:00,0.9995
2026-04-27 18:27:03+00:00,0.9995
2026-04-27 18:28:05+00:00,0.9995
2026-04-27 18:29:04+00:00,0.9995
2026-04-27 18:30:09+00:00,0.9995
2026-04-27 18:31:04+00:00,0.9995
2026-04-27 18:32:04+00:00,0.9995
2026-04-27 18:33:18+00:00,0.9995
2026-04-27 18:34:04+00:00,0.9995
2026-04-27 18:35:05+00:00,0.9995
2026-04-27 18:36:04+00:00,0.9995
2026-04-27 18:37:04+00:00,0.9995
2026-04-27 18:38:04+00:00,0.9995
2026-04-27 18:39:04+00:00,0.9995
2026-04-27 18:40:07+00:00,0.9995
2026-04-27 18:41:04+00:00,0.9995
2026-04-27 18:42:04+00:00,0.9995
2026-04-27 18:43:04+00:00,0.9995
2026-04-27 18:44:04+00:00,0.9995
2026-04-27 18:45:05+00:00,0.9995
2026-04-27 18:46:04+00:00,0.9995
2026-04-27 18:47:04+00:00,0.9995
2026-04-27 18:48:16+00:00,0.9995
2026-04-27 18:49:04+00:00,0.9995
2026-04-27 18:50:07+00:00,0.9995
2026-04-27 18:51:03+00:00,0.9995
2026-04-27 18:52:04+00:00,0.9995
2026-04-27 18:53:03+00:00,0.9995
2026-04-27 18:54:04+00:00,0.9995
2026-04-27 18:55:05+00:00,0.9995
2026-04-27 18:56:04+00:00,0.9995
2026-04-27 18:57:05+00:00,0.9995
2026-04-27 18:58:05+00:00,0.9995
2026-04-27 18:59:04+00:00,0.9995
2026-04-27 19:00:20+00:00,0.9995
2026-04-27 19:01:17+00:00,0.9995
2026-04-27 19:02:03+00:00,0.9995
2026-04-27 19:03:04+00:00,0.9995
2026-04-27 19:04:04+00:00,0.9995
2026-04-27 19:05:03+00:00,0.9995
2026-04-27 19:06:05+00:00,0.9995
2026-04-27 19:07:04+00:00,0.9995
2026-04-27 19:08:04+00:00,0.9995
2026-04-27 19:09:04+00:00,0.9995
2026-04-27 19:10:05+00:00,0.9995
2026-04-27 19:11:04+00:00,0.9995
2026-04-27 19:12:04+00:00,0.9995
2026-04-27 19:13:04+00:00,0.9995
2026-04-27 19:14:04+00:00,0.9995
2026-04-27 19:15:04+00:00,0.9995
2026-04-27 19:16:03+00:00,0.9995
2026-04-27 19:17:04+00:00,0.9995
2026-04-27 19:18:05+00:00,0.9995
2026-04-27 19:19:04+00:00,0.9995
2026-04-27 19:20:04+00:00,0.9995
2026-04-27 19:21:07+00:00,0.9995
2026-04-27 19:22:15+00:00,0.9995
2026-04-27 19:23:03+00:00,0.9995
2026-04-27 19:24:04+00:00,0.9995
2026-04-27 19:25:04+00:00,0.9995
2026-04-27 19:26:05+00:00,0.9995
2026-04-27 19:27:04+00:00,0.9995
2026-04-27 19:28:04+00:00,0.9995
2026-04-27 19:29:04+00:00,0.9995
2026-04-27 19:30:06+00:00,0.9995
2026-04-27 19:31:03+00:00,0.9995
2026-04-27 19:32:06+00:00,0.9995
2026-04-27 19:33:03+00:00,0.9995
2026-04-27 19:34:06+00:00,0.9995
2026-04-27 19:35:04+00:00,0.9995
2026-04-27 19:36:03+00:00,0.9995
2026-04-27 19:37:04+00:00,0.9995
2026-04-27 19:38:03+00:00,0.9995
2026-04-27 19:39:04+00:00,0.9995
2026-04-27 19:40:05+00:00,0.9995
2026-04-27 19:41:05+00:00,0.9995
2026-04-27 19:42:03+00:00,0.9995
2026-04-27 19:43:04+00:00,0.9995
2026-04-27 19:44:04+00:00,0.9995
2026-04-27 19:45:05+00:00,0.9995
2026-04-27 19:46:03+00:00,0.9995
2026-04-27 19:47:04+00:00,0.9995
2026-04-27 19:48:04+00:00,0.9995
2026-04-27 19:49:04+00:00,0.9995
2026-04-27 19:50:05+00:00,0.9995
2026-04-27 19:51:04+00:00,0.9995
2026-04-27 19:52:03+00:00,0.9995
2026-04-27 19:53:03+00:00,0.9995
2026-04-27 19:54:18+00:00,0.9995
2026-04-27 19:55:04+00:00,0.9995
2026-04-27 19:56:04+00:00,0.9995
2026-04-27 19:57:06+00:00,0.9995
2026-04-27 19:58:06+00:00,0.9995
2026-04-27 19:59:04+00:00,0.9995
2026-04-27 20:00:09+00:00,0.9995
2026-04-27 20:01:05+00:00,0.9995
2026-04-27 20:02:03+00:00,0.9995
2026-04-27 20:03:05+00:00,0.9995
2026-04-27 20:04:04+00:00,0.9995
2026-04-27 20:05:04+00:00,0.9995
2026-04-27 20:06:04+00:00,0.9995
2026-04-27 20:07:04+00:00,0.9995
2026-04-27 20:08:04+00:00,0.9995
2026-04-27 20:09:04+00:00,0.9995
2026-04-27 20:10:05+00:00,0.9995
2026-04-27 20:11:05+00:00,0.9995
2026-04-27 20:12:18+00:00,0.9995
2026-04-27 20:13:04+00:00,0.9995
2026-04-27 20:14:04+00:00,0.9995
2026-04-27 20:15:05+00:00,0.9995
2026-04-27 20:16:03+00:00,0.9995
2026-04-27 20:17:04+00:00,0.9995
2026-04-27 20:18:19+00:00,0.9995
2026-04-27 20:19:04+00:00,0.9995
2026-04-27 20:20:04+00:00,0.9995
2026-04-27 20:21:03+00:00,0.9995
2026-04-27 20:22:03+00:00,0.9995
2026-04-27 20:23:04+00:00,0.9995
2026-04-27 20:24:06+00:00,0.9995
2026-04-27 20:25:04+00:00,0.9995
2026-04-27 20:26:04+00:00,0.9995
2026-04-27 20:27:17+00:00,0.9995
2026-04-27 20:28:03+00:00,0.9995
2026-04-27 20:29:04+00:00,0.9995
2026-04-27 20:30:07+00:00,0.9995
2026-04-27 20:31:05+00:00,0.9995
2026-04-27 20:32:04+00:00,0.9995
2026-04-27 20:33:04+00:00,0.9995
2026-04-27 20:34:04+00:00,0.9995
2026-04-27 20:35:06+00:00,0.9995
2026-04-27 20:36:03+00:00,0.9995
2026-04-27 20:37:03+00:00,0.9995
2026-04-27 20:38:03+00:00,0.9995
2026-04-27 20:39:04+00:00,0.9995
2026-04-27 20:40:05+00:00,0.9995
2026-04-27 20:41:04+00:00,0.9995
2026-04-27 20:42:03+00:00,0.9995
2026-04-27 20:43:04+00:00,0.9995
2026-04-27 20:44:03+00:00,0.9995
2026-04-27 20:45:06+00:00,0.9995
2026-04-27 20:46:03+00:00,0.9995
2026-04-27 20:47:03+00:00,0.9995
2026-04-27 20:48:04+00:00,0.9995
2026-04-27 20:49:04+00:00,0.9995
2026-04-27 20:50:07+00:00,0.9995
2026-04-27 20:51:03+00:00,0.9995
2026-04-27 20:52:04+00:00,0.9995
2026-04-27 20:53:04+00:00,0.9995
2026-04-27 20:54:04+00:00,0.9995
2026-04-27 20:55:05+00:00,0.9995
2026-04-27 20:56:04+00:00,0.9995
2026-04-27 20:57:06+00:00,0.9995
2026-04-27 20:58:04+00:00,0.9995
2026-04-27 20:59:04+00:00,0.9995
2026-04-27 21:00:22+00:00,0.9995
2026-04-27 21:01:04+00:00,0.9995
2026-04-27 21:02:04+00:00,0.9995
2026-04-27 21:03:04+00:00,0.9995
2026-04-27 21:04:04+00:00,0.9995
2026-04-27 21:05:04+00:00,0.9995
2026-04-27 21:06:04+00:00,0.9995
2026-04-27 21:07:04+00:00,0.9995
2026-04-27 21:08:04+00:00,0.9995
2026-04-27 21:09:05+00:00,0.9995
2026-04-27 21:10:05+00:00,0.9995
2026-04-27 21:11:04+00:00,0.9995
2026-04-27 21:12:03+00:00,0.9995
2026-04-27 21:13:05+00:00,0.9995
2026-04-27 21:14:04+00:00,0.9995
2026-04-27 21:15:05+00:00,0.9995
2026-04-27 21:16:03+00:00,0.9995
2026-04-27 21:17:03+00:00,0.9995
2026-04-27 21:18:03+00:00,0.9995
2026-04-27 21:19:05+00:00,0.9995
2026-04-27 21:20:04+00:00,0.9995
2026-04-27 21:21:03+00:00,0.9995
2026-04-27 21:22:04+00:00,0.9995
2026-04-27 21:23:05+00:00,0.9995
2026-04-27 21:24:04+00:00,0.9995
2026-04-27 21:25:18+00:00,0.9995
2026-04-27 21:26:04+00:00,0.9995
2026-04-27 21:27:03+00:00,0.9995
2026-04-27 21:28:03+00:00,0.9995
2026-04-27 21:29:04+00:00,0.9995
2026-04-27 21:30:06+00:00,0.9995
2026-04-27 21:31:04+00:00,0.9995
2026-04-27 21:32:04+00:00,0.9995
2026-04-27 21:33:04+00:00,0.9995
2026-04-27 21:34:03+00:00,0.9995
2026-04-27 21:35:05+00:00,0.9995
2026-04-27 21:36:05+00:00,0.9995
2026-04-27 21:37:05+00:00,0.9995
2026-04-27 21:38:05+00:00,0.9995
2026-04-27 21:39:16+00:00,0.9995
2026-04-27 21:40:04+00:00,0.9995
2026-04-27 21:41:04+00:00,0.9995
2026-04-27 21:42:04+00:00,0.9995
2026-04-27 21:43:04+00:00,0.9995
2026-04-27 21:44:04+00:00,0.9995
2026-04-27 21:45:05+00:00,0.9995
2026-04-27 21:46:04+00:00,0.9995
2026-04-27 21:47:03+00:00,0.9995
2026-04-27 21:48:03+00:00,0.9995
2026-04-27 21:49:06+00:00,0.9995
2026-04-27 21:50:06+00:00,0.9995
2026-04-27 21:51:03+00:00,0.9995
2026-04-27 21:52:10+00:00,0.9995
2026-04-27 21:53:03+00:00,0.9995
2026-04-27 21:54:04+00:00,0.9995
2026-04-27 21:55:03+00:00,0.9995
2026-04-27 21:56:03+00:00,0.9995
2026-04-27 21:57:04+00:00,0.9995
2026-04-27 21:58:03+00:00,0.9995
2026-04-27 21:59:04+00:00,0.9995
2026-04-27 22:00:06+00:00,0.9995
2026-04-27 22:01:04+00:00,0.9995
2026-04-27 22:02:04+00:00,0.9995
2026-04-27 22:03:04+00:00,0.9995
2026-04-27 22:04:04+00:00,0.9995
2026-04-27 22:05:05+00:00,0.9995
2026-04-27 22:06:04+00:00,0.9995
2026-04-27 22:07:04+00:00,0.9995
2026-04-27 22:08:04+00:00,0.9995
2026-04-27 22:09:04+00:00,0.9995
2026-04-27 22:10:06+00:00,0.9995
2026-04-27 22:11:04+00:00,0.9995
2026-04-27 22:12:04+00:00,0.9995
2026-04-27 22:13:04+00:00,0.9995
2026-04-27 22:14:04+00:00,0.9995
2026-04-27 22:15:08+00:00,0.9995
2026-04-27 22:16:05+00:00,0.9995
2026-04-27 22:17:04+00:00,0.9995
2026-04-27 22:18:04+00:00,0.9995
2026-04-27 22:19:04+00:00,0.9995
2026-04-27 22:20:04+00:00,0.9995
2026-04-27 22:21:04+00:00,0.9995
2026-04-27 22:22:06+00:00,0.9995
2026-04-27 22:23:05+00:00,0.9995
2026-04-27 22:24:04+00:00,0.9995
2026-04-27 22:25:04+00:00,0.9995
2026-04-27 22:26:04+00:00,0.9995
2026-04-27 22:27:05+00:00,0.9995
2026-04-27 22:28:04+00:00,0.9995
2026-04-27 22:29:05+00:00,0.9995
2026-04-27 22:30:07+00:00,0.9995
2026-04-27 22:31:16+00:00,0.9995
2026-04-27 22:32:03+00:00,0.9995
2026-04-27 22:33:17+00:00,0.9995
2026-04-27 22:34:04+00:00,0.9995
2026-04-27 22:35:03+00:00,0.9995
2026-04-27 22:36:04+00:00,0.9995
2026-04-27 22:37:18+00:00,0.9995
2026-04-27 22:38:19+00:00,0.9995
2026-04-27 22:39:04+00:00,0.9995
2026-04-27 22:40:05+00:00,0.9995
2026-04-27 22:41:03+00:00,0.9995
2026-04-27 22:42:05+00:00,0.9995
2026-04-27 22:43:04+00:00,0.9995
2026-04-27 22:44:04+00:00,0.9995
2026-04-27 22:45:05+00:00,0.9995
2026-04-27 22:46:04+00:00,0.9995
2026-04-27 22:47:04+00:00,0.9995
2026-04-27 22:48:05+00:00,0.9995
2026-04-27 22:49:04+00:00,0.9995
2026-04-27 22:50:04+00:00,0.9995
2026-04-27 22:51:04+00:00,0.9995
2026-04-27 22:52:04+00:00,0.9995
2026-04-27 22:53:16+00:00,0.9995
2026-04-27 22:54:04+00:00,0.9995
2026-04-27 22:55:04+00:00,0.9995
2026-04-27 22:56:04+00:00,0.9995
2026-04-27 22:57:06+00:00,0.9995
2026-04-27 22:58:17+00:00,0.9995
2026-04-27 22:59:05+00:00,0.9995
2026-04-27 23:00:05+00:00,0.9995
2026-04-27 23:01:04+00:00,0.9995
2026-04-27 23:02:04+00:00,0.9995
2026-04-27 23:03:04+00:00,0.9995
2026-04-27 23:04:05+00:00,0.9995
2026-04-27 23:05:05+00:00,0.9995
2026-04-27 23:06:04+00:00,0.9995
2026-04-27 23:07:04+00:00,0.9995
2026-04-27 23:08:04+00:00,0.9995
2026-04-27 23:09:04+00:00,0.9995
2026-04-27 23:10:05+00:00,0.9995
2026-04-27 23:11:04+00:00,0.9995
2026-04-27 23:12:04+00:00,0.9995
2026-04-27 23:13:05+00:00,0.9995
2026-04-27 23:14:06+00:00,0.9995
2026-04-27 23:15:06+00:00,0.9995
2026-04-27 23:16:03+00:00,0.9995
2026-04-27 23:17:06+00:00,0.9995
2026-04-27 23:18:04+00:00,0.9995
2026-04-27 23:19:04+00:00,0.9995
2026-04-27 23:20:05+00:00,0.9995
2026-04-27 23:21:14+00:00,0.9995
2026-04-27 23:22:04+00:00,0.9995
2026-04-27 23:23:04+00:00,0.9995
2026-04-27 23:24:03+00:00,0.9995
2026-04-27 23:25:05+00:00,0.9995
2026-04-27 23:26:05+00:00,0.9995
2026-04-27 23:27:03+00:00,0.9995
2026-04-27 23:28:04+00:00,0.9995
2026-04-27 23:29:04+00:00,0.9995
2026-04-27 23:30:05+00:00,0.9995
2026-04-27 23:31:04+00:00,0.9995
2026-04-27 23:32:19+00:00,0.9995
2026-04-27 23:33:03+00:00,0.9995
2026-04-27 23:34:03+00:00,0.9995
2026-04-27 23:35:05+00:00,0.9995
2026-04-27 23:36:03+00:00,0.9995
2026-04-27 23:37:03+00:00,0.9995
2026-04-27 23:38:03+00:00,0.9995
2026-04-27 23:39:04+00:00,0.9995
2026-04-27 23:40:03+00:00,0.9995
2026-04-27 23:41:03+00:00,0.9995
2026-04-27 23:42:04+00:00,0.9995
2026-04-27 23:43:05+00:00,0.9995
2026-04-27 23:44:04+00:00,0.9995
2026-04-27 23:45:06+00:00,0.9995
2026-04-27 23:46:03+00:00,0.9995
2026-04-27 23:47:04+00:00,0.9995
2026-04-27 23:48:05+00:00,0.9995
2026-04-27 23:49:04+00:00,0.9995
2026-04-27 23:50:04+00:00,0.9995
2026-04-27 23:51:03+00:00,0.9995
2026-04-27 23:52:04+00:00,0.9995
2026-04-27 23:53:03+00:00,0.9995
2026-04-27 23:54:04+00:00,0.9995
2026-04-27 23:55:03+00:00,0.9995
2026-04-27 23:56:04+00:00,0.9995
2026-04-27 23:57:05+00:00,0.9995
2026-04-27 23:58:03+00:00,0.9995
2026-04-27 23:59:04+00:00,0.9995
2026-04-28 00:00:09+00:00,0.9995
2026-04-28 00:01:06+00:00,0.9995
2026-04-28 00:02:05+00:00,0.9995
2026-04-28 00:03:05+00:00,0.9995
2026-04-28 00:04:04+00:00,0.9995
2026-04-28 00:05:06+00:00,0.9995
2026-04-28 00:06:03+00:00,0.9995
2026-04-28 00:07:03+00:00,0.9995
2026-04-28 00:08:05+00:00,0.9995
2026-04-28 00:09:04+00:00,0.9995
2026-04-28 00:10:07+00:00,0.9995
2026-04-28 00:11:04+00:00,0.9995
2026-04-28 00:12:04+00:00,0.9995
2026-04-28 00:13:15+00:00,0.9995
2026-04-28 00:14:04+00:00,0.9995
2026-04-28 00:15:06+00:00,0.9995
2026-04-28 00:16:03+00:00,0.9995
2026-04-28 00:17:04+00:00,0.9995
2026-04-28 00:18:04+00:00,0.9995
2026-04-28 00:19:04+00:00,0.9995
2026-04-28 00:20:05+00:00,0.9995
2026-04-28 00:21:03+00:00,0.9995
2026-04-28 00:22:03+00:00,0.9995
2026-04-28 00:23:04+00:00,0.9995
2026-04-28 00:24:05+00:00,0.9995
2026-04-28 00:25:04+00:00,0.9995
2026-04-28 00:26:05+00:00,0.9995
2026-04-28 00:27:05+00:00,0.9995
2026-04-28 00:28:04+00:00,0.9995
2026-04-28 00:29:04+00:00,0.9995
2026-04-28 00:30:19+00:00,0.9995
2026-04-28 00:31:04+00:00,0.9995
2026-04-28 00:32:03+00:00,0.9995
2026-04-28 00:33:04+00:00,0.9995
2026-04-28 00:34:05+00:00,0.9995
2026-04-28 00:35:04+00:00,0.9995
2026-04-28 00:36:03+00:00,0.9995
2026-04-28 00:37:03+00:00,0.9995
2026-04-28 00:38:03+00:00,0.9995
2026-04-28 00:39:17+00:00,0.9995
2026-04-28 00:40:05+00:00,0.9995
2026-04-28 00:41:03+00:00,0.9995
2026-04-28 00:42:04+00:00,0.9995
2026-04-28 00:43:04+00:00,0.9995
2026-04-28 00:44:04+00:00,0.9995
2026-04-28 00:45:03+00:00,0.9995
2026-04-28 00:46:03+00:00,0.9995
2026-04-28 00:47:03+00:00,0.9995
2026-04-28 00:48:03+00:00,0.9995
2026-04-28 00:49:03+00:00,0.9995
2026-04-28 00:50:04+00:00,0.9995
2026-04-28 00:51:03+00:00,0.9995
2026-04-28 00:52:04+00:00,0.9995
2026-04-28 00:53:05+00:00,0.9995
2026-04-28 00:54:05+00:00,0.9995
2026-04-28 00:55:05+00:00,0.9995
2026-04-28 00:56:03+00:00,0.9995
2026-04-28 00:57:05+00:00,0.9995
2026-04-28 00:58:04+00:00,0.9995
2026-04-28 00:59:04+00:00,0.9995
2026-04-28 01:00:06+00:00,0.9995
2026-04-28 01:01:05+00:00,0.9995
2026-04-28 01:02:03+00:00,0.9995
2026-04-28 01:03:05+00:00,0.9995
2026-04-28 01:04:04+00:00,0.9995
2026-04-28 01:05:04+00:00,0.9995
2026-04-28 01:06:06+00:00,0.9995
2026-04-28 01:07:04+00:00,0.9995
2026-04-28 01:08:05+00:00,0.9995
2026-04-28 01:09:05+00:00,0.9995
2026-04-28 01:10:05+00:00,0.9995
2026-04-28 01:11:04+00:00,0.9995
2026-04-28 01:12:04+00:00,0.9995
2026-04-28 01:13:03+00:00,0.9995
2026-04-28 01:14:04+00:00,0.9995
2026-04-28 01:15:03+00:00,0.9995
2026-04-28 01:16:03+00:00,0.9995
2026-04-28 01:17:05+00:00,0.9995
2026-04-28 01:18:04+00:00,0.9995
2026-04-28 01:19:04+00:00,0.9995
2026-04-28 01:20:06+00:00,0.9995
2026-04-28 01:21:03+00:00,0.9995
2026-04-28 01:22:04+00:00,0.9995
2026-04-28 01:23:05+00:00,0.9995
2026-04-28 01:24:04+00:00,0.9995
2026-04-28 01:25:03+00:00,0.9995
2026-04-28 01:26:04+00:00,0.9995
2026-04-28 01:27:04+00:00,0.9995
2026-04-28 01:28:04+00:00,0.9995
2026-04-28 01:29:03+00:00,0.9995
2026-04-28 01:30:07+00:00,0.9995
2026-04-28 01:31:04+00:00,0.9995
2026-04-28 01:32:03+00:00,0.9995
2026-04-28 01:33:18+00:00,0.9995
2026-04-28 01:34:04+00:00,0.9995
2026-04-28 01:35:04+00:00,0.9995
2026-04-28 01:36:03+00:00,0.9995
2026-04-28 01:37:04+00:00,0.9995
2026-04-28 01:38:03+00:00,0.9995
2026-04-28 01:39:06+00:00,0.9995
2026-04-28 01:40:06+00:00,0.9995
2026-04-28 01:41:17+00:00,0.9995
2026-04-28 01:42:04+00:00,0.9995
2026-04-28 01:43:05+00:00,0.9995
2026-04-28 01:44:04+00:00,0.9995
2026-04-28 01:45:05+00:00,0.9995
2026-04-28 01:46:05+00:00,0.9995
2026-04-28 01:47:05+00:00,0.9995
2026-04-28 01:48:04+00:00,0.9995
2026-04-28 01:49:04+00:00,0.9995
2026-04-28 01:50:03+00:00,0.9995
2026-04-28 01:51:04+00:00,0.9995
2026-04-28 01:52:05+00:00,0.9995
2026-04-28 01:53:03+00:00,0.9995
2026-04-28 01:54:03+00:00,0.9995
2026-04-28 01:55:04+00:00,0.9995
2026-04-28 01:56:03+00:00,0.9995
2026-04-28 01:57:07+00:00,0.9995
2026-04-28 01:58:04+00:00,0.9995
2026-04-28 01:59:05+00:00,0.9995
2026-04-28 02:00:06+00:00,0.9995
2026-04-28 02:01:04+00:00,0.9995
2026-04-28 02:02:03+00:00,0.9995
2026-04-28 02:03:04+00:00,0.9995
2026-04-28 02:04:04+00:00,0.9995
2026-04-28 02:05:04+00:00,0.9995
2026-04-28 02:06:03+00:00,0.9995
2026-04-28 02:07:04+00:00,0.9995
2026-04-28 02:08:03+00:00,0.9995
2026-04-28 02:09:03+00:00,0.9995
2026-04-28 02:10:17+00:00,0.9995
2026-04-28 02:11:04+00:00,0.9995
2026-04-28 02:12:03+00:00,0.9995
2026-04-28 02:13:03+00:00,0.9995
2026-04-28 02:14:04+00:00,0.9995
2026-04-28 02:15:04+00:00,0.9995
2026-04-28 02:16:04+00:00,0.9995
2026-04-28 02:17:03+00:00,0.9995
2026-04-28 02:18:03+00:00,0.9995
2026-04-28 02:19:03+00:00,0.9995
2026-04-28 02:20:04+00:00,0.9995
2026-04-28 02:21:04+00:00,0.9995
2026-04-28 02:22:03+00:00,0.9995
2026-04-28 02:23:04+00:00,0.9995
2026-04-28 02:24:03+00:00,0.9995
2026-04-28 02:25:06+00:00,0.9995
2026-04-28 02:26:04+00:00,0.9995
2026-04-28 02:27:04+00:00,0.9995
2026-04-28 02:28:04+00:00,0.9995
2026-04-28 02:29:04+00:00,0.9995
2026-04-28 02:30:06+00:00,0.9995
2026-04-28 02:31:04+00:00,0.9995
2026-04-28 02:32:03+00:00,0.9995
2026-04-28 02:33:03+00:00,0.9995
2026-04-28 02:34:04+00:00,0.9995
2026-04-28 02:35:03+00:00,0.9995
2026-04-28 02:36:04+00:00,0.9995
2026-04-28 02:37:03+00:00,0.9995
2026-04-28 02:38:04+00:00,0.9995
2026-04-28 02:39:04+00:00,0.9995
2026-04-28 02:40:04+00:00,0.9995
2026-04-28 02:41:03+00:00,0.9995
2026-04-28 02:42:03+00:00,0.9995
2026-04-28 02:43:03+00:00,0.9995
2026-04-28 02:44:05+00:00,0.9995
2026-04-28 02:45:03+00:00,0.9995
2026-04-28 02:46:03+00:00,0.9995
2026-04-28 02:47:04+00:00,0.9995
2026-04-28 02:48:03+00:00,0.9995
2026-04-28 02:49:04+00:00,0.9995
2026-04-28 02:50:04+00:00,0.9995
2026-04-28 02:51:03+00:00,0.9995
2026-04-28 02:52:03+00:00,0.9995
2026-04-28 02:53:03+00:00,0.9995
2026-04-28 02:54:04+00:00,0.9995
2026-04-28 02:55:03+00:00,0.9995
2026-04-28 02:56:03+00:00,0.9995
2026-04-28 02:57:05+00:00,0.9995
2026-04-28 02:58:04+00:00,0.9995
2026-04-28 02:59:05+00:00,0.9995
2026-04-28 03:00:06+00:00,0.9995
2026-04-28 03:01:18+00:00,0.9995
2026-04-28 03:02:03+00:00,0.9995
2026-04-28 03:03:05+00:00,0.9995
2026-04-28 03:04:04+00:00,0.9995
2026-04-28 03:05:05+00:00,0.9995
2026-04-28 03:06:04+00:00,0.9995
2026-04-28 03:07:03+00:00,0.9995
2026-04-28 03:08:04+00:00,0.9995
2026-04-28 03:09:04+00:00,0.9995
2026-04-28 03:10:04+00:00,0.9995
2026-04-28 03:11:03+00:00,0.9995
2026-04-28 03:12:17+00:00,0.9995
2026-04-28 03:13:03+00:00,0.9995
2026-04-28 03:14:04+00:00,0.9995
2026-04-28 03:15:05+00:00,0.9995
2026-04-28 03:16:04+00:00,0.9995
2026-04-28 03:17:04+00:00,0.9995
2026-04-28 03:18:04+00:00,0.9995
2026-04-28 03:19:04+00:00,0.9995
2026-04-28 03:20:05+00:00,0.9995
2026-04-28 03:21:03+00:00,0.9995
2026-04-28 03:22:03+00:00,0.9995
2026-04-28 03:23:03+00:00,0.9995
2026-04-28 03:24:03+00:00,0.9995
2026-04-28 03:25:04+00:00,0.9995
2026-04-28 03:26:03+00:00,0.9995
2026-04-28 03:27:03+00:00,0.9995
2026-04-28 03:28:04+00:00,0.9995
2026-04-28 03:29:04+00:00,0.9995
2026-04-28 03:30:06+00:00,0.9995
2026-04-28 03:31:03+00:00,0.9995
2026-04-28 03:32:03+00:00,0.9995
2026-04-28 03:33:03+00:00,0.9995
2026-04-28 03:34:04+00:00,0.9995
2026-04-28 03:35:03+00:00,0.9995
2026-04-28 03:36:03+00:00,0.9995
2026-04-28 03:37:03+00:00,0.9995
2026-04-28 03:38:04+00:00,0.9995
2026-04-28 03:39:04+00:00,0.9995
2026-04-28 03:40:04+00:00,0.9995
2026-04-28 03:41:18+00:00,0.9995
2026-04-28 03:42:03+00:00,0.9995
2026-04-28 03:43:03+00:00,0.9995
2026-04-28 03:44:04+00:00,0.9995
2026-04-28 03:45:04+00:00,0.9995
2026-04-28 03:46:03+00:00,0.9995
2026-04-28 03:47:03+00:00,0.9995
2026-04-28 03:48:04+00:00,0.9995
2026-04-28 03:49:04+00:00,0.9995
2026-04-28 03:50:04+00:00,0.9995
2026-04-28 03:51:03+00:00,0.9995
2026-04-28 03:52:03+00:00,0.9995
2026-04-28 03:53:06+00:00,0.9995
2026-04-28 03:54:05+00:00,0.9995
2026-04-28 03:55:04+00:00,0.9995
2026-04-28 03:56:15+00:00,0.9995
2026-04-28 03:57:03+00:00,0.9995
2026-04-28 03:58:03+00:00,0.9995
2026-04-28 03:59:04+00:00,0.9995
2026-04-28 04:00:09+00:00,0.9995
2026-04-28 04:01:04+00:00,0.9995
2026-04-28 04:02:18+00:00,0.9995
2026-04-28 04:03:03+00:00,0.9995
2026-04-28 04:04:03+00:00,0.9995
2026-04-28 04:05:04+00:00,0.9995
2026-04-28 04:06:03+00:00,0.9995
2026-04-28 04:07:03+00:00,0.9995
2026-04-28 04:08:05+00:00,0.9995
2026-04-28 04:09:04+00:00,0.9995
2026-04-28 04:10:04+00:00,0.9995
2026-04-28 04:11:04+00:00,0.9995
2026-04-28 04:12:03+00:00,0.9995
2026-04-28 04:13:04+00:00,0.9995
2026-04-28 04:14:04+00:00,0.9995
2026-04-28 04:15:04+00:00,0.9995
2026-04-28 04:16:04+00:00,0.9995
2026-04-28 04:17:04+00:00,0.9995
2026-04-28 04:18:03+00:00,0.9995
2026-04-28 04:19:04+00:00,0.9995
2026-04-28 04:20:03+00:00,0.9995
2026-04-28 04:21:03+00:00,0.9995
2026-04-28 04:22:04+00:00,0.9995
2026-04-28 04:23:04+00:00,0.9995
2026-04-28 04:24:04+00:00,0.9995
2026-04-28 04:25:04+00:00,0.9995
2026-04-28 04:26:04+00:00,0.9995
2026-04-28 04:27:03+00:00,0.9995
2026-04-28 04:28:03+00:00,0.9995
2026-04-28 04:29:04+00:00,0.9995
2026-04-28 04:30:04+00:00,0.9995
2026-04-28 04:31:19+00:00,0.9995
2026-04-28 04:32:04+00:00,0.9995
2026-04-28 04:33:03+00:00,0.9995
2026-04-28 04:34:04+00:00,0.9995
2026-04-28 04:35:03+00:00,0.9995
2026-04-28 04:36:03+00:00,0.9995
2026-04-28 04:37:16+00:00,0.9995
2026-04-28 04:38:03+00:00,0.9995
2026-04-28 04:39:04+00:00,0.9995
2026-04-28 04:40:04+00:00,0.9995
2026-04-28 04:41:03+00:00,0.9995
2026-04-28 04:42:03+00:00,0.9995
2026-04-28 04:43:16+00:00,0.9995
2026-04-28 04:44:04+00:00,0.9995
2026-04-28 04:45:03+00:00,0.9995
2026-04-28 04:46:03+00:00,0.9995
2026-04-28 04:47:03+00:00,0.9995
2026-04-28 04:48:04+00:00,0.9995
2026-04-28 04:49:04+00:00,0.9995
2026-04-28 04:50:04+00:00,0.9995
2026-04-28 04:51:03+00:00,0.9995
2026-04-28 04:52:04+00:00,0.9995
2026-04-28 04:53:03+00:00,0.9995
2026-04-28 04:54:17+00:00,0.9995
2026-04-28 04:55:04+00:00,0.9995
2026-04-28 04:56:03+00:00,0.9995
2026-04-28 04:57:04+00:00,0.9995
2026-04-28 04:58:04+00:00,0.9995
2026-04-28 04:59:04+00:00,0.9995
2026-04-28 05:00:05+00:00,0.9995
2026-04-28 05:01:03+00:00,0.9995
2026-04-28 05:02:03+00:00,0.9995
2026-04-28 05:03:03+00:00,0.9995
2026-04-28 05:04:04+00:00,0.9995
2026-04-28 05:05:03+00:00,0.9995
2026-04-28 05:06:15+00:00,0.9995
2026-04-28 05:07:03+00:00,0.9995
2026-04-28 05:08:03+00:00,0.9995
2026-04-28 05:09:04+00:00,0.9995
2026-04-28 05:10:04+00:00,0.9995
2026-04-28 05:11:03+00:00,0.9995
2026-04-28 05:12:16+00:00,0.9995
2026-04-28 05:13:03+00:00,0.9995
2026-04-28 05:14:04+00:00,0.9995
2026-04-28 05:15:04+00:00,0.9995
2026-04-28 05:16:03+00:00,0.9995
2026-04-28 05:17:03+00:00,0.9995
2026-04-28 05:18:05+00:00,0.9995
2026-04-28 05:19:03+00:00,0.9995
2026-04-28 05:20:04+00:00,0.9995
2026-04-28 05:21:03+00:00,0.9995
2026-04-28 05:22:03+00:00,0.9995
2026-04-28 05:23:16+00:00,0.9995
2026-04-28 05:24:04+00:00,0.9995
2026-04-28 05:25:03+00:00,0.9995
2026-04-28 05:26:03+00:00,0.9995
2026-04-28 05:27:03+00:00,0.9995
2026-04-28 05:28:03+00:00,0.9995
2026-04-28 05:29:04+00:00,0.9995
2026-04-28 05:30:04+00:00,0.9995
2026-04-28 05:31:03+00:00,0.9995
2026-04-28 05:32:03+00:00,0.9995
2026-04-28 05:33:04+00:00,0.9995
2026-04-28 05:34:04+00:00,0.9995
2026-04-28 05:35:16+00:00,0.9995
2026-04-28 05:36:03+00:00,0.9995
2026-04-28 05:37:03+00:00,0.9995
2026-04-28 05:38:05+00:00,0.9995
2026-04-28 05:39:04+00:00,0.9995
2026-04-28 05:40:04+00:00,0.9995
2026-04-28 05:41:03+00:00,0.9995
2026-04-28 05:42:03+00:00,0.9995
2026-04-28 05:43:03+00:00,0.9995
2026-04-28 05:44:18+00:00,0.9995
2026-04-28 05:45:04+00:00,0.9995
2026-04-28 05:46:03+00:00,0.9995
2026-04-28 05:47:03+00:00,0.9995
2026-04-28 05:48:17+00:00,0.9995
2026-04-28 05:49:04+00:00,0.9995
2026-04-28 05:50:03+00:00,0.9995
2026-04-28 05:51:03+00:00,0.9995
2026-04-28 05:52:04+00:00,0.9995
2026-04-28 05:53:17+00:00,0.9995
2026-04-28 05:54:04+00:00,0.9995
2026-04-28 05:55:03+00:00,0.9995
2026-04-28 05:56:03+00:00,0.9995
2026-04-28 05:57:03+00:00,0.9995
2026-04-28 05:58:04+00:00,0.9995
2026-04-28 05:59:04+00:00,0.9995
2026-04-28 06:00:06+00:00,0.9995
2026-04-28 06:01:03+00:00,0.9995
2026-04-28 06:02:03+00:00,0.9995
2026-04-28 06:03:03+00:00,0.9995
2026-04-28 06:04:04+00:00,0.9995
2026-04-28 06:05:03+00:00,0.9995
2026-04-28 06:06:05+00:00,0.9995
2026-04-28 06:07:03+00:00,0.9995
2026-04-28 06:08:04+00:00,0.9995
2026-04-28 06:09:04+00:00,0.9995
2026-04-28 06:10:05+00:00,0.9995
2026-04-28 06:11:03+00:00,0.9995
2026-04-28 06:12:04+00:00,0.9995
2026-04-28 06:13:03+00:00,0.9995
2026-04-28 06:14:04+00:00,0.9995
2026-04-28 06:15:03+00:00,0.9995
2026-04-28 06:16:03+00:00,0.9995
2026-04-28 06:17:03+00:00,0.9995
2026-04-28 06:18:04+00:00,0.9995
2026-04-28 06:19:04+00:00,0.9995
2026-04-28 06:20:03+00:00,0.9995
2026-04-28 06:21:03+00:00,0.9995
2026-04-28 06:22:03+00:00,0.9995
2026-04-28 06:23:04+00:00,0.9995
2026-04-28 06:24:04+00:00,0.9995
2026-04-28 06:25:03+00:00,0.9995
2026-04-28 06:26:04+00:00,0.9995
2026-04-28 06:27:04+00:00,0.9995
2026-04-28 06:28:04+00:00,0.9995
2026-04-28 06:29:04+00:00,0.9995
2026-04-28 06:30:04+00:00,0.9995
2026-04-28 06:31:03+00:00,0.9995
2026-04-28 06:32:04+00:00,0.9995
2026-04-28 06:33:03+00:00,0.9995
2026-04-28 06:34:06+00:00,0.9995
2026-04-28 06:35:18+00:00,0.9995
2026-04-28 06:36:03+00:00,0.9995
2026-04-28 06:37:04+00:00,0.9995
2026-04-28 06:38:05+00:00,0.9995
2026-04-28 06:39:05+00:00,0.9995
2026-04-28 06:40:04+00:00,0.9995
2026-04-28 06:41:03+00:00,0.9995
2026-04-28 06:42:03+00:00,0.9995
2026-04-28 06:43:04+00:00,0.9995
2026-04-28 06:44:04+00:00,0.9995
2026-04-28 06:45:03+00:00,0.9995
2026-04-28 06:46:03+00:00,0.9995
2026-04-28 06:47:03+00:00,0.9995
2026-04-28 06:48:03+00:00,0.9995
2026-04-28 06:49:19+00:00,0.9995
2026-04-28 06:50:18+00:00,0.9995
2026-04-28 06:51:03+00:00,0.9995
2026-04-28 06:52:03+00:00,0.9995
2026-04-28 06:53:03+00:00,0.9995
2026-04-28 06:54:04+00:00,0.9995
2026-04-28 06:55:03+00:00,0.9995
2026-04-28 06:56:04+00:00,0.9995
2026-04-28 06:57:05+00:00,0.9995
2026-04-28 06:58:03+00:00,0.9995
2026-04-28 06:59:05+00:00,0.9995
2026-04-28 07:00:19+00:00,0.9995
2026-04-28 07:01:04+00:00,0.9995
2026-04-28 07:02:03+00:00,0.9995
2026-04-28 07:03:04+00:00,0.9995
2026-04-28 07:04:04+00:00,0.9995
2026-04-28 07:05:04+00:00,0.9995
2026-04-28 07:06:03+00:00,0.9995
2026-04-28 07:07:03+00:00,0.9995
2026-04-28 07:08:03+00:00,0.9995
2026-04-28 07:09:20+00:00,0.9995
2026-04-28 07:10:03+00:00,0.9995
2026-04-28 07:11:03+00:00,0.9995
2026-04-28 07:12:03+00:00,0.9995
2026-04-28 07:13:03+00:00,0.9995
2026-04-28 07:14:04+00:00,0.9995
2026-04-28 07:15:04+00:00,0.9995
2026-04-28 07:16:22+00:00,0.9995
2026-04-28 07:17:03+00:00,0.9995
2026-04-28 07:18:03+00:00,0.9995
2026-04-28 07:19:15+00:00,0.9995
2026-04-28 07:20:04+00:00,0.9995
2026-04-28 07:21:04+00:00,0.9995
2026-04-28 07:22:04+00:00,0.9995
2026-04-28 07:23:04+00:00,0.9995
2026-04-28 07:24:04+00:00,0.9995
2026-04-28 07:25:03+00:00,0.9995
2026-04-28 07:26:19+00:00,0.9995
2026-04-28 07:27:17+00:00,0.9995
2026-04-28 07:28:04+00:00,0.9995
2026-04-28 07:29:04+00:00,0.9995
2026-04-28 07:30:05+00:00,0.9995
2026-04-28 07:31:03+00:00,0.9995
2026-04-28 07:32:03+00:00,0.9995
2026-04-28 07:33:03+00:00,0.9995
2026-04-28 07:34:04+00:00,0.9995
2026-04-28 07:35:04+00:00,0.9995
2026-04-28 07:36:06+00:00,0.9995
2026-04-28 07:37:03+00:00,0.9995
2026-04-28 07:38:03+00:00,0.9995
2026-04-28 07:39:04+00:00,0.9995
2026-04-28 07:40:05+00:00,0.9995
2026-04-28 07:41:04+00:00,0.9995
2026-04-28 07:42:03+00:00,0.9995
2026-04-28 07:43:04+00:00,0.9995
2026-04-28 07:44:04+00:00,0.9995
2026-04-28 07:45:04+00:00,0.9995
2026-04-28 07:46:03+00:00,0.9995
2026-04-28 07:47:03+00:00,0.9995
2026-04-28 07:48:03+00:00,0.9995
2026-04-28 07:49:05+00:00,0.9995
2026-04-28 07:50:04+00:00,0.9995
2026-04-28 07:51:03+00:00,0.9995
2026-04-28 07:52:03+00:00,0.9995
2026-04-28 07:53:18+00:00,0.9995
2026-04-28 07:54:04+00:00,0.9995
2026-04-28 07:55:03+00:00,0.9995
2026-04-28 07:56:04+00:00,0.9995
2026-04-28 07:57:03+00:00,0.9995
2026-04-28 07:58:03+00:00,0.9995
2026-04-28 07:59:19+00:00,0.9995
2026-04-28 08:00:05+00:00,0.9995
2026-04-28 08:01:03+00:00,0.9995
2026-04-28 08:02:03+00:00,0.9995
2026-04-28 08:03:03+00:00,0.9995
2026-04-28 08:04:04+00:00,0.9995
2026-04-28 08:05:04+00:00,0.9995
2026-04-28 08:06:03+00:00,0.9995
2026-04-28 08:07:03+00:00,0.9995
2026-04-28 08:08:03+00:00,0.9995
2026-04-28 08:09:04+00:00,0.9995
2026-04-28 08:10:04+00:00,0.9995
2026-04-28 08:11:03+00:00,0.9995
2026-04-28 08:12:03+00:00,0.9995
2026-04-28 08:13:03+00:00,0.9995
2026-04-28 08:14:04+00:00,0.9995
2026-04-28 08:15:06+00:00,0.9995
2026-04-28 08:16:03+00:00,0.9995
2026-04-28 08:17:14+00:00,0.9995
2026-04-28 08:18:03+00:00,0.9995
2026-04-28 08:19:04+00:00,0.9995
2026-04-28 08:20:03+00:00,0.9995
2026-04-28 08:21:04+00:00,0.9995
2026-04-28 08:22:03+00:00,0.9995
2026-04-28 08:23:04+00:00,0.9995
2026-04-28 08:24:15+00:00,0.9995
2026-04-28 08:25:15+00:00,0.9995
2026-04-28 08:26:03+00:00,0.9995
2026-04-28 08:27:03+00:00,0.9995
2026-04-28 08:28:03+00:00,0.9995
2026-04-28 08:29:04+00:00,0.9995
2026-04-28 08:30:04+00:00,0.9995
2026-04-28 08:31:03+00:00,0.9995
2026-04-28 08:32:16+00:00,0.9995
2026-04-28 08:33:04+00:00,0.9995
2026-04-28 08:34:04+00:00,0.9995
2026-04-28 08:35:03+00:00,0.9995
2026-04-28 08:36:03+00:00,0.9995
2026-04-28 08:37:03+00:00,0.9995
2026-04-28 08:38:15+00:00,0.9995
2026-04-28 08:39:04+00:00,0.9995
2026-04-28 08:40:03+00:00,0.9995
2026-04-28 08:41:05+00:00,0.9995
2026-04-28 08:42:03+00:00,0.9995
2026-04-28 08:43:03+00:00,0.9995
2026-04-28 08:44:04+00:00,0.9995
2026-04-28 08:45:04+00:00,0.9995
2026-04-28 08:46:03+00:00,0.9995
2026-04-28 08:47:03+00:00,0.9995
2026-04-28 08:48:04+00:00,0.9995
2026-04-28 08:49:04+00:00,0.9995
2026-04-28 08:50:03+00:00,0.9995
2026-04-28 08:51:03+00:00,0.9995
2026-04-28 08:52:03+00:00,0.9995
2026-04-28 08:53:17+00:00,0.9995
2026-04-28 08:54:04+00:00,0.9995
2026-04-28 08:55:16+00:00,0.9995
2026-04-28 08:56:03+00:00,0.9995
2026-04-28 08:57:03+00:00,0.9995
2026-04-28 08:58:06+00:00,0.9995
2026-04-28 08:59:17+00:00,0.9995
2026-04-28 09:00:10+00:00,0.9995
2026-04-28 09:01:04+00:00,0.9995
2026-04-28 09:02:03+00:00,0.9995
2026-04-28 09:03:04+00:00,0.9995
2026-04-28 09:04:04+00:00,0.9995
2026-04-28 09:05:04+00:00,0.9995
2026-04-28 09:06:03+00:00,0.9995
2026-04-28 09:07:03+00:00,0.9995
2026-04-28 09:08:04+00:00,0.9995
2026-04-28 09:09:04+00:00,0.9995
2026-04-28 09:10:04+00:00,0.9995
2026-04-28 09:11:03+00:00,0.9995
2026-04-28 09:12:03+00:00,0.9995
2026-04-28 09:13:03+00:00,0.9995
2026-04-28 09:14:04+00:00,0.9995
2026-04-28 09:15:03+00:00,0.9995
2026-04-28 09:16:04+00:00,0.9995
2026-04-28 09:17:03+00:00,0.9995
2026-04-28 09:18:03+00:00,0.9995
2026-04-28 09:19:20+00:00,0.9995
2026-04-28 09:20:03+00:00,0.9995
2026-04-28 09:21:03+00:00,0.9995
2026-04-28 09:22:03+00:00,0.9995
2026-04-28 09:23:17+00:00,0.9995
2026-04-28 09:24:06+00:00,0.9995
2026-04-28 09:25:04+00:00,0.9995
2026-04-28 09:26:03+00:00,0.9995
2026-04-28 09:27:17+00:00,0.9995
2026-04-28 09:28:03+00:00,0.9995
2026-04-28 09:29:04+00:00,0.9995
2026-04-28 09:30:05+00:00,0.9995
2026-04-28 09:31:03+00:00,0.9995
2026-04-28 09:32:03+00:00,0.9995
2026-04-28 09:33:04+00:00,0.9995
2026-04-28 09:34:04+00:00,0.9995
2026-04-28 09:35:03+00:00,0.9995
2026-04-28 09:36:03+00:00,0.9995
2026-04-28 09:37:03+00:00,0.9995
2026-04-28 09:38:03+00:00,0.9995
2026-04-28 09:39:04+00:00,0.9995
2026-04-28 09:40:03+00:00,0.9995
2026-04-28 09:41:03+00:00,0.9995
2026-04-28 09:42:04+00:00,0.9995
2026-04-28 09:43:04+00:00,0.9995
2026-04-28 09:44:04+00:00,0.9995
2026-04-28 09:45:19+00:00,0.9995
2026-04-28 09:46:04+00:00,0.9995
2026-04-28 09:47:16+00:00,0.9995
2026-04-28 09:48:03+00:00,0.9995
2026-04-28 09:49:04+00:00,0.9995
2026-04-28 09:50:05+00:00,0.9995
2026-04-28 09:51:03+00:00,0.9995
2026-04-28 09:52:04+00:00,0.9995
2026-04-28 09:53:03+00:00,0.9995
2026-04-28 09:54:04+00:00,0.9995
2026-04-28 09:55:03+00:00,0.9995
2026-04-28 09:56:03+00:00,0.9995
2026-04-28 09:57:04+00:00,0.9995
2026-04-28 09:58:16+00:00,0.9995
2026-04-28 09:59:03+00:00,0.9995
2026-04-28 10:00:04+00:00,0.9995
2026-04-28 10:01:15+00:00,0.9995
2026-04-28 10:02:04+00:00,0.9995
2026-04-28 10:03:17+00:00,0.9995
2026-04-28 10:04:19+00:00,0.9995
2026-04-28 10:05:03+00:00,0.9995
2026-04-28 10:06:03+00:00,0.9995
2026-04-28 10:07:05+00:00,0.9995
2026-04-28 10:08:03+00:00,0.9995
2026-04-28 10:09:04+00:00,0.9995
2026-04-28 10:10:03+00:00,0.9995
2026-04-28 10:11:03+00:00,0.9995
2026-04-28 10:12:03+00:00,0.9995
2026-04-28 10:13:03+00:00,0.9995
2026-04-28 10:14:03+00:00,0.9995
2026-04-28 10:15:05+00:00,0.9995
2026-04-28 10:16:04+00:00,0.9995
2026-04-28 10:17:04+00:00,0.9995
2026-04-28 10:18:14+00:00,0.9995
2026-04-28 10:19:04+00:00,0.9995
2026-04-28 10:20:04+00:00,0.9995
2026-04-28 10:21:03+00:00,0.9995
2026-04-28 10:22:03+00:00,0.9995
2026-04-28 10:23:03+00:00,0.9995
2026-04-28 10:24:04+00:00,0.9995
2026-04-28 10:25:03+00:00,0.9995
2026-04-28 10:26:04+00:00,0.9995
2026-04-28 10:27:04+00:00,0.9995
2026-04-28 10:28:03+00:00,0.9995
2026-04-28 10:29:04+00:00,0.9995
2026-04-28 10:30:17+00:00,0.9995
2026-04-28 10:31:03+00:00,0.9995
2026-04-28 10:32:15+00:00,0.9995
2026-04-28 10:33:17+00:00,0.9995
2026-04-28 10:34:05+00:00,0.9995
2026-04-28 10:35:04+00:00,0.9995
2026-04-28 10:36:03+00:00,0.9995
2026-04-28 10:37:04+00:00,0.9995
2026-04-28 10:38:04+00:00,0.9995
2026-04-28 10:39:04+00:00,0.9995
2026-04-28 10:40:03+00:00,0.9995
2026-04-28 10:41:16+00:00,0.9995
2026-04-28 10:42:03+00:00,0.9995
2026-04-28 10:43:03+00:00,0.9995
2026-04-28 10:44:04+00:00,0.9995
2026-04-28 10:45:03+00:00,0.9995
2026-04-28 10:46:04+00:00,0.9995
2026-04-28 10:47:16+00:00,0.9995
2026-04-28 10:48:17+00:00,0.9995
2026-04-28 10:49:04+00:00,0.9995
2026-04-28 10:50:03+00:00,0.9995
2026-04-28 10:51:04+00:00,0.9995
2026-04-28 10:52:04+00:00,0.9995
2026-04-28 10:53:03+00:00,0.9995
2026-04-28 10:54:05+00:00,0.9995
2026-04-28 10:55:04+00:00,0.9995
2026-04-28 10:56:03+00:00,0.9995
2026-04-28 10:57:03+00:00,0.9995
2026-04-28 10:58:18+00:00,0.9995
2026-04-28 10:59:04+00:00,0.9995
2026-04-28 11:00:03+00:00,0.9995
2026-04-28 11:01:03+00:00,0.9995
2026-04-28 11:02:03+00:00,0.9995
2026-04-28 11:03:03+00:00,0.9995
2026-04-28 11:04:03+00:00,0.9995
2026-04-28 11:05:18+00:00,0.9995
2026-04-28 11:06:03+00:00,0.9995
2026-04-28 11:07:03+00:00,0.9995
2026-04-28 11:08:03+00:00,0.9995
2026-04-28 11:09:03+00:00,0.9995
2026-04-28 11:10:05+00:00,0.9995
2026-04-28 11:11:04+00:00,0.9995
2026-04-28 11:12:03+00:00,0.9995
2026-04-28 11:13:03+00:00,0.9995
2026-04-28 11:14:03+00:00,0.9995
2026-04-28 11:15:03+00:00,0.9995
2026-04-28 11:16:18+00:00,0.9995
2026-04-28 11:17:04+00:00,0.9995
2026-04-28 11:18:06+00:00,0.9995
2026-04-28 11:19:04+00:00,0.9995
2026-04-28 11:20:04+00:00,0.9995
2026-04-28 11:21:03+00:00,0.9995
2026-04-28 11:22:05+00:00,0.9995
2026-04-28 11:23:04+00:00,0.9995
2026-04-28 11:24:03+00:00,0.9995
2026-04-28 11:25:04+00:00,0.9995
2026-04-28 11:26:04+00:00,0.9995
2026-04-28 11:27:04+00:00,0.9995
2026-04-28 11:28:04+00:00,0.9995
2026-04-28 11:29:03+00:00,0.9995
2026-04-28 11:30:04+00:00,0.9995
2026-04-28 11:31:17+00:00,0.9995
2026-04-28 11:32:03+00:00,0.9995
2026-04-28 11:33:04+00:00,0.9995
2026-04-28 11:34:04+00:00,0.9995
2026-04-28 11:35:16+00:00,0.9995
2026-04-28 11:36:03+00:00,0.9995
2026-04-28 11:37:04+00:00,0.9995
2026-04-28 11:38:04+00:00,0.9995
2026-04-28 11:39:03+00:00,0.9995
2026-04-28 11:40:04+00:00,0.9995
2026-04-28 11:41:03+00:00,0.9995
2026-04-28 11:42:03+00:00,0.9995
2026-04-28 11:43:04+00:00,0.9995
2026-04-28 11:44:03+00:00,0.9995
2026-04-28 11:45:04+00:00,0.9995
2026-04-28 11:46:03+00:00,0.9995
2026-04-28 11:47:04+00:00,0.9995
2026-04-28 11:48:05+00:00,0.9995
2026-04-28 11:49:16+00:00,0.9995
2026-04-28 11:50:04+00:00,0.9995
2026-04-28 11:58:26+00:00,0.9995
2026-04-28 11:58:33+00:00,0.9995
2026-04-28 11:59:03+00:00,0.9995
2026-04-28 12:00:07+00:00,0.9995
2026-04-28 12:01:03+00:00,0.9995
2026-04-28 12:02:15+00:00,0.9995
2026-04-28 12:03:03+00:00,0.9995
2026-04-28 12:04:03+00:00,0.9995
2026-04-28 12:05:03+00:00,0.9995
2026-04-28 12:06:03+00:00,0.9995
2026-04-28 12:07:18+00:00,0.9995
2026-04-28 12:08:04+00:00,0.9995
2026-04-28 12:09:04+00:00,0.9995
2026-04-28 12:10:05+00:00,0.9995
2026-04-28 12:11:03+00:00,0.9995
2026-04-28 12:12:15+00:00,0.9995
2026-04-28 12:13:04+00:00,0.9995
2026-04-28 12:14:05+00:00,0.9995
2026-04-28 12:15:05+00:00,0.9995
2026-04-28 12:16:03+00:00,0.9995
2026-04-28 12:17:04+00:00,0.9995
2026-04-28 12:18:04+00:00,0.9995
2026-04-28 12:19:03+00:00,0.9995
2026-04-28 12:20:04+00:00,0.9995
2026-04-28 12:21:03+00:00,0.9995
2026-04-28 12:22:04+00:00,0.9995
2026-04-28 12:23:05+00:00,0.9995
2026-04-28 12:24:17+00:00,0.9995
2026-04-28 12:25:18+00:00,0.9995
2026-04-28 12:26:03+00:00,0.9995
2026-04-28 12:27:03+00:00,0.9995
2026-04-28 12:28:04+00:00,0.9995
2026-04-28 12:29:03+00:00,0.9995
2026-04-28 12:30:08+00:00,0.9995
2026-04-28 12:31:04+00:00,0.9995
2026-04-28 12:32:04+00:00,0.9995
2026-04-28 12:33:04+00:00,0.9995
2026-04-28 12:34:04+00:00,0.9995
2026-04-28 12:35:04+00:00,0.9995
2026-04-28 12:36:04+00:00,0.9995
2026-04-28 12:37:04+00:00,0.9995
2026-04-28 12:38:04+00:00,0.9995
2026-04-28 12:39:05+00:00,0.9995
2026-04-28 12:40:04+00:00,0.9995
2026-04-28 12:41:03+00:00,0.9995
2026-04-28 12:42:15+00:00,0.9995
2026-04-28 12:43:04+00:00,0.9995
2026-04-28 12:44:05+00:00,0.9995
2026-04-28 12:45:04+00:00,0.9995
2026-04-28 12:46:08+00:00,0.9995
2026-04-28 12:47:03+00:00,0.9995
2026-04-28 12:48:19+00:00,0.9995
2026-04-28 12:49:05+00:00,0.9995
2026-04-28 12:50:03+00:00,0.9995
2026-04-28 12:51:03+00:00,0.9995
2026-04-28 12:52:04+00:00,0.9995
2026-04-28 12:53:16+00:00,0.9995
2026-04-28 12:54:16+00:00,0.9995
2026-04-28 12:55:04+00:00,0.9995
2026-04-28 12:56:04+00:00,0.9995
2026-04-28 12:57:03+00:00,0.9995
2026-04-28 12:58:03+00:00,0.9995
2026-04-28 12:59:04+00:00,0.9995
2026-04-28 13:00:05+00:00,0.9995
2026-04-28 13:01:03+00:00,0.9995
2026-04-28 13:02:03+00:00,0.9995
2026-04-28 13:03:15+00:00,0.9995
2026-04-28 13:04:04+00:00,0.9995
2026-04-28 13:05:03+00:00,0.9995
2026-04-28 13:06:15+00:00,0.9995
2026-04-28 13:07:03+00:00,0.9995
2026-04-28 13:08:04+00:00,0.9995
2026-04-28 13:09:04+00:00,0.9995
2026-04-28 13:10:04+00:00,0.9995
2026-04-28 13:11:03+00:00,0.9995
2026-04-28 13:12:03+00:00,0.9995
2026-04-28 13:13:03+00:00,0.9995
2026-04-28 13:14:04+00:00,0.9995
2026-04-28 13:15:03+00:00,0.9995
2026-04-28 13:16:07+00:00,0.9995
2026-04-28 13:17:03+00:00,0.9995
2026-04-28 13:18:04+00:00,0.9995
2026-04-28 13:19:04+00:00,0.9995
2026-04-28 13:20:03+00:00,0.9995
2026-04-28 13:21:03+00:00,0.9995
2026-04-28 13:22:04+00:00,0.9995
2026-04-28 13:23:04+00:00,0.9995
2026-04-28 13:24:04+00:00,0.9995
2026-04-28 13:25:04+00:00,0.9995
2026-04-28 13:26:03+00:00,0.9995
2026-04-28 13:27:03+00:00,0.9995
2026-04-28 13:28:04+00:00,0.9995
2026-04-28 13:29:03+00:00,0.9995
2026-04-28 13:30:07+00:00,0.9995
2026-04-28 13:31:04+00:00,0.9995
2026-04-28 13:32:04+00:00,0.9995
2026-04-28 13:33:03+00:00,0.9995
2026-04-28 13:34:16+00:00,0.9995
2026-04-28 13:35:03+00:00,0.9995
2026-04-28 13:36:04+00:00,0.9995
2026-04-28 13:37:04+00:00,0.9995
2026-04-28 13:38:03+00:00,0.9995
2026-04-28 13:39:05+00:00,0.9995
2026-04-28 13:40:03+00:00,0.9995
2026-04-28 13:41:03+00:00,0.9995
2026-04-28 13:42:03+00:00,0.9995
2026-04-28 13:43:03+00:00,0.9995
2026-04-28 13:44:09+00:00,0.9995
2026-04-28 13:45:04+00:00,0.9995
2026-04-28 13:46:04+00:00,0.9995
2026-04-28 13:47:03+00:00,0.9995
2026-04-28 13:48:03+00:00,0.9995
2026-04-28 13:49:04+00:00,0.9995
2026-04-28 13:50:05+00:00,0.9995
2026-04-28 13:51:03+00:00,0.9995
2026-04-28 13:52:03+00:00,0.9995
2026-04-28 13:53:03+00:00,0.9995
2026-04-28 13:54:04+00:00,0.9995
2026-04-28 13:55:03+00:00,0.9995
2026-04-28 13:56:04+00:00,0.9995
2026-04-28 13:57:03+00:00,0.9995
2026-04-28 13:58:04+00:00,0.9995
2026-04-28 13:59:04+00:00,0.9995
2026-04-28 14:00:06+00:00,0.9995
2026-04-28 14:01:04+00:00,0.9995
2026-04-28 14:02:03+00:00,0.9995
2026-04-28 14:03:03+00:00,0.9995
2026-04-28 14:04:04+00:00,0.9995
2026-04-28 14:05:03+00:00,0.9995
2026-04-28 14:06:03+00:00,0.9995
2026-04-28 14:07:03+00:00,0.9995
2026-04-28 14:08:04+00:00,0.9995
2026-04-28 14:09:04+00:00,0.9995
2026-04-28 14:10:03+00:00,0.9995
2026-04-28 14:11:03+00:00,0.9995
2026-04-28 14:12:16+00:00,0.9995
2026-04-28 14:13:03+00:00,0.9995
2026-04-28 14:14:05+00:00,0.9995
2026-04-28 14:15:04+00:00,0.9995
2026-04-28 14:16:05+00:00,0.9995
2026-04-28 14:17:03+00:00,0.9995
2026-04-28 14:18:03+00:00,0.9995
2026-04-28 14:19:04+00:00,0.9995
2026-04-28 14:20:05+00:00,0.9995
2026-04-28 14:21:19+00:00,0.9995
2026-04-28 14:22:04+00:00,0.9995
2026-04-28 14:23:04+00:00,0.9995
2026-04-28 14:24:04+00:00,0.9995
2026-04-28 14:25:04+00:00,0.9995
2026-04-28 14:26:04+00:00,0.9995
2026-04-28 14:27:03+00:00,0.9995
2026-04-28 14:28:04+00:00,0.9995
2026-04-28 14:29:04+00:00,0.9995
2026-04-28 14:30:04+00:00,0.9995
2026-04-28 14:31:03+00:00,0.9995
2026-04-28 14:32:04+00:00,0.9995
2026-04-28 14:33:03+00:00,0.9995
2026-04-28 14:34:04+00:00,0.9995
2026-04-28 14:35:03+00:00,0.9995
2026-04-28 14:36:03+00:00,0.9995
2026-04-28 14:37:03+00:00,0.9995
2026-04-28 14:38:05+00:00,0.9995
2026-04-28 14:39:04+00:00,0.9995
2026-04-28 14:40:08+00:00,0.9995
2026-04-28 14:41:16+00:00,0.9995
2026-04-28 14:42:04+00:00,0.9995
2026-04-28 14:43:04+00:00,0.9995
2026-04-28 14:44:04+00:00,0.9995
2026-04-28 14:45:05+00:00,0.9995
2026-04-28 14:46:04+00:00,0.9995
2026-04-28 14:47:04+00:00,0.9995
2026-04-28 14:48:03+00:00,0.9995
2026-04-28 14:49:04+00:00,0.9995
2026-04-28 14:50:03+00:00,0.9995
2026-04-28 14:51:03+00:00,0.9995
2026-04-28 14:52:03+00:00,0.9995
2026-04-28 14:53:04+00:00,0.9995
2026-04-28 14:54:04+00:00,0.9995
2026-04-28 14:55:03+00:00,0.9995
2026-04-28 14:56:04+00:00,0.9995
2026-04-28 14:57:04+00:00,0.9995
2026-04-28 14:58:04+00:00,0.9995
2026-04-28 14:59:04+00:00,0.9995
2026-04-28 15:00:08+00:00,0.9995
2026-04-28 15:01:05+00:00,0.9995
2026-04-28 15:02:03+00:00,0.9995
2026-04-28 15:03:03+00:00,0.9995
2026-04-28 15:04:07+00:00,0.9995
2026-04-28 15:05:05+00:00,0.9995
2026-04-28 15:06:03+00:00,0.9995
2026-04-28 15:07:04+00:00,0.9995
2026-04-28 15:08:03+00:00,0.9995
2026-04-28 15:09:04+00:00,0.9995
2026-04-28 15:10:03+00:00,0.9995
2026-04-28 15:11:18+00:00,0.9995
2026-04-28 15:12:19+00:00,0.9995
2026-04-28 15:13:18+00:00,0.9995
2026-04-28 15:14:04+00:00,0.9995
2026-04-28 15:15:04+00:00,0.9995
2026-04-28 15:16:03+00:00,0.9995
2026-04-28 15:17:04+00:00,0.9995
2026-04-28 15:18:04+00:00,0.9995
2026-04-28 15:19:03+00:00,0.9995
2026-04-28 15:20:04+00:00,0.9995
2026-04-28 15:21:03+00:00,0.9995
2026-04-28 15:22:17+00:00,0.9995
2026-04-28 15:23:03+00:00,0.9995
2026-04-28 15:24:05+00:00,0.9995
2026-04-28 15:25:04+00:00,0.9995
2026-04-28 15:26:03+00:00,0.9995
2026-04-28 15:27:16+00:00,0.9995
2026-04-28 15:28:04+00:00,0.9995
2026-04-28 15:29:04+00:00,0.9995
2026-04-28 15:30:06+00:00,0.9995
2026-04-28 15:31:03+00:00,0.9995
2026-04-28 15:32:03+00:00,0.9995
2026-04-28 15:33:03+00:00,0.9995
2026-04-28 15:34:04+00:00,0.9995
2026-04-28 15:35:04+00:00,0.9995
2026-04-28 15:36:03+00:00,0.9995
2026-04-28 15:37:04+00:00,0.9995
2026-04-28 15:38:04+00:00,0.9995
2026-04-28 15:39:04+00:00,0.9995
2026-04-28 15:40:03+00:00,0.9995
2026-04-28 15:41:03+00:00,0.9995
2026-04-28 15:42:04+00:00,0.9995
2026-04-28 15:43:04+00:00,0.9995
2026-04-28 15:44:04+00:00,0.9995
2026-04-28 15:45:03+00:00,0.9995
2026-04-28 15:47:01+00:00,0.9995
2026-04-28 15:47:07+00:00,0.9995
2026-04-28 15:48:04+00:00,0.9995
2026-04-28 15:49:04+00:00,0.9995
2026-04-28 15:50:03+00:00,0.9995
2026-04-28 15:51:03+00:00,0.9995
2026-04-28 15:52:03+00:00,0.9995
2026-04-28 15:53:03+00:00,0.9995
2026-04-28 15:54:03+00:00,0.9995
2026-04-28 15:55:04+00:00,0.9995
2026-04-28 15:56:05+00:00,0.9995
2026-04-28 15:57:04+00:00,0.9995
2026-04-28 15:58:04+00:00,0.9995
2026-04-28 15:59:04+00:00,0.9995
2026-04-28 16:00:05+00:00,0.9995
2026-04-28 16:01:03+00:00,0.9995
2026-04-28 16:02:04+00:00,0.9995
2026-04-28 16:03:04+00:00,0.9995
2026-04-28 16:04:04+00:00,0.9995
2026-04-28 16:05:03+00:00,0.9995
2026-04-28 16:06:03+00:00,0.9995
2026-04-28 16:07:03+00:00,0.9995
2026-04-28 16:08:03+00:00,0.9995
2026-04-28 16:09:04+00:00,0.9995
2026-04-28 16:10:04+00:00,0.9995
2026-04-28 16:11:04+00:00,0.9995
2026-04-28 16:12:03+00:00,0.9995
2026-04-28 16:13:04+00:00,0.9995
2026-04-28 16:14:04+00:00,0.9995
2026-04-28 16:15:03+00:00,0.9995
2026-04-28 16:16:03+00:00,0.9995
2026-04-28 16:17:18+00:00,0.9995
2026-04-28 16:18:03+00:00,0.9995
2026-04-28 16:19:03+00:00,0.9995
2026-04-28 16:20:04+00:00,0.9995
2026-04-28 16:21:03+00:00,0.9995
2026-04-28 16:22:04+00:00,0.9995
2026-04-28 16:23:04+00:00,0.9995
2026-04-28 16:24:04+00:00,0.9995
2026-04-28 16:25:04+00:00,0.9995
2026-04-28 16:26:03+00:00,0.9995
2026-04-28 16:27:03+00:00,0.9995
2026-04-28 16:28:04+00:00,0.9995
2026-04-28 16:29:17+00:00,0.9995
2026-04-28 16:30:04+00:00,0.9995
2026-04-28 16:31:03+00:00,0.9995
2026-04-28 16:32:04+00:00,0.9995
2026-04-28 16:33:15+00:00,0.9995
2026-04-28 16:34:03+00:00,0.9995
2026-04-28 16:35:04+00:00,0.9995
2026-04-28 16:36:03+00:00,0.9995
2026-04-28 16:37:03+00:00,0.9995
2026-04-28 16:38:04+00:00,0.9995
2026-04-28 16:39:04+00:00,0.9995
2026-04-28 16:40:04+00:00,0.9995
2026-04-28 16:41:03+00:00,0.9995
2026-04-28 16:42:19+00:00,0.9995
2026-04-28 16:43:04+00:00,0.9995
2026-04-28 16:44:18+00:00,0.9995
2026-04-28 16:45:03+00:00,0.9995
2026-04-28 16:46:03+00:00,0.9995
2026-04-28 16:47:03+00:00,0.9995
2026-04-28 16:48:04+00:00,0.9995
2026-04-28 16:49:04+00:00,0.9995
2026-04-28 16:50:03+00:00,0.9995
2026-04-28 16:51:04+00:00,0.9995
2026-04-28 16:52:03+00:00,0.9995
2026-04-28 16:53:03+00:00,0.9995
2026-04-28 16:54:04+00:00,0.9995
2026-04-28 16:55:03+00:00,0.9995
2026-04-28 16:56:03+00:00,0.9995
2026-04-28 16:57:03+00:00,0.9995
2026-04-28 16:58:05+00:00,0.9995
2026-04-28 16:59:03+00:00,0.9995
2026-04-28 17:00:05+00:00,0.9995
2026-04-28 17:01:03+00:00,0.9995
2026-04-28 17:02:03+00:00,0.9995
2026-04-28 17:03:03+00:00,0.9995
2026-04-28 17:04:04+00:00,0.9995
2026-04-28 17:05:03+00:00,0.9995
2026-04-28 17:06:04+00:00,0.9995
2026-04-28 17:07:03+00:00,0.9995
2026-04-28 17:08:04+00:00,0.9995
2026-04-28 17:09:04+00:00,0.9995
2026-04-28 17:10:03+00:00,0.9995
2026-04-28 17:11:03+00:00,0.9995
2026-04-28 17:12:03+00:00,0.9995
2026-04-28 17:13:03+00:00,0.9995
2026-04-28 17:14:04+00:00,0.9995
2026-04-28 17:15:04+00:00,0.9995
2026-04-28 17:16:04+00:00,0.9995
2026-04-28 17:17:05+00:00,0.9995
2026-04-28 17:18:04+00:00,0.9995
2026-04-28 17:19:03+00:00,0.9995
2026-04-28 17:20:05+00:00,0.9995
2026-04-28 17:21:05+00:00,0.9995
2026-04-28 17:22:04+00:00,0.9995
2026-04-28 17:23:04+00:00,0.9995
2026-04-28 17:24:04+00:00,0.9995
2026-04-28 17:25:05+00:00,0.9995
2026-04-28 17:26:05+00:00,0.9995
2026-04-28 17:27:04+00:00,0.9995
2026-04-28 17:28:04+00:00,0.9995
2026-04-28 17:29:04+00:00,0.9995
2026-04-28 17:30:08+00:00,0.9995
2026-04-28 17:31:05+00:00,0.9995
2026-04-28 17:32:04+00:00,0.9995
2026-04-28 17:33:04+00:00,0.9995
2026-04-28 17:34:05+00:00,0.9995
2026-04-28 17:35:05+00:00,0.9995
2026-04-28 17:36:04+00:00,0.9995
2026-04-28 17:37:20+00:00,0.9995
2026-04-28 17:38:05+00:00,0.9995
2026-04-28 17:39:04+00:00,0.9995
2026-04-28 17:40:06+00:00,0.9995
2026-04-28 17:41:04+00:00,0.9995
2026-04-28 17:42:04+00:00,0.9995
2026-04-28 17:43:05+00:00,0.9995
2026-04-28 17:44:04+00:00,0.9995
2026-04-28 17:45:04+00:00,0.9995
2026-04-28 17:46:05+00:00,0.9995
2026-04-28 17:47:04+00:00,0.9995
2026-04-28 17:48:04+00:00,0.9995
2026-04-28 17:49:04+00:00,0.9995
2026-04-28 17:50:16+00:00,0.9995
2026-04-28 17:51:04+00:00,0.9995
2026-04-28 17:52:05+00:00,0.9995
2026-04-28 17:53:05+00:00,0.9995
2026-04-28 17:54:04+00:00,0.9995
2026-04-28 17:55:04+00:00,0.9995
2026-04-28 17:56:18+00:00,0.9995
2026-04-28 17:57:04+00:00,0.9995
2026-04-28 17:58:04+00:00,0.9995
2026-04-28 17:59:04+00:00,0.9995
2026-04-28 18:00:08+00:00,0.9995
2026-04-28 18:01:04+00:00,0.9995
2026-04-28 18:02:04+00:00,0.9995
2026-04-28 18:03:05+00:00,0.9995
2026-04-28 18:04:04+00:00,0.9995
2026-04-28 18:05:05+00:00,0.9995
2026-04-28 18:06:04+00:00,0.9995
2026-04-28 18:07:04+00:00,0.9995
2026-04-28 18:08:04+00:00,0.9995
2026-04-28 18:09:05+00:00,0.9995
2026-04-28 18:10:05+00:00,0.9995
2026-04-28 18:11:16+00:00,0.9995
2026-04-28 18:12:04+00:00,0.9995
2026-04-28 18:13:04+00:00,0.9995
2026-04-28 18:14:04+00:00,0.9995
2026-04-28 18:15:04+00:00,0.9995
2026-04-28 18:16:04+00:00,0.9995
2026-04-28 18:17:06+00:00,0.9995
2026-04-28 18:18:04+00:00,0.9995
2026-04-28 18:19:04+00:00,0.9995
2026-04-28 18:20:05+00:00,0.9995
2026-04-28 18:21:04+00:00,0.9995
2026-04-28 18:22:04+00:00,0.9995
2026-04-28 18:23:04+00:00,0.9995
2026-04-28 18:24:20+00:00,0.9995
2026-04-28 18:25:05+00:00,0.9995
2026-04-28 18:26:05+00:00,0.9995
2026-04-28 18:27:05+00:00,0.9995
2026-04-28 18:28:04+00:00,0.9995
2026-04-28 18:29:18+00:00,0.9995
2026-04-28 18:30:05+00:00,0.9995
2026-04-28 18:31:04+00:00,0.9995
2026-04-28 18:32:04+00:00,0.9995
2026-04-28 18:33:04+00:00,0.9995
2026-04-28 18:34:04+00:00,0.9995
2026-04-28 18:35:04+00:00,0.9995
2026-04-28 18:36:04+00:00,0.9995
2026-04-28 18:37:04+00:00,0.9995
2026-04-28 18:38:04+00:00,0.9995
2026-04-28 18:39:04+00:00,0.9995
2026-04-28 18:40:05+00:00,0.9995
2026-04-28 18:41:04+00:00,0.9995
2026-04-28 18:42:04+00:00,0.9995
2026-04-28 18:43:06+00:00,0.9995
2026-04-28 18:44:04+00:00,0.9995
2026-04-28 18:45:15+00:00,0.9995
2026-04-28 18:46:04+00:00,0.9995
2026-04-28 18:47:16+00:00,0.9995
2026-04-28 18:48:04+00:00,0.9995
2026-04-28 18:49:04+00:00,0.9995
2026-04-28 18:50:05+00:00,0.9995
2026-04-28 18:51:05+00:00,0.9995
2026-04-28 18:52:04+00:00,0.9995
2026-04-28 18:53:04+00:00,0.9995
2026-04-28 18:54:04+00:00,0.9995
2026-04-28 18:55:04+00:00,0.9995
2026-04-28 18:56:04+00:00,0.9995
2026-04-28 18:57:04+00:00,0.9995
2026-04-28 18:58:04+00:00,0.9995
2026-04-28 18:59:05+00:00,0.9995
2026-04-28 19:00:06+00:00,0.9995
2026-04-28 19:01:04+00:00,0.9995
2026-04-28 19:02:04+00:00,0.9995
2026-04-28 19:03:04+00:00,0.9995
2026-04-28 19:04:04+00:00,0.9995
2026-04-28 19:05:04+00:00,0.9995
2026-04-28 19:06:05+00:00,0.9995
2026-04-28 19:07:04+00:00,0.9995
2026-04-28 19:08:05+00:00,0.9995
2026-04-28 19:09:04+00:00,0.9995
2026-04-28 19:10:05+00:00,0.9995
2026-04-28 19:11:04+00:00,0.9995
2026-04-28 19:12:04+00:00,0.9995
2026-04-28 19:13:04+00:00,0.9995
2026-04-28 19:14:04+00:00,0.9995
2026-04-28 19:15:05+00:00,0.9995
2026-04-28 19:16:04+00:00,0.9995
2026-04-28 19:17:04+00:00,0.9995
2026-04-28 19:18:05+00:00,0.9995
2026-04-28 19:19:04+00:00,0.9995
2026-04-28 19:20:05+00:00,0.9995
2026-04-28 19:21:04+00:00,0.9995
2026-04-28 19:22:04+00:00,0.9995
2026-04-28 19:23:18+00:00,0.9995
2026-04-28 19:24:05+00:00,0.9995
2026-04-28 19:25:04+00:00,0.9995
2026-04-28 19:26:04+00:00,0.9995
2026-04-28 19:27:04+00:00,0.9995
2026-04-28 19:28:04+00:00,0.9995
2026-04-28 19:29:04+00:00,0.9995
2026-04-28 19:30:06+00:00,0.9995
2026-04-28 19:31:04+00:00,0.9995
2026-04-28 19:32:05+00:00,0.9995
2026-04-28 19:33:04+00:00,0.9995
2026-04-28 19:34:05+00:00,0.9995
2026-04-28 19:35:05+00:00,0.9995
2026-04-28 19:36:05+00:00,0.9995
2026-04-28 19:37:04+00:00,0.9995
2026-04-28 19:38:04+00:00,0.9995
2026-04-28 19:39:19+00:00,0.9995
2026-04-28 19:40:05+00:00,0.9995
2026-04-28 19:41:04+00:00,0.9995
2026-04-28 19:42:05+00:00,0.9995
2026-04-28 19:43:04+00:00,0.9995
2026-04-28 19:44:04+00:00,0.9995
2026-04-28 19:45:05+00:00,0.9995
2026-04-28 19:46:04+00:00,0.9995
2026-04-28 19:47:04+00:00,0.9995
2026-04-28 19:48:04+00:00,0.9995
2026-04-28 19:49:05+00:00,0.9995
2026-04-28 19:50:05+00:00,0.9995
2026-04-28 19:51:06+00:00,0.9995
2026-04-28 19:52:04+00:00,0.9995
2026-04-28 19:53:19+00:00,0.9995
2026-04-28 19:54:04+00:00,0.9995
2026-04-28 19:55:05+00:00,0.9995
2026-04-28 19:56:04+00:00,0.9995
2026-04-28 19:57:05+00:00,0.9995
2026-04-28 19:58:04+00:00,0.9995
2026-04-28 19:59:04+00:00,0.9995
2026-04-28 20:00:19+00:00,0.9995
2026-04-28 20:01:04+00:00,0.9995
2026-04-28 20:02:04+00:00,0.9995
2026-04-28 20:03:15+00:00,0.9995
2026-04-28 20:04:04+00:00,0.9995
2026-04-28 20:05:20+00:00,0.9995
2026-04-28 20:06:04+00:00,0.9995
2026-04-28 20:07:05+00:00,0.9995
2026-04-28 20:08:04+00:00,0.9995
2026-04-28 20:09:04+00:00,0.9995
2026-04-28 20:10:04+00:00,0.9995
2026-04-28 20:11:04+00:00,0.9995
2026-04-28 20:12:04+00:00,0.9995
2026-04-28 20:13:04+00:00,0.9995
2026-04-28 20:14:04+00:00,0.9995
2026-04-28 20:15:06+00:00,0.9995
2026-04-28 20:16:05+00:00,0.9995
2026-04-28 20:17:05+00:00,0.9995
2026-04-28 20:18:19+00:00,0.9995
2026-04-28 20:19:04+00:00,0.9995
2026-04-28 20:20:18+00:00,0.9995
2026-04-28 20:21:04+00:00,0.9995
2026-04-28 20:22:05+00:00,0.9995
2026-04-28 20:23:04+00:00,0.9995
2026-04-28 20:24:04+00:00,0.9995
2026-04-28 20:25:04+00:00,0.9995
2026-04-28 20:26:05+00:00,0.9995
2026-04-28 20:27:05+00:00,0.9995
2026-04-28 20:28:04+00:00,0.9995
2026-04-28 20:29:04+00:00,0.9995
2026-04-28 20:30:06+00:00,0.9995
2026-04-28 20:31:04+00:00,0.9995
2026-04-28 20:32:04+00:00,0.9995
2026-04-28 20:33:04+00:00,0.9995
2026-04-28 20:34:16+00:00,0.9995
2026-04-28 20:35:04+00:00,0.9995
2026-04-28 20:36:05+00:00,0.9995
2026-04-28 20:37:04+00:00,0.9995
2026-04-28 20:38:04+00:00,0.9995
2026-04-28 20:39:04+00:00,0.9995
2026-04-28 20:40:04+00:00,0.9995
2026-04-28 20:41:05+00:00,0.9995
2026-04-28 20:42:05+00:00,0.9995
2026-04-28 20:43:14+00:00,0.9995
2026-04-28 20:44:04+00:00,0.9995
2026-04-28 20:45:05+00:00,0.9995
2026-04-28 20:46:04+00:00,0.9995
2026-04-28 20:47:05+00:00,0.9995
2026-04-28 20:48:04+00:00,0.9995
2026-04-28 20:49:04+00:00,0.9995
2026-04-28 20:50:05+00:00,0.9995
2026-04-28 20:51:03+00:00,0.9995
2026-04-28 20:52:03+00:00,0.9995
2026-04-28 20:53:03+00:00,0.9995
2026-04-28 20:54:04+00:00,0.9995
2026-04-28 20:55:03+00:00,0.9995
2026-04-28 20:56:03+00:00,0.9995
2026-04-28 20:57:04+00:00,0.9995
2026-04-28 20:58:04+00:00,0.9995
2026-04-28 20:59:04+00:00,0.9995
2026-04-28 21:00:06+00:00,0.9995
2026-04-28 21:01:04+00:00,0.9995
2026-04-28 21:02:04+00:00,0.9995
2026-04-28 21:03:04+00:00,0.9995
2026-04-28 21:04:04+00:00,0.9995
2026-04-28 21:05:04+00:00,0.9995
2026-04-28 21:06:03+00:00,0.9995
2026-04-28 21:07:04+00:00,0.9995
2026-04-28 21:08:04+00:00,0.9995
2026-04-28 21:09:19+00:00,0.9995
2026-04-28 21:10:17+00:00,0.9995
2026-04-28 21:11:03+00:00,0.9995
2026-04-28 21:12:04+00:00,0.9995
2026-04-28 21:13:06+00:00,0.9995
2026-04-28 21:14:04+00:00,0.9995
2026-04-28 21:15:05+00:00,0.9995
2026-04-28 21:16:17+00:00,0.9995
2026-04-28 21:17:04+00:00,0.9995
2026-04-28 21:18:04+00:00,0.9995
2026-04-28 21:19:05+00:00,0.9995
2026-04-28 21:20:03+00:00,0.9995
2026-04-28 21:21:03+00:00,0.9995
2026-04-28 21:22:13+00:00,0.9995
2026-04-28 21:23:03+00:00,0.9995
2026-04-28 21:24:04+00:00,0.9995
2026-04-28 21:25:03+00:00,0.9995
2026-04-28 21:26:05+00:00,0.9995
2026-04-28 21:27:03+00:00,0.9995
2026-04-28 21:28:03+00:00,0.9995
2026-04-28 21:29:04+00:00,0.9995
2026-04-28 21:30:04+00:00,0.9995
2026-04-28 21:31:03+00:00,0.9995
2026-04-28 21:32:03+00:00,0.9995
2026-04-28 21:33:03+00:00,0.9995
2026-04-28 21:34:04+00:00,0.9995
2026-04-28 21:35:03+00:00,0.9995
2026-04-28 21:36:03+00:00,0.9995
2026-04-28 21:37:04+00:00,0.9995
2026-04-28 21:38:04+00:00,0.9995
2026-04-28 21:39:06+00:00,0.9995
2026-04-28 21:40:06+00:00,0.9995
2026-04-28 21:41:04+00:00,0.9995
2026-04-28 21:42:16+00:00,0.9995
2026-04-28 21:43:04+00:00,0.9995
2026-04-28 21:44:05+00:00,0.9995
2026-04-28 21:45:06+00:00,0.9995
2026-04-28 21:46:03+00:00,0.9995
2026-04-28 21:47:05+00:00,0.9995
2026-04-28 21:48:03+00:00,0.9995
2026-04-28 21:49:04+00:00,0.9995
2026-04-28 21:50:04+00:00,0.9995
2026-04-28 21:51:03+00:00,0.9995
2026-04-28 21:52:03+00:00,0.9995
2026-04-28 21:53:04+00:00,0.9995
2026-04-28 21:54:04+00:00,0.9995
2026-04-28 21:55:04+00:00,0.9995
2026-04-28 21:56:04+00:00,0.9995
2026-04-28 21:57:04+00:00,0.9995
2026-04-28 21:58:06+00:00,0.9995
2026-04-28 21:59:05+00:00,0.9995
2026-04-28 22:00:19+00:00,0.9995
2026-04-28 22:01:05+00:00,0.9995
2026-04-28 22:02:04+00:00,0.9995
2026-04-28 22:03:05+00:00,0.9995
2026-04-28 22:04:04+00:00,0.9995
2026-04-28 22:05:07+00:00,0.9995
2026-04-28 22:06:03+00:00,0.9995
2026-04-28 22:07:04+00:00,0.9995
2026-04-28 22:08:05+00:00,0.9995
2026-04-28 22:09:04+00:00,0.9995
2026-04-28 22:10:05+00:00,0.9995
2026-04-28 22:11:03+00:00,0.9995
2026-04-28 22:12:04+00:00,0.9995
2026-04-28 22:13:04+00:00,0.9995
2026-04-28 22:14:04+00:00,0.9995
2026-04-28 22:15:04+00:00,0.9995
2026-04-28 22:16:04+00:00,0.9995
2026-04-28 22:17:18+00:00,0.9995
2026-04-28 22:18:04+00:00,0.9995
2026-04-28 22:19:04+00:00,0.9995
2026-04-28 22:20:04+00:00,0.9995
2026-04-28 22:21:03+00:00,0.9995
2026-04-28 22:22:04+00:00,0.9995
2026-04-28 22:23:04+00:00,0.9995
2026-04-28 22:24:04+00:00,0.9995
2026-04-28 22:25:04+00:00,0.9995
2026-04-28 22:26:04+00:00,0.9995
2026-04-28 22:27:05+00:00,0.9995
2026-04-28 22:28:04+00:00,0.9995
2026-04-28 22:29:05+00:00,0.9995
2026-04-28 22:30:05+00:00,0.9995
2026-04-28 22:31:04+00:00,0.9995
2026-04-28 22:32:04+00:00,0.9995
2026-04-28 22:33:03+00:00,0.9995
2026-04-28 22:34:04+00:00,0.9995
2026-04-28 22:35:06+00:00,0.9995
2026-04-28 22:36:04+00:00,0.9995
2026-04-28 22:37:04+00:00,0.9995
2026-04-28 22:38:04+00:00,0.9995
2026-04-28 22:39:15+00:00,0.9995
2026-04-28 22:40:04+00:00,0.9995
2026-04-28 22:41:04+00:00,0.9995
2026-04-28 22:42:17+00:00,0.9995
2026-04-28 22:43:03+00:00,0.9995
2026-04-28 22:44:04+00:00,0.9995
2026-04-28 22:45:05+00:00,0.9995
2026-04-28 22:46:04+00:00,0.9995
2026-04-28 22:47:03+00:00,0.9995
2026-04-28 22:48:04+00:00,0.9995
2026-04-28 22:49:04+00:00,0.9995
2026-04-28 22:50:04+00:00,0.9995
2026-04-28 22:51:04+00:00,0.9995
2026-04-28 22:52:04+00:00,0.9995
2026-04-28 22:53:04+00:00,0.9995
2026-04-28 22:54:04+00:00,0.9995
2026-04-28 22:55:04+00:00,0.9995
2026-04-28 22:56:04+00:00,0.9995
2026-04-28 22:57:15+00:00,0.9995
2026-04-28 22:58:04+00:00,0.9995
2026-04-28 22:59:04+00:00,0.9995
2026-04-28 23:00:08+00:00,0.9995
2026-04-28 23:01:04+00:00,0.9995
2026-04-28 23:02:04+00:00,0.9995
2026-04-28 23:03:04+00:00,0.9995
2026-04-28 23:04:05+00:00,0.9995
2026-04-28 23:05:07+00:00,0.9995
2026-04-28 23:06:04+00:00,0.9995
2026-04-28 23:07:04+00:00,0.9995
2026-04-28 23:08:03+00:00,0.9995
2026-04-28 23:09:04+00:00,0.9995
2026-04-28 23:10:13+00:00,0.9995
2026-04-28 23:11:03+00:00,0.9995
2026-04-28 23:12:04+00:00,0.9995
2026-04-28 23:13:04+00:00,0.9995
2026-04-28 23:14:15+00:00,0.9995
2026-04-28 23:15:07+00:00,0.9995
2026-04-28 23:16:17+00:00,0.9995
2026-04-28 23:17:04+00:00,0.9995
2026-04-28 23:18:04+00:00,0.9995
2026-04-28 23:19:04+00:00,0.9995
2026-04-28 23:20:05+00:00,0.9995
2026-04-28 23:21:04+00:00,0.9995
2026-04-28 23:22:04+00:00,0.9995
2026-04-28 23:23:04+00:00,0.9995
2026-04-28 23:24:04+00:00,0.9995
2026-04-28 23:25:04+00:00,0.9995
2026-04-28 23:26:04+00:00,0.9995
2026-04-28 23:27:03+00:00,0.9995
2026-04-28 23:28:17+00:00,0.9995
2026-04-28 23:29:03+00:00,0.9995
2026-04-28 23:30:06+00:00,0.9995
2026-04-28 23:31:03+00:00,0.9995
2026-04-28 23:32:04+00:00,0.9995
2026-04-28 23:33:04+00:00,0.9995
2026-04-28 23:34:04+00:00,0.9995
2026-04-28 23:35:06+00:00,0.9995
2026-04-28 23:36:03+00:00,0.9995
2026-04-28 23:37:05+00:00,0.9995
2026-04-28 23:38:03+00:00,0.9995
2026-04-28 23:39:04+00:00,0.9995
2026-04-28 23:40:04+00:00,0.9995
2026-04-28 23:41:03+00:00,0.9995
2026-04-28 23:42:03+00:00,0.9995
2026-04-28 23:43:03+00:00,0.9995
2026-04-28 23:44:04+00:00,0.9995
2026-04-28 23:45:05+00:00,0.9995
2026-04-28 23:46:03+00:00,0.9995
2026-04-28 23:47:03+00:00,0.9995
2026-04-28 23:48:04+00:00,0.9995
2026-04-28 23:49:04+00:00,0.9995
2026-04-28 23:50:04+00:00,0.9995
2026-04-28 23:51:03+00:00,0.9995
2026-04-28 23:52:04+00:00,0.9995
2026-04-28 23:53:04+00:00,0.9995
2026-04-28 23:54:05+00:00,0.9995
2026-04-28 23:55:19+00:00,0.9995
2026-04-28 23:56:16+00:00,0.9995
2026-04-28 23:57:04+00:00,0.9995
2026-04-28 23:58:04+00:00,0.9995
2026-04-28 23:59:04+00:00,0.9995
2026-04-29 00:00:07+00:00,0.9995
2026-04-29 00:01:03+00:00,0.9995
2026-04-29 00:02:04+00:00,0.9995
2026-04-29 00:03:04+00:00,0.9995
2026-04-29 00:04:04+00:00,0.9995
2026-04-29 00:05:04+00:00,0.9995
2026-04-29 00:06:04+00:00,0.9995
2026-04-29 00:07:05+00:00,0.9995
2026-04-29 00:08:20+00:00,0.9995
2026-04-29 00:09:05+00:00,0.9995
2026-04-29 00:10:20+00:00,0.9995
2026-04-29 00:11:05+00:00,0.9995
2026-04-29 00:12:03+00:00,0.9995
2026-04-29 00:13:04+00:00,0.9995
2026-04-29 00:14:04+00:00,0.9995
2026-04-29 00:15:04+00:00,0.9995
2026-04-29 00:16:04+00:00,0.9995
2026-04-29 00:17:03+00:00,0.9995
2026-04-29 00:18:03+00:00,0.9995
2026-04-29 00:19:04+00:00,0.9995
2026-04-29 00:20:03+00:00,0.9995
2026-04-29 00:21:03+00:00,0.9995
2026-04-29 00:22:03+00:00,0.9995
2026-04-29 00:23:04+00:00,0.9995
2026-04-29 00:24:04+00:00,0.9995
2026-04-29 00:25:04+00:00,0.9995
2026-04-29 00:26:03+00:00,0.9995
2026-04-29 00:27:04+00:00,0.9995
2026-04-29 00:28:03+00:00,0.9995
2026-04-29 00:29:05+00:00,0.9995
2026-04-29 00:30:04+00:00,0.9995
2026-04-29 00:31:03+00:00,0.9995
2026-04-29 00:32:04+00:00,0.9995
2026-04-29 00:33:03+00:00,0.9995
2026-04-29 00:34:04+00:00,0.9995
2026-04-29 00:35:04+00:00,0.9995
2026-04-29 00:36:03+00:00,0.9995
2026-04-29 00:37:03+00:00,0.9995
2026-04-29 00:38:03+00:00,0.9995
2026-04-29 00:39:04+00:00,0.9995
2026-04-29 00:40:04+00:00,0.9995
2026-04-29 00:41:04+00:00,0.9995
2026-04-29 00:42:03+00:00,0.9995
2026-04-29 00:43:04+00:00,0.9995
2026-04-29 00:44:04+00:00,0.9995
2026-04-29 00:45:03+00:00,0.9995
2026-04-29 00:46:03+00:00,0.9995
2026-04-29 00:47:03+00:00,0.9995
2026-04-29 00:48:04+00:00,0.9995
2026-04-29 00:49:04+00:00,0.9995
2026-04-29 00:50:04+00:00,0.9995
2026-04-29 00:51:03+00:00,0.9995
2026-04-29 00:52:04+00:00,0.9995
2026-04-29 00:53:04+00:00,0.9995
2026-04-29 00:54:04+00:00,0.9995
2026-04-29 00:55:04+00:00,0.9995
2026-04-29 00:56:04+00:00,0.9995
2026-04-29 00:57:04+00:00,0.9995
2026-04-29 00:58:04+00:00,0.9995
2026-04-29 00:59:04+00:00,0.9995
2026-04-29 01:00:05+00:00,0.9995
2026-04-29 01:01:04+00:00,0.9995
2026-04-29 01:02:03+00:00,0.9995
2026-04-29 01:03:04+00:00,0.9995
2026-04-29 01:04:04+00:00,0.9995
2026-04-29 01:05:03+00:00,0.9995
2026-04-29 01:06:16+00:00,0.9995
2026-04-29 01:07:04+00:00,0.9995
2026-04-29 01:08:04+00:00,0.9995
2026-04-29 01:09:04+00:00,0.9995
2026-04-29 01:10:03+00:00,0.9995
2026-04-29 01:11:04+00:00,0.9995
2026-04-29 01:12:03+00:00,0.9995
2026-04-29 01:13:03+00:00,0.9995
2026-04-29 01:14:20+00:00,0.9995
2026-04-29 01:15:04+00:00,0.9995
2026-04-29 01:16:03+00:00,0.9995
2026-04-29 01:17:04+00:00,0.9995
2026-04-29 01:18:04+00:00,0.9995
2026-04-29 01:19:04+00:00,0.9995
2026-04-29 01:20:03+00:00,0.9995
2026-04-29 01:21:04+00:00,0.9995
2026-04-29 01:22:04+00:00,0.9995
2026-04-29 01:23:04+00:00,0.9995
2026-04-29 01:24:05+00:00,0.9995
2026-04-29 01:25:14+00:00,0.9995
2026-04-29 01:26:03+00:00,0.9995
2026-04-29 01:27:04+00:00,0.9995
2026-04-29 01:28:04+00:00,0.9995
2026-04-29 01:29:04+00:00,0.9995
2026-04-29 01:30:04+00:00,0.9995
2026-04-29 01:31:04+00:00,0.9995
2026-04-29 01:32:04+00:00,0.9995
2026-04-29 01:33:04+00:00,0.9995
2026-04-29 01:34:04+00:00,0.9995
2026-04-29 01:35:04+00:00,0.9995
2026-04-29 01:36:04+00:00,0.9995
2026-04-29 01:37:04+00:00,0.9995
2026-04-29 01:38:04+00:00,0.9995
2026-04-29 01:39:04+00:00,0.9995
2026-04-29 01:40:06+00:00,0.9995
2026-04-29 01:41:04+00:00,0.9995
2026-04-29 01:42:03+00:00,0.9995
2026-04-29 01:43:04+00:00,0.9995
2026-04-29 01:44:04+00:00,0.9995
2026-04-29 01:45:03+00:00,0.9995
2026-04-29 01:46:19+00:00,0.9995
2026-04-29 01:47:04+00:00,0.9995
2026-04-29 01:48:04+00:00,0.9995
2026-04-29 01:49:04+00:00,0.9995
2026-04-29 01:50:04+00:00,0.9995
2026-04-29 01:51:05+00:00,0.9995
2026-04-29 01:52:04+00:00,0.9995
2026-04-29 01:53:04+00:00,0.9995
2026-04-29 01:54:04+00:00,0.9995
2026-04-29 01:55:03+00:00,0.9995
2026-04-29 01:56:03+00:00,0.9995
2026-04-29 01:57:04+00:00,0.9995
2026-04-29 01:58:04+00:00,0.9995
2026-04-29 01:59:04+00:00,0.9995
2026-04-29 02:00:05+00:00,0.9995
2026-04-29 02:01:04+00:00,0.9995
2026-04-29 02:02:03+00:00,0.9995
2026-04-29 02:03:04+00:00,0.9995
2026-04-29 02:04:04+00:00,0.9995
2026-04-29 02:05:03+00:00,0.9995
2026-04-29 02:06:04+00:00,0.9995
2026-04-29 02:07:04+00:00,0.9995
2026-04-29 02:08:04+00:00,0.9995
2026-04-29 02:09:18+00:00,0.9995
2026-04-29 02:10:04+00:00,0.9995
2026-04-29 02:11:04+00:00,0.9995
2026-04-29 02:12:03+00:00,0.9995
2026-04-29 02:13:04+00:00,0.9995
2026-04-29 02:14:04+00:00,0.9995
2026-04-29 02:15:04+00:00,0.9995
2026-04-29 02:16:04+00:00,0.9995
2026-04-29 02:17:04+00:00,0.9995
2026-04-29 02:18:04+00:00,0.9995
2026-04-29 02:19:04+00:00,0.9995
2026-04-29 02:20:06+00:00,0.9995
2026-04-29 02:21:04+00:00,0.9995
2026-04-29 02:22:03+00:00,0.9995
2026-04-29 02:23:03+00:00,0.9995
2026-04-29 02:24:04+00:00,0.9995
2026-04-29 02:25:18+00:00,0.9995
2026-04-29 02:26:03+00:00,0.9995
2026-04-29 02:27:04+00:00,0.9995
2026-04-29 02:28:04+00:00,0.9995
2026-04-29 02:29:04+00:00,0.9995
2026-04-29 02:30:04+00:00,0.9995
2026-04-29 02:31:03+00:00,0.9995
2026-04-29 02:32:05+00:00,0.9995
2026-04-29 02:33:04+00:00,0.9995
2026-04-29 02:34:04+00:00,0.9995
2026-04-29 02:35:04+00:00,0.9995
2026-04-29 02:36:03+00:00,0.9995
2026-04-29 02:37:03+00:00,0.9995
2026-04-29 02:38:03+00:00,0.9995
2026-04-29 02:39:04+00:00,0.9995
2026-04-29 02:40:03+00:00,0.9995
2026-04-29 02:41:03+00:00,0.9995
2026-04-29 02:42:17+00:00,0.9995
2026-04-29 02:43:03+00:00,0.9995
2026-04-29 02:44:04+00:00,0.9995
2026-04-29 02:45:03+00:00,0.9995
2026-04-29 02:46:03+00:00,0.9995
2026-04-29 02:47:03+00:00,0.9995
2026-04-29 02:48:04+00:00,0.9995
2026-04-29 02:49:04+00:00,0.9995
2026-04-29 02:50:07+00:00,0.9995
2026-04-29 02:51:03+00:00,0.9995
2026-04-29 02:52:03+00:00,0.9995
2026-04-29 02:53:15+00:00,0.9995
2026-04-29 02:54:04+00:00,0.9995
2026-04-29 02:55:04+00:00,0.9995
2026-04-29 02:56:04+00:00,0.9995
2026-04-29 02:57:04+00:00,0.9995
2026-04-29 02:58:04+00:00,0.9995
2026-04-29 02:59:06+00:00,0.9995
2026-04-29 03:00:06+00:00,0.9995
2026-04-29 03:01:03+00:00,0.9995
2026-04-29 03:02:03+00:00,0.9995
2026-04-29 03:03:05+00:00,0.9995
2026-04-29 03:04:04+00:00,0.9995
2026-04-29 03:05:05+00:00,0.9995
2026-04-29 03:06:18+00:00,0.9995
2026-04-29 03:07:05+00:00,0.9995
2026-04-29 03:08:05+00:00,0.9995
2026-04-29 03:09:04+00:00,0.9995
2026-04-29 03:10:03+00:00,0.9995
2026-04-29 03:11:04+00:00,0.9995
2026-04-29 03:12:03+00:00,0.9995
2026-04-29 03:13:04+00:00,0.9995
2026-04-29 03:14:04+00:00,0.9995
2026-04-29 03:15:05+00:00,0.9995
2026-04-29 03:16:04+00:00,0.9995
2026-04-29 03:17:19+00:00,0.9995
2026-04-29 03:18:05+00:00,0.9995
2026-04-29 03:19:04+00:00,0.9995
2026-04-29 03:20:04+00:00,0.9995
2026-04-29 03:21:04+00:00,0.9995
2026-04-29 03:22:03+00:00,0.9995
2026-04-29 03:23:04+00:00,0.9995
2026-04-29 03:24:04+00:00,0.9995
2026-04-29 03:25:06+00:00,0.9995
2026-04-29 03:26:03+00:00,0.9995
2026-04-29 03:27:19+00:00,0.9995
2026-04-29 03:28:03+00:00,0.9995
2026-04-29 03:29:04+00:00,0.9995
2026-04-29 03:30:04+00:00,0.9995
2026-04-29 03:31:03+00:00,0.9995
2026-04-29 03:32:03+00:00,0.9995
2026-04-29 03:33:03+00:00,0.9995
2026-04-29 03:34:03+00:00,0.9995
2026-04-29 03:35:03+00:00,0.9995
2026-04-29 03:36:03+00:00,0.9995
2026-04-29 03:37:03+00:00,0.9995
2026-04-29 03:38:19+00:00,0.9995
2026-04-29 03:39:03+00:00,0.9995
2026-04-29 03:40:16+00:00,0.9995
2026-04-29 03:41:03+00:00,0.9995
2026-04-29 03:42:03+00:00,0.9995
2026-04-29 03:43:03+00:00,0.9995
2026-04-29 03:44:03+00:00,0.9995
2026-04-29 03:45:04+00:00,0.9995
2026-04-29 03:46:03+00:00,0.9995
2026-04-29 03:47:17+00:00,0.9995
2026-04-29 03:48:04+00:00,0.9995
2026-04-29 03:49:03+00:00,0.9995
2026-04-29 03:50:04+00:00,0.9995
2026-04-29 03:51:05+00:00,0.9995
2026-04-29 03:52:04+00:00,0.9995
2026-04-29 03:53:03+00:00,0.9995
2026-04-29 03:54:04+00:00,0.9995
2026-04-29 03:55:05+00:00,0.9995
2026-04-29 03:56:03+00:00,0.9995
2026-04-29 03:57:04+00:00,0.9995
2026-04-29 03:58:05+00:00,0.9995
2026-04-29 03:59:04+00:00,0.9995
2026-04-29 04:00:04+00:00,0.9995
2026-04-29 04:01:03+00:00,0.9995
2026-04-29 04:02:04+00:00,0.9995
2026-04-29 04:03:04+00:00,0.9995
2026-04-29 04:04:04+00:00,0.9995
2026-04-29 04:05:04+00:00,0.9995
2026-04-29 04:06:04+00:00,0.9995
2026-04-29 04:07:16+00:00,0.9995
2026-04-29 04:08:04+00:00,0.9995
2026-04-29 04:09:04+00:00,0.9995
2026-04-29 04:10:05+00:00,0.9995
2026-04-29 04:11:04+00:00,0.9995
2026-04-29 04:12:04+00:00,0.9995
2026-04-29 04:13:04+00:00,0.9995
2026-04-29 04:14:19+00:00,0.9995
2026-04-29 04:15:05+00:00,0.9995
2026-04-29 04:16:04+00:00,0.9995
2026-04-29 04:17:06+00:00,0.9995
2026-04-29 04:18:04+00:00,0.9995
2026-04-29 04:19:04+00:00,0.9995
2026-04-29 04:20:05+00:00,0.9995
2026-04-29 04:21:04+00:00,0.9995
2026-04-29 04:22:04+00:00,0.9995
2026-04-29 04:23:18+00:00,0.9995
2026-04-29 04:24:04+00:00,0.9995
2026-04-29 04:25:05+00:00,0.9995
2026-04-29 04:26:05+00:00,0.9995
2026-04-29 04:27:18+00:00,0.9995
2026-04-29 04:28:04+00:00,0.9995
2026-04-29 04:29:05+00:00,0.9995
2026-04-29 04:30:05+00:00,0.9995
2026-04-29 04:31:04+00:00,0.9995
2026-04-29 04:32:17+00:00,0.9995
2026-04-29 04:33:04+00:00,0.9995
2026-04-29 04:34:05+00:00,0.9995
2026-04-29 04:35:16+00:00,0.9995
2026-04-29 04:36:04+00:00,0.9995
2026-04-29 04:37:04+00:00,0.9995
2026-04-29 04:38:04+00:00,0.9995
2026-04-29 04:39:04+00:00,0.9995
2026-04-29 04:40:05+00:00,0.9995
2026-04-29 04:41:04+00:00,0.9995
2026-04-29 04:42:04+00:00,0.9995
2026-04-29 04:43:06+00:00,0.9995
2026-04-29 04:44:04+00:00,0.9995
2026-04-29 04:45:04+00:00,0.9995
2026-04-29 04:46:04+00:00,0.9995
2026-04-29 04:47:04+00:00,0.9995
2026-04-29 04:48:04+00:00,0.9995
2026-04-29 04:49:04+00:00,0.9995
2026-04-29 04:50:04+00:00,0.9995
2026-04-29 04:51:15+00:00,0.9995
2026-04-29 04:52:04+00:00,0.9995
2026-04-29 04:53:04+00:00,0.9995
2026-04-29 04:54:04+00:00,0.9995
2026-04-29 04:55:04+00:00,0.9995
2026-04-29 04:56:04+00:00,0.9995
2026-04-29 04:57:04+00:00,0.9995
2026-04-29 04:58:04+00:00,0.9995
2026-04-29 04:59:04+00:00,0.9995
2026-04-29 05:00:06+00:00,0.9995
2026-04-29 05:01:04+00:00,0.9995
2026-04-29 05:02:18+00:00,0.9995
2026-04-29 05:03:04+00:00,0.9995
2026-04-29 05:04:17+00:00,0.9995
2026-04-29 05:05:04+00:00,0.9995
2026-04-29 05:06:04+00:00,0.9995
2026-04-29 05:07:06+00:00,0.9995
2026-04-29 05:08:04+00:00,0.9995
2026-04-29 05:09:04+00:00,0.9995
2026-04-29 05:10:04+00:00,0.9995
2026-04-29 05:11:04+00:00,0.9995
2026-04-29 05:12:04+00:00,0.9995
2026-04-29 05:13:04+00:00,0.9995
2026-04-29 05:14:04+00:00,0.9995
2026-04-29 05:15:04+00:00,0.9995
2026-04-29 05:16:03+00:00,0.9995
2026-04-29 05:17:04+00:00,0.9995
2026-04-29 05:18:18+00:00,0.9995
2026-04-29 05:19:03+00:00,0.9995
2026-04-29 05:20:03+00:00,0.9995
2026-04-29 05:21:04+00:00,0.9995
2026-04-29 05:22:04+00:00,0.9995
2026-04-29 05:23:18+00:00,0.9995
2026-04-29 05:24:05+00:00,0.9995
2026-04-29 05:25:03+00:00,0.9995
2026-04-29 05:26:03+00:00,0.9995
2026-04-29 05:27:04+00:00,0.9995
2026-04-29 05:28:16+00:00,0.9995
2026-04-29 05:29:04+00:00,0.9995
2026-04-29 05:30:06+00:00,0.9995
2026-04-29 05:31:04+00:00,0.9995
2026-04-29 05:32:03+00:00,0.9995
2026-04-29 05:33:05+00:00,0.9995
2026-04-29 05:34:05+00:00,0.9995
2026-04-29 05:35:05+00:00,0.9995
2026-04-29 05:36:03+00:00,0.9995
2026-04-29 05:37:04+00:00,0.9995
2026-04-29 05:38:05+00:00,0.9995
2026-04-29 05:39:04+00:00,0.9995
2026-04-29 05:40:03+00:00,0.9995
2026-04-29 05:41:03+00:00,0.9995
2026-04-29 05:42:04+00:00,0.9995
2026-04-29 05:43:16+00:00,0.9995
2026-04-29 05:44:05+00:00,0.9995
2026-04-29 05:45:04+00:00,0.9995
2026-04-29 05:46:03+00:00,0.9995
2026-04-29 05:47:16+00:00,0.9995
2026-04-29 05:48:03+00:00,0.9995
2026-04-29 05:49:04+00:00,0.9995
2026-04-29 05:50:03+00:00,0.9995
2026-04-29 05:51:03+00:00,0.9995
2026-04-29 05:52:16+00:00,0.9995
2026-04-29 05:53:03+00:00,0.9995
2026-04-29 05:54:04+00:00,0.9995
2026-04-29 05:55:04+00:00,0.9995
2026-04-29 05:56:03+00:00,0.9995
2026-04-29 05:57:04+00:00,0.9995
2026-04-29 05:58:17+00:00,0.9995
2026-04-29 05:59:04+00:00,0.9995
2026-04-29 06:00:07+00:00,0.9995
2026-04-29 06:01:05+00:00,0.9995
2026-04-29 06:02:04+00:00,0.9995
2026-04-29 06:03:04+00:00,0.9995
2026-04-29 06:04:04+00:00,0.9995
2026-04-29 06:05:05+00:00,0.9995
2026-04-29 06:06:04+00:00,0.9995
2026-04-29 06:07:04+00:00,0.9995
2026-04-29 06:08:20+00:00,0.9995
2026-04-29 06:09:04+00:00,0.9995
2026-04-29 06:10:16+00:00,0.9995
2026-04-29 06:11:04+00:00,0.9995
2026-04-29 06:12:03+00:00,0.9995
2026-04-29 06:13:03+00:00,0.9995
2026-04-29 06:14:04+00:00,0.9995
2026-04-29 06:15:04+00:00,0.9995
2026-04-29 06:16:03+00:00,0.9995
2026-04-29 06:17:19+00:00,0.9995
2026-04-29 06:18:04+00:00,0.9995
2026-04-29 06:19:04+00:00,0.9995
2026-04-29 06:20:04+00:00,0.9995
2026-04-29 06:21:03+00:00,0.9995
2026-04-29 06:22:03+00:00,0.9995
2026-04-29 06:23:03+00:00,0.9995
2026-04-29 06:24:03+00:00,0.9995
2026-04-29 06:25:03+00:00,0.9995
2026-04-29 06:26:03+00:00,0.9995
2026-04-29 06:27:06+00:00,0.9995
2026-04-29 06:28:19+00:00,0.9995
2026-04-29 06:29:04+00:00,0.9995
2026-04-29 06:30:05+00:00,0.9995
2026-04-29 06:31:03+00:00,0.9995
2026-04-29 06:32:04+00:00,0.9995
2026-04-29 06:33:03+00:00,0.9995
2026-04-29 06:34:04+00:00,0.9995
2026-04-29 06:35:05+00:00,0.9995
2026-04-29 06:36:04+00:00,0.9995
2026-04-29 06:37:04+00:00,0.9995
2026-04-29 06:38:05+00:00,0.9995
2026-04-29 06:39:14+00:00,0.9995
2026-04-29 06:40:04+00:00,0.9995
2026-04-29 06:41:03+00:00,0.9995
2026-04-29 06:42:03+00:00,0.9995
2026-04-29 06:43:04+00:00,0.9995
2026-04-29 06:44:05+00:00,0.9995
2026-04-29 06:45:04+00:00,0.9995
2026-04-29 06:46:04+00:00,0.9995
2026-04-29 06:47:04+00:00,0.9995
2026-04-29 06:48:03+00:00,0.9995
2026-04-29 06:49:17+00:00,0.9995
2026-04-29 06:50:05+00:00,0.9995
2026-04-29 06:51:04+00:00,0.9995
2026-04-29 06:52:03+00:00,0.9995
2026-04-29 06:53:04+00:00,0.9995
2026-04-29 06:54:04+00:00,0.9995
2026-04-29 06:55:04+00:00,0.9995
2026-04-29 06:56:03+00:00,0.9995
2026-04-29 06:57:04+00:00,0.9995
2026-04-29 06:58:05+00:00,0.9995
2026-04-29 06:59:04+00:00,0.9995
2026-04-29 07:00:19+00:00,0.9995
2026-04-29 07:01:05+00:00,0.9995
2026-04-29 07:02:03+00:00,0.9995
2026-04-29 07:03:04+00:00,0.9995
2026-04-29 07:04:04+00:00,0.9995
2026-04-29 07:05:05+00:00,0.9995
2026-04-29 07:06:04+00:00,0.9995
2026-04-29 07:07:05+00:00,0.9995
2026-04-29 07:08:04+00:00,0.9995
2026-04-29 07:09:04+00:00,0.9995
2026-04-29 07:10:03+00:00,0.9995
2026-04-29 07:11:03+00:00,0.9995
2026-04-29 07:12:03+00:00,0.9995
2026-04-29 07:13:04+00:00,0.9995
2026-04-29 07:14:20+00:00,0.9995
2026-04-29 07:15:05+00:00,0.9995
2026-04-29 07:16:04+00:00,0.9995
2026-04-29 07:17:04+00:00,0.9995
2026-04-29 07:18:04+00:00,0.9995
2026-04-29 07:19:04+00:00,0.9995
2026-04-29 07:20:05+00:00,0.9995
2026-04-29 07:21:18+00:00,0.9995
2026-04-29 07:22:03+00:00,0.9995
2026-04-29 07:23:04+00:00,0.9995
2026-04-29 07:24:19+00:00,0.9995
2026-04-29 07:25:04+00:00,0.9995
2026-04-29 07:26:04+00:00,0.9995
2026-04-29 07:27:04+00:00,0.9995
2026-04-29 07:28:03+00:00,0.9995
2026-04-29 07:29:04+00:00,0.9995
2026-04-29 07:30:04+00:00,0.9995
2026-04-29 07:31:04+00:00,0.9995
2026-04-29 07:32:03+00:00,0.9995
2026-04-29 07:33:03+00:00,0.9995
2026-04-29 07:34:04+00:00,0.9995
2026-04-29 07:35:03+00:00,0.9995
2026-04-29 07:36:03+00:00,0.9995
2026-04-29 07:37:03+00:00,0.9995
2026-04-29 07:38:04+00:00,0.9995
2026-04-29 07:39:04+00:00,0.9995
2026-04-29 07:40:18+00:00,0.9995
2026-04-29 07:41:03+00:00,0.9995
2026-04-29 07:42:03+00:00,0.9995
2026-04-29 07:43:03+00:00,0.9995
2026-04-29 07:44:04+00:00,0.9995
2026-04-29 07:45:03+00:00,0.9995
2026-04-29 07:46:03+00:00,0.9995
2026-04-29 07:47:04+00:00,0.9995
2026-04-29 07:48:04+00:00,0.9995
2026-04-29 07:49:04+00:00,0.9995
2026-04-29 07:50:04+00:00,0.9995
2026-04-29 07:51:04+00:00,0.9995
2026-04-29 07:52:03+00:00,0.9995
2026-04-29 07:53:04+00:00,0.9995
2026-04-29 07:54:04+00:00,0.9995
2026-04-29 07:55:03+00:00,0.9995
2026-04-29 07:56:03+00:00,0.9995
2026-04-29 07:57:04+00:00,0.9995
2026-04-29 07:58:16+00:00,0.9995
2026-04-29 07:59:04+00:00,0.9995
2026-04-29 08:00:04+00:00,0.9995
2026-04-29 08:01:03+00:00,0.9995
2026-04-29 08:02:05+00:00,0.9995
2026-04-29 08:03:04+00:00,0.9995
2026-04-29 08:04:04+00:00,0.9995
2026-04-29 08:05:05+00:00,0.9995
2026-04-29 08:06:05+00:00,0.9995
2026-04-29 08:07:05+00:00,0.9995
2026-04-29 08:08:03+00:00,0.9995
2026-04-29 08:09:04+00:00,0.9995
2026-04-29 08:10:03+00:00,0.9995
2026-04-29 08:11:04+00:00,0.9995
2026-04-29 08:12:04+00:00,0.9995
2026-04-29 08:13:03+00:00,0.9995
2026-04-29 08:14:04+00:00,0.9995
2026-04-29 08:15:04+00:00,0.9995
2026-04-29 08:16:03+00:00,0.9995
2026-04-29 08:17:04+00:00,0.9995
2026-04-29 08:18:04+00:00,0.9995
2026-04-29 08:19:05+00:00,0.9995
2026-04-29 08:20:03+00:00,0.9995
2026-04-29 08:21:04+00:00,0.9995
2026-04-29 08:22:03+00:00,0.9995
2026-04-29 08:23:19+00:00,0.9995
2026-04-29 08:24:17+00:00,0.9995
2026-04-29 08:25:03+00:00,0.9995
2026-04-29 08:26:15+00:00,0.9995
2026-04-29 08:27:04+00:00,0.9995
2026-04-29 08:28:03+00:00,0.9995
2026-04-29 08:29:04+00:00,0.9995
2026-04-29 08:30:04+00:00,0.9995
2026-04-29 08:31:03+00:00,0.9995
2026-04-29 08:32:05+00:00,0.9995
2026-04-29 08:33:03+00:00,0.9995
2026-04-29 08:34:16+00:00,0.9995
2026-04-29 08:35:03+00:00,0.9995
2026-04-29 08:36:04+00:00,0.9995
2026-04-29 08:37:04+00:00,0.9995
2026-04-29 08:38:04+00:00,0.9995
2026-04-29 08:39:04+00:00,0.9995
2026-04-29 08:40:03+00:00,0.9995
2026-04-29 08:41:03+00:00,0.9995
2026-04-29 08:42:03+00:00,0.9995
2026-04-29 08:43:04+00:00,0.9995
2026-04-29 08:44:04+00:00,0.9995
2026-04-29 08:45:04+00:00,0.9995
2026-04-29 08:46:03+00:00,0.9995
2026-04-29 08:47:03+00:00,0.9995
2026-04-29 08:48:04+00:00,0.9995
2026-04-29 08:49:04+00:00,0.9995
2026-04-29 08:50:03+00:00,0.9995
2026-04-29 08:51:03+00:00,0.9995
2026-04-29 08:52:04+00:00,0.9995
2026-04-29 08:53:04+00:00,0.9995
2026-04-29 08:54:04+00:00,0.9995
2026-04-29 08:55:04+00:00,0.9995
2026-04-29 08:56:04+00:00,0.9995
2026-04-29 08:57:04+00:00,0.9995
2026-04-29 08:58:06+00:00,0.9995
2026-04-29 08:59:04+00:00,0.9995
2026-04-29 09:00:05+00:00,0.9995
2026-04-29 09:01:03+00:00,0.9995
2026-04-29 09:02:03+00:00,0.9995
2026-04-29 09:03:05+00:00,0.9995
2026-04-29 09:04:04+00:00,0.9995
2026-04-29 09:05:04+00:00,0.9995
2026-04-29 09:06:04+00:00,0.9995
2026-04-29 09:07:04+00:00,0.9995
2026-04-29 09:08:04+00:00,0.9995
2026-04-29 09:09:04+00:00,0.9995
2026-04-29 09:10:03+00:00,0.9995
2026-04-29 09:11:03+00:00,0.9995
2026-04-29 09:12:03+00:00,0.9995
2026-04-29 09:13:04+00:00,0.9995
2026-04-29 09:14:04+00:00,0.9995
2026-04-29 09:15:03+00:00,0.9995
2026-04-29 09:16:03+00:00,0.9995
2026-04-29 09:17:03+00:00,0.9995
2026-04-29 09:18:04+00:00,0.9995
2026-04-29 09:19:04+00:00,0.9995
2026-04-29 09:20:03+00:00,0.9995
2026-04-29 09:21:03+00:00,0.9995
2026-04-29 09:22:03+00:00,0.9995
2026-04-29 09:23:03+00:00,0.9995
2026-04-29 09:24:05+00:00,0.9995
2026-04-29 09:25:03+00:00,0.9995
2026-04-29 09:26:15+00:00,0.9995
2026-04-29 09:27:04+00:00,0.9995
2026-04-29 09:28:04+00:00,0.9995
2026-04-29 09:29:04+00:00,0.9995
2026-04-29 09:30:04+00:00,0.9995
2026-04-29 09:31:03+00:00,0.9995
2026-04-29 09:32:03+00:00,0.9995
2026-04-29 09:33:04+00:00,0.9995
2026-04-29 09:34:04+00:00,0.9995
2026-04-29 09:35:04+00:00,0.9995
2026-04-29 09:36:04+00:00,0.9995
2026-04-29 09:37:03+00:00,0.9995
2026-04-29 09:38:04+00:00,0.9995
2026-04-29 09:39:15+00:00,0.9995
2026-04-29 09:40:03+00:00,0.9995
2026-04-29 09:41:03+00:00,0.9995
2026-04-29 09:42:04+00:00,0.9995
2026-04-29 09:43:03+00:00,0.9995
2026-04-29 09:44:04+00:00,0.9995
2026-04-29 09:45:03+00:00,0.9995
2026-04-29 09:46:03+00:00,0.9995
2026-04-29 09:47:03+00:00,0.9995
2026-04-29 09:48:04+00:00,0.9995
2026-04-29 09:49:04+00:00,0.9995
2026-04-29 09:50:06+00:00,0.9995
2026-04-29 09:51:04+00:00,0.9995
2026-04-29 09:52:05+00:00,0.9995
2026-04-29 09:53:04+00:00,0.9995
2026-04-29 09:54:04+00:00,0.9995
2026-04-29 09:55:03+00:00,0.9995
2026-04-29 09:56:03+00:00,0.9995
2026-04-29 09:57:04+00:00,0.9995
2026-04-29 09:58:04+00:00,0.9995
2026-04-29 09:59:04+00:00,0.9995
2026-04-29 10:00:04+00:00,0.9995
2026-04-29 10:01:04+00:00,0.9995
2026-04-29 10:02:03+00:00,0.9995
2026-04-29 10:03:04+00:00,0.9995
2026-04-29 10:04:06+00:00,0.9995
2026-04-29 10:05:04+00:00,0.9995
2026-04-29 10:06:04+00:00,0.9995
2026-04-29 10:07:05+00:00,0.9995
2026-04-29 10:08:03+00:00,0.9995
2026-04-29 10:09:04+00:00,0.9995
2026-04-29 10:10:04+00:00,0.9995
2026-04-29 10:11:03+00:00,0.9995
2026-04-29 10:12:03+00:00,0.9995
2026-04-29 10:13:04+00:00,0.9995
2026-04-29 10:14:04+00:00,0.9995
2026-04-29 10:15:03+00:00,0.9995
2026-04-29 10:16:04+00:00,0.9995
2026-04-29 10:17:05+00:00,0.9995
2026-04-29 10:18:03+00:00,0.9995
2026-04-29 10:19:04+00:00,0.9995
2026-04-29 10:20:04+00:00,0.9995
2026-04-29 10:21:03+00:00,0.9995
2026-04-29 10:22:08+00:00,0.9995
2026-04-29 10:23:04+00:00,0.9995
2026-04-29 10:24:04+00:00,0.9995
2026-04-29 10:25:03+00:00,0.9995
2026-04-29 10:26:03+00:00,0.9995
2026-04-29 10:27:16+00:00,0.9995
2026-04-29 10:28:04+00:00,0.9995
2026-04-29 10:29:04+00:00,0.9995
2026-04-29 10:30:05+00:00,0.9995
2026-04-29 10:31:16+00:00,0.9995
2026-04-29 10:32:18+00:00,0.9995
2026-04-29 10:33:04+00:00,0.9995
2026-04-29 10:34:04+00:00,0.9995
2026-04-29 10:35:04+00:00,0.9995
2026-04-29 10:36:03+00:00,0.9995
2026-04-29 10:37:19+00:00,0.9995
2026-04-29 10:38:03+00:00,0.9995
2026-04-29 10:39:04+00:00,0.9995
2026-04-29 10:40:04+00:00,0.9995
2026-04-29 10:41:03+00:00,0.9995
2026-04-29 10:42:03+00:00,0.9995
2026-04-29 10:43:03+00:00,0.9995
2026-04-29 10:44:04+00:00,0.9995
2026-04-29 10:45:03+00:00,0.9995
2026-04-29 10:46:03+00:00,0.9995
2026-04-29 10:47:04+00:00,0.9995
2026-04-29 10:48:04+00:00,0.9995
2026-04-29 10:49:04+00:00,0.9995
2026-04-29 10:50:03+00:00,0.9995
2026-04-29 10:51:03+00:00,0.9995
2026-04-29 10:52:03+00:00,0.9995
2026-04-29 10:53:03+00:00,0.9995
2026-04-29 10:54:17+00:00,0.9995
2026-04-29 10:55:04+00:00,0.9995
2026-04-29 10:56:05+00:00,0.9995
2026-04-29 10:57:04+00:00,0.9995
2026-04-29 10:58:04+00:00,0.9995
2026-04-29 10:59:04+00:00,0.9995
2026-04-29 11:00:04+00:00,0.9995
2026-04-29 11:01:03+00:00,0.9995
2026-04-29 11:02:04+00:00,0.9995
2026-04-29 11:03:04+00:00,0.9995
2026-04-29 11:04:04+00:00,0.9995
2026-04-29 11:05:03+00:00,0.9995
2026-04-29 11:06:03+00:00,0.9995
2026-04-29 11:07:03+00:00,0.9995
2026-04-29 11:08:03+00:00,0.9995
2026-04-29 11:09:04+00:00,0.9995
2026-04-29 11:10:04+00:00,0.9995
2026-04-29 11:11:03+00:00,0.9995
2026-04-29 11:12:03+00:00,0.9995
2026-04-29 11:13:03+00:00,0.9995
2026-04-29 11:14:04+00:00,0.9995
2026-04-29 11:15:03+00:00,0.9995
2026-04-29 11:16:03+00:00,0.9995
2026-04-29 11:17:04+00:00,0.9995
2026-04-29 11:18:03+00:00,0.9995
2026-04-29 11:19:05+00:00,0.9995
2026-04-29 11:20:03+00:00,0.9995
2026-04-29 11:21:03+00:00,0.9995
2026-04-29 11:22:05+00:00,0.9995
2026-04-29 11:23:04+00:00,0.9995
2026-04-29 11:24:04+00:00,0.9995
2026-04-29 11:25:04+00:00,0.9995
2026-04-29 11:26:03+00:00,0.9995
2026-04-29 11:27:03+00:00,0.9995
2026-04-29 11:28:03+00:00,0.9995
2026-04-29 11:29:04+00:00,0.9995
2026-04-29 11:30:04+00:00,0.9995
2026-04-29 11:31:03+00:00,0.9995
2026-04-29 11:32:03+00:00,0.9995
2026-04-29 11:33:04+00:00,0.9995
2026-04-29 11:34:04+00:00,0.9995
2026-04-29 11:35:03+00:00,0.9995
2026-04-29 11:36:03+00:00,0.9995
2026-04-29 11:37:04+00:00,0.9995
2026-04-29 11:38:04+00:00,0.9995
2026-04-29 11:39:04+00:00,0.9995
2026-04-29 11:40:04+00:00,0.9995
2026-04-29 11:41:03+00:00,0.9995
2026-04-29 11:42:03+00:00,0.9995
2026-04-29 11:43:03+00:00,0.9995
2026-04-29 11:44:04+00:00,0.9995
2026-04-29 11:45:04+00:00,0.9995
2026-04-29 11:46:03+00:00,0.9995
2026-04-29 11:47:04+00:00,0.9995
2026-04-29 11:48:06+00:00,0.9995
2026-04-29 11:49:04+00:00,0.9995
2026-04-29 11:50:04+00:00,0.9995
2026-04-29 11:51:03+00:00,0.9995
2026-04-29 11:52:04+00:00,0.9995
2026-04-29 11:53:03+00:00,0.9995
2026-04-29 11:54:04+00:00,0.9995
2026-04-29 11:55:04+00:00,0.9995
2026-04-29 11:56:03+00:00,0.9995
2026-04-29 11:57:04+00:00,0.9995
2026-04-29 11:58:04+00:00,0.9995
2026-04-29 11:59:04+00:00,0.9995
2026-04-29 12:00:08+00:00,0.9995
2026-04-29 12:01:04+00:00,0.9995
2026-04-29 12:02:04+00:00,0.9995
2026-04-29 12:03:04+00:00,0.9995
2026-04-29 12:04:04+00:00,0.9995
2026-04-29 12:05:06+00:00,0.9995
2026-04-29 12:06:04+00:00,0.9995
2026-04-29 12:07:04+00:00,0.9995
2026-04-29 12:08:05+00:00,0.9995
2026-04-29 12:09:04+00:00,0.9995
2026-04-29 12:10:05+00:00,0.9995
2026-04-29 12:11:04+00:00,0.9995
2026-04-29 12:12:04+00:00,0.9995
2026-04-29 12:13:04+00:00,0.9995
2026-04-29 12:14:06+00:00,0.9995
2026-04-29 12:15:05+00:00,0.9995
2026-04-29 12:16:04+00:00,0.9995
2026-04-29 12:17:04+00:00,0.9995
2026-04-29 12:18:04+00:00,0.9995
2026-04-29 12:19:04+00:00,0.9995
2026-04-29 12:20:04+00:00,0.9995
2026-04-29 12:21:04+00:00,0.9995
2026-04-29 12:22:04+00:00,0.9995
2026-04-29 12:23:04+00:00,0.9995
2026-04-29 12:24:15+00:00,0.9995
2026-04-29 12:25:04+00:00,0.9995
2026-04-29 12:26:04+00:00,0.9995
2026-04-29 12:27:04+00:00,0.9995
2026-04-29 12:28:04+00:00,0.9995
2026-04-29 12:29:04+00:00,0.9995
2026-04-29 12:30:06+00:00,0.9995
2026-04-29 12:31:04+00:00,0.9995
2026-04-29 12:32:05+00:00,0.9995
2026-04-29 12:33:05+00:00,0.9995
2026-04-29 12:34:04+00:00,0.9995
2026-04-29 12:35:06+00:00,0.9995
2026-04-29 12:36:03+00:00,0.9995
2026-04-29 12:37:05+00:00,0.9995
2026-04-29 12:38:04+00:00,0.9995
2026-04-29 12:39:05+00:00,0.9995
2026-04-29 12:40:05+00:00,0.9995
2026-04-29 12:41:03+00:00,0.9995
2026-04-29 12:42:04+00:00,0.9995
2026-04-29 12:43:04+00:00,0.9995
2026-04-29 12:44:04+00:00,0.9995
2026-04-29 12:45:16+00:00,0.9995
2026-04-29 12:46:05+00:00,0.9995
2026-04-29 12:47:05+00:00,0.9995
2026-04-29 12:48:03+00:00,0.9995
2026-04-29 12:49:18+00:00,0.9995
2026-04-29 12:50:03+00:00,0.9995
2026-04-29 12:51:03+00:00,0.9995
2026-04-29 12:52:03+00:00,0.9995
2026-04-29 12:53:04+00:00,0.9995
2026-04-29 12:54:04+00:00,0.9995
2026-04-29 12:55:04+00:00,0.9995
2026-04-29 12:56:03+00:00,0.9995
2026-04-29 12:57:04+00:00,0.9995
2026-04-29 12:58:04+00:00,0.9995
2026-04-29 12:59:04+00:00,0.9995
2026-04-29 13:00:04+00:00,0.9995
2026-04-29 13:01:04+00:00,0.9995
2026-04-29 13:02:04+00:00,0.9995
2026-04-29 13:03:04+00:00,0.9995
2026-04-29 13:04:04+00:00,0.9995
2026-04-29 13:05:05+00:00,0.9995
2026-04-29 13:06:04+00:00,0.9995
2026-04-29 13:07:04+00:00,0.9995
2026-04-29 13:08:04+00:00,0.9995
2026-04-29 13:09:04+00:00,0.9995
2026-04-29 13:10:04+00:00,0.9995
2026-04-29 13:11:04+00:00,0.9995
2026-04-29 13:12:06+00:00,0.9995
2026-04-29 13:13:04+00:00,0.9995
2026-04-29 13:14:04+00:00,0.9995
2026-04-29 13:15:05+00:00,0.9995
2026-04-29 13:16:03+00:00,0.9995
2026-04-29 13:17:04+00:00,0.9995
2026-04-29 13:18:04+00:00,0.9995
2026-04-29 13:19:04+00:00,0.9995
2026-04-29 13:20:04+00:00,0.9995
2026-04-29 13:21:04+00:00,0.9995
2026-04-29 13:22:03+00:00,0.9995
2026-04-29 13:23:03+00:00,0.9995
2026-04-29 13:24:04+00:00,0.9995
2026-04-29 13:25:04+00:00,0.9995
2026-04-29 13:26:03+00:00,0.9995
2026-04-29 13:27:04+00:00,0.9995
2026-04-29 13:28:04+00:00,0.9995
2026-04-29 13:29:04+00:00,0.9995
2026-04-29 13:30:05+00:00,0.9995
2026-04-29 13:31:03+00:00,0.9995
2026-04-29 13:32:03+00:00,0.9995
2026-04-29 13:33:03+00:00,0.9995
2026-04-29 13:34:04+00:00,0.9995
2026-04-29 13:35:10+00:00,0.9995
2026-04-29 13:36:03+00:00,0.9995
2026-04-29 13:37:04+00:00,0.9995
2026-04-29 13:38:04+00:00,0.9995
2026-04-29 13:39:04+00:00,0.9995
2026-04-29 13:40:05+00:00,0.9995
2026-04-29 13:41:04+00:00,0.9995
2026-04-29 13:42:03+00:00,0.9995
2026-04-29 13:43:03+00:00,0.9995
2026-04-29 13:44:04+00:00,0.9995
2026-04-29 13:45:06+00:00,0.9995
2026-04-29 13:46:04+00:00,0.9995
2026-04-29 13:47:04+00:00,0.9995
2026-04-29 13:48:14+00:00,0.9995
2026-04-29 13:49:04+00:00,0.9995
2026-04-29 13:50:04+00:00,0.9995
2026-04-29 13:51:04+00:00,0.9995
2026-04-29 13:52:03+00:00,0.9995
2026-04-29 13:55:15+00:00,0.9995
2026-04-29 13:55:23+00:00,0.9995
2026-04-29 13:56:05+00:00,0.9995
2026-04-29 13:57:17+00:00,0.9995
2026-04-29 13:58:04+00:00,0.9995
2026-04-29 13:59:04+00:00,0.9995
2026-04-29 14:00:04+00:00,0.9995
2026-04-29 14:01:04+00:00,0.9995
2026-04-29 14:02:03+00:00,0.9995
2026-04-29 14:03:05+00:00,0.9995
2026-04-29 14:04:05+00:00,0.9995
2026-04-29 14:05:06+00:00,0.9995
2026-04-29 14:06:04+00:00,0.9995
2026-04-29 14:07:16+00:00,0.9995
2026-04-29 14:08:03+00:00,0.9995
2026-04-29 14:09:04+00:00,0.9995
2026-04-29 14:10:04+00:00,0.9995
2026-04-29 14:11:03+00:00,0.9995
2026-04-29 14:12:03+00:00,0.9995
2026-04-29 14:13:04+00:00,0.9995
2026-04-29 14:14:04+00:00,0.9995
2026-04-29 14:15:04+00:00,0.9995
2026-04-29 14:16:03+00:00,0.9995
2026-04-29 14:17:04+00:00,0.9995
2026-04-29 14:18:03+00:00,0.9995
2026-04-29 14:19:06+00:00,0.9995
2026-04-29 14:20:04+00:00,0.9995
2026-04-29 14:21:05+00:00,0.9995
2026-04-29 14:22:03+00:00,0.9995
2026-04-29 14:23:03+00:00,0.9995
2026-04-29 14:24:04+00:00,0.9995
2026-04-29 14:25:04+00:00,0.9995
2026-04-29 14:26:04+00:00,0.9995
2026-04-29 14:27:05+00:00,0.9995
2026-04-29 14:28:04+00:00,0.9995
2026-04-29 14:29:04+00:00,0.9995
2026-04-29 14:30:05+00:00,0.9995
2026-04-29 14:31:04+00:00,0.9995
2026-04-29 14:32:04+00:00,0.9995
2026-04-29 14:33:04+00:00,0.9995
2026-04-29 14:34:04+00:00,0.9995
2026-04-29 14:35:05+00:00,0.9995
2026-04-29 14:36:05+00:00,0.9995
2026-04-29 14:37:04+00:00,0.9995
2026-04-29 14:38:04+00:00,0.9995
2026-04-29 14:39:04+00:00,0.9995
2026-04-29 14:40:04+00:00,0.9995
2026-04-29 14:41:04+00:00,0.9995
2026-04-29 14:42:15+00:00,0.9995
2026-04-29 14:43:04+00:00,0.9995
2026-04-29 14:44:04+00:00,0.9995
2026-04-29 14:45:05+00:00,0.9995
2026-04-29 14:46:04+00:00,0.9995
2026-04-29 14:47:04+00:00,0.9995
2026-04-29 14:48:03+00:00,0.9995
2026-04-29 14:49:04+00:00,0.9995
2026-04-29 14:50:03+00:00,0.9995
2026-04-29 14:51:05+00:00,0.9995
2026-04-29 14:52:03+00:00,0.9995
2026-04-29 14:53:04+00:00,0.9995
2026-04-29 14:54:04+00:00,0.9995
2026-04-29 14:55:19+00:00,0.9995
2026-04-29 14:56:04+00:00,0.9995
2026-04-29 14:57:04+00:00,0.9995
2026-04-29 14:58:04+00:00,0.9995
2026-04-29 14:59:04+00:00,0.9995
2026-04-29 15:00:08+00:00,0.9995
2026-04-29 15:01:04+00:00,0.9995
2026-04-29 15:02:03+00:00,0.9995
2026-04-29 15:03:03+00:00,0.9995
2026-04-29 15:04:03+00:00,0.9995
2026-04-29 15:05:05+00:00,0.9995
2026-04-29 15:06:04+00:00,0.9995
2026-04-29 15:07:03+00:00,0.9995
2026-04-29 15:08:03+00:00,0.9995
2026-04-29 15:09:05+00:00,0.9995
2026-04-29 15:10:05+00:00,0.9995
2026-04-29 15:11:05+00:00,0.9995
2026-04-29 15:12:04+00:00,0.9995
2026-04-29 15:13:04+00:00,0.9995
2026-04-29 15:14:04+00:00,0.9995
2026-04-29 15:15:04+00:00,0.9995
2026-04-29 15:16:04+00:00,0.9995
2026-04-29 15:17:03+00:00,0.9995
2026-04-29 15:18:04+00:00,0.9995
2026-04-29 15:19:04+00:00,0.9995
2026-04-29 15:20:04+00:00,0.9995
2026-04-29 15:21:04+00:00,0.9995
2026-04-29 15:22:04+00:00,0.9995
2026-04-29 15:23:03+00:00,0.9995
2026-04-29 15:24:03+00:00,0.9995
2026-04-29 15:25:05+00:00,0.9995
2026-04-29 15:26:04+00:00,0.9995
2026-04-29 15:27:04+00:00,0.9995
2026-04-29 15:28:04+00:00,0.9995
2026-04-29 15:29:04+00:00,0.9995
2026-04-29 15:30:04+00:00,0.9995
2026-04-29 15:31:03+00:00,0.9995
2026-04-29 15:32:03+00:00,0.9995
2026-04-29 15:33:04+00:00,0.9995
2026-04-29 15:34:04+00:00,0.9995
2026-04-29 15:35:05+00:00,0.9995
2026-04-29 15:36:04+00:00,0.9995
2026-04-29 15:37:04+00:00,0.9995
2026-04-29 15:38:04+00:00,0.9995
2026-04-29 15:39:04+00:00,0.9995
2026-04-29 15:40:04+00:00,0.9995
2026-04-29 15:41:04+00:00,0.9995
2026-04-29 15:42:05+00:00,0.9995
2026-04-29 15:43:04+00:00,0.9995
2026-04-29 15:44:04+00:00,0.9995
2026-04-29 15:45:20+00:00,0.9995
2026-04-29 15:46:19+00:00,0.9995
2026-04-29 15:47:04+00:00,0.9995
2026-04-29 15:48:19+00:00,0.9995
2026-04-29 15:49:06+00:00,0.9995
2026-04-29 15:50:03+00:00,0.9995
2026-04-29 15:51:03+00:00,0.9995
2026-04-29 15:52:05+00:00,0.9995
2026-04-29 15:53:03+00:00,0.9995
2026-04-29 15:54:04+00:00,0.9995
2026-04-29 15:55:04+00:00,0.9995
2026-04-29 15:56:04+00:00,0.9995
2026-04-29 15:57:04+00:00,0.9995
2026-04-29 15:58:03+00:00,0.9995
2026-04-29 15:59:04+00:00,0.9995
2026-04-29 16:00:05+00:00,0.9995
2026-04-29 16:01:04+00:00,0.9995
2026-04-29 16:02:04+00:00,0.9995
2026-04-29 16:03:04+00:00,0.9995
2026-04-29 16:04:04+00:00,0.9995
2026-04-29 16:05:04+00:00,0.9995
2026-04-29 16:06:16+00:00,0.9995
2026-04-29 16:07:03+00:00,0.9995
2026-04-29 16:08:06+00:00,0.9995
2026-04-29 16:09:04+00:00,0.9995
2026-04-29 16:10:06+00:00,0.9995
2026-04-29 16:11:05+00:00,0.9995
2026-04-29 16:12:05+00:00,0.9995
2026-04-29 16:13:04+00:00,0.9995
2026-04-29 16:14:03+00:00,0.9995
2026-04-29 16:15:04+00:00,0.9995
2026-04-29 16:16:05+00:00,0.9995
2026-04-29 16:17:04+00:00,0.9995
2026-04-29 16:18:04+00:00,0.9995
2026-04-29 16:19:04+00:00,0.9995
2026-04-29 16:20:04+00:00,0.9995
2026-04-29 16:21:03+00:00,0.9995
2026-04-29 16:22:05+00:00,0.9995
2026-04-29 16:23:04+00:00,0.9995
2026-04-29 16:24:04+00:00,0.9995
2026-04-29 16:25:17+00:00,0.9995
2026-04-29 16:26:04+00:00,0.9995
2026-04-29 16:27:17+00:00,0.9995
2026-04-29 16:28:04+00:00,0.9995
2026-04-29 16:29:16+00:00,0.9995
2026-04-29 16:30:19+00:00,0.9995
2026-04-29 16:31:04+00:00,0.9995
2026-04-29 16:32:03+00:00,0.9995
2026-04-29 16:33:04+00:00,0.9995
2026-04-29 16:34:06+00:00,0.9995
2026-04-29 16:35:05+00:00,0.9995
2026-04-29 16:36:05+00:00,0.9995
2026-04-29 16:37:04+00:00,0.9995
2026-04-29 16:38:03+00:00,0.9995
2026-04-29 16:39:03+00:00,0.9995
2026-04-29 16:40:04+00:00,0.9995
2026-04-29 16:41:07+00:00,0.9995
2026-04-29 16:42:03+00:00,0.9995
2026-04-29 16:43:03+00:00,0.9995
2026-04-29 16:44:04+00:00,0.9995
2026-04-29 16:45:05+00:00,0.9995
2026-04-29 16:46:15+00:00,0.9995
2026-04-29 16:47:04+00:00,0.9995
2026-04-29 16:48:03+00:00,0.9995
2026-04-29 16:49:16+00:00,0.9995
2026-04-29 16:50:03+00:00,0.9995
2026-04-29 16:51:03+00:00,0.9995
2026-04-29 16:52:04+00:00,0.9995
2026-04-29 16:53:03+00:00,0.9995
2026-04-29 16:54:04+00:00,0.9995
2026-04-29 16:55:04+00:00,0.9995
2026-04-29 16:56:04+00:00,0.9995
2026-04-29 16:57:04+00:00,0.9995
2026-04-29 16:58:04+00:00,0.9995
2026-04-29 16:59:04+00:00,0.9995
2026-04-29 17:00:04+00:00,0.9995
2026-04-29 17:01:08+00:00,0.9995
2026-04-29 17:02:03+00:00,0.9995
2026-04-29 17:03:04+00:00,0.9995
2026-04-29 17:04:04+00:00,0.9995
2026-04-29 17:05:05+00:00,0.9995
2026-04-29 17:06:04+00:00,0.9995
2026-04-29 17:07:06+00:00,0.9995
2026-04-29 17:08:19+00:00,0.9995
2026-04-29 17:09:04+00:00,0.9995
2026-04-29 17:10:05+00:00,0.9995
2026-04-29 17:11:14+00:00,0.9995
2026-04-29 17:12:03+00:00,0.9995
2026-04-29 17:13:05+00:00,0.9995
2026-04-29 17:14:04+00:00,0.9995
2026-04-29 17:15:04+00:00,0.9995
2026-04-29 17:16:04+00:00,0.9995
2026-04-29 17:17:04+00:00,0.9995
2026-04-29 17:18:05+00:00,0.9995
2026-04-29 17:19:05+00:00,0.9995
2026-04-29 17:20:04+00:00,0.9995
2026-04-29 17:21:15+00:00,0.9995
2026-04-29 17:22:04+00:00,0.9995
2026-04-29 17:23:04+00:00,0.9995
2026-04-29 17:24:05+00:00,0.9995
2026-04-29 17:25:05+00:00,0.9995
2026-04-29 17:26:04+00:00,0.9995
2026-04-29 17:27:17+00:00,0.9995
2026-04-29 17:28:03+00:00,0.9995
2026-04-29 17:29:04+00:00,0.9995
2026-04-29 17:30:18+00:00,0.9995
2026-04-29 17:31:04+00:00,0.9995
2026-04-29 17:32:03+00:00,0.9995
2026-04-29 17:33:06+00:00,0.9995
2026-04-29 17:34:04+00:00,0.9995
2026-04-29 17:35:06+00:00,0.9995
2026-04-29 17:36:04+00:00,0.9995
2026-04-29 17:37:04+00:00,0.9995
2026-04-29 17:38:04+00:00,0.9995
2026-04-29 17:39:04+00:00,0.9995
2026-04-29 17:40:03+00:00,0.9995
2026-04-29 17:41:03+00:00,0.9995
2026-04-29 17:42:04+00:00,0.9995
2026-04-29 17:43:17+00:00,0.9995
2026-04-29 17:44:05+00:00,0.9995
2026-04-29 17:45:05+00:00,0.9995
2026-04-29 17:46:03+00:00,0.9995
2026-04-29 17:47:04+00:00,0.9995
2026-04-29 17:48:04+00:00,0.9995
2026-04-29 17:49:05+00:00,0.9995
2026-04-29 17:50:03+00:00,0.9995
2026-04-29 17:51:17+00:00,0.9995
2026-04-29 17:52:17+00:00,0.9995
2026-04-29 17:53:05+00:00,0.9995
2026-04-29 17:54:05+00:00,0.9995
2026-04-29 17:55:05+00:00,0.9995
2026-04-29 17:56:05+00:00,0.9995
2026-04-29 17:57:05+00:00,0.9995
2026-04-29 17:58:05+00:00,0.9995
2026-04-29 17:59:06+00:00,0.9995
2026-04-29 18:00:07+00:00,0.9995
2026-04-29 18:01:06+00:00,0.9995
2026-04-29 18:02:03+00:00,0.9995
2026-04-29 18:03:04+00:00,0.9995
2026-04-29 18:04:03+00:00,0.9995
2026-04-29 18:05:20+00:00,0.9995
2026-04-29 18:06:04+00:00,0.9995
2026-04-29 18:07:05+00:00,0.9995
2026-04-29 18:08:07+00:00,0.9995
2026-04-29 18:09:04+00:00,0.9995
2026-04-29 18:10:04+00:00,0.9995
2026-04-29 18:11:04+00:00,0.9995
2026-04-29 18:12:04+00:00,0.9995
2026-04-29 18:13:21+00:00,0.9995
2026-04-29 18:14:05+00:00,0.9995
2026-04-29 18:15:06+00:00,0.9995
2026-04-29 18:16:03+00:00,0.9995
2026-04-29 18:17:05+00:00,0.9995
2026-04-29 18:18:05+00:00,0.9995
2026-04-29 18:19:05+00:00,0.9995
2026-04-29 18:20:05+00:00,0.9995
2026-04-29 18:21:05+00:00,0.9995
2026-04-29 18:22:05+00:00,0.9995
2026-04-29 18:23:15+00:00,0.9995
2026-04-29 18:24:04+00:00,0.9995
2026-04-29 18:25:07+00:00,0.9995
2026-04-29 18:26:18+00:00,0.9995
2026-04-29 18:27:06+00:00,0.9995
2026-04-29 18:28:04+00:00,0.9995
2026-04-29 18:29:04+00:00,0.9995
2026-04-29 18:30:05+00:00,0.9995
2026-04-29 18:31:05+00:00,0.9995
2026-04-29 18:32:05+00:00,0.9995
2026-04-29 18:33:06+00:00,0.9995
2026-04-29 18:34:19+00:00,0.9995
2026-04-29 18:35:06+00:00,0.9995
2026-04-29 18:36:08+00:00,0.9995
2026-04-29 18:37:07+00:00,0.9995
2026-04-29 18:38:19+00:00,0.9995
2026-04-29 18:39:07+00:00,0.9995
2026-04-29 18:40:07+00:00,0.9995
2026-04-29 18:41:06+00:00,0.9995
2026-04-29 18:42:07+00:00,0.9995
2026-04-29 18:43:17+00:00,0.9995
2026-04-29 18:44:06+00:00,0.9995
2026-04-29 18:45:07+00:00,0.9995
2026-04-29 18:46:07+00:00,0.9995
2026-04-29 18:47:07+00:00,0.9995
2026-04-29 18:48:07+00:00,0.9995
2026-04-29 18:49:04+00:00,0.9995
2026-04-29 18:50:05+00:00,0.9995
2026-04-29 18:51:08+00:00,0.9995
2026-04-29 18:52:04+00:00,0.9995
2026-04-29 18:53:06+00:00,0.9995
2026-04-29 18:54:04+00:00,0.9995
2026-04-29 18:55:07+00:00,0.9995
2026-04-29 18:56:05+00:00,0.9995
2026-04-29 18:57:20+00:00,0.9995
2026-04-29 18:58:03+00:00,0.9995
2026-04-29 18:59:04+00:00,0.9995
2026-04-29 19:00:05+00:00,0.9995
2026-04-29 19:01:03+00:00,0.9995
2026-04-29 19:02:04+00:00,0.9995
2026-04-29 19:03:05+00:00,0.9995
2026-04-29 19:04:05+00:00,0.9995
2026-04-29 19:05:19+00:00,0.9995
2026-04-29 19:06:05+00:00,0.9995
2026-04-29 19:07:04+00:00,0.9995
2026-04-29 19:08:05+00:00,0.9995
2026-04-29 19:09:03+00:00,0.9995
2026-04-29 19:10:05+00:00,0.9995
2026-04-29 19:11:07+00:00,0.9995
2026-04-29 19:12:05+00:00,0.9995
2026-04-29 19:13:04+00:00,0.9995
2026-04-29 19:14:04+00:00,0.9995
2026-04-29 19:15:06+00:00,0.9995
2026-04-29 19:16:08+00:00,0.9995
2026-04-29 19:17:06+00:00,0.9995
2026-04-29 19:18:06+00:00,0.9995
2026-04-29 19:19:05+00:00,0.9995
2026-04-29 19:20:05+00:00,0.9995
2026-04-29 19:21:19+00:00,0.9995
2026-04-29 19:22:05+00:00,0.9995
2026-04-29 19:23:05+00:00,0.9995
2026-04-29 19:24:05+00:00,0.9995
2026-04-29 19:25:04+00:00,0.9995
2026-04-29 19:26:07+00:00,0.9995
2026-04-29 19:27:08+00:00,0.9995
2026-04-29 19:28:16+00:00,0.9995
2026-04-29 19:29:04+00:00,0.9995
2026-04-29 19:30:05+00:00,0.9995
2026-04-29 19:31:04+00:00,0.9995
2026-04-29 19:32:06+00:00,0.9995
2026-04-29 19:33:05+00:00,0.9995
2026-04-29 19:34:04+00:00,0.9995
2026-04-29 19:35:05+00:00,0.9995
2026-04-29 19:36:04+00:00,0.9995
2026-04-29 19:37:08+00:00,0.9995
2026-04-29 19:38:04+00:00,0.9995
2026-04-29 19:39:04+00:00,0.9995
2026-04-29 19:40:08+00:00,0.9995
2026-04-29 19:41:05+00:00,0.9995
2026-04-29 19:42:04+00:00,0.9995
2026-04-29 19:43:04+00:00,0.9995
2026-04-29 19:44:04+00:00,0.9995
2026-04-29 19:45:06+00:00,0.9995
2026-04-29 19:46:04+00:00,0.9995
2026-04-29 19:47:08+00:00,0.9995
2026-04-29 19:48:05+00:00,0.9995
2026-04-29 19:49:05+00:00,0.9995
2026-04-29 19:50:06+00:00,0.9995
2026-04-29 19:51:06+00:00,0.9995
2026-04-29 19:52:06+00:00,0.9995
2026-04-29 19:53:03+00:00,0.9995
2026-04-29 19:54:05+00:00,0.9995
2026-04-29 19:55:04+00:00,0.9995
2026-04-29 19:56:05+00:00,0.9995
2026-04-29 19:57:07+00:00,0.9995
2026-04-29 19:58:05+00:00,0.9995
2026-04-29 19:59:06+00:00,0.9995
2026-04-29 20:00:06+00:00,0.9995
2026-04-29 20:01:08+00:00,0.9995
2026-04-29 20:02:05+00:00,0.9995
2026-04-29 20:03:05+00:00,0.9995
2026-04-29 20:04:04+00:00,0.9995
2026-04-29 20:05:05+00:00,0.9995
2026-04-29 20:06:04+00:00,0.9995
2026-04-29 20:07:05+00:00,0.9995
2026-04-29 20:08:04+00:00,0.9995
2026-04-29 20:09:05+00:00,0.9995
2026-04-29 20:10:04+00:00,0.9995
2026-04-29 20:11:04+00:00,0.9995
2026-04-29 20:12:04+00:00,0.9995
2026-04-29 20:13:05+00:00,0.9995
2026-04-29 20:14:05+00:00,0.9995
2026-04-29 20:15:05+00:00,0.9995
2026-04-29 20:16:04+00:00,0.9995
2026-04-29 20:17:07+00:00,0.9995
2026-04-29 20:18:07+00:00,0.9995
2026-04-29 20:19:07+00:00,0.9995
2026-04-29 20:20:04+00:00,0.9995
2026-04-29 20:21:04+00:00,0.9995
2026-04-29 20:22:03+00:00,0.9995
2026-04-29 20:23:06+00:00,0.9995
2026-04-29 20:24:05+00:00,0.9995
2026-04-29 20:25:22+00:00,0.9995
2026-04-29 20:26:06+00:00,0.9995
2026-04-29 20:27:17+00:00,0.9995
2026-04-29 20:28:07+00:00,0.9995
2026-04-29 20:29:04+00:00,0.9995
2026-04-29 20:30:17+00:00,0.9995
2026-04-29 20:31:04+00:00,0.9995
2026-04-29 20:32:04+00:00,0.9995
2026-04-29 20:33:07+00:00,0.9995
2026-04-29 20:34:06+00:00,0.9995
2026-04-29 20:35:05+00:00,0.9995
2026-04-29 20:36:08+00:00,0.9995
2026-04-29 20:37:06+00:00,0.9995
2026-04-29 20:38:07+00:00,0.9995
2026-04-29 20:39:04+00:00,0.9995
2026-04-29 20:40:19+00:00,0.9995
2026-04-29 20:41:05+00:00,0.9995
2026-04-29 20:42:05+00:00,0.9995
2026-04-29 20:43:07+00:00,0.9995
2026-04-29 20:44:05+00:00,0.9995
2026-04-29 20:45:05+00:00,0.9995
2026-04-29 20:46:06+00:00,0.9995
2026-04-29 20:47:05+00:00,0.9995
2026-04-29 20:48:03+00:00,0.9995
2026-04-29 20:49:06+00:00,0.9995
2026-04-29 20:50:06+00:00,0.9995
2026-04-29 20:51:05+00:00,0.9995
2026-04-29 20:52:05+00:00,0.9995
2026-04-29 20:53:04+00:00,0.9995
2026-04-29 20:54:04+00:00,0.9995
2026-04-29 20:55:20+00:00,0.9995
2026-04-29 20:56:17+00:00,0.9995
2026-04-29 20:57:05+00:00,0.9995
2026-04-29 20:58:04+00:00,0.9995
2026-04-29 20:59:04+00:00,0.9995
2026-04-29 21:00:19+00:00,0.9995
2026-04-29 21:01:04+00:00,0.9995
2026-04-29 21:02:04+00:00,0.9995
2026-04-29 21:03:04+00:00,0.9995
2026-04-29 21:04:05+00:00,0.9995
2026-04-29 21:05:07+00:00,0.9995
2026-04-29 21:06:03+00:00,0.9995
2026-04-29 21:07:05+00:00,0.9995
2026-04-29 21:08:06+00:00,0.9995
2026-04-29 21:09:04+00:00,0.9995
2026-04-29 21:10:04+00:00,0.9995
2026-04-29 21:11:04+00:00,0.9995
2026-04-29 21:12:03+00:00,0.9995
2026-04-29 21:13:03+00:00,0.9995
2026-04-29 21:14:04+00:00,0.9995
2026-04-29 21:15:16+00:00,0.9995
2026-04-29 21:16:04+00:00,0.9995
2026-04-29 21:17:06+00:00,0.9995
2026-04-29 21:18:04+00:00,0.9995
2026-04-29 21:19:04+00:00,0.9995
2026-04-29 21:20:05+00:00,0.9995
2026-04-29 21:21:05+00:00,0.9995
2026-04-29 21:22:04+00:00,0.9995
2026-04-29 21:23:04+00:00,0.9995
