timestamp,price
2025-12-31 01:36:09+00:00,0.9975
2025-12-31 01:37:08+00:00,0.9975
2025-12-31 01:38:12+00:00,0.997
2025-12-31 01:39:08+00:00,0.997
2025-12-31 01:40:10+00:00,0.997
2025-12-31 01:41:08+00:00,0.9965
2025-12-31 01:42:08+00:00,0.9965
2025-12-31 01:43:24+00:00,0.9965
2025-12-31 01:44:08+00:00,0.9965
2025-12-31 01:45:09+00:00,0.9965
2025-12-31 01:46:08+00:00,0.9965
2025-12-31 01:47:08+00:00,0.9965
2025-12-31 01:48:08+00:00,0.9965
2025-12-31 01:49:08+00:00,0.9965
2025-12-31 01:50:09+00:00,0.9965
2025-12-31 01:51:09+00:00,0.9965
2025-12-31 01:52:08+00:00,0.9965
2025-12-31 01:53:09+00:00,0.9965
2025-12-31 01:54:08+00:00,0.9965
2025-12-31 01:55:09+00:00,0.9965
2025-12-31 01:56:08+00:00,0.9965
2025-12-31 01:57:09+00:00,0.9965
2025-12-31 01:58:21+00:00,0.9965
2025-12-31 01:59:08+00:00,0.9965
2025-12-31 02:00:11+00:00,0.996
2025-12-31 02:01:13+00:00,0.9955
2025-12-31 02:02:08+00:00,0.9955
2025-12-31 02:03:09+00:00,0.9955
2025-12-31 02:04:20+00:00,0.9955
2025-12-31 02:05:10+00:00,0.9955
2025-12-31 02:06:09+00:00,0.9955
2025-12-31 02:07:08+00:00,0.9955
2025-12-31 02:08:08+00:00,0.9955
2025-12-31 02:09:20+00:00,0.9955
2025-12-31 02:10:10+00:00,0.9955
2025-12-31 02:11:09+00:00,0.996
2025-12-31 02:12:08+00:00,0.9955
2025-12-31 02:13:21+00:00,0.996
2025-12-31 02:14:09+00:00,0.996
2025-12-31 02:15:09+00:00,0.996
2025-12-31 02:16:09+00:00,0.9965
2025-12-31 02:17:08+00:00,0.9965
2025-12-31 02:18:09+00:00,0.9965
2025-12-31 02:19:09+00:00,0.9965
2025-12-31 02:20:09+00:00,0.996
2025-12-31 02:21:24+00:00,0.996
2025-12-31 02:22:08+00:00,0.9965
2025-12-31 02:23:09+00:00,0.9965
2025-12-31 02:24:08+00:00,0.9965
2025-12-31 02:25:10+00:00,0.9965
2025-12-31 02:26:08+00:00,0.9965
2025-12-31 02:27:13+00:00,0.9965
2025-12-31 02:28:21+00:00,0.996
2025-12-31 02:29:08+00:00,0.996
2025-12-31 02:30:12+00:00,0.996
2025-12-31 02:31:23+00:00,0.996
2025-12-31 02:32:23+00:00,0.996
2025-12-31 02:33:19+00:00,0.996
2025-12-31 02:34:23+00:00,0.996
2025-12-31 02:35:09+00:00,0.996
2025-12-31 02:36:08+00:00,0.996
2025-12-31 02:37:08+00:00,0.996
2025-12-31 02:38:08+00:00,0.996
2025-12-31 02:39:09+00:00,0.996
2025-12-31 02:40:21+00:00,0.996
2025-12-31 02:41:08+00:00,0.996
2025-12-31 02:42:08+00:00,0.996
2025-12-31 02:43:08+00:00,0.996
2025-12-31 02:44:09+00:00,0.9965
2025-12-31 02:45:09+00:00,0.9965
2025-12-31 02:46:09+00:00,0.9965
2025-12-31 02:47:08+00:00,0.9965
2025-12-31 02:48:08+00:00,0.9965
2025-12-31 02:49:08+00:00,0.9965
2025-12-31 02:50:10+00:00,0.9965
2025-12-31 02:51:09+00:00,0.9965
2025-12-31 02:52:20+00:00,0.9965
2025-12-31 02:53:13+00:00,0.997
2025-12-31 02:54:09+00:00,0.997
2025-12-31 02:55:10+00:00,0.997
2025-12-31 02:56:09+00:00,0.997
2025-12-31 02:57:08+00:00,0.997
2025-12-31 02:58:08+00:00,0.9965
2025-12-31 02:59:08+00:00,0.9965
2025-12-31 03:00:12+00:00,0.997
2025-12-31 03:01:08+00:00,0.997
2025-12-31 03:02:09+00:00,0.997
2025-12-31 03:03:09+00:00,0.9965
2025-12-31 03:04:08+00:00,0.997
2025-12-31 03:05:20+00:00,0.997
2025-12-31 03:06:09+00:00,0.9965
2025-12-31 03:07:22+00:00,0.996
2025-12-31 03:08:09+00:00,0.996
2025-12-31 03:09:24+00:00,0.9965
2025-12-31 03:10:14+00:00,0.9965
2025-12-31 03:11:09+00:00,0.996
2025-12-31 03:12:08+00:00,0.9965
2025-12-31 03:13:09+00:00,0.9965
2025-12-31 03:14:09+00:00,0.9965
2025-12-31 03:15:09+00:00,0.9965
2025-12-31 03:16:09+00:00,0.9965
2025-12-31 03:17:08+00:00,0.9965
2025-12-31 03:18:09+00:00,0.9965
2025-12-31 03:19:09+00:00,0.9965
2025-12-31 03:20:09+00:00,0.9965
2025-12-31 03:21:20+00:00,0.9965
2025-12-31 03:22:09+00:00,0.9965
2025-12-31 03:23:09+00:00,0.9965
2025-12-31 03:24:08+00:00,0.9965
2025-12-31 03:25:23+00:00,0.9965
2025-12-31 03:26:08+00:00,0.9965
2025-12-31 03:27:09+00:00,0.9965
2025-12-31 03:28:21+00:00,0.9975
2025-12-31 03:29:20+00:00,0.9975
2025-12-31 03:30:25+00:00,0.9965
2025-12-31 03:31:09+00:00,0.997
2025-12-31 03:32:09+00:00,0.997
2025-12-31 03:33:08+00:00,0.9965
2025-12-31 03:34:08+00:00,0.9965
2025-12-31 03:35:23+00:00,0.997
2025-12-31 03:36:13+00:00,0.996
2025-12-31 03:37:20+00:00,0.996
2025-12-31 03:38:09+00:00,0.9965
2025-12-31 03:39:08+00:00,0.9955
2025-12-31 03:40:10+00:00,0.9955
2025-12-31 03:41:08+00:00,0.9955
2025-12-31 03:42:08+00:00,0.996
2025-12-31 03:43:08+00:00,0.9965
2025-12-31 03:44:08+00:00,0.9965
2025-12-31 03:45:09+00:00,0.9975
2025-12-31 03:46:08+00:00,0.9975
2025-12-31 03:47:08+00:00,0.9975
2025-12-31 03:48:09+00:00,0.9975
2025-12-31 03:49:09+00:00,0.9975
2025-12-31 03:50:23+00:00,0.9975
2025-12-31 03:51:08+00:00,0.998
2025-12-31 03:52:09+00:00,0.9985
2025-12-31 03:53:08+00:00,0.9985
2025-12-31 03:54:09+00:00,0.9985
2025-12-31 03:55:08+00:00,0.998
2025-12-31 03:56:08+00:00,0.9975
2025-12-31 03:57:08+00:00,0.9975
2025-12-31 03:58:08+00:00,0.9975
2025-12-31 03:59:08+00:00,0.997
2025-12-31 04:00:17+00:00,0.997
2025-12-31 04:01:22+00:00,0.997
2025-12-31 04:02:09+00:00,0.997
2025-12-31 04:03:20+00:00,0.997
2025-12-31 04:04:08+00:00,0.997
2025-12-31 04:05:09+00:00,0.997
2025-12-31 04:06:08+00:00,0.9965
2025-12-31 04:07:09+00:00,0.9965
2025-12-31 04:08:09+00:00,0.9965
2025-12-31 04:09:08+00:00,0.9965
2025-12-31 04:10:09+00:00,0.996
2025-12-31 04:11:08+00:00,0.996
2025-12-31 04:12:19+00:00,0.996
2025-12-31 04:13:08+00:00,0.996
2025-12-31 04:14:08+00:00,0.9955
2025-12-31 04:15:09+00:00,0.9965
2025-12-31 04:16:08+00:00,0.9965
2025-12-31 04:17:21+00:00,0.996
2025-12-31 04:18:09+00:00,0.9975
2025-12-31 04:19:08+00:00,0.9975
2025-12-31 04:20:21+00:00,0.9975
2025-12-31 04:21:09+00:00,0.9975
2025-12-31 04:22:09+00:00,0.9975
2025-12-31 04:23:08+00:00,0.9975
2025-12-31 04:24:09+00:00,0.9975
2025-12-31 04:25:08+00:00,0.9975
2025-12-31 04:26:14+00:00,0.9975
2025-12-31 04:27:09+00:00,0.9975
2025-12-31 04:28:09+00:00,0.9975
2025-12-31 04:29:09+00:00,0.997
2025-12-31 04:30:25+00:00,0.997
2025-12-31 04:31:09+00:00,0.997
2025-12-31 04:32:09+00:00,0.997
2025-12-31 04:33:09+00:00,0.997
2025-12-31 04:34:22+00:00,0.9965
2025-12-31 04:35:10+00:00,0.9965
2025-12-31 04:36:10+00:00,0.9965
2025-12-31 04:37:08+00:00,0.9965
2025-12-31 04:38:09+00:00,0.9965
2025-12-31 04:39:09+00:00,0.9965
2025-12-31 04:40:08+00:00,0.997
2025-12-31 04:41:08+00:00,0.9965
2025-12-31 04:42:08+00:00,0.9975
2025-12-31 04:43:09+00:00,0.9975
2025-12-31 04:44:13+00:00,0.9975
2025-12-31 04:45:09+00:00,0.9975
2025-12-31 04:46:08+00:00,0.9975
2025-12-31 04:47:08+00:00,0.9975
2025-12-31 04:48:08+00:00,0.9975
2025-12-31 04:49:08+00:00,0.9975
2025-12-31 04:50:09+00:00,0.9975
2025-12-31 04:51:08+00:00,0.9975
2025-12-31 04:52:08+00:00,0.9975
2025-12-31 04:53:08+00:00,0.9975
2025-12-31 04:54:08+00:00,0.9975
2025-12-31 04:55:08+00:00,0.9975
2025-12-31 04:56:08+00:00,0.9975
2025-12-31 04:57:08+00:00,0.9975
2025-12-31 04:58:08+00:00,0.9975
2025-12-31 04:59:08+00:00,0.9975
2025-12-31 05:00:10+00:00,0.9975
2025-12-31 05:01:08+00:00,0.9975
2025-12-31 05:02:08+00:00,0.9975
2025-12-31 05:03:08+00:00,0.9975
2025-12-31 05:04:08+00:00,0.9975
2025-12-31 05:05:08+00:00,0.9975
2025-12-31 05:06:08+00:00,0.9975
2025-12-31 05:07:08+00:00,0.9975
2025-12-31 05:08:08+00:00,0.9975
2025-12-31 05:09:08+00:00,0.998
2025-12-31 05:10:15+00:00,0.998
2025-12-31 05:11:08+00:00,0.9985
2025-12-31 05:12:08+00:00,0.9985
2025-12-31 05:13:08+00:00,0.9985
2025-12-31 05:14:08+00:00,0.998
2025-12-31 05:15:09+00:00,0.998
2025-12-31 05:16:08+00:00,0.9975
2025-12-31 05:17:08+00:00,0.9975
2025-12-31 05:18:08+00:00,0.9975
2025-12-31 05:19:08+00:00,0.9975
2025-12-31 05:20:08+00:00,0.9975
2025-12-31 05:21:08+00:00,0.9975
2025-12-31 05:22:08+00:00,0.9975
2025-12-31 05:23:08+00:00,0.9975
2025-12-31 05:24:08+00:00,0.9975
2025-12-31 05:25:08+00:00,0.9975
2025-12-31 05:26:09+00:00,0.9975
2025-12-31 05:27:08+00:00,0.9975
2025-12-31 05:28:08+00:00,0.9985
2025-12-31 05:29:08+00:00,0.9985
2025-12-31 05:30:11+00:00,0.9985
2025-12-31 05:31:08+00:00,0.9985
2025-12-31 05:32:08+00:00,0.9985
2025-12-31 05:33:08+00:00,0.9985
2025-12-31 05:34:22+00:00,0.9985
2025-12-31 05:35:08+00:00,0.9985
2025-12-31 05:36:12+00:00,0.9985
2025-12-31 05:37:08+00:00,0.9985
2025-12-31 05:38:08+00:00,0.9985
2025-12-31 05:39:08+00:00,0.9985
2025-12-31 05:40:09+00:00,0.9985
2025-12-31 05:41:08+00:00,0.9985
2025-12-31 05:42:09+00:00,0.9985
2025-12-31 05:43:08+00:00,0.9985
2025-12-31 05:44:08+00:00,0.9985
2025-12-31 05:45:08+00:00,0.9985
2025-12-31 05:46:08+00:00,0.9985
2025-12-31 05:47:08+00:00,0.9985
2025-12-31 05:48:08+00:00,0.9985
2025-12-31 05:49:08+00:00,0.9985
2025-12-31 05:50:09+00:00,0.9985
2025-12-31 05:51:08+00:00,0.9985
2025-12-31 05:52:08+00:00,0.9985
2025-12-31 05:53:08+00:00,0.9985
2025-12-31 05:54:08+00:00,0.9985
2025-12-31 05:55:08+00:00,0.9985
2025-12-31 05:56:08+00:00,0.9985
2025-12-31 05:57:08+00:00,0.9985
2025-12-31 05:58:08+00:00,0.9985
2025-12-31 05:59:08+00:00,0.9985
2025-12-31 06:00:11+00:00,0.9985
2025-12-31 06:01:08+00:00,0.9985
2025-12-31 06:02:13+00:00,0.9985
2025-12-31 06:03:08+00:00,0.9985
2025-12-31 06:04:08+00:00,0.9985
2025-12-31 06:05:14+00:00,0.9985
2025-12-31 06:06:08+00:00,0.9985
2025-12-31 06:07:08+00:00,0.9985
2025-12-31 06:08:08+00:00,0.9985
2025-12-31 06:09:08+00:00,0.9985
2025-12-31 06:10:08+00:00,0.9985
2025-12-31 06:11:08+00:00,0.9985
2025-12-31 06:12:08+00:00,0.9985
2025-12-31 06:13:08+00:00,0.9985
2025-12-31 06:14:08+00:00,0.9985
2025-12-31 06:15:08+00:00,0.9985
2025-12-31 06:16:08+00:00,0.9985
2025-12-31 06:17:08+00:00,0.9985
2025-12-31 06:18:08+00:00,0.9985
2025-12-31 06:19:08+00:00,0.9985
2025-12-31 06:20:08+00:00,0.9985
2025-12-31 06:21:08+00:00,0.9985
2025-12-31 06:22:08+00:00,0.9985
2025-12-31 06:23:08+00:00,0.9985
2025-12-31 06:24:08+00:00,0.9985
2025-12-31 06:25:08+00:00,0.9985
2025-12-31 06:26:08+00:00,0.9985
2025-12-31 06:27:08+00:00,0.9985
2025-12-31 06:28:08+00:00,0.9985
2025-12-31 06:29:08+00:00,0.9985
2025-12-31 06:30:10+00:00,0.9985
2025-12-31 06:31:13+00:00,0.9985
2025-12-31 06:32:08+00:00,0.9985
2025-12-31 06:33:08+00:00,0.9985
2025-12-31 06:34:08+00:00,0.9985
2025-12-31 06:35:14+00:00,0.9985
2025-12-31 06:36:08+00:00,0.9985
2025-12-31 06:37:08+00:00,0.9985
2025-12-31 06:38:08+00:00,0.9985
2025-12-31 06:39:08+00:00,0.9985
2025-12-31 06:40:08+00:00,0.9985
2025-12-31 06:41:08+00:00,0.9985
2025-12-31 06:42:08+00:00,0.9985
2025-12-31 06:43:08+00:00,0.9985
2025-12-31 06:44:08+00:00,0.9995
2025-12-31 06:45:08+00:00,0.9995
2025-12-31 06:46:08+00:00,0.9995
2025-12-31 06:47:08+00:00,0.9995
2025-12-31 06:48:08+00:00,0.9995
2025-12-31 06:49:08+00:00,0.9995
2025-12-31 06:50:08+00:00,0.9995
2025-12-31 06:51:08+00:00,0.9985
2025-12-31 06:52:19+00:00,0.9985
2025-12-31 06:53:08+00:00,0.9985
2025-12-31 06:54:08+00:00,0.9985
2025-12-31 06:55:08+00:00,0.9985
2025-12-31 06:56:24+00:00,0.9985
2025-12-31 06:57:09+00:00,0.9985
2025-12-31 06:58:08+00:00,0.9985
2025-12-31 06:59:08+00:00,0.9985
2025-12-31 07:00:10+00:00,0.9995
2025-12-31 07:01:29+00:00,0.9995
2025-12-31 07:02:08+00:00,0.9995
2025-12-31 07:03:08+00:00,0.9995
2025-12-31 07:04:13+00:00,0.9995
2025-12-31 07:05:10+00:00,0.9995
2025-12-31 07:06:08+00:00,0.9995
2025-12-31 07:07:08+00:00,0.9995
2025-12-31 07:08:08+00:00,0.9995
2025-12-31 07:09:08+00:00,0.9995
2025-12-31 07:10:08+00:00,0.9995
2025-12-31 07:11:08+00:00,0.9995
2025-12-31 07:12:08+00:00,0.9995
2025-12-31 07:13:08+00:00,0.9995
2025-12-31 07:14:08+00:00,0.9995
2025-12-31 07:15:08+00:00,0.9995
2025-12-31 07:16:23+00:00,0.9995
2025-12-31 07:17:08+00:00,0.9995
2025-12-31 07:18:08+00:00,0.9995
2025-12-31 07:19:07+00:00,0.9995
2025-12-31 07:20:09+00:00,0.9995
2025-12-31 07:21:09+00:00,0.9995
2025-12-31 07:22:08+00:00,0.9995
2025-12-31 07:23:08+00:00,0.9995
2025-12-31 07:24:08+00:00,0.9995
2025-12-31 07:25:08+00:00,0.9995
2025-12-31 07:26:08+00:00,0.9995
2025-12-31 07:27:08+00:00,0.9995
2025-12-31 07:28:08+00:00,0.9995
2025-12-31 07:29:08+00:00,0.9995
2025-12-31 07:30:15+00:00,0.9995
2025-12-31 07:31:08+00:00,0.9995
2025-12-31 07:32:08+00:00,0.9995
2025-12-31 07:33:08+00:00,0.9995
2025-12-31 07:34:08+00:00,0.9995
2025-12-31 07:35:08+00:00,0.9995
2025-12-31 07:36:08+00:00,0.9995
2025-12-31 07:37:08+00:00,0.9995
2025-12-31 07:38:08+00:00,0.9995
2025-12-31 07:39:08+00:00,0.9985
2025-12-31 07:40:09+00:00,0.9985
2025-12-31 07:41:08+00:00,0.9985
2025-12-31 07:42:08+00:00,0.9985
2025-12-31 07:43:08+00:00,0.9985
2025-12-31 07:44:08+00:00,0.9985
2025-12-31 07:45:08+00:00,0.9985
2025-12-31 07:46:08+00:00,0.9985
2025-12-31 07:47:08+00:00,0.9985
2025-12-31 07:48:08+00:00,0.9985
2025-12-31 07:49:08+00:00,0.9985
2025-12-31 07:50:08+00:00,0.9985
2025-12-31 07:51:08+00:00,0.9985
2025-12-31 07:52:08+00:00,0.9985
2025-12-31 07:53:08+00:00,0.9985
2025-12-31 07:54:09+00:00,0.998
2025-12-31 07:55:08+00:00,0.998
2025-12-31 07:56:12+00:00,0.9985
2025-12-31 07:57:08+00:00,0.9985
2025-12-31 07:58:08+00:00,0.9985
2025-12-31 07:59:08+00:00,0.998
2025-12-31 08:00:11+00:00,0.998
2025-12-31 08:01:08+00:00,0.998
2025-12-31 08:02:08+00:00,0.9975
2025-12-31 08:03:08+00:00,0.9975
2025-12-31 08:04:08+00:00,0.9965
2025-12-31 08:05:08+00:00,0.997
2025-12-31 08:06:08+00:00,0.9975
2025-12-31 08:07:08+00:00,0.9975
2025-12-31 08:08:08+00:00,0.9975
2025-12-31 08:09:08+00:00,0.9975
2025-12-31 08:10:23+00:00,0.9975
2025-12-31 08:11:08+00:00,0.9975
2025-12-31 08:12:08+00:00,0.9975
2025-12-31 08:13:08+00:00,0.998
2025-12-31 08:14:08+00:00,0.9975
2025-12-31 08:15:09+00:00,0.9975
2025-12-31 08:16:08+00:00,0.9975
2025-12-31 08:17:22+00:00,0.9975
2025-12-31 08:18:08+00:00,0.9975
2025-12-31 08:19:08+00:00,0.9975
2025-12-31 08:20:08+00:00,0.998
2025-12-31 08:21:08+00:00,0.9985
2025-12-31 08:22:27+00:00,0.9985
2025-12-31 08:23:08+00:00,0.9985
2025-12-31 08:24:08+00:00,0.9975
2025-12-31 08:25:09+00:00,0.9975
2025-12-31 08:26:08+00:00,0.9975
2025-12-31 08:27:08+00:00,0.9975
2025-12-31 08:28:08+00:00,0.9975
2025-12-31 08:29:08+00:00,0.9975
2025-12-31 08:30:10+00:00,0.9975
2025-12-31 08:31:08+00:00,0.9975
2025-12-31 08:32:08+00:00,0.998
2025-12-31 08:33:08+00:00,0.9975
2025-12-31 08:34:08+00:00,0.9975
2025-12-31 08:35:08+00:00,0.9975
2025-12-31 08:36:08+00:00,0.9975
2025-12-31 08:37:08+00:00,0.9975
2025-12-31 08:38:08+00:00,0.998
2025-12-31 08:39:08+00:00,0.998
2025-12-31 08:40:08+00:00,0.9975
2025-12-31 08:41:08+00:00,0.997
2025-12-31 08:42:08+00:00,0.9975
2025-12-31 08:43:08+00:00,0.997
2025-12-31 08:44:08+00:00,0.997
2025-12-31 08:45:08+00:00,0.997
2025-12-31 08:46:08+00:00,0.997
2025-12-31 08:47:08+00:00,0.997
2025-12-31 08:48:13+00:00,0.997
2025-12-31 08:49:08+00:00,0.997
2025-12-31 08:50:24+00:00,0.997
2025-12-31 08:51:08+00:00,0.997
2025-12-31 08:52:08+00:00,0.997
2025-12-31 08:53:08+00:00,0.9975
2025-12-31 08:54:08+00:00,0.9975
2025-12-31 08:55:09+00:00,0.9975
2025-12-31 08:56:08+00:00,0.9975
2025-12-31 08:57:08+00:00,0.9975
2025-12-31 08:58:08+00:00,0.9975
2025-12-31 08:59:08+00:00,0.9975
2025-12-31 09:00:11+00:00,0.997
2025-12-31 09:01:08+00:00,0.997
2025-12-31 09:02:08+00:00,0.997
2025-12-31 09:03:08+00:00,0.997
2025-12-31 09:04:08+00:00,0.997
2025-12-31 09:05:09+00:00,0.997
2025-12-31 09:06:08+00:00,0.9975
2025-12-31 09:07:08+00:00,0.9975
2025-12-31 09:08:19+00:00,0.997
2025-12-31 09:09:08+00:00,0.997
2025-12-31 09:10:09+00:00,0.9965
2025-12-31 09:11:08+00:00,0.9965
2025-12-31 09:12:08+00:00,0.9965
2025-12-31 09:13:08+00:00,0.9965
2025-12-31 09:14:13+00:00,0.9965
2025-12-31 09:15:09+00:00,0.9965
2025-12-31 09:16:19+00:00,0.9965
2025-12-31 09:17:08+00:00,0.9965
2025-12-31 09:18:09+00:00,0.997
2025-12-31 09:19:08+00:00,0.9965
2025-12-31 09:20:08+00:00,0.997
2025-12-31 09:21:08+00:00,0.9975
2025-12-31 09:22:08+00:00,0.998
2025-12-31 09:23:08+00:00,0.998
2025-12-31 09:24:08+00:00,0.998
2025-12-31 09:25:08+00:00,0.9975
2025-12-31 09:26:08+00:00,0.9975
2025-12-31 09:27:08+00:00,0.9975
2025-12-31 09:28:08+00:00,0.9975
2025-12-31 09:29:08+00:00,0.9975
2025-12-31 09:30:10+00:00,0.9975
2025-12-31 09:31:08+00:00,0.9975
2025-12-31 09:32:08+00:00,0.9975
2025-12-31 09:33:08+00:00,0.9975
2025-12-31 09:34:08+00:00,0.9975
2025-12-31 09:35:08+00:00,0.9975
2025-12-31 09:36:08+00:00,0.9975
2025-12-31 09:37:08+00:00,0.9975
2025-12-31 09:38:08+00:00,0.9975
2025-12-31 09:39:08+00:00,0.9975
2025-12-31 09:40:14+00:00,0.9975
2025-12-31 09:41:08+00:00,0.9975
2025-12-31 09:42:09+00:00,0.9975
2025-12-31 09:43:08+00:00,0.9975
2025-12-31 09:44:22+00:00,0.9975
2025-12-31 09:45:08+00:00,0.9975
2025-12-31 09:46:08+00:00,0.9975
2025-12-31 09:47:08+00:00,0.9975
2025-12-31 09:48:23+00:00,0.9975
2025-12-31 09:49:08+00:00,0.9975
2025-12-31 09:50:08+00:00,0.9975
2025-12-31 09:51:08+00:00,0.9975
2025-12-31 09:52:08+00:00,0.9975
2025-12-31 09:53:08+00:00,0.9975
2025-12-31 09:54:12+00:00,0.9975
2025-12-31 09:55:09+00:00,0.9975
2025-12-31 09:56:08+00:00,0.9975
2025-12-31 09:57:08+00:00,0.9975
2025-12-31 09:58:08+00:00,0.9975
2025-12-31 09:59:08+00:00,0.9975
2025-12-31 10:00:10+00:00,0.9975
2025-12-31 10:01:08+00:00,0.9975
2025-12-31 10:02:09+00:00,0.9975
2025-12-31 10:03:08+00:00,0.9975
2025-12-31 10:04:08+00:00,0.9975
2025-12-31 10:05:08+00:00,0.9975
2025-12-31 10:06:08+00:00,0.9975
2025-12-31 10:07:08+00:00,0.9975
2025-12-31 10:08:08+00:00,0.9975
2025-12-31 10:09:08+00:00,0.9975
2025-12-31 10:10:21+00:00,0.9975
2025-12-31 10:11:08+00:00,0.9975
2025-12-31 10:12:08+00:00,0.9975
2025-12-31 10:13:08+00:00,0.9975
2025-12-31 10:14:20+00:00,0.9975
2025-12-31 10:15:08+00:00,0.9975
2025-12-31 10:16:08+00:00,0.9975
2025-12-31 10:17:08+00:00,0.9975
2025-12-31 10:18:23+00:00,0.9975
2025-12-31 10:19:08+00:00,0.9975
2025-12-31 10:20:14+00:00,0.9975
2025-12-31 10:21:09+00:00,0.9975
2025-12-31 10:22:08+00:00,0.9975
2025-12-31 10:23:08+00:00,0.9975
2025-12-31 10:24:08+00:00,0.9975
2025-12-31 10:25:08+00:00,0.9975
2025-12-31 10:26:08+00:00,0.9975
2025-12-31 10:27:08+00:00,0.9975
2025-12-31 10:28:08+00:00,0.9975
2025-12-31 10:29:08+00:00,0.9975
2025-12-31 10:30:09+00:00,0.9975
2025-12-31 10:31:08+00:00,0.9975
2025-12-31 10:32:08+00:00,0.9975
2025-12-31 10:33:08+00:00,0.9975
2025-12-31 10:34:08+00:00,0.9975
2025-12-31 10:35:08+00:00,0.9975
2025-12-31 10:36:08+00:00,0.9975
2025-12-31 10:37:08+00:00,0.9975
2025-12-31 10:38:08+00:00,0.9975
2025-12-31 10:39:08+00:00,0.9975
2025-12-31 10:40:08+00:00,0.9975
2025-12-31 10:41:08+00:00,0.9975
2025-12-31 10:42:08+00:00,0.9975
2025-12-31 10:43:08+00:00,0.9975
2025-12-31 10:44:08+00:00,0.9975
2025-12-31 10:45:08+00:00,0.9975
2025-12-31 10:46:24+00:00,0.9975
2025-12-31 10:47:08+00:00,0.9975
2025-12-31 10:48:09+00:00,0.9975
2025-12-31 10:49:08+00:00,0.9975
2025-12-31 10:50:09+00:00,0.9975
2025-12-31 10:51:08+00:00,0.9975
2025-12-31 10:52:23+00:00,0.9975
2025-12-31 10:53:08+00:00,0.9975
2025-12-31 10:54:08+00:00,0.9975
2025-12-31 10:55:09+00:00,0.9975
2025-12-31 10:56:08+00:00,0.9975
2025-12-31 10:57:08+00:00,0.9975
2025-12-31 10:58:08+00:00,0.9975
2025-12-31 10:59:08+00:00,0.9975
2025-12-31 11:00:21+00:00,0.9975
2025-12-31 11:01:08+00:00,0.9975
2025-12-31 11:02:08+00:00,0.9975
2025-12-31 11:03:08+00:00,0.9975
2025-12-31 11:04:08+00:00,0.9975
2025-12-31 11:05:08+00:00,0.9975
2025-12-31 11:06:08+00:00,0.9975
2025-12-31 11:07:08+00:00,0.9975
2025-12-31 11:08:07+00:00,0.9975
2025-12-31 11:09:08+00:00,0.9975
2025-12-31 11:10:08+00:00,0.9975
2025-12-31 11:11:08+00:00,0.9975
2025-12-31 11:12:13+00:00,0.9975
2025-12-31 11:13:19+00:00,0.9975
2025-12-31 11:14:08+00:00,0.9975
2025-12-31 11:15:10+00:00,0.9975
2025-12-31 11:16:08+00:00,0.9975
2025-12-31 11:17:08+00:00,0.9975
2025-12-31 11:18:08+00:00,0.9975
2025-12-31 11:19:13+00:00,0.9975
2025-12-31 11:20:10+00:00,0.9975
2025-12-31 11:21:08+00:00,0.9975
2025-12-31 11:22:08+00:00,0.9975
2025-12-31 11:23:08+00:00,0.9975
2025-12-31 11:24:08+00:00,0.9975
2025-12-31 11:25:09+00:00,0.9975
2025-12-31 11:26:08+00:00,0.9975
2025-12-31 11:27:08+00:00,0.9975
2025-12-31 11:28:08+00:00,0.9975
2025-12-31 11:29:08+00:00,0.9975
2025-12-31 11:30:10+00:00,0.9975
2025-12-31 11:31:08+00:00,0.9975
2025-12-31 11:32:08+00:00,0.9975
2025-12-31 11:33:08+00:00,0.9975
2025-12-31 11:34:08+00:00,0.9975
2025-12-31 11:35:09+00:00,0.9975
2025-12-31 11:36:08+00:00,0.9975
2025-12-31 11:37:08+00:00,0.9975
2025-12-31 11:38:08+00:00,0.9975
2025-12-31 11:39:08+00:00,0.9975
2025-12-31 11:40:08+00:00,0.9975
2025-12-31 11:41:19+00:00,0.9975
2025-12-31 11:42:08+00:00,0.9975
2025-12-31 11:43:08+00:00,0.9975
2025-12-31 11:44:13+00:00,0.9975
2025-12-31 11:45:10+00:00,0.9975
2025-12-31 11:46:08+00:00,0.9975
2025-12-31 11:47:08+00:00,0.9975
2025-12-31 11:48:08+00:00,0.9975
2025-12-31 11:49:08+00:00,0.9975
2025-12-31 11:50:08+00:00,0.9975
2025-12-31 11:51:08+00:00,0.9975
2025-12-31 11:52:08+00:00,0.9975
2025-12-31 11:53:09+00:00,0.9975
2025-12-31 11:54:08+00:00,0.9975
2025-12-31 11:55:08+00:00,0.9975
2025-12-31 11:56:19+00:00,0.9975
2025-12-31 11:57:08+00:00,0.9975
2025-12-31 11:58:08+00:00,0.9975
2025-12-31 11:59:08+00:00,0.9975
2025-12-31 12:00:11+00:00,0.9975
2025-12-31 12:01:08+00:00,0.9975
2025-12-31 12:02:08+00:00,0.9975
2025-12-31 12:03:08+00:00,0.9975
2025-12-31 12:04:08+00:00,0.9975
2025-12-31 12:05:08+00:00,0.9975
2025-12-31 12:06:08+00:00,0.9975
2025-12-31 12:07:08+00:00,0.9975
2025-12-31 12:08:09+00:00,0.9975
2025-12-31 12:09:08+00:00,0.9975
2025-12-31 12:10:14+00:00,0.9975
2025-12-31 12:11:08+00:00,0.9975
2025-12-31 12:12:08+00:00,0.9975
2025-12-31 12:13:09+00:00,0.9975
2025-12-31 12:14:08+00:00,0.9975
2025-12-31 12:15:08+00:00,0.9975
2025-12-31 12:16:08+00:00,0.9975
2025-12-31 12:17:08+00:00,0.9975
2025-12-31 12:18:08+00:00,0.9975
2025-12-31 12:19:22+00:00,0.9975
2025-12-31 12:20:09+00:00,0.9975
2025-12-31 12:21:08+00:00,0.9975
2025-12-31 12:22:08+00:00,0.9975
2025-12-31 12:23:08+00:00,0.9975
2025-12-31 12:24:08+00:00,0.9975
2025-12-31 12:25:08+00:00,0.9975
2025-12-31 12:26:08+00:00,0.9975
2025-12-31 12:27:08+00:00,0.9975
2025-12-31 12:28:08+00:00,0.9975
2025-12-31 12:29:08+00:00,0.9975
2025-12-31 12:30:22+00:00,0.9975
2025-12-31 12:31:08+00:00,0.9975
2025-12-31 12:32:08+00:00,0.9975
2025-12-31 12:33:09+00:00,0.9975
2025-12-31 12:34:08+00:00,0.9975
2025-12-31 12:35:08+00:00,0.9975
2025-12-31 12:36:12+00:00,0.9975
2025-12-31 12:37:08+00:00,0.9975
2025-12-31 12:38:08+00:00,0.9975
2025-12-31 12:39:08+00:00,0.9975
2025-12-31 12:40:14+00:00,0.9975
2025-12-31 12:41:08+00:00,0.9975
2025-12-31 12:42:08+00:00,0.9975
2025-12-31 12:43:08+00:00,0.9975
2025-12-31 12:44:08+00:00,0.9975
2025-12-31 12:45:08+00:00,0.9975
2025-12-31 12:46:07+00:00,0.9975
2025-12-31 12:47:08+00:00,0.9975
2025-12-31 12:48:08+00:00,0.9975
2025-12-31 12:49:08+00:00,0.9975
2025-12-31 12:50:08+00:00,0.9975
2025-12-31 12:51:08+00:00,0.9975
2025-12-31 12:52:08+00:00,0.9975
2025-12-31 12:53:08+00:00,0.9975
2025-12-31 12:54:08+00:00,0.9975
2025-12-31 12:55:08+00:00,0.9975
2025-12-31 12:56:08+00:00,0.9975
2025-12-31 12:57:08+00:00,0.9975
2025-12-31 12:58:08+00:00,0.9975
2025-12-31 12:59:08+00:00,0.9975
2025-12-31 13:00:10+00:00,0.9975
2025-12-31 13:01:08+00:00,0.9975
2025-12-31 13:02:08+00:00,0.9975
2025-12-31 13:03:08+00:00,0.9975
2025-12-31 13:04:08+00:00,0.9975
2025-12-31 13:05:09+00:00,0.9975
2025-12-31 13:06:12+00:00,0.9975
2025-12-31 13:07:13+00:00,0.9975
2025-12-31 13:08:08+00:00,0.9975
2025-12-31 13:09:08+00:00,0.9975
2025-12-31 13:10:24+00:00,0.9975
2025-12-31 13:11:22+00:00,0.9975
2025-12-31 13:12:20+00:00,0.9975
2025-12-31 13:13:08+00:00,0.9975
2025-12-31 13:14:09+00:00,0.9975
2025-12-31 13:15:09+00:00,0.9975
2025-12-31 13:16:09+00:00,0.9975
2025-12-31 13:17:08+00:00,0.9975
2025-12-31 13:18:08+00:00,0.9975
2025-12-31 13:19:08+00:00,0.9975
2025-12-31 13:20:08+00:00,0.9975
2025-12-31 13:21:08+00:00,0.9975
2025-12-31 13:22:08+00:00,0.9975
2025-12-31 13:23:08+00:00,0.9975
2025-12-31 13:24:08+00:00,0.9975
2025-12-31 13:25:08+00:00,0.9975
2025-12-31 13:26:08+00:00,0.9975
2025-12-31 13:27:08+00:00,0.9975
2025-12-31 13:28:08+00:00,0.9975
2025-12-31 13:29:08+00:00,0.9975
2025-12-31 13:30:09+00:00,0.9975
2025-12-31 13:31:08+00:00,0.9975
2025-12-31 13:32:08+00:00,0.9975
2025-12-31 13:33:25+00:00,0.9975
2025-12-31 13:34:23+00:00,0.9975
2025-12-31 13:35:09+00:00,0.9975
2025-12-31 13:36:08+00:00,0.9975
2025-12-31 13:37:08+00:00,0.9975
2025-12-31 13:38:08+00:00,0.9975
2025-12-31 13:39:08+00:00,0.9975
2025-12-31 13:40:09+00:00,0.9975
2025-12-31 13:41:08+00:00,0.9975
2025-12-31 13:42:08+00:00,0.9975
2025-12-31 13:43:08+00:00,0.9975
2025-12-31 13:44:08+00:00,0.9975
2025-12-31 13:45:21+00:00,0.9975
2025-12-31 13:46:08+00:00,0.9975
2025-12-31 13:47:08+00:00,0.9975
2025-12-31 13:48:22+00:00,0.9975
2025-12-31 13:49:08+00:00,0.9975
2025-12-31 13:50:08+00:00,0.9975
2025-12-31 13:51:08+00:00,0.9975
2025-12-31 13:52:08+00:00,0.9975
2025-12-31 13:53:08+00:00,0.9975
2025-12-31 13:54:08+00:00,0.9975
2025-12-31 13:55:08+00:00,0.9975
2025-12-31 13:56:08+00:00,0.9975
2025-12-31 13:57:21+00:00,0.9975
2025-12-31 13:58:08+00:00,0.9975
2025-12-31 13:59:13+00:00,0.9975
2025-12-31 14:00:10+00:00,0.9975
2025-12-31 14:01:08+00:00,0.9975
2025-12-31 14:02:08+00:00,0.9975
2025-12-31 14:03:24+00:00,0.9975
2025-12-31 14:04:08+00:00,0.9975
2025-12-31 14:05:09+00:00,0.9975
2025-12-31 14:06:08+00:00,0.9975
2025-12-31 14:07:08+00:00,0.9975
2025-12-31 14:08:08+00:00,0.9975
2025-12-31 14:09:08+00:00,0.9975
2025-12-31 14:10:22+00:00,0.9975
2025-12-31 14:11:08+00:00,0.9975
2025-12-31 14:12:08+00:00,0.9975
2025-12-31 14:13:08+00:00,0.9975
2025-12-31 14:14:09+00:00,0.9975
2025-12-31 14:15:08+00:00,0.9975
2025-12-31 14:16:08+00:00,0.9975
2025-12-31 14:17:08+00:00,0.9975
2025-12-31 14:18:08+00:00,0.9975
2025-12-31 14:19:08+00:00,0.9975
2025-12-31 14:20:19+00:00,0.9975
2025-12-31 14:21:08+00:00,0.9975
2025-12-31 14:22:08+00:00,0.9975
2025-12-31 14:23:08+00:00,0.9975
2025-12-31 14:24:08+00:00,0.9975
2025-12-31 14:25:09+00:00,0.9975
2025-12-31 14:26:09+00:00,0.9975
2025-12-31 14:27:08+00:00,0.9975
2025-12-31 14:28:08+00:00,0.9975
2025-12-31 14:29:12+00:00,0.9975
2025-12-31 14:30:10+00:00,0.9975
2025-12-31 14:31:08+00:00,0.9975
2025-12-31 14:32:08+00:00,0.9975
2025-12-31 14:33:08+00:00,0.9975
2025-12-31 14:34:10+00:00,0.9975
2025-12-31 14:35:09+00:00,0.9975
2025-12-31 14:36:08+00:00,0.9975
2025-12-31 14:37:08+00:00,0.9975
2025-12-31 14:38:08+00:00,0.9975
2025-12-31 14:39:08+00:00,0.9975
2025-12-31 14:40:09+00:00,0.9975
2025-12-31 14:41:08+00:00,0.9975
2025-12-31 14:42:09+00:00,0.9975
2025-12-31 14:43:08+00:00,0.9975
2025-12-31 14:44:08+00:00,0.9975
2025-12-31 14:45:08+00:00,0.9975
2025-12-31 14:46:08+00:00,0.9975
2025-12-31 14:47:08+00:00,0.9975
2025-12-31 14:48:08+00:00,0.9975
2025-12-31 14:49:08+00:00,0.9975
2025-12-31 14:50:08+00:00,0.9975
2025-12-31 14:51:08+00:00,0.9975
2025-12-31 14:52:08+00:00,0.9975
2025-12-31 14:53:08+00:00,0.9975
2025-12-31 14:54:08+00:00,0.9975
2025-12-31 14:55:13+00:00,0.9975
2025-12-31 14:56:08+00:00,0.9975
2025-12-31 14:57:08+00:00,0.9975
2025-12-31 14:58:08+00:00,0.9975
2025-12-31 14:59:08+00:00,0.9975
2025-12-31 15:00:11+00:00,0.9975
2025-12-31 15:01:08+00:00,0.9975
2025-12-31 15:02:09+00:00,0.9975
2025-12-31 15:03:08+00:00,0.9975
2025-12-31 15:04:09+00:00,0.9975
2025-12-31 15:05:09+00:00,0.9975
2025-12-31 15:06:08+00:00,0.9975
2025-12-31 15:07:08+00:00,0.9975
2025-12-31 15:08:08+00:00,0.9975
2025-12-31 15:09:08+00:00,0.9975
2025-12-31 15:10:09+00:00,0.9975
2025-12-31 15:11:08+00:00,0.9975
2025-12-31 15:12:09+00:00,0.9975
2025-12-31 15:13:08+00:00,0.9975
2025-12-31 15:14:09+00:00,0.9975
2025-12-31 15:15:09+00:00,0.9975
2025-12-31 15:16:08+00:00,0.9975
2025-12-31 15:17:08+00:00,0.9975
2025-12-31 15:18:09+00:00,0.9975
2025-12-31 15:19:09+00:00,0.9975
2025-12-31 15:20:09+00:00,0.9975
2025-12-31 15:21:12+00:00,0.9975
2025-12-31 15:22:08+00:00,0.9975
2025-12-31 15:23:09+00:00,0.9975
2025-12-31 15:24:09+00:00,0.9975
2025-12-31 15:25:09+00:00,0.9975
2025-12-31 15:26:08+00:00,0.9975
2025-12-31 15:27:09+00:00,0.9975
2025-12-31 15:28:08+00:00,0.9975
2025-12-31 15:29:08+00:00,0.9975
2025-12-31 15:30:11+00:00,0.9975
2025-12-31 15:31:08+00:00,0.9975
2025-12-31 15:32:09+00:00,0.9975
2025-12-31 15:33:08+00:00,0.9975
2025-12-31 15:34:08+00:00,0.9975
2025-12-31 15:35:22+00:00,0.997
2025-12-31 15:36:09+00:00,0.9975
2025-12-31 15:37:08+00:00,0.9975
2025-12-31 15:38:09+00:00,0.9975
2025-12-31 15:39:09+00:00,0.9975
2025-12-31 15:40:08+00:00,0.9975
2025-12-31 15:41:09+00:00,0.9975
2025-12-31 15:42:08+00:00,0.9975
2025-12-31 15:43:20+00:00,0.9975
2025-12-31 15:44:08+00:00,0.9975
2025-12-31 15:45:22+00:00,0.9975
2025-12-31 15:46:08+00:00,0.9975
2025-12-31 15:47:13+00:00,0.9975
2025-12-31 15:48:20+00:00,0.9975
2025-12-31 15:49:08+00:00,0.9975
2025-12-31 15:50:10+00:00,0.9975
2025-12-31 15:51:09+00:00,0.9975
2025-12-31 15:52:08+00:00,0.9975
2025-12-31 15:53:08+00:00,0.9975
2025-12-31 15:54:08+00:00,0.9975
2025-12-31 15:55:09+00:00,0.9975
2025-12-31 15:56:13+00:00,0.9975
2025-12-31 15:57:09+00:00,0.9975
2025-12-31 15:58:20+00:00,0.9975
2025-12-31 15:59:09+00:00,0.9975
2025-12-31 16:00:12+00:00,0.9975
2025-12-31 16:01:08+00:00,0.9975
2025-12-31 16:02:08+00:00,0.9975
2025-12-31 16:03:09+00:00,0.9975
2025-12-31 16:04:08+00:00,0.9975
2025-12-31 16:05:09+00:00,0.9975
2025-12-31 16:06:08+00:00,0.9975
2025-12-31 16:07:09+00:00,0.9975
2025-12-31 16:08:20+00:00,0.9975
2025-12-31 16:09:09+00:00,0.9975
2025-12-31 16:10:09+00:00,0.9975
2025-12-31 16:11:08+00:00,0.9975
2025-12-31 16:12:08+00:00,0.9975
2025-12-31 16:13:08+00:00,0.9975
2025-12-31 16:14:19+00:00,0.9975
2025-12-31 16:15:22+00:00,0.9975
2025-12-31 16:16:09+00:00,0.9975
2025-12-31 16:17:08+00:00,0.9975
2025-12-31 16:18:09+00:00,0.9975
2025-12-31 16:19:09+00:00,0.9975
2025-12-31 16:20:09+00:00,0.9975
2025-12-31 16:21:09+00:00,0.9975
2025-12-31 16:22:13+00:00,0.9975
2025-12-31 16:23:08+00:00,0.9975
2025-12-31 16:24:09+00:00,0.9975
2025-12-31 16:25:10+00:00,0.9975
2025-12-31 16:26:08+00:00,0.9975
2025-12-31 16:27:09+00:00,0.9975
2025-12-31 16:28:09+00:00,0.9975
2025-12-31 16:29:09+00:00,0.9975
2025-12-31 16:30:10+00:00,0.9975
2025-12-31 16:31:09+00:00,0.9975
2025-12-31 16:32:09+00:00,0.9975
2025-12-31 16:33:09+00:00,0.9975
2025-12-31 16:34:09+00:00,0.9975
2025-12-31 16:35:09+00:00,0.9975
2025-12-31 16:36:24+00:00,0.9975
2025-12-31 16:37:09+00:00,0.9975
2025-12-31 16:38:08+00:00,0.9975
2025-12-31 16:39:09+00:00,0.9975
2025-12-31 16:40:09+00:00,0.9975
2025-12-31 16:41:09+00:00,0.9975
2025-12-31 16:42:08+00:00,0.9975
2025-12-31 16:43:09+00:00,0.9975
2025-12-31 16:44:09+00:00,0.9975
2025-12-31 16:45:09+00:00,0.9975
2025-12-31 16:46:09+00:00,0.9975
2025-12-31 16:47:09+00:00,0.9975
2025-12-31 16:48:14+00:00,0.9975
2025-12-31 16:49:08+00:00,0.9975
2025-12-31 16:50:10+00:00,0.9975
2025-12-31 16:51:08+00:00,0.9975
2025-12-31 16:52:08+00:00,0.9975
2025-12-31 16:53:09+00:00,0.9975
2025-12-31 16:54:08+00:00,0.9975
2025-12-31 16:55:09+00:00,0.9975
2025-12-31 16:56:09+00:00,0.9975
2025-12-31 16:57:09+00:00,0.9975
2025-12-31 16:58:22+00:00,0.9975
2025-12-31 16:59:08+00:00,0.9975
2025-12-31 17:00:13+00:00,0.9975
2025-12-31 17:01:08+00:00,0.9975
2025-12-31 17:02:24+00:00,0.9975
2025-12-31 17:03:20+00:00,0.9975
2025-12-31 17:04:08+00:00,0.9975
2025-12-31 17:05:09+00:00,0.9975
2025-12-31 17:06:13+00:00,0.9975
2025-12-31 17:07:08+00:00,0.9975
2025-12-31 17:08:09+00:00,0.9975
2025-12-31 17:09:09+00:00,0.9975
2025-12-31 17:10:10+00:00,0.9975
2025-12-31 17:11:21+00:00,0.9975
2025-12-31 17:12:08+00:00,0.9975
2025-12-31 17:13:08+00:00,0.9975
2025-12-31 17:14:08+00:00,0.9975
2025-12-31 17:15:09+00:00,0.9975
2025-12-31 17:16:08+00:00,0.9975
2025-12-31 17:17:09+00:00,0.9975
2025-12-31 17:18:23+00:00,0.9975
2025-12-31 17:19:08+00:00,0.9975
2025-12-31 17:20:10+00:00,0.9975
2025-12-31 17:21:09+00:00,0.9975
2025-12-31 17:22:20+00:00,0.9975
2025-12-31 17:23:09+00:00,0.9975
2025-12-31 17:24:09+00:00,0.9975
2025-12-31 17:25:09+00:00,0.9975
2025-12-31 17:26:09+00:00,0.9975
2025-12-31 17:27:08+00:00,0.9975
2025-12-31 17:28:09+00:00,0.9975
2025-12-31 17:29:08+00:00,0.9975
2025-12-31 17:30:11+00:00,0.9975
2025-12-31 17:31:09+00:00,0.9975
2025-12-31 17:32:29+00:00,0.9975
2025-12-31 17:33:09+00:00,0.9975
2025-12-31 17:34:23+00:00,0.9975
2025-12-31 17:35:24+00:00,0.9975
2025-12-31 17:36:09+00:00,0.9975
2025-12-31 17:37:09+00:00,0.9975
2025-12-31 17:38:09+00:00,0.9975
2025-12-31 17:39:09+00:00,0.9975
2025-12-31 17:40:09+00:00,0.9975
2025-12-31 17:41:09+00:00,0.9975
2025-12-31 17:42:13+00:00,0.9975
2025-12-31 17:43:08+00:00,0.9975
2025-12-31 17:44:09+00:00,0.9975
2025-12-31 17:45:10+00:00,0.9985
2025-12-31 17:46:09+00:00,0.9985
2025-12-31 17:47:09+00:00,0.9985
2025-12-31 17:48:09+00:00,0.9985
2025-12-31 17:49:24+00:00,0.9985
2025-12-31 17:50:12+00:00,0.9985
2025-12-31 17:51:08+00:00,0.9985
2025-12-31 17:52:08+00:00,0.9985
2025-12-31 17:53:09+00:00,0.9985
2025-12-31 17:54:21+00:00,0.9985
2025-12-31 17:55:09+00:00,0.9985
2025-12-31 17:56:09+00:00,0.998
2025-12-31 17:57:09+00:00,0.9975
2025-12-31 17:58:09+00:00,0.9975
2025-12-31 17:59:20+00:00,0.9975
2025-12-31 18:00:12+00:00,0.9975
2025-12-31 18:01:09+00:00,0.9975
2025-12-31 18:02:09+00:00,0.9975
2025-12-31 18:03:09+00:00,0.9975
2025-12-31 18:04:21+00:00,0.9975
2025-12-31 18:05:09+00:00,0.9975
2025-12-31 18:06:09+00:00,0.9975
2025-12-31 18:07:09+00:00,0.9975
2025-12-31 18:08:13+00:00,0.9975
2025-12-31 18:09:20+00:00,0.9975
2025-12-31 18:10:10+00:00,0.9975
2025-12-31 18:11:08+00:00,0.9975
2025-12-31 18:12:08+00:00,0.9975
2025-12-31 18:13:08+00:00,0.9975
2025-12-31 18:14:08+00:00,0.9975
2025-12-31 18:15:09+00:00,0.9975
2025-12-31 18:16:24+00:00,0.9975
2025-12-31 18:17:09+00:00,0.9975
2025-12-31 18:18:09+00:00,0.9975
2025-12-31 18:19:08+00:00,0.9975
2025-12-31 18:20:09+00:00,0.9975
2025-12-31 18:21:09+00:00,0.9975
2025-12-31 18:22:21+00:00,0.9975
2025-12-31 18:23:09+00:00,0.9975
2025-12-31 18:24:09+00:00,0.9975
2025-12-31 18:25:09+00:00,0.9975
2025-12-31 18:26:09+00:00,0.9975
2025-12-31 18:27:09+00:00,0.9975
2025-12-31 18:28:22+00:00,0.9975
2025-12-31 18:29:09+00:00,0.9975
2025-12-31 18:30:11+00:00,0.9975
2025-12-31 18:31:23+00:00,0.9975
2025-12-31 18:32:09+00:00,0.9975
2025-12-31 18:33:09+00:00,0.9975
2025-12-31 18:34:13+00:00,0.9975
2025-12-31 18:35:10+00:00,0.9975
2025-12-31 18:36:09+00:00,0.9975
2025-12-31 18:37:09+00:00,0.9975
2025-12-31 18:38:23+00:00,0.9975
2025-12-31 18:39:08+00:00,0.9975
2025-12-31 18:40:09+00:00,0.9975
2025-12-31 18:41:08+00:00,0.9975
2025-12-31 18:42:09+00:00,0.9975
2025-12-31 18:43:09+00:00,0.9975
2025-12-31 18:44:08+00:00,0.9975
2025-12-31 18:45:09+00:00,0.9975
2025-12-31 18:46:09+00:00,0.9975
2025-12-31 18:47:08+00:00,0.9975
2025-12-31 18:48:23+00:00,0.9975
2025-12-31 18:49:09+00:00,0.9975
2025-12-31 18:50:09+00:00,0.9975
2025-12-31 18:51:09+00:00,0.9975
2025-12-31 18:52:25+00:00,0.9975
2025-12-31 18:53:19+00:00,0.9975
2025-12-31 18:54:21+00:00,0.9975
2025-12-31 18:55:09+00:00,0.9975
2025-12-31 18:56:20+00:00,0.9975
2025-12-31 18:57:09+00:00,0.9975
2025-12-31 18:58:09+00:00,0.9975
2025-12-31 18:59:08+00:00,0.9975
2025-12-31 19:00:33+00:00,0.9975
2025-12-31 19:01:09+00:00,0.9975
2025-12-31 19:02:09+00:00,0.9975
2025-12-31 19:03:09+00:00,0.9975
2025-12-31 19:04:22+00:00,0.9975
2025-12-31 19:05:09+00:00,0.9975
2025-12-31 19:06:08+00:00,0.9975
2025-12-31 19:07:09+00:00,0.9975
2025-12-31 19:08:09+00:00,0.9975
2025-12-31 19:09:09+00:00,0.9975
2025-12-31 19:10:10+00:00,0.9975
2025-12-31 19:11:08+00:00,0.9975
2025-12-31 19:12:09+00:00,0.9975
2025-12-31 19:13:09+00:00,0.9975
2025-12-31 19:14:09+00:00,0.9975
2025-12-31 19:15:09+00:00,0.9975
2025-12-31 19:16:09+00:00,0.9975
2025-12-31 19:17:13+00:00,0.9975
2025-12-31 19:18:09+00:00,0.9975
2025-12-31 19:19:19+00:00,0.9975
2025-12-31 19:20:10+00:00,0.9975
2025-12-31 19:21:09+00:00,0.9975
2025-12-31 19:22:09+00:00,0.9975
2025-12-31 19:23:09+00:00,0.9975
2025-12-31 19:24:20+00:00,0.9975
2025-12-31 19:25:09+00:00,0.9975
2025-12-31 19:26:11+00:00,0.9975
2025-12-31 19:27:09+00:00,0.9975
2025-12-31 19:28:09+00:00,0.9975
2025-12-31 19:29:09+00:00,0.9975
2025-12-31 19:30:11+00:00,0.9975
2025-12-31 19:31:09+00:00,0.9975
2025-12-31 19:32:09+00:00,0.9975
2025-12-31 19:33:09+00:00,0.9975
2025-12-31 19:34:09+00:00,0.9975
2025-12-31 19:35:09+00:00,0.9975
2025-12-31 19:36:09+00:00,0.9975
2025-12-31 19:37:09+00:00,0.9975
2025-12-31 19:38:09+00:00,0.9975
2025-12-31 19:39:09+00:00,0.9975
2025-12-31 19:40:09+00:00,0.9975
2025-12-31 19:41:09+00:00,0.9975
2025-12-31 19:42:09+00:00,0.9975
2025-12-31 19:43:13+00:00,0.9975
2025-12-31 19:44:08+00:00,0.9975
2025-12-31 19:45:10+00:00,0.9975
2025-12-31 19:46:09+00:00,0.9975
2025-12-31 19:47:09+00:00,0.9975
2025-12-31 19:48:09+00:00,0.9975
2025-12-31 19:49:09+00:00,0.9975
2025-12-31 19:50:10+00:00,0.9975
2025-12-31 19:51:09+00:00,0.9975
2025-12-31 19:52:09+00:00,0.9975
2025-12-31 19:53:08+00:00,0.9975
2025-12-31 19:54:08+00:00,0.9975
2025-12-31 19:55:09+00:00,0.9975
2025-12-31 19:56:09+00:00,0.9975
2025-12-31 19:57:09+00:00,0.9975
2025-12-31 19:58:08+00:00,0.9975
2025-12-31 19:59:09+00:00,0.9975
2025-12-31 20:00:11+00:00,0.9975
2025-12-31 20:01:09+00:00,0.9975
2025-12-31 20:02:09+00:00,0.9975
2025-12-31 20:03:09+00:00,0.9975
2025-12-31 20:04:08+00:00,0.9975
2025-12-31 20:05:09+00:00,0.9975
2025-12-31 20:06:20+00:00,0.9975
2025-12-31 20:07:08+00:00,0.9975
2025-12-31 20:08:21+00:00,0.9975
2025-12-31 20:09:27+00:00,0.9975
2025-12-31 20:10:11+00:00,0.9975
2025-12-31 20:11:09+00:00,0.9975
2025-12-31 20:12:08+00:00,0.9975
2025-12-31 20:13:08+00:00,0.9975
2025-12-31 20:14:09+00:00,0.9975
2025-12-31 20:15:09+00:00,0.9975
2025-12-31 20:16:09+00:00,0.9975
2025-12-31 20:17:09+00:00,0.9975
2025-12-31 20:18:09+00:00,0.9975
2025-12-31 20:19:13+00:00,0.9975
2025-12-31 20:20:10+00:00,0.9975
2025-12-31 20:21:08+00:00,0.9975
2025-12-31 20:22:09+00:00,0.9975
2025-12-31 20:23:08+00:00,0.9975
2025-12-31 20:24:09+00:00,0.9975
2025-12-31 20:25:22+00:00,0.9975
2025-12-31 20:26:08+00:00,0.9975
2025-12-31 20:27:09+00:00,0.9975
2025-12-31 20:28:09+00:00,0.9975
2025-12-31 20:29:08+00:00,0.9975
2025-12-31 20:30:10+00:00,0.9975
2025-12-31 20:31:09+00:00,0.9975
2025-12-31 20:32:09+00:00,0.9975
2025-12-31 20:33:20+00:00,0.9975
2025-12-31 20:34:09+00:00,0.9975
2025-12-31 20:35:09+00:00,0.9975
2025-12-31 20:36:08+00:00,0.9975
2025-12-31 20:37:09+00:00,0.9975
2025-12-31 20:38:25+00:00,0.9975
2025-12-31 20:39:09+00:00,0.9975
2025-12-31 20:40:09+00:00,0.9975
2025-12-31 20:41:09+00:00,0.9975
2025-12-31 20:42:08+00:00,0.9975
2025-12-31 20:43:09+00:00,0.9975
2025-12-31 20:44:09+00:00,0.9975
2025-12-31 20:45:15+00:00,0.9975
2025-12-31 20:46:09+00:00,0.9975
2025-12-31 20:47:09+00:00,0.9975
2025-12-31 20:48:09+00:00,0.9975
2025-12-31 20:49:08+00:00,0.9975
2025-12-31 20:50:10+00:00,0.9975
2025-12-31 20:51:09+00:00,0.9975
2025-12-31 20:52:09+00:00,0.9975
2025-12-31 20:53:08+00:00,0.9975
2025-12-31 20:54:08+00:00,0.9975
2025-12-31 20:55:09+00:00,0.9975
2025-12-31 20:56:08+00:00,0.9975
2025-12-31 20:57:21+00:00,0.9975
2025-12-31 20:58:08+00:00,0.9975
2025-12-31 20:59:08+00:00,0.9975
2025-12-31 21:00:13+00:00,0.9975
2025-12-31 21:01:09+00:00,0.9975
2025-12-31 21:02:09+00:00,0.9975
2025-12-31 21:03:09+00:00,0.9975
2025-12-31 21:04:21+00:00,0.9975
2025-12-31 21:05:09+00:00,0.9975
2025-12-31 21:06:09+00:00,0.9975
2025-12-31 21:07:09+00:00,0.9975
2025-12-31 21:08:09+00:00,0.9975
2025-12-31 21:09:08+00:00,0.9975
2025-12-31 21:10:09+00:00,0.9975
2025-12-31 21:11:14+00:00,0.9975
2025-12-31 21:12:09+00:00,0.9975
2025-12-31 21:13:09+00:00,0.9975
2025-12-31 21:14:09+00:00,0.9975
2025-12-31 21:15:10+00:00,0.9975
2025-12-31 21:16:08+00:00,0.9975
2025-12-31 21:17:08+00:00,0.9975
2025-12-31 21:18:09+00:00,0.9975
2025-12-31 21:19:08+00:00,0.9975
2025-12-31 21:20:09+00:00,0.9975
2025-12-31 21:21:23+00:00,0.9975
2025-12-31 21:22:09+00:00,0.9975
2025-12-31 21:23:09+00:00,0.9975
2025-12-31 21:24:08+00:00,0.9975
2025-12-31 21:25:09+00:00,0.9975
2025-12-31 21:26:09+00:00,0.9975
2025-12-31 21:27:09+00:00,0.9975
2025-12-31 21:28:09+00:00,0.9975
2025-12-31 21:29:09+00:00,0.9975
2025-12-31 21:30:11+00:00,0.9975
2025-12-31 21:31:08+00:00,0.9975
2025-12-31 21:32:09+00:00,0.9975
2025-12-31 21:33:09+00:00,0.9975
2025-12-31 21:34:09+00:00,0.9975
2025-12-31 21:35:09+00:00,0.9975
2025-12-31 21:36:24+00:00,0.9975
2025-12-31 21:37:14+00:00,0.9975
2025-12-31 21:38:20+00:00,0.9975
2025-12-31 21:39:09+00:00,0.9975
2025-12-31 21:40:15+00:00,0.9975
2025-12-31 21:41:19+00:00,0.9975
2025-12-31 21:42:08+00:00,0.9975
2025-12-31 21:43:09+00:00,0.9975
2025-12-31 21:44:08+00:00,0.9975
2025-12-31 21:45:09+00:00,0.9975
2025-12-31 21:46:09+00:00,0.9975
2025-12-31 21:47:08+00:00,0.9975
2025-12-31 21:48:09+00:00,0.9975
2025-12-31 21:49:08+00:00,0.9975
2025-12-31 21:50:09+00:00,0.9975
2025-12-31 21:51:08+00:00,0.9975
2025-12-31 21:52:10+00:00,0.9975
2025-12-31 21:53:13+00:00,0.9975
2025-12-31 21:54:20+00:00,0.9975
2025-12-31 21:55:09+00:00,0.9975
2025-12-31 21:56:08+00:00,0.9975
2025-12-31 21:57:09+00:00,0.9975
2025-12-31 21:58:08+00:00,0.9975
2025-12-31 21:59:08+00:00,0.9975
2025-12-31 22:00:11+00:00,0.9975
2025-12-31 22:01:09+00:00,0.9975
2025-12-31 22:02:09+00:00,0.9975
2025-12-31 22:03:09+00:00,0.9975
2025-12-31 22:04:22+00:00,0.9975
2025-12-31 22:05:09+00:00,0.9975
2025-12-31 22:06:13+00:00,0.9975
2025-12-31 22:07:09+00:00,0.9975
2025-12-31 22:08:08+00:00,0.9975
2025-12-31 22:09:09+00:00,0.9975
2025-12-31 22:10:10+00:00,0.9975
2025-12-31 22:11:08+00:00,0.9975
2025-12-31 22:12:09+00:00,0.9975
2025-12-31 22:13:09+00:00,0.9975
2025-12-31 22:14:08+00:00,0.9975
2025-12-31 22:15:24+00:00,0.9975
2025-12-31 22:16:09+00:00,0.9975
2025-12-31 22:17:09+00:00,0.9975
2025-12-31 22:18:09+00:00,0.9975
2025-12-31 22:19:08+00:00,0.9975
2025-12-31 22:20:09+00:00,0.9975
2025-12-31 22:21:09+00:00,0.9975
2025-12-31 22:22:08+00:00,0.9975
2025-12-31 22:23:08+00:00,0.9975
2025-12-31 22:24:09+00:00,0.9975
2025-12-31 22:25:09+00:00,0.9975
2025-12-31 22:26:09+00:00,0.9975
2025-12-31 22:27:09+00:00,0.9975
2025-12-31 22:28:20+00:00,0.9975
2025-12-31 22:29:09+00:00,0.9975
2025-12-31 22:30:11+00:00,0.9975
2025-12-31 22:31:09+00:00,0.9975
2025-12-31 22:32:27+00:00,0.9975
2025-12-31 22:33:09+00:00,0.9975
2025-12-31 22:34:08+00:00,0.9975
2025-12-31 22:35:25+00:00,0.9975
2025-12-31 22:36:09+00:00,0.9975
2025-12-31 22:37:09+00:00,0.9975
2025-12-31 22:38:08+00:00,0.9975
2025-12-31 22:39:08+00:00,0.9975
2025-12-31 22:40:09+00:00,0.9975
2025-12-31 22:41:21+00:00,0.9975
2025-12-31 22:42:09+00:00,0.9975
2025-12-31 22:43:08+00:00,0.9975
2025-12-31 22:44:09+00:00,0.9975
2025-12-31 22:45:09+00:00,0.9975
2025-12-31 22:46:13+00:00,0.9975
2025-12-31 22:47:08+00:00,0.9975
2025-12-31 22:48:21+00:00,0.9975
2025-12-31 22:49:09+00:00,0.9975
2025-12-31 22:50:10+00:00,0.9975
2025-12-31 22:51:08+00:00,0.9975
2025-12-31 22:52:08+00:00,0.9975
2025-12-31 22:53:09+00:00,0.9975
2025-12-31 22:54:09+00:00,0.9975
2025-12-31 22:55:09+00:00,0.9975
2025-12-31 22:56:08+00:00,0.9975
2025-12-31 22:57:09+00:00,0.9975
2025-12-31 22:58:09+00:00,0.9975
2025-12-31 22:59:09+00:00,0.9975
2025-12-31 23:00:11+00:00,0.9975
2025-12-31 23:01:08+00:00,0.9975
2025-12-31 23:02:09+00:00,0.9975
2025-12-31 23:03:09+00:00,0.9975
2025-12-31 23:04:09+00:00,0.9975
2025-12-31 23:05:21+00:00,0.9975
2025-12-31 23:06:09+00:00,0.9975
2025-12-31 23:07:22+00:00,0.9975
2025-12-31 23:08:08+00:00,0.9975
2025-12-31 23:09:09+00:00,0.9975
2025-12-31 23:10:09+00:00,0.9975
2025-12-31 23:11:09+00:00,0.9975
2025-12-31 23:12:12+00:00,0.9975
2025-12-31 23:13:09+00:00,0.9975
2025-12-31 23:14:08+00:00,0.9975
2025-12-31 23:15:10+00:00,0.9975
2025-12-31 23:16:09+00:00,0.9975
2025-12-31 23:17:08+00:00,0.9975
2025-12-31 23:18:09+00:00,0.9975
2025-12-31 23:19:08+00:00,0.9975
2025-12-31 23:20:09+00:00,0.9975
2025-12-31 23:21:08+00:00,0.9975
2025-12-31 23:22:08+00:00,0.9975
2025-12-31 23:23:08+00:00,0.9975
2025-12-31 23:24:08+00:00,0.9975
2025-12-31 23:25:09+00:00,0.9975
2025-12-31 23:26:10+00:00,0.9975
2025-12-31 23:27:09+00:00,0.9975
2025-12-31 23:28:09+00:00,0.9975
2025-12-31 23:29:24+00:00,0.9975
2025-12-31 23:30:11+00:00,0.9975
2025-12-31 23:31:09+00:00,0.9975
2025-12-31 23:32:19+00:00,0.9975
2025-12-31 23:33:09+00:00,0.9975
2025-12-31 23:34:08+00:00,0.9975
2025-12-31 23:35:09+00:00,0.9975
2025-12-31 23:36:09+00:00,0.9975
2025-12-31 23:37:19+00:00,0.9975
2025-12-31 23:38:13+00:00,0.9975
2025-12-31 23:39:08+00:00,0.9975
2025-12-31 23:40:10+00:00,0.9975
2025-12-31 23:41:19+00:00,0.9975
2025-12-31 23:42:08+00:00,0.9975
2025-12-31 23:43:08+00:00,0.9975
2025-12-31 23:44:09+00:00,0.9975
2025-12-31 23:45:09+00:00,0.9975
2025-12-31 23:46:08+00:00,0.9975
2025-12-31 23:47:08+00:00,0.9975
2025-12-31 23:48:09+00:00,0.9975
2025-12-31 23:49:08+00:00,0.9975
2025-12-31 23:50:19+00:00,0.9975
2025-12-31 23:51:08+00:00,0.9975
2025-12-31 23:52:24+00:00,0.9985
2025-12-31 23:53:08+00:00,0.9985
2025-12-31 23:54:09+00:00,0.9985
2025-12-31 23:55:09+00:00,0.9985
2025-12-31 23:56:08+00:00,0.9985
2025-12-31 23:57:09+00:00,0.9985
2025-12-31 23:58:19+00:00,0.9985
2025-12-31 23:59:08+00:00,0.9985
2026-01-01 00:00:12+00:00,0.9985
2026-01-01 00:01:20+00:00,0.9985
2026-01-01 00:02:20+00:00,0.9985
2026-01-01 00:03:21+00:00,0.9985
2026-01-01 00:04:08+00:00,0.9985
2026-01-01 00:05:09+00:00,0.9985
2026-01-01 00:06:08+00:00,0.9985
2026-01-01 00:07:08+00:00,0.9985
2026-01-01 00:08:08+00:00,0.9985
2026-01-01 00:09:08+00:00,0.9985
2026-01-01 00:10:08+00:00,0.9985
2026-01-01 00:11:08+00:00,0.9985
2026-01-01 00:12:08+00:00,0.9985
2026-01-01 00:13:08+00:00,0.9985
2026-01-01 00:14:08+00:00,0.9985
2026-01-01 00:15:09+00:00,0.9985
2026-01-01 00:16:22+00:00,0.9985
2026-01-01 00:17:08+00:00,0.9985
2026-01-01 00:18:09+00:00,0.9985
2026-01-01 00:19:08+00:00,0.9985
2026-01-01 00:20:08+00:00,0.9985
2026-01-01 00:21:08+00:00,0.9985
2026-01-01 00:22:08+00:00,0.9985
2026-01-01 00:23:08+00:00,0.9985
2026-01-01 00:24:09+00:00,0.9985
2026-01-01 00:25:09+00:00,0.9985
2026-01-01 00:26:08+00:00,0.9985
2026-01-01 00:27:08+00:00,0.9985
2026-01-01 00:28:08+00:00,0.9985
2026-01-01 00:29:08+00:00,0.9985
2026-01-01 00:30:10+00:00,0.9985
2026-01-01 00:31:08+00:00,0.9985
2026-01-01 00:32:09+00:00,0.9985
2026-01-01 00:33:08+00:00,0.9985
2026-01-01 00:34:08+00:00,0.9985
2026-01-01 00:35:08+00:00,0.9985
2026-01-01 00:36:08+00:00,0.9985
2026-01-01 00:37:08+00:00,0.9985
2026-01-01 00:38:08+00:00,0.9985
2026-01-01 00:39:08+00:00,0.9985
2026-01-01 00:40:08+00:00,0.9985
2026-01-01 00:41:08+00:00,0.9985
2026-01-01 00:42:08+00:00,0.9985
2026-01-01 00:43:08+00:00,0.9985
2026-01-01 00:44:08+00:00,0.9985
2026-01-01 00:45:08+00:00,0.9985
2026-01-01 00:46:08+00:00,0.9985
2026-01-01 00:47:08+00:00,0.9985
2026-01-01 00:48:08+00:00,0.9985
2026-01-01 00:49:08+00:00,0.9985
2026-01-01 00:50:10+00:00,0.9985
2026-01-01 00:51:08+00:00,0.9985
2026-01-01 00:52:08+00:00,0.9985
2026-01-01 00:53:08+00:00,0.9985
2026-01-01 00:54:08+00:00,0.9985
2026-01-01 00:55:08+00:00,0.9985
2026-01-01 00:56:08+00:00,0.9985
2026-01-01 00:57:08+00:00,0.9985
2026-01-01 00:58:08+00:00,0.9985
2026-01-01 00:59:08+00:00,0.9985
2026-01-01 01:00:10+00:00,0.9985
2026-01-01 01:01:24+00:00,0.9985
2026-01-01 01:02:20+00:00,0.9985
2026-01-01 01:03:08+00:00,0.9985
2026-01-01 01:04:08+00:00,0.9985
2026-01-01 01:05:08+00:00,0.9985
2026-01-01 01:06:22+00:00,0.9985
2026-01-01 01:07:08+00:00,0.9985
2026-01-01 01:08:08+00:00,0.9985
2026-01-01 01:09:08+00:00,0.9985
2026-01-01 01:10:08+00:00,0.9985
2026-01-01 01:11:08+00:00,0.9985
2026-01-01 01:12:08+00:00,0.9985
2026-01-01 01:13:08+00:00,0.9985
2026-01-01 01:14:08+00:00,0.9985
2026-01-01 01:15:08+00:00,0.9985
2026-01-01 01:16:11+00:00,0.9985
2026-01-01 01:17:08+00:00,0.9985
2026-01-01 01:18:22+00:00,0.9985
2026-01-01 01:19:23+00:00,0.9985
2026-01-01 01:20:09+00:00,0.9985
2026-01-01 01:21:08+00:00,0.9985
2026-01-01 01:22:08+00:00,0.9985
2026-01-01 01:23:08+00:00,0.9985
2026-01-01 01:24:20+00:00,0.9985
2026-01-01 01:25:09+00:00,0.9985
2026-01-01 01:26:08+00:00,0.9985
2026-01-01 01:27:08+00:00,0.9985
2026-01-01 01:28:08+00:00,0.9985
2026-01-01 01:29:08+00:00,0.9985
2026-01-01 01:30:10+00:00,0.9985
2026-01-01 01:31:08+00:00,0.9985
2026-01-01 01:32:20+00:00,0.9985
2026-01-01 01:33:08+00:00,0.9985
2026-01-01 01:34:08+00:00,0.9985
2026-01-01 01:35:08+00:00,0.9985
2026-01-01 01:36:08+00:00,0.9985
2026-01-01 01:37:08+00:00,0.9985
2026-01-01 01:38:08+00:00,0.9985
2026-01-01 01:39:08+00:00,0.9985
2026-01-01 01:40:22+00:00,0.9985
2026-01-01 01:41:09+00:00,0.9985
2026-01-01 01:42:10+00:00,0.9985
2026-01-01 01:43:08+00:00,0.9985
2026-01-01 01:44:08+00:00,0.9985
2026-01-01 01:45:09+00:00,0.9985
2026-01-01 01:46:08+00:00,0.9985
2026-01-01 01:47:21+00:00,0.9985
2026-01-01 01:48:08+00:00,0.9985
2026-01-01 01:49:08+00:00,0.9985
2026-01-01 01:50:08+00:00,0.9985
2026-01-01 01:51:08+00:00,0.9985
2026-01-01 01:52:08+00:00,0.9985
2026-01-01 01:53:08+00:00,0.9985
2026-01-01 01:54:08+00:00,0.9985
2026-01-01 01:55:08+00:00,0.9985
2026-01-01 01:56:08+00:00,0.9985
2026-01-01 01:57:20+00:00,0.9985
2026-01-01 01:58:08+00:00,0.9985
2026-01-01 01:59:08+00:00,0.9985
2026-01-01 02:00:10+00:00,0.9985
2026-01-01 02:01:08+00:00,0.9985
2026-01-01 02:02:08+00:00,0.9985
2026-01-01 02:03:08+00:00,0.9985
2026-01-01 02:04:26+00:00,0.9985
2026-01-01 02:05:09+00:00,0.9985
2026-01-01 02:06:08+00:00,0.9985
2026-01-01 02:07:08+00:00,0.9985
2026-01-01 02:08:07+00:00,0.9985
2026-01-01 02:09:08+00:00,0.9985
2026-01-01 02:10:24+00:00,0.9985
2026-01-01 02:11:08+00:00,0.9985
2026-01-01 02:12:08+00:00,0.9985
2026-01-01 02:13:08+00:00,0.9985
2026-01-01 02:14:08+00:00,0.9985
2026-01-01 02:15:08+00:00,0.9985
2026-01-01 02:16:08+00:00,0.9985
2026-01-01 02:17:08+00:00,0.9985
2026-01-01 02:18:08+00:00,0.9985
2026-01-01 02:19:19+00:00,0.9985
2026-01-01 02:20:09+00:00,0.9985
2026-01-01 02:21:08+00:00,0.9985
2026-01-01 02:22:08+00:00,0.9985
2026-01-01 02:23:08+00:00,0.9985
2026-01-01 02:24:08+00:00,0.9985
2026-01-01 02:25:08+00:00,0.9985
2026-01-01 02:26:08+00:00,0.9985
2026-01-01 02:27:08+00:00,0.9985
2026-01-01 02:28:19+00:00,0.9985
2026-01-01 02:29:08+00:00,0.9985
2026-01-01 02:30:13+00:00,0.9985
2026-01-01 02:31:08+00:00,0.9985
2026-01-01 02:32:08+00:00,0.9985
2026-01-01 02:33:08+00:00,0.9985
2026-01-01 02:34:08+00:00,0.9985
2026-01-01 02:35:08+00:00,0.9985
2026-01-01 02:36:08+00:00,0.9985
2026-01-01 02:37:08+00:00,0.9985
2026-01-01 02:38:08+00:00,0.9985
2026-01-01 02:39:08+00:00,0.9985
2026-01-01 02:40:09+00:00,0.9985
2026-01-01 02:41:21+00:00,0.9985
2026-01-01 02:42:08+00:00,0.9985
2026-01-01 02:43:08+00:00,0.9985
2026-01-01 02:44:08+00:00,0.9985
2026-01-01 02:45:08+00:00,0.9985
2026-01-01 02:46:23+00:00,0.9985
2026-01-01 02:47:20+00:00,0.9985
2026-01-01 02:48:08+00:00,0.9985
2026-01-01 02:49:08+00:00,0.9985
2026-01-01 02:50:08+00:00,0.9985
2026-01-01 02:51:23+00:00,0.9985
2026-01-01 02:52:08+00:00,0.9985
2026-01-01 02:53:08+00:00,0.9985
2026-01-01 02:54:08+00:00,0.9985
2026-01-01 02:55:08+00:00,0.9985
2026-01-01 02:56:11+00:00,0.9985
2026-01-01 02:57:08+00:00,0.9985
2026-01-01 02:58:08+00:00,0.9985
2026-01-01 02:59:08+00:00,0.9985
2026-01-01 03:00:11+00:00,0.9985
2026-01-01 03:01:23+00:00,0.9985
2026-01-01 03:02:08+00:00,0.9985
2026-01-01 03:03:08+00:00,0.9985
2026-01-01 03:04:08+00:00,0.9985
2026-01-01 03:05:08+00:00,0.9985
2026-01-01 03:06:08+00:00,0.9985
2026-01-01 03:07:21+00:00,0.9985
2026-01-01 03:08:08+00:00,0.998
2026-01-01 03:09:08+00:00,0.998
2026-01-01 03:10:08+00:00,0.998
2026-01-01 03:11:19+00:00,0.998
2026-01-01 03:12:08+00:00,0.998
2026-01-01 03:13:08+00:00,0.998
2026-01-01 03:14:21+00:00,0.998
2026-01-01 03:15:08+00:00,0.998
2026-01-01 03:16:08+00:00,0.998
2026-01-01 03:17:08+00:00,0.998
2026-01-01 03:18:08+00:00,0.998
2026-01-01 03:19:08+00:00,0.998
2026-01-01 03:20:21+00:00,0.998
2026-01-01 03:21:08+00:00,0.998
2026-01-01 03:22:12+00:00,0.998
2026-01-01 03:23:08+00:00,0.998
2026-01-01 03:24:08+00:00,0.998
2026-01-01 03:25:09+00:00,0.998
2026-01-01 03:26:08+00:00,0.998
2026-01-01 03:27:08+00:00,0.998
2026-01-01 03:28:21+00:00,0.998
2026-01-01 03:29:08+00:00,0.998
2026-01-01 03:30:10+00:00,0.998
2026-01-01 03:31:19+00:00,0.998
2026-01-01 03:32:08+00:00,0.998
2026-01-01 03:33:08+00:00,0.998
2026-01-01 03:34:08+00:00,0.998
2026-01-01 03:35:21+00:00,0.998
2026-01-01 03:36:21+00:00,0.998
2026-01-01 03:37:08+00:00,0.998
2026-01-01 03:38:09+00:00,0.998
2026-01-01 03:39:08+00:00,0.998
2026-01-01 03:40:08+00:00,0.998
2026-01-01 03:41:08+00:00,0.998
2026-01-01 03:42:08+00:00,0.998
2026-01-01 03:43:08+00:00,0.998
2026-01-01 03:44:23+00:00,0.998
2026-01-01 03:45:21+00:00,0.998
2026-01-01 03:46:08+00:00,0.998
2026-01-01 03:47:08+00:00,0.998
2026-01-01 03:48:13+00:00,0.998
2026-01-01 03:49:08+00:00,0.998
2026-01-01 03:50:09+00:00,0.998
2026-01-01 03:51:08+00:00,0.998
2026-01-01 03:52:08+00:00,0.998
2026-01-01 03:53:09+00:00,0.998
2026-01-01 03:54:08+00:00,0.998
2026-01-01 03:55:08+00:00,0.998
2026-01-01 03:56:08+00:00,0.998
2026-01-01 03:57:08+00:00,0.998
2026-01-01 03:58:08+00:00,0.998
2026-01-01 03:59:08+00:00,0.998
2026-01-01 04:00:26+00:00,0.998
2026-01-01 04:01:08+00:00,0.998
2026-01-01 04:02:20+00:00,0.998
2026-01-01 04:03:08+00:00,0.998
2026-01-01 04:04:08+00:00,0.998
2026-01-01 04:05:08+00:00,0.998
2026-01-01 04:06:08+00:00,0.998
2026-01-01 04:07:08+00:00,0.998
2026-01-01 04:08:08+00:00,0.998
2026-01-01 04:09:21+00:00,0.998
2026-01-01 04:10:22+00:00,0.998
2026-01-01 04:11:08+00:00,0.998
2026-01-01 04:12:08+00:00,0.998
2026-01-01 04:13:12+00:00,0.998
2026-01-01 04:14:08+00:00,0.998
2026-01-01 04:15:08+00:00,0.998
2026-01-01 04:16:08+00:00,0.998
2026-01-01 04:17:22+00:00,0.998
2026-01-01 04:18:08+00:00,0.998
2026-01-01 04:19:08+00:00,0.998
2026-01-01 04:20:21+00:00,0.998
2026-01-01 04:21:08+00:00,0.998
2026-01-01 04:22:08+00:00,0.998
2026-01-01 04:23:08+00:00,0.998
2026-01-01 04:24:08+00:00,0.998
2026-01-01 04:25:08+00:00,0.998
2026-01-01 04:26:08+00:00,0.998
2026-01-01 04:27:08+00:00,0.998
2026-01-01 04:28:08+00:00,0.998
2026-01-01 04:29:08+00:00,0.998
2026-01-01 04:30:10+00:00,0.998
2026-01-01 04:31:08+00:00,0.998
2026-01-01 04:32:08+00:00,0.998
2026-01-01 04:33:08+00:00,0.998
2026-01-01 04:34:08+00:00,0.998
2026-01-01 04:35:08+00:00,0.998
2026-01-01 04:36:22+00:00,0.998
2026-01-01 04:37:08+00:00,0.998
2026-01-01 04:38:13+00:00,0.998
2026-01-01 04:39:20+00:00,0.998
2026-01-01 04:40:09+00:00,0.998
2026-01-01 04:41:21+00:00,0.998
2026-01-01 04:42:08+00:00,0.998
2026-01-01 04:43:08+00:00,0.998
2026-01-01 04:44:23+00:00,0.998
2026-01-01 04:45:08+00:00,0.9975
2026-01-01 04:46:08+00:00,0.9975
2026-01-01 04:47:08+00:00,0.9975
2026-01-01 04:48:08+00:00,0.9975
2026-01-01 04:49:08+00:00,0.9975
2026-01-01 04:50:09+00:00,0.9975
2026-01-01 04:51:08+00:00,0.9975
2026-01-01 04:52:08+00:00,0.9975
2026-01-01 04:53:08+00:00,0.9975
2026-01-01 04:54:08+00:00,0.9975
2026-01-01 04:55:09+00:00,0.9975
2026-01-01 04:56:08+00:00,0.9975
2026-01-01 04:57:08+00:00,0.9975
2026-01-01 04:58:21+00:00,0.9975
2026-01-01 04:59:08+00:00,0.9975
2026-01-01 05:00:10+00:00,0.9975
2026-01-01 05:01:08+00:00,0.9975
2026-01-01 05:02:08+00:00,0.9975
2026-01-01 05:03:08+00:00,0.9975
2026-01-01 05:04:12+00:00,0.9975
2026-01-01 05:05:09+00:00,0.9975
2026-01-01 05:06:08+00:00,0.9975
2026-01-01 05:07:08+00:00,0.9975
2026-01-01 05:08:23+00:00,0.9975
2026-01-01 05:09:08+00:00,0.9975
2026-01-01 05:10:09+00:00,0.9975
2026-01-01 05:11:08+00:00,0.9975
2026-01-01 05:12:08+00:00,0.9975
2026-01-01 05:13:07+00:00,0.9975
2026-01-01 05:14:08+00:00,0.9975
2026-01-01 05:15:08+00:00,0.9975
2026-01-01 05:16:21+00:00,0.9975
2026-01-01 05:17:08+00:00,0.9975
2026-01-01 05:18:08+00:00,0.9975
2026-01-01 05:19:22+00:00,0.9975
2026-01-01 05:20:08+00:00,0.9975
2026-01-01 05:21:08+00:00,0.9975
2026-01-01 05:22:08+00:00,0.9975
2026-01-01 05:23:08+00:00,0.9975
2026-01-01 05:24:09+00:00,0.9975
2026-01-01 05:25:08+00:00,0.9975
2026-01-01 05:26:08+00:00,0.9975
2026-01-01 05:27:08+00:00,0.9975
2026-01-01 05:28:08+00:00,0.9975
2026-01-01 05:29:08+00:00,0.9975
2026-01-01 05:30:15+00:00,0.9975
2026-01-01 05:31:08+00:00,0.9975
2026-01-01 05:32:08+00:00,0.9975
2026-01-01 05:33:08+00:00,0.9975
2026-01-01 05:34:08+00:00,0.9975
2026-01-01 05:35:08+00:00,0.9975
2026-01-01 05:36:08+00:00,0.998
2026-01-01 05:37:08+00:00,0.998
2026-01-01 05:38:08+00:00,0.998
2026-01-01 05:39:08+00:00,0.9975
2026-01-01 05:40:08+00:00,0.998
2026-01-01 05:41:22+00:00,0.998
2026-01-01 05:42:08+00:00,0.998
2026-01-01 05:43:08+00:00,0.998
2026-01-01 05:44:08+00:00,0.998
2026-01-01 05:45:08+00:00,0.998
2026-01-01 05:46:08+00:00,0.998
2026-01-01 05:47:08+00:00,0.998
2026-01-01 05:48:20+00:00,0.998
2026-01-01 05:49:08+00:00,0.998
2026-01-01 05:50:08+00:00,0.998
2026-01-01 05:51:08+00:00,0.998
2026-01-01 05:52:08+00:00,0.998
2026-01-01 05:53:08+00:00,0.9985
2026-01-01 05:54:23+00:00,0.9985
2026-01-01 05:55:09+00:00,0.9985
2026-01-01 05:56:08+00:00,0.9985
2026-01-01 05:57:08+00:00,0.9985
2026-01-01 05:58:08+00:00,0.9985
2026-01-01 05:59:08+00:00,0.9985
2026-01-01 06:00:12+00:00,0.9985
2026-01-01 06:01:08+00:00,0.9985
2026-01-01 06:02:08+00:00,0.9985
2026-01-01 06:03:08+00:00,0.9985
2026-01-01 06:04:08+00:00,0.9985
2026-01-01 06:05:09+00:00,0.9985
2026-01-01 06:06:08+00:00,0.9985
2026-01-01 06:07:08+00:00,0.9985
2026-01-01 06:08:08+00:00,0.9985
2026-01-01 06:09:08+00:00,0.9985
2026-01-01 06:10:09+00:00,0.9985
2026-01-01 06:11:24+00:00,0.9985
2026-01-01 06:12:08+00:00,0.9985
2026-01-01 06:13:08+00:00,0.9985
2026-01-01 06:14:08+00:00,0.9985
2026-01-01 06:15:09+00:00,0.9985
2026-01-01 06:16:08+00:00,0.9985
2026-01-01 06:17:08+00:00,0.9985
2026-01-01 06:18:08+00:00,0.9985
2026-01-01 06:19:08+00:00,0.9985
2026-01-01 06:20:13+00:00,0.9985
2026-01-01 06:21:08+00:00,0.9985
2026-01-01 06:22:08+00:00,0.9985
2026-01-01 06:23:08+00:00,0.9985
2026-01-01 06:24:08+00:00,0.9985
2026-01-01 06:25:08+00:00,0.9985
2026-01-01 06:26:08+00:00,0.9985
2026-01-01 06:27:09+00:00,0.9985
2026-01-01 06:28:08+00:00,0.9985
2026-01-01 06:29:08+00:00,0.9985
2026-01-01 06:30:10+00:00,0.9985
2026-01-01 06:31:08+00:00,0.9985
2026-01-01 06:32:08+00:00,0.9985
2026-01-01 06:33:08+00:00,0.9985
2026-01-01 06:34:08+00:00,0.9985
2026-01-01 06:35:13+00:00,0.9985
2026-01-01 06:36:08+00:00,0.9985
2026-01-01 06:37:08+00:00,0.9985
2026-01-01 06:38:08+00:00,0.9985
2026-01-01 06:39:08+00:00,0.9985
2026-01-01 06:40:19+00:00,0.9985
2026-01-01 06:41:08+00:00,0.9985
2026-01-01 06:42:08+00:00,0.9985
2026-01-01 06:43:08+00:00,0.9985
2026-01-01 06:44:08+00:00,0.9985
2026-01-01 06:45:08+00:00,0.9985
2026-01-01 06:46:08+00:00,0.9985
2026-01-01 06:47:08+00:00,0.9985
2026-01-01 06:48:22+00:00,0.9985
2026-01-01 06:49:08+00:00,0.9985
2026-01-01 06:50:08+00:00,0.9985
2026-01-01 06:51:08+00:00,0.9985
2026-01-01 06:52:08+00:00,0.9985
2026-01-01 06:53:08+00:00,0.9985
2026-01-01 06:54:09+00:00,0.9985
2026-01-01 06:55:08+00:00,0.9985
2026-01-01 06:56:22+00:00,0.9985
2026-01-01 06:57:08+00:00,0.9985
2026-01-01 06:58:08+00:00,0.9985
2026-01-01 06:59:08+00:00,0.9985
2026-01-01 07:00:10+00:00,0.9985
2026-01-01 07:01:14+00:00,0.9985
2026-01-01 07:02:08+00:00,0.9985
2026-01-01 07:03:08+00:00,0.9985
2026-01-01 07:04:08+00:00,0.9985
2026-01-01 07:05:09+00:00,0.9985
2026-01-01 07:06:08+00:00,0.9985
2026-01-01 07:07:08+00:00,0.9985
2026-01-01 07:08:08+00:00,0.9985
2026-01-01 07:09:08+00:00,0.9985
2026-01-01 07:10:08+00:00,0.9985
2026-01-01 07:11:08+00:00,0.9985
2026-01-01 07:12:08+00:00,0.9985
2026-01-01 07:13:08+00:00,0.9985
2026-01-01 07:14:08+00:00,0.9985
2026-01-01 07:15:09+00:00,0.9985
2026-01-01 07:16:10+00:00,0.9985
2026-01-01 07:17:08+00:00,0.9985
2026-01-01 07:18:08+00:00,0.9985
2026-01-01 07:19:08+00:00,0.9985
2026-01-01 07:20:20+00:00,0.9985
2026-01-01 07:21:08+00:00,0.9985
2026-01-01 07:22:08+00:00,0.9985
2026-01-01 07:23:08+00:00,0.9985
2026-01-01 07:24:08+00:00,0.9985
2026-01-01 07:25:08+00:00,0.9985
2026-01-01 07:26:08+00:00,0.9985
2026-01-01 07:27:12+00:00,0.9985
2026-01-01 07:28:08+00:00,0.9985
2026-01-01 07:29:08+00:00,0.9985
2026-01-01 07:30:25+00:00,0.9985
2026-01-01 07:31:08+00:00,0.9985
2026-01-01 07:32:08+00:00,0.9985
2026-01-01 07:33:08+00:00,0.9985
2026-01-01 07:34:07+00:00,0.9985
2026-01-01 07:35:09+00:00,0.9985
2026-01-01 07:36:08+00:00,0.9985
2026-01-01 07:37:08+00:00,0.9985
2026-01-01 07:38:08+00:00,0.9985
2026-01-01 07:39:08+00:00,0.9985
2026-01-01 07:40:09+00:00,0.9985
2026-01-01 07:41:08+00:00,0.9985
2026-01-01 07:42:08+00:00,0.9985
2026-01-01 07:43:08+00:00,0.9985
2026-01-01 07:44:08+00:00,0.9985
2026-01-01 07:45:09+00:00,0.9985
2026-01-01 07:46:08+00:00,0.9985
2026-01-01 07:47:08+00:00,0.9985
2026-01-01 07:48:08+00:00,0.9985
2026-01-01 07:49:08+00:00,0.9985
2026-01-01 07:50:09+00:00,0.9985
2026-01-01 07:51:08+00:00,0.9985
2026-01-01 07:52:07+00:00,0.9985
2026-01-01 07:53:22+00:00,0.9985
2026-01-01 07:54:08+00:00,0.9985
2026-01-01 07:55:09+00:00,0.9985
2026-01-01 07:56:08+00:00,0.9985
2026-01-01 07:57:08+00:00,0.9985
2026-01-01 07:58:08+00:00,0.9985
2026-01-01 07:59:08+00:00,0.9985
2026-01-01 08:00:09+00:00,0.9985
2026-01-01 08:01:08+00:00,0.9985
2026-01-01 08:02:08+00:00,0.9985
2026-01-01 08:03:19+00:00,0.9985
2026-01-01 08:04:08+00:00,0.9985
2026-01-01 08:05:08+00:00,0.9985
2026-01-01 08:06:08+00:00,0.9985
2026-01-01 08:07:08+00:00,0.9985
2026-01-01 08:08:08+00:00,0.9985
2026-01-01 08:09:08+00:00,0.9985
2026-01-01 08:10:08+00:00,0.9985
2026-01-01 08:11:08+00:00,0.9985
2026-01-01 08:12:18+00:00,0.9985
2026-01-01 08:13:08+00:00,0.9985
2026-01-01 08:14:22+00:00,0.9985
2026-01-01 08:15:08+00:00,0.9985
2026-01-01 08:16:08+00:00,0.9985
2026-01-01 08:17:08+00:00,0.9985
2026-01-01 08:18:08+00:00,0.9985
2026-01-01 08:19:12+00:00,0.9985
2026-01-01 08:20:08+00:00,0.9985
2026-01-01 08:21:08+00:00,0.9985
2026-01-01 08:22:08+00:00,0.9985
2026-01-01 08:23:08+00:00,0.9985
2026-01-01 08:24:08+00:00,0.9985
2026-01-01 08:25:08+00:00,0.9985
2026-01-01 08:26:19+00:00,0.9985
2026-01-01 08:27:07+00:00,0.9985
2026-01-01 08:28:07+00:00,0.9985
2026-01-01 08:29:08+00:00,0.9985
2026-01-01 08:30:09+00:00,0.9985
2026-01-01 08:31:08+00:00,0.9985
2026-01-01 08:32:07+00:00,0.9985
2026-01-01 08:33:08+00:00,0.9985
2026-01-01 08:34:07+00:00,0.9985
2026-01-01 08:35:08+00:00,0.9985
2026-01-01 08:36:07+00:00,0.9985
2026-01-01 08:37:07+00:00,0.9985
2026-01-01 08:38:07+00:00,0.9985
2026-01-01 08:39:07+00:00,0.9985
2026-01-01 08:40:08+00:00,0.9985
2026-01-01 08:41:07+00:00,0.9985
2026-01-01 08:42:07+00:00,0.9985
2026-01-01 08:43:07+00:00,0.9985
2026-01-01 08:44:07+00:00,0.9985
2026-01-01 08:45:13+00:00,0.9985
2026-01-01 08:46:08+00:00,0.9985
2026-01-01 08:47:07+00:00,0.9985
2026-01-01 08:48:07+00:00,0.9985
2026-01-01 08:49:07+00:00,0.9985
2026-01-01 08:50:08+00:00,0.9985
2026-01-01 08:51:07+00:00,0.9985
2026-01-01 08:52:07+00:00,0.9985
2026-01-01 08:53:12+00:00,0.9985
2026-01-01 08:54:07+00:00,0.9985
2026-01-01 08:55:08+00:00,0.9985
2026-01-01 08:56:07+00:00,0.9985
2026-01-01 08:57:07+00:00,0.9985
2026-01-01 08:58:07+00:00,0.9985
2026-01-01 08:59:07+00:00,0.9985
2026-01-01 09:00:11+00:00,0.9985
2026-01-01 09:01:08+00:00,0.9985
2026-01-01 09:02:22+00:00,0.9985
2026-01-01 09:03:08+00:00,0.9985
2026-01-01 09:04:22+00:00,0.9985
2026-01-01 09:05:08+00:00,0.9985
2026-01-01 09:06:19+00:00,0.9985
2026-01-01 09:07:07+00:00,0.9985
2026-01-01 09:08:07+00:00,0.9985
2026-01-01 09:09:07+00:00,0.9985
2026-01-01 09:10:08+00:00,0.9985
2026-01-01 09:11:07+00:00,0.9985
2026-01-01 09:12:07+00:00,0.9985
2026-01-01 09:13:07+00:00,0.9985
2026-01-01 09:14:19+00:00,0.9985
2026-01-01 09:15:08+00:00,0.9985
2026-01-01 09:16:07+00:00,0.9985
2026-01-01 09:17:07+00:00,0.9985
2026-01-01 09:18:07+00:00,0.9985
2026-01-01 09:19:12+00:00,0.9985
2026-01-01 09:20:08+00:00,0.9985
2026-01-01 09:21:07+00:00,0.9985
2026-01-01 09:22:08+00:00,0.9985
2026-01-01 09:23:07+00:00,0.9985
2026-01-01 09:24:08+00:00,0.9985
2026-01-01 09:25:07+00:00,0.9985
2026-01-01 09:26:18+00:00,0.9985
2026-01-01 09:27:07+00:00,0.9985
2026-01-01 09:28:07+00:00,0.9985
2026-01-01 09:29:07+00:00,0.9985
2026-01-01 09:30:09+00:00,0.9985
2026-01-01 09:31:07+00:00,0.9985
2026-01-01 09:32:07+00:00,0.9985
2026-01-01 09:33:07+00:00,0.9985
2026-01-01 09:34:07+00:00,0.9985
2026-01-01 09:35:07+00:00,0.9985
2026-01-01 09:36:07+00:00,0.9985
2026-01-01 09:37:07+00:00,0.9985
2026-01-01 09:38:07+00:00,0.9985
2026-01-01 09:39:07+00:00,0.9985
2026-01-01 09:40:08+00:00,0.9985
2026-01-01 09:41:22+00:00,0.9985
2026-01-01 09:42:08+00:00,0.9985
2026-01-01 09:43:07+00:00,0.9985
2026-01-01 09:44:07+00:00,0.9985
2026-01-01 09:45:12+00:00,0.9985
2026-01-01 09:46:07+00:00,0.9985
2026-01-01 09:47:07+00:00,0.9985
2026-01-01 09:48:07+00:00,0.9985
2026-01-01 09:49:07+00:00,0.9985
2026-01-01 09:50:07+00:00,0.9985
2026-01-01 09:51:07+00:00,0.9985
2026-01-01 09:52:07+00:00,0.9985
2026-01-01 09:53:07+00:00,0.9985
2026-01-01 09:54:07+00:00,0.9985
2026-01-01 09:55:07+00:00,0.9985
2026-01-01 09:56:07+00:00,0.9985
2026-01-01 09:57:11+00:00,0.9985
2026-01-01 09:58:07+00:00,0.9985
2026-01-01 09:59:07+00:00,0.9985
2026-01-01 10:00:10+00:00,0.9985
2026-01-01 10:01:08+00:00,0.9985
2026-01-01 10:02:07+00:00,0.9985
2026-01-01 10:03:07+00:00,0.9985
2026-01-01 10:04:07+00:00,0.9985
2026-01-01 10:05:07+00:00,0.9985
2026-01-01 10:06:07+00:00,0.9985
2026-01-01 10:07:08+00:00,0.9985
2026-01-01 10:08:19+00:00,0.9985
2026-01-01 10:09:07+00:00,0.9985
2026-01-01 10:10:08+00:00,0.9985
2026-01-01 10:11:07+00:00,0.9985
2026-01-01 10:12:22+00:00,0.9985
2026-01-01 10:13:07+00:00,0.9985
2026-01-01 10:14:07+00:00,0.9985
2026-01-01 10:15:07+00:00,0.9985
2026-01-01 10:16:08+00:00,0.9985
2026-01-01 10:17:08+00:00,0.9985
2026-01-01 10:18:07+00:00,0.9985
2026-01-01 10:19:07+00:00,0.9985
2026-01-01 10:20:07+00:00,0.9985
2026-01-01 10:21:07+00:00,0.9985
2026-01-01 10:22:07+00:00,0.9985
2026-01-01 10:23:11+00:00,0.9985
2026-01-01 10:24:07+00:00,0.9985
2026-01-01 10:25:08+00:00,0.9985
2026-01-01 10:26:07+00:00,0.9985
2026-01-01 10:27:07+00:00,0.9985
2026-01-01 10:28:07+00:00,0.9985
2026-01-01 10:29:07+00:00,0.9985
2026-01-01 10:30:08+00:00,0.9985
2026-01-01 10:31:21+00:00,0.9985
2026-01-01 10:32:07+00:00,0.9985
2026-01-01 10:33:07+00:00,0.9985
2026-01-01 10:34:07+00:00,0.9985
2026-01-01 10:35:07+00:00,0.9985
2026-01-01 10:36:17+00:00,0.9985
2026-01-01 10:37:07+00:00,0.9985
2026-01-01 10:38:21+00:00,0.9985
2026-01-01 10:39:07+00:00,0.9985
2026-01-01 10:40:07+00:00,0.9985
2026-01-01 10:41:07+00:00,0.9985
2026-01-01 10:42:07+00:00,0.9985
2026-01-01 10:43:07+00:00,0.9985
2026-01-01 10:44:07+00:00,0.9985
2026-01-01 10:45:12+00:00,0.9985
2026-01-01 10:46:07+00:00,0.9985
2026-01-01 10:47:07+00:00,0.9985
2026-01-01 10:48:07+00:00,0.9985
2026-01-01 10:49:07+00:00,0.9985
2026-01-01 10:50:07+00:00,0.9985
2026-01-01 10:51:07+00:00,0.9985
2026-01-01 10:52:21+00:00,0.9985
2026-01-01 10:53:07+00:00,0.9985
2026-01-01 10:54:07+00:00,0.9985
2026-01-01 10:55:07+00:00,0.9985
2026-01-01 10:56:07+00:00,0.9985
2026-01-01 10:57:07+00:00,0.9985
2026-01-01 10:58:07+00:00,0.9985
2026-01-01 10:59:07+00:00,0.9985
2026-01-01 11:00:09+00:00,0.9985
2026-01-01 11:01:07+00:00,0.9985
2026-01-01 11:02:07+00:00,0.9985
2026-01-01 11:03:07+00:00,0.9985
2026-01-01 11:04:07+00:00,0.9985
2026-01-01 11:05:07+00:00,0.9985
2026-01-01 11:06:07+00:00,0.9985
2026-01-01 11:07:07+00:00,0.9985
2026-01-01 11:08:07+00:00,0.9985
2026-01-01 11:09:07+00:00,0.9985
2026-01-01 11:10:24+00:00,0.9985
2026-01-01 11:11:07+00:00,0.9985
2026-01-01 11:12:07+00:00,0.9985
2026-01-01 11:13:21+00:00,0.9985
2026-01-01 11:14:07+00:00,0.9985
2026-01-01 11:15:07+00:00,0.9985
2026-01-01 11:16:22+00:00,0.9985
2026-01-01 11:17:07+00:00,0.9985
2026-01-01 11:18:07+00:00,0.9985
2026-01-01 11:19:08+00:00,0.9985
2026-01-01 11:20:07+00:00,0.9985
2026-01-01 11:21:07+00:00,0.9985
2026-01-01 11:22:07+00:00,0.9985
2026-01-01 11:23:07+00:00,0.9985
2026-01-01 11:24:07+00:00,0.9985
2026-01-01 11:25:21+00:00,0.9985
2026-01-01 11:26:21+00:00,0.9985
2026-01-01 11:27:07+00:00,0.9985
2026-01-01 11:28:07+00:00,0.9985
2026-01-01 11:29:08+00:00,0.9985
2026-01-01 11:30:08+00:00,0.9985
2026-01-01 11:31:07+00:00,0.9985
2026-01-01 11:32:07+00:00,0.9985
2026-01-01 11:33:07+00:00,0.9985
2026-01-01 11:34:07+00:00,0.9985
2026-01-01 11:35:08+00:00,0.9985
2026-01-01 11:36:07+00:00,0.9985
2026-01-01 11:37:11+00:00,0.9985
2026-01-01 11:38:07+00:00,0.9985
2026-01-01 11:39:07+00:00,0.9985
2026-01-01 11:40:08+00:00,0.9985
2026-01-01 11:41:07+00:00,0.9985
2026-01-01 11:42:07+00:00,0.9985
2026-01-01 11:43:07+00:00,0.9985
2026-01-01 11:44:07+00:00,0.9985
2026-01-01 11:45:07+00:00,0.9985
2026-01-01 11:46:07+00:00,0.9985
2026-01-01 11:47:21+00:00,0.9985
2026-01-01 11:48:07+00:00,0.9985
2026-01-01 11:49:07+00:00,0.9985
2026-01-01 11:50:07+00:00,0.9985
2026-01-01 11:51:07+00:00,0.9985
2026-01-01 11:52:07+00:00,0.9985
2026-01-01 11:53:07+00:00,0.9985
2026-01-01 11:54:07+00:00,0.9985
2026-01-01 11:55:22+00:00,0.9985
2026-01-01 11:56:11+00:00,0.9985
2026-01-01 11:57:07+00:00,0.9985
2026-01-01 11:58:07+00:00,0.9985
2026-01-01 11:59:07+00:00,0.9985
2026-01-01 12:00:12+00:00,0.9985
2026-01-01 12:01:07+00:00,0.9985
2026-01-01 12:02:07+00:00,0.9985
2026-01-01 12:03:07+00:00,0.9985
2026-01-01 12:04:07+00:00,0.9985
2026-01-01 12:05:08+00:00,0.9985
2026-01-01 12:06:07+00:00,0.9985
2026-01-01 12:07:07+00:00,0.9985
2026-01-01 12:08:11+00:00,0.9985
2026-01-01 12:09:07+00:00,0.9985
2026-01-01 12:10:07+00:00,0.9985
2026-01-01 12:11:07+00:00,0.9985
2026-01-01 12:12:21+00:00,0.9985
2026-01-01 12:13:07+00:00,0.9985
2026-01-01 12:14:07+00:00,0.9985
2026-01-01 12:15:22+00:00,0.9985
2026-01-01 12:16:07+00:00,0.9985
2026-01-01 12:17:07+00:00,0.9985
2026-01-01 12:18:07+00:00,0.9985
2026-01-01 12:19:07+00:00,0.9985
2026-01-01 12:20:30+00:00,0.9985
2026-01-01 12:21:07+00:00,0.9985
2026-01-01 12:22:11+00:00,0.9985
2026-01-01 12:23:07+00:00,0.9985
2026-01-01 12:24:07+00:00,0.9985
2026-01-01 12:25:08+00:00,0.9985
2026-01-01 12:26:07+00:00,0.9985
2026-01-01 12:27:07+00:00,0.9985
2026-01-01 12:28:07+00:00,0.9985
2026-01-01 12:29:07+00:00,0.9985
2026-01-01 12:30:08+00:00,0.9985
2026-01-01 12:31:07+00:00,0.9985
2026-01-01 12:32:08+00:00,0.9985
2026-01-01 12:33:08+00:00,0.9985
2026-01-01 12:34:07+00:00,0.9985
2026-01-01 12:35:19+00:00,0.9985
2026-01-01 12:36:07+00:00,0.9985
2026-01-01 12:37:07+00:00,0.9985
2026-01-01 12:38:07+00:00,0.9985
2026-01-01 12:39:19+00:00,0.9985
2026-01-01 12:40:07+00:00,0.9985
2026-01-01 12:41:07+00:00,0.9985
2026-01-01 12:42:18+00:00,0.9985
2026-01-01 12:43:07+00:00,0.9985
2026-01-01 12:44:07+00:00,0.9985
2026-01-01 12:45:07+00:00,0.9985
2026-01-01 12:46:07+00:00,0.9985
2026-01-01 12:47:07+00:00,0.9985
2026-01-01 12:48:11+00:00,0.9985
2026-01-01 12:49:20+00:00,0.9985
2026-01-01 12:50:08+00:00,0.9985
2026-01-01 12:51:07+00:00,0.9985
2026-01-01 12:52:07+00:00,0.9985
2026-01-01 12:53:07+00:00,0.9985
2026-01-01 12:54:07+00:00,0.9985
2026-01-01 12:55:07+00:00,0.9985
2026-01-01 12:56:07+00:00,0.9985
2026-01-01 12:57:07+00:00,0.9985
2026-01-01 12:58:07+00:00,0.9985
2026-01-01 12:59:08+00:00,0.9985
2026-01-01 13:00:25+00:00,0.9985
2026-01-01 13:01:07+00:00,0.9985
2026-01-01 13:02:07+00:00,0.9985
2026-01-01 13:03:07+00:00,0.9985
2026-01-01 13:04:20+00:00,0.9985
2026-01-01 13:05:07+00:00,0.9985
2026-01-01 13:06:07+00:00,0.9985
2026-01-01 13:07:22+00:00,0.9985
2026-01-01 13:08:18+00:00,0.9985
2026-01-01 13:09:07+00:00,0.9985
2026-01-01 13:10:07+00:00,0.9985
2026-01-01 13:11:07+00:00,0.9985
2026-01-01 13:12:22+00:00,0.999
2026-01-01 13:13:07+00:00,0.999
2026-01-01 13:14:07+00:00,0.999
2026-01-01 13:15:07+00:00,0.9995
2026-01-01 13:16:07+00:00,0.9995
2026-01-01 13:17:07+00:00,0.9995
2026-01-01 13:18:07+00:00,0.9995
2026-01-01 13:19:07+00:00,0.9995
2026-01-01 13:20:17+00:00,0.9995
2026-01-01 13:21:07+00:00,0.9995
2026-01-01 13:22:21+00:00,0.9995
2026-01-01 13:23:07+00:00,0.9995
2026-01-01 13:24:07+00:00,0.9995
2026-01-01 13:25:07+00:00,0.9995
2026-01-01 13:26:11+00:00,0.9995
2026-01-01 13:27:07+00:00,0.9995
2026-01-01 13:28:07+00:00,0.9995
2026-01-01 13:29:07+00:00,0.9995
2026-01-01 13:30:10+00:00,0.9995
2026-01-01 13:31:07+00:00,0.9995
2026-01-01 13:32:07+00:00,0.9995
2026-01-01 13:33:07+00:00,0.9995
2026-01-01 13:34:07+00:00,0.9995
2026-01-01 13:35:21+00:00,0.9995
2026-01-01 13:36:21+00:00,0.9995
2026-01-01 13:37:19+00:00,0.9995
2026-01-01 13:38:07+00:00,0.9995
2026-01-01 13:39:07+00:00,0.9995
2026-01-01 13:40:07+00:00,0.9995
2026-01-01 13:41:20+00:00,0.9995
2026-01-01 13:42:07+00:00,0.9995
2026-01-01 13:43:07+00:00,0.9995
2026-01-01 13:44:07+00:00,0.9995
2026-01-01 13:45:08+00:00,0.9995
2026-01-01 13:46:07+00:00,0.9995
2026-01-01 13:47:07+00:00,0.9995
2026-01-01 13:48:07+00:00,0.9995
2026-01-01 13:49:07+00:00,0.9995
2026-01-01 13:50:07+00:00,0.9995
2026-01-01 13:51:07+00:00,0.9995
2026-01-01 13:52:11+00:00,0.9995
2026-01-01 13:53:07+00:00,0.9995
2026-01-01 13:54:21+00:00,0.9995
2026-01-01 13:55:08+00:00,0.9995
2026-01-01 13:56:07+00:00,0.9995
2026-01-01 13:57:07+00:00,0.9995
2026-01-01 13:58:07+00:00,0.9995
2026-01-01 13:59:07+00:00,0.9995
2026-01-01 14:00:09+00:00,0.9995
2026-01-01 14:01:20+00:00,0.9995
2026-01-01 14:02:07+00:00,0.9995
2026-01-01 14:03:07+00:00,0.9995
2026-01-01 14:04:07+00:00,0.9995
2026-01-01 14:05:08+00:00,0.9995
2026-01-01 14:06:07+00:00,0.9995
2026-01-01 14:07:07+00:00,0.9995
2026-01-01 14:08:07+00:00,0.9995
2026-01-01 14:09:07+00:00,0.9995
2026-01-01 14:10:08+00:00,0.9995
2026-01-01 14:11:07+00:00,0.9995
2026-01-01 14:12:07+00:00,0.9995
2026-01-01 14:13:07+00:00,0.9995
2026-01-01 14:14:07+00:00,0.9995
2026-01-01 14:15:22+00:00,0.9995
2026-01-01 14:16:07+00:00,0.9995
2026-01-01 14:17:07+00:00,0.9995
2026-01-01 14:18:12+00:00,0.9995
2026-01-01 14:19:07+00:00,0.9995
2026-01-01 14:20:21+00:00,0.9995
2026-01-01 14:21:12+00:00,0.9995
2026-01-01 14:22:07+00:00,0.9995
2026-01-01 14:23:07+00:00,0.9995
2026-01-01 14:24:07+00:00,0.9995
2026-01-01 14:25:08+00:00,0.999
2026-01-01 14:26:07+00:00,0.999
2026-01-01 14:27:07+00:00,0.999
2026-01-01 14:28:07+00:00,0.999
2026-01-01 14:29:07+00:00,0.999
2026-01-01 14:30:08+00:00,0.999
2026-01-01 14:31:07+00:00,0.999
2026-01-01 14:32:11+00:00,0.999
2026-01-01 14:33:07+00:00,0.999
2026-01-01 14:34:08+00:00,0.999
2026-01-01 14:35:08+00:00,0.999
2026-01-01 14:36:07+00:00,0.999
2026-01-01 14:37:07+00:00,0.999
2026-01-01 14:38:07+00:00,0.999
2026-01-01 14:39:07+00:00,0.999
2026-01-01 14:40:07+00:00,0.999
2026-01-01 14:41:22+00:00,0.999
2026-01-01 14:42:20+00:00,0.999
2026-01-01 14:43:07+00:00,0.999
2026-01-01 14:44:07+00:00,0.999
2026-01-01 14:45:07+00:00,0.999
2026-01-01 14:46:07+00:00,0.999
2026-01-01 14:47:07+00:00,0.999
2026-01-01 14:48:07+00:00,0.999
2026-01-01 14:49:07+00:00,0.999
2026-01-01 14:50:08+00:00,0.999
2026-01-01 14:51:07+00:00,0.999
2026-01-01 14:52:07+00:00,0.999
2026-01-01 14:53:07+00:00,0.999
2026-01-01 14:54:07+00:00,0.999
2026-01-01 14:55:07+00:00,0.999
2026-01-01 14:56:07+00:00,0.999
2026-01-01 14:57:07+00:00,0.999
2026-01-01 14:58:11+00:00,0.999
2026-01-01 14:59:07+00:00,0.999
2026-01-01 15:00:10+00:00,0.999
2026-01-01 15:01:07+00:00,0.999
2026-01-01 15:02:07+00:00,0.999
2026-01-01 15:03:07+00:00,0.999
2026-01-01 15:04:07+00:00,0.999
2026-01-01 15:05:07+00:00,0.999
2026-01-01 15:06:21+00:00,0.999
2026-01-01 15:07:07+00:00,0.999
2026-01-01 15:08:07+00:00,0.999
2026-01-01 15:09:07+00:00,0.999
2026-01-01 15:10:08+00:00,0.999
2026-01-01 15:11:07+00:00,0.999
2026-01-01 15:12:07+00:00,0.999
2026-01-01 15:13:07+00:00,0.999
2026-01-01 15:14:07+00:00,0.999
2026-01-01 15:15:08+00:00,0.999
2026-01-01 15:16:07+00:00,0.999
2026-01-01 15:17:07+00:00,0.999
2026-01-01 15:18:07+00:00,0.999
2026-01-01 15:19:08+00:00,0.999
2026-01-01 15:20:08+00:00,0.9995
2026-01-01 15:21:07+00:00,0.9995
2026-01-01 15:22:07+00:00,0.9995
2026-01-01 15:23:17+00:00,0.9995
2026-01-01 15:24:11+00:00,0.999
2026-01-01 15:25:08+00:00,0.999
2026-01-01 15:26:07+00:00,0.999
2026-01-01 15:27:07+00:00,0.999
2026-01-01 15:28:07+00:00,0.999
2026-01-01 15:29:07+00:00,0.999
2026-01-01 15:30:09+00:00,0.999
2026-01-01 15:31:07+00:00,0.999
2026-01-01 15:32:07+00:00,0.999
2026-01-01 15:33:07+00:00,0.999
2026-01-01 15:34:07+00:00,0.999
2026-01-01 15:35:07+00:00,0.999
2026-01-01 15:36:07+00:00,0.999
2026-01-01 15:37:07+00:00,0.999
2026-01-01 15:38:07+00:00,0.999
2026-01-01 15:39:19+00:00,0.999
2026-01-01 15:40:08+00:00,0.999
2026-01-01 15:41:07+00:00,0.999
2026-01-01 15:42:07+00:00,0.999
2026-01-01 15:43:07+00:00,0.999
2026-01-01 15:44:07+00:00,0.999
2026-01-01 15:45:07+00:00,0.999
2026-01-01 15:46:07+00:00,0.999
2026-01-01 15:47:07+00:00,0.999
2026-01-01 15:48:08+00:00,0.999
2026-01-01 15:49:07+00:00,0.999
2026-01-01 15:50:28+00:00,0.999
2026-01-01 15:51:18+00:00,0.999
2026-01-01 15:52:07+00:00,0.999
2026-01-01 15:53:07+00:00,0.999
2026-01-01 15:54:07+00:00,0.999
2026-01-01 15:55:08+00:00,0.999
2026-01-01 15:56:07+00:00,0.999
2026-01-01 15:57:07+00:00,0.999
2026-01-01 15:58:07+00:00,0.999
2026-01-01 15:59:21+00:00,0.9985
2026-01-01 16:00:09+00:00,0.9985
2026-01-01 16:01:08+00:00,0.9985
2026-01-01 16:02:08+00:00,0.9985
2026-01-01 16:03:07+00:00,0.9985
2026-01-01 16:04:07+00:00,0.9985
2026-01-01 16:05:07+00:00,0.9985
2026-01-01 16:06:08+00:00,0.9985
2026-01-01 16:07:07+00:00,0.9985
2026-01-01 16:08:07+00:00,0.9985
2026-01-01 16:09:07+00:00,0.9985
2026-01-01 16:10:08+00:00,0.9985
2026-01-01 16:11:07+00:00,0.9985
2026-01-01 16:12:21+00:00,0.9985
2026-01-01 16:13:07+00:00,0.9985
2026-01-01 16:14:07+00:00,0.9985
2026-01-01 16:15:08+00:00,0.9985
2026-01-01 16:16:11+00:00,0.9985
2026-01-01 16:17:07+00:00,0.9985
2026-01-01 16:18:07+00:00,0.9985
2026-01-01 16:19:07+00:00,0.9995
2026-01-01 16:20:08+00:00,0.9995
2026-01-01 16:21:07+00:00,0.9985
2026-01-01 16:22:07+00:00,0.9985
2026-01-01 16:23:07+00:00,0.9985
2026-01-01 16:24:07+00:00,0.9985
2026-01-01 16:25:07+00:00,0.9985
2026-01-01 16:26:07+00:00,0.9985
2026-01-01 16:27:07+00:00,0.9985
2026-01-01 16:28:07+00:00,0.9985
2026-01-01 16:29:07+00:00,0.9985
2026-01-01 16:30:08+00:00,0.9985
2026-01-01 16:31:07+00:00,0.9985
2026-01-01 16:32:07+00:00,0.9985
2026-01-01 16:33:07+00:00,0.9985
2026-01-01 16:34:07+00:00,0.9985
2026-01-01 16:35:08+00:00,0.9985
2026-01-01 16:36:07+00:00,0.9985
2026-01-01 16:37:07+00:00,0.9985
2026-01-01 16:38:23+00:00,0.9985
2026-01-01 16:39:07+00:00,0.9985
2026-01-01 16:40:07+00:00,0.9985
2026-01-01 16:41:07+00:00,0.9985
2026-01-01 16:42:11+00:00,0.9985
2026-01-01 16:43:07+00:00,0.9985
2026-01-01 16:44:07+00:00,0.9985
2026-01-01 16:45:09+00:00,0.9985
2026-01-01 16:46:08+00:00,0.9985
2026-01-01 16:47:07+00:00,0.9985
2026-01-01 16:48:08+00:00,0.9985
2026-01-01 16:49:07+00:00,0.9985
2026-01-01 16:50:07+00:00,0.9985
2026-01-01 16:51:07+00:00,0.9985
2026-01-01 16:52:07+00:00,0.9985
2026-01-01 16:53:20+00:00,0.9985
2026-01-01 16:54:07+00:00,0.9985
2026-01-01 16:55:07+00:00,0.9985
2026-01-01 16:56:07+00:00,0.9985
2026-01-01 16:57:07+00:00,0.9985
2026-01-01 16:58:07+00:00,0.9985
2026-01-01 16:59:07+00:00,0.9985
2026-01-01 17:00:11+00:00,0.9985
2026-01-01 17:01:07+00:00,0.999
2026-01-01 17:02:23+00:00,0.999
2026-01-01 17:03:07+00:00,0.999
2026-01-01 17:04:07+00:00,0.999
2026-01-01 17:05:12+00:00,0.999
2026-01-01 17:06:07+00:00,0.999
2026-01-01 17:07:07+00:00,0.999
2026-01-01 17:08:07+00:00,0.999
2026-01-01 17:09:07+00:00,0.999
2026-01-01 17:10:08+00:00,0.999
2026-01-01 17:11:07+00:00,0.9995
2026-01-01 17:12:07+00:00,0.9995
2026-01-01 17:13:07+00:00,0.9995
2026-01-01 17:14:07+00:00,0.9995
2026-01-01 17:15:08+00:00,0.9995
2026-01-01 17:16:08+00:00,0.9995
2026-01-01 17:17:07+00:00,0.9995
2026-01-01 17:18:07+00:00,0.9995
2026-01-01 17:19:07+00:00,0.9995
2026-01-01 17:20:07+00:00,0.9995
2026-01-01 17:21:07+00:00,0.9995
2026-01-01 17:22:07+00:00,0.9995
2026-01-01 17:23:07+00:00,0.9995
2026-01-01 17:24:08+00:00,0.9995
2026-01-01 17:25:22+00:00,0.9995
2026-01-01 17:26:19+00:00,0.9995
2026-01-01 17:27:08+00:00,0.9995
2026-01-01 17:28:07+00:00,0.9995
2026-01-01 17:29:07+00:00,0.9995
2026-01-01 17:30:09+00:00,0.999
2026-01-01 17:31:11+00:00,0.999
2026-01-01 17:32:07+00:00,0.999
2026-01-01 17:33:07+00:00,0.999
2026-01-01 17:34:07+00:00,0.999
2026-01-01 17:35:08+00:00,0.999
2026-01-01 17:36:07+00:00,0.999
2026-01-01 17:37:07+00:00,0.999
2026-01-01 17:38:18+00:00,0.999
2026-01-01 17:39:07+00:00,0.999
2026-01-01 17:40:07+00:00,0.999
2026-01-01 17:41:07+00:00,0.9995
2026-01-01 17:42:07+00:00,0.9995
2026-01-01 17:43:07+00:00,0.999
2026-01-01 17:44:07+00:00,0.9985
2026-01-01 17:45:08+00:00,0.9985
2026-01-01 17:46:07+00:00,0.9985
2026-01-01 17:47:07+00:00,0.9985
2026-01-01 17:48:07+00:00,0.9985
2026-01-01 17:49:07+00:00,0.9985
2026-01-01 17:50:08+00:00,0.9985
2026-01-01 17:51:24+00:00,0.9985
2026-01-01 17:52:07+00:00,0.9985
2026-01-01 17:53:07+00:00,0.9985
2026-01-01 17:54:07+00:00,0.9985
2026-01-01 17:55:09+00:00,0.9985
2026-01-01 17:56:07+00:00,0.9985
2026-01-01 17:57:19+00:00,0.9985
2026-01-01 17:58:07+00:00,0.9985
2026-01-01 17:59:07+00:00,0.9985
2026-01-01 18:00:11+00:00,0.9985
2026-01-01 18:01:07+00:00,0.9985
2026-01-01 18:02:08+00:00,0.9985
2026-01-01 18:03:20+00:00,0.9985
2026-01-01 18:04:07+00:00,0.9985
2026-01-01 18:05:08+00:00,0.9985
2026-01-01 18:06:08+00:00,0.9985
2026-01-01 18:07:07+00:00,0.9985
2026-01-01 18:08:08+00:00,0.9985
2026-01-01 18:09:07+00:00,0.9985
2026-01-01 18:10:08+00:00,0.9985
2026-01-01 18:11:07+00:00,0.9985
2026-01-01 18:12:07+00:00,0.9985
2026-01-01 18:13:07+00:00,0.9985
2026-01-01 18:14:07+00:00,0.9985
2026-01-01 18:15:08+00:00,0.9985
2026-01-01 18:16:07+00:00,0.9985
2026-01-01 18:17:12+00:00,0.9985
2026-01-01 18:18:07+00:00,0.9985
2026-01-01 18:19:08+00:00,0.9985
2026-01-01 18:20:08+00:00,0.9985
2026-01-01 18:21:07+00:00,0.9995
2026-01-01 18:22:07+00:00,0.9995
2026-01-01 18:23:08+00:00,0.9995
2026-01-01 18:24:07+00:00,0.9995
2026-01-01 18:25:08+00:00,0.999
2026-01-01 18:26:07+00:00,0.999
2026-01-01 18:27:08+00:00,0.999
2026-01-01 18:28:07+00:00,0.999
2026-01-01 18:29:07+00:00,0.999
2026-01-01 18:30:09+00:00,0.999
2026-01-01 18:31:07+00:00,0.9995
2026-01-01 18:32:07+00:00,0.9995
2026-01-01 18:33:07+00:00,0.9995
2026-01-01 18:34:07+00:00,0.9995
2026-01-01 18:35:08+00:00,0.9995
2026-01-01 18:36:08+00:00,0.9995
2026-01-01 18:37:07+00:00,0.9995
2026-01-01 18:38:07+00:00,0.9995
2026-01-01 18:39:07+00:00,0.999
2026-01-01 18:40:20+00:00,0.999
2026-01-01 18:41:07+00:00,0.999
2026-01-01 18:42:07+00:00,0.999
2026-01-01 18:43:11+00:00,0.999
2026-01-01 18:44:07+00:00,0.999
2026-01-01 18:45:21+00:00,0.999
2026-01-01 18:46:07+00:00,0.999
2026-01-01 18:47:20+00:00,0.999
2026-01-01 18:48:08+00:00,0.999
2026-01-01 18:49:22+00:00,0.999
2026-01-01 18:50:08+00:00,0.999
2026-01-01 18:51:07+00:00,0.999
2026-01-01 18:52:19+00:00,0.999
2026-01-01 18:53:07+00:00,0.9995
2026-01-01 18:54:07+00:00,0.9995
2026-01-01 18:55:07+00:00,0.9995
2026-01-01 18:56:07+00:00,0.9995
2026-01-01 18:57:07+00:00,0.9995
2026-01-01 18:58:07+00:00,0.9995
2026-01-01 18:59:22+00:00,0.999
2026-01-01 19:00:09+00:00,0.999
2026-01-01 19:01:08+00:00,0.999
2026-01-01 19:02:08+00:00,0.999
2026-01-01 19:03:07+00:00,0.999
2026-01-01 19:04:12+00:00,0.9985
2026-01-01 19:05:08+00:00,0.9985
2026-01-01 19:06:07+00:00,0.9985
2026-01-01 19:07:07+00:00,0.9985
2026-01-01 19:08:07+00:00,0.9985
2026-01-01 19:09:07+00:00,0.9985
2026-01-01 19:10:08+00:00,0.9985
2026-01-01 19:11:07+00:00,0.9985
2026-01-01 19:12:07+00:00,0.9985
2026-01-01 19:13:07+00:00,0.9985
2026-01-01 19:14:07+00:00,0.9985
2026-01-01 19:15:08+00:00,0.9985
2026-01-01 19:16:07+00:00,0.9985
2026-01-01 19:17:07+00:00,0.9985
2026-01-01 19:18:21+00:00,0.9985
2026-01-01 19:19:07+00:00,0.9985
2026-01-01 19:20:08+00:00,0.9985
2026-01-01 19:21:07+00:00,0.9985
2026-01-01 19:22:07+00:00,0.9985
2026-01-01 19:23:07+00:00,0.999
2026-01-01 19:24:20+00:00,0.999
2026-01-01 19:25:08+00:00,0.999
2026-01-01 19:26:08+00:00,0.999
2026-01-01 19:27:07+00:00,0.999
2026-01-01 19:28:08+00:00,0.999
2026-01-01 19:29:07+00:00,0.999
2026-01-01 19:30:14+00:00,0.9985
2026-01-01 19:31:07+00:00,0.9985
2026-01-01 19:32:07+00:00,0.9985
2026-01-01 19:33:07+00:00,0.9985
2026-01-01 19:34:07+00:00,0.9985
2026-01-01 19:35:08+00:00,0.9985
2026-01-01 19:36:07+00:00,0.9985
2026-01-01 19:37:07+00:00,0.9985
2026-01-01 19:38:07+00:00,0.9985
2026-01-01 19:39:07+00:00,0.9985
2026-01-01 19:40:07+00:00,0.9985
2026-01-01 19:41:07+00:00,0.9985
2026-01-01 19:42:07+00:00,0.9985
2026-01-01 19:43:07+00:00,0.9985
2026-01-01 19:44:07+00:00,0.9985
2026-01-01 19:45:07+00:00,0.9985
2026-01-01 19:46:08+00:00,0.9985
2026-01-01 19:47:18+00:00,0.9985
2026-01-01 19:48:11+00:00,0.9985
2026-01-01 19:49:07+00:00,0.9985
2026-01-01 19:50:09+00:00,0.9985
2026-01-01 19:51:08+00:00,0.9985
2026-01-01 19:52:07+00:00,0.9985
2026-01-01 19:53:07+00:00,0.9985
2026-01-01 19:54:07+00:00,0.9985
2026-01-01 19:55:19+00:00,0.9985
2026-01-01 19:56:07+00:00,0.9985
2026-01-01 19:57:07+00:00,0.9985
2026-01-01 19:58:07+00:00,0.9985
2026-01-01 19:59:08+00:00,0.9985
2026-01-01 20:00:21+00:00,0.9985
2026-01-01 20:01:08+00:00,0.9985
2026-01-01 20:02:07+00:00,0.9985
2026-01-01 20:03:07+00:00,0.9985
2026-01-01 20:04:07+00:00,0.9985
2026-01-01 20:05:08+00:00,0.9985
2026-01-01 20:06:22+00:00,0.9985
2026-01-01 20:07:07+00:00,0.9985
2026-01-01 20:08:07+00:00,0.9985
2026-01-01 20:09:07+00:00,0.9985
2026-01-01 20:10:08+00:00,0.9985
2026-01-01 20:11:07+00:00,0.9985
2026-01-01 20:12:08+00:00,0.9985
2026-01-01 20:13:07+00:00,0.9985
2026-01-01 20:14:11+00:00,0.9985
2026-01-01 20:15:09+00:00,0.9985
2026-01-01 20:16:07+00:00,0.9985
2026-01-01 20:17:07+00:00,0.9985
2026-01-01 20:18:07+00:00,0.999
2026-01-01 20:19:07+00:00,0.9985
2026-01-01 20:20:20+00:00,0.9985
2026-01-01 20:21:07+00:00,0.9985
2026-01-01 20:22:07+00:00,0.999
2026-01-01 20:23:07+00:00,0.9985
2026-01-01 20:24:07+00:00,0.9985
2026-01-01 20:25:08+00:00,0.9985
2026-01-01 20:26:08+00:00,0.9985
2026-01-01 20:27:08+00:00,0.9985
2026-01-01 20:28:07+00:00,0.9985
2026-01-01 20:29:07+00:00,0.9985
2026-01-01 20:30:24+00:00,0.9985
2026-01-01 20:31:07+00:00,0.9985
2026-01-01 20:32:08+00:00,0.9985
2026-01-01 20:33:07+00:00,0.9985
2026-01-01 20:34:19+00:00,0.9985
2026-01-01 20:35:20+00:00,0.9985
2026-01-01 20:36:07+00:00,0.9985
2026-01-01 20:37:07+00:00,0.9985
2026-01-01 20:38:07+00:00,0.9985
2026-01-01 20:39:18+00:00,0.999
2026-01-01 20:40:12+00:00,0.9995
2026-01-01 20:41:07+00:00,0.9995
2026-01-01 20:42:07+00:00,0.999
2026-01-01 20:43:07+00:00,0.999
2026-01-01 20:44:08+00:00,0.9995
2026-01-01 20:45:08+00:00,0.9995
2026-01-01 20:46:07+00:00,0.9995
2026-01-01 20:47:07+00:00,0.9985
2026-01-01 20:48:07+00:00,0.9985
2026-01-01 20:49:20+00:00,0.9985
2026-01-01 20:50:07+00:00,0.9985
2026-01-01 20:51:07+00:00,0.9985
2026-01-01 20:52:07+00:00,0.9985
2026-01-01 20:53:07+00:00,0.9985
2026-01-01 20:54:07+00:00,0.999
2026-01-01 20:55:08+00:00,0.999
2026-01-01 20:56:08+00:00,0.9995
2026-01-01 20:57:07+00:00,0.9995
2026-01-01 20:58:07+00:00,0.9995
2026-01-01 20:59:07+00:00,0.9995
2026-01-01 21:00:10+00:00,0.9995
2026-01-01 21:01:07+00:00,0.9995
2026-01-01 21:02:07+00:00,0.9995
2026-01-01 21:03:08+00:00,0.9995
2026-01-01 21:04:07+00:00,0.9995
2026-01-01 21:05:07+00:00,0.9995
2026-01-01 21:06:12+00:00,0.9995
2026-01-01 21:07:07+00:00,0.9995
2026-01-01 21:08:07+00:00,0.9995
2026-01-01 21:09:07+00:00,0.9995
2026-01-01 21:10:10+00:00,0.9995
2026-01-01 21:11:07+00:00,0.9995
2026-01-01 21:12:08+00:00,0.9995
2026-01-01 21:13:08+00:00,0.9995
2026-01-01 21:14:19+00:00,0.9995
2026-01-01 21:15:08+00:00,0.9995
2026-01-01 21:16:22+00:00,0.9995
2026-01-01 21:17:07+00:00,0.9995
2026-01-01 21:18:19+00:00,0.9995
2026-01-01 21:19:07+00:00,0.9995
2026-01-01 21:20:08+00:00,0.9995
2026-01-01 21:21:07+00:00,0.9995
2026-01-01 21:22:07+00:00,0.9995
2026-01-01 21:23:07+00:00,0.9995
2026-01-01 21:24:07+00:00,0.9995
2026-01-01 21:25:07+00:00,0.9995
2026-01-01 21:26:07+00:00,0.9995
2026-01-01 21:27:08+00:00,0.9995
2026-01-01 21:28:21+00:00,0.9995
2026-01-01 21:29:20+00:00,0.9995
2026-01-01 21:30:09+00:00,0.9995
2026-01-01 21:31:07+00:00,0.9995
2026-01-01 21:32:12+00:00,0.9995
2026-01-01 21:33:08+00:00,0.9995
2026-01-01 21:34:22+00:00,0.9995
2026-01-01 21:35:08+00:00,0.9995
2026-01-01 21:36:22+00:00,0.9995
2026-01-01 21:37:21+00:00,0.9995
2026-01-01 21:38:08+00:00,0.9995
2026-01-01 21:39:07+00:00,0.9995
2026-01-01 21:40:08+00:00,0.9995
2026-01-01 21:41:07+00:00,0.9995
2026-01-01 21:42:07+00:00,0.9995
2026-01-01 21:43:07+00:00,0.9995
2026-01-01 21:44:07+00:00,0.9995
2026-01-01 21:45:07+00:00,0.9995
2026-01-01 21:46:07+00:00,0.9995
2026-01-01 21:47:21+00:00,0.9995
2026-01-01 21:48:07+00:00,0.9995
2026-01-01 21:49:07+00:00,0.9995
2026-01-01 21:50:07+00:00,0.9995
2026-01-01 21:51:07+00:00,0.9995
2026-01-01 21:52:09+00:00,0.9995
2026-01-01 21:53:07+00:00,0.9995
2026-01-01 21:54:07+00:00,0.9995
2026-01-01 21:55:08+00:00,0.9995
2026-01-01 21:56:07+00:00,0.9995
2026-01-01 21:57:07+00:00,0.9995
2026-01-01 21:58:07+00:00,0.9995
2026-01-01 21:59:07+00:00,0.9995
2026-01-01 22:00:14+00:00,0.9995
2026-01-01 22:01:08+00:00,0.9995
2026-01-01 22:02:08+00:00,0.9995
2026-01-01 22:03:20+00:00,0.9995
2026-01-01 22:04:07+00:00,0.9995
2026-01-01 22:05:08+00:00,0.9995
2026-01-01 22:06:08+00:00,0.9995
2026-01-01 22:07:07+00:00,0.9995
2026-01-01 22:08:07+00:00,0.9995
2026-01-01 22:09:07+00:00,0.9995
2026-01-01 22:10:07+00:00,0.9995
2026-01-01 22:11:07+00:00,0.9995
2026-01-01 22:12:07+00:00,0.9995
2026-01-01 22:13:07+00:00,0.9995
2026-01-01 22:14:07+00:00,0.9995
2026-01-01 22:15:08+00:00,0.9995
2026-01-01 22:16:08+00:00,0.9995
2026-01-01 22:17:23+00:00,0.9995
2026-01-01 22:18:08+00:00,0.9995
2026-01-01 22:19:19+00:00,0.9995
2026-01-01 22:20:08+00:00,0.9995
2026-01-01 22:21:07+00:00,0.9995
2026-01-01 22:22:07+00:00,0.9995
2026-01-01 22:23:07+00:00,0.9995
2026-01-01 22:24:08+00:00,0.9995
2026-01-01 22:25:07+00:00,0.9995
2026-01-01 22:26:11+00:00,0.9985
2026-01-01 22:27:08+00:00,0.9985
2026-01-01 22:28:22+00:00,0.9985
2026-01-01 22:29:07+00:00,0.999
2026-01-01 22:30:10+00:00,0.9985
2026-01-01 22:31:07+00:00,0.9985
2026-01-01 22:32:08+00:00,0.9985
2026-01-01 22:33:19+00:00,0.9985
2026-01-01 22:34:08+00:00,0.9985
2026-01-01 22:35:07+00:00,0.9985
2026-01-01 22:36:07+00:00,0.9985
2026-01-01 22:37:07+00:00,0.9985
2026-01-01 22:38:07+00:00,0.9985
2026-01-01 22:39:07+00:00,0.9985
2026-01-01 22:40:08+00:00,0.9985
2026-01-01 22:41:19+00:00,0.9985
2026-01-01 22:42:07+00:00,0.9985
2026-01-01 22:43:07+00:00,0.9985
2026-01-01 22:44:08+00:00,0.9985
2026-01-01 22:45:08+00:00,0.9985
2026-01-01 22:46:07+00:00,0.9985
2026-01-01 22:47:07+00:00,0.9985
2026-01-01 22:48:22+00:00,0.9985
2026-01-01 22:49:07+00:00,0.9985
2026-01-01 22:50:08+00:00,0.9985
2026-01-01 22:51:07+00:00,0.9985
2026-01-01 22:52:11+00:00,0.9985
2026-01-01 22:53:07+00:00,0.9985
2026-01-01 22:54:07+00:00,0.9985
2026-01-01 22:55:08+00:00,0.9985
2026-01-01 22:56:07+00:00,0.9985
2026-01-01 22:57:07+00:00,0.9985
2026-01-01 22:58:07+00:00,0.9985
2026-01-01 22:59:07+00:00,0.9985
2026-01-01 23:00:10+00:00,0.9985
2026-01-01 23:01:08+00:00,0.9985
2026-01-01 23:02:08+00:00,0.9985
2026-01-01 23:03:08+00:00,0.9985
2026-01-01 23:04:07+00:00,0.9985
2026-01-01 23:05:13+00:00,0.9985
2026-01-01 23:06:07+00:00,0.9985
2026-01-01 23:07:07+00:00,0.9985
2026-01-01 23:08:08+00:00,0.9985
2026-01-01 23:09:07+00:00,0.9985
2026-01-01 23:10:07+00:00,0.9985
2026-01-01 23:11:07+00:00,0.9985
2026-01-01 23:12:07+00:00,0.9985
2026-01-01 23:13:07+00:00,0.9985
2026-01-01 23:14:07+00:00,0.9985
2026-01-01 23:15:07+00:00,0.9985
2026-01-01 23:16:08+00:00,0.9985
2026-01-01 23:17:07+00:00,0.9985
2026-01-01 23:18:07+00:00,0.9985
2026-01-01 23:19:07+00:00,0.9985
2026-01-01 23:20:07+00:00,0.9985
2026-01-01 23:21:07+00:00,0.9985
2026-01-01 23:22:21+00:00,0.9985
2026-01-01 23:23:07+00:00,0.9985
2026-01-01 23:24:07+00:00,0.9985
2026-01-01 23:25:07+00:00,0.9985
2026-01-01 23:26:07+00:00,0.9985
2026-01-01 23:27:07+00:00,0.9985
2026-01-01 23:28:07+00:00,0.9985
2026-01-01 23:29:07+00:00,0.9985
2026-01-01 23:30:10+00:00,0.9985
2026-01-01 23:31:12+00:00,0.9985
2026-01-01 23:32:07+00:00,0.9985
2026-01-01 23:33:07+00:00,0.9985
2026-01-01 23:34:07+00:00,0.9985
2026-01-01 23:35:19+00:00,0.9985
2026-01-01 23:36:07+00:00,0.9985
2026-01-01 23:37:07+00:00,0.9985
2026-01-01 23:38:22+00:00,0.9985
2026-01-01 23:39:23+00:00,0.9985
2026-01-01 23:40:07+00:00,0.9985
2026-01-01 23:41:07+00:00,0.9985
2026-01-01 23:42:07+00:00,0.9985
2026-01-01 23:43:11+00:00,0.9985
2026-01-01 23:44:07+00:00,0.9985
2026-01-01 23:45:09+00:00,0.9985
2026-01-01 23:46:07+00:00,0.9985
2026-01-01 23:47:07+00:00,0.9985
2026-01-01 23:48:08+00:00,0.9985
2026-01-01 23:49:07+00:00,0.9985
2026-01-01 23:50:08+00:00,0.9985
2026-01-01 23:51:07+00:00,0.9985
2026-01-01 23:52:20+00:00,0.9985
2026-01-01 23:53:08+00:00,0.9985
2026-01-01 23:54:07+00:00,0.9985
2026-01-01 23:55:08+00:00,0.9985
2026-01-01 23:56:07+00:00,0.9985
2026-01-01 23:57:07+00:00,0.9985
2026-01-01 23:58:07+00:00,0.9985
2026-01-01 23:59:07+00:00,0.9985
2026-01-02 00:00:11+00:00,0.9985
2026-01-02 00:01:08+00:00,0.9985
2026-01-02 00:02:07+00:00,0.9985
2026-01-02 00:03:08+00:00,0.9985
2026-01-02 00:04:07+00:00,0.9985
2026-01-02 00:05:07+00:00,0.9985
2026-01-02 00:06:07+00:00,0.9985
2026-01-02 00:07:07+00:00,0.9985
2026-01-02 00:08:07+00:00,0.9985
2026-01-02 00:09:09+00:00,0.9985
2026-01-02 00:10:09+00:00,0.9985
2026-01-02 00:11:07+00:00,0.9985
2026-01-02 00:12:08+00:00,0.9985
2026-01-02 00:13:07+00:00,0.9985
2026-01-02 00:14:07+00:00,0.9985
2026-01-02 00:15:08+00:00,0.9985
2026-01-02 00:16:07+00:00,0.9985
2026-01-02 00:17:07+00:00,0.9985
2026-01-02 00:18:08+00:00,0.9985
2026-01-02 00:19:07+00:00,0.9985
2026-01-02 00:20:08+00:00,0.9985
2026-01-02 00:21:10+00:00,0.9985
2026-01-02 00:22:07+00:00,0.9985
2026-01-02 00:23:07+00:00,0.9985
2026-01-02 00:24:07+00:00,0.9985
2026-01-02 00:25:08+00:00,0.9985
2026-01-02 00:26:08+00:00,0.9985
2026-01-02 00:27:20+00:00,0.9985
2026-01-02 00:28:07+00:00,0.9985
2026-01-02 00:29:22+00:00,0.9985
2026-01-02 00:30:23+00:00,0.9995
2026-01-02 00:31:07+00:00,0.9995
2026-01-02 00:32:07+00:00,0.9995
2026-01-02 00:33:07+00:00,0.9995
2026-01-02 00:34:07+00:00,0.9995
2026-01-02 00:35:08+00:00,0.9995
2026-01-02 00:36:08+00:00,0.9995
2026-01-02 00:37:07+00:00,0.9995
2026-01-02 00:38:07+00:00,0.9995
2026-01-02 00:39:07+00:00,0.9995
2026-01-02 00:40:08+00:00,0.9995
2026-01-02 00:41:21+00:00,0.9995
2026-01-02 00:42:18+00:00,0.9995
2026-01-02 00:43:07+00:00,0.9995
2026-01-02 00:44:07+00:00,0.9995
2026-01-02 00:45:08+00:00,0.9995
2026-01-02 00:46:07+00:00,0.9995
2026-01-02 00:47:10+00:00,0.9995
2026-01-02 00:48:07+00:00,0.9995
2026-01-02 00:49:07+00:00,0.9995
2026-01-02 00:50:09+00:00,0.9995
2026-01-02 00:51:07+00:00,0.9995
2026-01-02 00:52:21+00:00,0.9995
2026-01-02 00:53:07+00:00,0.9995
2026-01-02 00:54:08+00:00,0.9995
2026-01-02 00:55:08+00:00,0.9995
2026-01-02 00:56:07+00:00,0.9995
2026-01-02 00:57:07+00:00,0.9995
2026-01-02 00:58:07+00:00,0.9995
2026-01-02 00:59:07+00:00,0.9995
2026-01-02 01:00:09+00:00,0.9995
2026-01-02 01:01:30+00:00,0.9995
2026-01-02 01:02:07+00:00,0.9995
2026-01-02 01:03:07+00:00,0.9995
2026-01-02 01:04:07+00:00,0.9995
2026-01-02 01:05:07+00:00,0.9995
2026-01-02 01:06:07+00:00,0.9995
2026-01-02 01:07:07+00:00,0.9995
2026-01-02 01:08:08+00:00,0.9995
2026-01-02 01:09:07+00:00,0.9995
2026-01-02 01:10:07+00:00,0.9995
2026-01-02 01:11:07+00:00,0.9995
2026-01-02 01:12:07+00:00,0.9995
2026-01-02 01:13:10+00:00,0.9995
2026-01-02 01:14:08+00:00,0.9995
2026-01-02 01:15:09+00:00,0.9995
2026-01-02 01:16:07+00:00,0.9995
2026-01-02 01:17:07+00:00,0.9995
2026-01-02 01:18:22+00:00,0.9995
2026-01-02 01:19:07+00:00,0.9995
2026-01-02 01:20:07+00:00,0.9995
2026-01-02 01:21:07+00:00,0.9995
2026-01-02 01:22:07+00:00,0.9995
2026-01-02 01:23:07+00:00,0.9995
2026-01-02 01:24:07+00:00,0.9995
2026-01-02 01:25:07+00:00,0.9995
2026-01-02 01:26:07+00:00,0.9995
2026-01-02 01:27:07+00:00,0.9995
2026-01-02 01:28:07+00:00,0.9995
2026-01-02 01:29:07+00:00,0.9995
2026-01-02 01:30:09+00:00,0.9995
2026-01-02 01:31:07+00:00,0.9995
2026-01-02 01:32:07+00:00,0.9995
2026-01-02 01:33:07+00:00,0.9995
2026-01-02 01:34:07+00:00,0.9995
2026-01-02 01:35:07+00:00,0.9995
2026-01-02 01:36:08+00:00,0.9995
2026-01-02 01:37:07+00:00,0.9995
2026-01-02 01:38:18+00:00,0.9995
2026-01-02 01:39:22+00:00,0.9995
2026-01-02 01:40:09+00:00,0.9995
2026-01-02 01:41:20+00:00,0.9995
2026-01-02 01:42:07+00:00,0.9995
2026-01-02 01:43:07+00:00,0.9995
2026-01-02 01:44:22+00:00,0.9995
2026-01-02 01:45:07+00:00,0.9995
2026-01-02 01:46:07+00:00,0.9995
2026-01-02 01:47:07+00:00,0.9995
2026-01-02 01:48:07+00:00,0.9995
2026-01-02 01:49:07+00:00,0.9995
2026-01-02 01:50:08+00:00,0.9995
2026-01-02 01:51:07+00:00,0.9995
2026-01-02 01:52:23+00:00,0.9995
2026-01-02 01:53:07+00:00,0.9995
2026-01-02 01:54:07+00:00,0.9995
2026-01-02 01:55:08+00:00,0.9995
2026-01-02 01:56:07+00:00,0.9995
2026-01-02 01:57:07+00:00,0.9995
2026-01-02 01:58:07+00:00,0.9995
2026-01-02 01:59:07+00:00,0.9995
2026-01-02 02:00:10+00:00,0.9995
2026-01-02 02:01:07+00:00,0.9995
2026-01-02 02:02:07+00:00,0.9995
2026-01-02 02:03:20+00:00,0.9995
2026-01-02 02:04:08+00:00,0.9995
2026-01-02 02:05:12+00:00,0.9995
2026-01-02 02:06:07+00:00,0.9995
2026-01-02 02:07:07+00:00,0.9995
2026-01-02 02:08:07+00:00,0.9995
2026-01-02 02:09:07+00:00,0.9995
2026-01-02 02:10:22+00:00,0.9995
2026-01-02 02:11:07+00:00,0.9995
2026-01-02 02:12:07+00:00,0.9995
2026-01-02 02:13:07+00:00,0.9995
2026-01-02 02:14:11+00:00,0.9995
2026-01-02 02:15:08+00:00,0.9995
2026-01-02 02:16:07+00:00,0.9995
2026-01-02 02:17:07+00:00,0.9995
2026-01-02 02:18:21+00:00,0.9995
2026-01-02 02:19:07+00:00,0.9995
2026-01-02 02:20:07+00:00,0.9995
2026-01-02 02:21:07+00:00,0.9995
2026-01-02 02:22:07+00:00,0.9995
2026-01-02 02:23:07+00:00,0.9995
2026-01-02 02:24:07+00:00,0.9995
2026-01-02 02:25:08+00:00,0.9995
2026-01-02 02:26:07+00:00,0.9995
2026-01-02 02:27:08+00:00,0.9995
2026-01-02 02:28:22+00:00,0.9995
2026-01-02 02:29:07+00:00,0.9995
2026-01-02 02:30:09+00:00,0.9995
2026-01-02 02:31:07+00:00,0.9995
2026-01-02 02:32:08+00:00,0.9995
2026-01-02 02:33:08+00:00,0.9995
2026-01-02 02:34:11+00:00,0.9995
2026-01-02 02:35:22+00:00,0.9995
2026-01-02 02:36:07+00:00,0.9995
2026-01-02 02:37:07+00:00,0.9995
2026-01-02 02:38:07+00:00,0.9995
2026-01-02 02:39:07+00:00,0.9995
2026-01-02 02:40:18+00:00,0.9995
2026-01-02 02:41:20+00:00,0.9995
2026-01-02 02:42:07+00:00,0.9995
2026-01-02 02:43:07+00:00,0.9995
2026-01-02 02:44:08+00:00,0.9995
2026-01-02 02:45:08+00:00,0.9995
2026-01-02 02:46:07+00:00,0.9995
2026-01-02 02:47:07+00:00,0.9995
2026-01-02 02:48:07+00:00,0.9995
2026-01-02 02:49:07+00:00,0.9995
2026-01-02 02:50:23+00:00,0.9995
2026-01-02 02:51:07+00:00,0.9995
2026-01-02 02:52:07+00:00,0.9995
2026-01-02 02:53:07+00:00,0.9995
2026-01-02 02:54:07+00:00,0.9995
2026-01-02 02:55:07+00:00,0.9995
2026-01-02 02:56:07+00:00,0.9995
2026-01-02 02:57:07+00:00,0.9995
2026-01-02 02:58:07+00:00,0.9995
2026-01-02 02:59:07+00:00,0.9995
2026-01-02 03:00:17+00:00,0.9995
2026-01-02 03:01:08+00:00,0.9995
2026-01-02 03:02:07+00:00,0.9995
2026-01-02 03:03:07+00:00,0.9995
2026-01-02 03:04:07+00:00,0.9995
2026-01-02 03:05:08+00:00,0.9995
2026-01-02 03:06:21+00:00,0.9995
2026-01-02 03:07:07+00:00,0.9995
2026-01-02 03:08:07+00:00,0.9995
2026-01-02 03:09:19+00:00,0.9995
2026-01-02 03:10:08+00:00,0.9995
2026-01-02 03:11:07+00:00,0.9995
2026-01-02 03:12:07+00:00,0.9995
2026-01-02 03:13:07+00:00,0.9995
2026-01-02 03:14:08+00:00,0.9995
2026-01-02 03:15:07+00:00,0.9995
2026-01-02 03:16:07+00:00,0.9995
2026-01-02 03:17:07+00:00,0.9995
2026-01-02 03:18:07+00:00,0.9995
2026-01-02 03:19:07+00:00,0.9995
2026-01-02 03:20:08+00:00,0.9995
2026-01-02 03:21:18+00:00,0.9995
2026-01-02 03:22:07+00:00,0.9995
2026-01-02 03:23:07+00:00,0.9995
2026-01-02 03:24:07+00:00,0.9995
2026-01-02 03:25:07+00:00,0.9995
2026-01-02 03:26:11+00:00,0.9995
2026-01-02 03:27:08+00:00,0.9995
2026-01-02 03:28:07+00:00,0.9995
2026-01-02 03:29:07+00:00,0.9995
2026-01-02 03:30:10+00:00,0.9995
2026-01-02 03:31:07+00:00,0.9995
2026-01-02 03:32:07+00:00,0.9995
2026-01-02 03:33:07+00:00,0.9995
2026-01-02 03:34:07+00:00,0.9995
2026-01-02 03:35:08+00:00,0.9995
2026-01-02 03:36:07+00:00,0.9995
2026-01-02 03:37:07+00:00,0.9995
2026-01-02 03:38:07+00:00,0.9995
2026-01-02 03:39:07+00:00,0.9995
2026-01-02 03:40:08+00:00,0.9995
2026-01-02 03:41:07+00:00,0.9995
2026-01-02 03:42:20+00:00,0.9995
2026-01-02 03:43:07+00:00,0.9995
2026-01-02 03:44:07+00:00,0.9995
2026-01-02 03:45:12+00:00,0.9995
2026-01-02 03:46:08+00:00,0.9995
2026-01-02 03:47:07+00:00,0.9995
2026-01-02 03:48:07+00:00,0.9995
2026-01-02 03:49:07+00:00,0.9995
2026-01-02 03:50:07+00:00,0.9995
2026-01-02 03:51:07+00:00,0.9995
2026-01-02 03:52:08+00:00,0.9995
2026-01-02 03:53:07+00:00,0.9995
2026-01-02 03:54:07+00:00,0.9995
2026-01-02 03:55:07+00:00,0.9995
2026-01-02 03:56:07+00:00,0.9995
2026-01-02 03:57:07+00:00,0.9995
2026-01-02 03:58:07+00:00,0.9995
2026-01-02 03:59:07+00:00,0.9995
2026-01-02 04:00:09+00:00,0.9995
2026-01-02 04:01:19+00:00,0.9995
2026-01-02 04:02:07+00:00,0.9995
2026-01-02 04:03:07+00:00,0.9995
2026-01-02 04:04:07+00:00,0.9995
2026-01-02 04:05:07+00:00,0.9995
2026-01-02 04:06:07+00:00,0.9995
2026-01-02 04:07:07+00:00,0.9995
2026-01-02 04:08:19+00:00,0.9995
2026-01-02 04:09:07+00:00,0.9995
2026-01-02 04:10:08+00:00,0.9995
2026-01-02 04:11:11+00:00,0.9995
2026-01-02 04:12:19+00:00,0.9995
2026-01-02 04:13:07+00:00,0.9995
2026-01-02 04:14:22+00:00,0.9995
2026-01-02 04:15:08+00:00,0.9995
2026-01-02 04:16:07+00:00,0.9995
2026-01-02 04:17:07+00:00,0.9995
2026-01-02 04:18:08+00:00,0.9995
2026-01-02 04:19:07+00:00,0.9995
2026-01-02 04:20:08+00:00,0.9995
2026-01-02 04:21:07+00:00,0.9995
2026-01-02 04:22:07+00:00,0.9995
2026-01-02 04:23:07+00:00,0.9995
2026-01-02 04:24:08+00:00,0.9995
2026-01-02 04:25:08+00:00,0.9995
2026-01-02 04:26:07+00:00,0.9995
2026-01-02 04:27:07+00:00,0.9995
2026-01-02 04:28:18+00:00,0.9995
2026-01-02 04:29:07+00:00,0.9995
2026-01-02 04:30:09+00:00,0.9995
2026-01-02 04:31:07+00:00,0.9995
2026-01-02 04:32:20+00:00,0.9995
2026-01-02 04:33:08+00:00,0.9995
2026-01-02 04:34:18+00:00,0.9995
2026-01-02 04:35:07+00:00,0.9995
2026-01-02 04:36:07+00:00,0.9995
2026-01-02 04:37:11+00:00,0.9995
2026-01-02 04:38:08+00:00,0.9995
2026-01-02 04:39:07+00:00,0.9995
2026-01-02 04:40:09+00:00,0.9995
2026-01-02 04:41:07+00:00,0.9995
2026-01-02 04:42:07+00:00,0.9995
2026-01-02 04:43:07+00:00,0.9995
2026-01-02 04:44:07+00:00,0.9995
2026-01-02 04:45:07+00:00,0.9995
2026-01-02 04:46:07+00:00,0.9995
2026-01-02 04:47:07+00:00,0.9995
2026-01-02 04:48:08+00:00,0.9995
2026-01-02 04:49:07+00:00,0.9995
2026-01-02 04:50:08+00:00,0.9995
2026-01-02 04:51:07+00:00,0.9995
2026-01-02 04:52:08+00:00,0.9995
2026-01-02 04:53:19+00:00,0.9995
2026-01-02 04:54:22+00:00,0.9995
2026-01-02 04:55:08+00:00,0.9995
2026-01-02 04:56:23+00:00,0.9995
2026-01-02 04:57:07+00:00,0.9995
2026-01-02 04:58:07+00:00,0.9995
2026-01-02 04:59:07+00:00,0.9995
2026-01-02 05:00:11+00:00,0.9995
2026-01-02 05:01:07+00:00,0.9995
2026-01-02 05:02:07+00:00,0.9995
2026-01-02 05:03:11+00:00,0.9995
2026-01-02 05:04:07+00:00,0.9995
2026-01-02 05:05:09+00:00,0.9995
2026-01-02 05:06:07+00:00,0.9995
2026-01-02 05:07:07+00:00,0.9995
2026-01-02 05:08:07+00:00,0.9995
2026-01-02 05:09:21+00:00,0.9995
2026-01-02 05:10:08+00:00,0.9995
2026-01-02 05:11:07+00:00,0.9995
2026-01-02 05:12:07+00:00,0.9995
2026-01-02 05:13:07+00:00,0.9995
2026-01-02 05:14:07+00:00,0.9995
2026-01-02 05:15:08+00:00,0.9995
2026-01-02 05:16:07+00:00,0.9995
2026-01-02 05:17:22+00:00,0.9995
2026-01-02 05:18:08+00:00,0.9995
2026-01-02 05:19:11+00:00,0.9995
2026-01-02 05:20:09+00:00,0.9995
2026-01-02 05:21:07+00:00,0.9995
2026-01-02 05:22:07+00:00,0.9995
2026-01-02 05:23:07+00:00,0.9995
2026-01-02 05:24:07+00:00,0.9995
2026-01-02 05:25:23+00:00,0.9995
2026-01-02 05:26:21+00:00,0.9995
2026-01-02 05:27:07+00:00,0.9995
2026-01-02 05:28:07+00:00,0.9995
2026-01-02 05:29:07+00:00,0.9995
2026-01-02 05:30:09+00:00,0.9995
2026-01-02 05:31:07+00:00,0.9995
2026-01-02 05:32:07+00:00,0.9995
2026-01-02 05:33:07+00:00,0.9995
2026-01-02 05:34:08+00:00,0.9995
2026-01-02 05:35:08+00:00,0.9995
2026-01-02 05:36:07+00:00,0.9995
2026-01-02 05:37:07+00:00,0.9995
2026-01-02 05:38:07+00:00,0.9995
2026-01-02 05:39:07+00:00,0.9995
2026-01-02 05:40:08+00:00,0.9995
2026-01-02 05:41:07+00:00,0.9995
2026-01-02 05:42:07+00:00,0.9995
2026-01-02 05:43:07+00:00,0.9995
2026-01-02 05:44:07+00:00,0.9995
2026-01-02 05:45:24+00:00,0.9995
2026-01-02 05:46:07+00:00,0.9995
2026-01-02 05:47:07+00:00,0.9995
2026-01-02 05:48:08+00:00,0.9995
2026-01-02 05:49:07+00:00,0.9995
2026-01-02 05:50:12+00:00,0.9995
2026-01-02 05:51:07+00:00,0.9995
2026-01-02 05:52:07+00:00,0.9995
2026-01-02 05:53:07+00:00,0.9995
2026-01-02 05:54:07+00:00,0.9995
2026-01-02 05:55:19+00:00,0.9995
2026-01-02 05:56:07+00:00,0.9995
2026-01-02 05:57:07+00:00,0.9995
2026-01-02 05:58:07+00:00,0.9995
2026-01-02 05:59:07+00:00,0.9995
2026-01-02 06:00:10+00:00,0.9995
2026-01-02 06:01:07+00:00,0.9995
2026-01-02 06:02:08+00:00,0.9995
2026-01-02 06:03:07+00:00,0.9995
2026-01-02 06:04:07+00:00,0.9995
2026-01-02 06:05:07+00:00,0.9995
2026-01-02 06:06:07+00:00,0.9995
2026-01-02 06:07:07+00:00,0.9995
2026-01-02 06:08:07+00:00,0.9995
2026-01-02 06:09:21+00:00,0.9995
2026-01-02 06:10:08+00:00,0.9995
2026-01-02 06:11:07+00:00,0.9995
2026-01-02 06:12:08+00:00,0.9995
2026-01-02 06:13:07+00:00,0.9995
2026-01-02 06:14:07+00:00,0.9995
2026-01-02 06:15:08+00:00,0.9995
2026-01-02 06:16:12+00:00,0.9995
2026-01-02 06:17:07+00:00,0.9995
2026-01-02 06:18:19+00:00,0.9995
2026-01-02 06:19:07+00:00,0.9995
2026-01-02 06:20:19+00:00,0.9995
2026-01-02 06:21:07+00:00,0.9995
2026-01-02 06:22:21+00:00,0.9995
2026-01-02 06:23:07+00:00,0.9995
2026-01-02 06:24:07+00:00,0.9995
2026-01-02 06:25:12+00:00,0.9995
2026-01-02 06:26:07+00:00,0.9995
2026-01-02 06:27:08+00:00,0.9995
2026-01-02 06:28:07+00:00,0.9995
2026-01-02 06:29:07+00:00,0.9995
2026-01-02 06:30:10+00:00,0.9995
2026-01-02 06:31:07+00:00,0.9995
2026-01-02 06:32:07+00:00,0.9995
2026-01-02 06:33:08+00:00,0.9995
2026-01-02 06:34:07+00:00,0.9995
2026-01-02 06:35:08+00:00,0.9995
2026-01-02 06:36:11+00:00,0.9995
2026-01-02 06:37:07+00:00,0.9995
2026-01-02 06:38:07+00:00,0.9995
2026-01-02 06:39:07+00:00,0.9995
2026-01-02 06:40:08+00:00,0.9995
2026-01-02 06:41:07+00:00,0.9995
2026-01-02 06:42:07+00:00,0.9995
2026-01-02 06:43:07+00:00,0.9995
2026-01-02 06:44:07+00:00,0.9995
2026-01-02 06:45:07+00:00,0.9995
2026-01-02 06:46:07+00:00,0.9995
2026-01-02 06:47:08+00:00,0.9995
2026-01-02 06:48:07+00:00,0.9995
2026-01-02 06:49:07+00:00,0.9995
2026-01-02 06:50:08+00:00,0.9995
2026-01-02 06:51:07+00:00,0.9995
2026-01-02 06:52:07+00:00,0.9995
2026-01-02 06:53:07+00:00,0.9995
2026-01-02 06:54:07+00:00,0.9995
2026-01-02 06:55:08+00:00,0.9995
2026-01-02 06:56:07+00:00,0.9995
2026-01-02 06:57:07+00:00,0.9995
2026-01-02 06:58:08+00:00,0.9995
2026-01-02 06:59:19+00:00,0.9995
2026-01-02 07:00:09+00:00,0.9995
2026-01-02 07:01:07+00:00,0.9995
2026-01-02 07:02:12+00:00,0.9995
2026-01-02 07:03:07+00:00,0.9995
2026-01-02 07:04:12+00:00,0.9995
2026-01-02 07:05:09+00:00,0.9995
2026-01-02 07:06:07+00:00,0.9995
2026-01-02 07:07:07+00:00,0.9995
2026-01-02 07:08:07+00:00,0.9995
2026-01-02 07:09:07+00:00,0.9995
2026-01-02 07:10:08+00:00,0.9995
2026-01-02 07:11:07+00:00,0.9995
2026-01-02 07:12:07+00:00,0.9995
2026-01-02 07:13:07+00:00,0.9995
2026-01-02 07:14:07+00:00,0.9995
2026-01-02 07:15:08+00:00,0.9995
2026-01-02 07:16:08+00:00,0.9995
2026-01-02 07:17:07+00:00,0.9995
2026-01-02 07:18:07+00:00,0.9995
2026-01-02 07:19:20+00:00,0.9995
2026-01-02 07:20:08+00:00,0.9995
2026-01-02 07:21:07+00:00,0.9995
2026-01-02 07:22:07+00:00,0.9995
2026-01-02 07:23:07+00:00,0.9995
2026-01-02 07:24:07+00:00,0.9995
2026-01-02 07:25:07+00:00,0.9995
2026-01-02 07:26:08+00:00,0.9995
2026-01-02 07:27:07+00:00,0.9995
2026-01-02 07:28:07+00:00,0.9995
2026-01-02 07:29:07+00:00,0.9995
2026-01-02 07:30:13+00:00,0.9995
2026-01-02 07:31:07+00:00,0.9995
2026-01-02 07:32:07+00:00,0.9995
2026-01-02 07:33:07+00:00,0.9995
2026-01-02 07:34:07+00:00,0.9995
2026-01-02 07:35:08+00:00,0.9995
2026-01-02 07:36:08+00:00,0.9995
2026-01-02 07:37:07+00:00,0.9995
2026-01-02 07:38:22+00:00,0.9995
2026-01-02 07:39:07+00:00,0.9995
2026-01-02 07:40:08+00:00,0.9995
2026-01-02 07:41:07+00:00,0.9995
2026-01-02 07:42:07+00:00,0.9995
2026-01-02 07:43:07+00:00,0.9995
2026-01-02 07:44:07+00:00,0.9995
2026-01-02 07:45:07+00:00,0.9995
2026-01-02 07:46:08+00:00,0.9995
2026-01-02 07:47:07+00:00,0.9995
2026-01-02 07:48:07+00:00,0.9995
2026-01-02 07:49:07+00:00,0.9995
2026-01-02 07:50:08+00:00,0.9995
2026-01-02 07:51:07+00:00,0.9995
2026-01-02 07:52:07+00:00,0.9995
2026-01-02 07:53:07+00:00,0.9995
2026-01-02 07:54:07+00:00,0.9995
2026-01-02 07:55:07+00:00,0.9995
2026-01-02 07:56:11+00:00,0.9995
2026-01-02 07:57:07+00:00,0.9995
2026-01-02 07:58:07+00:00,0.9995
2026-01-02 07:59:07+00:00,0.9995
2026-01-02 08:00:10+00:00,0.9995
2026-01-02 08:01:07+00:00,0.9995
2026-01-02 08:02:07+00:00,0.9995
2026-01-02 08:03:07+00:00,0.9995
2026-01-02 08:04:07+00:00,0.9995
2026-01-02 08:05:08+00:00,0.9995
2026-01-02 08:06:08+00:00,0.9995
2026-01-02 08:07:08+00:00,0.9995
2026-01-02 08:08:08+00:00,0.9995
2026-01-02 08:09:07+00:00,0.9995
2026-01-02 08:10:08+00:00,0.9995
2026-01-02 08:11:07+00:00,0.9995
2026-01-02 08:12:08+00:00,0.9995
2026-01-02 08:13:11+00:00,0.9995
2026-01-02 08:14:07+00:00,0.9995
2026-01-02 08:15:09+00:00,0.9995
2026-01-02 08:16:07+00:00,0.9995
2026-01-02 08:17:07+00:00,0.9995
2026-01-02 08:18:07+00:00,0.9995
2026-01-02 08:19:07+00:00,0.9995
2026-01-02 08:20:08+00:00,0.9995
2026-01-02 08:21:07+00:00,0.9995
2026-01-02 08:22:08+00:00,0.9995
2026-01-02 08:23:07+00:00,0.9995
2026-01-02 08:24:08+00:00,0.9995
2026-01-02 08:25:08+00:00,0.9995
2026-01-02 08:26:08+00:00,0.9995
2026-01-02 08:27:08+00:00,0.9995
2026-01-02 08:28:07+00:00,0.9995
2026-01-02 08:29:07+00:00,0.9995
2026-01-02 08:30:09+00:00,0.9995
2026-01-02 08:31:07+00:00,0.9995
2026-01-02 08:32:07+00:00,0.9995
2026-01-02 08:33:07+00:00,0.9995
2026-01-02 08:34:07+00:00,0.9995
2026-01-02 08:35:07+00:00,0.9995
2026-01-02 08:36:08+00:00,0.9995
2026-01-02 08:37:07+00:00,0.9995
2026-01-02 08:38:08+00:00,0.9995
2026-01-02 08:39:11+00:00,0.9995
2026-01-02 08:40:08+00:00,0.9995
2026-01-02 08:41:07+00:00,0.9995
2026-01-02 08:42:07+00:00,0.9995
2026-01-02 08:43:07+00:00,0.9995
2026-01-02 08:44:07+00:00,0.9995
2026-01-02 08:45:08+00:00,0.9995
2026-01-02 08:46:07+00:00,0.9995
2026-01-02 08:47:07+00:00,0.9995
2026-01-02 08:48:08+00:00,0.9995
2026-01-02 08:49:07+00:00,0.9995
2026-01-02 08:50:24+00:00,0.9995
2026-01-02 08:51:07+00:00,0.9995
2026-01-02 08:52:07+00:00,0.9995
2026-01-02 08:53:21+00:00,0.9995
2026-01-02 08:54:08+00:00,0.9995
2026-01-02 08:55:08+00:00,0.9995
2026-01-02 08:56:07+00:00,0.9995
2026-01-02 08:57:21+00:00,0.9995
2026-01-02 08:58:07+00:00,0.9995
2026-01-02 08:59:07+00:00,0.9995
2026-01-02 09:00:10+00:00,0.9995
2026-01-02 09:01:11+00:00,0.9995
2026-01-02 09:02:07+00:00,0.9995
2026-01-02 09:03:07+00:00,0.9995
2026-01-02 09:04:08+00:00,0.9995
2026-01-02 09:05:09+00:00,0.9995
2026-01-02 09:06:08+00:00,0.9995
2026-01-02 09:07:07+00:00,0.9995
2026-01-02 09:08:19+00:00,0.9995
2026-01-02 09:09:07+00:00,0.9995
2026-01-02 09:10:07+00:00,0.9995
2026-01-02 09:11:07+00:00,0.9995
2026-01-02 09:12:07+00:00,0.9995
2026-01-02 09:13:08+00:00,0.9995
2026-01-02 09:14:07+00:00,0.9995
2026-01-02 09:15:08+00:00,0.9995
2026-01-02 09:16:07+00:00,0.9995
2026-01-02 09:17:07+00:00,0.9995
2026-01-02 09:18:19+00:00,0.9995
2026-01-02 09:19:07+00:00,0.9995
2026-01-02 09:20:08+00:00,0.9995
2026-01-02 09:21:07+00:00,0.9995
2026-01-02 09:22:07+00:00,0.9995
2026-01-02 09:23:07+00:00,0.9995
2026-01-02 09:24:08+00:00,0.9995
2026-01-02 09:25:08+00:00,0.9995
2026-01-02 09:26:21+00:00,0.9995
2026-01-02 09:27:12+00:00,0.9995
2026-01-02 09:28:07+00:00,0.9995
2026-01-02 09:29:11+00:00,0.9995
2026-01-02 09:30:10+00:00,0.9995
2026-01-02 09:31:07+00:00,0.9995
2026-01-02 09:32:08+00:00,0.9995
2026-01-02 09:33:07+00:00,0.9995
2026-01-02 09:34:21+00:00,0.9995
2026-01-02 09:35:08+00:00,0.9995
2026-01-02 09:36:07+00:00,0.9995
2026-01-02 09:37:07+00:00,0.9995
2026-01-02 09:38:07+00:00,0.9995
2026-01-02 09:39:07+00:00,0.9995
2026-01-02 09:40:08+00:00,0.9995
2026-01-02 09:41:07+00:00,0.9995
2026-01-02 09:42:08+00:00,0.9995
2026-01-02 09:43:07+00:00,0.9995
2026-01-02 09:44:07+00:00,0.9995
2026-01-02 09:45:12+00:00,0.9995
2026-01-02 09:46:08+00:00,0.9995
2026-01-02 09:47:07+00:00,0.9995
2026-01-02 09:48:08+00:00,0.9995
2026-01-02 09:49:07+00:00,0.9995
2026-01-02 09:50:07+00:00,0.9995
2026-01-02 09:51:07+00:00,0.9995
2026-01-02 09:52:07+00:00,0.9995
2026-01-02 09:53:07+00:00,0.9995
2026-01-02 09:54:07+00:00,0.9995
2026-01-02 09:55:07+00:00,0.9995
2026-01-02 09:56:07+00:00,0.9995
2026-01-02 09:57:21+00:00,0.9995
2026-01-02 09:58:07+00:00,0.9995
2026-01-02 09:59:07+00:00,0.9995
2026-01-02 10:00:12+00:00,0.9995
2026-01-02 10:01:07+00:00,0.9995
2026-01-02 10:02:08+00:00,0.9995
2026-01-02 10:03:07+00:00,0.9995
2026-01-02 10:04:07+00:00,0.9995
2026-01-02 10:05:19+00:00,0.9995
2026-01-02 10:06:07+00:00,0.9995
2026-01-02 10:07:07+00:00,0.9995
2026-01-02 10:08:07+00:00,0.9995
2026-01-02 10:09:07+00:00,0.9995
2026-01-02 10:10:11+00:00,0.9995
2026-01-02 10:11:08+00:00,0.9995
2026-01-02 10:12:22+00:00,0.9995
2026-01-02 10:13:07+00:00,0.9995
2026-01-02 10:14:08+00:00,0.9995
2026-01-02 10:15:08+00:00,0.9995
2026-01-02 10:16:07+00:00,0.9995
2026-01-02 10:17:07+00:00,0.9995
2026-01-02 10:18:07+00:00,0.9995
2026-01-02 10:19:19+00:00,0.9995
2026-01-02 10:20:09+00:00,0.9995
2026-01-02 10:21:07+00:00,0.9995
2026-01-02 10:22:23+00:00,0.9995
2026-01-02 10:23:07+00:00,0.9995
2026-01-02 10:24:07+00:00,0.9995
2026-01-02 10:25:08+00:00,0.9995
2026-01-02 10:26:21+00:00,0.9995
2026-01-02 10:27:08+00:00,0.9995
2026-01-02 10:28:08+00:00,0.9995
2026-01-02 10:29:19+00:00,0.9995
2026-01-02 10:30:09+00:00,0.9995
2026-01-02 10:31:07+00:00,0.9995
2026-01-02 10:32:07+00:00,0.9995
2026-01-02 10:33:07+00:00,0.9995
2026-01-02 10:34:07+00:00,0.9995
2026-01-02 10:35:21+00:00,0.9995
2026-01-02 10:36:08+00:00,0.9995
2026-01-02 10:37:07+00:00,0.9995
2026-01-02 10:38:07+00:00,0.9995
2026-01-02 10:39:19+00:00,0.9995
2026-01-02 10:40:07+00:00,0.9995
2026-01-02 10:41:07+00:00,0.9995
2026-01-02 10:42:07+00:00,0.9995
2026-01-02 10:43:07+00:00,0.9995
2026-01-02 10:44:07+00:00,0.9995
2026-01-02 10:45:07+00:00,0.9995
2026-01-02 10:46:07+00:00,0.9995
2026-01-02 10:47:24+00:00,0.9995
2026-01-02 10:48:23+00:00,0.9995
2026-01-02 10:49:19+00:00,0.9995
2026-01-02 10:50:09+00:00,0.9995
2026-01-02 10:51:07+00:00,0.9995
2026-01-02 10:52:07+00:00,0.9995
2026-01-02 10:53:07+00:00,0.9995
2026-01-02 10:54:07+00:00,0.9995
2026-01-02 10:55:07+00:00,0.9995
2026-01-02 10:56:08+00:00,0.9995
2026-01-02 10:57:07+00:00,0.9995
2026-01-02 10:58:07+00:00,0.9995
2026-01-02 10:59:07+00:00,0.9995
2026-01-02 11:00:10+00:00,0.9995
2026-01-02 11:01:07+00:00,0.9995
2026-01-02 11:02:08+00:00,0.9995
2026-01-02 11:03:07+00:00,0.9995
2026-01-02 11:04:07+00:00,0.9995
2026-01-02 11:05:08+00:00,0.9995
2026-01-02 11:06:07+00:00,0.9995
2026-01-02 11:07:07+00:00,0.9995
2026-01-02 11:08:19+00:00,0.9995
2026-01-02 11:09:07+00:00,0.9995
2026-01-02 11:10:08+00:00,0.9995
2026-01-02 11:11:07+00:00,0.9995
2026-01-02 11:12:07+00:00,0.9995
2026-01-02 11:13:07+00:00,0.9995
2026-01-02 11:14:11+00:00,0.9995
2026-01-02 11:15:09+00:00,0.9995
2026-01-02 11:16:07+00:00,0.9995
2026-01-02 11:17:07+00:00,0.9995
2026-01-02 11:18:20+00:00,0.9995
2026-01-02 11:19:08+00:00,0.9995
2026-01-02 11:20:08+00:00,0.9995
2026-01-02 11:21:20+00:00,0.9995
2026-01-02 11:22:07+00:00,0.9995
2026-01-02 11:23:07+00:00,0.9995
2026-01-02 11:24:08+00:00,0.9995
2026-01-02 11:25:20+00:00,0.9995
2026-01-02 11:26:12+00:00,0.9995
2026-01-02 11:27:07+00:00,0.9995
2026-01-02 11:28:08+00:00,0.9995
2026-01-02 11:29:07+00:00,0.9995
2026-01-02 11:30:10+00:00,0.9995
2026-01-02 11:31:07+00:00,0.9995
2026-01-02 11:32:08+00:00,0.9995
2026-01-02 11:33:07+00:00,0.9995
2026-01-02 11:34:07+00:00,0.9995
2026-01-02 11:35:08+00:00,0.9995
2026-01-02 11:36:07+00:00,0.9995
2026-01-02 11:37:19+00:00,0.9995
2026-01-02 11:38:07+00:00,0.9995
2026-01-02 11:39:07+00:00,0.9995
2026-01-02 11:40:08+00:00,0.9995
2026-01-02 11:41:07+00:00,0.9995
2026-01-02 11:42:07+00:00,0.9995
2026-01-02 11:43:07+00:00,0.9995
2026-01-02 11:44:07+00:00,0.9995
2026-01-02 11:45:08+00:00,0.9995
2026-01-02 11:46:22+00:00,0.9995
2026-01-02 11:47:19+00:00,0.9995
2026-01-02 11:48:12+00:00,0.9995
2026-01-02 11:49:07+00:00,0.9995
2026-01-02 11:50:20+00:00,0.9995
2026-01-02 11:51:07+00:00,0.9995
2026-01-02 11:52:08+00:00,0.9995
2026-01-02 11:53:07+00:00,0.9995
2026-01-02 11:54:07+00:00,0.9995
2026-01-02 11:55:08+00:00,0.9995
2026-01-02 11:56:07+00:00,0.9995
2026-01-02 11:57:07+00:00,0.9995
2026-01-02 11:58:07+00:00,0.9995
2026-01-02 11:59:07+00:00,0.9995
2026-01-02 12:00:11+00:00,0.9995
2026-01-02 12:01:07+00:00,0.9995
2026-01-02 12:02:07+00:00,0.9995
2026-01-02 12:03:07+00:00,0.9995
2026-01-02 12:04:07+00:00,0.9995
2026-01-02 12:05:08+00:00,0.9995
2026-01-02 12:06:08+00:00,0.9995
2026-01-02 12:07:07+00:00,0.9995
2026-01-02 12:08:08+00:00,0.9995
2026-01-02 12:09:07+00:00,0.9995
2026-01-02 12:10:07+00:00,0.9995
2026-01-02 12:11:07+00:00,0.9995
2026-01-02 12:12:07+00:00,0.9995
2026-01-02 12:13:08+00:00,0.9995
2026-01-02 12:14:11+00:00,0.9995
2026-01-02 12:15:09+00:00,0.9995
2026-01-02 12:16:07+00:00,0.9995
2026-01-02 12:17:08+00:00,0.9995
2026-01-02 12:18:23+00:00,0.9995
2026-01-02 12:19:07+00:00,0.9995
2026-01-02 12:20:09+00:00,0.9995
2026-01-02 12:21:07+00:00,0.9995
2026-01-02 12:22:07+00:00,0.9995
2026-01-02 12:23:07+00:00,0.9995
2026-01-02 12:24:07+00:00,0.9995
2026-01-02 12:25:07+00:00,0.9995
2026-01-02 12:26:07+00:00,0.9995
2026-01-02 12:27:18+00:00,0.9995
2026-01-02 12:28:08+00:00,0.9995
2026-01-02 12:29:18+00:00,0.9995
2026-01-02 12:30:09+00:00,0.9995
2026-01-02 12:31:07+00:00,0.9995
2026-01-02 12:32:08+00:00,0.9995
2026-01-02 12:33:07+00:00,0.9995
2026-01-02 12:34:08+00:00,0.9995
2026-01-02 12:35:08+00:00,0.9995
2026-01-02 12:36:11+00:00,0.9995
2026-01-02 12:37:07+00:00,0.9995
2026-01-02 12:38:07+00:00,0.9995
2026-01-02 12:39:08+00:00,0.9995
2026-01-02 12:40:08+00:00,0.9995
2026-01-02 12:41:07+00:00,0.9995
2026-01-02 12:42:07+00:00,0.9995
2026-01-02 12:43:07+00:00,0.9995
2026-01-02 12:44:19+00:00,0.9995
2026-01-02 12:45:20+00:00,0.9995
2026-01-02 12:46:07+00:00,0.9995
2026-01-02 12:47:07+00:00,0.9995
2026-01-02 12:48:08+00:00,0.9995
2026-01-02 12:49:07+00:00,0.9995
2026-01-02 12:50:08+00:00,0.9995
2026-01-02 12:51:07+00:00,0.9995
2026-01-02 12:52:07+00:00,0.9995
2026-01-02 12:53:18+00:00,0.9995
2026-01-02 12:54:22+00:00,0.9995
2026-01-02 12:55:08+00:00,0.9995
2026-01-02 12:56:08+00:00,0.9995
2026-01-02 12:57:07+00:00,0.9995
2026-01-02 12:58:08+00:00,0.9995
2026-01-02 12:59:07+00:00,0.9995
2026-01-02 13:00:09+00:00,0.9995
2026-01-02 13:01:07+00:00,0.9995
2026-01-02 13:02:12+00:00,0.9995
2026-01-02 13:03:07+00:00,0.9995
2026-01-02 13:04:08+00:00,0.9995
2026-01-02 13:05:08+00:00,0.9995
2026-01-02 13:06:08+00:00,0.9995
2026-01-02 13:07:08+00:00,0.9995
2026-01-02 13:08:19+00:00,0.9995
2026-01-02 13:09:22+00:00,0.9995
2026-01-02 13:10:21+00:00,0.9995
2026-01-02 13:11:07+00:00,0.9995
2026-01-02 13:12:08+00:00,0.9995
2026-01-02 13:13:07+00:00,0.9995
2026-01-02 13:14:07+00:00,0.9995
2026-01-02 13:15:09+00:00,0.9995
2026-01-02 13:16:08+00:00,0.9995
2026-01-02 13:17:23+00:00,0.9995
2026-01-02 13:18:07+00:00,0.9995
2026-01-02 13:19:19+00:00,0.9995
2026-01-02 13:20:21+00:00,0.9995
2026-01-02 13:21:08+00:00,0.9995
2026-01-02 13:22:20+00:00,0.9995
2026-01-02 13:23:07+00:00,0.9995
2026-01-02 13:24:07+00:00,0.9995
2026-01-02 13:25:18+00:00,0.9995
2026-01-02 13:26:07+00:00,0.9995
2026-01-02 13:27:08+00:00,0.9995
2026-01-02 13:28:11+00:00,0.9995
2026-01-02 13:29:07+00:00,0.9995
2026-01-02 13:30:10+00:00,0.9995
2026-01-02 13:31:07+00:00,0.9995
2026-01-02 13:32:07+00:00,0.9995
2026-01-02 13:33:08+00:00,0.9995
2026-01-02 13:34:20+00:00,0.9995
2026-01-02 13:35:19+00:00,0.9995
2026-01-02 13:36:07+00:00,0.9995
2026-01-02 13:37:07+00:00,0.9995
2026-01-02 13:38:19+00:00,0.9995
2026-01-02 13:39:08+00:00,0.9995
2026-01-02 13:40:08+00:00,0.9995
2026-01-02 13:41:22+00:00,0.9995
2026-01-02 13:42:07+00:00,0.9995
2026-01-02 13:43:08+00:00,0.9995
2026-01-02 13:44:08+00:00,0.9995
2026-01-02 13:45:08+00:00,0.9995
2026-01-02 13:46:07+00:00,0.9995
2026-01-02 13:47:07+00:00,0.9995
2026-01-02 13:48:08+00:00,0.9995
2026-01-02 13:49:22+00:00,0.9995
2026-01-02 13:50:07+00:00,0.9995
2026-01-02 13:51:07+00:00,0.9995
2026-01-02 13:52:07+00:00,0.9995
2026-01-02 13:53:07+00:00,0.9995
2026-01-02 13:54:12+00:00,0.9995
2026-01-02 13:55:23+00:00,0.9995
2026-01-02 13:56:07+00:00,0.9995
2026-01-02 13:57:07+00:00,0.9995
2026-01-02 13:58:08+00:00,0.9995
2026-01-02 13:59:07+00:00,0.9995
2026-01-02 14:00:10+00:00,0.9995
2026-01-02 14:01:07+00:00,0.9995
2026-01-02 14:02:08+00:00,0.9995
2026-01-02 14:03:20+00:00,0.9995
2026-01-02 14:04:07+00:00,0.9995
2026-01-02 14:05:08+00:00,0.9995
2026-01-02 14:06:22+00:00,0.9995
2026-01-02 14:07:07+00:00,0.9995
2026-01-02 14:08:07+00:00,0.9995
2026-01-02 14:09:07+00:00,0.9995
2026-01-02 14:10:08+00:00,0.9995
2026-01-02 14:11:07+00:00,0.9995
2026-01-02 14:12:20+00:00,0.9995
2026-01-02 14:13:07+00:00,0.9995
2026-01-02 14:14:07+00:00,0.9995
2026-01-02 14:15:20+00:00,0.9995
2026-01-02 14:16:07+00:00,0.9995
2026-01-02 14:17:07+00:00,0.9995
2026-01-02 14:18:08+00:00,0.9995
2026-01-02 14:19:19+00:00,0.9995
2026-01-02 14:20:13+00:00,0.9995
2026-01-02 14:21:08+00:00,0.9995
2026-01-02 14:22:07+00:00,0.9995
2026-01-02 14:23:07+00:00,0.9995
2026-01-02 14:24:08+00:00,0.9995
2026-01-02 14:25:08+00:00,0.9995
2026-01-02 14:26:07+00:00,0.9995
2026-01-02 14:27:08+00:00,0.9995
2026-01-02 14:28:07+00:00,0.9995
2026-01-02 14:29:07+00:00,0.9995
2026-01-02 14:30:09+00:00,0.9995
2026-01-02 14:31:08+00:00,0.9995
2026-01-02 14:32:07+00:00,0.9995
2026-01-02 14:33:08+00:00,0.9995
2026-01-02 14:34:09+00:00,0.9995
2026-01-02 14:35:07+00:00,0.9995
2026-01-02 14:36:21+00:00,0.9995
2026-01-02 14:37:07+00:00,0.9995
2026-01-02 14:38:07+00:00,0.9995
2026-01-02 14:39:08+00:00,0.9995
2026-01-02 14:40:08+00:00,0.9995
2026-01-02 14:41:07+00:00,0.9995
2026-01-02 14:42:07+00:00,0.9995
2026-01-02 14:43:11+00:00,0.9995
2026-01-02 14:44:07+00:00,0.9995
2026-01-02 14:45:22+00:00,0.9995
2026-01-02 14:46:07+00:00,0.9995
2026-01-02 14:47:07+00:00,0.9995
2026-01-02 14:48:08+00:00,0.9995
2026-01-02 14:49:07+00:00,0.9995
2026-01-02 14:50:08+00:00,0.9995
2026-01-02 14:51:08+00:00,0.9995
2026-01-02 14:52:21+00:00,0.9995
2026-01-02 14:53:07+00:00,0.9995
2026-01-02 14:54:23+00:00,0.9995
2026-01-02 14:55:07+00:00,0.9995
2026-01-02 14:56:08+00:00,0.9995
2026-01-02 14:57:07+00:00,0.9995
2026-01-02 14:58:07+00:00,0.9995
2026-01-02 14:59:08+00:00,0.9995
2026-01-02 15:00:11+00:00,0.9995
2026-01-02 15:01:07+00:00,0.9995
2026-01-02 15:02:20+00:00,0.9995
2026-01-02 15:03:07+00:00,0.9995
2026-01-02 15:04:08+00:00,0.9995
2026-01-02 15:05:08+00:00,0.9995
2026-01-02 15:06:23+00:00,0.9995
2026-01-02 15:07:07+00:00,0.9995
2026-01-02 15:08:08+00:00,0.9995
2026-01-02 15:09:11+00:00,0.9995
2026-01-02 15:10:09+00:00,0.9995
2026-01-02 15:11:07+00:00,0.9995
2026-01-02 15:12:08+00:00,0.9995
2026-01-02 15:13:07+00:00,0.9995
2026-01-02 15:14:07+00:00,0.9995
2026-01-02 15:15:08+00:00,0.9995
2026-01-02 15:16:08+00:00,0.9995
2026-01-02 15:17:08+00:00,0.9995
2026-01-02 15:18:08+00:00,0.9995
2026-01-02 15:19:08+00:00,0.9995
2026-01-02 15:20:08+00:00,0.9995
2026-01-02 15:21:08+00:00,0.9995
2026-01-02 15:22:09+00:00,0.9995
2026-01-02 15:23:07+00:00,0.9995
2026-01-02 15:24:08+00:00,0.9995
2026-01-02 15:25:08+00:00,0.9995
2026-01-02 15:26:07+00:00,0.9995
2026-01-02 15:27:07+00:00,0.9995
2026-01-02 15:28:08+00:00,0.9995
2026-01-02 15:29:07+00:00,0.9995
2026-01-02 15:30:09+00:00,0.9995
2026-01-02 15:31:07+00:00,0.9995
2026-01-02 15:32:22+00:00,0.9995
2026-01-02 15:33:07+00:00,0.9995
2026-01-02 15:34:07+00:00,0.9995
2026-01-02 15:35:24+00:00,0.9995
2026-01-02 15:36:08+00:00,0.9995
2026-01-02 15:37:07+00:00,0.9995
2026-01-02 15:38:07+00:00,0.9995
2026-01-02 15:39:07+00:00,0.9995
2026-01-02 15:40:07+00:00,0.9995
2026-01-02 15:41:07+00:00,0.9995
2026-01-02 15:42:21+00:00,0.9995
2026-01-02 15:43:07+00:00,0.9995
2026-01-02 15:44:07+00:00,0.9995
2026-01-02 15:45:08+00:00,0.9995
2026-01-02 15:46:18+00:00,0.9995
2026-01-02 15:47:22+00:00,0.9995
2026-01-02 15:48:08+00:00,0.9995
2026-01-02 15:49:08+00:00,0.9995
2026-01-02 15:50:08+00:00,0.9995
2026-01-02 15:51:08+00:00,0.9995
2026-01-02 15:52:08+00:00,0.9995
2026-01-02 15:53:07+00:00,0.9995
2026-01-02 15:54:21+00:00,0.9995
2026-01-02 15:55:08+00:00,0.9995
2026-01-02 15:56:08+00:00,0.9995
2026-01-02 15:57:08+00:00,0.9995
2026-01-02 15:58:07+00:00,0.9995
2026-01-02 15:59:07+00:00,0.9995
2026-01-02 16:00:10+00:00,0.9995
2026-01-02 16:01:12+00:00,0.9995
2026-01-02 16:02:07+00:00,0.9995
2026-01-02 16:03:08+00:00,0.9995
2026-01-02 16:04:20+00:00,0.9995
2026-01-02 16:05:09+00:00,0.9995
2026-01-02 16:06:07+00:00,0.9995
2026-01-02 16:07:07+00:00,0.9995
2026-01-02 16:08:07+00:00,0.9995
2026-01-02 16:09:07+00:00,0.9995
2026-01-02 16:10:08+00:00,0.9995
2026-01-02 16:11:07+00:00,0.9995
2026-01-02 16:12:08+00:00,0.9995
2026-01-02 16:13:07+00:00,0.9995
2026-01-02 16:14:08+00:00,0.9995
2026-01-02 16:15:08+00:00,0.9995
2026-01-02 16:16:12+00:00,0.9995
2026-01-02 16:17:07+00:00,0.9995
2026-01-02 16:18:08+00:00,0.9995
2026-01-02 16:19:07+00:00,0.9995
2026-01-02 16:20:09+00:00,0.9995
2026-01-02 16:21:07+00:00,0.9995
2026-01-02 16:22:07+00:00,0.9995
2026-01-02 16:23:07+00:00,0.9995
2026-01-02 16:24:07+00:00,0.9995
2026-01-02 16:25:08+00:00,0.9995
2026-01-02 16:26:08+00:00,0.9995
2026-01-02 16:27:08+00:00,0.9995
2026-01-02 16:28:08+00:00,0.9995
2026-01-02 16:29:07+00:00,0.9995
2026-01-02 16:30:09+00:00,0.9995
2026-01-02 16:31:08+00:00,0.9995
2026-01-02 16:32:08+00:00,0.9995
2026-01-02 16:33:08+00:00,0.9995
2026-01-02 16:34:07+00:00,0.9995
2026-01-02 16:35:08+00:00,0.9995
2026-01-02 16:36:07+00:00,0.9995
2026-01-02 16:37:07+00:00,0.9995
2026-01-02 16:38:07+00:00,0.9995
2026-01-02 16:39:07+00:00,0.9995
2026-01-02 16:40:08+00:00,0.9995
2026-01-02 16:41:08+00:00,0.9995
2026-01-02 16:42:12+00:00,0.9995
2026-01-02 16:43:07+00:00,0.9995
2026-01-02 16:44:07+00:00,0.9995
2026-01-02 16:45:09+00:00,0.9995
2026-01-02 16:46:08+00:00,0.9995
2026-01-02 16:47:08+00:00,0.9995
2026-01-02 16:48:21+00:00,0.9995
2026-01-02 16:49:07+00:00,0.9995
2026-01-02 16:50:20+00:00,0.9995
2026-01-02 16:51:08+00:00,0.9995
2026-01-02 16:52:07+00:00,0.9995
2026-01-02 16:53:08+00:00,0.9995
2026-01-02 16:54:21+00:00,0.9995
2026-01-02 16:55:07+00:00,0.9995
2026-01-02 16:56:07+00:00,0.9995
2026-01-02 16:57:08+00:00,0.9995
2026-01-02 16:58:07+00:00,0.9995
2026-01-02 16:59:07+00:00,0.9995
2026-01-02 17:00:11+00:00,0.9995
2026-01-02 17:01:08+00:00,0.9995
2026-01-02 17:02:08+00:00,0.9995
2026-01-02 17:03:08+00:00,0.9995
2026-01-02 17:04:08+00:00,0.9995
2026-01-02 17:05:08+00:00,0.9995
2026-01-02 17:06:08+00:00,0.9995
2026-01-02 17:07:07+00:00,0.9995
2026-01-02 17:08:11+00:00,0.9995
2026-01-02 17:09:12+00:00,0.9995
2026-01-02 17:10:09+00:00,0.9995
2026-01-02 17:11:07+00:00,0.9995
2026-01-02 17:12:22+00:00,0.9995
2026-01-02 17:13:07+00:00,0.9995
2026-01-02 17:14:07+00:00,0.9995
2026-01-02 17:15:08+00:00,0.9995
2026-01-02 17:16:07+00:00,0.9995
2026-01-02 17:17:08+00:00,0.9995
2026-01-02 17:18:08+00:00,0.9995
2026-01-02 17:19:08+00:00,0.9995
2026-01-02 17:20:08+00:00,0.9995
2026-01-02 17:21:07+00:00,0.9995
2026-01-02 17:22:08+00:00,0.9995
2026-01-02 17:23:07+00:00,0.9995
2026-01-02 17:24:07+00:00,0.9995
2026-01-02 17:25:09+00:00,0.9995
2026-01-02 17:26:08+00:00,0.9995
2026-01-02 17:27:07+00:00,0.9995
2026-01-02 17:28:07+00:00,0.9995
2026-01-02 17:29:08+00:00,0.9995
2026-01-02 17:30:09+00:00,0.9995
2026-01-02 17:31:07+00:00,0.9995
2026-01-02 17:32:08+00:00,0.9995
2026-01-02 17:33:08+00:00,0.9995
2026-01-02 17:34:08+00:00,0.9995
2026-01-02 17:35:12+00:00,0.9995
2026-01-02 17:36:11+00:00,0.9995
2026-01-02 17:37:08+00:00,0.9995
2026-01-02 17:38:08+00:00,0.9995
2026-01-02 17:39:07+00:00,0.9995
2026-01-02 17:40:09+00:00,0.9995
2026-01-02 17:41:22+00:00,0.9995
2026-01-02 17:42:07+00:00,0.9995
2026-01-02 17:43:23+00:00,0.9995
2026-01-02 17:44:07+00:00,0.9995
2026-01-02 17:45:08+00:00,0.9995
2026-01-02 17:46:19+00:00,0.9995
2026-01-02 17:47:07+00:00,0.9995
2026-01-02 17:48:08+00:00,0.9995
2026-01-02 17:49:21+00:00,0.9995
2026-01-02 17:50:23+00:00,0.9995
2026-01-02 17:51:08+00:00,0.9995
2026-01-02 17:52:07+00:00,0.9995
2026-01-02 17:53:22+00:00,0.9995
2026-01-02 17:54:08+00:00,0.9995
2026-01-02 17:55:08+00:00,0.9995
2026-01-02 17:56:08+00:00,0.9995
2026-01-02 17:57:19+00:00,0.9995
2026-01-02 17:58:20+00:00,0.9995
2026-01-02 17:59:07+00:00,0.9995
2026-01-02 18:00:25+00:00,0.9995
2026-01-02 18:01:08+00:00,0.9995
2026-01-02 18:02:11+00:00,0.9995
2026-01-02 18:03:07+00:00,0.9995
2026-01-02 18:04:07+00:00,0.9995
2026-01-02 18:05:09+00:00,0.9995
2026-01-02 18:06:07+00:00,0.9995
2026-01-02 18:07:07+00:00,0.9995
2026-01-02 18:08:08+00:00,0.9995
2026-01-02 18:09:08+00:00,0.9995
2026-01-02 18:10:08+00:00,0.9995
2026-01-02 18:11:07+00:00,0.9995
2026-01-02 18:12:08+00:00,0.9995
2026-01-02 18:13:08+00:00,0.9995
2026-01-02 18:14:08+00:00,0.9995
2026-01-02 18:15:22+00:00,0.9995
2026-01-02 18:16:07+00:00,0.9995
2026-01-02 18:17:08+00:00,0.9995
2026-01-02 18:18:08+00:00,0.9995
2026-01-02 18:19:07+00:00,0.9995
2026-01-02 18:20:08+00:00,0.9995
2026-01-02 18:21:08+00:00,0.9995
2026-01-02 18:22:07+00:00,0.9995
2026-01-02 18:23:08+00:00,0.9995
2026-01-02 18:24:07+00:00,0.9995
2026-01-02 18:25:08+00:00,0.9995
2026-01-02 18:26:08+00:00,0.9995
2026-01-02 18:27:08+00:00,0.9995
2026-01-02 18:28:12+00:00,0.9995
2026-01-02 18:29:08+00:00,0.9995
2026-01-02 18:30:10+00:00,0.9995
2026-01-02 18:31:21+00:00,0.9995
2026-01-02 18:32:07+00:00,0.9995
2026-01-02 18:33:19+00:00,0.9995
2026-01-02 18:34:07+00:00,0.9995
2026-01-02 18:35:23+00:00,0.9995
2026-01-02 18:36:07+00:00,0.9995
2026-01-02 18:37:07+00:00,0.9995
2026-01-02 18:38:07+00:00,0.9995
2026-01-02 18:39:07+00:00,0.9995
2026-01-02 18:40:24+00:00,0.9995
2026-01-02 18:41:07+00:00,0.9995
2026-01-02 18:42:07+00:00,0.9995
2026-01-02 18:43:07+00:00,0.9995
2026-01-02 18:44:07+00:00,0.9995
2026-01-02 18:45:08+00:00,0.9995
2026-01-02 18:46:08+00:00,0.9995
2026-01-02 18:47:07+00:00,0.9995
2026-01-02 18:48:07+00:00,0.9995
2026-01-02 18:49:07+00:00,0.9995
2026-01-02 18:50:08+00:00,0.9995
2026-01-02 18:51:08+00:00,0.9995
2026-01-02 18:52:07+00:00,0.9995
2026-01-02 18:53:07+00:00,0.9995
2026-01-02 18:54:12+00:00,0.9995
2026-01-02 18:55:09+00:00,0.9995
2026-01-02 18:56:25+00:00,0.9995
2026-01-02 18:57:08+00:00,0.9995
2026-01-02 18:58:22+00:00,0.9995
2026-01-02 18:59:07+00:00,0.9995
2026-01-02 19:00:10+00:00,0.9995
2026-01-02 19:01:08+00:00,0.9995
2026-01-02 19:02:08+00:00,0.9995
2026-01-02 19:03:07+00:00,0.9995
2026-01-02 19:04:08+00:00,0.9995
2026-01-02 19:05:08+00:00,0.9995
2026-01-02 19:06:08+00:00,0.9995
2026-01-02 19:07:08+00:00,0.9995
2026-01-02 19:08:07+00:00,0.9995
2026-01-02 19:09:08+00:00,0.9995
2026-01-02 19:10:09+00:00,0.9995
2026-01-02 19:11:08+00:00,0.9995
2026-01-02 19:12:08+00:00,0.9995
2026-01-02 19:13:07+00:00,0.9995
2026-01-02 19:14:07+00:00,0.9995
2026-01-02 19:15:08+00:00,0.9995
2026-01-02 19:16:18+00:00,0.9995
2026-01-02 19:17:08+00:00,0.9995
2026-01-02 19:18:07+00:00,0.9995
2026-01-02 19:19:21+00:00,0.9995
2026-01-02 19:20:08+00:00,0.9995
2026-01-02 19:21:08+00:00,0.9995
2026-01-02 19:22:23+00:00,0.9995
2026-01-02 19:23:08+00:00,0.9995
2026-01-02 19:24:08+00:00,0.9995
2026-01-02 19:25:09+00:00,0.9995
2026-01-02 19:26:08+00:00,0.9995
2026-01-02 19:27:07+00:00,0.9995
2026-01-02 19:28:07+00:00,0.9995
2026-01-02 19:29:07+00:00,0.9995
2026-01-02 19:30:09+00:00,0.9995
2026-01-02 19:31:07+00:00,0.9995
2026-01-02 19:32:08+00:00,0.9995
2026-01-02 19:33:08+00:00,0.9995
2026-01-02 19:34:07+00:00,0.9995
2026-01-02 19:35:08+00:00,0.9995
2026-01-02 19:36:08+00:00,0.9995
2026-01-02 19:37:07+00:00,0.9995
2026-01-02 19:38:07+00:00,0.9995
2026-01-02 19:39:08+00:00,0.9995
2026-01-02 19:40:07+00:00,0.9995
2026-01-02 19:41:07+00:00,0.9995
2026-01-02 19:42:08+00:00,0.9995
2026-01-02 19:43:07+00:00,0.9995
2026-01-02 19:44:07+00:00,0.9995
2026-01-02 19:45:08+00:00,0.9995
2026-01-02 19:46:23+00:00,0.9995
2026-01-02 19:47:07+00:00,0.9995
2026-01-02 19:48:23+00:00,0.9995
2026-01-02 19:49:07+00:00,0.9995
2026-01-02 19:50:21+00:00,0.9995
2026-01-02 19:51:07+00:00,0.9995
2026-01-02 19:52:08+00:00,0.9995
2026-01-02 19:53:08+00:00,0.9995
2026-01-02 19:54:07+00:00,0.9995
2026-01-02 19:55:07+00:00,0.9995
2026-01-02 19:56:08+00:00,0.9995
2026-01-02 19:57:08+00:00,0.9995
2026-01-02 19:58:07+00:00,0.9995
2026-01-02 19:59:07+00:00,0.9995
2026-01-02 20:00:11+00:00,0.9995
2026-01-02 20:01:08+00:00,0.9995
2026-01-02 20:02:07+00:00,0.9995
2026-01-02 20:03:19+00:00,0.9995
2026-01-02 20:04:08+00:00,0.9995
2026-01-02 20:05:08+00:00,0.9995
2026-01-02 20:06:08+00:00,0.9995
2026-01-02 20:07:08+00:00,0.9995
2026-01-02 20:08:07+00:00,0.9995
2026-01-02 20:09:08+00:00,0.9995
2026-01-02 20:10:08+00:00,0.9995
2026-01-02 20:11:08+00:00,0.9995
2026-01-02 20:12:08+00:00,0.9995
2026-01-02 20:13:08+00:00,0.9995
2026-01-02 20:14:25+00:00,0.9995
2026-01-02 20:15:09+00:00,0.9995
2026-01-02 20:16:08+00:00,0.9995
2026-01-02 20:17:19+00:00,0.9995
2026-01-02 20:18:08+00:00,0.9995
2026-01-02 20:19:07+00:00,0.9995
2026-01-02 20:20:08+00:00,0.9995
2026-01-02 20:21:07+00:00,0.9995
2026-01-02 20:22:08+00:00,0.9995
2026-01-02 20:23:07+00:00,0.9995
2026-01-02 20:24:21+00:00,0.9995
2026-01-02 20:25:08+00:00,0.9995
2026-01-02 20:26:07+00:00,0.9995
2026-01-02 20:27:11+00:00,0.9995
2026-01-02 20:28:07+00:00,0.9995
2026-01-02 20:29:07+00:00,0.9995
2026-01-02 20:30:10+00:00,0.9995
2026-01-02 20:31:07+00:00,0.9995
2026-01-02 20:32:19+00:00,0.9995
2026-01-02 20:33:20+00:00,0.9995
2026-01-02 20:34:08+00:00,0.9995
2026-01-02 20:35:08+00:00,0.9995
2026-01-02 20:36:08+00:00,0.9995
2026-01-02 20:37:08+00:00,0.9995
2026-01-02 20:38:07+00:00,0.9995
2026-01-02 20:39:08+00:00,0.9995
2026-01-02 20:40:08+00:00,0.9995
2026-01-02 20:41:21+00:00,0.9995
2026-01-02 20:42:08+00:00,0.9995
2026-01-02 20:43:07+00:00,0.9995
2026-01-02 20:44:08+00:00,0.9995
2026-01-02 20:45:20+00:00,0.9995
2026-01-02 20:46:11+00:00,0.9995
2026-01-02 20:47:08+00:00,0.9995
2026-01-02 20:48:07+00:00,0.9995
2026-01-02 20:49:08+00:00,0.9995
2026-01-02 20:50:09+00:00,0.9995
2026-01-02 20:51:08+00:00,0.9995
2026-01-02 20:52:22+00:00,0.9995
2026-01-02 20:53:08+00:00,0.9995
2026-01-02 20:54:08+00:00,0.9995
2026-01-02 20:55:08+00:00,0.9995
2026-01-02 20:56:08+00:00,0.9995
2026-01-02 20:57:08+00:00,0.9995
2026-01-02 20:58:08+00:00,0.9995
2026-01-02 20:59:08+00:00,0.9995
2026-01-02 21:00:11+00:00,0.9995
2026-01-02 21:01:08+00:00,0.9995
2026-01-02 21:02:08+00:00,0.9995
2026-01-02 21:03:08+00:00,0.9995
2026-01-02 21:04:07+00:00,0.9995
2026-01-02 21:05:13+00:00,0.9995
2026-01-02 21:06:20+00:00,0.9995
2026-01-02 21:07:08+00:00,0.9995
2026-01-02 21:08:23+00:00,0.9995
2026-01-02 21:09:08+00:00,0.9995
2026-01-02 21:10:09+00:00,0.9995
2026-01-02 21:11:08+00:00,0.9995
2026-01-02 21:12:08+00:00,0.9995
2026-01-02 21:13:07+00:00,0.9995
2026-01-02 21:14:08+00:00,0.9995
2026-01-02 21:15:08+00:00,0.9995
2026-01-02 21:16:07+00:00,0.9995
2026-01-02 21:17:08+00:00,0.9995
2026-01-02 21:18:21+00:00,0.9995
2026-01-02 21:19:08+00:00,0.9995
2026-01-02 21:20:08+00:00,0.9995
2026-01-02 21:21:08+00:00,0.9995
2026-01-02 21:22:08+00:00,0.9995
2026-01-02 21:23:08+00:00,0.9995
2026-01-02 21:24:08+00:00,0.9995
2026-01-02 21:25:08+00:00,0.9995
2026-01-02 21:26:07+00:00,0.9995
2026-01-02 21:27:08+00:00,0.9995
2026-01-02 21:28:07+00:00,0.9995
2026-01-02 21:29:07+00:00,0.9995
2026-01-02 21:30:09+00:00,0.9995
2026-01-02 21:31:12+00:00,0.9995
2026-01-02 21:32:08+00:00,0.9995
2026-01-02 21:33:22+00:00,0.9995
2026-01-02 21:34:07+00:00,0.9995
2026-01-02 21:35:21+00:00,0.9995
2026-01-02 21:36:08+00:00,0.9995
2026-01-02 21:37:07+00:00,0.9995
2026-01-02 21:38:07+00:00,0.9995
2026-01-02 21:39:08+00:00,0.9995
2026-01-02 21:40:08+00:00,0.9995
2026-01-02 21:41:08+00:00,0.9995
2026-01-02 21:42:08+00:00,0.9995
2026-01-02 21:43:08+00:00,0.9995
2026-01-02 21:44:07+00:00,0.9995
2026-01-02 21:45:08+00:00,0.9995
2026-01-02 21:46:08+00:00,0.9995
2026-01-02 21:47:08+00:00,0.9995
2026-01-02 21:48:08+00:00,0.9995
2026-01-02 21:49:08+00:00,0.9995
2026-01-02 21:50:08+00:00,0.9995
2026-01-02 21:51:08+00:00,0.9995
2026-01-02 21:52:09+00:00,0.9995
2026-01-02 21:53:08+00:00,0.9995
2026-01-02 21:54:21+00:00,0.9995
2026-01-02 21:55:08+00:00,0.9995
2026-01-02 21:56:08+00:00,0.9995
2026-01-02 21:57:12+00:00,0.9995
2026-01-02 21:58:07+00:00,0.9995
2026-01-02 21:59:08+00:00,0.9995
2026-01-02 22:00:11+00:00,0.9995
2026-01-02 22:01:09+00:00,0.9995
2026-01-02 22:02:07+00:00,0.9995
2026-01-02 22:03:08+00:00,0.9995
2026-01-02 22:04:07+00:00,0.9995
2026-01-02 22:05:08+00:00,0.9995
2026-01-02 22:06:23+00:00,0.9995
2026-01-02 22:07:08+00:00,0.9995
2026-01-02 22:08:08+00:00,0.9995
2026-01-02 22:09:08+00:00,0.9995
2026-01-02 22:10:09+00:00,0.9995
2026-01-02 22:11:23+00:00,0.9995
2026-01-02 22:12:08+00:00,0.9995
2026-01-02 22:13:08+00:00,0.9995
2026-01-02 22:14:07+00:00,0.9995
2026-01-02 22:15:09+00:00,0.9995
2026-01-02 22:16:07+00:00,0.9995
2026-01-02 22:17:08+00:00,0.9995
2026-01-02 22:18:07+00:00,0.9995
2026-01-02 22:19:08+00:00,0.9995
2026-01-02 22:20:09+00:00,0.9995
2026-01-02 22:21:08+00:00,0.9995
2026-01-02 22:22:07+00:00,0.9995
2026-01-02 22:23:11+00:00,0.9995
2026-01-02 22:24:08+00:00,0.9995
2026-01-02 22:25:09+00:00,0.9995
2026-01-02 22:26:08+00:00,0.9995
2026-01-02 22:27:09+00:00,0.9995
2026-01-02 22:28:08+00:00,0.9995
2026-01-02 22:29:08+00:00,0.9995
2026-01-02 22:30:10+00:00,0.9995
2026-01-02 22:31:08+00:00,0.9995
2026-01-02 22:32:07+00:00,0.9995
2026-01-02 22:33:08+00:00,0.9995
2026-01-02 22:34:08+00:00,0.9995
2026-01-02 22:35:08+00:00,0.9995
2026-01-02 22:36:08+00:00,0.9995
2026-01-02 22:37:23+00:00,0.9995
2026-01-02 22:38:08+00:00,0.9995
2026-01-02 22:39:08+00:00,0.9995
2026-01-02 22:40:08+00:00,0.9995
2026-01-02 22:41:08+00:00,0.9995
2026-01-02 22:42:07+00:00,0.9995
2026-01-02 22:43:07+00:00,0.9995
2026-01-02 22:44:08+00:00,0.9995
2026-01-02 22:45:08+00:00,0.9995
2026-01-02 22:46:08+00:00,0.9995
2026-01-02 22:47:08+00:00,0.9995
2026-01-02 22:48:07+00:00,0.9995
2026-01-02 22:49:11+00:00,0.9995
2026-01-02 22:50:09+00:00,0.9995
2026-01-02 22:51:20+00:00,0.9995
2026-01-02 22:52:08+00:00,0.9995
2026-01-02 22:53:07+00:00,0.9995
2026-01-02 22:54:08+00:00,0.9995
2026-01-02 22:55:08+00:00,0.9995
2026-01-02 22:56:08+00:00,0.9995
2026-01-02 22:57:07+00:00,0.9995
2026-01-02 22:58:08+00:00,0.9995
2026-01-02 22:59:08+00:00,0.9995
2026-01-02 23:00:10+00:00,0.9995
2026-01-02 23:01:08+00:00,0.9995
2026-01-02 23:02:08+00:00,0.9995
2026-01-02 23:03:08+00:00,0.9995
2026-01-02 23:04:08+00:00,0.9995
2026-01-02 23:05:08+00:00,0.9995
2026-01-02 23:06:08+00:00,0.9995
2026-01-02 23:07:08+00:00,0.9995
2026-01-02 23:08:22+00:00,0.9995
2026-01-02 23:09:21+00:00,0.9995
2026-01-02 23:10:08+00:00,0.9995
2026-01-02 23:11:07+00:00,0.9995
2026-01-02 23:12:08+00:00,0.9995
2026-01-02 23:13:07+00:00,0.9995
2026-01-02 23:14:08+00:00,0.9995
2026-01-02 23:15:24+00:00,0.9995
2026-01-02 23:16:23+00:00,0.9995
2026-01-02 23:17:08+00:00,0.9995
2026-01-02 23:18:08+00:00,0.9995
2026-01-02 23:19:08+00:00,0.9995
2026-01-02 23:20:08+00:00,0.9995
2026-01-02 23:21:07+00:00,0.9995
2026-01-02 23:22:08+00:00,0.9995
2026-01-02 23:23:07+00:00,0.9995
2026-01-02 23:24:08+00:00,0.9995
2026-01-02 23:25:09+00:00,0.9995
2026-01-02 23:26:08+00:00,0.9995
2026-01-02 23:27:08+00:00,0.9995
2026-01-02 23:28:08+00:00,0.9995
2026-01-02 23:29:07+00:00,0.9995
2026-01-02 23:30:10+00:00,0.9995
2026-01-02 23:31:07+00:00,0.9995
2026-01-02 23:32:08+00:00,0.9995
2026-01-02 23:33:23+00:00,0.9995
2026-01-02 23:34:08+00:00,0.9995
2026-01-02 23:35:08+00:00,0.9995
2026-01-02 23:36:08+00:00,0.9995
2026-01-02 23:37:20+00:00,0.9995
2026-01-02 23:38:08+00:00,0.9995
2026-01-02 23:39:08+00:00,0.9995
2026-01-02 23:40:08+00:00,0.9995
2026-01-02 23:41:12+00:00,0.9995
2026-01-02 23:42:08+00:00,0.9995
2026-01-02 23:43:08+00:00,0.9995
2026-01-02 23:44:08+00:00,0.9995
2026-01-02 23:45:09+00:00,0.9995
2026-01-02 23:46:08+00:00,0.9995
2026-01-02 23:47:08+00:00,0.9995
2026-01-02 23:48:08+00:00,0.9995
2026-01-02 23:49:08+00:00,0.9995
2026-01-02 23:50:08+00:00,0.9995
2026-01-02 23:51:08+00:00,0.9995
2026-01-02 23:52:08+00:00,0.9995
2026-01-02 23:53:07+00:00,0.9995
2026-01-02 23:54:08+00:00,0.9995
2026-01-02 23:55:09+00:00,0.9995
2026-01-02 23:56:08+00:00,0.9995
2026-01-02 23:57:08+00:00,0.9995
2026-01-02 23:58:08+00:00,0.9995
2026-01-02 23:59:08+00:00,0.9995
2026-01-03 00:00:11+00:00,0.9995
2026-01-03 00:01:08+00:00,0.9995
2026-01-03 00:02:08+00:00,0.9995
2026-01-03 00:03:08+00:00,0.9995
2026-01-03 00:04:21+00:00,0.9995
2026-01-03 00:05:08+00:00,0.9995
2026-01-03 00:06:08+00:00,0.9995
2026-01-03 00:07:09+00:00,0.9995
2026-01-03 00:08:08+00:00,0.9995
2026-01-03 00:09:07+00:00,0.9995
2026-01-03 00:10:20+00:00,0.9995
2026-01-03 00:11:22+00:00,0.9995
2026-01-03 00:12:08+00:00,0.9995
2026-01-03 00:13:08+00:00,0.9995
2026-01-03 00:14:08+00:00,0.9995
2026-01-03 00:15:09+00:00,0.9995
2026-01-03 00:16:08+00:00,0.9995
2026-01-03 00:17:08+00:00,0.9995
2026-01-03 00:18:08+00:00,0.9995
2026-01-03 00:19:08+00:00,0.9995
2026-01-03 00:20:09+00:00,0.9995
2026-01-03 00:21:07+00:00,0.9995
2026-01-03 00:22:08+00:00,0.9995
2026-01-03 00:23:08+00:00,0.9995
2026-01-03 00:24:08+00:00,0.9995
2026-01-03 00:25:08+00:00,0.9995
2026-01-03 00:26:08+00:00,0.9995
2026-01-03 00:27:08+00:00,0.9995
2026-01-03 00:28:08+00:00,0.9995
2026-01-03 00:29:08+00:00,0.9995
2026-01-03 00:30:08+00:00,0.9995
2026-01-03 00:31:08+00:00,0.9995
2026-01-03 00:32:08+00:00,0.9995
2026-01-03 00:33:10+00:00,0.9995
2026-01-03 00:34:23+00:00,0.9995
2026-01-03 00:35:08+00:00,0.9995
2026-01-03 00:36:08+00:00,0.9995
2026-01-03 00:37:09+00:00,0.9995
2026-01-03 00:38:08+00:00,0.9995
2026-01-03 00:39:08+00:00,0.9995
2026-01-03 00:40:08+00:00,0.9995
2026-01-03 00:41:07+00:00,0.9995
2026-01-03 00:42:08+00:00,0.9995
2026-01-03 00:43:08+00:00,0.9995
2026-01-03 00:44:08+00:00,0.9995
2026-01-03 00:45:08+00:00,0.9995
2026-01-03 00:46:08+00:00,0.9995
2026-01-03 00:47:21+00:00,0.9995
2026-01-03 00:48:08+00:00,0.9995
2026-01-03 00:49:08+00:00,0.9995
2026-01-03 00:50:08+00:00,0.9995
2026-01-03 00:51:08+00:00,0.9995
2026-01-03 00:52:08+00:00,0.9995
2026-01-03 00:53:08+00:00,0.9995
2026-01-03 00:54:08+00:00,0.9995
2026-01-03 00:55:09+00:00,0.9995
2026-01-03 00:56:08+00:00,0.9995
2026-01-03 00:57:08+00:00,0.9995
2026-01-03 00:58:08+00:00,0.9995
2026-01-03 00:59:08+00:00,0.9995
2026-01-03 01:01:22+00:00,0.9995
2026-01-03 01:01:42+00:00,0.9995
2026-01-03 01:02:09+00:00,0.9995
2026-01-03 01:03:08+00:00,0.9995
2026-01-03 01:04:08+00:00,0.9995
2026-01-03 01:05:09+00:00,0.9995
2026-01-03 01:06:10+00:00,0.9995
2026-01-03 01:07:08+00:00,0.9995
2026-01-03 01:08:08+00:00,0.9995
2026-01-03 01:09:08+00:00,0.9995
2026-01-03 01:10:08+00:00,0.9995
2026-01-03 01:11:08+00:00,0.9995
2026-01-03 01:12:08+00:00,0.9995
2026-01-03 01:13:08+00:00,0.9995
2026-01-03 01:14:08+00:00,0.9995
2026-01-03 01:15:08+00:00,0.9995
2026-01-03 01:16:08+00:00,0.9995
2026-01-03 01:17:08+00:00,0.9995
2026-01-03 01:18:08+00:00,0.9995
2026-01-03 01:19:08+00:00,0.9995
2026-01-03 01:20:08+00:00,0.9995
2026-01-03 01:21:08+00:00,0.9995
2026-01-03 01:22:23+00:00,0.9995
2026-01-03 01:23:08+00:00,0.9995
2026-01-03 01:24:09+00:00,0.9995
2026-01-03 01:25:08+00:00,0.9995
2026-01-03 01:26:08+00:00,0.9995
2026-01-03 01:27:08+00:00,0.9995
2026-01-03 01:28:23+00:00,0.9995
2026-01-03 01:29:07+00:00,0.9995
2026-01-03 01:30:08+00:00,0.9995
2026-01-03 01:31:08+00:00,0.9995
2026-01-03 01:32:11+00:00,0.9995
2026-01-03 01:33:08+00:00,0.9995
2026-01-03 01:34:08+00:00,0.9995
2026-01-03 01:35:08+00:00,0.9995
