timestamp,price
2025-12-01 05:02:08+00:00,0.325
2025-12-01 05:03:08+00:00,0.325
2025-12-01 05:04:08+00:00,0.325
2025-12-01 05:05:09+00:00,0.325
2025-12-01 05:06:08+00:00,0.325
2025-12-01 05:07:08+00:00,0.325
2025-12-01 05:08:19+00:00,0.325
2025-12-01 05:09:07+00:00,0.325
2025-12-01 05:10:11+00:00,0.325
2025-12-01 05:11:07+00:00,0.325
2025-12-01 05:12:07+00:00,0.325
2025-12-01 05:13:08+00:00,0.325
2025-12-01 05:14:08+00:00,0.325
2025-12-01 05:15:09+00:00,0.325
2025-12-01 05:16:08+00:00,0.325
2025-12-01 05:17:08+00:00,0.325
2025-12-01 05:18:08+00:00,0.325
2025-12-01 05:19:08+00:00,0.325
2025-12-01 05:20:08+00:00,0.325
2025-12-01 05:21:08+00:00,0.325
2025-12-01 05:22:08+00:00,0.325
2025-12-01 05:23:08+00:00,0.325
2025-12-01 05:24:08+00:00,0.325
2025-12-01 05:25:09+00:00,0.325
2025-12-01 05:26:20+00:00,0.325
2025-12-01 05:27:08+00:00,0.325
2025-12-01 05:28:23+00:00,0.325
2025-12-01 05:29:22+00:00,0.325
2025-12-01 05:30:15+00:00,0.325
2025-12-01 05:31:22+00:00,0.325
2025-12-01 05:32:08+00:00,0.325
2025-12-01 05:33:08+00:00,0.325
2025-12-01 05:34:08+00:00,0.325
2025-12-01 05:35:08+00:00,0.325
2025-12-01 05:36:08+00:00,0.325
2025-12-01 05:37:19+00:00,0.325
2025-12-01 05:38:08+00:00,0.325
2025-12-01 05:39:08+00:00,0.325
2025-12-01 05:40:09+00:00,0.325
2025-12-01 05:41:22+00:00,0.325
2025-12-01 05:42:08+00:00,0.325
2025-12-01 05:43:08+00:00,0.325
2025-12-01 05:44:08+00:00,0.325
2025-12-01 05:45:09+00:00,0.325
2025-12-01 05:46:08+00:00,0.325
2025-12-01 05:47:08+00:00,0.325
2025-12-01 05:48:08+00:00,0.325
2025-12-01 05:49:08+00:00,0.325
2025-12-01 05:50:09+00:00,0.325
2025-12-01 05:51:08+00:00,0.325
2025-12-01 05:52:20+00:00,0.325
2025-12-01 05:53:19+00:00,0.325
2025-12-01 05:54:08+00:00,0.325
2025-12-01 05:55:12+00:00,0.325
2025-12-01 05:56:08+00:00,0.325
2025-12-01 05:57:08+00:00,0.325
2025-12-01 05:58:08+00:00,0.325
2025-12-01 05:59:08+00:00,0.325
2025-12-01 06:00:30+00:00,0.325
2025-12-01 06:01:08+00:00,0.325
2025-12-01 06:02:08+00:00,0.32
2025-12-01 06:03:08+00:00,0.32
2025-12-01 06:04:08+00:00,0.32
2025-12-01 06:05:09+00:00,0.32
2025-12-01 06:06:08+00:00,0.32
2025-12-01 06:07:07+00:00,0.32
2025-12-01 06:08:08+00:00,0.32
2025-12-01 06:09:08+00:00,0.32
2025-12-01 06:10:21+00:00,0.32
2025-12-01 06:11:08+00:00,0.32
2025-12-01 06:12:08+00:00,0.32
2025-12-01 06:13:07+00:00,0.32
2025-12-01 06:14:08+00:00,0.32
2025-12-01 06:15:22+00:00,0.32
2025-12-01 06:16:08+00:00,0.325
2025-12-01 06:17:07+00:00,0.325
2025-12-01 06:18:08+00:00,0.325
2025-12-01 06:19:08+00:00,0.325
2025-12-01 06:20:09+00:00,0.325
2025-12-01 06:21:08+00:00,0.325
2025-12-01 06:22:08+00:00,0.325
2025-12-01 06:23:08+00:00,0.325
2025-12-01 06:24:08+00:00,0.325
2025-12-01 06:25:09+00:00,0.325
2025-12-01 06:26:22+00:00,0.325
2025-12-01 06:27:08+00:00,0.325
2025-12-01 06:28:08+00:00,0.325
2025-12-01 06:29:08+00:00,0.325
2025-12-01 06:30:16+00:00,0.325
2025-12-01 06:31:08+00:00,0.325
2025-12-01 06:32:19+00:00,0.325
2025-12-01 06:33:08+00:00,0.325
2025-12-01 06:34:08+00:00,0.325
2025-12-01 06:35:25+00:00,0.325
2025-12-01 06:36:08+00:00,0.325
2025-12-01 06:37:08+00:00,0.325
2025-12-01 06:38:08+00:00,0.325
2025-12-01 06:39:08+00:00,0.325
2025-12-01 06:40:09+00:00,0.325
2025-12-01 06:41:08+00:00,0.325
2025-12-01 06:42:08+00:00,0.325
2025-12-01 06:43:08+00:00,0.325
2025-12-01 06:44:08+00:00,0.325
2025-12-01 06:45:09+00:00,0.325
2025-12-01 06:46:08+00:00,0.325
2025-12-01 06:47:08+00:00,0.325
2025-12-01 06:48:08+00:00,0.325
2025-12-01 06:49:08+00:00,0.325
2025-12-01 06:50:08+00:00,0.325
2025-12-01 06:51:08+00:00,0.325
2025-12-01 06:52:08+00:00,0.325
2025-12-01 06:53:08+00:00,0.325
2025-12-01 06:54:08+00:00,0.325
2025-12-01 06:55:09+00:00,0.325
2025-12-01 06:56:08+00:00,0.325
2025-12-01 06:57:08+00:00,0.325
2025-12-01 06:58:08+00:00,0.325
2025-12-01 06:59:08+00:00,0.325
2025-12-01 07:00:30+00:00,0.325
2025-12-01 07:01:08+00:00,0.325
2025-12-01 07:02:09+00:00,0.325
2025-12-01 07:03:08+00:00,0.325
2025-12-01 07:04:22+00:00,0.325
2025-12-01 07:05:09+00:00,0.325
2025-12-01 07:06:08+00:00,0.325
2025-12-01 07:07:08+00:00,0.325
2025-12-01 07:08:08+00:00,0.325
2025-12-01 07:09:08+00:00,0.325
2025-12-01 07:10:09+00:00,0.325
2025-12-01 07:11:08+00:00,0.325
2025-12-01 07:12:08+00:00,0.325
2025-12-01 07:13:23+00:00,0.325
2025-12-01 07:14:08+00:00,0.325
2025-12-01 07:15:09+00:00,0.315
2025-12-01 07:16:11+00:00,0.315
2025-12-01 07:17:08+00:00,0.315
2025-12-01 07:18:08+00:00,0.315
2025-12-01 07:19:08+00:00,0.31
2025-12-01 07:20:22+00:00,0.31
2025-12-01 07:21:07+00:00,0.31
2025-12-01 07:22:08+00:00,0.31
2025-12-01 07:23:07+00:00,0.31
2025-12-01 07:24:08+00:00,0.31
2025-12-01 07:25:08+00:00,0.31
2025-12-01 07:26:21+00:00,0.31
2025-12-01 07:27:08+00:00,0.31
2025-12-01 07:28:07+00:00,0.31
2025-12-01 07:29:08+00:00,0.31
2025-12-01 07:30:16+00:00,0.31
2025-12-01 07:31:08+00:00,0.31
2025-12-01 07:32:08+00:00,0.31
2025-12-01 07:33:08+00:00,0.31
2025-12-01 07:34:08+00:00,0.31
2025-12-01 07:35:09+00:00,0.31
2025-12-01 07:36:09+00:00,0.31
2025-12-01 07:37:21+00:00,0.31
2025-12-01 07:38:08+00:00,0.31
2025-12-01 07:39:08+00:00,0.31
2025-12-01 07:40:09+00:00,0.31
2025-12-01 07:41:08+00:00,0.31
2025-12-01 07:42:08+00:00,0.31
2025-12-01 07:43:08+00:00,0.31
2025-12-01 07:44:08+00:00,0.31
2025-12-01 07:45:09+00:00,0.31
2025-12-01 07:46:08+00:00,0.31
2025-12-01 07:47:08+00:00,0.31
2025-12-01 07:48:08+00:00,0.31
2025-12-01 07:49:08+00:00,0.31
2025-12-01 07:50:08+00:00,0.31
2025-12-01 07:51:08+00:00,0.31
2025-12-01 07:52:20+00:00,0.31
2025-12-01 07:53:08+00:00,0.31
2025-12-01 07:54:08+00:00,0.31
2025-12-01 07:55:24+00:00,0.31
2025-12-01 07:56:07+00:00,0.31
2025-12-01 07:57:08+00:00,0.31
2025-12-01 07:58:08+00:00,0.31
2025-12-01 07:59:08+00:00,0.31
2025-12-01 08:00:27+00:00,0.31
2025-12-01 08:01:23+00:00,0.31
2025-12-01 08:02:08+00:00,0.31
2025-12-01 08:03:08+00:00,0.31
2025-12-01 08:04:08+00:00,0.31
2025-12-01 08:05:09+00:00,0.31
2025-12-01 08:06:08+00:00,0.31
2025-12-01 08:07:08+00:00,0.31
2025-12-01 08:08:08+00:00,0.31
2025-12-01 08:09:18+00:00,0.31
2025-12-01 08:10:22+00:00,0.31
2025-12-01 08:11:08+00:00,0.31
2025-12-01 08:12:07+00:00,0.31
2025-12-01 08:13:08+00:00,0.31
2025-12-01 08:14:07+00:00,0.31
2025-12-01 08:15:22+00:00,0.31
2025-12-01 08:16:19+00:00,0.31
2025-12-01 08:17:07+00:00,0.31
2025-12-01 08:18:08+00:00,0.31
2025-12-01 08:19:07+00:00,0.31
2025-12-01 08:20:21+00:00,0.31
2025-12-01 08:21:08+00:00,0.315
2025-12-01 08:22:08+00:00,0.315
2025-12-01 08:23:07+00:00,0.315
2025-12-01 08:24:07+00:00,0.315
2025-12-01 08:25:19+00:00,0.315
2025-12-01 08:26:20+00:00,0.315
2025-12-01 08:27:09+00:00,0.315
2025-12-01 08:28:08+00:00,0.315
2025-12-01 08:29:08+00:00,0.315
2025-12-01 08:30:15+00:00,0.315
2025-12-01 08:31:08+00:00,0.315
2025-12-01 08:32:08+00:00,0.315
2025-12-01 08:33:08+00:00,0.315
2025-12-01 08:34:08+00:00,0.315
2025-12-01 08:35:08+00:00,0.31
2025-12-01 08:36:10+00:00,0.31
2025-12-01 08:37:07+00:00,0.31
2025-12-01 08:38:08+00:00,0.31
2025-12-01 08:39:07+00:00,0.31
2025-12-01 08:40:08+00:00,0.31
2025-12-01 08:41:07+00:00,0.31
2025-12-01 08:42:07+00:00,0.31
2025-12-01 08:43:07+00:00,0.31
2025-12-01 08:44:07+00:00,0.31
2025-12-01 08:45:09+00:00,0.31
2025-12-01 08:46:08+00:00,0.31
2025-12-01 08:47:07+00:00,0.31
2025-12-01 08:48:08+00:00,0.31
2025-12-01 08:49:07+00:00,0.31
2025-12-01 08:50:23+00:00,0.31
2025-12-01 08:51:07+00:00,0.31
2025-12-01 08:52:20+00:00,0.31
2025-12-01 08:53:09+00:00,0.31
2025-12-01 08:54:08+00:00,0.31
2025-12-01 08:55:11+00:00,0.31
2025-12-01 08:56:07+00:00,0.31
2025-12-01 08:57:07+00:00,0.31
2025-12-01 08:58:08+00:00,0.31
2025-12-01 08:59:08+00:00,0.31
2025-12-01 09:00:43+00:00,0.31
2025-12-01 09:01:22+00:00,0.31
2025-12-01 09:02:08+00:00,0.31
2025-12-01 09:03:08+00:00,0.31
2025-12-01 09:04:08+00:00,0.31
2025-12-01 09:05:09+00:00,0.31
2025-12-01 09:06:08+00:00,0.31
2025-12-01 09:07:07+00:00,0.31
2025-12-01 09:08:07+00:00,0.31
2025-12-01 09:09:08+00:00,0.26
2025-12-01 09:10:08+00:00,0.26
2025-12-01 09:11:07+00:00,0.26
2025-12-01 09:12:08+00:00,0.26
2025-12-01 09:13:08+00:00,0.26
2025-12-01 09:14:08+00:00,0.26
2025-12-01 09:15:09+00:00,0.26
2025-12-01 09:16:08+00:00,0.26
2025-12-01 09:17:08+00:00,0.26
2025-12-01 09:18:08+00:00,0.26
2025-12-01 09:19:08+00:00,0.26
2025-12-01 09:20:08+00:00,0.26
2025-12-01 09:21:08+00:00,0.255
2025-12-01 09:22:07+00:00,0.255
2025-12-01 09:23:08+00:00,0.255
2025-12-01 09:24:08+00:00,0.255
2025-12-01 09:25:09+00:00,0.255
2025-12-01 09:26:21+00:00,0.255
2025-12-01 09:27:07+00:00,0.255
2025-12-01 09:28:08+00:00,0.255
2025-12-01 09:29:07+00:00,0.255
2025-12-01 09:30:15+00:00,0.255
2025-12-01 09:31:08+00:00,0.255
2025-12-01 09:32:08+00:00,0.255
2025-12-01 09:33:08+00:00,0.255
2025-12-01 09:34:08+00:00,0.255
2025-12-01 09:35:09+00:00,0.255
2025-12-01 09:36:07+00:00,0.255
2025-12-01 09:37:07+00:00,0.255
2025-12-01 09:38:19+00:00,0.255
2025-12-01 09:39:08+00:00,0.255
2025-12-01 09:40:08+00:00,0.255
2025-12-01 09:41:08+00:00,0.255
2025-12-01 09:42:10+00:00,0.255
2025-12-01 09:43:08+00:00,0.255
2025-12-01 09:44:07+00:00,0.255
2025-12-01 09:45:09+00:00,0.255
2025-12-01 09:46:08+00:00,0.255
2025-12-01 09:47:08+00:00,0.255
2025-12-01 09:48:08+00:00,0.255
2025-12-01 09:49:07+00:00,0.255
2025-12-01 09:50:09+00:00,0.255
2025-12-01 09:51:22+00:00,0.255
2025-12-01 09:52:21+00:00,0.255
2025-12-01 09:53:07+00:00,0.255
2025-12-01 09:54:07+00:00,0.255
2025-12-01 09:55:12+00:00,0.255
2025-12-01 09:56:08+00:00,0.255
2025-12-01 09:57:08+00:00,0.255
2025-12-01 09:58:08+00:00,0.255
2025-12-01 09:59:08+00:00,0.255
2025-12-01 10:00:43+00:00,0.255
2025-12-01 10:01:08+00:00,0.255
2025-12-01 10:02:10+00:00,0.255
2025-12-01 10:03:08+00:00,0.255
2025-12-01 10:04:08+00:00,0.255
2025-12-01 10:05:09+00:00,0.255
2025-12-01 10:06:08+00:00,0.255
2025-12-01 10:07:08+00:00,0.255
2025-12-01 10:08:08+00:00,0.255
2025-12-01 10:09:08+00:00,0.255
2025-12-01 10:10:08+00:00,0.255
2025-12-01 10:11:08+00:00,0.255
2025-12-01 10:12:08+00:00,0.255
2025-12-01 10:13:08+00:00,0.255
2025-12-01 10:14:08+00:00,0.255
2025-12-01 10:15:08+00:00,0.255
2025-12-01 10:16:08+00:00,0.255
2025-12-01 10:17:08+00:00,0.255
2025-12-01 10:18:08+00:00,0.255
2025-12-01 10:19:08+00:00,0.255
2025-12-01 10:20:09+00:00,0.255
2025-12-01 10:21:07+00:00,0.255
2025-12-01 10:22:08+00:00,0.255
2025-12-01 10:23:08+00:00,0.255
2025-12-01 10:24:21+00:00,0.255
2025-12-01 10:25:08+00:00,0.255
2025-12-01 10:26:17+00:00,0.255
2025-12-01 10:27:11+00:00,0.255
2025-12-01 10:28:08+00:00,0.255
2025-12-01 10:29:07+00:00,0.255
2025-12-01 10:30:15+00:00,0.255
2025-12-01 10:31:07+00:00,0.255
2025-12-01 10:32:07+00:00,0.255
2025-12-01 10:33:08+00:00,0.255
2025-12-01 10:34:07+00:00,0.255
2025-12-01 10:35:08+00:00,0.255
2025-12-01 10:36:08+00:00,0.255
2025-12-01 10:37:08+00:00,0.255
2025-12-01 10:38:08+00:00,0.255
2025-12-01 10:39:07+00:00,0.255
2025-12-01 10:40:09+00:00,0.255
2025-12-01 10:41:07+00:00,0.255
2025-12-01 10:42:08+00:00,0.255
2025-12-01 10:43:07+00:00,0.255
2025-12-01 10:44:08+00:00,0.255
2025-12-01 10:45:08+00:00,0.255
2025-12-01 10:46:08+00:00,0.255
2025-12-01 10:47:07+00:00,0.255
2025-12-01 10:48:08+00:00,0.255
2025-12-01 10:49:07+00:00,0.255
2025-12-01 10:50:20+00:00,0.255
2025-12-01 10:51:08+00:00,0.255
2025-12-01 10:52:14+00:00,0.255
2025-12-01 10:53:13+00:00,0.255
2025-12-01 10:54:08+00:00,0.255
2025-12-01 10:55:25+00:00,0.255
2025-12-01 10:56:08+00:00,0.255
2025-12-01 10:57:07+00:00,0.255
2025-12-01 10:58:08+00:00,0.255
2025-12-01 10:59:07+00:00,0.255
2025-12-01 11:00:28+00:00,0.255
2025-12-01 11:01:08+00:00,0.255
2025-12-01 11:02:09+00:00,0.255
2025-12-01 11:03:08+00:00,0.255
2025-12-01 11:04:21+00:00,0.255
2025-12-01 11:05:09+00:00,0.255
2025-12-01 11:06:08+00:00,0.255
2025-12-01 11:07:07+00:00,0.255
2025-12-01 11:08:08+00:00,0.255
2025-12-01 11:09:08+00:00,0.255
2025-12-01 11:10:09+00:00,0.255
2025-12-01 11:11:08+00:00,0.255
2025-12-01 11:12:08+00:00,0.255
2025-12-01 11:13:07+00:00,0.255
2025-12-01 11:14:08+00:00,0.255
2025-12-01 11:15:08+00:00,0.255
2025-12-01 11:16:08+00:00,0.255
2025-12-01 11:17:08+00:00,0.255
2025-12-01 11:18:07+00:00,0.255
2025-12-01 11:19:08+00:00,0.255
2025-12-01 11:20:19+00:00,0.255
2025-12-01 11:21:07+00:00,0.255
2025-12-01 11:22:07+00:00,0.255
2025-12-01 11:23:07+00:00,0.255
2025-12-01 11:24:08+00:00,0.255
2025-12-01 11:25:23+00:00,0.255
2025-12-01 11:26:21+00:00,0.255
2025-12-01 11:27:08+00:00,0.255
2025-12-01 11:28:07+00:00,0.255
2025-12-01 11:29:07+00:00,0.255
2025-12-01 11:30:30+00:00,0.255
2025-12-01 11:31:07+00:00,0.255
2025-12-01 11:32:08+00:00,0.255
2025-12-01 11:33:08+00:00,0.255
2025-12-01 11:34:07+00:00,0.255
2025-12-01 11:35:09+00:00,0.255
2025-12-01 11:36:08+00:00,0.255
2025-12-01 11:37:07+00:00,0.255
2025-12-01 11:38:07+00:00,0.255
2025-12-01 11:39:07+00:00,0.255
2025-12-01 11:40:20+00:00,0.255
2025-12-01 11:41:07+00:00,0.255
2025-12-01 11:42:08+00:00,0.255
2025-12-01 11:43:07+00:00,0.255
2025-12-01 11:44:22+00:00,0.255
2025-12-01 11:45:08+00:00,0.255
2025-12-01 11:46:08+00:00,0.255
2025-12-01 11:47:07+00:00,0.255
2025-12-01 11:48:07+00:00,0.255
2025-12-01 11:49:07+00:00,0.255
2025-12-01 11:50:09+00:00,0.255
2025-12-01 11:51:07+00:00,0.255
2025-12-01 11:52:21+00:00,0.255
2025-12-01 11:53:07+00:00,0.255
2025-12-01 11:54:08+00:00,0.255
2025-12-01 11:55:24+00:00,0.255
2025-12-01 11:56:08+00:00,0.255
2025-12-01 11:57:07+00:00,0.255
2025-12-01 11:58:07+00:00,0.255
2025-12-01 11:59:07+00:00,0.255
2025-12-01 12:00:44+00:00,0.255
2025-12-01 12:01:07+00:00,0.255
2025-12-01 12:02:08+00:00,0.255
2025-12-01 12:03:08+00:00,0.255
2025-12-01 12:04:08+00:00,0.255
2025-12-01 12:05:08+00:00,0.255
2025-12-01 12:06:07+00:00,0.255
2025-12-01 12:07:07+00:00,0.255
2025-12-01 12:08:26+00:00,0.255
2025-12-01 12:09:07+00:00,0.255
2025-12-01 12:10:08+00:00,0.255
2025-12-01 12:11:08+00:00,0.255
2025-12-01 12:12:08+00:00,0.255
2025-12-01 12:13:08+00:00,0.255
2025-12-01 12:14:08+00:00,0.255
2025-12-01 12:15:09+00:00,0.255
2025-12-01 12:16:08+00:00,0.255
2025-12-01 12:17:08+00:00,0.255
2025-12-01 12:18:08+00:00,0.255
2025-12-01 12:19:08+00:00,0.255
2025-12-01 12:20:14+00:00,0.255
2025-12-01 12:21:07+00:00,0.255
2025-12-01 12:22:08+00:00,0.255
2025-12-01 12:23:07+00:00,0.255
2025-12-01 12:24:08+00:00,0.255
2025-12-01 12:25:09+00:00,0.255
2025-12-01 12:26:21+00:00,0.255
2025-12-01 12:27:08+00:00,0.255
2025-12-01 12:28:09+00:00,0.255
2025-12-01 12:29:08+00:00,0.255
2025-12-01 12:30:14+00:00,0.255
2025-12-01 12:31:08+00:00,0.255
2025-12-01 12:32:22+00:00,0.255
2025-12-01 12:33:08+00:00,0.255
2025-12-01 12:34:08+00:00,0.255
2025-12-01 12:35:21+00:00,0.255
2025-12-01 12:36:07+00:00,0.255
2025-12-01 12:37:08+00:00,0.255
2025-12-01 12:38:08+00:00,0.255
2025-12-01 12:39:08+00:00,0.255
2025-12-01 12:40:09+00:00,0.255
2025-12-01 12:41:07+00:00,0.255
2025-12-01 12:42:08+00:00,0.255
2025-12-01 12:43:08+00:00,0.255
2025-12-01 12:44:08+00:00,0.255
2025-12-01 12:45:24+00:00,0.255
2025-12-01 12:46:08+00:00,0.255
2025-12-01 12:47:07+00:00,0.255
2025-12-01 12:48:08+00:00,0.255
2025-12-01 12:49:08+00:00,0.255
2025-12-01 12:50:08+00:00,0.255
2025-12-01 12:51:08+00:00,0.255
2025-12-01 12:52:20+00:00,0.255
2025-12-01 12:53:08+00:00,0.255
2025-12-01 12:54:21+00:00,0.255
2025-12-01 12:55:11+00:00,0.255
2025-12-01 12:56:08+00:00,0.255
2025-12-01 12:57:08+00:00,0.255
2025-12-01 12:58:07+00:00,0.255
2025-12-01 12:59:07+00:00,0.255
2025-12-01 13:00:27+00:00,0.255
2025-12-01 13:01:08+00:00,0.255
2025-12-01 13:02:08+00:00,0.255
2025-12-01 13:03:08+00:00,0.255
2025-12-01 13:04:08+00:00,0.255
2025-12-01 13:05:09+00:00,0.255
2025-12-01 13:06:07+00:00,0.255
2025-12-01 13:07:07+00:00,0.255
2025-12-01 13:08:08+00:00,0.255
2025-12-01 13:09:08+00:00,0.255
2025-12-01 13:10:22+00:00,0.255
2025-12-01 13:11:07+00:00,0.255
2025-12-01 13:12:07+00:00,0.255
2025-12-01 13:13:07+00:00,0.255
2025-12-01 13:14:08+00:00,0.255
2025-12-01 13:15:08+00:00,0.255
2025-12-01 13:16:08+00:00,0.255
2025-12-01 13:17:08+00:00,0.255
2025-12-01 13:18:08+00:00,0.255
2025-12-01 13:19:08+00:00,0.255
2025-12-01 13:20:23+00:00,0.255
2025-12-01 13:21:07+00:00,0.255
2025-12-01 13:22:08+00:00,0.255
2025-12-01 13:23:07+00:00,0.255
2025-12-01 13:24:07+00:00,0.255
2025-12-01 13:25:09+00:00,0.255
2025-12-01 13:26:17+00:00,0.255
2025-12-01 13:27:11+00:00,0.255
2025-12-01 13:28:09+00:00,0.255
2025-12-01 13:29:07+00:00,0.255
2025-12-01 13:30:16+00:00,0.255
2025-12-01 13:31:07+00:00,0.255
2025-12-01 13:32:08+00:00,0.255
2025-12-01 13:33:07+00:00,0.255
2025-12-01 13:34:08+00:00,0.255
2025-12-01 13:35:22+00:00,0.255
2025-12-01 13:36:08+00:00,0.255
2025-12-01 13:37:07+00:00,0.255
2025-12-01 13:38:08+00:00,0.255
2025-12-01 13:39:20+00:00,0.255
2025-12-01 13:40:09+00:00,0.255
2025-12-01 13:41:07+00:00,0.255
2025-12-01 13:42:08+00:00,0.255
2025-12-01 13:43:08+00:00,0.255
2025-12-01 13:44:08+00:00,0.255
2025-12-01 13:45:21+00:00,0.255
2025-12-01 13:46:08+00:00,0.255
2025-12-01 13:47:07+00:00,0.255
2025-12-01 13:48:08+00:00,0.255
2025-12-01 13:49:08+00:00,0.255
2025-12-01 13:50:24+00:00,0.255
2025-12-01 13:51:07+00:00,0.3
2025-12-01 13:52:18+00:00,0.3
2025-12-01 13:53:11+00:00,0.3
2025-12-01 13:54:08+00:00,0.3
2025-12-01 13:55:27+00:00,0.3
2025-12-01 13:56:08+00:00,0.3
2025-12-01 13:57:08+00:00,0.3
2025-12-01 13:58:08+00:00,0.3
2025-12-01 13:59:07+00:00,0.3
2025-12-01 14:00:29+00:00,0.3
2025-12-01 14:01:21+00:00,0.3
2025-12-01 14:02:08+00:00,0.3
2025-12-01 14:03:08+00:00,0.3
2025-12-01 14:04:08+00:00,0.3
2025-12-01 14:05:09+00:00,0.3
2025-12-01 14:06:08+00:00,0.3
2025-12-01 14:07:08+00:00,0.3
2025-12-01 14:08:08+00:00,0.3
2025-12-01 14:09:07+00:00,0.3
2025-12-01 14:10:22+00:00,0.3
2025-12-01 14:11:07+00:00,0.305
2025-12-01 14:12:07+00:00,0.305
2025-12-01 14:13:08+00:00,0.305
2025-12-01 14:14:08+00:00,0.305
2025-12-01 14:15:08+00:00,0.305
2025-12-01 14:16:07+00:00,0.305
2025-12-01 14:17:08+00:00,0.305
2025-12-01 14:18:08+00:00,0.305
2025-12-01 14:19:08+00:00,0.305
2025-12-01 14:20:09+00:00,0.305
2025-12-01 14:21:08+00:00,0.305
2025-12-01 14:22:07+00:00,0.305
2025-12-01 14:23:08+00:00,0.305
2025-12-01 14:24:08+00:00,0.305
2025-12-01 14:25:09+00:00,0.305
2025-12-01 14:26:33+00:00,0.305
2025-12-01 14:27:07+00:00,0.305
2025-12-01 14:28:07+00:00,0.305
2025-12-01 14:29:08+00:00,0.305
2025-12-01 14:30:15+00:00,0.305
2025-12-01 14:31:08+00:00,0.305
2025-12-01 14:32:07+00:00,0.305
2025-12-01 14:33:08+00:00,0.305
2025-12-01 14:34:10+00:00,0.305
2025-12-01 14:35:09+00:00,0.305
2025-12-01 14:36:08+00:00,0.305
2025-12-01 14:37:08+00:00,0.305
2025-12-01 14:38:08+00:00,0.305
2025-12-01 14:39:08+00:00,0.305
2025-12-01 14:40:09+00:00,0.305
2025-12-01 14:41:07+00:00,0.305
2025-12-01 14:42:07+00:00,0.305
2025-12-01 14:43:08+00:00,0.305
2025-12-01 14:44:08+00:00,0.305
2025-12-01 14:45:08+00:00,0.305
2025-12-01 14:46:08+00:00,0.305
2025-12-01 14:47:07+00:00,0.305
2025-12-01 14:48:08+00:00,0.305
2025-12-01 14:49:07+00:00,0.305
2025-12-01 14:50:09+00:00,0.305
2025-12-01 14:51:08+00:00,0.305
2025-12-01 14:52:21+00:00,0.305
2025-12-01 14:53:08+00:00,0.305
2025-12-01 14:54:10+00:00,0.305
2025-12-01 14:55:11+00:00,0.305
2025-12-01 14:56:08+00:00,0.305
2025-12-01 14:57:08+00:00,0.32
2025-12-01 14:58:21+00:00,0.32
2025-12-01 14:59:08+00:00,0.32
2025-12-01 15:00:42+00:00,0.32
2025-12-01 15:01:20+00:00,0.32
2025-12-01 15:02:08+00:00,0.32
2025-12-01 15:03:08+00:00,0.32
2025-12-01 15:04:08+00:00,0.32
2025-12-01 15:05:09+00:00,0.32
2025-12-01 15:06:08+00:00,0.32
2025-12-01 15:07:08+00:00,0.32
2025-12-01 15:08:08+00:00,0.32
2025-12-01 15:09:08+00:00,0.32
2025-12-01 15:10:09+00:00,0.32
2025-12-01 15:11:08+00:00,0.32
2025-12-01 15:12:08+00:00,0.32
2025-12-01 15:13:08+00:00,0.32
2025-12-01 15:14:08+00:00,0.32
2025-12-01 15:15:09+00:00,0.32
2025-12-01 15:16:08+00:00,0.32
2025-12-01 15:17:08+00:00,0.32
2025-12-01 15:18:08+00:00,0.32
2025-12-01 15:19:08+00:00,0.32
2025-12-01 15:20:09+00:00,0.32
2025-12-01 15:21:08+00:00,0.32
2025-12-01 15:22:08+00:00,0.32
2025-12-01 15:23:08+00:00,0.32
2025-12-01 15:24:08+00:00,0.32
2025-12-01 15:25:08+00:00,0.32
2025-12-01 15:26:20+00:00,0.32
2025-12-01 15:27:08+00:00,0.325
2025-12-01 15:28:08+00:00,0.325
2025-12-01 15:29:08+00:00,0.325
2025-12-01 15:30:30+00:00,0.325
2025-12-01 15:31:08+00:00,0.325
2025-12-01 15:32:08+00:00,0.325
2025-12-01 15:33:08+00:00,0.32
2025-12-01 15:34:08+00:00,0.32
2025-12-01 15:35:09+00:00,0.32
2025-12-01 15:36:08+00:00,0.32
2025-12-01 15:37:08+00:00,0.32
2025-12-01 15:38:08+00:00,0.32
2025-12-01 15:39:08+00:00,0.32
2025-12-01 15:40:08+00:00,0.32
2025-12-01 15:41:19+00:00,0.32
2025-12-01 15:42:08+00:00,0.32
2025-12-01 15:43:07+00:00,0.32
2025-12-01 15:44:08+00:00,0.32
2025-12-01 15:45:09+00:00,0.32
2025-12-01 15:46:08+00:00,0.32
2025-12-01 15:47:08+00:00,0.32
2025-12-01 15:48:08+00:00,0.32
2025-12-01 15:49:08+00:00,0.32
2025-12-01 15:50:24+00:00,0.32
2025-12-01 15:51:08+00:00,0.32
2025-12-01 15:52:21+00:00,0.32
2025-12-01 15:53:08+00:00,0.32
2025-12-01 15:54:10+00:00,0.32
2025-12-01 15:55:12+00:00,0.32
2025-12-01 15:56:07+00:00,0.32
2025-12-01 15:57:08+00:00,0.32
2025-12-01 15:58:08+00:00,0.32
2025-12-01 15:59:08+00:00,0.32
2025-12-01 16:00:40+00:00,0.32
2025-12-01 16:01:08+00:00,0.32
2025-12-01 16:02:08+00:00,0.32
2025-12-01 16:03:08+00:00,0.32
2025-12-01 16:04:08+00:00,0.32
2025-12-01 16:05:22+00:00,0.32
2025-12-01 16:06:08+00:00,0.32
2025-12-01 16:07:07+00:00,0.32
2025-12-01 16:08:08+00:00,0.32
2025-12-01 16:09:07+00:00,0.32
2025-12-01 16:10:08+00:00,0.32
2025-12-01 16:11:08+00:00,0.32
2025-12-01 16:12:08+00:00,0.32
2025-12-01 16:13:07+00:00,0.32
2025-12-01 16:14:08+00:00,0.32
2025-12-01 16:15:20+00:00,0.32
2025-12-01 16:16:08+00:00,0.32
2025-12-01 16:17:08+00:00,0.32
2025-12-01 16:18:08+00:00,0.32
2025-12-01 16:19:08+00:00,0.32
2025-12-01 16:20:22+00:00,0.32
2025-12-01 16:21:08+00:00,0.32
2025-12-01 16:22:08+00:00,0.32
2025-12-01 16:23:08+00:00,0.32
2025-12-01 16:24:08+00:00,0.32
2025-12-01 16:25:20+00:00,0.32
2025-12-01 16:26:24+00:00,0.32
2025-12-01 16:27:22+00:00,0.32
2025-12-01 16:28:08+00:00,0.32
2025-12-01 16:29:08+00:00,0.32
2025-12-01 16:30:15+00:00,0.32
2025-12-01 16:31:08+00:00,0.32
2025-12-01 16:32:08+00:00,0.32
2025-12-01 16:33:21+00:00,0.32
2025-12-01 16:34:08+00:00,0.32
2025-12-01 16:35:09+00:00,0.32
2025-12-01 16:36:07+00:00,0.32
2025-12-01 16:37:08+00:00,0.32
2025-12-01 16:38:08+00:00,0.32
2025-12-01 16:39:08+00:00,0.32
2025-12-01 16:40:09+00:00,0.32
2025-12-01 16:41:07+00:00,0.32
2025-12-01 16:42:08+00:00,0.32
2025-12-01 16:43:08+00:00,0.32
2025-12-01 16:44:09+00:00,0.32
2025-12-01 16:45:09+00:00,0.32
2025-12-01 16:46:08+00:00,0.32
2025-12-01 16:47:08+00:00,0.32
2025-12-01 16:48:09+00:00,0.32
2025-12-01 16:49:08+00:00,0.32
2025-12-01 16:50:09+00:00,0.32
2025-12-01 16:51:08+00:00,0.32
2025-12-01 16:52:22+00:00,0.32
2025-12-01 16:53:07+00:00,0.32
2025-12-01 16:54:08+00:00,0.32
2025-12-01 16:55:11+00:00,0.32
2025-12-01 16:56:08+00:00,0.32
2025-12-01 16:57:08+00:00,0.32
2025-12-01 16:58:08+00:00,0.32
2025-12-01 16:59:08+00:00,0.32
2025-12-01 17:00:30+00:00,0.32
2025-12-01 17:01:08+00:00,0.32
2025-12-01 17:02:08+00:00,0.32
2025-12-01 17:03:08+00:00,0.32
2025-12-01 17:04:08+00:00,0.32
2025-12-01 17:05:09+00:00,0.32
2025-12-01 17:06:18+00:00,0.32
2025-12-01 17:07:08+00:00,0.32
2025-12-01 17:08:08+00:00,0.32
2025-12-01 17:09:08+00:00,0.32
2025-12-01 17:10:09+00:00,0.32
2025-12-01 17:11:08+00:00,0.32
2025-12-01 17:12:08+00:00,0.32
2025-12-01 17:13:08+00:00,0.32
2025-12-01 17:14:08+00:00,0.32
2025-12-01 17:15:23+00:00,0.32
2025-12-01 17:16:08+00:00,0.32
2025-12-01 17:17:08+00:00,0.32
2025-12-01 17:18:09+00:00,0.32
2025-12-01 17:19:08+00:00,0.32
2025-12-01 17:20:11+00:00,0.32
2025-12-01 17:21:08+00:00,0.32
2025-12-01 17:22:08+00:00,0.32
2025-12-01 17:23:08+00:00,0.32
2025-12-01 17:24:08+00:00,0.32
2025-12-01 17:25:10+00:00,0.32
2025-12-01 17:26:21+00:00,0.32
2025-12-01 17:27:08+00:00,0.32
2025-12-01 17:28:08+00:00,0.32
2025-12-01 17:29:08+00:00,0.32
2025-12-01 17:30:31+00:00,0.32
2025-12-01 17:31:08+00:00,0.32
2025-12-01 17:32:08+00:00,0.32
2025-12-01 17:33:08+00:00,0.32
2025-12-01 17:34:09+00:00,0.32
2025-12-01 17:35:09+00:00,0.32
2025-12-01 17:36:08+00:00,0.32
2025-12-01 17:37:08+00:00,0.32
2025-12-01 17:38:08+00:00,0.32
2025-12-01 17:39:08+00:00,0.32
2025-12-01 17:40:09+00:00,0.32
2025-12-01 17:41:08+00:00,0.32
2025-12-01 17:42:08+00:00,0.32
2025-12-01 17:43:08+00:00,0.32
2025-12-01 17:44:22+00:00,0.32
2025-12-01 17:45:20+00:00,0.32
2025-12-01 17:46:08+00:00,0.32
2025-12-01 17:47:08+00:00,0.32
2025-12-01 17:48:08+00:00,0.32
2025-12-01 17:49:08+00:00,0.32
2025-12-01 17:50:08+00:00,0.32
2025-12-01 17:51:08+00:00,0.32
2025-12-01 17:52:20+00:00,0.32
2025-12-01 17:53:08+00:00,0.32
2025-12-01 17:54:08+00:00,0.32
2025-12-01 17:55:26+00:00,0.32
2025-12-01 17:56:08+00:00,0.315
2025-12-01 17:57:08+00:00,0.315
2025-12-01 17:58:08+00:00,0.315
2025-12-01 17:59:08+00:00,0.315
2025-12-01 18:00:43+00:00,0.315
2025-12-01 18:01:08+00:00,0.315
2025-12-01 18:02:08+00:00,0.315
2025-12-01 18:03:08+00:00,0.315
2025-12-01 18:04:08+00:00,0.315
2025-12-01 18:05:23+00:00,0.315
2025-12-01 18:06:08+00:00,0.315
2025-12-01 18:07:07+00:00,0.315
2025-12-01 18:08:08+00:00,0.315
2025-12-01 18:09:08+00:00,0.315
2025-12-01 18:10:09+00:00,0.315
2025-12-01 18:11:08+00:00,0.315
2025-12-01 18:12:08+00:00,0.315
2025-12-01 18:13:08+00:00,0.315
2025-12-01 18:14:08+00:00,0.315
2025-12-01 18:15:09+00:00,0.315
2025-12-01 18:16:19+00:00,0.315
2025-12-01 18:17:08+00:00,0.315
2025-12-01 18:18:08+00:00,0.315
2025-12-01 18:19:08+00:00,0.315
2025-12-01 18:20:11+00:00,0.315
2025-12-01 18:21:08+00:00,0.315
2025-12-01 18:22:08+00:00,0.315
2025-12-01 18:23:08+00:00,0.315
2025-12-01 18:24:08+00:00,0.315
2025-12-01 18:25:23+00:00,0.315
2025-12-01 18:26:08+00:00,0.315
2025-12-01 18:27:21+00:00,0.315
2025-12-01 18:28:09+00:00,0.315
2025-12-01 18:29:22+00:00,0.315
2025-12-01 18:30:31+00:00,0.315
2025-12-01 18:31:08+00:00,0.315
2025-12-01 18:32:08+00:00,0.315
2025-12-01 18:33:08+00:00,0.315
2025-12-01 18:34:08+00:00,0.32
2025-12-01 18:35:27+00:00,0.32
2025-12-01 18:36:08+00:00,0.32
2025-12-01 18:37:09+00:00,0.32
2025-12-01 18:38:08+00:00,0.32
2025-12-01 18:39:08+00:00,0.32
2025-12-01 18:40:09+00:00,0.32
2025-12-01 18:41:08+00:00,0.32
2025-12-01 18:42:08+00:00,0.32
2025-12-01 18:43:08+00:00,0.32
2025-12-01 18:44:08+00:00,0.32
2025-12-01 18:45:09+00:00,0.32
2025-12-01 18:46:08+00:00,0.32
2025-12-01 18:47:08+00:00,0.32
2025-12-01 18:48:08+00:00,0.32
2025-12-01 18:49:08+00:00,0.32
2025-12-01 18:50:09+00:00,0.32
2025-12-01 18:51:08+00:00,0.32
2025-12-01 18:52:08+00:00,0.32
2025-12-01 18:53:21+00:00,0.32
2025-12-01 18:54:08+00:00,0.32
2025-12-01 18:55:12+00:00,0.32
2025-12-01 18:56:08+00:00,0.32
2025-12-01 18:57:08+00:00,0.315
2025-12-01 18:58:08+00:00,0.315
2025-12-01 18:59:08+00:00,0.315
2025-12-01 19:00:30+00:00,0.315
2025-12-01 19:01:08+00:00,0.315
2025-12-01 19:02:08+00:00,0.315
2025-12-01 19:03:08+00:00,0.315
2025-12-01 19:04:08+00:00,0.315
2025-12-01 19:05:09+00:00,0.315
2025-12-01 19:06:08+00:00,0.315
2025-12-01 19:07:09+00:00,0.315
2025-12-01 19:08:08+00:00,0.315
2025-12-01 19:09:08+00:00,0.315
2025-12-01 19:10:09+00:00,0.315
2025-12-01 19:11:08+00:00,0.315
2025-12-01 19:12:08+00:00,0.315
2025-12-01 19:13:08+00:00,0.315
2025-12-01 19:14:08+00:00,0.315
2025-12-01 19:15:09+00:00,0.315
2025-12-01 19:16:08+00:00,0.315
2025-12-01 19:17:08+00:00,0.315
2025-12-01 19:18:08+00:00,0.315
2025-12-01 19:19:08+00:00,0.315
2025-12-01 19:20:09+00:00,0.315
2025-12-01 19:21:08+00:00,0.315
2025-12-01 19:22:22+00:00,0.315
2025-12-01 19:23:08+00:00,0.315
2025-12-01 19:24:08+00:00,0.315
2025-12-01 19:25:09+00:00,0.315
2025-12-01 19:26:23+00:00,0.315
2025-12-01 19:27:08+00:00,0.315
2025-12-01 19:28:08+00:00,0.315
2025-12-01 19:29:08+00:00,0.3
2025-12-01 19:30:16+00:00,0.3
2025-12-01 19:31:08+00:00,0.3
2025-12-01 19:32:08+00:00,0.3
2025-12-01 19:33:08+00:00,0.3
2025-12-01 19:34:20+00:00,0.3
2025-12-01 19:35:09+00:00,0.3
2025-12-01 19:36:08+00:00,0.3
2025-12-01 19:37:08+00:00,0.3
2025-12-01 19:38:08+00:00,0.3
2025-12-01 19:39:08+00:00,0.3
2025-12-01 19:40:09+00:00,0.3
2025-12-01 19:41:08+00:00,0.3
2025-12-01 19:42:08+00:00,0.3
2025-12-01 19:43:08+00:00,0.3
2025-12-01 19:44:08+00:00,0.3
2025-12-01 19:45:09+00:00,0.3
2025-12-01 19:46:10+00:00,0.3
2025-12-01 19:47:08+00:00,0.3
2025-12-01 19:48:08+00:00,0.3
2025-12-01 19:49:08+00:00,0.3
2025-12-01 19:50:10+00:00,0.3
2025-12-01 19:51:09+00:00,0.3
2025-12-01 19:52:21+00:00,0.29
2025-12-01 19:53:08+00:00,0.295
2025-12-01 19:54:08+00:00,0.295
2025-12-01 19:55:12+00:00,0.295
2025-12-01 19:56:08+00:00,0.295
2025-12-01 19:57:23+00:00,0.295
2025-12-01 19:58:08+00:00,0.295
2025-12-01 19:59:08+00:00,0.295
2025-12-01 20:00:29+00:00,0.295
2025-12-01 20:01:09+00:00,0.295
2025-12-01 20:02:08+00:00,0.295
2025-12-01 20:03:09+00:00,0.295
2025-12-01 20:04:08+00:00,0.295
2025-12-01 20:05:09+00:00,0.295
2025-12-01 20:06:08+00:00,0.295
2025-12-01 20:07:08+00:00,0.295
2025-12-01 20:08:08+00:00,0.3
2025-12-01 20:09:08+00:00,0.3
2025-12-01 20:10:09+00:00,0.3
2025-12-01 20:11:09+00:00,0.3
2025-12-01 20:12:08+00:00,0.3
2025-12-01 20:13:08+00:00,0.3
2025-12-01 20:14:08+00:00,0.3
2025-12-01 20:15:09+00:00,0.3
2025-12-01 20:16:08+00:00,0.3
2025-12-01 20:17:08+00:00,0.3
2025-12-01 20:18:08+00:00,0.3
2025-12-01 20:19:08+00:00,0.3
2025-12-01 20:20:10+00:00,0.3
2025-12-01 20:21:08+00:00,0.3
2025-12-01 20:22:08+00:00,0.3
2025-12-01 20:23:08+00:00,0.295
2025-12-01 20:24:21+00:00,0.295
2025-12-01 20:25:09+00:00,0.295
2025-12-01 20:26:20+00:00,0.295
2025-12-01 20:27:09+00:00,0.295
2025-12-01 20:28:08+00:00,0.295
2025-12-01 20:29:08+00:00,0.295
2025-12-01 20:30:17+00:00,0.295
2025-12-01 20:31:08+00:00,0.295
2025-12-01 20:32:08+00:00,0.295
2025-12-01 20:33:09+00:00,0.295
2025-12-01 20:34:08+00:00,0.295
2025-12-01 20:35:09+00:00,0.295
2025-12-01 20:36:08+00:00,0.295
2025-12-01 20:37:08+00:00,0.295
2025-12-01 20:38:08+00:00,0.295
2025-12-01 20:39:08+00:00,0.295
2025-12-01 20:40:09+00:00,0.3
2025-12-01 20:41:08+00:00,0.3
2025-12-01 20:42:08+00:00,0.3
2025-12-01 20:43:08+00:00,0.3
2025-12-01 20:44:08+00:00,0.3
2025-12-01 20:45:09+00:00,0.3
2025-12-01 20:46:10+00:00,0.3
2025-12-01 20:47:08+00:00,0.3
2025-12-01 20:48:08+00:00,0.3
2025-12-01 20:49:08+00:00,0.3
2025-12-01 20:50:09+00:00,0.3
2025-12-01 20:51:08+00:00,0.3
2025-12-01 20:52:22+00:00,0.3
2025-12-01 20:53:08+00:00,0.3
2025-12-01 20:54:21+00:00,0.3
2025-12-01 20:55:13+00:00,0.295
2025-12-01 20:56:08+00:00,0.295
2025-12-01 20:57:08+00:00,0.295
2025-12-01 20:58:08+00:00,0.295
2025-12-01 20:59:08+00:00,0.295
2025-12-01 21:00:32+00:00,0.295
2025-12-01 21:01:08+00:00,0.295
2025-12-01 21:02:08+00:00,0.295
2025-12-01 21:03:09+00:00,0.295
2025-12-01 21:04:08+00:00,0.295
2025-12-01 21:05:09+00:00,0.295
2025-12-01 21:06:08+00:00,0.295
2025-12-01 21:07:08+00:00,0.295
2025-12-01 21:08:08+00:00,0.295
2025-12-01 21:09:08+00:00,0.295
2025-12-01 21:10:09+00:00,0.305
2025-12-01 21:11:08+00:00,0.305
2025-12-01 21:12:08+00:00,0.305
2025-12-01 21:13:09+00:00,0.305
2025-12-01 21:14:08+00:00,0.305
2025-12-01 21:15:09+00:00,0.305
2025-12-01 21:16:08+00:00,0.305
2025-12-01 21:17:08+00:00,0.305
2025-12-01 21:18:08+00:00,0.305
2025-12-01 21:19:08+00:00,0.305
2025-12-01 21:20:09+00:00,0.305
2025-12-01 21:21:08+00:00,0.305
2025-12-01 21:22:08+00:00,0.305
2025-12-01 21:23:08+00:00,0.305
2025-12-01 21:24:08+00:00,0.305
2025-12-01 21:25:09+00:00,0.3
2025-12-01 21:26:22+00:00,0.3
2025-12-01 21:27:08+00:00,0.3
2025-12-01 21:28:08+00:00,0.3
2025-12-01 21:29:08+00:00,0.3
2025-12-01 21:30:16+00:00,0.3
2025-12-01 21:31:08+00:00,0.3
2025-12-01 21:32:08+00:00,0.3
2025-12-01 21:33:09+00:00,0.3
2025-12-01 21:34:09+00:00,0.3
2025-12-01 21:35:09+00:00,0.3
2025-12-01 21:36:08+00:00,0.3
2025-12-01 21:37:08+00:00,0.3
2025-12-01 21:38:09+00:00,0.3
2025-12-01 21:39:08+00:00,0.3
2025-12-01 21:40:09+00:00,0.3
2025-12-01 21:41:08+00:00,0.3
2025-12-01 21:42:08+00:00,0.305
2025-12-01 21:43:20+00:00,0.305
2025-12-01 21:44:08+00:00,0.305
2025-12-01 21:45:09+00:00,0.305
2025-12-01 21:46:08+00:00,0.305
2025-12-01 21:47:08+00:00,0.305
2025-12-01 21:48:19+00:00,0.305
2025-12-01 21:49:08+00:00,0.305
2025-12-01 21:50:09+00:00,0.305
2025-12-01 21:51:08+00:00,0.305
2025-12-01 21:52:25+00:00,0.305
2025-12-01 21:53:09+00:00,0.305
2025-12-01 21:54:09+00:00,0.305
2025-12-01 21:55:12+00:00,0.305
2025-12-01 21:56:08+00:00,0.305
2025-12-01 21:57:08+00:00,0.305
2025-12-01 21:58:08+00:00,0.305
2025-12-01 21:59:08+00:00,0.305
2025-12-01 22:00:29+00:00,0.305
2025-12-01 22:01:09+00:00,0.305
2025-12-01 22:02:21+00:00,0.305
2025-12-01 22:03:08+00:00,0.305
2025-12-01 22:04:08+00:00,0.305
2025-12-01 22:05:09+00:00,0.3
2025-12-01 22:06:08+00:00,0.3
2025-12-01 22:07:08+00:00,0.3
2025-12-01 22:08:08+00:00,0.3
2025-12-01 22:09:08+00:00,0.3
2025-12-01 22:10:09+00:00,0.3
2025-12-01 22:11:08+00:00,0.3
2025-12-01 22:12:10+00:00,0.3
2025-12-01 22:13:08+00:00,0.3
2025-12-01 22:14:09+00:00,0.3
2025-12-01 22:15:10+00:00,0.3
2025-12-01 22:16:09+00:00,0.3
2025-12-01 22:17:24+00:00,0.3
2025-12-01 22:18:09+00:00,0.3
2025-12-01 22:19:08+00:00,0.3
2025-12-01 22:20:09+00:00,0.3
2025-12-01 22:21:08+00:00,0.3
2025-12-01 22:22:08+00:00,0.3
2025-12-01 22:23:08+00:00,0.3
2025-12-01 22:24:08+00:00,0.3
2025-12-01 22:25:09+00:00,0.3
2025-12-01 22:26:21+00:00,0.3
2025-12-01 22:27:09+00:00,0.3
2025-12-01 22:28:08+00:00,0.3
2025-12-01 22:29:09+00:00,0.3
2025-12-01 22:30:16+00:00,0.3
2025-12-01 22:31:08+00:00,0.3
2025-12-01 22:32:08+00:00,0.3
2025-12-01 22:33:09+00:00,0.3
2025-12-01 22:34:08+00:00,0.3
2025-12-01 22:35:09+00:00,0.3
2025-12-01 22:36:08+00:00,0.3
2025-12-01 22:37:08+00:00,0.305
2025-12-01 22:38:08+00:00,0.295
2025-12-01 22:39:08+00:00,0.315
2025-12-01 22:40:09+00:00,0.31
2025-12-01 22:41:08+00:00,0.31
2025-12-01 22:42:08+00:00,0.31
2025-12-01 22:43:08+00:00,0.31
2025-12-01 22:44:08+00:00,0.31
2025-12-01 22:45:09+00:00,0.31
2025-12-01 22:46:09+00:00,0.31
2025-12-01 22:47:08+00:00,0.31
2025-12-01 22:48:08+00:00,0.31
2025-12-01 22:49:08+00:00,0.31
2025-12-01 22:50:09+00:00,0.31
2025-12-01 22:51:08+00:00,0.31
2025-12-01 22:52:21+00:00,0.31
2025-12-01 22:53:08+00:00,0.31
2025-12-01 22:54:08+00:00,0.31
2025-12-01 22:55:12+00:00,0.31
2025-12-01 22:56:08+00:00,0.31
2025-12-01 22:57:08+00:00,0.31
2025-12-01 22:58:08+00:00,0.31
2025-12-01 22:59:08+00:00,0.31
2025-12-01 23:00:30+00:00,0.31
2025-12-01 23:01:09+00:00,0.31
2025-12-01 23:02:08+00:00,0.31
2025-12-01 23:03:09+00:00,0.305
2025-12-01 23:04:08+00:00,0.305
2025-12-01 23:05:09+00:00,0.305
2025-12-01 23:06:08+00:00,0.305
2025-12-01 23:07:21+00:00,0.305
2025-12-01 23:08:08+00:00,0.305
2025-12-01 23:09:08+00:00,0.305
2025-12-01 23:10:09+00:00,0.305
2025-12-01 23:11:09+00:00,0.305
2025-12-01 23:12:10+00:00,0.305
2025-12-01 23:13:08+00:00,0.3
2025-12-01 23:14:08+00:00,0.305
2025-12-01 23:15:09+00:00,0.305
2025-12-01 23:16:08+00:00,0.305
2025-12-01 23:17:08+00:00,0.305
2025-12-01 23:18:08+00:00,0.305
2025-12-01 23:19:08+00:00,0.305
2025-12-01 23:20:10+00:00,0.305
2025-12-01 23:21:08+00:00,0.305
2025-12-01 23:22:08+00:00,0.315
2025-12-01 23:23:08+00:00,0.305
2025-12-01 23:24:08+00:00,0.305
2025-12-01 23:25:10+00:00,0.315
2025-12-01 23:26:22+00:00,0.315
2025-12-01 23:27:09+00:00,0.315
2025-12-01 23:28:08+00:00,0.315
2025-12-01 23:29:09+00:00,0.305
2025-12-01 23:30:16+00:00,0.295
2025-12-01 23:31:08+00:00,0.305
2025-12-01 23:32:08+00:00,0.295
2025-12-01 23:33:08+00:00,0.315
2025-12-01 23:34:08+00:00,0.315
2025-12-01 23:35:09+00:00,0.31
2025-12-01 23:36:08+00:00,0.31
2025-12-01 23:37:08+00:00,0.325
2025-12-01 23:38:08+00:00,0.325
2025-12-01 23:39:09+00:00,0.32
2025-12-01 23:40:09+00:00,0.305
2025-12-01 23:41:08+00:00,0.305
2025-12-01 23:42:09+00:00,0.305
2025-12-01 23:43:08+00:00,0.325
2025-12-01 23:44:08+00:00,0.3
2025-12-01 23:45:09+00:00,0.305
2025-12-01 23:46:08+00:00,0.315
2025-12-01 23:47:08+00:00,0.3
2025-12-01 23:48:08+00:00,0.31
2025-12-01 23:49:09+00:00,0.32
2025-12-01 23:50:09+00:00,0.305
2025-12-01 23:51:08+00:00,0.3
2025-12-01 23:52:22+00:00,0.31
2025-12-01 23:53:09+00:00,0.32
2025-12-01 23:54:08+00:00,0.315
2025-12-01 23:55:12+00:00,0.325
2025-12-01 23:56:08+00:00,0.325
2025-12-01 23:57:08+00:00,0.325
2025-12-01 23:58:08+00:00,0.325
2025-12-01 23:59:08+00:00,0.325
2025-12-02 00:00:17+00:00,0.325
2025-12-02 00:01:08+00:00,0.325
2025-12-02 00:02:08+00:00,0.325
2025-12-02 00:03:08+00:00,0.325
2025-12-02 00:04:08+00:00,0.325
2025-12-02 00:05:09+00:00,0.315
2025-12-02 00:06:08+00:00,0.31
2025-12-02 00:07:08+00:00,0.305
2025-12-02 00:08:08+00:00,0.31
2025-12-02 00:09:08+00:00,0.295
2025-12-02 00:10:08+00:00,0.295
2025-12-02 00:11:08+00:00,0.31
2025-12-02 00:12:08+00:00,0.315
2025-12-02 00:13:07+00:00,0.315
2025-12-02 00:14:08+00:00,0.315
2025-12-02 00:15:09+00:00,0.3
2025-12-02 00:16:08+00:00,0.305
2025-12-02 00:17:08+00:00,0.315
2025-12-02 00:18:08+00:00,0.315
2025-12-02 00:19:08+00:00,0.315
2025-12-02 00:20:09+00:00,0.315
2025-12-02 00:21:08+00:00,0.305
2025-12-02 00:22:23+00:00,0.315
2025-12-02 00:23:08+00:00,0.315
2025-12-02 00:24:08+00:00,0.315
2025-12-02 00:25:08+00:00,0.315
2025-12-02 00:26:12+00:00,0.315
2025-12-02 00:27:08+00:00,0.305
2025-12-02 00:28:08+00:00,0.305
2025-12-02 00:29:08+00:00,0.315
2025-12-02 00:30:10+00:00,0.315
2025-12-02 00:31:08+00:00,0.315
2025-12-02 00:32:09+00:00,0.315
2025-12-02 00:33:08+00:00,0.305
2025-12-02 00:34:08+00:00,0.315
2025-12-02 00:35:09+00:00,0.305
2025-12-02 00:36:08+00:00,0.315
2025-12-02 00:37:08+00:00,0.315
2025-12-02 00:38:08+00:00,0.315
2025-12-02 00:39:08+00:00,0.315
2025-12-02 00:40:09+00:00,0.315
2025-12-02 00:41:08+00:00,0.315
2025-12-02 00:42:08+00:00,0.315
2025-12-02 00:43:08+00:00,0.315
2025-12-02 00:44:09+00:00,0.315
2025-12-02 00:45:09+00:00,0.315
2025-12-02 00:46:21+00:00,0.315
2025-12-02 00:47:08+00:00,0.315
2025-12-02 00:48:08+00:00,0.315
2025-12-02 00:49:08+00:00,0.315
2025-12-02 00:50:09+00:00,0.315
2025-12-02 00:51:08+00:00,0.315
2025-12-02 00:52:14+00:00,0.305
2025-12-02 00:53:08+00:00,0.305
2025-12-02 00:54:08+00:00,0.315
2025-12-02 00:55:09+00:00,0.315
2025-12-02 00:56:08+00:00,0.315
2025-12-02 00:57:08+00:00,0.305
2025-12-02 00:58:08+00:00,0.31
2025-12-02 00:59:08+00:00,0.32
2025-12-02 01:00:17+00:00,0.32
2025-12-02 01:01:08+00:00,0.32
2025-12-02 01:02:09+00:00,0.32
2025-12-02 01:03:09+00:00,0.305
2025-12-02 01:04:08+00:00,0.32
2025-12-02 01:05:09+00:00,0.315
2025-12-02 01:06:08+00:00,0.31
2025-12-02 01:07:09+00:00,0.32
2025-12-02 01:08:08+00:00,0.32
2025-12-02 01:09:08+00:00,0.305
2025-12-02 01:10:09+00:00,0.305
2025-12-02 01:11:08+00:00,0.315
2025-12-02 01:12:09+00:00,0.315
2025-12-02 01:13:08+00:00,0.315
2025-12-02 01:14:08+00:00,0.315
2025-12-02 01:15:09+00:00,0.32
2025-12-02 01:16:08+00:00,0.32
2025-12-02 01:17:09+00:00,0.305
2025-12-02 01:18:08+00:00,0.305
2025-12-02 01:19:08+00:00,0.315
2025-12-02 01:20:09+00:00,0.31
2025-12-02 01:21:08+00:00,0.305
2025-12-02 01:22:08+00:00,0.315
2025-12-02 01:23:08+00:00,0.305
2025-12-02 01:24:08+00:00,0.305
2025-12-02 01:25:09+00:00,0.32
2025-12-02 01:26:16+00:00,0.32
2025-12-02 01:27:08+00:00,0.305
2025-12-02 01:28:09+00:00,0.315
2025-12-02 01:29:09+00:00,0.315
2025-12-02 01:30:10+00:00,0.315
2025-12-02 01:31:08+00:00,0.315
2025-12-02 01:32:08+00:00,0.315
2025-12-02 01:33:08+00:00,0.315
2025-12-02 01:34:09+00:00,0.315
2025-12-02 01:35:09+00:00,0.315
2025-12-02 01:36:09+00:00,0.315
2025-12-02 01:37:08+00:00,0.315
2025-12-02 01:38:10+00:00,0.315
2025-12-02 01:39:09+00:00,0.305
2025-12-02 01:40:09+00:00,0.305
2025-12-02 01:41:08+00:00,0.315
2025-12-02 01:42:08+00:00,0.315
2025-12-02 01:43:08+00:00,0.315
2025-12-02 01:44:08+00:00,0.315
2025-12-02 01:45:09+00:00,0.315
2025-12-02 01:46:09+00:00,0.275
2025-12-02 01:47:08+00:00,0.295
2025-12-02 01:48:08+00:00,0.305
2025-12-02 01:49:08+00:00,0.285
2025-12-02 01:50:09+00:00,0.295
2025-12-02 01:51:08+00:00,0.275
2025-12-02 01:52:17+00:00,0.275
2025-12-02 01:53:08+00:00,0.275
2025-12-02 01:54:08+00:00,0.275
2025-12-02 01:55:10+00:00,0.275
2025-12-02 01:56:09+00:00,0.295
2025-12-02 01:57:08+00:00,0.305
2025-12-02 01:58:08+00:00,0.285
2025-12-02 01:59:08+00:00,0.3
2025-12-02 02:00:20+00:00,0.28
2025-12-02 02:01:09+00:00,0.28
2025-12-02 02:02:09+00:00,0.285
2025-12-02 02:03:08+00:00,0.28
2025-12-02 02:04:08+00:00,0.28
2025-12-02 02:05:09+00:00,0.3
2025-12-02 02:06:08+00:00,0.305
2025-12-02 02:07:08+00:00,0.285
2025-12-02 02:08:08+00:00,0.295
2025-12-02 02:09:09+00:00,0.27
2025-12-02 02:10:09+00:00,0.27
2025-12-02 02:11:08+00:00,0.27
2025-12-02 02:12:09+00:00,0.27
2025-12-02 02:13:08+00:00,0.275
2025-12-02 02:14:09+00:00,0.275
2025-12-02 02:15:09+00:00,0.275
2025-12-02 02:16:09+00:00,0.285
2025-12-02 02:17:08+00:00,0.285
2025-12-02 02:18:09+00:00,0.28
2025-12-02 02:19:08+00:00,0.285
2025-12-02 02:20:09+00:00,0.28
2025-12-02 02:21:08+00:00,0.28
2025-12-02 02:22:08+00:00,0.285
2025-12-02 02:23:08+00:00,0.28
2025-12-02 02:24:08+00:00,0.28
2025-12-02 02:25:10+00:00,0.28
2025-12-02 02:26:18+00:00,0.28
2025-12-02 02:27:08+00:00,0.285
2025-12-02 02:28:08+00:00,0.28
2025-12-02 02:29:08+00:00,0.285
2025-12-02 02:30:11+00:00,0.285
2025-12-02 02:31:08+00:00,0.285
2025-12-02 02:32:08+00:00,0.285
2025-12-02 02:33:09+00:00,0.285
2025-12-02 02:34:09+00:00,0.285
2025-12-02 02:35:09+00:00,0.285
2025-12-02 02:36:09+00:00,0.285
2025-12-02 02:37:08+00:00,0.285
2025-12-02 02:38:08+00:00,0.285
2025-12-02 02:39:08+00:00,0.285
2025-12-02 02:40:09+00:00,0.28
2025-12-02 02:41:08+00:00,0.28
2025-12-02 02:42:08+00:00,0.28
2025-12-02 02:43:08+00:00,0.28
2025-12-02 02:44:09+00:00,0.28
2025-12-02 02:45:09+00:00,0.28
2025-12-02 02:46:08+00:00,0.285
2025-12-02 02:47:08+00:00,0.28
2025-12-02 02:48:08+00:00,0.28
2025-12-02 02:49:08+00:00,0.28
2025-12-02 02:50:10+00:00,0.28
2025-12-02 02:51:08+00:00,0.28
2025-12-02 02:52:20+00:00,0.285
2025-12-02 02:53:08+00:00,0.285
2025-12-02 02:54:08+00:00,0.285
2025-12-02 02:55:22+00:00,0.285
2025-12-02 02:56:08+00:00,0.285
2025-12-02 02:57:08+00:00,0.28
2025-12-02 02:58:08+00:00,0.28
2025-12-02 02:59:09+00:00,0.28
2025-12-02 03:00:25+00:00,0.28
2025-12-02 03:01:08+00:00,0.28
2025-12-02 03:02:09+00:00,0.28
2025-12-02 03:03:09+00:00,0.28
2025-12-02 03:04:08+00:00,0.285
2025-12-02 03:05:09+00:00,0.285
2025-12-02 03:06:08+00:00,0.285
2025-12-02 03:07:09+00:00,0.285
2025-12-02 03:08:08+00:00,0.285
2025-12-02 03:09:08+00:00,0.285
2025-12-02 03:10:09+00:00,0.285
2025-12-02 03:11:08+00:00,0.285
2025-12-02 03:12:08+00:00,0.285
2025-12-02 03:13:08+00:00,0.285
2025-12-02 03:14:08+00:00,0.29
2025-12-02 03:15:09+00:00,0.28
2025-12-02 03:16:08+00:00,0.275
2025-12-02 03:17:08+00:00,0.285
2025-12-02 03:18:08+00:00,0.28
2025-12-02 03:19:08+00:00,0.275
2025-12-02 03:20:09+00:00,0.275
2025-12-02 03:21:08+00:00,0.275
2025-12-02 03:22:09+00:00,0.285
2025-12-02 03:23:08+00:00,0.285
2025-12-02 03:24:08+00:00,0.28
2025-12-02 03:25:09+00:00,0.275
2025-12-02 03:26:22+00:00,0.285
2025-12-02 03:27:08+00:00,0.28
2025-12-02 03:28:09+00:00,0.28
2025-12-02 03:29:09+00:00,0.275
2025-12-02 03:30:11+00:00,0.275
2025-12-02 03:31:09+00:00,0.275
2025-12-02 03:32:08+00:00,0.28
2025-12-02 03:33:09+00:00,0.275
2025-12-02 03:34:08+00:00,0.275
2025-12-02 03:35:09+00:00,0.28
2025-12-02 03:36:08+00:00,0.29
2025-12-02 03:37:08+00:00,0.29
2025-12-02 03:38:08+00:00,0.29
2025-12-02 03:39:08+00:00,0.29
2025-12-02 03:40:09+00:00,0.29
2025-12-02 03:41:08+00:00,0.29
2025-12-02 03:42:09+00:00,0.29
2025-12-02 03:43:08+00:00,0.29
2025-12-02 03:44:08+00:00,0.29
2025-12-02 03:45:09+00:00,0.29
2025-12-02 03:46:08+00:00,0.29
2025-12-02 03:47:08+00:00,0.29
2025-12-02 03:48:09+00:00,0.29
2025-12-02 03:49:08+00:00,0.29
2025-12-02 03:50:09+00:00,0.285
2025-12-02 03:51:08+00:00,0.285
2025-12-02 03:52:23+00:00,0.285
2025-12-02 03:53:08+00:00,0.285
2025-12-02 03:54:09+00:00,0.285
2025-12-02 03:55:10+00:00,0.285
2025-12-02 03:56:08+00:00,0.285
2025-12-02 03:57:08+00:00,0.285
2025-12-02 03:58:08+00:00,0.285
2025-12-02 03:59:08+00:00,0.295
2025-12-02 04:00:26+00:00,0.295
2025-12-02 04:01:08+00:00,0.3
2025-12-02 04:02:09+00:00,0.295
2025-12-02 04:03:08+00:00,0.295
2025-12-02 04:04:10+00:00,0.3
2025-12-02 04:05:09+00:00,0.3
2025-12-02 04:06:08+00:00,0.3
2025-12-02 04:07:08+00:00,0.3
2025-12-02 04:08:08+00:00,0.3
2025-12-02 04:09:08+00:00,0.3
2025-12-02 04:10:09+00:00,0.3
2025-12-02 04:11:09+00:00,0.3
2025-12-02 04:12:08+00:00,0.3
2025-12-02 04:13:08+00:00,0.3
2025-12-02 04:14:08+00:00,0.31
2025-12-02 04:15:09+00:00,0.3
2025-12-02 04:16:08+00:00,0.3
2025-12-02 04:17:08+00:00,0.31
2025-12-02 04:18:08+00:00,0.305
2025-12-02 04:19:09+00:00,0.305
2025-12-02 04:20:10+00:00,0.305
2025-12-02 04:21:08+00:00,0.305
2025-12-02 04:22:09+00:00,0.305
2025-12-02 04:23:08+00:00,0.305
2025-12-02 04:24:08+00:00,0.305
2025-12-02 04:25:09+00:00,0.305
2025-12-02 04:26:23+00:00,0.305
2025-12-02 04:27:08+00:00,0.305
2025-12-02 04:28:08+00:00,0.305
2025-12-02 04:29:08+00:00,0.305
2025-12-02 04:30:11+00:00,0.305
2025-12-02 04:31:08+00:00,0.305
2025-12-02 04:32:08+00:00,0.305
2025-12-02 04:33:09+00:00,0.305
2025-12-02 04:34:09+00:00,0.305
2025-12-02 04:35:09+00:00,0.305
2025-12-02 04:36:09+00:00,0.305
2025-12-02 04:37:08+00:00,0.305
2025-12-02 04:38:09+00:00,0.265
2025-12-02 04:39:08+00:00,0.255
2025-12-02 04:40:09+00:00,0.255
2025-12-02 04:41:09+00:00,0.255
2025-12-02 04:42:08+00:00,0.255
2025-12-02 04:43:08+00:00,0.255
2025-12-02 04:44:08+00:00,0.25
2025-12-02 04:45:09+00:00,0.25
2025-12-02 04:46:08+00:00,0.25
2025-12-02 04:47:08+00:00,0.25
2025-12-02 04:48:08+00:00,0.25
2025-12-02 04:49:21+00:00,0.25
2025-12-02 04:50:11+00:00,0.25
2025-12-02 04:51:09+00:00,0.25
2025-12-02 04:52:20+00:00,0.25
2025-12-02 04:53:08+00:00,0.25
2025-12-02 04:54:08+00:00,0.25
2025-12-02 04:55:10+00:00,0.25
2025-12-02 04:56:08+00:00,0.25
2025-12-02 04:57:08+00:00,0.25
2025-12-02 04:58:08+00:00,0.25
2025-12-02 04:59:08+00:00,0.25
2025-12-02 05:00:24+00:00,0.25
2025-12-02 05:01:08+00:00,0.25
2025-12-02 05:02:09+00:00,0.25
2025-12-02 05:03:09+00:00,0.25
2025-12-02 05:04:08+00:00,0.25
2025-12-02 05:05:09+00:00,0.25
2025-12-02 05:06:08+00:00,0.25
2025-12-02 05:07:08+00:00,0.25
2025-12-02 05:08:08+00:00,0.25
2025-12-02 05:09:09+00:00,0.275
2025-12-02 05:10:09+00:00,0.26
2025-12-02 05:11:09+00:00,0.26
2025-12-02 05:12:08+00:00,0.26
2025-12-02 05:13:08+00:00,0.26
2025-12-02 05:14:09+00:00,0.26
2025-12-02 05:15:09+00:00,0.26
2025-12-02 05:16:09+00:00,0.26
2025-12-02 05:17:09+00:00,0.26
2025-12-02 05:18:09+00:00,0.26
2025-12-02 05:19:08+00:00,0.26
2025-12-02 05:20:10+00:00,0.26
2025-12-02 05:21:09+00:00,0.26
2025-12-02 05:22:09+00:00,0.26
2025-12-02 05:23:08+00:00,0.26
2025-12-02 05:24:08+00:00,0.26
2025-12-02 05:25:09+00:00,0.265
2025-12-02 05:26:20+00:00,0.265
2025-12-02 05:27:08+00:00,0.285
2025-12-02 05:28:08+00:00,0.285
2025-12-02 05:29:09+00:00,0.29
2025-12-02 05:30:11+00:00,0.3
2025-12-02 05:31:08+00:00,0.31
2025-12-02 05:32:09+00:00,0.31
2025-12-02 05:33:09+00:00,0.31
2025-12-02 05:34:08+00:00,0.31
2025-12-02 05:35:09+00:00,0.305
2025-12-02 05:36:08+00:00,0.31
2025-12-02 05:37:08+00:00,0.31
2025-12-02 05:38:09+00:00,0.31
2025-12-02 05:39:08+00:00,0.315
2025-12-02 05:40:09+00:00,0.325
2025-12-02 05:41:09+00:00,0.325
2025-12-02 05:42:09+00:00,0.325
2025-12-02 05:43:08+00:00,0.325
2025-12-02 05:44:08+00:00,0.325
2025-12-02 05:45:09+00:00,0.325
2025-12-02 05:46:08+00:00,0.325
2025-12-02 05:47:08+00:00,0.325
2025-12-02 05:48:09+00:00,0.325
2025-12-02 05:49:08+00:00,0.32
2025-12-02 05:50:10+00:00,0.32
2025-12-02 05:51:08+00:00,0.32
2025-12-02 05:52:21+00:00,0.32
2025-12-02 05:53:08+00:00,0.32
2025-12-02 05:54:08+00:00,0.32
2025-12-02 05:55:10+00:00,0.32
2025-12-02 05:56:08+00:00,0.32
2025-12-02 05:57:08+00:00,0.32
2025-12-02 05:58:09+00:00,0.32
2025-12-02 05:59:08+00:00,0.32
2025-12-02 06:00:27+00:00,0.32
2025-12-02 06:01:08+00:00,0.32
2025-12-02 06:02:08+00:00,0.32
2025-12-02 06:03:09+00:00,0.32
2025-12-02 06:04:09+00:00,0.32
2025-12-02 06:05:09+00:00,0.32
2025-12-02 06:06:08+00:00,0.32
2025-12-02 06:07:09+00:00,0.32
2025-12-02 06:08:09+00:00,0.32
2025-12-02 06:09:09+00:00,0.32
2025-12-02 06:10:09+00:00,0.32
2025-12-02 06:11:08+00:00,0.32
2025-12-02 06:12:08+00:00,0.32
2025-12-02 06:13:08+00:00,0.32
2025-12-02 06:14:09+00:00,0.375
2025-12-02 06:15:09+00:00,0.325
2025-12-02 06:16:09+00:00,0.325
2025-12-02 06:17:09+00:00,0.335
2025-12-02 06:18:09+00:00,0.335
2025-12-02 06:19:09+00:00,0.335
2025-12-02 06:20:09+00:00,0.285
2025-12-02 06:21:09+00:00,0.285
2025-12-02 06:22:08+00:00,0.33
2025-12-02 06:23:08+00:00,0.33
2025-12-02 06:24:09+00:00,0.33
2025-12-02 06:25:09+00:00,0.33
2025-12-02 06:26:23+00:00,0.33
2025-12-02 06:27:10+00:00,0.33
2025-12-02 06:28:09+00:00,0.33
2025-12-02 06:29:08+00:00,0.33
2025-12-02 06:30:13+00:00,0.33
2025-12-02 06:31:08+00:00,0.33
2025-12-02 06:32:09+00:00,0.33
2025-12-02 06:33:08+00:00,0.33
2025-12-02 06:34:08+00:00,0.33
2025-12-02 06:35:25+00:00,0.33
2025-12-02 06:36:08+00:00,0.33
2025-12-02 06:37:09+00:00,0.33
2025-12-02 06:38:08+00:00,0.33
2025-12-02 06:39:09+00:00,0.33
2025-12-02 06:40:10+00:00,0.33
2025-12-02 06:41:09+00:00,0.33
2025-12-02 06:42:09+00:00,0.33
2025-12-02 06:43:08+00:00,0.33
2025-12-02 06:44:08+00:00,0.33
2025-12-02 06:45:10+00:00,0.33
2025-12-02 06:46:08+00:00,0.33
2025-12-02 06:47:08+00:00,0.33
2025-12-02 06:48:09+00:00,0.33
2025-12-02 06:49:09+00:00,0.33
2025-12-02 06:50:10+00:00,0.33
2025-12-02 06:51:08+00:00,0.33
2025-12-02 06:52:08+00:00,0.33
2025-12-02 06:53:08+00:00,0.33
2025-12-02 06:54:09+00:00,0.33
2025-12-02 06:55:09+00:00,0.33
2025-12-02 06:56:08+00:00,0.33
2025-12-02 06:57:08+00:00,0.33
2025-12-02 06:58:09+00:00,0.33
2025-12-02 06:59:08+00:00,0.33
2025-12-02 07:00:27+00:00,0.33
2025-12-02 07:01:09+00:00,0.33
2025-12-02 07:02:09+00:00,0.365
2025-12-02 07:03:09+00:00,0.365
2025-12-02 07:04:08+00:00,0.365
2025-12-02 07:05:09+00:00,0.365
2025-12-02 07:06:09+00:00,0.365
2025-12-02 07:07:09+00:00,0.365
2025-12-02 07:08:08+00:00,0.365
2025-12-02 07:09:08+00:00,0.365
2025-12-02 07:10:09+00:00,0.365
2025-12-02 07:11:08+00:00,0.37
2025-12-02 07:12:08+00:00,0.37
2025-12-02 07:13:08+00:00,0.37
2025-12-02 07:14:09+00:00,0.37
2025-12-02 07:15:09+00:00,0.37
2025-12-02 07:16:13+00:00,0.37
2025-12-02 07:17:08+00:00,0.37
2025-12-02 07:18:09+00:00,0.37
2025-12-02 07:19:09+00:00,0.37
2025-12-02 07:20:09+00:00,0.37
2025-12-02 07:21:08+00:00,0.365
2025-12-02 07:22:08+00:00,0.37
2025-12-02 07:23:08+00:00,0.365
2025-12-02 07:24:08+00:00,0.37
2025-12-02 07:25:09+00:00,0.375
2025-12-02 07:26:21+00:00,0.37
2025-12-02 07:27:09+00:00,0.37
2025-12-02 07:28:08+00:00,0.365
2025-12-02 07:29:08+00:00,0.375
2025-12-02 07:30:12+00:00,0.38
2025-12-02 07:31:09+00:00,0.38
2025-12-02 07:32:09+00:00,0.37
2025-12-02 07:33:09+00:00,0.375
2025-12-02 07:34:09+00:00,0.375
2025-12-02 07:35:09+00:00,0.37
2025-12-02 07:36:08+00:00,0.37
2025-12-02 07:37:08+00:00,0.37
2025-12-02 07:38:08+00:00,0.365
2025-12-02 07:39:08+00:00,0.365
2025-12-02 07:40:10+00:00,0.365
2025-12-02 07:41:09+00:00,0.365
2025-12-02 07:42:09+00:00,0.365
2025-12-02 07:43:08+00:00,0.365
2025-12-02 07:44:08+00:00,0.365
2025-12-02 07:45:09+00:00,0.365
2025-12-02 07:46:08+00:00,0.365
2025-12-02 07:47:08+00:00,0.365
2025-12-02 07:48:09+00:00,0.37
2025-12-02 07:49:08+00:00,0.37
2025-12-02 07:50:10+00:00,0.365
2025-12-02 07:51:09+00:00,0.365
2025-12-02 07:52:21+00:00,0.365
2025-12-02 07:53:08+00:00,0.365
2025-12-02 07:54:09+00:00,0.365
2025-12-02 07:55:11+00:00,0.37
2025-12-02 07:56:08+00:00,0.365
2025-12-02 07:57:08+00:00,0.33
2025-12-02 07:58:09+00:00,0.32
2025-12-02 07:59:08+00:00,0.32
2025-12-02 08:00:25+00:00,0.32
2025-12-02 08:01:08+00:00,0.32
2025-12-02 08:02:09+00:00,0.32
2025-12-02 08:03:09+00:00,0.32
2025-12-02 08:04:09+00:00,0.32
2025-12-02 08:05:09+00:00,0.315
2025-12-02 08:06:08+00:00,0.32
2025-12-02 08:07:08+00:00,0.32
2025-12-02 08:08:08+00:00,0.32
2025-12-02 08:09:08+00:00,0.32
2025-12-02 08:10:10+00:00,0.32
2025-12-02 08:11:08+00:00,0.32
2025-12-02 08:12:09+00:00,0.32
2025-12-02 08:13:09+00:00,0.32
2025-12-02 08:14:08+00:00,0.32
2025-12-02 08:15:09+00:00,0.32
2025-12-02 08:16:09+00:00,0.32
2025-12-02 08:17:09+00:00,0.32
2025-12-02 08:18:09+00:00,0.32
2025-12-02 08:19:08+00:00,0.32
2025-12-02 08:20:10+00:00,0.32
2025-12-02 08:21:09+00:00,0.32
2025-12-02 08:22:08+00:00,0.32
2025-12-02 08:23:08+00:00,0.32
2025-12-02 08:24:09+00:00,0.32
2025-12-02 08:25:10+00:00,0.32
2025-12-02 08:26:22+00:00,0.32
2025-12-02 08:27:08+00:00,0.32
2025-12-02 08:28:08+00:00,0.32
2025-12-02 08:29:08+00:00,0.32
2025-12-02 08:30:12+00:00,0.32
2025-12-02 08:31:08+00:00,0.32
2025-12-02 08:32:09+00:00,0.32
2025-12-02 08:33:09+00:00,0.32
2025-12-02 08:34:08+00:00,0.32
2025-12-02 08:35:09+00:00,0.32
2025-12-02 08:36:09+00:00,0.32
2025-12-02 08:37:08+00:00,0.32
2025-12-02 08:38:08+00:00,0.32
2025-12-02 08:39:08+00:00,0.32
2025-12-02 08:40:10+00:00,0.32
2025-12-02 08:41:08+00:00,0.32
2025-12-02 08:42:08+00:00,0.32
2025-12-02 08:43:08+00:00,0.315
2025-12-02 08:44:09+00:00,0.315
2025-12-02 08:45:09+00:00,0.315
2025-12-02 08:46:09+00:00,0.315
2025-12-02 08:47:08+00:00,0.315
2025-12-02 08:48:09+00:00,0.315
2025-12-02 08:49:08+00:00,0.315
2025-12-02 08:50:09+00:00,0.315
2025-12-02 08:51:08+00:00,0.315
2025-12-02 08:52:23+00:00,0.315
2025-12-02 08:53:09+00:00,0.315
2025-12-02 08:54:09+00:00,0.315
2025-12-02 08:55:11+00:00,0.315
2025-12-02 08:56:10+00:00,0.315
2025-12-02 08:57:08+00:00,0.315
2025-12-02 08:58:08+00:00,0.315
2025-12-02 08:59:09+00:00,0.315
2025-12-02 09:00:28+00:00,0.315
2025-12-02 09:01:08+00:00,0.315
2025-12-02 09:02:09+00:00,0.285
2025-12-02 09:03:10+00:00,0.315
2025-12-02 09:04:08+00:00,0.275
2025-12-02 09:05:09+00:00,0.27
2025-12-02 09:06:08+00:00,0.27
2025-12-02 09:07:08+00:00,0.27
2025-12-02 09:08:08+00:00,0.27
2025-12-02 09:09:08+00:00,0.27
2025-12-02 09:10:09+00:00,0.27
2025-12-02 09:11:08+00:00,0.27
2025-12-02 09:12:08+00:00,0.27
2025-12-02 09:13:08+00:00,0.27
2025-12-02 09:14:09+00:00,0.27
2025-12-02 09:15:09+00:00,0.27
2025-12-02 09:16:09+00:00,0.27
2025-12-02 09:17:08+00:00,0.27
2025-12-02 09:18:09+00:00,0.27
2025-12-02 09:19:09+00:00,0.27
2025-12-02 09:20:10+00:00,0.27
2025-12-02 09:21:09+00:00,0.27
2025-12-02 09:22:09+00:00,0.27
2025-12-02 09:23:08+00:00,0.27
2025-12-02 09:24:08+00:00,0.27
2025-12-02 09:25:09+00:00,0.27
2025-12-02 09:26:23+00:00,0.27
2025-12-02 09:27:09+00:00,0.27
2025-12-02 09:28:09+00:00,0.27
2025-12-02 09:29:08+00:00,0.27
2025-12-02 09:30:13+00:00,0.27
2025-12-02 09:31:09+00:00,0.27
2025-12-02 09:32:09+00:00,0.27
2025-12-02 09:33:09+00:00,0.27
2025-12-02 09:34:09+00:00,0.27
2025-12-02 09:35:09+00:00,0.27
2025-12-02 09:36:08+00:00,0.27
2025-12-02 09:37:09+00:00,0.27
2025-12-02 09:38:08+00:00,0.27
2025-12-02 09:39:08+00:00,0.27
2025-12-02 09:40:09+00:00,0.27
2025-12-02 09:41:08+00:00,0.27
2025-12-02 09:42:13+00:00,0.27
2025-12-02 09:43:08+00:00,0.27
2025-12-02 09:44:08+00:00,0.27
2025-12-02 09:45:09+00:00,0.27
2025-12-02 09:46:08+00:00,0.27
2025-12-02 09:47:08+00:00,0.27
2025-12-02 09:48:09+00:00,0.27
2025-12-02 09:49:08+00:00,0.27
2025-12-02 09:50:10+00:00,0.27
2025-12-02 09:51:08+00:00,0.27
2025-12-02 09:52:21+00:00,0.27
2025-12-02 09:53:08+00:00,0.27
2025-12-02 09:54:08+00:00,0.27
2025-12-02 09:55:11+00:00,0.27
2025-12-02 09:56:08+00:00,0.27
2025-12-02 09:57:08+00:00,0.275
2025-12-02 09:58:08+00:00,0.275
2025-12-02 09:59:09+00:00,0.275
2025-12-02 10:00:26+00:00,0.275
2025-12-02 10:01:09+00:00,0.27
2025-12-02 10:02:09+00:00,0.27
2025-12-02 10:03:09+00:00,0.27
2025-12-02 10:04:09+00:00,0.27
2025-12-02 10:05:09+00:00,0.27
2025-12-02 10:06:09+00:00,0.27
2025-12-02 10:07:09+00:00,0.27
2025-12-02 10:08:08+00:00,0.27
2025-12-02 10:09:08+00:00,0.27
2025-12-02 10:10:09+00:00,0.27
2025-12-02 10:11:08+00:00,0.27
2025-12-02 10:12:09+00:00,0.27
2025-12-02 10:13:08+00:00,0.27
2025-12-02 10:14:08+00:00,0.27
2025-12-02 10:15:09+00:00,0.27
2025-12-02 10:16:09+00:00,0.27
2025-12-02 10:17:09+00:00,0.27
2025-12-02 10:18:09+00:00,0.27
2025-12-02 10:19:09+00:00,0.265
2025-12-02 10:20:10+00:00,0.27
2025-12-02 10:21:08+00:00,0.27
2025-12-02 10:22:08+00:00,0.27
2025-12-02 10:23:08+00:00,0.275
2025-12-02 10:24:08+00:00,0.27
2025-12-02 10:25:09+00:00,0.27
2025-12-02 10:26:20+00:00,0.265
2025-12-02 10:27:09+00:00,0.27
2025-12-02 10:28:08+00:00,0.27
2025-12-02 10:29:08+00:00,0.27
2025-12-02 10:30:13+00:00,0.27
2025-12-02 10:31:09+00:00,0.27
2025-12-02 10:32:09+00:00,0.27
2025-12-02 10:33:09+00:00,0.27
2025-12-02 10:34:08+00:00,0.27
2025-12-02 10:35:09+00:00,0.27
2025-12-02 10:36:08+00:00,0.27
2025-12-02 10:37:08+00:00,0.27
2025-12-02 10:38:08+00:00,0.27
2025-12-02 10:39:08+00:00,0.27
2025-12-02 10:40:09+00:00,0.27
2025-12-02 10:41:08+00:00,0.27
2025-12-02 10:42:08+00:00,0.27
2025-12-02 10:43:09+00:00,0.27
2025-12-02 10:44:08+00:00,0.27
2025-12-02 10:45:09+00:00,0.27
2025-12-02 10:46:09+00:00,0.27
2025-12-02 10:47:09+00:00,0.27
2025-12-02 10:48:09+00:00,0.27
2025-12-02 10:49:08+00:00,0.27
2025-12-02 10:50:10+00:00,0.27
2025-12-02 10:51:08+00:00,0.27
2025-12-02 10:52:22+00:00,0.27
2025-12-02 10:53:08+00:00,0.27
2025-12-02 10:54:08+00:00,0.27
2025-12-02 10:55:11+00:00,0.27
2025-12-02 10:56:08+00:00,0.27
2025-12-02 10:57:08+00:00,0.27
2025-12-02 10:58:08+00:00,0.27
2025-12-02 10:59:08+00:00,0.27
2025-12-02 11:00:27+00:00,0.27
2025-12-02 11:01:09+00:00,0.27
2025-12-02 11:02:09+00:00,0.27
2025-12-02 11:03:08+00:00,0.27
2025-12-02 11:04:09+00:00,0.27
2025-12-02 11:05:09+00:00,0.27
2025-12-02 11:06:08+00:00,0.27
2025-12-02 11:07:08+00:00,0.27
2025-12-02 11:08:09+00:00,0.27
2025-12-02 11:09:08+00:00,0.27
2025-12-02 11:10:10+00:00,0.27
2025-12-02 11:11:08+00:00,0.27
2025-12-02 11:12:08+00:00,0.27
2025-12-02 11:13:08+00:00,0.27
2025-12-02 11:14:08+00:00,0.27
2025-12-02 11:15:09+00:00,0.27
2025-12-02 11:16:08+00:00,0.27
2025-12-02 11:17:08+00:00,0.275
2025-12-02 11:18:08+00:00,0.275
2025-12-02 11:19:09+00:00,0.275
2025-12-02 11:20:10+00:00,0.275
2025-12-02 11:21:09+00:00,0.275
2025-12-02 11:22:10+00:00,0.275
2025-12-02 11:23:08+00:00,0.275
2025-12-02 11:24:08+00:00,0.275
2025-12-02 11:25:09+00:00,0.275
2025-12-02 11:26:22+00:00,0.275
2025-12-02 11:27:09+00:00,0.275
2025-12-02 11:28:09+00:00,0.275
2025-12-02 11:29:09+00:00,0.275
2025-12-02 11:30:13+00:00,0.275
2025-12-02 11:31:08+00:00,0.275
2025-12-02 11:32:09+00:00,0.275
2025-12-02 11:33:08+00:00,0.275
2025-12-02 11:34:08+00:00,0.275
2025-12-02 11:35:09+00:00,0.275
2025-12-02 11:36:09+00:00,0.275
2025-12-02 11:37:08+00:00,0.275
2025-12-02 11:38:09+00:00,0.32
2025-12-02 11:39:08+00:00,0.32
2025-12-02 11:40:10+00:00,0.32
2025-12-02 11:41:09+00:00,0.32
2025-12-02 11:42:09+00:00,0.315
2025-12-02 11:43:09+00:00,0.315
2025-12-02 11:44:09+00:00,0.32
2025-12-02 11:45:09+00:00,0.32
2025-12-02 11:46:09+00:00,0.32
2025-12-02 11:47:09+00:00,0.32
2025-12-02 11:48:09+00:00,0.32
2025-12-02 11:49:08+00:00,0.325
2025-12-02 11:50:10+00:00,0.325
2025-12-02 11:51:08+00:00,0.325
2025-12-02 11:52:23+00:00,0.325
2025-12-02 11:53:09+00:00,0.325
2025-12-02 11:54:09+00:00,0.325
2025-12-02 11:55:12+00:00,0.325
2025-12-02 11:56:09+00:00,0.325
2025-12-02 11:57:09+00:00,0.325
2025-12-02 11:58:09+00:00,0.32
2025-12-02 11:59:08+00:00,0.32
2025-12-02 12:00:33+00:00,0.32
2025-12-02 12:01:09+00:00,0.32
2025-12-02 12:02:09+00:00,0.325
2025-12-02 12:03:08+00:00,0.325
2025-12-02 12:04:08+00:00,0.325
2025-12-02 12:05:10+00:00,0.325
2025-12-02 12:06:09+00:00,0.325
2025-12-02 12:07:08+00:00,0.325
2025-12-02 12:08:14+00:00,0.32
2025-12-02 12:09:09+00:00,0.32
2025-12-02 12:10:10+00:00,0.32
2025-12-02 12:11:08+00:00,0.32
2025-12-02 12:12:08+00:00,0.315
2025-12-02 12:13:08+00:00,0.315
2025-12-02 12:14:08+00:00,0.315
2025-12-02 12:15:10+00:00,0.315
2025-12-02 12:16:08+00:00,0.315
2025-12-02 12:17:08+00:00,0.315
2025-12-02 12:18:09+00:00,0.315
2025-12-02 12:19:09+00:00,0.315
2025-12-02 12:20:10+00:00,0.315
2025-12-02 12:21:08+00:00,0.315
2025-12-02 12:22:09+00:00,0.31
2025-12-02 12:23:09+00:00,0.31
2025-12-02 12:24:09+00:00,0.31
2025-12-02 12:25:10+00:00,0.31
2025-12-02 12:26:22+00:00,0.31
2025-12-02 12:27:08+00:00,0.31
2025-12-02 12:28:08+00:00,0.31
2025-12-02 12:29:08+00:00,0.31
2025-12-02 12:30:13+00:00,0.31
2025-12-02 12:31:09+00:00,0.31
2025-12-02 12:32:09+00:00,0.31
2025-12-02 12:33:09+00:00,0.31
2025-12-02 12:34:09+00:00,0.31
2025-12-02 12:35:09+00:00,0.31
2025-12-02 12:36:08+00:00,0.31
2025-12-02 12:37:08+00:00,0.31
2025-12-02 12:38:09+00:00,0.31
2025-12-02 12:39:08+00:00,0.31
2025-12-02 12:40:10+00:00,0.31
2025-12-02 12:41:08+00:00,0.31
2025-12-02 12:42:09+00:00,0.31
2025-12-02 12:43:09+00:00,0.31
2025-12-02 12:44:09+00:00,0.31
2025-12-02 12:45:09+00:00,0.31
2025-12-02 12:46:09+00:00,0.31
2025-12-02 12:47:08+00:00,0.31
2025-12-02 12:48:09+00:00,0.31
2025-12-02 12:49:09+00:00,0.31
2025-12-02 12:50:09+00:00,0.31
2025-12-02 12:51:08+00:00,0.31
2025-12-02 12:52:21+00:00,0.31
2025-12-02 12:53:08+00:00,0.31
2025-12-02 12:54:09+00:00,0.31
2025-12-02 12:55:12+00:00,0.31
2025-12-02 12:56:08+00:00,0.31
2025-12-02 12:57:09+00:00,0.305
2025-12-02 12:58:09+00:00,0.305
2025-12-02 12:59:09+00:00,0.305
2025-12-02 13:00:26+00:00,0.305
2025-12-02 13:01:09+00:00,0.305
2025-12-02 13:02:09+00:00,0.305
2025-12-02 13:03:09+00:00,0.305
2025-12-02 13:04:09+00:00,0.305
2025-12-02 13:05:09+00:00,0.305
2025-12-02 13:06:09+00:00,0.3
2025-12-02 13:07:08+00:00,0.3
2025-12-02 13:08:08+00:00,0.3
2025-12-02 13:09:09+00:00,0.3
2025-12-02 13:10:09+00:00,0.3
2025-12-02 13:11:08+00:00,0.3
2025-12-02 13:12:08+00:00,0.3
2025-12-02 13:13:08+00:00,0.295
2025-12-02 13:14:09+00:00,0.3
2025-12-02 13:15:09+00:00,0.295
2025-12-02 13:16:09+00:00,0.295
2025-12-02 13:17:08+00:00,0.295
2025-12-02 13:18:09+00:00,0.295
2025-12-02 13:19:08+00:00,0.295
2025-12-02 13:20:10+00:00,0.295
2025-12-02 13:21:09+00:00,0.295
2025-12-02 13:22:09+00:00,0.295
2025-12-02 13:23:09+00:00,0.295
2025-12-02 13:24:09+00:00,0.295
2025-12-02 13:25:09+00:00,0.295
2025-12-02 13:26:22+00:00,0.295
2025-12-02 13:27:08+00:00,0.285
2025-12-02 13:28:08+00:00,0.285
2025-12-02 13:29:08+00:00,0.285
2025-12-02 13:30:13+00:00,0.285
2025-12-02 13:31:08+00:00,0.285
2025-12-02 13:32:08+00:00,0.285
2025-12-02 13:33:09+00:00,0.285
2025-12-02 13:34:09+00:00,0.285
2025-12-02 13:35:09+00:00,0.285
2025-12-02 13:36:09+00:00,0.285
2025-12-02 13:37:09+00:00,0.285
2025-12-02 13:38:09+00:00,0.29
2025-12-02 13:39:09+00:00,0.29
2025-12-02 13:40:10+00:00,0.29
2025-12-02 13:41:08+00:00,0.295
2025-12-02 13:42:08+00:00,0.295
2025-12-02 13:43:08+00:00,0.295
2025-12-02 13:44:09+00:00,0.295
2025-12-02 13:45:10+00:00,0.295
2025-12-02 13:46:08+00:00,0.295
2025-12-02 13:47:09+00:00,0.295
2025-12-02 13:48:11+00:00,0.295
2025-12-02 13:49:08+00:00,0.295
2025-12-02 13:50:09+00:00,0.295
2025-12-02 13:51:08+00:00,0.295
2025-12-02 13:52:22+00:00,0.295
2025-12-02 13:53:08+00:00,0.295
2025-12-02 13:54:09+00:00,0.295
2025-12-02 13:55:12+00:00,0.295
2025-12-02 13:56:08+00:00,0.31
2025-12-02 13:57:08+00:00,0.31
2025-12-02 13:58:08+00:00,0.32
2025-12-02 13:59:09+00:00,0.32
2025-12-02 14:00:27+00:00,0.32
2025-12-02 14:01:09+00:00,0.32
2025-12-02 14:02:09+00:00,0.315
2025-12-02 14:03:09+00:00,0.315
2025-12-02 14:04:09+00:00,0.315
2025-12-02 14:05:10+00:00,0.315
2025-12-02 14:06:09+00:00,0.315
2025-12-02 14:07:09+00:00,0.315
2025-12-02 14:08:08+00:00,0.315
2025-12-02 14:09:08+00:00,0.315
2025-12-02 14:10:10+00:00,0.315
2025-12-02 14:11:08+00:00,0.315
2025-12-02 14:12:08+00:00,0.315
2025-12-02 14:13:09+00:00,0.33
2025-12-02 14:14:08+00:00,0.33
2025-12-02 14:15:10+00:00,0.315
2025-12-02 14:16:09+00:00,0.33
2025-12-02 14:17:08+00:00,0.33
2025-12-02 14:18:09+00:00,0.33
2025-12-02 14:19:08+00:00,0.33
2025-12-02 14:20:10+00:00,0.33
2025-12-02 14:21:09+00:00,0.33
2025-12-02 14:22:08+00:00,0.33
2025-12-02 14:23:08+00:00,0.33
2025-12-02 14:24:08+00:00,0.33
2025-12-02 14:25:10+00:00,0.33
2025-12-02 14:26:23+00:00,0.33
2025-12-02 14:27:08+00:00,0.33
2025-12-02 14:28:08+00:00,0.33
2025-12-02 14:29:09+00:00,0.33
2025-12-02 14:30:14+00:00,0.33
2025-12-02 14:31:09+00:00,0.33
2025-12-02 14:32:09+00:00,0.33
2025-12-02 14:33:09+00:00,0.33
2025-12-02 14:34:14+00:00,0.33
2025-12-02 14:35:09+00:00,0.33
2025-12-02 14:36:09+00:00,0.325
2025-12-02 14:37:09+00:00,0.33
2025-12-02 14:38:09+00:00,0.33
2025-12-02 14:39:08+00:00,0.33
2025-12-02 14:40:10+00:00,0.33
2025-12-02 14:41:09+00:00,0.33
2025-12-02 14:42:08+00:00,0.33
2025-12-02 14:43:09+00:00,0.33
2025-12-02 14:44:09+00:00,0.325
2025-12-02 14:45:09+00:00,0.325
2025-12-02 14:46:09+00:00,0.33
2025-12-02 14:47:08+00:00,0.33
2025-12-02 14:48:09+00:00,0.33
2025-12-02 14:49:09+00:00,0.33
2025-12-02 14:50:10+00:00,0.33
2025-12-02 14:51:09+00:00,0.33
2025-12-02 14:52:22+00:00,0.33
2025-12-02 14:53:08+00:00,0.33
2025-12-02 14:54:08+00:00,0.33
2025-12-02 14:55:13+00:00,0.33
2025-12-02 14:56:09+00:00,0.33
2025-12-02 14:57:09+00:00,0.33
2025-12-02 14:58:10+00:00,0.33
2025-12-02 14:59:09+00:00,0.33
2025-12-02 15:00:27+00:00,0.33
2025-12-02 15:01:09+00:00,0.33
2025-12-02 15:02:08+00:00,0.355
2025-12-02 15:03:09+00:00,0.355
2025-12-02 15:04:09+00:00,0.355
2025-12-02 15:05:09+00:00,0.355
2025-12-02 15:06:09+00:00,0.35
2025-12-02 15:07:08+00:00,0.35
2025-12-02 15:08:09+00:00,0.35
2025-12-02 15:09:09+00:00,0.35
2025-12-02 15:10:10+00:00,0.35
2025-12-02 15:11:09+00:00,0.35
2025-12-02 15:12:09+00:00,0.35
2025-12-02 15:13:08+00:00,0.35
2025-12-02 15:14:08+00:00,0.35
2025-12-02 15:15:10+00:00,0.355
2025-12-02 15:16:09+00:00,0.345
2025-12-02 15:17:09+00:00,0.345
2025-12-02 15:18:09+00:00,0.35
2025-12-02 15:19:09+00:00,0.35
2025-12-02 15:20:10+00:00,0.35
2025-12-02 15:21:09+00:00,0.35
2025-12-02 15:22:08+00:00,0.35
2025-12-02 15:23:08+00:00,0.35
2025-12-02 15:24:09+00:00,0.35
2025-12-02 15:25:10+00:00,0.345
2025-12-02 15:26:22+00:00,0.34
2025-12-02 15:27:08+00:00,0.34
2025-12-02 15:28:08+00:00,0.335
2025-12-02 15:29:08+00:00,0.345
2025-12-02 15:30:13+00:00,0.345
2025-12-02 15:31:09+00:00,0.35
2025-12-02 15:32:08+00:00,0.35
2025-12-02 15:33:09+00:00,0.345
2025-12-02 15:34:09+00:00,0.345
2025-12-02 15:35:09+00:00,0.34
2025-12-02 15:36:08+00:00,0.315
2025-12-02 15:37:08+00:00,0.31
2025-12-02 15:38:08+00:00,0.31
2025-12-02 15:39:09+00:00,0.31
2025-12-02 15:40:10+00:00,0.31
2025-12-02 15:41:09+00:00,0.31
2025-12-02 15:42:09+00:00,0.31
2025-12-02 15:43:08+00:00,0.31
2025-12-02 15:44:08+00:00,0.31
2025-12-02 15:45:09+00:00,0.31
2025-12-02 15:46:08+00:00,0.31
2025-12-02 15:47:08+00:00,0.31
2025-12-02 15:48:09+00:00,0.31
2025-12-02 15:49:08+00:00,0.31
2025-12-02 15:50:10+00:00,0.31
2025-12-02 15:51:09+00:00,0.31
2025-12-02 15:52:23+00:00,0.31
2025-12-02 15:53:09+00:00,0.31
2025-12-02 15:54:09+00:00,0.31
2025-12-02 15:55:12+00:00,0.31
2025-12-02 15:56:08+00:00,0.31
2025-12-02 15:57:08+00:00,0.31
2025-12-02 15:58:09+00:00,0.31
2025-12-02 15:59:09+00:00,0.31
2025-12-02 16:00:11+00:00,0.31
2025-12-02 16:01:09+00:00,0.31
2025-12-02 16:02:09+00:00,0.31
2025-12-02 16:03:09+00:00,0.31
2025-12-02 16:04:09+00:00,0.31
2025-12-02 16:05:09+00:00,0.31
2025-12-02 16:06:09+00:00,0.31
2025-12-02 16:07:09+00:00,0.31
2025-12-02 16:08:09+00:00,0.31
2025-12-02 16:09:09+00:00,0.31
2025-12-02 16:10:09+00:00,0.31
2025-12-02 16:11:09+00:00,0.31
2025-12-02 16:12:08+00:00,0.31
2025-12-02 16:13:08+00:00,0.31
2025-12-02 16:14:10+00:00,0.31
2025-12-02 16:15:09+00:00,0.31
2025-12-02 16:16:09+00:00,0.31
2025-12-02 16:17:09+00:00,0.31
2025-12-02 16:18:23+00:00,0.31
2025-12-02 16:19:09+00:00,0.31
2025-12-02 16:20:13+00:00,0.31
2025-12-02 16:21:09+00:00,0.31
2025-12-02 16:22:09+00:00,0.31
2025-12-02 16:23:09+00:00,0.31
2025-12-02 16:24:09+00:00,0.31
2025-12-02 16:25:10+00:00,0.31
2025-12-02 16:26:09+00:00,0.31
2025-12-02 16:27:08+00:00,0.31
2025-12-02 16:28:09+00:00,0.31
2025-12-02 16:29:08+00:00,0.31
2025-12-02 16:30:11+00:00,0.31
2025-12-02 16:31:09+00:00,0.31
2025-12-02 16:32:09+00:00,0.31
2025-12-02 16:33:09+00:00,0.315
2025-12-02 16:34:09+00:00,0.315
2025-12-02 16:35:09+00:00,0.315
2025-12-02 16:36:09+00:00,0.315
2025-12-02 16:37:09+00:00,0.315
2025-12-02 16:38:09+00:00,0.315
2025-12-02 16:39:09+00:00,0.315
2025-12-02 16:40:10+00:00,0.315
2025-12-02 16:41:08+00:00,0.315
2025-12-02 16:42:09+00:00,0.315
2025-12-02 16:43:08+00:00,0.32
2025-12-02 16:44:24+00:00,0.32
2025-12-02 16:45:13+00:00,0.32
2025-12-02 16:46:09+00:00,0.32
2025-12-02 16:47:09+00:00,0.32
2025-12-02 16:48:09+00:00,0.32
2025-12-02 16:49:09+00:00,0.325
2025-12-02 16:50:10+00:00,0.355
2025-12-02 16:51:09+00:00,0.355
2025-12-02 16:52:09+00:00,0.355
2025-12-02 16:53:09+00:00,0.355
2025-12-02 16:54:09+00:00,0.355
2025-12-02 16:55:10+00:00,0.355
2025-12-02 16:56:09+00:00,0.355
2025-12-02 16:57:08+00:00,0.355
2025-12-02 16:58:09+00:00,0.355
2025-12-02 16:59:08+00:00,0.355
2025-12-02 17:00:32+00:00,0.355
2025-12-02 17:01:09+00:00,0.355
2025-12-02 17:02:09+00:00,0.355
2025-12-02 17:03:08+00:00,0.355
2025-12-02 17:04:09+00:00,0.355
2025-12-02 17:05:09+00:00,0.355
2025-12-02 17:06:08+00:00,0.355
2025-12-02 17:07:08+00:00,0.355
2025-12-02 17:08:09+00:00,0.355
2025-12-02 17:09:09+00:00,0.355
2025-12-02 17:10:10+00:00,0.355
2025-12-02 17:11:08+00:00,0.355
2025-12-02 17:12:09+00:00,0.355
2025-12-02 17:13:09+00:00,0.355
2025-12-02 17:14:09+00:00,0.355
2025-12-02 17:15:09+00:00,0.345
2025-12-02 17:16:09+00:00,0.345
2025-12-02 17:17:09+00:00,0.345
2025-12-02 17:18:10+00:00,0.345
2025-12-02 17:19:09+00:00,0.345
2025-12-02 17:20:10+00:00,0.345
2025-12-02 17:21:08+00:00,0.345
2025-12-02 17:22:09+00:00,0.345
2025-12-02 17:23:08+00:00,0.345
2025-12-02 17:24:09+00:00,0.345
2025-12-02 17:25:10+00:00,0.345
2025-12-02 17:26:20+00:00,0.345
2025-12-02 17:27:09+00:00,0.345
2025-12-02 17:28:09+00:00,0.345
2025-12-02 17:29:09+00:00,0.345
2025-12-02 17:30:14+00:00,0.345
2025-12-02 17:31:09+00:00,0.345
2025-12-02 17:32:13+00:00,0.345
2025-12-02 17:33:09+00:00,0.345
2025-12-02 17:34:09+00:00,0.345
2025-12-02 17:35:10+00:00,0.345
2025-12-02 17:36:09+00:00,0.345
2025-12-02 17:37:09+00:00,0.345
2025-12-02 17:38:09+00:00,0.345
2025-12-02 17:39:09+00:00,0.345
2025-12-02 17:40:09+00:00,0.345
2025-12-02 17:41:08+00:00,0.345
2025-12-02 17:42:09+00:00,0.345
2025-12-02 17:43:08+00:00,0.345
2025-12-02 17:44:09+00:00,0.345
2025-12-02 17:45:10+00:00,0.345
2025-12-02 17:46:09+00:00,0.345
2025-12-02 17:47:09+00:00,0.345
2025-12-02 17:48:09+00:00,0.345
2025-12-02 17:49:08+00:00,0.345
2025-12-02 17:50:09+00:00,0.345
2025-12-02 17:51:09+00:00,0.345
2025-12-02 17:52:21+00:00,0.345
2025-12-02 17:53:09+00:00,0.345
2025-12-02 17:54:09+00:00,0.345
2025-12-02 17:55:13+00:00,0.345
2025-12-02 17:56:09+00:00,0.345
2025-12-02 17:57:09+00:00,0.345
2025-12-02 17:58:09+00:00,0.345
2025-12-02 17:59:09+00:00,0.345
2025-12-02 18:00:30+00:00,0.345
2025-12-02 18:01:09+00:00,0.345
2025-12-02 18:02:09+00:00,0.345
2025-12-02 18:03:09+00:00,0.345
2025-12-02 18:04:09+00:00,0.345
2025-12-02 18:05:09+00:00,0.345
2025-12-02 18:06:08+00:00,0.345
2025-12-02 18:07:09+00:00,0.345
2025-12-02 18:08:08+00:00,0.345
2025-12-02 18:09:09+00:00,0.345
2025-12-02 18:10:10+00:00,0.345
2025-12-02 18:11:09+00:00,0.345
2025-12-02 18:12:09+00:00,0.345
2025-12-02 18:13:09+00:00,0.345
2025-12-02 18:14:10+00:00,0.345
2025-12-02 18:15:09+00:00,0.345
2025-12-02 18:16:09+00:00,0.345
2025-12-02 18:17:09+00:00,0.345
2025-12-02 18:18:09+00:00,0.345
2025-12-02 18:19:09+00:00,0.345
2025-12-02 18:20:10+00:00,0.345
2025-12-02 18:21:08+00:00,0.345
2025-12-02 18:22:08+00:00,0.345
2025-12-02 18:23:09+00:00,0.345
2025-12-02 18:24:09+00:00,0.345
2025-12-02 18:25:10+00:00,0.345
2025-12-02 18:26:24+00:00,0.345
2025-12-02 18:27:09+00:00,0.345
2025-12-02 18:28:09+00:00,0.345
2025-12-02 18:29:09+00:00,0.345
2025-12-02 18:30:15+00:00,0.345
2025-12-02 18:31:09+00:00,0.345
2025-12-02 18:32:22+00:00,0.345
2025-12-02 18:33:09+00:00,0.345
2025-12-02 18:34:09+00:00,0.345
2025-12-02 18:35:10+00:00,0.35
2025-12-02 18:36:09+00:00,0.35
2025-12-02 18:37:10+00:00,0.35
2025-12-02 18:38:09+00:00,0.35
2025-12-02 18:39:09+00:00,0.35
2025-12-02 18:40:12+00:00,0.35
2025-12-02 18:41:09+00:00,0.35
2025-12-02 18:42:10+00:00,0.35
2025-12-02 18:43:09+00:00,0.35
2025-12-02 18:44:09+00:00,0.35
2025-12-02 18:45:10+00:00,0.35
2025-12-02 18:46:09+00:00,0.35
2025-12-02 18:47:09+00:00,0.35
2025-12-02 18:48:09+00:00,0.35
2025-12-02 18:49:09+00:00,0.35
2025-12-02 18:50:10+00:00,0.35
2025-12-02 18:51:09+00:00,0.35
2025-12-02 18:52:22+00:00,0.35
2025-12-02 18:53:09+00:00,0.35
2025-12-02 18:54:09+00:00,0.35
2025-12-02 18:55:13+00:00,0.35
2025-12-02 18:56:09+00:00,0.35
2025-12-02 18:57:09+00:00,0.35
2025-12-02 18:58:09+00:00,0.35
2025-12-02 18:59:09+00:00,0.35
2025-12-02 19:00:30+00:00,0.35
2025-12-02 19:01:09+00:00,0.35
2025-12-02 19:02:09+00:00,0.35
2025-12-02 19:03:09+00:00,0.35
2025-12-02 19:04:09+00:00,0.35
2025-12-02 19:05:10+00:00,0.35
2025-12-02 19:06:09+00:00,0.35
2025-12-02 19:07:08+00:00,0.35
2025-12-02 19:08:09+00:00,0.35
2025-12-02 19:09:09+00:00,0.35
2025-12-02 19:10:10+00:00,0.35
2025-12-02 19:11:09+00:00,0.35
2025-12-02 19:12:09+00:00,0.35
2025-12-02 19:13:09+00:00,0.35
2025-12-02 19:14:09+00:00,0.35
2025-12-02 19:15:10+00:00,0.35
2025-12-02 19:16:09+00:00,0.35
2025-12-02 19:17:09+00:00,0.35
2025-12-02 19:18:10+00:00,0.35
2025-12-02 19:19:08+00:00,0.35
2025-12-02 19:20:10+00:00,0.35
2025-12-02 19:21:09+00:00,0.35
2025-12-02 19:22:09+00:00,0.35
2025-12-02 19:23:08+00:00,0.35
2025-12-02 19:24:09+00:00,0.35
2025-12-02 19:25:10+00:00,0.35
2025-12-02 19:26:26+00:00,0.35
2025-12-02 19:27:09+00:00,0.35
2025-12-02 19:28:09+00:00,0.35
2025-12-02 19:29:09+00:00,0.35
2025-12-02 19:30:28+00:00,0.35
2025-12-02 19:31:09+00:00,0.35
2025-12-02 19:32:09+00:00,0.345
2025-12-02 19:33:09+00:00,0.345
2025-12-02 19:34:09+00:00,0.345
2025-12-02 19:35:10+00:00,0.345
2025-12-02 19:36:09+00:00,0.345
2025-12-02 19:37:09+00:00,0.345
2025-12-02 19:38:09+00:00,0.345
2025-12-02 19:39:09+00:00,0.345
2025-12-02 19:40:10+00:00,0.345
2025-12-02 19:41:09+00:00,0.345
2025-12-02 19:42:09+00:00,0.345
2025-12-02 19:43:09+00:00,0.345
2025-12-02 19:44:09+00:00,0.345
2025-12-02 19:45:10+00:00,0.345
2025-12-02 19:46:08+00:00,0.345
2025-12-02 19:47:09+00:00,0.345
2025-12-02 19:48:09+00:00,0.345
2025-12-02 19:49:09+00:00,0.345
2025-12-02 19:50:11+00:00,0.345
2025-12-02 19:51:10+00:00,0.345
2025-12-02 19:52:21+00:00,0.345
2025-12-02 19:53:08+00:00,0.345
2025-12-02 19:54:08+00:00,0.345
2025-12-02 19:55:13+00:00,0.345
2025-12-02 19:56:08+00:00,0.345
2025-12-02 19:57:09+00:00,0.345
2025-12-02 19:58:09+00:00,0.345
2025-12-02 19:59:09+00:00,0.345
2025-12-02 20:00:28+00:00,0.345
2025-12-02 20:01:10+00:00,0.345
2025-12-02 20:02:09+00:00,0.345
2025-12-02 20:03:09+00:00,0.345
2025-12-02 20:04:09+00:00,0.345
2025-12-02 20:05:10+00:00,0.345
2025-12-02 20:06:09+00:00,0.345
2025-12-02 20:07:09+00:00,0.35
2025-12-02 20:08:09+00:00,0.35
2025-12-02 20:09:09+00:00,0.35
2025-12-02 20:10:10+00:00,0.35
2025-12-02 20:11:09+00:00,0.35
2025-12-02 20:12:09+00:00,0.35
2025-12-02 20:13:08+00:00,0.35
2025-12-02 20:14:09+00:00,0.35
2025-12-02 20:15:10+00:00,0.35
2025-12-02 20:16:09+00:00,0.35
2025-12-02 20:17:08+00:00,0.35
2025-12-02 20:18:09+00:00,0.35
2025-12-02 20:19:09+00:00,0.35
2025-12-02 20:20:10+00:00,0.35
2025-12-02 20:21:09+00:00,0.35
2025-12-02 20:22:09+00:00,0.35
2025-12-02 20:23:09+00:00,0.35
2025-12-02 20:24:08+00:00,0.35
2025-12-02 20:25:10+00:00,0.35
2025-12-02 20:26:22+00:00,0.35
2025-12-02 20:27:09+00:00,0.35
2025-12-02 20:28:09+00:00,0.35
2025-12-02 20:29:09+00:00,0.35
2025-12-02 20:30:15+00:00,0.35
2025-12-02 20:31:08+00:00,0.35
2025-12-02 20:32:09+00:00,0.35
2025-12-02 20:33:09+00:00,0.35
2025-12-02 20:34:09+00:00,0.35
2025-12-02 20:35:10+00:00,0.35
2025-12-02 20:36:09+00:00,0.35
2025-12-02 20:37:09+00:00,0.35
2025-12-02 20:38:09+00:00,0.35
2025-12-02 20:39:09+00:00,0.35
2025-12-02 20:40:10+00:00,0.35
2025-12-02 20:41:09+00:00,0.35
2025-12-02 20:42:09+00:00,0.35
2025-12-02 20:43:09+00:00,0.35
2025-12-02 20:44:08+00:00,0.35
2025-12-02 20:45:10+00:00,0.35
2025-12-02 20:46:09+00:00,0.35
2025-12-02 20:47:09+00:00,0.35
2025-12-02 20:48:09+00:00,0.35
2025-12-02 20:49:08+00:00,0.35
2025-12-02 20:50:10+00:00,0.35
2025-12-02 20:51:09+00:00,0.35
2025-12-02 20:52:23+00:00,0.35
2025-12-02 20:53:09+00:00,0.35
2025-12-02 20:54:08+00:00,0.35
2025-12-02 20:55:13+00:00,0.35
2025-12-02 20:56:09+00:00,0.35
2025-12-02 20:57:10+00:00,0.35
2025-12-02 20:58:09+00:00,0.35
2025-12-02 20:59:08+00:00,0.35
2025-12-02 21:00:32+00:00,0.35
2025-12-02 21:01:09+00:00,0.35
2025-12-02 21:02:10+00:00,0.35
2025-12-02 21:03:09+00:00,0.35
2025-12-02 21:04:09+00:00,0.35
2025-12-02 21:05:10+00:00,0.35
2025-12-02 21:06:11+00:00,0.35
2025-12-02 21:07:09+00:00,0.35
2025-12-02 21:08:09+00:00,0.35
2025-12-02 21:09:09+00:00,0.35
2025-12-02 21:10:09+00:00,0.35
2025-12-02 21:11:09+00:00,0.35
2025-12-02 21:12:09+00:00,0.35
2025-12-02 21:13:09+00:00,0.35
2025-12-02 21:14:09+00:00,0.35
2025-12-02 21:15:09+00:00,0.35
2025-12-02 21:16:09+00:00,0.35
2025-12-02 21:17:09+00:00,0.35
2025-12-02 21:18:09+00:00,0.35
2025-12-02 21:19:08+00:00,0.35
2025-12-02 21:20:10+00:00,0.35
2025-12-02 21:21:09+00:00,0.35
2025-12-02 21:22:09+00:00,0.35
2025-12-02 21:23:09+00:00,0.35
2025-12-02 21:24:09+00:00,0.35
2025-12-02 21:25:10+00:00,0.35
2025-12-02 21:26:24+00:00,0.35
2025-12-02 21:27:09+00:00,0.35
2025-12-02 21:28:09+00:00,0.35
2025-12-02 21:29:09+00:00,0.35
2025-12-02 21:30:16+00:00,0.35
2025-12-02 21:31:09+00:00,0.35
2025-12-02 21:32:09+00:00,0.35
2025-12-02 21:33:09+00:00,0.35
2025-12-02 21:34:09+00:00,0.35
2025-12-02 21:35:09+00:00,0.35
2025-12-02 21:36:10+00:00,0.35
2025-12-02 21:37:09+00:00,0.35
2025-12-02 21:38:10+00:00,0.35
2025-12-02 21:39:09+00:00,0.35
2025-12-02 21:40:10+00:00,0.35
2025-12-02 21:41:09+00:00,0.35
2025-12-02 21:42:09+00:00,0.35
2025-12-02 21:43:09+00:00,0.35
2025-12-02 21:44:09+00:00,0.35
2025-12-02 21:45:10+00:00,0.35
2025-12-02 21:46:09+00:00,0.35
2025-12-02 21:47:08+00:00,0.35
2025-12-02 21:48:09+00:00,0.35
2025-12-02 21:49:09+00:00,0.35
2025-12-02 21:50:10+00:00,0.35
2025-12-02 21:51:09+00:00,0.35
2025-12-02 21:52:26+00:00,0.35
2025-12-02 21:53:09+00:00,0.35
2025-12-02 21:54:09+00:00,0.35
2025-12-02 21:55:13+00:00,0.35
2025-12-02 21:56:09+00:00,0.35
2025-12-02 21:57:09+00:00,0.35
2025-12-02 21:58:09+00:00,0.35
2025-12-02 21:59:09+00:00,0.35
2025-12-02 22:00:29+00:00,0.35
2025-12-02 22:01:09+00:00,0.35
2025-12-02 22:02:09+00:00,0.365
2025-12-02 22:03:09+00:00,0.365
2025-12-02 22:04:09+00:00,0.365
2025-12-02 22:05:09+00:00,0.365
2025-12-02 22:06:09+00:00,0.365
2025-12-02 22:07:09+00:00,0.365
2025-12-02 22:08:09+00:00,0.365
2025-12-02 22:09:09+00:00,0.365
2025-12-02 22:10:10+00:00,0.365
2025-12-02 22:11:09+00:00,0.37
2025-12-02 22:12:09+00:00,0.37
2025-12-02 22:13:09+00:00,0.37
2025-12-02 22:14:09+00:00,0.37
2025-12-02 22:15:10+00:00,0.37
2025-12-02 22:16:10+00:00,0.37
2025-12-02 22:17:09+00:00,0.37
2025-12-02 22:18:09+00:00,0.37
2025-12-02 22:19:09+00:00,0.37
2025-12-02 22:20:10+00:00,0.37
2025-12-02 22:21:09+00:00,0.37
2025-12-02 22:22:09+00:00,0.37
2025-12-02 22:23:09+00:00,0.37
2025-12-02 22:24:09+00:00,0.37
2025-12-02 22:25:10+00:00,0.37
2025-12-02 22:26:22+00:00,0.37
2025-12-02 22:27:09+00:00,0.35
2025-12-02 22:28:09+00:00,0.35
2025-12-02 22:29:09+00:00,0.335
2025-12-02 22:30:15+00:00,0.335
2025-12-02 22:31:09+00:00,0.335
2025-12-02 22:32:10+00:00,0.335
2025-12-02 22:33:09+00:00,0.335
2025-12-02 22:34:09+00:00,0.335
2025-12-02 22:35:10+00:00,0.335
2025-12-02 22:36:09+00:00,0.335
2025-12-02 22:37:09+00:00,0.335
2025-12-02 22:38:09+00:00,0.335
2025-12-02 22:39:09+00:00,0.335
2025-12-02 22:40:10+00:00,0.335
2025-12-02 22:41:08+00:00,0.335
2025-12-02 22:42:09+00:00,0.335
2025-12-02 22:43:09+00:00,0.335
2025-12-02 22:44:09+00:00,0.335
2025-12-02 22:45:10+00:00,0.335
2025-12-02 22:46:09+00:00,0.345
2025-12-02 22:47:09+00:00,0.345
2025-12-02 22:48:09+00:00,0.345
2025-12-02 22:49:09+00:00,0.345
2025-12-02 22:50:10+00:00,0.345
2025-12-02 22:51:09+00:00,0.345
2025-12-02 22:52:23+00:00,0.345
2025-12-02 22:53:09+00:00,0.345
2025-12-02 22:54:09+00:00,0.345
2025-12-02 22:55:13+00:00,0.345
2025-12-02 22:56:09+00:00,0.345
2025-12-02 22:57:09+00:00,0.345
2025-12-02 22:58:09+00:00,0.345
2025-12-02 22:59:09+00:00,0.345
2025-12-02 23:00:28+00:00,0.345
2025-12-02 23:01:09+00:00,0.345
2025-12-02 23:02:09+00:00,0.35
2025-12-02 23:03:09+00:00,0.35
2025-12-02 23:04:09+00:00,0.35
2025-12-02 23:05:10+00:00,0.35
2025-12-02 23:06:09+00:00,0.35
2025-12-02 23:07:09+00:00,0.35
2025-12-02 23:08:08+00:00,0.35
2025-12-02 23:09:09+00:00,0.35
2025-12-02 23:10:10+00:00,0.35
2025-12-02 23:11:09+00:00,0.35
2025-12-02 23:12:09+00:00,0.35
2025-12-02 23:13:09+00:00,0.35
2025-12-02 23:14:09+00:00,0.35
2025-12-02 23:15:10+00:00,0.35
2025-12-02 23:16:09+00:00,0.36
2025-12-02 23:17:09+00:00,0.37
2025-12-02 23:18:10+00:00,0.37
2025-12-02 23:19:09+00:00,0.37
2025-12-02 23:20:10+00:00,0.37
2025-12-02 23:21:09+00:00,0.37
2025-12-02 23:22:09+00:00,0.37
2025-12-02 23:23:09+00:00,0.37
2025-12-02 23:24:09+00:00,0.37
2025-12-02 23:25:10+00:00,0.37
2025-12-02 23:26:24+00:00,0.37
2025-12-02 23:27:09+00:00,0.37
2025-12-02 23:28:09+00:00,0.37
2025-12-02 23:29:09+00:00,0.37
2025-12-02 23:30:15+00:00,0.365
2025-12-02 23:31:09+00:00,0.365
2025-12-02 23:32:11+00:00,0.365
2025-12-02 23:33:09+00:00,0.365
2025-12-02 23:34:09+00:00,0.355
2025-12-02 23:35:10+00:00,0.355
2025-12-02 23:36:09+00:00,0.355
2025-12-02 23:37:09+00:00,0.355
2025-12-02 23:38:09+00:00,0.355
2025-12-02 23:39:09+00:00,0.355
2025-12-02 23:40:10+00:00,0.355
2025-12-02 23:41:09+00:00,0.355
2025-12-02 23:42:09+00:00,0.355
2025-12-02 23:43:09+00:00,0.36
2025-12-02 23:44:09+00:00,0.36
2025-12-02 23:45:10+00:00,0.36
2025-12-02 23:46:09+00:00,0.36
2025-12-02 23:47:09+00:00,0.36
2025-12-02 23:48:09+00:00,0.36
2025-12-02 23:49:09+00:00,0.36
2025-12-02 23:50:11+00:00,0.36
2025-12-02 23:51:09+00:00,0.36
2025-12-02 23:52:23+00:00,0.355
2025-12-02 23:53:09+00:00,0.35
2025-12-02 23:54:08+00:00,0.35
2025-12-02 23:55:14+00:00,0.35
2025-12-02 23:56:09+00:00,0.35
2025-12-02 23:57:09+00:00,0.35
2025-12-02 23:58:08+00:00,0.35
2025-12-02 23:59:09+00:00,0.35
2025-12-03 00:00:27+00:00,0.35
2025-12-03 00:01:09+00:00,0.35
2025-12-03 00:02:09+00:00,0.35
2025-12-03 00:03:09+00:00,0.35
2025-12-03 00:04:09+00:00,0.345
2025-12-03 00:05:10+00:00,0.345
2025-12-03 00:06:09+00:00,0.365
2025-12-03 00:07:08+00:00,0.365
2025-12-03 00:08:09+00:00,0.365
2025-12-03 00:09:09+00:00,0.365
2025-12-03 00:10:11+00:00,0.365
2025-12-03 00:11:09+00:00,0.37
2025-12-03 00:12:09+00:00,0.37
2025-12-03 00:13:09+00:00,0.37
2025-12-03 00:14:09+00:00,0.37
2025-12-03 00:15:10+00:00,0.37
2025-12-03 00:16:09+00:00,0.375
2025-12-03 00:17:09+00:00,0.375
2025-12-03 00:18:11+00:00,0.375
2025-12-03 00:19:08+00:00,0.375
2025-12-03 00:20:10+00:00,0.375
2025-12-03 00:21:09+00:00,0.375
2025-12-03 00:22:09+00:00,0.375
2025-12-03 00:23:09+00:00,0.375
2025-12-03 00:24:09+00:00,0.375
2025-12-03 00:25:10+00:00,0.375
2025-12-03 00:26:16+00:00,0.375
2025-12-03 00:27:10+00:00,0.375
2025-12-03 00:28:09+00:00,0.38
2025-12-03 00:29:09+00:00,0.38
2025-12-03 00:30:15+00:00,0.38
2025-12-03 00:31:09+00:00,0.38
2025-12-03 00:32:08+00:00,0.38
2025-12-03 00:33:09+00:00,0.38
2025-12-03 00:34:09+00:00,0.38
2025-12-03 00:35:10+00:00,0.365
2025-12-03 00:36:09+00:00,0.365
2025-12-03 00:37:09+00:00,0.365
2025-12-03 00:38:09+00:00,0.355
2025-12-03 00:39:09+00:00,0.355
2025-12-03 00:40:10+00:00,0.355
2025-12-03 00:41:09+00:00,0.345
2025-12-03 00:42:09+00:00,0.345
2025-12-03 00:43:09+00:00,0.345
2025-12-03 00:44:09+00:00,0.345
2025-12-03 00:45:10+00:00,0.345
2025-12-03 00:46:09+00:00,0.35
2025-12-03 00:47:09+00:00,0.35
2025-12-03 00:48:09+00:00,0.355
2025-12-03 00:49:09+00:00,0.355
2025-12-03 00:50:10+00:00,0.355
2025-12-03 00:51:09+00:00,0.355
2025-12-03 00:52:18+00:00,0.355
2025-12-03 00:53:09+00:00,0.355
2025-12-03 00:54:09+00:00,0.355
2025-12-03 00:55:13+00:00,0.355
2025-12-03 00:56:09+00:00,0.355
2025-12-03 00:57:09+00:00,0.355
2025-12-03 00:58:09+00:00,0.355
2025-12-03 00:59:09+00:00,0.355
2025-12-03 01:00:23+00:00,0.355
2025-12-03 01:01:09+00:00,0.355
2025-12-03 01:02:10+00:00,0.355
2025-12-03 01:03:09+00:00,0.355
2025-12-03 01:04:08+00:00,0.355
2025-12-03 01:05:10+00:00,0.355
2025-12-03 01:06:09+00:00,0.355
2025-12-03 01:07:09+00:00,0.355
2025-12-03 01:08:09+00:00,0.355
2025-12-03 01:09:10+00:00,0.355
2025-12-03 01:10:10+00:00,0.355
2025-12-03 01:11:09+00:00,0.355
2025-12-03 01:12:09+00:00,0.355
2025-12-03 01:13:09+00:00,0.355
2025-12-03 01:14:09+00:00,0.355
2025-12-03 01:15:10+00:00,0.355
2025-12-03 01:16:09+00:00,0.355
2025-12-03 01:17:09+00:00,0.355
2025-12-03 01:18:09+00:00,0.355
2025-12-03 01:19:09+00:00,0.355
2025-12-03 01:20:10+00:00,0.355
2025-12-03 01:21:09+00:00,0.355
2025-12-03 01:22:09+00:00,0.355
2025-12-03 01:23:08+00:00,0.355
2025-12-03 01:24:09+00:00,0.355
2025-12-03 01:25:09+00:00,0.355
2025-12-03 01:26:20+00:00,0.355
2025-12-03 01:27:09+00:00,0.355
2025-12-03 01:28:09+00:00,0.355
2025-12-03 01:29:09+00:00,0.355
2025-12-03 01:30:15+00:00,0.355
2025-12-03 01:31:09+00:00,0.355
2025-12-03 01:32:09+00:00,0.355
2025-12-03 01:33:09+00:00,0.355
2025-12-03 01:34:09+00:00,0.355
2025-12-03 01:35:10+00:00,0.355
2025-12-03 01:36:22+00:00,0.35
2025-12-03 01:37:09+00:00,0.35
2025-12-03 01:38:09+00:00,0.35
2025-12-03 01:39:09+00:00,0.35
2025-12-03 01:40:10+00:00,0.35
2025-12-03 01:41:09+00:00,0.35
2025-12-03 01:42:09+00:00,0.35
2025-12-03 01:43:09+00:00,0.35
2025-12-03 01:44:09+00:00,0.35
2025-12-03 01:45:10+00:00,0.35
2025-12-03 01:46:09+00:00,0.35
2025-12-03 01:47:09+00:00,0.35
2025-12-03 01:48:09+00:00,0.35
2025-12-03 01:49:09+00:00,0.35
2025-12-03 01:50:22+00:00,0.35
2025-12-03 01:51:09+00:00,0.35
2025-12-03 01:52:21+00:00,0.35
2025-12-03 01:53:09+00:00,0.35
2025-12-03 01:54:09+00:00,0.355
2025-12-03 01:55:13+00:00,0.355
2025-12-03 01:56:09+00:00,0.355
2025-12-03 01:57:08+00:00,0.355
2025-12-03 01:58:10+00:00,0.355
2025-12-03 01:59:09+00:00,0.355
2025-12-03 02:00:26+00:00,0.355
2025-12-03 02:01:09+00:00,0.355
2025-12-03 02:02:09+00:00,0.355
2025-12-03 02:03:09+00:00,0.355
2025-12-03 02:04:09+00:00,0.355
2025-12-03 02:05:10+00:00,0.355
2025-12-03 02:06:09+00:00,0.355
2025-12-03 02:07:09+00:00,0.355
2025-12-03 02:08:09+00:00,0.355
2025-12-03 02:09:09+00:00,0.355
2025-12-03 02:10:10+00:00,0.355
2025-12-03 02:11:09+00:00,0.355
2025-12-03 02:12:09+00:00,0.355
2025-12-03 02:13:09+00:00,0.355
2025-12-03 02:14:09+00:00,0.355
2025-12-03 02:15:29+00:00,0.355
2025-12-03 02:16:09+00:00,0.355
2025-12-03 02:17:08+00:00,0.355
2025-12-03 02:18:09+00:00,0.355
2025-12-03 02:19:09+00:00,0.355
2025-12-03 02:20:10+00:00,0.355
2025-12-03 02:21:09+00:00,0.355
2025-12-03 02:22:09+00:00,0.355
2025-12-03 02:23:09+00:00,0.355
2025-12-03 02:24:09+00:00,0.355
2025-12-03 02:25:10+00:00,0.355
2025-12-03 02:26:25+00:00,0.355
2025-12-03 02:27:09+00:00,0.355
2025-12-03 02:28:09+00:00,0.355
2025-12-03 02:29:09+00:00,0.355
2025-12-03 02:30:14+00:00,0.355
2025-12-03 02:31:09+00:00,0.355
2025-12-03 02:32:09+00:00,0.355
2025-12-03 02:33:09+00:00,0.355
2025-12-03 02:34:09+00:00,0.355
2025-12-03 02:35:10+00:00,0.355
2025-12-03 02:36:22+00:00,0.355
2025-12-03 02:37:09+00:00,0.355
2025-12-03 02:38:09+00:00,0.355
2025-12-03 02:39:08+00:00,0.355
2025-12-03 02:40:10+00:00,0.355
2025-12-03 02:41:09+00:00,0.355
2025-12-03 02:42:09+00:00,0.355
2025-12-03 02:43:09+00:00,0.355
2025-12-03 02:44:31+00:00,0.355
2025-12-03 02:45:10+00:00,0.36
2025-12-03 02:46:09+00:00,0.36
2025-12-03 02:47:09+00:00,0.365
2025-12-03 02:48:09+00:00,0.365
2025-12-03 02:49:09+00:00,0.365
2025-12-03 02:50:10+00:00,0.365
2025-12-03 02:51:09+00:00,0.365
2025-12-03 02:53:18+00:00,0.365
2025-12-03 02:53:33+00:00,0.365
2025-12-03 02:54:09+00:00,0.365
2025-12-03 02:55:12+00:00,0.365
2025-12-03 02:56:09+00:00,0.365
2025-12-03 02:57:08+00:00,0.365
2025-12-03 02:58:09+00:00,0.365
2025-12-03 02:59:09+00:00,0.365
2025-12-03 03:00:29+00:00,0.365
2025-12-03 03:01:09+00:00,0.365
2025-12-03 03:02:09+00:00,0.365
2025-12-03 03:03:09+00:00,0.365
2025-12-03 03:04:09+00:00,0.365
2025-12-03 03:05:10+00:00,0.365
2025-12-03 03:06:09+00:00,0.365
2025-12-03 03:07:09+00:00,0.365
2025-12-03 03:08:09+00:00,0.365
2025-12-03 03:09:09+00:00,0.365
2025-12-03 03:10:10+00:00,0.365
2025-12-03 03:11:08+00:00,0.365
2025-12-03 03:12:09+00:00,0.365
2025-12-03 03:13:09+00:00,0.365
2025-12-03 03:14:09+00:00,0.365
2025-12-03 03:15:10+00:00,0.365
2025-12-03 03:16:09+00:00,0.365
2025-12-03 03:17:09+00:00,0.365
2025-12-03 03:18:09+00:00,0.365
2025-12-03 03:19:09+00:00,0.365
2025-12-03 03:20:10+00:00,0.365
2025-12-03 03:21:09+00:00,0.365
2025-12-03 03:22:08+00:00,0.37
2025-12-03 03:23:08+00:00,0.37
2025-12-03 03:24:09+00:00,0.37
2025-12-03 03:25:10+00:00,0.37
2025-12-03 03:26:23+00:00,0.37
2025-12-03 03:27:09+00:00,0.37
2025-12-03 03:28:09+00:00,0.37
2025-12-03 03:29:09+00:00,0.37
2025-12-03 03:30:15+00:00,0.385
2025-12-03 03:31:09+00:00,0.385
2025-12-03 03:32:09+00:00,0.385
2025-12-03 03:33:09+00:00,0.385
2025-12-03 03:34:09+00:00,0.385
2025-12-03 03:35:10+00:00,0.385
2025-12-03 03:36:09+00:00,0.385
2025-12-03 03:37:09+00:00,0.385
2025-12-03 03:38:08+00:00,0.385
2025-12-03 03:39:09+00:00,0.385
2025-12-03 03:40:09+00:00,0.385
2025-12-03 03:41:09+00:00,0.385
2025-12-03 03:42:09+00:00,0.385
2025-12-03 03:43:09+00:00,0.385
2025-12-03 03:44:09+00:00,0.385
2025-12-03 03:45:10+00:00,0.385
2025-12-03 03:46:09+00:00,0.385
2025-12-03 03:47:09+00:00,0.385
2025-12-03 03:48:09+00:00,0.405
2025-12-03 03:49:09+00:00,0.405
2025-12-03 03:50:10+00:00,0.405
2025-12-03 03:51:09+00:00,0.405
2025-12-03 03:52:37+00:00,0.405
2025-12-03 03:53:08+00:00,0.405
2025-12-03 03:54:09+00:00,0.405
2025-12-03 03:55:12+00:00,0.405
2025-12-03 03:56:09+00:00,0.405
2025-12-03 03:57:09+00:00,0.405
2025-12-03 03:58:08+00:00,0.405
2025-12-03 03:59:09+00:00,0.405
2025-12-03 04:00:31+00:00,0.405
2025-12-03 04:01:09+00:00,0.405
2025-12-03 04:02:09+00:00,0.405
2025-12-03 04:03:09+00:00,0.405
2025-12-03 04:04:09+00:00,0.405
2025-12-03 04:05:10+00:00,0.405
2025-12-03 04:06:09+00:00,0.405
2025-12-03 04:07:09+00:00,0.405
2025-12-03 04:08:09+00:00,0.405
2025-12-03 04:09:09+00:00,0.405
2025-12-03 04:10:10+00:00,0.405
2025-12-03 04:11:09+00:00,0.405
2025-12-03 04:12:09+00:00,0.405
2025-12-03 04:13:09+00:00,0.405
2025-12-03 04:14:09+00:00,0.405
2025-12-03 04:15:10+00:00,0.405
2025-12-03 04:16:09+00:00,0.405
2025-12-03 04:17:09+00:00,0.405
2025-12-03 04:18:09+00:00,0.405
2025-12-03 04:19:08+00:00,0.405
2025-12-03 04:20:10+00:00,0.405
2025-12-03 04:21:09+00:00,0.405
2025-12-03 04:22:09+00:00,0.405
2025-12-03 04:23:09+00:00,0.405
2025-12-03 04:24:10+00:00,0.405
2025-12-03 04:25:10+00:00,0.405
2025-12-03 04:26:23+00:00,0.405
2025-12-03 04:27:09+00:00,0.405
2025-12-03 04:28:09+00:00,0.405
2025-12-03 04:29:09+00:00,0.405
2025-12-03 04:30:14+00:00,0.405
2025-12-03 04:31:09+00:00,0.405
2025-12-03 04:32:09+00:00,0.405
2025-12-03 04:33:09+00:00,0.405
2025-12-03 04:34:09+00:00,0.405
2025-12-03 04:35:10+00:00,0.405
2025-12-03 04:36:09+00:00,0.405
2025-12-03 04:37:09+00:00,0.405
2025-12-03 04:38:09+00:00,0.405
2025-12-03 04:39:09+00:00,0.405
2025-12-03 04:40:10+00:00,0.405
2025-12-03 04:41:09+00:00,0.405
2025-12-03 04:42:09+00:00,0.405
2025-12-03 04:43:08+00:00,0.405
2025-12-03 04:44:09+00:00,0.405
2025-12-03 04:45:10+00:00,0.405
2025-12-03 04:46:09+00:00,0.405
2025-12-03 04:47:09+00:00,0.405
2025-12-03 04:48:10+00:00,0.405
2025-12-03 04:49:08+00:00,0.405
2025-12-03 04:50:11+00:00,0.405
2025-12-03 04:51:09+00:00,0.405
2025-12-03 04:52:22+00:00,0.405
2025-12-03 04:53:08+00:00,0.405
2025-12-03 04:54:09+00:00,0.405
2025-12-03 04:55:13+00:00,0.405
2025-12-03 04:56:09+00:00,0.405
2025-12-03 04:57:09+00:00,0.405
2025-12-03 04:58:09+00:00,0.405
2025-12-03 04:59:09+00:00,0.405
2025-12-03 05:00:29+00:00,0.405
2025-12-03 05:01:08+00:00,0.405
2025-12-03 05:02:09+00:00,0.405
2025-12-03 05:03:09+00:00,0.405
2025-12-03 05:04:09+00:00,0.405
2025-12-03 05:05:10+00:00,0.405
2025-12-03 05:06:09+00:00,0.405
2025-12-03 05:07:09+00:00,0.405
2025-12-03 05:08:09+00:00,0.405
2025-12-03 05:09:09+00:00,0.405
2025-12-03 05:10:11+00:00,0.405
2025-12-03 05:11:09+00:00,0.405
2025-12-03 05:12:09+00:00,0.405
2025-12-03 05:13:09+00:00,0.405
2025-12-03 05:14:09+00:00,0.405
2025-12-03 05:15:21+00:00,0.405
2025-12-03 05:16:09+00:00,0.405
2025-12-03 05:17:09+00:00,0.405
2025-12-03 05:18:09+00:00,0.405
2025-12-03 05:19:08+00:00,0.405
2025-12-03 05:20:10+00:00,0.405
2025-12-03 05:21:09+00:00,0.405
2025-12-03 05:22:09+00:00,0.405
2025-12-03 05:23:08+00:00,0.405
2025-12-03 05:24:08+00:00,0.405
2025-12-03 05:25:10+00:00,0.405
2025-12-03 05:26:22+00:00,0.405
2025-12-03 05:27:09+00:00,0.405
2025-12-03 05:28:09+00:00,0.405
2025-12-03 05:29:09+00:00,0.405
2025-12-03 05:30:15+00:00,0.405
2025-12-03 05:31:09+00:00,0.405
2025-12-03 05:32:09+00:00,0.405
2025-12-03 05:33:09+00:00,0.405
2025-12-03 05:34:09+00:00,0.39
2025-12-03 05:35:10+00:00,0.39
2025-12-03 05:36:09+00:00,0.395
2025-12-03 05:37:09+00:00,0.39
2025-12-03 05:38:09+00:00,0.395
2025-12-03 05:39:09+00:00,0.395
2025-12-03 05:40:10+00:00,0.395
2025-12-03 05:41:08+00:00,0.395
2025-12-03 05:42:09+00:00,0.395
2025-12-03 05:43:09+00:00,0.395
2025-12-03 05:44:09+00:00,0.395
2025-12-03 05:45:10+00:00,0.395
2025-12-03 05:46:09+00:00,0.395
2025-12-03 05:47:09+00:00,0.395
2025-12-03 05:48:09+00:00,0.395
2025-12-03 05:49:09+00:00,0.395
2025-12-03 05:50:10+00:00,0.395
2025-12-03 05:51:09+00:00,0.395
2025-12-03 05:52:23+00:00,0.395
2025-12-03 05:53:09+00:00,0.395
2025-12-03 05:54:09+00:00,0.395
2025-12-03 05:55:13+00:00,0.395
2025-12-03 05:56:09+00:00,0.395
2025-12-03 05:57:09+00:00,0.395
2025-12-03 05:58:09+00:00,0.395
2025-12-03 05:59:09+00:00,0.395
2025-12-03 06:00:31+00:00,0.395
2025-12-03 06:01:09+00:00,0.395
2025-12-03 06:02:09+00:00,0.395
2025-12-03 06:03:09+00:00,0.395
2025-12-03 06:04:09+00:00,0.395
2025-12-03 06:05:10+00:00,0.395
2025-12-03 06:06:09+00:00,0.395
2025-12-03 06:07:09+00:00,0.395
2025-12-03 06:08:09+00:00,0.395
2025-12-03 06:09:09+00:00,0.395
2025-12-03 06:10:10+00:00,0.395
2025-12-03 06:11:09+00:00,0.395
2025-12-03 06:12:09+00:00,0.395
2025-12-03 06:13:09+00:00,0.395
2025-12-03 06:14:09+00:00,0.395
2025-12-03 06:15:09+00:00,0.395
2025-12-03 06:16:09+00:00,0.395
2025-12-03 06:17:09+00:00,0.395
2025-12-03 06:18:09+00:00,0.395
2025-12-03 06:19:09+00:00,0.395
2025-12-03 06:20:10+00:00,0.395
2025-12-03 06:21:09+00:00,0.395
2025-12-03 06:22:09+00:00,0.395
2025-12-03 06:23:09+00:00,0.395
2025-12-03 06:24:09+00:00,0.395
2025-12-03 06:25:10+00:00,0.395
2025-12-03 06:26:24+00:00,0.395
2025-12-03 06:27:09+00:00,0.395
2025-12-03 06:28:09+00:00,0.395
2025-12-03 06:29:09+00:00,0.395
2025-12-03 06:30:15+00:00,0.395
2025-12-03 06:31:09+00:00,0.395
2025-12-03 06:32:09+00:00,0.395
2025-12-03 06:33:09+00:00,0.395
2025-12-03 06:34:09+00:00,0.395
2025-12-03 06:35:28+00:00,0.395
2025-12-03 06:36:09+00:00,0.395
2025-12-03 06:37:09+00:00,0.395
2025-12-03 06:38:09+00:00,0.395
2025-12-03 06:39:09+00:00,0.395
2025-12-03 06:40:10+00:00,0.395
2025-12-03 06:41:09+00:00,0.395
2025-12-03 06:42:09+00:00,0.395
2025-12-03 06:43:09+00:00,0.395
2025-12-03 06:44:09+00:00,0.395
2025-12-03 06:45:10+00:00,0.395
2025-12-03 06:46:09+00:00,0.395
2025-12-03 06:47:09+00:00,0.395
2025-12-03 06:48:09+00:00,0.395
2025-12-03 06:49:09+00:00,0.395
2025-12-03 06:50:11+00:00,0.4
2025-12-03 06:51:09+00:00,0.405
2025-12-03 06:52:09+00:00,0.405
2025-12-03 06:53:09+00:00,0.405
2025-12-03 06:54:09+00:00,0.405
2025-12-03 06:55:09+00:00,0.405
2025-12-03 06:56:09+00:00,0.405
2025-12-03 06:57:09+00:00,0.405
2025-12-03 06:58:09+00:00,0.405
2025-12-03 06:59:09+00:00,0.405
2025-12-03 07:00:31+00:00,0.405
2025-12-03 07:01:09+00:00,0.405
2025-12-03 07:02:09+00:00,0.405
2025-12-03 07:03:09+00:00,0.405
2025-12-03 07:04:09+00:00,0.405
2025-12-03 07:05:09+00:00,0.405
2025-12-03 07:06:09+00:00,0.405
2025-12-03 07:07:09+00:00,0.405
2025-12-03 07:08:09+00:00,0.405
2025-12-03 07:09:09+00:00,0.405
2025-12-03 07:10:10+00:00,0.405
2025-12-03 07:11:08+00:00,0.405
2025-12-03 07:12:09+00:00,0.405
2025-12-03 07:13:09+00:00,0.405
2025-12-03 07:14:10+00:00,0.405
2025-12-03 07:15:10+00:00,0.405
2025-12-03 07:16:12+00:00,0.405
2025-12-03 07:17:09+00:00,0.405
2025-12-03 07:18:10+00:00,0.405
2025-12-03 07:19:09+00:00,0.405
2025-12-03 07:20:10+00:00,0.405
2025-12-03 07:21:09+00:00,0.405
2025-12-03 07:22:09+00:00,0.405
2025-12-03 07:23:09+00:00,0.405
2025-12-03 07:24:09+00:00,0.405
2025-12-03 07:25:09+00:00,0.405
2025-12-03 07:26:23+00:00,0.405
2025-12-03 07:27:09+00:00,0.405
2025-12-03 07:28:09+00:00,0.405
2025-12-03 07:29:09+00:00,0.405
2025-12-03 07:30:15+00:00,0.405
2025-12-03 07:31:09+00:00,0.405
2025-12-03 07:32:09+00:00,0.405
2025-12-03 07:33:09+00:00,0.405
2025-12-03 07:34:09+00:00,0.405
2025-12-03 07:35:09+00:00,0.405
2025-12-03 07:36:10+00:00,0.405
2025-12-03 07:37:09+00:00,0.405
2025-12-03 07:38:09+00:00,0.405
2025-12-03 07:39:09+00:00,0.405
2025-12-03 07:40:11+00:00,0.405
2025-12-03 07:41:09+00:00,0.405
2025-12-03 07:42:09+00:00,0.405
2025-12-03 07:43:09+00:00,0.405
2025-12-03 07:44:09+00:00,0.405
2025-12-03 07:45:09+00:00,0.405
2025-12-03 07:46:09+00:00,0.405
2025-12-03 07:47:09+00:00,0.405
2025-12-03 07:48:09+00:00,0.405
2025-12-03 07:49:09+00:00,0.405
2025-12-03 07:50:10+00:00,0.405
2025-12-03 07:51:09+00:00,0.405
2025-12-03 07:52:22+00:00,0.405
2025-12-03 07:53:09+00:00,0.405
2025-12-03 07:54:09+00:00,0.405
2025-12-03 07:55:14+00:00,0.405
2025-12-03 07:56:08+00:00,0.405
2025-12-03 07:57:09+00:00,0.405
2025-12-03 07:58:09+00:00,0.405
2025-12-03 07:59:09+00:00,0.405
2025-12-03 08:00:27+00:00,0.405
2025-12-03 08:01:09+00:00,0.405
2025-12-03 08:02:10+00:00,0.405
2025-12-03 08:03:09+00:00,0.405
2025-12-03 08:04:09+00:00,0.405
2025-12-03 08:05:09+00:00,0.405
2025-12-03 08:06:09+00:00,0.405
2025-12-03 08:07:09+00:00,0.405
2025-12-03 08:08:09+00:00,0.405
2025-12-03 08:09:09+00:00,0.405
2025-12-03 08:10:10+00:00,0.405
2025-12-03 08:11:09+00:00,0.405
2025-12-03 08:12:09+00:00,0.405
2025-12-03 08:13:09+00:00,0.405
2025-12-03 08:14:09+00:00,0.405
2025-12-03 08:15:10+00:00,0.405
2025-12-03 08:16:09+00:00,0.405
2025-12-03 08:17:09+00:00,0.405
2025-12-03 08:18:09+00:00,0.405
2025-12-03 08:19:09+00:00,0.405
2025-12-03 08:20:10+00:00,0.405
2025-12-03 08:21:09+00:00,0.405
2025-12-03 08:22:09+00:00,0.405
2025-12-03 08:23:09+00:00,0.405
2025-12-03 08:24:09+00:00,0.405
2025-12-03 08:25:10+00:00,0.405
2025-12-03 08:26:22+00:00,0.405
2025-12-03 08:27:10+00:00,0.405
2025-12-03 08:28:08+00:00,0.405
2025-12-03 08:29:08+00:00,0.405
2025-12-03 08:30:15+00:00,0.405
2025-12-03 08:31:09+00:00,0.405
2025-12-03 08:32:09+00:00,0.405
2025-12-03 08:33:09+00:00,0.405
2025-12-03 08:34:09+00:00,0.405
2025-12-03 08:35:10+00:00,0.405
2025-12-03 08:36:09+00:00,0.405
2025-12-03 08:37:09+00:00,0.405
2025-12-03 08:38:10+00:00,0.405
2025-12-03 08:39:09+00:00,0.4
2025-12-03 08:40:10+00:00,0.395
2025-12-03 08:41:09+00:00,0.395
2025-12-03 08:42:09+00:00,0.395
2025-12-03 08:43:09+00:00,0.395
2025-12-03 08:44:09+00:00,0.395
2025-12-03 08:45:10+00:00,0.395
2025-12-03 08:46:09+00:00,0.395
2025-12-03 08:47:09+00:00,0.395
2025-12-03 08:48:09+00:00,0.395
2025-12-03 08:49:09+00:00,0.395
2025-12-03 08:50:10+00:00,0.395
2025-12-03 08:51:08+00:00,0.395
2025-12-03 08:52:24+00:00,0.395
2025-12-03 08:53:09+00:00,0.395
2025-12-03 08:54:09+00:00,0.395
2025-12-03 08:55:13+00:00,0.395
2025-12-03 08:56:08+00:00,0.395
2025-12-03 08:57:09+00:00,0.395
2025-12-03 08:58:09+00:00,0.395
2025-12-03 08:59:09+00:00,0.395
2025-12-03 09:00:32+00:00,0.395
2025-12-03 09:01:09+00:00,0.395
2025-12-03 09:02:10+00:00,0.395
2025-12-03 09:03:09+00:00,0.395
2025-12-03 09:04:09+00:00,0.395
2025-12-03 09:05:10+00:00,0.395
2025-12-03 09:06:10+00:00,0.395
2025-12-03 09:07:09+00:00,0.395
2025-12-03 09:08:09+00:00,0.395
2025-12-03 09:09:09+00:00,0.395
2025-12-03 09:10:10+00:00,0.395
2025-12-03 09:11:09+00:00,0.395
2025-12-03 09:12:09+00:00,0.395
2025-12-03 09:13:09+00:00,0.395
2025-12-03 09:14:09+00:00,0.395
2025-12-03 09:15:10+00:00,0.395
2025-12-03 09:16:10+00:00,0.395
2025-12-03 09:17:09+00:00,0.395
2025-12-03 09:18:09+00:00,0.395
2025-12-03 09:19:09+00:00,0.395
2025-12-03 09:20:10+00:00,0.395
2025-12-03 09:21:09+00:00,0.395
2025-12-03 09:22:09+00:00,0.395
2025-12-03 09:23:09+00:00,0.395
2025-12-03 09:24:09+00:00,0.395
2025-12-03 09:25:09+00:00,0.395
2025-12-03 09:26:24+00:00,0.395
2025-12-03 09:27:09+00:00,0.395
2025-12-03 09:28:09+00:00,0.395
2025-12-03 09:29:09+00:00,0.395
2025-12-03 09:30:15+00:00,0.395
2025-12-03 09:31:09+00:00,0.395
2025-12-03 09:32:09+00:00,0.395
2025-12-03 09:33:09+00:00,0.395
2025-12-03 09:34:09+00:00,0.395
2025-12-03 09:35:10+00:00,0.395
2025-12-03 09:36:09+00:00,0.395
2025-12-03 09:37:08+00:00,0.395
2025-12-03 09:38:09+00:00,0.395
2025-12-03 09:39:09+00:00,0.395
2025-12-03 09:40:10+00:00,0.395
2025-12-03 09:41:09+00:00,0.395
2025-12-03 09:42:12+00:00,0.395
2025-12-03 09:43:08+00:00,0.395
2025-12-03 09:44:09+00:00,0.395
2025-12-03 09:45:10+00:00,0.395
2025-12-03 09:46:09+00:00,0.405
2025-12-03 09:47:09+00:00,0.405
2025-12-03 09:48:10+00:00,0.405
2025-12-03 09:49:08+00:00,0.405
2025-12-03 09:50:10+00:00,0.405
2025-12-03 09:51:09+00:00,0.405
2025-12-03 09:52:22+00:00,0.405
2025-12-03 09:53:09+00:00,0.405
2025-12-03 09:54:09+00:00,0.405
2025-12-03 09:55:13+00:00,0.405
2025-12-03 09:56:08+00:00,0.405
2025-12-03 09:57:08+00:00,0.405
2025-12-03 09:58:09+00:00,0.405
2025-12-03 09:59:09+00:00,0.405
2025-12-03 10:00:29+00:00,0.405
2025-12-03 10:01:09+00:00,0.405
2025-12-03 10:02:11+00:00,0.405
2025-12-03 10:03:09+00:00,0.405
2025-12-03 10:04:09+00:00,0.405
2025-12-03 10:05:10+00:00,0.405
2025-12-03 10:06:09+00:00,0.405
2025-12-03 10:07:09+00:00,0.405
2025-12-03 10:08:09+00:00,0.405
2025-12-03 10:09:08+00:00,0.405
2025-12-03 10:10:10+00:00,0.405
2025-12-03 10:11:09+00:00,0.405
2025-12-03 10:12:09+00:00,0.405
2025-12-03 10:13:08+00:00,0.405
2025-12-03 10:14:09+00:00,0.405
2025-12-03 10:15:09+00:00,0.405
2025-12-03 10:16:09+00:00,0.405
2025-12-03 10:17:10+00:00,0.405
2025-12-03 10:18:09+00:00,0.405
2025-12-03 10:19:09+00:00,0.405
2025-12-03 10:20:10+00:00,0.405
2025-12-03 10:21:09+00:00,0.405
2025-12-03 10:22:09+00:00,0.405
2025-12-03 10:23:08+00:00,0.405
2025-12-03 10:24:09+00:00,0.405
2025-12-03 10:25:10+00:00,0.405
2025-12-03 10:26:22+00:00,0.405
2025-12-03 10:27:09+00:00,0.405
2025-12-03 10:28:09+00:00,0.405
2025-12-03 10:29:09+00:00,0.405
2025-12-03 10:30:27+00:00,0.405
2025-12-03 10:31:09+00:00,0.405
2025-12-03 10:32:09+00:00,0.405
2025-12-03 10:33:09+00:00,0.405
2025-12-03 10:34:09+00:00,0.405
2025-12-03 10:35:09+00:00,0.405
2025-12-03 10:36:09+00:00,0.405
2025-12-03 10:37:09+00:00,0.405
2025-12-03 10:38:08+00:00,0.405
2025-12-03 10:39:09+00:00,0.405
2025-12-03 10:40:10+00:00,0.405
2025-12-03 10:41:09+00:00,0.405
2025-12-03 10:42:09+00:00,0.405
2025-12-03 10:43:09+00:00,0.405
2025-12-03 10:44:09+00:00,0.405
2025-12-03 10:45:09+00:00,0.405
2025-12-03 10:46:09+00:00,0.405
2025-12-03 10:47:09+00:00,0.405
2025-12-03 10:48:09+00:00,0.405
2025-12-03 10:49:08+00:00,0.405
2025-12-03 10:50:10+00:00,0.405
2025-12-03 10:51:08+00:00,0.405
2025-12-03 10:52:23+00:00,0.405
2025-12-03 10:53:09+00:00,0.405
2025-12-03 10:54:09+00:00,0.405
2025-12-03 10:55:13+00:00,0.405
2025-12-03 10:56:08+00:00,0.405
2025-12-03 10:57:09+00:00,0.405
2025-12-03 10:58:09+00:00,0.405
2025-12-03 10:59:08+00:00,0.405
2025-12-03 11:00:31+00:00,0.405
2025-12-03 11:01:09+00:00,0.405
2025-12-03 11:02:09+00:00,0.405
2025-12-03 11:03:10+00:00,0.405
2025-12-03 11:04:09+00:00,0.405
2025-12-03 11:05:10+00:00,0.405
2025-12-03 11:06:23+00:00,0.405
2025-12-03 11:07:09+00:00,0.405
2025-12-03 11:08:09+00:00,0.405
2025-12-03 11:09:08+00:00,0.405
2025-12-03 11:10:10+00:00,0.405
2025-12-03 11:11:09+00:00,0.405
2025-12-03 11:12:09+00:00,0.405
2025-12-03 11:13:09+00:00,0.405
2025-12-03 11:14:09+00:00,0.405
2025-12-03 11:15:10+00:00,0.405
2025-12-03 11:16:09+00:00,0.405
2025-12-03 11:17:09+00:00,0.405
2025-12-03 11:18:09+00:00,0.405
2025-12-03 11:19:10+00:00,0.405
2025-12-03 11:20:11+00:00,0.405
2025-12-03 11:21:09+00:00,0.395
2025-12-03 11:22:09+00:00,0.395
2025-12-03 11:23:09+00:00,0.395
2025-12-03 11:24:09+00:00,0.395
2025-12-03 11:25:10+00:00,0.395
2025-12-03 11:26:24+00:00,0.395
2025-12-03 11:27:09+00:00,0.395
2025-12-03 11:28:09+00:00,0.395
2025-12-03 11:29:09+00:00,0.395
2025-12-03 11:30:16+00:00,0.395
2025-12-03 11:31:09+00:00,0.395
2025-12-03 11:32:10+00:00,0.395
2025-12-03 11:33:09+00:00,0.395
2025-12-03 11:34:09+00:00,0.395
2025-12-03 11:35:10+00:00,0.395
2025-12-03 11:36:09+00:00,0.395
2025-12-03 11:37:09+00:00,0.395
2025-12-03 11:38:09+00:00,0.395
2025-12-03 11:39:09+00:00,0.395
2025-12-03 11:40:10+00:00,0.395
2025-12-03 11:41:08+00:00,0.395
2025-12-03 11:42:10+00:00,0.395
2025-12-03 11:43:09+00:00,0.395
2025-12-03 11:44:09+00:00,0.395
2025-12-03 11:45:10+00:00,0.395
2025-12-03 11:46:09+00:00,0.395
2025-12-03 11:47:09+00:00,0.395
2025-12-03 11:48:09+00:00,0.395
2025-12-03 11:49:09+00:00,0.395
2025-12-03 11:50:10+00:00,0.395
2025-12-03 11:51:09+00:00,0.395
2025-12-03 11:52:25+00:00,0.395
2025-12-03 11:53:09+00:00,0.395
2025-12-03 11:54:09+00:00,0.395
2025-12-03 11:55:25+00:00,0.395
2025-12-03 11:56:09+00:00,0.395
2025-12-03 11:57:09+00:00,0.395
2025-12-03 11:58:09+00:00,0.395
2025-12-03 11:59:08+00:00,0.395
2025-12-03 12:00:37+00:00,0.395
2025-12-03 12:01:09+00:00,0.395
2025-12-03 12:02:09+00:00,0.395
2025-12-03 12:03:09+00:00,0.395
2025-12-03 12:04:09+00:00,0.395
2025-12-03 12:05:10+00:00,0.395
2025-12-03 12:06:09+00:00,0.395
2025-12-03 12:07:09+00:00,0.395
2025-12-03 12:08:13+00:00,0.395
2025-12-03 12:09:09+00:00,0.395
2025-12-03 12:10:10+00:00,0.395
2025-12-03 12:11:09+00:00,0.395
2025-12-03 12:12:09+00:00,0.395
2025-12-03 12:13:09+00:00,0.395
2025-12-03 12:14:09+00:00,0.395
2025-12-03 12:15:25+00:00,0.395
2025-12-03 12:16:09+00:00,0.405
2025-12-03 12:17:09+00:00,0.4
2025-12-03 12:18:09+00:00,0.4
2025-12-03 12:19:09+00:00,0.405
2025-12-03 12:20:15+00:00,0.405
2025-12-03 12:21:09+00:00,0.405
2025-12-03 12:22:09+00:00,0.405
2025-12-03 12:23:09+00:00,0.405
2025-12-03 12:24:09+00:00,0.405
2025-12-03 12:25:10+00:00,0.405
2025-12-03 12:26:24+00:00,0.405
2025-12-03 12:27:09+00:00,0.405
2025-12-03 12:28:11+00:00,0.415
2025-12-03 12:29:09+00:00,0.405
2025-12-03 12:30:15+00:00,0.405
2025-12-03 12:31:09+00:00,0.405
2025-12-03 12:32:09+00:00,0.405
2025-12-03 12:33:09+00:00,0.405
2025-12-03 12:34:09+00:00,0.405
2025-12-03 12:35:10+00:00,0.405
2025-12-03 12:36:10+00:00,0.405
2025-12-03 12:37:09+00:00,0.405
2025-12-03 12:38:09+00:00,0.405
2025-12-03 12:39:09+00:00,0.405
2025-12-03 12:40:10+00:00,0.405
2025-12-03 12:41:09+00:00,0.405
2025-12-03 12:42:10+00:00,0.405
2025-12-03 12:43:09+00:00,0.405
2025-12-03 12:44:09+00:00,0.405
2025-12-03 12:45:10+00:00,0.405
2025-12-03 12:46:09+00:00,0.405
2025-12-03 12:47:09+00:00,0.405
2025-12-03 12:48:09+00:00,0.405
2025-12-03 12:49:09+00:00,0.405
2025-12-03 12:50:11+00:00,0.405
2025-12-03 12:51:09+00:00,0.405
2025-12-03 12:52:22+00:00,0.405
2025-12-03 12:53:09+00:00,0.405
2025-12-03 12:54:09+00:00,0.405
2025-12-03 12:55:13+00:00,0.405
2025-12-03 12:56:09+00:00,0.405
2025-12-03 12:57:09+00:00,0.405
2025-12-03 12:58:09+00:00,0.405
2025-12-03 12:59:09+00:00,0.405
2025-12-03 13:00:28+00:00,0.415
2025-12-03 13:01:09+00:00,0.415
2025-12-03 13:02:09+00:00,0.415
2025-12-03 13:03:09+00:00,0.415
2025-12-03 13:04:09+00:00,0.415
2025-12-03 13:05:10+00:00,0.415
2025-12-03 13:06:09+00:00,0.415
2025-12-03 13:07:09+00:00,0.415
2025-12-03 13:08:09+00:00,0.415
2025-12-03 13:09:08+00:00,0.415
2025-12-03 13:10:10+00:00,0.415
2025-12-03 13:11:23+00:00,0.415
2025-12-03 13:12:09+00:00,0.415
2025-12-03 13:13:09+00:00,0.415
2025-12-03 13:14:09+00:00,0.415
2025-12-03 13:15:10+00:00,0.415
2025-12-03 13:16:09+00:00,0.415
2025-12-03 13:17:09+00:00,0.415
2025-12-03 13:18:10+00:00,0.41
2025-12-03 13:19:09+00:00,0.405
2025-12-03 13:20:10+00:00,0.405
2025-12-03 13:21:09+00:00,0.405
2025-12-03 13:22:09+00:00,0.405
2025-12-03 13:23:09+00:00,0.405
2025-12-03 13:24:09+00:00,0.405
2025-12-03 13:25:10+00:00,0.405
2025-12-03 13:26:24+00:00,0.405
2025-12-03 13:27:09+00:00,0.405
2025-12-03 13:28:09+00:00,0.405
2025-12-03 13:29:09+00:00,0.405
2025-12-03 13:30:16+00:00,0.405
2025-12-03 13:31:09+00:00,0.415
2025-12-03 13:32:10+00:00,0.415
2025-12-03 13:33:09+00:00,0.415
2025-12-03 13:34:09+00:00,0.415
2025-12-03 13:35:10+00:00,0.415
2025-12-03 13:36:09+00:00,0.415
2025-12-03 13:37:09+00:00,0.415
2025-12-03 13:38:10+00:00,0.415
2025-12-03 13:39:09+00:00,0.415
2025-12-03 13:40:10+00:00,0.41
2025-12-03 13:41:09+00:00,0.405
2025-12-03 13:42:09+00:00,0.405
2025-12-03 13:43:09+00:00,0.41
2025-12-03 13:44:09+00:00,0.405
2025-12-03 13:45:10+00:00,0.41
2025-12-03 13:46:09+00:00,0.41
2025-12-03 13:47:09+00:00,0.41
2025-12-03 13:48:09+00:00,0.41
2025-12-03 13:49:09+00:00,0.415
2025-12-03 13:50:10+00:00,0.415
2025-12-03 13:51:09+00:00,0.415
2025-12-03 13:52:25+00:00,0.415
2025-12-03 13:53:09+00:00,0.415
2025-12-03 13:54:09+00:00,0.415
2025-12-03 13:55:14+00:00,0.415
2025-12-03 13:56:09+00:00,0.415
2025-12-03 13:57:09+00:00,0.415
2025-12-03 13:58:09+00:00,0.415
2025-12-03 13:59:09+00:00,0.415
2025-12-03 14:00:32+00:00,0.415
2025-12-03 14:01:09+00:00,0.415
2025-12-03 14:02:10+00:00,0.415
2025-12-03 14:03:09+00:00,0.415
2025-12-03 14:04:09+00:00,0.415
2025-12-03 14:05:10+00:00,0.415
2025-12-03 14:06:09+00:00,0.415
2025-12-03 14:07:09+00:00,0.415
2025-12-03 14:08:10+00:00,0.415
2025-12-03 14:09:09+00:00,0.415
2025-12-03 14:10:10+00:00,0.41
2025-12-03 14:11:09+00:00,0.41
2025-12-03 14:12:09+00:00,0.41
2025-12-03 14:13:09+00:00,0.41
2025-12-03 14:14:10+00:00,0.41
2025-12-03 14:15:10+00:00,0.41
2025-12-03 14:16:09+00:00,0.41
2025-12-03 14:17:10+00:00,0.41
2025-12-03 14:18:09+00:00,0.41
2025-12-03 14:19:09+00:00,0.405
2025-12-03 14:20:11+00:00,0.405
2025-12-03 14:21:09+00:00,0.405
2025-12-03 14:22:09+00:00,0.405
2025-12-03 14:23:09+00:00,0.405
2025-12-03 14:24:09+00:00,0.405
2025-12-03 14:25:11+00:00,0.405
2025-12-03 14:26:24+00:00,0.405
2025-12-03 14:27:09+00:00,0.405
2025-12-03 14:28:09+00:00,0.405
2025-12-03 14:29:09+00:00,0.405
2025-12-03 14:30:15+00:00,0.405
2025-12-03 14:31:09+00:00,0.405
2025-12-03 14:32:09+00:00,0.405
2025-12-03 14:33:09+00:00,0.405
2025-12-03 14:34:12+00:00,0.405
2025-12-03 14:35:10+00:00,0.405
2025-12-03 14:36:09+00:00,0.405
2025-12-03 14:37:09+00:00,0.41
2025-12-03 14:38:09+00:00,0.41
2025-12-03 14:39:09+00:00,0.41
2025-12-03 14:40:11+00:00,0.41
2025-12-03 14:41:09+00:00,0.405
2025-12-03 14:42:09+00:00,0.405
2025-12-03 14:43:09+00:00,0.41
2025-12-03 14:44:09+00:00,0.41
2025-12-03 14:45:10+00:00,0.405
2025-12-03 14:46:09+00:00,0.405
2025-12-03 14:47:09+00:00,0.405
2025-12-03 14:48:09+00:00,0.405
2025-12-03 14:49:09+00:00,0.405
2025-12-03 14:50:10+00:00,0.405
2025-12-03 14:51:09+00:00,0.405
2025-12-03 14:52:24+00:00,0.405
2025-12-03 14:53:09+00:00,0.405
2025-12-03 14:54:10+00:00,0.405
2025-12-03 14:55:13+00:00,0.405
2025-12-03 14:56:10+00:00,0.405
2025-12-03 14:57:09+00:00,0.405
2025-12-03 14:58:09+00:00,0.405
2025-12-03 14:59:09+00:00,0.405
2025-12-03 15:00:15+00:00,0.405
2025-12-03 15:01:08+00:00,0.405
2025-12-03 15:02:09+00:00,0.405
2025-12-03 15:03:09+00:00,0.405
2025-12-03 15:04:09+00:00,0.405
2025-12-03 15:05:10+00:00,0.405
2025-12-03 15:06:09+00:00,0.405
2025-12-03 15:07:09+00:00,0.405
2025-12-03 15:08:09+00:00,0.405
2025-12-03 15:09:09+00:00,0.405
2025-12-03 15:10:11+00:00,0.405
2025-12-03 15:11:09+00:00,0.405
2025-12-03 15:12:09+00:00,0.405
2025-12-03 15:13:09+00:00,0.405
2025-12-03 15:14:09+00:00,0.405
2025-12-03 15:15:10+00:00,0.405
2025-12-03 15:16:09+00:00,0.405
2025-12-03 15:17:09+00:00,0.405
2025-12-03 15:18:22+00:00,0.405
2025-12-03 15:19:09+00:00,0.405
2025-12-03 15:20:13+00:00,0.405
2025-12-03 15:21:09+00:00,0.405
2025-12-03 15:22:09+00:00,0.405
2025-12-03 15:23:09+00:00,0.405
2025-12-03 15:24:10+00:00,0.405
2025-12-03 15:25:10+00:00,0.405
2025-12-03 15:26:10+00:00,0.405
2025-12-03 15:27:09+00:00,0.405
2025-12-03 15:28:10+00:00,0.405
2025-12-03 15:29:09+00:00,0.405
2025-12-03 15:30:13+00:00,0.405
2025-12-03 15:31:09+00:00,0.405
2025-12-03 15:32:09+00:00,0.405
2025-12-03 15:33:09+00:00,0.405
2025-12-03 15:34:09+00:00,0.405
2025-12-03 15:35:10+00:00,0.405
2025-12-03 15:36:10+00:00,0.405
2025-12-03 15:37:09+00:00,0.405
2025-12-03 15:38:09+00:00,0.405
2025-12-03 15:39:09+00:00,0.405
2025-12-03 15:40:10+00:00,0.405
2025-12-03 15:41:09+00:00,0.405
2025-12-03 15:42:09+00:00,0.405
2025-12-03 15:43:09+00:00,0.405
2025-12-03 15:44:24+00:00,0.405
2025-12-03 15:45:13+00:00,0.405
2025-12-03 15:46:09+00:00,0.405
2025-12-03 15:47:09+00:00,0.405
2025-12-03 15:48:09+00:00,0.405
2025-12-03 15:49:09+00:00,0.405
2025-12-03 15:50:10+00:00,0.405
2025-12-03 15:51:09+00:00,0.405
2025-12-03 15:52:09+00:00,0.405
2025-12-03 15:53:09+00:00,0.405
2025-12-03 15:54:10+00:00,0.405
2025-12-03 15:55:10+00:00,0.405
2025-12-03 15:56:09+00:00,0.405
2025-12-03 15:57:10+00:00,0.405
2025-12-03 15:58:10+00:00,0.405
2025-12-03 15:59:09+00:00,0.405
2025-12-03 16:00:30+00:00,0.405
2025-12-03 16:01:10+00:00,0.405
2025-12-03 16:02:10+00:00,0.405
2025-12-03 16:03:09+00:00,0.405
2025-12-03 16:04:09+00:00,0.405
2025-12-03 16:05:10+00:00,0.405
2025-12-03 16:06:09+00:00,0.405
2025-12-03 16:07:09+00:00,0.405
2025-12-03 16:08:09+00:00,0.405
2025-12-03 16:09:09+00:00,0.405
2025-12-03 16:10:10+00:00,0.405
2025-12-03 16:11:21+00:00,0.405
2025-12-03 16:12:09+00:00,0.405
2025-12-03 16:13:09+00:00,0.405
2025-12-03 16:14:10+00:00,0.405
2025-12-03 16:15:10+00:00,0.405
2025-12-03 16:16:09+00:00,0.405
2025-12-03 16:17:09+00:00,0.405
2025-12-03 16:18:09+00:00,0.405
2025-12-03 16:19:09+00:00,0.405
2025-12-03 16:20:11+00:00,0.405
2025-12-03 16:21:09+00:00,0.405
2025-12-03 16:22:09+00:00,0.405
2025-12-03 16:23:10+00:00,0.405
2025-12-03 16:24:09+00:00,0.405
2025-12-03 16:25:10+00:00,0.405
2025-12-03 16:26:24+00:00,0.405
2025-12-03 16:27:09+00:00,0.405
2025-12-03 16:28:09+00:00,0.405
2025-12-03 16:29:09+00:00,0.405
2025-12-03 16:30:16+00:00,0.405
2025-12-03 16:31:10+00:00,0.405
2025-12-03 16:32:09+00:00,0.405
2025-12-03 16:33:09+00:00,0.405
2025-12-03 16:34:11+00:00,0.405
2025-12-03 16:35:10+00:00,0.405
2025-12-03 16:36:09+00:00,0.405
2025-12-03 16:37:09+00:00,0.405
2025-12-03 16:38:09+00:00,0.405
2025-12-03 16:39:09+00:00,0.405
2025-12-03 16:40:10+00:00,0.405
2025-12-03 16:41:09+00:00,0.405
2025-12-03 16:42:09+00:00,0.405
2025-12-03 16:43:09+00:00,0.405
2025-12-03 16:44:09+00:00,0.405
2025-12-03 16:45:10+00:00,0.405
2025-12-03 16:46:10+00:00,0.405
2025-12-03 16:47:09+00:00,0.405
2025-12-03 16:48:10+00:00,0.405
2025-12-03 16:49:09+00:00,0.405
2025-12-03 16:50:10+00:00,0.405
2025-12-03 16:51:09+00:00,0.405
2025-12-03 16:52:25+00:00,0.405
2025-12-03 16:53:09+00:00,0.405
2025-12-03 16:54:09+00:00,0.405
2025-12-03 16:55:13+00:00,0.405
2025-12-03 16:56:09+00:00,0.405
2025-12-03 16:57:09+00:00,0.405
2025-12-03 16:58:09+00:00,0.405
2025-12-03 16:59:09+00:00,0.405
2025-12-03 17:00:33+00:00,0.405
2025-12-03 17:01:09+00:00,0.405
2025-12-03 17:02:09+00:00,0.405
2025-12-03 17:03:09+00:00,0.405
2025-12-03 17:04:09+00:00,0.405
2025-12-03 17:05:10+00:00,0.405
2025-12-03 17:06:09+00:00,0.405
2025-12-03 17:07:09+00:00,0.405
2025-12-03 17:08:09+00:00,0.405
2025-12-03 17:09:10+00:00,0.405
2025-12-03 17:10:11+00:00,0.405
2025-12-03 17:11:09+00:00,0.405
2025-12-03 17:12:09+00:00,0.405
2025-12-03 17:13:08+00:00,0.405
2025-12-03 17:14:09+00:00,0.405
2025-12-03 17:15:10+00:00,0.405
2025-12-03 17:16:09+00:00,0.405
2025-12-03 17:17:09+00:00,0.405
2025-12-03 17:18:10+00:00,0.405
2025-12-03 17:19:09+00:00,0.405
2025-12-03 17:20:12+00:00,0.405
2025-12-03 17:21:09+00:00,0.405
2025-12-03 17:22:09+00:00,0.405
2025-12-03 17:23:09+00:00,0.41
2025-12-03 17:24:09+00:00,0.41
2025-12-03 17:25:11+00:00,0.41
2025-12-03 17:26:22+00:00,0.41
2025-12-03 17:27:09+00:00,0.41
2025-12-03 17:28:09+00:00,0.41
2025-12-03 17:29:09+00:00,0.41
2025-12-03 17:30:16+00:00,0.405
2025-12-03 17:31:09+00:00,0.405
2025-12-03 17:32:09+00:00,0.405
2025-12-03 17:33:09+00:00,0.405
2025-12-03 17:34:10+00:00,0.405
2025-12-03 17:35:11+00:00,0.405
2025-12-03 17:36:10+00:00,0.405
2025-12-03 17:37:09+00:00,0.405
2025-12-03 17:38:09+00:00,0.405
2025-12-03 17:39:09+00:00,0.405
2025-12-03 17:40:10+00:00,0.405
2025-12-03 17:41:09+00:00,0.405
2025-12-03 17:42:09+00:00,0.405
2025-12-03 17:43:09+00:00,0.405
2025-12-03 17:44:10+00:00,0.405
2025-12-03 17:45:10+00:00,0.405
2025-12-03 17:46:09+00:00,0.405
2025-12-03 17:47:09+00:00,0.405
2025-12-03 17:48:09+00:00,0.405
2025-12-03 17:49:09+00:00,0.405
2025-12-03 17:50:10+00:00,0.405
2025-12-03 17:51:09+00:00,0.405
2025-12-03 17:52:23+00:00,0.405
2025-12-03 17:53:09+00:00,0.405
2025-12-03 17:54:09+00:00,0.405
2025-12-03 17:55:13+00:00,0.405
2025-12-03 17:56:09+00:00,0.405
2025-12-03 17:57:09+00:00,0.405
2025-12-03 17:58:10+00:00,0.405
2025-12-03 17:59:09+00:00,0.405
2025-12-03 18:00:32+00:00,0.405
2025-12-03 18:01:09+00:00,0.405
2025-12-03 18:02:09+00:00,0.405
2025-12-03 18:03:10+00:00,0.405
2025-12-03 18:04:09+00:00,0.405
2025-12-03 18:05:10+00:00,0.405
2025-12-03 18:06:09+00:00,0.405
2025-12-03 18:07:09+00:00,0.405
2025-12-03 18:08:09+00:00,0.405
2025-12-03 18:09:09+00:00,0.405
2025-12-03 18:10:10+00:00,0.405
2025-12-03 18:11:09+00:00,0.405
2025-12-03 18:12:09+00:00,0.405
2025-12-03 18:13:09+00:00,0.405
2025-12-03 18:14:10+00:00,0.405
2025-12-03 18:15:10+00:00,0.405
2025-12-03 18:16:09+00:00,0.405
2025-12-03 18:17:09+00:00,0.405
2025-12-03 18:18:10+00:00,0.405
2025-12-03 18:19:09+00:00,0.405
2025-12-03 18:20:10+00:00,0.405
2025-12-03 18:21:09+00:00,0.405
2025-12-03 18:22:09+00:00,0.405
2025-12-03 18:23:09+00:00,0.405
2025-12-03 18:24:09+00:00,0.405
2025-12-03 18:25:11+00:00,0.405
2025-12-03 18:26:25+00:00,0.405
2025-12-03 18:27:09+00:00,0.405
2025-12-03 18:28:09+00:00,0.405
2025-12-03 18:29:09+00:00,0.405
2025-12-03 18:30:16+00:00,0.405
2025-12-03 18:31:09+00:00,0.405
2025-12-03 18:32:09+00:00,0.405
2025-12-03 18:33:09+00:00,0.405
2025-12-03 18:34:09+00:00,0.405
2025-12-03 18:35:10+00:00,0.405
2025-12-03 18:36:09+00:00,0.405
2025-12-03 18:37:09+00:00,0.405
2025-12-03 18:38:09+00:00,0.405
2025-12-03 18:39:09+00:00,0.405
2025-12-03 18:40:11+00:00,0.405
2025-12-03 18:41:09+00:00,0.405
2025-12-03 18:42:09+00:00,0.405
2025-12-03 18:43:09+00:00,0.405
2025-12-03 18:44:09+00:00,0.405
2025-12-03 18:45:10+00:00,0.405
2025-12-03 18:46:09+00:00,0.405
2025-12-03 18:47:09+00:00,0.405
2025-12-03 18:48:10+00:00,0.405
2025-12-03 18:49:09+00:00,0.405
2025-12-03 18:50:11+00:00,0.405
2025-12-03 18:51:09+00:00,0.405
2025-12-03 18:52:24+00:00,0.405
2025-12-03 18:53:09+00:00,0.405
2025-12-03 18:54:09+00:00,0.405
2025-12-03 18:55:13+00:00,0.405
2025-12-03 18:56:09+00:00,0.405
2025-12-03 18:57:09+00:00,0.405
2025-12-03 18:58:09+00:00,0.405
2025-12-03 18:59:09+00:00,0.405
2025-12-03 19:00:32+00:00,0.405
2025-12-03 19:01:10+00:00,0.405
2025-12-03 19:02:09+00:00,0.405
2025-12-03 19:03:10+00:00,0.405
2025-12-03 19:04:09+00:00,0.405
2025-12-03 19:05:11+00:00,0.405
2025-12-03 19:06:09+00:00,0.405
2025-12-03 19:07:09+00:00,0.405
2025-12-03 19:08:09+00:00,0.405
2025-12-03 19:09:09+00:00,0.405
2025-12-03 19:10:10+00:00,0.405
2025-12-03 19:11:10+00:00,0.405
2025-12-03 19:12:09+00:00,0.405
2025-12-03 19:13:09+00:00,0.405
2025-12-03 19:14:09+00:00,0.405
2025-12-03 19:15:11+00:00,0.405
2025-12-03 19:16:09+00:00,0.405
2025-12-03 19:17:09+00:00,0.405
2025-12-03 19:18:09+00:00,0.405
2025-12-03 19:19:09+00:00,0.405
2025-12-03 19:20:10+00:00,0.405
2025-12-03 19:21:09+00:00,0.405
2025-12-03 19:22:09+00:00,0.405
2025-12-03 19:23:09+00:00,0.405
2025-12-03 19:24:10+00:00,0.405
2025-12-03 19:25:10+00:00,0.405
2025-12-03 19:26:26+00:00,0.405
2025-12-03 19:27:09+00:00,0.405
2025-12-03 19:28:09+00:00,0.405
2025-12-03 19:29:09+00:00,0.405
2025-12-03 19:30:16+00:00,0.405
2025-12-03 19:31:09+00:00,0.405
2025-12-03 19:32:10+00:00,0.405
2025-12-03 19:33:09+00:00,0.405
2025-12-03 19:34:10+00:00,0.405
2025-12-03 19:35:10+00:00,0.405
2025-12-03 19:36:09+00:00,0.405
2025-12-03 19:37:09+00:00,0.405
2025-12-03 19:38:09+00:00,0.405
2025-12-03 19:39:09+00:00,0.405
2025-12-03 19:40:10+00:00,0.405
2025-12-03 19:41:09+00:00,0.405
2025-12-03 19:42:09+00:00,0.405
2025-12-03 19:43:09+00:00,0.405
2025-12-03 19:44:10+00:00,0.405
2025-12-03 19:45:11+00:00,0.405
2025-12-03 19:46:11+00:00,0.405
2025-12-03 19:47:09+00:00,0.405
2025-12-03 19:48:09+00:00,0.405
2025-12-03 19:49:09+00:00,0.405
2025-12-03 19:50:11+00:00,0.405
2025-12-03 19:51:09+00:00,0.405
2025-12-03 19:52:22+00:00,0.405
2025-12-03 19:53:09+00:00,0.405
2025-12-03 19:54:10+00:00,0.405
2025-12-03 19:55:14+00:00,0.405
2025-12-03 19:56:09+00:00,0.405
2025-12-03 19:57:09+00:00,0.405
2025-12-03 19:58:09+00:00,0.405
2025-12-03 19:59:09+00:00,0.405
2025-12-03 20:00:30+00:00,0.405
2025-12-03 20:01:10+00:00,0.405
2025-12-03 20:02:09+00:00,0.405
2025-12-03 20:03:10+00:00,0.405
2025-12-03 20:04:10+00:00,0.405
2025-12-03 20:05:10+00:00,0.405
2025-12-03 20:06:09+00:00,0.405
2025-12-03 20:07:09+00:00,0.405
2025-12-03 20:08:09+00:00,0.405
2025-12-03 20:09:09+00:00,0.405
2025-12-03 20:10:11+00:00,0.405
2025-12-03 20:11:09+00:00,0.405
2025-12-03 20:12:09+00:00,0.405
2025-12-03 20:13:09+00:00,0.405
2025-12-03 20:14:09+00:00,0.405
2025-12-03 20:15:10+00:00,0.405
2025-12-03 20:16:09+00:00,0.405
2025-12-03 20:17:09+00:00,0.405
2025-12-03 20:18:10+00:00,0.405
2025-12-03 20:19:09+00:00,0.405
2025-12-03 20:20:12+00:00,0.405
2025-12-03 20:21:10+00:00,0.405
2025-12-03 20:22:09+00:00,0.405
2025-12-03 20:23:09+00:00,0.405
2025-12-03 20:24:10+00:00,0.405
2025-12-03 20:25:10+00:00,0.405
2025-12-03 20:26:23+00:00,0.405
2025-12-03 20:27:09+00:00,0.405
2025-12-03 20:28:09+00:00,0.405
2025-12-03 20:29:10+00:00,0.405
2025-12-03 20:30:16+00:00,0.405
2025-12-03 20:31:09+00:00,0.405
2025-12-03 20:32:09+00:00,0.405
2025-12-03 20:33:10+00:00,0.405
2025-12-03 20:34:09+00:00,0.405
2025-12-03 20:35:11+00:00,0.405
2025-12-03 20:36:09+00:00,0.405
2025-12-03 20:37:09+00:00,0.405
2025-12-03 20:38:09+00:00,0.405
2025-12-03 20:39:09+00:00,0.405
2025-12-03 20:40:11+00:00,0.405
2025-12-03 20:41:09+00:00,0.405
2025-12-03 20:42:09+00:00,0.405
2025-12-03 20:43:09+00:00,0.405
2025-12-03 20:44:09+00:00,0.405
2025-12-03 20:45:11+00:00,0.405
2025-12-03 20:46:09+00:00,0.405
2025-12-03 20:47:09+00:00,0.405
2025-12-03 20:48:09+00:00,0.405
2025-12-03 20:49:09+00:00,0.405
2025-12-03 20:50:11+00:00,0.405
2025-12-03 20:51:10+00:00,0.405
2025-12-03 20:52:25+00:00,0.405
2025-12-03 20:53:09+00:00,0.405
2025-12-03 20:54:10+00:00,0.405
2025-12-03 20:55:14+00:00,0.405
2025-12-03 20:56:10+00:00,0.405
2025-12-03 20:57:10+00:00,0.405
2025-12-03 20:58:09+00:00,0.405
2025-12-03 20:59:09+00:00,0.405
2025-12-03 21:00:35+00:00,0.405
2025-12-03 21:01:45+00:00,0.405
2025-12-03 21:02:10+00:00,0.405
2025-12-03 21:03:10+00:00,0.405
2025-12-03 21:04:09+00:00,0.405
2025-12-03 21:05:11+00:00,0.405
2025-12-03 21:06:10+00:00,0.405
2025-12-03 21:07:09+00:00,0.405
2025-12-03 21:08:09+00:00,0.405
2025-12-03 21:09:09+00:00,0.405
2025-12-03 21:10:10+00:00,0.405
2025-12-03 21:11:10+00:00,0.405
2025-12-03 21:12:09+00:00,0.405
2025-12-03 21:13:09+00:00,0.405
2025-12-03 21:14:09+00:00,0.405
2025-12-03 21:15:10+00:00,0.405
2025-12-03 21:16:10+00:00,0.405
2025-12-03 21:17:09+00:00,0.405
2025-12-03 21:18:09+00:00,0.405
2025-12-03 21:19:09+00:00,0.405
2025-12-03 21:20:11+00:00,0.405
2025-12-03 21:21:09+00:00,0.405
2025-12-03 21:22:09+00:00,0.405
2025-12-03 21:23:09+00:00,0.405
2025-12-03 21:24:09+00:00,0.405
2025-12-03 21:25:10+00:00,0.405
2025-12-03 21:26:11+00:00,0.405
2025-12-03 21:27:24+00:00,0.405
2025-12-03 21:28:09+00:00,0.4
2025-12-03 21:29:09+00:00,0.4
2025-12-03 21:30:31+00:00,0.4
2025-12-03 21:31:09+00:00,0.4
2025-12-03 21:32:10+00:00,0.4
2025-12-03 21:33:10+00:00,0.4
2025-12-03 21:34:10+00:00,0.405
2025-12-03 21:35:10+00:00,0.405
2025-12-03 21:36:09+00:00,0.405
2025-12-03 21:37:09+00:00,0.395
2025-12-03 21:38:09+00:00,0.395
2025-12-03 21:39:09+00:00,0.395
2025-12-03 21:40:10+00:00,0.395
2025-12-03 21:41:09+00:00,0.395
2025-12-03 21:42:10+00:00,0.395
2025-12-03 21:43:09+00:00,0.395
2025-12-03 21:44:09+00:00,0.395
2025-12-03 21:45:11+00:00,0.395
2025-12-03 21:46:09+00:00,0.395
2025-12-03 21:47:09+00:00,0.395
2025-12-03 21:48:10+00:00,0.395
2025-12-03 21:49:09+00:00,0.395
2025-12-03 21:50:11+00:00,0.395
2025-12-03 21:51:10+00:00,0.395
2025-12-03 21:52:13+00:00,0.395
2025-12-03 21:53:23+00:00,0.395
2025-12-03 21:54:09+00:00,0.395
2025-12-03 21:55:14+00:00,0.395
2025-12-03 21:56:09+00:00,0.395
2025-12-03 21:57:09+00:00,0.395
2025-12-03 21:58:09+00:00,0.395
2025-12-03 21:59:09+00:00,0.395
2025-12-03 22:00:31+00:00,0.395
2025-12-03 22:01:23+00:00,0.395
2025-12-03 22:02:10+00:00,0.395
2025-12-03 22:03:09+00:00,0.395
2025-12-03 22:04:09+00:00,0.395
2025-12-03 22:05:11+00:00,0.395
2025-12-03 22:06:09+00:00,0.395
2025-12-03 22:07:09+00:00,0.395
2025-12-03 22:08:09+00:00,0.395
2025-12-03 22:09:10+00:00,0.395
2025-12-03 22:10:10+00:00,0.395
2025-12-03 22:11:09+00:00,0.395
2025-12-03 22:12:11+00:00,0.395
2025-12-03 22:13:09+00:00,0.395
2025-12-03 22:14:09+00:00,0.395
2025-12-03 22:15:10+00:00,0.395
2025-12-03 22:16:10+00:00,0.395
2025-12-03 22:17:10+00:00,0.395
2025-12-03 22:18:09+00:00,0.395
2025-12-03 22:19:09+00:00,0.395
2025-12-03 22:20:11+00:00,0.395
2025-12-03 22:21:09+00:00,0.395
2025-12-03 22:22:10+00:00,0.395
2025-12-03 22:23:09+00:00,0.395
2025-12-03 22:24:09+00:00,0.395
2025-12-03 22:25:24+00:00,0.395
2025-12-03 22:26:23+00:00,0.395
2025-12-03 22:27:09+00:00,0.395
2025-12-03 22:28:09+00:00,0.395
2025-12-03 22:29:09+00:00,0.395
2025-12-03 22:30:18+00:00,0.395
2025-12-03 22:31:09+00:00,0.395
2025-12-03 22:32:09+00:00,0.395
2025-12-03 22:33:09+00:00,0.395
2025-12-03 22:34:09+00:00,0.395
2025-12-03 22:35:10+00:00,0.395
2025-12-03 22:36:10+00:00,0.385
2025-12-03 22:37:09+00:00,0.385
2025-12-03 22:38:09+00:00,0.375
2025-12-03 22:39:09+00:00,0.385
2025-12-03 22:40:10+00:00,0.385
2025-12-03 22:41:09+00:00,0.385
2025-12-03 22:42:09+00:00,0.385
2025-12-03 22:43:09+00:00,0.385
2025-12-03 22:44:09+00:00,0.385
2025-12-03 22:45:10+00:00,0.385
2025-12-03 22:46:09+00:00,0.385
2025-12-03 22:47:09+00:00,0.385
2025-12-03 22:48:09+00:00,0.385
2025-12-03 22:49:09+00:00,0.385
2025-12-03 22:50:10+00:00,0.385
2025-12-03 22:51:09+00:00,0.385
2025-12-03 22:52:23+00:00,0.385
2025-12-03 22:53:09+00:00,0.385
2025-12-03 22:54:09+00:00,0.385
2025-12-03 22:55:14+00:00,0.385
2025-12-03 22:56:09+00:00,0.385
2025-12-03 22:57:09+00:00,0.385
2025-12-03 22:58:20+00:00,0.385
2025-12-03 22:59:09+00:00,0.385
2025-12-03 23:00:31+00:00,0.385
2025-12-03 23:01:10+00:00,0.385
2025-12-03 23:02:10+00:00,0.385
2025-12-03 23:03:10+00:00,0.385
2025-12-03 23:04:09+00:00,0.385
2025-12-03 23:05:10+00:00,0.385
2025-12-03 23:06:09+00:00,0.385
2025-12-03 23:07:10+00:00,0.385
2025-12-03 23:08:09+00:00,0.385
2025-12-03 23:09:09+00:00,0.385
2025-12-03 23:10:10+00:00,0.385
2025-12-03 23:11:09+00:00,0.385
2025-12-03 23:12:09+00:00,0.385
2025-12-03 23:13:09+00:00,0.385
2025-12-03 23:14:09+00:00,0.385
2025-12-03 23:15:10+00:00,0.385
2025-12-03 23:16:10+00:00,0.385
2025-12-03 23:17:09+00:00,0.385
2025-12-03 23:18:09+00:00,0.385
2025-12-03 23:19:23+00:00,0.385
2025-12-03 23:20:11+00:00,0.385
2025-12-03 23:21:09+00:00,0.385
2025-12-03 23:22:09+00:00,0.385
2025-12-03 23:23:09+00:00,0.385
2025-12-03 23:24:09+00:00,0.385
2025-12-03 23:25:10+00:00,0.395
2025-12-03 23:26:24+00:00,0.405
2025-12-03 23:27:09+00:00,0.415
2025-12-03 23:28:09+00:00,0.415
2025-12-03 23:29:10+00:00,0.415
2025-12-03 23:30:17+00:00,0.415
2025-12-03 23:31:09+00:00,0.415
2025-12-03 23:32:09+00:00,0.415
2025-12-03 23:33:09+00:00,0.415
2025-12-03 23:34:09+00:00,0.425
2025-12-03 23:35:10+00:00,0.425
2025-12-03 23:36:09+00:00,0.445
2025-12-03 23:37:09+00:00,0.445
2025-12-03 23:38:09+00:00,0.445
2025-12-03 23:39:09+00:00,0.445
2025-12-03 23:40:10+00:00,0.445
2025-12-03 23:41:09+00:00,0.455
2025-12-03 23:42:10+00:00,0.455
2025-12-03 23:43:09+00:00,0.455
2025-12-03 23:44:09+00:00,0.455
2025-12-03 23:45:10+00:00,0.455
2025-12-03 23:46:09+00:00,0.465
2025-12-03 23:47:09+00:00,0.46
2025-12-03 23:48:10+00:00,0.455
2025-12-03 23:49:09+00:00,0.455
2025-12-03 23:50:10+00:00,0.455
2025-12-03 23:51:08+00:00,0.455
2025-12-03 23:52:25+00:00,0.455
2025-12-03 23:53:09+00:00,0.455
2025-12-03 23:54:09+00:00,0.455
2025-12-03 23:55:13+00:00,0.455
2025-12-03 23:56:09+00:00,0.455
2025-12-03 23:57:09+00:00,0.455
2025-12-03 23:58:09+00:00,0.455
2025-12-03 23:59:09+00:00,0.455
2025-12-04 00:00:17+00:00,0.455
2025-12-04 00:01:08+00:00,0.455
2025-12-04 00:02:08+00:00,0.455
2025-12-04 00:03:08+00:00,0.455
2025-12-04 00:04:08+00:00,0.455
2025-12-04 00:05:10+00:00,0.455
2025-12-04 00:06:09+00:00,0.455
2025-12-04 00:07:09+00:00,0.455
2025-12-04 00:08:08+00:00,0.455
2025-12-04 00:09:08+00:00,0.455
2025-12-04 00:10:09+00:00,0.455
2025-12-04 00:11:08+00:00,0.455
2025-12-04 00:12:09+00:00,0.455
2025-12-04 00:13:08+00:00,0.465
2025-12-04 00:14:08+00:00,0.465
2025-12-04 00:15:09+00:00,0.465
2025-12-04 00:16:09+00:00,0.465
2025-12-04 00:17:09+00:00,0.47
2025-12-04 00:18:09+00:00,0.465
2025-12-04 00:19:08+00:00,0.465
2025-12-04 00:20:10+00:00,0.465
2025-12-04 00:21:08+00:00,0.465
2025-12-04 00:22:09+00:00,0.465
2025-12-04 00:23:09+00:00,0.465
2025-12-04 00:24:08+00:00,0.465
2025-12-04 00:25:10+00:00,0.465
2025-12-04 00:26:10+00:00,0.455
2025-12-04 00:27:09+00:00,0.455
2025-12-04 00:28:09+00:00,0.455
2025-12-04 00:29:09+00:00,0.455
2025-12-04 00:30:12+00:00,0.455
2025-12-04 00:31:08+00:00,0.46
2025-12-04 00:32:09+00:00,0.455
2025-12-04 00:33:09+00:00,0.455
2025-12-04 00:34:09+00:00,0.455
2025-12-04 00:35:09+00:00,0.455
2025-12-04 00:36:09+00:00,0.455
2025-12-04 00:37:08+00:00,0.465
2025-12-04 00:38:08+00:00,0.45
2025-12-04 00:39:09+00:00,0.45
2025-12-04 00:40:10+00:00,0.445
2025-12-04 00:41:09+00:00,0.45
2025-12-04 00:42:09+00:00,0.445
2025-12-04 00:43:08+00:00,0.54
2025-12-04 00:44:09+00:00,0.55
2025-12-04 00:45:09+00:00,0.575
2025-12-04 00:46:09+00:00,0.555
2025-12-04 00:47:08+00:00,0.555
2025-12-04 00:48:09+00:00,0.625
2025-12-04 00:49:09+00:00,0.615
2025-12-04 00:50:09+00:00,0.595
2025-12-04 00:51:09+00:00,0.585
2025-12-04 00:52:12+00:00,0.615
2025-12-04 00:53:09+00:00,0.585
2025-12-04 00:54:08+00:00,0.565
2025-12-04 00:55:10+00:00,0.56
2025-12-04 00:56:08+00:00,0.565
2025-12-04 00:57:09+00:00,0.585
2025-12-04 00:58:10+00:00,0.61
2025-12-04 00:59:09+00:00,0.585
2025-12-04 01:00:17+00:00,0.625
2025-12-04 01:01:09+00:00,0.61
2025-12-04 01:02:09+00:00,0.61
2025-12-04 01:03:09+00:00,0.6
2025-12-04 01:04:09+00:00,0.625
2025-12-04 01:05:10+00:00,0.66
2025-12-04 01:06:09+00:00,0.605
2025-12-04 01:07:09+00:00,0.61
2025-12-04 01:08:09+00:00,0.635
2025-12-04 01:09:09+00:00,0.615
2025-12-04 01:10:10+00:00,0.585
2025-12-04 01:11:09+00:00,0.565
2025-12-04 01:12:10+00:00,0.615
2025-12-04 01:13:09+00:00,0.6
2025-12-04 01:14:09+00:00,0.605
2025-12-04 01:15:09+00:00,0.545
2025-12-04 01:16:09+00:00,0.485
2025-12-04 01:17:09+00:00,0.53
2025-12-04 01:18:09+00:00,0.55
2025-12-04 01:19:08+00:00,0.555
2025-12-04 01:20:10+00:00,0.55
2025-12-04 01:21:09+00:00,0.555
2025-12-04 01:22:09+00:00,0.575
2025-12-04 01:23:09+00:00,0.645
2025-12-04 01:24:09+00:00,0.685
2025-12-04 01:25:09+00:00,0.6
2025-12-04 01:26:16+00:00,0.635
2025-12-04 01:27:09+00:00,0.67
2025-12-04 01:28:09+00:00,0.67
2025-12-04 01:29:09+00:00,0.665
2025-12-04 01:30:13+00:00,0.665
2025-12-04 01:31:09+00:00,0.66
2025-12-04 01:32:09+00:00,0.655
2025-12-04 01:33:09+00:00,0.675
2025-12-04 01:34:09+00:00,0.775
2025-12-04 01:35:09+00:00,0.845
2025-12-04 01:36:09+00:00,0.845
2025-12-04 01:37:08+00:00,0.865
2025-12-04 01:38:10+00:00,0.865
2025-12-04 01:39:09+00:00,0.865
2025-12-04 01:40:11+00:00,0.855
2025-12-04 01:41:09+00:00,0.855
2025-12-04 01:42:09+00:00,0.86
2025-12-04 01:43:08+00:00,0.855
2025-12-04 01:44:09+00:00,0.845
2025-12-04 01:45:10+00:00,0.845
2025-12-04 01:46:09+00:00,0.845
2025-12-04 01:47:09+00:00,0.845
2025-12-04 01:48:09+00:00,0.855
2025-12-04 01:49:09+00:00,0.855
2025-12-04 01:50:10+00:00,0.855
2025-12-04 01:51:08+00:00,0.855
2025-12-04 01:52:17+00:00,0.885
2025-12-04 01:53:09+00:00,0.915
2025-12-04 01:54:09+00:00,0.915
2025-12-04 01:55:10+00:00,0.92
2025-12-04 01:56:08+00:00,0.93
2025-12-04 01:57:08+00:00,0.93
2025-12-04 01:58:08+00:00,0.925
2025-12-04 01:59:09+00:00,0.91
2025-12-04 02:00:21+00:00,0.905
2025-12-04 02:01:09+00:00,0.925
2025-12-04 02:02:09+00:00,0.925
2025-12-04 02:03:09+00:00,0.94
2025-12-04 02:04:08+00:00,0.935
2025-12-04 02:05:09+00:00,0.925
2025-12-04 02:06:09+00:00,0.925
2025-12-04 02:07:08+00:00,0.925
2025-12-04 02:08:10+00:00,0.935
2025-12-04 02:09:09+00:00,0.93
2025-12-04 02:10:10+00:00,0.935
2025-12-04 02:11:09+00:00,0.935
2025-12-04 02:12:09+00:00,0.935
2025-12-04 02:13:09+00:00,0.94
2025-12-04 02:14:08+00:00,0.945
2025-12-04 02:15:10+00:00,0.96
2025-12-04 02:16:09+00:00,0.955
2025-12-04 02:17:09+00:00,0.955
2025-12-04 02:18:09+00:00,0.955
2025-12-04 02:19:09+00:00,0.96
2025-12-04 02:20:09+00:00,0.975
2025-12-04 02:21:09+00:00,0.96
2025-12-04 02:22:08+00:00,0.97
2025-12-04 02:23:08+00:00,0.975
2025-12-04 02:24:09+00:00,0.975
2025-12-04 02:25:11+00:00,0.97
2025-12-04 02:26:19+00:00,0.97
2025-12-04 02:27:09+00:00,0.995
2025-12-04 02:28:09+00:00,0.995
2025-12-04 02:29:09+00:00,0.995
2025-12-04 02:30:14+00:00,0.995
2025-12-04 02:31:09+00:00,0.995
2025-12-04 02:32:09+00:00,0.995
2025-12-04 02:33:09+00:00,0.995
2025-12-04 02:34:09+00:00,0.995
2025-12-04 02:35:10+00:00,0.995
2025-12-04 02:36:09+00:00,0.995
2025-12-04 02:37:09+00:00,0.995
2025-12-04 02:38:09+00:00,0.995
2025-12-04 02:39:09+00:00,0.995
2025-12-04 02:40:09+00:00,0.995
2025-12-04 02:41:09+00:00,0.995
2025-12-04 02:42:09+00:00,0.995
2025-12-04 02:43:09+00:00,0.995
2025-12-04 02:44:09+00:00,0.995
2025-12-04 02:45:09+00:00,0.995
2025-12-04 02:46:09+00:00,0.995
2025-12-04 02:47:08+00:00,0.995
2025-12-04 02:48:09+00:00,0.995
2025-12-04 02:49:09+00:00,0.995
2025-12-04 02:50:10+00:00,0.995
2025-12-04 02:51:09+00:00,0.995
2025-12-04 02:52:21+00:00,0.995
2025-12-04 02:53:09+00:00,0.995
2025-12-04 02:54:09+00:00,0.995
2025-12-04 02:55:10+00:00,0.995
2025-12-04 02:56:09+00:00,0.995
2025-12-04 02:57:09+00:00,0.995
2025-12-04 02:58:09+00:00,0.995
2025-12-04 02:59:09+00:00,0.995
2025-12-04 03:00:27+00:00,0.995
2025-12-04 03:01:09+00:00,0.995
2025-12-04 03:02:09+00:00,0.995
2025-12-04 03:03:09+00:00,0.995
2025-12-04 03:04:09+00:00,0.995
2025-12-04 03:05:10+00:00,0.9995
2025-12-04 03:06:09+00:00,0.9995
2025-12-04 03:07:09+00:00,0.9995
2025-12-04 03:08:10+00:00,0.9995
2025-12-04 03:09:09+00:00,0.9995
2025-12-04 03:10:10+00:00,0.9995
2025-12-04 03:11:09+00:00,0.9995
2025-12-04 03:12:09+00:00,0.9995
2025-12-04 03:13:09+00:00,0.9995
2025-12-04 03:14:09+00:00,0.9995
2025-12-04 03:15:09+00:00,0.9995
2025-12-04 03:16:09+00:00,0.9995
2025-12-04 03:17:09+00:00,0.9995
2025-12-04 03:18:10+00:00,0.9995
2025-12-04 03:19:09+00:00,0.9995
2025-12-04 03:20:10+00:00,0.9995
2025-12-04 03:21:10+00:00,0.9995
2025-12-04 03:22:09+00:00,0.9995
2025-12-04 03:23:09+00:00,0.9995
2025-12-04 03:24:09+00:00,0.9995
2025-12-04 03:25:10+00:00,0.9995
2025-12-04 03:26:23+00:00,0.9995
2025-12-04 03:27:09+00:00,0.9995
2025-12-04 03:28:09+00:00,0.9995
2025-12-04 03:29:09+00:00,0.9995
2025-12-04 03:30:13+00:00,0.9995
2025-12-04 03:31:09+00:00,0.9995
2025-12-04 03:32:08+00:00,0.9995
2025-12-04 03:33:10+00:00,0.9995
2025-12-04 03:34:09+00:00,0.9995
2025-12-04 03:35:09+00:00,0.9995
2025-12-04 03:36:09+00:00,0.9995
2025-12-04 03:37:09+00:00,0.9995
2025-12-04 03:38:09+00:00,0.9995
2025-12-04 03:39:08+00:00,0.9995
2025-12-04 03:40:09+00:00,0.9995
2025-12-04 03:41:08+00:00,0.9995
2025-12-04 03:42:09+00:00,0.9995
2025-12-04 03:43:09+00:00,0.9995
2025-12-04 03:44:09+00:00,0.9995
2025-12-04 03:45:09+00:00,0.9995
2025-12-04 03:46:09+00:00,0.9995
2025-12-04 03:47:09+00:00,0.9995
2025-12-04 03:48:09+00:00,0.9995
2025-12-04 03:49:09+00:00,0.9995
2025-12-04 03:50:10+00:00,0.9995
2025-12-04 03:51:09+00:00,0.9995
2025-12-04 03:52:24+00:00,0.9995
2025-12-04 03:53:09+00:00,0.9995
2025-12-04 03:54:08+00:00,0.9995
2025-12-04 03:55:10+00:00,0.9995
2025-12-04 03:56:08+00:00,0.9995
2025-12-04 03:57:09+00:00,0.9995
2025-12-04 03:58:09+00:00,0.9995
2025-12-04 03:59:09+00:00,0.9995
2025-12-04 04:00:30+00:00,0.9995
2025-12-04 04:01:09+00:00,0.9995
2025-12-04 04:02:09+00:00,0.9995
2025-12-04 04:03:09+00:00,0.9995
2025-12-04 04:04:09+00:00,0.9995
2025-12-04 04:05:10+00:00,0.9995
2025-12-04 04:06:09+00:00,0.9995
2025-12-04 04:07:09+00:00,0.9995
2025-12-04 04:08:09+00:00,0.9995
2025-12-04 04:09:09+00:00,0.9995
2025-12-04 04:10:10+00:00,0.9995
2025-12-04 04:11:09+00:00,0.9995
2025-12-04 04:12:09+00:00,0.9995
2025-12-04 04:13:09+00:00,0.9995
2025-12-04 04:14:08+00:00,0.9995
2025-12-04 04:15:09+00:00,0.9995
2025-12-04 04:16:09+00:00,0.9995
2025-12-04 04:17:09+00:00,0.9995
2025-12-04 04:18:09+00:00,0.9995
2025-12-04 04:19:09+00:00,0.9995
2025-12-04 04:20:10+00:00,0.9995
2025-12-04 04:21:09+00:00,0.9995
2025-12-04 04:22:09+00:00,0.9995
2025-12-04 04:23:09+00:00,0.9995
2025-12-04 04:24:09+00:00,0.9995
2025-12-04 04:25:10+00:00,0.9995
2025-12-04 04:26:25+00:00,0.9995
2025-12-04 04:27:08+00:00,0.9995
2025-12-04 04:28:09+00:00,0.9995
2025-12-04 04:29:09+00:00,0.9995
2025-12-04 04:30:14+00:00,0.9995
2025-12-04 04:31:09+00:00,0.9995
2025-12-04 04:32:08+00:00,0.9995
2025-12-04 04:33:09+00:00,0.9995
2025-12-04 04:34:09+00:00,0.9995
2025-12-04 04:35:10+00:00,0.9995
2025-12-04 04:36:09+00:00,0.9995
2025-12-04 04:37:08+00:00,0.9995
2025-12-04 04:38:09+00:00,0.9995
2025-12-04 04:39:09+00:00,0.9995
2025-12-04 04:40:10+00:00,0.9995
2025-12-04 04:41:09+00:00,0.9995
2025-12-04 04:42:09+00:00,0.9995
2025-12-04 04:43:09+00:00,0.9995
2025-12-04 04:44:09+00:00,0.9995
2025-12-04 04:45:10+00:00,0.9995
2025-12-04 04:46:09+00:00,0.9995
2025-12-04 04:47:09+00:00,0.9995
2025-12-04 04:48:09+00:00,0.9995
2025-12-04 04:49:09+00:00,0.9995
2025-12-04 04:50:12+00:00,0.9995
2025-12-04 04:51:09+00:00,0.9995
2025-12-04 04:52:21+00:00,0.9995
2025-12-04 04:53:09+00:00,0.9995
2025-12-04 04:54:09+00:00,0.9995
2025-12-04 04:55:10+00:00,0.9995
2025-12-04 04:56:10+00:00,0.9995
2025-12-04 04:57:09+00:00,0.9995
2025-12-04 04:58:08+00:00,0.9995
2025-12-04 04:59:09+00:00,0.9995
2025-12-04 05:00:27+00:00,0.9995
2025-12-04 05:01:09+00:00,0.9995
