timestamp,price
2026-01-02 00:44:06+00:00,0.9975
2026-01-02 00:45:07+00:00,0.9975
2026-01-02 00:46:07+00:00,0.9975
2026-01-02 00:47:06+00:00,0.9975
2026-01-02 00:48:06+00:00,0.9975
2026-01-02 00:49:06+00:00,0.9975
2026-01-02 00:50:07+00:00,0.9975
2026-01-02 00:51:06+00:00,0.9975
2026-01-02 00:52:20+00:00,0.9975
2026-01-02 00:53:06+00:00,0.9975
2026-01-02 00:54:07+00:00,0.9975
2026-01-02 00:55:06+00:00,0.9975
2026-01-02 00:56:06+00:00,0.9975
2026-01-02 00:57:06+00:00,0.9975
2026-01-02 00:58:06+00:00,0.9975
2026-01-02 00:59:06+00:00,0.9975
2026-01-02 01:00:07+00:00,0.9975
2026-01-02 01:01:29+00:00,0.9975
2026-01-02 01:02:06+00:00,0.9975
2026-01-02 01:03:06+00:00,0.9975
2026-01-02 01:04:06+00:00,0.9975
2026-01-02 01:05:06+00:00,0.9975
2026-01-02 01:06:06+00:00,0.9975
2026-01-02 01:07:06+00:00,0.9975
2026-01-02 01:08:07+00:00,0.9975
2026-01-02 01:09:06+00:00,0.9975
2026-01-02 01:10:06+00:00,0.9975
2026-01-02 01:11:06+00:00,0.9975
2026-01-02 01:12:06+00:00,0.9975
2026-01-02 01:13:06+00:00,0.9975
2026-01-02 01:14:07+00:00,0.9975
2026-01-02 01:15:07+00:00,0.9975
2026-01-02 01:16:06+00:00,0.9975
2026-01-02 01:17:06+00:00,0.9975
2026-01-02 01:18:21+00:00,0.9975
2026-01-02 01:19:06+00:00,0.9975
2026-01-02 01:20:06+00:00,0.9975
2026-01-02 01:21:06+00:00,0.9975
2026-01-02 01:22:06+00:00,0.9975
2026-01-02 01:23:06+00:00,0.9975
2026-01-02 01:24:06+00:00,0.9975
2026-01-02 01:25:06+00:00,0.9975
2026-01-02 01:26:06+00:00,0.9975
2026-01-02 01:27:06+00:00,0.9975
2026-01-02 01:28:06+00:00,0.9975
2026-01-02 01:29:06+00:00,0.9975
2026-01-02 01:30:07+00:00,0.9975
2026-01-02 01:31:06+00:00,0.9975
2026-01-02 01:32:06+00:00,0.9975
2026-01-02 01:33:06+00:00,0.9975
2026-01-02 01:34:06+00:00,0.9975
2026-01-02 01:35:06+00:00,0.9975
2026-01-02 01:36:07+00:00,0.9975
2026-01-02 01:37:06+00:00,0.9975
2026-01-02 01:38:17+00:00,0.9975
2026-01-02 01:39:18+00:00,0.9975
2026-01-02 01:40:07+00:00,0.9975
2026-01-02 01:41:19+00:00,0.9975
2026-01-02 01:42:06+00:00,0.9975
2026-01-02 01:43:06+00:00,0.9975
2026-01-02 01:44:21+00:00,0.9975
2026-01-02 01:45:06+00:00,0.9975
2026-01-02 01:46:06+00:00,0.9975
2026-01-02 01:47:06+00:00,0.9975
2026-01-02 01:48:06+00:00,0.9975
2026-01-02 01:49:06+00:00,0.9975
2026-01-02 01:50:07+00:00,0.9975
2026-01-02 01:51:06+00:00,0.9975
2026-01-02 01:52:22+00:00,0.9975
2026-01-02 01:53:06+00:00,0.9975
2026-01-02 01:54:06+00:00,0.9975
2026-01-02 01:55:06+00:00,0.9975
2026-01-02 01:56:06+00:00,0.9975
2026-01-02 01:57:06+00:00,0.9975
2026-01-02 01:58:06+00:00,0.9975
2026-01-02 01:59:06+00:00,0.9975
2026-01-02 02:00:08+00:00,0.9975
2026-01-02 02:01:06+00:00,0.9975
2026-01-02 02:02:06+00:00,0.9975
2026-01-02 02:03:19+00:00,0.9975
2026-01-02 02:04:07+00:00,0.9975
2026-01-02 02:05:06+00:00,0.9975
2026-01-02 02:06:06+00:00,0.9975
2026-01-02 02:07:06+00:00,0.9975
2026-01-02 02:08:06+00:00,0.9975
2026-01-02 02:09:06+00:00,0.9975
2026-01-02 02:10:21+00:00,0.9975
2026-01-02 02:11:06+00:00,0.9975
2026-01-02 02:12:06+00:00,0.9975
2026-01-02 02:13:06+00:00,0.9975
2026-01-02 02:14:06+00:00,0.9975
2026-01-02 02:15:06+00:00,0.9975
2026-01-02 02:16:06+00:00,0.9975
2026-01-02 02:17:06+00:00,0.9975
2026-01-02 02:18:20+00:00,0.9985
2026-01-02 02:19:06+00:00,0.9985
2026-01-02 02:20:06+00:00,0.9985
2026-01-02 02:21:06+00:00,0.9985
2026-01-02 02:22:06+00:00,0.9985
2026-01-02 02:23:06+00:00,0.9985
2026-01-02 02:24:06+00:00,0.9985
2026-01-02 02:25:06+00:00,0.9985
2026-01-02 02:26:06+00:00,0.9985
2026-01-02 02:27:07+00:00,0.9985
2026-01-02 02:28:21+00:00,0.9985
2026-01-02 02:29:06+00:00,0.9985
2026-01-02 02:30:07+00:00,0.9985
2026-01-02 02:31:06+00:00,0.9985
2026-01-02 02:32:07+00:00,0.9985
2026-01-02 02:33:07+00:00,0.9985
2026-01-02 02:34:06+00:00,0.9985
2026-01-02 02:35:20+00:00,0.9985
2026-01-02 02:36:06+00:00,0.9985
2026-01-02 02:37:06+00:00,0.9985
2026-01-02 02:38:06+00:00,0.9985
2026-01-02 02:39:06+00:00,0.9985
2026-01-02 02:40:17+00:00,0.9985
2026-01-02 02:41:19+00:00,0.9985
2026-01-02 02:42:06+00:00,0.9985
2026-01-02 02:43:06+00:00,0.9985
2026-01-02 02:44:06+00:00,0.9985
2026-01-02 02:45:07+00:00,0.9985
2026-01-02 02:46:06+00:00,0.9985
2026-01-02 02:47:06+00:00,0.9985
2026-01-02 02:48:06+00:00,0.9985
2026-01-02 02:49:06+00:00,0.9985
2026-01-02 02:50:22+00:00,0.9985
2026-01-02 02:51:06+00:00,0.9985
2026-01-02 02:52:06+00:00,0.9985
2026-01-02 02:53:06+00:00,0.9985
2026-01-02 02:54:06+00:00,0.9985
2026-01-02 02:55:06+00:00,0.9985
2026-01-02 02:56:06+00:00,0.9985
2026-01-02 02:57:06+00:00,0.9985
2026-01-02 02:58:06+00:00,0.9985
2026-01-02 02:59:06+00:00,0.9985
2026-01-02 03:00:09+00:00,0.9985
2026-01-02 03:01:07+00:00,0.9985
2026-01-02 03:02:06+00:00,0.9985
2026-01-02 03:03:06+00:00,0.9985
2026-01-02 03:04:06+00:00,0.9985
2026-01-02 03:05:07+00:00,0.9985
2026-01-02 03:06:20+00:00,0.9985
2026-01-02 03:07:06+00:00,0.9985
2026-01-02 03:08:06+00:00,0.9985
2026-01-02 03:09:18+00:00,0.9985
2026-01-02 03:10:06+00:00,0.9985
2026-01-02 03:11:06+00:00,0.9985
2026-01-02 03:12:06+00:00,0.9985
2026-01-02 03:13:06+00:00,0.9985
2026-01-02 03:14:07+00:00,0.9985
2026-01-02 03:15:06+00:00,0.9985
2026-01-02 03:16:06+00:00,0.9985
2026-01-02 03:17:06+00:00,0.9985
2026-01-02 03:18:06+00:00,0.9985
2026-01-02 03:19:06+00:00,0.9985
2026-01-02 03:20:06+00:00,0.9985
2026-01-02 03:21:17+00:00,0.9985
2026-01-02 03:22:06+00:00,0.9985
2026-01-02 03:23:06+00:00,0.9985
2026-01-02 03:24:06+00:00,0.9985
2026-01-02 03:25:06+00:00,0.9985
2026-01-02 03:26:06+00:00,0.9985
2026-01-02 03:27:07+00:00,0.9985
2026-01-02 03:28:06+00:00,0.9985
2026-01-02 03:29:06+00:00,0.9985
2026-01-02 03:30:07+00:00,0.9985
2026-01-02 03:31:06+00:00,0.9985
2026-01-02 03:32:06+00:00,0.9985
2026-01-02 03:33:06+00:00,0.9985
2026-01-02 03:34:06+00:00,0.9985
2026-01-02 03:35:07+00:00,0.9985
2026-01-02 03:36:06+00:00,0.9985
2026-01-02 03:37:06+00:00,0.9985
2026-01-02 03:38:06+00:00,0.9985
2026-01-02 03:39:06+00:00,0.9985
2026-01-02 03:40:07+00:00,0.9985
2026-01-02 03:41:06+00:00,0.9985
2026-01-02 03:42:19+00:00,0.9985
2026-01-02 03:43:06+00:00,0.9985
2026-01-02 03:44:06+00:00,0.9985
2026-01-02 03:45:06+00:00,0.9985
2026-01-02 03:46:07+00:00,0.9985
2026-01-02 03:47:06+00:00,0.9985
2026-01-02 03:48:06+00:00,0.9975
2026-01-02 03:49:06+00:00,0.998
2026-01-02 03:50:06+00:00,0.998
2026-01-02 03:51:06+00:00,0.998
2026-01-02 03:52:07+00:00,0.9985
2026-01-02 03:53:06+00:00,0.9985
2026-01-02 03:54:06+00:00,0.9985
2026-01-02 03:55:06+00:00,0.9985
2026-01-02 03:56:06+00:00,0.9985
2026-01-02 03:57:06+00:00,0.9985
2026-01-02 03:58:06+00:00,0.9985
2026-01-02 03:59:06+00:00,0.9985
2026-01-02 04:00:06+00:00,0.9985
2026-01-02 04:01:18+00:00,0.9985
2026-01-02 04:02:06+00:00,0.9985
2026-01-02 04:03:06+00:00,0.998
2026-01-02 04:04:06+00:00,0.9985
2026-01-02 04:05:06+00:00,0.9985
2026-01-02 04:06:06+00:00,0.9985
2026-01-02 04:07:06+00:00,0.9985
2026-01-02 04:08:18+00:00,0.998
2026-01-02 04:09:06+00:00,0.998
2026-01-02 04:10:07+00:00,0.998
2026-01-02 04:11:06+00:00,0.9975
2026-01-02 04:12:18+00:00,0.9975
2026-01-02 04:13:06+00:00,0.9975
2026-01-02 04:14:21+00:00,0.9975
2026-01-02 04:15:06+00:00,0.9975
2026-01-02 04:16:06+00:00,0.9975
2026-01-02 04:17:06+00:00,0.9975
2026-01-02 04:18:07+00:00,0.9975
2026-01-02 04:19:06+00:00,0.9975
2026-01-02 04:20:07+00:00,0.9975
2026-01-02 04:21:06+00:00,0.9975
2026-01-02 04:22:06+00:00,0.9975
2026-01-02 04:23:06+00:00,0.9975
2026-01-02 04:24:07+00:00,0.9975
2026-01-02 04:25:07+00:00,0.9975
2026-01-02 04:26:06+00:00,0.9975
2026-01-02 04:27:06+00:00,0.9975
2026-01-02 04:28:17+00:00,0.9975
2026-01-02 04:29:06+00:00,0.9975
2026-01-02 04:30:07+00:00,0.9975
2026-01-02 04:31:06+00:00,0.9975
2026-01-02 04:32:19+00:00,0.9975
2026-01-02 04:33:07+00:00,0.9975
2026-01-02 04:34:17+00:00,0.9975
2026-01-02 04:35:06+00:00,0.9975
2026-01-02 04:36:06+00:00,0.9975
2026-01-02 04:37:06+00:00,0.9975
2026-01-02 04:38:07+00:00,0.9975
2026-01-02 04:39:06+00:00,0.9975
2026-01-02 04:40:07+00:00,0.9975
2026-01-02 04:41:06+00:00,0.9975
2026-01-02 04:42:06+00:00,0.9975
2026-01-02 04:43:06+00:00,0.9975
2026-01-02 04:44:06+00:00,0.9975
2026-01-02 04:45:06+00:00,0.9975
2026-01-02 04:46:06+00:00,0.9975
2026-01-02 04:47:06+00:00,0.9975
2026-01-02 04:48:07+00:00,0.9975
2026-01-02 04:49:06+00:00,0.9975
2026-01-02 04:50:07+00:00,0.9975
2026-01-02 04:51:06+00:00,0.9975
2026-01-02 04:52:07+00:00,0.9975
2026-01-02 04:53:18+00:00,0.9975
2026-01-02 04:54:21+00:00,0.9975
2026-01-02 04:55:06+00:00,0.9975
2026-01-02 04:56:22+00:00,0.9975
2026-01-02 04:57:06+00:00,0.9975
2026-01-02 04:58:06+00:00,0.9975
2026-01-02 04:59:06+00:00,0.9975
2026-01-02 05:00:08+00:00,0.9975
2026-01-02 05:01:06+00:00,0.9975
2026-01-02 05:02:06+00:00,0.998
2026-01-02 05:03:06+00:00,0.9975
2026-01-02 05:04:06+00:00,0.9975
2026-01-02 05:05:06+00:00,0.9975
2026-01-02 05:06:06+00:00,0.9975
2026-01-02 05:07:06+00:00,0.9975
2026-01-02 05:08:06+00:00,0.9975
2026-01-02 05:09:20+00:00,0.9975
2026-01-02 05:10:06+00:00,0.9975
2026-01-02 05:11:06+00:00,0.9975
2026-01-02 05:12:06+00:00,0.9975
2026-01-02 05:13:06+00:00,0.9975
2026-01-02 05:14:06+00:00,0.998
2026-01-02 05:15:06+00:00,0.9975
2026-01-02 05:16:06+00:00,0.9975
2026-01-02 05:17:21+00:00,0.9975
2026-01-02 05:18:07+00:00,0.9985
2026-01-02 05:19:06+00:00,0.9985
2026-01-02 05:20:07+00:00,0.9985
2026-01-02 05:21:06+00:00,0.9985
2026-01-02 05:22:06+00:00,0.9985
2026-01-02 05:23:06+00:00,0.9985
2026-01-02 05:24:06+00:00,0.9985
2026-01-02 05:25:21+00:00,0.9985
2026-01-02 05:26:20+00:00,0.9985
2026-01-02 05:27:06+00:00,0.9985
2026-01-02 05:28:06+00:00,0.9985
2026-01-02 05:29:06+00:00,0.9985
2026-01-02 05:30:07+00:00,0.9985
2026-01-02 05:31:06+00:00,0.9985
2026-01-02 05:32:06+00:00,0.9985
2026-01-02 05:33:06+00:00,0.9985
2026-01-02 05:34:07+00:00,0.9985
2026-01-02 05:35:06+00:00,0.9985
2026-01-02 05:36:06+00:00,0.9985
2026-01-02 05:37:06+00:00,0.9985
2026-01-02 05:38:06+00:00,0.9985
2026-01-02 05:39:06+00:00,0.9985
2026-01-02 05:40:06+00:00,0.9985
2026-01-02 05:41:06+00:00,0.9985
2026-01-02 05:42:06+00:00,0.9985
2026-01-02 05:43:06+00:00,0.9985
2026-01-02 05:44:06+00:00,0.9985
2026-01-02 05:45:18+00:00,0.9985
2026-01-02 05:46:06+00:00,0.9985
2026-01-02 05:47:06+00:00,0.9985
2026-01-02 05:48:07+00:00,0.9985
2026-01-02 05:49:06+00:00,0.9985
2026-01-02 05:50:07+00:00,0.9985
2026-01-02 05:51:06+00:00,0.9985
2026-01-02 05:52:06+00:00,0.9985
2026-01-02 05:53:06+00:00,0.9985
2026-01-02 05:54:06+00:00,0.9985
2026-01-02 05:55:18+00:00,0.9985
2026-01-02 05:56:06+00:00,0.9985
2026-01-02 05:57:06+00:00,0.9985
2026-01-02 05:58:06+00:00,0.9985
2026-01-02 05:59:06+00:00,0.9985
2026-01-02 06:00:07+00:00,0.9985
2026-01-02 06:01:06+00:00,0.9985
2026-01-02 06:02:07+00:00,0.9985
2026-01-02 06:03:06+00:00,0.9985
2026-01-02 06:04:06+00:00,0.9985
2026-01-02 06:05:06+00:00,0.9985
2026-01-02 06:06:06+00:00,0.9985
2026-01-02 06:07:06+00:00,0.9985
2026-01-02 06:08:06+00:00,0.9985
2026-01-02 06:09:20+00:00,0.9985
2026-01-02 06:10:06+00:00,0.9985
2026-01-02 06:11:06+00:00,0.9985
2026-01-02 06:12:07+00:00,0.9985
2026-01-02 06:13:06+00:00,0.9985
2026-01-02 06:14:06+00:00,0.9985
2026-01-02 06:15:07+00:00,0.9985
2026-01-02 06:16:07+00:00,0.9985
2026-01-02 06:17:06+00:00,0.9985
2026-01-02 06:18:18+00:00,0.9985
2026-01-02 06:19:06+00:00,0.9985
2026-01-02 06:20:17+00:00,0.9985
2026-01-02 06:21:06+00:00,0.9985
2026-01-02 06:22:20+00:00,0.9985
2026-01-02 06:23:06+00:00,0.9985
2026-01-02 06:24:06+00:00,0.9985
2026-01-02 06:25:06+00:00,0.9985
2026-01-02 06:26:06+00:00,0.9985
2026-01-02 06:27:07+00:00,0.9985
2026-01-02 06:28:06+00:00,0.9985
2026-01-02 06:29:06+00:00,0.9975
2026-01-02 06:30:07+00:00,0.9975
2026-01-02 06:31:06+00:00,0.9985
2026-01-02 06:32:06+00:00,0.9985
2026-01-02 06:33:07+00:00,0.9985
2026-01-02 06:34:06+00:00,0.9975
2026-01-02 06:35:07+00:00,0.9975
2026-01-02 06:36:06+00:00,0.9975
2026-01-02 06:37:06+00:00,0.9975
2026-01-02 06:38:06+00:00,0.9975
2026-01-02 06:39:06+00:00,0.9975
2026-01-02 06:40:06+00:00,0.9975
2026-01-02 06:41:06+00:00,0.9975
2026-01-02 06:42:06+00:00,0.9975
2026-01-02 06:43:06+00:00,0.9975
2026-01-02 06:44:06+00:00,0.9975
2026-01-02 06:45:06+00:00,0.9975
2026-01-02 06:46:06+00:00,0.9975
2026-01-02 06:47:06+00:00,0.9975
2026-01-02 06:48:06+00:00,0.9975
2026-01-02 06:49:06+00:00,0.9975
2026-01-02 06:50:07+00:00,0.9975
2026-01-02 06:51:06+00:00,0.9975
2026-01-02 06:52:06+00:00,0.9975
2026-01-02 06:53:06+00:00,0.9975
2026-01-02 06:54:06+00:00,0.9975
2026-01-02 06:55:06+00:00,0.9975
2026-01-02 06:56:06+00:00,0.9975
2026-01-02 06:57:06+00:00,0.9975
2026-01-02 06:58:07+00:00,0.9975
2026-01-02 06:59:18+00:00,0.9975
2026-01-02 07:00:06+00:00,0.9975
2026-01-02 07:01:06+00:00,0.9975
2026-01-02 07:02:06+00:00,0.9975
2026-01-02 07:03:06+00:00,0.9975
2026-01-02 07:04:06+00:00,0.9975
2026-01-02 07:05:07+00:00,0.9975
2026-01-02 07:06:06+00:00,0.9975
2026-01-02 07:07:06+00:00,0.9975
2026-01-02 07:08:06+00:00,0.9975
2026-01-02 07:09:06+00:00,0.9975
2026-01-02 07:10:06+00:00,0.9975
2026-01-02 07:11:06+00:00,0.9975
2026-01-02 07:12:06+00:00,0.9975
2026-01-02 07:13:06+00:00,0.9975
2026-01-02 07:14:06+00:00,0.9975
2026-01-02 07:15:07+00:00,0.9975
2026-01-02 07:16:06+00:00,0.9975
2026-01-02 07:17:06+00:00,0.9975
2026-01-02 07:18:06+00:00,0.9975
2026-01-02 07:19:19+00:00,0.9975
2026-01-02 07:20:07+00:00,0.9975
2026-01-02 07:21:06+00:00,0.9975
2026-01-02 07:22:06+00:00,0.9975
2026-01-02 07:23:06+00:00,0.9975
2026-01-02 07:24:06+00:00,0.9975
2026-01-02 07:25:06+00:00,0.9975
2026-01-02 07:26:07+00:00,0.9975
2026-01-02 07:27:07+00:00,0.9975
2026-01-02 07:28:06+00:00,0.9975
2026-01-02 07:29:06+00:00,0.9975
2026-01-02 07:30:06+00:00,0.9975
2026-01-02 07:31:06+00:00,0.9975
2026-01-02 07:32:06+00:00,0.9975
2026-01-02 07:33:06+00:00,0.9975
2026-01-02 07:34:06+00:00,0.9975
2026-01-02 07:35:06+00:00,0.9975
2026-01-02 07:36:06+00:00,0.9975
2026-01-02 07:37:06+00:00,0.9975
2026-01-02 07:38:21+00:00,0.9975
2026-01-02 07:39:06+00:00,0.9975
2026-01-02 07:40:07+00:00,0.9975
2026-01-02 07:41:06+00:00,0.9975
2026-01-02 07:42:06+00:00,0.9975
2026-01-02 07:43:06+00:00,0.9975
2026-01-02 07:44:06+00:00,0.9975
2026-01-02 07:45:06+00:00,0.9975
2026-01-02 07:46:07+00:00,0.9975
2026-01-02 07:47:06+00:00,0.9975
2026-01-02 07:48:06+00:00,0.9975
2026-01-02 07:49:06+00:00,0.9975
2026-01-02 07:50:06+00:00,0.9975
2026-01-02 07:51:06+00:00,0.9975
2026-01-02 07:52:06+00:00,0.9975
2026-01-02 07:53:06+00:00,0.9975
2026-01-02 07:54:06+00:00,0.9975
2026-01-02 07:55:06+00:00,0.9975
2026-01-02 07:56:06+00:00,0.9985
2026-01-02 07:57:06+00:00,0.9985
2026-01-02 07:58:06+00:00,0.9985
2026-01-02 07:59:06+00:00,0.9985
2026-01-02 08:00:07+00:00,0.9985
2026-01-02 08:01:06+00:00,0.9985
2026-01-02 08:02:06+00:00,0.9985
2026-01-02 08:03:06+00:00,0.9985
2026-01-02 08:04:06+00:00,0.9985
2026-01-02 08:05:06+00:00,0.9985
2026-01-02 08:06:07+00:00,0.9985
2026-01-02 08:07:06+00:00,0.9985
2026-01-02 08:08:07+00:00,0.9985
2026-01-02 08:09:06+00:00,0.9985
2026-01-02 08:10:06+00:00,0.9985
2026-01-02 08:11:06+00:00,0.9985
2026-01-02 08:12:06+00:00,0.9985
2026-01-02 08:13:06+00:00,0.9985
2026-01-02 08:14:06+00:00,0.9985
2026-01-02 08:15:06+00:00,0.9985
2026-01-02 08:16:06+00:00,0.9985
2026-01-02 08:17:06+00:00,0.9985
2026-01-02 08:18:06+00:00,0.9985
2026-01-02 08:19:06+00:00,0.9985
2026-01-02 08:20:07+00:00,0.9985
2026-01-02 08:21:06+00:00,0.9985
2026-01-02 08:22:07+00:00,0.9985
2026-01-02 08:23:06+00:00,0.9985
2026-01-02 08:24:07+00:00,0.9985
2026-01-02 08:25:07+00:00,0.9985
2026-01-02 08:26:07+00:00,0.9985
2026-01-02 08:27:07+00:00,0.9985
2026-01-02 08:28:06+00:00,0.9985
2026-01-02 08:29:06+00:00,0.9985
2026-01-02 08:30:07+00:00,0.9985
2026-01-02 08:31:06+00:00,0.9985
2026-01-02 08:32:06+00:00,0.9985
2026-01-02 08:33:06+00:00,0.9985
2026-01-02 08:34:06+00:00,0.9985
2026-01-02 08:35:06+00:00,0.9985
2026-01-02 08:36:07+00:00,0.9985
2026-01-02 08:37:06+00:00,0.9985
2026-01-02 08:38:07+00:00,0.9985
2026-01-02 08:39:06+00:00,0.9985
2026-01-02 08:40:06+00:00,0.9985
2026-01-02 08:41:06+00:00,0.9985
2026-01-02 08:42:06+00:00,0.9985
2026-01-02 08:43:06+00:00,0.9985
2026-01-02 08:44:06+00:00,0.9985
2026-01-02 08:45:06+00:00,0.9985
2026-01-02 08:46:06+00:00,0.9985
2026-01-02 08:47:06+00:00,0.9985
2026-01-02 08:48:07+00:00,0.9985
2026-01-02 08:49:06+00:00,0.9985
2026-01-02 08:50:22+00:00,0.9985
2026-01-02 08:51:06+00:00,0.9985
2026-01-02 08:52:06+00:00,0.9985
2026-01-02 08:53:20+00:00,0.9985
2026-01-02 08:54:07+00:00,0.9985
2026-01-02 08:55:06+00:00,0.9985
2026-01-02 08:56:06+00:00,0.9985
2026-01-02 08:57:20+00:00,0.9985
2026-01-02 08:58:06+00:00,0.9985
2026-01-02 08:59:06+00:00,0.9985
2026-01-02 09:00:07+00:00,0.9985
2026-01-02 09:01:06+00:00,0.9985
2026-01-02 09:02:06+00:00,0.9985
2026-01-02 09:03:06+00:00,0.9985
2026-01-02 09:04:06+00:00,0.9985
2026-01-02 09:05:06+00:00,0.9985
2026-01-02 09:06:06+00:00,0.9985
2026-01-02 09:07:06+00:00,0.9985
2026-01-02 09:08:18+00:00,0.9985
2026-01-02 09:09:06+00:00,0.9985
2026-01-02 09:10:06+00:00,0.9985
2026-01-02 09:11:06+00:00,0.9985
2026-01-02 09:12:06+00:00,0.9985
2026-01-02 09:13:06+00:00,0.9985
2026-01-02 09:14:06+00:00,0.9985
2026-01-02 09:15:07+00:00,0.998
2026-01-02 09:16:06+00:00,0.9975
2026-01-02 09:17:06+00:00,0.9975
2026-01-02 09:18:18+00:00,0.9975
2026-01-02 09:19:06+00:00,0.9975
2026-01-02 09:20:06+00:00,0.9975
2026-01-02 09:21:06+00:00,0.9975
2026-01-02 09:22:06+00:00,0.9975
2026-01-02 09:23:06+00:00,0.9975
2026-01-02 09:24:07+00:00,0.9975
2026-01-02 09:25:06+00:00,0.9975
2026-01-02 09:26:20+00:00,0.9975
2026-01-02 09:27:06+00:00,0.9975
2026-01-02 09:28:06+00:00,0.9975
2026-01-02 09:29:06+00:00,0.9975
2026-01-02 09:30:07+00:00,0.9975
2026-01-02 09:31:06+00:00,0.9975
2026-01-02 09:32:07+00:00,0.9975
2026-01-02 09:33:06+00:00,0.9975
2026-01-02 09:34:20+00:00,0.9975
2026-01-02 09:35:07+00:00,0.9975
2026-01-02 09:36:06+00:00,0.9975
2026-01-02 09:37:06+00:00,0.9975
2026-01-02 09:38:06+00:00,0.9975
2026-01-02 09:39:06+00:00,0.9975
2026-01-02 09:40:07+00:00,0.9975
2026-01-02 09:41:06+00:00,0.9975
2026-01-02 09:42:06+00:00,0.9975
2026-01-02 09:43:06+00:00,0.9975
2026-01-02 09:44:06+00:00,0.9975
2026-01-02 09:45:06+00:00,0.9975
2026-01-02 09:46:06+00:00,0.9975
2026-01-02 09:47:06+00:00,0.9975
2026-01-02 09:48:07+00:00,0.9975
2026-01-02 09:49:06+00:00,0.9975
2026-01-02 09:50:06+00:00,0.9975
2026-01-02 09:51:06+00:00,0.9975
2026-01-02 09:52:06+00:00,0.9975
2026-01-02 09:53:06+00:00,0.9975
2026-01-02 09:54:06+00:00,0.9975
2026-01-02 09:55:06+00:00,0.9975
2026-01-02 09:56:06+00:00,0.9975
2026-01-02 09:57:20+00:00,0.9975
2026-01-02 09:58:06+00:00,0.9975
2026-01-02 09:59:06+00:00,0.9975
2026-01-02 10:00:09+00:00,0.9975
2026-01-02 10:01:06+00:00,0.9975
2026-01-02 10:02:06+00:00,0.9975
2026-01-02 10:03:06+00:00,0.9975
2026-01-02 10:04:06+00:00,0.9975
2026-01-02 10:05:17+00:00,0.9975
2026-01-02 10:06:06+00:00,0.9975
2026-01-02 10:07:06+00:00,0.9975
2026-01-02 10:08:06+00:00,0.9975
2026-01-02 10:09:06+00:00,0.9975
2026-01-02 10:10:07+00:00,0.9975
2026-01-02 10:11:06+00:00,0.9975
2026-01-02 10:12:21+00:00,0.9975
2026-01-02 10:13:06+00:00,0.9975
2026-01-02 10:14:07+00:00,0.9975
2026-01-02 10:15:06+00:00,0.9975
2026-01-02 10:16:06+00:00,0.9975
2026-01-02 10:17:06+00:00,0.9975
2026-01-02 10:18:06+00:00,0.9975
2026-01-02 10:19:18+00:00,0.9975
2026-01-02 10:20:07+00:00,0.9975
2026-01-02 10:21:06+00:00,0.9975
2026-01-02 10:22:18+00:00,0.9975
2026-01-02 10:23:06+00:00,0.9975
2026-01-02 10:24:06+00:00,0.9975
2026-01-02 10:25:06+00:00,0.9975
2026-01-02 10:26:20+00:00,0.9975
2026-01-02 10:27:06+00:00,0.9975
2026-01-02 10:28:07+00:00,0.9975
2026-01-02 10:29:18+00:00,0.9975
2026-01-02 10:30:06+00:00,0.9975
2026-01-02 10:31:06+00:00,0.9975
2026-01-02 10:32:06+00:00,0.9975
2026-01-02 10:33:06+00:00,0.9975
2026-01-02 10:34:06+00:00,0.9975
2026-01-02 10:35:20+00:00,0.9975
2026-01-02 10:36:07+00:00,0.9975
2026-01-02 10:37:06+00:00,0.9975
2026-01-02 10:38:06+00:00,0.9975
2026-01-02 10:39:18+00:00,0.9975
2026-01-02 10:40:06+00:00,0.9975
2026-01-02 10:41:06+00:00,0.9975
2026-01-02 10:42:06+00:00,0.9975
2026-01-02 10:43:06+00:00,0.9975
2026-01-02 10:44:06+00:00,0.9975
2026-01-02 10:45:06+00:00,0.9975
2026-01-02 10:46:06+00:00,0.9975
2026-01-02 10:47:19+00:00,0.9975
2026-01-02 10:48:22+00:00,0.9975
2026-01-02 10:49:18+00:00,0.9975
2026-01-02 10:50:06+00:00,0.9975
2026-01-02 10:51:06+00:00,0.9975
2026-01-02 10:52:06+00:00,0.9975
2026-01-02 10:53:06+00:00,0.9975
2026-01-02 10:54:06+00:00,0.9975
2026-01-02 10:55:06+00:00,0.9975
2026-01-02 10:56:07+00:00,0.9975
2026-01-02 10:57:06+00:00,0.9975
2026-01-02 10:58:06+00:00,0.9975
2026-01-02 10:59:06+00:00,0.9975
2026-01-02 11:00:08+00:00,0.9975
2026-01-02 11:01:06+00:00,0.9975
2026-01-02 11:02:07+00:00,0.9975
2026-01-02 11:03:06+00:00,0.9975
2026-01-02 11:04:06+00:00,0.9975
2026-01-02 11:05:06+00:00,0.9975
2026-01-02 11:06:06+00:00,0.9975
2026-01-02 11:07:06+00:00,0.9975
2026-01-02 11:08:18+00:00,0.9975
2026-01-02 11:09:06+00:00,0.9975
2026-01-02 11:10:06+00:00,0.9975
2026-01-02 11:11:06+00:00,0.9975
2026-01-02 11:12:06+00:00,0.9975
2026-01-02 11:13:06+00:00,0.9975
2026-01-02 11:14:06+00:00,0.9975
2026-01-02 11:15:06+00:00,0.9975
2026-01-02 11:16:06+00:00,0.9975
2026-01-02 11:17:06+00:00,0.9975
2026-01-02 11:18:19+00:00,0.9975
2026-01-02 11:19:06+00:00,0.9975
2026-01-02 11:20:06+00:00,0.9975
2026-01-02 11:21:19+00:00,0.9975
2026-01-02 11:22:06+00:00,0.9975
2026-01-02 11:23:06+00:00,0.9975
2026-01-02 11:24:07+00:00,0.9975
2026-01-02 11:25:19+00:00,0.9975
2026-01-02 11:26:07+00:00,0.9975
2026-01-02 11:27:06+00:00,0.9975
2026-01-02 11:28:07+00:00,0.9975
2026-01-02 11:29:06+00:00,0.9975
2026-01-02 11:30:07+00:00,0.9975
2026-01-02 11:31:06+00:00,0.9975
2026-01-02 11:32:07+00:00,0.9975
2026-01-02 11:33:06+00:00,0.9975
2026-01-02 11:34:06+00:00,0.9975
2026-01-02 11:35:07+00:00,0.9975
2026-01-02 11:36:06+00:00,0.9975
2026-01-02 11:37:18+00:00,0.9975
2026-01-02 11:38:06+00:00,0.9975
2026-01-02 11:39:06+00:00,0.9975
2026-01-02 11:40:07+00:00,0.9975
2026-01-02 11:41:06+00:00,0.9975
2026-01-02 11:42:06+00:00,0.9975
2026-01-02 11:43:06+00:00,0.9975
2026-01-02 11:44:06+00:00,0.9975
2026-01-02 11:45:06+00:00,0.9975
2026-01-02 11:46:21+00:00,0.9975
2026-01-02 11:47:18+00:00,0.9975
2026-01-02 11:48:06+00:00,0.9975
2026-01-02 11:49:06+00:00,0.9975
2026-01-02 11:50:18+00:00,0.9975
2026-01-02 11:51:06+00:00,0.9975
2026-01-02 11:52:06+00:00,0.9975
2026-01-02 11:53:06+00:00,0.9975
2026-01-02 11:54:06+00:00,0.9975
2026-01-02 11:55:07+00:00,0.9975
2026-01-02 11:56:06+00:00,0.9975
2026-01-02 11:57:06+00:00,0.9975
2026-01-02 11:58:06+00:00,0.9975
2026-01-02 11:59:06+00:00,0.9975
2026-01-02 12:00:07+00:00,0.9975
2026-01-02 12:01:06+00:00,0.9975
2026-01-02 12:02:06+00:00,0.9975
2026-01-02 12:03:06+00:00,0.9975
2026-01-02 12:04:06+00:00,0.9975
2026-01-02 12:05:06+00:00,0.9975
2026-01-02 12:06:07+00:00,0.9975
2026-01-02 12:07:06+00:00,0.9975
2026-01-02 12:08:06+00:00,0.9975
2026-01-02 12:09:06+00:00,0.9975
2026-01-02 12:10:06+00:00,0.9975
2026-01-02 12:11:06+00:00,0.9975
2026-01-02 12:12:06+00:00,0.9975
2026-01-02 12:13:06+00:00,0.9975
2026-01-02 12:14:06+00:00,0.9975
2026-01-02 12:15:06+00:00,0.9975
2026-01-02 12:16:06+00:00,0.9975
2026-01-02 12:17:07+00:00,0.9975
2026-01-02 12:18:22+00:00,0.9975
2026-01-02 12:19:06+00:00,0.9975
2026-01-02 12:20:07+00:00,0.9975
2026-01-02 12:21:06+00:00,0.9975
2026-01-02 12:22:06+00:00,0.9975
2026-01-02 12:23:06+00:00,0.9975
2026-01-02 12:24:06+00:00,0.9975
2026-01-02 12:25:06+00:00,0.9975
2026-01-02 12:26:06+00:00,0.9975
2026-01-02 12:27:17+00:00,0.9975
2026-01-02 12:28:06+00:00,0.9975
2026-01-02 12:29:17+00:00,0.9975
2026-01-02 12:30:06+00:00,0.9975
2026-01-02 12:31:06+00:00,0.9975
2026-01-02 12:32:06+00:00,0.9975
2026-01-02 12:33:06+00:00,0.9975
2026-01-02 12:34:07+00:00,0.9975
2026-01-02 12:35:06+00:00,0.9975
2026-01-02 12:36:06+00:00,0.9975
2026-01-02 12:37:06+00:00,0.9975
2026-01-02 12:38:06+00:00,0.9975
2026-01-02 12:39:07+00:00,0.9975
2026-01-02 12:40:06+00:00,0.9975
2026-01-02 12:41:06+00:00,0.9975
2026-01-02 12:42:06+00:00,0.9975
2026-01-02 12:43:06+00:00,0.9975
2026-01-02 12:44:18+00:00,0.9975
2026-01-02 12:45:19+00:00,0.9975
2026-01-02 12:46:06+00:00,0.9975
2026-01-02 12:47:06+00:00,0.9975
2026-01-02 12:48:06+00:00,0.9975
2026-01-02 12:49:06+00:00,0.9975
2026-01-02 12:50:06+00:00,0.9975
2026-01-02 12:51:06+00:00,0.9975
2026-01-02 12:52:06+00:00,0.9975
2026-01-02 12:53:17+00:00,0.9975
2026-01-02 12:54:21+00:00,0.9975
2026-01-02 12:55:06+00:00,0.9975
2026-01-02 12:56:07+00:00,0.9975
2026-01-02 12:57:06+00:00,0.9975
2026-01-02 12:58:07+00:00,0.9975
2026-01-02 12:59:06+00:00,0.9975
2026-01-02 13:00:06+00:00,0.9975
2026-01-02 13:01:06+00:00,0.9975
2026-01-02 13:02:07+00:00,0.9975
2026-01-02 13:03:06+00:00,0.9975
2026-01-02 13:04:07+00:00,0.9975
2026-01-02 13:05:06+00:00,0.9975
2026-01-02 13:06:07+00:00,0.9975
2026-01-02 13:07:06+00:00,0.9975
2026-01-02 13:08:18+00:00,0.9975
2026-01-02 13:09:21+00:00,0.9975
2026-01-02 13:10:20+00:00,0.9975
2026-01-02 13:11:06+00:00,0.9975
2026-01-02 13:12:07+00:00,0.9975
2026-01-02 13:13:06+00:00,0.9975
2026-01-02 13:14:06+00:00,0.9975
2026-01-02 13:15:07+00:00,0.9975
2026-01-02 13:16:06+00:00,0.9975
2026-01-02 13:17:21+00:00,0.9975
2026-01-02 13:18:06+00:00,0.9975
2026-01-02 13:19:18+00:00,0.9975
2026-01-02 13:20:20+00:00,0.9975
2026-01-02 13:21:07+00:00,0.9975
2026-01-02 13:22:19+00:00,0.9975
2026-01-02 13:23:06+00:00,0.9975
2026-01-02 13:24:06+00:00,0.9975
2026-01-02 13:25:17+00:00,0.9975
2026-01-02 13:26:06+00:00,0.9975
2026-01-02 13:27:07+00:00,0.9975
2026-01-02 13:28:06+00:00,0.9975
2026-01-02 13:29:06+00:00,0.9975
2026-01-02 13:30:07+00:00,0.9975
2026-01-02 13:31:06+00:00,0.9975
2026-01-02 13:32:06+00:00,0.9975
2026-01-02 13:33:07+00:00,0.9975
2026-01-02 13:34:19+00:00,0.9975
2026-01-02 13:35:17+00:00,0.9975
2026-01-02 13:36:06+00:00,0.9975
2026-01-02 13:37:06+00:00,0.9975
2026-01-02 13:38:18+00:00,0.9975
2026-01-02 13:39:06+00:00,0.9975
2026-01-02 13:40:07+00:00,0.9975
2026-01-02 13:41:21+00:00,0.9975
2026-01-02 13:42:06+00:00,0.9975
2026-01-02 13:43:06+00:00,0.9975
2026-01-02 13:44:07+00:00,0.9975
2026-01-02 13:45:07+00:00,0.9975
2026-01-02 13:46:06+00:00,0.9975
2026-01-02 13:47:06+00:00,0.9975
2026-01-02 13:48:07+00:00,0.9975
2026-01-02 13:49:21+00:00,0.9975
2026-01-02 13:50:06+00:00,0.9975
2026-01-02 13:51:06+00:00,0.9975
2026-01-02 13:52:06+00:00,0.9975
2026-01-02 13:53:06+00:00,0.9975
2026-01-02 13:54:07+00:00,0.9975
2026-01-02 13:55:20+00:00,0.9975
2026-01-02 13:56:06+00:00,0.9975
2026-01-02 13:57:06+00:00,0.9975
2026-01-02 13:58:07+00:00,0.9975
2026-01-02 13:59:06+00:00,0.9975
2026-01-02 14:00:07+00:00,0.9975
2026-01-02 14:01:06+00:00,0.9975
2026-01-02 14:02:07+00:00,0.9975
2026-01-02 14:03:19+00:00,0.9975
2026-01-02 14:04:06+00:00,0.9975
2026-01-02 14:05:06+00:00,0.9975
2026-01-02 14:06:21+00:00,0.9975
2026-01-02 14:07:06+00:00,0.9975
2026-01-02 14:08:06+00:00,0.9975
2026-01-02 14:09:06+00:00,0.9975
2026-01-02 14:10:07+00:00,0.9975
2026-01-02 14:11:06+00:00,0.9975
2026-01-02 14:12:19+00:00,0.9975
2026-01-02 14:13:06+00:00,0.9975
2026-01-02 14:14:06+00:00,0.9975
2026-01-02 14:15:18+00:00,0.9975
2026-01-02 14:16:06+00:00,0.9975
2026-01-02 14:17:06+00:00,0.9975
2026-01-02 14:18:06+00:00,0.9975
2026-01-02 14:19:18+00:00,0.9975
2026-01-02 14:20:06+00:00,0.9975
2026-01-02 14:21:06+00:00,0.9975
2026-01-02 14:22:06+00:00,0.9975
2026-01-02 14:23:06+00:00,0.9975
2026-01-02 14:24:06+00:00,0.9975
2026-01-02 14:25:07+00:00,0.9975
2026-01-02 14:26:06+00:00,0.9975
2026-01-02 14:27:07+00:00,0.9975
2026-01-02 14:28:06+00:00,0.9975
2026-01-02 14:29:06+00:00,0.9975
2026-01-02 14:30:06+00:00,0.9975
2026-01-02 14:31:07+00:00,0.9975
2026-01-02 14:32:06+00:00,0.9975
2026-01-02 14:33:06+00:00,0.9975
2026-01-02 14:34:07+00:00,0.9975
2026-01-02 14:35:06+00:00,0.9975
2026-01-02 14:36:20+00:00,0.9975
2026-01-02 14:37:06+00:00,0.9975
2026-01-02 14:38:06+00:00,0.9975
2026-01-02 14:39:06+00:00,0.9975
2026-01-02 14:40:07+00:00,0.9975
2026-01-02 14:41:06+00:00,0.9975
2026-01-02 14:42:06+00:00,0.9975
2026-01-02 14:43:06+00:00,0.9975
2026-01-02 14:44:06+00:00,0.9975
2026-01-02 14:45:20+00:00,0.9975
2026-01-02 14:46:06+00:00,0.9975
2026-01-02 14:47:06+00:00,0.9975
2026-01-02 14:48:07+00:00,0.9975
2026-01-02 14:49:06+00:00,0.9975
2026-01-02 14:50:06+00:00,0.9975
2026-01-02 14:51:06+00:00,0.9975
2026-01-02 14:52:20+00:00,0.9975
2026-01-02 14:53:06+00:00,0.9975
2026-01-02 14:54:21+00:00,0.9975
2026-01-02 14:55:06+00:00,0.9975
2026-01-02 14:56:07+00:00,0.9975
2026-01-02 14:57:06+00:00,0.9975
2026-01-02 14:58:06+00:00,0.9975
2026-01-02 14:59:06+00:00,0.9975
2026-01-02 15:00:08+00:00,0.9975
2026-01-02 15:01:06+00:00,0.9975
2026-01-02 15:02:19+00:00,0.9975
2026-01-02 15:03:06+00:00,0.9975
2026-01-02 15:04:07+00:00,0.9975
2026-01-02 15:05:07+00:00,0.9975
2026-01-02 15:06:22+00:00,0.9975
2026-01-02 15:07:06+00:00,0.9975
2026-01-02 15:08:07+00:00,0.9975
2026-01-02 15:09:06+00:00,0.9975
2026-01-02 15:10:07+00:00,0.9975
2026-01-02 15:11:06+00:00,0.9975
2026-01-02 15:12:07+00:00,0.9975
2026-01-02 15:13:06+00:00,0.9975
2026-01-02 15:14:06+00:00,0.9975
2026-01-02 15:15:06+00:00,0.9975
2026-01-02 15:16:07+00:00,0.9975
2026-01-02 15:17:07+00:00,0.9975
2026-01-02 15:18:07+00:00,0.9975
2026-01-02 15:19:06+00:00,0.9975
2026-01-02 15:20:07+00:00,0.9975
2026-01-02 15:21:07+00:00,0.9975
2026-01-02 15:22:07+00:00,0.9975
2026-01-02 15:23:06+00:00,0.9975
2026-01-02 15:24:07+00:00,0.9975
2026-01-02 15:25:07+00:00,0.9975
2026-01-02 15:26:06+00:00,0.9975
2026-01-02 15:27:06+00:00,0.9975
2026-01-02 15:28:06+00:00,0.9975
2026-01-02 15:29:06+00:00,0.9975
2026-01-02 15:30:06+00:00,0.9975
2026-01-02 15:31:06+00:00,0.9975
2026-01-02 15:32:21+00:00,0.9975
2026-01-02 15:33:06+00:00,0.9975
2026-01-02 15:34:06+00:00,0.9975
2026-01-02 15:35:18+00:00,0.9975
2026-01-02 15:36:07+00:00,0.9975
2026-01-02 15:37:06+00:00,0.9975
2026-01-02 15:38:06+00:00,0.9975
2026-01-02 15:39:06+00:00,0.9975
2026-01-02 15:40:06+00:00,0.9975
2026-01-02 15:41:06+00:00,0.9975
2026-01-02 15:42:20+00:00,0.9975
2026-01-02 15:43:06+00:00,0.9975
2026-01-02 15:44:06+00:00,0.9975
2026-01-02 15:45:06+00:00,0.9975
2026-01-02 15:46:17+00:00,0.9975
2026-01-02 15:47:21+00:00,0.9975
2026-01-02 15:48:07+00:00,0.9975
2026-01-02 15:49:06+00:00,0.9975
2026-01-02 15:50:07+00:00,0.9975
2026-01-02 15:51:07+00:00,0.9975
2026-01-02 15:52:06+00:00,0.9975
2026-01-02 15:53:06+00:00,0.9975
2026-01-02 15:54:19+00:00,0.9975
2026-01-02 15:55:07+00:00,0.9975
2026-01-02 15:56:07+00:00,0.9975
2026-01-02 15:57:07+00:00,0.9975
2026-01-02 15:58:06+00:00,0.9975
2026-01-02 15:59:06+00:00,0.9975
2026-01-02 16:00:08+00:00,0.9975
2026-01-02 16:01:07+00:00,0.9975
2026-01-02 16:02:06+00:00,0.9975
2026-01-02 16:03:07+00:00,0.9975
2026-01-02 16:04:19+00:00,0.9975
2026-01-02 16:05:07+00:00,0.9975
2026-01-02 16:06:06+00:00,0.9975
2026-01-02 16:07:06+00:00,0.9975
2026-01-02 16:08:06+00:00,0.9975
2026-01-02 16:09:06+00:00,0.9975
2026-01-02 16:10:07+00:00,0.9975
2026-01-02 16:11:06+00:00,0.9975
2026-01-02 16:12:07+00:00,0.9975
2026-01-02 16:13:06+00:00,0.9975
2026-01-02 16:14:07+00:00,0.9975
2026-01-02 16:15:07+00:00,0.9975
2026-01-02 16:16:06+00:00,0.9975
2026-01-02 16:17:06+00:00,0.9975
2026-01-02 16:18:07+00:00,0.9975
2026-01-02 16:19:06+00:00,0.9975
2026-01-02 16:20:07+00:00,0.9975
2026-01-02 16:21:06+00:00,0.9975
2026-01-02 16:22:06+00:00,0.9975
2026-01-02 16:23:06+00:00,0.9975
2026-01-02 16:24:06+00:00,0.9975
2026-01-02 16:25:07+00:00,0.9975
2026-01-02 16:26:07+00:00,0.9975
2026-01-02 16:27:07+00:00,0.9975
2026-01-02 16:28:07+00:00,0.9975
2026-01-02 16:29:06+00:00,0.9975
2026-01-02 16:30:07+00:00,0.9975
2026-01-02 16:31:06+00:00,0.9975
2026-01-02 16:32:07+00:00,0.9975
2026-01-02 16:33:07+00:00,0.9975
2026-01-02 16:34:06+00:00,0.9975
2026-01-02 16:35:07+00:00,0.9975
2026-01-02 16:36:06+00:00,0.9975
2026-01-02 16:37:06+00:00,0.9975
2026-01-02 16:38:06+00:00,0.9975
2026-01-02 16:39:06+00:00,0.9975
2026-01-02 16:40:06+00:00,0.9975
2026-01-02 16:41:06+00:00,0.9975
2026-01-02 16:42:07+00:00,0.9975
2026-01-02 16:43:06+00:00,0.9975
2026-01-02 16:44:06+00:00,0.9975
2026-01-02 16:45:07+00:00,0.9975
2026-01-02 16:46:07+00:00,0.9975
2026-01-02 16:47:07+00:00,0.9975
2026-01-02 16:48:20+00:00,0.9975
2026-01-02 16:49:06+00:00,0.9975
2026-01-02 16:50:19+00:00,0.9975
2026-01-02 16:51:07+00:00,0.9975
2026-01-02 16:52:06+00:00,0.9975
2026-01-02 16:53:07+00:00,0.9975
2026-01-02 16:54:20+00:00,0.9975
2026-01-02 16:55:06+00:00,0.9975
2026-01-02 16:56:06+00:00,0.9975
2026-01-02 16:57:07+00:00,0.9975
2026-01-02 16:58:06+00:00,0.9975
2026-01-02 16:59:06+00:00,0.9975
2026-01-02 17:00:08+00:00,0.9975
2026-01-02 17:01:06+00:00,0.9975
2026-01-02 17:02:07+00:00,0.9975
2026-01-02 17:03:07+00:00,0.9975
2026-01-02 17:04:07+00:00,0.9975
2026-01-02 17:05:07+00:00,0.9975
2026-01-02 17:06:06+00:00,0.9975
2026-01-02 17:07:06+00:00,0.9975
2026-01-02 17:08:06+00:00,0.9975
2026-01-02 17:09:07+00:00,0.9975
2026-01-02 17:10:06+00:00,0.9975
2026-01-02 17:11:06+00:00,0.9975
2026-01-02 17:12:21+00:00,0.9975
2026-01-02 17:13:06+00:00,0.9975
2026-01-02 17:14:06+00:00,0.9975
2026-01-02 17:15:07+00:00,0.9975
2026-01-02 17:16:06+00:00,0.9975
2026-01-02 17:17:07+00:00,0.9975
2026-01-02 17:18:07+00:00,0.9975
2026-01-02 17:19:06+00:00,0.9975
2026-01-02 17:20:06+00:00,0.9975
2026-01-02 17:21:06+00:00,0.9975
2026-01-02 17:22:07+00:00,0.9975
2026-01-02 17:23:06+00:00,0.9975
2026-01-02 17:24:06+00:00,0.9975
2026-01-02 17:25:07+00:00,0.9975
2026-01-02 17:26:07+00:00,0.9975
2026-01-02 17:27:06+00:00,0.9975
2026-01-02 17:28:06+00:00,0.9975
2026-01-02 17:29:07+00:00,0.9975
2026-01-02 17:30:07+00:00,0.9975
2026-01-02 17:31:06+00:00,0.9975
2026-01-02 17:32:07+00:00,0.9975
2026-01-02 17:33:06+00:00,0.9975
2026-01-02 17:34:07+00:00,0.9975
2026-01-02 17:35:06+00:00,0.9975
2026-01-02 17:36:06+00:00,0.9975
2026-01-02 17:37:07+00:00,0.9975
2026-01-02 17:38:07+00:00,0.9975
2026-01-02 17:39:06+00:00,0.9975
2026-01-02 17:40:07+00:00,0.9975
2026-01-02 17:41:21+00:00,0.9975
2026-01-02 17:42:06+00:00,0.9975
2026-01-02 17:43:21+00:00,0.9975
2026-01-02 17:44:06+00:00,0.9975
2026-01-02 17:45:07+00:00,0.9975
2026-01-02 17:46:18+00:00,0.9975
2026-01-02 17:47:06+00:00,0.9975
2026-01-02 17:48:07+00:00,0.9975
2026-01-02 17:49:20+00:00,0.9975
2026-01-02 17:50:21+00:00,0.9975
2026-01-02 17:51:07+00:00,0.9975
2026-01-02 17:52:06+00:00,0.9975
2026-01-02 17:53:20+00:00,0.9975
2026-01-02 17:54:06+00:00,0.9975
2026-01-02 17:55:06+00:00,0.9975
2026-01-02 17:56:07+00:00,0.9975
2026-01-02 17:57:18+00:00,0.9975
2026-01-02 17:58:18+00:00,0.9975
2026-01-02 17:59:06+00:00,0.9975
2026-01-02 18:00:21+00:00,0.9975
2026-01-02 18:01:07+00:00,0.9975
2026-01-02 18:02:06+00:00,0.9975
2026-01-02 18:03:06+00:00,0.9975
2026-01-02 18:04:06+00:00,0.9975
2026-01-02 18:05:06+00:00,0.9975
2026-01-02 18:06:06+00:00,0.9975
2026-01-02 18:07:06+00:00,0.9975
2026-01-02 18:08:07+00:00,0.9975
2026-01-02 18:09:07+00:00,0.9975
2026-01-02 18:10:07+00:00,0.9975
2026-01-02 18:11:06+00:00,0.9975
2026-01-02 18:12:06+00:00,0.9975
2026-01-02 18:13:07+00:00,0.9975
2026-01-02 18:14:07+00:00,0.9975
2026-01-02 18:15:21+00:00,0.9975
2026-01-02 18:16:06+00:00,0.9975
2026-01-02 18:17:07+00:00,0.9975
2026-01-02 18:18:06+00:00,0.9975
2026-01-02 18:19:06+00:00,0.9975
2026-01-02 18:20:07+00:00,0.9975
2026-01-02 18:21:06+00:00,0.9975
2026-01-02 18:22:06+00:00,0.9975
2026-01-02 18:23:07+00:00,0.9975
2026-01-02 18:24:06+00:00,0.9975
2026-01-02 18:25:07+00:00,0.9975
2026-01-02 18:26:07+00:00,0.9975
2026-01-02 18:27:07+00:00,0.9975
2026-01-02 18:28:07+00:00,0.9975
2026-01-02 18:29:07+00:00,0.9975
2026-01-02 18:30:07+00:00,0.9975
2026-01-02 18:31:20+00:00,0.9975
2026-01-02 18:32:06+00:00,0.9975
2026-01-02 18:33:18+00:00,0.9975
2026-01-02 18:34:06+00:00,0.9975
2026-01-02 18:35:22+00:00,0.9975
2026-01-02 18:36:06+00:00,0.9975
2026-01-02 18:37:06+00:00,0.9975
2026-01-02 18:38:06+00:00,0.9975
2026-01-02 18:39:06+00:00,0.9975
2026-01-02 18:40:22+00:00,0.9975
2026-01-02 18:41:06+00:00,0.9975
2026-01-02 18:42:06+00:00,0.9975
2026-01-02 18:43:06+00:00,0.9975
2026-01-02 18:44:06+00:00,0.9975
2026-01-02 18:45:07+00:00,0.9975
2026-01-02 18:46:07+00:00,0.9975
2026-01-02 18:47:06+00:00,0.9975
2026-01-02 18:48:06+00:00,0.9975
2026-01-02 18:49:06+00:00,0.9975
2026-01-02 18:50:07+00:00,0.9975
2026-01-02 18:51:07+00:00,0.9975
2026-01-02 18:52:06+00:00,0.9975
2026-01-02 18:53:06+00:00,0.9975
2026-01-02 18:54:06+00:00,0.9975
2026-01-02 18:55:06+00:00,0.9975
2026-01-02 18:56:20+00:00,0.9975
2026-01-02 18:57:06+00:00,0.9975
2026-01-02 18:58:21+00:00,0.9975
2026-01-02 18:59:06+00:00,0.9975
2026-01-02 19:00:07+00:00,0.9975
2026-01-02 19:01:07+00:00,0.9975
2026-01-02 19:02:07+00:00,0.9975
2026-01-02 19:03:06+00:00,0.9975
2026-01-02 19:04:07+00:00,0.997
2026-01-02 19:05:07+00:00,0.9965
2026-01-02 19:06:06+00:00,0.9965
2026-01-02 19:07:07+00:00,0.9965
2026-01-02 19:08:06+00:00,0.9965
2026-01-02 19:09:07+00:00,0.9965
2026-01-02 19:10:07+00:00,0.9965
2026-01-02 19:11:07+00:00,0.9965
2026-01-02 19:12:07+00:00,0.9965
2026-01-02 19:13:06+00:00,0.9965
2026-01-02 19:14:06+00:00,0.997
2026-01-02 19:15:06+00:00,0.997
2026-01-02 19:16:17+00:00,0.997
2026-01-02 19:17:07+00:00,0.997
2026-01-02 19:18:06+00:00,0.9975
2026-01-02 19:19:20+00:00,0.9975
2026-01-02 19:20:07+00:00,0.997
2026-01-02 19:21:07+00:00,0.9965
2026-01-02 19:22:18+00:00,0.997
2026-01-02 19:23:07+00:00,0.9975
2026-01-02 19:24:07+00:00,0.9975
2026-01-02 19:25:07+00:00,0.9975
2026-01-02 19:26:06+00:00,0.9975
2026-01-02 19:27:06+00:00,0.9975
2026-01-02 19:28:06+00:00,0.9975
2026-01-02 19:29:06+00:00,0.9975
2026-01-02 19:30:06+00:00,0.9975
2026-01-02 19:31:06+00:00,0.9975
2026-01-02 19:32:06+00:00,0.9975
2026-01-02 19:33:07+00:00,0.9975
2026-01-02 19:34:06+00:00,0.9975
2026-01-02 19:35:06+00:00,0.9975
2026-01-02 19:36:06+00:00,0.9975
2026-01-02 19:37:06+00:00,0.9975
2026-01-02 19:38:06+00:00,0.9975
2026-01-02 19:39:07+00:00,0.9975
2026-01-02 19:40:06+00:00,0.9975
2026-01-02 19:41:06+00:00,0.9975
2026-01-02 19:42:07+00:00,0.9975
2026-01-02 19:43:06+00:00,0.9975
2026-01-02 19:44:06+00:00,0.9975
2026-01-02 19:45:07+00:00,0.9975
2026-01-02 19:46:22+00:00,0.9975
2026-01-02 19:47:06+00:00,0.9975
2026-01-02 19:48:18+00:00,0.9975
2026-01-02 19:49:06+00:00,0.9975
2026-01-02 19:50:18+00:00,0.9975
2026-01-02 19:51:06+00:00,0.9975
2026-01-02 19:52:07+00:00,0.9975
2026-01-02 19:53:07+00:00,0.9975
2026-01-02 19:54:06+00:00,0.9975
2026-01-02 19:55:06+00:00,0.9975
2026-01-02 19:56:07+00:00,0.9975
2026-01-02 19:57:06+00:00,0.9975
2026-01-02 19:58:06+00:00,0.9975
2026-01-02 19:59:06+00:00,0.9975
2026-01-02 20:00:08+00:00,0.9975
2026-01-02 20:01:06+00:00,0.9975
2026-01-02 20:02:06+00:00,0.9975
2026-01-02 20:03:18+00:00,0.9975
2026-01-02 20:04:07+00:00,0.9975
2026-01-02 20:05:07+00:00,0.9975
2026-01-02 20:06:06+00:00,0.9975
2026-01-02 20:07:07+00:00,0.9975
2026-01-02 20:08:06+00:00,0.9975
2026-01-02 20:09:07+00:00,0.9975
2026-01-02 20:10:07+00:00,0.9975
2026-01-02 20:11:06+00:00,0.9975
2026-01-02 20:12:07+00:00,0.9975
2026-01-02 20:13:07+00:00,0.9975
2026-01-02 20:14:20+00:00,0.9975
2026-01-02 20:15:07+00:00,0.9975
2026-01-02 20:16:07+00:00,0.9975
2026-01-02 20:17:18+00:00,0.9975
2026-01-02 20:18:07+00:00,0.9975
2026-01-02 20:19:06+00:00,0.9975
2026-01-02 20:20:07+00:00,0.9975
2026-01-02 20:21:06+00:00,0.9975
2026-01-02 20:22:07+00:00,0.9975
2026-01-02 20:23:06+00:00,0.9975
2026-01-02 20:24:20+00:00,0.9975
2026-01-02 20:25:06+00:00,0.9975
2026-01-02 20:26:06+00:00,0.9975
2026-01-02 20:27:06+00:00,0.9975
2026-01-02 20:28:06+00:00,0.9975
2026-01-02 20:29:06+00:00,0.9975
2026-01-02 20:30:07+00:00,0.9975
2026-01-02 20:31:06+00:00,0.9975
2026-01-02 20:32:18+00:00,0.9975
2026-01-02 20:33:19+00:00,0.9975
2026-01-02 20:34:07+00:00,0.9975
2026-01-02 20:35:06+00:00,0.9975
2026-01-02 20:36:07+00:00,0.9975
2026-01-02 20:37:07+00:00,0.9975
2026-01-02 20:38:06+00:00,0.9975
2026-01-02 20:39:07+00:00,0.9975
2026-01-02 20:40:07+00:00,0.9975
2026-01-02 20:41:20+00:00,0.9975
2026-01-02 20:42:07+00:00,0.9975
2026-01-02 20:43:06+00:00,0.9975
2026-01-02 20:44:07+00:00,0.9975
2026-01-02 20:45:19+00:00,0.9975
2026-01-02 20:46:06+00:00,0.9975
2026-01-02 20:47:07+00:00,0.9975
2026-01-02 20:48:06+00:00,0.9975
2026-01-02 20:49:07+00:00,0.9975
2026-01-02 20:50:07+00:00,0.9975
2026-01-02 20:51:07+00:00,0.9975
2026-01-02 20:52:21+00:00,0.9975
2026-01-02 20:53:07+00:00,0.9975
2026-01-02 20:54:07+00:00,0.9975
2026-01-02 20:55:07+00:00,0.9975
2026-01-02 20:56:07+00:00,0.9975
2026-01-02 20:57:06+00:00,0.9975
2026-01-02 20:58:07+00:00,0.9975
2026-01-02 20:59:07+00:00,0.9975
2026-01-02 21:00:08+00:00,0.9975
2026-01-02 21:01:07+00:00,0.9975
2026-01-02 21:02:06+00:00,0.9975
2026-01-02 21:03:07+00:00,0.9975
2026-01-02 21:04:06+00:00,0.9975
2026-01-02 21:05:06+00:00,0.9975
2026-01-02 21:06:19+00:00,0.9975
2026-01-02 21:07:06+00:00,0.9975
2026-01-02 21:08:22+00:00,0.9975
2026-01-02 21:09:07+00:00,0.997
2026-01-02 21:10:07+00:00,0.997
2026-01-02 21:11:07+00:00,0.997
2026-01-02 21:12:07+00:00,0.9965
2026-01-02 21:13:06+00:00,0.9965
2026-01-02 21:14:07+00:00,0.9965
2026-01-02 21:15:06+00:00,0.9965
2026-01-02 21:16:06+00:00,0.9965
2026-01-02 21:17:07+00:00,0.9965
2026-01-02 21:18:20+00:00,0.9965
2026-01-02 21:19:07+00:00,0.9965
2026-01-02 21:20:07+00:00,0.9965
2026-01-02 21:21:07+00:00,0.9965
2026-01-02 21:22:07+00:00,0.9965
2026-01-02 21:23:06+00:00,0.9965
2026-01-02 21:24:07+00:00,0.9965
2026-01-02 21:25:07+00:00,0.9965
2026-01-02 21:26:06+00:00,0.9965
2026-01-02 21:27:07+00:00,0.9965
2026-01-02 21:28:06+00:00,0.9965
2026-01-02 21:29:06+00:00,0.9965
2026-01-02 21:30:07+00:00,0.9965
2026-01-02 21:31:07+00:00,0.9965
2026-01-02 21:32:07+00:00,0.9965
2026-01-02 21:33:21+00:00,0.9965
2026-01-02 21:34:06+00:00,0.9965
2026-01-02 21:35:18+00:00,0.9965
2026-01-02 21:36:07+00:00,0.9965
2026-01-02 21:37:06+00:00,0.9965
2026-01-02 21:38:06+00:00,0.9965
2026-01-02 21:39:07+00:00,0.9965
2026-01-02 21:40:06+00:00,0.9965
2026-01-02 21:41:07+00:00,0.9965
2026-01-02 21:42:07+00:00,0.9975
2026-01-02 21:43:07+00:00,0.9975
2026-01-02 21:44:06+00:00,0.9975
2026-01-02 21:45:07+00:00,0.9975
2026-01-02 21:46:07+00:00,0.9975
2026-01-02 21:47:07+00:00,0.9975
2026-01-02 21:48:07+00:00,0.9975
2026-01-02 21:49:07+00:00,0.9975
2026-01-02 21:50:07+00:00,0.9975
2026-01-02 21:51:07+00:00,0.9975
2026-01-02 21:52:07+00:00,0.9975
2026-01-02 21:53:07+00:00,0.9975
2026-01-02 21:54:19+00:00,0.9975
2026-01-02 21:55:07+00:00,0.9975
2026-01-02 21:56:07+00:00,0.9975
2026-01-02 21:57:06+00:00,0.9975
2026-01-02 21:58:06+00:00,0.9975
2026-01-02 21:59:07+00:00,0.9975
2026-01-02 22:00:07+00:00,0.9975
2026-01-02 22:01:07+00:00,0.9975
2026-01-02 22:02:06+00:00,0.9975
2026-01-02 22:03:07+00:00,0.9975
2026-01-02 22:04:06+00:00,0.9975
2026-01-02 22:05:07+00:00,0.9975
2026-01-02 22:06:22+00:00,0.9975
2026-01-02 22:07:07+00:00,0.9975
2026-01-02 22:08:07+00:00,0.9975
2026-01-02 22:09:07+00:00,0.9975
2026-01-02 22:10:07+00:00,0.9975
2026-01-02 22:11:22+00:00,0.9975
2026-01-02 22:12:07+00:00,0.9975
2026-01-02 22:13:07+00:00,0.9975
2026-01-02 22:14:06+00:00,0.9975
2026-01-02 22:15:07+00:00,0.9975
2026-01-02 22:16:06+00:00,0.9975
2026-01-02 22:17:07+00:00,0.9975
2026-01-02 22:18:06+00:00,0.9975
2026-01-02 22:19:07+00:00,0.9975
2026-01-02 22:20:07+00:00,0.9975
2026-01-02 22:21:07+00:00,0.9975
2026-01-02 22:22:06+00:00,0.9975
2026-01-02 22:23:06+00:00,0.9975
2026-01-02 22:24:07+00:00,0.9975
2026-01-02 22:25:07+00:00,0.9975
2026-01-02 22:26:07+00:00,0.9975
2026-01-02 22:27:08+00:00,0.9975
2026-01-02 22:28:07+00:00,0.9975
2026-01-02 22:29:07+00:00,0.9975
2026-01-02 22:30:07+00:00,0.9975
2026-01-02 22:31:07+00:00,0.9975
2026-01-02 22:32:06+00:00,0.9975
2026-01-02 22:33:07+00:00,0.9975
2026-01-02 22:34:07+00:00,0.9975
2026-01-02 22:35:07+00:00,0.9975
2026-01-02 22:36:07+00:00,0.9975
2026-01-02 22:37:21+00:00,0.9975
2026-01-02 22:38:07+00:00,0.9975
2026-01-02 22:39:06+00:00,0.9975
2026-01-02 22:40:07+00:00,0.9975
2026-01-02 22:41:07+00:00,0.9975
2026-01-02 22:42:06+00:00,0.9975
2026-01-02 22:43:06+00:00,0.9975
2026-01-02 22:44:06+00:00,0.9975
2026-01-02 22:45:07+00:00,0.9975
2026-01-02 22:46:07+00:00,0.9975
2026-01-02 22:47:07+00:00,0.9975
2026-01-02 22:48:06+00:00,0.9975
2026-01-02 22:49:06+00:00,0.9975
2026-01-02 22:50:07+00:00,0.9975
2026-01-02 22:51:19+00:00,0.9975
2026-01-02 22:52:07+00:00,0.9975
2026-01-02 22:53:06+00:00,0.9975
2026-01-02 22:54:07+00:00,0.9975
2026-01-02 22:55:07+00:00,0.9975
2026-01-02 22:56:06+00:00,0.9975
2026-01-02 22:57:06+00:00,0.9975
2026-01-02 22:58:07+00:00,0.9975
2026-01-02 22:59:07+00:00,0.9975
2026-01-02 23:00:07+00:00,0.9975
2026-01-02 23:01:07+00:00,0.9975
2026-01-02 23:02:07+00:00,0.9975
2026-01-02 23:03:07+00:00,0.9975
2026-01-02 23:04:06+00:00,0.9975
2026-01-02 23:05:07+00:00,0.9975
2026-01-02 23:06:07+00:00,0.9975
2026-01-02 23:07:07+00:00,0.9975
2026-01-02 23:08:21+00:00,0.9965
2026-01-02 23:09:20+00:00,0.9965
2026-01-02 23:10:07+00:00,0.996
2026-01-02 23:11:06+00:00,0.995
2026-01-02 23:12:07+00:00,0.996
2026-01-02 23:13:06+00:00,0.996
2026-01-02 23:14:07+00:00,0.996
2026-01-02 23:15:18+00:00,0.996
2026-01-02 23:16:22+00:00,0.9955
2026-01-02 23:17:07+00:00,0.9965
2026-01-02 23:18:07+00:00,0.9965
2026-01-02 23:19:07+00:00,0.996
2026-01-02 23:20:07+00:00,0.9955
2026-01-02 23:21:06+00:00,0.9965
2026-01-02 23:22:07+00:00,0.996
2026-01-02 23:23:06+00:00,0.996
2026-01-02 23:24:07+00:00,0.9955
2026-01-02 23:25:07+00:00,0.996
2026-01-02 23:26:07+00:00,0.9945
2026-01-02 23:27:07+00:00,0.995
2026-01-02 23:28:07+00:00,0.995
2026-01-02 23:29:06+00:00,0.9965
2026-01-02 23:30:07+00:00,0.9955
2026-01-02 23:31:06+00:00,0.996
2026-01-02 23:32:07+00:00,0.9965
2026-01-02 23:33:22+00:00,0.9955
2026-01-02 23:34:07+00:00,0.9955
2026-01-02 23:35:07+00:00,0.9965
2026-01-02 23:36:07+00:00,0.9965
2026-01-02 23:37:18+00:00,0.9965
2026-01-02 23:38:07+00:00,0.9965
2026-01-02 23:39:07+00:00,0.9965
2026-01-02 23:40:07+00:00,0.9965
2026-01-02 23:41:07+00:00,0.9965
2026-01-02 23:42:07+00:00,0.9965
2026-01-02 23:43:07+00:00,0.9965
2026-01-02 23:44:07+00:00,0.9965
2026-01-02 23:45:07+00:00,0.9965
2026-01-02 23:46:07+00:00,0.9965
2026-01-02 23:47:07+00:00,0.9965
2026-01-02 23:48:07+00:00,0.9965
2026-01-02 23:49:07+00:00,0.9965
2026-01-02 23:50:07+00:00,0.9965
2026-01-02 23:51:07+00:00,0.9965
2026-01-02 23:52:07+00:00,0.9965
2026-01-02 23:53:06+00:00,0.9965
2026-01-02 23:54:07+00:00,0.9965
2026-01-02 23:55:07+00:00,0.9965
2026-01-02 23:56:07+00:00,0.9965
2026-01-02 23:57:07+00:00,0.9965
2026-01-02 23:58:06+00:00,0.9965
2026-01-02 23:59:07+00:00,0.9965
2026-01-03 00:00:08+00:00,0.9965
2026-01-03 00:01:07+00:00,0.996
2026-01-03 00:02:07+00:00,0.9955
2026-01-03 00:03:07+00:00,0.9965
2026-01-03 00:04:20+00:00,0.9965
2026-01-03 00:05:07+00:00,0.9965
2026-01-03 00:06:07+00:00,0.9965
2026-01-03 00:07:07+00:00,0.9965
2026-01-03 00:08:07+00:00,0.9965
2026-01-03 00:09:07+00:00,0.9965
2026-01-03 00:10:19+00:00,0.9965
2026-01-03 00:11:21+00:00,0.9965
2026-01-03 00:12:07+00:00,0.9965
2026-01-03 00:13:07+00:00,0.9965
2026-01-03 00:14:07+00:00,0.9965
2026-01-03 00:15:08+00:00,0.9965
2026-01-03 00:16:07+00:00,0.9965
2026-01-03 00:17:07+00:00,0.9965
2026-01-03 00:18:07+00:00,0.9965
2026-01-03 00:19:07+00:00,0.9965
2026-01-03 00:20:08+00:00,0.9965
2026-01-03 00:21:06+00:00,0.9965
2026-01-03 00:22:07+00:00,0.9965
2026-01-03 00:23:07+00:00,0.9965
2026-01-03 00:24:07+00:00,0.9965
2026-01-03 00:25:07+00:00,0.9965
2026-01-03 00:26:07+00:00,0.9965
2026-01-03 00:27:07+00:00,0.9965
2026-01-03 00:28:07+00:00,0.9965
2026-01-03 00:29:07+00:00,0.9965
2026-01-03 00:30:07+00:00,0.9965
2026-01-03 00:31:07+00:00,0.9965
2026-01-03 00:32:07+00:00,0.9965
2026-01-03 00:33:07+00:00,0.9965
2026-01-03 00:34:20+00:00,0.9965
2026-01-03 00:35:07+00:00,0.9965
2026-01-03 00:36:07+00:00,0.9965
2026-01-03 00:37:08+00:00,0.9965
2026-01-03 00:38:07+00:00,0.9965
2026-01-03 00:39:07+00:00,0.9965
2026-01-03 00:40:07+00:00,0.9965
2026-01-03 00:41:06+00:00,0.9965
2026-01-03 00:42:07+00:00,0.9965
2026-01-03 00:43:07+00:00,0.9965
2026-01-03 00:44:07+00:00,0.9965
2026-01-03 00:45:07+00:00,0.9965
2026-01-03 00:46:07+00:00,0.9965
2026-01-03 00:47:20+00:00,0.9965
2026-01-03 00:48:07+00:00,0.9965
2026-01-03 00:49:07+00:00,0.9965
2026-01-03 00:50:07+00:00,0.9965
2026-01-03 00:51:07+00:00,0.9965
2026-01-03 00:52:07+00:00,0.9965
2026-01-03 00:53:07+00:00,0.9965
2026-01-03 00:54:07+00:00,0.9965
2026-01-03 00:55:07+00:00,0.9965
2026-01-03 00:56:07+00:00,0.9965
2026-01-03 00:57:07+00:00,0.9965
2026-01-03 00:58:07+00:00,0.9965
2026-01-03 00:59:07+00:00,0.9965
2026-01-03 01:01:19+00:00,0.9965
2026-01-03 01:01:41+00:00,0.9965
2026-01-03 01:02:08+00:00,0.9965
2026-01-03 01:03:07+00:00,0.9975
2026-01-03 01:04:07+00:00,0.9975
2026-01-03 01:05:07+00:00,0.9975
2026-01-03 01:06:07+00:00,0.9965
2026-01-03 01:07:07+00:00,0.9965
2026-01-03 01:08:07+00:00,0.9965
2026-01-03 01:09:07+00:00,0.9975
2026-01-03 01:10:07+00:00,0.997
2026-01-03 01:11:07+00:00,0.9975
2026-01-03 01:12:07+00:00,0.9965
2026-01-03 01:13:07+00:00,0.9965
2026-01-03 01:14:07+00:00,0.9965
2026-01-03 01:15:07+00:00,0.9965
2026-01-03 01:16:07+00:00,0.9965
2026-01-03 01:17:07+00:00,0.9965
2026-01-03 01:18:07+00:00,0.9965
2026-01-03 01:19:07+00:00,0.9965
2026-01-03 01:20:07+00:00,0.9965
2026-01-03 01:21:07+00:00,0.9965
2026-01-03 01:22:23+00:00,0.9965
2026-01-03 01:23:07+00:00,0.9965
2026-01-03 01:24:08+00:00,0.9965
2026-01-03 01:25:06+00:00,0.9965
2026-01-03 01:26:07+00:00,0.9975
2026-01-03 01:27:07+00:00,0.9975
2026-01-03 01:28:22+00:00,0.9965
2026-01-03 01:29:06+00:00,0.9965
2026-01-03 01:30:07+00:00,0.9965
2026-01-03 01:31:07+00:00,0.9965
2026-01-03 01:32:07+00:00,0.9965
2026-01-03 01:33:07+00:00,0.9965
2026-01-03 01:34:07+00:00,0.9965
2026-01-03 01:35:07+00:00,0.9965
2026-01-03 01:36:07+00:00,0.9965
2026-01-03 01:37:07+00:00,0.9965
2026-01-03 01:38:07+00:00,0.9965
2026-01-03 01:39:07+00:00,0.9965
2026-01-03 01:40:07+00:00,0.9965
2026-01-03 01:41:21+00:00,0.9965
2026-01-03 01:42:06+00:00,0.9965
2026-01-03 01:43:07+00:00,0.9975
2026-01-03 01:44:06+00:00,0.9975
2026-01-03 01:45:07+00:00,0.9975
2026-01-03 01:46:07+00:00,0.9975
2026-01-03 01:47:06+00:00,0.9975
2026-01-03 01:48:07+00:00,0.9975
2026-01-03 01:49:07+00:00,0.9975
2026-01-03 01:50:22+00:00,0.9975
2026-01-03 01:51:07+00:00,0.9975
2026-01-03 01:52:06+00:00,0.9975
2026-01-03 01:53:07+00:00,0.9975
2026-01-03 01:54:07+00:00,0.9975
2026-01-03 01:55:07+00:00,0.9975
2026-01-03 01:56:07+00:00,0.9975
2026-01-03 01:57:07+00:00,0.9975
2026-01-03 01:58:07+00:00,0.9975
2026-01-03 01:59:07+00:00,0.9975
2026-01-03 02:00:07+00:00,0.9975
2026-01-03 02:01:07+00:00,0.9975
2026-01-03 02:02:07+00:00,0.9975
2026-01-03 02:03:07+00:00,0.9975
2026-01-03 02:04:07+00:00,0.9975
2026-01-03 02:05:07+00:00,0.9975
2026-01-03 02:06:07+00:00,0.9975
2026-01-03 02:07:06+00:00,0.9975
2026-01-03 02:08:07+00:00,0.9975
2026-01-03 02:09:07+00:00,0.9975
2026-01-03 02:10:07+00:00,0.9975
2026-01-03 02:11:07+00:00,0.9975
2026-01-03 02:12:06+00:00,0.9975
2026-01-03 02:13:06+00:00,0.9975
2026-01-03 02:14:06+00:00,0.9975
2026-01-03 02:15:07+00:00,0.9975
2026-01-03 02:16:07+00:00,0.9975
2026-01-03 02:17:07+00:00,0.9975
2026-01-03 02:18:07+00:00,0.9975
2026-01-03 02:19:20+00:00,0.9975
2026-01-03 02:20:07+00:00,0.9975
2026-01-03 02:22:03+00:00,0.9975
2026-01-03 02:22:16+00:00,0.9975
2026-01-03 02:23:06+00:00,0.9975
2026-01-03 02:24:07+00:00,0.9975
2026-01-03 02:25:07+00:00,0.9975
2026-01-03 02:26:07+00:00,0.9975
2026-01-03 02:27:08+00:00,0.9975
2026-01-03 02:28:06+00:00,0.9975
2026-01-03 02:29:06+00:00,0.9975
2026-01-03 02:30:07+00:00,0.9975
2026-01-03 02:31:07+00:00,0.9975
2026-01-03 02:32:08+00:00,0.9975
2026-01-03 02:33:07+00:00,0.9975
2026-01-03 02:34:07+00:00,0.9975
2026-01-03 02:35:07+00:00,0.9975
2026-01-03 02:36:07+00:00,0.9975
2026-01-03 02:37:07+00:00,0.9975
2026-01-03 02:38:07+00:00,0.9975
2026-01-03 02:39:07+00:00,0.9975
2026-01-03 02:40:22+00:00,0.9975
2026-01-03 02:41:07+00:00,0.9975
2026-01-03 02:42:07+00:00,0.9975
2026-01-03 02:43:07+00:00,0.9975
2026-01-03 02:44:07+00:00,0.9975
2026-01-03 02:45:07+00:00,0.9975
2026-01-03 02:46:06+00:00,0.9975
2026-01-03 02:47:07+00:00,0.9975
2026-01-03 02:48:07+00:00,0.9975
2026-01-03 02:49:07+00:00,0.9975
2026-01-03 02:50:07+00:00,0.9975
2026-01-03 02:51:07+00:00,0.9975
2026-01-03 02:52:08+00:00,0.9975
2026-01-03 02:53:06+00:00,0.9975
2026-01-03 02:54:07+00:00,0.9975
2026-01-03 02:55:06+00:00,0.9975
2026-01-03 02:56:07+00:00,0.9975
2026-01-03 02:57:07+00:00,0.9975
2026-01-03 02:58:07+00:00,0.9975
2026-01-03 02:59:07+00:00,0.9975
2026-01-03 03:00:08+00:00,0.9975
2026-01-03 03:01:07+00:00,0.9975
2026-01-03 03:02:08+00:00,0.9975
2026-01-03 03:03:08+00:00,0.9975
2026-01-03 03:04:07+00:00,0.9975
2026-01-03 03:05:07+00:00,0.9975
2026-01-03 03:06:07+00:00,0.9975
2026-01-03 03:07:07+00:00,0.9975
2026-01-03 03:08:06+00:00,0.9975
2026-01-03 03:09:07+00:00,0.9975
2026-01-03 03:10:21+00:00,0.9975
2026-01-03 03:11:19+00:00,0.9975
2026-01-03 03:12:07+00:00,0.9975
2026-01-03 03:13:06+00:00,0.9975
2026-01-03 03:14:07+00:00,0.9975
2026-01-03 03:15:08+00:00,0.9975
2026-01-03 03:16:21+00:00,0.9975
2026-01-03 03:17:07+00:00,0.9975
2026-01-03 03:18:07+00:00,0.9975
2026-01-03 03:19:18+00:00,0.9975
2026-01-03 03:20:07+00:00,0.9975
2026-01-03 03:21:20+00:00,0.9975
2026-01-03 03:22:06+00:00,0.9975
2026-01-03 03:23:06+00:00,0.9975
2026-01-03 03:24:07+00:00,0.9975
2026-01-03 03:25:07+00:00,0.9975
2026-01-03 03:26:07+00:00,0.9975
2026-01-03 03:27:07+00:00,0.9975
2026-01-03 03:28:06+00:00,0.9975
2026-01-03 03:29:06+00:00,0.9975
2026-01-03 03:30:07+00:00,0.9975
2026-01-03 03:31:07+00:00,0.9975
2026-01-03 03:32:07+00:00,0.9975
2026-01-03 03:33:07+00:00,0.9975
2026-01-03 03:34:20+00:00,0.9975
2026-01-03 03:35:06+00:00,0.9975
2026-01-03 03:36:07+00:00,0.9975
2026-01-03 03:37:06+00:00,0.9975
2026-01-03 03:38:19+00:00,0.9975
2026-01-03 03:39:06+00:00,0.9975
2026-01-03 03:40:07+00:00,0.9975
2026-01-03 03:41:07+00:00,0.9975
2026-01-03 03:42:06+00:00,0.9975
2026-01-03 03:43:06+00:00,0.9975
2026-01-03 03:44:07+00:00,0.9975
2026-01-03 03:45:07+00:00,0.9975
2026-01-03 03:46:07+00:00,0.9975
2026-01-03 03:47:07+00:00,0.9975
2026-01-03 03:48:07+00:00,0.9975
2026-01-03 03:49:06+00:00,0.9975
2026-01-03 03:50:07+00:00,0.9975
2026-01-03 03:51:21+00:00,0.9975
2026-01-03 03:52:06+00:00,0.9975
2026-01-03 03:53:07+00:00,0.9975
2026-01-03 03:54:07+00:00,0.9975
2026-01-03 03:55:07+00:00,0.9975
2026-01-03 03:56:06+00:00,0.9975
2026-01-03 03:57:07+00:00,0.9975
2026-01-03 03:58:07+00:00,0.9975
2026-01-03 03:59:07+00:00,0.9975
2026-01-03 04:00:09+00:00,0.9975
2026-01-03 04:01:08+00:00,0.9975
2026-01-03 04:02:07+00:00,0.9975
2026-01-03 04:03:07+00:00,0.9975
2026-01-03 04:04:07+00:00,0.9975
2026-01-03 04:05:20+00:00,0.9975
2026-01-03 04:06:07+00:00,0.9975
2026-01-03 04:07:07+00:00,0.9975
2026-01-03 04:08:06+00:00,0.9975
2026-01-03 04:09:07+00:00,0.9975
2026-01-03 04:10:07+00:00,0.9975
2026-01-03 04:11:07+00:00,0.9975
2026-01-03 04:12:07+00:00,0.9975
2026-01-03 04:13:07+00:00,0.9975
2026-01-03 04:14:18+00:00,0.9975
2026-01-03 04:15:07+00:00,0.9975
2026-01-03 04:16:07+00:00,0.9975
2026-01-03 04:17:07+00:00,0.9975
2026-01-03 04:18:07+00:00,0.9975
2026-01-03 04:19:07+00:00,0.9975
2026-01-03 04:20:07+00:00,0.9975
2026-01-03 04:21:07+00:00,0.9975
2026-01-03 04:22:07+00:00,0.9975
2026-01-03 04:23:07+00:00,0.9975
2026-01-03 04:24:07+00:00,0.9975
2026-01-03 04:25:07+00:00,0.9975
2026-01-03 04:26:21+00:00,0.9975
2026-01-03 04:27:07+00:00,0.9975
2026-01-03 04:28:20+00:00,0.9975
2026-01-03 04:29:07+00:00,0.9975
2026-01-03 04:30:07+00:00,0.9975
2026-01-03 04:31:07+00:00,0.9975
2026-01-03 04:32:07+00:00,0.9975
2026-01-03 04:33:07+00:00,0.9975
2026-01-03 04:34:07+00:00,0.9975
2026-01-03 04:35:06+00:00,0.9975
2026-01-03 04:36:07+00:00,0.9975
2026-01-03 04:37:07+00:00,0.9975
2026-01-03 04:38:07+00:00,0.9975
2026-01-03 04:39:07+00:00,0.9975
2026-01-03 04:40:07+00:00,0.9975
2026-01-03 04:41:06+00:00,0.9975
2026-01-03 04:42:07+00:00,0.9975
2026-01-03 04:43:21+00:00,0.9975
2026-01-03 04:44:07+00:00,0.9975
2026-01-03 04:45:06+00:00,0.9975
2026-01-03 04:46:06+00:00,0.9975
2026-01-03 04:47:07+00:00,0.9975
2026-01-03 04:48:07+00:00,0.9975
2026-01-03 04:49:06+00:00,0.9975
2026-01-03 04:50:06+00:00,0.9975
2026-01-03 04:51:07+00:00,0.9975
2026-01-03 04:52:07+00:00,0.9975
2026-01-03 04:53:07+00:00,0.9975
2026-01-03 04:54:07+00:00,0.9975
2026-01-03 04:55:06+00:00,0.9975
2026-01-03 04:56:07+00:00,0.9975
2026-01-03 04:57:07+00:00,0.9985
2026-01-03 04:58:06+00:00,0.9985
2026-01-03 04:59:07+00:00,0.9985
2026-01-03 05:00:20+00:00,0.9985
2026-01-03 05:01:21+00:00,0.9985
2026-01-03 05:02:07+00:00,0.9985
2026-01-03 05:03:06+00:00,0.9985
2026-01-03 05:04:06+00:00,0.9985
2026-01-03 05:05:07+00:00,0.9985
2026-01-03 05:06:07+00:00,0.9985
2026-01-03 05:07:07+00:00,0.9985
2026-01-03 05:08:07+00:00,0.9985
2026-01-03 05:09:07+00:00,0.9985
2026-01-03 05:10:07+00:00,0.9985
2026-01-03 05:11:07+00:00,0.9985
2026-01-03 05:12:06+00:00,0.9985
2026-01-03 05:13:07+00:00,0.9985
2026-01-03 05:14:06+00:00,0.9985
2026-01-03 05:15:07+00:00,0.9975
2026-01-03 05:16:07+00:00,0.9975
2026-01-03 05:17:18+00:00,0.9975
2026-01-03 05:18:06+00:00,0.9975
2026-01-03 05:19:07+00:00,0.9975
2026-01-03 05:20:07+00:00,0.9975
2026-01-03 05:21:07+00:00,0.9975
2026-01-03 05:22:07+00:00,0.9975
2026-01-03 05:23:07+00:00,0.9975
2026-01-03 05:24:07+00:00,0.9975
2026-01-03 05:25:07+00:00,0.9975
2026-01-03 05:26:07+00:00,0.9975
2026-01-03 05:27:06+00:00,0.9975
2026-01-03 05:28:07+00:00,0.9975
2026-01-03 05:29:07+00:00,0.9975
2026-01-03 05:30:07+00:00,0.9975
2026-01-03 05:31:07+00:00,0.9975
2026-01-03 05:32:07+00:00,0.9975
2026-01-03 05:33:21+00:00,0.9975
2026-01-03 05:34:07+00:00,0.9975
2026-01-03 05:35:07+00:00,0.9975
2026-01-03 05:36:07+00:00,0.9975
2026-01-03 05:37:06+00:00,0.9975
2026-01-03 05:38:07+00:00,0.9975
2026-01-03 05:39:07+00:00,0.9975
2026-01-03 05:40:07+00:00,0.9975
2026-01-03 05:41:07+00:00,0.9975
2026-01-03 05:42:07+00:00,0.9975
2026-01-03 05:43:07+00:00,0.9975
2026-01-03 05:44:07+00:00,0.9975
2026-01-03 05:45:07+00:00,0.9985
2026-01-03 05:46:07+00:00,0.9985
2026-01-03 05:47:06+00:00,0.9985
2026-01-03 05:48:07+00:00,0.9985
2026-01-03 05:49:06+00:00,0.9985
2026-01-03 05:50:07+00:00,0.9985
2026-01-03 05:51:07+00:00,0.9985
2026-01-03 05:52:07+00:00,0.9985
2026-01-03 05:53:06+00:00,0.9985
2026-01-03 05:54:07+00:00,0.9985
2026-01-03 05:55:21+00:00,0.9985
2026-01-03 05:56:06+00:00,0.9985
2026-01-03 05:57:07+00:00,0.9985
2026-01-03 05:58:07+00:00,0.9985
2026-01-03 05:59:07+00:00,0.9985
2026-01-03 06:00:09+00:00,0.9985
2026-01-03 06:01:07+00:00,0.9985
2026-01-03 06:02:07+00:00,0.9985
2026-01-03 06:03:07+00:00,0.9985
2026-01-03 06:04:07+00:00,0.9985
2026-01-03 06:05:08+00:00,0.9985
2026-01-03 06:06:07+00:00,0.9985
2026-01-03 06:07:07+00:00,0.9985
2026-01-03 06:08:07+00:00,0.9985
2026-01-03 06:09:06+00:00,0.9985
2026-01-03 06:10:08+00:00,0.9985
2026-01-03 06:11:07+00:00,0.9985
2026-01-03 06:12:07+00:00,0.9985
2026-01-03 06:13:07+00:00,0.9985
2026-01-03 06:14:07+00:00,0.9985
2026-01-03 06:15:06+00:00,0.9985
2026-01-03 06:16:07+00:00,0.9985
2026-01-03 06:17:07+00:00,0.9985
2026-01-03 06:18:07+00:00,0.9985
2026-01-03 06:19:07+00:00,0.9985
2026-01-03 06:20:07+00:00,0.9985
2026-01-03 06:21:07+00:00,0.9985
2026-01-03 06:22:07+00:00,0.9985
2026-01-03 06:23:06+00:00,0.9985
2026-01-03 06:24:07+00:00,0.9985
2026-01-03 06:25:07+00:00,0.9985
2026-01-03 06:26:08+00:00,0.9985
2026-01-03 06:27:07+00:00,0.9985
2026-01-03 06:28:07+00:00,0.9985
2026-01-03 06:29:06+00:00,0.9985
2026-01-03 06:30:07+00:00,0.9985
2026-01-03 06:31:07+00:00,0.9985
2026-01-03 06:32:07+00:00,0.9985
2026-01-03 06:33:07+00:00,0.9985
2026-01-03 06:34:21+00:00,0.9985
2026-01-03 06:35:07+00:00,0.9985
2026-01-03 06:36:07+00:00,0.9985
2026-01-03 06:37:07+00:00,0.9985
2026-01-03 06:38:06+00:00,0.9985
2026-01-03 06:39:07+00:00,0.9985
2026-01-03 06:40:07+00:00,0.9985
2026-01-03 06:41:07+00:00,0.9985
2026-01-03 06:42:07+00:00,0.9985
2026-01-03 06:43:07+00:00,0.9985
2026-01-03 06:44:07+00:00,0.9985
2026-01-03 06:45:07+00:00,0.9985
2026-01-03 06:46:07+00:00,0.9985
2026-01-03 06:47:07+00:00,0.9985
2026-01-03 06:48:07+00:00,0.9985
2026-01-03 06:49:07+00:00,0.9985
2026-01-03 06:50:07+00:00,0.9985
2026-01-03 06:51:07+00:00,0.9985
2026-01-03 06:52:08+00:00,0.9985
2026-01-03 06:53:07+00:00,0.9985
2026-01-03 06:54:07+00:00,0.9985
2026-01-03 06:55:08+00:00,0.9985
2026-01-03 06:56:07+00:00,0.9985
2026-01-03 06:57:07+00:00,0.9985
2026-01-03 06:58:07+00:00,0.9985
2026-01-03 06:59:19+00:00,0.9985
2026-01-03 07:00:08+00:00,0.9985
2026-01-03 07:01:19+00:00,0.9985
2026-01-03 07:02:07+00:00,0.9985
2026-01-03 07:03:07+00:00,0.9985
2026-01-03 07:04:07+00:00,0.9985
2026-01-03 07:05:07+00:00,0.9985
2026-01-03 07:06:08+00:00,0.9985
2026-01-03 07:07:06+00:00,0.9985
2026-01-03 07:08:07+00:00,0.9985
2026-01-03 07:09:07+00:00,0.9985
2026-01-03 07:10:07+00:00,0.9985
2026-01-03 07:11:07+00:00,0.9985
2026-01-03 07:12:07+00:00,0.9985
2026-01-03 07:13:07+00:00,0.9985
2026-01-03 07:14:07+00:00,0.9985
2026-01-03 07:15:07+00:00,0.9985
2026-01-03 07:16:07+00:00,0.9985
2026-01-03 07:17:07+00:00,0.9985
2026-01-03 07:18:07+00:00,0.9985
2026-01-03 07:19:07+00:00,0.9985
2026-01-03 07:20:08+00:00,0.9985
2026-01-03 07:21:07+00:00,0.9985
2026-01-03 07:22:07+00:00,0.9985
2026-01-03 07:23:07+00:00,0.9985
2026-01-03 07:24:18+00:00,0.9985
2026-01-03 07:25:08+00:00,0.9985
2026-01-03 07:26:07+00:00,0.9985
2026-01-03 07:27:07+00:00,0.9985
2026-01-03 07:28:07+00:00,0.9985
2026-01-03 07:29:07+00:00,0.9985
2026-01-03 07:30:08+00:00,0.9985
2026-01-03 07:31:07+00:00,0.9985
2026-01-03 07:32:19+00:00,0.9985
2026-01-03 07:33:08+00:00,0.9985
2026-01-03 07:34:07+00:00,0.9985
2026-01-03 07:35:07+00:00,0.9985
2026-01-03 07:36:07+00:00,0.9985
2026-01-03 07:37:07+00:00,0.9985
2026-01-03 07:38:07+00:00,0.9985
2026-01-03 07:39:07+00:00,0.9985
2026-01-03 07:40:22+00:00,0.9985
2026-01-03 07:41:07+00:00,0.9985
2026-01-03 07:42:07+00:00,0.9985
2026-01-03 07:43:07+00:00,0.9985
2026-01-03 07:44:07+00:00,0.9985
2026-01-03 07:45:07+00:00,0.9985
2026-01-03 07:46:07+00:00,0.9985
2026-01-03 07:47:07+00:00,0.9985
2026-01-03 07:48:07+00:00,0.9985
2026-01-03 07:49:07+00:00,0.9985
2026-01-03 07:50:07+00:00,0.9985
2026-01-03 07:51:07+00:00,0.9985
2026-01-03 07:52:07+00:00,0.9985
2026-01-03 07:53:20+00:00,0.9985
2026-01-03 07:54:07+00:00,0.9985
2026-01-03 07:55:07+00:00,0.9985
2026-01-03 07:56:06+00:00,0.9985
2026-01-03 07:57:19+00:00,0.9985
2026-01-03 07:58:07+00:00,0.9985
2026-01-03 07:59:07+00:00,0.9985
2026-01-03 08:00:07+00:00,0.9985
2026-01-03 08:01:08+00:00,0.9985
2026-01-03 08:02:07+00:00,0.9985
2026-01-03 08:03:07+00:00,0.9985
2026-01-03 08:04:20+00:00,0.9985
2026-01-03 08:05:07+00:00,0.9985
2026-01-03 08:06:07+00:00,0.9985
2026-01-03 08:07:19+00:00,0.9985
2026-01-03 08:08:07+00:00,0.9985
2026-01-03 08:09:07+00:00,0.9985
2026-01-03 08:10:20+00:00,0.9985
2026-01-03 08:11:07+00:00,0.9985
2026-01-03 08:12:07+00:00,0.9985
2026-01-03 08:13:07+00:00,0.9985
2026-01-03 08:14:07+00:00,0.9985
2026-01-03 08:15:07+00:00,0.9985
2026-01-03 08:16:21+00:00,0.9985
2026-01-03 08:17:07+00:00,0.9985
2026-01-03 08:18:07+00:00,0.9985
2026-01-03 08:19:07+00:00,0.9985
2026-01-03 08:20:07+00:00,0.9985
2026-01-03 08:21:07+00:00,0.9985
2026-01-03 08:22:07+00:00,0.9985
2026-01-03 08:23:07+00:00,0.9985
2026-01-03 08:24:07+00:00,0.9985
2026-01-03 08:25:22+00:00,0.9985
2026-01-03 08:26:07+00:00,0.9985
2026-01-03 08:27:07+00:00,0.9985
2026-01-03 08:28:07+00:00,0.9985
2026-01-03 08:29:07+00:00,0.9985
2026-01-03 08:30:08+00:00,0.9985
2026-01-03 08:31:07+00:00,0.9985
2026-01-03 08:32:07+00:00,0.9985
2026-01-03 08:33:08+00:00,0.9985
2026-01-03 08:34:07+00:00,0.9985
2026-01-03 08:35:07+00:00,0.9985
2026-01-03 08:36:07+00:00,0.9985
2026-01-03 08:37:07+00:00,0.9985
2026-01-03 08:38:07+00:00,0.9985
2026-01-03 08:39:07+00:00,0.9985
2026-01-03 08:40:07+00:00,0.9985
2026-01-03 08:41:07+00:00,0.9985
2026-01-03 08:42:08+00:00,0.9985
2026-01-03 08:43:07+00:00,0.9985
2026-01-03 08:44:07+00:00,0.9985
2026-01-03 08:45:07+00:00,0.9985
2026-01-03 08:46:07+00:00,0.9985
2026-01-03 08:47:07+00:00,0.9985
2026-01-03 08:48:23+00:00,0.9985
2026-01-03 08:49:07+00:00,0.9985
2026-01-03 08:50:07+00:00,0.9985
2026-01-03 08:51:07+00:00,0.9985
2026-01-03 08:52:07+00:00,0.9985
2026-01-03 08:53:21+00:00,0.9985
2026-01-03 08:54:07+00:00,0.9985
2026-01-03 08:55:07+00:00,0.9985
2026-01-03 08:56:07+00:00,0.9985
2026-01-03 08:57:07+00:00,0.9985
2026-01-03 08:58:07+00:00,0.9985
2026-01-03 08:59:07+00:00,0.9985
2026-01-03 09:00:19+00:00,0.9985
2026-01-03 09:01:07+00:00,0.9985
2026-01-03 09:02:07+00:00,0.9985
2026-01-03 09:03:19+00:00,0.9985
2026-01-03 09:04:07+00:00,0.9985
2026-01-03 09:05:07+00:00,0.9985
2026-01-03 09:06:07+00:00,0.9985
2026-01-03 09:07:20+00:00,0.9985
2026-01-03 09:08:07+00:00,0.9985
2026-01-03 09:09:07+00:00,0.9985
2026-01-03 09:10:07+00:00,0.9985
2026-01-03 09:11:20+00:00,0.9985
2026-01-03 09:12:07+00:00,0.9985
2026-01-03 09:13:07+00:00,0.9985
2026-01-03 09:14:19+00:00,0.9985
2026-01-03 09:15:07+00:00,0.9985
2026-01-03 09:16:08+00:00,0.9985
2026-01-03 09:17:07+00:00,0.9985
2026-01-03 09:18:07+00:00,0.9985
2026-01-03 09:19:07+00:00,0.9985
2026-01-03 09:20:07+00:00,0.9985
2026-01-03 09:21:07+00:00,0.9985
2026-01-03 09:22:07+00:00,0.9985
2026-01-03 09:23:07+00:00,0.9985
2026-01-03 09:24:06+00:00,0.9985
2026-01-03 09:25:07+00:00,0.9985
2026-01-03 09:26:07+00:00,0.9985
2026-01-03 09:27:07+00:00,0.9985
2026-01-03 09:28:07+00:00,0.9985
2026-01-03 09:29:07+00:00,0.9985
2026-01-03 09:30:07+00:00,0.9985
2026-01-03 09:31:07+00:00,0.9985
2026-01-03 09:32:07+00:00,0.9985
2026-01-03 09:33:07+00:00,0.9985
2026-01-03 09:34:07+00:00,0.9985
2026-01-03 09:35:07+00:00,0.9985
2026-01-03 09:36:07+00:00,0.9985
2026-01-03 09:37:07+00:00,0.9985
2026-01-03 09:38:07+00:00,0.9985
2026-01-03 09:39:07+00:00,0.9985
2026-01-03 09:40:08+00:00,0.9985
2026-01-03 09:41:22+00:00,0.9985
2026-01-03 09:42:07+00:00,0.9985
2026-01-03 09:43:07+00:00,0.9985
2026-01-03 09:44:06+00:00,0.9985
2026-01-03 09:45:08+00:00,0.9985
2026-01-03 09:46:07+00:00,0.9985
2026-01-03 09:47:07+00:00,0.9985
2026-01-03 09:48:08+00:00,0.9985
2026-01-03 09:49:07+00:00,0.9985
2026-01-03 09:50:07+00:00,0.9985
2026-01-03 09:51:07+00:00,0.9985
2026-01-03 09:52:07+00:00,0.9985
2026-01-03 09:53:07+00:00,0.9985
2026-01-03 09:54:07+00:00,0.9985
2026-01-03 09:55:07+00:00,0.9985
2026-01-03 09:56:07+00:00,0.9985
2026-01-03 09:57:07+00:00,0.9985
2026-01-03 09:58:07+00:00,0.9985
2026-01-03 09:59:06+00:00,0.9985
2026-01-03 10:00:07+00:00,0.9985
2026-01-03 10:01:08+00:00,0.9985
2026-01-03 10:02:07+00:00,0.9985
2026-01-03 10:03:07+00:00,0.9985
2026-01-03 10:04:21+00:00,0.9985
2026-01-03 10:05:07+00:00,0.9985
2026-01-03 10:06:19+00:00,0.9985
2026-01-03 10:07:07+00:00,0.9985
2026-01-03 10:08:07+00:00,0.9985
2026-01-03 10:09:19+00:00,0.9985
2026-01-03 10:10:07+00:00,0.9985
2026-01-03 10:11:07+00:00,0.9985
2026-01-03 10:12:07+00:00,0.9985
2026-01-03 10:13:06+00:00,0.9985
2026-01-03 10:14:07+00:00,0.9985
2026-01-03 10:15:07+00:00,0.9985
2026-01-03 10:16:07+00:00,0.9985
2026-01-03 10:17:07+00:00,0.9985
2026-01-03 10:18:07+00:00,0.9985
2026-01-03 10:19:07+00:00,0.9985
2026-01-03 10:20:07+00:00,0.9985
2026-01-03 10:21:07+00:00,0.9985
2026-01-03 10:22:08+00:00,0.9985
2026-01-03 10:23:06+00:00,0.9985
2026-01-03 10:24:07+00:00,0.9985
2026-01-03 10:25:07+00:00,0.9985
2026-01-03 10:26:07+00:00,0.9985
2026-01-03 10:27:07+00:00,0.9985
2026-01-03 10:28:07+00:00,0.9985
2026-01-03 10:29:07+00:00,0.9985
2026-01-03 10:30:07+00:00,0.9985
2026-01-03 10:31:08+00:00,0.9985
2026-01-03 10:32:07+00:00,0.9985
2026-01-03 10:33:07+00:00,0.9985
2026-01-03 10:34:07+00:00,0.9985
2026-01-03 10:35:07+00:00,0.9985
2026-01-03 10:36:08+00:00,0.9985
2026-01-03 10:37:07+00:00,0.9985
2026-01-03 10:38:07+00:00,0.9985
2026-01-03 10:39:07+00:00,0.9985
2026-01-03 10:40:07+00:00,0.9985
2026-01-03 10:41:07+00:00,0.9985
2026-01-03 10:42:07+00:00,0.9985
2026-01-03 10:43:07+00:00,0.9985
2026-01-03 10:44:07+00:00,0.9985
2026-01-03 10:45:07+00:00,0.9985
2026-01-03 10:46:07+00:00,0.9985
2026-01-03 10:47:07+00:00,0.9985
2026-01-03 10:48:08+00:00,0.9985
2026-01-03 10:49:20+00:00,0.9985
2026-01-03 10:50:07+00:00,0.9985
2026-01-03 10:51:07+00:00,0.9985
2026-01-03 10:52:07+00:00,0.9985
2026-01-03 10:53:18+00:00,0.9985
2026-01-03 10:54:07+00:00,0.9985
2026-01-03 10:55:18+00:00,0.9985
2026-01-03 10:56:07+00:00,0.9985
2026-01-03 10:57:07+00:00,0.9985
2026-01-03 10:58:07+00:00,0.9985
2026-01-03 10:59:07+00:00,0.9985
2026-01-03 11:00:07+00:00,0.9985
2026-01-03 11:01:07+00:00,0.9985
2026-01-03 11:02:07+00:00,0.9985
2026-01-03 11:03:07+00:00,0.9985
2026-01-03 11:04:07+00:00,0.9985
2026-01-03 11:05:07+00:00,0.9985
2026-01-03 11:06:07+00:00,0.9985
2026-01-03 11:07:07+00:00,0.9985
2026-01-03 11:08:07+00:00,0.9985
2026-01-03 11:09:07+00:00,0.9985
2026-01-03 11:10:07+00:00,0.9985
2026-01-03 11:11:07+00:00,0.9985
2026-01-03 11:12:07+00:00,0.9985
2026-01-03 11:13:07+00:00,0.9985
2026-01-03 11:14:07+00:00,0.9985
2026-01-03 11:15:07+00:00,0.9985
2026-01-03 11:16:19+00:00,0.9985
2026-01-03 11:17:07+00:00,0.9985
2026-01-03 11:18:07+00:00,0.9985
2026-01-03 11:19:07+00:00,0.9985
2026-01-03 11:20:07+00:00,0.9985
2026-01-03 11:21:07+00:00,0.9985
2026-01-03 11:22:07+00:00,0.9985
2026-01-03 11:23:20+00:00,0.9985
2026-01-03 11:24:07+00:00,0.9985
2026-01-03 11:25:18+00:00,0.9985
2026-01-03 11:26:07+00:00,0.9985
2026-01-03 11:27:07+00:00,0.9985
2026-01-03 11:28:20+00:00,0.999
2026-01-03 11:29:07+00:00,0.9985
2026-01-03 11:30:07+00:00,0.9985
2026-01-03 11:31:07+00:00,0.9985
2026-01-03 11:32:07+00:00,0.9985
2026-01-03 11:33:07+00:00,0.9985
2026-01-03 11:34:07+00:00,0.9985
2026-01-03 11:35:06+00:00,0.9985
2026-01-03 11:36:07+00:00,0.9985
2026-01-03 11:37:07+00:00,0.9985
2026-01-03 11:38:07+00:00,0.9985
2026-01-03 11:39:07+00:00,0.9985
2026-01-03 11:40:06+00:00,0.9985
2026-01-03 11:41:07+00:00,0.9985
2026-01-03 11:42:08+00:00,0.9985
2026-01-03 11:43:07+00:00,0.9985
2026-01-03 11:44:20+00:00,0.9985
2026-01-03 11:45:06+00:00,0.9985
2026-01-03 11:46:07+00:00,0.9985
2026-01-03 11:47:07+00:00,0.9985
2026-01-03 11:48:07+00:00,0.9985
2026-01-03 11:49:07+00:00,0.9985
2026-01-03 11:50:07+00:00,0.9985
2026-01-03 11:51:07+00:00,0.9985
2026-01-03 11:52:07+00:00,0.9985
2026-01-03 11:53:07+00:00,0.9985
2026-01-03 11:54:07+00:00,0.9985
2026-01-03 11:55:07+00:00,0.9985
2026-01-03 11:56:07+00:00,0.9985
2026-01-03 11:57:07+00:00,0.9985
2026-01-03 11:58:07+00:00,0.9985
2026-01-03 11:59:07+00:00,0.9985
2026-01-03 12:00:07+00:00,0.9985
2026-01-03 12:01:18+00:00,0.9985
2026-01-03 12:02:07+00:00,0.9985
2026-01-03 12:03:08+00:00,0.9985
2026-01-03 12:04:07+00:00,0.9985
2026-01-03 12:05:07+00:00,0.9985
2026-01-03 12:06:07+00:00,0.9985
2026-01-03 12:07:23+00:00,0.9985
2026-01-03 12:08:07+00:00,0.9985
2026-01-03 12:09:07+00:00,0.9985
2026-01-03 12:10:19+00:00,0.9985
2026-01-03 12:11:07+00:00,0.9985
2026-01-03 12:12:07+00:00,0.9985
2026-01-03 12:13:07+00:00,0.9985
2026-01-03 12:14:22+00:00,0.9985
2026-01-03 12:15:08+00:00,0.9985
2026-01-03 12:16:08+00:00,0.9985
2026-01-03 12:17:07+00:00,0.9985
2026-01-03 12:18:08+00:00,0.9985
2026-01-03 12:19:07+00:00,0.9985
2026-01-03 12:20:07+00:00,0.9985
2026-01-03 12:21:07+00:00,0.9985
2026-01-03 12:22:07+00:00,0.9985
2026-01-03 12:23:07+00:00,0.9985
2026-01-03 12:24:07+00:00,0.9985
2026-01-03 12:25:08+00:00,0.9985
2026-01-03 12:26:07+00:00,0.9985
2026-01-03 12:27:07+00:00,0.9985
2026-01-03 12:28:07+00:00,0.9985
2026-01-03 12:29:18+00:00,0.9985
2026-01-03 12:30:08+00:00,0.9985
2026-01-03 12:31:07+00:00,0.9985
2026-01-03 12:32:07+00:00,0.9985
2026-01-03 12:33:07+00:00,0.9985
2026-01-03 12:34:07+00:00,0.9985
2026-01-03 12:35:17+00:00,0.9985
2026-01-03 12:36:07+00:00,0.9985
2026-01-03 12:37:07+00:00,0.9985
2026-01-03 12:38:07+00:00,0.9985
2026-01-03 12:39:07+00:00,0.9985
2026-01-03 12:40:19+00:00,0.9985
2026-01-03 12:41:07+00:00,0.9985
2026-01-03 12:42:07+00:00,0.9985
2026-01-03 12:43:21+00:00,0.9985
2026-01-03 12:44:07+00:00,0.9985
2026-01-03 12:45:07+00:00,0.9985
2026-01-03 12:46:17+00:00,0.9985
2026-01-03 12:47:07+00:00,0.9985
2026-01-03 12:48:07+00:00,0.9985
2026-01-03 12:49:07+00:00,0.9985
2026-01-03 12:50:07+00:00,0.9985
2026-01-03 12:51:07+00:00,0.9985
2026-01-03 12:52:07+00:00,0.9985
2026-01-03 12:53:08+00:00,0.9985
2026-01-03 12:54:07+00:00,0.9985
2026-01-03 12:55:07+00:00,0.9985
2026-01-03 12:56:06+00:00,0.9985
2026-01-03 12:57:07+00:00,0.9985
2026-01-03 12:58:07+00:00,0.9985
2026-01-03 12:59:07+00:00,0.9985
2026-01-03 13:00:07+00:00,0.9985
2026-01-03 13:01:07+00:00,0.9985
2026-01-03 13:02:18+00:00,0.9985
2026-01-03 13:03:07+00:00,0.9985
2026-01-03 13:04:07+00:00,0.9985
2026-01-03 13:05:07+00:00,0.9985
2026-01-03 13:06:07+00:00,0.9985
2026-01-03 13:07:07+00:00,0.9985
2026-01-03 13:08:07+00:00,0.9985
2026-01-03 13:09:19+00:00,0.9985
2026-01-03 13:10:07+00:00,0.9985
2026-01-03 13:11:06+00:00,0.9985
2026-01-03 13:12:07+00:00,0.9985
2026-01-03 13:13:07+00:00,0.9985
2026-01-03 13:14:22+00:00,0.9985
2026-01-03 13:15:07+00:00,0.9985
2026-01-03 13:16:07+00:00,0.9985
2026-01-03 13:17:07+00:00,0.9985
2026-01-03 13:18:07+00:00,0.9985
2026-01-03 13:19:07+00:00,0.9985
2026-01-03 13:20:20+00:00,0.9985
2026-01-03 13:21:08+00:00,0.9985
2026-01-03 13:22:07+00:00,0.9985
2026-01-03 13:23:06+00:00,0.9985
2026-01-03 13:24:07+00:00,0.9985
2026-01-03 13:25:07+00:00,0.9985
2026-01-03 13:26:07+00:00,0.9985
2026-01-03 13:27:07+00:00,0.9985
2026-01-03 13:28:07+00:00,0.9985
2026-01-03 13:29:07+00:00,0.9985
2026-01-03 13:30:07+00:00,0.9985
2026-01-03 13:31:07+00:00,0.9985
2026-01-03 13:32:07+00:00,0.9985
2026-01-03 13:33:08+00:00,0.9985
2026-01-03 13:34:07+00:00,0.9995
2026-01-03 13:35:08+00:00,0.9995
2026-01-03 13:36:07+00:00,0.9995
2026-01-03 13:37:07+00:00,0.9995
2026-01-03 13:38:07+00:00,0.9995
2026-01-03 13:39:07+00:00,0.9995
2026-01-03 13:40:07+00:00,0.9995
2026-01-03 13:41:06+00:00,0.9995
2026-01-03 13:42:07+00:00,0.9995
2026-01-03 13:43:07+00:00,0.9995
2026-01-03 13:44:07+00:00,0.9985
2026-01-03 13:45:07+00:00,0.999
2026-01-03 13:46:20+00:00,0.999
2026-01-03 13:47:07+00:00,0.999
2026-01-03 13:48:07+00:00,0.999
2026-01-03 13:49:07+00:00,0.999
2026-01-03 13:50:07+00:00,0.999
2026-01-03 13:51:07+00:00,0.999
2026-01-03 13:52:07+00:00,0.9985
2026-01-03 13:53:07+00:00,0.9985
2026-01-03 13:54:07+00:00,0.9985
2026-01-03 13:55:08+00:00,0.9985
2026-01-03 13:56:20+00:00,0.9985
2026-01-03 13:57:07+00:00,0.9985
2026-01-03 13:58:07+00:00,0.9985
2026-01-03 13:59:07+00:00,0.9985
2026-01-03 14:00:09+00:00,0.9985
2026-01-03 14:01:07+00:00,0.9985
2026-01-03 14:02:07+00:00,0.9985
2026-01-03 14:03:08+00:00,0.9985
2026-01-03 14:04:07+00:00,0.9985
2026-01-03 14:05:19+00:00,0.9985
2026-01-03 14:06:07+00:00,0.9985
2026-01-03 14:07:07+00:00,0.9985
2026-01-03 14:08:07+00:00,0.9985
2026-01-03 14:09:07+00:00,0.9985
2026-01-03 14:10:07+00:00,0.9985
2026-01-03 14:11:07+00:00,0.9985
2026-01-03 14:12:07+00:00,0.9985
2026-01-03 14:13:07+00:00,0.9985
2026-01-03 14:14:07+00:00,0.9985
2026-01-03 14:15:21+00:00,0.9985
2026-01-03 14:16:08+00:00,0.9985
2026-01-03 14:17:08+00:00,0.9985
2026-01-03 14:18:07+00:00,0.9985
2026-01-03 14:19:07+00:00,0.9995
2026-01-03 14:20:08+00:00,0.9995
2026-01-03 14:21:19+00:00,0.999
2026-01-03 14:22:18+00:00,0.9985
2026-01-03 14:23:07+00:00,0.9985
2026-01-03 14:24:07+00:00,0.9985
2026-01-03 14:25:07+00:00,0.9985
2026-01-03 14:26:07+00:00,0.9985
2026-01-03 14:27:07+00:00,0.9985
2026-01-03 14:28:07+00:00,0.9985
2026-01-03 14:29:07+00:00,0.9985
2026-01-03 14:30:07+00:00,0.9985
2026-01-03 14:31:19+00:00,0.9985
2026-01-03 14:32:07+00:00,0.9985
2026-01-03 14:33:21+00:00,0.9985
2026-01-03 14:34:07+00:00,0.9985
2026-01-03 14:35:08+00:00,0.9985
2026-01-03 14:36:07+00:00,0.9985
2026-01-03 14:37:19+00:00,0.9985
2026-01-03 14:38:07+00:00,0.9985
2026-01-03 14:39:07+00:00,0.9985
2026-01-03 14:40:07+00:00,0.9985
2026-01-03 14:41:07+00:00,0.9985
2026-01-03 14:42:07+00:00,0.9985
2026-01-03 14:43:07+00:00,0.9985
2026-01-03 14:44:07+00:00,0.9985
2026-01-03 14:45:08+00:00,0.9985
2026-01-03 14:46:08+00:00,0.9985
2026-01-03 14:47:07+00:00,0.9985
2026-01-03 14:48:07+00:00,0.9995
2026-01-03 14:49:07+00:00,0.9985
2026-01-03 14:50:19+00:00,0.9985
2026-01-03 14:51:07+00:00,0.9985
2026-01-03 14:52:07+00:00,0.9985
2026-01-03 14:53:07+00:00,0.9985
2026-01-03 14:54:17+00:00,0.9985
2026-01-03 14:55:07+00:00,0.9985
2026-01-03 14:56:07+00:00,0.9985
2026-01-03 14:57:07+00:00,0.9985
2026-01-03 14:58:08+00:00,0.9985
2026-01-03 14:59:07+00:00,0.9985
2026-01-03 15:00:23+00:00,0.9985
2026-01-03 15:01:22+00:00,0.9985
2026-01-03 15:02:07+00:00,0.9985
2026-01-03 15:03:07+00:00,0.9985
2026-01-03 15:04:07+00:00,0.9985
2026-01-03 15:05:08+00:00,0.9985
2026-01-03 15:06:23+00:00,0.9985
2026-01-03 15:07:20+00:00,0.9985
2026-01-03 15:08:07+00:00,0.9985
2026-01-03 15:09:07+00:00,0.9985
2026-01-03 15:10:22+00:00,0.9985
2026-01-03 15:11:07+00:00,0.9985
2026-01-03 15:12:07+00:00,0.9985
2026-01-03 15:13:08+00:00,0.9985
2026-01-03 15:14:07+00:00,0.9985
2026-01-03 15:15:22+00:00,0.9985
2026-01-03 15:16:23+00:00,0.9985
2026-01-03 15:17:07+00:00,0.9985
2026-01-03 15:18:07+00:00,0.9985
2026-01-03 15:19:07+00:00,0.9985
2026-01-03 15:20:07+00:00,0.9985
2026-01-03 15:21:07+00:00,0.9985
2026-01-03 15:22:07+00:00,0.9985
2026-01-03 15:23:18+00:00,0.9985
2026-01-03 15:24:07+00:00,0.9985
2026-01-03 15:25:07+00:00,0.9985
2026-01-03 15:26:07+00:00,0.9985
2026-01-03 15:27:07+00:00,0.9985
2026-01-03 15:28:19+00:00,0.9985
2026-01-03 15:29:07+00:00,0.9985
2026-01-03 15:30:08+00:00,0.9985
2026-01-03 15:31:07+00:00,0.9985
2026-01-03 15:32:07+00:00,0.9985
2026-01-03 15:33:21+00:00,0.9985
2026-01-03 15:34:07+00:00,0.9985
2026-01-03 15:35:07+00:00,0.9985
2026-01-03 15:36:07+00:00,0.9985
2026-01-03 15:37:07+00:00,0.9985
2026-01-03 15:38:07+00:00,0.9985
2026-01-03 15:39:21+00:00,0.9985
2026-01-03 15:40:07+00:00,0.9985
2026-01-03 15:41:08+00:00,0.9985
2026-01-03 15:42:07+00:00,0.9985
2026-01-03 15:43:07+00:00,0.9985
2026-01-03 15:44:19+00:00,0.9985
2026-01-03 15:45:07+00:00,0.9985
2026-01-03 15:46:20+00:00,0.9985
2026-01-03 15:47:21+00:00,0.9985
2026-01-03 15:48:22+00:00,0.9985
2026-01-03 15:49:07+00:00,0.9985
2026-01-03 15:50:07+00:00,0.9985
2026-01-03 15:51:08+00:00,0.9985
2026-01-03 15:52:07+00:00,0.9985
2026-01-03 15:53:07+00:00,0.9985
2026-01-03 15:54:07+00:00,0.9985
2026-01-03 15:55:07+00:00,0.9985
2026-01-03 15:56:08+00:00,0.9985
2026-01-03 15:57:07+00:00,0.9985
2026-01-03 15:58:07+00:00,0.9985
2026-01-03 15:59:07+00:00,0.9985
2026-01-03 16:00:08+00:00,0.9985
2026-01-03 16:01:07+00:00,0.9985
2026-01-03 16:02:07+00:00,0.9985
2026-01-03 16:03:07+00:00,0.9985
2026-01-03 16:04:20+00:00,0.9985
2026-01-03 16:05:07+00:00,0.9985
2026-01-03 16:06:07+00:00,0.9985
2026-01-03 16:07:07+00:00,0.9985
2026-01-03 16:08:07+00:00,0.9985
2026-01-03 16:09:07+00:00,0.9985
2026-01-03 16:10:07+00:00,0.9985
2026-01-03 16:11:07+00:00,0.9985
2026-01-03 16:12:22+00:00,0.9985
2026-01-03 16:13:07+00:00,0.9985
2026-01-03 16:14:07+00:00,0.9985
2026-01-03 16:15:08+00:00,0.9985
2026-01-03 16:16:07+00:00,0.9985
2026-01-03 16:17:07+00:00,0.9985
2026-01-03 16:18:07+00:00,0.9985
2026-01-03 16:19:19+00:00,0.9985
2026-01-03 16:20:08+00:00,0.9985
2026-01-03 16:21:07+00:00,0.9985
2026-01-03 16:22:07+00:00,0.9985
2026-01-03 16:23:07+00:00,0.9985
2026-01-03 16:24:07+00:00,0.9985
2026-01-03 16:25:08+00:00,0.9985
2026-01-03 16:26:08+00:00,0.9985
2026-01-03 16:27:19+00:00,0.9985
2026-01-03 16:28:07+00:00,0.9985
2026-01-03 16:29:07+00:00,0.9985
2026-01-03 16:30:08+00:00,0.9985
2026-01-03 16:31:07+00:00,0.9985
2026-01-03 16:32:07+00:00,0.9985
2026-01-03 16:33:08+00:00,0.9985
2026-01-03 16:34:08+00:00,0.9985
2026-01-03 16:35:07+00:00,0.9985
2026-01-03 16:36:20+00:00,0.9975
2026-01-03 16:37:07+00:00,0.9975
2026-01-03 16:38:07+00:00,0.9975
2026-01-03 16:39:07+00:00,0.9975
2026-01-03 16:40:08+00:00,0.9975
2026-01-03 16:41:23+00:00,0.9975
2026-01-03 16:42:07+00:00,0.9975
2026-01-03 16:43:07+00:00,0.9975
2026-01-03 16:44:07+00:00,0.9975
2026-01-03 16:45:07+00:00,0.9975
2026-01-03 16:46:07+00:00,0.9975
2026-01-03 16:47:07+00:00,0.9975
2026-01-03 16:48:08+00:00,0.9975
2026-01-03 16:49:07+00:00,0.998
2026-01-03 16:50:19+00:00,0.9985
2026-01-03 16:51:07+00:00,0.998
2026-01-03 16:52:07+00:00,0.998
2026-01-03 16:53:07+00:00,0.998
2026-01-03 16:54:07+00:00,0.998
2026-01-03 16:55:07+00:00,0.9975
2026-01-03 16:56:23+00:00,0.9975
2026-01-03 16:57:07+00:00,0.9975
2026-01-03 16:58:07+00:00,0.9975
2026-01-03 16:59:07+00:00,0.9975
2026-01-03 17:00:07+00:00,0.9975
2026-01-03 17:01:20+00:00,0.9975
2026-01-03 17:02:07+00:00,0.9975
2026-01-03 17:03:07+00:00,0.9975
2026-01-03 17:04:07+00:00,0.998
2026-01-03 17:05:07+00:00,0.9975
2026-01-03 17:06:20+00:00,0.9975
2026-01-03 17:07:07+00:00,0.998
2026-01-03 17:08:20+00:00,0.9985
2026-01-03 17:09:07+00:00,0.9975
2026-01-03 17:10:08+00:00,0.9975
2026-01-03 17:11:07+00:00,0.9975
2026-01-03 17:12:07+00:00,0.9975
2026-01-03 17:13:07+00:00,0.9975
2026-01-03 17:14:07+00:00,0.9975
2026-01-03 17:15:07+00:00,0.9975
2026-01-03 17:16:07+00:00,0.9975
2026-01-03 17:17:07+00:00,0.9975
2026-01-03 17:18:07+00:00,0.9975
2026-01-03 17:19:08+00:00,0.9975
2026-01-03 17:20:07+00:00,0.9975
2026-01-03 17:21:20+00:00,0.9975
2026-01-03 17:22:07+00:00,0.9975
2026-01-03 17:23:07+00:00,0.9975
2026-01-03 17:24:07+00:00,0.9975
2026-01-03 17:25:07+00:00,0.9975
2026-01-03 17:26:07+00:00,0.9975
2026-01-03 17:27:19+00:00,0.9975
2026-01-03 17:28:22+00:00,0.9975
2026-01-03 17:29:07+00:00,0.9975
2026-01-03 17:30:07+00:00,0.9975
2026-01-03 17:31:07+00:00,0.9975
2026-01-03 17:32:07+00:00,0.9975
2026-01-03 17:33:18+00:00,0.9975
2026-01-03 17:34:07+00:00,0.9975
2026-01-03 17:35:07+00:00,0.9975
2026-01-03 17:36:07+00:00,0.9975
2026-01-03 17:37:07+00:00,0.9975
2026-01-03 17:38:22+00:00,0.9975
2026-01-03 17:39:07+00:00,0.9975
2026-01-03 17:40:07+00:00,0.9975
2026-01-03 17:41:07+00:00,0.9975
2026-01-03 17:42:08+00:00,0.9975
2026-01-03 17:43:07+00:00,0.9975
2026-01-03 17:44:07+00:00,0.9975
2026-01-03 17:45:20+00:00,0.9975
2026-01-03 17:46:07+00:00,0.9975
2026-01-03 17:47:07+00:00,0.9975
2026-01-03 17:48:08+00:00,0.9975
2026-01-03 17:49:07+00:00,0.9975
2026-01-03 17:50:07+00:00,0.9975
2026-01-03 17:51:08+00:00,0.9975
2026-01-03 17:52:07+00:00,0.9975
2026-01-03 17:53:07+00:00,0.9975
2026-01-03 17:54:07+00:00,0.9975
2026-01-03 17:55:08+00:00,0.9975
2026-01-03 17:56:07+00:00,0.9975
2026-01-03 17:57:07+00:00,0.9975
2026-01-03 17:58:07+00:00,0.9975
2026-01-03 17:59:08+00:00,0.9975
2026-01-03 18:00:07+00:00,0.9975
2026-01-03 18:01:08+00:00,0.9975
2026-01-03 18:02:07+00:00,0.9975
2026-01-03 18:03:08+00:00,0.9975
2026-01-03 18:04:07+00:00,0.9975
2026-01-03 18:05:07+00:00,0.9975
2026-01-03 18:06:07+00:00,0.9975
2026-01-03 18:07:07+00:00,0.9975
2026-01-03 18:08:07+00:00,0.9975
2026-01-03 18:09:07+00:00,0.9975
2026-01-03 18:10:19+00:00,0.9975
2026-01-03 18:11:07+00:00,0.9975
2026-01-03 18:12:20+00:00,0.9975
2026-01-03 18:13:07+00:00,0.9975
2026-01-03 18:14:07+00:00,0.9975
2026-01-03 18:15:08+00:00,0.9975
2026-01-03 18:16:07+00:00,0.9975
2026-01-03 18:17:07+00:00,0.9975
2026-01-03 18:18:07+00:00,0.9975
2026-01-03 18:19:07+00:00,0.9975
2026-01-03 18:20:08+00:00,0.9975
2026-01-03 18:21:07+00:00,0.9975
2026-01-03 18:22:07+00:00,0.9975
2026-01-03 18:23:07+00:00,0.9975
2026-01-03 18:24:22+00:00,0.9975
2026-01-03 18:25:22+00:00,0.9975
2026-01-03 18:26:07+00:00,0.9975
2026-01-03 18:27:07+00:00,0.9975
2026-01-03 18:28:07+00:00,0.9975
2026-01-03 18:29:08+00:00,0.9975
2026-01-03 18:30:08+00:00,0.9975
2026-01-03 18:31:07+00:00,0.9975
2026-01-03 18:32:07+00:00,0.9955
2026-01-03 18:33:07+00:00,0.996
2026-01-03 18:34:07+00:00,0.9965
2026-01-03 18:35:07+00:00,0.9965
2026-01-03 18:36:07+00:00,0.9965
2026-01-03 18:37:07+00:00,0.997
2026-01-03 18:38:07+00:00,0.9965
2026-01-03 18:39:07+00:00,0.9965
2026-01-03 18:40:08+00:00,0.9965
2026-01-03 18:41:07+00:00,0.9965
2026-01-03 18:42:07+00:00,0.9965
2026-01-03 18:43:08+00:00,0.9965
2026-01-03 18:44:18+00:00,0.9965
2026-01-03 18:45:07+00:00,0.9965
2026-01-03 18:46:07+00:00,0.9965
2026-01-03 18:47:08+00:00,0.9965
2026-01-03 18:48:07+00:00,0.9965
2026-01-03 18:49:07+00:00,0.9965
2026-01-03 18:50:19+00:00,0.9965
2026-01-03 18:51:08+00:00,0.9965
2026-01-03 18:52:07+00:00,0.9965
2026-01-03 18:53:07+00:00,0.9965
2026-01-03 18:54:07+00:00,0.9965
2026-01-03 18:55:07+00:00,0.9965
2026-01-03 18:56:08+00:00,0.9965
2026-01-03 18:57:07+00:00,0.9965
2026-01-03 18:58:07+00:00,0.9965
2026-01-03 18:59:07+00:00,0.9965
2026-01-03 19:00:08+00:00,0.9965
2026-01-03 19:01:23+00:00,0.9965
2026-01-03 19:02:07+00:00,0.9965
2026-01-03 19:03:07+00:00,0.9965
2026-01-03 19:04:08+00:00,0.9965
2026-01-03 19:05:07+00:00,0.9965
2026-01-03 19:06:19+00:00,0.9965
2026-01-03 19:07:07+00:00,0.9965
2026-01-03 19:08:08+00:00,0.9965
2026-01-03 19:09:07+00:00,0.9965
2026-01-03 19:10:08+00:00,0.9965
2026-01-03 19:11:21+00:00,0.9965
2026-01-03 19:12:07+00:00,0.9965
2026-01-03 19:13:07+00:00,0.9965
2026-01-03 19:14:07+00:00,0.9965
2026-01-03 19:15:08+00:00,0.9965
2026-01-03 19:16:07+00:00,0.9965
2026-01-03 19:17:07+00:00,0.9965
2026-01-03 19:18:08+00:00,0.9965
2026-01-03 19:19:08+00:00,0.9965
2026-01-03 19:20:08+00:00,0.9965
2026-01-03 19:21:08+00:00,0.9965
2026-01-03 19:22:08+00:00,0.9965
2026-01-03 19:23:07+00:00,0.9975
2026-01-03 19:24:08+00:00,0.9975
2026-01-03 19:25:07+00:00,0.9975
2026-01-03 19:26:07+00:00,0.9975
2026-01-03 19:27:08+00:00,0.9975
2026-01-03 19:28:07+00:00,0.9975
2026-01-03 19:29:08+00:00,0.9975
2026-01-03 19:30:08+00:00,0.9975
2026-01-03 19:31:07+00:00,0.9975
2026-01-03 19:32:08+00:00,0.9975
2026-01-03 19:33:22+00:00,0.9975
2026-01-03 19:34:21+00:00,0.9975
2026-01-03 19:35:07+00:00,0.9975
2026-01-03 19:36:07+00:00,0.9975
2026-01-03 19:37:07+00:00,0.9975
2026-01-03 19:38:07+00:00,0.9975
2026-01-03 19:39:08+00:00,0.9975
2026-01-03 19:40:07+00:00,0.9975
2026-01-03 19:41:07+00:00,0.9975
2026-01-03 19:42:07+00:00,0.9975
2026-01-03 19:43:07+00:00,0.9975
2026-01-03 19:44:07+00:00,0.9975
2026-01-03 19:45:08+00:00,0.9975
2026-01-03 19:46:07+00:00,0.9975
2026-01-03 19:47:07+00:00,0.9975
2026-01-03 19:48:08+00:00,0.9975
2026-01-03 19:49:07+00:00,0.9975
2026-01-03 19:50:07+00:00,0.9975
2026-01-03 19:51:07+00:00,0.9975
2026-01-03 19:52:07+00:00,0.9975
2026-01-03 19:53:08+00:00,0.9965
2026-01-03 19:54:22+00:00,0.9975
2026-01-03 19:55:07+00:00,0.9975
2026-01-03 19:56:07+00:00,0.9975
2026-01-03 19:57:08+00:00,0.9975
2026-01-03 19:58:08+00:00,0.9975
2026-01-03 19:59:07+00:00,0.9975
2026-01-03 20:00:09+00:00,0.9975
2026-01-03 20:01:08+00:00,0.9975
2026-01-03 20:02:08+00:00,0.9975
2026-01-03 20:03:08+00:00,0.9975
2026-01-03 20:04:07+00:00,0.9975
2026-01-03 20:05:07+00:00,0.9975
2026-01-03 20:06:07+00:00,0.9975
2026-01-03 20:07:07+00:00,0.9975
2026-01-03 20:08:07+00:00,0.9975
2026-01-03 20:09:07+00:00,0.9975
2026-01-03 20:10:08+00:00,0.9975
2026-01-03 20:11:07+00:00,0.9975
2026-01-03 20:12:07+00:00,0.9975
2026-01-03 20:13:07+00:00,0.9975
2026-01-03 20:14:07+00:00,0.9975
2026-01-03 20:15:08+00:00,0.9975
2026-01-03 20:16:07+00:00,0.9975
2026-01-03 20:17:07+00:00,0.9975
2026-01-03 20:18:07+00:00,0.9975
2026-01-03 20:19:08+00:00,0.9975
2026-01-03 20:20:08+00:00,0.9975
2026-01-03 20:21:08+00:00,0.997
2026-01-03 20:22:07+00:00,0.997
2026-01-03 20:23:07+00:00,0.997
2026-01-03 20:24:08+00:00,0.9975
2026-01-03 20:25:07+00:00,0.997
2026-01-03 20:26:08+00:00,0.9975
2026-01-03 20:27:08+00:00,0.9975
2026-01-03 20:28:07+00:00,0.9975
2026-01-03 20:29:07+00:00,0.9975
2026-01-03 20:30:08+00:00,0.9975
2026-01-03 20:31:08+00:00,0.9975
2026-01-03 20:32:20+00:00,0.9975
2026-01-03 20:33:07+00:00,0.9975
2026-01-03 20:34:07+00:00,0.9975
2026-01-03 20:35:08+00:00,0.9975
2026-01-03 20:36:07+00:00,0.9975
2026-01-03 20:37:07+00:00,0.9975
2026-01-03 20:38:20+00:00,0.9975
2026-01-03 20:39:08+00:00,0.9975
2026-01-03 20:40:08+00:00,0.9975
2026-01-03 20:41:07+00:00,0.9975
2026-01-03 20:42:07+00:00,0.9975
2026-01-03 20:43:07+00:00,0.9975
2026-01-03 20:44:07+00:00,0.9975
2026-01-03 20:45:08+00:00,0.9975
2026-01-03 20:46:08+00:00,0.9975
2026-01-03 20:47:07+00:00,0.9975
2026-01-03 20:48:07+00:00,0.9975
2026-01-03 20:49:07+00:00,0.9975
2026-01-03 20:50:07+00:00,0.9975
2026-01-03 20:51:07+00:00,0.9975
2026-01-03 20:52:07+00:00,0.9975
2026-01-03 20:53:07+00:00,0.9975
2026-01-03 20:54:07+00:00,0.9975
2026-01-03 20:55:07+00:00,0.9975
2026-01-03 20:56:07+00:00,0.9975
2026-01-03 20:57:07+00:00,0.9975
2026-01-03 20:58:07+00:00,0.9975
2026-01-03 20:59:07+00:00,0.9975
2026-01-03 21:00:09+00:00,0.9975
2026-01-03 21:01:07+00:00,0.9975
2026-01-03 21:02:08+00:00,0.9975
2026-01-03 21:03:08+00:00,0.9975
2026-01-03 21:04:07+00:00,0.9975
2026-01-03 21:05:08+00:00,0.9975
2026-01-03 21:06:07+00:00,0.9975
2026-01-03 21:07:07+00:00,0.9975
2026-01-03 21:08:07+00:00,0.9975
2026-01-03 21:09:07+00:00,0.9975
2026-01-03 21:10:08+00:00,0.9975
2026-01-03 21:11:07+00:00,0.9975
2026-01-03 21:12:07+00:00,0.9975
2026-01-03 21:13:07+00:00,0.9975
2026-01-03 21:14:07+00:00,0.9975
2026-01-03 21:15:08+00:00,0.9975
2026-01-03 21:16:07+00:00,0.9975
2026-01-03 21:17:07+00:00,0.9975
2026-01-03 21:18:08+00:00,0.9975
2026-01-03 21:19:07+00:00,0.9975
2026-01-03 21:20:08+00:00,0.9975
2026-01-03 21:21:21+00:00,0.9975
2026-01-03 21:22:07+00:00,0.9985
2026-01-03 21:23:07+00:00,0.9985
2026-01-03 21:24:07+00:00,0.9985
2026-01-03 21:25:07+00:00,0.9985
2026-01-03 21:26:07+00:00,0.9985
2026-01-03 21:27:07+00:00,0.9985
2026-01-03 21:28:07+00:00,0.9985
2026-01-03 21:29:07+00:00,0.9985
2026-01-03 21:30:08+00:00,0.9985
2026-01-03 21:31:07+00:00,0.9985
2026-01-03 21:32:07+00:00,0.9985
2026-01-03 21:33:22+00:00,0.9985
2026-01-03 21:34:08+00:00,0.9975
2026-01-03 21:35:08+00:00,0.9975
2026-01-03 21:36:07+00:00,0.9975
2026-01-03 21:37:07+00:00,0.9985
2026-01-03 21:38:07+00:00,0.9985
2026-01-03 21:39:22+00:00,0.9985
2026-01-03 21:40:08+00:00,0.998
2026-01-03 21:41:07+00:00,0.998
2026-01-03 21:42:20+00:00,0.998
2026-01-03 21:43:07+00:00,0.998
2026-01-03 21:44:07+00:00,0.998
2026-01-03 21:45:08+00:00,0.998
2026-01-03 21:46:07+00:00,0.998
2026-01-03 21:47:07+00:00,0.9985
2026-01-03 21:48:08+00:00,0.9975
2026-01-03 21:49:07+00:00,0.9975
2026-01-03 21:50:08+00:00,0.9985
2026-01-03 21:51:07+00:00,0.9985
2026-01-03 21:52:07+00:00,0.9985
2026-01-03 21:53:07+00:00,0.9985
2026-01-03 21:54:08+00:00,0.9985
2026-01-03 21:55:07+00:00,0.9985
2026-01-03 21:56:07+00:00,0.998
2026-01-03 21:57:07+00:00,0.998
2026-01-03 21:58:08+00:00,0.9985
2026-01-03 21:59:08+00:00,0.9985
2026-01-03 22:00:08+00:00,0.9985
2026-01-03 22:01:08+00:00,0.9985
2026-01-03 22:02:07+00:00,0.998
2026-01-03 22:03:07+00:00,0.998
2026-01-03 22:04:07+00:00,0.998
2026-01-03 22:05:21+00:00,0.9975
2026-01-03 22:06:07+00:00,0.9975
2026-01-03 22:07:07+00:00,0.9975
2026-01-03 22:08:07+00:00,0.9975
2026-01-03 22:09:07+00:00,0.9975
2026-01-03 22:10:08+00:00,0.9975
2026-01-03 22:11:19+00:00,0.9975
2026-01-03 22:12:07+00:00,0.9975
2026-01-03 22:13:07+00:00,0.9975
2026-01-03 22:14:08+00:00,0.9975
2026-01-03 22:15:08+00:00,0.9975
2026-01-03 22:16:08+00:00,0.9975
2026-01-03 22:17:07+00:00,0.9975
2026-01-03 22:18:08+00:00,0.998
2026-01-03 22:19:07+00:00,0.998
2026-01-03 22:20:07+00:00,0.998
2026-01-03 22:21:07+00:00,0.9975
2026-01-03 22:22:07+00:00,0.9975
2026-01-03 22:23:07+00:00,0.9975
2026-01-03 22:24:07+00:00,0.9975
2026-01-03 22:25:07+00:00,0.9975
2026-01-03 22:26:07+00:00,0.9975
2026-01-03 22:27:20+00:00,0.9975
2026-01-03 22:28:07+00:00,0.9975
2026-01-03 22:29:07+00:00,0.9975
2026-01-03 22:30:08+00:00,0.9975
2026-01-03 22:31:08+00:00,0.9975
2026-01-03 22:32:07+00:00,0.9975
2026-01-03 22:33:07+00:00,0.9975
2026-01-03 22:34:07+00:00,0.9975
2026-01-03 22:35:08+00:00,0.9975
2026-01-03 22:36:07+00:00,0.9975
2026-01-03 22:37:20+00:00,0.9985
2026-01-03 22:38:07+00:00,0.9985
2026-01-03 22:39:07+00:00,0.9985
2026-01-03 22:40:07+00:00,0.9985
2026-01-03 22:41:22+00:00,0.9985
2026-01-03 22:42:08+00:00,0.998
2026-01-03 22:43:07+00:00,0.998
2026-01-03 22:44:07+00:00,0.998
2026-01-03 22:45:08+00:00,0.998
2026-01-03 22:46:07+00:00,0.9985
2026-01-03 22:47:20+00:00,0.9985
2026-01-03 22:48:08+00:00,0.9985
2026-01-03 22:49:07+00:00,0.9985
2026-01-03 22:50:08+00:00,0.9985
2026-01-03 22:51:08+00:00,0.9985
2026-01-03 22:52:20+00:00,0.9985
2026-01-03 22:53:22+00:00,0.9985
2026-01-03 22:54:07+00:00,0.9985
2026-01-03 22:55:07+00:00,0.9985
2026-01-03 22:56:07+00:00,0.9985
2026-01-03 22:57:07+00:00,0.9985
2026-01-03 22:58:08+00:00,0.9985
2026-01-03 22:59:07+00:00,0.9985
2026-01-03 23:00:07+00:00,0.9985
2026-01-03 23:01:08+00:00,0.9985
2026-01-03 23:02:07+00:00,0.9985
2026-01-03 23:03:08+00:00,0.9985
2026-01-03 23:04:19+00:00,0.9985
2026-01-03 23:05:08+00:00,0.9985
2026-01-03 23:06:21+00:00,0.998
2026-01-03 23:07:07+00:00,0.998
2026-01-03 23:08:08+00:00,0.998
2026-01-03 23:09:07+00:00,0.998
2026-01-03 23:10:07+00:00,0.998
2026-01-03 23:11:07+00:00,0.998
2026-01-03 23:12:07+00:00,0.998
2026-01-03 23:13:07+00:00,0.998
2026-01-03 23:14:08+00:00,0.998
2026-01-03 23:15:23+00:00,0.998
2026-01-03 23:16:07+00:00,0.998
2026-01-03 23:17:07+00:00,0.9975
2026-01-03 23:18:08+00:00,0.998
2026-01-03 23:19:07+00:00,0.998
2026-01-03 23:20:08+00:00,0.998
2026-01-03 23:21:07+00:00,0.998
2026-01-03 23:22:07+00:00,0.9985
2026-01-03 23:23:08+00:00,0.9985
2026-01-03 23:24:07+00:00,0.9985
2026-01-03 23:25:07+00:00,0.9985
2026-01-03 23:26:08+00:00,0.9985
2026-01-03 23:27:07+00:00,0.9985
2026-01-03 23:28:07+00:00,0.9975
2026-01-03 23:29:07+00:00,0.9975
2026-01-03 23:30:07+00:00,0.9975
2026-01-03 23:31:07+00:00,0.9975
2026-01-03 23:32:07+00:00,0.9975
2026-01-03 23:33:08+00:00,0.9975
2026-01-03 23:34:07+00:00,0.9975
2026-01-03 23:35:07+00:00,0.9975
2026-01-03 23:36:07+00:00,0.9975
2026-01-03 23:37:08+00:00,0.9985
2026-01-03 23:38:07+00:00,0.998
2026-01-03 23:39:19+00:00,0.998
2026-01-03 23:40:08+00:00,0.998
2026-01-03 23:41:07+00:00,0.998
2026-01-03 23:42:07+00:00,0.998
2026-01-03 23:43:22+00:00,0.998
2026-01-03 23:44:07+00:00,0.998
2026-01-03 23:45:08+00:00,0.998
2026-01-03 23:46:08+00:00,0.998
2026-01-03 23:47:07+00:00,0.998
2026-01-03 23:48:07+00:00,0.9985
2026-01-03 23:49:22+00:00,0.9985
2026-01-03 23:50:07+00:00,0.9985
2026-01-03 23:51:07+00:00,0.9975
2026-01-03 23:52:07+00:00,0.9975
2026-01-03 23:53:07+00:00,0.9975
2026-01-03 23:54:07+00:00,0.9975
2026-01-03 23:55:07+00:00,0.9975
2026-01-03 23:56:07+00:00,0.998
2026-01-03 23:57:07+00:00,0.9985
2026-01-03 23:58:07+00:00,0.998
2026-01-03 23:59:07+00:00,0.998
2026-01-04 00:00:08+00:00,0.998
2026-01-04 00:01:07+00:00,0.998
2026-01-04 00:02:07+00:00,0.998
2026-01-04 00:03:07+00:00,0.998
2026-01-04 00:04:07+00:00,0.9985
2026-01-04 00:05:07+00:00,0.9985
2026-01-04 00:06:08+00:00,0.9985
2026-01-04 00:07:07+00:00,0.9985
2026-01-04 00:08:07+00:00,0.9985
2026-01-04 00:09:07+00:00,0.9985
2026-01-04 00:10:08+00:00,0.9985
2026-01-04 00:11:07+00:00,0.9985
2026-01-04 00:12:07+00:00,0.9985
2026-01-04 00:13:07+00:00,0.9985
2026-01-04 00:14:07+00:00,0.9985
2026-01-04 00:15:07+00:00,0.9985
2026-01-04 00:16:07+00:00,0.9985
2026-01-04 00:17:22+00:00,0.998
2026-01-04 00:18:08+00:00,0.9975
2026-01-04 00:19:08+00:00,0.998
2026-01-04 00:20:08+00:00,0.9975
2026-01-04 00:21:07+00:00,0.9975
2026-01-04 00:22:07+00:00,0.9975
2026-01-04 00:23:19+00:00,0.9975
2026-01-04 00:24:07+00:00,0.9975
2026-01-04 00:25:07+00:00,0.9975
2026-01-04 00:26:08+00:00,0.9975
2026-01-04 00:27:07+00:00,0.9985
2026-01-04 00:28:07+00:00,0.9985
2026-01-04 00:29:07+00:00,0.9985
2026-01-04 00:30:19+00:00,0.9985
2026-01-04 00:31:07+00:00,0.9985
2026-01-04 00:32:07+00:00,0.9985
2026-01-04 00:33:08+00:00,0.9985
2026-01-04 00:34:21+00:00,0.9985
2026-01-04 00:35:21+00:00,0.9985
2026-01-04 00:36:07+00:00,0.9985
2026-01-04 00:37:07+00:00,0.9985
2026-01-04 00:38:18+00:00,0.9985
2026-01-04 00:39:07+00:00,0.9985
2026-01-04 00:40:22+00:00,0.9985
2026-01-04 00:41:20+00:00,0.9985
2026-01-04 00:42:08+00:00,0.9985
2026-01-04 00:43:07+00:00,0.9985
2026-01-04 00:44:07+00:00,0.9995
2026-01-04 00:45:07+00:00,0.9995
2026-01-04 00:46:07+00:00,0.9995
2026-01-04 00:47:07+00:00,0.9995
2026-01-04 00:48:07+00:00,0.9985
2026-01-04 00:49:07+00:00,0.9985
2026-01-04 00:50:08+00:00,0.999
2026-01-04 00:51:07+00:00,0.9995
2026-01-04 00:52:07+00:00,0.9995
2026-01-04 00:53:07+00:00,0.9995
2026-01-04 00:54:07+00:00,0.9995
2026-01-04 00:55:07+00:00,0.9995
2026-01-04 00:56:08+00:00,0.9995
2026-01-04 00:57:07+00:00,0.9995
2026-01-04 00:58:07+00:00,0.9995
2026-01-04 00:59:07+00:00,0.9995
2026-01-04 01:00:07+00:00,0.9995
2026-01-04 01:01:21+00:00,0.9995
2026-01-04 01:02:08+00:00,0.9995
2026-01-04 01:03:08+00:00,0.9995
2026-01-04 01:04:22+00:00,0.9995
2026-01-04 01:05:07+00:00,0.9995
2026-01-04 01:06:07+00:00,0.9995
2026-01-04 01:07:07+00:00,0.9995
2026-01-04 01:08:07+00:00,0.9995
2026-01-04 01:09:07+00:00,0.9995
2026-01-04 01:10:07+00:00,0.9995
2026-01-04 01:11:07+00:00,0.9995
2026-01-04 01:12:07+00:00,0.9995
2026-01-04 01:13:07+00:00,0.9995
2026-01-04 01:14:07+00:00,0.9995
2026-01-04 01:15:08+00:00,0.9995
2026-01-04 01:16:07+00:00,0.9995
2026-01-04 01:17:07+00:00,0.9995
2026-01-04 01:18:07+00:00,0.9995
2026-01-04 01:19:08+00:00,0.9995
2026-01-04 01:20:08+00:00,0.9995
2026-01-04 01:21:07+00:00,0.9995
2026-01-04 01:22:17+00:00,0.9995
2026-01-04 01:23:07+00:00,0.9995
2026-01-04 01:24:08+00:00,0.9995
2026-01-04 01:25:18+00:00,0.9995
2026-01-04 01:26:18+00:00,0.9995
2026-01-04 01:27:08+00:00,0.9995
2026-01-04 01:28:07+00:00,0.9995
2026-01-04 01:29:07+00:00,0.9995
2026-01-04 01:30:08+00:00,0.9995
2026-01-04 01:31:07+00:00,0.9995
2026-01-04 01:32:07+00:00,0.9995
2026-01-04 01:33:07+00:00,0.9995
2026-01-04 01:34:07+00:00,0.9995
2026-01-04 01:35:07+00:00,0.9995
2026-01-04 01:36:08+00:00,0.9995
2026-01-04 01:37:07+00:00,0.9995
2026-01-04 01:38:07+00:00,0.9995
2026-01-04 01:39:07+00:00,0.9995
2026-01-04 01:40:07+00:00,0.9995
2026-01-04 01:41:07+00:00,0.9995
2026-01-04 01:42:07+00:00,0.9995
2026-01-04 01:43:07+00:00,0.9995
2026-01-04 01:44:07+00:00,0.9995
2026-01-04 01:45:07+00:00,0.9995
2026-01-04 01:46:08+00:00,0.9995
2026-01-04 01:47:07+00:00,0.9995
2026-01-04 01:48:07+00:00,0.9995
2026-01-04 01:49:07+00:00,0.9995
2026-01-04 01:50:07+00:00,0.9995
2026-01-04 01:51:07+00:00,0.9995
2026-01-04 01:52:08+00:00,0.9995
2026-01-04 01:53:07+00:00,0.9995
2026-01-04 01:54:08+00:00,0.9995
2026-01-04 01:55:07+00:00,0.9995
2026-01-04 01:56:08+00:00,0.9995
2026-01-04 01:57:20+00:00,0.9995
2026-01-04 01:58:07+00:00,0.9995
2026-01-04 01:59:07+00:00,0.9995
2026-01-04 02:00:08+00:00,0.9995
2026-01-04 02:01:07+00:00,0.9995
2026-01-04 02:02:22+00:00,0.9995
2026-01-04 02:03:08+00:00,0.9995
2026-01-04 02:04:08+00:00,0.9995
2026-01-04 02:05:23+00:00,0.9995
2026-01-04 02:06:07+00:00,0.9995
2026-01-04 02:07:19+00:00,0.9995
2026-01-04 02:08:08+00:00,0.9995
2026-01-04 02:09:07+00:00,0.9995
2026-01-04 02:10:19+00:00,0.9995
2026-01-04 02:11:07+00:00,0.9995
2026-01-04 02:12:07+00:00,0.9995
2026-01-04 02:13:07+00:00,0.9995
2026-01-04 02:14:07+00:00,0.9995
2026-01-04 02:15:08+00:00,0.9995
2026-01-04 02:16:07+00:00,0.9995
2026-01-04 02:17:22+00:00,0.9995
2026-01-04 02:18:07+00:00,0.9995
2026-01-04 02:19:07+00:00,0.9995
2026-01-04 02:20:08+00:00,0.9995
2026-01-04 02:21:23+00:00,0.9995
2026-01-04 02:22:07+00:00,0.9995
2026-01-04 02:23:07+00:00,0.9995
2026-01-04 02:24:08+00:00,0.9995
2026-01-04 02:25:07+00:00,0.9995
2026-01-04 02:26:07+00:00,0.9995
2026-01-04 02:27:07+00:00,0.9995
2026-01-04 02:28:07+00:00,0.9995
2026-01-04 02:29:07+00:00,0.9995
2026-01-04 02:30:08+00:00,0.9995
2026-01-04 02:31:07+00:00,0.9995
2026-01-04 02:32:07+00:00,0.9995
2026-01-04 02:33:07+00:00,0.9995
2026-01-04 02:34:07+00:00,0.9995
2026-01-04 02:35:07+00:00,0.9995
2026-01-04 02:36:07+00:00,0.9995
2026-01-04 02:37:07+00:00,0.9995
2026-01-04 02:38:07+00:00,0.9995
2026-01-04 02:39:08+00:00,0.9995
2026-01-04 02:40:22+00:00,0.9995
2026-01-04 02:41:07+00:00,0.9995
2026-01-04 02:42:07+00:00,0.9995
2026-01-04 02:43:07+00:00,0.9995
2026-01-04 02:44:07+00:00,0.9995
2026-01-04 02:45:07+00:00,0.9995
2026-01-04 02:46:07+00:00,0.9995
2026-01-04 02:47:07+00:00,0.9995
2026-01-04 02:48:07+00:00,0.9995
2026-01-04 02:49:07+00:00,0.9995
2026-01-04 02:50:08+00:00,0.9995
2026-01-04 02:51:17+00:00,0.9995
2026-01-04 02:52:07+00:00,0.9995
2026-01-04 02:53:07+00:00,0.9995
2026-01-04 02:54:07+00:00,0.9995
2026-01-04 02:55:08+00:00,0.9995
2026-01-04 02:56:08+00:00,0.9995
2026-01-04 02:57:07+00:00,0.9995
2026-01-04 02:58:07+00:00,0.9995
2026-01-04 02:59:07+00:00,0.9995
2026-01-04 03:00:22+00:00,0.9995
2026-01-04 03:01:06+00:00,0.9995
2026-01-04 03:02:07+00:00,0.9995
2026-01-04 03:03:07+00:00,0.9995
2026-01-04 03:04:07+00:00,0.9995
2026-01-04 03:05:07+00:00,0.9995
2026-01-04 03:06:23+00:00,0.9995
2026-01-04 03:07:07+00:00,0.9995
2026-01-04 03:08:07+00:00,0.9995
2026-01-04 03:09:07+00:00,0.9995
2026-01-04 03:10:07+00:00,0.9995
2026-01-04 03:11:07+00:00,0.9995
2026-01-04 03:12:07+00:00,0.9995
2026-01-04 03:13:07+00:00,0.9995
2026-01-04 03:14:07+00:00,0.9995
2026-01-04 03:15:07+00:00,0.9995
2026-01-04 03:16:07+00:00,0.9995
2026-01-04 03:17:07+00:00,0.9995
2026-01-04 03:18:20+00:00,0.9995
2026-01-04 03:19:08+00:00,0.9995
2026-01-04 03:20:08+00:00,0.9995
2026-01-04 03:21:07+00:00,0.9995
2026-01-04 03:22:19+00:00,0.9995
2026-01-04 03:23:07+00:00,0.9995
2026-01-04 03:24:08+00:00,0.9995
2026-01-04 03:25:07+00:00,0.9995
2026-01-04 03:26:06+00:00,0.9995
2026-01-04 03:27:07+00:00,0.9995
2026-01-04 03:28:07+00:00,0.9995
2026-01-04 03:29:07+00:00,0.9995
2026-01-04 03:30:07+00:00,0.9995
2026-01-04 03:31:06+00:00,0.9995
2026-01-04 03:32:07+00:00,0.9995
2026-01-04 03:33:07+00:00,0.9995
2026-01-04 03:34:07+00:00,0.9995
2026-01-04 03:35:08+00:00,0.9995
2026-01-04 03:36:07+00:00,0.9995
2026-01-04 03:37:07+00:00,0.9995
2026-01-04 03:38:07+00:00,0.9995
2026-01-04 03:39:06+00:00,0.9995
2026-01-04 03:40:07+00:00,0.9995
2026-01-04 03:41:22+00:00,0.9995
2026-01-04 03:42:07+00:00,0.9995
2026-01-04 03:43:06+00:00,0.9995
2026-01-04 03:44:07+00:00,0.9995
2026-01-04 03:45:07+00:00,0.9995
2026-01-04 03:46:07+00:00,0.9995
2026-01-04 03:47:07+00:00,0.9995
2026-01-04 03:48:07+00:00,0.9995
2026-01-04 03:49:17+00:00,0.9995
2026-01-04 03:50:07+00:00,0.9995
2026-01-04 03:51:07+00:00,0.9995
2026-01-04 03:52:06+00:00,0.9995
2026-01-04 03:53:20+00:00,0.9995
2026-01-04 03:54:07+00:00,0.9995
2026-01-04 03:55:07+00:00,0.9995
2026-01-04 03:56:07+00:00,0.9995
2026-01-04 03:57:07+00:00,0.9995
2026-01-04 03:58:18+00:00,0.9995
2026-01-04 03:59:06+00:00,0.9995
2026-01-04 04:00:09+00:00,0.9995
2026-01-04 04:01:07+00:00,0.9995
2026-01-04 04:02:07+00:00,0.9995
2026-01-04 04:03:20+00:00,0.9995
2026-01-04 04:04:07+00:00,0.9995
2026-01-04 04:05:07+00:00,0.9995
2026-01-04 04:06:07+00:00,0.9995
2026-01-04 04:07:06+00:00,0.9995
2026-01-04 04:08:19+00:00,0.9995
2026-01-04 04:09:06+00:00,0.9995
2026-01-04 04:10:07+00:00,0.9995
2026-01-04 04:11:06+00:00,0.9995
2026-01-04 04:12:07+00:00,0.9995
2026-01-04 04:13:07+00:00,0.9995
2026-01-04 04:14:07+00:00,0.9995
2026-01-04 04:15:07+00:00,0.9995
2026-01-04 04:16:06+00:00,0.9995
2026-01-04 04:17:07+00:00,0.9995
2026-01-04 04:18:07+00:00,0.9995
2026-01-04 04:19:07+00:00,0.9995
2026-01-04 04:20:07+00:00,0.9995
2026-01-04 04:21:08+00:00,0.9995
2026-01-04 04:22:07+00:00,0.9995
2026-01-04 04:23:07+00:00,0.9995
2026-01-04 04:24:07+00:00,0.9995
2026-01-04 04:25:07+00:00,0.9995
2026-01-04 04:26:23+00:00,0.9995
2026-01-04 04:27:06+00:00,0.9995
2026-01-04 04:28:07+00:00,0.9995
2026-01-04 04:29:06+00:00,0.9995
2026-01-04 04:30:18+00:00,0.9995
2026-01-04 04:31:20+00:00,0.9995
2026-01-04 04:32:06+00:00,0.9995
2026-01-04 04:33:23+00:00,0.9995
2026-01-04 04:34:07+00:00,0.9995
2026-01-04 04:35:07+00:00,0.9995
2026-01-04 04:36:07+00:00,0.9995
2026-01-04 04:37:07+00:00,0.9995
2026-01-04 04:38:17+00:00,0.9995
2026-01-04 04:39:06+00:00,0.9995
2026-01-04 04:40:08+00:00,0.9995
2026-01-04 04:41:18+00:00,0.9995
2026-01-04 04:42:20+00:00,0.9995
2026-01-04 04:43:07+00:00,0.9995
2026-01-04 04:44:21+00:00,0.9995
2026-01-04 04:45:07+00:00,0.9995
2026-01-04 04:46:19+00:00,0.9995
2026-01-04 04:47:06+00:00,0.9995
2026-01-04 04:48:08+00:00,0.9995
2026-01-04 04:49:07+00:00,0.9995
2026-01-04 04:50:08+00:00,0.9995
2026-01-04 04:51:07+00:00,0.9995
2026-01-04 04:52:21+00:00,0.9995
2026-01-04 04:53:06+00:00,0.9995
2026-01-04 04:54:07+00:00,0.9995
2026-01-04 04:55:07+00:00,0.9995
2026-01-04 04:56:22+00:00,0.9995
2026-01-04 04:57:18+00:00,0.9995
2026-01-04 04:58:07+00:00,0.9995
2026-01-04 04:59:07+00:00,0.9995
2026-01-04 05:00:07+00:00,0.9995
2026-01-04 05:01:07+00:00,0.9995
2026-01-04 05:02:06+00:00,0.9995
2026-01-04 05:03:07+00:00,0.9995
2026-01-04 05:04:07+00:00,0.9995
2026-01-04 05:05:07+00:00,0.9995
2026-01-04 05:06:23+00:00,0.9995
2026-01-04 05:07:06+00:00,0.9995
2026-01-04 05:08:07+00:00,0.9995
2026-01-04 05:09:07+00:00,0.9995
2026-01-04 05:10:08+00:00,0.9995
2026-01-04 05:11:07+00:00,0.9995
2026-01-04 05:12:07+00:00,0.9995
2026-01-04 05:13:07+00:00,0.9995
2026-01-04 05:14:07+00:00,0.9995
2026-01-04 05:15:07+00:00,0.9995
2026-01-04 05:16:07+00:00,0.9995
2026-01-04 05:17:21+00:00,0.9995
2026-01-04 05:18:06+00:00,0.9995
2026-01-04 05:19:07+00:00,0.9995
2026-01-04 05:20:07+00:00,0.9995
2026-01-04 05:21:07+00:00,0.9995
2026-01-04 05:22:06+00:00,0.9995
2026-01-04 05:23:07+00:00,0.9995
2026-01-04 05:24:07+00:00,0.9995
2026-01-04 05:25:07+00:00,0.9995
2026-01-04 05:26:18+00:00,0.9995
2026-01-04 05:27:07+00:00,0.9995
2026-01-04 05:28:07+00:00,0.9995
2026-01-04 05:29:06+00:00,0.9995
2026-01-04 05:30:07+00:00,0.9995
2026-01-04 05:31:07+00:00,0.9995
2026-01-04 05:32:07+00:00,0.9995
2026-01-04 05:33:07+00:00,0.9995
2026-01-04 05:34:07+00:00,0.9995
2026-01-04 05:35:07+00:00,0.9995
2026-01-04 05:36:07+00:00,0.9995
2026-01-04 05:37:06+00:00,0.9995
2026-01-04 05:38:07+00:00,0.9995
2026-01-04 05:39:07+00:00,0.9995
2026-01-04 05:40:07+00:00,0.9995
2026-01-04 05:41:07+00:00,0.9995
2026-01-04 05:42:17+00:00,0.9995
2026-01-04 05:43:07+00:00,0.9995
2026-01-04 05:44:19+00:00,0.9995
2026-01-04 05:45:08+00:00,0.9995
2026-01-04 05:46:07+00:00,0.9995
2026-01-04 05:47:06+00:00,0.9995
2026-01-04 05:48:07+00:00,0.9995
2026-01-04 05:49:06+00:00,0.9995
2026-01-04 05:50:08+00:00,0.9995
2026-01-04 05:51:18+00:00,0.9995
2026-01-04 05:52:07+00:00,0.9995
2026-01-04 05:53:06+00:00,0.9995
2026-01-04 05:54:07+00:00,0.9995
2026-01-04 05:55:07+00:00,0.9995
2026-01-04 05:56:07+00:00,0.9995
2026-01-04 05:57:06+00:00,0.9995
2026-01-04 05:58:07+00:00,0.9995
2026-01-04 05:59:07+00:00,0.9995
2026-01-04 06:00:06+00:00,0.9995
2026-01-04 06:01:07+00:00,0.9995
2026-01-04 06:02:07+00:00,0.9995
2026-01-04 06:03:07+00:00,0.9995
2026-01-04 06:04:07+00:00,0.9995
2026-01-04 06:05:07+00:00,0.9995
2026-01-04 06:06:07+00:00,0.9995
2026-01-04 06:07:07+00:00,0.9995
2026-01-04 06:08:07+00:00,0.9995
2026-01-04 06:09:07+00:00,0.9995
2026-01-04 06:10:07+00:00,0.9995
2026-01-04 06:11:07+00:00,0.9995
2026-01-04 06:12:07+00:00,0.9995
2026-01-04 06:13:07+00:00,0.9995
2026-01-04 06:14:07+00:00,0.9995
2026-01-04 06:15:07+00:00,0.9995
2026-01-04 06:16:07+00:00,0.9995
2026-01-04 06:17:07+00:00,0.9995
2026-01-04 06:18:07+00:00,0.9995
2026-01-04 06:19:06+00:00,0.9995
2026-01-04 06:20:07+00:00,0.9995
2026-01-04 06:21:07+00:00,0.9995
2026-01-04 06:22:20+00:00,0.9995
2026-01-04 06:23:08+00:00,0.9995
2026-01-04 06:24:06+00:00,0.9995
2026-01-04 06:25:07+00:00,0.9995
2026-01-04 06:26:20+00:00,0.9995
2026-01-04 06:27:21+00:00,0.9995
2026-01-04 06:28:07+00:00,0.9995
2026-01-04 06:29:18+00:00,0.9995
2026-01-04 06:30:07+00:00,0.9995
2026-01-04 06:31:06+00:00,0.9995
2026-01-04 06:32:07+00:00,0.9995
2026-01-04 06:33:07+00:00,0.9995
2026-01-04 06:34:07+00:00,0.9995
2026-01-04 06:35:21+00:00,0.9995
2026-01-04 06:36:07+00:00,0.9995
2026-01-04 06:37:07+00:00,0.9995
2026-01-04 06:38:08+00:00,0.9995
2026-01-04 06:39:06+00:00,0.9995
2026-01-04 06:40:07+00:00,0.9995
2026-01-04 06:41:07+00:00,0.9995
2026-01-04 06:42:06+00:00,0.9995
2026-01-04 06:43:07+00:00,0.9995
2026-01-04 06:44:07+00:00,0.9995
2026-01-04 06:45:07+00:00,0.9995
2026-01-04 06:46:07+00:00,0.9995
2026-01-04 06:47:07+00:00,0.9995
2026-01-04 06:48:07+00:00,0.9995
2026-01-04 06:49:07+00:00,0.9995
2026-01-04 06:50:07+00:00,0.9995
2026-01-04 06:51:07+00:00,0.9995
2026-01-04 06:52:07+00:00,0.9995
2026-01-04 06:53:07+00:00,0.9995
2026-01-04 06:54:07+00:00,0.9995
2026-01-04 06:55:06+00:00,0.9995
2026-01-04 06:56:18+00:00,0.9995
2026-01-04 06:57:07+00:00,0.9995
2026-01-04 06:58:07+00:00,0.9995
2026-01-04 06:59:07+00:00,0.9995
2026-01-04 07:00:08+00:00,0.9995
2026-01-04 07:01:07+00:00,0.9995
2026-01-04 07:02:07+00:00,0.9995
2026-01-04 07:03:07+00:00,0.9995
2026-01-04 07:04:07+00:00,0.9995
2026-01-04 07:05:07+00:00,0.9995
2026-01-04 07:06:07+00:00,0.9995
2026-01-04 07:07:07+00:00,0.9995
2026-01-04 07:08:07+00:00,0.9995
2026-01-04 07:09:20+00:00,0.9995
2026-01-04 07:10:06+00:00,0.9995
2026-01-04 07:11:06+00:00,0.9995
2026-01-04 07:12:07+00:00,0.9995
2026-01-04 07:13:07+00:00,0.9995
2026-01-04 07:14:07+00:00,0.9995
2026-01-04 07:15:07+00:00,0.9995
2026-01-04 07:16:07+00:00,0.9995
2026-01-04 07:17:07+00:00,0.9995
2026-01-04 07:18:07+00:00,0.9995
2026-01-04 07:19:07+00:00,0.9995
2026-01-04 07:20:21+00:00,0.9995
2026-01-04 07:21:06+00:00,0.9995
2026-01-04 07:22:21+00:00,0.9995
2026-01-04 07:23:07+00:00,0.9995
2026-01-04 07:24:07+00:00,0.9995
2026-01-04 07:25:07+00:00,0.9995
2026-01-04 07:26:23+00:00,0.9995
2026-01-04 07:27:08+00:00,0.9995
2026-01-04 07:28:22+00:00,0.9995
2026-01-04 07:29:19+00:00,0.9995
2026-01-04 07:30:08+00:00,0.9995
2026-01-04 07:31:07+00:00,0.9995
2026-01-04 07:32:22+00:00,0.9995
2026-01-04 07:33:07+00:00,0.9995
2026-01-04 07:34:07+00:00,0.9995
2026-01-04 07:35:07+00:00,0.9995
2026-01-04 07:36:07+00:00,0.9995
2026-01-04 07:37:07+00:00,0.9995
2026-01-04 07:38:07+00:00,0.9995
2026-01-04 07:39:07+00:00,0.9995
2026-01-04 07:40:07+00:00,0.9995
2026-01-04 07:41:07+00:00,0.9995
2026-01-04 07:42:07+00:00,0.9995
2026-01-04 07:43:07+00:00,0.9995
2026-01-04 07:44:06+00:00,0.9995
2026-01-04 07:45:07+00:00,0.9995
2026-01-04 07:46:07+00:00,0.9995
2026-01-04 07:47:07+00:00,0.9995
2026-01-04 07:48:07+00:00,0.9995
2026-01-04 07:49:07+00:00,0.9995
2026-01-04 07:50:08+00:00,0.9995
2026-01-04 07:51:07+00:00,0.9995
2026-01-04 07:52:06+00:00,0.9995
2026-01-04 07:53:07+00:00,0.9995
2026-01-04 07:54:07+00:00,0.9995
2026-01-04 07:55:07+00:00,0.9995
2026-01-04 07:56:06+00:00,0.9995
2026-01-04 07:57:07+00:00,0.9995
2026-01-04 07:58:07+00:00,0.9995
2026-01-04 07:59:07+00:00,0.9995
2026-01-04 08:00:07+00:00,0.9995
2026-01-04 08:01:19+00:00,0.9995
2026-01-04 08:02:07+00:00,0.9995
2026-01-04 08:03:08+00:00,0.9995
2026-01-04 08:04:07+00:00,0.9995
2026-01-04 08:05:07+00:00,0.9995
2026-01-04 08:06:07+00:00,0.9995
2026-01-04 08:07:06+00:00,0.9995
2026-01-04 08:08:06+00:00,0.9995
2026-01-04 08:09:06+00:00,0.9995
2026-01-04 08:10:20+00:00,0.9995
2026-01-04 08:11:06+00:00,0.9995
2026-01-04 08:12:18+00:00,0.9995
2026-01-04 08:13:20+00:00,0.9995
2026-01-04 08:14:07+00:00,0.9995
2026-01-04 08:15:08+00:00,0.9995
2026-01-04 08:16:07+00:00,0.9995
2026-01-04 08:17:07+00:00,0.9995
2026-01-04 08:18:07+00:00,0.9995
2026-01-04 08:19:08+00:00,0.9995
2026-01-04 08:20:07+00:00,0.9995
2026-01-04 08:21:07+00:00,0.9995
2026-01-04 08:22:07+00:00,0.9995
2026-01-04 08:23:07+00:00,0.9995
2026-01-04 08:24:07+00:00,0.9995
2026-01-04 08:25:06+00:00,0.9995
2026-01-04 08:26:07+00:00,0.9995
2026-01-04 08:27:07+00:00,0.9995
2026-01-04 08:28:07+00:00,0.9995
2026-01-04 08:29:07+00:00,0.9995
2026-01-04 08:30:07+00:00,0.9995
2026-01-04 08:31:07+00:00,0.9995
2026-01-04 08:32:20+00:00,0.9995
2026-01-04 08:33:07+00:00,0.9995
2026-01-04 08:34:21+00:00,0.9995
2026-01-04 08:35:06+00:00,0.9995
2026-01-04 08:36:07+00:00,0.9995
2026-01-04 08:37:07+00:00,0.9995
2026-01-04 08:38:07+00:00,0.9995
2026-01-04 08:39:07+00:00,0.9995
2026-01-04 08:40:07+00:00,0.9995
2026-01-04 08:41:07+00:00,0.9995
2026-01-04 08:42:07+00:00,0.9995
2026-01-04 08:43:20+00:00,0.9995
2026-01-04 08:44:21+00:00,0.9995
2026-01-04 08:45:08+00:00,0.9995
2026-01-04 08:46:07+00:00,0.9995
2026-01-04 08:47:21+00:00,0.9995
2026-01-04 08:48:07+00:00,0.9995
2026-01-04 08:49:06+00:00,0.9995
2026-01-04 08:50:18+00:00,0.9995
2026-01-04 08:51:07+00:00,0.9995
2026-01-04 08:52:07+00:00,0.9995
2026-01-04 08:53:07+00:00,0.9995
2026-01-04 08:54:06+00:00,0.9995
2026-01-04 08:55:07+00:00,0.9995
2026-01-04 08:56:07+00:00,0.9995
2026-01-04 08:57:07+00:00,0.9995
2026-01-04 08:58:07+00:00,0.9995
2026-01-04 08:59:07+00:00,0.9995
2026-01-04 09:00:07+00:00,0.9995
2026-01-04 09:01:21+00:00,0.9995
2026-01-04 09:02:07+00:00,0.9995
2026-01-04 09:03:07+00:00,0.9995
2026-01-04 09:04:20+00:00,0.9995
2026-01-04 09:05:06+00:00,0.9995
2026-01-04 09:06:07+00:00,0.9995
2026-01-04 09:07:06+00:00,0.9995
2026-01-04 09:08:06+00:00,0.9995
2026-01-04 09:09:07+00:00,0.9995
2026-01-04 09:10:07+00:00,0.9995
2026-01-04 09:11:07+00:00,0.9995
2026-01-04 09:12:07+00:00,0.9995
2026-01-04 09:13:07+00:00,0.9995
2026-01-04 09:14:18+00:00,0.9995
2026-01-04 09:15:07+00:00,0.9995
2026-01-04 09:16:07+00:00,0.9995
2026-01-04 09:17:07+00:00,0.9995
2026-01-04 09:18:08+00:00,0.9995
2026-01-04 09:19:20+00:00,0.9995
2026-01-04 09:20:08+00:00,0.9995
2026-01-04 09:21:21+00:00,0.9995
2026-01-04 09:22:07+00:00,0.9995
2026-01-04 09:23:07+00:00,0.9995
2026-01-04 09:24:17+00:00,0.9995
2026-01-04 09:25:08+00:00,0.9995
2026-01-04 09:26:07+00:00,0.9995
2026-01-04 09:27:07+00:00,0.9995
2026-01-04 09:28:07+00:00,0.9995
2026-01-04 09:29:06+00:00,0.9995
2026-01-04 09:30:07+00:00,0.9995
2026-01-04 09:31:07+00:00,0.9995
2026-01-04 09:32:07+00:00,0.9995
2026-01-04 09:33:08+00:00,0.9995
2026-01-04 09:34:06+00:00,0.9995
2026-01-04 09:35:07+00:00,0.9995
2026-01-04 09:36:07+00:00,0.9995
2026-01-04 09:37:07+00:00,0.9995
2026-01-04 09:38:07+00:00,0.9995
2026-01-04 09:39:08+00:00,0.9995
2026-01-04 09:40:07+00:00,0.9995
2026-01-04 09:41:07+00:00,0.9995
2026-01-04 09:42:07+00:00,0.9995
2026-01-04 09:43:07+00:00,0.9995
2026-01-04 09:44:07+00:00,0.9995
2026-01-04 09:45:07+00:00,0.9995
2026-01-04 09:46:07+00:00,0.9995
2026-01-04 09:47:20+00:00,0.9995
2026-01-04 09:48:08+00:00,0.9995
2026-01-04 09:49:06+00:00,0.9995
2026-01-04 09:50:06+00:00,0.9995
2026-01-04 09:51:07+00:00,0.9995
2026-01-04 09:52:06+00:00,0.9995
2026-01-04 09:53:08+00:00,0.9995
2026-01-04 09:54:07+00:00,0.9995
2026-01-04 09:55:07+00:00,0.9995
2026-01-04 09:56:06+00:00,0.9995
2026-01-04 09:57:07+00:00,0.9995
2026-01-04 09:58:08+00:00,0.9995
2026-01-04 09:59:06+00:00,0.9995
2026-01-04 10:00:07+00:00,0.9995
2026-01-04 10:01:07+00:00,0.9995
2026-01-04 10:02:07+00:00,0.9995
2026-01-04 10:03:07+00:00,0.9995
2026-01-04 10:04:07+00:00,0.9995
2026-01-04 10:05:07+00:00,0.9995
2026-01-04 10:06:07+00:00,0.9995
2026-01-04 10:07:07+00:00,0.9995
2026-01-04 10:08:07+00:00,0.9995
2026-01-04 10:09:07+00:00,0.9995
2026-01-04 10:10:07+00:00,0.9995
2026-01-04 10:11:20+00:00,0.9995
2026-01-04 10:12:07+00:00,0.9995
2026-01-04 10:13:20+00:00,0.9995
2026-01-04 10:14:06+00:00,0.9995
2026-01-04 10:15:21+00:00,0.9995
2026-01-04 10:16:07+00:00,0.9995
2026-01-04 10:17:06+00:00,0.9995
2026-01-04 10:18:07+00:00,0.9995
2026-01-04 10:19:07+00:00,0.9995
2026-01-04 10:20:06+00:00,0.9995
2026-01-04 10:21:07+00:00,0.9995
2026-01-04 10:22:07+00:00,0.9995
2026-01-04 10:23:07+00:00,0.9995
2026-01-04 10:24:07+00:00,0.9995
2026-01-04 10:25:08+00:00,0.9995
2026-01-04 10:26:20+00:00,0.9995
2026-01-04 10:27:07+00:00,0.9995
2026-01-04 10:28:07+00:00,0.9995
2026-01-04 10:29:18+00:00,0.9995
2026-01-04 10:30:07+00:00,0.9995
2026-01-04 10:31:07+00:00,0.9995
2026-01-04 10:32:07+00:00,0.9995
2026-01-04 10:33:07+00:00,0.9995
2026-01-04 10:34:19+00:00,0.9995
2026-01-04 10:35:08+00:00,0.9995
2026-01-04 10:36:07+00:00,0.9995
2026-01-04 10:37:06+00:00,0.9995
2026-01-04 10:38:20+00:00,0.9995
2026-01-04 10:39:07+00:00,0.9995
2026-01-04 10:40:23+00:00,0.9995
2026-01-04 10:41:07+00:00,0.9995
2026-01-04 10:42:07+00:00,0.9995
2026-01-04 10:43:21+00:00,0.9995
2026-01-04 10:44:07+00:00,0.9995
2026-01-04 10:45:07+00:00,0.9995
2026-01-04 10:46:07+00:00,0.9995
2026-01-04 10:47:07+00:00,0.9995
2026-01-04 10:48:22+00:00,0.9995
2026-01-04 10:49:07+00:00,0.9995
2026-01-04 10:50:08+00:00,0.9995
2026-01-04 10:51:07+00:00,0.9995
2026-01-04 10:52:08+00:00,0.9995
2026-01-04 10:53:07+00:00,0.9995
2026-01-04 10:54:07+00:00,0.9995
2026-01-04 10:55:07+00:00,0.9995
2026-01-04 10:56:07+00:00,0.9995
2026-01-04 10:57:07+00:00,0.9995
2026-01-04 10:58:08+00:00,0.9995
2026-01-04 10:59:06+00:00,0.9995
2026-01-04 11:00:12+00:00,0.9995
2026-01-04 11:01:07+00:00,0.9995
2026-01-04 11:02:07+00:00,0.9995
2026-01-04 11:03:07+00:00,0.9995
2026-01-04 11:04:07+00:00,0.9995
2026-01-04 11:05:07+00:00,0.9995
2026-01-04 11:06:22+00:00,0.9995
2026-01-04 11:07:07+00:00,0.9995
2026-01-04 11:08:06+00:00,0.9995
2026-01-04 11:09:07+00:00,0.9995
2026-01-04 11:10:07+00:00,0.9995
2026-01-04 11:11:07+00:00,0.9995
2026-01-04 11:12:07+00:00,0.9995
2026-01-04 11:13:07+00:00,0.9995
2026-01-04 11:14:07+00:00,0.9995
2026-01-04 11:15:07+00:00,0.9995
2026-01-04 11:16:07+00:00,0.9995
2026-01-04 11:17:08+00:00,0.9995
2026-01-04 11:18:22+00:00,0.9995
2026-01-04 11:19:07+00:00,0.9995
2026-01-04 11:20:07+00:00,0.9995
2026-01-04 11:21:07+00:00,0.9995
2026-01-04 11:22:07+00:00,0.9995
2026-01-04 11:23:07+00:00,0.9995
2026-01-04 11:24:07+00:00,0.9995
2026-01-04 11:25:21+00:00,0.9995
2026-01-04 11:26:07+00:00,0.9995
2026-01-04 11:27:07+00:00,0.9995
2026-01-04 11:28:20+00:00,0.9995
2026-01-04 11:29:07+00:00,0.9995
2026-01-04 11:30:07+00:00,0.9995
2026-01-04 11:31:07+00:00,0.9995
2026-01-04 11:32:07+00:00,0.9995
2026-01-04 11:33:07+00:00,0.9995
2026-01-04 11:34:07+00:00,0.9995
2026-01-04 11:35:07+00:00,0.9995
2026-01-04 11:36:07+00:00,0.9995
2026-01-04 11:37:07+00:00,0.9995
2026-01-04 11:38:07+00:00,0.9995
2026-01-04 11:39:07+00:00,0.9995
2026-01-04 11:40:07+00:00,0.9995
2026-01-04 11:41:07+00:00,0.9995
2026-01-04 11:42:06+00:00,0.9995
2026-01-04 11:43:22+00:00,0.9995
2026-01-04 11:44:22+00:00,0.9995
2026-01-04 11:45:07+00:00,0.9995
2026-01-04 11:46:07+00:00,0.9995
2026-01-04 11:47:06+00:00,0.9995
2026-01-04 11:48:07+00:00,0.9995
2026-01-04 11:49:07+00:00,0.9995
2026-01-04 11:50:07+00:00,0.9995
2026-01-04 11:51:07+00:00,0.9995
2026-01-04 11:52:07+00:00,0.9995
2026-01-04 11:53:20+00:00,0.9995
2026-01-04 11:54:07+00:00,0.9995
2026-01-04 11:55:07+00:00,0.9995
2026-01-04 11:56:07+00:00,0.9995
2026-01-04 11:57:07+00:00,0.9995
2026-01-04 11:58:07+00:00,0.9995
2026-01-04 11:59:07+00:00,0.9995
2026-01-04 12:00:08+00:00,0.9995
2026-01-04 12:01:07+00:00,0.9995
2026-01-04 12:02:06+00:00,0.9995
2026-01-04 12:03:07+00:00,0.9995
2026-01-04 12:04:07+00:00,0.9995
2026-01-04 12:05:07+00:00,0.9995
2026-01-04 12:06:07+00:00,0.9995
2026-01-04 12:07:17+00:00,0.9995
2026-01-04 12:08:18+00:00,0.9995
2026-01-04 12:09:06+00:00,0.9995
2026-01-04 12:10:07+00:00,0.9995
2026-01-04 12:11:07+00:00,0.9995
2026-01-04 12:12:07+00:00,0.9995
2026-01-04 12:13:07+00:00,0.9995
2026-01-04 12:14:07+00:00,0.9995
2026-01-04 12:15:08+00:00,0.9995
2026-01-04 12:16:07+00:00,0.9995
2026-01-04 12:17:07+00:00,0.9995
2026-01-04 12:18:08+00:00,0.9995
2026-01-04 12:19:08+00:00,0.9995
2026-01-04 12:20:08+00:00,0.9995
2026-01-04 12:21:07+00:00,0.9995
2026-01-04 12:22:08+00:00,0.9995
2026-01-04 12:23:07+00:00,0.9995
2026-01-04 12:24:07+00:00,0.9995
2026-01-04 12:25:08+00:00,0.9995
2026-01-04 12:26:07+00:00,0.9995
2026-01-04 12:27:07+00:00,0.9995
2026-01-04 12:28:07+00:00,0.9995
2026-01-04 12:29:07+00:00,0.9995
2026-01-04 12:30:07+00:00,0.9995
2026-01-04 12:31:07+00:00,0.9995
2026-01-04 12:32:07+00:00,0.9995
2026-01-04 12:33:08+00:00,0.9995
2026-01-04 12:34:07+00:00,0.9995
2026-01-04 12:35:07+00:00,0.9995
2026-01-04 12:36:23+00:00,0.9995
2026-01-04 12:37:07+00:00,0.9995
2026-01-04 12:38:07+00:00,0.9995
2026-01-04 12:39:06+00:00,0.9995
2026-01-04 12:40:07+00:00,0.9995
2026-01-04 12:41:07+00:00,0.9995
2026-01-04 12:42:07+00:00,0.9995
2026-01-04 12:43:07+00:00,0.9995
2026-01-04 12:44:07+00:00,0.9995
2026-01-04 12:45:08+00:00,0.9995
2026-01-04 12:46:07+00:00,0.9995
2026-01-04 12:47:06+00:00,0.9995
2026-01-04 12:48:07+00:00,0.9995
2026-01-04 12:49:07+00:00,0.9995
2026-01-04 12:50:07+00:00,0.9995
2026-01-04 12:51:19+00:00,0.9995
2026-01-04 12:52:07+00:00,0.9995
2026-01-04 12:53:07+00:00,0.9995
2026-01-04 12:54:07+00:00,0.9995
2026-01-04 12:55:07+00:00,0.9995
2026-01-04 12:56:07+00:00,0.9995
2026-01-04 12:57:07+00:00,0.9995
2026-01-04 12:58:19+00:00,0.9995
2026-01-04 12:59:07+00:00,0.9995
2026-01-04 13:00:07+00:00,0.9995
2026-01-04 13:01:07+00:00,0.9995
2026-01-04 13:02:07+00:00,0.9995
2026-01-04 13:03:07+00:00,0.9995
2026-01-04 13:04:07+00:00,0.9995
2026-01-04 13:05:07+00:00,0.9995
2026-01-04 13:06:06+00:00,0.9995
2026-01-04 13:07:08+00:00,0.9995
2026-01-04 13:08:07+00:00,0.9995
2026-01-04 13:09:08+00:00,0.9995
2026-01-04 13:10:20+00:00,0.9995
2026-01-04 13:11:07+00:00,0.9995
2026-01-04 13:12:07+00:00,0.9995
2026-01-04 13:13:22+00:00,0.9995
2026-01-04 13:14:07+00:00,0.9995
2026-01-04 13:15:07+00:00,0.9995
2026-01-04 13:16:07+00:00,0.9995
2026-01-04 13:17:07+00:00,0.9995
2026-01-04 13:18:18+00:00,0.9995
2026-01-04 13:19:07+00:00,0.9995
2026-01-04 13:20:21+00:00,0.9995
2026-01-04 13:21:07+00:00,0.9995
2026-01-04 13:22:07+00:00,0.9995
2026-01-04 13:23:07+00:00,0.9995
2026-01-04 13:24:07+00:00,0.9995
2026-01-04 13:25:07+00:00,0.9995
2026-01-04 13:26:07+00:00,0.9995
2026-01-04 13:27:07+00:00,0.9995
2026-01-04 13:28:07+00:00,0.9995
2026-01-04 13:29:18+00:00,0.9995
2026-01-04 13:30:07+00:00,0.9995
2026-01-04 13:31:07+00:00,0.9995
2026-01-04 13:32:07+00:00,0.9995
2026-01-04 13:33:07+00:00,0.9995
2026-01-04 13:34:07+00:00,0.9995
2026-01-04 13:35:07+00:00,0.9995
2026-01-04 13:36:07+00:00,0.9995
2026-01-04 13:37:07+00:00,0.9995
2026-01-04 13:38:07+00:00,0.9995
2026-01-04 13:39:07+00:00,0.9995
2026-01-04 13:40:08+00:00,0.9995
2026-01-04 13:41:07+00:00,0.9995
2026-01-04 13:42:07+00:00,0.9995
2026-01-04 13:43:07+00:00,0.9995
2026-01-04 13:44:07+00:00,0.9995
2026-01-04 13:45:07+00:00,0.9995
2026-01-04 13:46:07+00:00,0.9995
2026-01-04 13:47:06+00:00,0.9995
2026-01-04 13:48:07+00:00,0.9995
2026-01-04 13:49:07+00:00,0.9995
2026-01-04 13:50:07+00:00,0.9995
2026-01-04 13:51:07+00:00,0.9995
2026-01-04 13:52:07+00:00,0.9995
2026-01-04 13:53:07+00:00,0.9995
2026-01-04 13:54:21+00:00,0.9995
2026-01-04 13:55:07+00:00,0.9995
2026-01-04 13:56:07+00:00,0.9995
2026-01-04 13:57:07+00:00,0.9995
2026-01-04 13:58:07+00:00,0.9995
2026-01-04 13:59:07+00:00,0.9995
2026-01-04 14:00:07+00:00,0.9995
2026-01-04 14:01:07+00:00,0.9995
2026-01-04 14:02:07+00:00,0.9995
2026-01-04 14:03:07+00:00,0.9995
2026-01-04 14:04:08+00:00,0.9995
2026-01-04 14:05:07+00:00,0.9995
2026-01-04 14:06:07+00:00,0.9995
2026-01-04 14:07:07+00:00,0.9995
2026-01-04 14:08:06+00:00,0.9995
2026-01-04 14:09:06+00:00,0.9995
2026-01-04 14:10:07+00:00,0.9995
2026-01-04 14:11:06+00:00,0.9995
2026-01-04 14:12:06+00:00,0.9995
2026-01-04 14:13:07+00:00,0.9995
2026-01-04 14:14:08+00:00,0.9995
2026-01-04 14:15:07+00:00,0.9995
2026-01-04 14:16:07+00:00,0.9995
2026-01-04 14:17:07+00:00,0.9995
2026-01-04 14:18:07+00:00,0.9995
2026-01-04 14:19:20+00:00,0.9995
2026-01-04 14:20:07+00:00,0.9995
2026-01-04 14:21:07+00:00,0.9995
2026-01-04 14:22:07+00:00,0.9995
2026-01-04 14:23:07+00:00,0.9995
2026-01-04 14:24:07+00:00,0.9995
2026-01-04 14:25:07+00:00,0.9995
2026-01-04 14:26:07+00:00,0.9995
2026-01-04 14:27:21+00:00,0.9995
2026-01-04 14:28:07+00:00,0.9995
2026-01-04 14:29:07+00:00,0.9995
2026-01-04 14:30:08+00:00,0.9995
2026-01-04 14:31:07+00:00,0.9995
2026-01-04 14:32:07+00:00,0.9995
2026-01-04 14:33:07+00:00,0.9995
2026-01-04 14:34:07+00:00,0.9995
2026-01-04 14:35:07+00:00,0.9995
2026-01-04 14:36:08+00:00,0.9995
2026-01-04 14:37:18+00:00,0.9995
2026-01-04 14:38:07+00:00,0.9995
2026-01-04 14:39:18+00:00,0.9995
2026-01-04 14:40:07+00:00,0.9995
2026-01-04 14:41:07+00:00,0.9995
2026-01-04 14:42:08+00:00,0.9995
2026-01-04 14:43:07+00:00,0.9995
2026-01-04 14:44:22+00:00,0.9995
2026-01-04 14:45:07+00:00,0.9995
2026-01-04 14:46:07+00:00,0.9995
2026-01-04 14:47:07+00:00,0.9995
2026-01-04 14:48:08+00:00,0.9995
2026-01-04 14:49:07+00:00,0.9995
2026-01-04 14:50:07+00:00,0.9995
2026-01-04 14:51:07+00:00,0.9995
2026-01-04 14:52:07+00:00,0.9995
2026-01-04 14:53:23+00:00,0.9995
2026-01-04 14:54:07+00:00,0.9995
2026-01-04 14:55:06+00:00,0.9995
2026-01-04 14:56:07+00:00,0.9995
2026-01-04 14:57:07+00:00,0.9995
2026-01-04 14:58:21+00:00,0.9995
2026-01-04 14:59:07+00:00,0.9995
2026-01-04 15:00:13+00:00,0.9995
2026-01-04 15:01:09+00:00,0.9995
2026-01-04 15:02:07+00:00,0.9995
2026-01-04 15:03:22+00:00,0.9995
2026-01-04 15:04:07+00:00,0.9995
2026-01-04 15:05:07+00:00,0.9995
2026-01-04 15:06:07+00:00,0.9995
2026-01-04 15:07:07+00:00,0.9995
2026-01-04 15:08:07+00:00,0.9995
2026-01-04 15:09:07+00:00,0.9995
2026-01-04 15:10:07+00:00,0.9995
2026-01-04 15:11:19+00:00,0.9995
2026-01-04 15:12:07+00:00,0.9995
2026-01-04 15:13:07+00:00,0.9995
2026-01-04 15:14:07+00:00,0.9995
2026-01-04 15:15:07+00:00,0.9995
2026-01-04 15:16:21+00:00,0.9995
2026-01-04 15:17:07+00:00,0.9995
2026-01-04 15:18:20+00:00,0.9995
2026-01-04 15:19:07+00:00,0.9995
2026-01-04 15:20:18+00:00,0.9995
2026-01-04 15:21:21+00:00,0.9995
2026-01-04 15:22:07+00:00,0.9995
2026-01-04 15:23:07+00:00,0.9995
2026-01-04 15:24:07+00:00,0.9995
2026-01-04 15:25:08+00:00,0.9995
2026-01-04 15:26:07+00:00,0.9995
2026-01-04 15:27:07+00:00,0.9995
2026-01-04 15:28:07+00:00,0.9995
2026-01-04 15:29:07+00:00,0.9995
2026-01-04 15:30:07+00:00,0.9995
2026-01-04 15:31:07+00:00,0.9995
2026-01-04 15:32:07+00:00,0.9995
2026-01-04 15:33:07+00:00,0.9995
2026-01-04 15:34:07+00:00,0.9995
2026-01-04 15:35:20+00:00,0.9995
2026-01-04 15:36:07+00:00,0.9995
2026-01-04 15:37:19+00:00,0.9995
2026-01-04 15:38:07+00:00,0.9995
2026-01-04 15:39:07+00:00,0.9995
2026-01-04 15:40:07+00:00,0.9995
2026-01-04 15:41:21+00:00,0.9995
2026-01-04 15:42:07+00:00,0.9995
2026-01-04 15:43:08+00:00,0.9995
2026-01-04 15:44:07+00:00,0.9995
2026-01-04 15:45:08+00:00,0.9995
2026-01-04 15:46:07+00:00,0.9995
2026-01-04 15:47:07+00:00,0.9995
2026-01-04 15:48:07+00:00,0.9995
2026-01-04 15:49:07+00:00,0.9995
2026-01-04 15:50:20+00:00,0.9995
2026-01-04 15:51:08+00:00,0.9995
2026-01-04 15:52:07+00:00,0.9995
2026-01-04 15:53:07+00:00,0.9995
2026-01-04 15:54:07+00:00,0.9995
2026-01-04 15:55:07+00:00,0.9995
2026-01-04 15:56:07+00:00,0.9995
2026-01-04 15:57:07+00:00,0.9995
2026-01-04 15:58:07+00:00,0.9995
2026-01-04 15:59:07+00:00,0.9995
2026-01-04 16:00:07+00:00,0.9995
2026-01-04 16:01:22+00:00,0.9995
2026-01-04 16:02:08+00:00,0.9995
2026-01-04 16:03:08+00:00,0.9995
2026-01-04 16:04:22+00:00,0.9995
2026-01-04 16:05:18+00:00,0.9995
2026-01-04 16:06:07+00:00,0.9995
2026-01-04 16:07:08+00:00,0.9995
2026-01-04 16:08:08+00:00,0.9995
2026-01-04 16:09:08+00:00,0.9995
2026-01-04 16:10:07+00:00,0.9995
2026-01-04 16:11:08+00:00,0.9995
2026-01-04 16:12:07+00:00,0.9995
2026-01-04 16:13:08+00:00,0.9995
2026-01-04 16:14:07+00:00,0.9995
2026-01-04 16:15:07+00:00,0.9995
2026-01-04 16:16:08+00:00,0.9995
2026-01-04 16:17:07+00:00,0.9995
2026-01-04 16:18:07+00:00,0.9995
2026-01-04 16:19:07+00:00,0.9995
2026-01-04 16:20:20+00:00,0.9995
2026-01-04 16:21:18+00:00,0.9995
2026-01-04 16:22:08+00:00,0.9995
2026-01-04 16:23:07+00:00,0.9995
2026-01-04 16:24:23+00:00,0.9995
2026-01-04 16:25:08+00:00,0.9995
2026-01-04 16:26:07+00:00,0.9995
2026-01-04 16:27:07+00:00,0.9995
2026-01-04 16:28:07+00:00,0.9995
2026-01-04 16:29:07+00:00,0.9995
2026-01-04 16:30:22+00:00,0.9995
2026-01-04 16:31:07+00:00,0.9995
2026-01-04 16:32:20+00:00,0.9995
2026-01-04 16:33:08+00:00,0.9995
2026-01-04 16:34:07+00:00,0.9995
2026-01-04 16:35:07+00:00,0.9995
2026-01-04 16:36:08+00:00,0.9995
2026-01-04 16:37:07+00:00,0.9995
2026-01-04 16:38:07+00:00,0.9995
2026-01-04 16:39:07+00:00,0.9995
2026-01-04 16:40:07+00:00,0.9995
2026-01-04 16:41:07+00:00,0.9995
2026-01-04 16:42:07+00:00,0.9995
2026-01-04 16:43:07+00:00,0.9995
2026-01-04 16:44:07+00:00,0.9995
2026-01-04 16:45:08+00:00,0.9995
2026-01-04 16:46:07+00:00,0.9995
2026-01-04 16:47:07+00:00,0.9995
2026-01-04 16:48:08+00:00,0.9995
2026-01-04 16:49:07+00:00,0.9995
2026-01-04 16:50:07+00:00,0.9995
2026-01-04 16:51:08+00:00,0.9995
2026-01-04 16:52:07+00:00,0.9995
2026-01-04 16:53:08+00:00,0.9995
2026-01-04 16:54:07+00:00,0.9995
2026-01-04 16:55:08+00:00,0.9995
2026-01-04 16:56:07+00:00,0.9995
2026-01-04 16:57:07+00:00,0.9995
2026-01-04 16:58:07+00:00,0.9995
2026-01-04 16:59:08+00:00,0.9995
2026-01-04 17:00:08+00:00,0.9995
2026-01-04 17:01:24+00:00,0.9995
2026-01-04 17:02:08+00:00,0.9995
2026-01-04 17:03:08+00:00,0.9995
2026-01-04 17:04:07+00:00,0.9995
2026-01-04 17:05:08+00:00,0.9995
2026-01-04 17:06:19+00:00,0.9995
2026-01-04 17:07:07+00:00,0.9995
2026-01-04 17:08:19+00:00,0.9995
2026-01-04 17:09:07+00:00,0.9995
2026-01-04 17:10:07+00:00,0.9995
2026-01-04 17:11:07+00:00,0.9995
2026-01-04 17:12:07+00:00,0.9995
2026-01-04 17:13:07+00:00,0.9995
2026-01-04 17:14:08+00:00,0.9995
2026-01-04 17:15:08+00:00,0.9995
2026-01-04 17:16:07+00:00,0.9995
2026-01-04 17:17:07+00:00,0.9995
2026-01-04 17:18:08+00:00,0.9995
2026-01-04 17:19:08+00:00,0.9995
2026-01-04 17:20:08+00:00,0.9995
2026-01-04 17:21:07+00:00,0.9995
2026-01-04 17:22:08+00:00,0.9995
2026-01-04 17:23:07+00:00,0.9995
2026-01-04 17:24:07+00:00,0.9995
2026-01-04 17:25:07+00:00,0.9995
2026-01-04 17:26:08+00:00,0.9995
2026-01-04 17:27:21+00:00,0.9995
2026-01-04 17:28:08+00:00,0.9995
2026-01-04 17:29:07+00:00,0.9995
2026-01-04 17:30:08+00:00,0.9995
2026-01-04 17:31:07+00:00,0.9995
2026-01-04 17:32:08+00:00,0.9995
2026-01-04 17:33:08+00:00,0.9995
2026-01-04 17:34:07+00:00,0.9995
2026-01-04 17:35:08+00:00,0.9995
2026-01-04 17:36:07+00:00,0.9995
2026-01-04 17:37:07+00:00,0.9995
2026-01-04 17:38:07+00:00,0.9995
2026-01-04 17:39:07+00:00,0.9995
2026-01-04 17:40:07+00:00,0.9995
2026-01-04 17:41:07+00:00,0.9995
2026-01-04 17:42:08+00:00,0.9995
2026-01-04 17:43:22+00:00,0.9995
2026-01-04 17:44:07+00:00,0.9995
2026-01-04 17:45:08+00:00,0.9995
2026-01-04 17:46:08+00:00,0.9995
2026-01-04 17:47:08+00:00,0.9995
2026-01-04 17:48:08+00:00,0.9995
2026-01-04 17:49:08+00:00,0.9995
2026-01-04 17:50:18+00:00,0.9995
2026-01-04 17:51:20+00:00,0.9995
2026-01-04 17:52:07+00:00,0.9995
2026-01-04 17:53:08+00:00,0.9995
2026-01-04 17:54:07+00:00,0.9995
2026-01-04 17:55:07+00:00,0.9995
2026-01-04 17:56:07+00:00,0.9995
2026-01-04 17:57:07+00:00,0.9995
2026-01-04 17:58:22+00:00,0.9995
2026-01-04 17:59:07+00:00,0.9995
2026-01-04 18:00:07+00:00,0.9995
2026-01-04 18:01:08+00:00,0.9995
2026-01-04 18:02:08+00:00,0.9995
2026-01-04 18:03:08+00:00,0.9995
2026-01-04 18:04:07+00:00,0.9995
2026-01-04 18:05:08+00:00,0.9995
2026-01-04 18:06:08+00:00,0.9995
2026-01-04 18:07:22+00:00,0.9995
2026-01-04 18:08:08+00:00,0.9995
2026-01-04 18:09:07+00:00,0.9995
2026-01-04 18:10:21+00:00,0.9995
2026-01-04 18:11:07+00:00,0.9995
2026-01-04 18:12:18+00:00,0.9995
2026-01-04 18:13:07+00:00,0.9995
2026-01-04 18:14:07+00:00,0.9995
2026-01-04 18:15:07+00:00,0.9995
2026-01-04 18:16:07+00:00,0.9995
2026-01-04 18:17:07+00:00,0.9995
2026-01-04 18:18:08+00:00,0.9995
2026-01-04 18:19:07+00:00,0.9995
2026-01-04 18:20:08+00:00,0.9995
2026-01-04 18:21:22+00:00,0.9995
2026-01-04 18:22:09+00:00,0.9995
2026-01-04 18:23:07+00:00,0.9995
2026-01-04 18:24:08+00:00,0.9995
2026-01-04 18:25:22+00:00,0.9995
2026-01-04 18:26:08+00:00,0.9995
2026-01-04 18:27:08+00:00,0.9995
2026-01-04 18:28:07+00:00,0.9995
2026-01-04 18:29:07+00:00,0.9995
2026-01-04 18:30:08+00:00,0.9995
2026-01-04 18:31:08+00:00,0.9995
2026-01-04 18:32:08+00:00,0.9995
2026-01-04 18:33:07+00:00,0.9995
2026-01-04 18:34:08+00:00,0.9995
2026-01-04 18:35:08+00:00,0.9995
2026-01-04 18:36:08+00:00,0.9995
2026-01-04 18:37:07+00:00,0.9995
2026-01-04 18:38:08+00:00,0.9995
2026-01-04 18:39:07+00:00,0.9995
2026-01-04 18:40:08+00:00,0.9995
2026-01-04 18:41:07+00:00,0.9995
2026-01-04 18:42:08+00:00,0.9995
2026-01-04 18:43:07+00:00,0.9995
2026-01-04 18:44:07+00:00,0.9995
2026-01-04 18:45:08+00:00,0.9995
2026-01-04 18:46:07+00:00,0.9995
2026-01-04 18:47:08+00:00,0.9995
2026-01-04 18:48:08+00:00,0.9995
2026-01-04 18:49:08+00:00,0.9995
2026-01-04 18:50:08+00:00,0.9995
2026-01-04 18:51:08+00:00,0.9995
2026-01-04 18:52:08+00:00,0.9995
2026-01-04 18:53:07+00:00,0.9995
2026-01-04 18:54:22+00:00,0.9995
2026-01-04 18:55:08+00:00,0.9995
2026-01-04 18:56:07+00:00,0.9995
2026-01-04 18:57:07+00:00,0.9995
2026-01-04 18:58:07+00:00,0.9995
2026-01-04 18:59:07+00:00,0.9995
2026-01-04 19:00:08+00:00,0.9995
2026-01-04 19:01:08+00:00,0.9995
2026-01-04 19:02:08+00:00,0.9995
2026-01-04 19:03:20+00:00,0.9995
2026-01-04 19:04:08+00:00,0.9995
2026-01-04 19:05:07+00:00,0.9995
2026-01-04 19:06:08+00:00,0.9995
2026-01-04 19:07:07+00:00,0.9995
2026-01-04 19:08:07+00:00,0.9995
2026-01-04 19:09:08+00:00,0.9995
2026-01-04 19:10:08+00:00,0.9995
2026-01-04 19:11:08+00:00,0.9995
2026-01-04 19:12:07+00:00,0.9995
2026-01-04 19:13:07+00:00,0.9995
2026-01-04 19:14:08+00:00,0.9995
2026-01-04 19:15:09+00:00,0.9995
2026-01-04 19:16:08+00:00,0.9995
2026-01-04 19:17:08+00:00,0.9995
2026-01-04 19:18:08+00:00,0.9995
2026-01-04 19:19:07+00:00,0.9995
2026-01-04 19:20:08+00:00,0.9995
2026-01-04 19:21:07+00:00,0.9995
2026-01-04 19:22:08+00:00,0.9995
2026-01-04 19:23:08+00:00,0.9995
2026-01-04 19:24:08+00:00,0.9995
2026-01-04 19:25:08+00:00,0.9995
2026-01-04 19:26:08+00:00,0.9995
2026-01-04 19:27:08+00:00,0.9995
2026-01-04 19:28:08+00:00,0.9995
2026-01-04 19:29:07+00:00,0.9995
2026-01-04 19:30:08+00:00,0.9995
2026-01-04 19:31:18+00:00,0.9995
2026-01-04 19:32:07+00:00,0.9995
2026-01-04 19:33:08+00:00,0.9995
2026-01-04 19:34:08+00:00,0.9995
2026-01-04 19:35:08+00:00,0.9995
2026-01-04 19:36:20+00:00,0.9995
2026-01-04 19:37:20+00:00,0.9995
2026-01-04 19:38:08+00:00,0.9995
2026-01-04 19:39:21+00:00,0.9995
2026-01-04 19:40:07+00:00,0.9995
2026-01-04 19:41:07+00:00,0.9995
2026-01-04 19:42:07+00:00,0.9995
2026-01-04 19:43:08+00:00,0.9995
2026-01-04 19:44:08+00:00,0.9995
2026-01-04 19:45:08+00:00,0.9995
2026-01-04 19:46:07+00:00,0.9995
2026-01-04 19:47:07+00:00,0.9995
2026-01-04 19:48:07+00:00,0.9995
2026-01-04 19:49:07+00:00,0.9995
2026-01-04 19:50:08+00:00,0.9995
2026-01-04 19:51:20+00:00,0.9995
2026-01-04 19:52:08+00:00,0.9995
2026-01-04 19:53:07+00:00,0.9995
2026-01-04 19:54:07+00:00,0.9995
2026-01-04 19:55:08+00:00,0.9995
2026-01-04 19:56:08+00:00,0.9995
2026-01-04 19:57:07+00:00,0.9995
2026-01-04 19:58:07+00:00,0.9995
2026-01-04 19:59:07+00:00,0.9995
2026-01-04 20:00:25+00:00,0.9995
2026-01-04 20:01:08+00:00,0.9995
2026-01-04 20:02:07+00:00,0.9995
2026-01-04 20:03:19+00:00,0.9995
2026-01-04 20:04:08+00:00,0.9995
2026-01-04 20:05:08+00:00,0.9995
2026-01-04 20:06:09+00:00,0.9995
2026-01-04 20:07:07+00:00,0.9995
2026-01-04 20:08:07+00:00,0.9995
2026-01-04 20:09:08+00:00,0.9995
2026-01-04 20:10:08+00:00,0.9995
2026-01-04 20:11:07+00:00,0.9995
2026-01-04 20:12:09+00:00,0.9995
2026-01-04 20:13:08+00:00,0.9995
2026-01-04 20:14:08+00:00,0.9995
2026-01-04 20:15:09+00:00,0.9995
2026-01-04 20:16:19+00:00,0.9995
2026-01-04 20:17:08+00:00,0.9995
2026-01-04 20:18:08+00:00,0.9995
2026-01-04 20:19:07+00:00,0.9995
2026-01-04 20:20:08+00:00,0.9995
2026-01-04 20:21:08+00:00,0.9995
2026-01-04 20:22:07+00:00,0.9995
2026-01-04 20:23:07+00:00,0.9995
2026-01-04 20:24:08+00:00,0.9995
2026-01-04 20:25:08+00:00,0.9995
2026-01-04 20:26:08+00:00,0.9995
2026-01-04 20:27:08+00:00,0.9995
2026-01-04 20:28:08+00:00,0.9995
2026-01-04 20:29:07+00:00,0.9995
2026-01-04 20:30:08+00:00,0.9995
2026-01-04 20:31:08+00:00,0.9995
2026-01-04 20:32:08+00:00,0.9995
2026-01-04 20:33:08+00:00,0.9995
2026-01-04 20:34:07+00:00,0.9995
2026-01-04 20:35:07+00:00,0.9995
2026-01-04 20:36:08+00:00,0.9995
2026-01-04 20:37:07+00:00,0.9995
2026-01-04 20:38:08+00:00,0.9995
2026-01-04 20:39:08+00:00,0.9995
2026-01-04 20:40:08+00:00,0.9995
2026-01-04 20:41:07+00:00,0.9995
2026-01-04 20:42:08+00:00,0.9995
2026-01-04 20:43:07+00:00,0.9995
2026-01-04 20:44:08+00:00,0.9995
2026-01-04 20:45:07+00:00,0.9995
2026-01-04 20:46:08+00:00,0.9995
2026-01-04 20:47:08+00:00,0.9995
2026-01-04 20:48:08+00:00,0.9995
2026-01-04 20:49:08+00:00,0.9995
2026-01-04 20:50:07+00:00,0.9995
2026-01-04 20:51:08+00:00,0.9995
2026-01-04 20:52:08+00:00,0.9995
2026-01-04 20:53:07+00:00,0.9995
2026-01-04 20:54:08+00:00,0.9995
2026-01-04 20:55:08+00:00,0.9995
2026-01-04 20:56:08+00:00,0.9995
2026-01-04 20:57:08+00:00,0.9995
2026-01-04 20:58:08+00:00,0.9995
2026-01-04 20:59:07+00:00,0.9995
2026-01-04 21:00:10+00:00,0.9995
2026-01-04 21:01:08+00:00,0.9995
2026-01-04 21:02:08+00:00,0.9995
2026-01-04 21:03:07+00:00,0.9995
2026-01-04 21:04:08+00:00,0.9995
2026-01-04 21:05:08+00:00,0.9995
2026-01-04 21:06:08+00:00,0.9995
2026-01-04 21:07:08+00:00,0.9995
2026-01-04 21:08:08+00:00,0.9995
2026-01-04 21:09:07+00:00,0.9995
2026-01-04 21:10:07+00:00,0.9995
2026-01-04 21:11:07+00:00,0.9995
2026-01-04 21:12:08+00:00,0.9995
2026-01-04 21:13:08+00:00,0.9995
2026-01-04 21:14:08+00:00,0.9995
2026-01-04 21:15:07+00:00,0.9995
2026-01-04 21:16:08+00:00,0.9995
2026-01-04 21:17:08+00:00,0.9995
2026-01-04 21:18:08+00:00,0.9995
2026-01-04 21:19:08+00:00,0.9995
2026-01-04 21:20:08+00:00,0.9995
2026-01-04 21:21:08+00:00,0.9995
2026-01-04 21:22:08+00:00,0.9995
2026-01-04 21:23:08+00:00,0.9995
2026-01-04 21:24:08+00:00,0.9995
2026-01-04 21:25:08+00:00,0.9995
2026-01-04 21:26:08+00:00,0.9995
2026-01-04 21:27:08+00:00,0.9995
2026-01-04 21:28:08+00:00,0.9995
2026-01-04 21:29:07+00:00,0.9995
2026-01-04 21:30:08+00:00,0.9995
2026-01-04 21:31:08+00:00,0.9995
2026-01-04 21:32:07+00:00,0.9995
2026-01-04 21:33:08+00:00,0.9995
2026-01-04 21:34:08+00:00,0.9995
2026-01-04 21:35:08+00:00,0.9995
2026-01-04 21:36:08+00:00,0.9995
2026-01-04 21:37:07+00:00,0.9995
2026-01-04 21:38:07+00:00,0.9995
2026-01-04 21:39:07+00:00,0.9995
2026-01-04 21:40:08+00:00,0.9995
2026-01-04 21:41:07+00:00,0.9995
2026-01-04 21:42:08+00:00,0.9995
2026-01-04 21:43:07+00:00,0.9995
2026-01-04 21:44:08+00:00,0.9995
2026-01-04 21:45:08+00:00,0.9995
2026-01-04 21:46:08+00:00,0.9995
2026-01-04 21:47:08+00:00,0.9995
2026-01-04 21:48:08+00:00,0.9995
2026-01-04 21:49:08+00:00,0.9995
2026-01-04 21:50:08+00:00,0.9995
2026-01-04 21:51:07+00:00,0.9995
2026-01-04 21:52:08+00:00,0.9995
2026-01-04 21:53:07+00:00,0.9995
2026-01-04 21:54:08+00:00,0.9995
2026-01-04 21:55:07+00:00,0.9995
2026-01-04 21:56:07+00:00,0.9995
2026-01-04 21:57:07+00:00,0.9995
2026-01-04 21:58:07+00:00,0.9995
2026-01-04 21:59:07+00:00,0.9995
2026-01-04 22:00:08+00:00,0.9995
2026-01-04 22:01:08+00:00,0.9995
2026-01-04 22:02:07+00:00,0.9995
2026-01-04 22:03:07+00:00,0.9995
2026-01-04 22:04:08+00:00,0.9995
2026-01-04 22:05:08+00:00,0.9995
2026-01-04 22:06:07+00:00,0.9995
2026-01-04 22:07:07+00:00,0.9995
2026-01-04 22:08:07+00:00,0.9995
2026-01-04 22:09:08+00:00,0.9995
2026-01-04 22:10:08+00:00,0.9995
2026-01-04 22:11:07+00:00,0.9995
2026-01-04 22:12:19+00:00,0.9995
2026-01-04 22:13:08+00:00,0.9995
2026-01-04 22:14:07+00:00,0.9995
2026-01-04 22:15:08+00:00,0.9995
2026-01-04 22:16:08+00:00,0.9995
2026-01-04 22:17:08+00:00,0.9995
2026-01-04 22:18:08+00:00,0.9995
2026-01-04 22:19:07+00:00,0.9995
2026-01-04 22:20:07+00:00,0.9995
2026-01-04 22:21:07+00:00,0.9995
2026-01-04 22:22:07+00:00,0.9995
2026-01-04 22:23:07+00:00,0.9995
2026-01-04 22:24:07+00:00,0.9995
2026-01-04 22:25:08+00:00,0.9995
2026-01-04 22:26:07+00:00,0.9995
2026-01-04 22:27:07+00:00,0.9995
2026-01-04 22:28:07+00:00,0.9995
2026-01-04 22:29:08+00:00,0.9995
2026-01-04 22:30:07+00:00,0.9995
2026-01-04 22:31:07+00:00,0.9995
2026-01-04 22:32:07+00:00,0.9995
2026-01-04 22:33:07+00:00,0.9995
2026-01-04 22:34:07+00:00,0.9995
2026-01-04 22:35:08+00:00,0.9995
2026-01-04 22:36:07+00:00,0.9995
2026-01-04 22:37:07+00:00,0.9995
2026-01-04 22:38:08+00:00,0.9995
2026-01-04 22:39:08+00:00,0.9995
2026-01-04 22:40:07+00:00,0.9995
2026-01-04 22:41:07+00:00,0.9995
2026-01-04 22:42:07+00:00,0.9995
2026-01-04 22:43:07+00:00,0.9995
2026-01-04 22:44:07+00:00,0.9995
2026-01-04 22:45:08+00:00,0.9995
2026-01-04 22:46:07+00:00,0.9995
2026-01-04 22:47:07+00:00,0.9995
2026-01-04 22:48:08+00:00,0.9995
2026-01-04 22:49:07+00:00,0.9995
2026-01-04 22:50:08+00:00,0.9995
2026-01-04 22:51:08+00:00,0.9995
2026-01-04 22:52:07+00:00,0.9995
2026-01-04 22:53:07+00:00,0.9995
2026-01-04 22:54:08+00:00,0.9995
2026-01-04 22:55:07+00:00,0.9995
2026-01-04 22:56:07+00:00,0.9995
2026-01-04 22:57:07+00:00,0.9995
2026-01-04 22:58:21+00:00,0.9995
2026-01-04 22:59:08+00:00,0.9995
2026-01-04 23:00:08+00:00,0.9995
2026-01-04 23:01:07+00:00,0.9995
2026-01-04 23:02:07+00:00,0.9995
2026-01-04 23:03:08+00:00,0.9995
2026-01-04 23:04:20+00:00,0.9995
2026-01-04 23:05:08+00:00,0.9995
2026-01-04 23:06:07+00:00,0.9995
2026-01-04 23:07:07+00:00,0.9995
2026-01-04 23:08:07+00:00,0.9995
2026-01-04 23:09:07+00:00,0.9995
2026-01-04 23:10:08+00:00,0.9995
2026-01-04 23:11:07+00:00,0.9995
2026-01-04 23:12:08+00:00,0.9995
2026-01-04 23:13:07+00:00,0.9995
2026-01-04 23:14:08+00:00,0.9995
2026-01-04 23:15:07+00:00,0.9995
2026-01-04 23:16:07+00:00,0.9995
2026-01-04 23:17:08+00:00,0.9995
2026-01-04 23:18:08+00:00,0.9995
2026-01-04 23:19:07+00:00,0.9995
2026-01-04 23:20:08+00:00,0.9995
2026-01-04 23:21:07+00:00,0.9995
2026-01-04 23:22:08+00:00,0.9995
2026-01-04 23:23:07+00:00,0.9995
2026-01-04 23:24:08+00:00,0.9995
2026-01-04 23:25:08+00:00,0.9995
2026-01-04 23:26:08+00:00,0.9995
2026-01-04 23:27:07+00:00,0.9995
2026-01-04 23:28:07+00:00,0.9995
2026-01-04 23:29:07+00:00,0.9995
2026-01-04 23:30:08+00:00,0.9995
2026-01-04 23:31:07+00:00,0.9995
2026-01-04 23:32:07+00:00,0.9995
2026-01-04 23:33:08+00:00,0.9995
2026-01-04 23:34:08+00:00,0.9995
2026-01-04 23:35:07+00:00,0.9995
2026-01-04 23:36:07+00:00,0.9995
2026-01-04 23:37:07+00:00,0.9995
2026-01-04 23:38:08+00:00,0.9995
2026-01-04 23:39:07+00:00,0.9995
2026-01-04 23:40:08+00:00,0.9995
2026-01-04 23:41:07+00:00,0.9995
2026-01-04 23:42:08+00:00,0.9995
2026-01-04 23:43:07+00:00,0.9995
2026-01-04 23:44:08+00:00,0.9995
2026-01-04 23:45:07+00:00,0.9995
2026-01-04 23:46:07+00:00,0.9995
2026-01-04 23:47:07+00:00,0.9995
2026-01-04 23:48:08+00:00,0.9995
2026-01-04 23:49:08+00:00,0.9995
2026-01-04 23:50:07+00:00,0.9995
2026-01-04 23:51:08+00:00,0.9995
2026-01-04 23:52:08+00:00,0.9995
2026-01-04 23:53:08+00:00,0.9995
2026-01-04 23:54:08+00:00,0.9995
2026-01-04 23:55:08+00:00,0.9995
2026-01-04 23:56:07+00:00,0.9995
2026-01-04 23:57:08+00:00,0.9995
2026-01-04 23:58:08+00:00,0.9995
2026-01-04 23:59:07+00:00,0.9995
2026-01-05 00:00:08+00:00,0.9995
2026-01-05 00:01:07+00:00,0.9995
2026-01-05 00:02:07+00:00,0.9995
2026-01-05 00:03:08+00:00,0.9995
2026-01-05 00:04:07+00:00,0.9995
2026-01-05 00:05:07+00:00,0.9995
2026-01-05 00:06:08+00:00,0.9995
2026-01-05 00:07:07+00:00,0.9995
2026-01-05 00:08:07+00:00,0.9995
2026-01-05 00:09:08+00:00,0.9995
2026-01-05 00:10:07+00:00,0.9995
2026-01-05 00:11:07+00:00,0.9995
2026-01-05 00:12:07+00:00,0.9995
2026-01-05 00:13:07+00:00,0.9995
2026-01-05 00:14:07+00:00,0.9995
2026-01-05 00:15:08+00:00,0.9995
2026-01-05 00:16:08+00:00,0.9995
2026-01-05 00:17:08+00:00,0.9995
2026-01-05 00:18:08+00:00,0.9995
2026-01-05 00:19:08+00:00,0.9995
2026-01-05 00:20:08+00:00,0.9995
2026-01-05 00:21:08+00:00,0.9995
2026-01-05 00:22:08+00:00,0.9995
2026-01-05 00:23:08+00:00,0.9995
2026-01-05 00:24:08+00:00,0.9995
2026-01-05 00:25:08+00:00,0.9995
2026-01-05 00:26:20+00:00,0.9995
2026-01-05 00:27:08+00:00,0.9995
2026-01-05 00:28:07+00:00,0.9995
2026-01-05 00:29:07+00:00,0.9995
2026-01-05 00:30:07+00:00,0.9995
2026-01-05 00:31:07+00:00,0.9995
2026-01-05 00:32:07+00:00,0.9995
2026-01-05 00:33:07+00:00,0.9995
2026-01-05 00:34:07+00:00,0.9995
2026-01-05 00:35:07+00:00,0.9995
2026-01-05 00:36:07+00:00,0.9995
2026-01-05 00:37:07+00:00,0.9995
2026-01-05 00:38:20+00:00,0.9995
2026-01-05 00:39:07+00:00,0.9995
2026-01-05 00:40:08+00:00,0.9995
2026-01-05 00:41:07+00:00,0.9995
2026-01-05 00:42:07+00:00,0.9995
2026-01-05 00:43:07+00:00,0.9995
