timestamp,price
2025-12-25 16:49:09+00:00,0.715
2025-12-25 16:50:07+00:00,0.715
2025-12-25 16:51:07+00:00,0.715
2025-12-25 16:52:08+00:00,0.715
2025-12-25 16:53:08+00:00,0.715
2025-12-25 16:54:06+00:00,0.715
2025-12-25 16:55:07+00:00,0.715
2025-12-25 16:56:20+00:00,0.715
2025-12-25 16:57:07+00:00,0.715
2025-12-25 16:58:09+00:00,0.715
2025-12-25 16:59:07+00:00,0.715
2025-12-25 17:00:09+00:00,0.715
2025-12-25 17:01:07+00:00,0.715
2025-12-25 17:02:07+00:00,0.715
2025-12-25 17:03:07+00:00,0.715
2025-12-25 17:04:07+00:00,0.715
2025-12-25 17:05:07+00:00,0.715
2025-12-25 17:06:07+00:00,0.715
2025-12-25 17:07:08+00:00,0.715
2025-12-25 17:08:07+00:00,0.715
2025-12-25 17:09:07+00:00,0.715
2025-12-25 17:10:07+00:00,0.715
2025-12-25 17:11:07+00:00,0.715
2025-12-25 17:12:07+00:00,0.715
2025-12-25 17:13:06+00:00,0.715
2025-12-25 17:14:07+00:00,0.715
2025-12-25 17:15:07+00:00,0.715
2025-12-25 17:16:07+00:00,0.715
2025-12-25 17:17:07+00:00,0.715
2025-12-25 17:18:07+00:00,0.715
2025-12-25 17:19:07+00:00,0.715
2025-12-25 17:20:08+00:00,0.715
2025-12-25 17:21:07+00:00,0.715
2025-12-25 17:22:07+00:00,0.715
2025-12-25 17:23:07+00:00,0.715
2025-12-25 17:24:09+00:00,0.715
2025-12-25 17:25:08+00:00,0.715
2025-12-25 17:26:07+00:00,0.715
2025-12-25 17:27:07+00:00,0.715
2025-12-25 17:28:07+00:00,0.715
2025-12-25 17:29:07+00:00,0.715
2025-12-25 17:30:09+00:00,0.715
2025-12-25 17:31:07+00:00,0.715
2025-12-25 17:32:09+00:00,0.715
2025-12-25 17:33:07+00:00,0.715
2025-12-25 17:34:08+00:00,0.715
2025-12-25 17:35:07+00:00,0.715
2025-12-25 17:36:07+00:00,0.715
2025-12-25 17:37:07+00:00,0.715
2025-12-25 17:38:07+00:00,0.715
2025-12-25 17:39:07+00:00,0.715
2025-12-25 17:40:07+00:00,0.715
2025-12-25 17:41:07+00:00,0.715
2025-12-25 17:42:07+00:00,0.715
2025-12-25 17:43:07+00:00,0.715
2025-12-25 17:44:07+00:00,0.715
2025-12-25 17:45:07+00:00,0.715
2025-12-25 17:46:07+00:00,0.715
2025-12-25 17:47:07+00:00,0.715
2025-12-25 17:48:07+00:00,0.715
2025-12-25 17:49:07+00:00,0.715
2025-12-25 17:50:07+00:00,0.715
2025-12-25 17:51:07+00:00,0.715
2025-12-25 17:52:06+00:00,0.715
2025-12-25 17:53:07+00:00,0.715
2025-12-25 17:54:07+00:00,0.715
2025-12-25 17:55:07+00:00,0.715
2025-12-25 17:56:07+00:00,0.715
2025-12-25 17:57:07+00:00,0.715
2025-12-25 17:58:08+00:00,0.715
2025-12-25 17:59:07+00:00,0.715
2025-12-25 18:00:09+00:00,0.715
2025-12-25 18:01:07+00:00,0.715
2025-12-25 18:02:07+00:00,0.715
2025-12-25 18:03:07+00:00,0.715
2025-12-25 18:04:07+00:00,0.715
2025-12-25 18:05:07+00:00,0.715
2025-12-25 18:06:07+00:00,0.715
2025-12-25 18:07:07+00:00,0.715
2025-12-25 18:08:07+00:00,0.715
2025-12-25 18:09:07+00:00,0.715
2025-12-25 18:10:07+00:00,0.715
2025-12-25 18:11:07+00:00,0.715
2025-12-25 18:12:07+00:00,0.715
2025-12-25 18:13:07+00:00,0.715
2025-12-25 18:14:07+00:00,0.715
2025-12-25 18:15:07+00:00,0.715
2025-12-25 18:16:07+00:00,0.715
2025-12-25 18:17:07+00:00,0.715
2025-12-25 18:18:07+00:00,0.715
2025-12-25 18:19:07+00:00,0.715
2025-12-25 18:20:07+00:00,0.715
2025-12-25 18:21:07+00:00,0.715
2025-12-25 18:22:07+00:00,0.715
2025-12-25 18:23:07+00:00,0.715
2025-12-25 18:24:10+00:00,0.715
2025-12-25 18:25:08+00:00,0.715
2025-12-25 18:26:07+00:00,0.715
2025-12-25 18:27:07+00:00,0.715
2025-12-25 18:28:07+00:00,0.715
2025-12-25 18:29:07+00:00,0.715
2025-12-25 18:30:09+00:00,0.715
2025-12-25 18:31:07+00:00,0.715
2025-12-25 18:32:08+00:00,0.715
2025-12-25 18:33:07+00:00,0.715
2025-12-25 18:34:07+00:00,0.715
2025-12-25 18:35:07+00:00,0.715
2025-12-25 18:36:07+00:00,0.715
2025-12-25 18:37:07+00:00,0.715
2025-12-25 18:38:07+00:00,0.715
2025-12-25 18:39:07+00:00,0.715
2025-12-25 18:40:07+00:00,0.715
2025-12-25 18:41:07+00:00,0.715
2025-12-25 18:42:07+00:00,0.715
2025-12-25 18:43:07+00:00,0.715
2025-12-25 18:44:07+00:00,0.715
2025-12-25 18:45:07+00:00,0.715
2025-12-25 18:46:07+00:00,0.715
2025-12-25 18:47:07+00:00,0.715
2025-12-25 18:48:07+00:00,0.715
2025-12-25 18:49:07+00:00,0.715
2025-12-25 18:50:24+00:00,0.715
2025-12-25 18:51:07+00:00,0.715
2025-12-25 18:52:07+00:00,0.715
2025-12-25 18:53:07+00:00,0.715
2025-12-25 18:54:07+00:00,0.715
2025-12-25 18:55:07+00:00,0.715
2025-12-25 18:56:07+00:00,0.715
2025-12-25 18:57:07+00:00,0.715
2025-12-25 18:58:07+00:00,0.715
2025-12-25 18:59:07+00:00,0.715
2025-12-25 19:00:08+00:00,0.715
2025-12-25 19:01:07+00:00,0.715
2025-12-25 19:02:07+00:00,0.715
2025-12-25 19:03:07+00:00,0.715
2025-12-25 19:04:07+00:00,0.715
2025-12-25 19:05:07+00:00,0.715
2025-12-25 19:06:07+00:00,0.715
2025-12-25 19:07:07+00:00,0.715
2025-12-25 19:08:07+00:00,0.715
2025-12-25 19:09:07+00:00,0.715
2025-12-25 19:10:07+00:00,0.715
2025-12-25 19:11:07+00:00,0.715
2025-12-25 19:12:07+00:00,0.715
2025-12-25 19:13:07+00:00,0.715
2025-12-25 19:14:07+00:00,0.715
2025-12-25 19:15:07+00:00,0.715
2025-12-25 19:16:10+00:00,0.715
2025-12-25 19:17:07+00:00,0.715
2025-12-25 19:18:08+00:00,0.715
2025-12-25 19:19:07+00:00,0.715
2025-12-25 19:20:07+00:00,0.715
2025-12-25 19:21:07+00:00,0.715
2025-12-25 19:22:07+00:00,0.715
2025-12-25 19:23:07+00:00,0.715
2025-12-25 19:24:07+00:00,0.715
2025-12-25 19:25:07+00:00,0.715
2025-12-25 19:26:08+00:00,0.715
2025-12-25 19:27:07+00:00,0.715
2025-12-25 19:28:07+00:00,0.715
2025-12-25 19:29:07+00:00,0.715
2025-12-25 19:30:09+00:00,0.715
2025-12-25 19:31:07+00:00,0.715
2025-12-25 19:32:09+00:00,0.715
2025-12-25 19:33:07+00:00,0.715
2025-12-25 19:34:07+00:00,0.715
2025-12-25 19:35:08+00:00,0.715
2025-12-25 19:36:07+00:00,0.715
2025-12-25 19:37:07+00:00,0.715
2025-12-25 19:38:07+00:00,0.715
2025-12-25 19:39:07+00:00,0.715
2025-12-25 19:40:07+00:00,0.715
2025-12-25 19:41:07+00:00,0.715
2025-12-25 19:42:07+00:00,0.715
2025-12-25 19:43:07+00:00,0.715
2025-12-25 19:44:07+00:00,0.715
2025-12-25 19:45:07+00:00,0.715
2025-12-25 19:46:07+00:00,0.715
2025-12-25 19:47:07+00:00,0.715
2025-12-25 19:48:07+00:00,0.715
2025-12-25 19:49:07+00:00,0.715
2025-12-25 19:50:08+00:00,0.715
2025-12-25 19:51:07+00:00,0.715
2025-12-25 19:52:07+00:00,0.715
2025-12-25 19:53:07+00:00,0.715
2025-12-25 19:54:07+00:00,0.715
2025-12-25 19:55:08+00:00,0.715
2025-12-25 19:56:07+00:00,0.715
2025-12-25 19:57:07+00:00,0.715
2025-12-25 19:58:09+00:00,0.715
2025-12-25 19:59:07+00:00,0.715
2025-12-25 20:00:09+00:00,0.715
2025-12-25 20:01:07+00:00,0.715
2025-12-25 20:02:07+00:00,0.715
2025-12-25 20:03:07+00:00,0.715
2025-12-25 20:04:07+00:00,0.715
2025-12-25 20:05:07+00:00,0.715
2025-12-25 20:06:07+00:00,0.715
2025-12-25 20:07:07+00:00,0.715
2025-12-25 20:08:07+00:00,0.715
2025-12-25 20:09:07+00:00,0.715
2025-12-25 20:10:07+00:00,0.715
2025-12-25 20:11:07+00:00,0.715
2025-12-25 20:12:07+00:00,0.715
2025-12-25 20:13:07+00:00,0.715
2025-12-25 20:14:07+00:00,0.715
2025-12-25 20:15:08+00:00,0.715
2025-12-25 20:16:07+00:00,0.715
2025-12-25 20:17:07+00:00,0.715
2025-12-25 20:18:08+00:00,0.715
2025-12-25 20:19:07+00:00,0.715
2025-12-25 20:20:07+00:00,0.715
2025-12-25 20:21:07+00:00,0.715
2025-12-25 20:22:07+00:00,0.715
2025-12-25 20:23:07+00:00,0.715
2025-12-25 20:24:09+00:00,0.715
2025-12-25 20:25:08+00:00,0.715
2025-12-25 20:26:19+00:00,0.715
2025-12-25 20:27:07+00:00,0.715
2025-12-25 20:28:07+00:00,0.715
2025-12-25 20:29:07+00:00,0.715
2025-12-25 20:30:08+00:00,0.715
2025-12-25 20:31:06+00:00,0.715
2025-12-25 20:32:07+00:00,0.715
2025-12-25 20:33:07+00:00,0.715
2025-12-25 20:34:07+00:00,0.715
2025-12-25 20:35:07+00:00,0.715
2025-12-25 20:36:07+00:00,0.715
2025-12-25 20:37:07+00:00,0.715
2025-12-25 20:38:07+00:00,0.715
2025-12-25 20:39:07+00:00,0.715
2025-12-25 20:40:08+00:00,0.715
2025-12-25 20:41:07+00:00,0.715
2025-12-25 20:42:09+00:00,0.715
2025-12-25 20:43:07+00:00,0.715
2025-12-25 20:44:07+00:00,0.715
2025-12-25 20:45:08+00:00,0.715
2025-12-25 20:46:06+00:00,0.715
2025-12-25 20:47:07+00:00,0.715
2025-12-25 20:48:07+00:00,0.715
2025-12-25 20:49:07+00:00,0.715
2025-12-25 20:50:07+00:00,0.715
2025-12-25 20:51:07+00:00,0.715
2025-12-25 20:52:07+00:00,0.715
2025-12-25 20:53:07+00:00,0.715
2025-12-25 20:54:07+00:00,0.715
2025-12-25 20:55:07+00:00,0.715
2025-12-25 20:56:30+00:00,0.715
2025-12-25 20:57:07+00:00,0.715
2025-12-25 20:58:07+00:00,0.715
2025-12-25 20:59:06+00:00,0.715
2025-12-25 21:00:08+00:00,0.715
2025-12-25 21:01:07+00:00,0.715
2025-12-25 21:02:07+00:00,0.715
2025-12-25 21:03:08+00:00,0.715
2025-12-25 21:04:07+00:00,0.715
2025-12-25 21:05:07+00:00,0.715
2025-12-25 21:06:08+00:00,0.715
2025-12-25 21:07:07+00:00,0.715
2025-12-25 21:08:09+00:00,0.715
2025-12-25 21:09:07+00:00,0.715
2025-12-25 21:10:07+00:00,0.715
2025-12-25 21:11:07+00:00,0.715
2025-12-25 21:12:07+00:00,0.715
2025-12-25 21:13:07+00:00,0.715
2025-12-25 21:14:07+00:00,0.715
2025-12-25 21:15:18+00:00,0.715
2025-12-25 21:16:07+00:00,0.715
2025-12-25 21:17:07+00:00,0.715
2025-12-25 21:18:07+00:00,0.715
2025-12-25 21:19:06+00:00,0.715
2025-12-25 21:20:07+00:00,0.715
2025-12-25 21:21:07+00:00,0.715
2025-12-25 21:22:07+00:00,0.715
2025-12-25 21:23:07+00:00,0.715
2025-12-25 21:24:07+00:00,0.715
2025-12-25 21:25:07+00:00,0.715
2025-12-25 21:26:07+00:00,0.715
2025-12-25 21:27:07+00:00,0.715
2025-12-25 21:28:07+00:00,0.715
2025-12-25 21:29:07+00:00,0.715
2025-12-25 21:30:08+00:00,0.715
2025-12-25 21:31:07+00:00,0.715
2025-12-25 21:32:07+00:00,0.715
2025-12-25 21:33:08+00:00,0.715
2025-12-25 21:34:09+00:00,0.715
2025-12-25 21:35:07+00:00,0.715
2025-12-25 21:36:07+00:00,0.715
2025-12-25 21:37:07+00:00,0.715
2025-12-25 21:38:07+00:00,0.715
2025-12-25 21:39:07+00:00,0.715
2025-12-25 21:40:07+00:00,0.715
2025-12-25 21:41:07+00:00,0.715
2025-12-25 21:42:07+00:00,0.715
2025-12-25 21:43:07+00:00,0.715
2025-12-25 21:44:07+00:00,0.715
2025-12-25 21:45:07+00:00,0.715
2025-12-25 21:46:07+00:00,0.715
2025-12-25 21:47:07+00:00,0.715
2025-12-25 21:48:07+00:00,0.715
2025-12-25 21:49:07+00:00,0.715
2025-12-25 21:50:07+00:00,0.715
2025-12-25 21:51:07+00:00,0.715
2025-12-25 21:52:08+00:00,0.715
2025-12-25 21:53:07+00:00,0.715
2025-12-25 21:54:07+00:00,0.715
2025-12-25 21:55:07+00:00,0.715
2025-12-25 21:56:07+00:00,0.715
2025-12-25 21:57:07+00:00,0.715
2025-12-25 21:58:06+00:00,0.715
2025-12-25 21:59:08+00:00,0.715
2025-12-25 22:00:10+00:00,0.715
2025-12-25 22:01:07+00:00,0.715
2025-12-25 22:02:07+00:00,0.715
2025-12-25 22:03:07+00:00,0.715
2025-12-25 22:04:07+00:00,0.715
2025-12-25 22:05:07+00:00,0.715
2025-12-25 22:06:07+00:00,0.715
2025-12-25 22:07:07+00:00,0.715
2025-12-25 22:08:07+00:00,0.715
2025-12-25 22:09:07+00:00,0.715
2025-12-25 22:10:07+00:00,0.715
2025-12-25 22:11:09+00:00,0.715
2025-12-25 22:12:08+00:00,0.715
2025-12-25 22:13:07+00:00,0.715
2025-12-25 22:14:07+00:00,0.715
2025-12-25 22:15:08+00:00,0.715
2025-12-25 22:16:07+00:00,0.715
2025-12-25 22:17:07+00:00,0.715
2025-12-25 22:18:07+00:00,0.715
2025-12-25 22:19:07+00:00,0.715
2025-12-25 22:20:07+00:00,0.715
2025-12-25 22:21:07+00:00,0.715
2025-12-25 22:22:07+00:00,0.715
2025-12-25 22:23:07+00:00,0.715
2025-12-25 22:24:08+00:00,0.715
2025-12-25 22:25:07+00:00,0.715
2025-12-25 22:26:07+00:00,0.715
2025-12-25 22:27:20+00:00,0.715
2025-12-25 22:28:07+00:00,0.715
2025-12-25 22:29:07+00:00,0.715
2025-12-25 22:30:08+00:00,0.715
2025-12-25 22:31:07+00:00,0.715
2025-12-25 22:32:07+00:00,0.715
2025-12-25 22:33:07+00:00,0.715
2025-12-25 22:34:07+00:00,0.715
2025-12-25 22:35:07+00:00,0.715
2025-12-25 22:36:08+00:00,0.715
2025-12-25 22:37:08+00:00,0.715
2025-12-25 22:38:07+00:00,0.715
2025-12-25 22:39:07+00:00,0.715
2025-12-25 22:40:08+00:00,0.715
2025-12-25 22:41:07+00:00,0.715
2025-12-25 22:42:07+00:00,0.715
2025-12-25 22:43:07+00:00,0.715
2025-12-25 22:44:07+00:00,0.715
2025-12-25 22:45:08+00:00,0.715
2025-12-25 22:46:07+00:00,0.715
2025-12-25 22:47:07+00:00,0.715
2025-12-25 22:48:10+00:00,0.715
2025-12-25 22:49:07+00:00,0.715
2025-12-25 22:50:08+00:00,0.715
2025-12-25 22:51:07+00:00,0.715
2025-12-25 22:52:07+00:00,0.715
2025-12-25 22:53:07+00:00,0.715
2025-12-25 22:54:07+00:00,0.715
2025-12-25 22:55:07+00:00,0.715
2025-12-25 22:56:07+00:00,0.715
2025-12-25 22:57:07+00:00,0.715
2025-12-25 22:58:07+00:00,0.715
2025-12-25 22:59:07+00:00,0.715
2025-12-25 23:00:08+00:00,0.715
2025-12-25 23:01:07+00:00,0.715
2025-12-25 23:02:07+00:00,0.715
2025-12-25 23:03:07+00:00,0.715
2025-12-25 23:04:07+00:00,0.715
2025-12-25 23:05:07+00:00,0.715
2025-12-25 23:06:07+00:00,0.715
2025-12-25 23:07:07+00:00,0.715
2025-12-25 23:08:07+00:00,0.715
2025-12-25 23:09:07+00:00,0.715
2025-12-25 23:10:07+00:00,0.715
2025-12-25 23:11:07+00:00,0.715
2025-12-25 23:12:07+00:00,0.715
2025-12-25 23:13:06+00:00,0.715
2025-12-25 23:14:09+00:00,0.715
2025-12-25 23:15:08+00:00,0.715
2025-12-25 23:16:07+00:00,0.715
2025-12-25 23:17:07+00:00,0.715
2025-12-25 23:18:07+00:00,0.715
2025-12-25 23:19:07+00:00,0.715
2025-12-25 23:20:08+00:00,0.715
2025-12-25 23:21:06+00:00,0.715
2025-12-25 23:22:07+00:00,0.715
2025-12-25 23:23:07+00:00,0.715
2025-12-25 23:24:06+00:00,0.715
2025-12-25 23:25:07+00:00,0.715
2025-12-25 23:26:07+00:00,0.715
2025-12-25 23:27:07+00:00,0.715
2025-12-25 23:28:07+00:00,0.715
2025-12-25 23:29:06+00:00,0.715
2025-12-25 23:30:08+00:00,0.715
2025-12-25 23:31:07+00:00,0.715
2025-12-25 23:32:07+00:00,0.715
2025-12-25 23:33:07+00:00,0.715
2025-12-25 23:34:07+00:00,0.715
2025-12-25 23:35:07+00:00,0.715
2025-12-25 23:36:07+00:00,0.715
2025-12-25 23:37:07+00:00,0.715
2025-12-25 23:38:07+00:00,0.715
2025-12-25 23:39:07+00:00,0.715
2025-12-25 23:40:09+00:00,0.715
2025-12-25 23:41:07+00:00,0.715
2025-12-25 23:42:07+00:00,0.715
2025-12-25 23:43:07+00:00,0.715
2025-12-25 23:44:07+00:00,0.715
2025-12-25 23:45:08+00:00,0.715
2025-12-25 23:46:07+00:00,0.715
2025-12-25 23:47:07+00:00,0.715
2025-12-25 23:48:07+00:00,0.715
2025-12-25 23:49:07+00:00,0.715
2025-12-25 23:50:07+00:00,0.715
2025-12-25 23:51:07+00:00,0.715
2025-12-25 23:52:07+00:00,0.715
2025-12-25 23:53:07+00:00,0.715
2025-12-25 23:54:07+00:00,0.715
2025-12-25 23:55:07+00:00,0.715
2025-12-25 23:56:07+00:00,0.715
2025-12-25 23:57:07+00:00,0.715
2025-12-25 23:58:07+00:00,0.715
2025-12-25 23:59:06+00:00,0.715
2025-12-26 00:00:08+00:00,0.715
2025-12-26 00:01:07+00:00,0.715
2025-12-26 00:02:07+00:00,0.715
2025-12-26 00:03:07+00:00,0.715
2025-12-26 00:04:07+00:00,0.715
2025-12-26 00:05:07+00:00,0.715
2025-12-26 00:06:08+00:00,0.715
2025-12-26 00:07:07+00:00,0.715
2025-12-26 00:08:07+00:00,0.715
2025-12-26 00:09:07+00:00,0.715
2025-12-26 00:10:07+00:00,0.715
2025-12-26 00:11:07+00:00,0.715
2025-12-26 00:12:06+00:00,0.715
2025-12-26 00:13:07+00:00,0.715
2025-12-26 00:14:07+00:00,0.715
2025-12-26 00:15:08+00:00,0.715
2025-12-26 00:16:07+00:00,0.715
2025-12-26 00:17:07+00:00,0.715
2025-12-26 00:18:07+00:00,0.715
2025-12-26 00:19:07+00:00,0.715
2025-12-26 00:20:07+00:00,0.715
2025-12-26 00:21:07+00:00,0.715
2025-12-26 00:22:06+00:00,0.715
2025-12-26 00:23:06+00:00,0.715
2025-12-26 00:24:07+00:00,0.715
2025-12-26 00:25:07+00:00,0.715
2025-12-26 00:26:07+00:00,0.715
2025-12-26 00:27:07+00:00,0.715
2025-12-26 00:28:07+00:00,0.715
2025-12-26 00:29:07+00:00,0.715
2025-12-26 00:30:07+00:00,0.715
2025-12-26 00:31:07+00:00,0.715
2025-12-26 00:32:08+00:00,0.715
2025-12-26 00:33:07+00:00,0.715
2025-12-26 00:34:07+00:00,0.715
2025-12-26 00:35:07+00:00,0.715
2025-12-26 00:36:07+00:00,0.715
2025-12-26 00:37:07+00:00,0.715
2025-12-26 00:38:07+00:00,0.715
2025-12-26 00:39:07+00:00,0.715
2025-12-26 00:40:07+00:00,0.715
2025-12-26 00:41:07+00:00,0.715
2025-12-26 00:42:07+00:00,0.715
2025-12-26 00:43:07+00:00,0.715
2025-12-26 00:44:07+00:00,0.715
2025-12-26 00:45:07+00:00,0.715
2025-12-26 00:46:07+00:00,0.715
2025-12-26 00:47:07+00:00,0.715
2025-12-26 00:48:07+00:00,0.715
2025-12-26 00:49:07+00:00,0.715
2025-12-26 00:50:08+00:00,0.715
2025-12-26 00:51:07+00:00,0.715
2025-12-26 00:52:07+00:00,0.715
2025-12-26 00:53:06+00:00,0.715
2025-12-26 00:54:07+00:00,0.715
2025-12-26 00:55:07+00:00,0.715
2025-12-26 00:56:07+00:00,0.715
2025-12-26 00:57:07+00:00,0.715
2025-12-26 00:58:08+00:00,0.715
2025-12-26 00:59:06+00:00,0.715
2025-12-26 01:00:07+00:00,0.715
2025-12-26 01:01:29+00:00,0.715
2025-12-26 01:02:07+00:00,0.715
2025-12-26 01:03:07+00:00,0.715
2025-12-26 01:04:08+00:00,0.715
2025-12-26 01:05:07+00:00,0.715
2025-12-26 01:06:20+00:00,0.715
2025-12-26 01:07:07+00:00,0.715
2025-12-26 01:08:07+00:00,0.715
2025-12-26 01:09:06+00:00,0.715
2025-12-26 01:10:07+00:00,0.715
2025-12-26 01:11:07+00:00,0.715
2025-12-26 01:12:06+00:00,0.715
2025-12-26 01:13:06+00:00,0.715
2025-12-26 01:14:07+00:00,0.715
2025-12-26 01:15:07+00:00,0.715
2025-12-26 01:16:07+00:00,0.715
2025-12-26 01:17:07+00:00,0.715
2025-12-26 01:18:07+00:00,0.715
2025-12-26 01:19:06+00:00,0.715
2025-12-26 01:20:07+00:00,0.715
2025-12-26 01:21:07+00:00,0.715
2025-12-26 01:22:07+00:00,0.715
2025-12-26 01:23:07+00:00,0.715
2025-12-26 01:24:07+00:00,0.715
2025-12-26 01:25:07+00:00,0.715
2025-12-26 01:26:07+00:00,0.715
2025-12-26 01:27:07+00:00,0.715
2025-12-26 01:28:07+00:00,0.715
2025-12-26 01:29:07+00:00,0.715
2025-12-26 01:30:09+00:00,0.715
2025-12-26 01:31:09+00:00,0.715
2025-12-26 01:32:07+00:00,0.715
2025-12-26 01:33:08+00:00,0.715
2025-12-26 01:34:07+00:00,0.715
2025-12-26 01:35:21+00:00,0.715
2025-12-26 01:36:07+00:00,0.715
2025-12-26 01:37:06+00:00,0.715
2025-12-26 01:38:06+00:00,0.715
2025-12-26 01:39:07+00:00,0.715
2025-12-26 01:40:07+00:00,0.715
2025-12-26 01:41:07+00:00,0.715
2025-12-26 01:42:07+00:00,0.715
2025-12-26 01:43:07+00:00,0.715
2025-12-26 01:44:07+00:00,0.715
2025-12-26 01:45:07+00:00,0.715
2025-12-26 01:46:06+00:00,0.715
2025-12-26 01:47:06+00:00,0.715
2025-12-26 01:48:07+00:00,0.715
2025-12-26 01:49:07+00:00,0.715
2025-12-26 01:50:07+00:00,0.715
2025-12-26 01:51:07+00:00,0.715
2025-12-26 01:52:07+00:00,0.715
2025-12-26 01:53:07+00:00,0.715
2025-12-26 01:54:07+00:00,0.715
2025-12-26 01:55:07+00:00,0.715
2025-12-26 01:56:06+00:00,0.715
2025-12-26 01:57:09+00:00,0.715
2025-12-26 01:58:07+00:00,0.715
2025-12-26 01:59:08+00:00,0.715
2025-12-26 02:00:07+00:00,0.715
2025-12-26 02:01:07+00:00,0.715
2025-12-26 02:02:07+00:00,0.715
2025-12-26 02:03:07+00:00,0.715
2025-12-26 02:04:07+00:00,0.715
2025-12-26 02:05:07+00:00,0.715
2025-12-26 02:06:07+00:00,0.715
2025-12-26 02:07:07+00:00,0.715
2025-12-26 02:08:07+00:00,0.715
2025-12-26 02:09:07+00:00,0.715
2025-12-26 02:10:07+00:00,0.715
2025-12-26 02:11:07+00:00,0.715
2025-12-26 02:12:06+00:00,0.715
2025-12-26 02:13:07+00:00,0.715
2025-12-26 02:14:06+00:00,0.715
2025-12-26 02:15:07+00:00,0.715
2025-12-26 02:16:07+00:00,0.715
2025-12-26 02:17:06+00:00,0.715
2025-12-26 02:18:07+00:00,0.715
2025-12-26 02:19:07+00:00,0.715
2025-12-26 02:20:07+00:00,0.715
2025-12-26 02:21:07+00:00,0.715
2025-12-26 02:22:07+00:00,0.715
2025-12-26 02:23:09+00:00,0.715
2025-12-26 02:24:07+00:00,0.715
2025-12-26 02:25:07+00:00,0.715
2025-12-26 02:26:07+00:00,0.715
2025-12-26 02:27:07+00:00,0.715
2025-12-26 02:28:07+00:00,0.715
2025-12-26 02:29:06+00:00,0.715
2025-12-26 02:30:08+00:00,0.715
2025-12-26 02:31:07+00:00,0.715
2025-12-26 02:32:07+00:00,0.715
2025-12-26 02:33:07+00:00,0.715
2025-12-26 02:34:07+00:00,0.715
2025-12-26 02:35:08+00:00,0.715
2025-12-26 02:36:07+00:00,0.715
2025-12-26 02:37:07+00:00,0.715
2025-12-26 02:38:07+00:00,0.715
2025-12-26 02:39:07+00:00,0.715
2025-12-26 02:40:07+00:00,0.715
2025-12-26 02:41:07+00:00,0.715
2025-12-26 02:42:06+00:00,0.715
2025-12-26 02:43:07+00:00,0.715
2025-12-26 02:44:07+00:00,0.715
2025-12-26 02:45:07+00:00,0.715
2025-12-26 02:46:07+00:00,0.715
2025-12-26 02:47:07+00:00,0.715
2025-12-26 02:48:07+00:00,0.715
2025-12-26 02:49:09+00:00,0.715
2025-12-26 02:50:07+00:00,0.715
2025-12-26 02:51:07+00:00,0.715
2025-12-26 02:52:08+00:00,0.715
2025-12-26 02:53:07+00:00,0.715
2025-12-26 02:54:07+00:00,0.715
2025-12-26 02:55:07+00:00,0.715
2025-12-26 02:56:07+00:00,0.715
2025-12-26 02:57:20+00:00,0.715
2025-12-26 02:58:07+00:00,0.715
2025-12-26 02:59:07+00:00,0.715
2025-12-26 03:00:08+00:00,0.715
2025-12-26 03:01:07+00:00,0.715
2025-12-26 03:02:25+00:00,0.715
2025-12-26 03:03:07+00:00,0.715
2025-12-26 03:04:07+00:00,0.715
2025-12-26 03:05:08+00:00,0.715
2025-12-26 03:06:06+00:00,0.715
2025-12-26 03:07:07+00:00,0.715
2025-12-26 03:08:06+00:00,0.715
2025-12-26 03:09:07+00:00,0.715
2025-12-26 03:10:07+00:00,0.715
2025-12-26 03:11:07+00:00,0.715
2025-12-26 03:12:07+00:00,0.715
2025-12-26 03:13:07+00:00,0.715
2025-12-26 03:14:07+00:00,0.715
2025-12-26 03:15:07+00:00,0.715
2025-12-26 03:16:07+00:00,0.715
2025-12-26 03:17:07+00:00,0.715
2025-12-26 03:18:07+00:00,0.715
2025-12-26 03:19:07+00:00,0.715
2025-12-26 03:20:07+00:00,0.715
2025-12-26 03:21:07+00:00,0.715
2025-12-26 03:22:07+00:00,0.715
2025-12-26 03:23:07+00:00,0.715
2025-12-26 03:24:07+00:00,0.715
2025-12-26 03:25:07+00:00,0.715
2025-12-26 03:26:07+00:00,0.715
2025-12-26 03:27:06+00:00,0.715
2025-12-26 03:28:09+00:00,0.715
2025-12-26 03:29:06+00:00,0.715
2025-12-26 03:30:08+00:00,0.715
2025-12-26 03:31:07+00:00,0.715
2025-12-26 03:32:07+00:00,0.715
2025-12-26 03:33:07+00:00,0.715
2025-12-26 03:34:07+00:00,0.715
2025-12-26 03:35:07+00:00,0.715
2025-12-26 03:36:07+00:00,0.715
2025-12-26 03:37:07+00:00,0.715
2025-12-26 03:38:07+00:00,0.715
2025-12-26 03:39:06+00:00,0.715
2025-12-26 03:40:07+00:00,0.715
2025-12-26 03:41:07+00:00,0.715
2025-12-26 03:42:07+00:00,0.715
2025-12-26 03:43:07+00:00,0.715
2025-12-26 03:44:07+00:00,0.715
2025-12-26 03:45:22+00:00,0.715
2025-12-26 03:46:07+00:00,0.715
2025-12-26 03:47:07+00:00,0.715
2025-12-26 03:48:07+00:00,0.715
2025-12-26 03:49:07+00:00,0.715
2025-12-26 03:50:08+00:00,0.715
2025-12-26 03:51:07+00:00,0.715
2025-12-26 03:52:07+00:00,0.715
2025-12-26 03:53:07+00:00,0.715
2025-12-26 03:54:10+00:00,0.715
2025-12-26 03:55:07+00:00,0.715
2025-12-26 03:56:06+00:00,0.715
2025-12-26 03:57:06+00:00,0.715
2025-12-26 03:58:07+00:00,0.715
2025-12-26 03:59:07+00:00,0.715
2025-12-26 04:00:08+00:00,0.715
2025-12-26 04:01:07+00:00,0.715
2025-12-26 04:02:08+00:00,0.715
2025-12-26 04:03:07+00:00,0.715
2025-12-26 04:04:07+00:00,0.715
2025-12-26 04:05:07+00:00,0.715
2025-12-26 04:06:07+00:00,0.715
2025-12-26 04:07:07+00:00,0.715
2025-12-26 04:08:07+00:00,0.715
2025-12-26 04:09:07+00:00,0.715
2025-12-26 04:10:07+00:00,0.715
2025-12-26 04:11:07+00:00,0.715
2025-12-26 04:12:07+00:00,0.715
2025-12-26 04:13:07+00:00,0.715
2025-12-26 04:14:07+00:00,0.715
2025-12-26 04:15:08+00:00,0.715
2025-12-26 04:16:07+00:00,0.715
2025-12-26 04:17:06+00:00,0.715
2025-12-26 04:18:07+00:00,0.715
2025-12-26 04:19:07+00:00,0.715
2025-12-26 04:20:10+00:00,0.715
2025-12-26 04:21:07+00:00,0.715
2025-12-26 04:22:07+00:00,0.715
2025-12-26 04:23:07+00:00,0.715
2025-12-26 04:24:07+00:00,0.715
2025-12-26 04:25:07+00:00,0.715
2025-12-26 04:26:07+00:00,0.715
2025-12-26 04:27:07+00:00,0.715
2025-12-26 04:28:07+00:00,0.715
2025-12-26 04:29:07+00:00,0.715
2025-12-26 04:30:08+00:00,0.715
2025-12-26 04:31:07+00:00,0.715
2025-12-26 04:32:07+00:00,0.715
2025-12-26 04:33:07+00:00,0.715
2025-12-26 04:34:07+00:00,0.715
2025-12-26 04:35:07+00:00,0.715
2025-12-26 04:36:07+00:00,0.715
2025-12-26 04:37:07+00:00,0.715
2025-12-26 04:38:07+00:00,0.715
2025-12-26 04:39:07+00:00,0.715
2025-12-26 04:40:07+00:00,0.715
2025-12-26 04:41:07+00:00,0.715
2025-12-26 04:42:06+00:00,0.715
2025-12-26 04:43:06+00:00,0.715
2025-12-26 04:44:07+00:00,0.715
2025-12-26 04:45:07+00:00,0.715
2025-12-26 04:46:09+00:00,0.715
2025-12-26 04:47:07+00:00,0.715
2025-12-26 04:48:07+00:00,0.715
2025-12-26 04:49:07+00:00,0.715
2025-12-26 04:50:07+00:00,0.715
2025-12-26 04:51:07+00:00,0.715
2025-12-26 04:52:07+00:00,0.715
2025-12-26 04:53:07+00:00,0.715
2025-12-26 04:54:07+00:00,0.715
2025-12-26 04:55:07+00:00,0.715
2025-12-26 04:56:07+00:00,0.715
2025-12-26 04:57:07+00:00,0.715
2025-12-26 04:58:07+00:00,0.715
2025-12-26 04:59:07+00:00,0.715
2025-12-26 05:00:09+00:00,0.715
2025-12-26 05:01:07+00:00,0.715
2025-12-26 05:02:07+00:00,0.715
2025-12-26 05:03:07+00:00,0.715
2025-12-26 05:04:06+00:00,0.715
2025-12-26 05:05:07+00:00,0.715
2025-12-26 05:06:09+00:00,0.715
2025-12-26 05:07:07+00:00,0.715
2025-12-26 05:08:07+00:00,0.715
2025-12-26 05:09:07+00:00,0.715
2025-12-26 05:10:07+00:00,0.715
2025-12-26 05:11:07+00:00,0.715
2025-12-26 05:12:07+00:00,0.715
2025-12-26 05:13:07+00:00,0.715
2025-12-26 05:14:07+00:00,0.715
2025-12-26 05:15:07+00:00,0.715
2025-12-26 05:16:07+00:00,0.715
2025-12-26 05:17:07+00:00,0.715
2025-12-26 05:18:07+00:00,0.715
2025-12-26 05:19:07+00:00,0.715
2025-12-26 05:20:07+00:00,0.715
2025-12-26 05:21:07+00:00,0.715
2025-12-26 05:22:07+00:00,0.715
2025-12-26 05:23:07+00:00,0.715
2025-12-26 05:24:07+00:00,0.715
2025-12-26 05:25:07+00:00,0.715
2025-12-26 05:26:06+00:00,0.715
2025-12-26 05:27:08+00:00,0.715
2025-12-26 05:28:07+00:00,0.715
2025-12-26 05:29:07+00:00,0.715
2025-12-26 05:30:08+00:00,0.715
2025-12-26 05:31:07+00:00,0.715
2025-12-26 05:32:09+00:00,0.715
2025-12-26 05:33:07+00:00,0.715
2025-12-26 05:34:07+00:00,0.715
2025-12-26 05:35:07+00:00,0.715
2025-12-26 05:36:07+00:00,0.715
2025-12-26 05:37:07+00:00,0.715
2025-12-26 05:38:07+00:00,0.715
2025-12-26 05:39:07+00:00,0.715
2025-12-26 05:40:07+00:00,0.715
2025-12-26 05:41:06+00:00,0.715
2025-12-26 05:42:07+00:00,0.715
2025-12-26 05:43:08+00:00,0.715
2025-12-26 05:44:07+00:00,0.715
2025-12-26 05:45:07+00:00,0.715
2025-12-26 05:46:07+00:00,0.715
2025-12-26 05:47:07+00:00,0.715
2025-12-26 05:48:07+00:00,0.715
2025-12-26 05:49:07+00:00,0.715
2025-12-26 05:50:07+00:00,0.715
2025-12-26 05:51:07+00:00,0.715
2025-12-26 05:52:07+00:00,0.715
2025-12-26 05:53:07+00:00,0.715
2025-12-26 05:54:07+00:00,0.715
2025-12-26 05:55:07+00:00,0.715
2025-12-26 05:56:07+00:00,0.715
2025-12-26 05:57:07+00:00,0.715
2025-12-26 05:58:07+00:00,0.715
2025-12-26 05:59:06+00:00,0.715
2025-12-26 06:00:08+00:00,0.715
2025-12-26 06:01:07+00:00,0.715
2025-12-26 06:02:07+00:00,0.715
2025-12-26 06:03:07+00:00,0.715
2025-12-26 06:04:07+00:00,0.715
2025-12-26 06:05:07+00:00,0.715
2025-12-26 06:06:07+00:00,0.715
2025-12-26 06:07:07+00:00,0.715
2025-12-26 06:08:07+00:00,0.715
2025-12-26 06:09:21+00:00,0.715
2025-12-26 06:10:08+00:00,0.715
2025-12-26 06:11:07+00:00,0.715
2025-12-26 06:12:07+00:00,0.715
2025-12-26 06:13:07+00:00,0.715
2025-12-26 06:14:07+00:00,0.715
2025-12-26 06:15:09+00:00,0.715
2025-12-26 06:16:07+00:00,0.715
2025-12-26 06:17:18+00:00,0.715
2025-12-26 06:18:07+00:00,0.715
2025-12-26 06:19:07+00:00,0.715
2025-12-26 06:20:07+00:00,0.715
2025-12-26 06:21:07+00:00,0.715
2025-12-26 06:22:07+00:00,0.715
2025-12-26 06:23:07+00:00,0.715
2025-12-26 06:24:07+00:00,0.715
2025-12-26 06:25:07+00:00,0.715
2025-12-26 06:26:06+00:00,0.715
2025-12-26 06:27:07+00:00,0.715
2025-12-26 06:28:18+00:00,0.715
2025-12-26 06:29:07+00:00,0.715
2025-12-26 06:30:07+00:00,0.715
2025-12-26 06:31:07+00:00,0.715
2025-12-26 06:32:07+00:00,0.715
2025-12-26 06:33:07+00:00,0.715
2025-12-26 06:34:07+00:00,0.715
2025-12-26 06:35:10+00:00,0.715
2025-12-26 06:36:07+00:00,0.715
2025-12-26 06:37:07+00:00,0.715
2025-12-26 06:38:07+00:00,0.715
2025-12-26 06:39:07+00:00,0.715
2025-12-26 06:40:07+00:00,0.715
2025-12-26 06:41:07+00:00,0.715
2025-12-26 06:42:06+00:00,0.715
2025-12-26 06:43:07+00:00,0.715
2025-12-26 06:44:07+00:00,0.715
2025-12-26 06:45:07+00:00,0.715
2025-12-26 06:46:07+00:00,0.715
2025-12-26 06:47:07+00:00,0.715
2025-12-26 06:48:07+00:00,0.715
2025-12-26 06:49:07+00:00,0.715
2025-12-26 06:50:08+00:00,0.715
2025-12-26 06:51:07+00:00,0.715
2025-12-26 06:52:07+00:00,0.715
2025-12-26 06:53:07+00:00,0.715
2025-12-26 06:54:07+00:00,0.715
2025-12-26 06:55:07+00:00,0.715
2025-12-26 06:56:07+00:00,0.715
2025-12-26 06:57:07+00:00,0.715
2025-12-26 06:58:07+00:00,0.715
2025-12-26 06:59:07+00:00,0.715
2025-12-26 07:00:07+00:00,0.715
2025-12-26 07:01:09+00:00,0.715
2025-12-26 07:02:07+00:00,0.715
2025-12-26 07:03:07+00:00,0.715
2025-12-26 07:04:07+00:00,0.715
2025-12-26 07:05:08+00:00,0.715
2025-12-26 07:06:06+00:00,0.715
2025-12-26 07:07:07+00:00,0.715
2025-12-26 07:08:06+00:00,0.715
2025-12-26 07:09:07+00:00,0.715
2025-12-26 07:10:08+00:00,0.715
2025-12-26 07:11:07+00:00,0.715
2025-12-26 07:12:07+00:00,0.715
2025-12-26 07:13:07+00:00,0.715
2025-12-26 07:14:07+00:00,0.715
2025-12-26 07:15:07+00:00,0.715
2025-12-26 07:16:08+00:00,0.715
2025-12-26 07:17:07+00:00,0.715
2025-12-26 07:18:07+00:00,0.715
2025-12-26 07:19:07+00:00,0.715
2025-12-26 07:20:08+00:00,0.715
2025-12-26 07:21:07+00:00,0.715
2025-12-26 07:22:07+00:00,0.715
2025-12-26 07:23:07+00:00,0.715
2025-12-26 07:24:07+00:00,0.715
2025-12-26 07:25:07+00:00,0.715
2025-12-26 07:26:09+00:00,0.715
2025-12-26 07:27:07+00:00,0.715
2025-12-26 07:28:07+00:00,0.715
2025-12-26 07:29:07+00:00,0.715
2025-12-26 07:30:08+00:00,0.715
2025-12-26 07:31:07+00:00,0.715
2025-12-26 07:32:07+00:00,0.715
2025-12-26 07:33:07+00:00,0.715
2025-12-26 07:34:07+00:00,0.715
2025-12-26 07:35:08+00:00,0.715
2025-12-26 07:36:07+00:00,0.715
2025-12-26 07:37:07+00:00,0.715
2025-12-26 07:38:07+00:00,0.715
2025-12-26 07:39:07+00:00,0.715
2025-12-26 07:40:07+00:00,0.715
2025-12-26 07:41:07+00:00,0.715
2025-12-26 07:42:07+00:00,0.715
2025-12-26 07:43:06+00:00,0.715
2025-12-26 07:44:07+00:00,0.715
2025-12-26 07:45:07+00:00,0.715
2025-12-26 07:46:07+00:00,0.715
2025-12-26 07:47:07+00:00,0.715
2025-12-26 07:48:07+00:00,0.715
2025-12-26 07:49:07+00:00,0.715
2025-12-26 07:50:07+00:00,0.715
2025-12-26 07:51:07+00:00,0.715
2025-12-26 07:52:10+00:00,0.715
2025-12-26 07:53:07+00:00,0.715
2025-12-26 07:54:07+00:00,0.715
2025-12-26 07:55:07+00:00,0.715
2025-12-26 07:56:06+00:00,0.715
2025-12-26 07:57:07+00:00,0.715
2025-12-26 07:58:07+00:00,0.715
2025-12-26 07:59:07+00:00,0.715
2025-12-26 08:00:08+00:00,0.715
2025-12-26 08:01:07+00:00,0.715
2025-12-26 08:02:07+00:00,0.715
2025-12-26 08:03:07+00:00,0.715
2025-12-26 08:04:07+00:00,0.715
2025-12-26 08:05:08+00:00,0.715
2025-12-26 08:06:08+00:00,0.715
2025-12-26 08:07:07+00:00,0.715
2025-12-26 08:08:07+00:00,0.715
2025-12-26 08:09:07+00:00,0.715
2025-12-26 08:10:07+00:00,0.715
2025-12-26 08:11:08+00:00,0.715
2025-12-26 08:12:07+00:00,0.715
2025-12-26 08:13:07+00:00,0.715
2025-12-26 08:14:07+00:00,0.715
2025-12-26 08:15:07+00:00,0.715
2025-12-26 08:16:07+00:00,0.715
2025-12-26 08:17:07+00:00,0.715
2025-12-26 08:18:10+00:00,0.715
2025-12-26 08:19:07+00:00,0.715
2025-12-26 08:20:07+00:00,0.715
2025-12-26 08:21:06+00:00,0.715
2025-12-26 08:22:07+00:00,0.715
2025-12-26 08:23:07+00:00,0.715
2025-12-26 08:24:07+00:00,0.715
2025-12-26 08:25:09+00:00,0.715
2025-12-26 08:26:08+00:00,0.715
2025-12-26 08:27:07+00:00,0.715
2025-12-26 08:28:06+00:00,0.715
2025-12-26 08:29:07+00:00,0.715
2025-12-26 08:30:07+00:00,0.715
2025-12-26 08:31:07+00:00,0.715
2025-12-26 08:32:07+00:00,0.715
2025-12-26 08:33:07+00:00,0.715
2025-12-26 08:34:07+00:00,0.715
2025-12-26 08:35:07+00:00,0.715
2025-12-26 08:36:07+00:00,0.715
2025-12-26 08:37:07+00:00,0.715
2025-12-26 08:38:07+00:00,0.715
2025-12-26 08:39:07+00:00,0.715
2025-12-26 08:40:07+00:00,0.715
2025-12-26 08:41:07+00:00,0.715
2025-12-26 08:42:06+00:00,0.715
2025-12-26 08:43:07+00:00,0.715
2025-12-26 08:44:07+00:00,0.715
2025-12-26 08:45:07+00:00,0.715
2025-12-26 08:46:07+00:00,0.715
2025-12-26 08:47:07+00:00,0.715
2025-12-26 08:48:08+00:00,0.715
2025-12-26 08:49:07+00:00,0.715
2025-12-26 08:50:08+00:00,0.715
2025-12-26 08:51:09+00:00,0.715
2025-12-26 08:52:07+00:00,0.715
2025-12-26 08:53:07+00:00,0.715
2025-12-26 08:54:07+00:00,0.715
2025-12-26 08:55:07+00:00,0.715
2025-12-26 08:56:07+00:00,0.715
2025-12-26 08:57:07+00:00,0.715
2025-12-26 08:58:07+00:00,0.715
2025-12-26 08:59:07+00:00,0.715
2025-12-26 09:00:08+00:00,0.715
2025-12-26 09:01:07+00:00,0.715
2025-12-26 09:02:07+00:00,0.715
2025-12-26 09:03:07+00:00,0.715
2025-12-26 09:04:07+00:00,0.715
2025-12-26 09:05:19+00:00,0.715
2025-12-26 09:06:06+00:00,0.715
2025-12-26 09:07:07+00:00,0.715
2025-12-26 09:08:07+00:00,0.715
2025-12-26 09:09:07+00:00,0.715
2025-12-26 09:10:07+00:00,0.715
2025-12-26 09:11:07+00:00,0.715
2025-12-26 09:12:06+00:00,0.715
2025-12-26 09:13:07+00:00,0.715
2025-12-26 09:14:06+00:00,0.715
2025-12-26 09:15:07+00:00,0.715
2025-12-26 09:16:07+00:00,0.715
2025-12-26 09:17:09+00:00,0.715
2025-12-26 09:18:07+00:00,0.715
2025-12-26 09:19:07+00:00,0.715
2025-12-26 09:20:08+00:00,0.715
2025-12-26 09:21:07+00:00,0.715
2025-12-26 09:22:07+00:00,0.715
2025-12-26 09:23:07+00:00,0.715
2025-12-26 09:24:07+00:00,0.715
2025-12-26 09:25:07+00:00,0.715
2025-12-26 09:26:07+00:00,0.715
2025-12-26 09:27:07+00:00,0.715
2025-12-26 09:28:07+00:00,0.715
2025-12-26 09:29:07+00:00,0.715
2025-12-26 09:30:07+00:00,0.715
2025-12-26 09:31:07+00:00,0.715
2025-12-26 09:32:06+00:00,0.715
2025-12-26 09:33:07+00:00,0.715
2025-12-26 09:34:07+00:00,0.715
2025-12-26 09:35:07+00:00,0.715
2025-12-26 09:36:07+00:00,0.715
2025-12-26 09:37:07+00:00,0.715
2025-12-26 09:38:07+00:00,0.715
2025-12-26 09:39:07+00:00,0.715
2025-12-26 09:40:08+00:00,0.715
2025-12-26 09:41:06+00:00,0.715
2025-12-26 09:42:08+00:00,0.715
2025-12-26 09:43:10+00:00,0.715
2025-12-26 09:44:07+00:00,0.715
2025-12-26 09:45:07+00:00,0.715
2025-12-26 09:46:07+00:00,0.715
2025-12-26 09:47:06+00:00,0.715
2025-12-26 09:48:06+00:00,0.715
2025-12-26 09:49:07+00:00,0.715
2025-12-26 09:50:07+00:00,0.715
2025-12-26 09:51:07+00:00,0.715
2025-12-26 09:52:07+00:00,0.715
2025-12-26 09:53:07+00:00,0.715
2025-12-26 09:54:07+00:00,0.715
2025-12-26 09:55:07+00:00,0.715
2025-12-26 09:56:07+00:00,0.715
2025-12-26 09:57:07+00:00,0.715
2025-12-26 09:58:07+00:00,0.715
2025-12-26 09:59:07+00:00,0.715
2025-12-26 10:00:08+00:00,0.715
2025-12-26 10:01:07+00:00,0.715
2025-12-26 10:02:07+00:00,0.715
2025-12-26 10:03:07+00:00,0.715
2025-12-26 10:04:07+00:00,0.715
2025-12-26 10:05:07+00:00,0.715
2025-12-26 10:06:07+00:00,0.715
2025-12-26 10:07:07+00:00,0.715
2025-12-26 10:08:07+00:00,0.715
2025-12-26 10:09:08+00:00,0.715
2025-12-26 10:10:08+00:00,0.715
2025-12-26 10:11:07+00:00,0.715
2025-12-26 10:12:07+00:00,0.715
2025-12-26 10:13:07+00:00,0.715
2025-12-26 10:14:07+00:00,0.715
2025-12-26 10:15:08+00:00,0.715
2025-12-26 10:16:07+00:00,0.715
2025-12-26 10:17:07+00:00,0.715
2025-12-26 10:18:06+00:00,0.715
2025-12-26 10:19:07+00:00,0.715
2025-12-26 10:20:07+00:00,0.715
2025-12-26 10:21:07+00:00,0.715
2025-12-26 10:22:09+00:00,0.715
2025-12-26 10:23:07+00:00,0.715
2025-12-26 10:24:07+00:00,0.715
2025-12-26 10:25:07+00:00,0.715
2025-12-26 10:26:08+00:00,0.715
2025-12-26 10:27:07+00:00,0.715
2025-12-26 10:28:07+00:00,0.715
2025-12-26 10:29:07+00:00,0.715
2025-12-26 10:30:08+00:00,0.715
2025-12-26 10:31:07+00:00,0.715
2025-12-26 10:32:07+00:00,0.715
2025-12-26 10:33:07+00:00,0.715
2025-12-26 10:34:07+00:00,0.715
2025-12-26 10:35:08+00:00,0.715
2025-12-26 10:36:07+00:00,0.715
2025-12-26 10:37:07+00:00,0.715
2025-12-26 10:38:07+00:00,0.715
2025-12-26 10:39:06+00:00,0.715
2025-12-26 10:40:07+00:00,0.715
2025-12-26 10:41:07+00:00,0.715
2025-12-26 10:42:07+00:00,0.715
2025-12-26 10:43:09+00:00,0.715
2025-12-26 10:44:07+00:00,0.715
2025-12-26 10:45:08+00:00,0.715
2025-12-26 10:46:07+00:00,0.715
2025-12-26 10:47:07+00:00,0.715
2025-12-26 10:48:07+00:00,0.715
2025-12-26 10:49:07+00:00,0.715
2025-12-26 10:50:07+00:00,0.715
2025-12-26 10:51:07+00:00,0.715
2025-12-26 10:52:07+00:00,0.715
2025-12-26 10:53:07+00:00,0.715
2025-12-26 10:54:08+00:00,0.715
2025-12-26 10:55:07+00:00,0.715
2025-12-26 10:56:07+00:00,0.715
2025-12-26 10:57:07+00:00,0.715
2025-12-26 10:58:07+00:00,0.715
2025-12-26 10:59:06+00:00,0.715
2025-12-26 11:00:08+00:00,0.715
2025-12-26 11:01:07+00:00,0.715
2025-12-26 11:02:07+00:00,0.715
2025-12-26 11:03:07+00:00,0.715
2025-12-26 11:04:07+00:00,0.715
2025-12-26 11:05:07+00:00,0.715
2025-12-26 11:06:07+00:00,0.715
2025-12-26 11:07:07+00:00,0.715
2025-12-26 11:08:07+00:00,0.715
2025-12-26 11:09:08+00:00,0.715
2025-12-26 11:10:07+00:00,0.715
2025-12-26 11:11:07+00:00,0.715
2025-12-26 11:12:07+00:00,0.715
2025-12-26 11:13:07+00:00,0.715
2025-12-26 11:14:06+00:00,0.715
2025-12-26 11:15:07+00:00,0.715
2025-12-26 11:16:07+00:00,0.715
2025-12-26 11:17:07+00:00,0.715
2025-12-26 11:18:07+00:00,0.715
2025-12-26 11:19:07+00:00,0.715
2025-12-26 11:20:07+00:00,0.715
2025-12-26 11:21:07+00:00,0.715
2025-12-26 11:22:07+00:00,0.715
2025-12-26 11:23:07+00:00,0.715
2025-12-26 11:24:07+00:00,0.715
2025-12-26 11:25:07+00:00,0.715
2025-12-26 11:26:08+00:00,0.715
2025-12-26 11:27:07+00:00,0.715
2025-12-26 11:28:07+00:00,0.715
2025-12-26 11:29:07+00:00,0.715
2025-12-26 11:30:08+00:00,0.715
2025-12-26 11:31:07+00:00,0.715
2025-12-26 11:32:10+00:00,0.715
2025-12-26 11:33:07+00:00,0.715
2025-12-26 11:34:07+00:00,0.715
2025-12-26 11:35:08+00:00,0.715
2025-12-26 11:36:07+00:00,0.715
2025-12-26 11:37:07+00:00,0.715
2025-12-26 11:38:06+00:00,0.715
2025-12-26 11:39:07+00:00,0.715
2025-12-26 11:40:07+00:00,0.715
2025-12-26 11:41:06+00:00,0.715
2025-12-26 11:42:07+00:00,0.715
2025-12-26 11:43:07+00:00,0.715
2025-12-26 11:44:07+00:00,0.715
2025-12-26 11:45:07+00:00,0.715
2025-12-26 11:46:07+00:00,0.715
2025-12-26 11:47:07+00:00,0.715
2025-12-26 11:48:07+00:00,0.715
2025-12-26 11:49:07+00:00,0.715
2025-12-26 11:50:08+00:00,0.715
2025-12-26 11:51:07+00:00,0.715
2025-12-26 11:52:07+00:00,0.715
2025-12-26 11:53:07+00:00,0.715
2025-12-26 11:54:08+00:00,0.715
2025-12-26 11:55:08+00:00,0.715
2025-12-26 11:56:07+00:00,0.715
2025-12-26 11:57:07+00:00,0.715
2025-12-26 11:58:10+00:00,0.715
2025-12-26 11:59:07+00:00,0.715
2025-12-26 12:00:09+00:00,0.715
2025-12-26 12:01:07+00:00,0.715
2025-12-26 12:02:07+00:00,0.715
2025-12-26 12:03:07+00:00,0.715
2025-12-26 12:04:08+00:00,0.715
2025-12-26 12:05:07+00:00,0.715
2025-12-26 12:06:07+00:00,0.715
2025-12-26 12:07:07+00:00,0.715
2025-12-26 12:08:08+00:00,0.715
2025-12-26 12:09:07+00:00,0.715
2025-12-26 12:10:07+00:00,0.715
2025-12-26 12:11:07+00:00,0.715
2025-12-26 12:12:07+00:00,0.715
2025-12-26 12:13:06+00:00,0.715
2025-12-26 12:14:07+00:00,0.715
2025-12-26 12:15:07+00:00,0.715
2025-12-26 12:16:07+00:00,0.715
2025-12-26 12:17:07+00:00,0.715
2025-12-26 12:18:08+00:00,0.715
2025-12-26 12:19:07+00:00,0.715
2025-12-26 12:20:07+00:00,0.715
2025-12-26 12:21:06+00:00,0.715
2025-12-26 12:22:07+00:00,0.715
2025-12-26 12:23:07+00:00,0.715
2025-12-26 12:24:10+00:00,0.715
2025-12-26 12:25:08+00:00,0.715
2025-12-26 12:26:07+00:00,0.715
2025-12-26 12:27:07+00:00,0.715
2025-12-26 12:28:07+00:00,0.715
2025-12-26 12:29:07+00:00,0.715
2025-12-26 12:30:08+00:00,0.715
2025-12-26 12:31:07+00:00,0.715
2025-12-26 12:32:07+00:00,0.715
2025-12-26 12:33:07+00:00,0.715
2025-12-26 12:34:07+00:00,0.715
2025-12-26 12:35:07+00:00,0.715
2025-12-26 12:36:07+00:00,0.715
2025-12-26 12:37:07+00:00,0.715
2025-12-26 12:38:07+00:00,0.715
2025-12-26 12:39:07+00:00,0.715
2025-12-26 12:40:08+00:00,0.715
2025-12-26 12:41:07+00:00,0.715
2025-12-26 12:42:07+00:00,0.715
2025-12-26 12:43:07+00:00,0.715
2025-12-26 12:44:07+00:00,0.715
2025-12-26 12:45:07+00:00,0.715
2025-12-26 12:46:07+00:00,0.715
2025-12-26 12:47:07+00:00,0.715
2025-12-26 12:48:07+00:00,0.715
2025-12-26 12:49:07+00:00,0.715
2025-12-26 12:50:10+00:00,0.715
2025-12-26 12:51:07+00:00,0.715
2025-12-26 12:52:07+00:00,0.715
2025-12-26 12:53:07+00:00,0.715
2025-12-26 12:54:07+00:00,0.715
2025-12-26 12:55:07+00:00,0.715
2025-12-26 12:56:07+00:00,0.715
2025-12-26 12:57:07+00:00,0.715
2025-12-26 12:58:07+00:00,0.715
2025-12-26 12:59:06+00:00,0.715
2025-12-26 13:00:08+00:00,0.715
2025-12-26 13:01:07+00:00,0.715
2025-12-26 13:02:07+00:00,0.715
2025-12-26 13:03:08+00:00,0.715
2025-12-26 13:04:08+00:00,0.715
2025-12-26 13:05:08+00:00,0.715
2025-12-26 13:06:07+00:00,0.715
2025-12-26 13:07:07+00:00,0.715
2025-12-26 13:08:07+00:00,0.715
2025-12-26 13:09:06+00:00,0.715
2025-12-26 13:10:07+00:00,0.715
2025-12-26 13:11:07+00:00,0.715
2025-12-26 13:12:07+00:00,0.715
2025-12-26 13:13:06+00:00,0.715
2025-12-26 13:14:07+00:00,0.715
2025-12-26 13:15:08+00:00,0.715
2025-12-26 13:16:08+00:00,0.715
2025-12-26 13:17:07+00:00,0.715
2025-12-26 13:18:07+00:00,0.715
2025-12-26 13:19:07+00:00,0.715
2025-12-26 13:20:07+00:00,0.715
2025-12-26 13:21:07+00:00,0.715
2025-12-26 13:22:07+00:00,0.715
2025-12-26 13:23:07+00:00,0.715
2025-12-26 13:24:07+00:00,0.715
2025-12-26 13:25:07+00:00,0.715
2025-12-26 13:26:07+00:00,0.715
2025-12-26 13:27:07+00:00,0.715
2025-12-26 13:28:07+00:00,0.715
2025-12-26 13:29:07+00:00,0.715
2025-12-26 13:30:11+00:00,0.715
2025-12-26 13:31:07+00:00,0.715
2025-12-26 13:32:07+00:00,0.715
2025-12-26 13:33:07+00:00,0.715
2025-12-26 13:34:07+00:00,0.715
2025-12-26 13:35:07+00:00,0.715
2025-12-26 13:36:07+00:00,0.715
2025-12-26 13:37:07+00:00,0.715
2025-12-26 13:38:07+00:00,0.715
2025-12-26 13:39:07+00:00,0.715
2025-12-26 13:40:07+00:00,0.715
2025-12-26 13:41:07+00:00,0.715
2025-12-26 13:42:07+00:00,0.715
2025-12-26 13:43:07+00:00,0.715
2025-12-26 13:44:07+00:00,0.715
2025-12-26 13:45:07+00:00,0.715
2025-12-26 13:46:07+00:00,0.715
2025-12-26 13:47:07+00:00,0.715
2025-12-26 13:48:07+00:00,0.715
2025-12-26 13:49:07+00:00,0.715
2025-12-26 13:50:07+00:00,0.715
2025-12-26 13:51:07+00:00,0.715
2025-12-26 13:52:06+00:00,0.715
2025-12-26 13:53:10+00:00,0.715
2025-12-26 13:54:07+00:00,0.715
2025-12-26 13:55:07+00:00,0.715
2025-12-26 13:56:07+00:00,0.715
2025-12-26 13:57:22+00:00,0.715
2025-12-26 13:58:07+00:00,0.715
2025-12-26 13:59:07+00:00,0.715
2025-12-26 14:00:08+00:00,0.715
2025-12-26 14:01:08+00:00,0.715
2025-12-26 14:02:07+00:00,0.715
2025-12-26 14:03:07+00:00,0.715
2025-12-26 14:04:07+00:00,0.715
2025-12-26 14:05:08+00:00,0.715
2025-12-26 14:06:07+00:00,0.715
2025-12-26 14:07:07+00:00,0.715
2025-12-26 14:08:07+00:00,0.715
2025-12-26 14:09:07+00:00,0.715
2025-12-26 14:10:07+00:00,0.715
2025-12-26 14:11:07+00:00,0.715
2025-12-26 14:12:07+00:00,0.715
2025-12-26 14:13:07+00:00,0.715
2025-12-26 14:14:07+00:00,0.715
2025-12-26 14:15:07+00:00,0.715
2025-12-26 14:16:07+00:00,0.715
2025-12-26 14:17:07+00:00,0.715
2025-12-26 14:18:08+00:00,0.715
2025-12-26 14:19:10+00:00,0.715
2025-12-26 14:20:19+00:00,0.715
2025-12-26 14:21:07+00:00,0.715
2025-12-26 14:22:07+00:00,0.715
2025-12-26 14:23:07+00:00,0.715
2025-12-26 14:24:07+00:00,0.715
2025-12-26 14:25:07+00:00,0.715
2025-12-26 14:26:07+00:00,0.715
2025-12-26 14:27:07+00:00,0.715
2025-12-26 14:28:07+00:00,0.715
2025-12-26 14:29:07+00:00,0.715
2025-12-26 14:30:08+00:00,0.715
2025-12-26 14:31:07+00:00,0.715
2025-12-26 14:32:08+00:00,0.715
2025-12-26 14:33:08+00:00,0.715
2025-12-26 14:34:08+00:00,0.715
2025-12-26 14:35:07+00:00,0.715
2025-12-26 14:36:08+00:00,0.715
2025-12-26 14:37:07+00:00,0.715
2025-12-26 14:38:08+00:00,0.715
2025-12-26 14:39:07+00:00,0.715
2025-12-26 14:40:07+00:00,0.715
2025-12-26 14:41:07+00:00,0.715
2025-12-26 14:42:07+00:00,0.715
2025-12-26 14:43:07+00:00,0.715
2025-12-26 14:44:07+00:00,0.715
2025-12-26 14:45:10+00:00,0.715
2025-12-26 14:46:07+00:00,0.715
2025-12-26 14:47:07+00:00,0.715
2025-12-26 14:48:07+00:00,0.715
2025-12-26 14:49:08+00:00,0.715
2025-12-26 14:50:07+00:00,0.715
2025-12-26 14:51:07+00:00,0.715
2025-12-26 14:52:08+00:00,0.715
2025-12-26 14:53:07+00:00,0.715
2025-12-26 14:54:07+00:00,0.715
2025-12-26 14:55:07+00:00,0.715
2025-12-26 14:56:07+00:00,0.715
2025-12-26 14:57:07+00:00,0.715
2025-12-26 14:58:07+00:00,0.715
2025-12-26 14:59:07+00:00,0.715
2025-12-26 15:00:09+00:00,0.715
2025-12-26 15:01:07+00:00,0.715
2025-12-26 15:02:08+00:00,0.715
2025-12-26 15:03:08+00:00,0.715
2025-12-26 15:04:07+00:00,0.715
2025-12-26 15:05:08+00:00,0.715
2025-12-26 15:06:08+00:00,0.715
2025-12-26 15:07:07+00:00,0.715
2025-12-26 15:08:07+00:00,0.715
2025-12-26 15:09:07+00:00,0.715
2025-12-26 15:10:08+00:00,0.715
2025-12-26 15:11:09+00:00,0.715
2025-12-26 15:12:07+00:00,0.715
2025-12-26 15:13:07+00:00,0.715
2025-12-26 15:14:07+00:00,0.715
2025-12-26 15:15:08+00:00,0.715
2025-12-26 15:16:08+00:00,0.715
2025-12-26 15:17:07+00:00,0.715
2025-12-26 15:18:07+00:00,0.715
2025-12-26 15:19:07+00:00,0.715
2025-12-26 15:20:07+00:00,0.715
2025-12-26 15:21:07+00:00,0.715
2025-12-26 15:22:07+00:00,0.715
2025-12-26 15:23:07+00:00,0.715
2025-12-26 15:24:07+00:00,0.715
2025-12-26 15:25:08+00:00,0.715
2025-12-26 15:26:08+00:00,0.715
2025-12-26 15:27:07+00:00,0.715
2025-12-26 15:28:07+00:00,0.715
2025-12-26 15:29:07+00:00,0.715
2025-12-26 15:30:07+00:00,0.715
2025-12-26 15:31:08+00:00,0.715
2025-12-26 15:32:07+00:00,0.715
2025-12-26 15:33:07+00:00,0.715
2025-12-26 15:34:07+00:00,0.715
2025-12-26 15:35:07+00:00,0.715
2025-12-26 15:36:08+00:00,0.715
2025-12-26 15:37:09+00:00,0.715
2025-12-26 15:38:08+00:00,0.715
2025-12-26 15:39:07+00:00,0.715
2025-12-26 15:40:08+00:00,0.715
2025-12-26 15:41:07+00:00,0.715
2025-12-26 15:42:07+00:00,0.715
2025-12-26 15:43:07+00:00,0.715
2025-12-26 15:44:07+00:00,0.715
2025-12-26 15:45:08+00:00,0.715
2025-12-26 15:46:08+00:00,0.715
2025-12-26 15:47:08+00:00,0.715
2025-12-26 15:48:07+00:00,0.715
2025-12-26 15:49:08+00:00,0.715
2025-12-26 15:50:08+00:00,0.715
2025-12-26 15:51:07+00:00,0.715
2025-12-26 15:52:07+00:00,0.715
2025-12-26 15:53:07+00:00,0.715
2025-12-26 15:54:07+00:00,0.715
2025-12-26 15:55:08+00:00,0.715
2025-12-26 15:56:07+00:00,0.715
2025-12-26 15:57:07+00:00,0.715
2025-12-26 15:58:07+00:00,0.715
2025-12-26 15:59:08+00:00,0.715
2025-12-26 16:00:08+00:00,0.715
2025-12-26 16:01:08+00:00,0.715
2025-12-26 16:02:07+00:00,0.715
2025-12-26 16:03:11+00:00,0.715
2025-12-26 16:04:07+00:00,0.715
2025-12-26 16:05:08+00:00,0.715
2025-12-26 16:06:07+00:00,0.715
2025-12-26 16:07:07+00:00,0.715
2025-12-26 16:08:07+00:00,0.715
2025-12-26 16:09:07+00:00,0.715
2025-12-26 16:10:08+00:00,0.715
2025-12-26 16:11:08+00:00,0.715
2025-12-26 16:12:08+00:00,0.715
2025-12-26 16:13:08+00:00,0.715
2025-12-26 16:14:07+00:00,0.715
2025-12-26 16:15:08+00:00,0.715
2025-12-26 16:16:10+00:00,0.715
2025-12-26 16:17:07+00:00,0.715
2025-12-26 16:18:07+00:00,0.715
2025-12-26 16:19:07+00:00,0.715
2025-12-26 16:20:09+00:00,0.715
2025-12-26 16:21:08+00:00,0.715
2025-12-26 16:22:08+00:00,0.715
2025-12-26 16:23:07+00:00,0.715
2025-12-26 16:24:07+00:00,0.715
2025-12-26 16:25:07+00:00,0.715
2025-12-26 16:26:07+00:00,0.715
2025-12-26 16:27:07+00:00,0.715
2025-12-26 16:28:07+00:00,0.715
2025-12-26 16:29:07+00:00,0.715
2025-12-26 16:30:08+00:00,0.715
2025-12-26 16:31:08+00:00,0.715
2025-12-26 16:32:08+00:00,0.715
2025-12-26 16:33:07+00:00,0.715
2025-12-26 16:34:07+00:00,0.715
2025-12-26 16:35:07+00:00,0.715
2025-12-26 16:36:08+00:00,0.715
2025-12-26 16:37:07+00:00,0.715
2025-12-26 16:38:07+00:00,0.715
2025-12-26 16:39:08+00:00,0.715
2025-12-26 16:40:07+00:00,0.715
2025-12-26 16:41:08+00:00,0.715
2025-12-26 16:42:09+00:00,0.715
2025-12-26 16:43:07+00:00,0.715
2025-12-26 16:44:07+00:00,0.715
2025-12-26 16:45:20+00:00,0.715
2025-12-26 16:46:19+00:00,0.715
2025-12-26 16:47:08+00:00,0.715
2025-12-26 16:48:07+00:00,0.715
2025-12-26 16:49:07+00:00,0.71
2025-12-26 16:50:08+00:00,0.71
2025-12-26 16:51:07+00:00,0.71
2025-12-26 16:52:07+00:00,0.71
2025-12-26 16:53:08+00:00,0.71
2025-12-26 16:54:08+00:00,0.71
2025-12-26 16:55:07+00:00,0.71
2025-12-26 16:56:08+00:00,0.71
2025-12-26 16:57:07+00:00,0.71
2025-12-26 16:58:07+00:00,0.71
2025-12-26 16:59:07+00:00,0.71
2025-12-26 17:00:10+00:00,0.71
2025-12-26 17:01:07+00:00,0.71
2025-12-26 17:02:07+00:00,0.71
2025-12-26 17:03:07+00:00,0.71
2025-12-26 17:04:08+00:00,0.71
2025-12-26 17:05:08+00:00,0.71
2025-12-26 17:06:07+00:00,0.71
2025-12-26 17:07:07+00:00,0.71
2025-12-26 17:08:09+00:00,0.71
2025-12-26 17:09:08+00:00,0.71
2025-12-26 17:10:08+00:00,0.71
2025-12-26 17:11:07+00:00,0.71
2025-12-26 17:12:07+00:00,0.71
2025-12-26 17:13:07+00:00,0.71
2025-12-26 17:14:07+00:00,0.71
2025-12-26 17:15:07+00:00,0.71
2025-12-26 17:16:08+00:00,0.71
2025-12-26 17:17:07+00:00,0.71
2025-12-26 17:18:08+00:00,0.71
2025-12-26 17:19:07+00:00,0.71
2025-12-26 17:20:08+00:00,0.71
2025-12-26 17:21:07+00:00,0.71
2025-12-26 17:22:08+00:00,0.71
2025-12-26 17:23:08+00:00,0.71
2025-12-26 17:24:09+00:00,0.71
2025-12-26 17:25:08+00:00,0.71
2025-12-26 17:26:07+00:00,0.71
2025-12-26 17:27:07+00:00,0.71
2025-12-26 17:28:07+00:00,0.71
2025-12-26 17:29:07+00:00,0.71
2025-12-26 17:30:08+00:00,0.71
2025-12-26 17:31:08+00:00,0.71
2025-12-26 17:32:08+00:00,0.71
2025-12-26 17:33:08+00:00,0.71
2025-12-26 17:34:07+00:00,0.71
2025-12-26 17:35:08+00:00,0.71
2025-12-26 17:36:08+00:00,0.71
2025-12-26 17:37:09+00:00,0.71
2025-12-26 17:38:08+00:00,0.71
2025-12-26 17:39:07+00:00,0.71
2025-12-26 17:40:07+00:00,0.71
2025-12-26 17:41:07+00:00,0.71
2025-12-26 17:42:07+00:00,0.71
2025-12-26 17:43:07+00:00,0.71
2025-12-26 17:44:07+00:00,0.71
2025-12-26 17:45:10+00:00,0.71
2025-12-26 17:46:07+00:00,0.71
2025-12-26 17:47:07+00:00,0.71
2025-12-26 17:48:08+00:00,0.71
2025-12-26 17:49:07+00:00,0.71
2025-12-26 17:50:07+00:00,0.71
2025-12-26 17:51:08+00:00,0.71
2025-12-26 17:52:08+00:00,0.71
2025-12-26 17:53:07+00:00,0.71
2025-12-26 17:54:07+00:00,0.71
2025-12-26 17:55:07+00:00,0.71
2025-12-26 17:56:07+00:00,0.71
2025-12-26 17:57:08+00:00,0.71
2025-12-26 17:58:07+00:00,0.71
2025-12-26 17:59:07+00:00,0.71
2025-12-26 18:00:08+00:00,0.71
2025-12-26 18:01:07+00:00,0.71
2025-12-26 18:02:07+00:00,0.71
2025-12-26 18:03:07+00:00,0.71
2025-12-26 18:04:08+00:00,0.71
2025-12-26 18:05:08+00:00,0.71
2025-12-26 18:06:08+00:00,0.71
2025-12-26 18:07:07+00:00,0.71
2025-12-26 18:08:07+00:00,0.71
2025-12-26 18:09:08+00:00,0.71
2025-12-26 18:10:26+00:00,0.71
2025-12-26 18:11:07+00:00,0.71
2025-12-26 18:12:07+00:00,0.71
2025-12-26 18:13:07+00:00,0.71
2025-12-26 18:14:07+00:00,0.71
2025-12-26 18:15:07+00:00,0.71
2025-12-26 18:16:07+00:00,0.71
2025-12-26 18:17:07+00:00,0.71
2025-12-26 18:18:07+00:00,0.71
2025-12-26 18:19:08+00:00,0.71
2025-12-26 18:20:08+00:00,0.71
2025-12-26 18:21:07+00:00,0.71
2025-12-26 18:22:08+00:00,0.71
2025-12-26 18:23:07+00:00,0.71
2025-12-26 18:24:08+00:00,0.71
2025-12-26 18:25:09+00:00,0.71
2025-12-26 18:26:07+00:00,0.71
2025-12-26 18:27:08+00:00,0.71
2025-12-26 18:28:07+00:00,0.71
2025-12-26 18:29:07+00:00,0.71
2025-12-26 18:30:08+00:00,0.705
2025-12-26 18:31:07+00:00,0.705
2025-12-26 18:32:07+00:00,0.705
2025-12-26 18:33:08+00:00,0.705
2025-12-26 18:34:07+00:00,0.705
2025-12-26 18:35:08+00:00,0.705
2025-12-26 18:36:08+00:00,0.705
2025-12-26 18:37:10+00:00,0.705
2025-12-26 18:38:07+00:00,0.705
2025-12-26 18:39:07+00:00,0.705
2025-12-26 18:40:08+00:00,0.71
2025-12-26 18:41:07+00:00,0.705
2025-12-26 18:42:07+00:00,0.705
2025-12-26 18:43:07+00:00,0.705
2025-12-26 18:44:07+00:00,0.705
2025-12-26 18:45:07+00:00,0.705
2025-12-26 18:46:08+00:00,0.705
2025-12-26 18:47:08+00:00,0.705
2025-12-26 18:48:08+00:00,0.705
2025-12-26 18:49:08+00:00,0.705
2025-12-26 18:50:08+00:00,0.705
2025-12-26 18:51:07+00:00,0.705
2025-12-26 18:52:07+00:00,0.705
2025-12-26 18:53:07+00:00,0.705
2025-12-26 18:54:08+00:00,0.705
2025-12-26 18:55:08+00:00,0.705
2025-12-26 18:56:08+00:00,0.705
2025-12-26 18:57:07+00:00,0.705
2025-12-26 18:58:07+00:00,0.705
2025-12-26 18:59:07+00:00,0.705
2025-12-26 19:00:08+00:00,0.705
2025-12-26 19:01:08+00:00,0.705
2025-12-26 19:02:08+00:00,0.705
2025-12-26 19:03:10+00:00,0.705
2025-12-26 19:04:07+00:00,0.705
2025-12-26 19:05:08+00:00,0.705
2025-12-26 19:06:07+00:00,0.705
2025-12-26 19:07:08+00:00,0.705
2025-12-26 19:08:08+00:00,0.705
2025-12-26 19:09:07+00:00,0.705
2025-12-26 19:10:08+00:00,0.705
2025-12-26 19:11:07+00:00,0.705
2025-12-26 19:12:07+00:00,0.705
2025-12-26 19:13:07+00:00,0.705
2025-12-26 19:14:08+00:00,0.705
2025-12-26 19:15:08+00:00,0.705
2025-12-26 19:16:07+00:00,0.705
2025-12-26 19:17:07+00:00,0.705
2025-12-26 19:18:07+00:00,0.705
2025-12-26 19:19:07+00:00,0.705
2025-12-26 19:20:08+00:00,0.705
2025-12-26 19:21:07+00:00,0.705
2025-12-26 19:22:07+00:00,0.705
2025-12-26 19:23:08+00:00,0.705
2025-12-26 19:24:07+00:00,0.705
2025-12-26 19:25:08+00:00,0.705
2025-12-26 19:26:08+00:00,0.705
2025-12-26 19:27:08+00:00,0.705
2025-12-26 19:28:07+00:00,0.705
2025-12-26 19:29:09+00:00,0.705
2025-12-26 19:30:10+00:00,0.705
2025-12-26 19:31:08+00:00,0.705
2025-12-26 19:32:07+00:00,0.705
2025-12-26 19:33:08+00:00,0.705
2025-12-26 19:34:07+00:00,0.705
2025-12-26 19:35:07+00:00,0.705
2025-12-26 19:36:07+00:00,0.705
2025-12-26 19:37:07+00:00,0.705
2025-12-26 19:38:07+00:00,0.705
2025-12-26 19:39:07+00:00,0.705
2025-12-26 19:40:07+00:00,0.705
2025-12-26 19:41:07+00:00,0.705
2025-12-26 19:42:07+00:00,0.705
2025-12-26 19:43:07+00:00,0.705
2025-12-26 19:44:07+00:00,0.705
2025-12-26 19:45:07+00:00,0.705
2025-12-26 19:46:08+00:00,0.705
2025-12-26 19:47:07+00:00,0.705
2025-12-26 19:48:08+00:00,0.705
2025-12-26 19:49:07+00:00,0.705
2025-12-26 19:50:07+00:00,0.705
2025-12-26 19:51:07+00:00,0.71
2025-12-26 19:52:07+00:00,0.71
2025-12-26 19:53:07+00:00,0.71
2025-12-26 19:54:08+00:00,0.71
2025-12-26 19:55:10+00:00,0.71
2025-12-26 19:56:07+00:00,0.71
2025-12-26 19:57:08+00:00,0.71
2025-12-26 19:58:07+00:00,0.71
2025-12-26 19:59:07+00:00,0.71
2025-12-26 20:00:08+00:00,0.71
2025-12-26 20:01:07+00:00,0.71
2025-12-26 20:02:07+00:00,0.71
2025-12-26 20:03:07+00:00,0.71
2025-12-26 20:04:09+00:00,0.71
2025-12-26 20:05:08+00:00,0.71
2025-12-26 20:06:07+00:00,0.71
2025-12-26 20:07:08+00:00,0.71
2025-12-26 20:08:08+00:00,0.71
2025-12-26 20:09:08+00:00,0.71
2025-12-26 20:10:07+00:00,0.71
2025-12-26 20:11:08+00:00,0.71
2025-12-26 20:12:07+00:00,0.71
2025-12-26 20:13:07+00:00,0.705
2025-12-26 20:14:07+00:00,0.705
2025-12-26 20:15:08+00:00,0.705
2025-12-26 20:16:08+00:00,0.705
2025-12-26 20:17:07+00:00,0.705
2025-12-26 20:18:07+00:00,0.705
2025-12-26 20:19:08+00:00,0.705
2025-12-26 20:20:08+00:00,0.705
2025-12-26 20:21:07+00:00,0.705
2025-12-26 20:22:08+00:00,0.705
2025-12-26 20:23:07+00:00,0.705
2025-12-26 20:24:07+00:00,0.705
2025-12-26 20:25:08+00:00,0.705
2025-12-26 20:26:07+00:00,0.705
2025-12-26 20:27:07+00:00,0.705
2025-12-26 20:28:08+00:00,0.705
2025-12-26 20:29:07+00:00,0.705
2025-12-26 20:30:11+00:00,0.705
2025-12-26 20:31:08+00:00,0.705
2025-12-26 20:32:07+00:00,0.705
2025-12-26 20:33:07+00:00,0.705
2025-12-26 20:34:19+00:00,0.705
2025-12-26 20:35:07+00:00,0.705
2025-12-26 20:36:08+00:00,0.705
2025-12-26 20:37:07+00:00,0.705
2025-12-26 20:38:07+00:00,0.705
2025-12-26 20:39:07+00:00,0.705
2025-12-26 20:40:08+00:00,0.705
2025-12-26 20:41:07+00:00,0.705
2025-12-26 20:42:07+00:00,0.705
2025-12-26 20:43:07+00:00,0.705
2025-12-26 20:44:07+00:00,0.705
2025-12-26 20:45:07+00:00,0.705
2025-12-26 20:46:08+00:00,0.705
2025-12-26 20:47:07+00:00,0.705
2025-12-26 20:48:08+00:00,0.705
2025-12-26 20:49:08+00:00,0.705
2025-12-26 20:50:08+00:00,0.705
2025-12-26 20:51:19+00:00,0.705
2025-12-26 20:52:07+00:00,0.705
2025-12-26 20:53:07+00:00,0.705
2025-12-26 20:54:07+00:00,0.705
2025-12-26 20:55:08+00:00,0.705
2025-12-26 20:56:10+00:00,0.705
2025-12-26 20:57:07+00:00,0.705
2025-12-26 20:58:07+00:00,0.705
2025-12-26 20:59:07+00:00,0.705
2025-12-26 21:00:09+00:00,0.705
2025-12-26 21:01:08+00:00,0.705
2025-12-26 21:02:08+00:00,0.705
2025-12-26 21:03:07+00:00,0.705
2025-12-26 21:04:07+00:00,0.705
2025-12-26 21:05:07+00:00,0.705
2025-12-26 21:06:07+00:00,0.705
2025-12-26 21:07:07+00:00,0.705
2025-12-26 21:08:07+00:00,0.705
2025-12-26 21:09:07+00:00,0.705
2025-12-26 21:10:07+00:00,0.705
2025-12-26 21:11:07+00:00,0.705
2025-12-26 21:12:07+00:00,0.705
2025-12-26 21:13:21+00:00,0.705
2025-12-26 21:14:07+00:00,0.705
2025-12-26 21:15:07+00:00,0.705
2025-12-26 21:16:07+00:00,0.705
2025-12-26 21:17:07+00:00,0.705
2025-12-26 21:18:07+00:00,0.705
2025-12-26 21:19:07+00:00,0.705
2025-12-26 21:20:08+00:00,0.705
2025-12-26 21:21:07+00:00,0.705
2025-12-26 21:22:10+00:00,0.705
2025-12-26 21:23:07+00:00,0.705
2025-12-26 21:24:07+00:00,0.705
2025-12-26 21:25:08+00:00,0.705
2025-12-26 21:26:08+00:00,0.705
2025-12-26 21:27:07+00:00,0.705
2025-12-26 21:28:07+00:00,0.705
2025-12-26 21:29:07+00:00,0.705
2025-12-26 21:30:08+00:00,0.705
2025-12-26 21:31:10+00:00,0.705
2025-12-26 21:32:07+00:00,0.705
2025-12-26 21:33:07+00:00,0.705
2025-12-26 21:34:07+00:00,0.705
2025-12-26 21:35:08+00:00,0.705
2025-12-26 21:36:08+00:00,0.705
2025-12-26 21:37:07+00:00,0.705
2025-12-26 21:38:07+00:00,0.705
2025-12-26 21:39:08+00:00,0.705
2025-12-26 21:40:07+00:00,0.705
2025-12-26 21:41:07+00:00,0.705
2025-12-26 21:42:07+00:00,0.705
2025-12-26 21:43:07+00:00,0.705
2025-12-26 21:44:07+00:00,0.705
2025-12-26 21:45:07+00:00,0.705
2025-12-26 21:46:07+00:00,0.705
2025-12-26 21:47:07+00:00,0.705
2025-12-26 21:48:11+00:00,0.705
2025-12-26 21:49:07+00:00,0.705
2025-12-26 21:50:08+00:00,0.705
2025-12-26 21:51:07+00:00,0.705
2025-12-26 21:52:09+00:00,0.705
2025-12-26 21:53:07+00:00,0.705
2025-12-26 21:54:07+00:00,0.705
2025-12-26 21:55:08+00:00,0.705
2025-12-26 21:56:07+00:00,0.705
2025-12-26 21:57:07+00:00,0.705
2025-12-26 21:58:07+00:00,0.705
2025-12-26 21:59:07+00:00,0.705
2025-12-26 22:00:08+00:00,0.705
2025-12-26 22:01:07+00:00,0.705
2025-12-26 22:02:08+00:00,0.705
2025-12-26 22:03:07+00:00,0.705
2025-12-26 22:04:07+00:00,0.705
2025-12-26 22:05:07+00:00,0.705
2025-12-26 22:06:07+00:00,0.705
2025-12-26 22:07:07+00:00,0.705
2025-12-26 22:08:07+00:00,0.705
2025-12-26 22:09:07+00:00,0.705
2025-12-26 22:10:08+00:00,0.705
2025-12-26 22:11:07+00:00,0.705
2025-12-26 22:12:08+00:00,0.705
2025-12-26 22:13:21+00:00,0.705
2025-12-26 22:14:07+00:00,0.705
2025-12-26 22:15:08+00:00,0.705
2025-12-26 22:16:07+00:00,0.705
2025-12-26 22:17:08+00:00,0.705
2025-12-26 22:18:07+00:00,0.705
2025-12-26 22:19:07+00:00,0.705
2025-12-26 22:20:08+00:00,0.705
2025-12-26 22:21:21+00:00,0.705
2025-12-26 22:22:07+00:00,0.705
2025-12-26 22:23:07+00:00,0.705
2025-12-26 22:24:08+00:00,0.705
2025-12-26 22:25:07+00:00,0.705
2025-12-26 22:26:08+00:00,0.705
2025-12-26 22:27:07+00:00,0.705
2025-12-26 22:28:08+00:00,0.705
2025-12-26 22:29:07+00:00,0.705
2025-12-26 22:30:08+00:00,0.705
2025-12-26 22:31:08+00:00,0.705
2025-12-26 22:32:07+00:00,0.705
2025-12-26 22:33:08+00:00,0.705
2025-12-26 22:34:08+00:00,0.705
2025-12-26 22:35:07+00:00,0.705
2025-12-26 22:36:07+00:00,0.705
2025-12-26 22:37:07+00:00,0.705
2025-12-26 22:38:07+00:00,0.705
2025-12-26 22:39:09+00:00,0.705
2025-12-26 22:40:08+00:00,0.705
2025-12-26 22:41:07+00:00,0.705
2025-12-26 22:42:07+00:00,0.705
2025-12-26 22:43:07+00:00,0.705
2025-12-26 22:44:08+00:00,0.705
2025-12-26 22:45:09+00:00,0.705
2025-12-26 22:46:07+00:00,0.705
2025-12-26 22:47:07+00:00,0.705
2025-12-26 22:48:07+00:00,0.705
2025-12-26 22:49:07+00:00,0.705
2025-12-26 22:50:07+00:00,0.705
2025-12-26 22:51:07+00:00,0.705
2025-12-26 22:52:08+00:00,0.705
2025-12-26 22:53:07+00:00,0.705
2025-12-26 22:54:07+00:00,0.705
2025-12-26 22:55:07+00:00,0.705
2025-12-26 22:56:08+00:00,0.705
2025-12-26 22:57:07+00:00,0.705
2025-12-26 22:58:07+00:00,0.705
2025-12-26 22:59:07+00:00,0.705
2025-12-26 23:00:08+00:00,0.705
2025-12-26 23:01:07+00:00,0.705
2025-12-26 23:02:07+00:00,0.705
2025-12-26 23:03:07+00:00,0.705
2025-12-26 23:04:07+00:00,0.705
2025-12-26 23:05:07+00:00,0.705
2025-12-26 23:06:08+00:00,0.705
2025-12-26 23:07:08+00:00,0.705
2025-12-26 23:08:07+00:00,0.705
2025-12-26 23:09:07+00:00,0.705
2025-12-26 23:10:08+00:00,0.705
2025-12-26 23:11:10+00:00,0.705
2025-12-26 23:12:07+00:00,0.705
2025-12-26 23:13:07+00:00,0.705
2025-12-26 23:14:07+00:00,0.705
2025-12-26 23:15:08+00:00,0.705
2025-12-26 23:16:07+00:00,0.705
2025-12-26 23:17:07+00:00,0.705
2025-12-26 23:18:07+00:00,0.705
2025-12-26 23:19:07+00:00,0.705
2025-12-26 23:20:08+00:00,0.705
2025-12-26 23:21:08+00:00,0.705
2025-12-26 23:22:07+00:00,0.705
2025-12-26 23:23:07+00:00,0.705
2025-12-26 23:24:08+00:00,0.705
2025-12-26 23:25:07+00:00,0.705
2025-12-26 23:26:08+00:00,0.705
2025-12-26 23:27:07+00:00,0.705
2025-12-26 23:28:07+00:00,0.705
2025-12-26 23:29:07+00:00,0.705
2025-12-26 23:30:08+00:00,0.705
2025-12-26 23:31:07+00:00,0.705
2025-12-26 23:32:07+00:00,0.705
2025-12-26 23:33:07+00:00,0.705
2025-12-26 23:34:08+00:00,0.705
2025-12-26 23:35:07+00:00,0.705
2025-12-26 23:36:08+00:00,0.705
2025-12-26 23:37:10+00:00,0.705
2025-12-26 23:38:08+00:00,0.705
2025-12-26 23:39:08+00:00,0.705
2025-12-26 23:40:08+00:00,0.705
2025-12-26 23:41:08+00:00,0.705
2025-12-26 23:42:08+00:00,0.705
2025-12-26 23:43:08+00:00,0.705
2025-12-26 23:44:07+00:00,0.705
2025-12-26 23:45:08+00:00,0.705
2025-12-26 23:46:08+00:00,0.705
2025-12-26 23:47:08+00:00,0.705
2025-12-26 23:48:08+00:00,0.705
2025-12-26 23:49:08+00:00,0.705
2025-12-26 23:50:08+00:00,0.705
2025-12-26 23:51:08+00:00,0.705
2025-12-26 23:52:08+00:00,0.705
2025-12-26 23:53:08+00:00,0.705
2025-12-26 23:54:08+00:00,0.705
2025-12-26 23:55:08+00:00,0.705
2025-12-26 23:56:08+00:00,0.705
2025-12-26 23:57:08+00:00,0.705
2025-12-26 23:58:08+00:00,0.705
2025-12-26 23:59:07+00:00,0.705
2025-12-27 00:00:11+00:00,0.705
2025-12-27 00:01:08+00:00,0.705
2025-12-27 00:02:07+00:00,0.705
2025-12-27 00:03:09+00:00,0.705
2025-12-27 00:04:08+00:00,0.705
2025-12-27 00:05:09+00:00,0.705
2025-12-27 00:06:08+00:00,0.705
2025-12-27 00:07:08+00:00,0.705
2025-12-27 00:08:08+00:00,0.705
2025-12-27 00:09:08+00:00,0.705
2025-12-27 00:10:08+00:00,0.705
2025-12-27 00:11:08+00:00,0.705
2025-12-27 00:12:08+00:00,0.705
2025-12-27 00:13:08+00:00,0.705
2025-12-27 00:14:09+00:00,0.705
2025-12-27 00:15:08+00:00,0.705
2025-12-27 00:16:08+00:00,0.705
2025-12-27 00:17:08+00:00,0.705
2025-12-27 00:18:09+00:00,0.705
2025-12-27 00:19:07+00:00,0.705
2025-12-27 00:20:11+00:00,0.705
2025-12-27 00:21:08+00:00,0.705
2025-12-27 00:22:08+00:00,0.705
2025-12-27 00:23:07+00:00,0.705
2025-12-27 00:24:08+00:00,0.705
2025-12-27 00:25:08+00:00,0.705
2025-12-27 00:26:08+00:00,0.705
2025-12-27 00:27:08+00:00,0.705
2025-12-27 00:28:07+00:00,0.705
2025-12-27 00:29:08+00:00,0.705
2025-12-27 00:30:09+00:00,0.705
2025-12-27 00:31:08+00:00,0.705
2025-12-27 00:32:08+00:00,0.705
2025-12-27 00:33:08+00:00,0.705
2025-12-27 00:34:08+00:00,0.705
2025-12-27 00:35:08+00:00,0.705
2025-12-27 00:36:08+00:00,0.705
2025-12-27 00:37:08+00:00,0.705
2025-12-27 00:38:08+00:00,0.705
2025-12-27 00:39:08+00:00,0.705
2025-12-27 00:40:08+00:00,0.705
2025-12-27 00:41:08+00:00,0.705
2025-12-27 00:42:08+00:00,0.705
2025-12-27 00:43:08+00:00,0.705
2025-12-27 00:44:08+00:00,0.705
2025-12-27 00:45:08+00:00,0.705
2025-12-27 00:46:10+00:00,0.705
2025-12-27 00:47:07+00:00,0.705
2025-12-27 00:48:08+00:00,0.705
2025-12-27 00:49:08+00:00,0.705
2025-12-27 00:50:08+00:00,0.705
2025-12-27 00:51:08+00:00,0.705
2025-12-27 00:52:08+00:00,0.705
2025-12-27 00:53:08+00:00,0.705
2025-12-27 00:54:08+00:00,0.705
2025-12-27 00:55:08+00:00,0.705
2025-12-27 00:56:08+00:00,0.705
2025-12-27 00:57:08+00:00,0.705
2025-12-27 00:58:08+00:00,0.705
2025-12-27 00:59:08+00:00,0.705
2025-12-27 01:00:09+00:00,0.705
2025-12-27 01:01:08+00:00,0.69
2025-12-27 01:02:09+00:00,0.705
2025-12-27 01:03:08+00:00,0.705
2025-12-27 01:04:08+00:00,0.705
2025-12-27 01:05:08+00:00,0.705
2025-12-27 01:06:08+00:00,0.705
2025-12-27 01:07:08+00:00,0.705
2025-12-27 01:08:08+00:00,0.705
2025-12-27 01:09:09+00:00,0.705
2025-12-27 01:10:09+00:00,0.705
2025-12-27 01:11:08+00:00,0.705
2025-12-27 01:12:07+00:00,0.705
2025-12-27 01:13:07+00:00,0.705
2025-12-27 01:14:07+00:00,0.705
2025-12-27 01:16:04+00:00,0.705
2025-12-27 01:16:18+00:00,0.705
2025-12-27 01:17:07+00:00,0.705
2025-12-27 01:18:09+00:00,0.705
2025-12-27 01:19:07+00:00,0.705
2025-12-27 01:20:08+00:00,0.705
2025-12-27 01:21:08+00:00,0.705
2025-12-27 01:22:08+00:00,0.705
2025-12-27 01:23:08+00:00,0.705
2025-12-27 01:24:07+00:00,0.705
2025-12-27 01:25:09+00:00,0.705
2025-12-27 01:26:21+00:00,0.705
2025-12-27 01:27:08+00:00,0.705
2025-12-27 01:28:08+00:00,0.705
2025-12-27 01:29:07+00:00,0.705
2025-12-27 01:30:08+00:00,0.705
2025-12-27 01:31:08+00:00,0.705
2025-12-27 01:32:08+00:00,0.705
2025-12-27 01:33:08+00:00,0.705
2025-12-27 01:34:07+00:00,0.705
2025-12-27 01:35:10+00:00,0.705
2025-12-27 01:36:07+00:00,0.705
2025-12-27 01:37:07+00:00,0.705
2025-12-27 01:38:08+00:00,0.705
2025-12-27 01:39:08+00:00,0.705
2025-12-27 01:40:08+00:00,0.705
2025-12-27 01:41:07+00:00,0.705
2025-12-27 01:42:08+00:00,0.705
2025-12-27 01:43:07+00:00,0.705
2025-12-27 01:44:08+00:00,0.705
2025-12-27 01:45:09+00:00,0.705
2025-12-27 01:46:08+00:00,0.705
2025-12-27 01:47:08+00:00,0.705
2025-12-27 01:48:08+00:00,0.705
2025-12-27 01:49:08+00:00,0.705
2025-12-27 01:50:08+00:00,0.705
2025-12-27 01:51:08+00:00,0.705
2025-12-27 01:52:08+00:00,0.705
2025-12-27 01:53:08+00:00,0.705
2025-12-27 01:54:07+00:00,0.705
2025-12-27 01:55:09+00:00,0.705
2025-12-27 01:56:09+00:00,0.705
2025-12-27 01:57:08+00:00,0.705
2025-12-27 01:58:07+00:00,0.705
2025-12-27 01:59:07+00:00,0.705
2025-12-27 02:00:08+00:00,0.705
2025-12-27 02:01:10+00:00,0.705
2025-12-27 02:02:08+00:00,0.705
2025-12-27 02:03:08+00:00,0.705
2025-12-27 02:04:07+00:00,0.705
2025-12-27 02:05:08+00:00,0.705
2025-12-27 02:06:07+00:00,0.705
2025-12-27 02:07:08+00:00,0.705
2025-12-27 02:08:08+00:00,0.705
2025-12-27 02:09:07+00:00,0.705
2025-12-27 02:10:07+00:00,0.705
2025-12-27 02:11:08+00:00,0.705
2025-12-27 02:12:08+00:00,0.705
2025-12-27 02:13:08+00:00,0.705
2025-12-27 02:14:07+00:00,0.705
2025-12-27 02:15:08+00:00,0.705
2025-12-27 02:16:08+00:00,0.705
2025-12-27 02:17:07+00:00,0.705
2025-12-27 02:18:07+00:00,0.705
2025-12-27 02:19:07+00:00,0.705
2025-12-27 02:20:08+00:00,0.705
2025-12-27 02:21:08+00:00,0.705
2025-12-27 02:22:18+00:00,0.705
2025-12-27 02:23:08+00:00,0.705
2025-12-27 02:24:08+00:00,0.705
2025-12-27 02:25:08+00:00,0.705
2025-12-27 02:26:07+00:00,0.705
2025-12-27 02:27:10+00:00,0.705
2025-12-27 02:28:09+00:00,0.705
2025-12-27 02:29:07+00:00,0.705
2025-12-27 02:30:08+00:00,0.705
2025-12-27 02:31:08+00:00,0.705
2025-12-27 02:32:08+00:00,0.705
2025-12-27 02:33:08+00:00,0.705
2025-12-27 02:34:07+00:00,0.705
2025-12-27 02:35:08+00:00,0.705
2025-12-27 02:36:07+00:00,0.705
2025-12-27 02:37:07+00:00,0.705
2025-12-27 02:38:07+00:00,0.705
2025-12-27 02:39:07+00:00,0.705
2025-12-27 02:40:08+00:00,0.705
2025-12-27 02:41:09+00:00,0.705
2025-12-27 02:42:07+00:00,0.705
2025-12-27 02:43:07+00:00,0.705
2025-12-27 02:44:08+00:00,0.705
2025-12-27 02:45:08+00:00,0.705
2025-12-27 02:46:07+00:00,0.705
2025-12-27 02:47:08+00:00,0.705
2025-12-27 02:48:08+00:00,0.705
2025-12-27 02:49:08+00:00,0.705
2025-12-27 02:50:09+00:00,0.705
2025-12-27 02:51:08+00:00,0.705
2025-12-27 02:52:08+00:00,0.705
2025-12-27 02:53:08+00:00,0.705
2025-12-27 02:54:08+00:00,0.705
2025-12-27 02:55:08+00:00,0.705
2025-12-27 02:56:07+00:00,0.705
2025-12-27 02:57:08+00:00,0.705
2025-12-27 02:58:07+00:00,0.705
2025-12-27 02:59:07+00:00,0.705
2025-12-27 03:00:10+00:00,0.705
2025-12-27 03:01:08+00:00,0.705
2025-12-27 03:02:08+00:00,0.705
2025-12-27 03:03:08+00:00,0.705
2025-12-27 03:04:08+00:00,0.705
2025-12-27 03:05:08+00:00,0.705
2025-12-27 03:06:08+00:00,0.705
2025-12-27 03:07:10+00:00,0.705
2025-12-27 03:08:07+00:00,0.705
2025-12-27 03:09:07+00:00,0.705
2025-12-27 03:10:08+00:00,0.705
2025-12-27 03:11:07+00:00,0.705
2025-12-27 03:12:07+00:00,0.705
2025-12-27 03:13:08+00:00,0.705
2025-12-27 03:14:08+00:00,0.705
2025-12-27 03:15:08+00:00,0.705
2025-12-27 03:16:08+00:00,0.705
2025-12-27 03:17:08+00:00,0.705
2025-12-27 03:18:08+00:00,0.705
2025-12-27 03:19:07+00:00,0.705
2025-12-27 03:20:08+00:00,0.705
2025-12-27 03:21:08+00:00,0.705
2025-12-27 03:22:08+00:00,0.705
2025-12-27 03:23:08+00:00,0.705
2025-12-27 03:24:07+00:00,0.705
2025-12-27 03:25:08+00:00,0.705
2025-12-27 03:26:08+00:00,0.705
2025-12-27 03:27:07+00:00,0.705
2025-12-27 03:28:07+00:00,0.705
2025-12-27 03:29:07+00:00,0.705
2025-12-27 03:30:09+00:00,0.705
2025-12-27 03:31:08+00:00,0.705
2025-12-27 03:32:08+00:00,0.705
2025-12-27 03:33:10+00:00,0.705
2025-12-27 03:34:08+00:00,0.705
2025-12-27 03:35:08+00:00,0.705
2025-12-27 03:36:08+00:00,0.705
2025-12-27 03:37:07+00:00,0.705
2025-12-27 03:38:07+00:00,0.705
2025-12-27 03:39:21+00:00,0.705
2025-12-27 03:40:08+00:00,0.705
2025-12-27 03:41:07+00:00,0.705
2025-12-27 03:42:08+00:00,0.705
2025-12-27 03:43:07+00:00,0.705
2025-12-27 03:44:07+00:00,0.705
2025-12-27 03:45:07+00:00,0.705
2025-12-27 03:46:07+00:00,0.705
2025-12-27 03:47:07+00:00,0.705
2025-12-27 03:48:08+00:00,0.705
2025-12-27 03:49:07+00:00,0.705
2025-12-27 03:50:08+00:00,0.705
2025-12-27 03:51:07+00:00,0.705
2025-12-27 03:52:07+00:00,0.705
2025-12-27 03:53:07+00:00,0.705
2025-12-27 03:54:07+00:00,0.705
2025-12-27 03:55:08+00:00,0.705
2025-12-27 03:56:07+00:00,0.705
2025-12-27 03:57:08+00:00,0.705
2025-12-27 03:58:07+00:00,0.705
2025-12-27 03:59:10+00:00,0.705
2025-12-27 04:00:09+00:00,0.705
2025-12-27 04:01:08+00:00,0.705
2025-12-27 04:02:09+00:00,0.705
2025-12-27 04:03:08+00:00,0.705
2025-12-27 04:04:07+00:00,0.705
2025-12-27 04:05:23+00:00,0.705
2025-12-27 04:06:07+00:00,0.705
2025-12-27 04:07:07+00:00,0.705
2025-12-27 04:08:07+00:00,0.705
2025-12-27 04:09:07+00:00,0.705
2025-12-27 04:10:08+00:00,0.705
2025-12-27 04:11:07+00:00,0.705
2025-12-27 04:12:07+00:00,0.705
2025-12-27 04:13:07+00:00,0.705
2025-12-27 04:14:19+00:00,0.705
2025-12-27 04:15:07+00:00,0.705
2025-12-27 04:16:07+00:00,0.705
2025-12-27 04:17:07+00:00,0.705
2025-12-27 04:20:24+00:00,0.705
2025-12-27 04:20:39+00:00,0.705
2025-12-27 04:21:08+00:00,0.705
2025-12-27 04:22:07+00:00,0.705
2025-12-27 04:24:10+00:00,0.705
2025-12-27 04:24:24+00:00,0.705
2025-12-27 04:25:07+00:00,0.705
2025-12-27 04:26:08+00:00,0.705
2025-12-27 04:27:09+00:00,0.705
2025-12-27 04:28:07+00:00,0.705
2025-12-27 04:29:07+00:00,0.705
2025-12-27 04:30:09+00:00,0.705
2025-12-27 04:31:07+00:00,0.705
2025-12-27 04:32:11+00:00,0.705
2025-12-27 04:33:08+00:00,0.705
2025-12-27 04:34:07+00:00,0.705
2025-12-27 04:35:08+00:00,0.705
2025-12-27 04:36:08+00:00,0.705
2025-12-27 04:37:07+00:00,0.705
2025-12-27 04:38:07+00:00,0.705
2025-12-27 04:39:08+00:00,0.705
2025-12-27 04:40:08+00:00,0.705
2025-12-27 04:41:08+00:00,0.705
2025-12-27 04:42:21+00:00,0.705
2025-12-27 04:43:07+00:00,0.705
2025-12-27 04:44:07+00:00,0.705
2025-12-27 04:45:07+00:00,0.705
2025-12-27 04:48:39+00:00,0.705
2025-12-27 04:48:53+00:00,0.705
2025-12-27 04:49:07+00:00,0.705
2025-12-27 04:50:08+00:00,0.705
2025-12-27 04:51:08+00:00,0.705
2025-12-27 04:52:08+00:00,0.705
2025-12-27 04:53:08+00:00,0.705
2025-12-27 04:54:07+00:00,0.705
2025-12-27 04:55:08+00:00,0.705
2025-12-27 04:56:07+00:00,0.705
2025-12-27 04:57:09+00:00,0.705
2025-12-27 04:58:09+00:00,0.705
2025-12-27 04:59:07+00:00,0.705
2025-12-27 05:00:10+00:00,0.705
2025-12-27 05:01:08+00:00,0.705
2025-12-27 05:02:08+00:00,0.705
2025-12-27 05:03:08+00:00,0.705
2025-12-27 05:04:08+00:00,0.705
2025-12-27 05:05:08+00:00,0.705
2025-12-27 05:06:07+00:00,0.705
2025-12-27 05:07:07+00:00,0.705
2025-12-27 05:08:07+00:00,0.705
2025-12-27 05:09:07+00:00,0.705
2025-12-27 05:10:07+00:00,0.705
2025-12-27 05:11:08+00:00,0.705
2025-12-27 05:12:08+00:00,0.705
2025-12-27 05:13:07+00:00,0.705
2025-12-27 05:14:07+00:00,0.705
2025-12-27 05:15:08+00:00,0.705
2025-12-27 05:16:07+00:00,0.705
2025-12-27 05:17:08+00:00,0.705
2025-12-27 05:18:08+00:00,0.705
2025-12-27 05:19:08+00:00,0.705
2025-12-27 05:20:08+00:00,0.705
2025-12-27 05:21:08+00:00,0.705
2025-12-27 05:22:07+00:00,0.705
2025-12-27 05:23:10+00:00,0.705
2025-12-27 05:24:07+00:00,0.705
2025-12-27 05:25:08+00:00,0.705
2025-12-27 05:26:07+00:00,0.705
2025-12-27 05:27:07+00:00,0.705
2025-12-27 05:28:07+00:00,0.705
2025-12-27 05:29:07+00:00,0.705
2025-12-27 05:30:09+00:00,0.705
2025-12-27 05:31:08+00:00,0.705
2025-12-27 05:32:09+00:00,0.705
2025-12-27 05:33:08+00:00,0.705
2025-12-27 05:34:08+00:00,0.705
2025-12-27 05:35:08+00:00,0.705
2025-12-27 05:36:08+00:00,0.705
2025-12-27 05:37:08+00:00,0.705
2025-12-27 05:38:08+00:00,0.705
2025-12-27 05:39:08+00:00,0.705
2025-12-27 05:40:08+00:00,0.705
2025-12-27 05:41:07+00:00,0.705
2025-12-27 05:42:07+00:00,0.705
2025-12-27 05:43:07+00:00,0.705
2025-12-27 05:44:08+00:00,0.705
2025-12-27 05:45:08+00:00,0.705
2025-12-27 05:46:07+00:00,0.705
2025-12-27 05:47:08+00:00,0.705
2025-12-27 05:48:07+00:00,0.705
2025-12-27 05:49:10+00:00,0.705
2025-12-27 05:50:11+00:00,0.705
2025-12-27 05:51:08+00:00,0.705
2025-12-27 05:52:08+00:00,0.705
2025-12-27 05:53:08+00:00,0.705
2025-12-27 05:54:08+00:00,0.705
2025-12-27 05:55:08+00:00,0.705
2025-12-27 05:56:08+00:00,0.705
2025-12-27 05:57:08+00:00,0.705
2025-12-27 05:58:08+00:00,0.705
2025-12-27 05:59:08+00:00,0.705
2025-12-27 06:00:09+00:00,0.705
2025-12-27 06:01:08+00:00,0.705
2025-12-27 06:02:08+00:00,0.705
2025-12-27 06:03:08+00:00,0.705
2025-12-27 06:04:07+00:00,0.705
2025-12-27 06:05:08+00:00,0.705
2025-12-27 06:06:08+00:00,0.705
2025-12-27 06:07:08+00:00,0.705
2025-12-27 06:08:22+00:00,0.705
2025-12-27 06:09:08+00:00,0.705
2025-12-27 06:10:08+00:00,0.705
2025-12-27 06:11:08+00:00,0.705
2025-12-27 06:12:07+00:00,0.705
2025-12-27 06:13:08+00:00,0.705
2025-12-27 06:14:08+00:00,0.705
2025-12-27 06:15:08+00:00,0.705
2025-12-27 06:16:10+00:00,0.705
2025-12-27 06:17:08+00:00,0.705
2025-12-27 06:18:08+00:00,0.705
2025-12-27 06:19:08+00:00,0.705
2025-12-27 06:20:08+00:00,0.705
2025-12-27 06:21:08+00:00,0.705
2025-12-27 06:22:07+00:00,0.705
2025-12-27 06:23:07+00:00,0.705
2025-12-27 06:24:07+00:00,0.705
2025-12-27 06:25:07+00:00,0.705
2025-12-27 06:26:48+00:00,0.705
2025-12-27 06:27:07+00:00,0.705
2025-12-27 06:28:07+00:00,0.705
2025-12-27 06:29:07+00:00,0.705
2025-12-27 06:30:08+00:00,0.705
2025-12-27 06:31:08+00:00,0.705
2025-12-27 06:32:08+00:00,0.705
2025-12-27 06:33:10+00:00,0.705
2025-12-27 06:34:08+00:00,0.705
2025-12-27 06:35:08+00:00,0.705
2025-12-27 06:36:10+00:00,0.705
2025-12-27 06:37:07+00:00,0.705
2025-12-27 06:38:07+00:00,0.705
2025-12-27 06:39:08+00:00,0.705
2025-12-27 06:40:09+00:00,0.705
2025-12-27 06:41:07+00:00,0.705
2025-12-27 06:42:07+00:00,0.705
2025-12-27 06:43:08+00:00,0.705
2025-12-27 06:44:08+00:00,0.705
2025-12-27 06:45:08+00:00,0.705
2025-12-27 06:46:08+00:00,0.705
2025-12-27 06:47:07+00:00,0.705
2025-12-27 06:48:08+00:00,0.705
2025-12-27 06:49:08+00:00,0.705
2025-12-27 06:50:08+00:00,0.705
2025-12-27 06:51:08+00:00,0.705
2025-12-27 06:52:07+00:00,0.705
2025-12-27 06:53:08+00:00,0.705
2025-12-27 06:54:07+00:00,0.705
2025-12-27 06:55:09+00:00,0.705
2025-12-27 06:56:07+00:00,0.705
2025-12-27 06:57:07+00:00,0.705
2025-12-27 06:58:07+00:00,0.705
2025-12-27 06:59:07+00:00,0.705
2025-12-27 07:00:12+00:00,0.705
2025-12-27 07:01:08+00:00,0.705
2025-12-27 07:02:07+00:00,0.705
2025-12-27 07:03:09+00:00,0.705
2025-12-27 07:04:08+00:00,0.705
2025-12-27 07:05:07+00:00,0.705
2025-12-27 07:06:09+00:00,0.705
2025-12-27 07:07:07+00:00,0.705
2025-12-27 07:08:08+00:00,0.705
2025-12-27 07:09:07+00:00,0.705
2025-12-27 07:10:08+00:00,0.705
2025-12-27 07:11:07+00:00,0.705
2025-12-27 07:12:07+00:00,0.705
2025-12-27 07:13:07+00:00,0.705
2025-12-27 07:14:08+00:00,0.705
2025-12-27 07:15:09+00:00,0.705
2025-12-27 07:16:08+00:00,0.705
2025-12-27 07:17:08+00:00,0.705
2025-12-27 07:18:08+00:00,0.705
2025-12-27 07:19:07+00:00,0.705
2025-12-27 07:20:08+00:00,0.705
2025-12-27 07:21:08+00:00,0.705
2025-12-27 07:22:07+00:00,0.705
2025-12-27 07:23:07+00:00,0.705
2025-12-27 07:24:08+00:00,0.705
2025-12-27 07:25:08+00:00,0.705
2025-12-27 07:26:10+00:00,0.705
2025-12-27 07:27:08+00:00,0.705
2025-12-27 07:28:07+00:00,0.705
2025-12-27 07:29:07+00:00,0.705
2025-12-27 07:30:10+00:00,0.705
2025-12-27 07:31:08+00:00,0.705
2025-12-27 07:32:08+00:00,0.705
2025-12-27 07:33:07+00:00,0.705
2025-12-27 07:34:07+00:00,0.705
2025-12-27 07:35:08+00:00,0.705
2025-12-27 07:36:07+00:00,0.705
2025-12-27 07:37:07+00:00,0.705
2025-12-27 07:38:08+00:00,0.705
2025-12-27 07:39:08+00:00,0.705
2025-12-27 07:40:09+00:00,0.705
2025-12-27 07:41:07+00:00,0.705
2025-12-27 07:42:07+00:00,0.705
2025-12-27 07:43:08+00:00,0.705
2025-12-27 07:44:07+00:00,0.705
2025-12-27 07:45:08+00:00,0.705
2025-12-27 07:46:07+00:00,0.705
2025-12-27 07:47:07+00:00,0.705
2025-12-27 07:48:08+00:00,0.705
2025-12-27 07:49:08+00:00,0.705
2025-12-27 07:50:08+00:00,0.705
2025-12-27 07:51:08+00:00,0.705
2025-12-27 07:52:09+00:00,0.705
2025-12-27 07:53:07+00:00,0.705
2025-12-27 07:54:23+00:00,0.705
2025-12-27 07:55:08+00:00,0.705
2025-12-27 07:56:08+00:00,0.705
2025-12-27 07:57:07+00:00,0.705
2025-12-27 07:58:07+00:00,0.705
2025-12-27 07:59:07+00:00,0.705
2025-12-27 08:00:09+00:00,0.705
2025-12-27 08:01:08+00:00,0.705
2025-12-27 08:02:09+00:00,0.705
2025-12-27 08:03:08+00:00,0.705
2025-12-27 08:04:08+00:00,0.705
2025-12-27 08:05:08+00:00,0.705
2025-12-27 08:06:07+00:00,0.705
2025-12-27 08:07:07+00:00,0.705
2025-12-27 08:08:07+00:00,0.705
2025-12-27 08:09:07+00:00,0.705
2025-12-27 08:10:08+00:00,0.705
2025-12-27 08:11:08+00:00,0.705
2025-12-27 08:12:08+00:00,0.705
2025-12-27 08:13:07+00:00,0.705
2025-12-27 08:14:07+00:00,0.705
2025-12-27 08:15:09+00:00,0.705
2025-12-27 08:16:07+00:00,0.705
2025-12-27 08:17:07+00:00,0.705
2025-12-27 08:18:10+00:00,0.705
2025-12-27 08:19:08+00:00,0.705
2025-12-27 08:20:09+00:00,0.705
2025-12-27 08:21:07+00:00,0.705
2025-12-27 08:22:08+00:00,0.705
2025-12-27 08:23:07+00:00,0.705
2025-12-27 08:24:07+00:00,0.705
2025-12-27 08:25:08+00:00,0.705
2025-12-27 08:26:07+00:00,0.705
2025-12-27 08:27:08+00:00,0.705
2025-12-27 08:28:07+00:00,0.705
2025-12-27 08:29:08+00:00,0.705
2025-12-27 08:30:08+00:00,0.705
2025-12-27 08:31:08+00:00,0.705
2025-12-27 08:32:07+00:00,0.705
2025-12-27 08:33:08+00:00,0.705
2025-12-27 08:34:07+00:00,0.705
2025-12-27 08:35:09+00:00,0.705
2025-12-27 08:36:07+00:00,0.705
2025-12-27 08:37:07+00:00,0.705
2025-12-27 08:38:08+00:00,0.705
2025-12-27 08:39:08+00:00,0.705
2025-12-27 08:40:08+00:00,0.705
2025-12-27 08:41:08+00:00,0.705
2025-12-27 08:42:08+00:00,0.705
2025-12-27 08:43:08+00:00,0.705
2025-12-27 08:44:10+00:00,0.705
2025-12-27 08:45:09+00:00,0.705
2025-12-27 08:46:07+00:00,0.705
2025-12-27 08:47:08+00:00,0.705
2025-12-27 08:48:08+00:00,0.705
2025-12-27 08:49:21+00:00,0.705
2025-12-27 08:50:08+00:00,0.705
2025-12-27 08:51:07+00:00,0.705
2025-12-27 08:52:07+00:00,0.705
2025-12-27 08:53:07+00:00,0.705
2025-12-27 08:54:08+00:00,0.705
2025-12-27 08:55:07+00:00,0.705
2025-12-27 08:56:08+00:00,0.705
2025-12-27 08:57:07+00:00,0.705
2025-12-27 08:58:07+00:00,0.705
2025-12-27 08:59:07+00:00,0.705
2025-12-27 09:00:10+00:00,0.705
2025-12-27 09:01:08+00:00,0.705
2025-12-27 09:02:08+00:00,0.705
2025-12-27 09:03:08+00:00,0.705
2025-12-27 09:04:07+00:00,0.705
2025-12-27 09:05:08+00:00,0.705
2025-12-27 09:06:08+00:00,0.705
2025-12-27 09:07:08+00:00,0.705
2025-12-27 09:08:08+00:00,0.705
2025-12-27 09:09:08+00:00,0.705
2025-12-27 09:10:11+00:00,0.705
2025-12-27 09:11:07+00:00,0.705
2025-12-27 09:12:08+00:00,0.705
2025-12-27 09:13:08+00:00,0.705
2025-12-27 09:14:07+00:00,0.705
2025-12-27 09:15:09+00:00,0.705
2025-12-27 09:16:08+00:00,0.705
2025-12-27 09:17:08+00:00,0.705
2025-12-27 09:18:09+00:00,0.705
2025-12-27 09:19:07+00:00,0.705
2025-12-27 09:20:08+00:00,0.705
2025-12-27 09:21:08+00:00,0.705
2025-12-27 09:22:07+00:00,0.705
2025-12-27 09:23:08+00:00,0.705
2025-12-27 09:24:07+00:00,0.705
2025-12-27 09:25:07+00:00,0.705
2025-12-27 09:26:08+00:00,0.705
2025-12-27 09:27:07+00:00,0.705
2025-12-27 09:28:20+00:00,0.705
2025-12-27 09:29:09+00:00,0.705
2025-12-27 09:30:09+00:00,0.705
2025-12-27 09:31:08+00:00,0.705
2025-12-27 09:32:08+00:00,0.705
2025-12-27 09:33:07+00:00,0.705
2025-12-27 09:34:08+00:00,0.705
2025-12-27 09:35:08+00:00,0.705
2025-12-27 09:36:08+00:00,0.705
2025-12-27 09:37:08+00:00,0.705
2025-12-27 09:38:07+00:00,0.705
2025-12-27 09:39:08+00:00,0.705
2025-12-27 09:40:08+00:00,0.705
2025-12-27 09:41:07+00:00,0.705
2025-12-27 09:42:08+00:00,0.705
2025-12-27 09:43:08+00:00,0.705
2025-12-27 09:44:09+00:00,0.705
2025-12-27 09:45:08+00:00,0.705
2025-12-27 09:46:08+00:00,0.705
2025-12-27 09:47:08+00:00,0.705
2025-12-27 09:48:08+00:00,0.705
2025-12-27 09:49:09+00:00,0.705
2025-12-27 09:50:08+00:00,0.705
2025-12-27 09:51:07+00:00,0.705
2025-12-27 09:52:08+00:00,0.705
2025-12-27 09:53:08+00:00,0.705
2025-12-27 09:54:07+00:00,0.705
2025-12-27 09:55:10+00:00,0.705
2025-12-27 09:56:08+00:00,0.705
2025-12-27 09:57:07+00:00,0.705
2025-12-27 09:58:08+00:00,0.705
2025-12-27 09:59:08+00:00,0.705
2025-12-27 10:00:09+00:00,0.705
2025-12-27 10:01:08+00:00,0.705
2025-12-27 10:02:08+00:00,0.705
2025-12-27 10:03:09+00:00,0.705
2025-12-27 10:04:08+00:00,0.705
2025-12-27 10:05:08+00:00,0.705
2025-12-27 10:06:08+00:00,0.705
2025-12-27 10:07:07+00:00,0.705
2025-12-27 10:08:08+00:00,0.705
2025-12-27 10:09:08+00:00,0.705
2025-12-27 10:10:07+00:00,0.705
2025-12-27 10:11:08+00:00,0.705
2025-12-27 10:12:07+00:00,0.705
2025-12-27 10:13:08+00:00,0.705
2025-12-27 10:14:08+00:00,0.705
2025-12-27 10:15:09+00:00,0.705
2025-12-27 10:16:08+00:00,0.705
2025-12-27 10:17:07+00:00,0.705
2025-12-27 10:18:08+00:00,0.705
2025-12-27 10:19:07+00:00,0.705
2025-12-27 10:20:08+00:00,0.705
2025-12-27 10:21:09+00:00,0.705
2025-12-27 10:22:07+00:00,0.705
2025-12-27 10:23:07+00:00,0.705
2025-12-27 10:24:08+00:00,0.705
2025-12-27 10:25:09+00:00,0.705
2025-12-27 10:26:07+00:00,0.705
2025-12-27 10:27:08+00:00,0.705
2025-12-27 10:28:08+00:00,0.705
2025-12-27 10:29:07+00:00,0.705
2025-12-27 10:30:25+00:00,0.705
2025-12-27 10:31:07+00:00,0.705
2025-12-27 10:32:09+00:00,0.705
2025-12-27 10:33:10+00:00,0.705
2025-12-27 10:34:07+00:00,0.705
2025-12-27 10:35:09+00:00,0.705
2025-12-27 10:36:07+00:00,0.705
2025-12-27 10:37:07+00:00,0.705
2025-12-27 10:38:08+00:00,0.705
2025-12-27 10:39:08+00:00,0.705
2025-12-27 10:40:08+00:00,0.705
2025-12-27 10:41:08+00:00,0.705
2025-12-27 10:42:07+00:00,0.705
2025-12-27 10:43:08+00:00,0.705
2025-12-27 10:44:08+00:00,0.705
2025-12-27 10:45:09+00:00,0.705
2025-12-27 10:46:08+00:00,0.705
2025-12-27 10:47:07+00:00,0.705
2025-12-27 10:48:07+00:00,0.705
2025-12-27 10:49:07+00:00,0.705
2025-12-27 10:50:08+00:00,0.705
2025-12-27 10:51:08+00:00,0.705
2025-12-27 10:52:08+00:00,0.705
2025-12-27 10:53:07+00:00,0.705
2025-12-27 10:54:08+00:00,0.705
2025-12-27 10:55:08+00:00,0.705
2025-12-27 10:56:08+00:00,0.705
2025-12-27 10:57:07+00:00,0.705
2025-12-27 10:58:07+00:00,0.705
2025-12-27 10:59:10+00:00,0.705
2025-12-27 11:00:10+00:00,0.705
2025-12-27 11:01:23+00:00,0.705
2025-12-27 11:02:08+00:00,0.705
2025-12-27 11:03:08+00:00,0.705
2025-12-27 11:04:08+00:00,0.705
2025-12-27 11:05:08+00:00,0.705
2025-12-27 11:06:08+00:00,0.705
2025-12-27 11:07:08+00:00,0.705
2025-12-27 11:08:07+00:00,0.705
2025-12-27 11:09:07+00:00,0.705
2025-12-27 11:10:09+00:00,0.705
2025-12-27 11:11:07+00:00,0.705
2025-12-27 11:12:08+00:00,0.705
2025-12-27 11:13:08+00:00,0.705
2025-12-27 11:14:08+00:00,0.705
2025-12-27 11:15:07+00:00,0.705
2025-12-27 11:16:08+00:00,0.705
2025-12-27 11:17:07+00:00,0.705
2025-12-27 11:18:08+00:00,0.705
2025-12-27 11:19:08+00:00,0.705
2025-12-27 11:20:08+00:00,0.705
2025-12-27 11:21:08+00:00,0.705
2025-12-27 11:22:08+00:00,0.705
2025-12-27 11:23:07+00:00,0.705
2025-12-27 11:24:08+00:00,0.705
2025-12-27 11:25:11+00:00,0.705
2025-12-27 11:26:08+00:00,0.705
2025-12-27 11:27:08+00:00,0.705
2025-12-27 11:28:07+00:00,0.705
2025-12-27 11:29:08+00:00,0.705
2025-12-27 11:30:09+00:00,0.705
2025-12-27 11:31:08+00:00,0.705
2025-12-27 11:32:08+00:00,0.705
2025-12-27 11:33:08+00:00,0.705
2025-12-27 11:34:07+00:00,0.705
2025-12-27 11:35:08+00:00,0.705
2025-12-27 11:36:08+00:00,0.705
2025-12-27 11:37:07+00:00,0.705
2025-12-27 11:38:08+00:00,0.705
2025-12-27 11:39:08+00:00,0.705
2025-12-27 11:40:08+00:00,0.705
2025-12-27 11:41:08+00:00,0.705
2025-12-27 11:42:08+00:00,0.705
2025-12-27 11:43:07+00:00,0.705
2025-12-27 11:44:08+00:00,0.705
2025-12-27 11:45:09+00:00,0.705
2025-12-27 11:46:08+00:00,0.705
2025-12-27 11:47:08+00:00,0.705
2025-12-27 11:48:08+00:00,0.705
2025-12-27 11:49:11+00:00,0.705
2025-12-27 11:50:09+00:00,0.705
2025-12-27 11:51:07+00:00,0.705
2025-12-27 11:52:08+00:00,0.705
2025-12-27 11:53:07+00:00,0.705
2025-12-27 11:54:08+00:00,0.705
2025-12-27 11:55:08+00:00,0.705
2025-12-27 11:56:08+00:00,0.705
2025-12-27 11:57:08+00:00,0.705
2025-12-27 11:58:08+00:00,0.705
2025-12-27 11:59:08+00:00,0.705
2025-12-27 12:00:10+00:00,0.705
2025-12-27 12:01:08+00:00,0.705
2025-12-27 12:02:08+00:00,0.705
2025-12-27 12:03:08+00:00,0.705
2025-12-27 12:04:08+00:00,0.705
2025-12-27 12:05:08+00:00,0.705
2025-12-27 12:06:08+00:00,0.705
2025-12-27 12:07:07+00:00,0.705
2025-12-27 12:08:07+00:00,0.705
2025-12-27 12:09:08+00:00,0.705
2025-12-27 12:10:08+00:00,0.705
2025-12-27 12:11:19+00:00,0.705
2025-12-27 12:12:07+00:00,0.705
2025-12-27 12:13:08+00:00,0.705
2025-12-27 12:14:07+00:00,0.705
2025-12-27 12:15:11+00:00,0.705
2025-12-27 12:16:08+00:00,0.705
2025-12-27 12:17:07+00:00,0.705
2025-12-27 12:18:08+00:00,0.705
2025-12-27 12:19:08+00:00,0.705
2025-12-27 12:20:09+00:00,0.705
2025-12-27 12:21:08+00:00,0.705
2025-12-27 12:22:10+00:00,0.705
2025-12-27 12:23:08+00:00,0.705
2025-12-27 12:24:08+00:00,0.705
2025-12-27 12:25:08+00:00,0.705
2025-12-27 12:26:07+00:00,0.705
2025-12-27 12:27:08+00:00,0.705
2025-12-27 12:28:07+00:00,0.705
2025-12-27 12:29:07+00:00,0.705
2025-12-27 12:30:09+00:00,0.705
2025-12-27 12:31:08+00:00,0.705
2025-12-27 12:32:08+00:00,0.705
2025-12-27 12:33:08+00:00,0.705
2025-12-27 12:34:07+00:00,0.705
2025-12-27 12:35:08+00:00,0.705
2025-12-27 12:36:08+00:00,0.705
2025-12-27 12:37:08+00:00,0.705
2025-12-27 12:38:08+00:00,0.705
2025-12-27 12:39:09+00:00,0.705
2025-12-27 12:40:08+00:00,0.705
2025-12-27 12:41:07+00:00,0.705
2025-12-27 12:42:08+00:00,0.705
2025-12-27 12:43:08+00:00,0.705
2025-12-27 12:44:08+00:00,0.705
2025-12-27 12:45:08+00:00,0.705
2025-12-27 12:46:08+00:00,0.705
2025-12-27 12:47:07+00:00,0.705
2025-12-27 12:48:10+00:00,0.705
2025-12-27 12:49:07+00:00,0.705
2025-12-27 12:50:09+00:00,0.705
2025-12-27 12:51:09+00:00,0.705
2025-12-27 12:52:08+00:00,0.705
2025-12-27 12:53:08+00:00,0.705
2025-12-27 12:54:09+00:00,0.705
2025-12-27 12:55:08+00:00,0.705
2025-12-27 12:56:08+00:00,0.705
2025-12-27 12:57:07+00:00,0.705
2025-12-27 12:58:08+00:00,0.705
2025-12-27 12:59:08+00:00,0.705
2025-12-27 13:00:09+00:00,0.705
2025-12-27 13:01:08+00:00,0.705
2025-12-27 13:02:07+00:00,0.705
2025-12-27 13:03:08+00:00,0.705
2025-12-27 13:04:07+00:00,0.705
2025-12-27 13:05:08+00:00,0.705
2025-12-27 13:06:08+00:00,0.705
2025-12-27 13:07:07+00:00,0.7
2025-12-27 13:08:08+00:00,0.705
2025-12-27 13:09:07+00:00,0.705
2025-12-27 13:10:08+00:00,0.705
2025-12-27 13:11:07+00:00,0.705
2025-12-27 13:12:08+00:00,0.705
2025-12-27 13:13:09+00:00,0.705
2025-12-27 13:14:10+00:00,0.705
2025-12-27 13:15:09+00:00,0.705
2025-12-27 13:16:08+00:00,0.705
2025-12-27 13:17:07+00:00,0.705
2025-12-27 13:18:08+00:00,0.705
2025-12-27 13:19:07+00:00,0.705
2025-12-27 13:20:08+00:00,0.705
2025-12-27 13:21:08+00:00,0.705
2025-12-27 13:22:08+00:00,0.705
2025-12-27 13:23:07+00:00,0.705
2025-12-27 13:24:08+00:00,0.705
2025-12-27 13:25:08+00:00,0.705
2025-12-27 13:26:08+00:00,0.705
2025-12-27 13:27:08+00:00,0.705
2025-12-27 13:28:08+00:00,0.705
2025-12-27 13:29:10+00:00,0.705
2025-12-27 13:30:09+00:00,0.705
2025-12-27 13:31:08+00:00,0.705
2025-12-27 13:32:08+00:00,0.705
2025-12-27 13:33:08+00:00,0.705
2025-12-27 13:34:08+00:00,0.705
2025-12-27 13:35:08+00:00,0.705
2025-12-27 13:36:08+00:00,0.705
2025-12-27 13:37:08+00:00,0.705
2025-12-27 13:38:07+00:00,0.705
2025-12-27 13:39:08+00:00,0.705
2025-12-27 13:40:07+00:00,0.705
2025-12-27 13:41:08+00:00,0.705
2025-12-27 13:42:08+00:00,0.705
2025-12-27 13:43:08+00:00,0.705
2025-12-27 13:44:08+00:00,0.705
2025-12-27 13:45:08+00:00,0.705
2025-12-27 13:46:08+00:00,0.705
2025-12-27 13:47:08+00:00,0.705
2025-12-27 13:48:08+00:00,0.705
2025-12-27 13:49:08+00:00,0.705
2025-12-27 13:50:08+00:00,0.705
2025-12-27 13:51:08+00:00,0.705
2025-12-27 13:52:07+00:00,0.705
2025-12-27 13:53:07+00:00,0.705
2025-12-27 13:54:07+00:00,0.705
2025-12-27 13:55:11+00:00,0.705
2025-12-27 13:56:08+00:00,0.705
2025-12-27 13:57:08+00:00,0.705
2025-12-27 13:58:08+00:00,0.705
2025-12-27 13:59:08+00:00,0.705
2025-12-27 14:00:09+00:00,0.705
2025-12-27 14:01:09+00:00,0.705
2025-12-27 14:02:08+00:00,0.705
2025-12-27 14:03:08+00:00,0.705
2025-12-27 14:04:08+00:00,0.705
2025-12-27 14:05:08+00:00,0.705
2025-12-27 14:06:08+00:00,0.705
2025-12-27 14:07:07+00:00,0.705
2025-12-27 14:08:08+00:00,0.705
2025-12-27 14:09:22+00:00,0.705
2025-12-27 14:10:08+00:00,0.705
2025-12-27 14:11:08+00:00,0.705
2025-12-27 14:12:08+00:00,0.705
2025-12-27 14:13:08+00:00,0.705
2025-12-27 14:14:08+00:00,0.705
2025-12-27 14:15:09+00:00,0.705
2025-12-27 14:16:11+00:00,0.705
2025-12-27 14:17:09+00:00,0.705
2025-12-27 14:18:23+00:00,0.705
2025-12-27 14:19:07+00:00,0.705
2025-12-27 14:20:09+00:00,0.705
2025-12-27 14:21:08+00:00,0.705
2025-12-27 14:22:08+00:00,0.705
2025-12-27 14:23:07+00:00,0.705
2025-12-27 14:24:07+00:00,0.705
2025-12-27 14:25:08+00:00,0.705
2025-12-27 14:26:07+00:00,0.705
2025-12-27 14:27:08+00:00,0.705
2025-12-27 14:28:08+00:00,0.705
2025-12-27 14:29:07+00:00,0.705
2025-12-27 14:30:09+00:00,0.705
2025-12-27 14:31:08+00:00,0.705
2025-12-27 14:32:08+00:00,0.705
2025-12-27 14:33:08+00:00,0.705
2025-12-27 14:34:07+00:00,0.705
2025-12-27 14:35:08+00:00,0.705
2025-12-27 14:36:08+00:00,0.705
2025-12-27 14:37:07+00:00,0.705
2025-12-27 14:38:08+00:00,0.705
2025-12-27 14:39:08+00:00,0.705
2025-12-27 14:40:09+00:00,0.705
2025-12-27 14:41:07+00:00,0.705
2025-12-27 14:42:10+00:00,0.705
2025-12-27 14:43:08+00:00,0.705
2025-12-27 14:44:08+00:00,0.705
2025-12-27 14:45:09+00:00,0.705
2025-12-27 14:46:08+00:00,0.705
2025-12-27 14:47:08+00:00,0.705
2025-12-27 14:48:08+00:00,0.705
2025-12-27 14:49:08+00:00,0.705
2025-12-27 14:50:08+00:00,0.705
2025-12-27 14:51:08+00:00,0.705
2025-12-27 14:52:08+00:00,0.705
2025-12-27 14:53:08+00:00,0.705
2025-12-27 14:54:08+00:00,0.705
2025-12-27 14:55:09+00:00,0.705
2025-12-27 14:56:08+00:00,0.705
2025-12-27 14:57:09+00:00,0.705
2025-12-27 14:58:07+00:00,0.705
2025-12-27 14:59:07+00:00,0.705
2025-12-27 15:00:09+00:00,0.705
2025-12-27 15:01:08+00:00,0.705
2025-12-27 15:02:08+00:00,0.705
2025-12-27 15:03:08+00:00,0.705
2025-12-27 15:04:08+00:00,0.705
2025-12-27 15:05:07+00:00,0.705
2025-12-27 15:06:08+00:00,0.705
2025-12-27 15:07:08+00:00,0.705
2025-12-27 15:08:10+00:00,0.705
2025-12-27 15:09:08+00:00,0.705
2025-12-27 15:10:08+00:00,0.705
2025-12-27 15:11:08+00:00,0.705
2025-12-27 15:12:07+00:00,0.705
2025-12-27 15:13:08+00:00,0.705
2025-12-27 15:14:08+00:00,0.705
2025-12-27 15:15:08+00:00,0.705
2025-12-27 15:16:24+00:00,0.705
2025-12-27 15:17:08+00:00,0.705
2025-12-27 15:18:08+00:00,0.705
2025-12-27 15:19:08+00:00,0.705
2025-12-27 15:20:08+00:00,0.705
2025-12-27 15:21:08+00:00,0.705
2025-12-27 15:22:08+00:00,0.705
2025-12-27 15:23:08+00:00,0.705
2025-12-27 15:24:07+00:00,0.705
2025-12-27 15:25:07+00:00,0.705
2025-12-27 15:26:08+00:00,0.705
2025-12-27 15:27:08+00:00,0.705
2025-12-27 15:28:08+00:00,0.705
2025-12-27 15:29:08+00:00,0.705
2025-12-27 15:30:08+00:00,0.705
2025-12-27 15:31:08+00:00,0.705
2025-12-27 15:32:08+00:00,0.705
2025-12-27 15:33:08+00:00,0.705
2025-12-27 15:34:10+00:00,0.705
2025-12-27 15:35:09+00:00,0.705
2025-12-27 15:36:09+00:00,0.705
2025-12-27 15:37:08+00:00,0.705
2025-12-27 15:38:08+00:00,0.705
2025-12-27 15:39:09+00:00,0.705
2025-12-27 15:40:08+00:00,0.705
2025-12-27 15:41:09+00:00,0.705
2025-12-27 15:42:08+00:00,0.705
2025-12-27 15:43:07+00:00,0.705
2025-12-27 15:44:07+00:00,0.705
2025-12-27 15:45:09+00:00,0.705
2025-12-27 15:46:22+00:00,0.705
2025-12-27 15:47:08+00:00,0.705
2025-12-27 15:48:08+00:00,0.705
2025-12-27 15:49:08+00:00,0.705
2025-12-27 15:50:08+00:00,0.705
2025-12-27 15:51:08+00:00,0.705
2025-12-27 15:52:07+00:00,0.705
2025-12-27 15:53:11+00:00,0.705
2025-12-27 15:54:07+00:00,0.705
2025-12-27 15:55:08+00:00,0.705
2025-12-27 15:56:08+00:00,0.705
2025-12-27 15:57:08+00:00,0.705
2025-12-27 15:58:08+00:00,0.705
2025-12-27 15:59:08+00:00,0.705
2025-12-27 16:00:09+00:00,0.705
2025-12-27 16:01:08+00:00,0.705
2025-12-27 16:02:08+00:00,0.705
2025-12-27 16:03:08+00:00,0.705
2025-12-27 16:04:08+00:00,0.705
2025-12-27 16:05:08+00:00,0.705
2025-12-27 16:06:07+00:00,0.705
2025-12-27 16:07:08+00:00,0.705
2025-12-27 16:08:08+00:00,0.705
2025-12-27 16:09:08+00:00,0.705
2025-12-27 16:10:09+00:00,0.705
2025-12-27 16:11:08+00:00,0.705
2025-12-27 16:12:08+00:00,0.705
2025-12-27 16:13:08+00:00,0.705
2025-12-27 16:14:08+00:00,0.705
2025-12-27 16:15:08+00:00,0.705
2025-12-27 16:16:08+00:00,0.705
2025-12-27 16:17:08+00:00,0.705
2025-12-27 16:18:08+00:00,0.705
2025-12-27 16:19:07+00:00,0.705
2025-12-27 16:20:11+00:00,0.705
2025-12-27 16:21:09+00:00,0.705
2025-12-27 16:22:10+00:00,0.705
2025-12-27 16:23:08+00:00,0.705
2025-12-27 16:24:08+00:00,0.705
2025-12-27 16:25:08+00:00,0.705
2025-12-27 16:26:07+00:00,0.705
2025-12-27 16:27:07+00:00,0.705
2025-12-27 16:28:09+00:00,0.705
2025-12-27 16:29:08+00:00,0.705
2025-12-27 16:30:09+00:00,0.705
2025-12-27 16:31:08+00:00,0.705
2025-12-27 16:32:08+00:00,0.705
2025-12-27 16:33:08+00:00,0.705
2025-12-27 16:34:08+00:00,0.705
2025-12-27 16:35:08+00:00,0.705
2025-12-27 16:36:07+00:00,0.705
2025-12-27 16:37:08+00:00,0.705
2025-12-27 16:38:09+00:00,0.705
2025-12-27 16:39:08+00:00,0.705
2025-12-27 16:40:08+00:00,0.705
2025-12-27 16:41:08+00:00,0.705
2025-12-27 16:42:08+00:00,0.705
2025-12-27 16:43:08+00:00,0.705
2025-12-27 16:44:08+00:00,0.705
2025-12-27 16:45:08+00:00,0.705
2025-12-27 16:46:08+00:00,0.705
2025-12-27 16:47:09+00:00,0.705
2025-12-27 16:48:11+00:00,0.705
2025-12-27 16:49:08+00:00,0.705
2025-12-27 16:50:09+00:00,0.705
2025-12-27 16:51:08+00:00,0.705
2025-12-27 16:52:07+00:00,0.705
2025-12-27 16:53:09+00:00,0.705
2025-12-27 16:54:08+00:00,0.705
2025-12-27 16:55:08+00:00,0.705
2025-12-27 16:56:08+00:00,0.705
2025-12-27 16:57:08+00:00,0.705
2025-12-27 16:58:08+00:00,0.705
2025-12-27 16:59:08+00:00,0.705
2025-12-27 17:00:09+00:00,0.705
2025-12-27 17:01:08+00:00,0.705
2025-12-27 17:02:08+00:00,0.705
2025-12-27 17:03:08+00:00,0.705
2025-12-27 17:04:08+00:00,0.705
2025-12-27 17:05:09+00:00,0.705
2025-12-27 17:06:08+00:00,0.705
2025-12-27 17:07:08+00:00,0.705
2025-12-27 17:08:08+00:00,0.705
2025-12-27 17:09:08+00:00,0.705
2025-12-27 17:10:08+00:00,0.705
2025-12-27 17:11:08+00:00,0.705
2025-12-27 17:12:08+00:00,0.705
2025-12-27 17:13:08+00:00,0.705
2025-12-27 17:14:09+00:00,0.705
2025-12-27 17:15:09+00:00,0.705
2025-12-27 17:16:08+00:00,0.705
2025-12-27 17:17:08+00:00,0.705
2025-12-27 17:18:08+00:00,0.705
2025-12-27 17:19:08+00:00,0.705
2025-12-27 17:20:08+00:00,0.705
2025-12-27 17:21:07+00:00,0.705
2025-12-27 17:22:08+00:00,0.705
2025-12-27 17:23:08+00:00,0.705
2025-12-27 17:24:07+00:00,0.705
2025-12-27 17:25:22+00:00,0.705
2025-12-27 17:26:08+00:00,0.705
2025-12-27 17:27:08+00:00,0.705
2025-12-27 17:28:07+00:00,0.705
2025-12-27 17:29:08+00:00,0.705
2025-12-27 17:30:09+00:00,0.705
2025-12-27 17:31:08+00:00,0.705
2025-12-27 17:32:08+00:00,0.705
2025-12-27 17:33:08+00:00,0.705
2025-12-27 17:34:23+00:00,0.705
2025-12-27 17:35:08+00:00,0.705
2025-12-27 17:36:09+00:00,0.705
2025-12-27 17:37:08+00:00,0.705
2025-12-27 17:38:08+00:00,0.705
2025-12-27 17:39:22+00:00,0.705
2025-12-27 17:40:12+00:00,0.705
2025-12-27 17:41:08+00:00,0.705
2025-12-27 17:42:08+00:00,0.705
2025-12-27 17:43:08+00:00,0.705
2025-12-27 17:44:08+00:00,0.705
2025-12-27 17:45:09+00:00,0.705
2025-12-27 17:46:08+00:00,0.705
2025-12-27 17:47:08+00:00,0.705
2025-12-27 17:48:10+00:00,0.705
2025-12-27 17:49:08+00:00,0.705
2025-12-27 17:50:09+00:00,0.705
2025-12-27 17:51:08+00:00,0.705
2025-12-27 17:52:08+00:00,0.705
2025-12-27 17:53:08+00:00,0.705
2025-12-27 17:54:08+00:00,0.705
2025-12-27 17:55:08+00:00,0.705
2025-12-27 17:56:08+00:00,0.705
2025-12-27 17:57:08+00:00,0.705
2025-12-27 17:58:09+00:00,0.705
2025-12-27 17:59:08+00:00,0.705
2025-12-27 18:00:10+00:00,0.705
2025-12-27 18:01:08+00:00,0.705
2025-12-27 18:02:08+00:00,0.705
2025-12-27 18:03:08+00:00,0.705
2025-12-27 18:04:08+00:00,0.705
2025-12-27 18:05:08+00:00,0.705
2025-12-27 18:06:08+00:00,0.705
2025-12-27 18:07:08+00:00,0.705
2025-12-27 18:08:08+00:00,0.705
2025-12-27 18:09:08+00:00,0.705
2025-12-27 18:10:08+00:00,0.705
2025-12-27 18:11:08+00:00,0.705
2025-12-27 18:12:08+00:00,0.705
2025-12-27 18:13:08+00:00,0.705
2025-12-27 18:14:10+00:00,0.705
2025-12-27 18:15:09+00:00,0.705
2025-12-27 18:16:08+00:00,0.705
2025-12-27 18:17:08+00:00,0.705
2025-12-27 18:18:08+00:00,0.705
2025-12-27 18:19:08+00:00,0.705
2025-12-27 18:20:08+00:00,0.705
2025-12-27 18:21:08+00:00,0.705
2025-12-27 18:22:08+00:00,0.705
2025-12-27 18:23:08+00:00,0.705
2025-12-27 18:24:08+00:00,0.705
2025-12-27 18:25:08+00:00,0.705
2025-12-27 18:26:08+00:00,0.705
2025-12-27 18:27:08+00:00,0.705
2025-12-27 18:28:08+00:00,0.705
2025-12-27 18:29:24+00:00,0.705
2025-12-27 18:30:10+00:00,0.705
2025-12-27 18:31:08+00:00,0.705
2025-12-27 18:32:08+00:00,0.705
2025-12-27 18:33:08+00:00,0.705
2025-12-27 18:34:08+00:00,0.705
2025-12-27 18:35:08+00:00,0.705
2025-12-27 18:36:08+00:00,0.705
2025-12-27 18:37:08+00:00,0.705
2025-12-27 18:38:08+00:00,0.705
2025-12-27 18:39:08+00:00,0.705
2025-12-27 18:40:12+00:00,0.705
2025-12-27 18:41:08+00:00,0.705
2025-12-27 18:42:08+00:00,0.705
2025-12-27 18:43:08+00:00,0.705
2025-12-27 18:44:08+00:00,0.705
2025-12-27 18:45:08+00:00,0.705
2025-12-27 18:46:07+00:00,0.705
2025-12-27 18:47:08+00:00,0.705
2025-12-27 18:48:08+00:00,0.705
2025-12-27 18:49:08+00:00,0.705
2025-12-27 18:50:08+00:00,0.705
2025-12-27 18:51:07+00:00,0.705
2025-12-27 18:52:08+00:00,0.705
2025-12-27 18:53:08+00:00,0.705
2025-12-27 18:54:09+00:00,0.705
2025-12-27 18:55:08+00:00,0.705
2025-12-27 18:56:08+00:00,0.705
2025-12-27 18:57:08+00:00,0.705
2025-12-27 18:58:08+00:00,0.705
2025-12-27 18:59:08+00:00,0.705
2025-12-27 19:00:09+00:00,0.705
2025-12-27 19:01:08+00:00,0.705
2025-12-27 19:02:09+00:00,0.705
2025-12-27 19:03:08+00:00,0.705
2025-12-27 19:04:08+00:00,0.705
2025-12-27 19:05:08+00:00,0.705
2025-12-27 19:06:10+00:00,0.705
2025-12-27 19:07:08+00:00,0.705
2025-12-27 19:08:09+00:00,0.705
2025-12-27 19:09:24+00:00,0.705
2025-12-27 19:10:09+00:00,0.705
2025-12-27 19:11:08+00:00,0.705
2025-12-27 19:12:08+00:00,0.705
2025-12-27 19:13:08+00:00,0.705
2025-12-27 19:14:08+00:00,0.705
2025-12-27 19:15:08+00:00,0.705
2025-12-27 19:16:08+00:00,0.705
2025-12-27 19:17:07+00:00,0.705
2025-12-27 19:18:08+00:00,0.705
2025-12-27 19:19:08+00:00,0.705
2025-12-27 19:20:08+00:00,0.705
2025-12-27 19:21:08+00:00,0.705
2025-12-27 19:22:09+00:00,0.705
2025-12-27 19:23:09+00:00,0.705
2025-12-27 19:24:10+00:00,0.705
2025-12-27 19:25:09+00:00,0.705
2025-12-27 19:26:08+00:00,0.705
2025-12-27 19:27:07+00:00,0.705
2025-12-27 19:28:09+00:00,0.705
2025-12-27 19:29:08+00:00,0.705
2025-12-27 19:30:09+00:00,0.705
2025-12-27 19:31:08+00:00,0.705
2025-12-27 19:32:08+00:00,0.705
2025-12-27 19:33:08+00:00,0.705
2025-12-27 19:34:08+00:00,0.705
2025-12-27 19:35:09+00:00,0.705
2025-12-27 19:36:09+00:00,0.705
2025-12-27 19:37:08+00:00,0.705
2025-12-27 19:38:08+00:00,0.705
2025-12-27 19:39:08+00:00,0.705
2025-12-27 19:40:08+00:00,0.705
2025-12-27 19:41:08+00:00,0.705
2025-12-27 19:42:08+00:00,0.705
2025-12-27 19:43:08+00:00,0.705
2025-12-27 19:44:08+00:00,0.705
2025-12-27 19:45:09+00:00,0.705
2025-12-27 19:46:08+00:00,0.705
2025-12-27 19:47:08+00:00,0.705
2025-12-27 19:48:09+00:00,0.705
2025-12-27 19:49:08+00:00,0.705
2025-12-27 19:50:11+00:00,0.705
2025-12-27 19:51:08+00:00,0.705
2025-12-27 19:52:08+00:00,0.705
2025-12-27 19:53:08+00:00,0.705
2025-12-27 19:54:08+00:00,0.705
2025-12-27 19:55:08+00:00,0.705
2025-12-27 19:56:08+00:00,0.705
2025-12-27 19:57:08+00:00,0.705
2025-12-27 19:58:07+00:00,0.705
2025-12-27 19:59:08+00:00,0.705
2025-12-27 20:00:09+00:00,0.705
2025-12-27 20:01:08+00:00,0.705
2025-12-27 20:02:08+00:00,0.705
2025-12-27 20:03:08+00:00,0.705
2025-12-27 20:04:08+00:00,0.705
2025-12-27 20:05:09+00:00,0.705
2025-12-27 20:06:08+00:00,0.705
2025-12-27 20:07:08+00:00,0.705
2025-12-27 20:08:08+00:00,0.705
2025-12-27 20:09:08+00:00,0.705
2025-12-27 20:10:08+00:00,0.705
2025-12-27 20:11:08+00:00,0.705
2025-12-27 20:12:08+00:00,0.705
2025-12-27 20:13:08+00:00,0.705
2025-12-27 20:14:08+00:00,0.705
2025-12-27 20:15:09+00:00,0.705
2025-12-27 20:16:11+00:00,0.705
2025-12-27 20:17:08+00:00,0.705
2025-12-27 20:18:08+00:00,0.705
2025-12-27 20:19:08+00:00,0.705
2025-12-27 20:20:09+00:00,0.705
2025-12-27 20:21:08+00:00,0.705
2025-12-27 20:22:08+00:00,0.705
2025-12-27 20:23:07+00:00,0.705
2025-12-27 20:24:08+00:00,0.705
2025-12-27 20:25:08+00:00,0.705
2025-12-27 20:26:09+00:00,0.705
2025-12-27 20:27:08+00:00,0.705
2025-12-27 20:28:08+00:00,0.705
2025-12-27 20:29:08+00:00,0.705
2025-12-27 20:30:10+00:00,0.705
2025-12-27 20:31:08+00:00,0.705
2025-12-27 20:32:21+00:00,0.705
2025-12-27 20:33:07+00:00,0.705
2025-12-27 20:34:08+00:00,0.705
2025-12-27 20:35:08+00:00,0.705
2025-12-27 20:36:08+00:00,0.705
2025-12-27 20:37:08+00:00,0.705
2025-12-27 20:38:08+00:00,0.705
2025-12-27 20:39:08+00:00,0.705
2025-12-27 20:40:08+00:00,0.705
2025-12-27 20:41:08+00:00,0.705
2025-12-27 20:42:10+00:00,0.705
2025-12-27 20:43:08+00:00,0.705
2025-12-27 20:44:08+00:00,0.705
2025-12-27 20:45:09+00:00,0.705
2025-12-27 20:46:22+00:00,0.705
2025-12-27 20:47:08+00:00,0.705
2025-12-27 20:48:08+00:00,0.705
2025-12-27 20:49:20+00:00,0.705
2025-12-27 20:50:08+00:00,0.705
2025-12-27 20:51:07+00:00,0.705
2025-12-27 20:52:08+00:00,0.705
2025-12-27 20:53:08+00:00,0.705
2025-12-27 20:54:08+00:00,0.705
2025-12-27 20:55:08+00:00,0.705
2025-12-27 20:56:08+00:00,0.705
2025-12-27 20:57:08+00:00,0.705
2025-12-27 20:58:08+00:00,0.705
2025-12-27 20:59:08+00:00,0.705
2025-12-27 21:00:09+00:00,0.705
2025-12-27 21:01:08+00:00,0.705
2025-12-27 21:02:08+00:00,0.705
2025-12-27 21:03:08+00:00,0.705
2025-12-27 21:04:08+00:00,0.705
2025-12-27 21:05:08+00:00,0.705
2025-12-27 21:06:08+00:00,0.705
2025-12-27 21:07:08+00:00,0.705
2025-12-27 21:08:10+00:00,0.705
2025-12-27 21:09:08+00:00,0.705
2025-12-27 21:10:09+00:00,0.705
2025-12-27 21:11:08+00:00,0.705
2025-12-27 21:12:08+00:00,0.705
2025-12-27 21:13:07+00:00,0.705
2025-12-27 21:14:08+00:00,0.705
2025-12-27 21:15:10+00:00,0.705
2025-12-27 21:16:08+00:00,0.705
2025-12-27 21:17:08+00:00,0.705
2025-12-27 21:18:11+00:00,0.705
2025-12-27 21:19:07+00:00,0.705
2025-12-27 21:20:09+00:00,0.705
2025-12-27 21:21:21+00:00,0.705
2025-12-27 21:22:07+00:00,0.705
2025-12-27 21:23:07+00:00,0.705
2025-12-27 21:24:08+00:00,0.705
2025-12-27 21:25:08+00:00,0.705
2025-12-27 21:26:08+00:00,0.705
2025-12-27 21:27:08+00:00,0.705
2025-12-27 21:28:08+00:00,0.705
2025-12-27 21:29:08+00:00,0.705
2025-12-27 21:30:08+00:00,0.705
2025-12-27 21:31:08+00:00,0.705
2025-12-27 21:32:08+00:00,0.705
2025-12-27 21:33:08+00:00,0.705
2025-12-27 21:34:08+00:00,0.705
2025-12-27 21:35:08+00:00,0.705
2025-12-27 21:36:08+00:00,0.705
2025-12-27 21:37:08+00:00,0.705
2025-12-27 21:38:08+00:00,0.705
2025-12-27 21:39:08+00:00,0.705
2025-12-27 21:40:08+00:00,0.705
2025-12-27 21:41:07+00:00,0.705
2025-12-27 21:42:08+00:00,0.705
2025-12-27 21:43:08+00:00,0.705
2025-12-27 21:44:11+00:00,0.705
2025-12-27 21:45:09+00:00,0.705
2025-12-27 21:46:08+00:00,0.705
2025-12-27 21:47:22+00:00,0.705
2025-12-27 21:48:08+00:00,0.705
2025-12-27 21:49:08+00:00,0.705
2025-12-27 21:50:08+00:00,0.705
2025-12-27 21:51:08+00:00,0.705
2025-12-27 21:52:08+00:00,0.705
2025-12-27 21:53:08+00:00,0.705
2025-12-27 21:54:09+00:00,0.705
2025-12-27 21:55:08+00:00,0.705
2025-12-27 21:56:08+00:00,0.705
2025-12-27 21:57:08+00:00,0.705
2025-12-27 21:58:08+00:00,0.705
2025-12-27 21:59:08+00:00,0.705
2025-12-27 22:00:10+00:00,0.705
2025-12-27 22:01:08+00:00,0.705
2025-12-27 22:02:08+00:00,0.705
2025-12-27 22:03:08+00:00,0.705
2025-12-27 22:04:08+00:00,0.705
2025-12-27 22:05:08+00:00,0.705
2025-12-27 22:06:08+00:00,0.705
2025-12-27 22:07:08+00:00,0.705
2025-12-27 22:08:08+00:00,0.705
2025-12-27 22:09:08+00:00,0.705
2025-12-27 22:10:12+00:00,0.705
2025-12-27 22:11:08+00:00,0.705
2025-12-27 22:12:08+00:00,0.705
2025-12-27 22:13:08+00:00,0.705
2025-12-27 22:14:09+00:00,0.705
2025-12-27 22:15:09+00:00,0.705
2025-12-27 22:16:08+00:00,0.71
2025-12-27 22:17:08+00:00,0.71
2025-12-27 22:18:08+00:00,0.71
2025-12-27 22:19:08+00:00,0.71
2025-12-27 22:20:08+00:00,0.71
2025-12-27 22:21:08+00:00,0.71
2025-12-27 22:22:09+00:00,0.71
2025-12-27 22:23:08+00:00,0.705
2025-12-27 22:24:10+00:00,0.705
2025-12-27 22:25:09+00:00,0.71
2025-12-27 22:26:08+00:00,0.71
2025-12-27 22:27:08+00:00,0.71
2025-12-27 22:28:08+00:00,0.71
2025-12-27 22:29:08+00:00,0.71
2025-12-27 22:30:09+00:00,0.71
2025-12-27 22:31:08+00:00,0.71
2025-12-27 22:32:08+00:00,0.71
2025-12-27 22:33:08+00:00,0.71
2025-12-27 22:34:08+00:00,0.71
2025-12-27 22:35:08+00:00,0.71
2025-12-27 22:36:07+00:00,0.71
2025-12-27 22:37:08+00:00,0.71
2025-12-27 22:38:07+00:00,0.715
2025-12-27 22:39:08+00:00,0.715
2025-12-27 22:40:08+00:00,0.715
2025-12-27 22:41:09+00:00,0.715
2025-12-27 22:42:08+00:00,0.715
2025-12-27 22:43:08+00:00,0.715
2025-12-27 22:44:08+00:00,0.715
2025-12-27 22:45:08+00:00,0.715
2025-12-27 22:46:09+00:00,0.715
2025-12-27 22:47:08+00:00,0.715
2025-12-27 22:48:08+00:00,0.715
2025-12-27 22:49:08+00:00,0.715
2025-12-27 22:50:12+00:00,0.715
2025-12-27 22:51:08+00:00,0.715
2025-12-27 22:52:09+00:00,0.715
2025-12-27 22:53:08+00:00,0.715
2025-12-27 22:54:08+00:00,0.715
2025-12-27 22:55:08+00:00,0.715
2025-12-27 22:56:08+00:00,0.715
2025-12-27 22:57:08+00:00,0.715
2025-12-27 22:58:08+00:00,0.715
2025-12-27 22:59:08+00:00,0.715
2025-12-27 23:00:09+00:00,0.715
2025-12-27 23:01:08+00:00,0.715
2025-12-27 23:02:09+00:00,0.715
2025-12-27 23:03:11+00:00,0.715
2025-12-27 23:04:08+00:00,0.715
2025-12-27 23:05:08+00:00,0.715
2025-12-27 23:06:09+00:00,0.715
2025-12-27 23:07:08+00:00,0.715
2025-12-27 23:08:08+00:00,0.715
2025-12-27 23:09:08+00:00,0.715
2025-12-27 23:10:08+00:00,0.715
2025-12-27 23:11:08+00:00,0.715
2025-12-27 23:12:08+00:00,0.715
2025-12-27 23:13:07+00:00,0.715
2025-12-27 23:14:08+00:00,0.715
2025-12-27 23:15:08+00:00,0.715
2025-12-27 23:16:08+00:00,0.715
2025-12-27 23:17:08+00:00,0.715
2025-12-27 23:18:08+00:00,0.715
2025-12-27 23:19:08+00:00,0.715
2025-12-27 23:20:08+00:00,0.715
2025-12-27 23:21:08+00:00,0.715
2025-12-27 23:22:08+00:00,0.715
2025-12-27 23:23:08+00:00,0.715
2025-12-27 23:24:08+00:00,0.715
2025-12-27 23:25:08+00:00,0.715
2025-12-27 23:26:08+00:00,0.715
2025-12-27 23:27:08+00:00,0.715
2025-12-27 23:28:08+00:00,0.715
2025-12-27 23:29:10+00:00,0.715
2025-12-27 23:30:10+00:00,0.715
2025-12-27 23:31:08+00:00,0.715
2025-12-27 23:32:08+00:00,0.715
2025-12-27 23:33:08+00:00,0.715
2025-12-27 23:34:07+00:00,0.715
2025-12-27 23:35:08+00:00,0.715
2025-12-27 23:36:08+00:00,0.715
2025-12-27 23:37:08+00:00,0.715
2025-12-27 23:38:08+00:00,0.715
2025-12-27 23:39:07+00:00,0.715
2025-12-27 23:40:08+00:00,0.715
2025-12-27 23:41:08+00:00,0.715
2025-12-27 23:42:08+00:00,0.715
2025-12-27 23:43:08+00:00,0.715
2025-12-27 23:44:07+00:00,0.715
2025-12-27 23:45:09+00:00,0.715
2025-12-27 23:46:08+00:00,0.715
2025-12-27 23:47:08+00:00,0.715
2025-12-27 23:48:08+00:00,0.715
2025-12-27 23:49:08+00:00,0.715
2025-12-27 23:50:09+00:00,0.715
2025-12-27 23:51:08+00:00,0.715
2025-12-27 23:52:08+00:00,0.715
2025-12-27 23:53:08+00:00,0.715
2025-12-27 23:54:08+00:00,0.715
2025-12-27 23:55:11+00:00,0.715
2025-12-27 23:56:08+00:00,0.715
2025-12-27 23:57:07+00:00,0.715
2025-12-27 23:58:08+00:00,0.715
2025-12-27 23:59:08+00:00,0.715
2025-12-28 00:00:11+00:00,0.715
2025-12-28 00:01:08+00:00,0.715
2025-12-28 00:02:08+00:00,0.715
2025-12-28 00:03:08+00:00,0.715
2025-12-28 00:04:08+00:00,0.715
2025-12-28 00:05:08+00:00,0.715
2025-12-28 00:06:07+00:00,0.715
2025-12-28 00:07:08+00:00,0.715
2025-12-28 00:08:09+00:00,0.715
2025-12-28 00:09:07+00:00,0.715
2025-12-28 00:10:08+00:00,0.715
2025-12-28 00:11:07+00:00,0.715
2025-12-28 00:12:08+00:00,0.715
2025-12-28 00:13:07+00:00,0.715
2025-12-28 00:14:08+00:00,0.715
2025-12-28 00:15:08+00:00,0.715
2025-12-28 00:16:08+00:00,0.715
2025-12-28 00:17:08+00:00,0.715
2025-12-28 00:18:08+00:00,0.715
2025-12-28 00:19:08+00:00,0.715
2025-12-28 00:20:08+00:00,0.715
2025-12-28 00:21:09+00:00,0.715
2025-12-28 00:22:08+00:00,0.715
2025-12-28 00:23:08+00:00,0.715
2025-12-28 00:24:08+00:00,0.715
2025-12-28 00:25:08+00:00,0.715
2025-12-28 00:26:08+00:00,0.715
2025-12-28 00:27:08+00:00,0.715
2025-12-28 00:28:08+00:00,0.715
2025-12-28 00:29:08+00:00,0.715
2025-12-28 00:30:09+00:00,0.715
2025-12-28 00:31:08+00:00,0.715
2025-12-28 00:32:08+00:00,0.715
2025-12-28 00:33:08+00:00,0.715
2025-12-28 00:34:08+00:00,0.715
2025-12-28 00:35:08+00:00,0.715
2025-12-28 00:36:08+00:00,0.715
2025-12-28 00:37:08+00:00,0.715
2025-12-28 00:38:07+00:00,0.715
2025-12-28 00:39:08+00:00,0.715
2025-12-28 00:40:08+00:00,0.715
2025-12-28 00:41:08+00:00,0.715
2025-12-28 00:42:08+00:00,0.715
2025-12-28 00:43:08+00:00,0.715
2025-12-28 00:44:08+00:00,0.715
2025-12-28 00:45:08+00:00,0.715
2025-12-28 00:46:08+00:00,0.715
2025-12-28 00:47:10+00:00,0.715
2025-12-28 00:48:08+00:00,0.715
2025-12-28 00:49:08+00:00,0.715
2025-12-28 00:50:08+00:00,0.715
2025-12-28 00:51:08+00:00,0.715
2025-12-28 00:52:07+00:00,0.715
2025-12-28 00:53:08+00:00,0.715
2025-12-28 00:54:08+00:00,0.715
2025-12-28 00:55:08+00:00,0.715
2025-12-28 00:56:08+00:00,0.715
2025-12-28 00:57:08+00:00,0.715
2025-12-28 00:58:08+00:00,0.715
2025-12-28 00:59:08+00:00,0.715
2025-12-28 01:01:24+00:00,0.715
2025-12-28 01:01:40+00:00,0.715
2025-12-28 01:02:07+00:00,0.715
2025-12-28 01:03:08+00:00,0.715
2025-12-28 01:04:08+00:00,0.715
2025-12-28 01:05:08+00:00,0.715
2025-12-28 01:06:08+00:00,0.715
2025-12-28 01:07:07+00:00,0.715
2025-12-28 01:08:08+00:00,0.715
2025-12-28 01:09:08+00:00,0.715
2025-12-28 01:10:08+00:00,0.715
2025-12-28 01:11:08+00:00,0.715
2025-12-28 01:12:08+00:00,0.715
2025-12-28 01:13:09+00:00,0.715
2025-12-28 01:14:08+00:00,0.715
2025-12-28 01:15:08+00:00,0.715
2025-12-28 01:16:08+00:00,0.715
2025-12-28 01:17:08+00:00,0.715
2025-12-28 01:18:08+00:00,0.715
2025-12-28 01:19:08+00:00,0.715
2025-12-28 01:20:08+00:00,0.715
2025-12-28 01:21:08+00:00,0.715
2025-12-28 01:22:08+00:00,0.715
2025-12-28 01:23:08+00:00,0.715
2025-12-28 01:24:08+00:00,0.715
2025-12-28 01:25:08+00:00,0.715
2025-12-28 01:26:08+00:00,0.715
2025-12-28 01:27:08+00:00,0.715
2025-12-28 01:28:08+00:00,0.715
2025-12-28 01:29:07+00:00,0.715
2025-12-28 01:30:09+00:00,0.715
2025-12-28 01:31:08+00:00,0.715
2025-12-28 01:32:08+00:00,0.715
2025-12-28 01:33:08+00:00,0.715
2025-12-28 01:34:08+00:00,0.715
2025-12-28 01:35:08+00:00,0.715
2025-12-28 01:36:08+00:00,0.715
2025-12-28 01:37:08+00:00,0.715
2025-12-28 01:38:09+00:00,0.715
2025-12-28 01:39:10+00:00,0.715
2025-12-28 01:40:08+00:00,0.715
2025-12-28 01:41:08+00:00,0.715
2025-12-28 01:42:08+00:00,0.715
2025-12-28 01:43:07+00:00,0.715
2025-12-28 01:44:08+00:00,0.715
2025-12-28 01:45:08+00:00,0.715
2025-12-28 01:46:07+00:00,0.715
2025-12-28 01:47:08+00:00,0.715
2025-12-28 01:48:08+00:00,0.715
2025-12-28 01:49:08+00:00,0.715
2025-12-28 01:50:08+00:00,0.715
2025-12-28 01:51:08+00:00,0.715
2025-12-28 01:52:08+00:00,0.715
2025-12-28 01:53:08+00:00,0.715
2025-12-28 01:54:08+00:00,0.715
2025-12-28 01:55:08+00:00,0.715
2025-12-28 01:56:08+00:00,0.715
2025-12-28 01:57:08+00:00,0.715
2025-12-28 01:58:08+00:00,0.715
2025-12-28 01:59:08+00:00,0.715
2025-12-28 02:00:09+00:00,0.715
2025-12-28 02:01:08+00:00,0.715
2025-12-28 02:02:08+00:00,0.715
2025-12-28 02:03:08+00:00,0.715
2025-12-28 02:04:08+00:00,0.715
2025-12-28 02:05:10+00:00,0.715
2025-12-28 02:06:08+00:00,0.715
2025-12-28 02:07:08+00:00,0.715
2025-12-28 02:08:08+00:00,0.715
2025-12-28 02:09:07+00:00,0.715
2025-12-28 02:10:08+00:00,0.715
2025-12-28 02:11:08+00:00,0.715
2025-12-28 02:12:08+00:00,0.715
2025-12-28 02:13:08+00:00,0.715
2025-12-28 02:14:08+00:00,0.715
2025-12-28 02:15:08+00:00,0.715
2025-12-28 02:16:10+00:00,0.715
2025-12-28 02:17:09+00:00,0.715
2025-12-28 02:18:08+00:00,0.715
2025-12-28 02:19:08+00:00,0.715
2025-12-28 02:20:09+00:00,0.715
2025-12-28 02:21:08+00:00,0.715
2025-12-28 02:22:08+00:00,0.715
2025-12-28 02:23:08+00:00,0.715
2025-12-28 02:24:08+00:00,0.715
2025-12-28 02:25:09+00:00,0.715
2025-12-28 02:26:07+00:00,0.715
2025-12-28 02:27:08+00:00,0.715
2025-12-28 02:28:08+00:00,0.715
2025-12-28 02:29:08+00:00,0.715
2025-12-28 02:30:21+00:00,0.715
2025-12-28 02:31:08+00:00,0.715
2025-12-28 02:32:08+00:00,0.715
2025-12-28 02:33:08+00:00,0.715
2025-12-28 02:34:08+00:00,0.715
2025-12-28 02:35:08+00:00,0.715
2025-12-28 02:36:08+00:00,0.715
2025-12-28 02:37:07+00:00,0.715
2025-12-28 02:38:08+00:00,0.715
2025-12-28 02:39:08+00:00,0.715
2025-12-28 02:40:09+00:00,0.715
2025-12-28 02:41:08+00:00,0.715
2025-12-28 02:42:10+00:00,0.715
2025-12-28 02:43:08+00:00,0.715
2025-12-28 02:44:08+00:00,0.715
2025-12-28 02:45:09+00:00,0.715
2025-12-28 02:46:08+00:00,0.715
2025-12-28 02:47:08+00:00,0.715
2025-12-28 02:48:09+00:00,0.715
2025-12-28 02:49:08+00:00,0.715
2025-12-28 02:50:09+00:00,0.715
2025-12-28 02:51:08+00:00,0.715
2025-12-28 02:52:08+00:00,0.715
2025-12-28 02:53:08+00:00,0.715
2025-12-28 02:54:08+00:00,0.715
2025-12-28 02:55:08+00:00,0.715
2025-12-28 02:56:08+00:00,0.715
2025-12-28 02:57:08+00:00,0.715
2025-12-28 02:58:10+00:00,0.715
2025-12-28 02:59:21+00:00,0.715
2025-12-28 03:00:10+00:00,0.715
2025-12-28 03:01:08+00:00,0.715
2025-12-28 03:02:08+00:00,0.715
2025-12-28 03:03:08+00:00,0.715
2025-12-28 03:04:08+00:00,0.715
2025-12-28 03:05:09+00:00,0.715
2025-12-28 03:06:08+00:00,0.715
2025-12-28 03:07:08+00:00,0.715
2025-12-28 03:08:08+00:00,0.715
2025-12-28 03:09:08+00:00,0.715
2025-12-28 03:10:08+00:00,0.715
2025-12-28 03:11:08+00:00,0.715
2025-12-28 03:12:08+00:00,0.715
2025-12-28 03:13:07+00:00,0.715
2025-12-28 03:14:08+00:00,0.715
2025-12-28 03:15:08+00:00,0.715
2025-12-28 03:16:08+00:00,0.715
2025-12-28 03:17:08+00:00,0.715
2025-12-28 03:18:09+00:00,0.715
2025-12-28 03:19:08+00:00,0.715
2025-12-28 03:20:09+00:00,0.715
2025-12-28 03:21:08+00:00,0.715
2025-12-28 03:22:08+00:00,0.715
2025-12-28 03:23:08+00:00,0.715
2025-12-28 03:24:10+00:00,0.715
2025-12-28 03:25:09+00:00,0.715
2025-12-28 03:26:08+00:00,0.715
2025-12-28 03:27:08+00:00,0.715
2025-12-28 03:28:08+00:00,0.715
2025-12-28 03:29:07+00:00,0.715
2025-12-28 03:30:09+00:00,0.715
2025-12-28 03:31:08+00:00,0.715
2025-12-28 03:32:08+00:00,0.715
2025-12-28 03:33:08+00:00,0.715
2025-12-28 03:34:09+00:00,0.715
2025-12-28 03:35:08+00:00,0.715
2025-12-28 03:36:08+00:00,0.715
2025-12-28 03:37:08+00:00,0.715
2025-12-28 03:38:08+00:00,0.715
2025-12-28 03:39:08+00:00,0.715
2025-12-28 03:40:08+00:00,0.715
2025-12-28 03:41:08+00:00,0.715
2025-12-28 03:42:07+00:00,0.715
2025-12-28 03:43:08+00:00,0.715
2025-12-28 03:44:07+00:00,0.715
2025-12-28 03:45:09+00:00,0.715
2025-12-28 03:46:08+00:00,0.715
2025-12-28 03:47:08+00:00,0.715
2025-12-28 03:48:08+00:00,0.715
2025-12-28 03:49:07+00:00,0.715
2025-12-28 03:50:12+00:00,0.715
2025-12-28 03:51:08+00:00,0.715
2025-12-28 03:52:08+00:00,0.715
2025-12-28 03:53:08+00:00,0.715
2025-12-28 03:54:07+00:00,0.715
2025-12-28 03:55:08+00:00,0.715
2025-12-28 03:56:08+00:00,0.715
2025-12-28 03:57:08+00:00,0.715
2025-12-28 03:58:07+00:00,0.715
2025-12-28 03:59:08+00:00,0.715
2025-12-28 04:00:09+00:00,0.715
2025-12-28 04:01:08+00:00,0.715
2025-12-28 04:02:08+00:00,0.715
2025-12-28 04:03:08+00:00,0.715
2025-12-28 04:04:08+00:00,0.715
2025-12-28 04:05:08+00:00,0.715
2025-12-28 04:06:08+00:00,0.715
2025-12-28 04:07:08+00:00,0.715
2025-12-28 04:08:08+00:00,0.715
2025-12-28 04:09:07+00:00,0.715
2025-12-28 04:10:07+00:00,0.715
2025-12-28 04:11:08+00:00,0.715
2025-12-28 04:12:11+00:00,0.715
2025-12-28 04:13:07+00:00,0.715
2025-12-28 04:14:07+00:00,0.715
2025-12-28 04:15:08+00:00,0.715
2025-12-28 04:16:09+00:00,0.715
2025-12-28 04:17:08+00:00,0.715
2025-12-28 04:18:08+00:00,0.715
2025-12-28 04:19:08+00:00,0.715
2025-12-28 04:20:08+00:00,0.715
2025-12-28 04:21:08+00:00,0.715
2025-12-28 04:22:07+00:00,0.715
2025-12-28 04:23:08+00:00,0.715
2025-12-28 04:24:08+00:00,0.715
2025-12-28 04:25:08+00:00,0.715
2025-12-28 04:26:08+00:00,0.715
2025-12-28 04:27:08+00:00,0.715
2025-12-28 04:28:07+00:00,0.715
2025-12-28 04:29:07+00:00,0.715
2025-12-28 04:30:08+00:00,0.715
2025-12-28 04:31:07+00:00,0.715
2025-12-28 04:32:08+00:00,0.715
2025-12-28 04:33:08+00:00,0.715
2025-12-28 04:34:08+00:00,0.715
2025-12-28 04:35:08+00:00,0.715
2025-12-28 04:36:08+00:00,0.715
2025-12-28 04:37:07+00:00,0.715
2025-12-28 04:38:09+00:00,0.715
2025-12-28 04:39:07+00:00,0.715
2025-12-28 04:40:08+00:00,0.715
2025-12-28 04:41:08+00:00,0.715
2025-12-28 04:42:07+00:00,0.715
2025-12-28 04:43:07+00:00,0.715
2025-12-28 04:44:08+00:00,0.715
2025-12-28 04:45:07+00:00,0.715
2025-12-28 04:46:08+00:00,0.715
2025-12-28 04:47:08+00:00,0.715
2025-12-28 04:48:08+00:00,0.715
2025-12-28 04:49:08+00:00,0.715
2025-12-28 04:50:09+00:00,0.715
2025-12-28 04:51:07+00:00,0.715
2025-12-28 04:52:07+00:00,0.715
2025-12-28 04:53:07+00:00,0.715
2025-12-28 04:54:08+00:00,0.715
2025-12-28 04:55:08+00:00,0.715
2025-12-28 04:56:08+00:00,0.715
2025-12-28 04:57:08+00:00,0.715
2025-12-28 04:58:07+00:00,0.715
2025-12-28 04:59:07+00:00,0.715
2025-12-28 05:00:09+00:00,0.715
2025-12-28 05:01:08+00:00,0.715
2025-12-28 05:02:08+00:00,0.715
2025-12-28 05:03:08+00:00,0.715
2025-12-28 05:04:10+00:00,0.715
2025-12-28 05:05:08+00:00,0.715
2025-12-28 05:06:09+00:00,0.715
2025-12-28 05:07:07+00:00,0.715
2025-12-28 05:08:08+00:00,0.715
2025-12-28 05:09:10+00:00,0.715
2025-12-28 05:10:08+00:00,0.715
2025-12-28 05:11:08+00:00,0.715
2025-12-28 05:12:08+00:00,0.715
2025-12-28 05:13:08+00:00,0.715
2025-12-28 05:14:08+00:00,0.715
2025-12-28 05:15:09+00:00,0.715
2025-12-28 05:16:08+00:00,0.715
2025-12-28 05:17:07+00:00,0.715
2025-12-28 05:18:08+00:00,0.715
2025-12-28 05:19:07+00:00,0.715
2025-12-28 05:20:08+00:00,0.715
2025-12-28 05:21:08+00:00,0.715
2025-12-28 05:22:08+00:00,0.715
2025-12-28 05:23:08+00:00,0.715
2025-12-28 05:24:07+00:00,0.715
2025-12-28 05:25:08+00:00,0.715
2025-12-28 05:26:08+00:00,0.715
2025-12-28 05:27:08+00:00,0.715
2025-12-28 05:28:08+00:00,0.715
2025-12-28 05:29:08+00:00,0.715
2025-12-28 05:30:09+00:00,0.715
2025-12-28 05:31:08+00:00,0.715
2025-12-28 05:32:08+00:00,0.715
2025-12-28 05:33:08+00:00,0.715
2025-12-28 05:34:07+00:00,0.715
2025-12-28 05:35:11+00:00,0.715
2025-12-28 05:36:08+00:00,0.715
2025-12-28 05:37:08+00:00,0.715
2025-12-28 05:38:07+00:00,0.715
2025-12-28 05:39:08+00:00,0.715
2025-12-28 05:40:08+00:00,0.715
2025-12-28 05:41:08+00:00,0.715
2025-12-28 05:42:08+00:00,0.715
2025-12-28 05:43:07+00:00,0.715
2025-12-28 05:44:07+00:00,0.715
2025-12-28 05:45:10+00:00,0.715
2025-12-28 05:46:08+00:00,0.715
2025-12-28 05:47:08+00:00,0.715
2025-12-28 05:48:08+00:00,0.715
2025-12-28 05:49:08+00:00,0.715
2025-12-28 05:50:08+00:00,0.715
2025-12-28 05:51:08+00:00,0.715
2025-12-28 05:52:08+00:00,0.715
2025-12-28 05:53:08+00:00,0.715
2025-12-28 05:54:21+00:00,0.715
2025-12-28 05:55:08+00:00,0.715
2025-12-28 05:56:08+00:00,0.715
2025-12-28 05:57:08+00:00,0.715
2025-12-28 05:58:07+00:00,0.715
2025-12-28 05:59:08+00:00,0.715
2025-12-28 06:00:09+00:00,0.715
2025-12-28 06:01:07+00:00,0.715
2025-12-28 06:02:08+00:00,0.715
2025-12-28 06:03:08+00:00,0.715
2025-12-28 06:04:08+00:00,0.715
2025-12-28 06:05:09+00:00,0.715
2025-12-28 06:06:08+00:00,0.715
2025-12-28 06:07:08+00:00,0.715
2025-12-28 06:08:10+00:00,0.715
2025-12-28 06:09:07+00:00,0.715
2025-12-28 06:10:08+00:00,0.705
2025-12-28 06:11:07+00:00,0.705
2025-12-28 06:12:08+00:00,0.705
2025-12-28 06:13:07+00:00,0.705
2025-12-28 06:14:08+00:00,0.705
2025-12-28 06:15:08+00:00,0.705
2025-12-28 06:16:08+00:00,0.705
2025-12-28 06:17:08+00:00,0.705
2025-12-28 06:18:08+00:00,0.705
2025-12-28 06:19:08+00:00,0.705
2025-12-28 06:20:08+00:00,0.705
2025-12-28 06:21:07+00:00,0.705
2025-12-28 06:22:08+00:00,0.705
2025-12-28 06:23:08+00:00,0.705
2025-12-28 06:24:07+00:00,0.705
2025-12-28 06:25:20+00:00,0.705
2025-12-28 06:26:08+00:00,0.705
2025-12-28 06:27:08+00:00,0.705
2025-12-28 06:28:08+00:00,0.705
2025-12-28 06:29:07+00:00,0.71
2025-12-28 06:30:08+00:00,0.71
2025-12-28 06:31:08+00:00,0.71
2025-12-28 06:32:08+00:00,0.71
2025-12-28 06:33:08+00:00,0.71
2025-12-28 06:34:10+00:00,0.705
2025-12-28 06:35:08+00:00,0.71
2025-12-28 06:36:11+00:00,0.71
2025-12-28 06:37:09+00:00,0.71
2025-12-28 06:38:08+00:00,0.71
2025-12-28 06:39:08+00:00,0.71
2025-12-28 06:40:08+00:00,0.71
2025-12-28 06:41:07+00:00,0.71
2025-12-28 06:42:07+00:00,0.71
2025-12-28 06:43:07+00:00,0.71
2025-12-28 06:44:07+00:00,0.71
2025-12-28 06:45:08+00:00,0.71
2025-12-28 06:46:08+00:00,0.71
2025-12-28 06:47:08+00:00,0.71
2025-12-28 06:48:08+00:00,0.71
2025-12-28 06:49:07+00:00,0.71
2025-12-28 06:50:08+00:00,0.71
2025-12-28 06:51:08+00:00,0.71
2025-12-28 06:52:07+00:00,0.71
2025-12-28 06:53:07+00:00,0.71
2025-12-28 06:54:08+00:00,0.71
2025-12-28 06:55:08+00:00,0.71
2025-12-28 06:56:08+00:00,0.71
2025-12-28 06:57:07+00:00,0.71
2025-12-28 06:58:07+00:00,0.71
2025-12-28 06:59:07+00:00,0.71
2025-12-28 07:00:09+00:00,0.715
2025-12-28 07:01:08+00:00,0.715
2025-12-28 07:02:11+00:00,0.715
2025-12-28 07:03:08+00:00,0.715
2025-12-28 07:04:08+00:00,0.715
2025-12-28 07:05:08+00:00,0.715
2025-12-28 07:06:11+00:00,0.715
2025-12-28 07:07:08+00:00,0.715
2025-12-28 07:08:08+00:00,0.715
2025-12-28 07:09:07+00:00,0.715
2025-12-28 07:10:08+00:00,0.715
2025-12-28 07:11:08+00:00,0.715
2025-12-28 07:12:08+00:00,0.715
2025-12-28 07:13:08+00:00,0.715
2025-12-28 07:14:07+00:00,0.715
2025-12-28 07:15:08+00:00,0.715
2025-12-28 07:16:08+00:00,0.715
2025-12-28 07:17:08+00:00,0.715
2025-12-28 07:18:08+00:00,0.715
2025-12-28 07:19:07+00:00,0.715
2025-12-28 07:20:08+00:00,0.715
2025-12-28 07:21:08+00:00,0.715
2025-12-28 07:22:08+00:00,0.715
2025-12-28 07:23:08+00:00,0.715
2025-12-28 07:24:07+00:00,0.715
2025-12-28 07:25:08+00:00,0.715
2025-12-28 07:26:07+00:00,0.715
2025-12-28 07:27:08+00:00,0.715
2025-12-28 07:28:07+00:00,0.715
2025-12-28 07:29:08+00:00,0.715
2025-12-28 07:30:20+00:00,0.715
2025-12-28 07:31:07+00:00,0.715
2025-12-28 07:32:10+00:00,0.715
2025-12-28 07:33:08+00:00,0.715
2025-12-28 07:34:08+00:00,0.715
2025-12-28 07:35:08+00:00,0.715
2025-12-28 07:36:08+00:00,0.715
2025-12-28 07:37:08+00:00,0.715
2025-12-28 07:38:07+00:00,0.715
2025-12-28 07:39:08+00:00,0.71
2025-12-28 07:40:08+00:00,0.71
2025-12-28 07:41:08+00:00,0.71
2025-12-28 07:42:08+00:00,0.71
2025-12-28 07:43:07+00:00,0.71
2025-12-28 07:44:08+00:00,0.71
2025-12-28 07:45:08+00:00,0.71
2025-12-28 07:46:08+00:00,0.71
2025-12-28 07:47:07+00:00,0.71
2025-12-28 07:48:08+00:00,0.71
2025-12-28 07:49:07+00:00,0.71
2025-12-28 07:50:08+00:00,0.71
2025-12-28 07:51:07+00:00,0.71
2025-12-28 07:52:08+00:00,0.71
2025-12-28 07:53:08+00:00,0.71
2025-12-28 07:54:07+00:00,0.71
2025-12-28 07:55:07+00:00,0.71
2025-12-28 07:56:08+00:00,0.71
2025-12-28 07:57:10+00:00,0.71
2025-12-28 07:58:07+00:00,0.71
2025-12-28 07:59:07+00:00,0.71
2025-12-28 08:00:09+00:00,0.71
2025-12-28 08:01:07+00:00,0.715
2025-12-28 08:02:08+00:00,0.715
2025-12-28 08:03:08+00:00,0.715
2025-12-28 08:04:08+00:00,0.715
2025-12-28 08:05:08+00:00,0.715
2025-12-28 08:06:08+00:00,0.715
2025-12-28 08:07:08+00:00,0.715
2025-12-28 08:08:08+00:00,0.715
2025-12-28 08:09:08+00:00,0.715
2025-12-28 08:10:09+00:00,0.715
2025-12-28 08:11:08+00:00,0.715
2025-12-28 08:12:07+00:00,0.715
2025-12-28 08:13:10+00:00,0.715
2025-12-28 08:14:08+00:00,0.715
2025-12-28 08:15:09+00:00,0.715
2025-12-28 08:16:08+00:00,0.715
2025-12-28 08:17:08+00:00,0.715
2025-12-28 08:18:08+00:00,0.715
2025-12-28 08:19:08+00:00,0.715
2025-12-28 08:20:08+00:00,0.715
2025-12-28 08:21:07+00:00,0.715
2025-12-28 08:22:08+00:00,0.715
2025-12-28 08:23:08+00:00,0.715
2025-12-28 08:24:07+00:00,0.715
2025-12-28 08:25:08+00:00,0.715
2025-12-28 08:26:08+00:00,0.715
2025-12-28 08:27:08+00:00,0.715
2025-12-28 08:28:08+00:00,0.715
2025-12-28 08:29:07+00:00,0.715
2025-12-28 08:30:10+00:00,0.715
2025-12-28 08:31:07+00:00,0.715
2025-12-28 08:32:08+00:00,0.715
2025-12-28 08:33:08+00:00,0.715
2025-12-28 08:34:08+00:00,0.715
2025-12-28 08:35:08+00:00,0.715
2025-12-28 08:36:08+00:00,0.715
2025-12-28 08:37:08+00:00,0.715
2025-12-28 08:38:07+00:00,0.715
2025-12-28 08:39:10+00:00,0.715
2025-12-28 08:40:08+00:00,0.715
2025-12-28 08:41:07+00:00,0.715
2025-12-28 08:42:08+00:00,0.715
2025-12-28 08:43:07+00:00,0.715
2025-12-28 08:44:08+00:00,0.715
2025-12-28 08:45:08+00:00,0.715
2025-12-28 08:46:08+00:00,0.715
2025-12-28 08:47:08+00:00,0.705
2025-12-28 08:48:08+00:00,0.705
2025-12-28 08:49:07+00:00,0.705
2025-12-28 08:50:08+00:00,0.705
2025-12-28 08:51:08+00:00,0.705
2025-12-28 08:52:07+00:00,0.705
2025-12-28 08:53:08+00:00,0.705
2025-12-28 08:54:08+00:00,0.705
2025-12-28 08:55:08+00:00,0.705
2025-12-28 08:56:07+00:00,0.705
2025-12-28 08:57:07+00:00,0.705
2025-12-28 08:58:07+00:00,0.705
2025-12-28 08:59:07+00:00,0.705
2025-12-28 09:00:09+00:00,0.705
2025-12-28 09:01:08+00:00,0.705
2025-12-28 09:02:08+00:00,0.705
2025-12-28 09:03:08+00:00,0.705
2025-12-28 09:04:07+00:00,0.705
2025-12-28 09:05:11+00:00,0.705
2025-12-28 09:06:08+00:00,0.705
2025-12-28 09:07:08+00:00,0.705
2025-12-28 09:08:07+00:00,0.705
2025-12-28 09:09:07+00:00,0.705
2025-12-28 09:10:11+00:00,0.705
2025-12-28 09:11:07+00:00,0.705
2025-12-28 09:12:07+00:00,0.705
2025-12-28 09:13:08+00:00,0.705
2025-12-28 09:14:07+00:00,0.705
2025-12-28 09:15:08+00:00,0.705
2025-12-28 09:16:08+00:00,0.705
2025-12-28 09:17:08+00:00,0.705
2025-12-28 09:18:08+00:00,0.705
2025-12-28 09:19:08+00:00,0.705
2025-12-28 09:20:08+00:00,0.705
2025-12-28 09:21:08+00:00,0.715
2025-12-28 09:22:08+00:00,0.715
2025-12-28 09:23:08+00:00,0.705
2025-12-28 09:24:08+00:00,0.705
2025-12-28 09:25:08+00:00,0.705
2025-12-28 09:26:07+00:00,0.71
2025-12-28 09:27:08+00:00,0.71
2025-12-28 09:28:08+00:00,0.71
2025-12-28 09:29:08+00:00,0.705
2025-12-28 09:30:08+00:00,0.705
2025-12-28 09:31:08+00:00,0.71
2025-12-28 09:32:08+00:00,0.705
2025-12-28 09:33:08+00:00,0.71
2025-12-28 09:34:08+00:00,0.71
2025-12-28 09:35:08+00:00,0.71
2025-12-28 09:36:10+00:00,0.71
2025-12-28 09:37:08+00:00,0.705
2025-12-28 09:38:07+00:00,0.715
2025-12-28 09:39:07+00:00,0.71
2025-12-28 09:40:08+00:00,0.715
2025-12-28 09:41:07+00:00,0.71
2025-12-28 09:42:08+00:00,0.71
2025-12-28 09:43:07+00:00,0.705
2025-12-28 09:44:07+00:00,0.705
2025-12-28 09:45:08+00:00,0.705
2025-12-28 09:46:08+00:00,0.705
2025-12-28 09:47:08+00:00,0.705
2025-12-28 09:48:08+00:00,0.705
2025-12-28 09:49:08+00:00,0.705
2025-12-28 09:50:08+00:00,0.705
2025-12-28 09:51:08+00:00,0.705
2025-12-28 09:52:07+00:00,0.705
2025-12-28 09:53:08+00:00,0.705
2025-12-28 09:54:07+00:00,0.705
2025-12-28 09:55:08+00:00,0.705
2025-12-28 09:56:08+00:00,0.705
2025-12-28 09:57:07+00:00,0.705
2025-12-28 09:58:07+00:00,0.705
2025-12-28 09:59:10+00:00,0.705
2025-12-28 10:00:10+00:00,0.705
2025-12-28 10:01:07+00:00,0.705
2025-12-28 10:02:08+00:00,0.705
2025-12-28 10:03:08+00:00,0.705
2025-12-28 10:04:08+00:00,0.705
2025-12-28 10:05:08+00:00,0.705
2025-12-28 10:06:07+00:00,0.705
2025-12-28 10:07:07+00:00,0.705
2025-12-28 10:08:07+00:00,0.705
2025-12-28 10:09:08+00:00,0.705
2025-12-28 10:10:08+00:00,0.705
2025-12-28 10:11:07+00:00,0.705
2025-12-28 10:12:07+00:00,0.705
2025-12-28 10:13:07+00:00,0.705
2025-12-28 10:14:08+00:00,0.705
2025-12-28 10:15:08+00:00,0.705
2025-12-28 10:16:08+00:00,0.705
2025-12-28 10:17:08+00:00,0.71
2025-12-28 10:18:22+00:00,0.71
2025-12-28 10:19:08+00:00,0.705
2025-12-28 10:20:08+00:00,0.705
2025-12-28 10:21:08+00:00,0.705
2025-12-28 10:22:08+00:00,0.715
2025-12-28 10:23:07+00:00,0.715
2025-12-28 10:24:08+00:00,0.715
2025-12-28 10:25:10+00:00,0.715
2025-12-28 10:26:08+00:00,0.715
2025-12-28 10:27:08+00:00,0.715
2025-12-28 10:28:07+00:00,0.715
2025-12-28 10:29:07+00:00,0.715
2025-12-28 10:30:09+00:00,0.715
2025-12-28 10:31:08+00:00,0.715
2025-12-28 10:32:08+00:00,0.715
2025-12-28 10:33:07+00:00,0.715
2025-12-28 10:34:07+00:00,0.715
2025-12-28 10:35:07+00:00,0.715
2025-12-28 10:36:08+00:00,0.715
2025-12-28 10:37:08+00:00,0.715
2025-12-28 10:38:08+00:00,0.715
2025-12-28 10:39:08+00:00,0.715
2025-12-28 10:40:08+00:00,0.715
2025-12-28 10:41:07+00:00,0.715
2025-12-28 10:42:08+00:00,0.715
2025-12-28 10:43:10+00:00,0.715
2025-12-28 10:44:08+00:00,0.715
2025-12-28 10:45:08+00:00,0.715
2025-12-28 10:46:08+00:00,0.715
2025-12-28 10:47:08+00:00,0.715
2025-12-28 10:48:08+00:00,0.715
2025-12-28 10:49:07+00:00,0.715
2025-12-28 10:50:09+00:00,0.715
2025-12-28 10:51:07+00:00,0.715
2025-12-28 10:52:08+00:00,0.715
2025-12-28 10:53:07+00:00,0.715
2025-12-28 10:54:08+00:00,0.715
2025-12-28 10:55:08+00:00,0.715
2025-12-28 10:56:08+00:00,0.715
2025-12-28 10:57:08+00:00,0.715
2025-12-28 10:58:07+00:00,0.715
2025-12-28 10:59:08+00:00,0.715
2025-12-28 11:00:09+00:00,0.715
2025-12-28 11:01:08+00:00,0.715
2025-12-28 11:02:07+00:00,0.715
2025-12-28 11:03:08+00:00,0.715
2025-12-28 11:04:08+00:00,0.715
2025-12-28 11:05:08+00:00,0.705
2025-12-28 11:06:08+00:00,0.705
2025-12-28 11:07:07+00:00,0.705
2025-12-28 11:08:08+00:00,0.705
2025-12-28 11:09:10+00:00,0.705
2025-12-28 11:10:08+00:00,0.705
2025-12-28 11:11:08+00:00,0.705
2025-12-28 11:12:08+00:00,0.705
2025-12-28 11:13:08+00:00,0.705
2025-12-28 11:14:07+00:00,0.705
2025-12-28 11:15:09+00:00,0.705
2025-12-28 11:16:08+00:00,0.705
2025-12-28 11:17:08+00:00,0.705
2025-12-28 11:18:08+00:00,0.705
2025-12-28 11:19:08+00:00,0.705
2025-12-28 11:20:08+00:00,0.705
2025-12-28 11:21:07+00:00,0.705
2025-12-28 11:22:08+00:00,0.705
2025-12-28 11:23:08+00:00,0.705
2025-12-28 11:24:08+00:00,0.715
2025-12-28 11:25:08+00:00,0.705
2025-12-28 11:26:07+00:00,0.705
2025-12-28 11:27:08+00:00,0.705
2025-12-28 11:28:08+00:00,0.705
2025-12-28 11:29:07+00:00,0.705
2025-12-28 11:30:09+00:00,0.705
2025-12-28 11:31:08+00:00,0.7
2025-12-28 11:32:09+00:00,0.705
2025-12-28 11:33:08+00:00,0.705
2025-12-28 11:34:08+00:00,0.705
2025-12-28 11:35:11+00:00,0.705
2025-12-28 11:36:08+00:00,0.715
2025-12-28 11:37:07+00:00,0.705
2025-12-28 11:38:08+00:00,0.715
2025-12-28 11:39:07+00:00,0.715
2025-12-28 11:40:08+00:00,0.72
2025-12-28 11:41:08+00:00,0.715
2025-12-28 11:42:07+00:00,0.705
2025-12-28 11:43:07+00:00,0.705
2025-12-28 11:44:07+00:00,0.695
2025-12-28 11:45:08+00:00,0.69
2025-12-28 11:46:08+00:00,0.685
2025-12-28 11:47:07+00:00,0.675
2025-12-28 11:48:09+00:00,0.675
2025-12-28 11:49:07+00:00,0.675
2025-12-28 11:50:08+00:00,0.67
2025-12-28 11:51:07+00:00,0.665
2025-12-28 11:52:08+00:00,0.655
2025-12-28 11:53:08+00:00,0.645
2025-12-28 11:54:07+00:00,0.66
2025-12-28 11:55:08+00:00,0.66
2025-12-28 11:56:07+00:00,0.655
2025-12-28 11:57:08+00:00,0.655
2025-12-28 11:58:08+00:00,0.66
2025-12-28 11:59:09+00:00,0.66
2025-12-28 12:00:10+00:00,0.665
2025-12-28 12:01:10+00:00,0.66
2025-12-28 12:02:09+00:00,0.66
2025-12-28 12:03:08+00:00,0.66
2025-12-28 12:04:08+00:00,0.65
2025-12-28 12:05:08+00:00,0.655
2025-12-28 12:06:08+00:00,0.655
2025-12-28 12:07:08+00:00,0.655
2025-12-28 12:08:09+00:00,0.645
2025-12-28 12:09:08+00:00,0.635
2025-12-28 12:10:08+00:00,0.635
2025-12-28 12:11:08+00:00,0.62
2025-12-28 12:12:08+00:00,0.615
2025-12-28 12:13:08+00:00,0.605
2025-12-28 12:14:08+00:00,0.6
2025-12-28 12:15:08+00:00,0.61
2025-12-28 12:16:09+00:00,0.61
2025-12-28 12:17:08+00:00,0.61
2025-12-28 12:18:07+00:00,0.59
2025-12-28 12:19:08+00:00,0.595
2025-12-28 12:20:08+00:00,0.845
2025-12-28 12:21:08+00:00,0.855
2025-12-28 12:22:08+00:00,0.855
2025-12-28 12:23:07+00:00,0.855
2025-12-28 12:24:10+00:00,0.855
2025-12-28 12:25:08+00:00,0.855
2025-12-28 12:26:07+00:00,0.855
2025-12-28 12:27:07+00:00,0.855
2025-12-28 12:28:07+00:00,0.85
2025-12-28 12:29:07+00:00,0.855
2025-12-28 12:30:08+00:00,0.85
2025-12-28 12:31:08+00:00,0.85
2025-12-28 12:32:08+00:00,0.85
2025-12-28 12:33:08+00:00,0.85
2025-12-28 12:34:08+00:00,0.85
2025-12-28 12:35:08+00:00,0.845
2025-12-28 12:36:08+00:00,0.845
2025-12-28 12:37:08+00:00,0.845
2025-12-28 12:38:10+00:00,0.84
2025-12-28 12:39:08+00:00,0.84
2025-12-28 12:40:08+00:00,0.84
2025-12-28 12:41:08+00:00,0.84
2025-12-28 12:42:07+00:00,0.84
2025-12-28 12:43:07+00:00,0.935
2025-12-28 12:44:07+00:00,0.945
2025-12-28 12:45:08+00:00,0.965
2025-12-28 12:46:08+00:00,0.965
2025-12-28 12:47:08+00:00,0.965
2025-12-28 12:48:07+00:00,0.96
2025-12-28 12:49:08+00:00,0.985
2025-12-28 12:50:08+00:00,0.995
2025-12-28 12:51:07+00:00,0.985
2025-12-28 12:52:07+00:00,0.995
2025-12-28 12:53:07+00:00,0.99
2025-12-28 12:54:08+00:00,0.995
2025-12-28 12:55:07+00:00,0.995
2025-12-28 12:56:07+00:00,0.995
2025-12-28 12:57:08+00:00,0.995
2025-12-28 12:58:07+00:00,0.995
2025-12-28 12:59:08+00:00,0.995
2025-12-28 13:00:08+00:00,0.995
2025-12-28 13:01:08+00:00,0.9995
2025-12-28 13:02:08+00:00,0.996
2025-12-28 13:03:08+00:00,0.9965
2025-12-28 13:04:10+00:00,0.9965
2025-12-28 13:05:08+00:00,0.9985
2025-12-28 13:06:08+00:00,0.995
2025-12-28 13:07:08+00:00,0.9975
2025-12-28 13:08:08+00:00,0.9955
2025-12-28 13:09:08+00:00,0.996
2025-12-28 13:10:09+00:00,0.9955
2025-12-28 13:11:08+00:00,0.9995
2025-12-28 13:12:08+00:00,0.9995
2025-12-28 13:13:10+00:00,0.9995
2025-12-28 13:14:07+00:00,0.995
2025-12-28 13:15:09+00:00,0.995
2025-12-28 13:16:08+00:00,0.9985
2025-12-28 13:17:08+00:00,0.9985
2025-12-28 13:18:08+00:00,0.9985
2025-12-28 13:19:07+00:00,0.9985
2025-12-28 13:20:08+00:00,0.9995
2025-12-28 13:21:08+00:00,0.9995
2025-12-28 13:22:08+00:00,0.9995
2025-12-28 13:23:08+00:00,0.9995
2025-12-28 13:24:08+00:00,0.9995
2025-12-28 13:25:08+00:00,0.9995
2025-12-28 13:26:08+00:00,0.9995
2025-12-28 13:27:08+00:00,0.9995
2025-12-28 13:28:08+00:00,0.9995
2025-12-28 13:29:08+00:00,0.9995
2025-12-28 13:30:09+00:00,0.9995
2025-12-28 13:31:07+00:00,0.9995
2025-12-28 13:32:08+00:00,0.9995
2025-12-28 13:33:08+00:00,0.9995
2025-12-28 13:34:08+00:00,0.9995
2025-12-28 13:35:08+00:00,0.9995
2025-12-28 13:36:08+00:00,0.9995
2025-12-28 13:37:07+00:00,0.9995
2025-12-28 13:38:08+00:00,0.9995
2025-12-28 13:39:11+00:00,0.9995
2025-12-28 13:40:10+00:00,0.9995
2025-12-28 13:41:08+00:00,0.9995
2025-12-28 13:42:08+00:00,0.9995
2025-12-28 13:43:08+00:00,0.9995
2025-12-28 13:44:07+00:00,0.9995
2025-12-28 13:45:09+00:00,0.9995
2025-12-28 13:46:08+00:00,0.9995
2025-12-28 13:47:08+00:00,0.9995
2025-12-28 13:48:07+00:00,0.9995
2025-12-28 13:49:08+00:00,0.9995
2025-12-28 13:50:08+00:00,0.9995
2025-12-28 13:51:08+00:00,0.9995
2025-12-28 13:52:08+00:00,0.9995
2025-12-28 13:53:08+00:00,0.9995
2025-12-28 13:54:07+00:00,0.9995
2025-12-28 13:55:08+00:00,0.9995
2025-12-28 13:56:08+00:00,0.9995
2025-12-28 13:57:08+00:00,0.9995
2025-12-28 13:58:08+00:00,0.9995
2025-12-28 13:59:08+00:00,0.9995
2025-12-28 14:00:09+00:00,0.9995
2025-12-28 14:01:08+00:00,0.9995
2025-12-28 14:02:08+00:00,0.9995
2025-12-28 14:03:08+00:00,0.9995
2025-12-28 14:04:07+00:00,0.9995
2025-12-28 14:05:09+00:00,0.9995
2025-12-28 14:06:10+00:00,0.9995
2025-12-28 14:07:08+00:00,0.9995
2025-12-28 14:08:08+00:00,0.9995
2025-12-28 14:09:08+00:00,0.9995
2025-12-28 14:10:08+00:00,0.9995
2025-12-28 14:11:07+00:00,0.9995
2025-12-28 14:12:08+00:00,0.9995
2025-12-28 14:13:07+00:00,0.9995
2025-12-28 14:14:08+00:00,0.9995
2025-12-28 14:15:08+00:00,0.9995
2025-12-28 14:16:08+00:00,0.9995
2025-12-28 14:17:08+00:00,0.9995
2025-12-28 14:18:08+00:00,0.9995
2025-12-28 14:19:08+00:00,0.9995
2025-12-28 14:20:08+00:00,0.9995
2025-12-28 14:21:07+00:00,0.9995
2025-12-28 14:22:08+00:00,0.9995
2025-12-28 14:23:08+00:00,0.9995
2025-12-28 14:24:07+00:00,0.9995
2025-12-28 14:25:09+00:00,0.9995
2025-12-28 14:26:07+00:00,0.9995
2025-12-28 14:27:08+00:00,0.9995
2025-12-28 14:28:08+00:00,0.9995
2025-12-28 14:29:08+00:00,0.9995
2025-12-28 14:30:09+00:00,0.9995
2025-12-28 14:31:08+00:00,0.9995
2025-12-28 14:32:11+00:00,0.9995
2025-12-28 14:33:08+00:00,0.9995
2025-12-28 14:34:11+00:00,0.9995
2025-12-28 14:35:09+00:00,0.9995
2025-12-28 14:36:08+00:00,0.9995
2025-12-28 14:37:07+00:00,0.9995
2025-12-28 14:38:07+00:00,0.9995
2025-12-28 14:39:07+00:00,0.9995
2025-12-28 14:40:09+00:00,0.9995
2025-12-28 14:41:08+00:00,0.9995
2025-12-28 14:42:08+00:00,0.9995
2025-12-28 14:43:08+00:00,0.9995
2025-12-28 14:44:08+00:00,0.9995
2025-12-28 14:45:08+00:00,0.9995
2025-12-28 14:46:08+00:00,0.9995
2025-12-28 14:47:07+00:00,0.9995
2025-12-28 14:48:08+00:00,0.9995
2025-12-28 14:49:08+00:00,0.9995
2025-12-28 14:50:08+00:00,0.9995
2025-12-28 14:51:08+00:00,0.9995
2025-12-28 14:52:08+00:00,0.9995
2025-12-28 14:53:07+00:00,0.9995
2025-12-28 14:54:08+00:00,0.9995
2025-12-28 14:55:08+00:00,0.9995
2025-12-28 14:56:08+00:00,0.9995
2025-12-28 14:57:08+00:00,0.9995
2025-12-28 14:58:08+00:00,0.9995
2025-12-28 14:59:07+00:00,0.9995
2025-12-28 15:00:12+00:00,0.9995
2025-12-28 15:01:08+00:00,0.9995
2025-12-28 15:02:08+00:00,0.9995
2025-12-28 15:03:08+00:00,0.9995
2025-12-28 15:04:08+00:00,0.9995
2025-12-28 15:05:09+00:00,0.9995
2025-12-28 15:06:08+00:00,0.9995
2025-12-28 15:07:07+00:00,0.9995
2025-12-28 15:08:08+00:00,0.9995
2025-12-28 15:09:08+00:00,0.9995
2025-12-28 15:10:08+00:00,0.9995
2025-12-28 15:11:07+00:00,0.9995
2025-12-28 15:12:08+00:00,0.9995
2025-12-28 15:13:08+00:00,0.9995
2025-12-28 15:14:10+00:00,0.9995
2025-12-28 15:15:09+00:00,0.9995
2025-12-28 15:16:08+00:00,0.9995
2025-12-28 15:17:08+00:00,0.9995
2025-12-28 15:18:08+00:00,0.9995
2025-12-28 15:19:08+00:00,0.9995
2025-12-28 15:20:09+00:00,0.9995
2025-12-28 15:21:09+00:00,0.9995
2025-12-28 15:22:08+00:00,0.9995
2025-12-28 15:23:07+00:00,0.9995
2025-12-28 15:24:08+00:00,0.9995
2025-12-28 15:25:08+00:00,0.9995
2025-12-28 15:26:08+00:00,0.9995
2025-12-28 15:27:08+00:00,0.9995
2025-12-28 15:28:08+00:00,0.9995
2025-12-28 15:29:08+00:00,0.9995
2025-12-28 15:30:09+00:00,0.9995
2025-12-28 15:31:11+00:00,0.9995
2025-12-28 15:32:08+00:00,0.9995
2025-12-28 15:33:07+00:00,0.9995
2025-12-28 15:34:08+00:00,0.9995
2025-12-28 15:35:09+00:00,0.9995
2025-12-28 15:36:08+00:00,0.9995
2025-12-28 15:37:08+00:00,0.9995
2025-12-28 15:38:08+00:00,0.9995
2025-12-28 15:39:08+00:00,0.9995
2025-12-28 15:40:08+00:00,0.9995
2025-12-28 15:41:08+00:00,0.9995
2025-12-28 15:42:08+00:00,0.9995
2025-12-28 15:43:08+00:00,0.9995
2025-12-28 15:44:07+00:00,0.9995
2025-12-28 15:45:08+00:00,0.9995
2025-12-28 15:46:07+00:00,0.9995
2025-12-28 15:47:08+00:00,0.9995
2025-12-28 15:48:08+00:00,0.9995
2025-12-28 15:49:08+00:00,0.9995
2025-12-28 15:50:08+00:00,0.9995
2025-12-28 15:51:08+00:00,0.9995
2025-12-28 15:52:08+00:00,0.9995
2025-12-28 15:53:08+00:00,0.9995
2025-12-28 15:54:08+00:00,0.9995
2025-12-28 15:55:08+00:00,0.9995
2025-12-28 15:56:08+00:00,0.9995
2025-12-28 15:57:10+00:00,0.9995
2025-12-28 15:58:08+00:00,0.9995
2025-12-28 15:59:07+00:00,0.9995
2025-12-28 16:00:22+00:00,0.9995
2025-12-28 16:01:08+00:00,0.9995
2025-12-28 16:02:09+00:00,0.9995
2025-12-28 16:03:08+00:00,0.9995
2025-12-28 16:04:09+00:00,0.9995
2025-12-28 16:05:08+00:00,0.9995
2025-12-28 16:06:08+00:00,0.9995
2025-12-28 16:07:08+00:00,0.9995
2025-12-28 16:08:07+00:00,0.9995
2025-12-28 16:09:08+00:00,0.9995
2025-12-28 16:10:08+00:00,0.9995
2025-12-28 16:11:08+00:00,0.9995
2025-12-28 16:12:07+00:00,0.9995
2025-12-28 16:13:08+00:00,0.9995
2025-12-28 16:14:07+00:00,0.9995
2025-12-28 16:15:08+00:00,0.9995
2025-12-28 16:16:07+00:00,0.9995
2025-12-28 16:17:08+00:00,0.9995
2025-12-28 16:18:08+00:00,0.9995
2025-12-28 16:19:08+00:00,0.9995
2025-12-28 16:20:08+00:00,0.9995
2025-12-28 16:21:08+00:00,0.9995
2025-12-28 16:22:08+00:00,0.9995
2025-12-28 16:23:10+00:00,0.9995
2025-12-28 16:24:08+00:00,0.9995
2025-12-28 16:25:09+00:00,0.9995
2025-12-28 16:26:08+00:00,0.9995
2025-12-28 16:27:08+00:00,0.9995
2025-12-28 16:28:08+00:00,0.9995
2025-12-28 16:29:08+00:00,0.9995
2025-12-28 16:30:23+00:00,0.9995
2025-12-28 16:31:08+00:00,0.9995
2025-12-28 16:32:08+00:00,0.9995
2025-12-28 16:33:08+00:00,0.9995
2025-12-28 16:34:08+00:00,0.9995
2025-12-28 16:35:08+00:00,0.9995
2025-12-28 16:36:08+00:00,0.9995
2025-12-28 16:37:08+00:00,0.9995
2025-12-28 16:38:08+00:00,0.9995
2025-12-28 16:39:09+00:00,0.9995
2025-12-28 16:40:08+00:00,0.9995
2025-12-28 16:41:08+00:00,0.9995
2025-12-28 16:42:07+00:00,0.9995
2025-12-28 16:43:08+00:00,0.9995
2025-12-28 16:44:07+00:00,0.9995
2025-12-28 16:45:08+00:00,0.9995
2025-12-28 16:46:08+00:00,0.9995
2025-12-28 16:47:09+00:00,0.9995
2025-12-28 16:48:08+00:00,0.9995
