timestamp,price
2025-12-23 00:12:10+00:00,0.22
2025-12-23 00:13:09+00:00,0.22
2025-12-23 00:14:10+00:00,0.22
2025-12-23 00:15:24+00:00,0.22
2025-12-23 00:16:24+00:00,0.22
2025-12-23 00:17:10+00:00,0.22
2025-12-23 00:18:13+00:00,0.22
2025-12-23 00:19:10+00:00,0.22
2025-12-23 00:20:11+00:00,0.22
2025-12-23 00:21:10+00:00,0.22
2025-12-23 00:22:10+00:00,0.22
2025-12-23 00:23:10+00:00,0.22
2025-12-23 00:24:10+00:00,0.22
2025-12-23 00:25:12+00:00,0.22
2025-12-23 00:26:10+00:00,0.22
2025-12-23 00:27:10+00:00,0.22
2025-12-23 00:28:10+00:00,0.22
2025-12-23 00:29:09+00:00,0.215
2025-12-23 00:30:17+00:00,0.215
2025-12-23 00:31:10+00:00,0.215
2025-12-23 00:32:10+00:00,0.215
2025-12-23 00:33:19+00:00,0.215
2025-12-23 00:34:10+00:00,0.215
2025-12-23 00:35:14+00:00,0.215
2025-12-23 00:36:10+00:00,0.22
2025-12-23 00:37:10+00:00,0.22
2025-12-23 00:38:10+00:00,0.22
2025-12-23 00:39:10+00:00,0.22
2025-12-23 00:40:11+00:00,0.22
2025-12-23 00:41:09+00:00,0.22
2025-12-23 00:42:10+00:00,0.22
2025-12-23 00:43:10+00:00,0.22
2025-12-23 00:44:10+00:00,0.22
2025-12-23 00:45:12+00:00,0.22
2025-12-23 00:46:10+00:00,0.22
2025-12-23 00:47:10+00:00,0.22
2025-12-23 00:48:10+00:00,0.22
2025-12-23 00:49:10+00:00,0.22
2025-12-23 00:50:12+00:00,0.22
2025-12-23 00:51:10+00:00,0.22
2025-12-23 00:52:10+00:00,0.22
2025-12-23 00:53:10+00:00,0.22
2025-12-23 00:54:10+00:00,0.22
2025-12-23 00:55:11+00:00,0.22
2025-12-23 00:56:10+00:00,0.22
2025-12-23 00:57:10+00:00,0.22
2025-12-23 00:58:09+00:00,0.215
2025-12-23 00:59:20+00:00,0.215
2025-12-23 01:00:19+00:00,0.215
2025-12-23 01:01:23+00:00,0.215
2025-12-23 01:02:10+00:00,0.215
2025-12-23 01:03:10+00:00,0.22
2025-12-23 01:04:10+00:00,0.22
2025-12-23 01:05:11+00:00,0.22
2025-12-23 01:06:10+00:00,0.22
2025-12-23 01:07:10+00:00,0.22
2025-12-23 01:08:10+00:00,0.22
2025-12-23 01:09:10+00:00,0.22
2025-12-23 01:10:12+00:00,0.22
2025-12-23 01:11:10+00:00,0.22
2025-12-23 01:12:10+00:00,0.22
2025-12-23 01:13:10+00:00,0.22
2025-12-23 01:14:11+00:00,0.22
2025-12-23 01:15:11+00:00,0.22
2025-12-23 01:16:10+00:00,0.22
2025-12-23 01:17:10+00:00,0.22
2025-12-23 01:18:10+00:00,0.22
2025-12-23 01:19:10+00:00,0.22
2025-12-23 01:20:11+00:00,0.22
2025-12-23 01:21:11+00:00,0.22
2025-12-23 01:22:10+00:00,0.22
2025-12-23 01:23:10+00:00,0.22
2025-12-23 01:24:10+00:00,0.22
2025-12-23 01:25:26+00:00,0.22
2025-12-23 01:26:10+00:00,0.22
2025-12-23 01:27:10+00:00,0.22
2025-12-23 01:28:10+00:00,0.22
2025-12-23 01:29:10+00:00,0.22
2025-12-23 01:30:17+00:00,0.215
2025-12-23 01:31:10+00:00,0.215
2025-12-23 01:32:10+00:00,0.215
2025-12-23 01:33:10+00:00,0.215
2025-12-23 01:34:10+00:00,0.215
2025-12-23 01:35:11+00:00,0.215
2025-12-23 01:36:10+00:00,0.215
2025-12-23 01:37:10+00:00,0.215
2025-12-23 01:38:24+00:00,0.215
2025-12-23 01:39:10+00:00,0.215
2025-12-23 01:40:25+00:00,0.215
2025-12-23 01:41:09+00:00,0.215
2025-12-23 01:42:10+00:00,0.215
2025-12-23 01:43:09+00:00,0.215
2025-12-23 01:44:10+00:00,0.215
2025-12-23 01:45:11+00:00,0.215
2025-12-23 01:46:10+00:00,0.215
2025-12-23 01:47:10+00:00,0.215
2025-12-23 01:48:21+00:00,0.215
2025-12-23 01:49:10+00:00,0.215
2025-12-23 01:50:12+00:00,0.215
2025-12-23 01:51:09+00:00,0.215
2025-12-23 01:52:10+00:00,0.215
2025-12-23 01:53:10+00:00,0.215
2025-12-23 01:54:10+00:00,0.215
2025-12-23 01:55:12+00:00,0.215
2025-12-23 01:56:10+00:00,0.215
2025-12-23 01:57:10+00:00,0.215
2025-12-23 01:58:10+00:00,0.215
2025-12-23 01:59:10+00:00,0.215
2025-12-23 02:00:17+00:00,0.215
2025-12-23 02:01:10+00:00,0.215
2025-12-23 02:02:10+00:00,0.215
2025-12-23 02:03:10+00:00,0.215
2025-12-23 02:04:24+00:00,0.215
2025-12-23 02:05:15+00:00,0.215
2025-12-23 02:06:11+00:00,0.215
2025-12-23 02:07:10+00:00,0.215
2025-12-23 02:08:25+00:00,0.22
2025-12-23 02:09:10+00:00,0.22
2025-12-23 02:10:12+00:00,0.22
2025-12-23 02:11:10+00:00,0.22
2025-12-23 02:12:10+00:00,0.22
2025-12-23 02:13:10+00:00,0.22
2025-12-23 02:14:10+00:00,0.22
2025-12-23 02:15:11+00:00,0.22
2025-12-23 02:16:10+00:00,0.22
2025-12-23 02:17:10+00:00,0.22
2025-12-23 02:18:10+00:00,0.22
2025-12-23 02:19:10+00:00,0.22
2025-12-23 02:20:11+00:00,0.22
2025-12-23 02:21:10+00:00,0.22
2025-12-23 02:22:10+00:00,0.22
2025-12-23 02:23:10+00:00,0.22
2025-12-23 02:24:10+00:00,0.22
2025-12-23 02:25:12+00:00,0.22
2025-12-23 02:26:10+00:00,0.22
2025-12-23 02:27:10+00:00,0.22
2025-12-23 02:28:10+00:00,0.22
2025-12-23 02:29:10+00:00,0.22
2025-12-23 02:30:35+00:00,0.22
2025-12-23 02:31:10+00:00,0.22
2025-12-23 02:32:11+00:00,0.22
2025-12-23 02:33:10+00:00,0.22
2025-12-23 02:34:10+00:00,0.22
2025-12-23 02:35:11+00:00,0.215
2025-12-23 02:36:10+00:00,0.215
2025-12-23 02:37:25+00:00,0.215
2025-12-23 02:38:10+00:00,0.215
2025-12-23 02:39:09+00:00,0.215
2025-12-23 02:40:11+00:00,0.215
2025-12-23 02:41:10+00:00,0.215
2025-12-23 02:42:10+00:00,0.22
2025-12-23 02:43:10+00:00,0.22
2025-12-23 02:44:12+00:00,0.22
2025-12-23 02:45:13+00:00,0.22
2025-12-23 02:46:10+00:00,0.22
2025-12-23 02:47:10+00:00,0.22
2025-12-23 02:48:10+00:00,0.22
2025-12-23 02:49:11+00:00,0.22
2025-12-23 02:50:12+00:00,0.215
2025-12-23 02:51:10+00:00,0.215
2025-12-23 02:52:11+00:00,0.215
2025-12-23 02:53:10+00:00,0.215
2025-12-23 02:54:10+00:00,0.215
2025-12-23 02:55:11+00:00,0.215
2025-12-23 02:56:24+00:00,0.215
2025-12-23 02:57:10+00:00,0.215
2025-12-23 02:58:10+00:00,0.215
2025-12-23 02:59:11+00:00,0.215
2025-12-23 03:00:23+00:00,0.215
2025-12-23 03:01:10+00:00,0.215
2025-12-23 03:02:10+00:00,0.215
2025-12-23 03:03:10+00:00,0.215
2025-12-23 03:04:10+00:00,0.215
2025-12-23 03:05:11+00:00,0.215
2025-12-23 03:06:10+00:00,0.215
2025-12-23 03:07:10+00:00,0.215
2025-12-23 03:08:11+00:00,0.215
2025-12-23 03:09:10+00:00,0.215
2025-12-23 03:10:11+00:00,0.21
2025-12-23 03:11:10+00:00,0.21
2025-12-23 03:12:10+00:00,0.21
2025-12-23 03:13:10+00:00,0.21
2025-12-23 03:14:10+00:00,0.21
2025-12-23 03:15:26+00:00,0.21
2025-12-23 03:16:10+00:00,0.21
2025-12-23 03:17:10+00:00,0.21
2025-12-23 03:18:10+00:00,0.215
2025-12-23 03:19:10+00:00,0.215
2025-12-23 03:20:11+00:00,0.215
2025-12-23 03:21:10+00:00,0.215
2025-12-23 03:22:27+00:00,0.215
2025-12-23 03:23:10+00:00,0.215
2025-12-23 03:24:11+00:00,0.215
2025-12-23 03:25:29+00:00,0.215
2025-12-23 03:26:10+00:00,0.215
2025-12-23 03:27:11+00:00,0.215
2025-12-23 03:28:10+00:00,0.215
2025-12-23 03:29:10+00:00,0.215
2025-12-23 03:30:18+00:00,0.215
2025-12-23 03:31:10+00:00,0.215
2025-12-23 03:32:10+00:00,0.215
2025-12-23 03:33:10+00:00,0.215
2025-12-23 03:34:10+00:00,0.215
2025-12-23 03:35:11+00:00,0.215
2025-12-23 03:36:10+00:00,0.215
2025-12-23 03:37:10+00:00,0.215
2025-12-23 03:38:10+00:00,0.215
2025-12-23 03:39:10+00:00,0.215
2025-12-23 03:40:11+00:00,0.215
2025-12-23 03:41:10+00:00,0.215
2025-12-23 03:42:10+00:00,0.215
2025-12-23 03:43:09+00:00,0.215
2025-12-23 03:44:10+00:00,0.215
2025-12-23 03:45:11+00:00,0.215
2025-12-23 03:46:10+00:00,0.215
2025-12-23 03:47:10+00:00,0.215
2025-12-23 03:48:10+00:00,0.215
2025-12-23 03:49:10+00:00,0.215
2025-12-23 03:50:12+00:00,0.215
2025-12-23 03:51:28+00:00,0.215
2025-12-23 03:52:23+00:00,0.215
2025-12-23 03:53:10+00:00,0.215
2025-12-23 03:54:10+00:00,0.215
2025-12-23 03:55:15+00:00,0.215
2025-12-23 03:56:09+00:00,0.215
2025-12-23 03:57:10+00:00,0.215
2025-12-23 03:58:10+00:00,0.215
2025-12-23 03:59:10+00:00,0.215
2025-12-23 04:00:29+00:00,0.215
2025-12-23 04:01:10+00:00,0.215
2025-12-23 04:02:10+00:00,0.215
2025-12-23 04:03:10+00:00,0.215
2025-12-23 04:04:17+00:00,0.215
2025-12-23 04:05:25+00:00,0.215
2025-12-23 04:06:10+00:00,0.215
2025-12-23 04:07:09+00:00,0.215
2025-12-23 04:08:10+00:00,0.215
2025-12-23 04:09:11+00:00,0.215
2025-12-23 04:10:11+00:00,0.215
2025-12-23 04:11:10+00:00,0.215
2025-12-23 04:12:10+00:00,0.215
2025-12-23 04:13:10+00:00,0.215
2025-12-23 04:14:10+00:00,0.215
2025-12-23 04:15:24+00:00,0.215
2025-12-23 04:16:10+00:00,0.215
2025-12-23 04:17:10+00:00,0.215
2025-12-23 04:18:10+00:00,0.215
2025-12-23 04:19:10+00:00,0.215
2025-12-23 04:20:11+00:00,0.215
2025-12-23 04:21:11+00:00,0.215
2025-12-23 04:22:10+00:00,0.215
2025-12-23 04:23:10+00:00,0.215
2025-12-23 04:24:09+00:00,0.215
2025-12-23 04:25:11+00:00,0.215
2025-12-23 04:26:09+00:00,0.215
2025-12-23 04:27:10+00:00,0.215
2025-12-23 04:28:10+00:00,0.215
2025-12-23 04:29:10+00:00,0.215
2025-12-23 04:30:29+00:00,0.215
2025-12-23 04:31:17+00:00,0.215
2025-12-23 04:32:10+00:00,0.215
2025-12-23 04:33:10+00:00,0.215
2025-12-23 04:34:10+00:00,0.215
2025-12-23 04:35:32+00:00,0.215
2025-12-23 04:36:10+00:00,0.215
2025-12-23 04:37:11+00:00,0.215
2025-12-23 04:38:10+00:00,0.215
2025-12-23 04:39:10+00:00,0.215
2025-12-23 04:40:11+00:00,0.215
2025-12-23 04:41:09+00:00,0.215
2025-12-23 04:42:10+00:00,0.215
2025-12-23 04:43:10+00:00,0.215
2025-12-23 04:44:10+00:00,0.215
2025-12-23 04:45:11+00:00,0.215
2025-12-23 04:46:10+00:00,0.215
2025-12-23 04:47:10+00:00,0.215
2025-12-23 04:48:10+00:00,0.215
2025-12-23 04:49:10+00:00,0.215
2025-12-23 04:50:13+00:00,0.215
2025-12-23 04:51:10+00:00,0.215
2025-12-23 04:52:10+00:00,0.215
2025-12-23 04:53:10+00:00,0.215
2025-12-23 04:54:10+00:00,0.215
2025-12-23 04:55:11+00:00,0.21
2025-12-23 04:56:24+00:00,0.21
2025-12-23 04:57:09+00:00,0.21
2025-12-23 04:58:10+00:00,0.21
2025-12-23 04:59:10+00:00,0.21
2025-12-23 05:00:47+00:00,0.21
2025-12-23 05:01:14+00:00,0.21
2025-12-23 05:02:10+00:00,0.21
2025-12-23 05:03:09+00:00,0.21
2025-12-23 05:04:10+00:00,0.21
2025-12-23 05:05:12+00:00,0.21
2025-12-23 05:06:11+00:00,0.21
2025-12-23 05:07:10+00:00,0.21
2025-12-23 05:08:10+00:00,0.21
2025-12-23 05:09:10+00:00,0.21
2025-12-23 05:10:14+00:00,0.21
2025-12-23 05:11:09+00:00,0.21
2025-12-23 05:12:10+00:00,0.21
2025-12-23 05:13:11+00:00,0.21
2025-12-23 05:14:10+00:00,0.21
2025-12-23 05:15:12+00:00,0.21
2025-12-23 05:16:10+00:00,0.21
2025-12-23 05:17:26+00:00,0.21
2025-12-23 05:18:25+00:00,0.21
2025-12-23 05:19:24+00:00,0.21
2025-12-23 05:20:15+00:00,0.21
2025-12-23 05:21:11+00:00,0.21
2025-12-23 05:22:10+00:00,0.21
2025-12-23 05:23:10+00:00,0.21
2025-12-23 05:24:10+00:00,0.21
2025-12-23 05:25:11+00:00,0.21
2025-12-23 05:26:10+00:00,0.21
2025-12-23 05:27:10+00:00,0.215
2025-12-23 05:28:10+00:00,0.215
2025-12-23 05:29:10+00:00,0.215
2025-12-23 05:30:17+00:00,0.215
2025-12-23 05:31:10+00:00,0.215
2025-12-23 05:32:10+00:00,0.215
2025-12-23 05:33:11+00:00,0.215
2025-12-23 05:34:10+00:00,0.215
2025-12-23 05:35:11+00:00,0.215
2025-12-23 05:36:11+00:00,0.215
2025-12-23 05:37:10+00:00,0.215
2025-12-23 05:38:10+00:00,0.215
2025-12-23 05:39:10+00:00,0.215
2025-12-23 05:40:11+00:00,0.215
2025-12-23 05:41:10+00:00,0.215
2025-12-23 05:42:10+00:00,0.215
2025-12-23 05:43:10+00:00,0.215
2025-12-23 05:44:25+00:00,0.215
2025-12-23 05:45:15+00:00,0.215
2025-12-23 05:46:10+00:00,0.215
2025-12-23 05:47:11+00:00,0.215
2025-12-23 05:48:10+00:00,0.215
2025-12-23 05:49:25+00:00,0.215
2025-12-23 05:50:15+00:00,0.215
2025-12-23 05:51:10+00:00,0.215
2025-12-23 05:52:10+00:00,0.215
2025-12-23 05:53:10+00:00,0.215
2025-12-23 05:54:10+00:00,0.215
2025-12-23 05:55:12+00:00,0.215
2025-12-23 05:56:11+00:00,0.215
2025-12-23 05:57:10+00:00,0.215
2025-12-23 05:58:10+00:00,0.215
2025-12-23 05:59:10+00:00,0.215
2025-12-23 06:00:36+00:00,0.215
2025-12-23 06:01:22+00:00,0.215
2025-12-23 06:02:10+00:00,0.215
2025-12-23 06:03:10+00:00,0.215
2025-12-23 06:04:10+00:00,0.215
2025-12-23 06:05:12+00:00,0.215
2025-12-23 06:06:09+00:00,0.215
2025-12-23 06:07:10+00:00,0.215
2025-12-23 06:08:10+00:00,0.215
2025-12-23 06:09:10+00:00,0.215
2025-12-23 06:10:11+00:00,0.215
2025-12-23 06:11:10+00:00,0.215
2025-12-23 06:12:10+00:00,0.215
2025-12-23 06:13:10+00:00,0.215
2025-12-23 06:14:10+00:00,0.215
2025-12-23 06:15:46+00:00,0.215
2025-12-23 06:16:11+00:00,0.215
2025-12-23 06:17:10+00:00,0.215
2025-12-23 06:18:11+00:00,0.215
2025-12-23 06:19:10+00:00,0.215
2025-12-23 06:20:11+00:00,0.215
2025-12-23 06:21:10+00:00,0.215
2025-12-23 06:22:10+00:00,0.215
2025-12-23 06:23:10+00:00,0.215
2025-12-23 06:24:10+00:00,0.215
2025-12-23 06:25:11+00:00,0.215
2025-12-23 06:26:10+00:00,0.215
2025-12-23 06:27:11+00:00,0.215
2025-12-23 06:28:10+00:00,0.215
2025-12-23 06:29:10+00:00,0.215
2025-12-23 06:30:18+00:00,0.215
2025-12-23 06:31:10+00:00,0.215
2025-12-23 06:32:10+00:00,0.215
2025-12-23 06:33:10+00:00,0.215
2025-12-23 06:34:16+00:00,0.215
2025-12-23 06:35:26+00:00,0.215
2025-12-23 06:36:27+00:00,0.215
2025-12-23 06:37:11+00:00,0.215
2025-12-23 06:38:10+00:00,0.215
2025-12-23 06:39:10+00:00,0.215
2025-12-23 06:40:15+00:00,0.215
2025-12-23 06:41:10+00:00,0.215
2025-12-23 06:42:11+00:00,0.215
2025-12-23 06:43:10+00:00,0.215
2025-12-23 06:44:10+00:00,0.215
2025-12-23 06:45:11+00:00,0.215
2025-12-23 06:46:10+00:00,0.215
2025-12-23 06:47:11+00:00,0.215
2025-12-23 06:48:11+00:00,0.215
2025-12-23 06:49:10+00:00,0.215
2025-12-23 06:50:12+00:00,0.215
2025-12-23 06:51:10+00:00,0.205
2025-12-23 06:52:10+00:00,0.205
2025-12-23 06:53:10+00:00,0.205
2025-12-23 06:54:10+00:00,0.205
2025-12-23 06:55:11+00:00,0.205
2025-12-23 06:56:10+00:00,0.205
2025-12-23 06:57:10+00:00,0.205
2025-12-23 06:58:10+00:00,0.205
2025-12-23 06:59:10+00:00,0.205
2025-12-23 07:00:18+00:00,0.205
2025-12-23 07:01:10+00:00,0.205
2025-12-23 07:02:28+00:00,0.205
2025-12-23 07:03:11+00:00,0.205
2025-12-23 07:04:10+00:00,0.205
2025-12-23 07:05:15+00:00,0.205
2025-12-23 07:06:10+00:00,0.205
2025-12-23 07:07:10+00:00,0.205
2025-12-23 07:08:10+00:00,0.205
2025-12-23 07:09:10+00:00,0.205
2025-12-23 07:10:11+00:00,0.205
2025-12-23 07:11:11+00:00,0.205
2025-12-23 07:12:25+00:00,0.205
2025-12-23 07:13:10+00:00,0.205
2025-12-23 07:14:10+00:00,0.205
2025-12-23 07:15:11+00:00,0.205
2025-12-23 07:16:16+00:00,0.205
2025-12-23 07:17:10+00:00,0.205
2025-12-23 07:18:10+00:00,0.205
2025-12-23 07:19:10+00:00,0.205
2025-12-23 07:20:27+00:00,0.205
2025-12-23 07:21:10+00:00,0.205
2025-12-23 07:22:10+00:00,0.205
2025-12-23 07:23:10+00:00,0.205
2025-12-23 07:24:10+00:00,0.205
2025-12-23 07:25:12+00:00,0.205
2025-12-23 07:26:10+00:00,0.205
2025-12-23 07:27:11+00:00,0.205
2025-12-23 07:28:27+00:00,0.205
2025-12-23 07:29:10+00:00,0.205
2025-12-23 07:30:21+00:00,0.205
2025-12-23 07:31:10+00:00,0.205
2025-12-23 07:32:10+00:00,0.205
2025-12-23 07:33:10+00:00,0.205
2025-12-23 07:34:10+00:00,0.205
2025-12-23 07:35:12+00:00,0.205
2025-12-23 07:36:12+00:00,0.205
2025-12-23 07:37:10+00:00,0.205
2025-12-23 07:38:10+00:00,0.205
2025-12-23 07:39:11+00:00,0.205
2025-12-23 07:40:12+00:00,0.205
2025-12-23 07:41:11+00:00,0.205
2025-12-23 07:42:10+00:00,0.205
2025-12-23 07:43:10+00:00,0.205
2025-12-23 07:44:10+00:00,0.205
2025-12-23 07:45:11+00:00,0.205
2025-12-23 07:46:10+00:00,0.205
2025-12-23 07:47:10+00:00,0.205
2025-12-23 07:48:11+00:00,0.205
2025-12-23 07:49:10+00:00,0.205
2025-12-23 07:50:12+00:00,0.205
2025-12-23 07:51:11+00:00,0.205
2025-12-23 07:52:10+00:00,0.205
2025-12-23 07:53:11+00:00,0.205
2025-12-23 07:54:26+00:00,0.205
2025-12-23 07:55:15+00:00,0.205
2025-12-23 07:56:10+00:00,0.205
2025-12-23 07:57:10+00:00,0.205
2025-12-23 07:58:22+00:00,0.205
2025-12-23 07:59:10+00:00,0.205
2025-12-23 08:00:30+00:00,0.205
2025-12-23 08:01:11+00:00,0.205
2025-12-23 08:02:11+00:00,0.205
2025-12-23 08:03:10+00:00,0.205
2025-12-23 08:04:10+00:00,0.205
2025-12-23 08:05:11+00:00,0.205
2025-12-23 08:06:11+00:00,0.205
2025-12-23 08:07:10+00:00,0.205
2025-12-23 08:08:10+00:00,0.205
2025-12-23 08:09:10+00:00,0.205
2025-12-23 08:10:24+00:00,0.205
2025-12-23 08:11:10+00:00,0.205
2025-12-23 08:12:10+00:00,0.205
2025-12-23 08:13:10+00:00,0.205
2025-12-23 08:14:10+00:00,0.205
2025-12-23 08:15:11+00:00,0.205
2025-12-23 08:16:10+00:00,0.205
2025-12-23 08:17:11+00:00,0.205
2025-12-23 08:18:10+00:00,0.205
2025-12-23 08:19:10+00:00,0.205
2025-12-23 08:20:31+00:00,0.205
2025-12-23 08:21:26+00:00,0.205
2025-12-23 08:22:10+00:00,0.205
2025-12-23 08:23:10+00:00,0.205
2025-12-23 08:24:10+00:00,0.205
2025-12-23 08:25:15+00:00,0.205
2025-12-23 08:26:10+00:00,0.205
2025-12-23 08:27:10+00:00,0.205
2025-12-23 08:28:10+00:00,0.205
2025-12-23 08:29:10+00:00,0.205
2025-12-23 08:30:17+00:00,0.205
2025-12-23 08:31:10+00:00,0.205
2025-12-23 08:32:10+00:00,0.205
2025-12-23 08:33:10+00:00,0.205
2025-12-23 08:34:10+00:00,0.205
2025-12-23 08:35:11+00:00,0.205
2025-12-23 08:36:10+00:00,0.205
2025-12-23 08:37:10+00:00,0.205
2025-12-23 08:38:10+00:00,0.205
2025-12-23 08:39:10+00:00,0.205
2025-12-23 08:40:11+00:00,0.205
2025-12-23 08:41:10+00:00,0.205
2025-12-23 08:42:10+00:00,0.205
2025-12-23 08:43:10+00:00,0.205
2025-12-23 08:44:10+00:00,0.205
2025-12-23 08:45:11+00:00,0.205
2025-12-23 08:46:10+00:00,0.205
2025-12-23 08:47:27+00:00,0.205
2025-12-23 08:48:11+00:00,0.205
2025-12-23 08:49:10+00:00,0.205
2025-12-23 08:50:15+00:00,0.205
2025-12-23 08:51:10+00:00,0.205
2025-12-23 08:52:10+00:00,0.205
2025-12-23 08:53:11+00:00,0.205
2025-12-23 08:54:10+00:00,0.205
2025-12-23 08:55:11+00:00,0.205
2025-12-23 08:56:12+00:00,0.205
2025-12-23 08:57:10+00:00,0.205
2025-12-23 08:58:10+00:00,0.205
2025-12-23 08:59:10+00:00,0.205
2025-12-23 09:00:20+00:00,0.205
2025-12-23 09:01:10+00:00,0.205
2025-12-23 09:02:11+00:00,0.205
2025-12-23 09:03:10+00:00,0.205
2025-12-23 09:04:10+00:00,0.205
2025-12-23 09:05:11+00:00,0.205
2025-12-23 09:06:10+00:00,0.205
2025-12-23 09:07:10+00:00,0.205
2025-12-23 09:08:10+00:00,0.205
2025-12-23 09:09:11+00:00,0.205
2025-12-23 09:10:25+00:00,0.205
2025-12-23 09:11:10+00:00,0.205
2025-12-23 09:12:10+00:00,0.205
2025-12-23 09:13:27+00:00,0.205
2025-12-23 09:14:10+00:00,0.205
2025-12-23 09:15:15+00:00,0.205
2025-12-23 09:16:11+00:00,0.205
2025-12-23 09:17:10+00:00,0.205
2025-12-23 09:18:10+00:00,0.205
2025-12-23 09:19:10+00:00,0.205
2025-12-23 09:20:11+00:00,0.205
2025-12-23 09:21:10+00:00,0.205
2025-12-23 09:22:10+00:00,0.205
2025-12-23 09:23:10+00:00,0.205
2025-12-23 09:24:10+00:00,0.205
2025-12-23 09:25:11+00:00,0.205
2025-12-23 09:26:10+00:00,0.205
2025-12-23 09:27:10+00:00,0.205
2025-12-23 09:28:10+00:00,0.205
2025-12-23 09:29:10+00:00,0.205
2025-12-23 09:30:17+00:00,0.205
2025-12-23 09:31:10+00:00,0.205
2025-12-23 09:32:10+00:00,0.205
2025-12-23 09:33:11+00:00,0.205
2025-12-23 09:34:21+00:00,0.205
2025-12-23 09:35:11+00:00,0.205
2025-12-23 09:36:10+00:00,0.205
2025-12-23 09:37:10+00:00,0.205
2025-12-23 09:38:10+00:00,0.205
2025-12-23 09:39:28+00:00,0.205
2025-12-23 09:40:15+00:00,0.205
2025-12-23 09:41:10+00:00,0.205
2025-12-23 09:42:15+00:00,0.205
2025-12-23 09:43:10+00:00,0.205
2025-12-23 09:44:10+00:00,0.205
2025-12-23 09:45:11+00:00,0.205
2025-12-23 09:46:10+00:00,0.205
2025-12-23 09:47:10+00:00,0.205
2025-12-23 09:48:10+00:00,0.205
2025-12-23 09:49:10+00:00,0.205
2025-12-23 09:50:11+00:00,0.205
2025-12-23 09:51:10+00:00,0.205
2025-12-23 09:52:09+00:00,0.205
2025-12-23 09:53:10+00:00,0.205
2025-12-23 09:54:10+00:00,0.205
2025-12-23 09:55:11+00:00,0.205
2025-12-23 09:56:10+00:00,0.205
2025-12-23 09:57:21+00:00,0.205
2025-12-23 09:58:10+00:00,0.205
2025-12-23 09:59:10+00:00,0.205
2025-12-23 10:00:17+00:00,0.205
2025-12-23 10:01:10+00:00,0.205
2025-12-23 10:02:13+00:00,0.205
2025-12-23 10:03:10+00:00,0.205
2025-12-23 10:04:10+00:00,0.205
2025-12-23 10:05:41+00:00,0.205
2025-12-23 10:06:10+00:00,0.205
2025-12-23 10:07:10+00:00,0.205
2025-12-23 10:08:10+00:00,0.205
2025-12-23 10:09:23+00:00,0.205
2025-12-23 10:10:11+00:00,0.205
2025-12-23 10:11:10+00:00,0.205
2025-12-23 10:12:22+00:00,0.205
2025-12-23 10:13:10+00:00,0.205
2025-12-23 10:14:10+00:00,0.205
2025-12-23 10:15:11+00:00,0.205
2025-12-23 10:16:10+00:00,0.205
2025-12-23 10:17:10+00:00,0.205
2025-12-23 10:18:10+00:00,0.205
2025-12-23 10:19:10+00:00,0.205
2025-12-23 10:20:12+00:00,0.205
2025-12-23 10:21:09+00:00,0.205
2025-12-23 10:22:10+00:00,0.205
2025-12-23 10:23:10+00:00,0.205
2025-12-23 10:24:10+00:00,0.205
2025-12-23 10:25:11+00:00,0.205
2025-12-23 10:26:10+00:00,0.205
2025-12-23 10:27:11+00:00,0.205
2025-12-23 10:28:10+00:00,0.205
2025-12-23 10:29:09+00:00,0.205
2025-12-23 10:30:30+00:00,0.205
2025-12-23 10:31:25+00:00,0.205
2025-12-23 10:32:10+00:00,0.205
2025-12-23 10:33:10+00:00,0.205
2025-12-23 10:34:10+00:00,0.205
2025-12-23 10:35:15+00:00,0.205
2025-12-23 10:36:10+00:00,0.205
2025-12-23 10:37:10+00:00,0.205
2025-12-23 10:38:10+00:00,0.205
2025-12-23 10:39:10+00:00,0.205
2025-12-23 10:40:11+00:00,0.205
2025-12-23 10:41:10+00:00,0.205
2025-12-23 10:42:09+00:00,0.205
2025-12-23 10:43:10+00:00,0.205
2025-12-23 10:44:25+00:00,0.205
2025-12-23 10:45:15+00:00,0.205
2025-12-23 10:46:10+00:00,0.205
2025-12-23 10:47:10+00:00,0.205
2025-12-23 10:48:10+00:00,0.205
2025-12-23 10:49:10+00:00,0.205
2025-12-23 10:50:11+00:00,0.205
2025-12-23 10:51:10+00:00,0.205
2025-12-23 10:52:10+00:00,0.205
2025-12-23 10:53:10+00:00,0.205
2025-12-23 10:54:10+00:00,0.205
2025-12-23 10:55:11+00:00,0.205
2025-12-23 10:56:10+00:00,0.205
2025-12-23 10:57:10+00:00,0.205
2025-12-23 10:58:09+00:00,0.205
2025-12-23 10:59:10+00:00,0.205
2025-12-23 11:00:17+00:00,0.205
2025-12-23 11:01:10+00:00,0.205
2025-12-23 11:02:09+00:00,0.205
2025-12-23 11:03:10+00:00,0.205
2025-12-23 11:04:10+00:00,0.205
2025-12-23 11:05:11+00:00,0.205
2025-12-23 11:06:10+00:00,0.205
2025-12-23 11:07:10+00:00,0.205
2025-12-23 11:08:10+00:00,0.205
2025-12-23 11:09:10+00:00,0.205
2025-12-23 11:10:32+00:00,0.205
2025-12-23 11:11:10+00:00,0.205
2025-12-23 11:12:10+00:00,0.205
2025-12-23 11:13:10+00:00,0.205
2025-12-23 11:14:10+00:00,0.205
2025-12-23 11:15:11+00:00,0.205
2025-12-23 11:16:09+00:00,0.205
2025-12-23 11:17:10+00:00,0.205
2025-12-23 11:18:10+00:00,0.205
2025-12-23 11:19:10+00:00,0.205
2025-12-23 11:20:23+00:00,0.205
2025-12-23 11:21:10+00:00,0.205
2025-12-23 11:22:12+00:00,0.205
2025-12-23 11:23:10+00:00,0.205
2025-12-23 11:24:10+00:00,0.205
2025-12-23 11:25:11+00:00,0.205
2025-12-23 11:26:10+00:00,0.205
2025-12-23 11:27:10+00:00,0.205
2025-12-23 11:28:10+00:00,0.205
2025-12-23 11:29:10+00:00,0.205
2025-12-23 11:30:17+00:00,0.205
2025-12-23 11:31:10+00:00,0.205
2025-12-23 11:32:27+00:00,0.205
2025-12-23 11:33:10+00:00,0.205
2025-12-23 11:34:22+00:00,0.205
2025-12-23 11:35:15+00:00,0.205
2025-12-23 11:36:22+00:00,0.205
2025-12-23 11:37:09+00:00,0.205
2025-12-23 11:38:10+00:00,0.205
2025-12-23 11:39:10+00:00,0.205
2025-12-23 11:40:11+00:00,0.205
2025-12-23 11:41:10+00:00,0.205
2025-12-23 11:42:10+00:00,0.205
2025-12-23 11:43:10+00:00,0.205
2025-12-23 11:44:10+00:00,0.205
2025-12-23 11:45:11+00:00,0.205
2025-12-23 11:46:10+00:00,0.205
2025-12-23 11:47:10+00:00,0.205
2025-12-23 11:48:10+00:00,0.205
2025-12-23 11:49:10+00:00,0.205
2025-12-23 11:50:11+00:00,0.205
2025-12-23 11:51:10+00:00,0.205
2025-12-23 11:52:10+00:00,0.205
2025-12-23 11:53:10+00:00,0.205
2025-12-23 11:54:10+00:00,0.205
2025-12-23 11:55:11+00:00,0.205
2025-12-23 11:56:10+00:00,0.205
2025-12-23 11:57:10+00:00,0.205
2025-12-23 11:58:27+00:00,0.205
2025-12-23 11:59:10+00:00,0.205
2025-12-23 12:00:27+00:00,0.205
2025-12-23 12:01:10+00:00,0.205
2025-12-23 12:02:10+00:00,0.205
2025-12-23 12:03:09+00:00,0.205
2025-12-23 12:04:10+00:00,0.205
2025-12-23 12:05:11+00:00,0.205
2025-12-23 12:06:10+00:00,0.205
2025-12-23 12:07:10+00:00,0.205
2025-12-23 12:08:15+00:00,0.205
2025-12-23 12:09:09+00:00,0.205
2025-12-23 12:10:11+00:00,0.205
2025-12-23 12:11:10+00:00,0.205
2025-12-23 12:12:22+00:00,0.205
2025-12-23 12:13:10+00:00,0.205
2025-12-23 12:14:10+00:00,0.205
2025-12-23 12:15:11+00:00,0.205
2025-12-23 12:16:10+00:00,0.205
2025-12-23 12:17:10+00:00,0.205
2025-12-23 12:18:11+00:00,0.205
2025-12-23 12:19:10+00:00,0.205
2025-12-23 12:20:18+00:00,0.205
2025-12-23 12:21:10+00:00,0.205
2025-12-23 12:22:10+00:00,0.205
2025-12-23 12:23:10+00:00,0.205
2025-12-23 12:24:26+00:00,0.205
2025-12-23 12:25:14+00:00,0.205
2025-12-23 12:26:10+00:00,0.205
2025-12-23 12:27:26+00:00,0.205
2025-12-23 12:28:12+00:00,0.205
2025-12-23 12:29:10+00:00,0.205
2025-12-23 12:30:32+00:00,0.205
2025-12-23 12:31:10+00:00,0.205
2025-12-23 12:32:11+00:00,0.205
2025-12-23 12:33:10+00:00,0.205
2025-12-23 12:34:10+00:00,0.205
2025-12-23 12:35:11+00:00,0.205
2025-12-23 12:36:10+00:00,0.205
2025-12-23 12:37:09+00:00,0.205
2025-12-23 12:38:10+00:00,0.205
2025-12-23 12:39:10+00:00,0.205
2025-12-23 12:40:11+00:00,0.205
2025-12-23 12:41:10+00:00,0.205
2025-12-23 12:42:10+00:00,0.205
2025-12-23 12:43:10+00:00,0.205
2025-12-23 12:44:10+00:00,0.205
2025-12-23 12:45:11+00:00,0.205
2025-12-23 12:46:11+00:00,0.205
2025-12-23 12:47:10+00:00,0.205
2025-12-23 12:48:11+00:00,0.205
2025-12-23 12:49:10+00:00,0.205
2025-12-23 12:50:11+00:00,0.205
2025-12-23 12:51:10+00:00,0.205
2025-12-23 12:52:10+00:00,0.205
2025-12-23 12:53:25+00:00,0.205
2025-12-23 12:54:09+00:00,0.205
2025-12-23 12:55:14+00:00,0.205
2025-12-23 12:56:11+00:00,0.205
2025-12-23 12:57:10+00:00,0.205
2025-12-23 12:58:09+00:00,0.205
2025-12-23 12:59:10+00:00,0.205
2025-12-23 13:00:17+00:00,0.205
2025-12-23 13:01:10+00:00,0.205
2025-12-23 13:02:10+00:00,0.205
2025-12-23 13:03:11+00:00,0.205
2025-12-23 13:04:10+00:00,0.205
2025-12-23 13:05:12+00:00,0.205
2025-12-23 13:06:10+00:00,0.205
2025-12-23 13:07:23+00:00,0.205
2025-12-23 13:08:24+00:00,0.205
2025-12-23 13:09:10+00:00,0.205
2025-12-23 13:10:11+00:00,0.205
2025-12-23 13:11:10+00:00,0.205
2025-12-23 13:12:10+00:00,0.205
2025-12-23 13:13:10+00:00,0.205
2025-12-23 13:14:10+00:00,0.205
2025-12-23 13:15:11+00:00,0.205
2025-12-23 13:16:10+00:00,0.205
2025-12-23 13:17:10+00:00,0.205
2025-12-23 13:18:10+00:00,0.205
2025-12-23 13:19:26+00:00,0.205
2025-12-23 13:20:31+00:00,0.205
2025-12-23 13:21:10+00:00,0.205
2025-12-23 13:22:09+00:00,0.205
2025-12-23 13:23:10+00:00,0.205
2025-12-23 13:24:09+00:00,0.205
2025-12-23 13:25:10+00:00,0.205
2025-12-23 13:26:10+00:00,0.205
2025-12-23 13:27:10+00:00,0.205
2025-12-23 13:28:10+00:00,0.205
2025-12-23 13:29:09+00:00,0.205
2025-12-23 13:30:17+00:00,0.205
2025-12-23 13:31:10+00:00,0.205
2025-12-23 13:32:10+00:00,0.205
2025-12-23 13:33:11+00:00,0.205
2025-12-23 13:34:10+00:00,0.205
2025-12-23 13:35:11+00:00,0.205
2025-12-23 13:36:10+00:00,0.205
2025-12-23 13:37:10+00:00,0.205
2025-12-23 13:38:25+00:00,0.205
2025-12-23 13:39:10+00:00,0.205
2025-12-23 13:40:24+00:00,0.205
2025-12-23 13:41:10+00:00,0.205
2025-12-23 13:42:10+00:00,0.205
2025-12-23 13:43:10+00:00,0.205
2025-12-23 13:44:22+00:00,0.205
2025-12-23 13:45:12+00:00,0.205
2025-12-23 13:46:27+00:00,0.205
2025-12-23 13:47:10+00:00,0.205
2025-12-23 13:48:11+00:00,0.205
2025-12-23 13:49:10+00:00,0.205
2025-12-23 13:50:15+00:00,0.205
2025-12-23 13:51:10+00:00,0.205
2025-12-23 13:52:10+00:00,0.205
2025-12-23 13:53:10+00:00,0.205
2025-12-23 13:54:10+00:00,0.205
2025-12-23 13:55:11+00:00,0.205
2025-12-23 13:56:10+00:00,0.205
2025-12-23 13:57:10+00:00,0.205
2025-12-23 13:58:10+00:00,0.205
2025-12-23 13:59:10+00:00,0.205
2025-12-23 14:00:17+00:00,0.205
2025-12-23 14:01:11+00:00,0.205
2025-12-23 14:02:10+00:00,0.205
2025-12-23 14:03:10+00:00,0.205
2025-12-23 14:04:24+00:00,0.205
2025-12-23 14:05:11+00:00,0.205
2025-12-23 14:06:10+00:00,0.205
2025-12-23 14:07:10+00:00,0.205
2025-12-23 14:08:10+00:00,0.205
2025-12-23 14:09:10+00:00,0.205
2025-12-23 14:10:12+00:00,0.205
2025-12-23 14:11:10+00:00,0.205
2025-12-23 14:12:28+00:00,0.205
2025-12-23 14:13:10+00:00,0.205
2025-12-23 14:14:10+00:00,0.205
2025-12-23 14:15:29+00:00,0.205
2025-12-23 14:16:10+00:00,0.205
2025-12-23 14:17:10+00:00,0.205
2025-12-23 14:18:10+00:00,0.205
2025-12-23 14:19:10+00:00,0.205
2025-12-23 14:20:12+00:00,0.205
2025-12-23 14:21:10+00:00,0.205
2025-12-23 14:22:11+00:00,0.205
2025-12-23 14:23:10+00:00,0.205
2025-12-23 14:24:10+00:00,0.205
2025-12-23 14:25:11+00:00,0.205
2025-12-23 14:26:10+00:00,0.205
2025-12-23 14:27:10+00:00,0.205
2025-12-23 14:28:41+00:00,0.205
2025-12-23 14:29:10+00:00,0.205
2025-12-23 14:30:20+00:00,0.205
2025-12-23 14:31:10+00:00,0.205
2025-12-23 14:32:28+00:00,0.205
2025-12-23 14:33:10+00:00,0.205
2025-12-23 14:34:15+00:00,0.205
2025-12-23 14:35:14+00:00,0.205
2025-12-23 14:36:10+00:00,0.205
2025-12-23 14:37:10+00:00,0.205
2025-12-23 14:38:10+00:00,0.205
2025-12-23 14:39:10+00:00,0.205
2025-12-23 14:40:11+00:00,0.205
2025-12-23 14:41:10+00:00,0.205
2025-12-23 14:42:11+00:00,0.205
2025-12-23 14:43:11+00:00,0.205
2025-12-23 14:44:10+00:00,0.205
2025-12-23 14:45:11+00:00,0.205
2025-12-23 14:46:10+00:00,0.205
2025-12-23 14:47:10+00:00,0.205
2025-12-23 14:48:10+00:00,0.205
2025-12-23 14:49:10+00:00,0.205
2025-12-23 14:50:11+00:00,0.205
2025-12-23 14:51:10+00:00,0.205
2025-12-23 14:52:10+00:00,0.205
2025-12-23 14:53:10+00:00,0.205
2025-12-23 14:54:12+00:00,0.205
2025-12-23 14:55:11+00:00,0.205
2025-12-23 14:56:11+00:00,0.205
2025-12-23 14:57:10+00:00,0.205
2025-12-23 14:58:25+00:00,0.205
2025-12-23 14:59:10+00:00,0.205
2025-12-23 15:00:23+00:00,0.205
2025-12-23 15:01:23+00:00,0.205
2025-12-23 15:02:10+00:00,0.205
2025-12-23 15:03:10+00:00,0.205
2025-12-23 15:04:10+00:00,0.205
2025-12-23 15:05:11+00:00,0.205
2025-12-23 15:06:10+00:00,0.205
2025-12-23 15:07:10+00:00,0.205
2025-12-23 15:08:10+00:00,0.205
2025-12-23 15:09:10+00:00,0.205
2025-12-23 15:10:12+00:00,0.205
2025-12-23 15:11:10+00:00,0.205
2025-12-23 15:12:10+00:00,0.205
2025-12-23 15:13:10+00:00,0.205
2025-12-23 15:14:10+00:00,0.205
2025-12-23 15:15:11+00:00,0.205
2025-12-23 15:16:10+00:00,0.205
2025-12-23 15:17:10+00:00,0.205
2025-12-23 15:18:10+00:00,0.205
2025-12-23 15:19:26+00:00,0.205
2025-12-23 15:20:14+00:00,0.205
2025-12-23 15:21:10+00:00,0.205
2025-12-23 15:22:10+00:00,0.205
2025-12-23 15:23:10+00:00,0.205
2025-12-23 15:24:10+00:00,0.205
2025-12-23 15:25:11+00:00,0.205
2025-12-23 15:26:10+00:00,0.205
2025-12-23 15:27:10+00:00,0.205
2025-12-23 15:28:10+00:00,0.205
2025-12-23 15:29:10+00:00,0.205
2025-12-23 15:30:17+00:00,0.205
2025-12-23 15:31:10+00:00,0.205
2025-12-23 15:32:10+00:00,0.205
2025-12-23 15:33:10+00:00,0.205
2025-12-23 15:34:10+00:00,0.205
2025-12-23 15:35:12+00:00,0.205
2025-12-23 15:36:10+00:00,0.205
2025-12-23 15:37:10+00:00,0.205
2025-12-23 15:38:10+00:00,0.205
2025-12-23 15:39:11+00:00,0.205
2025-12-23 15:40:21+00:00,0.205
2025-12-23 15:41:10+00:00,0.205
2025-12-23 15:42:10+00:00,0.2
2025-12-23 15:43:10+00:00,0.2
2025-12-23 15:44:20+00:00,0.2
2025-12-23 15:45:31+00:00,0.2
2025-12-23 15:46:11+00:00,0.2
2025-12-23 15:47:10+00:00,0.2
2025-12-23 15:48:11+00:00,0.2
2025-12-23 15:49:10+00:00,0.2
2025-12-23 15:50:11+00:00,0.2
2025-12-23 15:51:10+00:00,0.195
2025-12-23 15:52:10+00:00,0.195
2025-12-23 15:53:10+00:00,0.195
2025-12-23 15:54:10+00:00,0.195
2025-12-23 15:55:11+00:00,0.195
2025-12-23 15:56:10+00:00,0.195
2025-12-23 15:57:10+00:00,0.195
2025-12-23 15:58:10+00:00,0.195
2025-12-23 15:59:10+00:00,0.195
2025-12-23 16:00:17+00:00,0.195
2025-12-23 16:01:10+00:00,0.195
2025-12-23 16:02:10+00:00,0.195
2025-12-23 16:03:11+00:00,0.2
2025-12-23 16:04:11+00:00,0.2
2025-12-23 16:05:11+00:00,0.2
2025-12-23 16:06:10+00:00,0.2
2025-12-23 16:07:27+00:00,0.2
2025-12-23 16:08:10+00:00,0.2
2025-12-23 16:09:10+00:00,0.2
2025-12-23 16:10:15+00:00,0.2
2025-12-23 16:11:11+00:00,0.2
2025-12-23 16:12:10+00:00,0.2
2025-12-23 16:13:10+00:00,0.2
2025-12-23 16:14:12+00:00,0.2
2025-12-23 16:15:11+00:00,0.2
2025-12-23 16:16:11+00:00,0.2
2025-12-23 16:17:10+00:00,0.2
2025-12-23 16:18:10+00:00,0.2
2025-12-23 16:19:10+00:00,0.2
2025-12-23 16:20:12+00:00,0.2
2025-12-23 16:21:10+00:00,0.2
2025-12-23 16:22:10+00:00,0.2
2025-12-23 16:23:10+00:00,0.2
2025-12-23 16:24:10+00:00,0.2
2025-12-23 16:25:11+00:00,0.2
2025-12-23 16:26:11+00:00,0.2
2025-12-23 16:27:10+00:00,0.2
2025-12-23 16:28:10+00:00,0.2
2025-12-23 16:29:10+00:00,0.2
2025-12-23 16:30:17+00:00,0.2
2025-12-23 16:31:11+00:00,0.2
2025-12-23 16:32:11+00:00,0.205
2025-12-23 16:33:28+00:00,0.2
2025-12-23 16:34:10+00:00,0.205
2025-12-23 16:35:15+00:00,0.2
2025-12-23 16:36:10+00:00,0.205
2025-12-23 16:37:10+00:00,0.205
2025-12-23 16:38:10+00:00,0.205
2025-12-23 16:39:10+00:00,0.205
2025-12-23 16:40:11+00:00,0.2
2025-12-23 16:41:10+00:00,0.2
2025-12-23 16:42:10+00:00,0.2
2025-12-23 16:43:10+00:00,0.205
2025-12-23 16:44:10+00:00,0.205
2025-12-23 16:45:12+00:00,0.205
2025-12-23 16:46:10+00:00,0.2
2025-12-23 16:47:10+00:00,0.205
2025-12-23 16:48:10+00:00,0.2
2025-12-23 16:49:10+00:00,0.205
2025-12-23 16:50:11+00:00,0.2
2025-12-23 16:51:11+00:00,0.205
2025-12-23 16:52:10+00:00,0.205
2025-12-23 16:53:10+00:00,0.205
2025-12-23 16:54:10+00:00,0.205
2025-12-23 16:55:11+00:00,0.205
2025-12-23 16:56:10+00:00,0.205
2025-12-23 16:57:10+00:00,0.2
2025-12-23 16:58:11+00:00,0.2
2025-12-23 16:59:28+00:00,0.2
2025-12-23 17:00:40+00:00,0.2
2025-12-23 17:01:11+00:00,0.2
2025-12-23 17:02:10+00:00,0.2
2025-12-23 17:03:10+00:00,0.2
2025-12-23 17:04:10+00:00,0.2
2025-12-23 17:05:12+00:00,0.2
2025-12-23 17:06:11+00:00,0.2
2025-12-23 17:07:11+00:00,0.2
2025-12-23 17:08:10+00:00,0.2
2025-12-23 17:09:10+00:00,0.2
2025-12-23 17:10:12+00:00,0.2
2025-12-23 17:11:10+00:00,0.2
2025-12-23 17:12:10+00:00,0.2
2025-12-23 17:13:10+00:00,0.2
2025-12-23 17:14:27+00:00,0.2
2025-12-23 17:15:15+00:00,0.2
2025-12-23 17:16:10+00:00,0.2
2025-12-23 17:17:11+00:00,0.2
2025-12-23 17:18:10+00:00,0.2
2025-12-23 17:19:10+00:00,0.2
2025-12-23 17:20:27+00:00,0.2
2025-12-23 17:21:26+00:00,0.2
2025-12-23 17:22:10+00:00,0.2
2025-12-23 17:23:10+00:00,0.2
2025-12-23 17:24:11+00:00,0.2
2025-12-23 17:25:15+00:00,0.2
2025-12-23 17:26:10+00:00,0.2
2025-12-23 17:27:10+00:00,0.2
2025-12-23 17:28:11+00:00,0.2
2025-12-23 17:29:10+00:00,0.2
2025-12-23 17:30:17+00:00,0.2
2025-12-23 17:31:10+00:00,0.2
2025-12-23 17:32:10+00:00,0.2
2025-12-23 17:33:11+00:00,0.2
2025-12-23 17:34:11+00:00,0.2
2025-12-23 17:35:31+00:00,0.2
2025-12-23 17:36:10+00:00,0.2
2025-12-23 17:37:11+00:00,0.2
2025-12-23 17:38:11+00:00,0.2
2025-12-23 17:39:10+00:00,0.2
2025-12-23 17:40:12+00:00,0.2
2025-12-23 17:41:11+00:00,0.2
2025-12-23 17:42:10+00:00,0.2
2025-12-23 17:43:10+00:00,0.2
2025-12-23 17:44:10+00:00,0.2
2025-12-23 17:45:11+00:00,0.2
2025-12-23 17:46:10+00:00,0.2
2025-12-23 17:47:11+00:00,0.2
2025-12-23 17:48:11+00:00,0.2
2025-12-23 17:49:11+00:00,0.2
2025-12-23 17:50:12+00:00,0.2
2025-12-23 17:51:10+00:00,0.2
2025-12-23 17:52:10+00:00,0.2
2025-12-23 17:53:10+00:00,0.2
2025-12-23 17:54:10+00:00,0.2
2025-12-23 17:55:12+00:00,0.2
2025-12-23 17:56:10+00:00,0.2
2025-12-23 17:57:10+00:00,0.2
2025-12-23 17:58:10+00:00,0.2
2025-12-23 17:59:10+00:00,0.2
2025-12-23 18:00:21+00:00,0.2
2025-12-23 18:01:27+00:00,0.2
2025-12-23 18:02:10+00:00,0.2
2025-12-23 18:03:10+00:00,0.2
2025-12-23 18:04:10+00:00,0.2
2025-12-23 18:05:15+00:00,0.2
2025-12-23 18:06:10+00:00,0.2
2025-12-23 18:07:10+00:00,0.2
2025-12-23 18:08:11+00:00,0.2
2025-12-23 18:09:10+00:00,0.2
2025-12-23 18:10:11+00:00,0.2
2025-12-23 18:11:10+00:00,0.2
2025-12-23 18:12:10+00:00,0.2
2025-12-23 18:13:10+00:00,0.2
2025-12-23 18:14:10+00:00,0.2
2025-12-23 18:15:12+00:00,0.2
2025-12-23 18:16:11+00:00,0.2
2025-12-23 18:17:10+00:00,0.2
2025-12-23 18:18:10+00:00,0.2
2025-12-23 18:19:10+00:00,0.2
2025-12-23 18:20:11+00:00,0.2
2025-12-23 18:21:10+00:00,0.2
2025-12-23 18:22:11+00:00,0.2
2025-12-23 18:23:10+00:00,0.2
2025-12-23 18:24:10+00:00,0.2
2025-12-23 18:25:12+00:00,0.2
2025-12-23 18:26:10+00:00,0.2
2025-12-23 18:27:27+00:00,0.2
2025-12-23 18:28:10+00:00,0.2
2025-12-23 18:29:10+00:00,0.2
2025-12-23 18:30:20+00:00,0.2
2025-12-23 18:31:10+00:00,0.2
2025-12-23 18:32:10+00:00,0.2
2025-12-23 18:33:11+00:00,0.2
2025-12-23 18:34:10+00:00,0.2
2025-12-23 18:35:11+00:00,0.2
2025-12-23 18:36:10+00:00,0.2
2025-12-23 18:37:11+00:00,0.195
2025-12-23 18:38:10+00:00,0.2
2025-12-23 18:39:10+00:00,0.2
2025-12-23 18:40:13+00:00,0.195
2025-12-23 18:41:10+00:00,0.2
2025-12-23 18:42:10+00:00,0.2
2025-12-23 18:43:10+00:00,0.2
2025-12-23 18:44:10+00:00,0.2
2025-12-23 18:45:11+00:00,0.2
2025-12-23 18:46:10+00:00,0.2
2025-12-23 18:47:11+00:00,0.2
2025-12-23 18:48:11+00:00,0.195
2025-12-23 18:49:10+00:00,0.2
2025-12-23 18:50:12+00:00,0.2
2025-12-23 18:51:10+00:00,0.2
2025-12-23 18:52:10+00:00,0.2
2025-12-23 18:53:28+00:00,0.2
2025-12-23 18:54:10+00:00,0.2
2025-12-23 18:55:15+00:00,0.2
2025-12-23 18:56:11+00:00,0.2
2025-12-23 18:57:11+00:00,0.2
2025-12-23 18:58:10+00:00,0.2
2025-12-23 18:59:21+00:00,0.2
2025-12-23 19:00:18+00:00,0.2
2025-12-23 19:01:10+00:00,0.2
2025-12-23 19:02:11+00:00,0.2
2025-12-23 19:03:11+00:00,0.2
2025-12-23 19:04:11+00:00,0.2
2025-12-23 19:05:11+00:00,0.2
2025-12-23 19:06:11+00:00,0.2
2025-12-23 19:07:11+00:00,0.2
2025-12-23 19:08:10+00:00,0.2
2025-12-23 19:09:10+00:00,0.2
2025-12-23 19:10:12+00:00,0.2
2025-12-23 19:11:11+00:00,0.2
2025-12-23 19:12:10+00:00,0.2
2025-12-23 19:13:10+00:00,0.2
2025-12-23 19:14:10+00:00,0.2
2025-12-23 19:15:12+00:00,0.2
2025-12-23 19:16:10+00:00,0.2
2025-12-23 19:17:11+00:00,0.2
2025-12-23 19:18:10+00:00,0.2
2025-12-23 19:19:28+00:00,0.2
2025-12-23 19:20:15+00:00,0.2
2025-12-23 19:21:14+00:00,0.2
2025-12-23 19:22:25+00:00,0.2
2025-12-23 19:23:10+00:00,0.205
2025-12-23 19:24:10+00:00,0.205
2025-12-23 19:25:15+00:00,0.205
2025-12-23 19:26:15+00:00,0.205
2025-12-23 19:27:10+00:00,0.205
2025-12-23 19:28:10+00:00,0.205
2025-12-23 19:29:10+00:00,0.205
2025-12-23 19:30:17+00:00,0.205
2025-12-23 19:31:10+00:00,0.205
2025-12-23 19:32:11+00:00,0.205
2025-12-23 19:33:10+00:00,0.205
2025-12-23 19:34:10+00:00,0.205
2025-12-23 19:35:11+00:00,0.205
2025-12-23 19:36:10+00:00,0.205
2025-12-23 19:37:10+00:00,0.205
2025-12-23 19:38:27+00:00,0.205
2025-12-23 19:39:10+00:00,0.205
2025-12-23 19:40:15+00:00,0.205
2025-12-23 19:41:10+00:00,0.205
2025-12-23 19:42:10+00:00,0.205
2025-12-23 19:43:10+00:00,0.205
2025-12-23 19:44:10+00:00,0.205
2025-12-23 19:45:11+00:00,0.205
2025-12-23 19:46:12+00:00,0.205
2025-12-23 19:47:11+00:00,0.205
2025-12-23 19:48:10+00:00,0.205
2025-12-23 19:49:11+00:00,0.205
2025-12-23 19:50:13+00:00,0.205
2025-12-23 19:51:10+00:00,0.205
2025-12-23 19:52:10+00:00,0.205
2025-12-23 19:53:11+00:00,0.205
2025-12-23 19:54:10+00:00,0.205
2025-12-23 19:55:11+00:00,0.2
2025-12-23 19:56:11+00:00,0.2
2025-12-23 19:57:10+00:00,0.2
2025-12-23 19:58:10+00:00,0.2
2025-12-23 19:59:10+00:00,0.2
2025-12-23 20:00:17+00:00,0.2
2025-12-23 20:01:11+00:00,0.2
2025-12-23 20:02:10+00:00,0.2
2025-12-23 20:03:11+00:00,0.2
2025-12-23 20:04:27+00:00,0.2
2025-12-23 20:05:16+00:00,0.205
2025-12-23 20:06:10+00:00,0.205
2025-12-23 20:07:10+00:00,0.205
2025-12-23 20:08:10+00:00,0.205
2025-12-23 20:09:11+00:00,0.205
2025-12-23 20:10:12+00:00,0.205
2025-12-23 20:11:10+00:00,0.205
2025-12-23 20:12:11+00:00,0.205
2025-12-23 20:13:10+00:00,0.205
2025-12-23 20:14:11+00:00,0.205
2025-12-23 20:15:11+00:00,0.205
2025-12-23 20:16:10+00:00,0.205
2025-12-23 20:17:10+00:00,0.205
2025-12-23 20:18:10+00:00,0.205
2025-12-23 20:19:10+00:00,0.205
2025-12-23 20:20:11+00:00,0.205
2025-12-23 20:21:11+00:00,0.205
2025-12-23 20:22:10+00:00,0.205
2025-12-23 20:23:10+00:00,0.205
2025-12-23 20:24:10+00:00,0.205
2025-12-23 20:25:12+00:00,0.205
2025-12-23 20:26:11+00:00,0.205
2025-12-23 20:27:11+00:00,0.205
2025-12-23 20:28:10+00:00,0.205
2025-12-23 20:29:10+00:00,0.205
2025-12-23 20:30:48+00:00,0.205
2025-12-23 20:31:10+00:00,0.205
2025-12-23 20:32:10+00:00,0.205
2025-12-23 20:33:11+00:00,0.205
2025-12-23 20:34:11+00:00,0.205
2025-12-23 20:35:11+00:00,0.205
2025-12-23 20:36:11+00:00,0.205
2025-12-23 20:37:10+00:00,0.205
2025-12-23 20:38:10+00:00,0.205
2025-12-23 20:39:10+00:00,0.205
2025-12-23 20:40:32+00:00,0.205
2025-12-23 20:41:10+00:00,0.205
2025-12-23 20:42:10+00:00,0.205
2025-12-23 20:43:10+00:00,0.205
2025-12-23 20:44:10+00:00,0.205
2025-12-23 20:45:12+00:00,0.205
2025-12-23 20:46:11+00:00,0.205
2025-12-23 20:47:10+00:00,0.205
2025-12-23 20:48:10+00:00,0.205
2025-12-23 20:49:10+00:00,0.205
2025-12-23 20:50:11+00:00,0.205
2025-12-23 20:51:11+00:00,0.205
2025-12-23 20:52:10+00:00,0.205
2025-12-23 20:53:10+00:00,0.205
2025-12-23 20:54:10+00:00,0.205
2025-12-23 20:55:12+00:00,0.205
2025-12-23 20:56:11+00:00,0.205
2025-12-23 20:57:11+00:00,0.205
2025-12-23 20:58:21+00:00,0.205
2025-12-23 20:59:10+00:00,0.205
2025-12-23 21:00:20+00:00,0.205
2025-12-23 21:01:10+00:00,0.205
2025-12-23 21:02:10+00:00,0.205
2025-12-23 21:03:11+00:00,0.205
2025-12-23 21:04:26+00:00,0.205
2025-12-23 21:05:12+00:00,0.205
2025-12-23 21:06:29+00:00,0.205
2025-12-23 21:07:10+00:00,0.21
2025-12-23 21:08:11+00:00,0.21
2025-12-23 21:09:10+00:00,0.21
2025-12-23 21:10:15+00:00,0.21
2025-12-23 21:11:10+00:00,0.21
2025-12-23 21:12:10+00:00,0.21
2025-12-23 21:13:10+00:00,0.21
2025-12-23 21:14:10+00:00,0.21
2025-12-23 21:15:12+00:00,0.205
2025-12-23 21:16:11+00:00,0.205
2025-12-23 21:17:11+00:00,0.205
2025-12-23 21:18:10+00:00,0.205
2025-12-23 21:19:10+00:00,0.205
2025-12-23 21:20:11+00:00,0.205
2025-12-23 21:21:10+00:00,0.205
2025-12-23 21:22:10+00:00,0.205
2025-12-23 21:23:11+00:00,0.205
2025-12-23 21:24:10+00:00,0.205
2025-12-23 21:25:32+00:00,0.205
2025-12-23 21:26:10+00:00,0.205
2025-12-23 21:27:11+00:00,0.21
2025-12-23 21:28:10+00:00,0.21
2025-12-23 21:29:10+00:00,0.21
2025-12-23 21:30:17+00:00,0.21
2025-12-23 21:31:11+00:00,0.21
2025-12-23 21:32:28+00:00,0.21
2025-12-23 21:33:10+00:00,0.21
2025-12-23 21:34:10+00:00,0.21
2025-12-23 21:35:15+00:00,0.21
2025-12-23 21:36:10+00:00,0.21
2025-12-23 21:37:11+00:00,0.21
2025-12-23 21:38:11+00:00,0.21
2025-12-23 21:39:10+00:00,0.21
2025-12-23 21:40:12+00:00,0.21
2025-12-23 21:41:10+00:00,0.21
2025-12-23 21:42:11+00:00,0.21
2025-12-23 21:43:11+00:00,0.21
2025-12-23 21:44:10+00:00,0.21
2025-12-23 21:45:13+00:00,0.205
2025-12-23 21:46:11+00:00,0.205
2025-12-23 21:47:10+00:00,0.21
2025-12-23 21:48:11+00:00,0.21
2025-12-23 21:49:11+00:00,0.21
2025-12-23 21:50:12+00:00,0.205
2025-12-23 21:51:10+00:00,0.205
2025-12-23 21:52:16+00:00,0.205
2025-12-23 21:53:11+00:00,0.205
2025-12-23 21:54:11+00:00,0.205
2025-12-23 21:55:12+00:00,0.205
2025-12-23 21:56:10+00:00,0.205
2025-12-23 21:57:10+00:00,0.205
2025-12-23 21:58:27+00:00,0.205
2025-12-23 21:59:10+00:00,0.205
2025-12-23 22:00:20+00:00,0.205
2025-12-23 22:01:11+00:00,0.205
2025-12-23 22:02:10+00:00,0.205
2025-12-23 22:03:10+00:00,0.205
2025-12-23 22:04:11+00:00,0.205
2025-12-23 22:05:11+00:00,0.205
2025-12-23 22:06:10+00:00,0.205
2025-12-23 22:07:10+00:00,0.205
2025-12-23 22:08:11+00:00,0.205
2025-12-23 22:09:11+00:00,0.205
2025-12-23 22:10:12+00:00,0.205
2025-12-23 22:11:10+00:00,0.205
2025-12-23 22:12:12+00:00,0.205
2025-12-23 22:13:10+00:00,0.205
2025-12-23 22:14:10+00:00,0.205
2025-12-23 22:15:12+00:00,0.205
2025-12-23 22:16:11+00:00,0.205
2025-12-23 22:17:10+00:00,0.205
2025-12-23 22:18:11+00:00,0.205
2025-12-23 22:19:10+00:00,0.205
2025-12-23 22:20:12+00:00,0.205
2025-12-23 22:21:10+00:00,0.205
2025-12-23 22:22:10+00:00,0.205
2025-12-23 22:23:10+00:00,0.205
2025-12-23 22:24:26+00:00,0.205
2025-12-23 22:25:16+00:00,0.205
2025-12-23 22:26:11+00:00,0.205
2025-12-23 22:27:10+00:00,0.205
2025-12-23 22:28:11+00:00,0.205
2025-12-23 22:29:11+00:00,0.205
2025-12-23 22:30:18+00:00,0.205
2025-12-23 22:31:10+00:00,0.205
2025-12-23 22:32:10+00:00,0.205
2025-12-23 22:33:10+00:00,0.205
2025-12-23 22:34:10+00:00,0.205
2025-12-23 22:35:12+00:00,0.205
2025-12-23 22:36:11+00:00,0.205
2025-12-23 22:37:19+00:00,0.205
2025-12-23 22:38:10+00:00,0.205
2025-12-23 22:39:10+00:00,0.205
2025-12-23 22:40:11+00:00,0.205
2025-12-23 22:41:11+00:00,0.205
2025-12-23 22:42:11+00:00,0.205
2025-12-23 22:43:11+00:00,0.205
2025-12-23 22:44:10+00:00,0.205
2025-12-23 22:45:12+00:00,0.205
2025-12-23 22:46:11+00:00,0.205
2025-12-23 22:47:10+00:00,0.205
2025-12-23 22:48:10+00:00,0.205
2025-12-23 22:49:10+00:00,0.205
2025-12-23 22:50:32+00:00,0.205
2025-12-23 22:51:10+00:00,0.205
2025-12-23 22:52:10+00:00,0.205
2025-12-23 22:53:10+00:00,0.205
2025-12-23 22:54:10+00:00,0.205
2025-12-23 22:55:11+00:00,0.205
2025-12-23 22:56:10+00:00,0.205
2025-12-23 22:57:10+00:00,0.21
2025-12-23 22:58:10+00:00,0.21
2025-12-23 22:59:11+00:00,0.21
2025-12-23 23:00:17+00:00,0.205
2025-12-23 23:01:10+00:00,0.205
2025-12-23 23:02:11+00:00,0.205
2025-12-23 23:03:11+00:00,0.205
2025-12-23 23:04:11+00:00,0.205
2025-12-23 23:05:11+00:00,0.205
2025-12-23 23:06:38+00:00,0.205
2025-12-23 23:07:11+00:00,0.205
2025-12-23 23:08:10+00:00,0.205
2025-12-23 23:09:10+00:00,0.205
2025-12-23 23:10:12+00:00,0.205
2025-12-23 23:11:10+00:00,0.205
2025-12-23 23:12:10+00:00,0.205
2025-12-23 23:13:11+00:00,0.205
2025-12-23 23:14:10+00:00,0.205
2025-12-23 23:15:12+00:00,0.205
2025-12-23 23:16:29+00:00,0.205
2025-12-23 23:17:10+00:00,0.205
2025-12-23 23:18:10+00:00,0.205
2025-12-23 23:19:10+00:00,0.205
2025-12-23 23:20:16+00:00,0.205
2025-12-23 23:21:11+00:00,0.205
2025-12-23 23:22:11+00:00,0.205
2025-12-23 23:23:10+00:00,0.205
2025-12-23 23:24:11+00:00,0.205
2025-12-23 23:25:11+00:00,0.205
2025-12-23 23:26:10+00:00,0.205
2025-12-23 23:27:10+00:00,0.205
2025-12-23 23:28:11+00:00,0.205
2025-12-23 23:29:11+00:00,0.205
2025-12-23 23:30:17+00:00,0.205
2025-12-23 23:31:11+00:00,0.205
2025-12-23 23:32:12+00:00,0.205
2025-12-23 23:33:11+00:00,0.205
2025-12-23 23:34:11+00:00,0.205
2025-12-23 23:35:12+00:00,0.205
2025-12-23 23:36:11+00:00,0.205
2025-12-23 23:37:11+00:00,0.205
2025-12-23 23:38:11+00:00,0.205
2025-12-23 23:39:10+00:00,0.205
2025-12-23 23:40:12+00:00,0.205
2025-12-23 23:41:10+00:00,0.205
2025-12-23 23:42:28+00:00,0.205
2025-12-23 23:43:10+00:00,0.205
2025-12-23 23:44:10+00:00,0.205
2025-12-23 23:45:16+00:00,0.205
2025-12-23 23:46:10+00:00,0.205
2025-12-23 23:47:10+00:00,0.205
2025-12-23 23:48:11+00:00,0.205
2025-12-23 23:49:11+00:00,0.205
2025-12-23 23:50:12+00:00,0.205
2025-12-23 23:51:28+00:00,0.205
2025-12-23 23:52:10+00:00,0.205
2025-12-23 23:53:11+00:00,0.205
2025-12-23 23:54:10+00:00,0.205
2025-12-23 23:55:15+00:00,0.205
2025-12-23 23:56:10+00:00,0.205
2025-12-23 23:57:10+00:00,0.205
2025-12-23 23:58:11+00:00,0.205
2025-12-23 23:59:11+00:00,0.205
2025-12-24 00:00:23+00:00,0.205
2025-12-24 00:01:10+00:00,0.205
2025-12-24 00:02:10+00:00,0.205
2025-12-24 00:03:11+00:00,0.205
2025-12-24 00:04:10+00:00,0.205
2025-12-24 00:05:11+00:00,0.205
2025-12-24 00:06:10+00:00,0.205
2025-12-24 00:07:10+00:00,0.205
2025-12-24 00:08:10+00:00,0.205
2025-12-24 00:09:10+00:00,0.205
2025-12-24 00:10:11+00:00,0.205
2025-12-24 00:11:10+00:00,0.205
2025-12-24 00:12:10+00:00,0.205
2025-12-24 00:13:24+00:00,0.205
2025-12-24 00:14:10+00:00,0.205
2025-12-24 00:15:12+00:00,0.205
2025-12-24 00:16:10+00:00,0.205
2025-12-24 00:17:15+00:00,0.205
2025-12-24 00:18:11+00:00,0.205
2025-12-24 00:19:10+00:00,0.205
2025-12-24 00:20:11+00:00,0.205
2025-12-24 00:21:10+00:00,0.205
2025-12-24 00:22:10+00:00,0.205
2025-12-24 00:23:10+00:00,0.205
2025-12-24 00:24:10+00:00,0.205
2025-12-24 00:25:12+00:00,0.205
2025-12-24 00:26:10+00:00,0.22
2025-12-24 00:27:10+00:00,0.22
2025-12-24 00:28:10+00:00,0.215
2025-12-24 00:29:10+00:00,0.215
2025-12-24 00:30:18+00:00,0.215
2025-12-24 00:31:10+00:00,0.22
2025-12-24 00:32:10+00:00,0.22
2025-12-24 00:33:10+00:00,0.22
2025-12-24 00:34:10+00:00,0.22
2025-12-24 00:35:11+00:00,0.21
2025-12-24 00:36:25+00:00,0.21
2025-12-24 00:37:11+00:00,0.21
2025-12-24 00:38:10+00:00,0.21
2025-12-24 00:39:10+00:00,0.21
2025-12-24 00:40:11+00:00,0.21
2025-12-24 00:41:10+00:00,0.21
2025-12-24 00:42:11+00:00,0.21
2025-12-24 00:43:17+00:00,0.21
2025-12-24 00:44:10+00:00,0.21
2025-12-24 00:45:11+00:00,0.21
2025-12-24 00:46:10+00:00,0.21
2025-12-24 00:47:10+00:00,0.21
2025-12-24 00:48:10+00:00,0.21
2025-12-24 00:49:11+00:00,0.21
2025-12-24 00:50:12+00:00,0.21
2025-12-24 00:51:11+00:00,0.21
2025-12-24 00:52:10+00:00,0.21
2025-12-24 00:53:10+00:00,0.21
2025-12-24 00:54:11+00:00,0.21
2025-12-24 00:55:11+00:00,0.21
2025-12-24 00:56:10+00:00,0.21
2025-12-24 00:57:10+00:00,0.21
2025-12-24 00:58:11+00:00,0.21
2025-12-24 00:59:10+00:00,0.21
2025-12-24 01:00:19+00:00,0.21
2025-12-24 01:01:33+00:00,0.21
2025-12-24 01:02:11+00:00,0.215
2025-12-24 01:03:10+00:00,0.215
2025-12-24 01:04:10+00:00,0.215
2025-12-24 01:05:12+00:00,0.215
2025-12-24 01:06:10+00:00,0.215
2025-12-24 01:07:10+00:00,0.215
2025-12-24 01:08:10+00:00,0.215
2025-12-24 01:09:20+00:00,0.215
2025-12-24 01:10:12+00:00,0.215
2025-12-24 01:11:10+00:00,0.21
2025-12-24 01:12:11+00:00,0.21
2025-12-24 01:13:10+00:00,0.21
2025-12-24 01:14:10+00:00,0.21
2025-12-24 01:15:12+00:00,0.21
2025-12-24 01:16:10+00:00,0.21
2025-12-24 01:17:10+00:00,0.21
2025-12-24 01:18:51+00:00,0.21
2025-12-24 01:19:11+00:00,0.21
2025-12-24 01:20:11+00:00,0.21
2025-12-24 01:21:10+00:00,0.21
2025-12-24 01:22:11+00:00,0.21
2025-12-24 01:23:10+00:00,0.21
2025-12-24 01:24:10+00:00,0.21
2025-12-24 01:25:12+00:00,0.21
2025-12-24 01:26:11+00:00,0.21
2025-12-24 01:27:21+00:00,0.21
2025-12-24 01:28:11+00:00,0.21
2025-12-24 01:29:10+00:00,0.215
2025-12-24 01:30:17+00:00,0.215
2025-12-24 01:31:10+00:00,0.215
2025-12-24 01:32:11+00:00,0.215
2025-12-24 01:33:11+00:00,0.215
2025-12-24 01:34:11+00:00,0.21
2025-12-24 01:35:12+00:00,0.215
2025-12-24 01:36:11+00:00,0.215
2025-12-24 01:37:11+00:00,0.215
2025-12-24 01:38:10+00:00,0.215
2025-12-24 01:39:11+00:00,0.215
2025-12-24 01:40:11+00:00,0.215
2025-12-24 01:41:10+00:00,0.215
2025-12-24 01:42:10+00:00,0.21
2025-12-24 01:43:10+00:00,0.21
2025-12-24 01:44:10+00:00,0.21
2025-12-24 01:45:12+00:00,0.21
2025-12-24 01:46:10+00:00,0.21
2025-12-24 01:47:11+00:00,0.21
2025-12-24 01:48:11+00:00,0.21
2025-12-24 01:49:10+00:00,0.21
2025-12-24 01:50:11+00:00,0.21
2025-12-24 01:51:11+00:00,0.21
2025-12-24 01:52:11+00:00,0.21
2025-12-24 01:53:23+00:00,0.21
2025-12-24 01:54:11+00:00,0.21
2025-12-24 01:55:12+00:00,0.21
2025-12-24 01:56:10+00:00,0.21
2025-12-24 01:57:10+00:00,0.21
2025-12-24 01:58:12+00:00,0.21
2025-12-24 01:59:10+00:00,0.21
2025-12-24 02:00:16+00:00,0.21
2025-12-24 02:01:10+00:00,0.21
2025-12-24 02:02:10+00:00,0.21
2025-12-24 02:03:10+00:00,0.21
2025-12-24 02:04:11+00:00,0.21
2025-12-24 02:05:12+00:00,0.21
2025-12-24 02:06:22+00:00,0.21
2025-12-24 02:07:10+00:00,0.21
2025-12-24 02:08:10+00:00,0.21
2025-12-24 02:09:10+00:00,0.21
2025-12-24 02:10:12+00:00,0.21
2025-12-24 02:11:10+00:00,0.21
2025-12-24 02:12:10+00:00,0.215
2025-12-24 02:13:10+00:00,0.215
2025-12-24 02:14:10+00:00,0.215
2025-12-24 02:15:11+00:00,0.215
2025-12-24 02:16:11+00:00,0.215
2025-12-24 02:17:10+00:00,0.215
2025-12-24 02:18:11+00:00,0.21
2025-12-24 02:19:11+00:00,0.21
2025-12-24 02:20:12+00:00,0.21
2025-12-24 02:21:11+00:00,0.205
2025-12-24 02:22:10+00:00,0.205
2025-12-24 02:23:11+00:00,0.205
2025-12-24 02:24:10+00:00,0.205
2025-12-24 02:25:13+00:00,0.205
2025-12-24 02:26:10+00:00,0.205
2025-12-24 02:27:11+00:00,0.205
2025-12-24 02:28:10+00:00,0.205
2025-12-24 02:29:10+00:00,0.205
2025-12-24 02:30:17+00:00,0.205
2025-12-24 02:31:11+00:00,0.205
2025-12-24 02:32:24+00:00,0.205
2025-12-24 02:33:11+00:00,0.205
2025-12-24 02:34:11+00:00,0.205
2025-12-24 02:35:13+00:00,0.205
2025-12-24 02:36:10+00:00,0.205
2025-12-24 02:37:10+00:00,0.205
2025-12-24 02:38:10+00:00,0.205
2025-12-24 02:39:11+00:00,0.205
2025-12-24 02:40:11+00:00,0.205
2025-12-24 02:41:11+00:00,0.205
2025-12-24 02:42:11+00:00,0.205
2025-12-24 02:43:10+00:00,0.205
2025-12-24 02:44:10+00:00,0.205
2025-12-24 02:45:12+00:00,0.205
2025-12-24 02:46:11+00:00,0.205
2025-12-24 02:47:10+00:00,0.205
2025-12-24 02:48:11+00:00,0.205
2025-12-24 02:49:11+00:00,0.205
2025-12-24 02:50:12+00:00,0.205
2025-12-24 02:51:10+00:00,0.205
2025-12-24 02:52:10+00:00,0.205
2025-12-24 02:53:10+00:00,0.205
2025-12-24 02:54:10+00:00,0.205
2025-12-24 02:55:12+00:00,0.205
2025-12-24 02:56:10+00:00,0.205
2025-12-24 02:57:10+00:00,0.205
2025-12-24 02:58:26+00:00,0.205
2025-12-24 02:59:11+00:00,0.205
2025-12-24 03:00:20+00:00,0.205
2025-12-24 03:01:10+00:00,0.205
2025-12-24 03:02:10+00:00,0.205
2025-12-24 03:03:11+00:00,0.205
2025-12-24 03:04:11+00:00,0.205
2025-12-24 03:05:11+00:00,0.205
2025-12-24 03:06:10+00:00,0.205
2025-12-24 03:07:10+00:00,0.205
2025-12-24 03:08:10+00:00,0.205
2025-12-24 03:09:10+00:00,0.205
2025-12-24 03:10:11+00:00,0.205
2025-12-24 03:11:10+00:00,0.205
2025-12-24 03:12:11+00:00,0.205
2025-12-24 03:13:11+00:00,0.205
2025-12-24 03:14:10+00:00,0.205
2025-12-24 03:15:11+00:00,0.205
2025-12-24 03:16:10+00:00,0.215
2025-12-24 03:17:11+00:00,0.215
2025-12-24 03:18:11+00:00,0.215
2025-12-24 03:19:11+00:00,0.215
2025-12-24 03:20:11+00:00,0.215
2025-12-24 03:21:11+00:00,0.215
2025-12-24 03:22:11+00:00,0.215
2025-12-24 03:23:10+00:00,0.215
2025-12-24 03:24:27+00:00,0.215
2025-12-24 03:25:13+00:00,0.215
2025-12-24 03:26:10+00:00,0.215
2025-12-24 03:27:11+00:00,0.215
2025-12-24 03:28:10+00:00,0.22
2025-12-24 03:29:10+00:00,0.22
2025-12-24 03:30:16+00:00,0.235
2025-12-24 03:31:11+00:00,0.23
2025-12-24 03:32:10+00:00,0.23
2025-12-24 03:33:11+00:00,0.23
2025-12-24 03:34:11+00:00,0.23
2025-12-24 03:35:12+00:00,0.22
2025-12-24 03:36:11+00:00,0.22
2025-12-24 03:37:10+00:00,0.225
2025-12-24 03:38:11+00:00,0.225
2025-12-24 03:39:10+00:00,0.225
2025-12-24 03:40:12+00:00,0.225
2025-12-24 03:41:28+00:00,0.225
2025-12-24 03:42:10+00:00,0.225
2025-12-24 03:43:10+00:00,0.215
2025-12-24 03:44:10+00:00,0.215
2025-12-24 03:45:13+00:00,0.215
2025-12-24 03:46:10+00:00,0.225
2025-12-24 03:47:10+00:00,0.22
2025-12-24 03:48:11+00:00,0.215
2025-12-24 03:49:11+00:00,0.235
2025-12-24 03:50:11+00:00,0.225
2025-12-24 03:51:10+00:00,0.225
2025-12-24 03:52:10+00:00,0.235
2025-12-24 03:53:10+00:00,0.24
2025-12-24 03:54:10+00:00,0.245
2025-12-24 03:55:12+00:00,0.24
2025-12-24 03:56:10+00:00,0.25
2025-12-24 03:57:10+00:00,0.245
2025-12-24 03:58:11+00:00,0.245
2025-12-24 03:59:10+00:00,0.245
2025-12-24 04:00:17+00:00,0.245
2025-12-24 04:01:11+00:00,0.245
2025-12-24 04:02:11+00:00,0.24
2025-12-24 04:03:10+00:00,0.24
2025-12-24 04:04:10+00:00,0.245
2025-12-24 04:05:12+00:00,0.245
2025-12-24 04:06:11+00:00,0.25
2025-12-24 04:07:29+00:00,0.245
2025-12-24 04:08:48+00:00,0.245
2025-12-24 04:09:10+00:00,0.255
2025-12-24 04:10:12+00:00,0.255
2025-12-24 04:11:11+00:00,0.255
2025-12-24 04:12:10+00:00,0.26
2025-12-24 04:13:10+00:00,0.255
2025-12-24 04:14:10+00:00,0.245
2025-12-24 04:15:11+00:00,0.235
2025-12-24 04:16:10+00:00,0.24
2025-12-24 04:17:10+00:00,0.245
2025-12-24 04:18:11+00:00,0.245
2025-12-24 04:19:10+00:00,0.255
2025-12-24 04:20:12+00:00,0.255
2025-12-24 04:21:10+00:00,0.255
2025-12-24 04:22:10+00:00,0.25
2025-12-24 04:23:10+00:00,0.25
2025-12-24 04:24:12+00:00,0.255
2025-12-24 04:25:11+00:00,0.26
2025-12-24 04:26:10+00:00,0.25
2025-12-24 04:27:10+00:00,0.255
2025-12-24 04:28:10+00:00,0.265
2025-12-24 04:29:11+00:00,0.275
2025-12-24 04:30:17+00:00,0.265
2025-12-24 04:31:11+00:00,0.285
2025-12-24 04:32:11+00:00,0.275
2025-12-24 04:33:30+00:00,0.3
2025-12-24 04:34:11+00:00,0.275
2025-12-24 04:35:13+00:00,0.265
2025-12-24 04:36:11+00:00,0.275
2025-12-24 04:37:10+00:00,0.27
2025-12-24 04:38:10+00:00,0.275
2025-12-24 04:39:10+00:00,0.275
2025-12-24 04:40:12+00:00,0.275
2025-12-24 04:41:11+00:00,0.27
2025-12-24 04:42:11+00:00,0.27
2025-12-24 04:43:10+00:00,0.245
2025-12-24 04:44:10+00:00,0.245
2025-12-24 04:45:11+00:00,0.245
2025-12-24 04:46:10+00:00,0.245
2025-12-24 04:47:11+00:00,0.245
2025-12-24 04:48:11+00:00,0.245
2025-12-24 04:49:11+00:00,0.245
2025-12-24 04:50:14+00:00,0.245
2025-12-24 04:51:11+00:00,0.255
2025-12-24 04:52:10+00:00,0.255
2025-12-24 04:53:10+00:00,0.255
2025-12-24 04:54:10+00:00,0.255
2025-12-24 04:55:11+00:00,0.255
2025-12-24 04:56:10+00:00,0.255
2025-12-24 04:57:10+00:00,0.255
2025-12-24 04:58:10+00:00,0.245
2025-12-24 04:59:25+00:00,0.245
2025-12-24 05:00:18+00:00,0.25
2025-12-24 05:01:11+00:00,0.25
2025-12-24 05:02:10+00:00,0.245
2025-12-24 05:03:11+00:00,0.25
2025-12-24 05:04:10+00:00,0.25
2025-12-24 05:05:11+00:00,0.25
2025-12-24 05:06:10+00:00,0.25
2025-12-24 05:07:10+00:00,0.25
2025-12-24 05:08:10+00:00,0.255
2025-12-24 05:09:10+00:00,0.255
2025-12-24 05:10:12+00:00,0.255
2025-12-24 05:11:10+00:00,0.265
2025-12-24 05:12:10+00:00,0.265
2025-12-24 05:13:10+00:00,0.265
2025-12-24 05:14:11+00:00,0.265
2025-12-24 05:15:11+00:00,0.265
2025-12-24 05:16:25+00:00,0.265
2025-12-24 05:17:11+00:00,0.265
2025-12-24 05:18:10+00:00,0.27
2025-12-24 05:19:10+00:00,0.27
2025-12-24 05:20:13+00:00,0.27
2025-12-24 05:21:11+00:00,0.27
2025-12-24 05:22:11+00:00,0.27
2025-12-24 05:23:10+00:00,0.27
2025-12-24 05:24:11+00:00,0.27
2025-12-24 05:25:12+00:00,0.27
2025-12-24 05:26:10+00:00,0.27
2025-12-24 05:27:10+00:00,0.26
2025-12-24 05:28:10+00:00,0.255
2025-12-24 05:29:11+00:00,0.26
2025-12-24 05:30:16+00:00,0.265
2025-12-24 05:31:10+00:00,0.265
2025-12-24 05:32:10+00:00,0.265
2025-12-24 05:33:10+00:00,0.265
2025-12-24 05:34:10+00:00,0.265
2025-12-24 05:35:26+00:00,0.265
2025-12-24 05:36:11+00:00,0.27
2025-12-24 05:37:16+00:00,0.265
2025-12-24 05:38:20+00:00,0.27
2025-12-24 05:39:10+00:00,0.27
2025-12-24 05:40:13+00:00,0.27
2025-12-24 05:41:10+00:00,0.27
2025-12-24 05:42:11+00:00,0.27
2025-12-24 05:43:10+00:00,0.27
2025-12-24 05:44:10+00:00,0.265
2025-12-24 05:45:12+00:00,0.26
2025-12-24 05:46:11+00:00,0.255
2025-12-24 05:47:10+00:00,0.255
2025-12-24 05:48:10+00:00,0.255
2025-12-24 05:49:11+00:00,0.255
2025-12-24 05:50:12+00:00,0.255
2025-12-24 05:51:10+00:00,0.255
2025-12-24 05:52:10+00:00,0.255
2025-12-24 05:53:11+00:00,0.255
2025-12-24 05:54:10+00:00,0.255
2025-12-24 05:55:11+00:00,0.255
2025-12-24 05:56:10+00:00,0.255
2025-12-24 05:57:10+00:00,0.255
2025-12-24 05:58:11+00:00,0.255
2025-12-24 05:59:11+00:00,0.255
2025-12-24 06:00:21+00:00,0.255
2025-12-24 06:01:11+00:00,0.255
2025-12-24 06:02:10+00:00,0.255
2025-12-24 06:03:19+00:00,0.255
2025-12-24 06:04:20+00:00,0.255
2025-12-24 06:05:13+00:00,0.255
2025-12-24 06:06:10+00:00,0.255
2025-12-24 06:07:10+00:00,0.255
2025-12-24 06:08:10+00:00,0.255
2025-12-24 06:09:10+00:00,0.255
2025-12-24 06:10:28+00:00,0.255
2025-12-24 06:11:10+00:00,0.255
2025-12-24 06:12:10+00:00,0.255
2025-12-24 06:13:10+00:00,0.255
2025-12-24 06:14:10+00:00,0.265
2025-12-24 06:15:11+00:00,0.265
2025-12-24 06:16:10+00:00,0.265
2025-12-24 06:17:10+00:00,0.265
2025-12-24 06:18:11+00:00,0.255
2025-12-24 06:19:11+00:00,0.255
2025-12-24 06:20:12+00:00,0.26
2025-12-24 06:21:10+00:00,0.26
2025-12-24 06:22:10+00:00,0.26
2025-12-24 06:23:29+00:00,0.26
2025-12-24 06:24:11+00:00,0.26
2025-12-24 06:25:13+00:00,0.26
2025-12-24 06:26:10+00:00,0.26
2025-12-24 06:27:11+00:00,0.26
2025-12-24 06:28:10+00:00,0.26
2025-12-24 06:29:10+00:00,0.26
2025-12-24 06:30:17+00:00,0.26
2025-12-24 06:31:10+00:00,0.26
2025-12-24 06:32:10+00:00,0.26
2025-12-24 06:33:11+00:00,0.255
2025-12-24 06:34:11+00:00,0.255
2025-12-24 06:35:31+00:00,0.265
2025-12-24 06:36:11+00:00,0.265
2025-12-24 06:37:11+00:00,0.265
2025-12-24 06:38:30+00:00,0.265
2025-12-24 06:39:11+00:00,0.255
2025-12-24 06:40:13+00:00,0.255
2025-12-24 06:41:10+00:00,0.255
2025-12-24 06:42:10+00:00,0.26
2025-12-24 06:43:10+00:00,0.26
2025-12-24 06:44:10+00:00,0.26
2025-12-24 06:45:11+00:00,0.26
2025-12-24 06:46:10+00:00,0.255
2025-12-24 06:47:10+00:00,0.255
2025-12-24 06:48:11+00:00,0.255
2025-12-24 06:49:11+00:00,0.255
2025-12-24 06:50:12+00:00,0.255
2025-12-24 06:51:10+00:00,0.255
2025-12-24 06:52:10+00:00,0.255
2025-12-24 06:53:10+00:00,0.265
2025-12-24 06:54:10+00:00,0.265
2025-12-24 06:55:11+00:00,0.265
2025-12-24 06:56:11+00:00,0.265
2025-12-24 06:57:10+00:00,0.265
2025-12-24 06:58:11+00:00,0.265
2025-12-24 06:59:11+00:00,0.265
2025-12-24 07:00:17+00:00,0.265
2025-12-24 07:01:11+00:00,0.265
2025-12-24 07:02:11+00:00,0.265
2025-12-24 07:03:10+00:00,0.265
2025-12-24 07:04:30+00:00,0.265
2025-12-24 07:05:13+00:00,0.265
2025-12-24 07:06:11+00:00,0.265
2025-12-24 07:07:11+00:00,0.265
2025-12-24 07:08:10+00:00,0.265
2025-12-24 07:09:11+00:00,0.265
2025-12-24 07:10:11+00:00,0.265
2025-12-24 07:11:11+00:00,0.265
2025-12-24 07:12:11+00:00,0.265
2025-12-24 07:13:11+00:00,0.265
2025-12-24 07:14:10+00:00,0.265
2025-12-24 07:15:11+00:00,0.265
2025-12-24 07:16:18+00:00,0.265
2025-12-24 07:17:11+00:00,0.265
2025-12-24 07:18:10+00:00,0.265
2025-12-24 07:19:10+00:00,0.265
2025-12-24 07:20:12+00:00,0.265
2025-12-24 07:21:10+00:00,0.265
2025-12-24 07:22:11+00:00,0.265
2025-12-24 07:23:10+00:00,0.265
2025-12-24 07:24:11+00:00,0.265
2025-12-24 07:25:12+00:00,0.265
2025-12-24 07:26:11+00:00,0.265
2025-12-24 07:27:11+00:00,0.265
2025-12-24 07:28:11+00:00,0.265
2025-12-24 07:29:10+00:00,0.265
2025-12-24 07:30:34+00:00,0.265
2025-12-24 07:31:11+00:00,0.265
2025-12-24 07:32:11+00:00,0.265
2025-12-24 07:33:11+00:00,0.265
2025-12-24 07:34:11+00:00,0.265
2025-12-24 07:35:11+00:00,0.265
2025-12-24 07:36:11+00:00,0.265
2025-12-24 07:37:10+00:00,0.265
2025-12-24 07:38:11+00:00,0.265
2025-12-24 07:39:10+00:00,0.265
2025-12-24 07:40:12+00:00,0.265
2025-12-24 07:41:11+00:00,0.265
2025-12-24 07:42:10+00:00,0.265
2025-12-24 07:43:10+00:00,0.265
2025-12-24 07:44:10+00:00,0.265
2025-12-24 07:45:12+00:00,0.265
2025-12-24 07:46:10+00:00,0.265
2025-12-24 07:47:10+00:00,0.265
2025-12-24 07:48:10+00:00,0.265
2025-12-24 07:49:11+00:00,0.265
2025-12-24 07:50:12+00:00,0.265
2025-12-24 07:51:11+00:00,0.265
2025-12-24 07:52:10+00:00,0.265
2025-12-24 07:53:11+00:00,0.265
2025-12-24 07:54:10+00:00,0.265
2025-12-24 07:55:11+00:00,0.265
2025-12-24 07:56:25+00:00,0.265
2025-12-24 07:57:10+00:00,0.265
2025-12-24 07:58:10+00:00,0.265
2025-12-24 07:59:10+00:00,0.265
2025-12-24 08:00:19+00:00,0.265
2025-12-24 08:01:11+00:00,0.265
2025-12-24 08:02:11+00:00,0.265
2025-12-24 08:03:11+00:00,0.265
2025-12-24 08:04:10+00:00,0.265
2025-12-24 08:05:11+00:00,0.265
2025-12-24 08:06:11+00:00,0.265
2025-12-24 08:07:10+00:00,0.265
2025-12-24 08:08:10+00:00,0.265
2025-12-24 08:09:11+00:00,0.265
2025-12-24 08:10:11+00:00,0.265
2025-12-24 08:11:10+00:00,0.265
2025-12-24 08:12:10+00:00,0.265
2025-12-24 08:13:11+00:00,0.265
2025-12-24 08:14:10+00:00,0.265
2025-12-24 08:15:11+00:00,0.265
2025-12-24 08:16:11+00:00,0.265
2025-12-24 08:17:10+00:00,0.265
2025-12-24 08:18:22+00:00,0.265
2025-12-24 08:19:11+00:00,0.265
2025-12-24 08:20:30+00:00,0.265
2025-12-24 08:21:10+00:00,0.265
2025-12-24 08:22:11+00:00,0.265
2025-12-24 08:23:10+00:00,0.265
2025-12-24 08:24:11+00:00,0.265
2025-12-24 08:25:12+00:00,0.265
2025-12-24 08:26:11+00:00,0.265
2025-12-24 08:27:10+00:00,0.265
2025-12-24 08:28:10+00:00,0.265
2025-12-24 08:29:10+00:00,0.265
2025-12-24 08:30:17+00:00,0.265
2025-12-24 08:31:10+00:00,0.265
2025-12-24 08:32:10+00:00,0.265
2025-12-24 08:33:11+00:00,0.265
2025-12-24 08:34:11+00:00,0.265
2025-12-24 08:35:12+00:00,0.265
2025-12-24 08:36:10+00:00,0.265
2025-12-24 08:37:10+00:00,0.265
2025-12-24 08:38:10+00:00,0.265
2025-12-24 08:39:11+00:00,0.265
2025-12-24 08:40:32+00:00,0.265
2025-12-24 08:41:10+00:00,0.265
2025-12-24 08:42:11+00:00,0.265
2025-12-24 08:43:11+00:00,0.265
2025-12-24 08:44:10+00:00,0.265
2025-12-24 08:45:12+00:00,0.265
2025-12-24 08:46:12+00:00,0.265
2025-12-24 08:47:11+00:00,0.265
2025-12-24 08:48:10+00:00,0.265
2025-12-24 08:49:11+00:00,0.265
2025-12-24 08:50:11+00:00,0.265
2025-12-24 08:51:10+00:00,0.265
2025-12-24 08:52:10+00:00,0.265
2025-12-24 08:53:11+00:00,0.265
2025-12-24 08:54:11+00:00,0.265
2025-12-24 08:55:11+00:00,0.265
2025-12-24 08:56:10+00:00,0.265
2025-12-24 08:57:10+00:00,0.265
2025-12-24 08:58:10+00:00,0.265
2025-12-24 08:59:11+00:00,0.265
2025-12-24 09:00:21+00:00,0.265
2025-12-24 09:01:11+00:00,0.265
2025-12-24 09:02:10+00:00,0.265
2025-12-24 09:03:11+00:00,0.265
2025-12-24 09:04:11+00:00,0.265
2025-12-24 09:05:12+00:00,0.265
2025-12-24 09:06:30+00:00,0.265
2025-12-24 09:07:10+00:00,0.265
2025-12-24 09:08:11+00:00,0.265
2025-12-24 09:09:10+00:00,0.265
2025-12-24 09:10:13+00:00,0.265
2025-12-24 09:11:10+00:00,0.265
2025-12-24 09:12:10+00:00,0.265
2025-12-24 09:13:10+00:00,0.265
2025-12-24 09:14:10+00:00,0.265
2025-12-24 09:15:11+00:00,0.265
2025-12-24 09:16:12+00:00,0.265
2025-12-24 09:17:11+00:00,0.265
2025-12-24 09:18:11+00:00,0.265
2025-12-24 09:19:11+00:00,0.265
2025-12-24 09:20:11+00:00,0.265
2025-12-24 09:21:11+00:00,0.265
2025-12-24 09:22:10+00:00,0.265
2025-12-24 09:23:10+00:00,0.265
2025-12-24 09:24:10+00:00,0.265
2025-12-24 09:25:11+00:00,0.265
2025-12-24 09:26:30+00:00,0.265
2025-12-24 09:27:11+00:00,0.265
2025-12-24 09:28:11+00:00,0.265
2025-12-24 09:29:10+00:00,0.265
2025-12-24 09:30:18+00:00,0.265
2025-12-24 09:31:10+00:00,0.265
2025-12-24 09:32:11+00:00,0.265
2025-12-24 09:33:29+00:00,0.265
2025-12-24 09:34:11+00:00,0.265
2025-12-24 09:35:14+00:00,0.265
2025-12-24 09:36:10+00:00,0.265
2025-12-24 09:37:10+00:00,0.265
2025-12-24 09:38:10+00:00,0.265
2025-12-24 09:39:11+00:00,0.265
2025-12-24 09:40:12+00:00,0.265
2025-12-24 09:41:11+00:00,0.265
2025-12-24 09:42:18+00:00,0.265
2025-12-24 09:43:11+00:00,0.265
2025-12-24 09:44:11+00:00,0.265
2025-12-24 09:45:12+00:00,0.265
2025-12-24 09:46:11+00:00,0.265
2025-12-24 09:47:10+00:00,0.265
2025-12-24 09:48:11+00:00,0.265
2025-12-24 09:49:10+00:00,0.265
2025-12-24 09:50:12+00:00,0.265
2025-12-24 09:51:10+00:00,0.265
2025-12-24 09:52:10+00:00,0.265
2025-12-24 09:53:10+00:00,0.265
2025-12-24 09:54:11+00:00,0.265
2025-12-24 09:55:11+00:00,0.265
2025-12-24 09:56:11+00:00,0.265
2025-12-24 09:57:10+00:00,0.265
2025-12-24 09:58:11+00:00,0.265
2025-12-24 09:59:27+00:00,0.265
2025-12-24 10:00:19+00:00,0.265
2025-12-24 10:01:10+00:00,0.255
2025-12-24 10:02:10+00:00,0.255
2025-12-24 10:03:11+00:00,0.245
2025-12-24 10:04:11+00:00,0.245
2025-12-24 10:05:12+00:00,0.245
2025-12-24 10:06:12+00:00,0.245
2025-12-24 10:07:11+00:00,0.245
2025-12-24 10:08:10+00:00,0.245
2025-12-24 10:09:10+00:00,0.245
2025-12-24 10:10:12+00:00,0.245
2025-12-24 10:11:10+00:00,0.245
2025-12-24 10:12:10+00:00,0.245
2025-12-24 10:13:11+00:00,0.235
2025-12-24 10:14:10+00:00,0.235
2025-12-24 10:15:12+00:00,0.235
2025-12-24 10:16:11+00:00,0.235
2025-12-24 10:17:11+00:00,0.235
2025-12-24 10:18:11+00:00,0.235
2025-12-24 10:19:11+00:00,0.235
2025-12-24 10:20:12+00:00,0.235
2025-12-24 10:21:10+00:00,0.235
2025-12-24 10:22:10+00:00,0.235
2025-12-24 10:23:21+00:00,0.235
2025-12-24 10:24:11+00:00,0.24
2025-12-24 10:25:29+00:00,0.24
2025-12-24 10:26:10+00:00,0.24
2025-12-24 10:27:10+00:00,0.24
2025-12-24 10:28:10+00:00,0.235
2025-12-24 10:29:10+00:00,0.235
2025-12-24 10:30:17+00:00,0.235
2025-12-24 10:31:10+00:00,0.235
2025-12-24 10:32:10+00:00,0.24
2025-12-24 10:33:11+00:00,0.24
2025-12-24 10:34:11+00:00,0.245
2025-12-24 10:35:26+00:00,0.245
2025-12-24 10:36:10+00:00,0.245
2025-12-24 10:37:10+00:00,0.24
2025-12-24 10:38:10+00:00,0.24
2025-12-24 10:39:10+00:00,0.235
2025-12-24 10:40:11+00:00,0.235
2025-12-24 10:41:10+00:00,0.235
2025-12-24 10:42:10+00:00,0.235
2025-12-24 10:43:10+00:00,0.235
2025-12-24 10:44:10+00:00,0.235
2025-12-24 10:45:12+00:00,0.235
2025-12-24 10:46:11+00:00,0.235
2025-12-24 10:47:10+00:00,0.235
2025-12-24 10:48:11+00:00,0.235
2025-12-24 10:49:11+00:00,0.235
2025-12-24 10:50:11+00:00,0.24
2025-12-24 10:51:27+00:00,0.24
2025-12-24 10:52:10+00:00,0.24
2025-12-24 10:53:11+00:00,0.24
2025-12-24 10:54:10+00:00,0.24
2025-12-24 10:55:14+00:00,0.235
2025-12-24 10:56:10+00:00,0.235
2025-12-24 10:57:11+00:00,0.235
2025-12-24 10:58:11+00:00,0.235
2025-12-24 10:59:10+00:00,0.235
2025-12-24 11:00:18+00:00,0.235
2025-12-24 11:01:10+00:00,0.235
2025-12-24 11:02:10+00:00,0.235
2025-12-24 11:03:11+00:00,0.235
2025-12-24 11:04:10+00:00,0.235
2025-12-24 11:05:11+00:00,0.235
2025-12-24 11:06:11+00:00,0.235
2025-12-24 11:07:10+00:00,0.24
2025-12-24 11:08:10+00:00,0.245
2025-12-24 11:09:10+00:00,0.245
2025-12-24 11:10:11+00:00,0.245
2025-12-24 11:11:10+00:00,0.245
2025-12-24 11:12:11+00:00,0.245
2025-12-24 11:13:10+00:00,0.245
2025-12-24 11:14:10+00:00,0.245
2025-12-24 11:15:11+00:00,0.245
2025-12-24 11:16:10+00:00,0.245
2025-12-24 11:17:28+00:00,0.245
2025-12-24 11:18:11+00:00,0.245
2025-12-24 11:19:11+00:00,0.245
2025-12-24 11:20:14+00:00,0.245
2025-12-24 11:21:10+00:00,0.245
2025-12-24 11:22:10+00:00,0.245
2025-12-24 11:23:10+00:00,0.245
2025-12-24 11:24:10+00:00,0.245
2025-12-24 11:25:11+00:00,0.245
2025-12-24 11:26:29+00:00,0.245
2025-12-24 11:27:11+00:00,0.245
2025-12-24 11:28:11+00:00,0.245
2025-12-24 11:29:11+00:00,0.245
2025-12-24 11:30:19+00:00,0.245
2025-12-24 11:31:10+00:00,0.245
2025-12-24 11:32:11+00:00,0.245
2025-12-24 11:33:11+00:00,0.245
2025-12-24 11:34:11+00:00,0.245
2025-12-24 11:35:11+00:00,0.245
2025-12-24 11:36:10+00:00,0.245
2025-12-24 11:37:10+00:00,0.245
2025-12-24 11:38:10+00:00,0.245
2025-12-24 11:39:10+00:00,0.245
2025-12-24 11:40:11+00:00,0.245
2025-12-24 11:41:10+00:00,0.245
2025-12-24 11:42:15+00:00,0.245
2025-12-24 11:43:10+00:00,0.245
2025-12-24 11:44:10+00:00,0.245
2025-12-24 11:45:11+00:00,0.245
2025-12-24 11:46:10+00:00,0.245
2025-12-24 11:47:10+00:00,0.245
2025-12-24 11:48:10+00:00,0.245
2025-12-24 11:49:10+00:00,0.245
2025-12-24 11:50:11+00:00,0.245
2025-12-24 11:51:11+00:00,0.245
2025-12-24 11:52:30+00:00,0.245
2025-12-24 11:53:11+00:00,0.245
2025-12-24 11:54:11+00:00,0.245
2025-12-24 11:55:14+00:00,0.245
2025-12-24 11:56:11+00:00,0.245
2025-12-24 11:57:10+00:00,0.245
2025-12-24 11:58:10+00:00,0.245
2025-12-24 11:59:10+00:00,0.245
2025-12-24 12:00:23+00:00,0.245
2025-12-24 12:01:11+00:00,0.245
2025-12-24 12:02:11+00:00,0.245
2025-12-24 12:03:10+00:00,0.245
2025-12-24 12:04:11+00:00,0.245
2025-12-24 12:05:12+00:00,0.245
2025-12-24 12:06:11+00:00,0.245
2025-12-24 12:07:11+00:00,0.245
2025-12-24 12:08:19+00:00,0.245
2025-12-24 12:09:10+00:00,0.245
2025-12-24 12:10:11+00:00,0.245
2025-12-24 12:11:10+00:00,0.245
2025-12-24 12:12:10+00:00,0.245
2025-12-24 12:13:10+00:00,0.245
2025-12-24 12:14:10+00:00,0.245
2025-12-24 12:15:11+00:00,0.245
2025-12-24 12:16:11+00:00,0.245
2025-12-24 12:17:10+00:00,0.245
2025-12-24 12:18:26+00:00,0.245
2025-12-24 12:19:10+00:00,0.245
2025-12-24 12:20:14+00:00,0.245
2025-12-24 12:21:11+00:00,0.245
2025-12-24 12:22:10+00:00,0.245
2025-12-24 12:23:10+00:00,0.245
2025-12-24 12:24:10+00:00,0.245
2025-12-24 12:25:11+00:00,0.245
2025-12-24 12:26:11+00:00,0.245
2025-12-24 12:27:10+00:00,0.245
2025-12-24 12:28:26+00:00,0.245
2025-12-24 12:29:11+00:00,0.245
2025-12-24 12:30:19+00:00,0.245
2025-12-24 12:31:10+00:00,0.245
2025-12-24 12:32:11+00:00,0.245
2025-12-24 12:33:26+00:00,0.245
2025-12-24 12:34:10+00:00,0.245
2025-12-24 12:35:14+00:00,0.245
2025-12-24 12:36:10+00:00,0.245
2025-12-24 12:37:10+00:00,0.245
2025-12-24 12:38:10+00:00,0.245
2025-12-24 12:39:10+00:00,0.245
2025-12-24 12:40:11+00:00,0.245
2025-12-24 12:41:10+00:00,0.245
2025-12-24 12:42:11+00:00,0.245
2025-12-24 12:43:11+00:00,0.245
2025-12-24 12:44:10+00:00,0.245
2025-12-24 12:45:12+00:00,0.245
2025-12-24 12:46:10+00:00,0.245
2025-12-24 12:47:10+00:00,0.245
2025-12-24 12:48:10+00:00,0.245
2025-12-24 12:49:10+00:00,0.245
2025-12-24 12:50:11+00:00,0.245
2025-12-24 12:51:10+00:00,0.245
2025-12-24 12:52:10+00:00,0.255
2025-12-24 12:53:10+00:00,0.255
2025-12-24 12:54:10+00:00,0.255
2025-12-24 12:55:11+00:00,0.255
2025-12-24 12:56:10+00:00,0.255
2025-12-24 12:57:23+00:00,0.255
2025-12-24 12:58:10+00:00,0.255
2025-12-24 12:59:27+00:00,0.255
2025-12-24 13:00:19+00:00,0.255
2025-12-24 13:01:11+00:00,0.255
2025-12-24 13:02:10+00:00,0.255
2025-12-24 13:03:10+00:00,0.255
2025-12-24 13:04:10+00:00,0.255
2025-12-24 13:05:11+00:00,0.255
2025-12-24 13:06:11+00:00,0.255
2025-12-24 13:07:11+00:00,0.255
2025-12-24 13:08:10+00:00,0.255
2025-12-24 13:09:10+00:00,0.255
2025-12-24 13:10:12+00:00,0.255
2025-12-24 13:11:10+00:00,0.255
2025-12-24 13:12:11+00:00,0.255
2025-12-24 13:13:10+00:00,0.255
2025-12-24 13:14:10+00:00,0.255
2025-12-24 13:15:11+00:00,0.255
2025-12-24 13:16:11+00:00,0.255
2025-12-24 13:17:10+00:00,0.255
2025-12-24 13:18:11+00:00,0.255
2025-12-24 13:19:10+00:00,0.255
2025-12-24 13:20:12+00:00,0.255
2025-12-24 13:21:11+00:00,0.255
2025-12-24 13:22:10+00:00,0.255
2025-12-24 13:23:10+00:00,0.255
2025-12-24 13:24:10+00:00,0.255
2025-12-24 13:25:31+00:00,0.255
2025-12-24 13:26:10+00:00,0.255
2025-12-24 13:27:10+00:00,0.255
2025-12-24 13:28:10+00:00,0.255
2025-12-24 13:29:10+00:00,0.255
2025-12-24 13:30:16+00:00,0.255
2025-12-24 13:31:10+00:00,0.255
2025-12-24 13:32:10+00:00,0.255
2025-12-24 13:33:11+00:00,0.255
2025-12-24 13:34:10+00:00,0.255
2025-12-24 13:35:11+00:00,0.255
2025-12-24 13:36:10+00:00,0.255
2025-12-24 13:37:11+00:00,0.255
2025-12-24 13:38:11+00:00,0.255
2025-12-24 13:39:10+00:00,0.255
2025-12-24 13:40:11+00:00,0.255
2025-12-24 13:41:10+00:00,0.255
2025-12-24 13:42:10+00:00,0.255
2025-12-24 13:43:11+00:00,0.255
2025-12-24 13:44:10+00:00,0.255
2025-12-24 13:45:12+00:00,0.255
2025-12-24 13:46:10+00:00,0.255
2025-12-24 13:47:10+00:00,0.255
2025-12-24 13:48:11+00:00,0.255
2025-12-24 13:49:11+00:00,0.255
2025-12-24 13:50:11+00:00,0.255
2025-12-24 13:51:29+00:00,0.255
2025-12-24 13:52:10+00:00,0.255
2025-12-24 13:53:10+00:00,0.255
2025-12-24 13:54:11+00:00,0.255
2025-12-24 13:55:15+00:00,0.255
2025-12-24 13:56:10+00:00,0.255
2025-12-24 13:57:11+00:00,0.255
2025-12-24 13:58:10+00:00,0.255
2025-12-24 13:59:28+00:00,0.255
2025-12-24 14:00:19+00:00,0.255
2025-12-24 14:01:11+00:00,0.255
2025-12-24 14:02:11+00:00,0.255
2025-12-24 14:03:10+00:00,0.255
2025-12-24 14:04:10+00:00,0.255
2025-12-24 14:05:12+00:00,0.255
2025-12-24 14:06:10+00:00,0.255
2025-12-24 14:07:10+00:00,0.255
2025-12-24 14:08:12+00:00,0.255
2025-12-24 14:09:10+00:00,0.255
2025-12-24 14:10:11+00:00,0.255
2025-12-24 14:11:10+00:00,0.255
2025-12-24 14:12:10+00:00,0.255
2025-12-24 14:13:10+00:00,0.255
2025-12-24 14:14:10+00:00,0.255
2025-12-24 14:15:11+00:00,0.255
2025-12-24 14:16:10+00:00,0.255
2025-12-24 14:17:10+00:00,0.255
2025-12-24 14:18:11+00:00,0.255
2025-12-24 14:19:11+00:00,0.255
2025-12-24 14:20:11+00:00,0.255
2025-12-24 14:21:10+00:00,0.255
2025-12-24 14:22:10+00:00,0.255
2025-12-24 14:23:10+00:00,0.255
2025-12-24 14:24:10+00:00,0.255
2025-12-24 14:25:33+00:00,0.255
2025-12-24 14:26:10+00:00,0.255
2025-12-24 14:27:10+00:00,0.255
2025-12-24 14:28:10+00:00,0.255
2025-12-24 14:29:10+00:00,0.255
2025-12-24 14:30:16+00:00,0.255
2025-12-24 14:31:10+00:00,0.255
2025-12-24 14:32:10+00:00,0.255
2025-12-24 14:33:11+00:00,0.255
2025-12-24 14:34:17+00:00,0.255
2025-12-24 14:35:11+00:00,0.255
2025-12-24 14:36:10+00:00,0.255
2025-12-24 14:37:10+00:00,0.255
2025-12-24 14:38:10+00:00,0.255
2025-12-24 14:39:10+00:00,0.255
2025-12-24 14:40:11+00:00,0.255
2025-12-24 14:41:10+00:00,0.255
2025-12-24 14:42:10+00:00,0.255
2025-12-24 14:43:10+00:00,0.255
2025-12-24 14:44:10+00:00,0.255
2025-12-24 14:45:11+00:00,0.255
2025-12-24 14:46:10+00:00,0.255
2025-12-24 14:47:10+00:00,0.255
2025-12-24 14:48:10+00:00,0.255
2025-12-24 14:49:10+00:00,0.255
2025-12-24 14:50:12+00:00,0.255
2025-12-24 14:51:26+00:00,0.255
2025-12-24 14:52:10+00:00,0.255
2025-12-24 14:53:10+00:00,0.255
2025-12-24 14:54:11+00:00,0.255
2025-12-24 14:55:15+00:00,0.255
2025-12-24 14:56:11+00:00,0.255
2025-12-24 14:57:11+00:00,0.255
2025-12-24 14:58:11+00:00,0.255
2025-12-24 14:59:11+00:00,0.255
2025-12-24 15:00:20+00:00,0.255
2025-12-24 15:01:10+00:00,0.255
2025-12-24 15:02:10+00:00,0.255
2025-12-24 15:03:10+00:00,0.255
2025-12-24 15:04:11+00:00,0.255
2025-12-24 15:05:11+00:00,0.255
2025-12-24 15:06:10+00:00,0.255
2025-12-24 15:07:11+00:00,0.255
2025-12-24 15:08:11+00:00,0.26
2025-12-24 15:09:11+00:00,0.255
2025-12-24 15:10:11+00:00,0.255
2025-12-24 15:11:10+00:00,0.255
2025-12-24 15:12:10+00:00,0.255
2025-12-24 15:13:11+00:00,0.255
2025-12-24 15:14:10+00:00,0.255
2025-12-24 15:15:11+00:00,0.255
2025-12-24 15:16:10+00:00,0.255
2025-12-24 15:17:25+00:00,0.255
2025-12-24 15:18:11+00:00,0.255
2025-12-24 15:19:10+00:00,0.255
2025-12-24 15:20:15+00:00,0.255
2025-12-24 15:21:10+00:00,0.255
2025-12-24 15:22:11+00:00,0.255
2025-12-24 15:23:10+00:00,0.255
2025-12-24 15:24:11+00:00,0.255
2025-12-24 15:25:11+00:00,0.255
2025-12-24 15:26:10+00:00,0.255
2025-12-24 15:27:11+00:00,0.255
2025-12-24 15:28:10+00:00,0.255
2025-12-24 15:29:10+00:00,0.255
2025-12-24 15:30:16+00:00,0.255
2025-12-24 15:31:10+00:00,0.255
2025-12-24 15:32:11+00:00,0.255
2025-12-24 15:33:11+00:00,0.255
2025-12-24 15:34:11+00:00,0.255
2025-12-24 15:35:12+00:00,0.255
2025-12-24 15:36:10+00:00,0.255
2025-12-24 15:37:10+00:00,0.255
2025-12-24 15:38:10+00:00,0.255
2025-12-24 15:39:10+00:00,0.255
2025-12-24 15:40:11+00:00,0.255
2025-12-24 15:41:11+00:00,0.255
2025-12-24 15:42:10+00:00,0.255
2025-12-24 15:43:27+00:00,0.255
2025-12-24 15:44:10+00:00,0.255
2025-12-24 15:45:15+00:00,0.265
2025-12-24 15:46:10+00:00,0.265
2025-12-24 15:47:10+00:00,0.265
2025-12-24 15:48:10+00:00,0.265
2025-12-24 15:49:11+00:00,0.265
2025-12-24 15:50:11+00:00,0.265
2025-12-24 15:51:10+00:00,0.265
2025-12-24 15:52:10+00:00,0.265
2025-12-24 15:53:10+00:00,0.265
2025-12-24 15:54:10+00:00,0.265
2025-12-24 15:55:12+00:00,0.265
2025-12-24 15:56:11+00:00,0.265
2025-12-24 15:57:11+00:00,0.265
2025-12-24 15:58:10+00:00,0.265
2025-12-24 15:59:10+00:00,0.265
2025-12-24 16:00:17+00:00,0.265
2025-12-24 16:01:11+00:00,0.265
2025-12-24 16:02:10+00:00,0.265
2025-12-24 16:03:11+00:00,0.265
2025-12-24 16:04:11+00:00,0.265
2025-12-24 16:05:11+00:00,0.265
2025-12-24 16:06:10+00:00,0.265
2025-12-24 16:07:10+00:00,0.265
2025-12-24 16:08:11+00:00,0.265
2025-12-24 16:09:29+00:00,0.265
2025-12-24 16:10:15+00:00,0.265
2025-12-24 16:11:29+00:00,0.265
2025-12-24 16:12:11+00:00,0.265
2025-12-24 16:13:10+00:00,0.265
2025-12-24 16:14:10+00:00,0.265
2025-12-24 16:15:15+00:00,0.265
2025-12-24 16:16:10+00:00,0.265
2025-12-24 16:17:10+00:00,0.265
2025-12-24 16:18:11+00:00,0.265
2025-12-24 16:19:11+00:00,0.265
2025-12-24 16:20:12+00:00,0.265
2025-12-24 16:21:11+00:00,0.265
2025-12-24 16:22:10+00:00,0.265
2025-12-24 16:23:10+00:00,0.265
2025-12-24 16:24:10+00:00,0.265
2025-12-24 16:25:12+00:00,0.265
2025-12-24 16:26:11+00:00,0.265
2025-12-24 16:27:11+00:00,0.265
2025-12-24 16:28:11+00:00,0.265
2025-12-24 16:29:10+00:00,0.265
2025-12-24 16:30:16+00:00,0.265
2025-12-24 16:31:10+00:00,0.265
2025-12-24 16:32:11+00:00,0.265
2025-12-24 16:33:10+00:00,0.265
2025-12-24 16:34:12+00:00,0.265
2025-12-24 16:35:11+00:00,0.265
2025-12-24 16:36:10+00:00,0.265
2025-12-24 16:37:29+00:00,0.265
2025-12-24 16:38:11+00:00,0.265
2025-12-24 16:39:10+00:00,0.265
2025-12-24 16:40:15+00:00,0.265
2025-12-24 16:41:10+00:00,0.26
2025-12-24 16:42:51+00:00,0.255
2025-12-24 16:43:10+00:00,0.255
2025-12-24 16:44:11+00:00,0.255
2025-12-24 16:45:12+00:00,0.255
2025-12-24 16:46:12+00:00,0.255
2025-12-24 16:47:11+00:00,0.26
2025-12-24 16:48:11+00:00,0.26
2025-12-24 16:49:11+00:00,0.26
2025-12-24 16:50:12+00:00,0.26
2025-12-24 16:51:10+00:00,0.26
2025-12-24 16:52:10+00:00,0.26
2025-12-24 16:53:10+00:00,0.26
2025-12-24 16:54:10+00:00,0.26
2025-12-24 16:55:11+00:00,0.26
2025-12-24 16:56:10+00:00,0.26
2025-12-24 16:57:10+00:00,0.26
2025-12-24 16:58:10+00:00,0.26
2025-12-24 16:59:10+00:00,0.26
2025-12-24 17:00:23+00:00,0.255
2025-12-24 17:01:10+00:00,0.26
2025-12-24 17:02:11+00:00,0.26
2025-12-24 17:03:25+00:00,0.26
2025-12-24 17:04:10+00:00,0.26
2025-12-24 17:05:15+00:00,0.26
2025-12-24 17:06:10+00:00,0.255
2025-12-24 17:07:10+00:00,0.255
2025-12-24 17:08:11+00:00,0.255
2025-12-24 17:09:11+00:00,0.255
2025-12-24 17:10:12+00:00,0.255
2025-12-24 17:11:11+00:00,0.255
2025-12-24 17:12:11+00:00,0.255
2025-12-24 17:13:10+00:00,0.255
2025-12-24 17:14:10+00:00,0.255
2025-12-24 17:15:12+00:00,0.26
2025-12-24 17:16:10+00:00,0.255
2025-12-24 17:17:10+00:00,0.26
2025-12-24 17:18:11+00:00,0.26
2025-12-24 17:19:10+00:00,0.255
2025-12-24 17:20:12+00:00,0.255
2025-12-24 17:21:10+00:00,0.255
2025-12-24 17:22:11+00:00,0.255
2025-12-24 17:23:10+00:00,0.255
2025-12-24 17:24:11+00:00,0.255
2025-12-24 17:25:12+00:00,0.255
2025-12-24 17:26:10+00:00,0.255
2025-12-24 17:27:10+00:00,0.255
2025-12-24 17:28:10+00:00,0.255
2025-12-24 17:29:25+00:00,0.255
2025-12-24 17:30:19+00:00,0.255
2025-12-24 17:31:11+00:00,0.255
2025-12-24 17:32:11+00:00,0.255
2025-12-24 17:33:10+00:00,0.255
2025-12-24 17:34:11+00:00,0.255
2025-12-24 17:35:12+00:00,0.255
2025-12-24 17:36:10+00:00,0.255
2025-12-24 17:37:10+00:00,0.255
2025-12-24 17:38:25+00:00,0.255
2025-12-24 17:39:10+00:00,0.255
2025-12-24 17:40:15+00:00,0.255
2025-12-24 17:41:10+00:00,0.255
2025-12-24 17:42:10+00:00,0.255
2025-12-24 17:43:10+00:00,0.255
2025-12-24 17:44:10+00:00,0.255
2025-12-24 17:45:11+00:00,0.255
2025-12-24 17:46:11+00:00,0.255
2025-12-24 17:47:10+00:00,0.255
2025-12-24 17:48:11+00:00,0.255
2025-12-24 17:49:11+00:00,0.255
2025-12-24 17:50:11+00:00,0.255
2025-12-24 17:51:11+00:00,0.255
2025-12-24 17:52:10+00:00,0.255
2025-12-24 17:53:11+00:00,0.255
2025-12-24 17:54:10+00:00,0.255
2025-12-24 17:55:11+00:00,0.255
2025-12-24 17:56:11+00:00,0.255
2025-12-24 17:57:10+00:00,0.255
2025-12-24 17:58:10+00:00,0.255
2025-12-24 17:59:10+00:00,0.255
2025-12-24 18:00:20+00:00,0.255
2025-12-24 18:01:10+00:00,0.255
2025-12-24 18:02:10+00:00,0.255
2025-12-24 18:03:11+00:00,0.255
2025-12-24 18:04:27+00:00,0.255
2025-12-24 18:05:15+00:00,0.255
2025-12-24 18:06:10+00:00,0.255
2025-12-24 18:07:10+00:00,0.255
2025-12-24 18:08:11+00:00,0.255
2025-12-24 18:09:11+00:00,0.255
2025-12-24 18:10:11+00:00,0.255
2025-12-24 18:11:11+00:00,0.255
2025-12-24 18:12:10+00:00,0.255
2025-12-24 18:13:10+00:00,0.255
2025-12-24 18:14:25+00:00,0.255
2025-12-24 18:15:12+00:00,0.255
2025-12-24 18:16:11+00:00,0.255
2025-12-24 18:17:10+00:00,0.255
2025-12-24 18:18:11+00:00,0.255
2025-12-24 18:19:10+00:00,0.255
2025-12-24 18:20:11+00:00,0.255
2025-12-24 18:21:10+00:00,0.255
2025-12-24 18:22:11+00:00,0.255
2025-12-24 18:23:10+00:00,0.255
2025-12-24 18:24:11+00:00,0.255
2025-12-24 18:25:12+00:00,0.255
2025-12-24 18:26:10+00:00,0.255
2025-12-24 18:27:11+00:00,0.255
2025-12-24 18:28:10+00:00,0.255
2025-12-24 18:29:11+00:00,0.255
2025-12-24 18:30:37+00:00,0.255
2025-12-24 18:31:11+00:00,0.255
2025-12-24 18:33:06+00:00,0.255
2025-12-24 18:33:19+00:00,0.255
2025-12-24 18:34:11+00:00,0.255
2025-12-24 18:35:11+00:00,0.255
2025-12-24 18:36:10+00:00,0.255
2025-12-24 18:37:11+00:00,0.255
2025-12-24 18:38:11+00:00,0.255
2025-12-24 18:39:10+00:00,0.255
2025-12-24 18:40:11+00:00,0.255
2025-12-24 18:41:10+00:00,0.255
2025-12-24 18:42:10+00:00,0.255
2025-12-24 18:43:10+00:00,0.255
2025-12-24 18:44:10+00:00,0.255
2025-12-24 18:45:12+00:00,0.255
2025-12-24 18:46:11+00:00,0.255
2025-12-24 18:47:11+00:00,0.255
2025-12-24 18:48:25+00:00,0.255
2025-12-24 18:49:10+00:00,0.255
2025-12-24 18:50:12+00:00,0.255
2025-12-24 18:51:10+00:00,0.255
2025-12-24 18:52:10+00:00,0.255
2025-12-24 18:53:10+00:00,0.255
2025-12-24 18:54:10+00:00,0.255
2025-12-24 18:55:12+00:00,0.255
2025-12-24 18:56:29+00:00,0.255
2025-12-24 18:57:24+00:00,0.255
2025-12-24 18:58:10+00:00,0.255
2025-12-24 18:59:11+00:00,0.255
2025-12-24 19:00:22+00:00,0.255
2025-12-24 19:01:10+00:00,0.255
2025-12-24 19:02:11+00:00,0.255
2025-12-24 19:03:11+00:00,0.255
2025-12-24 19:04:22+00:00,0.255
2025-12-24 19:05:25+00:00,0.255
2025-12-24 19:06:11+00:00,0.255
2025-12-24 19:07:10+00:00,0.255
2025-12-24 19:08:10+00:00,0.255
2025-12-24 19:09:25+00:00,0.255
2025-12-24 19:10:12+00:00,0.255
2025-12-24 19:11:11+00:00,0.255
2025-12-24 19:12:11+00:00,0.255
2025-12-24 19:13:10+00:00,0.255
2025-12-24 19:14:10+00:00,0.255
2025-12-24 19:15:12+00:00,0.255
2025-12-24 19:16:11+00:00,0.255
2025-12-24 19:17:23+00:00,0.255
2025-12-24 19:18:11+00:00,0.255
2025-12-24 19:19:10+00:00,0.255
2025-12-24 19:20:12+00:00,0.255
2025-12-24 19:21:10+00:00,0.255
2025-12-24 19:22:28+00:00,0.255
2025-12-24 19:23:10+00:00,0.255
2025-12-24 19:24:10+00:00,0.255
2025-12-24 19:25:16+00:00,0.255
2025-12-24 19:26:17+00:00,0.255
2025-12-24 19:27:11+00:00,0.255
2025-12-24 19:28:10+00:00,0.255
2025-12-24 19:29:10+00:00,0.255
2025-12-24 19:30:17+00:00,0.255
2025-12-24 19:31:10+00:00,0.255
2025-12-24 19:32:10+00:00,0.255
2025-12-24 19:33:11+00:00,0.255
2025-12-24 19:34:10+00:00,0.255
2025-12-24 19:35:12+00:00,0.255
2025-12-24 19:36:10+00:00,0.255
2025-12-24 19:37:10+00:00,0.255
2025-12-24 19:38:10+00:00,0.255
2025-12-24 19:39:10+00:00,0.255
2025-12-24 19:40:12+00:00,0.255
2025-12-24 19:41:10+00:00,0.255
2025-12-24 19:42:10+00:00,0.255
2025-12-24 19:43:11+00:00,0.255
2025-12-24 19:44:11+00:00,0.255
2025-12-24 19:45:12+00:00,0.255
2025-12-24 19:46:11+00:00,0.255
2025-12-24 19:47:11+00:00,0.255
2025-12-24 19:48:26+00:00,0.255
2025-12-24 19:49:11+00:00,0.255
2025-12-24 19:50:16+00:00,0.255
2025-12-24 19:51:11+00:00,0.255
2025-12-24 19:52:10+00:00,0.255
2025-12-24 19:53:10+00:00,0.255
2025-12-24 19:54:10+00:00,0.255
2025-12-24 19:55:12+00:00,0.255
2025-12-24 19:56:11+00:00,0.255
2025-12-24 19:57:10+00:00,0.255
2025-12-24 19:58:10+00:00,0.255
2025-12-24 19:59:10+00:00,0.255
2025-12-24 20:00:17+00:00,0.255
2025-12-24 20:01:11+00:00,0.255
2025-12-24 20:02:11+00:00,0.255
2025-12-24 20:03:11+00:00,0.255
2025-12-24 20:04:11+00:00,0.255
2025-12-24 20:05:12+00:00,0.255
2025-12-24 20:06:10+00:00,0.255
2025-12-24 20:07:11+00:00,0.255
2025-12-24 20:08:10+00:00,0.255
2025-12-24 20:09:11+00:00,0.255
2025-12-24 20:10:12+00:00,0.255
2025-12-24 20:11:11+00:00,0.255
2025-12-24 20:12:10+00:00,0.255
2025-12-24 20:13:10+00:00,0.255
2025-12-24 20:14:25+00:00,0.255
2025-12-24 20:15:16+00:00,0.255
2025-12-24 20:16:11+00:00,0.255
2025-12-24 20:17:10+00:00,0.25
2025-12-24 20:18:11+00:00,0.255
2025-12-24 20:19:11+00:00,0.255
2025-12-24 20:20:12+00:00,0.255
2025-12-24 20:21:10+00:00,0.255
2025-12-24 20:22:10+00:00,0.255
2025-12-24 20:23:10+00:00,0.255
2025-12-24 20:24:10+00:00,0.255
2025-12-24 20:25:12+00:00,0.255
2025-12-24 20:26:10+00:00,0.255
2025-12-24 20:27:10+00:00,0.255
2025-12-24 20:28:10+00:00,0.255
2025-12-24 20:29:10+00:00,0.255
2025-12-24 20:30:15+00:00,0.255
2025-12-24 20:31:11+00:00,0.255
2025-12-24 20:32:10+00:00,0.255
2025-12-24 20:33:11+00:00,0.255
2025-12-24 20:34:11+00:00,0.255
2025-12-24 20:35:12+00:00,0.255
2025-12-24 20:36:10+00:00,0.255
2025-12-24 20:37:11+00:00,0.255
2025-12-24 20:38:11+00:00,0.255
2025-12-24 20:39:10+00:00,0.255
2025-12-24 20:40:32+00:00,0.255
2025-12-24 20:41:10+00:00,0.255
2025-12-24 20:42:10+00:00,0.255
2025-12-24 20:43:10+00:00,0.255
2025-12-24 20:44:10+00:00,0.255
2025-12-24 20:45:11+00:00,0.255
2025-12-24 20:46:10+00:00,0.255
2025-12-24 20:47:10+00:00,0.255
2025-12-24 20:48:11+00:00,0.255
2025-12-24 20:49:10+00:00,0.255
2025-12-24 20:50:12+00:00,0.255
2025-12-24 20:51:10+00:00,0.255
2025-12-24 20:52:10+00:00,0.255
2025-12-24 20:53:10+00:00,0.255
2025-12-24 20:54:11+00:00,0.255
2025-12-24 20:55:11+00:00,0.255
2025-12-24 20:56:10+00:00,0.255
2025-12-24 20:57:28+00:00,0.255
2025-12-24 20:58:10+00:00,0.255
2025-12-24 20:59:21+00:00,0.255
2025-12-24 21:00:24+00:00,0.255
2025-12-24 21:01:11+00:00,0.255
2025-12-24 21:02:10+00:00,0.255
2025-12-24 21:03:12+00:00,0.255
2025-12-24 21:04:10+00:00,0.255
2025-12-24 21:05:11+00:00,0.255
2025-12-24 21:06:10+00:00,0.255
2025-12-24 21:07:10+00:00,0.255
2025-12-24 21:08:10+00:00,0.255
2025-12-24 21:09:13+00:00,0.255
2025-12-24 21:10:11+00:00,0.255
2025-12-24 21:11:10+00:00,0.255
2025-12-24 21:12:11+00:00,0.255
2025-12-24 21:14:07+00:00,0.255
2025-12-24 21:14:20+00:00,0.255
2025-12-24 21:15:11+00:00,0.255
2025-12-24 21:16:10+00:00,0.255
2025-12-24 21:17:10+00:00,0.245
2025-12-24 21:18:10+00:00,0.245
2025-12-24 21:19:10+00:00,0.245
2025-12-24 21:20:11+00:00,0.245
2025-12-24 21:21:21+00:00,0.245
2025-12-24 21:22:10+00:00,0.245
2025-12-24 21:23:28+00:00,0.245
2025-12-24 21:24:25+00:00,0.245
2025-12-24 21:25:15+00:00,0.245
2025-12-24 21:26:12+00:00,0.245
2025-12-24 21:27:10+00:00,0.245
2025-12-24 21:28:10+00:00,0.245
2025-12-24 21:29:10+00:00,0.245
2025-12-24 21:30:16+00:00,0.245
2025-12-24 21:31:10+00:00,0.245
2025-12-24 21:32:10+00:00,0.245
2025-12-24 21:33:10+00:00,0.245
2025-12-24 21:34:10+00:00,0.245
2025-12-24 21:35:11+00:00,0.245
2025-12-24 21:36:11+00:00,0.245
2025-12-24 21:37:10+00:00,0.245
2025-12-24 21:38:11+00:00,0.245
2025-12-24 21:39:10+00:00,0.245
2025-12-24 21:40:11+00:00,0.245
2025-12-24 21:41:10+00:00,0.245
2025-12-24 21:42:10+00:00,0.245
2025-12-24 21:43:10+00:00,0.245
2025-12-24 21:44:10+00:00,0.245
2025-12-24 21:45:11+00:00,0.245
2025-12-24 21:46:10+00:00,0.245
2025-12-24 21:47:10+00:00,0.245
2025-12-24 21:48:11+00:00,0.245
2025-12-24 21:49:28+00:00,0.245
2025-12-24 21:50:16+00:00,0.245
2025-12-24 21:51:11+00:00,0.245
2025-12-24 21:52:17+00:00,0.245
2025-12-24 21:53:10+00:00,0.245
2025-12-24 21:54:23+00:00,0.245
2025-12-24 21:55:11+00:00,0.245
2025-12-24 21:56:25+00:00,0.245
2025-12-24 21:57:10+00:00,0.245
2025-12-24 21:58:10+00:00,0.245
2025-12-24 21:59:10+00:00,0.245
2025-12-24 22:00:20+00:00,0.245
2025-12-24 22:01:11+00:00,0.245
2025-12-24 22:02:10+00:00,0.245
2025-12-24 22:03:10+00:00,0.245
2025-12-24 22:04:10+00:00,0.245
2025-12-24 22:05:11+00:00,0.245
2025-12-24 22:06:10+00:00,0.245
2025-12-24 22:07:10+00:00,0.245
2025-12-24 22:08:10+00:00,0.245
2025-12-24 22:09:11+00:00,0.245
2025-12-24 22:10:11+00:00,0.245
2025-12-24 22:11:10+00:00,0.245
2025-12-24 22:12:10+00:00,0.245
2025-12-24 22:13:10+00:00,0.245
2025-12-24 22:14:11+00:00,0.245
2025-12-24 22:15:24+00:00,0.245
2025-12-24 22:16:11+00:00,0.245
2025-12-24 22:17:10+00:00,0.245
2025-12-24 22:18:10+00:00,0.245
2025-12-24 22:19:10+00:00,0.245
2025-12-24 22:20:11+00:00,0.245
2025-12-24 22:21:10+00:00,0.245
2025-12-24 22:22:26+00:00,0.245
2025-12-24 22:23:10+00:00,0.245
2025-12-24 22:24:10+00:00,0.245
2025-12-24 22:25:16+00:00,0.245
2025-12-24 22:26:11+00:00,0.245
2025-12-24 22:27:11+00:00,0.245
2025-12-24 22:28:10+00:00,0.245
2025-12-24 22:29:10+00:00,0.245
2025-12-24 22:30:16+00:00,0.245
2025-12-24 22:31:10+00:00,0.245
2025-12-24 22:32:10+00:00,0.245
2025-12-24 22:33:10+00:00,0.245
2025-12-24 22:34:10+00:00,0.245
2025-12-24 22:35:11+00:00,0.245
2025-12-24 22:36:10+00:00,0.245
2025-12-24 22:37:11+00:00,0.245
2025-12-24 22:38:10+00:00,0.245
2025-12-24 22:39:10+00:00,0.245
2025-12-24 22:40:11+00:00,0.245
2025-12-24 22:41:10+00:00,0.245
2025-12-24 22:42:10+00:00,0.245
2025-12-24 22:43:10+00:00,0.245
2025-12-24 22:44:10+00:00,0.245
2025-12-24 22:45:11+00:00,0.245
2025-12-24 22:46:10+00:00,0.245
2025-12-24 22:47:10+00:00,0.245
2025-12-24 22:48:26+00:00,0.245
2025-12-24 22:49:10+00:00,0.245
2025-12-24 22:50:16+00:00,0.245
2025-12-24 22:51:10+00:00,0.245
2025-12-24 22:52:10+00:00,0.245
2025-12-24 22:53:10+00:00,0.245
2025-12-24 22:54:10+00:00,0.245
2025-12-24 22:55:11+00:00,0.245
2025-12-24 22:56:10+00:00,0.245
2025-12-24 22:57:10+00:00,0.245
2025-12-24 22:58:10+00:00,0.245
2025-12-24 22:59:21+00:00,0.245
2025-12-24 23:00:16+00:00,0.245
2025-12-24 23:01:10+00:00,0.245
2025-12-24 23:02:10+00:00,0.245
2025-12-24 23:03:11+00:00,0.245
2025-12-24 23:04:10+00:00,0.245
2025-12-24 23:05:11+00:00,0.245
2025-12-24 23:06:10+00:00,0.245
2025-12-24 23:07:10+00:00,0.245
2025-12-24 23:08:10+00:00,0.245
2025-12-24 23:09:10+00:00,0.245
2025-12-24 23:10:11+00:00,0.245
2025-12-24 23:11:10+00:00,0.245
2025-12-24 23:12:25+00:00,0.245
2025-12-24 23:13:10+00:00,0.245
2025-12-24 23:14:27+00:00,0.245
2025-12-24 23:15:16+00:00,0.245
2025-12-24 23:16:10+00:00,0.245
2025-12-24 23:17:10+00:00,0.245
2025-12-24 23:18:10+00:00,0.245
2025-12-24 23:19:10+00:00,0.245
2025-12-24 23:20:11+00:00,0.245
2025-12-24 23:21:10+00:00,0.245
2025-12-24 23:22:10+00:00,0.245
2025-12-24 23:23:28+00:00,0.245
2025-12-24 23:24:10+00:00,0.245
2025-12-24 23:25:15+00:00,0.245
2025-12-24 23:26:10+00:00,0.245
2025-12-24 23:27:10+00:00,0.245
2025-12-24 23:28:10+00:00,0.245
2025-12-24 23:29:10+00:00,0.245
2025-12-24 23:30:16+00:00,0.245
2025-12-24 23:31:10+00:00,0.245
2025-12-24 23:32:10+00:00,0.245
2025-12-24 23:33:10+00:00,0.245
2025-12-24 23:34:10+00:00,0.245
2025-12-24 23:35:12+00:00,0.245
2025-12-24 23:36:10+00:00,0.245
2025-12-24 23:37:10+00:00,0.245
2025-12-24 23:38:10+00:00,0.25
2025-12-24 23:39:10+00:00,0.255
2025-12-24 23:40:11+00:00,0.255
2025-12-24 23:41:10+00:00,0.255
2025-12-24 23:42:10+00:00,0.255
2025-12-24 23:43:10+00:00,0.255
2025-12-24 23:44:10+00:00,0.255
2025-12-24 23:45:11+00:00,0.255
2025-12-24 23:46:10+00:00,0.255
2025-12-24 23:47:10+00:00,0.255
2025-12-24 23:48:10+00:00,0.255
2025-12-24 23:49:29+00:00,0.255
2025-12-24 23:50:16+00:00,0.255
2025-12-24 23:51:10+00:00,0.255
2025-12-24 23:52:11+00:00,0.245
2025-12-24 23:53:10+00:00,0.245
2025-12-24 23:54:10+00:00,0.245
2025-12-24 23:55:33+00:00,0.245
2025-12-24 23:56:10+00:00,0.245
2025-12-24 23:57:10+00:00,0.245
2025-12-24 23:58:10+00:00,0.245
2025-12-24 23:59:10+00:00,0.245
2025-12-25 00:00:32+00:00,0.245
2025-12-25 00:01:10+00:00,0.245
2025-12-25 00:02:10+00:00,0.245
2025-12-25 00:03:10+00:00,0.245
2025-12-25 00:04:10+00:00,0.245
2025-12-25 00:05:11+00:00,0.245
2025-12-25 00:06:10+00:00,0.245
2025-12-25 00:07:10+00:00,0.245
2025-12-25 00:08:10+00:00,0.245
2025-12-25 00:09:10+00:00,0.245
2025-12-25 00:10:12+00:00,0.245
2025-12-25 00:11:10+00:00,0.245
2025-12-25 00:12:10+00:00,0.245
2025-12-25 00:13:10+00:00,0.245
2025-12-25 00:14:09+00:00,0.245
2025-12-25 00:15:11+00:00,0.245
2025-12-25 00:16:10+00:00,0.245
2025-12-25 00:17:10+00:00,0.245
2025-12-25 00:18:12+00:00,0.245
2025-12-25 00:19:10+00:00,0.245
2025-12-25 00:20:11+00:00,0.245
2025-12-25 00:21:14+00:00,0.245
2025-12-25 00:22:10+00:00,0.245
2025-12-25 00:23:10+00:00,0.245
2025-12-25 00:24:10+00:00,0.245
2025-12-25 00:25:15+00:00,0.245
2025-12-25 00:26:10+00:00,0.245
2025-12-25 00:27:10+00:00,0.245
2025-12-25 00:28:09+00:00,0.245
2025-12-25 00:29:10+00:00,0.245
2025-12-25 00:30:16+00:00,0.245
2025-12-25 00:31:10+00:00,0.245
2025-12-25 00:32:10+00:00,0.245
2025-12-25 00:33:10+00:00,0.245
2025-12-25 00:34:10+00:00,0.245
2025-12-25 00:35:11+00:00,0.245
2025-12-25 00:36:10+00:00,0.245
2025-12-25 00:37:10+00:00,0.245
2025-12-25 00:38:10+00:00,0.245
2025-12-25 00:39:10+00:00,0.245
2025-12-25 00:40:11+00:00,0.245
2025-12-25 00:41:10+00:00,0.245
2025-12-25 00:42:10+00:00,0.245
2025-12-25 00:43:10+00:00,0.245
2025-12-25 00:44:10+00:00,0.245
2025-12-25 00:45:11+00:00,0.245
2025-12-25 00:46:10+00:00,0.245
2025-12-25 00:47:17+00:00,0.245
2025-12-25 00:48:11+00:00,0.245
2025-12-25 00:49:10+00:00,0.245
2025-12-25 00:50:15+00:00,0.245
2025-12-25 00:51:10+00:00,0.245
2025-12-25 00:52:10+00:00,0.245
2025-12-25 00:53:10+00:00,0.245
2025-12-25 00:54:10+00:00,0.245
2025-12-25 00:55:21+00:00,0.245
2025-12-25 00:56:26+00:00,0.245
2025-12-25 00:57:10+00:00,0.245
2025-12-25 00:58:10+00:00,0.245
2025-12-25 00:59:09+00:00,0.245
2025-12-25 01:00:16+00:00,0.245
2025-12-25 01:01:20+00:00,0.245
2025-12-25 01:02:10+00:00,0.245
2025-12-25 01:03:10+00:00,0.245
2025-12-25 01:04:10+00:00,0.245
2025-12-25 01:05:11+00:00,0.245
2025-12-25 01:06:10+00:00,0.245
2025-12-25 01:07:10+00:00,0.245
2025-12-25 01:08:10+00:00,0.245
2025-12-25 01:09:10+00:00,0.245
2025-12-25 01:10:12+00:00,0.245
2025-12-25 01:11:10+00:00,0.245
2025-12-25 01:12:11+00:00,0.245
2025-12-25 01:13:10+00:00,0.245
2025-12-25 01:14:10+00:00,0.245
2025-12-25 01:15:11+00:00,0.245
2025-12-25 01:16:10+00:00,0.25
2025-12-25 01:17:10+00:00,0.25
2025-12-25 01:18:10+00:00,0.25
2025-12-25 01:19:10+00:00,0.255
2025-12-25 01:20:12+00:00,0.255
2025-12-25 01:21:19+00:00,0.255
2025-12-25 01:22:10+00:00,0.255
2025-12-25 01:23:10+00:00,0.255
2025-12-25 01:24:10+00:00,0.255
2025-12-25 01:25:15+00:00,0.255
2025-12-25 01:26:10+00:00,0.255
2025-12-25 01:27:10+00:00,0.255
2025-12-25 01:28:10+00:00,0.255
2025-12-25 01:29:10+00:00,0.255
2025-12-25 01:30:17+00:00,0.255
2025-12-25 01:31:10+00:00,0.255
2025-12-25 01:32:10+00:00,0.255
2025-12-25 01:33:10+00:00,0.255
2025-12-25 01:34:10+00:00,0.255
2025-12-25 01:35:24+00:00,0.255
2025-12-25 01:36:21+00:00,0.255
2025-12-25 01:37:10+00:00,0.255
2025-12-25 01:38:10+00:00,0.255
2025-12-25 01:39:10+00:00,0.255
2025-12-25 01:40:15+00:00,0.255
2025-12-25 01:41:10+00:00,0.255
2025-12-25 01:42:10+00:00,0.255
2025-12-25 01:43:10+00:00,0.255
2025-12-25 01:44:10+00:00,0.255
2025-12-25 01:45:12+00:00,0.255
2025-12-25 01:46:10+00:00,0.255
2025-12-25 01:47:10+00:00,0.255
2025-12-25 01:48:10+00:00,0.255
2025-12-25 01:49:10+00:00,0.255
2025-12-25 01:50:12+00:00,0.255
2025-12-25 01:51:10+00:00,0.255
2025-12-25 01:52:10+00:00,0.255
2025-12-25 01:53:10+00:00,0.255
2025-12-25 01:54:10+00:00,0.255
2025-12-25 01:55:11+00:00,0.255
2025-12-25 01:56:10+00:00,0.255
2025-12-25 01:57:10+00:00,0.255
2025-12-25 01:58:23+00:00,0.255
2025-12-25 01:59:10+00:00,0.255
2025-12-25 02:00:17+00:00,0.255
2025-12-25 02:01:09+00:00,0.255
2025-12-25 02:02:23+00:00,0.255
2025-12-25 02:03:10+00:00,0.255
2025-12-25 02:04:10+00:00,0.255
2025-12-25 02:05:15+00:00,0.255
2025-12-25 02:06:10+00:00,0.255
2025-12-25 02:07:10+00:00,0.255
2025-12-25 02:08:10+00:00,0.255
2025-12-25 02:09:10+00:00,0.255
2025-12-25 02:10:12+00:00,0.255
2025-12-25 02:11:10+00:00,0.255
2025-12-25 02:12:10+00:00,0.255
2025-12-25 02:13:10+00:00,0.255
2025-12-25 02:14:10+00:00,0.255
2025-12-25 02:15:11+00:00,0.255
2025-12-25 02:16:10+00:00,0.255
2025-12-25 02:17:10+00:00,0.255
2025-12-25 02:18:11+00:00,0.255
2025-12-25 02:19:10+00:00,0.255
2025-12-25 02:20:12+00:00,0.255
2025-12-25 02:21:10+00:00,0.255
2025-12-25 02:22:10+00:00,0.255
2025-12-25 02:23:10+00:00,0.255
2025-12-25 02:24:11+00:00,0.255
2025-12-25 02:25:13+00:00,0.255
2025-12-25 02:26:10+00:00,0.255
2025-12-25 02:27:10+00:00,0.255
2025-12-25 02:28:25+00:00,0.255
2025-12-25 02:29:10+00:00,0.255
2025-12-25 02:30:20+00:00,0.255
2025-12-25 02:31:11+00:00,0.255
2025-12-25 02:32:11+00:00,0.255
2025-12-25 02:33:10+00:00,0.255
2025-12-25 02:34:10+00:00,0.255
2025-12-25 02:35:11+00:00,0.255
2025-12-25 02:36:10+00:00,0.255
2025-12-25 02:37:10+00:00,0.255
2025-12-25 02:38:10+00:00,0.255
2025-12-25 02:39:10+00:00,0.255
2025-12-25 02:40:12+00:00,0.255
2025-12-25 02:41:10+00:00,0.255
2025-12-25 02:42:10+00:00,0.255
2025-12-25 02:43:10+00:00,0.255
2025-12-25 02:44:12+00:00,0.255
2025-12-25 02:45:12+00:00,0.255
2025-12-25 02:46:10+00:00,0.255
2025-12-25 02:47:10+00:00,0.255
2025-12-25 02:48:11+00:00,0.255
2025-12-25 02:49:10+00:00,0.255
2025-12-25 02:50:11+00:00,0.255
2025-12-25 02:51:10+00:00,0.255
2025-12-25 02:52:11+00:00,0.255
2025-12-25 02:53:22+00:00,0.255
2025-12-25 02:54:25+00:00,0.255
2025-12-25 02:55:15+00:00,0.255
2025-12-25 02:56:10+00:00,0.255
2025-12-25 02:57:10+00:00,0.255
2025-12-25 02:58:25+00:00,0.255
2025-12-25 02:59:10+00:00,0.255
2025-12-25 03:00:23+00:00,0.255
2025-12-25 03:01:10+00:00,0.255
2025-12-25 03:02:11+00:00,0.255
2025-12-25 03:03:10+00:00,0.255
2025-12-25 03:04:11+00:00,0.255
2025-12-25 03:05:11+00:00,0.255
2025-12-25 03:06:11+00:00,0.255
2025-12-25 03:07:10+00:00,0.255
2025-12-25 03:08:10+00:00,0.255
2025-12-25 03:09:10+00:00,0.255
2025-12-25 03:10:12+00:00,0.255
2025-12-25 03:11:10+00:00,0.255
2025-12-25 03:12:10+00:00,0.255
2025-12-25 03:13:10+00:00,0.255
2025-12-25 03:14:10+00:00,0.255
2025-12-25 03:15:11+00:00,0.255
2025-12-25 03:16:10+00:00,0.255
2025-12-25 03:17:11+00:00,0.255
2025-12-25 03:18:10+00:00,0.255
2025-12-25 03:19:10+00:00,0.255
2025-12-25 03:20:12+00:00,0.255
2025-12-25 03:21:10+00:00,0.255
2025-12-25 03:22:10+00:00,0.255
2025-12-25 03:23:10+00:00,0.255
2025-12-25 03:24:26+00:00,0.255
2025-12-25 03:25:15+00:00,0.255
2025-12-25 03:26:10+00:00,0.255
2025-12-25 03:27:10+00:00,0.255
2025-12-25 03:28:10+00:00,0.255
2025-12-25 03:29:10+00:00,0.255
2025-12-25 03:30:35+00:00,0.255
2025-12-25 03:31:10+00:00,0.255
2025-12-25 03:32:11+00:00,0.255
2025-12-25 03:33:10+00:00,0.255
2025-12-25 03:34:10+00:00,0.255
2025-12-25 03:35:11+00:00,0.255
2025-12-25 03:36:10+00:00,0.255
2025-12-25 03:37:10+00:00,0.255
2025-12-25 03:38:10+00:00,0.255
2025-12-25 03:39:10+00:00,0.255
2025-12-25 03:40:11+00:00,0.255
2025-12-25 03:41:24+00:00,0.255
2025-12-25 03:42:10+00:00,0.255
2025-12-25 03:43:10+00:00,0.255
2025-12-25 03:44:10+00:00,0.255
2025-12-25 03:45:11+00:00,0.255
2025-12-25 03:46:10+00:00,0.255
2025-12-25 03:47:10+00:00,0.255
2025-12-25 03:48:10+00:00,0.255
2025-12-25 03:49:10+00:00,0.255
2025-12-25 03:50:11+00:00,0.255
2025-12-25 03:51:11+00:00,0.255
2025-12-25 03:52:10+00:00,0.255
2025-12-25 03:53:10+00:00,0.255
2025-12-25 03:54:11+00:00,0.255
2025-12-25 03:55:11+00:00,0.255
2025-12-25 03:56:28+00:00,0.255
2025-12-25 03:57:10+00:00,0.255
2025-12-25 03:58:10+00:00,0.255
2025-12-25 03:59:10+00:00,0.255
2025-12-25 04:00:19+00:00,0.255
2025-12-25 04:01:11+00:00,0.255
2025-12-25 04:02:11+00:00,0.255
2025-12-25 04:03:11+00:00,0.255
2025-12-25 04:04:10+00:00,0.255
2025-12-25 04:05:11+00:00,0.255
2025-12-25 04:06:10+00:00,0.255
2025-12-25 04:07:10+00:00,0.255
2025-12-25 04:08:10+00:00,0.255
2025-12-25 04:09:10+00:00,0.255
2025-12-25 04:10:11+00:00,0.255
2025-12-25 04:11:11+00:00,0.255
2025-12-25 04:12:29+00:00,0.255
2025-12-25 04:13:10+00:00,0.255
2025-12-25 04:14:10+00:00,0.255
2025-12-25 04:15:14+00:00,0.255
2025-12-25 04:16:10+00:00,0.255
2025-12-25 04:17:10+00:00,0.255
2025-12-25 04:18:10+00:00,0.255
2025-12-25 04:19:10+00:00,0.255
2025-12-25 04:20:11+00:00,0.255
2025-12-25 04:21:11+00:00,0.255
2025-12-25 04:22:10+00:00,0.255
2025-12-25 04:23:10+00:00,0.255
2025-12-25 04:24:11+00:00,0.255
2025-12-25 04:25:11+00:00,0.255
2025-12-25 04:26:10+00:00,0.255
2025-12-25 04:27:10+00:00,0.255
2025-12-25 04:28:11+00:00,0.255
2025-12-25 04:29:10+00:00,0.255
2025-12-25 04:30:16+00:00,0.255
2025-12-25 04:31:10+00:00,0.255
2025-12-25 04:32:10+00:00,0.255
2025-12-25 04:33:11+00:00,0.255
2025-12-25 04:34:10+00:00,0.255
2025-12-25 04:35:12+00:00,0.255
2025-12-25 04:36:10+00:00,0.255
2025-12-25 04:37:10+00:00,0.255
2025-12-25 04:38:30+00:00,0.255
2025-12-25 04:39:10+00:00,0.255
2025-12-25 04:40:14+00:00,0.255
2025-12-25 04:41:10+00:00,0.255
2025-12-25 04:42:10+00:00,0.255
2025-12-25 04:43:10+00:00,0.255
2025-12-25 04:44:10+00:00,0.255
2025-12-25 04:45:11+00:00,0.255
2025-12-25 04:46:10+00:00,0.255
2025-12-25 04:47:10+00:00,0.255
2025-12-25 04:48:10+00:00,0.255
2025-12-25 04:49:10+00:00,0.255
2025-12-25 04:50:14+00:00,0.255
2025-12-25 04:51:10+00:00,0.255
2025-12-25 04:52:11+00:00,0.255
2025-12-25 04:53:10+00:00,0.255
2025-12-25 04:54:11+00:00,0.255
2025-12-25 04:55:11+00:00,0.255
2025-12-25 04:56:10+00:00,0.255
2025-12-25 04:57:10+00:00,0.255
2025-12-25 04:58:10+00:00,0.255
2025-12-25 04:59:10+00:00,0.255
2025-12-25 05:00:17+00:00,0.255
2025-12-25 05:01:10+00:00,0.255
2025-12-25 05:02:25+00:00,0.255
2025-12-25 05:03:11+00:00,0.255
2025-12-25 05:04:27+00:00,0.255
2025-12-25 05:05:15+00:00,0.255
2025-12-25 05:06:11+00:00,0.255
2025-12-25 05:07:11+00:00,0.255
2025-12-25 05:08:10+00:00,0.255
2025-12-25 05:09:10+00:00,0.255
2025-12-25 05:10:14+00:00,0.255
2025-12-25 05:11:10+00:00,0.255
2025-12-25 05:12:10+00:00,0.255
2025-12-25 05:13:10+00:00,0.255
2025-12-25 05:14:10+00:00,0.255
2025-12-25 05:15:12+00:00,0.255
2025-12-25 05:16:10+00:00,0.255
2025-12-25 05:17:10+00:00,0.255
2025-12-25 05:18:10+00:00,0.255
2025-12-25 05:19:10+00:00,0.25
2025-12-25 05:20:11+00:00,0.245
2025-12-25 05:21:10+00:00,0.245
2025-12-25 05:22:10+00:00,0.245
2025-12-25 05:23:11+00:00,0.245
2025-12-25 05:24:10+00:00,0.245
2025-12-25 05:25:11+00:00,0.245
2025-12-25 05:26:11+00:00,0.245
2025-12-25 05:27:10+00:00,0.245
2025-12-25 05:28:10+00:00,0.245
2025-12-25 05:29:10+00:00,0.245
2025-12-25 05:30:34+00:00,0.245
2025-12-25 05:31:10+00:00,0.245
2025-12-25 05:32:10+00:00,0.25
2025-12-25 05:33:11+00:00,0.25
2025-12-25 05:34:11+00:00,0.255
2025-12-25 05:35:12+00:00,0.255
2025-12-25 05:36:10+00:00,0.255
2025-12-25 05:37:10+00:00,0.255
2025-12-25 05:38:10+00:00,0.255
2025-12-25 05:39:10+00:00,0.255
2025-12-25 05:40:12+00:00,0.255
2025-12-25 05:41:10+00:00,0.25
2025-12-25 05:42:10+00:00,0.25
2025-12-25 05:43:26+00:00,0.25
2025-12-25 05:44:10+00:00,0.25
2025-12-25 05:45:12+00:00,0.25
2025-12-25 05:46:10+00:00,0.25
2025-12-25 05:47:10+00:00,0.25
2025-12-25 05:48:11+00:00,0.25
2025-12-25 05:49:11+00:00,0.25
2025-12-25 05:50:11+00:00,0.245
2025-12-25 05:51:10+00:00,0.245
2025-12-25 05:52:10+00:00,0.245
2025-12-25 05:53:11+00:00,0.245
2025-12-25 05:54:11+00:00,0.245
2025-12-25 05:55:11+00:00,0.25
2025-12-25 05:56:26+00:00,0.25
2025-12-25 05:57:10+00:00,0.25
2025-12-25 05:58:11+00:00,0.25
2025-12-25 05:59:10+00:00,0.25
2025-12-25 06:00:23+00:00,0.25
2025-12-25 06:01:10+00:00,0.255
2025-12-25 06:02:11+00:00,0.255
2025-12-25 06:03:10+00:00,0.255
2025-12-25 06:04:10+00:00,0.255
2025-12-25 06:05:11+00:00,0.255
2025-12-25 06:06:10+00:00,0.255
2025-12-25 06:07:10+00:00,0.255
2025-12-25 06:08:11+00:00,0.255
2025-12-25 06:09:10+00:00,0.255
2025-12-25 06:10:11+00:00,0.255
2025-12-25 06:11:10+00:00,0.255
2025-12-25 06:12:10+00:00,0.255
2025-12-25 06:13:10+00:00,0.255
2025-12-25 06:14:11+00:00,0.255
2025-12-25 06:15:12+00:00,0.255
2025-12-25 06:16:10+00:00,0.255
2025-12-25 06:17:10+00:00,0.255
2025-12-25 06:18:10+00:00,0.255
2025-12-25 06:19:10+00:00,0.255
2025-12-25 06:20:12+00:00,0.255
2025-12-25 06:21:10+00:00,0.255
2025-12-25 06:22:28+00:00,0.255
2025-12-25 06:23:11+00:00,0.255
2025-12-25 06:24:10+00:00,0.255
2025-12-25 06:25:15+00:00,0.255
2025-12-25 06:26:10+00:00,0.255
2025-12-25 06:27:11+00:00,0.255
2025-12-25 06:28:28+00:00,0.245
2025-12-25 06:29:10+00:00,0.245
2025-12-25 06:30:20+00:00,0.245
2025-12-25 06:31:10+00:00,0.245
2025-12-25 06:32:10+00:00,0.245
2025-12-25 06:33:10+00:00,0.245
2025-12-25 06:34:10+00:00,0.245
2025-12-25 06:35:32+00:00,0.245
2025-12-25 06:36:11+00:00,0.245
2025-12-25 06:37:11+00:00,0.245
2025-12-25 06:38:10+00:00,0.245
2025-12-25 06:39:10+00:00,0.245
2025-12-25 06:40:12+00:00,0.245
2025-12-25 06:41:10+00:00,0.245
2025-12-25 06:42:10+00:00,0.245
2025-12-25 06:43:10+00:00,0.245
2025-12-25 06:44:10+00:00,0.245
2025-12-25 06:45:12+00:00,0.245
2025-12-25 06:46:10+00:00,0.245
2025-12-25 06:47:10+00:00,0.245
2025-12-25 06:48:11+00:00,0.245
2025-12-25 06:49:10+00:00,0.245
2025-12-25 06:50:12+00:00,0.255
2025-12-25 06:51:10+00:00,0.255
2025-12-25 06:52:10+00:00,0.255
2025-12-25 06:53:10+00:00,0.255
2025-12-25 06:54:11+00:00,0.255
2025-12-25 06:55:11+00:00,0.255
2025-12-25 06:56:10+00:00,0.255
2025-12-25 06:57:11+00:00,0.255
2025-12-25 06:58:10+00:00,0.255
2025-12-25 06:59:10+00:00,0.255
2025-12-25 07:00:18+00:00,0.255
2025-12-25 07:01:30+00:00,0.255
2025-12-25 07:02:11+00:00,0.255
2025-12-25 07:03:10+00:00,0.255
2025-12-25 07:04:30+00:00,0.255
2025-12-25 07:05:16+00:00,0.255
2025-12-25 07:06:10+00:00,0.255
2025-12-25 07:07:10+00:00,0.255
2025-12-25 07:08:10+00:00,0.255
2025-12-25 07:09:10+00:00,0.255
2025-12-25 07:10:25+00:00,0.255
2025-12-25 07:11:11+00:00,0.255
2025-12-25 07:12:10+00:00,0.255
2025-12-25 07:13:10+00:00,0.255
2025-12-25 07:14:11+00:00,0.255
2025-12-25 07:15:12+00:00,0.255
2025-12-25 07:16:17+00:00,0.255
2025-12-25 07:17:10+00:00,0.255
2025-12-25 07:18:11+00:00,0.255
2025-12-25 07:19:10+00:00,0.255
2025-12-25 07:20:12+00:00,0.255
2025-12-25 07:21:10+00:00,0.245
2025-12-25 07:22:11+00:00,0.245
2025-12-25 07:23:10+00:00,0.245
2025-12-25 07:24:10+00:00,0.245
2025-12-25 07:25:11+00:00,0.245
2025-12-25 07:26:10+00:00,0.245
2025-12-25 07:27:10+00:00,0.245
2025-12-25 07:28:11+00:00,0.245
2025-12-25 07:29:10+00:00,0.245
2025-12-25 07:30:36+00:00,0.245
2025-12-25 07:31:10+00:00,0.245
2025-12-25 07:32:11+00:00,0.245
2025-12-25 07:33:28+00:00,0.245
2025-12-25 07:34:11+00:00,0.245
2025-12-25 07:35:16+00:00,0.245
2025-12-25 07:36:13+00:00,0.245
2025-12-25 07:37:10+00:00,0.245
2025-12-25 07:38:10+00:00,0.245
2025-12-25 07:39:11+00:00,0.245
2025-12-25 07:40:12+00:00,0.245
2025-12-25 07:41:11+00:00,0.245
2025-12-25 07:42:10+00:00,0.245
2025-12-25 07:43:10+00:00,0.245
2025-12-25 07:44:10+00:00,0.245
2025-12-25 07:45:11+00:00,0.245
2025-12-25 07:46:11+00:00,0.245
2025-12-25 07:47:10+00:00,0.245
2025-12-25 07:48:10+00:00,0.245
2025-12-25 07:49:23+00:00,0.245
2025-12-25 07:50:13+00:00,0.245
2025-12-25 07:51:11+00:00,0.245
2025-12-25 07:52:10+00:00,0.245
2025-12-25 07:53:10+00:00,0.245
2025-12-25 07:54:10+00:00,0.245
2025-12-25 07:55:11+00:00,0.245
2025-12-25 07:56:10+00:00,0.245
2025-12-25 07:57:10+00:00,0.245
2025-12-25 07:58:10+00:00,0.245
2025-12-25 07:59:25+00:00,0.245
2025-12-25 08:00:21+00:00,0.245
2025-12-25 08:01:10+00:00,0.245
2025-12-25 08:02:10+00:00,0.245
2025-12-25 08:03:10+00:00,0.245
2025-12-25 08:04:10+00:00,0.25
2025-12-25 08:05:12+00:00,0.255
2025-12-25 08:06:10+00:00,0.255
2025-12-25 08:07:10+00:00,0.255
2025-12-25 08:08:10+00:00,0.255
2025-12-25 08:09:10+00:00,0.255
2025-12-25 08:10:12+00:00,0.255
2025-12-25 08:11:11+00:00,0.255
2025-12-25 08:12:10+00:00,0.255
2025-12-25 08:13:10+00:00,0.255
2025-12-25 08:14:27+00:00,0.255
2025-12-25 08:15:12+00:00,0.255
2025-12-25 08:16:10+00:00,0.255
2025-12-25 08:17:10+00:00,0.255
2025-12-25 08:18:10+00:00,0.255
2025-12-25 08:19:11+00:00,0.255
2025-12-25 08:20:11+00:00,0.255
2025-12-25 08:21:10+00:00,0.255
2025-12-25 08:22:10+00:00,0.255
2025-12-25 08:23:10+00:00,0.255
2025-12-25 08:24:11+00:00,0.255
2025-12-25 08:25:31+00:00,0.255
2025-12-25 08:26:10+00:00,0.255
2025-12-25 08:27:10+00:00,0.255
2025-12-25 08:28:11+00:00,0.255
2025-12-25 08:29:10+00:00,0.255
2025-12-25 08:30:17+00:00,0.255
2025-12-25 08:31:11+00:00,0.255
2025-12-25 08:32:10+00:00,0.255
2025-12-25 08:33:11+00:00,0.255
2025-12-25 08:34:10+00:00,0.255
2025-12-25 08:35:11+00:00,0.255
2025-12-25 08:36:11+00:00,0.255
2025-12-25 08:37:10+00:00,0.255
2025-12-25 08:38:10+00:00,0.255
2025-12-25 08:39:10+00:00,0.255
2025-12-25 08:40:11+00:00,0.255
2025-12-25 08:41:11+00:00,0.255
2025-12-25 08:42:10+00:00,0.255
2025-12-25 08:43:27+00:00,0.255
2025-12-25 08:44:11+00:00,0.255
2025-12-25 08:45:17+00:00,0.255
2025-12-25 08:46:11+00:00,0.255
2025-12-25 08:47:10+00:00,0.255
2025-12-25 08:48:10+00:00,0.255
2025-12-25 08:49:10+00:00,0.255
2025-12-25 08:50:12+00:00,0.255
2025-12-25 08:51:10+00:00,0.255
2025-12-25 08:52:10+00:00,0.255
2025-12-25 08:53:11+00:00,0.255
2025-12-25 08:54:10+00:00,0.255
2025-12-25 08:55:11+00:00,0.255
2025-12-25 08:56:10+00:00,0.255
2025-12-25 08:57:10+00:00,0.255
2025-12-25 08:58:10+00:00,0.255
2025-12-25 08:59:10+00:00,0.255
2025-12-25 09:00:20+00:00,0.255
2025-12-25 09:01:11+00:00,0.255
2025-12-25 09:02:11+00:00,0.255
2025-12-25 09:03:11+00:00,0.255
2025-12-25 09:04:10+00:00,0.255
2025-12-25 09:05:11+00:00,0.255
2025-12-25 09:06:10+00:00,0.255
2025-12-25 09:07:10+00:00,0.255
2025-12-25 09:08:10+00:00,0.255
2025-12-25 09:09:29+00:00,0.255
2025-12-25 09:10:16+00:00,0.255
2025-12-25 09:11:11+00:00,0.255
2025-12-25 09:12:10+00:00,0.255
2025-12-25 09:13:10+00:00,0.255
2025-12-25 09:14:10+00:00,0.255
2025-12-25 09:15:11+00:00,0.255
2025-12-25 09:16:10+00:00,0.255
2025-12-25 09:17:10+00:00,0.255
2025-12-25 09:18:11+00:00,0.255
2025-12-25 09:19:10+00:00,0.255
2025-12-25 09:20:11+00:00,0.255
2025-12-25 09:21:11+00:00,0.255
2025-12-25 09:22:11+00:00,0.255
2025-12-25 09:23:10+00:00,0.255
2025-12-25 09:24:10+00:00,0.255
2025-12-25 09:25:23+00:00,0.255
2025-12-25 09:26:11+00:00,0.255
2025-12-25 09:27:11+00:00,0.255
2025-12-25 09:28:11+00:00,0.255
2025-12-25 09:29:10+00:00,0.255
2025-12-25 09:30:17+00:00,0.255
2025-12-25 09:31:10+00:00,0.255
2025-12-25 09:32:10+00:00,0.255
2025-12-25 09:33:10+00:00,0.255
2025-12-25 09:34:22+00:00,0.255
2025-12-25 09:35:34+00:00,0.255
2025-12-25 09:36:10+00:00,0.255
2025-12-25 09:37:10+00:00,0.255
2025-12-25 09:38:10+00:00,0.255
2025-12-25 09:39:10+00:00,0.255
2025-12-25 09:40:12+00:00,0.255
2025-12-25 09:41:10+00:00,0.255
2025-12-25 09:42:17+00:00,0.255
2025-12-25 09:43:10+00:00,0.255
2025-12-25 09:44:26+00:00,0.245
2025-12-25 09:45:16+00:00,0.245
2025-12-25 09:46:10+00:00,0.245
2025-12-25 09:47:10+00:00,0.245
2025-12-25 09:48:10+00:00,0.245
2025-12-25 09:49:10+00:00,0.245
2025-12-25 09:50:12+00:00,0.245
2025-12-25 09:51:10+00:00,0.245
2025-12-25 09:52:11+00:00,0.245
2025-12-25 09:53:10+00:00,0.245
2025-12-25 09:54:10+00:00,0.245
2025-12-25 09:55:12+00:00,0.245
2025-12-25 09:56:10+00:00,0.245
2025-12-25 09:57:10+00:00,0.255
2025-12-25 09:58:10+00:00,0.255
2025-12-25 09:59:10+00:00,0.255
2025-12-25 10:00:17+00:00,0.255
2025-12-25 10:01:10+00:00,0.255
2025-12-25 10:02:13+00:00,0.255
2025-12-25 10:03:11+00:00,0.255
2025-12-25 10:04:10+00:00,0.255
2025-12-25 10:05:12+00:00,0.255
2025-12-25 10:06:12+00:00,0.255
2025-12-25 10:07:11+00:00,0.255
2025-12-25 10:08:10+00:00,0.255
2025-12-25 10:09:10+00:00,0.255
2025-12-25 10:10:29+00:00,0.255
2025-12-25 10:11:10+00:00,0.255
2025-12-25 10:12:10+00:00,0.255
2025-12-25 10:13:10+00:00,0.255
2025-12-25 10:14:10+00:00,0.255
2025-12-25 10:15:11+00:00,0.255
2025-12-25 10:16:11+00:00,0.255
2025-12-25 10:17:11+00:00,0.255
2025-12-25 10:18:11+00:00,0.255
2025-12-25 10:19:10+00:00,0.255
2025-12-25 10:20:11+00:00,0.255
2025-12-25 10:21:11+00:00,0.245
2025-12-25 10:22:10+00:00,0.245
2025-12-25 10:23:11+00:00,0.245
2025-12-25 10:24:11+00:00,0.245
2025-12-25 10:25:12+00:00,0.245
2025-12-25 10:26:10+00:00,0.245
2025-12-25 10:27:10+00:00,0.245
2025-12-25 10:28:11+00:00,0.245
2025-12-25 10:29:10+00:00,0.245
2025-12-25 10:30:16+00:00,0.245
2025-12-25 10:31:10+00:00,0.245
2025-12-25 10:32:11+00:00,0.245
2025-12-25 10:33:11+00:00,0.245
2025-12-25 10:34:11+00:00,0.245
2025-12-25 10:35:12+00:00,0.245
2025-12-25 10:36:26+00:00,0.245
2025-12-25 10:37:10+00:00,0.245
2025-12-25 10:38:10+00:00,0.245
2025-12-25 10:39:10+00:00,0.245
2025-12-25 10:40:16+00:00,0.245
2025-12-25 10:41:10+00:00,0.245
2025-12-25 10:42:11+00:00,0.245
2025-12-25 10:43:10+00:00,0.245
2025-12-25 10:44:10+00:00,0.245
2025-12-25 10:45:11+00:00,0.245
2025-12-25 10:46:11+00:00,0.245
2025-12-25 10:47:11+00:00,0.245
2025-12-25 10:48:11+00:00,0.245
2025-12-25 10:49:10+00:00,0.245
2025-12-25 10:50:12+00:00,0.245
2025-12-25 10:51:10+00:00,0.245
2025-12-25 10:52:10+00:00,0.245
2025-12-25 10:53:11+00:00,0.245
2025-12-25 10:54:10+00:00,0.245
2025-12-25 10:55:11+00:00,0.245
2025-12-25 10:56:10+00:00,0.245
2025-12-25 10:57:11+00:00,0.245
2025-12-25 10:58:10+00:00,0.245
2025-12-25 10:59:10+00:00,0.245
2025-12-25 11:00:17+00:00,0.245
2025-12-25 11:01:10+00:00,0.245
2025-12-25 11:02:27+00:00,0.245
2025-12-25 11:03:10+00:00,0.245
2025-12-25 11:04:10+00:00,0.245
2025-12-25 11:05:16+00:00,0.245
2025-12-25 11:06:10+00:00,0.245
2025-12-25 11:07:23+00:00,0.245
2025-12-25 11:08:15+00:00,0.245
2025-12-25 11:09:10+00:00,0.245
2025-12-25 11:10:16+00:00,0.245
2025-12-25 11:11:10+00:00,0.245
2025-12-25 11:12:11+00:00,0.245
2025-12-25 11:13:10+00:00,0.245
2025-12-25 11:14:10+00:00,0.245
2025-12-25 11:15:12+00:00,0.245
2025-12-25 11:16:11+00:00,0.245
2025-12-25 11:17:10+00:00,0.245
2025-12-25 11:18:11+00:00,0.245
2025-12-25 11:19:12+00:00,0.245
2025-12-25 11:20:27+00:00,0.245
2025-12-25 11:21:11+00:00,0.245
2025-12-25 11:22:10+00:00,0.245
2025-12-25 11:23:10+00:00,0.245
2025-12-25 11:24:10+00:00,0.245
2025-12-25 11:25:12+00:00,0.245
2025-12-25 11:26:10+00:00,0.245
2025-12-25 11:27:10+00:00,0.245
2025-12-25 11:28:11+00:00,0.245
2025-12-25 11:29:11+00:00,0.245
2025-12-25 11:30:17+00:00,0.245
2025-12-25 11:31:10+00:00,0.245
2025-12-25 11:32:11+00:00,0.245
2025-12-25 11:33:24+00:00,0.245
2025-12-25 11:34:15+00:00,0.245
2025-12-25 11:35:15+00:00,0.245
2025-12-25 11:36:11+00:00,0.245
2025-12-25 11:37:25+00:00,0.245
2025-12-25 11:38:10+00:00,0.245
2025-12-25 11:39:10+00:00,0.245
2025-12-25 11:40:12+00:00,0.245
2025-12-25 11:41:10+00:00,0.245
2025-12-25 11:42:30+00:00,0.245
2025-12-25 11:43:10+00:00,0.245
2025-12-25 11:44:11+00:00,0.245
2025-12-25 11:45:16+00:00,0.245
2025-12-25 11:46:10+00:00,0.245
2025-12-25 11:47:10+00:00,0.245
2025-12-25 11:48:11+00:00,0.245
2025-12-25 11:49:11+00:00,0.245
2025-12-25 11:50:12+00:00,0.245
2025-12-25 11:51:11+00:00,0.245
2025-12-25 11:52:23+00:00,0.245
2025-12-25 11:53:11+00:00,0.245
2025-12-25 11:54:11+00:00,0.245
2025-12-25 11:55:12+00:00,0.245
2025-12-25 11:56:10+00:00,0.245
2025-12-25 11:57:10+00:00,0.245
2025-12-25 11:58:11+00:00,0.245
2025-12-25 11:59:10+00:00,0.245
2025-12-25 12:00:24+00:00,0.245
2025-12-25 12:01:10+00:00,0.245
2025-12-25 12:02:11+00:00,0.245
2025-12-25 12:03:10+00:00,0.245
2025-12-25 12:04:11+00:00,0.245
2025-12-25 12:05:12+00:00,0.245
2025-12-25 12:06:11+00:00,0.245
2025-12-25 12:07:10+00:00,0.245
2025-12-25 12:08:49+00:00,0.245
2025-12-25 12:09:25+00:00,0.245
2025-12-25 12:10:16+00:00,0.245
2025-12-25 12:11:10+00:00,0.245
2025-12-25 12:12:11+00:00,0.245
2025-12-25 12:13:10+00:00,0.245
2025-12-25 12:14:11+00:00,0.245
2025-12-25 12:15:12+00:00,0.245
2025-12-25 12:16:11+00:00,0.245
2025-12-25 12:17:11+00:00,0.245
2025-12-25 12:18:10+00:00,0.245
2025-12-25 12:19:11+00:00,0.245
2025-12-25 12:20:19+00:00,0.245
2025-12-25 12:21:10+00:00,0.245
2025-12-25 12:22:10+00:00,0.245
2025-12-25 12:23:10+00:00,0.245
2025-12-25 12:24:10+00:00,0.245
2025-12-25 12:25:12+00:00,0.245
2025-12-25 12:26:11+00:00,0.245
2025-12-25 12:27:11+00:00,0.245
2025-12-25 12:28:13+00:00,0.245
2025-12-25 12:29:10+00:00,0.245
2025-12-25 12:30:16+00:00,0.245
2025-12-25 12:31:11+00:00,0.245
2025-12-25 12:32:11+00:00,0.245
2025-12-25 12:33:12+00:00,0.245
2025-12-25 12:34:25+00:00,0.245
2025-12-25 12:35:15+00:00,0.245
2025-12-25 12:36:11+00:00,0.245
2025-12-25 12:37:10+00:00,0.245
2025-12-25 12:38:26+00:00,0.245
2025-12-25 12:39:10+00:00,0.245
2025-12-25 12:40:15+00:00,0.245
2025-12-25 12:41:10+00:00,0.245
2025-12-25 12:42:12+00:00,0.245
2025-12-25 12:43:11+00:00,0.245
2025-12-25 12:44:10+00:00,0.245
2025-12-25 12:45:12+00:00,0.245
2025-12-25 12:46:11+00:00,0.245
2025-12-25 12:47:10+00:00,0.245
2025-12-25 12:48:11+00:00,0.245
2025-12-25 12:49:11+00:00,0.245
2025-12-25 12:50:12+00:00,0.245
2025-12-25 12:51:11+00:00,0.245
2025-12-25 12:52:10+00:00,0.245
2025-12-25 12:53:11+00:00,0.245
2025-12-25 12:54:11+00:00,0.245
2025-12-25 12:55:26+00:00,0.245
2025-12-25 12:56:10+00:00,0.245
2025-12-25 12:57:11+00:00,0.245
2025-12-25 12:58:24+00:00,0.245
2025-12-25 12:59:10+00:00,0.245
2025-12-25 13:00:18+00:00,0.245
2025-12-25 13:01:10+00:00,0.245
2025-12-25 13:02:11+00:00,0.245
2025-12-25 13:03:11+00:00,0.245
2025-12-25 13:04:25+00:00,0.245
2025-12-25 13:05:16+00:00,0.245
2025-12-25 13:06:10+00:00,0.245
2025-12-25 13:07:10+00:00,0.245
2025-12-25 13:08:10+00:00,0.245
2025-12-25 13:09:10+00:00,0.245
2025-12-25 13:10:12+00:00,0.245
2025-12-25 13:11:10+00:00,0.245
2025-12-25 13:12:10+00:00,0.245
2025-12-25 13:13:10+00:00,0.245
2025-12-25 13:14:10+00:00,0.245
2025-12-25 13:15:12+00:00,0.245
2025-12-25 13:16:11+00:00,0.245
2025-12-25 13:17:10+00:00,0.245
2025-12-25 13:18:11+00:00,0.245
2025-12-25 13:19:10+00:00,0.245
2025-12-25 13:20:12+00:00,0.245
2025-12-25 13:21:11+00:00,0.245
2025-12-25 13:22:10+00:00,0.245
2025-12-25 13:23:10+00:00,0.245
2025-12-25 13:24:10+00:00,0.245
2025-12-25 13:25:11+00:00,0.245
2025-12-25 13:26:10+00:00,0.245
2025-12-25 13:27:10+00:00,0.245
2025-12-25 13:28:10+00:00,0.245
2025-12-25 13:29:10+00:00,0.245
2025-12-25 13:30:37+00:00,0.245
2025-12-25 13:31:11+00:00,0.245
2025-12-25 13:32:11+00:00,0.245
2025-12-25 13:33:11+00:00,0.245
2025-12-25 13:34:10+00:00,0.245
2025-12-25 13:35:11+00:00,0.245
2025-12-25 13:36:11+00:00,0.245
2025-12-25 13:37:10+00:00,0.245
2025-12-25 13:38:23+00:00,0.245
2025-12-25 13:39:10+00:00,0.245
2025-12-25 13:40:12+00:00,0.245
2025-12-25 13:41:11+00:00,0.245
2025-12-25 13:42:10+00:00,0.245
2025-12-25 13:43:29+00:00,0.245
2025-12-25 13:44:10+00:00,0.245
2025-12-25 13:45:16+00:00,0.245
2025-12-25 13:46:11+00:00,0.245
2025-12-25 13:47:10+00:00,0.245
2025-12-25 13:48:11+00:00,0.245
2025-12-25 13:49:10+00:00,0.245
2025-12-25 13:50:12+00:00,0.245
2025-12-25 13:51:11+00:00,0.245
2025-12-25 13:52:11+00:00,0.245
2025-12-25 13:53:11+00:00,0.245
2025-12-25 13:54:11+00:00,0.245
2025-12-25 13:55:12+00:00,0.245
2025-12-25 13:56:10+00:00,0.245
2025-12-25 13:57:11+00:00,0.245
2025-12-25 13:58:10+00:00,0.245
2025-12-25 13:59:10+00:00,0.245
2025-12-25 14:00:17+00:00,0.245
2025-12-25 14:01:11+00:00,0.245
2025-12-25 14:02:10+00:00,0.245
2025-12-25 14:03:11+00:00,0.245
2025-12-25 14:04:11+00:00,0.245
2025-12-25 14:05:12+00:00,0.245
2025-12-25 14:06:10+00:00,0.245
2025-12-25 14:07:10+00:00,0.245
2025-12-25 14:08:11+00:00,0.245
2025-12-25 14:09:30+00:00,0.245
2025-12-25 14:10:15+00:00,0.245
2025-12-25 14:11:30+00:00,0.245
2025-12-25 14:12:10+00:00,0.245
2025-12-25 14:13:10+00:00,0.245
2025-12-25 14:14:10+00:00,0.245
2025-12-25 14:15:16+00:00,0.245
2025-12-25 14:16:11+00:00,0.245
2025-12-25 14:17:10+00:00,0.245
2025-12-25 14:18:11+00:00,0.245
2025-12-25 14:19:11+00:00,0.245
2025-12-25 14:20:12+00:00,0.245
2025-12-25 14:21:10+00:00,0.245
2025-12-25 14:22:10+00:00,0.245
2025-12-25 14:23:10+00:00,0.245
2025-12-25 14:24:10+00:00,0.245
2025-12-25 14:25:12+00:00,0.245
2025-12-25 14:26:10+00:00,0.245
2025-12-25 14:27:10+00:00,0.245
2025-12-25 14:28:10+00:00,0.245
2025-12-25 14:29:10+00:00,0.245
2025-12-25 14:30:17+00:00,0.245
2025-12-25 14:31:10+00:00,0.245
2025-12-25 14:32:10+00:00,0.245
2025-12-25 14:33:10+00:00,0.245
2025-12-25 14:34:17+00:00,0.245
2025-12-25 14:35:11+00:00,0.245
2025-12-25 14:36:10+00:00,0.245
2025-12-25 14:37:27+00:00,0.245
2025-12-25 14:38:11+00:00,0.245
2025-12-25 14:39:10+00:00,0.245
2025-12-25 14:40:15+00:00,0.245
2025-12-25 14:41:27+00:00,0.245
2025-12-25 14:42:11+00:00,0.245
2025-12-25 14:43:10+00:00,0.245
2025-12-25 14:44:10+00:00,0.245
2025-12-25 14:45:15+00:00,0.245
2025-12-25 14:46:10+00:00,0.245
2025-12-25 14:47:11+00:00,0.245
2025-12-25 14:48:11+00:00,0.245
2025-12-25 14:49:10+00:00,0.245
2025-12-25 14:50:11+00:00,0.245
2025-12-25 14:51:11+00:00,0.245
2025-12-25 14:52:11+00:00,0.245
2025-12-25 14:53:10+00:00,0.245
2025-12-25 14:54:13+00:00,0.245
2025-12-25 14:55:12+00:00,0.245
2025-12-25 14:56:10+00:00,0.245
2025-12-25 14:57:10+00:00,0.245
2025-12-25 14:58:11+00:00,0.245
2025-12-25 14:59:11+00:00,0.245
2025-12-25 15:00:20+00:00,0.245
2025-12-25 15:01:11+00:00,0.245
2025-12-25 15:02:12+00:00,0.245
2025-12-25 15:03:11+00:00,0.245
2025-12-25 15:04:11+00:00,0.245
2025-12-25 15:05:11+00:00,0.245
2025-12-25 15:06:11+00:00,0.245
2025-12-25 15:07:26+00:00,0.245
2025-12-25 15:08:11+00:00,0.245
2025-12-25 15:09:11+00:00,0.245
2025-12-25 15:10:15+00:00,0.245
2025-12-25 15:11:11+00:00,0.245
2025-12-25 15:12:23+00:00,0.245
2025-12-25 15:13:10+00:00,0.245
2025-12-25 15:14:11+00:00,0.245
2025-12-25 15:15:12+00:00,0.245
2025-12-25 15:16:11+00:00,0.245
2025-12-25 15:17:11+00:00,0.245
2025-12-25 15:18:11+00:00,0.245
2025-12-25 15:19:11+00:00,0.245
2025-12-25 15:20:11+00:00,0.245
2025-12-25 15:21:10+00:00,0.245
2025-12-25 15:22:11+00:00,0.245
2025-12-25 15:23:10+00:00,0.245
2025-12-25 15:24:10+00:00,0.245
2025-12-25 15:25:12+00:00,0.245
2025-12-25 15:26:11+00:00,0.245
2025-12-25 15:27:10+00:00,0.245
2025-12-25 15:28:11+00:00,0.245
2025-12-25 15:29:11+00:00,0.245
2025-12-25 15:30:18+00:00,0.245
2025-12-25 15:31:11+00:00,0.245
2025-12-25 15:32:11+00:00,0.245
2025-12-25 15:33:26+00:00,0.245
2025-12-25 15:34:11+00:00,0.245
2025-12-25 15:35:15+00:00,0.245
2025-12-25 15:36:11+00:00,0.245
2025-12-25 15:37:11+00:00,0.245
2025-12-25 15:38:11+00:00,0.245
2025-12-25 15:39:11+00:00,0.245
2025-12-25 15:40:12+00:00,0.245
2025-12-25 15:41:10+00:00,0.245
2025-12-25 15:42:11+00:00,0.245
2025-12-25 15:43:11+00:00,0.245
2025-12-25 15:44:10+00:00,0.245
2025-12-25 15:45:12+00:00,0.235
2025-12-25 15:46:11+00:00,0.235
2025-12-25 15:47:10+00:00,0.235
2025-12-25 15:48:26+00:00,0.235
2025-12-25 15:49:12+00:00,0.235
2025-12-25 15:50:15+00:00,0.235
2025-12-25 15:51:11+00:00,0.235
2025-12-25 15:52:11+00:00,0.235
2025-12-25 15:53:10+00:00,0.235
2025-12-25 15:54:11+00:00,0.235
2025-12-25 15:55:11+00:00,0.235
2025-12-25 15:56:11+00:00,0.235
2025-12-25 15:57:23+00:00,0.235
2025-12-25 15:58:11+00:00,0.235
2025-12-25 15:59:11+00:00,0.235
2025-12-25 16:00:17+00:00,0.245
2025-12-25 16:01:11+00:00,0.245
2025-12-25 16:02:10+00:00,0.245
2025-12-25 16:03:11+00:00,0.245
2025-12-25 16:04:11+00:00,0.245
2025-12-25 16:05:12+00:00,0.245
2025-12-25 16:06:11+00:00,0.245
2025-12-25 16:07:11+00:00,0.245
2025-12-25 16:08:10+00:00,0.245
2025-12-25 16:09:11+00:00,0.245
2025-12-25 16:10:12+00:00,0.245
2025-12-25 16:11:12+00:00,0.245
2025-12-25 16:12:10+00:00,0.245
2025-12-25 16:13:10+00:00,0.245
2025-12-25 16:14:25+00:00,0.245
2025-12-25 16:15:19+00:00,0.245
2025-12-25 16:16:11+00:00,0.245
2025-12-25 16:17:10+00:00,0.245
2025-12-25 16:18:10+00:00,0.245
2025-12-25 16:19:11+00:00,0.245
2025-12-25 16:20:12+00:00,0.245
2025-12-25 16:21:11+00:00,0.245
2025-12-25 16:22:11+00:00,0.245
2025-12-25 16:23:29+00:00,0.245
2025-12-25 16:24:11+00:00,0.245
2025-12-25 16:25:16+00:00,0.245
2025-12-25 16:26:11+00:00,0.24
2025-12-25 16:27:11+00:00,0.235
2025-12-25 16:28:10+00:00,0.235
2025-12-25 16:29:11+00:00,0.235
2025-12-25 16:30:17+00:00,0.235
2025-12-25 16:31:11+00:00,0.235
2025-12-25 16:32:11+00:00,0.235
2025-12-25 16:33:10+00:00,0.235
2025-12-25 16:34:11+00:00,0.235
2025-12-25 16:35:12+00:00,0.235
2025-12-25 16:36:11+00:00,0.235
2025-12-25 16:37:10+00:00,0.235
2025-12-25 16:38:10+00:00,0.235
2025-12-25 16:39:10+00:00,0.235
2025-12-25 16:40:12+00:00,0.235
2025-12-25 16:41:11+00:00,0.235
2025-12-25 16:42:10+00:00,0.235
2025-12-25 16:43:10+00:00,0.235
2025-12-25 16:44:11+00:00,0.235
2025-12-25 16:45:11+00:00,0.235
2025-12-25 16:46:11+00:00,0.235
2025-12-25 16:47:11+00:00,0.235
2025-12-25 16:48:11+00:00,0.235
2025-12-25 16:49:30+00:00,0.235
2025-12-25 16:50:15+00:00,0.235
2025-12-25 16:51:11+00:00,0.235
2025-12-25 16:52:11+00:00,0.235
2025-12-25 16:53:11+00:00,0.235
2025-12-25 16:54:10+00:00,0.235
2025-12-25 16:55:12+00:00,0.235
2025-12-25 16:56:24+00:00,0.235
2025-12-25 16:57:10+00:00,0.235
2025-12-25 16:58:30+00:00,0.235
2025-12-25 16:59:10+00:00,0.235
2025-12-25 17:00:27+00:00,0.235
2025-12-25 17:01:11+00:00,0.235
2025-12-25 17:02:11+00:00,0.235
2025-12-25 17:03:10+00:00,0.235
2025-12-25 17:04:11+00:00,0.235
2025-12-25 17:05:12+00:00,0.235
2025-12-25 17:06:11+00:00,0.235
2025-12-25 17:07:12+00:00,0.235
2025-12-25 17:08:11+00:00,0.235
2025-12-25 17:09:11+00:00,0.235
2025-12-25 17:10:12+00:00,0.235
2025-12-25 17:11:11+00:00,0.235
2025-12-25 17:12:11+00:00,0.235
2025-12-25 17:13:10+00:00,0.235
2025-12-25 17:14:11+00:00,0.235
2025-12-25 17:15:12+00:00,0.235
2025-12-25 17:16:11+00:00,0.235
2025-12-25 17:17:11+00:00,0.235
2025-12-25 17:18:11+00:00,0.235
2025-12-25 17:19:11+00:00,0.235
2025-12-25 17:20:14+00:00,0.235
2025-12-25 17:21:11+00:00,0.235
2025-12-25 17:22:11+00:00,0.235
2025-12-25 17:23:10+00:00,0.235
2025-12-25 17:24:26+00:00,0.235
2025-12-25 17:25:16+00:00,0.235
2025-12-25 17:26:11+00:00,0.235
2025-12-25 17:27:10+00:00,0.235
2025-12-25 17:28:11+00:00,0.235
2025-12-25 17:29:11+00:00,0.235
2025-12-25 17:30:18+00:00,0.235
2025-12-25 17:31:11+00:00,0.235
2025-12-25 17:32:26+00:00,0.235
2025-12-25 17:33:11+00:00,0.235
2025-12-25 17:34:12+00:00,0.235
2025-12-25 17:35:16+00:00,0.235
2025-12-25 17:36:11+00:00,0.235
2025-12-25 17:37:11+00:00,0.235
2025-12-25 17:38:11+00:00,0.235
2025-12-25 17:39:11+00:00,0.245
2025-12-25 17:40:12+00:00,0.245
2025-12-25 17:41:11+00:00,0.245
2025-12-25 17:42:11+00:00,0.245
2025-12-25 17:43:11+00:00,0.245
2025-12-25 17:44:11+00:00,0.245
2025-12-25 17:45:12+00:00,0.245
2025-12-25 17:46:11+00:00,0.235
2025-12-25 17:47:11+00:00,0.235
2025-12-25 17:48:11+00:00,0.235
2025-12-25 17:49:11+00:00,0.235
2025-12-25 17:50:12+00:00,0.235
2025-12-25 17:51:10+00:00,0.235
2025-12-25 17:52:10+00:00,0.235
2025-12-25 17:53:11+00:00,0.235
2025-12-25 17:54:11+00:00,0.235
2025-12-25 17:55:12+00:00,0.235
2025-12-25 17:56:11+00:00,0.235
2025-12-25 17:57:10+00:00,0.235
2025-12-25 17:58:26+00:00,0.235
2025-12-25 17:59:10+00:00,0.235
2025-12-25 18:00:24+00:00,0.235
2025-12-25 18:01:11+00:00,0.235
2025-12-25 18:02:11+00:00,0.235
2025-12-25 18:03:11+00:00,0.235
2025-12-25 18:04:11+00:00,0.235
2025-12-25 18:05:12+00:00,0.235
2025-12-25 18:06:11+00:00,0.235
2025-12-25 18:07:10+00:00,0.235
2025-12-25 18:08:10+00:00,0.235
2025-12-25 18:09:11+00:00,0.235
2025-12-25 18:10:12+00:00,0.245
2025-12-25 18:11:10+00:00,0.245
2025-12-25 18:12:11+00:00,0.245
2025-12-25 18:13:11+00:00,0.245
2025-12-25 18:14:11+00:00,0.245
2025-12-25 18:15:12+00:00,0.245
2025-12-25 18:16:11+00:00,0.245
2025-12-25 18:17:11+00:00,0.245
2025-12-25 18:18:11+00:00,0.245
2025-12-25 18:19:10+00:00,0.245
2025-12-25 18:20:12+00:00,0.245
2025-12-25 18:21:11+00:00,0.245
2025-12-25 18:22:11+00:00,0.245
2025-12-25 18:23:11+00:00,0.245
2025-12-25 18:24:29+00:00,0.245
2025-12-25 18:25:16+00:00,0.245
2025-12-25 18:26:11+00:00,0.245
2025-12-25 18:27:11+00:00,0.245
2025-12-25 18:28:10+00:00,0.245
2025-12-25 18:29:11+00:00,0.245
2025-12-25 18:30:18+00:00,0.245
2025-12-25 18:31:11+00:00,0.245
2025-12-25 18:32:11+00:00,0.245
2025-12-25 18:33:10+00:00,0.245
2025-12-25 18:34:10+00:00,0.245
2025-12-25 18:35:12+00:00,0.245
2025-12-25 18:36:11+00:00,0.245
2025-12-25 18:37:12+00:00,0.245
2025-12-25 18:38:11+00:00,0.245
2025-12-25 18:39:11+00:00,0.245
2025-12-25 18:40:12+00:00,0.245
2025-12-25 18:41:10+00:00,0.245
2025-12-25 18:42:11+00:00,0.245
2025-12-25 18:43:10+00:00,0.245
2025-12-25 18:44:11+00:00,0.245
2025-12-25 18:45:12+00:00,0.245
2025-12-25 18:46:10+00:00,0.245
2025-12-25 18:47:11+00:00,0.245
2025-12-25 18:48:11+00:00,0.245
2025-12-25 18:49:11+00:00,0.245
2025-12-25 18:50:48+00:00,0.245
2025-12-25 18:51:10+00:00,0.245
2025-12-25 18:52:11+00:00,0.245
2025-12-25 18:53:11+00:00,0.24
2025-12-25 18:54:11+00:00,0.24
2025-12-25 18:55:12+00:00,0.235
2025-12-25 18:56:11+00:00,0.235
2025-12-25 18:57:11+00:00,0.235
2025-12-25 18:58:11+00:00,0.235
2025-12-25 18:59:11+00:00,0.235
2025-12-25 19:00:17+00:00,0.235
2025-12-25 19:01:11+00:00,0.235
2025-12-25 19:02:11+00:00,0.235
2025-12-25 19:03:11+00:00,0.235
2025-12-25 19:04:10+00:00,0.235
2025-12-25 19:05:12+00:00,0.235
2025-12-25 19:06:11+00:00,0.245
2025-12-25 19:07:11+00:00,0.235
2025-12-25 19:08:11+00:00,0.235
2025-12-25 19:09:11+00:00,0.235
2025-12-25 19:10:12+00:00,0.245
2025-12-25 19:11:11+00:00,0.245
2025-12-25 19:12:11+00:00,0.245
2025-12-25 19:13:11+00:00,0.245
2025-12-25 19:14:11+00:00,0.245
2025-12-25 19:15:12+00:00,0.245
2025-12-25 19:16:30+00:00,0.245
2025-12-25 19:17:11+00:00,0.245
2025-12-25 19:18:11+00:00,0.245
2025-12-25 19:19:11+00:00,0.245
2025-12-25 19:20:16+00:00,0.245
2025-12-25 19:21:11+00:00,0.245
2025-12-25 19:22:10+00:00,0.235
2025-12-25 19:23:10+00:00,0.235
2025-12-25 19:24:10+00:00,0.235
2025-12-25 19:25:11+00:00,0.235
2025-12-25 19:26:17+00:00,0.235
2025-12-25 19:27:10+00:00,0.235
2025-12-25 19:28:10+00:00,0.245
2025-12-25 19:29:11+00:00,0.245
2025-12-25 19:30:18+00:00,0.245
2025-12-25 19:31:11+00:00,0.235
2025-12-25 19:32:27+00:00,0.245
2025-12-25 19:33:11+00:00,0.245
2025-12-25 19:34:10+00:00,0.245
2025-12-25 19:35:16+00:00,0.235
2025-12-25 19:36:11+00:00,0.235
2025-12-25 19:37:10+00:00,0.235
2025-12-25 19:38:11+00:00,0.245
2025-12-25 19:39:10+00:00,0.24
2025-12-25 19:40:11+00:00,0.255
2025-12-25 19:41:11+00:00,0.245
2025-12-25 19:42:11+00:00,0.245
2025-12-25 19:43:11+00:00,0.235
2025-12-25 19:44:11+00:00,0.235
2025-12-25 19:45:12+00:00,0.235
2025-12-25 19:46:13+00:00,0.235
2025-12-25 19:47:11+00:00,0.245
2025-12-25 19:48:11+00:00,0.255
2025-12-25 19:49:11+00:00,0.24
2025-12-25 19:50:13+00:00,0.225
2025-12-25 19:51:11+00:00,0.205
2025-12-25 19:52:11+00:00,0.195
2025-12-25 19:53:10+00:00,0.19
2025-12-25 19:54:11+00:00,0.175
2025-12-25 19:55:12+00:00,0.195
2025-12-25 19:56:10+00:00,0.175
2025-12-25 19:57:11+00:00,0.185
2025-12-25 19:58:26+00:00,0.165
2025-12-25 19:59:10+00:00,0.195
2025-12-25 20:00:22+00:00,0.195
2025-12-25 20:01:11+00:00,0.195
2025-12-25 20:02:11+00:00,0.205
2025-12-25 20:03:11+00:00,0.185
2025-12-25 20:04:11+00:00,0.25
2025-12-25 20:05:12+00:00,0.215
2025-12-25 20:06:11+00:00,0.215
2025-12-25 20:07:10+00:00,0.215
2025-12-25 20:08:11+00:00,0.245
2025-12-25 20:09:11+00:00,0.255
2025-12-25 20:10:12+00:00,0.285
2025-12-25 20:11:10+00:00,0.28
2025-12-25 20:12:10+00:00,0.33
2025-12-25 20:13:11+00:00,0.345
2025-12-25 20:14:10+00:00,0.335
2025-12-25 20:15:13+00:00,0.335
2025-12-25 20:16:11+00:00,0.325
2025-12-25 20:17:10+00:00,0.375
2025-12-25 20:18:11+00:00,0.365
2025-12-25 20:19:11+00:00,0.355
2025-12-25 20:20:12+00:00,0.345
2025-12-25 20:21:11+00:00,0.355
2025-12-25 20:22:11+00:00,0.355
2025-12-25 20:23:10+00:00,0.355
2025-12-25 20:24:26+00:00,0.345
2025-12-25 20:25:16+00:00,0.35
2025-12-25 20:26:22+00:00,0.35
2025-12-25 20:27:10+00:00,0.34
2025-12-25 20:28:10+00:00,0.355
2025-12-25 20:29:11+00:00,0.355
2025-12-25 20:30:18+00:00,0.38
2025-12-25 20:31:10+00:00,0.415
2025-12-25 20:32:11+00:00,0.44
2025-12-25 20:33:10+00:00,0.435
2025-12-25 20:34:10+00:00,0.535
2025-12-25 20:35:12+00:00,0.53
2025-12-25 20:36:11+00:00,0.535
2025-12-25 20:37:11+00:00,0.52
2025-12-25 20:38:11+00:00,0.525
2025-12-25 20:39:10+00:00,0.525
2025-12-25 20:40:12+00:00,0.49
2025-12-25 20:41:25+00:00,0.545
2025-12-25 20:42:13+00:00,0.57
2025-12-25 20:43:11+00:00,0.575
2025-12-25 20:44:11+00:00,0.575
2025-12-25 20:45:16+00:00,0.485
2025-12-25 20:46:10+00:00,0.495
2025-12-25 20:47:10+00:00,0.495
2025-12-25 20:48:11+00:00,0.495
2025-12-25 20:49:10+00:00,0.495
2025-12-25 20:50:12+00:00,0.495
2025-12-25 20:51:10+00:00,0.485
2025-12-25 20:52:11+00:00,0.495
2025-12-25 20:53:11+00:00,0.495
2025-12-25 20:54:11+00:00,0.495
2025-12-25 20:55:12+00:00,0.505
2025-12-25 20:56:34+00:00,0.485
2025-12-25 20:57:11+00:00,0.485
2025-12-25 20:58:10+00:00,0.485
2025-12-25 20:59:10+00:00,0.48
2025-12-25 21:00:20+00:00,0.485
2025-12-25 21:01:11+00:00,0.49
2025-12-25 21:02:11+00:00,0.475
2025-12-25 21:03:12+00:00,0.415
2025-12-25 21:04:10+00:00,0.47
2025-12-25 21:05:11+00:00,0.52
2025-12-25 21:06:11+00:00,0.535
2025-12-25 21:07:27+00:00,0.545
2025-12-25 21:08:13+00:00,0.545
2025-12-25 21:09:10+00:00,0.545
2025-12-25 21:10:16+00:00,0.545
2025-12-25 21:11:11+00:00,0.56
2025-12-25 21:12:11+00:00,0.57
2025-12-25 21:13:11+00:00,0.57
2025-12-25 21:14:10+00:00,0.59
2025-12-25 21:15:23+00:00,0.645
2025-12-25 21:16:11+00:00,0.74
2025-12-25 21:17:10+00:00,0.735
2025-12-25 21:18:11+00:00,0.715
2025-12-25 21:19:10+00:00,0.725
2025-12-25 21:20:12+00:00,0.745
2025-12-25 21:21:10+00:00,0.775
2025-12-25 21:22:11+00:00,0.775
2025-12-25 21:23:11+00:00,0.775
2025-12-25 21:24:11+00:00,0.8
2025-12-25 21:25:12+00:00,0.815
2025-12-25 21:26:11+00:00,0.84
2025-12-25 21:27:11+00:00,0.76
2025-12-25 21:28:10+00:00,0.815
2025-12-25 21:29:11+00:00,0.855
2025-12-25 21:30:17+00:00,0.855
2025-12-25 21:31:11+00:00,0.86
2025-12-25 21:32:11+00:00,0.875
2025-12-25 21:33:29+00:00,0.875
2025-12-25 21:34:12+00:00,0.88
2025-12-25 21:35:16+00:00,0.865
2025-12-25 21:36:11+00:00,0.78
2025-12-25 21:37:11+00:00,0.785
2025-12-25 21:38:11+00:00,0.78
2025-12-25 21:39:10+00:00,0.77
2025-12-25 21:40:12+00:00,0.8
2025-12-25 21:41:11+00:00,0.775
2025-12-25 21:42:11+00:00,0.775
2025-12-25 21:43:11+00:00,0.765
2025-12-25 21:44:10+00:00,0.74
2025-12-25 21:45:12+00:00,0.785
2025-12-25 21:46:10+00:00,0.89
2025-12-25 21:47:10+00:00,0.9
2025-12-25 21:48:11+00:00,0.945
2025-12-25 21:49:10+00:00,0.945
2025-12-25 21:50:12+00:00,0.935
2025-12-25 21:51:11+00:00,0.945
2025-12-25 21:52:17+00:00,0.945
2025-12-25 21:53:11+00:00,0.905
2025-12-25 21:54:10+00:00,0.915
2025-12-25 21:55:12+00:00,0.93
2025-12-25 21:56:10+00:00,0.945
2025-12-25 21:57:10+00:00,0.975
2025-12-25 21:58:10+00:00,0.99
2025-12-25 21:59:26+00:00,0.995
2025-12-25 22:00:22+00:00,0.995
2025-12-25 22:01:11+00:00,0.995
2025-12-25 22:02:11+00:00,0.995
2025-12-25 22:03:11+00:00,0.995
2025-12-25 22:04:11+00:00,0.995
2025-12-25 22:05:11+00:00,0.995
2025-12-25 22:06:11+00:00,0.995
2025-12-25 22:07:11+00:00,0.995
2025-12-25 22:08:11+00:00,0.995
2025-12-25 22:09:11+00:00,0.995
2025-12-25 22:10:12+00:00,0.995
2025-12-25 22:11:27+00:00,0.995
2025-12-25 22:12:13+00:00,0.995
2025-12-25 22:13:10+00:00,0.995
2025-12-25 22:14:11+00:00,0.9995
2025-12-25 22:15:16+00:00,0.9995
2025-12-25 22:16:11+00:00,0.9995
2025-12-25 22:17:11+00:00,0.9995
2025-12-25 22:18:10+00:00,0.9995
2025-12-25 22:19:10+00:00,0.9995
2025-12-25 22:20:11+00:00,0.9995
2025-12-25 22:21:11+00:00,0.9995
2025-12-25 22:22:11+00:00,0.9995
2025-12-25 22:23:11+00:00,0.9995
2025-12-25 22:24:11+00:00,0.9995
2025-12-25 22:25:12+00:00,0.9995
2025-12-25 22:26:11+00:00,0.9995
2025-12-25 22:27:24+00:00,0.9995
2025-12-25 22:28:11+00:00,0.9995
2025-12-25 22:29:11+00:00,0.9995
2025-12-25 22:30:18+00:00,0.9995
2025-12-25 22:31:11+00:00,0.9995
2025-12-25 22:32:11+00:00,0.9995
2025-12-25 22:33:11+00:00,0.9995
2025-12-25 22:34:11+00:00,0.9995
2025-12-25 22:35:12+00:00,0.9995
2025-12-25 22:36:11+00:00,0.9995
2025-12-25 22:37:26+00:00,0.9995
2025-12-25 22:38:11+00:00,0.9995
2025-12-25 22:39:11+00:00,0.9995
2025-12-25 22:40:16+00:00,0.9995
2025-12-25 22:41:10+00:00,0.9995
2025-12-25 22:42:10+00:00,0.9995
2025-12-25 22:43:10+00:00,0.9995
2025-12-25 22:44:11+00:00,0.9995
2025-12-25 22:45:12+00:00,0.9995
2025-12-25 22:46:11+00:00,0.9995
2025-12-25 22:47:11+00:00,0.9995
2025-12-25 22:48:27+00:00,0.9995
2025-12-25 22:49:11+00:00,0.9995
2025-12-25 22:50:16+00:00,0.9995
2025-12-25 22:51:11+00:00,0.9995
2025-12-25 22:52:10+00:00,0.9995
2025-12-25 22:53:10+00:00,0.9995
2025-12-25 22:54:11+00:00,0.9995
2025-12-25 22:55:12+00:00,0.9995
2025-12-25 22:56:10+00:00,0.9995
2025-12-25 22:57:10+00:00,0.9995
2025-12-25 22:58:10+00:00,0.9995
2025-12-25 22:59:10+00:00,0.9995
2025-12-25 23:00:17+00:00,0.9995
2025-12-25 23:01:11+00:00,0.9995
2025-12-25 23:02:11+00:00,0.9995
2025-12-25 23:03:11+00:00,0.9995
2025-12-25 23:04:11+00:00,0.9995
2025-12-25 23:05:12+00:00,0.9995
2025-12-25 23:06:11+00:00,0.9995
2025-12-25 23:07:11+00:00,0.9995
2025-12-25 23:08:11+00:00,0.9995
2025-12-25 23:09:11+00:00,0.9995
2025-12-25 23:10:12+00:00,0.9995
2025-12-25 23:11:11+00:00,0.9995
2025-12-25 23:12:11+00:00,0.9995
2025-12-25 23:13:10+00:00,0.9995
2025-12-25 23:14:28+00:00,0.9995
2025-12-25 23:15:16+00:00,0.9995
2025-12-25 23:16:10+00:00,0.9995
2025-12-25 23:17:10+00:00,0.9995
2025-12-25 23:18:10+00:00,0.9995
2025-12-25 23:19:10+00:00,0.9995
2025-12-25 23:20:12+00:00,0.9995
2025-12-25 23:21:11+00:00,0.9995
2025-12-25 23:22:11+00:00,0.9995
2025-12-25 23:23:10+00:00,0.9995
2025-12-25 23:24:10+00:00,0.9995
2025-12-25 23:25:12+00:00,0.9995
2025-12-25 23:26:11+00:00,0.9995
2025-12-25 23:27:11+00:00,0.9995
2025-12-25 23:28:10+00:00,0.9995
2025-12-25 23:29:11+00:00,0.9995
2025-12-25 23:30:17+00:00,0.9995
2025-12-25 23:31:11+00:00,0.9995
2025-12-25 23:32:11+00:00,0.9995
2025-12-25 23:33:11+00:00,0.9995
2025-12-25 23:34:10+00:00,0.9995
2025-12-25 23:35:12+00:00,0.9995
2025-12-25 23:36:11+00:00,0.9995
2025-12-25 23:37:11+00:00,0.9995
2025-12-25 23:38:10+00:00,0.9995
2025-12-25 23:39:11+00:00,0.9995
2025-12-25 23:40:34+00:00,0.9995
2025-12-25 23:41:10+00:00,0.9995
2025-12-25 23:42:11+00:00,0.9995
2025-12-25 23:43:10+00:00,0.9995
2025-12-25 23:44:10+00:00,0.9995
2025-12-25 23:45:12+00:00,0.9995
2025-12-25 23:46:10+00:00,0.9995
2025-12-25 23:47:11+00:00,0.9995
2025-12-25 23:48:11+00:00,0.9995
2025-12-25 23:49:11+00:00,0.9995
2025-12-25 23:50:12+00:00,0.9995
2025-12-25 23:51:11+00:00,0.9995
2025-12-25 23:52:10+00:00,0.9995
2025-12-25 23:53:10+00:00,0.9995
2025-12-25 23:54:10+00:00,0.9995
2025-12-25 23:55:11+00:00,0.9995
2025-12-25 23:56:11+00:00,0.9995
2025-12-25 23:57:11+00:00,0.9995
2025-12-25 23:58:10+00:00,0.9995
2025-12-25 23:59:10+00:00,0.9995
2025-12-26 00:00:16+00:00,0.9995
2025-12-26 00:01:10+00:00,0.9995
2025-12-26 00:02:10+00:00,0.9995
2025-12-26 00:03:10+00:00,0.9995
2025-12-26 00:04:10+00:00,0.9995
2025-12-26 00:05:11+00:00,0.9995
2025-12-26 00:06:15+00:00,0.9995
2025-12-26 00:07:10+00:00,0.9995
2025-12-26 00:08:10+00:00,0.9995
2025-12-26 00:09:10+00:00,0.9995
2025-12-26 00:10:11+00:00,0.9995
2025-12-26 00:11:10+00:00,0.9995
