timestamp,price
2025-12-23 08:56:09+00:00,0.625
2025-12-23 08:57:08+00:00,0.625
2025-12-23 08:58:08+00:00,0.625
2025-12-23 08:59:08+00:00,0.625
2025-12-23 09:00:14+00:00,0.625
2025-12-23 09:01:08+00:00,0.625
2025-12-23 09:02:09+00:00,0.625
2025-12-23 09:03:08+00:00,0.625
2025-12-23 09:04:08+00:00,0.625
2025-12-23 09:05:09+00:00,0.625
2025-12-23 09:06:09+00:00,0.625
2025-12-23 09:07:08+00:00,0.625
2025-12-23 09:08:09+00:00,0.625
2025-12-23 09:09:09+00:00,0.625
2025-12-23 09:10:23+00:00,0.625
2025-12-23 09:11:08+00:00,0.625
2025-12-23 09:12:09+00:00,0.625
2025-12-23 09:13:19+00:00,0.625
2025-12-23 09:14:08+00:00,0.625
2025-12-23 09:15:11+00:00,0.625
2025-12-23 09:16:09+00:00,0.625
2025-12-23 09:17:08+00:00,0.625
2025-12-23 09:18:08+00:00,0.625
2025-12-23 09:19:08+00:00,0.625
2025-12-23 09:20:09+00:00,0.625
2025-12-23 09:21:08+00:00,0.625
2025-12-23 09:22:08+00:00,0.625
2025-12-23 09:23:08+00:00,0.625
2025-12-23 09:24:08+00:00,0.625
2025-12-23 09:25:09+00:00,0.625
2025-12-23 09:26:08+00:00,0.625
2025-12-23 09:27:08+00:00,0.625
2025-12-23 09:28:09+00:00,0.625
2025-12-23 09:29:08+00:00,0.625
2025-12-23 09:30:12+00:00,0.625
2025-12-23 09:31:08+00:00,0.625
2025-12-23 09:32:08+00:00,0.625
2025-12-23 09:33:09+00:00,0.625
2025-12-23 09:34:19+00:00,0.625
2025-12-23 09:35:09+00:00,0.625
2025-12-23 09:36:08+00:00,0.625
2025-12-23 09:37:09+00:00,0.625
2025-12-23 09:38:08+00:00,0.625
2025-12-23 09:39:19+00:00,0.625
2025-12-23 09:40:11+00:00,0.625
2025-12-23 09:41:08+00:00,0.625
2025-12-23 09:42:11+00:00,0.625
2025-12-23 09:43:08+00:00,0.625
2025-12-23 09:44:08+00:00,0.625
2025-12-23 09:45:09+00:00,0.625
2025-12-23 09:46:08+00:00,0.625
2025-12-23 09:47:08+00:00,0.625
2025-12-23 09:48:09+00:00,0.625
2025-12-23 09:49:08+00:00,0.62
2025-12-23 09:50:09+00:00,0.62
2025-12-23 09:51:08+00:00,0.62
2025-12-23 09:52:08+00:00,0.625
2025-12-23 09:53:08+00:00,0.625
2025-12-23 09:54:08+00:00,0.625
2025-12-23 09:55:08+00:00,0.63
2025-12-23 09:56:08+00:00,0.63
2025-12-23 09:57:20+00:00,0.63
2025-12-23 09:58:08+00:00,0.63
2025-12-23 09:59:08+00:00,0.63
2025-12-23 10:00:13+00:00,0.63
2025-12-23 10:01:09+00:00,0.63
2025-12-23 10:02:10+00:00,0.63
2025-12-23 10:03:09+00:00,0.63
2025-12-23 10:04:08+00:00,0.63
2025-12-23 10:05:32+00:00,0.63
2025-12-23 10:06:09+00:00,0.625
2025-12-23 10:07:08+00:00,0.625
2025-12-23 10:08:08+00:00,0.625
2025-12-23 10:09:21+00:00,0.63
2025-12-23 10:10:09+00:00,0.63
2025-12-23 10:11:08+00:00,0.63
2025-12-23 10:12:20+00:00,0.63
2025-12-23 10:13:08+00:00,0.63
2025-12-23 10:14:09+00:00,0.63
2025-12-23 10:15:09+00:00,0.63
2025-12-23 10:16:09+00:00,0.63
2025-12-23 10:17:08+00:00,0.63
2025-12-23 10:18:09+00:00,0.63
2025-12-23 10:19:08+00:00,0.63
2025-12-23 10:20:09+00:00,0.63
2025-12-23 10:21:08+00:00,0.63
2025-12-23 10:22:08+00:00,0.63
2025-12-23 10:23:08+00:00,0.63
2025-12-23 10:24:08+00:00,0.63
2025-12-23 10:25:09+00:00,0.63
2025-12-23 10:26:08+00:00,0.63
2025-12-23 10:27:09+00:00,0.63
2025-12-23 10:28:08+00:00,0.63
2025-12-23 10:29:08+00:00,0.63
2025-12-23 10:30:25+00:00,0.63
2025-12-23 10:31:18+00:00,0.63
2025-12-23 10:32:09+00:00,0.63
2025-12-23 10:33:09+00:00,0.63
2025-12-23 10:34:09+00:00,0.63
2025-12-23 10:35:12+00:00,0.63
2025-12-23 10:36:08+00:00,0.63
2025-12-23 10:37:08+00:00,0.63
2025-12-23 10:38:08+00:00,0.63
2025-12-23 10:39:08+00:00,0.63
2025-12-23 10:40:09+00:00,0.63
2025-12-23 10:41:08+00:00,0.63
2025-12-23 10:42:08+00:00,0.63
2025-12-23 10:43:08+00:00,0.63
2025-12-23 10:44:17+00:00,0.63
2025-12-23 10:45:11+00:00,0.625
2025-12-23 10:46:08+00:00,0.625
2025-12-23 10:47:08+00:00,0.63
2025-12-23 10:48:08+00:00,0.63
2025-12-23 10:49:08+00:00,0.63
2025-12-23 10:50:09+00:00,0.63
2025-12-23 10:51:08+00:00,0.63
2025-12-23 10:52:08+00:00,0.63
2025-12-23 10:53:08+00:00,0.63
2025-12-23 10:54:08+00:00,0.63
2025-12-23 10:55:09+00:00,0.63
2025-12-23 10:56:08+00:00,0.63
2025-12-23 10:57:08+00:00,0.63
2025-12-23 10:58:08+00:00,0.63
2025-12-23 10:59:08+00:00,0.63
2025-12-23 11:00:13+00:00,0.63
2025-12-23 11:01:09+00:00,0.63
2025-12-23 11:02:08+00:00,0.63
2025-12-23 11:03:08+00:00,0.63
2025-12-23 11:04:08+00:00,0.63
2025-12-23 11:05:09+00:00,0.63
2025-12-23 11:06:08+00:00,0.63
2025-12-23 11:07:08+00:00,0.63
2025-12-23 11:08:09+00:00,0.63
2025-12-23 11:09:08+00:00,0.63
2025-12-23 11:10:22+00:00,0.63
2025-12-23 11:11:08+00:00,0.63
2025-12-23 11:12:09+00:00,0.63
2025-12-23 11:13:08+00:00,0.63
2025-12-23 11:14:09+00:00,0.63
2025-12-23 11:15:09+00:00,0.63
2025-12-23 11:16:08+00:00,0.63
2025-12-23 11:17:08+00:00,0.63
2025-12-23 11:18:09+00:00,0.63
2025-12-23 11:19:08+00:00,0.63
2025-12-23 11:20:21+00:00,0.63
2025-12-23 11:21:08+00:00,0.63
2025-12-23 11:22:10+00:00,0.63
2025-12-23 11:23:08+00:00,0.63
2025-12-23 11:24:09+00:00,0.63
2025-12-23 11:25:09+00:00,0.63
2025-12-23 11:26:08+00:00,0.63
2025-12-23 11:27:08+00:00,0.63
2025-12-23 11:28:08+00:00,0.63
2025-12-23 11:29:08+00:00,0.63
2025-12-23 11:30:12+00:00,0.63
2025-12-23 11:31:08+00:00,0.63
2025-12-23 11:32:18+00:00,0.63
2025-12-23 11:33:08+00:00,0.63
2025-12-23 11:34:20+00:00,0.63
2025-12-23 11:35:12+00:00,0.63
2025-12-23 11:36:20+00:00,0.63
2025-12-23 11:37:08+00:00,0.63
2025-12-23 11:38:08+00:00,0.63
2025-12-23 11:39:09+00:00,0.63
2025-12-23 11:40:09+00:00,0.63
2025-12-23 11:41:08+00:00,0.63
2025-12-23 11:42:09+00:00,0.63
2025-12-23 11:43:08+00:00,0.63
2025-12-23 11:44:08+00:00,0.63
2025-12-23 11:45:09+00:00,0.63
2025-12-23 11:46:09+00:00,0.63
2025-12-23 11:47:09+00:00,0.63
2025-12-23 11:48:08+00:00,0.63
2025-12-23 11:49:09+00:00,0.63
2025-12-23 11:50:09+00:00,0.63
2025-12-23 11:51:08+00:00,0.63
2025-12-23 11:52:08+00:00,0.63
2025-12-23 11:53:08+00:00,0.63
2025-12-23 11:54:08+00:00,0.63
2025-12-23 11:55:09+00:00,0.63
2025-12-23 11:56:08+00:00,0.63
2025-12-23 11:57:08+00:00,0.63
2025-12-23 11:58:18+00:00,0.63
2025-12-23 11:59:08+00:00,0.63
2025-12-23 12:00:19+00:00,0.63
2025-12-23 12:01:09+00:00,0.63
2025-12-23 12:02:08+00:00,0.63
2025-12-23 12:03:08+00:00,0.63
2025-12-23 12:04:09+00:00,0.63
2025-12-23 12:05:09+00:00,0.63
2025-12-23 12:06:08+00:00,0.63
2025-12-23 12:07:08+00:00,0.63
2025-12-23 12:08:11+00:00,0.63
2025-12-23 12:09:08+00:00,0.63
2025-12-23 12:10:09+00:00,0.63
2025-12-23 12:11:08+00:00,0.63
2025-12-23 12:12:20+00:00,0.63
2025-12-23 12:13:08+00:00,0.63
2025-12-23 12:14:08+00:00,0.63
2025-12-23 12:15:09+00:00,0.63
2025-12-23 12:16:08+00:00,0.63
2025-12-23 12:17:08+00:00,0.63
2025-12-23 12:18:09+00:00,0.63
2025-12-23 12:19:08+00:00,0.63
2025-12-23 12:20:13+00:00,0.63
2025-12-23 12:21:08+00:00,0.63
2025-12-23 12:22:08+00:00,0.63
2025-12-23 12:23:08+00:00,0.63
2025-12-23 12:24:18+00:00,0.63
2025-12-23 12:25:11+00:00,0.63
2025-12-23 12:26:08+00:00,0.63
2025-12-23 12:27:18+00:00,0.63
2025-12-23 12:28:09+00:00,0.63
2025-12-23 12:29:08+00:00,0.63
2025-12-23 12:30:27+00:00,0.63
2025-12-23 12:31:08+00:00,0.63
2025-12-23 12:32:10+00:00,0.63
2025-12-23 12:33:08+00:00,0.63
2025-12-23 12:34:09+00:00,0.63
2025-12-23 12:35:09+00:00,0.63
2025-12-23 12:36:08+00:00,0.63
2025-12-23 12:37:08+00:00,0.63
2025-12-23 12:38:08+00:00,0.63
2025-12-23 12:39:08+00:00,0.63
2025-12-23 12:40:09+00:00,0.63
2025-12-23 12:41:08+00:00,0.63
2025-12-23 12:42:08+00:00,0.63
2025-12-23 12:43:08+00:00,0.63
2025-12-23 12:44:08+00:00,0.63
2025-12-23 12:45:09+00:00,0.63
2025-12-23 12:46:09+00:00,0.63
2025-12-23 12:47:08+00:00,0.63
2025-12-23 12:48:09+00:00,0.63
2025-12-23 12:49:08+00:00,0.63
2025-12-23 12:50:09+00:00,0.63
2025-12-23 12:51:08+00:00,0.63
2025-12-23 12:52:09+00:00,0.63
2025-12-23 12:53:17+00:00,0.63
2025-12-23 12:54:08+00:00,0.63
2025-12-23 12:55:11+00:00,0.63
2025-12-23 12:56:09+00:00,0.63
2025-12-23 12:57:08+00:00,0.63
2025-12-23 12:58:08+00:00,0.63
2025-12-23 12:59:08+00:00,0.63
2025-12-23 13:00:13+00:00,0.63
2025-12-23 13:01:08+00:00,0.63
2025-12-23 13:02:08+00:00,0.63
2025-12-23 13:03:09+00:00,0.63
2025-12-23 13:04:09+00:00,0.63
2025-12-23 13:05:10+00:00,0.625
2025-12-23 13:06:09+00:00,0.625
2025-12-23 13:07:21+00:00,0.625
2025-12-23 13:08:22+00:00,0.625
2025-12-23 13:09:08+00:00,0.625
2025-12-23 13:10:09+00:00,0.625
2025-12-23 13:11:08+00:00,0.625
2025-12-23 13:12:08+00:00,0.625
2025-12-23 13:13:09+00:00,0.625
2025-12-23 13:14:08+00:00,0.625
2025-12-23 13:15:09+00:00,0.625
2025-12-23 13:16:09+00:00,0.625
2025-12-23 13:17:08+00:00,0.625
2025-12-23 13:18:08+00:00,0.625
2025-12-23 13:19:18+00:00,0.625
2025-12-23 13:20:21+00:00,0.625
2025-12-23 13:21:09+00:00,0.625
2025-12-23 13:22:08+00:00,0.625
2025-12-23 13:23:08+00:00,0.625
2025-12-23 13:24:08+00:00,0.625
2025-12-23 13:25:08+00:00,0.625
2025-12-23 13:26:08+00:00,0.625
2025-12-23 13:27:09+00:00,0.625
2025-12-23 13:28:09+00:00,0.625
2025-12-23 13:29:08+00:00,0.625
2025-12-23 13:30:13+00:00,0.625
2025-12-23 13:31:09+00:00,0.625
2025-12-23 13:32:08+00:00,0.625
2025-12-23 13:33:09+00:00,0.625
2025-12-23 13:34:09+00:00,0.625
2025-12-23 13:35:09+00:00,0.625
2025-12-23 13:36:08+00:00,0.625
2025-12-23 13:37:08+00:00,0.625
2025-12-23 13:38:23+00:00,0.625
2025-12-23 13:39:08+00:00,0.625
2025-12-23 13:40:22+00:00,0.625
2025-12-23 13:41:08+00:00,0.625
2025-12-23 13:42:09+00:00,0.625
2025-12-23 13:43:08+00:00,0.625
2025-12-23 13:44:20+00:00,0.625
2025-12-23 13:45:10+00:00,0.625
2025-12-23 13:46:18+00:00,0.625
2025-12-23 13:47:08+00:00,0.625
2025-12-23 13:48:09+00:00,0.625
2025-12-23 13:49:09+00:00,0.625
2025-12-23 13:50:11+00:00,0.625
2025-12-23 13:51:09+00:00,0.625
2025-12-23 13:52:08+00:00,0.625
2025-12-23 13:53:08+00:00,0.625
2025-12-23 13:54:08+00:00,0.625
2025-12-23 13:55:09+00:00,0.625
2025-12-23 13:56:08+00:00,0.625
2025-12-23 13:57:08+00:00,0.625
2025-12-23 13:58:08+00:00,0.625
2025-12-23 13:59:08+00:00,0.625
2025-12-23 14:00:13+00:00,0.625
2025-12-23 14:01:09+00:00,0.625
2025-12-23 14:02:08+00:00,0.625
2025-12-23 14:03:08+00:00,0.625
2025-12-23 14:04:22+00:00,0.625
2025-12-23 14:05:09+00:00,0.625
2025-12-23 14:06:08+00:00,0.625
2025-12-23 14:07:08+00:00,0.625
2025-12-23 14:08:08+00:00,0.625
2025-12-23 14:09:08+00:00,0.625
2025-12-23 14:10:10+00:00,0.625
2025-12-23 14:11:08+00:00,0.625
2025-12-23 14:12:19+00:00,0.625
2025-12-23 14:13:08+00:00,0.625
2025-12-23 14:14:09+00:00,0.625
2025-12-23 14:15:26+00:00,0.625
2025-12-23 14:16:08+00:00,0.625
2025-12-23 14:17:08+00:00,0.625
2025-12-23 14:18:09+00:00,0.625
2025-12-23 14:19:08+00:00,0.625
2025-12-23 14:20:10+00:00,0.625
2025-12-23 14:21:08+00:00,0.625
2025-12-23 14:22:09+00:00,0.625
2025-12-23 14:23:08+00:00,0.625
2025-12-23 14:24:08+00:00,0.625
2025-12-23 14:25:09+00:00,0.625
2025-12-23 14:26:08+00:00,0.625
2025-12-23 14:27:09+00:00,0.625
2025-12-23 14:28:32+00:00,0.625
2025-12-23 14:29:08+00:00,0.625
2025-12-23 14:30:14+00:00,0.625
2025-12-23 14:31:08+00:00,0.625
2025-12-23 14:32:19+00:00,0.625
2025-12-23 14:33:08+00:00,0.625
2025-12-23 14:34:12+00:00,0.625
2025-12-23 14:35:11+00:00,0.625
2025-12-23 14:36:08+00:00,0.625
2025-12-23 14:37:08+00:00,0.625
2025-12-23 14:38:08+00:00,0.625
2025-12-23 14:39:08+00:00,0.625
2025-12-23 14:40:09+00:00,0.625
2025-12-23 14:41:09+00:00,0.625
2025-12-23 14:42:09+00:00,0.625
2025-12-23 14:43:09+00:00,0.625
2025-12-23 14:44:08+00:00,0.625
2025-12-23 14:45:09+00:00,0.625
2025-12-23 14:46:08+00:00,0.625
2025-12-23 14:47:08+00:00,0.625
2025-12-23 14:48:09+00:00,0.625
2025-12-23 14:49:09+00:00,0.625
2025-12-23 14:50:09+00:00,0.625
2025-12-23 14:51:08+00:00,0.625
2025-12-23 14:52:08+00:00,0.625
2025-12-23 14:53:08+00:00,0.625
2025-12-23 14:54:10+00:00,0.625
2025-12-23 14:55:09+00:00,0.625
2025-12-23 14:56:09+00:00,0.625
2025-12-23 14:57:09+00:00,0.625
2025-12-23 14:58:17+00:00,0.625
2025-12-23 14:59:08+00:00,0.625
2025-12-23 15:00:16+00:00,0.625
2025-12-23 15:01:21+00:00,0.625
2025-12-23 15:02:09+00:00,0.625
2025-12-23 15:03:08+00:00,0.625
2025-12-23 15:04:09+00:00,0.625
2025-12-23 15:05:09+00:00,0.625
2025-12-23 15:06:09+00:00,0.625
2025-12-23 15:07:08+00:00,0.625
2025-12-23 15:08:09+00:00,0.625
2025-12-23 15:09:08+00:00,0.625
2025-12-23 15:10:09+00:00,0.625
2025-12-23 15:11:08+00:00,0.625
2025-12-23 15:12:08+00:00,0.625
2025-12-23 15:13:08+00:00,0.625
2025-12-23 15:14:08+00:00,0.625
2025-12-23 15:15:09+00:00,0.625
2025-12-23 15:16:09+00:00,0.625
2025-12-23 15:17:08+00:00,0.625
2025-12-23 15:18:09+00:00,0.625
2025-12-23 15:19:18+00:00,0.625
2025-12-23 15:20:11+00:00,0.625
2025-12-23 15:21:08+00:00,0.625
2025-12-23 15:22:08+00:00,0.625
2025-12-23 15:23:08+00:00,0.625
2025-12-23 15:24:08+00:00,0.625
2025-12-23 15:25:09+00:00,0.625
2025-12-23 15:26:08+00:00,0.625
2025-12-23 15:27:08+00:00,0.625
2025-12-23 15:28:09+00:00,0.625
2025-12-23 15:29:09+00:00,0.625
2025-12-23 15:30:12+00:00,0.625
2025-12-23 15:31:09+00:00,0.625
2025-12-23 15:32:09+00:00,0.615
2025-12-23 15:33:08+00:00,0.615
2025-12-23 15:34:09+00:00,0.615
2025-12-23 15:35:09+00:00,0.615
2025-12-23 15:36:09+00:00,0.615
2025-12-23 15:37:08+00:00,0.615
2025-12-23 15:38:08+00:00,0.615
2025-12-23 15:39:09+00:00,0.615
2025-12-23 15:40:19+00:00,0.615
2025-12-23 15:41:08+00:00,0.615
2025-12-23 15:42:09+00:00,0.615
2025-12-23 15:43:08+00:00,0.615
2025-12-23 15:44:19+00:00,0.615
2025-12-23 15:45:20+00:00,0.615
2025-12-23 15:46:09+00:00,0.615
2025-12-23 15:47:09+00:00,0.615
2025-12-23 15:48:09+00:00,0.615
2025-12-23 15:49:08+00:00,0.615
2025-12-23 15:50:09+00:00,0.615
2025-12-23 15:51:08+00:00,0.615
2025-12-23 15:52:08+00:00,0.615
2025-12-23 15:53:09+00:00,0.615
2025-12-23 15:54:09+00:00,0.615
2025-12-23 15:55:09+00:00,0.615
2025-12-23 15:56:08+00:00,0.615
2025-12-23 15:57:08+00:00,0.615
2025-12-23 15:58:09+00:00,0.615
2025-12-23 15:59:09+00:00,0.615
2025-12-23 16:00:12+00:00,0.615
2025-12-23 16:01:09+00:00,0.615
2025-12-23 16:02:08+00:00,0.615
2025-12-23 16:03:09+00:00,0.615
2025-12-23 16:04:09+00:00,0.615
2025-12-23 16:05:09+00:00,0.615
2025-12-23 16:06:09+00:00,0.615
2025-12-23 16:07:19+00:00,0.615
2025-12-23 16:08:08+00:00,0.615
2025-12-23 16:09:08+00:00,0.615
2025-12-23 16:10:11+00:00,0.615
2025-12-23 16:11:09+00:00,0.615
2025-12-23 16:12:09+00:00,0.615
2025-12-23 16:13:08+00:00,0.615
2025-12-23 16:14:09+00:00,0.615
2025-12-23 16:15:09+00:00,0.615
2025-12-23 16:16:09+00:00,0.615
2025-12-23 16:17:09+00:00,0.615
2025-12-23 16:18:08+00:00,0.615
2025-12-23 16:19:08+00:00,0.615
2025-12-23 16:20:09+00:00,0.615
2025-12-23 16:21:09+00:00,0.615
2025-12-23 16:22:09+00:00,0.615
2025-12-23 16:23:09+00:00,0.615
2025-12-23 16:24:09+00:00,0.615
2025-12-23 16:25:09+00:00,0.615
2025-12-23 16:26:09+00:00,0.615
2025-12-23 16:27:08+00:00,0.615
2025-12-23 16:28:08+00:00,0.615
2025-12-23 16:29:08+00:00,0.615
2025-12-23 16:30:12+00:00,0.615
2025-12-23 16:31:09+00:00,0.615
2025-12-23 16:32:09+00:00,0.615
2025-12-23 16:33:19+00:00,0.615
2025-12-23 16:34:08+00:00,0.615
2025-12-23 16:35:11+00:00,0.615
2025-12-23 16:36:08+00:00,0.615
2025-12-23 16:37:08+00:00,0.615
2025-12-23 16:38:08+00:00,0.615
2025-12-23 16:39:09+00:00,0.615
2025-12-23 16:40:09+00:00,0.615
2025-12-23 16:41:09+00:00,0.615
2025-12-23 16:42:08+00:00,0.615
2025-12-23 16:43:08+00:00,0.615
2025-12-23 16:44:09+00:00,0.615
2025-12-23 16:45:09+00:00,0.615
2025-12-23 16:46:09+00:00,0.615
2025-12-23 16:47:09+00:00,0.615
2025-12-23 16:48:08+00:00,0.615
2025-12-23 16:49:08+00:00,0.615
2025-12-23 16:50:09+00:00,0.615
2025-12-23 16:51:09+00:00,0.615
2025-12-23 16:52:09+00:00,0.615
2025-12-23 16:53:08+00:00,0.615
2025-12-23 16:54:08+00:00,0.615
2025-12-23 16:55:09+00:00,0.615
2025-12-23 16:56:08+00:00,0.615
2025-12-23 16:57:08+00:00,0.615
2025-12-23 16:58:09+00:00,0.615
2025-12-23 16:59:19+00:00,0.615
2025-12-23 17:00:32+00:00,0.615
2025-12-23 17:01:09+00:00,0.615
2025-12-23 17:02:09+00:00,0.615
2025-12-23 17:03:08+00:00,0.615
2025-12-23 17:04:08+00:00,0.615
2025-12-23 17:05:10+00:00,0.615
2025-12-23 17:06:09+00:00,0.615
2025-12-23 17:07:09+00:00,0.615
2025-12-23 17:08:08+00:00,0.615
2025-12-23 17:09:08+00:00,0.615
2025-12-23 17:10:10+00:00,0.615
2025-12-23 17:11:09+00:00,0.615
2025-12-23 17:12:08+00:00,0.615
2025-12-23 17:13:09+00:00,0.615
2025-12-23 17:14:19+00:00,0.615
2025-12-23 17:15:11+00:00,0.615
2025-12-23 17:16:09+00:00,0.615
2025-12-23 17:17:09+00:00,0.615
2025-12-23 17:18:09+00:00,0.615
2025-12-23 17:19:09+00:00,0.615
2025-12-23 17:20:24+00:00,0.615
2025-12-23 17:21:18+00:00,0.615
2025-12-23 17:22:08+00:00,0.615
2025-12-23 17:23:08+00:00,0.615
2025-12-23 17:24:09+00:00,0.615
2025-12-23 17:25:12+00:00,0.615
2025-12-23 17:26:09+00:00,0.615
2025-12-23 17:27:08+00:00,0.615
2025-12-23 17:28:09+00:00,0.615
2025-12-23 17:29:08+00:00,0.615
2025-12-23 17:30:13+00:00,0.615
2025-12-23 17:31:08+00:00,0.615
2025-12-23 17:32:09+00:00,0.615
2025-12-23 17:33:09+00:00,0.615
2025-12-23 17:34:09+00:00,0.615
2025-12-23 17:35:20+00:00,0.615
2025-12-23 17:36:09+00:00,0.615
2025-12-23 17:37:09+00:00,0.615
2025-12-23 17:38:09+00:00,0.615
2025-12-23 17:39:08+00:00,0.615
2025-12-23 17:40:10+00:00,0.615
2025-12-23 17:41:09+00:00,0.615
2025-12-23 17:42:09+00:00,0.615
2025-12-23 17:43:09+00:00,0.615
2025-12-23 17:44:08+00:00,0.615
2025-12-23 17:45:09+00:00,0.615
2025-12-23 17:46:09+00:00,0.615
2025-12-23 17:47:09+00:00,0.615
2025-12-23 17:48:09+00:00,0.615
2025-12-23 17:49:09+00:00,0.615
2025-12-23 17:50:09+00:00,0.615
2025-12-23 17:51:09+00:00,0.615
2025-12-23 17:52:08+00:00,0.615
2025-12-23 17:53:08+00:00,0.615
2025-12-23 17:54:08+00:00,0.615
2025-12-23 17:55:10+00:00,0.615
2025-12-23 17:56:08+00:00,0.615
2025-12-23 17:57:08+00:00,0.615
2025-12-23 17:58:09+00:00,0.615
2025-12-23 17:59:09+00:00,0.615
2025-12-23 18:00:15+00:00,0.615
2025-12-23 18:01:19+00:00,0.615
2025-12-23 18:02:08+00:00,0.615
2025-12-23 18:03:09+00:00,0.615
2025-12-23 18:04:08+00:00,0.615
2025-12-23 18:05:11+00:00,0.615
2025-12-23 18:06:09+00:00,0.615
2025-12-23 18:07:09+00:00,0.615
2025-12-23 18:08:09+00:00,0.615
2025-12-23 18:09:09+00:00,0.615
2025-12-23 18:10:09+00:00,0.615
2025-12-23 18:11:09+00:00,0.615
2025-12-23 18:12:08+00:00,0.615
2025-12-23 18:13:08+00:00,0.615
2025-12-23 18:14:08+00:00,0.615
2025-12-23 18:15:10+00:00,0.615
2025-12-23 18:16:09+00:00,0.615
2025-12-23 18:17:08+00:00,0.615
2025-12-23 18:18:09+00:00,0.615
2025-12-23 18:19:09+00:00,0.615
2025-12-23 18:20:09+00:00,0.615
2025-12-23 18:21:09+00:00,0.615
2025-12-23 18:22:09+00:00,0.615
2025-12-23 18:23:09+00:00,0.615
2025-12-23 18:24:09+00:00,0.615
2025-12-23 18:25:09+00:00,0.615
2025-12-23 18:26:09+00:00,0.615
2025-12-23 18:27:19+00:00,0.615
2025-12-23 18:28:08+00:00,0.615
2025-12-23 18:29:08+00:00,0.615
2025-12-23 18:30:15+00:00,0.615
2025-12-23 18:31:09+00:00,0.615
2025-12-23 18:32:09+00:00,0.615
2025-12-23 18:33:09+00:00,0.615
2025-12-23 18:34:09+00:00,0.615
2025-12-23 18:35:09+00:00,0.615
2025-12-23 18:36:08+00:00,0.615
2025-12-23 18:37:09+00:00,0.615
2025-12-23 18:38:09+00:00,0.615
2025-12-23 18:39:09+00:00,0.615
2025-12-23 18:40:10+00:00,0.615
2025-12-23 18:41:08+00:00,0.615
2025-12-23 18:42:08+00:00,0.615
2025-12-23 18:43:09+00:00,0.615
2025-12-23 18:44:09+00:00,0.615
2025-12-23 18:45:09+00:00,0.615
2025-12-23 18:46:08+00:00,0.615
2025-12-23 18:47:09+00:00,0.615
2025-12-23 18:48:09+00:00,0.615
2025-12-23 18:49:09+00:00,0.615
2025-12-23 18:50:10+00:00,0.615
2025-12-23 18:51:08+00:00,0.615
2025-12-23 18:52:08+00:00,0.615
2025-12-23 18:53:20+00:00,0.615
2025-12-23 18:54:09+00:00,0.615
2025-12-23 18:55:11+00:00,0.615
2025-12-23 18:56:09+00:00,0.615
2025-12-23 18:57:09+00:00,0.615
2025-12-23 18:58:09+00:00,0.615
2025-12-23 18:59:19+00:00,0.615
2025-12-23 19:00:13+00:00,0.615
2025-12-23 19:01:09+00:00,0.615
2025-12-23 19:02:09+00:00,0.615
2025-12-23 19:03:09+00:00,0.615
2025-12-23 19:04:09+00:00,0.615
2025-12-23 19:05:09+00:00,0.615
2025-12-23 19:06:09+00:00,0.615
2025-12-23 19:07:09+00:00,0.615
2025-12-23 19:08:08+00:00,0.615
2025-12-23 19:09:09+00:00,0.615
2025-12-23 19:10:10+00:00,0.615
2025-12-23 19:11:09+00:00,0.615
2025-12-23 19:12:08+00:00,0.615
2025-12-23 19:13:09+00:00,0.615
2025-12-23 19:14:09+00:00,0.615
2025-12-23 19:15:10+00:00,0.615
2025-12-23 19:16:09+00:00,0.615
2025-12-23 19:17:09+00:00,0.615
2025-12-23 19:18:09+00:00,0.615
2025-12-23 19:19:20+00:00,0.615
2025-12-23 19:20:12+00:00,0.615
2025-12-23 19:21:09+00:00,0.615
2025-12-23 19:22:20+00:00,0.615
2025-12-23 19:23:09+00:00,0.615
2025-12-23 19:24:08+00:00,0.615
2025-12-23 19:25:12+00:00,0.615
2025-12-23 19:26:12+00:00,0.615
2025-12-23 19:27:09+00:00,0.615
2025-12-23 19:28:08+00:00,0.615
2025-12-23 19:29:09+00:00,0.615
2025-12-23 19:30:13+00:00,0.615
2025-12-23 19:31:09+00:00,0.615
2025-12-23 19:32:09+00:00,0.615
2025-12-23 19:33:09+00:00,0.615
2025-12-23 19:34:09+00:00,0.615
2025-12-23 19:35:09+00:00,0.615
2025-12-23 19:36:08+00:00,0.615
2025-12-23 19:37:08+00:00,0.615
2025-12-23 19:38:18+00:00,0.615
2025-12-23 19:39:08+00:00,0.615
2025-12-23 19:40:11+00:00,0.615
2025-12-23 19:41:09+00:00,0.615
2025-12-23 19:42:09+00:00,0.615
2025-12-23 19:43:09+00:00,0.615
2025-12-23 19:44:09+00:00,0.615
2025-12-23 19:45:09+00:00,0.615
2025-12-23 19:46:10+00:00,0.615
2025-12-23 19:47:09+00:00,0.615
2025-12-23 19:48:09+00:00,0.615
2025-12-23 19:49:09+00:00,0.615
2025-12-23 19:50:10+00:00,0.615
2025-12-23 19:51:08+00:00,0.615
2025-12-23 19:52:09+00:00,0.615
2025-12-23 19:53:09+00:00,0.615
2025-12-23 19:54:09+00:00,0.615
2025-12-23 19:55:09+00:00,0.615
2025-12-23 19:56:09+00:00,0.615
2025-12-23 19:57:08+00:00,0.615
2025-12-23 19:58:08+00:00,0.615
2025-12-23 19:59:08+00:00,0.615
2025-12-23 20:00:13+00:00,0.615
2025-12-23 20:01:09+00:00,0.615
2025-12-23 20:02:09+00:00,0.615
2025-12-23 20:03:09+00:00,0.615
2025-12-23 20:04:19+00:00,0.615
2025-12-23 20:05:12+00:00,0.615
2025-12-23 20:06:09+00:00,0.615
2025-12-23 20:07:09+00:00,0.615
2025-12-23 20:08:09+00:00,0.615
2025-12-23 20:09:09+00:00,0.615
2025-12-23 20:10:10+00:00,0.615
2025-12-23 20:11:09+00:00,0.615
2025-12-23 20:12:09+00:00,0.615
2025-12-23 20:13:08+00:00,0.615
2025-12-23 20:14:09+00:00,0.615
2025-12-23 20:15:09+00:00,0.615
2025-12-23 20:16:09+00:00,0.615
2025-12-23 20:17:09+00:00,0.615
2025-12-23 20:18:09+00:00,0.615
2025-12-23 20:19:08+00:00,0.615
2025-12-23 20:20:09+00:00,0.615
2025-12-23 20:21:09+00:00,0.615
2025-12-23 20:22:08+00:00,0.615
2025-12-23 20:23:08+00:00,0.615
2025-12-23 20:24:09+00:00,0.615
2025-12-23 20:25:10+00:00,0.615
2025-12-23 20:26:09+00:00,0.615
2025-12-23 20:27:09+00:00,0.615
2025-12-23 20:28:09+00:00,0.615
2025-12-23 20:29:08+00:00,0.615
2025-12-23 20:30:36+00:00,0.615
2025-12-23 20:31:08+00:00,0.615
2025-12-23 20:32:09+00:00,0.615
2025-12-23 20:33:09+00:00,0.615
2025-12-23 20:34:09+00:00,0.615
2025-12-23 20:35:09+00:00,0.615
2025-12-23 20:36:09+00:00,0.615
2025-12-23 20:37:09+00:00,0.615
2025-12-23 20:38:08+00:00,0.615
2025-12-23 20:39:09+00:00,0.615
2025-12-23 20:40:21+00:00,0.615
2025-12-23 20:41:08+00:00,0.615
2025-12-23 20:42:08+00:00,0.615
2025-12-23 20:43:09+00:00,0.615
2025-12-23 20:44:08+00:00,0.615
2025-12-23 20:45:10+00:00,0.615
2025-12-23 20:46:09+00:00,0.615
2025-12-23 20:47:09+00:00,0.615
2025-12-23 20:48:09+00:00,0.615
2025-12-23 20:49:09+00:00,0.615
2025-12-23 20:50:09+00:00,0.615
2025-12-23 20:51:09+00:00,0.615
2025-12-23 20:52:08+00:00,0.615
2025-12-23 20:53:09+00:00,0.615
2025-12-23 20:54:09+00:00,0.615
2025-12-23 20:55:09+00:00,0.615
2025-12-23 20:56:10+00:00,0.615
2025-12-23 20:57:09+00:00,0.615
2025-12-23 20:58:20+00:00,0.615
2025-12-23 20:59:09+00:00,0.615
2025-12-23 21:00:15+00:00,0.615
2025-12-23 21:01:09+00:00,0.615
2025-12-23 21:02:09+00:00,0.615
2025-12-23 21:03:09+00:00,0.615
2025-12-23 21:04:24+00:00,0.615
2025-12-23 21:05:10+00:00,0.615
2025-12-23 21:06:19+00:00,0.615
2025-12-23 21:07:08+00:00,0.615
2025-12-23 21:08:09+00:00,0.615
2025-12-23 21:09:09+00:00,0.615
2025-12-23 21:10:12+00:00,0.615
2025-12-23 21:11:09+00:00,0.615
2025-12-23 21:12:09+00:00,0.615
2025-12-23 21:13:09+00:00,0.615
2025-12-23 21:14:08+00:00,0.615
2025-12-23 21:15:10+00:00,0.615
2025-12-23 21:16:09+00:00,0.615
2025-12-23 21:17:09+00:00,0.615
2025-12-23 21:18:09+00:00,0.615
2025-12-23 21:19:09+00:00,0.615
2025-12-23 21:20:10+00:00,0.615
2025-12-23 21:21:08+00:00,0.615
2025-12-23 21:22:09+00:00,0.615
2025-12-23 21:23:09+00:00,0.615
2025-12-23 21:24:08+00:00,0.615
2025-12-23 21:25:22+00:00,0.615
2025-12-23 21:26:09+00:00,0.615
2025-12-23 21:27:09+00:00,0.615
2025-12-23 21:28:09+00:00,0.615
2025-12-23 21:29:09+00:00,0.615
2025-12-23 21:30:13+00:00,0.615
2025-12-23 21:31:09+00:00,0.615
2025-12-23 21:32:20+00:00,0.615
2025-12-23 21:33:09+00:00,0.615
2025-12-23 21:34:08+00:00,0.615
2025-12-23 21:35:11+00:00,0.615
2025-12-23 21:36:09+00:00,0.615
2025-12-23 21:37:09+00:00,0.615
2025-12-23 21:38:09+00:00,0.615
2025-12-23 21:39:09+00:00,0.615
2025-12-23 21:40:10+00:00,0.615
2025-12-23 21:41:09+00:00,0.615
2025-12-23 21:42:09+00:00,0.615
2025-12-23 21:43:09+00:00,0.615
2025-12-23 21:44:09+00:00,0.615
2025-12-23 21:45:11+00:00,0.615
2025-12-23 21:46:09+00:00,0.615
2025-12-23 21:47:09+00:00,0.615
2025-12-23 21:48:09+00:00,0.615
2025-12-23 21:49:09+00:00,0.615
2025-12-23 21:50:10+00:00,0.615
2025-12-23 21:51:09+00:00,0.615
2025-12-23 21:52:13+00:00,0.615
2025-12-23 21:53:09+00:00,0.615
2025-12-23 21:54:09+00:00,0.615
2025-12-23 21:55:10+00:00,0.615
2025-12-23 21:56:09+00:00,0.615
2025-12-23 21:57:09+00:00,0.615
2025-12-23 21:58:18+00:00,0.615
2025-12-23 21:59:09+00:00,0.615
2025-12-23 22:00:15+00:00,0.615
2025-12-23 22:01:09+00:00,0.615
2025-12-23 22:02:09+00:00,0.615
2025-12-23 22:03:09+00:00,0.615
2025-12-23 22:04:09+00:00,0.615
2025-12-23 22:05:09+00:00,0.615
2025-12-23 22:06:09+00:00,0.615
2025-12-23 22:07:09+00:00,0.615
2025-12-23 22:08:09+00:00,0.615
2025-12-23 22:09:09+00:00,0.615
2025-12-23 22:10:10+00:00,0.615
2025-12-23 22:11:08+00:00,0.615
2025-12-23 22:12:10+00:00,0.615
2025-12-23 22:13:08+00:00,0.615
2025-12-23 22:14:09+00:00,0.615
2025-12-23 22:15:09+00:00,0.615
2025-12-23 22:16:09+00:00,0.615
2025-12-23 22:17:08+00:00,0.615
2025-12-23 22:18:09+00:00,0.615
2025-12-23 22:19:08+00:00,0.615
2025-12-23 22:20:10+00:00,0.615
2025-12-23 22:21:09+00:00,0.615
2025-12-23 22:22:09+00:00,0.615
2025-12-23 22:23:09+00:00,0.615
2025-12-23 22:24:18+00:00,0.615
2025-12-23 22:25:12+00:00,0.615
2025-12-23 22:26:09+00:00,0.615
2025-12-23 22:27:09+00:00,0.615
2025-12-23 22:28:09+00:00,0.615
2025-12-23 22:29:10+00:00,0.615
2025-12-23 22:30:13+00:00,0.615
2025-12-23 22:31:09+00:00,0.615
2025-12-23 22:32:08+00:00,0.615
2025-12-23 22:33:09+00:00,0.615
2025-12-23 22:34:09+00:00,0.615
2025-12-23 22:35:10+00:00,0.615
2025-12-23 22:36:09+00:00,0.615
2025-12-23 22:37:18+00:00,0.615
2025-12-23 22:38:08+00:00,0.615
2025-12-23 22:39:09+00:00,0.615
2025-12-23 22:40:09+00:00,0.615
2025-12-23 22:41:09+00:00,0.615
2025-12-23 22:42:09+00:00,0.615
2025-12-23 22:43:09+00:00,0.615
2025-12-23 22:44:09+00:00,0.615
2025-12-23 22:45:10+00:00,0.615
2025-12-23 22:46:09+00:00,0.615
2025-12-23 22:47:09+00:00,0.615
2025-12-23 22:48:09+00:00,0.61
2025-12-23 22:49:09+00:00,0.61
2025-12-23 22:50:22+00:00,0.61
2025-12-23 22:51:09+00:00,0.61
2025-12-23 22:52:08+00:00,0.61
2025-12-23 22:53:08+00:00,0.61
2025-12-23 22:54:08+00:00,0.61
2025-12-23 22:55:09+00:00,0.615
2025-12-23 22:56:09+00:00,0.615
2025-12-23 22:57:08+00:00,0.615
2025-12-23 22:58:09+00:00,0.615
2025-12-23 22:59:09+00:00,0.615
2025-12-23 23:00:13+00:00,0.615
2025-12-23 23:01:09+00:00,0.615
2025-12-23 23:02:09+00:00,0.615
2025-12-23 23:03:09+00:00,0.615
2025-12-23 23:04:09+00:00,0.615
2025-12-23 23:05:09+00:00,0.615
2025-12-23 23:06:36+00:00,0.615
2025-12-23 23:07:09+00:00,0.62
2025-12-23 23:08:08+00:00,0.62
2025-12-23 23:09:09+00:00,0.62
2025-12-23 23:10:10+00:00,0.62
2025-12-23 23:11:09+00:00,0.62
2025-12-23 23:12:09+00:00,0.62
2025-12-23 23:13:09+00:00,0.62
2025-12-23 23:14:08+00:00,0.62
2025-12-23 23:15:10+00:00,0.62
2025-12-23 23:16:20+00:00,0.62
2025-12-23 23:17:09+00:00,0.62
2025-12-23 23:18:09+00:00,0.62
2025-12-23 23:19:09+00:00,0.62
2025-12-23 23:20:12+00:00,0.62
2025-12-23 23:21:09+00:00,0.62
2025-12-23 23:22:09+00:00,0.62
2025-12-23 23:23:09+00:00,0.62
2025-12-23 23:24:09+00:00,0.62
2025-12-23 23:25:09+00:00,0.62
2025-12-23 23:26:09+00:00,0.62
2025-12-23 23:27:09+00:00,0.62
2025-12-23 23:28:09+00:00,0.62
2025-12-23 23:29:09+00:00,0.62
2025-12-23 23:30:13+00:00,0.62
2025-12-23 23:31:09+00:00,0.62
2025-12-23 23:32:09+00:00,0.62
2025-12-23 23:33:09+00:00,0.62
2025-12-23 23:34:10+00:00,0.62
2025-12-23 23:35:10+00:00,0.62
2025-12-23 23:36:09+00:00,0.62
2025-12-23 23:37:09+00:00,0.62
2025-12-23 23:38:09+00:00,0.62
2025-12-23 23:39:09+00:00,0.62
2025-12-23 23:40:10+00:00,0.62
2025-12-23 23:41:08+00:00,0.615
2025-12-23 23:42:19+00:00,0.625
2025-12-23 23:43:09+00:00,0.625
2025-12-23 23:44:09+00:00,0.625
2025-12-23 23:45:12+00:00,0.615
2025-12-23 23:46:09+00:00,0.615
2025-12-23 23:47:08+00:00,0.615
2025-12-23 23:48:09+00:00,0.62
2025-12-23 23:49:09+00:00,0.62
2025-12-23 23:50:10+00:00,0.62
2025-12-23 23:51:20+00:00,0.62
2025-12-23 23:52:09+00:00,0.62
2025-12-23 23:53:09+00:00,0.62
2025-12-23 23:54:09+00:00,0.615
2025-12-23 23:55:12+00:00,0.615
2025-12-23 23:56:08+00:00,0.615
2025-12-23 23:57:09+00:00,0.615
2025-12-23 23:58:09+00:00,0.615
2025-12-23 23:59:09+00:00,0.615
2025-12-24 00:00:17+00:00,0.615
2025-12-24 00:01:08+00:00,0.62
2025-12-24 00:02:09+00:00,0.62
2025-12-24 00:03:09+00:00,0.62
2025-12-24 00:04:08+00:00,0.62
2025-12-24 00:05:09+00:00,0.62
2025-12-24 00:06:09+00:00,0.62
2025-12-24 00:07:09+00:00,0.62
2025-12-24 00:08:08+00:00,0.62
2025-12-24 00:09:08+00:00,0.62
2025-12-24 00:10:09+00:00,0.62
2025-12-24 00:11:09+00:00,0.62
2025-12-24 00:12:09+00:00,0.62
2025-12-24 00:13:22+00:00,0.62
2025-12-24 00:14:09+00:00,0.62
2025-12-24 00:15:10+00:00,0.62
2025-12-24 00:16:08+00:00,0.62
2025-12-24 00:17:12+00:00,0.62
2025-12-24 00:18:09+00:00,0.62
2025-12-24 00:19:08+00:00,0.62
2025-12-24 00:20:09+00:00,0.62
2025-12-24 00:21:09+00:00,0.62
2025-12-24 00:22:09+00:00,0.62
2025-12-24 00:23:09+00:00,0.62
2025-12-24 00:24:08+00:00,0.62
2025-12-24 00:25:10+00:00,0.62
2025-12-24 00:26:08+00:00,0.62
2025-12-24 00:27:09+00:00,0.62
2025-12-24 00:28:09+00:00,0.615
2025-12-24 00:29:09+00:00,0.615
2025-12-24 00:30:13+00:00,0.615
2025-12-24 00:31:09+00:00,0.615
2025-12-24 00:32:08+00:00,0.615
2025-12-24 00:33:09+00:00,0.615
2025-12-24 00:34:08+00:00,0.615
2025-12-24 00:35:09+00:00,0.615
2025-12-24 00:36:23+00:00,0.615
2025-12-24 00:37:09+00:00,0.615
2025-12-24 00:38:09+00:00,0.615
2025-12-24 00:39:09+00:00,0.615
2025-12-24 00:40:10+00:00,0.615
2025-12-24 00:41:09+00:00,0.615
2025-12-24 00:42:10+00:00,0.615
2025-12-24 00:43:13+00:00,0.615
2025-12-24 00:44:08+00:00,0.615
2025-12-24 00:45:09+00:00,0.615
2025-12-24 00:46:09+00:00,0.615
2025-12-24 00:47:08+00:00,0.615
2025-12-24 00:48:09+00:00,0.615
2025-12-24 00:49:09+00:00,0.615
2025-12-24 00:50:10+00:00,0.615
2025-12-24 00:51:09+00:00,0.615
2025-12-24 00:52:09+00:00,0.615
2025-12-24 00:53:08+00:00,0.615
2025-12-24 00:54:09+00:00,0.615
2025-12-24 00:55:09+00:00,0.615
2025-12-24 00:56:09+00:00,0.625
2025-12-24 00:57:08+00:00,0.625
2025-12-24 00:58:09+00:00,0.625
2025-12-24 00:59:08+00:00,0.625
2025-12-24 01:00:14+00:00,0.625
2025-12-24 01:01:32+00:00,0.625
2025-12-24 01:02:09+00:00,0.625
2025-12-24 01:03:09+00:00,0.625
2025-12-24 01:04:09+00:00,0.625
2025-12-24 01:05:10+00:00,0.625
2025-12-24 01:06:09+00:00,0.625
2025-12-24 01:07:09+00:00,0.625
2025-12-24 01:08:09+00:00,0.625
2025-12-24 01:09:15+00:00,0.625
2025-12-24 01:10:10+00:00,0.625
2025-12-24 01:11:09+00:00,0.625
2025-12-24 01:12:09+00:00,0.625
2025-12-24 01:13:09+00:00,0.625
2025-12-24 01:14:08+00:00,0.625
2025-12-24 01:15:09+00:00,0.625
2025-12-24 01:16:09+00:00,0.625
2025-12-24 01:17:09+00:00,0.625
2025-12-24 01:18:49+00:00,0.625
2025-12-24 01:19:09+00:00,0.625
2025-12-24 01:20:09+00:00,0.625
2025-12-24 01:21:09+00:00,0.625
2025-12-24 01:22:09+00:00,0.625
2025-12-24 01:23:09+00:00,0.625
2025-12-24 01:24:09+00:00,0.625
2025-12-24 01:25:10+00:00,0.625
2025-12-24 01:26:09+00:00,0.625
2025-12-24 01:27:16+00:00,0.625
2025-12-24 01:28:09+00:00,0.625
2025-12-24 01:29:08+00:00,0.625
2025-12-24 01:30:13+00:00,0.625
2025-12-24 01:31:09+00:00,0.625
2025-12-24 01:32:09+00:00,0.625
2025-12-24 01:33:09+00:00,0.625
2025-12-24 01:34:09+00:00,0.625
2025-12-24 01:35:10+00:00,0.625
2025-12-24 01:36:10+00:00,0.625
2025-12-24 01:37:09+00:00,0.625
2025-12-24 01:38:09+00:00,0.625
2025-12-24 01:39:09+00:00,0.625
2025-12-24 01:40:09+00:00,0.625
2025-12-24 01:41:08+00:00,0.625
2025-12-24 01:42:09+00:00,0.625
2025-12-24 01:43:09+00:00,0.625
2025-12-24 01:44:09+00:00,0.625
2025-12-24 01:45:10+00:00,0.625
2025-12-24 01:46:08+00:00,0.625
2025-12-24 01:47:09+00:00,0.625
2025-12-24 01:48:09+00:00,0.625
2025-12-24 01:49:08+00:00,0.625
2025-12-24 01:50:09+00:00,0.625
2025-12-24 01:51:09+00:00,0.625
2025-12-24 01:52:10+00:00,0.625
2025-12-24 01:53:17+00:00,0.625
2025-12-24 01:54:09+00:00,0.625
2025-12-24 01:55:10+00:00,0.625
2025-12-24 01:56:09+00:00,0.625
2025-12-24 01:57:09+00:00,0.625
2025-12-24 01:58:10+00:00,0.625
2025-12-24 01:59:09+00:00,0.625
2025-12-24 02:00:12+00:00,0.625
2025-12-24 02:01:09+00:00,0.625
2025-12-24 02:02:09+00:00,0.625
2025-12-24 02:03:09+00:00,0.62
2025-12-24 02:04:09+00:00,0.62
2025-12-24 02:05:10+00:00,0.62
2025-12-24 02:06:17+00:00,0.62
2025-12-24 02:07:08+00:00,0.62
2025-12-24 02:08:09+00:00,0.62
2025-12-24 02:09:09+00:00,0.62
2025-12-24 02:10:10+00:00,0.62
2025-12-24 02:11:09+00:00,0.62
2025-12-24 02:12:08+00:00,0.62
2025-12-24 02:13:09+00:00,0.62
2025-12-24 02:14:09+00:00,0.62
2025-12-24 02:15:09+00:00,0.62
2025-12-24 02:16:09+00:00,0.62
2025-12-24 02:17:09+00:00,0.62
2025-12-24 02:18:09+00:00,0.62
2025-12-24 02:19:09+00:00,0.62
2025-12-24 02:20:10+00:00,0.62
2025-12-24 02:21:09+00:00,0.62
2025-12-24 02:22:09+00:00,0.62
2025-12-24 02:23:09+00:00,0.62
2025-12-24 02:24:08+00:00,0.62
2025-12-24 02:25:10+00:00,0.62
2025-12-24 02:26:09+00:00,0.62
2025-12-24 02:27:09+00:00,0.62
2025-12-24 02:28:09+00:00,0.62
2025-12-24 02:29:09+00:00,0.62
2025-12-24 02:30:13+00:00,0.62
2025-12-24 02:31:09+00:00,0.62
2025-12-24 02:32:17+00:00,0.62
2025-12-24 02:33:10+00:00,0.62
2025-12-24 02:34:09+00:00,0.62
2025-12-24 02:35:11+00:00,0.62
2025-12-24 02:36:08+00:00,0.62
2025-12-24 02:37:09+00:00,0.62
2025-12-24 02:38:09+00:00,0.62
2025-12-24 02:39:09+00:00,0.62
2025-12-24 02:40:09+00:00,0.62
2025-12-24 02:41:09+00:00,0.62
2025-12-24 02:42:09+00:00,0.62
2025-12-24 02:43:08+00:00,0.62
2025-12-24 02:44:09+00:00,0.62
2025-12-24 02:45:10+00:00,0.62
2025-12-24 02:46:10+00:00,0.62
2025-12-24 02:47:08+00:00,0.62
2025-12-24 02:48:09+00:00,0.62
2025-12-24 02:49:09+00:00,0.62
2025-12-24 02:50:10+00:00,0.62
2025-12-24 02:51:09+00:00,0.62
2025-12-24 02:52:09+00:00,0.62
2025-12-24 02:53:09+00:00,0.62
2025-12-24 02:54:09+00:00,0.62
2025-12-24 02:55:10+00:00,0.62
2025-12-24 02:56:08+00:00,0.62
2025-12-24 02:57:09+00:00,0.62
2025-12-24 02:58:18+00:00,0.62
2025-12-24 02:59:10+00:00,0.62
2025-12-24 03:00:15+00:00,0.62
2025-12-24 03:01:09+00:00,0.62
2025-12-24 03:02:09+00:00,0.62
2025-12-24 03:03:09+00:00,0.62
2025-12-24 03:04:09+00:00,0.62
2025-12-24 03:05:10+00:00,0.62
2025-12-24 03:06:09+00:00,0.61
2025-12-24 03:07:08+00:00,0.61
2025-12-24 03:08:09+00:00,0.61
2025-12-24 03:09:09+00:00,0.61
2025-12-24 03:10:09+00:00,0.615
2025-12-24 03:11:09+00:00,0.615
2025-12-24 03:12:09+00:00,0.615
2025-12-24 03:13:09+00:00,0.615
2025-12-24 03:14:09+00:00,0.615
2025-12-24 03:15:09+00:00,0.615
2025-12-24 03:16:08+00:00,0.615
2025-12-24 03:17:09+00:00,0.615
2025-12-24 03:18:09+00:00,0.615
2025-12-24 03:19:10+00:00,0.615
2025-12-24 03:20:09+00:00,0.615
2025-12-24 03:21:09+00:00,0.615
2025-12-24 03:22:09+00:00,0.615
2025-12-24 03:23:08+00:00,0.615
2025-12-24 03:24:19+00:00,0.615
2025-12-24 03:25:11+00:00,0.615
2025-12-24 03:26:09+00:00,0.615
2025-12-24 03:27:09+00:00,0.615
2025-12-24 03:28:09+00:00,0.615
2025-12-24 03:29:08+00:00,0.615
2025-12-24 03:30:12+00:00,0.615
2025-12-24 03:31:09+00:00,0.615
2025-12-24 03:32:09+00:00,0.61
2025-12-24 03:33:09+00:00,0.615
2025-12-24 03:34:09+00:00,0.615
2025-12-24 03:35:10+00:00,0.615
2025-12-24 03:36:09+00:00,0.615
2025-12-24 03:37:09+00:00,0.615
2025-12-24 03:38:09+00:00,0.61
2025-12-24 03:39:09+00:00,0.61
2025-12-24 03:40:10+00:00,0.615
2025-12-24 03:41:19+00:00,0.615
2025-12-24 03:42:09+00:00,0.615
2025-12-24 03:43:08+00:00,0.615
2025-12-24 03:44:08+00:00,0.615
2025-12-24 03:45:11+00:00,0.615
2025-12-24 03:46:09+00:00,0.615
2025-12-24 03:47:09+00:00,0.615
2025-12-24 03:48:09+00:00,0.615
2025-12-24 03:49:09+00:00,0.615
2025-12-24 03:50:09+00:00,0.615
2025-12-24 03:51:09+00:00,0.615
2025-12-24 03:52:09+00:00,0.615
2025-12-24 03:53:09+00:00,0.615
2025-12-24 03:54:09+00:00,0.615
2025-12-24 03:55:10+00:00,0.615
2025-12-24 03:56:09+00:00,0.615
2025-12-24 03:57:08+00:00,0.615
2025-12-24 03:58:09+00:00,0.615
2025-12-24 03:59:09+00:00,0.615
2025-12-24 04:00:13+00:00,0.615
2025-12-24 04:01:09+00:00,0.615
2025-12-24 04:02:09+00:00,0.615
2025-12-24 04:03:08+00:00,0.605
2025-12-24 04:04:09+00:00,0.615
2025-12-24 04:05:10+00:00,0.615
2025-12-24 04:06:09+00:00,0.615
2025-12-24 04:07:20+00:00,0.615
2025-12-24 04:08:46+00:00,0.615
2025-12-24 04:09:09+00:00,0.615
2025-12-24 04:10:10+00:00,0.61
2025-12-24 04:11:09+00:00,0.61
2025-12-24 04:12:09+00:00,0.61
2025-12-24 04:13:09+00:00,0.61
2025-12-24 04:14:08+00:00,0.61
2025-12-24 04:15:10+00:00,0.61
2025-12-24 04:16:09+00:00,0.61
2025-12-24 04:17:09+00:00,0.61
2025-12-24 04:18:09+00:00,0.61
2025-12-24 04:19:09+00:00,0.61
2025-12-24 04:20:10+00:00,0.61
2025-12-24 04:21:09+00:00,0.61
2025-12-24 04:22:09+00:00,0.61
2025-12-24 04:23:09+00:00,0.61
2025-12-24 04:24:09+00:00,0.61
2025-12-24 04:25:09+00:00,0.61
2025-12-24 04:26:09+00:00,0.61
2025-12-24 04:27:09+00:00,0.61
2025-12-24 04:28:08+00:00,0.61
2025-12-24 04:29:09+00:00,0.61
2025-12-24 04:30:13+00:00,0.61
2025-12-24 04:31:09+00:00,0.61
2025-12-24 04:32:09+00:00,0.605
2025-12-24 04:33:20+00:00,0.605
2025-12-24 04:34:09+00:00,0.61
2025-12-24 04:35:11+00:00,0.61
2025-12-24 04:36:09+00:00,0.615
2025-12-24 04:37:08+00:00,0.62
2025-12-24 04:38:09+00:00,0.62
2025-12-24 04:39:09+00:00,0.62
2025-12-24 04:40:10+00:00,0.62
2025-12-24 04:41:09+00:00,0.62
2025-12-24 04:42:09+00:00,0.62
2025-12-24 04:43:08+00:00,0.62
2025-12-24 04:44:08+00:00,0.62
2025-12-24 04:45:09+00:00,0.62
2025-12-24 04:46:09+00:00,0.62
2025-12-24 04:47:09+00:00,0.62
2025-12-24 04:48:09+00:00,0.62
2025-12-24 04:49:09+00:00,0.62
2025-12-24 04:50:11+00:00,0.62
2025-12-24 04:51:09+00:00,0.62
2025-12-24 04:52:08+00:00,0.62
2025-12-24 04:53:09+00:00,0.62
2025-12-24 04:54:09+00:00,0.62
2025-12-24 04:55:09+00:00,0.62
2025-12-24 04:56:09+00:00,0.62
2025-12-24 04:57:08+00:00,0.62
2025-12-24 04:58:08+00:00,0.62
2025-12-24 04:59:18+00:00,0.62
2025-12-24 05:00:14+00:00,0.62
2025-12-24 05:01:09+00:00,0.62
2025-12-24 05:02:09+00:00,0.62
2025-12-24 05:03:09+00:00,0.62
2025-12-24 05:04:09+00:00,0.62
2025-12-24 05:05:09+00:00,0.62
2025-12-24 05:06:08+00:00,0.62
2025-12-24 05:07:09+00:00,0.62
2025-12-24 05:08:09+00:00,0.62
2025-12-24 05:09:09+00:00,0.62
2025-12-24 05:10:10+00:00,0.62
2025-12-24 05:11:09+00:00,0.62
2025-12-24 05:12:08+00:00,0.62
2025-12-24 05:13:08+00:00,0.62
2025-12-24 05:14:09+00:00,0.62
2025-12-24 05:15:09+00:00,0.62
2025-12-24 05:16:18+00:00,0.62
2025-12-24 05:17:09+00:00,0.62
2025-12-24 05:18:09+00:00,0.62
2025-12-24 05:19:08+00:00,0.62
2025-12-24 05:20:10+00:00,0.62
2025-12-24 05:21:09+00:00,0.62
2025-12-24 05:22:09+00:00,0.62
2025-12-24 05:23:09+00:00,0.62
2025-12-24 05:24:09+00:00,0.62
2025-12-24 05:25:10+00:00,0.62
2025-12-24 05:26:09+00:00,0.62
2025-12-24 05:27:09+00:00,0.62
2025-12-24 05:28:08+00:00,0.62
2025-12-24 05:29:09+00:00,0.62
2025-12-24 05:30:12+00:00,0.62
2025-12-24 05:31:08+00:00,0.62
2025-12-24 05:32:09+00:00,0.62
2025-12-24 05:33:09+00:00,0.62
2025-12-24 05:34:09+00:00,0.62
2025-12-24 05:35:24+00:00,0.62
2025-12-24 05:36:09+00:00,0.62
2025-12-24 05:37:09+00:00,0.62
2025-12-24 05:38:18+00:00,0.62
2025-12-24 05:39:08+00:00,0.625
2025-12-24 05:40:10+00:00,0.625
2025-12-24 05:41:09+00:00,0.62
2025-12-24 05:42:09+00:00,0.62
2025-12-24 05:43:09+00:00,0.62
2025-12-24 05:44:08+00:00,0.62
2025-12-24 05:45:10+00:00,0.62
2025-12-24 05:46:09+00:00,0.62
2025-12-24 05:47:09+00:00,0.62
2025-12-24 05:48:09+00:00,0.62
2025-12-24 05:49:09+00:00,0.62
2025-12-24 05:50:10+00:00,0.62
2025-12-24 05:51:09+00:00,0.62
2025-12-24 05:52:09+00:00,0.62
2025-12-24 05:53:09+00:00,0.62
2025-12-24 05:54:09+00:00,0.62
2025-12-24 05:55:09+00:00,0.62
2025-12-24 05:56:08+00:00,0.62
2025-12-24 05:57:09+00:00,0.62
2025-12-24 05:58:09+00:00,0.62
2025-12-24 05:59:09+00:00,0.615
2025-12-24 06:00:16+00:00,0.6
2025-12-24 06:01:09+00:00,0.6
2025-12-24 06:02:08+00:00,0.6
2025-12-24 06:03:10+00:00,0.6
2025-12-24 06:04:18+00:00,0.59
2025-12-24 06:05:11+00:00,0.6
2025-12-24 06:06:09+00:00,0.6
2025-12-24 06:07:09+00:00,0.6
2025-12-24 06:08:09+00:00,0.6
2025-12-24 06:09:08+00:00,0.61
2025-12-24 06:10:26+00:00,0.61
2025-12-24 06:11:09+00:00,0.61
2025-12-24 06:12:09+00:00,0.59
2025-12-24 06:13:09+00:00,0.59
2025-12-24 06:14:09+00:00,0.59
2025-12-24 06:15:09+00:00,0.59
2025-12-24 06:16:09+00:00,0.59
2025-12-24 06:17:09+00:00,0.59
2025-12-24 06:18:09+00:00,0.59
2025-12-24 06:19:10+00:00,0.585
2025-12-24 06:20:10+00:00,0.585
2025-12-24 06:21:09+00:00,0.585
2025-12-24 06:22:09+00:00,0.585
2025-12-24 06:23:19+00:00,0.59
2025-12-24 06:24:09+00:00,0.6
2025-12-24 06:25:11+00:00,0.6
2025-12-24 06:26:08+00:00,0.6
2025-12-24 06:27:09+00:00,0.6
2025-12-24 06:28:09+00:00,0.6
2025-12-24 06:29:08+00:00,0.6
2025-12-24 06:30:13+00:00,0.6
2025-12-24 06:31:09+00:00,0.6
2025-12-24 06:32:08+00:00,0.6
2025-12-24 06:33:09+00:00,0.6
2025-12-24 06:34:09+00:00,0.6
2025-12-24 06:35:21+00:00,0.6
2025-12-24 06:36:09+00:00,0.6
2025-12-24 06:37:09+00:00,0.6
2025-12-24 06:38:20+00:00,0.6
2025-12-24 06:39:09+00:00,0.6
2025-12-24 06:40:11+00:00,0.6
2025-12-24 06:41:08+00:00,0.6
2025-12-24 06:42:09+00:00,0.6
2025-12-24 06:43:09+00:00,0.6
2025-12-24 06:44:09+00:00,0.6
2025-12-24 06:45:09+00:00,0.605
2025-12-24 06:46:08+00:00,0.605
2025-12-24 06:47:08+00:00,0.605
2025-12-24 06:48:09+00:00,0.605
2025-12-24 06:49:09+00:00,0.605
2025-12-24 06:50:10+00:00,0.605
2025-12-24 06:51:08+00:00,0.605
2025-12-24 06:52:09+00:00,0.605
2025-12-24 06:53:09+00:00,0.605
2025-12-24 06:54:09+00:00,0.605
2025-12-24 06:55:09+00:00,0.605
2025-12-24 06:56:09+00:00,0.605
2025-12-24 06:57:08+00:00,0.605
2025-12-24 06:58:09+00:00,0.605
2025-12-24 06:59:09+00:00,0.605
2025-12-24 07:00:13+00:00,0.605
2025-12-24 07:01:09+00:00,0.605
2025-12-24 07:02:09+00:00,0.605
2025-12-24 07:03:09+00:00,0.605
2025-12-24 07:04:20+00:00,0.605
2025-12-24 07:05:10+00:00,0.605
2025-12-24 07:06:09+00:00,0.605
2025-12-24 07:07:09+00:00,0.605
2025-12-24 07:08:09+00:00,0.61
2025-12-24 07:09:09+00:00,0.61
2025-12-24 07:10:09+00:00,0.605
2025-12-24 07:11:09+00:00,0.605
2025-12-24 07:12:09+00:00,0.605
2025-12-24 07:13:09+00:00,0.605
2025-12-24 07:14:09+00:00,0.605
2025-12-24 07:15:09+00:00,0.605
2025-12-24 07:16:13+00:00,0.605
2025-12-24 07:17:09+00:00,0.605
2025-12-24 07:18:09+00:00,0.6
2025-12-24 07:19:09+00:00,0.6
2025-12-24 07:20:10+00:00,0.6
2025-12-24 07:21:09+00:00,0.6
2025-12-24 07:22:09+00:00,0.605
2025-12-24 07:23:08+00:00,0.605
2025-12-24 07:24:09+00:00,0.605
2025-12-24 07:25:10+00:00,0.6
2025-12-24 07:26:09+00:00,0.6
2025-12-24 07:27:09+00:00,0.6
2025-12-24 07:28:09+00:00,0.6
2025-12-24 07:29:09+00:00,0.6
2025-12-24 07:30:23+00:00,0.6
2025-12-24 07:31:09+00:00,0.6
2025-12-24 07:32:09+00:00,0.6
2025-12-24 07:33:09+00:00,0.6
2025-12-24 07:34:09+00:00,0.6
2025-12-24 07:35:09+00:00,0.6
2025-12-24 07:36:09+00:00,0.6
2025-12-24 07:37:09+00:00,0.6
2025-12-24 07:38:10+00:00,0.6
2025-12-24 07:39:09+00:00,0.6
2025-12-24 07:40:10+00:00,0.6
2025-12-24 07:41:09+00:00,0.6
2025-12-24 07:42:09+00:00,0.6
2025-12-24 07:43:09+00:00,0.6
2025-12-24 07:44:09+00:00,0.6
2025-12-24 07:45:10+00:00,0.6
2025-12-24 07:46:09+00:00,0.6
2025-12-24 07:47:09+00:00,0.6
2025-12-24 07:48:09+00:00,0.6
2025-12-24 07:49:09+00:00,0.6
2025-12-24 07:50:10+00:00,0.6
2025-12-24 07:51:09+00:00,0.6
2025-12-24 07:52:09+00:00,0.6
2025-12-24 07:53:09+00:00,0.6
2025-12-24 07:54:08+00:00,0.6
2025-12-24 07:55:09+00:00,0.6
2025-12-24 07:56:18+00:00,0.6
2025-12-24 07:57:09+00:00,0.6
2025-12-24 07:58:08+00:00,0.6
2025-12-24 07:59:09+00:00,0.6
2025-12-24 08:00:15+00:00,0.6
2025-12-24 08:01:09+00:00,0.6
2025-12-24 08:02:09+00:00,0.6
2025-12-24 08:03:09+00:00,0.6
2025-12-24 08:04:09+00:00,0.6
2025-12-24 08:05:09+00:00,0.6
2025-12-24 08:06:09+00:00,0.605
2025-12-24 08:07:09+00:00,0.6
2025-12-24 08:08:09+00:00,0.6
2025-12-24 08:09:09+00:00,0.6
2025-12-24 08:10:09+00:00,0.6
2025-12-24 08:11:08+00:00,0.6
2025-12-24 08:12:09+00:00,0.6
2025-12-24 08:13:09+00:00,0.6
2025-12-24 08:14:09+00:00,0.6
2025-12-24 08:15:09+00:00,0.6
2025-12-24 08:16:09+00:00,0.6
2025-12-24 08:17:09+00:00,0.605
2025-12-24 08:18:20+00:00,0.605
2025-12-24 08:19:09+00:00,0.605
2025-12-24 08:20:21+00:00,0.605
2025-12-24 08:21:09+00:00,0.605
2025-12-24 08:22:09+00:00,0.6
2025-12-24 08:23:09+00:00,0.6
2025-12-24 08:24:09+00:00,0.6
2025-12-24 08:25:10+00:00,0.6
2025-12-24 08:26:09+00:00,0.6
2025-12-24 08:27:09+00:00,0.6
2025-12-24 08:28:09+00:00,0.6
2025-12-24 08:29:09+00:00,0.6
2025-12-24 08:30:13+00:00,0.6
2025-12-24 08:31:09+00:00,0.6
2025-12-24 08:32:08+00:00,0.6
2025-12-24 08:33:09+00:00,0.6
2025-12-24 08:34:09+00:00,0.6
2025-12-24 08:35:10+00:00,0.6
2025-12-24 08:36:09+00:00,0.6
2025-12-24 08:37:08+00:00,0.6
2025-12-24 08:38:09+00:00,0.6
2025-12-24 08:39:09+00:00,0.6
2025-12-24 08:40:22+00:00,0.6
2025-12-24 08:41:09+00:00,0.6
2025-12-24 08:42:10+00:00,0.6
2025-12-24 08:43:09+00:00,0.595
2025-12-24 08:44:08+00:00,0.595
2025-12-24 08:45:10+00:00,0.595
2025-12-24 08:46:10+00:00,0.595
2025-12-24 08:47:09+00:00,0.595
2025-12-24 08:48:08+00:00,0.595
2025-12-24 08:49:09+00:00,0.595
2025-12-24 08:50:09+00:00,0.595
2025-12-24 08:51:08+00:00,0.595
2025-12-24 08:52:09+00:00,0.595
2025-12-24 08:53:09+00:00,0.595
2025-12-24 08:54:09+00:00,0.595
2025-12-24 08:55:10+00:00,0.595
2025-12-24 08:56:09+00:00,0.595
2025-12-24 08:57:09+00:00,0.595
2025-12-24 08:58:08+00:00,0.595
2025-12-24 08:59:09+00:00,0.595
2025-12-24 09:00:16+00:00,0.595
2025-12-24 09:01:10+00:00,0.595
2025-12-24 09:02:09+00:00,0.595
2025-12-24 09:03:09+00:00,0.595
2025-12-24 09:04:09+00:00,0.595
2025-12-24 09:05:10+00:00,0.595
2025-12-24 09:06:20+00:00,0.595
2025-12-24 09:07:09+00:00,0.595
2025-12-24 09:08:09+00:00,0.595
2025-12-24 09:09:09+00:00,0.605
2025-12-24 09:10:10+00:00,0.605
2025-12-24 09:11:09+00:00,0.605
2025-12-24 09:12:09+00:00,0.605
2025-12-24 09:13:09+00:00,0.605
2025-12-24 09:14:08+00:00,0.605
2025-12-24 09:15:09+00:00,0.605
2025-12-24 09:16:10+00:00,0.605
2025-12-24 09:17:09+00:00,0.605
2025-12-24 09:18:09+00:00,0.605
2025-12-24 09:19:09+00:00,0.605
2025-12-24 09:20:09+00:00,0.605
2025-12-24 09:21:09+00:00,0.605
2025-12-24 09:22:09+00:00,0.605
2025-12-24 09:23:09+00:00,0.605
2025-12-24 09:24:08+00:00,0.605
2025-12-24 09:25:09+00:00,0.605
2025-12-24 09:26:20+00:00,0.605
2025-12-24 09:27:09+00:00,0.605
2025-12-24 09:28:09+00:00,0.605
2025-12-24 09:29:09+00:00,0.605
2025-12-24 09:30:14+00:00,0.605
2025-12-24 09:31:09+00:00,0.605
2025-12-24 09:32:09+00:00,0.605
2025-12-24 09:33:20+00:00,0.605
2025-12-24 09:34:10+00:00,0.605
2025-12-24 09:35:11+00:00,0.605
2025-12-24 09:36:09+00:00,0.605
2025-12-24 09:37:09+00:00,0.605
2025-12-24 09:38:09+00:00,0.605
2025-12-24 09:39:09+00:00,0.605
2025-12-24 09:40:10+00:00,0.605
2025-12-24 09:41:09+00:00,0.605
2025-12-24 09:42:14+00:00,0.605
2025-12-24 09:43:09+00:00,0.605
2025-12-24 09:44:09+00:00,0.605
2025-12-24 09:45:10+00:00,0.605
2025-12-24 09:46:09+00:00,0.605
2025-12-24 09:47:09+00:00,0.605
2025-12-24 09:48:09+00:00,0.605
2025-12-24 09:49:09+00:00,0.605
2025-12-24 09:50:10+00:00,0.605
2025-12-24 09:51:09+00:00,0.605
2025-12-24 09:52:09+00:00,0.605
2025-12-24 09:53:09+00:00,0.605
2025-12-24 09:54:09+00:00,0.605
2025-12-24 09:55:09+00:00,0.605
2025-12-24 09:56:09+00:00,0.605
2025-12-24 09:57:08+00:00,0.605
2025-12-24 09:58:09+00:00,0.605
2025-12-24 09:59:18+00:00,0.605
2025-12-24 10:00:15+00:00,0.605
2025-12-24 10:01:09+00:00,0.605
2025-12-24 10:02:09+00:00,0.605
2025-12-24 10:03:09+00:00,0.605
2025-12-24 10:04:09+00:00,0.605
2025-12-24 10:05:10+00:00,0.605
2025-12-24 10:06:10+00:00,0.605
2025-12-24 10:07:09+00:00,0.605
2025-12-24 10:08:09+00:00,0.605
2025-12-24 10:09:09+00:00,0.605
2025-12-24 10:10:10+00:00,0.605
2025-12-24 10:11:08+00:00,0.605
2025-12-24 10:12:09+00:00,0.605
2025-12-24 10:13:09+00:00,0.605
2025-12-24 10:14:09+00:00,0.605
2025-12-24 10:15:10+00:00,0.605
2025-12-24 10:16:09+00:00,0.605
2025-12-24 10:17:09+00:00,0.605
2025-12-24 10:18:09+00:00,0.605
2025-12-24 10:19:09+00:00,0.605
2025-12-24 10:20:10+00:00,0.605
2025-12-24 10:21:09+00:00,0.605
2025-12-24 10:22:09+00:00,0.605
2025-12-24 10:23:19+00:00,0.605
2025-12-24 10:24:09+00:00,0.605
2025-12-24 10:25:20+00:00,0.605
2025-12-24 10:26:09+00:00,0.605
2025-12-24 10:27:09+00:00,0.605
2025-12-24 10:28:09+00:00,0.605
2025-12-24 10:29:09+00:00,0.605
2025-12-24 10:30:13+00:00,0.605
2025-12-24 10:31:08+00:00,0.605
2025-12-24 10:32:09+00:00,0.605
2025-12-24 10:33:09+00:00,0.605
2025-12-24 10:34:09+00:00,0.605
2025-12-24 10:35:24+00:00,0.605
2025-12-24 10:36:08+00:00,0.605
2025-12-24 10:37:09+00:00,0.605
2025-12-24 10:38:08+00:00,0.605
2025-12-24 10:39:09+00:00,0.605
2025-12-24 10:40:10+00:00,0.595
2025-12-24 10:41:08+00:00,0.595
2025-12-24 10:42:08+00:00,0.595
2025-12-24 10:43:09+00:00,0.595
2025-12-24 10:44:09+00:00,0.595
2025-12-24 10:45:10+00:00,0.595
2025-12-24 10:46:09+00:00,0.595
2025-12-24 10:47:09+00:00,0.595
2025-12-24 10:48:09+00:00,0.595
2025-12-24 10:49:09+00:00,0.595
2025-12-24 10:50:09+00:00,0.595
2025-12-24 10:51:18+00:00,0.595
2025-12-24 10:52:08+00:00,0.595
2025-12-24 10:53:09+00:00,0.595
2025-12-24 10:54:09+00:00,0.595
2025-12-24 10:55:11+00:00,0.595
2025-12-24 10:56:09+00:00,0.595
2025-12-24 10:57:09+00:00,0.595
2025-12-24 10:58:09+00:00,0.595
2025-12-24 10:59:09+00:00,0.595
2025-12-24 11:00:14+00:00,0.595
2025-12-24 11:01:09+00:00,0.595
2025-12-24 11:02:08+00:00,0.595
2025-12-24 11:03:09+00:00,0.595
2025-12-24 11:04:08+00:00,0.595
2025-12-24 11:05:09+00:00,0.595
2025-12-24 11:06:09+00:00,0.595
2025-12-24 11:07:09+00:00,0.595
2025-12-24 11:08:09+00:00,0.595
2025-12-24 11:09:08+00:00,0.595
2025-12-24 11:10:09+00:00,0.595
2025-12-24 11:11:09+00:00,0.595
2025-12-24 11:12:09+00:00,0.595
2025-12-24 11:13:09+00:00,0.595
2025-12-24 11:14:08+00:00,0.595
2025-12-24 11:15:09+00:00,0.595
2025-12-24 11:16:09+00:00,0.595
2025-12-24 11:17:20+00:00,0.595
2025-12-24 11:18:09+00:00,0.595
2025-12-24 11:19:09+00:00,0.595
2025-12-24 11:20:11+00:00,0.595
2025-12-24 11:21:08+00:00,0.595
2025-12-24 11:22:09+00:00,0.595
2025-12-24 11:23:09+00:00,0.595
2025-12-24 11:24:08+00:00,0.595
2025-12-24 11:25:09+00:00,0.595
2025-12-24 11:26:20+00:00,0.595
2025-12-24 11:27:09+00:00,0.595
2025-12-24 11:28:09+00:00,0.595
2025-12-24 11:29:09+00:00,0.595
2025-12-24 11:30:14+00:00,0.595
2025-12-24 11:31:09+00:00,0.595
2025-12-24 11:32:09+00:00,0.595
2025-12-24 11:33:09+00:00,0.595
2025-12-24 11:34:09+00:00,0.595
2025-12-24 11:35:09+00:00,0.595
2025-12-24 11:36:09+00:00,0.595
2025-12-24 11:37:08+00:00,0.595
2025-12-24 11:38:08+00:00,0.595
2025-12-24 11:39:09+00:00,0.595
2025-12-24 11:40:09+00:00,0.595
2025-12-24 11:41:09+00:00,0.595
2025-12-24 11:42:12+00:00,0.595
2025-12-24 11:43:09+00:00,0.595
2025-12-24 11:44:08+00:00,0.595
2025-12-24 11:45:10+00:00,0.595
2025-12-24 11:46:08+00:00,0.595
2025-12-24 11:47:09+00:00,0.595
2025-12-24 11:48:09+00:00,0.595
2025-12-24 11:49:09+00:00,0.595
2025-12-24 11:50:10+00:00,0.595
2025-12-24 11:51:09+00:00,0.595
2025-12-24 11:52:21+00:00,0.595
2025-12-24 11:53:09+00:00,0.595
2025-12-24 11:54:09+00:00,0.595
2025-12-24 11:55:11+00:00,0.595
2025-12-24 11:56:09+00:00,0.595
2025-12-24 11:57:09+00:00,0.6
2025-12-24 11:58:08+00:00,0.6
2025-12-24 11:59:09+00:00,0.6
2025-12-24 12:00:17+00:00,0.6
2025-12-24 12:01:09+00:00,0.6
2025-12-24 12:02:09+00:00,0.6
2025-12-24 12:03:09+00:00,0.595
2025-12-24 12:04:09+00:00,0.595
2025-12-24 12:05:10+00:00,0.595
2025-12-24 12:06:09+00:00,0.595
2025-12-24 12:07:09+00:00,0.595
2025-12-24 12:08:15+00:00,0.595
2025-12-24 12:09:09+00:00,0.595
2025-12-24 12:10:10+00:00,0.595
2025-12-24 12:11:09+00:00,0.595
2025-12-24 12:12:09+00:00,0.595
2025-12-24 12:13:08+00:00,0.595
2025-12-24 12:14:08+00:00,0.595
2025-12-24 12:15:09+00:00,0.595
2025-12-24 12:16:09+00:00,0.595
2025-12-24 12:17:09+00:00,0.595
2025-12-24 12:18:18+00:00,0.595
2025-12-24 12:19:08+00:00,0.595
2025-12-24 12:20:11+00:00,0.595
2025-12-24 12:21:09+00:00,0.595
2025-12-24 12:22:09+00:00,0.595
2025-12-24 12:23:09+00:00,0.595
2025-12-24 12:24:09+00:00,0.595
2025-12-24 12:25:09+00:00,0.595
2025-12-24 12:26:09+00:00,0.595
2025-12-24 12:27:08+00:00,0.595
2025-12-24 12:28:17+00:00,0.595
2025-12-24 12:29:09+00:00,0.595
2025-12-24 12:30:14+00:00,0.595
2025-12-24 12:31:08+00:00,0.605
2025-12-24 12:32:09+00:00,0.6
2025-12-24 12:33:18+00:00,0.595
2025-12-24 12:34:09+00:00,0.595
2025-12-24 12:35:11+00:00,0.595
2025-12-24 12:36:08+00:00,0.595
2025-12-24 12:37:08+00:00,0.595
2025-12-24 12:38:08+00:00,0.595
2025-12-24 12:39:09+00:00,0.595
2025-12-24 12:40:09+00:00,0.595
2025-12-24 12:41:08+00:00,0.595
2025-12-24 12:42:09+00:00,0.595
2025-12-24 12:43:09+00:00,0.595
2025-12-24 12:44:08+00:00,0.595
2025-12-24 12:45:10+00:00,0.595
2025-12-24 12:46:08+00:00,0.595
2025-12-24 12:47:09+00:00,0.595
2025-12-24 12:48:09+00:00,0.595
2025-12-24 12:49:09+00:00,0.595
2025-12-24 12:50:09+00:00,0.595
2025-12-24 12:51:08+00:00,0.595
2025-12-24 12:52:08+00:00,0.595
2025-12-24 12:53:09+00:00,0.595
2025-12-24 12:54:09+00:00,0.595
2025-12-24 12:55:09+00:00,0.595
2025-12-24 12:56:09+00:00,0.595
2025-12-24 12:57:21+00:00,0.595
2025-12-24 12:58:09+00:00,0.595
2025-12-24 12:59:19+00:00,0.595
2025-12-24 13:00:14+00:00,0.595
2025-12-24 13:01:09+00:00,0.595
2025-12-24 13:02:09+00:00,0.595
2025-12-24 13:03:09+00:00,0.595
2025-12-24 13:04:09+00:00,0.595
2025-12-24 13:05:09+00:00,0.595
2025-12-24 13:06:09+00:00,0.595
2025-12-24 13:07:09+00:00,0.595
2025-12-24 13:08:08+00:00,0.595
2025-12-24 13:09:08+00:00,0.595
2025-12-24 13:10:10+00:00,0.595
2025-12-24 13:11:09+00:00,0.595
2025-12-24 13:12:09+00:00,0.595
2025-12-24 13:13:09+00:00,0.595
2025-12-24 13:14:09+00:00,0.595
2025-12-24 13:15:09+00:00,0.595
2025-12-24 13:16:09+00:00,0.595
2025-12-24 13:17:08+00:00,0.595
2025-12-24 13:18:09+00:00,0.595
2025-12-24 13:19:09+00:00,0.595
2025-12-24 13:20:10+00:00,0.595
2025-12-24 13:21:09+00:00,0.595
2025-12-24 13:22:08+00:00,0.595
2025-12-24 13:23:09+00:00,0.595
2025-12-24 13:24:09+00:00,0.595
2025-12-24 13:25:21+00:00,0.595
2025-12-24 13:26:09+00:00,0.595
2025-12-24 13:27:09+00:00,0.595
2025-12-24 13:28:09+00:00,0.595
2025-12-24 13:29:08+00:00,0.595
2025-12-24 13:30:12+00:00,0.595
2025-12-24 13:31:08+00:00,0.595
2025-12-24 13:32:08+00:00,0.595
2025-12-24 13:33:09+00:00,0.595
2025-12-24 13:34:09+00:00,0.595
2025-12-24 13:35:09+00:00,0.595
2025-12-24 13:36:08+00:00,0.595
2025-12-24 13:37:09+00:00,0.595
2025-12-24 13:38:09+00:00,0.595
2025-12-24 13:39:09+00:00,0.595
2025-12-24 13:40:09+00:00,0.595
2025-12-24 13:41:09+00:00,0.595
2025-12-24 13:42:09+00:00,0.595
2025-12-24 13:43:09+00:00,0.595
2025-12-24 13:44:09+00:00,0.595
2025-12-24 13:45:10+00:00,0.595
2025-12-24 13:46:08+00:00,0.595
2025-12-24 13:47:08+00:00,0.595
2025-12-24 13:48:09+00:00,0.595
2025-12-24 13:49:09+00:00,0.595
2025-12-24 13:50:09+00:00,0.595
2025-12-24 13:51:20+00:00,0.595
2025-12-24 13:52:09+00:00,0.595
2025-12-24 13:53:08+00:00,0.595
2025-12-24 13:54:09+00:00,0.595
2025-12-24 13:55:12+00:00,0.595
2025-12-24 13:56:08+00:00,0.595
2025-12-24 13:57:09+00:00,0.595
2025-12-24 13:58:08+00:00,0.595
2025-12-24 13:59:19+00:00,0.595
2025-12-24 14:00:14+00:00,0.595
2025-12-24 14:01:09+00:00,0.595
2025-12-24 14:02:09+00:00,0.595
2025-12-24 14:03:08+00:00,0.595
2025-12-24 14:04:08+00:00,0.595
2025-12-24 14:05:10+00:00,0.595
2025-12-24 14:06:09+00:00,0.595
2025-12-24 14:07:09+00:00,0.595
2025-12-24 14:08:10+00:00,0.595
2025-12-24 14:09:08+00:00,0.595
2025-12-24 14:10:09+00:00,0.595
2025-12-24 14:11:09+00:00,0.595
2025-12-24 14:12:08+00:00,0.595
2025-12-24 14:13:08+00:00,0.595
2025-12-24 14:14:08+00:00,0.595
2025-12-24 14:15:09+00:00,0.595
2025-12-24 14:16:09+00:00,0.595
2025-12-24 14:17:09+00:00,0.595
2025-12-24 14:18:10+00:00,0.595
2025-12-24 14:19:09+00:00,0.595
2025-12-24 14:20:09+00:00,0.595
2025-12-24 14:21:09+00:00,0.595
2025-12-24 14:22:09+00:00,0.595
2025-12-24 14:23:08+00:00,0.595
2025-12-24 14:24:08+00:00,0.595
2025-12-24 14:25:23+00:00,0.595
2025-12-24 14:26:09+00:00,0.595
2025-12-24 14:27:09+00:00,0.595
2025-12-24 14:28:08+00:00,0.595
2025-12-24 14:29:09+00:00,0.595
2025-12-24 14:30:12+00:00,0.595
2025-12-24 14:31:08+00:00,0.595
2025-12-24 14:32:09+00:00,0.595
2025-12-24 14:33:09+00:00,0.595
2025-12-24 14:34:13+00:00,0.595
2025-12-24 14:35:09+00:00,0.595
2025-12-24 14:36:08+00:00,0.595
2025-12-24 14:37:09+00:00,0.595
2025-12-24 14:38:08+00:00,0.595
2025-12-24 14:39:08+00:00,0.595
2025-12-24 14:40:09+00:00,0.595
2025-12-24 14:41:08+00:00,0.595
2025-12-24 14:42:09+00:00,0.595
2025-12-24 14:43:08+00:00,0.595
2025-12-24 14:44:08+00:00,0.595
2025-12-24 14:45:09+00:00,0.595
2025-12-24 14:46:08+00:00,0.595
2025-12-24 14:47:08+00:00,0.595
2025-12-24 14:48:09+00:00,0.595
2025-12-24 14:49:09+00:00,0.595
2025-12-24 14:50:10+00:00,0.595
2025-12-24 14:51:18+00:00,0.595
2025-12-24 14:52:09+00:00,0.595
2025-12-24 14:53:09+00:00,0.595
2025-12-24 14:54:10+00:00,0.595
2025-12-24 14:55:11+00:00,0.595
2025-12-24 14:56:09+00:00,0.595
2025-12-24 14:57:09+00:00,0.595
2025-12-24 14:58:09+00:00,0.595
2025-12-24 14:59:09+00:00,0.595
2025-12-24 15:00:15+00:00,0.595
2025-12-24 15:01:09+00:00,0.595
2025-12-24 15:02:09+00:00,0.595
2025-12-24 15:03:08+00:00,0.595
2025-12-24 15:04:09+00:00,0.595
2025-12-24 15:05:09+00:00,0.595
2025-12-24 15:06:09+00:00,0.595
2025-12-24 15:07:09+00:00,0.595
2025-12-24 15:08:09+00:00,0.595
2025-12-24 15:09:09+00:00,0.595
2025-12-24 15:10:09+00:00,0.595
2025-12-24 15:11:09+00:00,0.595
2025-12-24 15:12:09+00:00,0.595
2025-12-24 15:13:09+00:00,0.595
2025-12-24 15:14:08+00:00,0.595
2025-12-24 15:15:09+00:00,0.595
2025-12-24 15:16:09+00:00,0.595
2025-12-24 15:17:18+00:00,0.595
2025-12-24 15:18:09+00:00,0.595
2025-12-24 15:19:09+00:00,0.595
2025-12-24 15:20:11+00:00,0.595
2025-12-24 15:21:09+00:00,0.595
2025-12-24 15:22:09+00:00,0.595
2025-12-24 15:23:09+00:00,0.595
2025-12-24 15:24:09+00:00,0.595
2025-12-24 15:25:09+00:00,0.595
2025-12-24 15:26:09+00:00,0.595
2025-12-24 15:27:09+00:00,0.595
2025-12-24 15:28:09+00:00,0.595
2025-12-24 15:29:08+00:00,0.595
2025-12-24 15:30:13+00:00,0.595
2025-12-24 15:31:09+00:00,0.595
2025-12-24 15:32:09+00:00,0.595
2025-12-24 15:33:09+00:00,0.595
2025-12-24 15:34:09+00:00,0.595
2025-12-24 15:35:10+00:00,0.595
2025-12-24 15:36:09+00:00,0.595
2025-12-24 15:37:08+00:00,0.595
2025-12-24 15:38:09+00:00,0.595
2025-12-24 15:39:08+00:00,0.595
2025-12-24 15:40:09+00:00,0.595
2025-12-24 15:41:09+00:00,0.595
2025-12-24 15:42:09+00:00,0.595
2025-12-24 15:43:19+00:00,0.595
2025-12-24 15:44:09+00:00,0.595
2025-12-24 15:45:12+00:00,0.595
2025-12-24 15:46:08+00:00,0.595
2025-12-24 15:47:09+00:00,0.595
2025-12-24 15:48:09+00:00,0.595
2025-12-24 15:49:09+00:00,0.595
2025-12-24 15:50:10+00:00,0.595
2025-12-24 15:51:09+00:00,0.595
2025-12-24 15:52:09+00:00,0.595
2025-12-24 15:53:09+00:00,0.595
2025-12-24 15:54:09+00:00,0.595
2025-12-24 15:55:10+00:00,0.595
2025-12-24 15:56:09+00:00,0.595
2025-12-24 15:57:09+00:00,0.595
2025-12-24 15:58:09+00:00,0.595
2025-12-24 15:59:09+00:00,0.595
2025-12-24 16:00:13+00:00,0.595
2025-12-24 16:01:09+00:00,0.595
2025-12-24 16:02:09+00:00,0.595
2025-12-24 16:03:09+00:00,0.595
2025-12-24 16:04:10+00:00,0.595
2025-12-24 16:05:09+00:00,0.595
2025-12-24 16:06:09+00:00,0.595
2025-12-24 16:07:09+00:00,0.595
2025-12-24 16:08:09+00:00,0.595
2025-12-24 16:09:20+00:00,0.595
2025-12-24 16:10:12+00:00,0.595
2025-12-24 16:11:20+00:00,0.595
2025-12-24 16:12:09+00:00,0.595
2025-12-24 16:13:09+00:00,0.595
2025-12-24 16:14:08+00:00,0.595
2025-12-24 16:15:11+00:00,0.595
2025-12-24 16:16:08+00:00,0.595
2025-12-24 16:17:08+00:00,0.595
2025-12-24 16:18:09+00:00,0.595
2025-12-24 16:19:09+00:00,0.595
2025-12-24 16:20:10+00:00,0.595
2025-12-24 16:21:09+00:00,0.595
2025-12-24 16:22:09+00:00,0.595
2025-12-24 16:23:08+00:00,0.595
2025-12-24 16:24:09+00:00,0.595
2025-12-24 16:25:10+00:00,0.595
2025-12-24 16:26:09+00:00,0.595
2025-12-24 16:27:09+00:00,0.595
2025-12-24 16:28:09+00:00,0.595
2025-12-24 16:29:08+00:00,0.595
2025-12-24 16:30:12+00:00,0.595
2025-12-24 16:31:08+00:00,0.595
2025-12-24 16:32:09+00:00,0.595
2025-12-24 16:33:09+00:00,0.595
2025-12-24 16:34:10+00:00,0.595
2025-12-24 16:35:09+00:00,0.595
2025-12-24 16:36:09+00:00,0.595
2025-12-24 16:37:20+00:00,0.595
2025-12-24 16:38:10+00:00,0.595
2025-12-24 16:39:09+00:00,0.595
2025-12-24 16:40:12+00:00,0.595
2025-12-24 16:41:09+00:00,0.585
2025-12-24 16:42:50+00:00,0.585
2025-12-24 16:43:08+00:00,0.585
2025-12-24 16:44:09+00:00,0.585
2025-12-24 16:45:10+00:00,0.585
2025-12-24 16:46:10+00:00,0.585
2025-12-24 16:47:09+00:00,0.585
2025-12-24 16:48:09+00:00,0.585
2025-12-24 16:49:09+00:00,0.585
2025-12-24 16:50:10+00:00,0.585
2025-12-24 16:51:09+00:00,0.585
2025-12-24 16:52:09+00:00,0.585
2025-12-24 16:53:09+00:00,0.585
2025-12-24 16:54:09+00:00,0.585
2025-12-24 16:55:09+00:00,0.585
2025-12-24 16:56:09+00:00,0.585
2025-12-24 16:57:08+00:00,0.585
2025-12-24 16:58:08+00:00,0.585
2025-12-24 16:59:09+00:00,0.585
2025-12-24 17:00:17+00:00,0.585
2025-12-24 17:01:08+00:00,0.585
2025-12-24 17:02:09+00:00,0.585
2025-12-24 17:03:18+00:00,0.585
2025-12-24 17:04:09+00:00,0.585
2025-12-24 17:05:12+00:00,0.585
2025-12-24 17:06:08+00:00,0.585
2025-12-24 17:07:08+00:00,0.585
2025-12-24 17:08:09+00:00,0.585
2025-12-24 17:09:09+00:00,0.585
2025-12-24 17:10:10+00:00,0.585
2025-12-24 17:11:09+00:00,0.585
2025-12-24 17:12:09+00:00,0.585
2025-12-24 17:13:08+00:00,0.585
2025-12-24 17:14:09+00:00,0.585
2025-12-24 17:15:10+00:00,0.585
2025-12-24 17:16:09+00:00,0.585
2025-12-24 17:17:09+00:00,0.585
2025-12-24 17:18:09+00:00,0.585
2025-12-24 17:19:08+00:00,0.585
2025-12-24 17:20:10+00:00,0.585
2025-12-24 17:21:09+00:00,0.585
2025-12-24 17:22:09+00:00,0.585
2025-12-24 17:23:08+00:00,0.585
2025-12-24 17:24:09+00:00,0.585
2025-12-24 17:25:10+00:00,0.585
2025-12-24 17:26:08+00:00,0.585
2025-12-24 17:27:09+00:00,0.585
2025-12-24 17:28:08+00:00,0.585
2025-12-24 17:29:18+00:00,0.585
2025-12-24 17:30:14+00:00,0.585
2025-12-24 17:31:09+00:00,0.585
2025-12-24 17:32:09+00:00,0.585
2025-12-24 17:33:09+00:00,0.585
2025-12-24 17:34:10+00:00,0.585
2025-12-24 17:35:10+00:00,0.585
2025-12-24 17:36:09+00:00,0.585
2025-12-24 17:37:08+00:00,0.585
2025-12-24 17:38:18+00:00,0.585
2025-12-24 17:39:09+00:00,0.585
2025-12-24 17:40:12+00:00,0.585
2025-12-24 17:41:09+00:00,0.585
2025-12-24 17:42:08+00:00,0.585
2025-12-24 17:43:08+00:00,0.585
2025-12-24 17:44:09+00:00,0.585
2025-12-24 17:45:09+00:00,0.585
2025-12-24 17:46:09+00:00,0.585
2025-12-24 17:47:09+00:00,0.585
2025-12-24 17:48:09+00:00,0.585
2025-12-24 17:49:09+00:00,0.585
2025-12-24 17:50:09+00:00,0.585
2025-12-24 17:51:09+00:00,0.585
2025-12-24 17:52:09+00:00,0.585
2025-12-24 17:53:09+00:00,0.585
2025-12-24 17:54:09+00:00,0.585
2025-12-24 17:55:09+00:00,0.585
2025-12-24 17:56:09+00:00,0.585
2025-12-24 17:57:09+00:00,0.585
2025-12-24 17:58:08+00:00,0.585
2025-12-24 17:59:08+00:00,0.585
2025-12-24 18:00:15+00:00,0.585
2025-12-24 18:01:09+00:00,0.585
2025-12-24 18:02:09+00:00,0.585
2025-12-24 18:03:09+00:00,0.585
2025-12-24 18:04:19+00:00,0.585
2025-12-24 18:05:11+00:00,0.585
2025-12-24 18:06:09+00:00,0.585
2025-12-24 18:07:09+00:00,0.585
2025-12-24 18:08:09+00:00,0.585
2025-12-24 18:09:09+00:00,0.585
2025-12-24 18:10:09+00:00,0.585
2025-12-24 18:11:09+00:00,0.585
2025-12-24 18:12:09+00:00,0.585
2025-12-24 18:13:08+00:00,0.585
2025-12-24 18:14:23+00:00,0.585
2025-12-24 18:15:10+00:00,0.585
2025-12-24 18:16:09+00:00,0.585
2025-12-24 18:17:09+00:00,0.585
2025-12-24 18:18:09+00:00,0.585
2025-12-24 18:19:08+00:00,0.585
2025-12-24 18:20:09+00:00,0.585
2025-12-24 18:21:09+00:00,0.585
2025-12-24 18:22:09+00:00,0.585
2025-12-24 18:23:09+00:00,0.585
2025-12-24 18:24:09+00:00,0.585
2025-12-24 18:25:09+00:00,0.585
2025-12-24 18:26:09+00:00,0.585
2025-12-24 18:27:09+00:00,0.585
2025-12-24 18:28:09+00:00,0.585
2025-12-24 18:29:09+00:00,0.585
2025-12-24 18:30:25+00:00,0.585
2025-12-24 18:31:09+00:00,0.585
2025-12-24 18:33:05+00:00,0.585
2025-12-24 18:33:17+00:00,0.585
2025-12-24 18:34:09+00:00,0.585
2025-12-24 18:35:09+00:00,0.585
2025-12-24 18:36:09+00:00,0.585
2025-12-24 18:37:09+00:00,0.585
2025-12-24 18:38:09+00:00,0.585
2025-12-24 18:39:09+00:00,0.585
2025-12-24 18:40:09+00:00,0.585
2025-12-24 18:41:09+00:00,0.585
2025-12-24 18:42:09+00:00,0.585
2025-12-24 18:43:09+00:00,0.585
2025-12-24 18:44:09+00:00,0.585
2025-12-24 18:45:10+00:00,0.585
2025-12-24 18:46:09+00:00,0.585
2025-12-24 18:47:09+00:00,0.585
2025-12-24 18:48:23+00:00,0.585
2025-12-24 18:49:08+00:00,0.585
2025-12-24 18:50:10+00:00,0.585
2025-12-24 18:51:09+00:00,0.585
2025-12-24 18:52:09+00:00,0.585
2025-12-24 18:53:09+00:00,0.585
2025-12-24 18:54:09+00:00,0.585
2025-12-24 18:55:10+00:00,0.585
2025-12-24 18:56:20+00:00,0.585
2025-12-24 18:57:22+00:00,0.585
2025-12-24 18:58:09+00:00,0.585
2025-12-24 18:59:09+00:00,0.585
2025-12-24 19:00:16+00:00,0.585
2025-12-24 19:01:09+00:00,0.585
2025-12-24 19:02:09+00:00,0.585
2025-12-24 19:03:09+00:00,0.585
2025-12-24 19:04:20+00:00,0.585
2025-12-24 19:05:23+00:00,0.585
2025-12-24 19:06:10+00:00,0.585
2025-12-24 19:07:09+00:00,0.585
2025-12-24 19:08:09+00:00,0.585
2025-12-24 19:09:23+00:00,0.585
2025-12-24 19:10:10+00:00,0.585
2025-12-24 19:11:09+00:00,0.585
2025-12-24 19:12:09+00:00,0.585
2025-12-24 19:13:09+00:00,0.585
2025-12-24 19:14:09+00:00,0.585
2025-12-24 19:15:10+00:00,0.585
2025-12-24 19:16:09+00:00,0.585
2025-12-24 19:17:22+00:00,0.585
2025-12-24 19:18:09+00:00,0.585
2025-12-24 19:19:09+00:00,0.585
2025-12-24 19:20:10+00:00,0.585
2025-12-24 19:21:09+00:00,0.585
2025-12-24 19:22:20+00:00,0.585
2025-12-24 19:23:09+00:00,0.585
2025-12-24 19:24:09+00:00,0.585
2025-12-24 19:25:12+00:00,0.585
2025-12-24 19:26:13+00:00,0.585
2025-12-24 19:27:09+00:00,0.585
2025-12-24 19:28:09+00:00,0.585
2025-12-24 19:29:09+00:00,0.585
2025-12-24 19:30:13+00:00,0.585
2025-12-24 19:31:09+00:00,0.585
2025-12-24 19:32:09+00:00,0.585
2025-12-24 19:33:09+00:00,0.585
2025-12-24 19:34:09+00:00,0.585
2025-12-24 19:35:10+00:00,0.585
2025-12-24 19:36:09+00:00,0.585
2025-12-24 19:37:08+00:00,0.585
2025-12-24 19:38:09+00:00,0.585
2025-12-24 19:39:09+00:00,0.585
2025-12-24 19:40:10+00:00,0.585
2025-12-24 19:41:09+00:00,0.585
2025-12-24 19:42:09+00:00,0.585
2025-12-24 19:43:09+00:00,0.585
2025-12-24 19:44:09+00:00,0.585
2025-12-24 19:45:10+00:00,0.585
2025-12-24 19:46:09+00:00,0.585
2025-12-24 19:47:09+00:00,0.585
2025-12-24 19:48:18+00:00,0.585
2025-12-24 19:49:09+00:00,0.585
2025-12-24 19:50:12+00:00,0.585
2025-12-24 19:51:09+00:00,0.585
2025-12-24 19:52:09+00:00,0.585
2025-12-24 19:53:08+00:00,0.585
2025-12-24 19:54:09+00:00,0.585
2025-12-24 19:55:10+00:00,0.585
2025-12-24 19:56:09+00:00,0.585
2025-12-24 19:57:08+00:00,0.585
2025-12-24 19:58:09+00:00,0.585
2025-12-24 19:59:08+00:00,0.585
2025-12-24 20:00:13+00:00,0.585
2025-12-24 20:01:09+00:00,0.585
2025-12-24 20:02:09+00:00,0.585
2025-12-24 20:03:09+00:00,0.585
2025-12-24 20:04:09+00:00,0.585
2025-12-24 20:05:10+00:00,0.585
2025-12-24 20:06:09+00:00,0.585
2025-12-24 20:07:09+00:00,0.585
2025-12-24 20:08:08+00:00,0.585
2025-12-24 20:09:09+00:00,0.585
2025-12-24 20:10:10+00:00,0.585
2025-12-24 20:11:09+00:00,0.585
2025-12-24 20:12:09+00:00,0.585
2025-12-24 20:13:08+00:00,0.585
2025-12-24 20:14:18+00:00,0.585
2025-12-24 20:15:12+00:00,0.585
2025-12-24 20:16:09+00:00,0.585
2025-12-24 20:17:09+00:00,0.585
2025-12-24 20:18:09+00:00,0.585
2025-12-24 20:19:09+00:00,0.585
2025-12-24 20:20:10+00:00,0.585
2025-12-24 20:21:09+00:00,0.585
2025-12-24 20:22:09+00:00,0.585
2025-12-24 20:23:08+00:00,0.585
2025-12-24 20:24:08+00:00,0.575
2025-12-24 20:25:09+00:00,0.575
2025-12-24 20:26:09+00:00,0.575
2025-12-24 20:27:08+00:00,0.575
2025-12-24 20:28:08+00:00,0.575
2025-12-24 20:29:09+00:00,0.575
2025-12-24 20:30:11+00:00,0.575
2025-12-24 20:31:09+00:00,0.575
2025-12-24 20:32:09+00:00,0.575
2025-12-24 20:33:09+00:00,0.575
2025-12-24 20:34:10+00:00,0.575
2025-12-24 20:35:10+00:00,0.575
2025-12-24 20:36:08+00:00,0.575
2025-12-24 20:37:09+00:00,0.575
2025-12-24 20:38:09+00:00,0.575
2025-12-24 20:39:08+00:00,0.575
2025-12-24 20:40:22+00:00,0.575
2025-12-24 20:41:09+00:00,0.575
2025-12-24 20:42:09+00:00,0.575
2025-12-24 20:43:08+00:00,0.575
2025-12-24 20:44:09+00:00,0.575
2025-12-24 20:45:09+00:00,0.575
2025-12-24 20:46:08+00:00,0.575
2025-12-24 20:47:08+00:00,0.575
2025-12-24 20:48:09+00:00,0.575
2025-12-24 20:49:08+00:00,0.575
2025-12-24 20:50:10+00:00,0.575
2025-12-24 20:51:08+00:00,0.575
2025-12-24 20:52:09+00:00,0.575
2025-12-24 20:53:09+00:00,0.575
2025-12-24 20:54:09+00:00,0.575
2025-12-24 20:55:09+00:00,0.575
2025-12-24 20:56:09+00:00,0.575
2025-12-24 20:57:19+00:00,0.575
2025-12-24 20:58:09+00:00,0.565
2025-12-24 20:59:19+00:00,0.565
2025-12-24 21:00:17+00:00,0.565
2025-12-24 21:01:09+00:00,0.565
2025-12-24 21:02:09+00:00,0.565
2025-12-24 21:03:10+00:00,0.565
2025-12-24 21:04:08+00:00,0.565
2025-12-24 21:05:09+00:00,0.565
2025-12-24 21:06:09+00:00,0.565
2025-12-24 21:07:08+00:00,0.565
2025-12-24 21:08:09+00:00,0.565
2025-12-24 21:09:11+00:00,0.565
2025-12-24 21:10:09+00:00,0.565
2025-12-24 21:11:09+00:00,0.565
2025-12-24 21:12:09+00:00,0.565
2025-12-24 21:14:05+00:00,0.565
2025-12-24 21:14:18+00:00,0.565
2025-12-24 21:15:09+00:00,0.565
2025-12-24 21:16:09+00:00,0.565
2025-12-24 21:17:09+00:00,0.565
2025-12-24 21:18:08+00:00,0.565
2025-12-24 21:19:09+00:00,0.565
2025-12-24 21:20:10+00:00,0.565
2025-12-24 21:21:19+00:00,0.565
2025-12-24 21:22:08+00:00,0.555
2025-12-24 21:23:20+00:00,0.555
2025-12-24 21:24:23+00:00,0.555
2025-12-24 21:25:12+00:00,0.565
2025-12-24 21:26:09+00:00,0.565
2025-12-24 21:27:09+00:00,0.565
2025-12-24 21:28:09+00:00,0.565
2025-12-24 21:29:08+00:00,0.565
2025-12-24 21:30:12+00:00,0.565
2025-12-24 21:31:08+00:00,0.565
2025-12-24 21:32:09+00:00,0.565
2025-12-24 21:33:09+00:00,0.565
2025-12-24 21:34:09+00:00,0.565
2025-12-24 21:35:09+00:00,0.565
2025-12-24 21:36:09+00:00,0.565
2025-12-24 21:37:09+00:00,0.565
2025-12-24 21:38:09+00:00,0.565
2025-12-24 21:39:09+00:00,0.565
2025-12-24 21:40:09+00:00,0.565
2025-12-24 21:41:08+00:00,0.565
2025-12-24 21:42:08+00:00,0.565
2025-12-24 21:43:08+00:00,0.565
2025-12-24 21:44:08+00:00,0.565
2025-12-24 21:45:09+00:00,0.565
2025-12-24 21:46:09+00:00,0.565
2025-12-24 21:47:08+00:00,0.565
2025-12-24 21:48:09+00:00,0.565
2025-12-24 21:49:19+00:00,0.565
2025-12-24 21:50:12+00:00,0.565
2025-12-24 21:51:09+00:00,0.565
2025-12-24 21:52:13+00:00,0.565
2025-12-24 21:53:08+00:00,0.565
2025-12-24 21:54:21+00:00,0.565
2025-12-24 21:55:09+00:00,0.565
2025-12-24 21:56:17+00:00,0.565
2025-12-24 21:57:08+00:00,0.565
2025-12-24 21:58:08+00:00,0.565
2025-12-24 21:59:08+00:00,0.565
2025-12-24 22:00:14+00:00,0.565
2025-12-24 22:01:09+00:00,0.565
2025-12-24 22:02:09+00:00,0.565
2025-12-24 22:03:09+00:00,0.565
2025-12-24 22:04:09+00:00,0.565
2025-12-24 22:05:09+00:00,0.565
2025-12-24 22:06:09+00:00,0.565
2025-12-24 22:07:09+00:00,0.565
2025-12-24 22:08:09+00:00,0.565
2025-12-24 22:09:09+00:00,0.565
2025-12-24 22:10:09+00:00,0.565
2025-12-24 22:11:08+00:00,0.565
2025-12-24 22:12:08+00:00,0.565
2025-12-24 22:13:08+00:00,0.565
2025-12-24 22:14:09+00:00,0.565
2025-12-24 22:15:22+00:00,0.565
2025-12-24 22:16:09+00:00,0.565
2025-12-24 22:17:08+00:00,0.565
2025-12-24 22:18:09+00:00,0.565
2025-12-24 22:19:09+00:00,0.565
2025-12-24 22:20:09+00:00,0.565
2025-12-24 22:21:09+00:00,0.565
2025-12-24 22:22:17+00:00,0.565
2025-12-24 22:23:08+00:00,0.565
2025-12-24 22:24:08+00:00,0.565
2025-12-24 22:25:12+00:00,0.565
2025-12-24 22:26:09+00:00,0.565
2025-12-24 22:27:09+00:00,0.565
2025-12-24 22:28:09+00:00,0.565
2025-12-24 22:29:08+00:00,0.565
2025-12-24 22:30:13+00:00,0.565
2025-12-24 22:31:08+00:00,0.565
2025-12-24 22:32:09+00:00,0.565
2025-12-24 22:33:08+00:00,0.565
2025-12-24 22:34:09+00:00,0.565
2025-12-24 22:35:09+00:00,0.565
2025-12-24 22:36:09+00:00,0.565
2025-12-24 22:37:09+00:00,0.565
2025-12-24 22:38:08+00:00,0.565
2025-12-24 22:39:08+00:00,0.565
2025-12-24 22:40:09+00:00,0.565
2025-12-24 22:41:09+00:00,0.565
2025-12-24 22:42:08+00:00,0.565
2025-12-24 22:43:08+00:00,0.565
2025-12-24 22:44:08+00:00,0.565
2025-12-24 22:45:09+00:00,0.565
2025-12-24 22:46:08+00:00,0.565
2025-12-24 22:47:08+00:00,0.565
2025-12-24 22:48:18+00:00,0.565
2025-12-24 22:49:09+00:00,0.565
2025-12-24 22:50:12+00:00,0.565
2025-12-24 22:51:08+00:00,0.565
2025-12-24 22:52:09+00:00,0.565
2025-12-24 22:53:08+00:00,0.565
2025-12-24 22:54:09+00:00,0.565
2025-12-24 22:55:09+00:00,0.565
2025-12-24 22:56:09+00:00,0.565
2025-12-24 22:57:09+00:00,0.565
2025-12-24 22:58:08+00:00,0.565
2025-12-24 22:59:19+00:00,0.565
2025-12-24 23:00:12+00:00,0.555
2025-12-24 23:01:08+00:00,0.555
2025-12-24 23:02:09+00:00,0.555
2025-12-24 23:03:09+00:00,0.555
2025-12-24 23:04:09+00:00,0.555
2025-12-24 23:05:09+00:00,0.555
2025-12-24 23:06:09+00:00,0.555
2025-12-24 23:07:08+00:00,0.555
2025-12-24 23:08:08+00:00,0.555
2025-12-24 23:09:09+00:00,0.555
2025-12-24 23:10:09+00:00,0.555
2025-12-24 23:11:08+00:00,0.555
2025-12-24 23:12:23+00:00,0.555
2025-12-24 23:13:09+00:00,0.555
2025-12-24 23:14:19+00:00,0.555
2025-12-24 23:15:12+00:00,0.555
2025-12-24 23:16:09+00:00,0.555
2025-12-24 23:17:08+00:00,0.555
2025-12-24 23:18:08+00:00,0.555
2025-12-24 23:19:09+00:00,0.555
2025-12-24 23:20:09+00:00,0.555
2025-12-24 23:21:09+00:00,0.555
2025-12-24 23:22:09+00:00,0.555
2025-12-24 23:23:19+00:00,0.555
2025-12-24 23:24:08+00:00,0.555
2025-12-24 23:25:12+00:00,0.555
2025-12-24 23:26:09+00:00,0.555
2025-12-24 23:27:09+00:00,0.555
2025-12-24 23:28:08+00:00,0.555
2025-12-24 23:29:08+00:00,0.555
2025-12-24 23:30:12+00:00,0.555
2025-12-24 23:31:08+00:00,0.555
2025-12-24 23:32:08+00:00,0.555
2025-12-24 23:33:09+00:00,0.555
2025-12-24 23:34:08+00:00,0.555
2025-12-24 23:35:10+00:00,0.555
2025-12-24 23:36:09+00:00,0.555
2025-12-24 23:37:08+00:00,0.555
2025-12-24 23:38:08+00:00,0.555
2025-12-24 23:39:09+00:00,0.555
2025-12-24 23:40:09+00:00,0.555
2025-12-24 23:41:09+00:00,0.555
2025-12-24 23:42:09+00:00,0.555
2025-12-24 23:43:08+00:00,0.555
2025-12-24 23:44:09+00:00,0.555
2025-12-24 23:45:09+00:00,0.555
2025-12-24 23:46:08+00:00,0.555
2025-12-24 23:47:08+00:00,0.555
2025-12-24 23:48:08+00:00,0.555
2025-12-24 23:49:20+00:00,0.555
2025-12-24 23:50:12+00:00,0.555
2025-12-24 23:51:08+00:00,0.555
2025-12-24 23:52:09+00:00,0.555
2025-12-24 23:53:08+00:00,0.555
2025-12-24 23:54:08+00:00,0.555
2025-12-24 23:55:23+00:00,0.555
2025-12-24 23:56:08+00:00,0.555
2025-12-24 23:57:08+00:00,0.555
2025-12-24 23:58:08+00:00,0.555
2025-12-24 23:59:08+00:00,0.555
2025-12-25 00:00:27+00:00,0.555
2025-12-25 00:01:08+00:00,0.555
2025-12-25 00:02:09+00:00,0.555
2025-12-25 00:03:09+00:00,0.555
2025-12-25 00:04:08+00:00,0.555
2025-12-25 00:05:09+00:00,0.555
2025-12-25 00:06:08+00:00,0.555
2025-12-25 00:07:08+00:00,0.555
2025-12-25 00:08:08+00:00,0.555
2025-12-25 00:09:09+00:00,0.555
2025-12-25 00:10:10+00:00,0.555
2025-12-25 00:11:09+00:00,0.555
2025-12-25 00:12:08+00:00,0.555
2025-12-25 00:13:09+00:00,0.555
2025-12-25 00:14:08+00:00,0.555
2025-12-25 00:15:09+00:00,0.555
2025-12-25 00:16:08+00:00,0.555
2025-12-25 00:17:08+00:00,0.555
2025-12-25 00:18:10+00:00,0.555
2025-12-25 00:19:09+00:00,0.555
2025-12-25 00:20:09+00:00,0.555
2025-12-25 00:21:11+00:00,0.555
2025-12-25 00:22:09+00:00,0.555
2025-12-25 00:23:08+00:00,0.555
2025-12-25 00:24:08+00:00,0.555
2025-12-25 00:25:12+00:00,0.555
2025-12-25 00:26:09+00:00,0.555
2025-12-25 00:27:08+00:00,0.555
2025-12-25 00:28:08+00:00,0.555
2025-12-25 00:29:09+00:00,0.555
2025-12-25 00:30:12+00:00,0.555
2025-12-25 00:31:08+00:00,0.555
2025-12-25 00:32:08+00:00,0.555
2025-12-25 00:33:08+00:00,0.555
2025-12-25 00:34:08+00:00,0.555
2025-12-25 00:35:09+00:00,0.555
2025-12-25 00:36:09+00:00,0.555
2025-12-25 00:37:08+00:00,0.555
2025-12-25 00:38:08+00:00,0.555
2025-12-25 00:39:08+00:00,0.555
2025-12-25 00:40:09+00:00,0.555
2025-12-25 00:41:08+00:00,0.555
2025-12-25 00:42:08+00:00,0.555
2025-12-25 00:43:09+00:00,0.555
2025-12-25 00:44:08+00:00,0.555
2025-12-25 00:45:09+00:00,0.555
2025-12-25 00:46:08+00:00,0.555
2025-12-25 00:47:13+00:00,0.555
2025-12-25 00:48:09+00:00,0.555
2025-12-25 00:49:08+00:00,0.555
2025-12-25 00:50:11+00:00,0.555
2025-12-25 00:51:08+00:00,0.555
2025-12-25 00:52:09+00:00,0.555
2025-12-25 00:53:09+00:00,0.555
2025-12-25 00:54:09+00:00,0.555
2025-12-25 00:55:15+00:00,0.555
2025-12-25 00:56:24+00:00,0.555
2025-12-25 00:57:09+00:00,0.555
2025-12-25 00:58:08+00:00,0.555
2025-12-25 00:59:08+00:00,0.555
2025-12-25 01:00:12+00:00,0.555
2025-12-25 01:01:18+00:00,0.555
2025-12-25 01:02:09+00:00,0.555
2025-12-25 01:03:08+00:00,0.555
2025-12-25 01:04:09+00:00,0.555
2025-12-25 01:05:09+00:00,0.555
2025-12-25 01:06:08+00:00,0.555
2025-12-25 01:07:08+00:00,0.555
2025-12-25 01:08:09+00:00,0.555
2025-12-25 01:09:09+00:00,0.555
2025-12-25 01:10:10+00:00,0.555
2025-12-25 01:11:08+00:00,0.555
2025-12-25 01:12:09+00:00,0.555
2025-12-25 01:13:08+00:00,0.555
2025-12-25 01:14:09+00:00,0.555
2025-12-25 01:15:09+00:00,0.555
2025-12-25 01:16:09+00:00,0.555
2025-12-25 01:17:09+00:00,0.555
2025-12-25 01:18:09+00:00,0.555
2025-12-25 01:19:08+00:00,0.555
2025-12-25 01:20:10+00:00,0.555
2025-12-25 01:21:14+00:00,0.555
2025-12-25 01:22:08+00:00,0.555
2025-12-25 01:23:08+00:00,0.555
2025-12-25 01:24:08+00:00,0.555
2025-12-25 01:25:12+00:00,0.555
2025-12-25 01:26:09+00:00,0.555
2025-12-25 01:27:08+00:00,0.555
2025-12-25 01:28:09+00:00,0.555
2025-12-25 01:29:09+00:00,0.555
2025-12-25 01:30:13+00:00,0.555
2025-12-25 01:31:09+00:00,0.555
2025-12-25 01:32:09+00:00,0.555
2025-12-25 01:33:09+00:00,0.555
2025-12-25 01:34:08+00:00,0.555
2025-12-25 01:35:23+00:00,0.555
2025-12-25 01:36:16+00:00,0.555
2025-12-25 01:37:09+00:00,0.555
2025-12-25 01:38:08+00:00,0.555
2025-12-25 01:39:09+00:00,0.555
2025-12-25 01:40:12+00:00,0.555
2025-12-25 01:41:08+00:00,0.555
2025-12-25 01:42:09+00:00,0.555
2025-12-25 01:43:09+00:00,0.555
2025-12-25 01:44:08+00:00,0.555
2025-12-25 01:45:09+00:00,0.555
2025-12-25 01:46:08+00:00,0.555
2025-12-25 01:47:08+00:00,0.555
2025-12-25 01:48:09+00:00,0.555
2025-12-25 01:49:08+00:00,0.555
2025-12-25 01:50:10+00:00,0.555
2025-12-25 01:51:08+00:00,0.555
2025-12-25 01:52:08+00:00,0.555
2025-12-25 01:53:09+00:00,0.555
2025-12-25 01:54:08+00:00,0.555
2025-12-25 01:55:09+00:00,0.555
2025-12-25 01:56:09+00:00,0.555
2025-12-25 01:57:09+00:00,0.555
2025-12-25 01:58:22+00:00,0.555
2025-12-25 01:59:08+00:00,0.555
2025-12-25 02:00:13+00:00,0.555
2025-12-25 02:01:08+00:00,0.555
2025-12-25 02:02:17+00:00,0.555
2025-12-25 02:03:09+00:00,0.555
2025-12-25 02:04:08+00:00,0.555
2025-12-25 02:05:12+00:00,0.555
2025-12-25 02:06:08+00:00,0.555
2025-12-25 02:07:08+00:00,0.555
2025-12-25 02:08:08+00:00,0.555
2025-12-25 02:09:08+00:00,0.555
2025-12-25 02:10:10+00:00,0.555
2025-12-25 02:11:09+00:00,0.555
2025-12-25 02:12:08+00:00,0.555
2025-12-25 02:13:09+00:00,0.555
2025-12-25 02:14:08+00:00,0.555
2025-12-25 02:15:09+00:00,0.555
2025-12-25 02:16:08+00:00,0.555
2025-12-25 02:17:08+00:00,0.555
2025-12-25 02:18:09+00:00,0.555
2025-12-25 02:19:08+00:00,0.555
2025-12-25 02:20:10+00:00,0.555
2025-12-25 02:21:09+00:00,0.555
2025-12-25 02:22:08+00:00,0.555
2025-12-25 02:23:08+00:00,0.555
2025-12-25 02:24:09+00:00,0.555
2025-12-25 02:25:10+00:00,0.555
2025-12-25 02:26:08+00:00,0.555
2025-12-25 02:27:08+00:00,0.555
2025-12-25 02:28:17+00:00,0.555
2025-12-25 02:29:08+00:00,0.555
2025-12-25 02:30:15+00:00,0.555
2025-12-25 02:31:09+00:00,0.555
2025-12-25 02:32:09+00:00,0.555
2025-12-25 02:33:09+00:00,0.555
2025-12-25 02:34:08+00:00,0.555
2025-12-25 02:35:09+00:00,0.555
2025-12-25 02:36:08+00:00,0.555
2025-12-25 02:37:08+00:00,0.555
2025-12-25 02:38:09+00:00,0.555
2025-12-25 02:39:08+00:00,0.555
2025-12-25 02:40:10+00:00,0.555
2025-12-25 02:41:08+00:00,0.555
2025-12-25 02:42:09+00:00,0.555
2025-12-25 02:43:08+00:00,0.555
2025-12-25 02:44:10+00:00,0.555
2025-12-25 02:45:10+00:00,0.555
2025-12-25 02:46:09+00:00,0.555
2025-12-25 02:47:09+00:00,0.555
2025-12-25 02:48:09+00:00,0.555
2025-12-25 02:49:08+00:00,0.555
2025-12-25 02:50:09+00:00,0.555
2025-12-25 02:51:09+00:00,0.555
2025-12-25 02:52:09+00:00,0.555
2025-12-25 02:53:20+00:00,0.555
2025-12-25 02:54:17+00:00,0.555
2025-12-25 02:55:11+00:00,0.555
2025-12-25 02:56:08+00:00,0.555
2025-12-25 02:57:08+00:00,0.555
2025-12-25 02:58:17+00:00,0.555
2025-12-25 02:59:08+00:00,0.555
2025-12-25 03:00:17+00:00,0.555
2025-12-25 03:01:09+00:00,0.555
2025-12-25 03:02:09+00:00,0.555
2025-12-25 03:03:09+00:00,0.555
2025-12-25 03:04:09+00:00,0.555
2025-12-25 03:05:09+00:00,0.555
2025-12-25 03:06:09+00:00,0.555
2025-12-25 03:07:09+00:00,0.555
2025-12-25 03:08:08+00:00,0.555
2025-12-25 03:09:09+00:00,0.555
2025-12-25 03:10:10+00:00,0.555
2025-12-25 03:11:08+00:00,0.555
2025-12-25 03:12:09+00:00,0.555
2025-12-25 03:13:08+00:00,0.555
2025-12-25 03:14:08+00:00,0.555
2025-12-25 03:15:09+00:00,0.555
2025-12-25 03:16:08+00:00,0.555
2025-12-25 03:17:09+00:00,0.555
2025-12-25 03:18:09+00:00,0.555
2025-12-25 03:19:09+00:00,0.555
2025-12-25 03:20:10+00:00,0.555
2025-12-25 03:21:09+00:00,0.555
2025-12-25 03:22:08+00:00,0.555
2025-12-25 03:23:09+00:00,0.555
2025-12-25 03:24:18+00:00,0.555
2025-12-25 03:25:11+00:00,0.555
2025-12-25 03:26:08+00:00,0.555
2025-12-25 03:27:08+00:00,0.555
2025-12-25 03:28:09+00:00,0.555
2025-12-25 03:29:08+00:00,0.555
2025-12-25 03:30:24+00:00,0.555
2025-12-25 03:31:08+00:00,0.555
2025-12-25 03:32:09+00:00,0.555
2025-12-25 03:33:08+00:00,0.555
2025-12-25 03:34:09+00:00,0.555
2025-12-25 03:35:09+00:00,0.555
2025-12-25 03:36:09+00:00,0.555
2025-12-25 03:37:08+00:00,0.555
2025-12-25 03:38:09+00:00,0.555
2025-12-25 03:39:09+00:00,0.555
2025-12-25 03:40:09+00:00,0.555
2025-12-25 03:41:22+00:00,0.555
2025-12-25 03:42:09+00:00,0.555
2025-12-25 03:43:08+00:00,0.555
2025-12-25 03:44:08+00:00,0.555
2025-12-25 03:45:09+00:00,0.555
2025-12-25 03:46:09+00:00,0.555
2025-12-25 03:47:08+00:00,0.555
2025-12-25 03:48:09+00:00,0.555
2025-12-25 03:49:09+00:00,0.555
2025-12-25 03:50:09+00:00,0.555
2025-12-25 03:51:09+00:00,0.555
2025-12-25 03:52:09+00:00,0.555
2025-12-25 03:53:09+00:00,0.555
2025-12-25 03:54:09+00:00,0.555
2025-12-25 03:55:09+00:00,0.555
2025-12-25 03:56:19+00:00,0.555
2025-12-25 03:57:08+00:00,0.555
2025-12-25 03:58:08+00:00,0.555
2025-12-25 03:59:08+00:00,0.555
2025-12-25 04:00:14+00:00,0.555
2025-12-25 04:01:09+00:00,0.555
2025-12-25 04:02:10+00:00,0.555
2025-12-25 04:03:09+00:00,0.555
2025-12-25 04:04:08+00:00,0.555
2025-12-25 04:05:09+00:00,0.555
2025-12-25 04:06:09+00:00,0.555
2025-12-25 04:07:08+00:00,0.555
2025-12-25 04:08:08+00:00,0.555
2025-12-25 04:09:08+00:00,0.555
2025-12-25 04:10:09+00:00,0.555
2025-12-25 04:11:09+00:00,0.555
2025-12-25 04:12:19+00:00,0.555
2025-12-25 04:13:09+00:00,0.555
2025-12-25 04:14:09+00:00,0.555
2025-12-25 04:15:11+00:00,0.555
2025-12-25 04:16:09+00:00,0.555
2025-12-25 04:17:08+00:00,0.555
2025-12-25 04:18:09+00:00,0.555
2025-12-25 04:19:08+00:00,0.555
2025-12-25 04:20:09+00:00,0.555
2025-12-25 04:21:09+00:00,0.555
2025-12-25 04:22:09+00:00,0.555
2025-12-25 04:23:08+00:00,0.555
2025-12-25 04:24:09+00:00,0.555
2025-12-25 04:25:09+00:00,0.555
2025-12-25 04:26:08+00:00,0.555
2025-12-25 04:27:09+00:00,0.555
2025-12-25 04:28:09+00:00,0.555
2025-12-25 04:29:09+00:00,0.555
2025-12-25 04:30:12+00:00,0.555
2025-12-25 04:31:09+00:00,0.555
2025-12-25 04:32:08+00:00,0.555
2025-12-25 04:33:09+00:00,0.555
2025-12-25 04:34:09+00:00,0.555
2025-12-25 04:35:10+00:00,0.555
2025-12-25 04:36:09+00:00,0.555
2025-12-25 04:37:09+00:00,0.555
2025-12-25 04:38:20+00:00,0.555
2025-12-25 04:39:09+00:00,0.555
2025-12-25 04:40:11+00:00,0.555
2025-12-25 04:41:08+00:00,0.555
2025-12-25 04:42:08+00:00,0.555
2025-12-25 04:43:08+00:00,0.555
2025-12-25 04:44:08+00:00,0.555
2025-12-25 04:45:09+00:00,0.555
2025-12-25 04:46:09+00:00,0.555
2025-12-25 04:47:09+00:00,0.555
2025-12-25 04:48:08+00:00,0.555
2025-12-25 04:49:09+00:00,0.555
2025-12-25 04:50:11+00:00,0.555
2025-12-25 04:51:08+00:00,0.555
2025-12-25 04:52:09+00:00,0.555
2025-12-25 04:53:08+00:00,0.555
2025-12-25 04:54:09+00:00,0.555
2025-12-25 04:55:09+00:00,0.555
2025-12-25 04:56:08+00:00,0.555
2025-12-25 04:57:09+00:00,0.555
2025-12-25 04:58:09+00:00,0.555
2025-12-25 04:59:09+00:00,0.555
2025-12-25 05:00:13+00:00,0.555
2025-12-25 05:01:08+00:00,0.555
2025-12-25 05:02:23+00:00,0.555
2025-12-25 05:03:09+00:00,0.555
2025-12-25 05:04:18+00:00,0.555
2025-12-25 05:05:12+00:00,0.555
2025-12-25 05:06:09+00:00,0.555
2025-12-25 05:07:09+00:00,0.555
2025-12-25 05:08:08+00:00,0.555
2025-12-25 05:09:09+00:00,0.555
2025-12-25 05:10:11+00:00,0.555
2025-12-25 05:11:09+00:00,0.555
2025-12-25 05:12:09+00:00,0.555
2025-12-25 05:13:08+00:00,0.555
2025-12-25 05:14:08+00:00,0.555
2025-12-25 05:15:09+00:00,0.555
2025-12-25 05:16:09+00:00,0.555
2025-12-25 05:17:09+00:00,0.555
2025-12-25 05:18:09+00:00,0.555
2025-12-25 05:19:08+00:00,0.555
2025-12-25 05:20:09+00:00,0.555
2025-12-25 05:21:08+00:00,0.555
2025-12-25 05:22:09+00:00,0.555
2025-12-25 05:23:09+00:00,0.555
2025-12-25 05:24:08+00:00,0.555
2025-12-25 05:25:09+00:00,0.555
2025-12-25 05:26:09+00:00,0.555
2025-12-25 05:27:09+00:00,0.555
2025-12-25 05:28:09+00:00,0.555
2025-12-25 05:29:09+00:00,0.555
2025-12-25 05:30:23+00:00,0.555
2025-12-25 05:31:08+00:00,0.555
2025-12-25 05:32:09+00:00,0.555
2025-12-25 05:33:09+00:00,0.555
2025-12-25 05:34:09+00:00,0.555
2025-12-25 05:35:10+00:00,0.555
2025-12-25 05:36:09+00:00,0.555
2025-12-25 05:37:09+00:00,0.555
2025-12-25 05:38:09+00:00,0.555
2025-12-25 05:39:09+00:00,0.555
2025-12-25 05:40:10+00:00,0.555
2025-12-25 05:41:08+00:00,0.555
2025-12-25 05:42:09+00:00,0.555
2025-12-25 05:43:24+00:00,0.555
2025-12-25 05:44:08+00:00,0.555
2025-12-25 05:45:10+00:00,0.555
2025-12-25 05:46:09+00:00,0.555
2025-12-25 05:47:08+00:00,0.555
2025-12-25 05:48:09+00:00,0.555
2025-12-25 05:49:09+00:00,0.555
2025-12-25 05:50:09+00:00,0.555
2025-12-25 05:51:09+00:00,0.555
2025-12-25 05:52:08+00:00,0.555
2025-12-25 05:53:09+00:00,0.555
2025-12-25 05:54:10+00:00,0.555
2025-12-25 05:55:09+00:00,0.555
2025-12-25 05:56:18+00:00,0.555
2025-12-25 05:57:09+00:00,0.555
2025-12-25 05:58:09+00:00,0.555
2025-12-25 05:59:09+00:00,0.555
2025-12-25 06:00:16+00:00,0.555
2025-12-25 06:01:09+00:00,0.555
2025-12-25 06:02:09+00:00,0.555
2025-12-25 06:03:09+00:00,0.555
2025-12-25 06:04:09+00:00,0.555
2025-12-25 06:05:09+00:00,0.555
2025-12-25 06:06:08+00:00,0.555
2025-12-25 06:07:09+00:00,0.555
2025-12-25 06:08:09+00:00,0.555
2025-12-25 06:09:09+00:00,0.555
2025-12-25 06:10:09+00:00,0.555
2025-12-25 06:11:09+00:00,0.555
2025-12-25 06:12:08+00:00,0.555
2025-12-25 06:13:08+00:00,0.555
2025-12-25 06:14:09+00:00,0.555
2025-12-25 06:15:10+00:00,0.555
2025-12-25 06:16:08+00:00,0.555
2025-12-25 06:17:09+00:00,0.555
2025-12-25 06:18:09+00:00,0.555
2025-12-25 06:19:08+00:00,0.555
2025-12-25 06:20:10+00:00,0.555
2025-12-25 06:21:09+00:00,0.555
2025-12-25 06:22:19+00:00,0.555
2025-12-25 06:23:09+00:00,0.555
2025-12-25 06:24:09+00:00,0.555
2025-12-25 06:25:12+00:00,0.555
2025-12-25 06:26:09+00:00,0.555
2025-12-25 06:27:09+00:00,0.555
2025-12-25 06:28:19+00:00,0.555
2025-12-25 06:29:08+00:00,0.555
2025-12-25 06:30:15+00:00,0.555
2025-12-25 06:31:08+00:00,0.555
2025-12-25 06:32:08+00:00,0.555
2025-12-25 06:33:09+00:00,0.555
2025-12-25 06:34:08+00:00,0.555
2025-12-25 06:35:22+00:00,0.555
2025-12-25 06:36:09+00:00,0.555
2025-12-25 06:37:09+00:00,0.555
2025-12-25 06:38:08+00:00,0.555
2025-12-25 06:39:08+00:00,0.555
2025-12-25 06:40:10+00:00,0.555
2025-12-25 06:41:09+00:00,0.555
2025-12-25 06:42:09+00:00,0.555
2025-12-25 06:43:08+00:00,0.555
2025-12-25 06:44:09+00:00,0.555
2025-12-25 06:45:10+00:00,0.555
2025-12-25 06:46:09+00:00,0.555
2025-12-25 06:47:09+00:00,0.555
2025-12-25 06:48:09+00:00,0.555
2025-12-25 06:49:09+00:00,0.555
2025-12-25 06:50:10+00:00,0.555
2025-12-25 06:51:09+00:00,0.555
2025-12-25 06:52:08+00:00,0.555
2025-12-25 06:53:09+00:00,0.555
2025-12-25 06:54:09+00:00,0.555
2025-12-25 06:55:09+00:00,0.555
2025-12-25 06:56:09+00:00,0.555
2025-12-25 06:57:09+00:00,0.555
2025-12-25 06:58:09+00:00,0.555
2025-12-25 06:59:09+00:00,0.555
2025-12-25 07:00:13+00:00,0.555
2025-12-25 07:01:20+00:00,0.555
2025-12-25 07:02:09+00:00,0.555
2025-12-25 07:03:09+00:00,0.555
2025-12-25 07:04:21+00:00,0.555
2025-12-25 07:05:12+00:00,0.555
2025-12-25 07:06:09+00:00,0.555
2025-12-25 07:07:09+00:00,0.555
2025-12-25 07:08:09+00:00,0.555
2025-12-25 07:09:08+00:00,0.555
2025-12-25 07:10:23+00:00,0.555
2025-12-25 07:11:09+00:00,0.555
2025-12-25 07:12:09+00:00,0.555
2025-12-25 07:13:08+00:00,0.555
2025-12-25 07:14:09+00:00,0.555
2025-12-25 07:15:10+00:00,0.555
2025-12-25 07:16:13+00:00,0.555
2025-12-25 07:17:09+00:00,0.555
2025-12-25 07:18:09+00:00,0.555
2025-12-25 07:19:08+00:00,0.555
2025-12-25 07:20:10+00:00,0.555
2025-12-25 07:21:08+00:00,0.555
2025-12-25 07:22:09+00:00,0.555
2025-12-25 07:23:08+00:00,0.555
2025-12-25 07:24:09+00:00,0.555
2025-12-25 07:25:09+00:00,0.555
2025-12-25 07:26:09+00:00,0.555
2025-12-25 07:27:08+00:00,0.555
2025-12-25 07:28:09+00:00,0.555
2025-12-25 07:29:09+00:00,0.555
2025-12-25 07:30:24+00:00,0.555
2025-12-25 07:31:09+00:00,0.555
2025-12-25 07:32:09+00:00,0.555
2025-12-25 07:33:19+00:00,0.555
2025-12-25 07:34:09+00:00,0.555
2025-12-25 07:35:12+00:00,0.555
2025-12-25 07:36:10+00:00,0.555
2025-12-25 07:37:09+00:00,0.555
2025-12-25 07:38:08+00:00,0.555
2025-12-25 07:39:09+00:00,0.555
2025-12-25 07:40:10+00:00,0.555
2025-12-25 07:41:09+00:00,0.555
2025-12-25 07:42:09+00:00,0.555
2025-12-25 07:43:09+00:00,0.555
2025-12-25 07:44:09+00:00,0.555
2025-12-25 07:45:09+00:00,0.555
2025-12-25 07:46:09+00:00,0.555
2025-12-25 07:47:09+00:00,0.555
2025-12-25 07:48:08+00:00,0.555
2025-12-25 07:49:21+00:00,0.555
2025-12-25 07:50:10+00:00,0.555
2025-12-25 07:51:09+00:00,0.555
2025-12-25 07:52:09+00:00,0.555
2025-12-25 07:53:09+00:00,0.555
2025-12-25 07:54:08+00:00,0.555
2025-12-25 07:55:09+00:00,0.555
2025-12-25 07:56:08+00:00,0.555
2025-12-25 07:57:08+00:00,0.555
2025-12-25 07:58:09+00:00,0.555
2025-12-25 07:59:17+00:00,0.555
2025-12-25 08:00:15+00:00,0.555
2025-12-25 08:01:09+00:00,0.555
2025-12-25 08:02:09+00:00,0.555
2025-12-25 08:03:09+00:00,0.555
2025-12-25 08:04:09+00:00,0.555
2025-12-25 08:05:10+00:00,0.555
2025-12-25 08:06:09+00:00,0.555
2025-12-25 08:07:09+00:00,0.555
2025-12-25 08:08:09+00:00,0.555
2025-12-25 08:09:09+00:00,0.555
2025-12-25 08:10:10+00:00,0.555
2025-12-25 08:11:09+00:00,0.555
2025-12-25 08:12:09+00:00,0.555
2025-12-25 08:13:09+00:00,0.555
2025-12-25 08:14:25+00:00,0.555
2025-12-25 08:15:09+00:00,0.555
2025-12-25 08:16:09+00:00,0.555
2025-12-25 08:17:09+00:00,0.555
2025-12-25 08:18:09+00:00,0.555
2025-12-25 08:19:09+00:00,0.555
2025-12-25 08:20:09+00:00,0.555
2025-12-25 08:21:08+00:00,0.555
2025-12-25 08:22:09+00:00,0.555
2025-12-25 08:23:08+00:00,0.555
2025-12-25 08:24:09+00:00,0.555
2025-12-25 08:25:21+00:00,0.555
2025-12-25 08:26:09+00:00,0.555
2025-12-25 08:27:09+00:00,0.555
2025-12-25 08:28:09+00:00,0.555
2025-12-25 08:29:09+00:00,0.555
2025-12-25 08:30:13+00:00,0.555
2025-12-25 08:31:09+00:00,0.555
2025-12-25 08:32:09+00:00,0.555
2025-12-25 08:33:09+00:00,0.555
2025-12-25 08:34:08+00:00,0.555
2025-12-25 08:35:09+00:00,0.555
2025-12-25 08:36:09+00:00,0.555
2025-12-25 08:37:08+00:00,0.555
2025-12-25 08:38:08+00:00,0.555
2025-12-25 08:39:08+00:00,0.555
2025-12-25 08:40:09+00:00,0.555
2025-12-25 08:41:09+00:00,0.555
2025-12-25 08:42:09+00:00,0.555
2025-12-25 08:43:19+00:00,0.555
2025-12-25 08:44:09+00:00,0.555
2025-12-25 08:45:13+00:00,0.555
2025-12-25 08:46:09+00:00,0.555
2025-12-25 08:47:08+00:00,0.555
2025-12-25 08:48:09+00:00,0.555
2025-12-25 08:49:09+00:00,0.555
2025-12-25 08:50:10+00:00,0.555
2025-12-25 08:51:09+00:00,0.555
2025-12-25 08:52:09+00:00,0.555
2025-12-25 08:53:09+00:00,0.555
2025-12-25 08:54:08+00:00,0.555
2025-12-25 08:55:09+00:00,0.545
2025-12-25 08:56:09+00:00,0.535
2025-12-25 08:57:08+00:00,0.525
2025-12-25 08:58:08+00:00,0.525
2025-12-25 08:59:09+00:00,0.525
2025-12-25 09:00:15+00:00,0.525
2025-12-25 09:01:09+00:00,0.525
2025-12-25 09:02:09+00:00,0.525
2025-12-25 09:03:09+00:00,0.525
2025-12-25 09:04:08+00:00,0.525
2025-12-25 09:05:09+00:00,0.525
2025-12-25 09:06:09+00:00,0.525
2025-12-25 09:07:08+00:00,0.525
2025-12-25 09:08:09+00:00,0.525
2025-12-25 09:09:20+00:00,0.525
2025-12-25 09:10:12+00:00,0.525
2025-12-25 09:11:09+00:00,0.525
2025-12-25 09:12:08+00:00,0.525
2025-12-25 09:13:08+00:00,0.525
2025-12-25 09:14:09+00:00,0.525
2025-12-25 09:15:09+00:00,0.525
2025-12-25 09:16:08+00:00,0.525
2025-12-25 09:17:08+00:00,0.525
2025-12-25 09:18:09+00:00,0.525
2025-12-25 09:19:09+00:00,0.525
2025-12-25 09:20:09+00:00,0.525
2025-12-25 09:21:09+00:00,0.525
2025-12-25 09:22:09+00:00,0.525
2025-12-25 09:23:09+00:00,0.525
2025-12-25 09:24:09+00:00,0.525
2025-12-25 09:25:21+00:00,0.525
2025-12-25 09:26:10+00:00,0.525
2025-12-25 09:27:09+00:00,0.525
2025-12-25 09:28:09+00:00,0.525
2025-12-25 09:29:09+00:00,0.525
2025-12-25 09:30:13+00:00,0.525
2025-12-25 09:31:09+00:00,0.525
2025-12-25 09:32:09+00:00,0.525
2025-12-25 09:33:08+00:00,0.525
2025-12-25 09:34:20+00:00,0.525
2025-12-25 09:35:23+00:00,0.525
2025-12-25 09:36:09+00:00,0.525
2025-12-25 09:37:09+00:00,0.525
2025-12-25 09:38:09+00:00,0.525
2025-12-25 09:39:09+00:00,0.525
2025-12-25 09:40:10+00:00,0.525
2025-12-25 09:41:09+00:00,0.525
2025-12-25 09:42:13+00:00,0.525
2025-12-25 09:43:08+00:00,0.525
2025-12-25 09:44:18+00:00,0.525
2025-12-25 09:45:12+00:00,0.525
2025-12-25 09:46:08+00:00,0.525
2025-12-25 09:47:08+00:00,0.525
2025-12-25 09:48:09+00:00,0.525
2025-12-25 09:49:09+00:00,0.525
2025-12-25 09:50:10+00:00,0.525
2025-12-25 09:51:09+00:00,0.525
2025-12-25 09:52:09+00:00,0.525
2025-12-25 09:53:08+00:00,0.525
2025-12-25 09:54:09+00:00,0.525
2025-12-25 09:55:10+00:00,0.525
2025-12-25 09:56:08+00:00,0.525
2025-12-25 09:57:09+00:00,0.525
2025-12-25 09:58:09+00:00,0.525
2025-12-25 09:59:09+00:00,0.525
2025-12-25 10:00:13+00:00,0.525
2025-12-25 10:01:09+00:00,0.525
2025-12-25 10:02:10+00:00,0.53
2025-12-25 10:03:09+00:00,0.53
2025-12-25 10:04:09+00:00,0.535
2025-12-25 10:05:10+00:00,0.535
2025-12-25 10:06:10+00:00,0.535
2025-12-25 10:07:09+00:00,0.535
2025-12-25 10:08:09+00:00,0.535
2025-12-25 10:09:09+00:00,0.535
2025-12-25 10:10:20+00:00,0.535
2025-12-25 10:11:09+00:00,0.535
2025-12-25 10:12:09+00:00,0.535
2025-12-25 10:13:08+00:00,0.535
2025-12-25 10:14:09+00:00,0.535
2025-12-25 10:15:09+00:00,0.535
2025-12-25 10:16:09+00:00,0.535
2025-12-25 10:17:09+00:00,0.535
2025-12-25 10:18:09+00:00,0.535
2025-12-25 10:19:09+00:00,0.535
2025-12-25 10:20:09+00:00,0.535
2025-12-25 10:21:09+00:00,0.535
2025-12-25 10:22:08+00:00,0.535
2025-12-25 10:23:09+00:00,0.535
2025-12-25 10:24:09+00:00,0.525
2025-12-25 10:25:10+00:00,0.525
2025-12-25 10:26:09+00:00,0.525
2025-12-25 10:27:09+00:00,0.525
2025-12-25 10:28:09+00:00,0.525
2025-12-25 10:29:08+00:00,0.535
2025-12-25 10:30:12+00:00,0.535
2025-12-25 10:31:09+00:00,0.535
2025-12-25 10:32:09+00:00,0.535
2025-12-25 10:33:09+00:00,0.535
2025-12-25 10:34:09+00:00,0.535
2025-12-25 10:35:10+00:00,0.535
2025-12-25 10:36:18+00:00,0.535
2025-12-25 10:37:08+00:00,0.535
2025-12-25 10:38:08+00:00,0.535
2025-12-25 10:39:09+00:00,0.535
2025-12-25 10:40:12+00:00,0.535
2025-12-25 10:41:08+00:00,0.535
2025-12-25 10:42:09+00:00,0.535
2025-12-25 10:43:08+00:00,0.535
2025-12-25 10:44:08+00:00,0.535
2025-12-25 10:45:09+00:00,0.535
2025-12-25 10:46:09+00:00,0.535
2025-12-25 10:47:09+00:00,0.535
2025-12-25 10:48:09+00:00,0.535
2025-12-25 10:49:08+00:00,0.535
2025-12-25 10:50:10+00:00,0.535
2025-12-25 10:51:08+00:00,0.535
2025-12-25 10:52:09+00:00,0.535
2025-12-25 10:53:09+00:00,0.535
2025-12-25 10:54:09+00:00,0.535
2025-12-25 10:55:09+00:00,0.535
2025-12-25 10:56:09+00:00,0.54
2025-12-25 10:57:09+00:00,0.545
2025-12-25 10:58:08+00:00,0.545
2025-12-25 10:59:08+00:00,0.545
2025-12-25 11:00:13+00:00,0.545
2025-12-25 11:01:09+00:00,0.545
2025-12-25 11:02:19+00:00,0.545
2025-12-25 11:03:09+00:00,0.545
2025-12-25 11:04:09+00:00,0.545
2025-12-25 11:05:12+00:00,0.545
2025-12-25 11:06:08+00:00,0.545
2025-12-25 11:07:14+00:00,0.545
2025-12-25 11:08:13+00:00,0.545
2025-12-25 11:09:09+00:00,0.545
2025-12-25 11:10:12+00:00,0.545
2025-12-25 11:11:09+00:00,0.545
2025-12-25 11:12:09+00:00,0.545
2025-12-25 11:13:09+00:00,0.545
2025-12-25 11:14:08+00:00,0.545
2025-12-25 11:15:10+00:00,0.545
2025-12-25 11:16:09+00:00,0.545
2025-12-25 11:17:09+00:00,0.545
2025-12-25 11:18:09+00:00,0.545
2025-12-25 11:19:10+00:00,0.545
2025-12-25 11:20:25+00:00,0.545
2025-12-25 11:21:09+00:00,0.545
2025-12-25 11:22:09+00:00,0.545
2025-12-25 11:23:08+00:00,0.545
2025-12-25 11:24:08+00:00,0.545
2025-12-25 11:25:10+00:00,0.545
2025-12-25 11:26:09+00:00,0.545
2025-12-25 11:27:09+00:00,0.545
2025-12-25 11:28:09+00:00,0.545
2025-12-25 11:29:09+00:00,0.545
2025-12-25 11:30:13+00:00,0.545
2025-12-25 11:31:09+00:00,0.545
2025-12-25 11:32:09+00:00,0.545
2025-12-25 11:33:14+00:00,0.545
2025-12-25 11:34:14+00:00,0.545
2025-12-25 11:35:12+00:00,0.545
2025-12-25 11:36:09+00:00,0.545
2025-12-25 11:37:23+00:00,0.545
2025-12-25 11:38:09+00:00,0.545
2025-12-25 11:39:09+00:00,0.545
2025-12-25 11:40:10+00:00,0.545
2025-12-25 11:41:09+00:00,0.545
2025-12-25 11:42:21+00:00,0.545
2025-12-25 11:43:09+00:00,0.545
2025-12-25 11:44:09+00:00,0.545
2025-12-25 11:45:13+00:00,0.545
2025-12-25 11:46:09+00:00,0.545
2025-12-25 11:47:08+00:00,0.545
2025-12-25 11:48:09+00:00,0.545
2025-12-25 11:49:09+00:00,0.545
2025-12-25 11:50:10+00:00,0.545
2025-12-25 11:51:09+00:00,0.545
2025-12-25 11:52:21+00:00,0.545
2025-12-25 11:53:09+00:00,0.545
2025-12-25 11:54:09+00:00,0.545
2025-12-25 11:55:10+00:00,0.545
2025-12-25 11:56:09+00:00,0.545
2025-12-25 11:57:09+00:00,0.545
2025-12-25 11:58:09+00:00,0.545
2025-12-25 11:59:08+00:00,0.545
2025-12-25 12:00:18+00:00,0.545
2025-12-25 12:01:09+00:00,0.545
2025-12-25 12:02:09+00:00,0.545
2025-12-25 12:03:09+00:00,0.54
2025-12-25 12:04:09+00:00,0.545
2025-12-25 12:05:10+00:00,0.545
2025-12-25 12:06:09+00:00,0.535
2025-12-25 12:07:08+00:00,0.535
2025-12-25 12:08:32+00:00,0.535
2025-12-25 12:09:24+00:00,0.535
2025-12-25 12:10:13+00:00,0.535
2025-12-25 12:11:09+00:00,0.535
2025-12-25 12:12:09+00:00,0.535
2025-12-25 12:13:09+00:00,0.535
2025-12-25 12:14:09+00:00,0.535
2025-12-25 12:15:10+00:00,0.535
2025-12-25 12:16:09+00:00,0.535
2025-12-25 12:17:09+00:00,0.535
2025-12-25 12:18:09+00:00,0.535
2025-12-25 12:19:09+00:00,0.535
2025-12-25 12:20:14+00:00,0.535
2025-12-25 12:21:08+00:00,0.535
2025-12-25 12:22:08+00:00,0.535
2025-12-25 12:23:09+00:00,0.53
2025-12-25 12:24:09+00:00,0.53
2025-12-25 12:25:10+00:00,0.53
2025-12-25 12:26:09+00:00,0.53
2025-12-25 12:27:09+00:00,0.53
2025-12-25 12:28:10+00:00,0.53
2025-12-25 12:29:09+00:00,0.53
2025-12-25 12:30:12+00:00,0.535
2025-12-25 12:31:09+00:00,0.535
2025-12-25 12:32:09+00:00,0.53
2025-12-25 12:33:10+00:00,0.535
2025-12-25 12:34:17+00:00,0.525
2025-12-25 12:35:12+00:00,0.525
2025-12-25 12:36:09+00:00,0.53
2025-12-25 12:37:08+00:00,0.525
2025-12-25 12:38:18+00:00,0.525
2025-12-25 12:39:08+00:00,0.525
2025-12-25 12:40:11+00:00,0.525
2025-12-25 12:41:09+00:00,0.535
2025-12-25 12:42:10+00:00,0.535
2025-12-25 12:43:09+00:00,0.535
2025-12-25 12:44:09+00:00,0.535
2025-12-25 12:45:10+00:00,0.535
2025-12-25 12:46:09+00:00,0.535
2025-12-25 12:47:08+00:00,0.535
2025-12-25 12:48:09+00:00,0.535
2025-12-25 12:49:09+00:00,0.535
2025-12-25 12:50:10+00:00,0.535
2025-12-25 12:51:09+00:00,0.535
2025-12-25 12:52:08+00:00,0.535
2025-12-25 12:53:09+00:00,0.535
2025-12-25 12:54:09+00:00,0.535
2025-12-25 12:55:24+00:00,0.535
2025-12-25 12:56:09+00:00,0.535
2025-12-25 12:57:09+00:00,0.535
2025-12-25 12:58:22+00:00,0.535
2025-12-25 12:59:08+00:00,0.535
2025-12-25 13:00:14+00:00,0.535
2025-12-25 13:01:09+00:00,0.535
2025-12-25 13:02:09+00:00,0.535
2025-12-25 13:03:09+00:00,0.535
2025-12-25 13:04:18+00:00,0.535
2025-12-25 13:05:12+00:00,0.535
2025-12-25 13:06:08+00:00,0.535
2025-12-25 13:07:09+00:00,0.535
2025-12-25 13:08:09+00:00,0.535
2025-12-25 13:09:09+00:00,0.535
2025-12-25 13:10:10+00:00,0.535
2025-12-25 13:11:08+00:00,0.535
2025-12-25 13:12:08+00:00,0.535
2025-12-25 13:13:09+00:00,0.545
2025-12-25 13:14:08+00:00,0.545
2025-12-25 13:15:09+00:00,0.545
2025-12-25 13:16:09+00:00,0.545
2025-12-25 13:17:08+00:00,0.545
2025-12-25 13:18:09+00:00,0.545
2025-12-25 13:19:09+00:00,0.545
2025-12-25 13:20:10+00:00,0.545
2025-12-25 13:21:09+00:00,0.545
2025-12-25 13:22:09+00:00,0.545
2025-12-25 13:23:09+00:00,0.545
2025-12-25 13:24:09+00:00,0.545
2025-12-25 13:25:09+00:00,0.545
2025-12-25 13:26:09+00:00,0.545
2025-12-25 13:27:09+00:00,0.545
2025-12-25 13:28:08+00:00,0.545
2025-12-25 13:29:09+00:00,0.545
2025-12-25 13:30:24+00:00,0.545
2025-12-25 13:31:09+00:00,0.545
2025-12-25 13:32:09+00:00,0.545
2025-12-25 13:33:09+00:00,0.545
2025-12-25 13:34:09+00:00,0.545
2025-12-25 13:35:09+00:00,0.545
2025-12-25 13:36:09+00:00,0.545
2025-12-25 13:37:09+00:00,0.545
2025-12-25 13:38:21+00:00,0.545
2025-12-25 13:39:09+00:00,0.545
2025-12-25 13:40:10+00:00,0.545
2025-12-25 13:41:09+00:00,0.545
2025-12-25 13:42:09+00:00,0.545
2025-12-25 13:43:20+00:00,0.545
2025-12-25 13:44:09+00:00,0.545
2025-12-25 13:45:12+00:00,0.545
2025-12-25 13:46:09+00:00,0.545
2025-12-25 13:47:09+00:00,0.545
2025-12-25 13:48:09+00:00,0.545
2025-12-25 13:49:09+00:00,0.545
2025-12-25 13:50:09+00:00,0.545
2025-12-25 13:51:09+00:00,0.545
2025-12-25 13:52:09+00:00,0.545
2025-12-25 13:53:09+00:00,0.545
2025-12-25 13:54:09+00:00,0.545
2025-12-25 13:55:09+00:00,0.545
2025-12-25 13:56:09+00:00,0.545
2025-12-25 13:57:09+00:00,0.545
2025-12-25 13:58:09+00:00,0.545
2025-12-25 13:59:08+00:00,0.545
2025-12-25 14:00:13+00:00,0.545
2025-12-25 14:01:09+00:00,0.545
2025-12-25 14:02:09+00:00,0.545
2025-12-25 14:03:09+00:00,0.545
2025-12-25 14:04:09+00:00,0.545
2025-12-25 14:05:10+00:00,0.545
2025-12-25 14:06:08+00:00,0.545
2025-12-25 14:07:09+00:00,0.545
2025-12-25 14:08:09+00:00,0.545
2025-12-25 14:09:20+00:00,0.545
2025-12-25 14:10:11+00:00,0.545
2025-12-25 14:11:20+00:00,0.545
2025-12-25 14:12:09+00:00,0.545
2025-12-25 14:13:08+00:00,0.545
2025-12-25 14:14:09+00:00,0.545
2025-12-25 14:15:12+00:00,0.545
2025-12-25 14:16:09+00:00,0.545
2025-12-25 14:17:09+00:00,0.545
2025-12-25 14:18:09+00:00,0.545
2025-12-25 14:19:09+00:00,0.545
2025-12-25 14:20:10+00:00,0.545
2025-12-25 14:21:09+00:00,0.545
2025-12-25 14:22:08+00:00,0.545
2025-12-25 14:23:08+00:00,0.545
2025-12-25 14:24:08+00:00,0.545
2025-12-25 14:25:09+00:00,0.545
2025-12-25 14:26:08+00:00,0.545
2025-12-25 14:27:09+00:00,0.545
2025-12-25 14:28:08+00:00,0.545
2025-12-25 14:29:08+00:00,0.545
2025-12-25 14:30:12+00:00,0.545
2025-12-25 14:31:08+00:00,0.545
2025-12-25 14:32:09+00:00,0.545
2025-12-25 14:33:09+00:00,0.545
2025-12-25 14:34:13+00:00,0.545
2025-12-25 14:35:09+00:00,0.545
2025-12-25 14:36:09+00:00,0.545
2025-12-25 14:37:18+00:00,0.545
2025-12-25 14:38:09+00:00,0.545
2025-12-25 14:39:09+00:00,0.545
2025-12-25 14:40:12+00:00,0.545
2025-12-25 14:41:18+00:00,0.545
2025-12-25 14:42:09+00:00,0.545
2025-12-25 14:43:08+00:00,0.535
2025-12-25 14:44:08+00:00,0.535
2025-12-25 14:45:11+00:00,0.535
2025-12-25 14:46:09+00:00,0.535
2025-12-25 14:47:09+00:00,0.535
2025-12-25 14:48:09+00:00,0.535
2025-12-25 14:49:08+00:00,0.535
2025-12-25 14:50:09+00:00,0.535
2025-12-25 14:51:09+00:00,0.535
2025-12-25 14:52:09+00:00,0.535
2025-12-25 14:53:09+00:00,0.535
2025-12-25 14:54:11+00:00,0.535
2025-12-25 14:55:09+00:00,0.535
2025-12-25 14:56:09+00:00,0.535
2025-12-25 14:57:09+00:00,0.535
2025-12-25 14:58:09+00:00,0.535
2025-12-25 14:59:09+00:00,0.535
2025-12-25 15:00:15+00:00,0.535
2025-12-25 15:01:09+00:00,0.535
2025-12-25 15:02:10+00:00,0.535
2025-12-25 15:03:09+00:00,0.535
2025-12-25 15:04:09+00:00,0.535
2025-12-25 15:05:09+00:00,0.535
2025-12-25 15:06:09+00:00,0.535
2025-12-25 15:07:17+00:00,0.535
2025-12-25 15:08:09+00:00,0.535
2025-12-25 15:09:10+00:00,0.535
2025-12-25 15:10:12+00:00,0.535
2025-12-25 15:11:09+00:00,0.535
2025-12-25 15:12:21+00:00,0.535
2025-12-25 15:13:08+00:00,0.535
2025-12-25 15:14:09+00:00,0.535
2025-12-25 15:15:10+00:00,0.535
2025-12-25 15:16:09+00:00,0.535
2025-12-25 15:17:09+00:00,0.535
2025-12-25 15:18:09+00:00,0.535
2025-12-25 15:19:09+00:00,0.535
2025-12-25 15:20:09+00:00,0.535
2025-12-25 15:21:09+00:00,0.535
2025-12-25 15:22:09+00:00,0.535
2025-12-25 15:23:09+00:00,0.535
2025-12-25 15:24:09+00:00,0.535
2025-12-25 15:25:09+00:00,0.535
2025-12-25 15:26:09+00:00,0.535
2025-12-25 15:27:09+00:00,0.535
2025-12-25 15:28:09+00:00,0.535
2025-12-25 15:29:09+00:00,0.535
2025-12-25 15:30:13+00:00,0.535
2025-12-25 15:31:09+00:00,0.535
2025-12-25 15:32:09+00:00,0.535
2025-12-25 15:33:18+00:00,0.535
2025-12-25 15:34:09+00:00,0.535
2025-12-25 15:35:12+00:00,0.535
2025-12-25 15:36:09+00:00,0.535
2025-12-25 15:37:09+00:00,0.535
2025-12-25 15:38:09+00:00,0.535
2025-12-25 15:39:09+00:00,0.535
2025-12-25 15:40:10+00:00,0.535
2025-12-25 15:41:09+00:00,0.535
2025-12-25 15:42:09+00:00,0.535
2025-12-25 15:43:09+00:00,0.535
2025-12-25 15:44:09+00:00,0.535
2025-12-25 15:45:10+00:00,0.535
2025-12-25 15:46:09+00:00,0.535
2025-12-25 15:47:09+00:00,0.535
2025-12-25 15:48:17+00:00,0.535
2025-12-25 15:49:11+00:00,0.535
2025-12-25 15:50:11+00:00,0.535
2025-12-25 15:51:09+00:00,0.535
2025-12-25 15:52:09+00:00,0.535
2025-12-25 15:53:09+00:00,0.535
2025-12-25 15:54:09+00:00,0.535
2025-12-25 15:55:09+00:00,0.535
2025-12-25 15:56:09+00:00,0.535
2025-12-25 15:57:21+00:00,0.535
2025-12-25 15:58:09+00:00,0.535
2025-12-25 15:59:09+00:00,0.535
2025-12-25 16:00:13+00:00,0.535
2025-12-25 16:01:10+00:00,0.535
2025-12-25 16:02:09+00:00,0.535
2025-12-25 16:03:09+00:00,0.535
2025-12-25 16:04:09+00:00,0.535
2025-12-25 16:05:10+00:00,0.535
2025-12-25 16:06:09+00:00,0.535
2025-12-25 16:07:09+00:00,0.535
2025-12-25 16:08:09+00:00,0.535
2025-12-25 16:09:09+00:00,0.535
2025-12-25 16:10:10+00:00,0.535
2025-12-25 16:11:10+00:00,0.535
2025-12-25 16:12:08+00:00,0.535
2025-12-25 16:13:09+00:00,0.535
2025-12-25 16:14:16+00:00,0.535
2025-12-25 16:15:15+00:00,0.535
2025-12-25 16:16:09+00:00,0.535
2025-12-25 16:17:08+00:00,0.535
2025-12-25 16:18:09+00:00,0.535
2025-12-25 16:19:09+00:00,0.535
2025-12-25 16:20:10+00:00,0.535
2025-12-25 16:21:09+00:00,0.535
2025-12-25 16:22:09+00:00,0.535
2025-12-25 16:23:20+00:00,0.535
2025-12-25 16:24:09+00:00,0.535
2025-12-25 16:25:12+00:00,0.535
2025-12-25 16:26:09+00:00,0.535
2025-12-25 16:27:09+00:00,0.535
2025-12-25 16:28:08+00:00,0.535
2025-12-25 16:29:09+00:00,0.535
2025-12-25 16:30:13+00:00,0.535
2025-12-25 16:31:09+00:00,0.535
2025-12-25 16:32:09+00:00,0.535
2025-12-25 16:33:09+00:00,0.535
2025-12-25 16:34:09+00:00,0.535
2025-12-25 16:35:10+00:00,0.535
2025-12-25 16:36:09+00:00,0.535
2025-12-25 16:37:09+00:00,0.535
2025-12-25 16:38:09+00:00,0.535
2025-12-25 16:39:09+00:00,0.535
2025-12-25 16:40:09+00:00,0.535
2025-12-25 16:41:09+00:00,0.535
2025-12-25 16:42:09+00:00,0.535
2025-12-25 16:43:09+00:00,0.535
2025-12-25 16:44:09+00:00,0.535
2025-12-25 16:45:09+00:00,0.535
2025-12-25 16:46:09+00:00,0.535
2025-12-25 16:47:09+00:00,0.535
2025-12-25 16:48:09+00:00,0.535
2025-12-25 16:49:20+00:00,0.535
2025-12-25 16:50:11+00:00,0.535
2025-12-25 16:51:09+00:00,0.535
2025-12-25 16:52:10+00:00,0.535
2025-12-25 16:53:10+00:00,0.535
2025-12-25 16:54:08+00:00,0.535
2025-12-25 16:55:10+00:00,0.535
2025-12-25 16:56:22+00:00,0.535
2025-12-25 16:57:09+00:00,0.535
2025-12-25 16:58:20+00:00,0.535
2025-12-25 16:59:09+00:00,0.535
2025-12-25 17:00:19+00:00,0.535
2025-12-25 17:01:09+00:00,0.535
2025-12-25 17:02:09+00:00,0.535
2025-12-25 17:03:09+00:00,0.535
2025-12-25 17:04:09+00:00,0.535
2025-12-25 17:05:10+00:00,0.535
2025-12-25 17:06:09+00:00,0.535
2025-12-25 17:07:10+00:00,0.535
2025-12-25 17:08:09+00:00,0.535
2025-12-25 17:09:09+00:00,0.535
2025-12-25 17:10:10+00:00,0.535
2025-12-25 17:11:09+00:00,0.535
2025-12-25 17:12:09+00:00,0.535
2025-12-25 17:13:08+00:00,0.535
2025-12-25 17:14:09+00:00,0.535
2025-12-25 17:15:10+00:00,0.535
2025-12-25 17:16:09+00:00,0.535
2025-12-25 17:17:09+00:00,0.535
2025-12-25 17:18:09+00:00,0.535
2025-12-25 17:19:09+00:00,0.535
2025-12-25 17:20:11+00:00,0.535
2025-12-25 17:21:09+00:00,0.535
2025-12-25 17:22:09+00:00,0.535
2025-12-25 17:23:09+00:00,0.535
2025-12-25 17:24:18+00:00,0.535
2025-12-25 17:25:12+00:00,0.535
2025-12-25 17:26:09+00:00,0.535
2025-12-25 17:27:09+00:00,0.535
2025-12-25 17:28:09+00:00,0.535
2025-12-25 17:29:09+00:00,0.535
2025-12-25 17:30:14+00:00,0.535
2025-12-25 17:31:09+00:00,0.535
2025-12-25 17:32:18+00:00,0.535
2025-12-25 17:33:09+00:00,0.535
2025-12-25 17:34:10+00:00,0.535
2025-12-25 17:35:12+00:00,0.535
2025-12-25 17:36:09+00:00,0.535
2025-12-25 17:37:09+00:00,0.535
2025-12-25 17:38:09+00:00,0.535
2025-12-25 17:39:09+00:00,0.535
2025-12-25 17:40:10+00:00,0.535
2025-12-25 17:41:09+00:00,0.535
2025-12-25 17:42:09+00:00,0.535
2025-12-25 17:43:09+00:00,0.535
2025-12-25 17:44:09+00:00,0.535
2025-12-25 17:45:10+00:00,0.535
2025-12-25 17:46:09+00:00,0.535
2025-12-25 17:47:09+00:00,0.535
2025-12-25 17:48:09+00:00,0.535
2025-12-25 17:49:09+00:00,0.535
2025-12-25 17:50:10+00:00,0.535
2025-12-25 17:51:09+00:00,0.535
2025-12-25 17:52:08+00:00,0.535
2025-12-25 17:53:09+00:00,0.535
2025-12-25 17:54:09+00:00,0.535
2025-12-25 17:55:10+00:00,0.535
2025-12-25 17:56:09+00:00,0.535
2025-12-25 17:57:09+00:00,0.535
2025-12-25 17:58:18+00:00,0.535
2025-12-25 17:59:09+00:00,0.535
2025-12-25 18:00:17+00:00,0.535
2025-12-25 18:01:09+00:00,0.535
2025-12-25 18:02:09+00:00,0.535
2025-12-25 18:03:09+00:00,0.535
2025-12-25 18:04:09+00:00,0.535
2025-12-25 18:05:09+00:00,0.535
2025-12-25 18:06:09+00:00,0.535
2025-12-25 18:07:09+00:00,0.535
2025-12-25 18:08:09+00:00,0.535
2025-12-25 18:09:09+00:00,0.535
2025-12-25 18:10:10+00:00,0.535
2025-12-25 18:11:09+00:00,0.535
2025-12-25 18:12:09+00:00,0.535
2025-12-25 18:13:09+00:00,0.535
2025-12-25 18:14:09+00:00,0.535
2025-12-25 18:15:10+00:00,0.535
2025-12-25 18:16:09+00:00,0.535
2025-12-25 18:17:09+00:00,0.535
2025-12-25 18:18:09+00:00,0.535
2025-12-25 18:19:09+00:00,0.535
2025-12-25 18:20:10+00:00,0.535
2025-12-25 18:21:09+00:00,0.535
2025-12-25 18:22:09+00:00,0.535
2025-12-25 18:23:09+00:00,0.535
2025-12-25 18:24:20+00:00,0.535
2025-12-25 18:25:12+00:00,0.535
2025-12-25 18:26:09+00:00,0.535
2025-12-25 18:27:09+00:00,0.525
2025-12-25 18:28:09+00:00,0.525
2025-12-25 18:29:09+00:00,0.525
2025-12-25 18:30:13+00:00,0.525
2025-12-25 18:31:09+00:00,0.525
2025-12-25 18:32:10+00:00,0.525
2025-12-25 18:33:09+00:00,0.525
2025-12-25 18:34:09+00:00,0.525
2025-12-25 18:35:10+00:00,0.525
2025-12-25 18:36:09+00:00,0.525
2025-12-25 18:37:10+00:00,0.525
2025-12-25 18:38:09+00:00,0.525
2025-12-25 18:39:09+00:00,0.525
2025-12-25 18:40:10+00:00,0.525
2025-12-25 18:41:09+00:00,0.525
2025-12-25 18:42:09+00:00,0.525
2025-12-25 18:43:09+00:00,0.525
2025-12-25 18:44:09+00:00,0.525
2025-12-25 18:45:10+00:00,0.525
2025-12-25 18:46:09+00:00,0.525
2025-12-25 18:47:09+00:00,0.525
2025-12-25 18:48:09+00:00,0.525
2025-12-25 18:49:09+00:00,0.525
2025-12-25 18:50:36+00:00,0.525
2025-12-25 18:51:09+00:00,0.525
2025-12-25 18:52:09+00:00,0.525
2025-12-25 18:53:09+00:00,0.525
2025-12-25 18:54:09+00:00,0.525
2025-12-25 18:55:10+00:00,0.525
2025-12-25 18:56:09+00:00,0.525
2025-12-25 18:57:09+00:00,0.525
2025-12-25 18:58:09+00:00,0.525
2025-12-25 18:59:09+00:00,0.525
2025-12-25 19:00:13+00:00,0.525
2025-12-25 19:01:09+00:00,0.525
2025-12-25 19:02:09+00:00,0.525
2025-12-25 19:03:09+00:00,0.525
2025-12-25 19:04:08+00:00,0.525
2025-12-25 19:05:10+00:00,0.525
2025-12-25 19:06:09+00:00,0.525
2025-12-25 19:07:09+00:00,0.525
2025-12-25 19:08:09+00:00,0.525
2025-12-25 19:09:09+00:00,0.525
2025-12-25 19:10:10+00:00,0.525
2025-12-25 19:11:09+00:00,0.515
2025-12-25 19:12:10+00:00,0.515
2025-12-25 19:13:09+00:00,0.515
2025-12-25 19:14:09+00:00,0.515
2025-12-25 19:15:10+00:00,0.515
2025-12-25 19:16:20+00:00,0.515
2025-12-25 19:17:09+00:00,0.515
2025-12-25 19:18:10+00:00,0.515
2025-12-25 19:19:09+00:00,0.515
2025-12-25 19:20:12+00:00,0.515
2025-12-25 19:21:09+00:00,0.515
2025-12-25 19:22:09+00:00,0.515
2025-12-25 19:23:09+00:00,0.515
2025-12-25 19:24:09+00:00,0.515
2025-12-25 19:25:09+00:00,0.515
2025-12-25 19:26:13+00:00,0.515
2025-12-25 19:27:09+00:00,0.515
2025-12-25 19:28:09+00:00,0.515
2025-12-25 19:29:09+00:00,0.515
2025-12-25 19:30:13+00:00,0.515
2025-12-25 19:31:09+00:00,0.515
2025-12-25 19:32:19+00:00,0.515
2025-12-25 19:33:09+00:00,0.515
2025-12-25 19:34:09+00:00,0.515
2025-12-25 19:35:12+00:00,0.515
2025-12-25 19:36:09+00:00,0.515
2025-12-25 19:37:09+00:00,0.515
2025-12-25 19:38:09+00:00,0.515
2025-12-25 19:39:09+00:00,0.515
2025-12-25 19:40:09+00:00,0.515
2025-12-25 19:41:09+00:00,0.515
2025-12-25 19:42:09+00:00,0.515
2025-12-25 19:43:09+00:00,0.515
2025-12-25 19:44:09+00:00,0.515
2025-12-25 19:45:10+00:00,0.515
2025-12-25 19:46:10+00:00,0.515
2025-12-25 19:47:09+00:00,0.515
2025-12-25 19:48:09+00:00,0.515
2025-12-25 19:49:09+00:00,0.515
2025-12-25 19:50:10+00:00,0.515
2025-12-25 19:51:09+00:00,0.515
2025-12-25 19:52:09+00:00,0.515
2025-12-25 19:53:09+00:00,0.515
2025-12-25 19:54:09+00:00,0.515
2025-12-25 19:55:10+00:00,0.515
2025-12-25 19:56:09+00:00,0.515
2025-12-25 19:57:09+00:00,0.515
2025-12-25 19:58:18+00:00,0.515
2025-12-25 19:59:09+00:00,0.515
2025-12-25 20:00:16+00:00,0.515
2025-12-25 20:01:09+00:00,0.515
2025-12-25 20:02:09+00:00,0.515
2025-12-25 20:03:09+00:00,0.515
2025-12-25 20:04:09+00:00,0.515
2025-12-25 20:05:10+00:00,0.515
2025-12-25 20:06:09+00:00,0.515
2025-12-25 20:07:09+00:00,0.515
2025-12-25 20:08:09+00:00,0.515
2025-12-25 20:09:09+00:00,0.515
2025-12-25 20:10:09+00:00,0.515
2025-12-25 20:11:09+00:00,0.515
2025-12-25 20:12:09+00:00,0.515
2025-12-25 20:13:09+00:00,0.515
2025-12-25 20:14:09+00:00,0.515
2025-12-25 20:15:10+00:00,0.515
2025-12-25 20:16:09+00:00,0.515
2025-12-25 20:17:08+00:00,0.515
2025-12-25 20:18:10+00:00,0.515
2025-12-25 20:19:09+00:00,0.515
2025-12-25 20:20:10+00:00,0.515
2025-12-25 20:21:09+00:00,0.515
2025-12-25 20:22:09+00:00,0.515
2025-12-25 20:23:09+00:00,0.515
2025-12-25 20:24:18+00:00,0.515
2025-12-25 20:25:12+00:00,0.515
2025-12-25 20:26:21+00:00,0.515
2025-12-25 20:27:09+00:00,0.515
2025-12-25 20:28:09+00:00,0.515
2025-12-25 20:29:09+00:00,0.515
2025-12-25 20:30:14+00:00,0.515
2025-12-25 20:31:08+00:00,0.515
2025-12-25 20:32:10+00:00,0.515
2025-12-25 20:33:09+00:00,0.515
2025-12-25 20:34:09+00:00,0.515
2025-12-25 20:35:10+00:00,0.515
2025-12-25 20:36:09+00:00,0.515
2025-12-25 20:37:09+00:00,0.515
2025-12-25 20:38:09+00:00,0.515
2025-12-25 20:39:09+00:00,0.515
2025-12-25 20:40:10+00:00,0.515
2025-12-25 20:41:16+00:00,0.515
2025-12-25 20:42:12+00:00,0.515
2025-12-25 20:43:09+00:00,0.515
2025-12-25 20:44:09+00:00,0.515
2025-12-25 20:45:12+00:00,0.515
2025-12-25 20:46:08+00:00,0.515
2025-12-25 20:47:09+00:00,0.515
2025-12-25 20:48:09+00:00,0.515
2025-12-25 20:49:09+00:00,0.515
2025-12-25 20:50:10+00:00,0.515
2025-12-25 20:51:09+00:00,0.515
2025-12-25 20:52:09+00:00,0.515
2025-12-25 20:53:09+00:00,0.515
2025-12-25 20:54:09+00:00,0.515
2025-12-25 20:55:10+00:00,0.515
2025-12-25 20:56:32+00:00,0.515
2025-12-25 20:57:09+00:00,0.515
2025-12-25 20:58:09+00:00,0.515
2025-12-25 20:59:08+00:00,0.515
2025-12-25 21:00:15+00:00,0.515
2025-12-25 21:01:09+00:00,0.515
2025-12-25 21:02:09+00:00,0.515
2025-12-25 21:03:10+00:00,0.515
2025-12-25 21:04:09+00:00,0.515
2025-12-25 21:05:09+00:00,0.515
2025-12-25 21:06:10+00:00,0.515
2025-12-25 21:07:17+00:00,0.515
2025-12-25 21:08:11+00:00,0.515
2025-12-25 21:09:09+00:00,0.515
2025-12-25 21:10:12+00:00,0.515
2025-12-25 21:11:09+00:00,0.515
2025-12-25 21:12:09+00:00,0.515
2025-12-25 21:13:09+00:00,0.515
2025-12-25 21:14:09+00:00,0.515
2025-12-25 21:15:21+00:00,0.515
2025-12-25 21:16:09+00:00,0.515
2025-12-25 21:17:09+00:00,0.515
2025-12-25 21:18:09+00:00,0.515
2025-12-25 21:19:08+00:00,0.515
2025-12-25 21:20:10+00:00,0.515
2025-12-25 21:21:09+00:00,0.515
2025-12-25 21:22:09+00:00,0.515
2025-12-25 21:23:09+00:00,0.515
2025-12-25 21:24:09+00:00,0.515
2025-12-25 21:25:10+00:00,0.515
2025-12-25 21:26:09+00:00,0.515
2025-12-25 21:27:09+00:00,0.515
2025-12-25 21:28:09+00:00,0.515
2025-12-25 21:29:09+00:00,0.515
2025-12-25 21:30:13+00:00,0.515
2025-12-25 21:31:09+00:00,0.515
2025-12-25 21:32:09+00:00,0.515
2025-12-25 21:33:19+00:00,0.515
2025-12-25 21:34:11+00:00,0.515
2025-12-25 21:35:12+00:00,0.515
2025-12-25 21:36:09+00:00,0.515
2025-12-25 21:37:09+00:00,0.515
2025-12-25 21:38:09+00:00,0.515
2025-12-25 21:39:09+00:00,0.515
2025-12-25 21:40:10+00:00,0.515
2025-12-25 21:41:09+00:00,0.515
2025-12-25 21:42:09+00:00,0.515
2025-12-25 21:43:09+00:00,0.515
2025-12-25 21:44:09+00:00,0.515
2025-12-25 21:45:09+00:00,0.515
2025-12-25 21:46:09+00:00,0.515
2025-12-25 21:47:09+00:00,0.515
2025-12-25 21:48:09+00:00,0.515
2025-12-25 21:49:09+00:00,0.515
2025-12-25 21:50:10+00:00,0.515
2025-12-25 21:51:09+00:00,0.515
2025-12-25 21:52:13+00:00,0.515
2025-12-25 21:53:09+00:00,0.515
2025-12-25 21:54:09+00:00,0.515
2025-12-25 21:55:10+00:00,0.515
2025-12-25 21:56:08+00:00,0.515
2025-12-25 21:57:09+00:00,0.515
2025-12-25 21:58:08+00:00,0.515
2025-12-25 21:59:18+00:00,0.515
2025-12-25 22:00:16+00:00,0.515
2025-12-25 22:01:09+00:00,0.515
2025-12-25 22:02:09+00:00,0.515
2025-12-25 22:03:09+00:00,0.515
2025-12-25 22:04:09+00:00,0.515
2025-12-25 22:05:09+00:00,0.515
2025-12-25 22:06:09+00:00,0.515
2025-12-25 22:07:09+00:00,0.515
2025-12-25 22:08:09+00:00,0.515
2025-12-25 22:09:09+00:00,0.515
2025-12-25 22:10:10+00:00,0.515
2025-12-25 22:11:19+00:00,0.525
2025-12-25 22:12:11+00:00,0.515
2025-12-25 22:13:09+00:00,0.515
2025-12-25 22:14:09+00:00,0.515
2025-12-25 22:15:12+00:00,0.515
2025-12-25 22:16:09+00:00,0.515
2025-12-25 22:17:09+00:00,0.515
2025-12-25 22:18:09+00:00,0.515
2025-12-25 22:19:09+00:00,0.515
2025-12-25 22:20:09+00:00,0.515
2025-12-25 22:21:09+00:00,0.515
2025-12-25 22:22:09+00:00,0.515
2025-12-25 22:23:09+00:00,0.515
2025-12-25 22:24:10+00:00,0.515
2025-12-25 22:25:10+00:00,0.515
2025-12-25 22:26:09+00:00,0.515
2025-12-25 22:27:22+00:00,0.515
2025-12-25 22:28:09+00:00,0.515
2025-12-25 22:29:09+00:00,0.515
2025-12-25 22:30:13+00:00,0.515
2025-12-25 22:31:09+00:00,0.515
2025-12-25 22:32:09+00:00,0.515
2025-12-25 22:33:09+00:00,0.515
2025-12-25 22:34:09+00:00,0.515
2025-12-25 22:35:10+00:00,0.515
2025-12-25 22:36:09+00:00,0.515
2025-12-25 22:37:18+00:00,0.515
2025-12-25 22:38:09+00:00,0.515
2025-12-25 22:39:09+00:00,0.515
2025-12-25 22:40:12+00:00,0.515
2025-12-25 22:41:09+00:00,0.515
2025-12-25 22:42:09+00:00,0.515
2025-12-25 22:43:09+00:00,0.515
2025-12-25 22:44:09+00:00,0.515
2025-12-25 22:45:10+00:00,0.515
2025-12-25 22:46:09+00:00,0.515
2025-12-25 22:47:09+00:00,0.515
2025-12-25 22:48:19+00:00,0.515
2025-12-25 22:49:09+00:00,0.515
2025-12-25 22:50:12+00:00,0.515
2025-12-25 22:51:09+00:00,0.515
2025-12-25 22:52:09+00:00,0.515
2025-12-25 22:53:09+00:00,0.505
2025-12-25 22:54:09+00:00,0.515
2025-12-25 22:55:10+00:00,0.515
2025-12-25 22:56:09+00:00,0.515
2025-12-25 22:57:09+00:00,0.515
2025-12-25 22:58:09+00:00,0.515
2025-12-25 22:59:08+00:00,0.51
2025-12-25 23:00:13+00:00,0.51
2025-12-25 23:01:09+00:00,0.51
2025-12-25 23:02:09+00:00,0.505
2025-12-25 23:03:09+00:00,0.505
2025-12-25 23:04:09+00:00,0.505
2025-12-25 23:05:10+00:00,0.505
2025-12-25 23:06:09+00:00,0.505
2025-12-25 23:07:09+00:00,0.505
2025-12-25 23:08:09+00:00,0.505
2025-12-25 23:09:09+00:00,0.505
2025-12-25 23:10:10+00:00,0.505
2025-12-25 23:11:09+00:00,0.505
2025-12-25 23:12:09+00:00,0.505
2025-12-25 23:13:09+00:00,0.505
2025-12-25 23:14:19+00:00,0.505
2025-12-25 23:15:12+00:00,0.505
2025-12-25 23:16:08+00:00,0.505
2025-12-25 23:17:09+00:00,0.505
2025-12-25 23:18:09+00:00,0.505
2025-12-25 23:19:09+00:00,0.505
2025-12-25 23:20:10+00:00,0.505
2025-12-25 23:21:09+00:00,0.505
2025-12-25 23:22:09+00:00,0.505
2025-12-25 23:23:09+00:00,0.505
2025-12-25 23:24:08+00:00,0.505
2025-12-25 23:25:09+00:00,0.505
2025-12-25 23:26:09+00:00,0.505
2025-12-25 23:27:09+00:00,0.505
2025-12-25 23:28:09+00:00,0.505
2025-12-25 23:29:09+00:00,0.505
2025-12-25 23:30:13+00:00,0.505
2025-12-25 23:31:09+00:00,0.505
2025-12-25 23:32:09+00:00,0.505
2025-12-25 23:33:09+00:00,0.505
2025-12-25 23:34:09+00:00,0.505
2025-12-25 23:35:10+00:00,0.505
2025-12-25 23:36:09+00:00,0.505
2025-12-25 23:37:09+00:00,0.505
2025-12-25 23:38:09+00:00,0.505
2025-12-25 23:39:09+00:00,0.505
2025-12-25 23:40:22+00:00,0.505
2025-12-25 23:41:09+00:00,0.505
2025-12-25 23:42:09+00:00,0.505
2025-12-25 23:43:08+00:00,0.505
2025-12-25 23:44:08+00:00,0.505
2025-12-25 23:45:10+00:00,0.505
2025-12-25 23:46:09+00:00,0.505
2025-12-25 23:47:09+00:00,0.505
2025-12-25 23:48:09+00:00,0.505
2025-12-25 23:49:09+00:00,0.505
2025-12-25 23:50:10+00:00,0.505
2025-12-25 23:51:09+00:00,0.505
2025-12-25 23:52:09+00:00,0.505
2025-12-25 23:53:09+00:00,0.505
2025-12-25 23:54:09+00:00,0.505
2025-12-25 23:55:09+00:00,0.505
2025-12-25 23:56:09+00:00,0.515
2025-12-25 23:57:09+00:00,0.515
2025-12-25 23:58:09+00:00,0.515
2025-12-25 23:59:09+00:00,0.515
2025-12-26 00:00:13+00:00,0.515
2025-12-26 00:01:09+00:00,0.515
2025-12-26 00:02:09+00:00,0.515
2025-12-26 00:03:09+00:00,0.515
2025-12-26 00:04:08+00:00,0.515
2025-12-26 00:05:09+00:00,0.515
2025-12-26 00:06:12+00:00,0.515
2025-12-26 00:07:09+00:00,0.515
2025-12-26 00:08:08+00:00,0.515
2025-12-26 00:09:08+00:00,0.515
2025-12-26 00:10:10+00:00,0.515
2025-12-26 00:11:09+00:00,0.515
2025-12-26 00:12:08+00:00,0.515
2025-12-26 00:13:08+00:00,0.515
2025-12-26 00:14:09+00:00,0.515
2025-12-26 00:15:10+00:00,0.515
2025-12-26 00:16:08+00:00,0.515
2025-12-26 00:17:08+00:00,0.515
2025-12-26 00:18:10+00:00,0.515
2025-12-26 00:19:08+00:00,0.515
2025-12-26 00:20:09+00:00,0.515
2025-12-26 00:21:09+00:00,0.515
2025-12-26 00:22:08+00:00,0.515
2025-12-26 00:23:08+00:00,0.515
2025-12-26 00:24:08+00:00,0.515
2025-12-26 00:25:09+00:00,0.515
2025-12-26 00:26:09+00:00,0.515
2025-12-26 00:27:08+00:00,0.515
2025-12-26 00:28:08+00:00,0.515
2025-12-26 00:29:08+00:00,0.515
2025-12-26 00:30:10+00:00,0.515
2025-12-26 00:31:09+00:00,0.515
2025-12-26 00:32:12+00:00,0.515
2025-12-26 00:33:09+00:00,0.515
2025-12-26 00:34:08+00:00,0.515
2025-12-26 00:35:09+00:00,0.515
2025-12-26 00:36:09+00:00,0.515
2025-12-26 00:37:09+00:00,0.515
2025-12-26 00:38:08+00:00,0.515
2025-12-26 00:39:08+00:00,0.515
2025-12-26 00:40:09+00:00,0.515
2025-12-26 00:41:09+00:00,0.515
2025-12-26 00:42:09+00:00,0.515
2025-12-26 00:43:08+00:00,0.515
2025-12-26 00:44:09+00:00,0.515
2025-12-26 00:45:09+00:00,0.515
2025-12-26 00:46:09+00:00,0.515
2025-12-26 00:47:08+00:00,0.515
2025-12-26 00:48:09+00:00,0.515
2025-12-26 00:49:08+00:00,0.515
2025-12-26 00:50:10+00:00,0.515
2025-12-26 00:51:08+00:00,0.515
2025-12-26 00:52:09+00:00,0.515
2025-12-26 00:53:08+00:00,0.515
2025-12-26 00:54:09+00:00,0.515
2025-12-26 00:55:09+00:00,0.495
2025-12-26 00:56:09+00:00,0.495
2025-12-26 00:57:08+00:00,0.505
2025-12-26 00:58:14+00:00,0.505
2025-12-26 00:59:08+00:00,0.505
2025-12-26 01:00:10+00:00,0.505
2025-12-26 01:01:31+00:00,0.505
2025-12-26 01:02:09+00:00,0.505
2025-12-26 01:03:09+00:00,0.505
2025-12-26 01:04:13+00:00,0.505
2025-12-26 01:05:10+00:00,0.505
2025-12-26 01:06:22+00:00,0.505
2025-12-26 01:07:09+00:00,0.505
2025-12-26 01:08:09+00:00,0.505
2025-12-26 01:09:08+00:00,0.505
2025-12-26 01:10:09+00:00,0.505
2025-12-26 01:11:08+00:00,0.505
2025-12-26 01:12:08+00:00,0.505
2025-12-26 01:13:08+00:00,0.505
2025-12-26 01:14:08+00:00,0.505
2025-12-26 01:15:10+00:00,0.505
2025-12-26 01:16:08+00:00,0.505
2025-12-26 01:17:08+00:00,0.505
2025-12-26 01:18:09+00:00,0.505
2025-12-26 01:19:08+00:00,0.505
2025-12-26 01:20:09+00:00,0.505
2025-12-26 01:21:09+00:00,0.505
2025-12-26 01:22:09+00:00,0.505
2025-12-26 01:23:09+00:00,0.505
2025-12-26 01:24:09+00:00,0.505
2025-12-26 01:25:09+00:00,0.505
2025-12-26 01:26:09+00:00,0.505
2025-12-26 01:27:09+00:00,0.505
2025-12-26 01:28:09+00:00,0.505
2025-12-26 01:29:09+00:00,0.505
2025-12-26 01:30:17+00:00,0.505
2025-12-26 01:31:15+00:00,0.505
2025-12-26 01:32:08+00:00,0.505
2025-12-26 01:33:10+00:00,0.505
2025-12-26 01:34:09+00:00,0.505
2025-12-26 01:35:23+00:00,0.505
2025-12-26 01:36:09+00:00,0.505
2025-12-26 01:37:08+00:00,0.505
2025-12-26 01:38:08+00:00,0.505
2025-12-26 01:39:08+00:00,0.505
2025-12-26 01:40:09+00:00,0.505
2025-12-26 01:41:08+00:00,0.505
2025-12-26 01:42:09+00:00,0.505
2025-12-26 01:43:09+00:00,0.505
2025-12-26 01:44:08+00:00,0.515
2025-12-26 01:45:09+00:00,0.515
2025-12-26 01:46:08+00:00,0.515
2025-12-26 01:47:08+00:00,0.515
2025-12-26 01:48:09+00:00,0.515
2025-12-26 01:49:09+00:00,0.515
2025-12-26 01:50:09+00:00,0.505
2025-12-26 01:51:09+00:00,0.505
2025-12-26 01:52:09+00:00,0.505
2025-12-26 01:53:08+00:00,0.505
2025-12-26 01:54:09+00:00,0.505
2025-12-26 01:55:10+00:00,0.505
2025-12-26 01:56:08+00:00,0.505
2025-12-26 01:57:16+00:00,0.505
2025-12-26 01:58:08+00:00,0.505
2025-12-26 01:59:09+00:00,0.505
2025-12-26 02:00:10+00:00,0.505
2025-12-26 02:01:08+00:00,0.505
2025-12-26 02:02:08+00:00,0.505
2025-12-26 02:03:09+00:00,0.505
2025-12-26 02:04:09+00:00,0.505
2025-12-26 02:05:09+00:00,0.505
2025-12-26 02:06:09+00:00,0.505
2025-12-26 02:07:09+00:00,0.505
2025-12-26 02:08:09+00:00,0.505
2025-12-26 02:09:08+00:00,0.505
2025-12-26 02:10:09+00:00,0.505
2025-12-26 02:11:08+00:00,0.505
2025-12-26 02:12:08+00:00,0.505
2025-12-26 02:13:09+00:00,0.505
2025-12-26 02:14:08+00:00,0.505
2025-12-26 02:15:09+00:00,0.505
2025-12-26 02:16:09+00:00,0.505
2025-12-26 02:17:08+00:00,0.505
2025-12-26 02:18:09+00:00,0.505
2025-12-26 02:19:09+00:00,0.505
2025-12-26 02:20:09+00:00,0.505
2025-12-26 02:21:08+00:00,0.505
2025-12-26 02:22:09+00:00,0.505
2025-12-26 02:23:17+00:00,0.505
2025-12-26 02:24:08+00:00,0.505
2025-12-26 02:25:10+00:00,0.505
2025-12-26 02:26:09+00:00,0.505
2025-12-26 02:27:09+00:00,0.505
2025-12-26 02:28:09+00:00,0.505
2025-12-26 02:29:08+00:00,0.505
2025-12-26 02:30:10+00:00,0.505
2025-12-26 02:31:09+00:00,0.505
2025-12-26 02:32:09+00:00,0.505
2025-12-26 02:33:09+00:00,0.505
2025-12-26 02:34:09+00:00,0.505
2025-12-26 02:35:10+00:00,0.505
2025-12-26 02:36:09+00:00,0.505
2025-12-26 02:37:09+00:00,0.505
2025-12-26 02:38:09+00:00,0.505
2025-12-26 02:39:09+00:00,0.505
2025-12-26 02:40:09+00:00,0.505
2025-12-26 02:41:09+00:00,0.505
2025-12-26 02:42:08+00:00,0.505
2025-12-26 02:43:09+00:00,0.505
2025-12-26 02:44:10+00:00,0.505
2025-12-26 02:45:10+00:00,0.505
2025-12-26 02:46:08+00:00,0.505
2025-12-26 02:47:08+00:00,0.505
2025-12-26 02:48:09+00:00,0.505
2025-12-26 02:49:17+00:00,0.505
2025-12-26 02:50:10+00:00,0.505
2025-12-26 02:51:09+00:00,0.505
2025-12-26 02:52:10+00:00,0.505
2025-12-26 02:53:09+00:00,0.505
2025-12-26 02:54:09+00:00,0.505
2025-12-26 02:55:09+00:00,0.505
2025-12-26 02:56:09+00:00,0.505
2025-12-26 02:57:22+00:00,0.505
2025-12-26 02:58:09+00:00,0.505
2025-12-26 02:59:09+00:00,0.505
2025-12-26 03:00:11+00:00,0.505
2025-12-26 03:01:09+00:00,0.505
2025-12-26 03:02:34+00:00,0.505
2025-12-26 03:03:09+00:00,0.495
2025-12-26 03:04:09+00:00,0.495
2025-12-26 03:05:10+00:00,0.495
2025-12-26 03:06:08+00:00,0.495
2025-12-26 03:07:09+00:00,0.505
2025-12-26 03:08:08+00:00,0.5
2025-12-26 03:09:09+00:00,0.5
2025-12-26 03:10:09+00:00,0.5
2025-12-26 03:11:09+00:00,0.5
2025-12-26 03:12:08+00:00,0.505
2025-12-26 03:13:08+00:00,0.5
2025-12-26 03:14:09+00:00,0.5
2025-12-26 03:15:09+00:00,0.505
2025-12-26 03:16:09+00:00,0.505
2025-12-26 03:17:09+00:00,0.495
2025-12-26 03:18:09+00:00,0.495
2025-12-26 03:19:09+00:00,0.495
2025-12-26 03:20:10+00:00,0.495
2025-12-26 03:21:09+00:00,0.495
2025-12-26 03:22:09+00:00,0.495
2025-12-26 03:23:09+00:00,0.485
2025-12-26 03:24:09+00:00,0.495
2025-12-26 03:25:09+00:00,0.485
2025-12-26 03:26:08+00:00,0.495
2025-12-26 03:27:08+00:00,0.495
2025-12-26 03:28:18+00:00,0.495
2025-12-26 03:29:08+00:00,0.495
2025-12-26 03:30:11+00:00,0.495
2025-12-26 03:31:08+00:00,0.485
2025-12-26 03:32:09+00:00,0.495
2025-12-26 03:33:09+00:00,0.485
2025-12-26 03:34:09+00:00,0.485
2025-12-26 03:35:09+00:00,0.495
2025-12-26 03:36:09+00:00,0.495
2025-12-26 03:37:08+00:00,0.495
2025-12-26 03:38:09+00:00,0.485
2025-12-26 03:39:08+00:00,0.485
2025-12-26 03:40:09+00:00,0.485
2025-12-26 03:41:09+00:00,0.485
2025-12-26 03:42:09+00:00,0.495
2025-12-26 03:43:09+00:00,0.485
2025-12-26 03:44:09+00:00,0.485
2025-12-26 03:45:24+00:00,0.535
2025-12-26 03:46:09+00:00,0.525
2025-12-26 03:47:09+00:00,0.535
2025-12-26 03:48:09+00:00,0.525
2025-12-26 03:49:09+00:00,0.515
2025-12-26 03:50:10+00:00,0.485
2025-12-26 03:51:09+00:00,0.485
2025-12-26 03:52:09+00:00,0.435
2025-12-26 03:53:09+00:00,0.44
2025-12-26 03:54:19+00:00,0.45
2025-12-26 03:55:10+00:00,0.445
2025-12-26 03:56:08+00:00,0.445
2025-12-26 03:57:08+00:00,0.435
2025-12-26 03:58:09+00:00,0.415
2025-12-26 03:59:09+00:00,0.415
2025-12-26 04:00:11+00:00,0.395
2025-12-26 04:01:09+00:00,0.43
2025-12-26 04:02:09+00:00,0.445
2025-12-26 04:03:08+00:00,0.495
2025-12-26 04:04:09+00:00,0.495
2025-12-26 04:05:09+00:00,0.49
2025-12-26 04:06:08+00:00,0.495
2025-12-26 04:07:09+00:00,0.475
2025-12-26 04:08:08+00:00,0.525
2025-12-26 04:09:09+00:00,0.535
2025-12-26 04:10:09+00:00,0.53
2025-12-26 04:11:08+00:00,0.55
2025-12-26 04:12:08+00:00,0.545
2025-12-26 04:13:09+00:00,0.545
2025-12-26 04:14:08+00:00,0.545
2025-12-26 04:15:10+00:00,0.555
2025-12-26 04:16:09+00:00,0.635
2025-12-26 04:17:08+00:00,0.61
2025-12-26 04:18:08+00:00,0.565
2025-12-26 04:19:08+00:00,0.555
2025-12-26 04:20:21+00:00,0.555
2025-12-26 04:21:09+00:00,0.555
2025-12-26 04:22:09+00:00,0.555
2025-12-26 04:23:08+00:00,0.495
2025-12-26 04:24:09+00:00,0.405
2025-12-26 04:25:09+00:00,0.385
2025-12-26 04:26:09+00:00,0.425
2025-12-26 04:27:09+00:00,0.385
2025-12-26 04:28:09+00:00,0.445
2025-12-26 04:29:09+00:00,0.45
2025-12-26 04:30:11+00:00,0.445
2025-12-26 04:31:09+00:00,0.445
2025-12-26 04:32:09+00:00,0.475
2025-12-26 04:33:08+00:00,0.485
2025-12-26 04:34:09+00:00,0.485
2025-12-26 04:35:10+00:00,0.475
2025-12-26 04:36:09+00:00,0.52
2025-12-26 04:37:09+00:00,0.555
2025-12-26 04:38:09+00:00,0.595
2025-12-26 04:39:09+00:00,0.545
2025-12-26 04:40:09+00:00,0.555
2025-12-26 04:41:09+00:00,0.555
2025-12-26 04:42:08+00:00,0.555
2025-12-26 04:43:08+00:00,0.555
2025-12-26 04:44:08+00:00,0.555
2025-12-26 04:45:09+00:00,0.555
2025-12-26 04:46:20+00:00,0.555
2025-12-26 04:47:09+00:00,0.555
2025-12-26 04:48:09+00:00,0.555
2025-12-26 04:49:08+00:00,0.555
2025-12-26 04:50:12+00:00,0.555
2025-12-26 04:51:09+00:00,0.555
2025-12-26 04:52:09+00:00,0.555
2025-12-26 04:53:08+00:00,0.555
2025-12-26 04:54:08+00:00,0.555
2025-12-26 04:55:10+00:00,0.555
2025-12-26 04:56:09+00:00,0.555
2025-12-26 04:57:09+00:00,0.555
2025-12-26 04:58:09+00:00,0.635
2025-12-26 04:59:09+00:00,0.695
2025-12-26 05:00:12+00:00,0.715
2025-12-26 05:01:08+00:00,0.685
2025-12-26 05:02:09+00:00,0.695
2025-12-26 05:03:09+00:00,0.74
2025-12-26 05:04:08+00:00,0.735
2025-12-26 05:05:11+00:00,0.725
2025-12-26 05:06:17+00:00,0.725
2025-12-26 05:07:09+00:00,0.695
2025-12-26 05:08:09+00:00,0.665
2025-12-26 05:09:09+00:00,0.675
2025-12-26 05:10:10+00:00,0.675
2025-12-26 05:11:08+00:00,0.68
2025-12-26 05:12:09+00:00,0.71
2025-12-26 05:13:09+00:00,0.725
2025-12-26 05:14:09+00:00,0.745
2025-12-26 05:15:10+00:00,0.785
2025-12-26 05:16:09+00:00,0.825
2025-12-26 05:17:08+00:00,0.845
2025-12-26 05:18:09+00:00,0.88
2025-12-26 05:19:09+00:00,0.885
2025-12-26 05:20:09+00:00,0.825
2025-12-26 05:21:09+00:00,0.765
2025-12-26 05:22:09+00:00,0.765
2025-12-26 05:23:08+00:00,0.835
2025-12-26 05:24:09+00:00,0.845
2025-12-26 05:25:09+00:00,0.815
2025-12-26 05:26:08+00:00,0.83
2025-12-26 05:27:10+00:00,0.815
2025-12-26 05:28:09+00:00,0.845
2025-12-26 05:29:09+00:00,0.895
2025-12-26 05:30:11+00:00,0.915
2025-12-26 05:31:09+00:00,0.915
2025-12-26 05:32:18+00:00,0.905
2025-12-26 05:33:09+00:00,0.905
2025-12-26 05:34:09+00:00,0.905
2025-12-26 05:35:10+00:00,0.875
2025-12-26 05:36:09+00:00,0.895
2025-12-26 05:37:09+00:00,0.895
2025-12-26 05:38:09+00:00,0.89
2025-12-26 05:39:09+00:00,0.88
2025-12-26 05:40:09+00:00,0.925
2025-12-26 05:41:08+00:00,0.95
2025-12-26 05:42:08+00:00,0.955
2025-12-26 05:43:17+00:00,0.955
2025-12-26 05:44:08+00:00,0.945
2025-12-26 05:45:10+00:00,0.945
2025-12-26 05:46:08+00:00,0.965
2025-12-26 05:47:09+00:00,0.975
2025-12-26 05:48:09+00:00,0.975
2025-12-26 05:49:09+00:00,0.965
2025-12-26 05:50:09+00:00,0.9145
2025-12-26 05:51:09+00:00,0.9055
2025-12-26 05:52:09+00:00,0.904
2025-12-26 05:53:09+00:00,0.885
2025-12-26 05:54:08+00:00,0.826
2025-12-26 05:55:09+00:00,0.8505
2025-12-26 05:56:09+00:00,0.785
2025-12-26 05:57:09+00:00,0.675
2025-12-26 05:58:09+00:00,0.875
2025-12-26 05:59:08+00:00,0.92
2025-12-26 06:00:11+00:00,0.9305
2025-12-26 06:01:09+00:00,0.924
2025-12-26 06:02:08+00:00,0.9545
2025-12-26 06:03:09+00:00,0.976
2025-12-26 06:04:09+00:00,0.887
2025-12-26 06:05:09+00:00,0.892
2025-12-26 06:06:09+00:00,0.9165
2025-12-26 06:07:09+00:00,0.921
2025-12-26 06:08:09+00:00,0.906
2025-12-26 06:09:31+00:00,0.5745
2025-12-26 06:10:11+00:00,0.536
2025-12-26 06:11:09+00:00,0.5225
2025-12-26 06:12:09+00:00,0.5245
2025-12-26 06:13:09+00:00,0.4055
2025-12-26 06:14:09+00:00,0.305
2025-12-26 06:15:21+00:00,0.2725
2025-12-26 06:16:09+00:00,0.1735
2025-12-26 06:17:20+00:00,0.1795
2025-12-26 06:18:08+00:00,0.0695
2025-12-26 06:19:09+00:00,0.0545
2025-12-26 06:20:10+00:00,0.234
2025-12-26 06:21:09+00:00,0.195
2025-12-26 06:22:09+00:00,0.347
2025-12-26 06:23:08+00:00,0.566
2025-12-26 06:24:09+00:00,0.444
2025-12-26 06:25:09+00:00,0.4365
2025-12-26 06:26:08+00:00,0.4905
2025-12-26 06:27:09+00:00,0.6055
2025-12-26 06:28:20+00:00,0.665
2025-12-26 06:29:09+00:00,0.8395
2025-12-26 06:30:11+00:00,0.835
2025-12-26 06:31:09+00:00,0.934
2025-12-26 06:32:09+00:00,0.9445
2025-12-26 06:33:08+00:00,0.9455
2025-12-26 06:34:09+00:00,0.9955
2025-12-26 06:35:21+00:00,0.998
2025-12-26 06:36:09+00:00,0.9885
2025-12-26 06:37:09+00:00,0.994
2025-12-26 06:38:09+00:00,0.996
2025-12-26 06:39:09+00:00,0.9965
2025-12-26 06:40:10+00:00,0.993
2025-12-26 06:41:09+00:00,0.998
2025-12-26 06:42:08+00:00,0.9995
2025-12-26 06:43:09+00:00,0.9995
2025-12-26 06:44:08+00:00,0.9995
2025-12-26 06:45:10+00:00,0.9995
2025-12-26 06:46:09+00:00,0.9995
2025-12-26 06:47:09+00:00,0.9995
2025-12-26 06:48:09+00:00,0.9995
2025-12-26 06:49:09+00:00,0.9995
2025-12-26 06:50:10+00:00,0.9995
2025-12-26 06:51:09+00:00,0.9995
2025-12-26 06:52:09+00:00,0.9995
2025-12-26 06:53:09+00:00,0.9995
2025-12-26 06:54:09+00:00,0.9995
2025-12-26 06:55:09+00:00,0.9995
2025-12-26 06:56:09+00:00,0.9995
2025-12-26 06:57:09+00:00,0.9995
2025-12-26 06:58:09+00:00,0.9995
2025-12-26 06:59:08+00:00,0.9995
2025-12-26 07:00:10+00:00,0.9995
2025-12-26 07:01:20+00:00,0.9995
2025-12-26 07:02:09+00:00,0.9995
2025-12-26 07:03:08+00:00,0.9995
2025-12-26 07:04:09+00:00,0.9995
2025-12-26 07:05:11+00:00,0.9995
2025-12-26 07:06:08+00:00,0.9995
2025-12-26 07:07:09+00:00,0.9995
2025-12-26 07:08:08+00:00,0.9995
2025-12-26 07:09:09+00:00,0.9995
2025-12-26 07:10:10+00:00,0.9995
2025-12-26 07:11:09+00:00,0.9995
2025-12-26 07:12:09+00:00,0.9995
2025-12-26 07:13:09+00:00,0.9995
2025-12-26 07:14:09+00:00,0.9995
2025-12-26 07:15:09+00:00,0.9995
2025-12-26 07:16:14+00:00,0.9995
2025-12-26 07:17:09+00:00,0.9995
2025-12-26 07:18:09+00:00,0.9995
2025-12-26 07:19:09+00:00,0.9995
2025-12-26 07:20:10+00:00,0.9995
2025-12-26 07:21:09+00:00,0.9995
2025-12-26 07:22:09+00:00,0.9995
2025-12-26 07:23:09+00:00,0.9995
2025-12-26 07:24:09+00:00,0.9995
2025-12-26 07:25:09+00:00,0.9995
2025-12-26 07:26:18+00:00,0.9995
2025-12-26 07:27:09+00:00,0.9995
2025-12-26 07:28:09+00:00,0.9995
2025-12-26 07:29:09+00:00,0.9995
2025-12-26 07:30:12+00:00,0.9995
2025-12-26 07:31:09+00:00,0.9995
2025-12-26 07:32:09+00:00,0.9995
2025-12-26 07:33:10+00:00,0.9995
2025-12-26 07:34:09+00:00,0.9995
2025-12-26 07:35:10+00:00,0.9995
2025-12-26 07:36:10+00:00,0.9995
2025-12-26 07:37:09+00:00,0.9995
2025-12-26 07:38:09+00:00,0.9995
2025-12-26 07:39:09+00:00,0.9995
2025-12-26 07:40:10+00:00,0.9995
2025-12-26 07:41:09+00:00,0.9995
2025-12-26 07:42:08+00:00,0.9995
2025-12-26 07:43:08+00:00,0.9995
2025-12-26 07:44:08+00:00,0.9995
2025-12-26 07:45:10+00:00,0.9995
2025-12-26 07:46:09+00:00,0.9995
2025-12-26 07:47:08+00:00,0.9995
2025-12-26 07:48:09+00:00,0.9995
2025-12-26 07:49:09+00:00,0.9995
2025-12-26 07:50:10+00:00,0.9995
2025-12-26 07:51:09+00:00,0.9995
2025-12-26 07:52:19+00:00,0.9995
2025-12-26 07:53:09+00:00,0.9995
2025-12-26 07:54:09+00:00,0.9995
2025-12-26 07:55:11+00:00,0.9995
2025-12-26 07:56:08+00:00,0.9995
2025-12-26 07:57:09+00:00,0.9995
2025-12-26 07:58:09+00:00,0.9995
2025-12-26 07:59:09+00:00,0.9995
2025-12-26 08:00:11+00:00,0.9995
2025-12-26 08:01:09+00:00,0.9995
2025-12-26 08:02:09+00:00,0.9995
2025-12-26 08:03:09+00:00,0.9995
2025-12-26 08:04:08+00:00,0.9995
2025-12-26 08:05:10+00:00,0.9995
2025-12-26 08:06:09+00:00,0.9995
2025-12-26 08:07:09+00:00,0.9995
2025-12-26 08:08:09+00:00,0.9995
2025-12-26 08:09:09+00:00,0.9995
2025-12-26 08:10:10+00:00,0.9995
2025-12-26 08:11:09+00:00,0.9995
2025-12-26 08:12:09+00:00,0.9995
2025-12-26 08:13:09+00:00,0.9995
2025-12-26 08:14:09+00:00,0.9995
2025-12-26 08:15:09+00:00,0.9995
2025-12-26 08:16:09+00:00,0.9995
2025-12-26 08:17:09+00:00,0.9995
2025-12-26 08:18:18+00:00,0.9995
2025-12-26 08:19:08+00:00,0.9995
2025-12-26 08:20:11+00:00,0.9995
2025-12-26 08:21:08+00:00,0.9995
2025-12-26 08:22:09+00:00,0.9995
2025-12-26 08:23:09+00:00,0.9995
2025-12-26 08:24:09+00:00,0.9995
2025-12-26 08:25:20+00:00,0.9995
2025-12-26 08:26:09+00:00,0.9995
2025-12-26 08:27:09+00:00,0.9995
2025-12-26 08:28:08+00:00,0.9995
2025-12-26 08:29:09+00:00,0.9995
2025-12-26 08:30:10+00:00,0.9995
2025-12-26 08:31:09+00:00,0.9995
2025-12-26 08:32:09+00:00,0.9995
2025-12-26 08:33:09+00:00,0.9995
2025-12-26 08:34:09+00:00,0.9995
2025-12-26 08:35:09+00:00,0.9995
2025-12-26 08:36:09+00:00,0.9995
2025-12-26 08:37:09+00:00,0.9995
2025-12-26 08:38:08+00:00,0.9995
2025-12-26 08:39:09+00:00,0.9995
2025-12-26 08:40:10+00:00,0.9995
2025-12-26 08:41:09+00:00,0.9995
2025-12-26 08:42:08+00:00,0.9995
2025-12-26 08:43:09+00:00,0.9995
2025-12-26 08:44:09+00:00,0.9995
2025-12-26 08:45:09+00:00,0.9995
2025-12-26 08:46:09+00:00,0.9995
2025-12-26 08:47:09+00:00,0.9995
2025-12-26 08:48:10+00:00,0.9995
2025-12-26 08:49:09+00:00,0.9995
2025-12-26 08:50:10+00:00,0.9995
2025-12-26 08:51:19+00:00,0.9995
2025-12-26 08:52:09+00:00,0.9995
2025-12-26 08:53:09+00:00,0.9995
2025-12-26 08:54:09+00:00,0.9995
2025-12-26 08:55:11+00:00,0.9995
